hybrid_id, fec,vmm,ch,pulser_dac,pulser_mV,threshold_dac,threshold_mV,time,counts,rate
025040107410003168d2a000a00000e2,2,3,0,322,265,600,488,1.00123,10761,10.7478
025040107410003168d2a000a00000e2,2,3,1,322,265,600,488,1.00123,10808,10.7948
025040107410003168d2a000a00000e2,2,3,2,322,265,600,488,1.00123,10798,10.7848
025040107410003168d2a000a00000e2,2,3,3,322,265,600,488,1.00123,10816,10.8028
025040107410003168d2a000a00000e2,2,3,4,322,265,600,488,1.00123,10811,10.7978
025040107410003168d2a000a00000e2,2,3,5,322,265,600,488,1.00123,10806,10.7928
025040107410003168d2a000a00000e2,2,3,6,322,265,600,488,1.00123,10790,10.7768
025040107410003168d2a000a00000e2,2,3,7,322,265,600,488,1.00123,10811,10.7978
025040107410003168d2a000a00000e2,2,3,8,322,265,600,488,1.00123,10810,10.7968
025040107410003168d2a000a00000e2,2,3,9,322,265,600,488,1.00123,10816,10.8028
025040107410003168d2a000a00000e2,2,3,10,322,265,600,488,1.00123,10791,10.7778
025040107410003168d2a000a00000e2,2,3,11,322,265,600,488,1.00123,10816,10.8028
025040107410003168d2a000a00000e2,2,3,12,322,265,600,488,1.00123,10811,10.7978
025040107410003168d2a000a00000e2,2,3,13,322,265,600,488,1.00123,10816,10.8028
025040107410003168d2a000a00000e2,2,3,14,322,265,600,488,1.00123,10803,10.7898
025040107410003168d2a000a00000e2,2,3,15,322,265,600,488,1.00123,10817,10.8038
025040107410003168d2a000a00000e2,2,3,16,322,265,600,488,1.00123,10809,10.7958
025040107410003168d2a000a00000e2,2,3,17,322,265,600,488,1.00123,10817,10.8038
025040107410003168d2a000a00000e2,2,3,18,322,265,600,488,1.00123,10808,10.7948
025040107410003168d2a000a00000e2,2,3,19,322,265,600,488,1.00123,10813,10.7998
025040107410003168d2a000a00000e2,2,3,20,322,265,600,488,1.00123,10805,10.7918
025040107410003168d2a000a00000e2,2,3,21,322,265,600,488,1.00123,10817,10.8038
025040107410003168d2a000a00000e2,2,3,22,322,265,600,488,1.00123,10811,10.7978
025040107410003168d2a000a00000e2,2,3,23,322,265,600,488,1.00123,10817,10.8038
025040107410003168d2a000a00000e2,2,3,24,322,265,600,488,1.00123,10814,10.8008
025040107410003168d2a000a00000e2,2,3,25,322,265,600,488,1.00123,10817,10.8038
025040107410003168d2a000a00000e2,2,3,26,322,265,600,488,1.00123,10817,10.8038
025040107410003168d2a000a00000e2,2,3,27,322,265,600,488,1.00123,10817,10.8038
025040107410003168d2a000a00000e2,2,3,28,322,265,600,488,1.00123,10809,10.7958
025040107410003168d2a000a00000e2,2,3,29,322,265,600,488,1.00123,10817,10.8038
025040107410003168d2a000a00000e2,2,3,30,322,265,600,488,1.00123,10808,10.7948
025040107410003168d2a000a00000e2,2,3,31,322,265,600,488,1.00123,10817,10.8038
025040107410003168d2a000a00000e2,2,3,32,322,265,600,488,1.00123,10812,10.7988
025040107410003168d2a000a00000e2,2,3,33,322,265,600,488,1.00123,10817,10.8038
025040107410003168d2a000a00000e2,2,3,34,322,265,600,488,1.00123,10810,10.7968
025040107410003168d2a000a00000e2,2,3,35,322,265,600,488,1.00123,10817,10.8038
025040107410003168d2a000a00000e2,2,3,36,322,265,600,488,1.00123,10815,10.8018
025040107410003168d2a000a00000e2,2,3,37,322,265,600,488,1.00123,10817,10.8038
025040107410003168d2a000a00000e2,2,3,38,322,265,600,488,1.00123,10811,10.7978
025040107410003168d2a000a00000e2,2,3,39,322,265,600,488,1.00123,10817,10.8038
025040107410003168d2a000a00000e2,2,3,40,322,265,600,488,1.00123,10817,10.8038
025040107410003168d2a000a00000e2,2,3,41,322,265,600,488,1.00123,10817,10.8038
025040107410003168d2a000a00000e2,2,3,42,322,265,600,488,1.00123,10813,10.7998
025040107410003168d2a000a00000e2,2,3,43,322,265,600,488,1.00123,10817,10.8038
025040107410003168d2a000a00000e2,2,3,44,322,265,600,488,1.00123,10817,10.8038
025040107410003168d2a000a00000e2,2,3,45,322,265,600,488,1.00123,10817,10.8038
025040107410003168d2a000a00000e2,2,3,46,322,265,600,488,1.00123,10817,10.8038
025040107410003168d2a000a00000e2,2,3,47,322,265,600,488,1.00123,10817,10.8038
025040107410003168d2a000a00000e2,2,3,48,322,265,600,488,1.00123,10816,10.8028
025040107410003168d2a000a00000e2,2,3,49,322,265,600,488,1.00123,10817,10.8038
025040107410003168d2a000a00000e2,2,3,50,322,265,600,488,1.00123,10817,10.8038
025040107410003168d2a000a00000e2,2,3,51,322,265,600,488,1.00123,10817,10.8038
025040107410003168d2a000a00000e2,2,3,52,322,265,600,488,1.00123,10817,10.8038
025040107410003168d2a000a00000e2,2,3,53,322,265,600,488,1.00123,10817,10.8038
025040107410003168d2a000a00000e2,2,3,54,322,265,600,488,1.00123,10817,10.8038
025040107410003168d2a000a00000e2,2,3,55,322,265,600,488,1.00123,10817,10.8038
025040107410003168d2a000a00000e2,2,3,56,322,265,600,488,1.00123,10817,10.8038
025040107410003168d2a000a00000e2,2,3,57,322,265,600,488,1.00123,10817,10.8038
025040107410003168d2a000a00000e2,2,3,58,322,265,600,488,1.00123,10817,10.8038
025040107410003168d2a000a00000e2,2,3,59,322,265,600,488,1.00123,10816,10.8028
025040107410003168d2a000a00000e2,2,3,60,322,265,600,488,1.00123,10809,10.7958
025040107410003168d2a000a00000e2,2,3,61,322,265,600,488,1.00123,10816,10.8028
025040107410003168d2a000a00000e2,2,3,62,322,265,600,488,1.00123,10816,10.8028
025040107410003168d2a000a00000e2,2,3,63,322,265,600,488,1.00123,10816,10.8028
025040107410003168d2a000a00000e2,2,3,0,322,265,601,489,1.00123,10698,10.6849
025040107410003168d2a000a00000e2,2,3,1,322,265,601,489,1.00123,10756,10.7428
025040107410003168d2a000a00000e2,2,3,2,322,265,601,489,1.00123,10739,10.7258
025040107410003168d2a000a00000e2,2,3,3,322,265,601,489,1.00123,10771,10.7578
025040107410003168d2a000a00000e2,2,3,4,322,265,601,489,1.00123,10764,10.7508
025040107410003168d2a000a00000e2,2,3,5,322,265,601,489,1.00123,10752,10.7388
025040107410003168d2a000a00000e2,2,3,6,322,265,601,489,1.00123,10724,10.7109
025040107410003168d2a000a00000e2,2,3,7,322,265,601,489,1.00123,10760,10.7468
025040107410003168d2a000a00000e2,2,3,8,322,265,601,489,1.00123,10758,10.7448
025040107410003168d2a000a00000e2,2,3,9,322,265,601,489,1.00123,10771,10.7578
025040107410003168d2a000a00000e2,2,3,10,322,265,601,489,1.00123,10728,10.7149
025040107410003168d2a000a00000e2,2,3,11,322,265,601,489,1.00123,10770,10.7568
025040107410003168d2a000a00000e2,2,3,12,322,265,601,489,1.00123,10764,10.7508
025040107410003168d2a000a00000e2,2,3,13,322,265,601,489,1.00123,10773,10.7598
025040107410003168d2a000a00000e2,2,3,14,322,265,601,489,1.00123,10748,10.7348
025040107410003168d2a000a00000e2,2,3,15,322,265,601,489,1.00123,10774,10.7608
025040107410003168d2a000a00000e2,2,3,16,322,265,601,489,1.00123,10759,10.7458
025040107410003168d2a000a00000e2,2,3,17,322,265,601,489,1.00123,10774,10.7608
025040107410003168d2a000a00000e2,2,3,18,322,265,601,489,1.00123,10758,10.7448
025040107410003168d2a000a00000e2,2,3,19,322,265,601,489,1.00123,10768,10.7548
025040107410003168d2a000a00000e2,2,3,20,322,265,601,489,1.00123,10753,10.7398
025040107410003168d2a000a00000e2,2,3,21,322,265,601,489,1.00123,10774,10.7608
025040107410003168d2a000a00000e2,2,3,22,322,265,601,489,1.00123,10760,10.7468
025040107410003168d2a000a00000e2,2,3,23,322,265,601,489,1.00123,10774,10.7608
025040107410003168d2a000a00000e2,2,3,24,322,265,601,489,1.00123,10769,10.7558
025040107410003168d2a000a00000e2,2,3,25,322,265,601,489,1.00123,10774,10.7608
025040107410003168d2a000a00000e2,2,3,26,322,265,601,489,1.00123,10774,10.7608
025040107410003168d2a000a00000e2,2,3,27,322,265,601,489,1.00123,10774,10.7608
025040107410003168d2a000a00000e2,2,3,28,322,265,601,489,1.00123,10759,10.7458
025040107410003168d2a000a00000e2,2,3,29,322,265,601,489,1.00123,10773,10.7598
025040107410003168d2a000a00000e2,2,3,30,322,265,601,489,1.00123,10755,10.7418
025040107410003168d2a000a00000e2,2,3,31,322,265,601,489,1.00123,10774,10.7608
025040107410003168d2a000a00000e2,2,3,32,322,265,601,489,1.00123,10766,10.7528
025040107410003168d2a000a00000e2,2,3,33,322,265,601,489,1.00123,10774,10.7608
025040107410003168d2a000a00000e2,2,3,34,322,265,601,489,1.00123,10761,10.7478
025040107410003168d2a000a00000e2,2,3,35,322,265,601,489,1.00123,10774,10.7608
025040107410003168d2a000a00000e2,2,3,36,322,265,601,489,1.00123,10772,10.7588
025040107410003168d2a000a00000e2,2,3,37,322,265,601,489,1.00123,10774,10.7608
025040107410003168d2a000a00000e2,2,3,38,322,265,601,489,1.00123,10763,10.7498
025040107410003168d2a000a00000e2,2,3,39,322,265,601,489,1.00123,10774,10.7608
025040107410003168d2a000a00000e2,2,3,40,322,265,601,489,1.00123,10774,10.7608
025040107410003168d2a000a00000e2,2,3,41,322,265,601,489,1.00123,10774,10.7608
025040107410003168d2a000a00000e2,2,3,42,322,265,601,489,1.00123,10768,10.7548
025040107410003168d2a000a00000e2,2,3,43,322,265,601,489,1.00123,10774,10.7608
025040107410003168d2a000a00000e2,2,3,44,322,265,601,489,1.00123,10773,10.7598
025040107410003168d2a000a00000e2,2,3,45,322,265,601,489,1.00123,10774,10.7608
025040107410003168d2a000a00000e2,2,3,46,322,265,601,489,1.00123,10774,10.7608
025040107410003168d2a000a00000e2,2,3,47,322,265,601,489,1.00123,10774,10.7608
025040107410003168d2a000a00000e2,2,3,48,322,265,601,489,1.00123,10773,10.7598
025040107410003168d2a000a00000e2,2,3,49,322,265,601,489,1.00123,10774,10.7608
025040107410003168d2a000a00000e2,2,3,50,322,265,601,489,1.00123,10774,10.7608
025040107410003168d2a000a00000e2,2,3,51,322,265,601,489,1.00123,10774,10.7608
025040107410003168d2a000a00000e2,2,3,52,322,265,601,489,1.00123,10773,10.7598
025040107410003168d2a000a00000e2,2,3,53,322,265,601,489,1.00123,10774,10.7608
025040107410003168d2a000a00000e2,2,3,54,322,265,601,489,1.00123,10774,10.7608
025040107410003168d2a000a00000e2,2,3,55,322,265,601,489,1.00123,10774,10.7608
025040107410003168d2a000a00000e2,2,3,56,322,265,601,489,1.00123,10774,10.7608
025040107410003168d2a000a00000e2,2,3,57,322,265,601,489,1.00123,10774,10.7608
025040107410003168d2a000a00000e2,2,3,58,322,265,601,489,1.00123,10774,10.7608
025040107410003168d2a000a00000e2,2,3,59,322,265,601,489,1.00123,10774,10.7608
025040107410003168d2a000a00000e2,2,3,60,322,265,601,489,1.00123,10762,10.7488
025040107410003168d2a000a00000e2,2,3,61,322,265,601,489,1.00123,10774,10.7608
025040107410003168d2a000a00000e2,2,3,62,322,265,601,489,1.00123,10773,10.7598
025040107410003168d2a000a00000e2,2,3,63,322,265,601,489,1.00123,10774,10.7608
025040107410003168d2a000a00000e2,2,3,0,322,265,602,490,1.00123,10734,10.7209
025040107410003168d2a000a00000e2,2,3,1,322,265,602,490,1.00123,10785,10.7718
025040107410003168d2a000a00000e2,2,3,2,322,265,602,490,1.00123,10773,10.7598
025040107410003168d2a000a00000e2,2,3,3,322,265,602,490,1.00123,10791,10.7778
025040107410003168d2a000a00000e2,2,3,4,322,265,602,490,1.00123,10791,10.7778
025040107410003168d2a000a00000e2,2,3,5,322,265,602,490,1.00123,10783,10.7698
025040107410003168d2a000a00000e2,2,3,6,322,265,602,490,1.00123,10761,10.7478
025040107410003168d2a000a00000e2,2,3,7,322,265,602,490,1.00123,10788,10.7748
025040107410003168d2a000a00000e2,2,3,8,322,265,602,490,1.00123,10786,10.7728
025040107410003168d2a000a00000e2,2,3,9,322,265,602,490,1.00123,10793,10.7798
025040107410003168d2a000a00000e2,2,3,10,322,265,602,490,1.00123,10764,10.7508
025040107410003168d2a000a00000e2,2,3,11,322,265,602,490,1.00123,10791,10.7778
025040107410003168d2a000a00000e2,2,3,12,322,265,602,490,1.00123,10789,10.7758
025040107410003168d2a000a00000e2,2,3,13,322,265,602,490,1.00123,10792,10.7788
025040107410003168d2a000a00000e2,2,3,14,322,265,602,490,1.00123,10776,10.7628
025040107410003168d2a000a00000e2,2,3,15,322,265,602,490,1.00123,10795,10.7818
025040107410003168d2a000a00000e2,2,3,16,322,265,602,490,1.00123,10789,10.7758
025040107410003168d2a000a00000e2,2,3,17,322,265,602,490,1.00123,10795,10.7818
025040107410003168d2a000a00000e2,2,3,18,322,265,602,490,1.00123,10785,10.7718
025040107410003168d2a000a00000e2,2,3,19,322,265,602,490,1.00123,10793,10.7798
025040107410003168d2a000a00000e2,2,3,20,322,265,602,490,1.00123,10780,10.7668
025040107410003168d2a000a00000e2,2,3,21,322,265,602,490,1.00123,10795,10.7818
025040107410003168d2a000a00000e2,2,3,22,322,265,602,490,1.00123,10786,10.7728
025040107410003168d2a000a00000e2,2,3,23,322,265,602,490,1.00123,10794,10.7808
025040107410003168d2a000a00000e2,2,3,24,322,265,602,490,1.00123,10792,10.7788
025040107410003168d2a000a00000e2,2,3,25,322,265,602,490,1.00123,10794,10.7808
025040107410003168d2a000a00000e2,2,3,26,322,265,602,490,1.00123,10793,10.7798
025040107410003168d2a000a00000e2,2,3,27,322,265,602,490,1.00123,10793,10.7798
025040107410003168d2a000a00000e2,2,3,28,322,265,602,490,1.00123,10785,10.7718
025040107410003168d2a000a00000e2,2,3,29,322,265,602,490,1.00123,10793,10.7798
025040107410003168d2a000a00000e2,2,3,30,322,265,602,490,1.00123,10781,10.7678
025040107410003168d2a000a00000e2,2,3,31,322,265,602,490,1.00123,10794,10.7808
025040107410003168d2a000a00000e2,2,3,32,322,265,602,490,1.00123,10792,10.7788
025040107410003168d2a000a00000e2,2,3,33,322,265,602,490,1.00123,10794,10.7808
025040107410003168d2a000a00000e2,2,3,34,322,265,602,490,1.00123,10788,10.7748
025040107410003168d2a000a00000e2,2,3,35,322,265,602,490,1.00123,10794,10.7808
025040107410003168d2a000a00000e2,2,3,36,322,265,602,490,1.00123,10792,10.7788
025040107410003168d2a000a00000e2,2,3,37,322,265,602,490,1.00123,10794,10.7808
025040107410003168d2a000a00000e2,2,3,38,322,265,602,490,1.00123,10788,10.7748
025040107410003168d2a000a00000e2,2,3,39,322,265,602,490,1.00123,10794,10.7808
025040107410003168d2a000a00000e2,2,3,40,322,265,602,490,1.00123,10793,10.7798
025040107410003168d2a000a00000e2,2,3,41,322,265,602,490,1.00123,10794,10.7808
025040107410003168d2a000a00000e2,2,3,42,322,265,602,490,1.00123,10792,10.7788
025040107410003168d2a000a00000e2,2,3,43,322,265,602,490,1.00123,10794,10.7808
025040107410003168d2a000a00000e2,2,3,44,322,265,602,490,1.00123,10792,10.7788
025040107410003168d2a000a00000e2,2,3,45,322,265,602,490,1.00123,10794,10.7808
025040107410003168d2a000a00000e2,2,3,46,322,265,602,490,1.00123,10794,10.7808
025040107410003168d2a000a00000e2,2,3,47,322,265,602,490,1.00123,10794,10.7808
025040107410003168d2a000a00000e2,2,3,48,322,265,602,490,1.00123,10793,10.7798
025040107410003168d2a000a00000e2,2,3,49,322,265,602,490,1.00123,10794,10.7808
025040107410003168d2a000a00000e2,2,3,50,322,265,602,490,1.00123,10794,10.7808
025040107410003168d2a000a00000e2,2,3,51,322,265,602,490,1.00123,10794,10.7808
025040107410003168d2a000a00000e2,2,3,52,322,265,602,490,1.00123,10793,10.7798
025040107410003168d2a000a00000e2,2,3,53,322,265,602,490,1.00123,10794,10.7808
025040107410003168d2a000a00000e2,2,3,54,322,265,602,490,1.00123,10794,10.7808
025040107410003168d2a000a00000e2,2,3,55,322,265,602,490,1.00123,10794,10.7808
025040107410003168d2a000a00000e2,2,3,56,322,265,602,490,1.00123,10794,10.7808
025040107410003168d2a000a00000e2,2,3,57,322,265,602,490,1.00123,10795,10.7818
025040107410003168d2a000a00000e2,2,3,58,322,265,602,490,1.00123,10795,10.7818
025040107410003168d2a000a00000e2,2,3,59,322,265,602,490,1.00123,10795,10.7818
025040107410003168d2a000a00000e2,2,3,60,322,265,602,490,1.00123,10786,10.7728
025040107410003168d2a000a00000e2,2,3,61,322,265,602,490,1.00123,10795,10.7818
025040107410003168d2a000a00000e2,2,3,62,322,265,602,490,1.00123,10793,10.7798
025040107410003168d2a000a00000e2,2,3,63,322,265,602,490,1.00123,10795,10.7818
025040107410003168d2a000a00000e2,2,3,0,322,265,603,490,1.00123,10736,10.7229
025040107410003168d2a000a00000e2,2,3,1,322,265,603,490,1.00123,10797,10.7838
025040107410003168d2a000a00000e2,2,3,2,322,265,603,490,1.00123,10779,10.7658
025040107410003168d2a000a00000e2,2,3,3,322,265,603,490,1.00123,10818,10.8048
025040107410003168d2a000a00000e2,2,3,4,322,265,603,490,1.00123,10807,10.7938
025040107410003168d2a000a00000e2,2,3,5,322,265,603,490,1.00123,10795,10.7818
025040107410003168d2a000a00000e2,2,3,6,322,265,603,490,1.00123,10769,10.7558
025040107410003168d2a000a00000e2,2,3,7,322,265,603,490,1.00123,10802,10.7888
025040107410003168d2a000a00000e2,2,3,8,322,265,603,490,1.00123,10803,10.7898
025040107410003168d2a000a00000e2,2,3,9,322,265,603,490,1.00123,10823,10.8097
025040107410003168d2a000a00000e2,2,3,10,322,265,603,490,1.00123,10769,10.7558
025040107410003168d2a000a00000e2,2,3,11,322,265,603,490,1.00123,10820,10.8067
025040107410003168d2a000a00000e2,2,3,12,322,265,603,490,1.00123,10808,10.7948
025040107410003168d2a000a00000e2,2,3,13,322,265,603,490,1.00123,10821,10.8077
025040107410003168d2a000a00000e2,2,3,14,322,265,603,490,1.00123,10788,10.7748
025040107410003168d2a000a00000e2,2,3,15,322,265,603,490,1.00123,10823,10.8097
025040107410003168d2a000a00000e2,2,3,16,322,265,603,490,1.00123,10801,10.7878
025040107410003168d2a000a00000e2,2,3,17,322,265,603,490,1.00123,10824,10.8107
025040107410003168d2a000a00000e2,2,3,18,322,265,603,490,1.00123,10798,10.7848
025040107410003168d2a000a00000e2,2,3,19,322,265,603,490,1.00123,10812,10.7988
025040107410003168d2a000a00000e2,2,3,20,322,265,603,490,1.00123,10790,10.7768
025040107410003168d2a000a00000e2,2,3,21,322,265,603,490,1.00123,10824,10.8107
025040107410003168d2a000a00000e2,2,3,22,322,265,603,490,1.00123,10803,10.7898
025040107410003168d2a000a00000e2,2,3,23,322,265,603,490,1.00123,10824,10.8107
025040107410003168d2a000a00000e2,2,3,24,322,265,603,490,1.00123,10817,10.8038
025040107410003168d2a000a00000e2,2,3,25,322,265,603,490,1.00123,10824,10.8107
025040107410003168d2a000a00000e2,2,3,26,322,265,603,490,1.00123,10822,10.8087
025040107410003168d2a000a00000e2,2,3,27,322,265,603,490,1.00123,10824,10.8107
025040107410003168d2a000a00000e2,2,3,28,322,265,603,490,1.00123,10798,10.7848
025040107410003168d2a000a00000e2,2,3,29,322,265,603,490,1.00123,10819,10.8057
025040107410003168d2a000a00000e2,2,3,30,322,265,603,490,1.00123,10794,10.7808
025040107410003168d2a000a00000e2,2,3,31,322,265,603,490,1.00123,10824,10.8107
025040107410003168d2a000a00000e2,2,3,32,322,265,603,490,1.00123,10813,10.7998
025040107410003168d2a000a00000e2,2,3,33,322,265,603,490,1.00123,10824,10.8107
025040107410003168d2a000a00000e2,2,3,34,322,265,603,490,1.00123,10801,10.7878
025040107410003168d2a000a00000e2,2,3,35,322,265,603,490,1.00123,10824,10.8107
025040107410003168d2a000a00000e2,2,3,36,322,265,603,490,1.00123,10819,10.8057
025040107410003168d2a000a00000e2,2,3,37,322,265,603,490,1.00123,10824,10.8107
025040107410003168d2a000a00000e2,2,3,38,322,265,603,490,1.00123,10804,10.7908
025040107410003168d2a000a00000e2,2,3,39,322,265,603,490,1.00123,10824,10.8107
025040107410003168d2a000a00000e2,2,3,40,322,265,603,490,1.00123,10821,10.8077
025040107410003168d2a000a00000e2,2,3,41,322,265,603,490,1.00123,10824,10.8107
025040107410003168d2a000a00000e2,2,3,42,322,265,603,490,1.00123,10813,10.7998
025040107410003168d2a000a00000e2,2,3,43,322,265,603,490,1.00123,10824,10.8107
025040107410003168d2a000a00000e2,2,3,44,322,265,603,490,1.00123,10819,10.8057
025040107410003168d2a000a00000e2,2,3,45,322,265,603,490,1.00123,10824,10.8107
025040107410003168d2a000a00000e2,2,3,46,322,265,603,490,1.00123,10824,10.8107
025040107410003168d2a000a00000e2,2,3,47,322,265,603,490,1.00123,10824,10.8107
025040107410003168d2a000a00000e2,2,3,48,322,265,603,490,1.00123,10817,10.8038
025040107410003168d2a000a00000e2,2,3,49,322,265,603,490,1.00123,10824,10.8107
025040107410003168d2a000a00000e2,2,3,50,322,265,603,490,1.00123,10824,10.8107
025040107410003168d2a000a00000e2,2,3,51,322,265,603,490,1.00123,10824,10.8107
025040107410003168d2a000a00000e2,2,3,52,322,265,603,490,1.00123,10819,10.8057
025040107410003168d2a000a00000e2,2,3,53,322,265,603,490,1.00123,10824,10.8107
025040107410003168d2a000a00000e2,2,3,54,322,265,603,490,1.00123,10824,10.8107
025040107410003168d2a000a00000e2,2,3,55,322,265,603,490,1.00123,10824,10.8107
025040107410003168d2a000a00000e2,2,3,56,322,265,603,490,1.00123,10824,10.8107
025040107410003168d2a000a00000e2,2,3,57,322,265,603,490,1.00123,10824,10.8107
025040107410003168d2a000a00000e2,2,3,58,322,265,603,490,1.00123,10824,10.8107
025040107410003168d2a000a00000e2,2,3,59,322,265,603,490,1.00123,10824,10.8107
025040107410003168d2a000a00000e2,2,3,60,322,265,603,490,1.00123,10798,10.7848
025040107410003168d2a000a00000e2,2,3,61,322,265,603,490,1.00123,10825,10.8117
025040107410003168d2a000a00000e2,2,3,62,322,265,603,490,1.00123,10816,10.8028
025040107410003168d2a000a00000e2,2,3,63,322,265,603,490,1.00123,10824,10.8107
025040107410003168d2a000a00000e2,2,3,0,322,265,604,491,1.00123,10708,10.6949
025040107410003168d2a000a00000e2,2,3,1,322,265,604,491,1.00123,10756,10.7428
025040107410003168d2a000a00000e2,2,3,2,322,265,604,491,1.00123,10745,10.7318
025040107410003168d2a000a00000e2,2,3,3,322,265,604,491,1.00123,10767,10.7538
025040107410003168d2a000a00000e2,2,3,4,322,265,604,491,1.00123,10763,10.7498
025040107410003168d2a000a00000e2,2,3,5,322,265,604,491,1.00123,10757,10.7438
025040107410003168d2a000a00000e2,2,3,6,322,265,604,491,1.00123,10738,10.7248
025040107410003168d2a000a00000e2,2,3,7,322,265,604,491,1.00123,10760,10.7468
025040107410003168d2a000a00000e2,2,3,8,322,265,604,491,1.00123,10759,10.7458
025040107410003168d2a000a00000e2,2,3,9,322,265,604,491,1.00123,10772,10.7588
025040107410003168d2a000a00000e2,2,3,10,322,265,604,491,1.00123,10740,10.7268
025040107410003168d2a000a00000e2,2,3,11,322,265,604,491,1.00123,10767,10.7538
025040107410003168d2a000a00000e2,2,3,12,322,265,604,491,1.00123,10762,10.7488
025040107410003168d2a000a00000e2,2,3,13,322,265,604,491,1.00123,10771,10.7578
025040107410003168d2a000a00000e2,2,3,14,322,265,604,491,1.00123,10750,10.7368
025040107410003168d2a000a00000e2,2,3,15,322,265,604,491,1.00123,10774,10.7608
025040107410003168d2a000a00000e2,2,3,16,322,265,604,491,1.00123,10762,10.7488
025040107410003168d2a000a00000e2,2,3,17,322,265,604,491,1.00123,10774,10.7608
025040107410003168d2a000a00000e2,2,3,18,322,265,604,491,1.00123,10759,10.7458
025040107410003168d2a000a00000e2,2,3,19,322,265,604,491,1.00123,10767,10.7538
025040107410003168d2a000a00000e2,2,3,20,322,265,604,491,1.00123,10756,10.7428
025040107410003168d2a000a00000e2,2,3,21,322,265,604,491,1.00123,10774,10.7608
025040107410003168d2a000a00000e2,2,3,22,322,265,604,491,1.00123,10761,10.7478
025040107410003168d2a000a00000e2,2,3,23,322,265,604,491,1.00123,10774,10.7608
025040107410003168d2a000a00000e2,2,3,24,322,265,604,491,1.00123,10768,10.7548
025040107410003168d2a000a00000e2,2,3,25,322,265,604,491,1.00123,10774,10.7608
025040107410003168d2a000a00000e2,2,3,26,322,265,604,491,1.00123,10771,10.7578
025040107410003168d2a000a00000e2,2,3,27,322,265,604,491,1.00123,10770,10.7568
025040107410003168d2a000a00000e2,2,3,28,322,265,604,491,1.00123,10761,10.7478
025040107410003168d2a000a00000e2,2,3,29,322,265,604,491,1.00123,10769,10.7558
025040107410003168d2a000a00000e2,2,3,30,322,265,604,491,1.00123,10757,10.7438
025040107410003168d2a000a00000e2,2,3,31,322,265,604,491,1.00123,10774,10.7608
025040107410003168d2a000a00000e2,2,3,32,322,265,604,491,1.00123,10767,10.7538
025040107410003168d2a000a00000e2,2,3,33,322,265,604,491,1.00123,10774,10.7608
025040107410003168d2a000a00000e2,2,3,34,322,265,604,491,1.00123,10762,10.7488
025040107410003168d2a000a00000e2,2,3,35,322,265,604,491,1.00123,10774,10.7608
025040107410003168d2a000a00000e2,2,3,36,322,265,604,491,1.00123,10768,10.7548
025040107410003168d2a000a00000e2,2,3,37,322,265,604,491,1.00123,10774,10.7608
025040107410003168d2a000a00000e2,2,3,38,322,265,604,491,1.00123,10763,10.7498
025040107410003168d2a000a00000e2,2,3,39,322,265,604,491,1.00123,10774,10.7608
025040107410003168d2a000a00000e2,2,3,40,322,265,604,491,1.00123,10769,10.7558
025040107410003168d2a000a00000e2,2,3,41,322,265,604,491,1.00123,10774,10.7608
025040107410003168d2a000a00000e2,2,3,42,322,265,604,491,1.00123,10768,10.7548
025040107410003168d2a000a00000e2,2,3,43,322,265,604,491,1.00123,10774,10.7608
025040107410003168d2a000a00000e2,2,3,44,322,265,604,491,1.00123,10769,10.7558
025040107410003168d2a000a00000e2,2,3,45,322,265,604,491,1.00123,10774,10.7608
025040107410003168d2a000a00000e2,2,3,46,322,265,604,491,1.00123,10773,10.7598
025040107410003168d2a000a00000e2,2,3,47,322,265,604,491,1.00123,10774,10.7608
025040107410003168d2a000a00000e2,2,3,48,322,265,604,491,1.00123,10769,10.7558
025040107410003168d2a000a00000e2,2,3,49,322,265,604,491,1.00123,10774,10.7608
025040107410003168d2a000a00000e2,2,3,50,322,265,604,491,1.00123,10774,10.7608
025040107410003168d2a000a00000e2,2,3,51,322,265,604,491,1.00123,10774,10.7608
025040107410003168d2a000a00000e2,2,3,52,322,265,604,491,1.00123,10769,10.7558
025040107410003168d2a000a00000e2,2,3,53,322,265,604,491,1.00123,10774,10.7608
025040107410003168d2a000a00000e2,2,3,54,322,265,604,491,1.00123,10772,10.7588
025040107410003168d2a000a00000e2,2,3,55,322,265,604,491,1.00123,10774,10.7608
025040107410003168d2a000a00000e2,2,3,56,322,265,604,491,1.00123,10774,10.7608
025040107410003168d2a000a00000e2,2,3,57,322,265,604,491,1.00123,10773,10.7598
025040107410003168d2a000a00000e2,2,3,58,322,265,604,491,1.00123,10773,10.7598
025040107410003168d2a000a00000e2,2,3,59,322,265,604,491,1.00123,10773,10.7598
025040107410003168d2a000a00000e2,2,3,60,322,265,604,491,1.00123,10757,10.7438
025040107410003168d2a000a00000e2,2,3,61,322,265,604,491,1.00123,10772,10.7588
025040107410003168d2a000a00000e2,2,3,62,322,265,604,491,1.00123,10768,10.7548
025040107410003168d2a000a00000e2,2,3,63,322,265,604,491,1.00123,10773,10.7598
025040107410003168d2a000a00000e2,2,3,0,322,265,605,492,1.00123,10747,10.7338
025040107410003168d2a000a00000e2,2,3,1,322,265,605,492,1.00123,10800,10.7868
025040107410003168d2a000a00000e2,2,3,2,322,265,605,492,1.00123,10789,10.7758
025040107410003168d2a000a00000e2,2,3,3,322,265,605,492,1.00123,10817,10.8038
025040107410003168d2a000a00000e2,2,3,4,322,265,605,492,1.00123,10812,10.7988
025040107410003168d2a000a00000e2,2,3,5,322,265,605,492,1.00123,10798,10.7848
025040107410003168d2a000a00000e2,2,3,6,322,265,605,492,1.00123,10785,10.7718
025040107410003168d2a000a00000e2,2,3,7,322,265,605,492,1.00123,10804,10.7908
025040107410003168d2a000a00000e2,2,3,8,322,265,605,492,1.00123,10806,10.7928
025040107410003168d2a000a00000e2,2,3,9,322,265,605,492,1.00123,10820,10.8067
025040107410003168d2a000a00000e2,2,3,10,322,265,605,492,1.00123,10783,10.7698
025040107410003168d2a000a00000e2,2,3,11,322,265,605,492,1.00123,10816,10.8028
025040107410003168d2a000a00000e2,2,3,12,322,265,605,492,1.00123,10810,10.7968
025040107410003168d2a000a00000e2,2,3,13,322,265,605,492,1.00123,10819,10.8057
025040107410003168d2a000a00000e2,2,3,14,322,265,605,492,1.00123,10795,10.7818
025040107410003168d2a000a00000e2,2,3,15,322,265,605,492,1.00123,10820,10.8067
025040107410003168d2a000a00000e2,2,3,16,322,265,605,492,1.00123,10805,10.7918
025040107410003168d2a000a00000e2,2,3,17,322,265,605,492,1.00123,10821,10.8077
025040107410003168d2a000a00000e2,2,3,18,322,265,605,492,1.00123,10803,10.7898
025040107410003168d2a000a00000e2,2,3,19,322,265,605,492,1.00123,10815,10.8018
025040107410003168d2a000a00000e2,2,3,20,322,265,605,492,1.00123,10797,10.7838
025040107410003168d2a000a00000e2,2,3,21,322,265,605,492,1.00123,10821,10.8077
025040107410003168d2a000a00000e2,2,3,22,322,265,605,492,1.00123,10802,10.7888
025040107410003168d2a000a00000e2,2,3,23,322,265,605,492,1.00123,10821,10.8077
025040107410003168d2a000a00000e2,2,3,24,322,265,605,492,1.00123,10815,10.8018
025040107410003168d2a000a00000e2,2,3,25,322,265,605,492,1.00123,10821,10.8077
025040107410003168d2a000a00000e2,2,3,26,322,265,605,492,1.00123,10819,10.8057
025040107410003168d2a000a00000e2,2,3,27,322,265,605,492,1.00123,10821,10.8077
025040107410003168d2a000a00000e2,2,3,28,322,265,605,492,1.00123,10801,10.7878
025040107410003168d2a000a00000e2,2,3,29,322,265,605,492,1.00123,10817,10.8038
025040107410003168d2a000a00000e2,2,3,30,322,265,605,492,1.00123,10799,10.7858
025040107410003168d2a000a00000e2,2,3,31,322,265,605,492,1.00123,10821,10.8077
025040107410003168d2a000a00000e2,2,3,32,322,265,605,492,1.00123,10814,10.8008
025040107410003168d2a000a00000e2,2,3,33,322,265,605,492,1.00123,10821,10.8077
025040107410003168d2a000a00000e2,2,3,34,322,265,605,492,1.00123,10804,10.7908
025040107410003168d2a000a00000e2,2,3,35,322,265,605,492,1.00123,10821,10.8077
025040107410003168d2a000a00000e2,2,3,36,322,265,605,492,1.00123,10817,10.8038
025040107410003168d2a000a00000e2,2,3,37,322,265,605,492,1.00123,10821,10.8077
025040107410003168d2a000a00000e2,2,3,38,322,265,605,492,1.00123,10811,10.7978
025040107410003168d2a000a00000e2,2,3,39,322,265,605,492,1.00123,10821,10.8077
025040107410003168d2a000a00000e2,2,3,40,322,265,605,492,1.00123,10817,10.8038
025040107410003168d2a000a00000e2,2,3,41,322,265,605,492,1.00123,10821,10.8077
025040107410003168d2a000a00000e2,2,3,42,322,265,605,492,1.00123,10815,10.8018
025040107410003168d2a000a00000e2,2,3,43,322,265,605,492,1.00123,10821,10.8077
025040107410003168d2a000a00000e2,2,3,44,322,265,605,492,1.00123,10817,10.8038
025040107410003168d2a000a00000e2,2,3,45,322,265,605,492,1.00123,10821,10.8077
025040107410003168d2a000a00000e2,2,3,46,322,265,605,492,1.00123,10821,10.8077
025040107410003168d2a000a00000e2,2,3,47,322,265,605,492,1.00123,10821,10.8077
025040107410003168d2a000a00000e2,2,3,48,322,265,605,492,1.00123,10816,10.8028
025040107410003168d2a000a00000e2,2,3,49,322,265,605,492,1.00123,10821,10.8077
025040107410003168d2a000a00000e2,2,3,50,322,265,605,492,1.00123,10821,10.8077
025040107410003168d2a000a00000e2,2,3,51,322,265,605,492,1.00123,10821,10.8077
025040107410003168d2a000a00000e2,2,3,52,322,265,605,492,1.00123,10817,10.8038
025040107410003168d2a000a00000e2,2,3,53,322,265,605,492,1.00123,10821,10.8077
025040107410003168d2a000a00000e2,2,3,54,322,265,605,492,1.00123,10820,10.8067
025040107410003168d2a000a00000e2,2,3,55,322,265,605,492,1.00123,10821,10.8077
025040107410003168d2a000a00000e2,2,3,56,322,265,605,492,1.00123,10821,10.8077
025040107410003168d2a000a00000e2,2,3,57,322,265,605,492,1.00123,10821,10.8077
025040107410003168d2a000a00000e2,2,3,58,322,265,605,492,1.00123,10821,10.8077
025040107410003168d2a000a00000e2,2,3,59,322,265,605,492,1.00123,10821,10.8077
025040107410003168d2a000a00000e2,2,3,60,322,265,605,492,1.00123,10801,10.7878
025040107410003168d2a000a00000e2,2,3,61,322,265,605,492,1.00123,10819,10.8057
025040107410003168d2a000a00000e2,2,3,62,322,265,605,492,1.00123,10816,10.8028
025040107410003168d2a000a00000e2,2,3,63,322,265,605,492,1.00123,10821,10.8077
025040107410003168d2a000a00000e2,2,3,0,322,265,606,493,1.00123,10768,10.7548
025040107410003168d2a000a00000e2,2,3,1,322,265,606,493,1.00123,10823,10.8097
025040107410003168d2a000a00000e2,2,3,2,322,265,606,493,1.00123,10812,10.7988
025040107410003168d2a000a00000e2,2,3,3,322,265,606,493,1.00123,10843,10.8297
025040107410003168d2a000a00000e2,2,3,4,322,265,606,493,1.00123,10830,10.8167
025040107410003168d2a000a00000e2,2,3,5,322,265,606,493,1.00123,10819,10.8057
025040107410003168d2a000a00000e2,2,3,6,322,265,606,493,1.00123,10795,10.7818
025040107410003168d2a000a00000e2,2,3,7,322,265,606,493,1.00123,10825,10.8117
025040107410003168d2a000a00000e2,2,3,8,322,265,606,493,1.00123,10826,10.8127
025040107410003168d2a000a00000e2,2,3,9,322,265,606,493,1.00123,10846,10.8327
025040107410003168d2a000a00000e2,2,3,10,322,265,606,493,1.00123,10795,10.7818
025040107410003168d2a000a00000e2,2,3,11,322,265,606,493,1.00123,10843,10.8297
025040107410003168d2a000a00000e2,2,3,12,322,265,606,493,1.00123,10831,10.8177
025040107410003168d2a000a00000e2,2,3,13,322,265,606,493,1.00123,10844,10.8307
025040107410003168d2a000a00000e2,2,3,14,322,265,606,493,1.00123,10816,10.8028
025040107410003168d2a000a00000e2,2,3,15,322,265,606,493,1.00123,10845,10.8317
025040107410003168d2a000a00000e2,2,3,16,322,265,606,493,1.00123,10827,10.8137
025040107410003168d2a000a00000e2,2,3,17,322,265,606,493,1.00123,10845,10.8317
025040107410003168d2a000a00000e2,2,3,18,322,265,606,493,1.00123,10822,10.8087
025040107410003168d2a000a00000e2,2,3,19,322,265,606,493,1.00123,10835,10.8217
025040107410003168d2a000a00000e2,2,3,20,322,265,606,493,1.00123,10818,10.8048
025040107410003168d2a000a00000e2,2,3,21,322,265,606,493,1.00123,10846,10.8327
025040107410003168d2a000a00000e2,2,3,22,322,265,606,493,1.00123,10824,10.8107
025040107410003168d2a000a00000e2,2,3,23,322,265,606,493,1.00123,10846,10.8327
025040107410003168d2a000a00000e2,2,3,24,322,265,606,493,1.00123,10841,10.8277
025040107410003168d2a000a00000e2,2,3,25,322,265,606,493,1.00123,10846,10.8327
025040107410003168d2a000a00000e2,2,3,26,322,265,606,493,1.00123,10844,10.8307
025040107410003168d2a000a00000e2,2,3,27,322,265,606,493,1.00123,10845,10.8317
025040107410003168d2a000a00000e2,2,3,28,322,265,606,493,1.00123,10822,10.8087
025040107410003168d2a000a00000e2,2,3,29,322,265,606,493,1.00123,10843,10.8297
025040107410003168d2a000a00000e2,2,3,30,322,265,606,493,1.00123,10819,10.8057
025040107410003168d2a000a00000e2,2,3,31,322,265,606,493,1.00123,10846,10.8327
025040107410003168d2a000a00000e2,2,3,32,322,265,606,493,1.00123,10833,10.8197
025040107410003168d2a000a00000e2,2,3,33,322,265,606,493,1.00123,10846,10.8327
025040107410003168d2a000a00000e2,2,3,34,322,265,606,493,1.00123,10826,10.8127
025040107410003168d2a000a00000e2,2,3,35,322,265,606,493,1.00123,10846,10.8327
025040107410003168d2a000a00000e2,2,3,36,322,265,606,493,1.00123,10842,10.8287
025040107410003168d2a000a00000e2,2,3,37,322,265,606,493,1.00123,10846,10.8327
025040107410003168d2a000a00000e2,2,3,38,322,265,606,493,1.00123,10831,10.8177
025040107410003168d2a000a00000e2,2,3,39,322,265,606,493,1.00123,10846,10.8327
025040107410003168d2a000a00000e2,2,3,40,322,265,606,493,1.00123,10844,10.8307
025040107410003168d2a000a00000e2,2,3,41,322,265,606,493,1.00123,10846,10.8327
025040107410003168d2a000a00000e2,2,3,42,322,265,606,493,1.00123,10837,10.8237
025040107410003168d2a000a00000e2,2,3,43,322,265,606,493,1.00123,10846,10.8327
025040107410003168d2a000a00000e2,2,3,44,322,265,606,493,1.00123,10843,10.8297
025040107410003168d2a000a00000e2,2,3,45,322,265,606,493,1.00123,10846,10.8327
025040107410003168d2a000a00000e2,2,3,46,322,265,606,493,1.00123,10845,10.8317
025040107410003168d2a000a00000e2,2,3,47,322,265,606,493,1.00123,10844,10.8307
025040107410003168d2a000a00000e2,2,3,48,322,265,606,493,1.00123,10842,10.8287
025040107410003168d2a000a00000e2,2,3,49,322,265,606,493,1.00123,10846,10.8327
025040107410003168d2a000a00000e2,2,3,50,322,265,606,493,1.00123,10845,10.8317
025040107410003168d2a000a00000e2,2,3,51,322,265,606,493,1.00123,10846,10.8327
025040107410003168d2a000a00000e2,2,3,52,322,265,606,493,1.00123,10843,10.8297
025040107410003168d2a000a00000e2,2,3,53,322,265,606,493,1.00123,10846,10.8327
025040107410003168d2a000a00000e2,2,3,54,322,265,606,493,1.00123,10844,10.8307
025040107410003168d2a000a00000e2,2,3,55,322,265,606,493,1.00123,10846,10.8327
025040107410003168d2a000a00000e2,2,3,56,322,265,606,493,1.00123,10845,10.8317
025040107410003168d2a000a00000e2,2,3,57,322,265,606,493,1.00123,10846,10.8327
025040107410003168d2a000a00000e2,2,3,58,322,265,606,493,1.00123,10846,10.8327
025040107410003168d2a000a00000e2,2,3,59,322,265,606,493,1.00123,10846,10.8327
025040107410003168d2a000a00000e2,2,3,60,322,265,606,493,1.00123,10817,10.8038
025040107410003168d2a000a00000e2,2,3,61,322,265,606,493,1.00123,10846,10.8327
025040107410003168d2a000a00000e2,2,3,62,322,265,606,493,1.00123,10841,10.8277
025040107410003168d2a000a00000e2,2,3,63,322,265,606,493,1.00123,10846,10.8327
025040107410003168d2a000a00000e2,2,3,0,322,265,607,493,1.00123,10777,10.7638
025040107410003168d2a000a00000e2,2,3,1,322,265,607,493,1.00123,10827,10.8137
025040107410003168d2a000a00000e2,2,3,2,322,265,607,493,1.00123,10816,10.8028
025040107410003168d2a000a00000e2,2,3,3,322,265,607,493,1.00123,10842,10.8287
025040107410003168d2a000a00000e2,2,3,4,322,265,607,493,1.00123,10832,10.8187
025040107410003168d2a000a00000e2,2,3,5,322,265,607,493,1.00123,10822,10.8087
025040107410003168d2a000a00000e2,2,3,6,322,265,607,493,1.00123,10799,10.7858
025040107410003168d2a000a00000e2,2,3,7,322,265,607,493,1.00123,10827,10.8137
025040107410003168d2a000a00000e2,2,3,8,322,265,607,493,1.00123,10828,10.8147
025040107410003168d2a000a00000e2,2,3,9,322,265,607,493,1.00123,10844,10.8307
025040107410003168d2a000a00000e2,2,3,10,322,265,607,493,1.00123,10802,10.7888
025040107410003168d2a000a00000e2,2,3,11,322,265,607,493,1.00123,10841,10.8277
025040107410003168d2a000a00000e2,2,3,12,322,265,607,493,1.00123,10830,10.8167
025040107410003168d2a000a00000e2,2,3,13,322,265,607,493,1.00123,10842,10.8287
025040107410003168d2a000a00000e2,2,3,14,322,265,607,493,1.00123,10820,10.8067
025040107410003168d2a000a00000e2,2,3,15,322,265,607,493,1.00123,10844,10.8307
025040107410003168d2a000a00000e2,2,3,16,322,265,607,493,1.00123,10829,10.8157
025040107410003168d2a000a00000e2,2,3,17,322,265,607,493,1.00123,10844,10.8307
025040107410003168d2a000a00000e2,2,3,18,322,265,607,493,1.00123,10827,10.8137
025040107410003168d2a000a00000e2,2,3,19,322,265,607,493,1.00123,10833,10.8197
025040107410003168d2a000a00000e2,2,3,20,322,265,607,493,1.00123,10824,10.8107
025040107410003168d2a000a00000e2,2,3,21,322,265,607,493,1.00123,10844,10.8307
025040107410003168d2a000a00000e2,2,3,22,322,265,607,493,1.00123,10828,10.8147
025040107410003168d2a000a00000e2,2,3,23,322,265,607,493,1.00123,10844,10.8307
025040107410003168d2a000a00000e2,2,3,24,322,265,607,493,1.00123,10840,10.8267
025040107410003168d2a000a00000e2,2,3,25,322,265,607,493,1.00123,10844,10.8307
025040107410003168d2a000a00000e2,2,3,26,322,265,607,493,1.00123,10842,10.8287
025040107410003168d2a000a00000e2,2,3,27,322,265,607,493,1.00123,10843,10.8297
025040107410003168d2a000a00000e2,2,3,28,322,265,607,493,1.00123,10828,10.8147
025040107410003168d2a000a00000e2,2,3,29,322,265,607,493,1.00123,10841,10.8277
025040107410003168d2a000a00000e2,2,3,30,322,265,607,493,1.00123,10825,10.8117
025040107410003168d2a000a00000e2,2,3,31,322,265,607,493,1.00123,10844,10.8307
025040107410003168d2a000a00000e2,2,3,32,322,265,607,493,1.00123,10835,10.8217
025040107410003168d2a000a00000e2,2,3,33,322,265,607,493,1.00123,10844,10.8307
025040107410003168d2a000a00000e2,2,3,34,322,265,607,493,1.00123,10828,10.8147
025040107410003168d2a000a00000e2,2,3,35,322,265,607,493,1.00123,10844,10.8307
025040107410003168d2a000a00000e2,2,3,36,322,265,607,493,1.00123,10841,10.8277
025040107410003168d2a000a00000e2,2,3,37,322,265,607,493,1.00123,10844,10.8307
025040107410003168d2a000a00000e2,2,3,38,322,265,607,493,1.00123,10829,10.8157
025040107410003168d2a000a00000e2,2,3,39,322,265,607,493,1.00123,10844,10.8307
025040107410003168d2a000a00000e2,2,3,40,322,265,607,493,1.00123,10841,10.8277
025040107410003168d2a000a00000e2,2,3,41,322,265,607,493,1.00123,10844,10.8307
025040107410003168d2a000a00000e2,2,3,42,322,265,607,493,1.00123,10838,10.8247
025040107410003168d2a000a00000e2,2,3,43,322,265,607,493,1.00123,10844,10.8307
025040107410003168d2a000a00000e2,2,3,44,322,265,607,493,1.00123,10841,10.8277
025040107410003168d2a000a00000e2,2,3,45,322,265,607,493,1.00123,10844,10.8307
025040107410003168d2a000a00000e2,2,3,46,322,265,607,493,1.00123,10842,10.8287
025040107410003168d2a000a00000e2,2,3,47,322,265,607,493,1.00123,10843,10.8297
025040107410003168d2a000a00000e2,2,3,48,322,265,607,493,1.00123,10841,10.8277
025040107410003168d2a000a00000e2,2,3,49,322,265,607,493,1.00123,10844,10.8307
025040107410003168d2a000a00000e2,2,3,50,322,265,607,493,1.00123,10844,10.8307
025040107410003168d2a000a00000e2,2,3,51,322,265,607,493,1.00123,10844,10.8307
025040107410003168d2a000a00000e2,2,3,52,322,265,607,493,1.00123,10841,10.8277
025040107410003168d2a000a00000e2,2,3,53,322,265,607,493,1.00123,10844,10.8307
025040107410003168d2a000a00000e2,2,3,54,322,265,607,493,1.00123,10842,10.8287
025040107410003168d2a000a00000e2,2,3,55,322,265,607,493,1.00123,10844,10.8307
025040107410003168d2a000a00000e2,2,3,56,322,265,607,493,1.00123,10843,10.8297
025040107410003168d2a000a00000e2,2,3,57,322,265,607,493,1.00123,10844,10.8307
025040107410003168d2a000a00000e2,2,3,58,322,265,607,493,1.00123,10844,10.8307
025040107410003168d2a000a00000e2,2,3,59,322,265,607,493,1.00123,10844,10.8307
025040107410003168d2a000a00000e2,2,3,60,322,265,607,493,1.00123,10824,10.8107
025040107410003168d2a000a00000e2,2,3,61,322,265,607,493,1.00123,10843,10.8297
025040107410003168d2a000a00000e2,2,3,62,322,265,607,493,1.00123,10839,10.8257
025040107410003168d2a000a00000e2,2,3,63,322,265,607,493,1.00123,10844,10.8307
025040107410003168d2a000a00000e2,2,3,0,322,265,608,494,1.00123,10701,10.6879
025040107410003168d2a000a00000e2,2,3,1,322,265,608,494,1.00123,10747,10.7338
025040107410003168d2a000a00000e2,2,3,2,322,265,608,494,1.00123,10741,10.7278
025040107410003168d2a000a00000e2,2,3,3,322,265,608,494,1.00123,10771,10.7578
025040107410003168d2a000a00000e2,2,3,4,322,265,608,494,1.00123,10761,10.7478
025040107410003168d2a000a00000e2,2,3,5,322,265,608,494,1.00123,10745,10.7318
025040107410003168d2a000a00000e2,2,3,6,322,265,608,494,1.00123,10732,10.7189
025040107410003168d2a000a00000e2,2,3,7,322,265,608,494,1.00123,10749,10.7358
025040107410003168d2a000a00000e2,2,3,8,322,265,608,494,1.00123,10755,10.7418
025040107410003168d2a000a00000e2,2,3,9,322,265,608,494,1.00123,10776,10.7628
025040107410003168d2a000a00000e2,2,3,10,322,265,608,494,1.00123,10735,10.7219
025040107410003168d2a000a00000e2,2,3,11,322,265,608,494,1.00123,10773,10.7598
025040107410003168d2a000a00000e2,2,3,12,322,265,608,494,1.00123,10763,10.7498
025040107410003168d2a000a00000e2,2,3,13,322,265,608,494,1.00123,10775,10.7618
025040107410003168d2a000a00000e2,2,3,14,322,265,608,494,1.00123,10745,10.7318
025040107410003168d2a000a00000e2,2,3,15,322,265,608,494,1.00123,10776,10.7628
025040107410003168d2a000a00000e2,2,3,16,322,265,608,494,1.00123,10757,10.7438
025040107410003168d2a000a00000e2,2,3,17,322,265,608,494,1.00123,10776,10.7628
025040107410003168d2a000a00000e2,2,3,18,322,265,608,494,1.00123,10754,10.7408
025040107410003168d2a000a00000e2,2,3,19,322,265,608,494,1.00123,10764,10.7508
025040107410003168d2a000a00000e2,2,3,20,322,265,608,494,1.00123,10747,10.7338
025040107410003168d2a000a00000e2,2,3,21,322,265,608,494,1.00123,10778,10.7648
025040107410003168d2a000a00000e2,2,3,22,322,265,608,494,1.00123,10754,10.7408
025040107410003168d2a000a00000e2,2,3,23,322,265,608,494,1.00123,10778,10.7648
025040107410003168d2a000a00000e2,2,3,24,322,265,608,494,1.00123,10771,10.7578
025040107410003168d2a000a00000e2,2,3,25,322,265,608,494,1.00123,10778,10.7648
025040107410003168d2a000a00000e2,2,3,26,322,265,608,494,1.00123,10775,10.7618
025040107410003168d2a000a00000e2,2,3,27,322,265,608,494,1.00123,10776,10.7628
025040107410003168d2a000a00000e2,2,3,28,322,265,608,494,1.00123,10750,10.7368
025040107410003168d2a000a00000e2,2,3,29,322,265,608,494,1.00123,10773,10.7598
025040107410003168d2a000a00000e2,2,3,30,322,265,608,494,1.00123,10750,10.7368
025040107410003168d2a000a00000e2,2,3,31,322,265,608,494,1.00123,10778,10.7648
025040107410003168d2a000a00000e2,2,3,32,322,265,608,494,1.00123,10766,10.7528
025040107410003168d2a000a00000e2,2,3,33,322,265,608,494,1.00123,10778,10.7648
025040107410003168d2a000a00000e2,2,3,34,322,265,608,494,1.00123,10756,10.7428
025040107410003168d2a000a00000e2,2,3,35,322,265,608,494,1.00123,10778,10.7648
025040107410003168d2a000a00000e2,2,3,36,322,265,608,494,1.00123,10773,10.7598
025040107410003168d2a000a00000e2,2,3,37,322,265,608,494,1.00123,10778,10.7648
025040107410003168d2a000a00000e2,2,3,38,322,265,608,494,1.00123,10760,10.7468
025040107410003168d2a000a00000e2,2,3,39,322,265,608,494,1.00123,10777,10.7638
025040107410003168d2a000a00000e2,2,3,40,322,265,608,494,1.00123,10773,10.7598
025040107410003168d2a000a00000e2,2,3,41,322,265,608,494,1.00123,10778,10.7648
025040107410003168d2a000a00000e2,2,3,42,322,265,608,494,1.00123,10770,10.7568
025040107410003168d2a000a00000e2,2,3,43,322,265,608,494,1.00123,10778,10.7648
025040107410003168d2a000a00000e2,2,3,44,322,265,608,494,1.00123,10773,10.7598
025040107410003168d2a000a00000e2,2,3,45,322,265,608,494,1.00123,10778,10.7648
025040107410003168d2a000a00000e2,2,3,46,322,265,608,494,1.00123,10776,10.7628
025040107410003168d2a000a00000e2,2,3,47,322,265,608,494,1.00123,10774,10.7608
025040107410003168d2a000a00000e2,2,3,48,322,265,608,494,1.00123,10772,10.7588
025040107410003168d2a000a00000e2,2,3,49,322,265,608,494,1.00123,10777,10.7638
025040107410003168d2a000a00000e2,2,3,50,322,265,608,494,1.00123,10777,10.7638
025040107410003168d2a000a00000e2,2,3,51,322,265,608,494,1.00123,10778,10.7648
025040107410003168d2a000a00000e2,2,3,52,322,265,608,494,1.00123,10773,10.7598
025040107410003168d2a000a00000e2,2,3,53,322,265,608,494,1.00123,10778,10.7648
025040107410003168d2a000a00000e2,2,3,54,322,265,608,494,1.00123,10775,10.7618
025040107410003168d2a000a00000e2,2,3,55,322,265,608,494,1.00123,10777,10.7638
025040107410003168d2a000a00000e2,2,3,56,322,265,608,494,1.00123,10776,10.7628
025040107410003168d2a000a00000e2,2,3,57,322,265,608,494,1.00123,10776,10.7628
025040107410003168d2a000a00000e2,2,3,58,322,265,608,494,1.00123,10775,10.7618
025040107410003168d2a000a00000e2,2,3,59,322,265,608,494,1.00123,10774,10.7608
025040107410003168d2a000a00000e2,2,3,60,322,265,608,494,1.00123,10743,10.7298
025040107410003168d2a000a00000e2,2,3,61,322,265,608,494,1.00123,10772,10.7588
025040107410003168d2a000a00000e2,2,3,62,322,265,608,494,1.00123,10766,10.7528
025040107410003168d2a000a00000e2,2,3,63,322,265,608,494,1.00123,10776,10.7628
025040107410003168d2a000a00000e2,2,3,0,322,265,609,495,1.00123,10622,10.609
025040107410003168d2a000a00000e2,2,3,1,322,265,609,495,1.00123,10685,10.6719
025040107410003168d2a000a00000e2,2,3,2,322,265,609,495,1.00123,10676,10.6629
025040107410003168d2a000a00000e2,2,3,3,322,265,609,495,1.00123,10724,10.7109
025040107410003168d2a000a00000e2,2,3,4,322,265,609,495,1.00123,10708,10.6949
025040107410003168d2a000a00000e2,2,3,5,322,265,609,495,1.00123,10683,10.6699
025040107410003168d2a000a00000e2,2,3,6,322,265,609,495,1.00123,10666,10.6529
025040107410003168d2a000a00000e2,2,3,7,322,265,609,495,1.00123,10692,10.6789
025040107410003168d2a000a00000e2,2,3,8,322,265,609,495,1.00123,10701,10.6879
025040107410003168d2a000a00000e2,2,3,9,322,265,609,495,1.00123,10740,10.7268
025040107410003168d2a000a00000e2,2,3,10,322,265,609,495,1.00123,10671,10.6579
025040107410003168d2a000a00000e2,2,3,11,322,265,609,495,1.00123,10731,10.7179
025040107410003168d2a000a00000e2,2,3,12,322,265,609,495,1.00123,10708,10.6949
025040107410003168d2a000a00000e2,2,3,13,322,265,609,495,1.00123,10733,10.7199
025040107410003168d2a000a00000e2,2,3,14,322,265,609,495,1.00123,10684,10.6709
025040107410003168d2a000a00000e2,2,3,15,322,265,609,495,1.00123,10736,10.7229
025040107410003168d2a000a00000e2,2,3,16,322,265,609,495,1.00123,10703,10.6899
025040107410003168d2a000a00000e2,2,3,17,322,265,609,495,1.00123,10740,10.7268
025040107410003168d2a000a00000e2,2,3,18,322,265,609,495,1.00123,10699,10.6859
025040107410003168d2a000a00000e2,2,3,19,322,265,609,495,1.00123,10711,10.6979
025040107410003168d2a000a00000e2,2,3,20,322,265,609,495,1.00123,10689,10.6759
025040107410003168d2a000a00000e2,2,3,21,322,265,609,495,1.00123,10741,10.7278
025040107410003168d2a000a00000e2,2,3,22,322,265,609,495,1.00123,10702,10.6889
025040107410003168d2a000a00000e2,2,3,23,322,265,609,495,1.00123,10740,10.7268
025040107410003168d2a000a00000e2,2,3,24,322,265,609,495,1.00123,10725,10.7119
025040107410003168d2a000a00000e2,2,3,25,322,265,609,495,1.00123,10740,10.7268
025040107410003168d2a000a00000e2,2,3,26,322,265,609,495,1.00123,10735,10.7219
025040107410003168d2a000a00000e2,2,3,27,322,265,609,495,1.00123,10734,10.7209
025040107410003168d2a000a00000e2,2,3,28,322,265,609,495,1.00123,10693,10.6799
025040107410003168d2a000a00000e2,2,3,29,322,265,609,495,1.00123,10731,10.7179
025040107410003168d2a000a00000e2,2,3,30,322,265,609,495,1.00123,10694,10.6809
025040107410003168d2a000a00000e2,2,3,31,322,265,609,495,1.00123,10740,10.7268
025040107410003168d2a000a00000e2,2,3,32,322,265,609,495,1.00123,10711,10.6979
025040107410003168d2a000a00000e2,2,3,33,322,265,609,495,1.00123,10740,10.7268
025040107410003168d2a000a00000e2,2,3,34,322,265,609,495,1.00123,10699,10.6859
025040107410003168d2a000a00000e2,2,3,35,322,265,609,495,1.00123,10740,10.7268
025040107410003168d2a000a00000e2,2,3,36,322,265,609,495,1.00123,10730,10.7169
025040107410003168d2a000a00000e2,2,3,37,322,265,609,495,1.00123,10740,10.7268
025040107410003168d2a000a00000e2,2,3,38,322,265,609,495,1.00123,10706,10.6929
025040107410003168d2a000a00000e2,2,3,39,322,265,609,495,1.00123,10739,10.7258
025040107410003168d2a000a00000e2,2,3,40,322,265,609,495,1.00123,10731,10.7179
025040107410003168d2a000a00000e2,2,3,41,322,265,609,495,1.00123,10740,10.7268
025040107410003168d2a000a00000e2,2,3,42,322,265,609,495,1.00123,10713,10.6999
025040107410003168d2a000a00000e2,2,3,43,322,265,609,495,1.00123,10740,10.7268
025040107410003168d2a000a00000e2,2,3,44,322,265,609,495,1.00123,10728,10.7149
025040107410003168d2a000a00000e2,2,3,45,322,265,609,495,1.00123,10741,10.7278
025040107410003168d2a000a00000e2,2,3,46,322,265,609,495,1.00123,10736,10.7229
025040107410003168d2a000a00000e2,2,3,47,322,265,609,495,1.00123,10736,10.7229
025040107410003168d2a000a00000e2,2,3,48,322,265,609,495,1.00123,10725,10.7119
025040107410003168d2a000a00000e2,2,3,49,322,265,609,495,1.00123,10740,10.7268
025040107410003168d2a000a00000e2,2,3,50,322,265,609,495,1.00123,10737,10.7238
025040107410003168d2a000a00000e2,2,3,51,322,265,609,495,1.00123,10741,10.7278
025040107410003168d2a000a00000e2,2,3,52,322,265,609,495,1.00123,10727,10.7139
025040107410003168d2a000a00000e2,2,3,53,322,265,609,495,1.00123,10741,10.7278
025040107410003168d2a000a00000e2,2,3,54,322,265,609,495,1.00123,10733,10.7199
025040107410003168d2a000a00000e2,2,3,55,322,265,609,495,1.00123,10740,10.7268
025040107410003168d2a000a00000e2,2,3,56,322,265,609,495,1.00123,10738,10.7248
025040107410003168d2a000a00000e2,2,3,57,322,265,609,495,1.00123,10740,10.7268
025040107410003168d2a000a00000e2,2,3,58,322,265,609,495,1.00123,10740,10.7268
025040107410003168d2a000a00000e2,2,3,59,322,265,609,495,1.00123,10736,10.7229
025040107410003168d2a000a00000e2,2,3,60,322,265,609,495,1.00123,10679,10.6659
025040107410003168d2a000a00000e2,2,3,61,322,265,609,495,1.00123,10733,10.7199
025040107410003168d2a000a00000e2,2,3,62,322,265,609,495,1.00123,10714,10.7009
025040107410003168d2a000a00000e2,2,3,63,322,265,609,495,1.00123,10740,10.7268
025040107410003168d2a000a00000e2,2,3,0,322,265,610,496,1.00123,10714,10.7009
025040107410003168d2a000a00000e2,2,3,1,322,265,610,496,1.00123,10787,10.7738
025040107410003168d2a000a00000e2,2,3,2,322,265,610,496,1.00123,10778,10.7648
025040107410003168d2a000a00000e2,2,3,3,322,265,610,496,1.00123,10816,10.8028
025040107410003168d2a000a00000e2,2,3,4,322,265,610,496,1.00123,10804,10.7908
025040107410003168d2a000a00000e2,2,3,5,322,265,610,496,1.00123,10786,10.7728
025040107410003168d2a000a00000e2,2,3,6,322,265,610,496,1.00123,10761,10.7478
025040107410003168d2a000a00000e2,2,3,7,322,265,610,496,1.00123,10793,10.7798
025040107410003168d2a000a00000e2,2,3,8,322,265,610,496,1.00123,10796,10.7828
025040107410003168d2a000a00000e2,2,3,9,322,265,610,496,1.00123,10829,10.8157
025040107410003168d2a000a00000e2,2,3,10,322,265,610,496,1.00123,10768,10.7548
025040107410003168d2a000a00000e2,2,3,11,322,265,610,496,1.00123,10820,10.8067
025040107410003168d2a000a00000e2,2,3,12,322,265,610,496,1.00123,10803,10.7898
025040107410003168d2a000a00000e2,2,3,13,322,265,610,496,1.00123,10825,10.8117
025040107410003168d2a000a00000e2,2,3,14,322,265,610,496,1.00123,10787,10.7738
025040107410003168d2a000a00000e2,2,3,15,322,265,610,496,1.00123,10827,10.8137
025040107410003168d2a000a00000e2,2,3,16,322,265,610,496,1.00123,10797,10.7838
025040107410003168d2a000a00000e2,2,3,17,322,265,610,496,1.00123,10828,10.8147
025040107410003168d2a000a00000e2,2,3,18,322,265,610,496,1.00123,10794,10.7808
025040107410003168d2a000a00000e2,2,3,19,322,265,610,496,1.00123,10804,10.7908
025040107410003168d2a000a00000e2,2,3,20,322,265,610,496,1.00123,10790,10.7768
025040107410003168d2a000a00000e2,2,3,21,322,265,610,496,1.00123,10829,10.8157
025040107410003168d2a000a00000e2,2,3,22,322,265,610,496,1.00123,10795,10.7818
025040107410003168d2a000a00000e2,2,3,23,322,265,610,496,1.00123,10830,10.8167
025040107410003168d2a000a00000e2,2,3,24,322,265,610,496,1.00123,10813,10.7998
025040107410003168d2a000a00000e2,2,3,25,322,265,610,496,1.00123,10833,10.8197
025040107410003168d2a000a00000e2,2,3,26,322,265,610,496,1.00123,10825,10.8117
025040107410003168d2a000a00000e2,2,3,27,322,265,610,496,1.00123,10826,10.8127
025040107410003168d2a000a00000e2,2,3,28,322,265,610,496,1.00123,10793,10.7798
025040107410003168d2a000a00000e2,2,3,29,322,265,610,496,1.00123,10819,10.8057
025040107410003168d2a000a00000e2,2,3,30,322,265,610,496,1.00123,10791,10.7778
025040107410003168d2a000a00000e2,2,3,31,322,265,610,496,1.00123,10830,10.8167
025040107410003168d2a000a00000e2,2,3,32,322,265,610,496,1.00123,10805,10.7918
025040107410003168d2a000a00000e2,2,3,33,322,265,610,496,1.00123,10833,10.8197
025040107410003168d2a000a00000e2,2,3,34,322,265,610,496,1.00123,10796,10.7828
025040107410003168d2a000a00000e2,2,3,35,322,265,610,496,1.00123,10833,10.8197
025040107410003168d2a000a00000e2,2,3,36,322,265,610,496,1.00123,10819,10.8057
025040107410003168d2a000a00000e2,2,3,37,322,265,610,496,1.00123,10833,10.8197
025040107410003168d2a000a00000e2,2,3,38,322,265,610,496,1.00123,10801,10.7878
025040107410003168d2a000a00000e2,2,3,39,322,265,610,496,1.00123,10829,10.8157
025040107410003168d2a000a00000e2,2,3,40,322,265,610,496,1.00123,10818,10.8048
025040107410003168d2a000a00000e2,2,3,41,322,265,610,496,1.00123,10833,10.8197
025040107410003168d2a000a00000e2,2,3,42,322,265,610,496,1.00123,10807,10.7938
025040107410003168d2a000a00000e2,2,3,43,322,265,610,496,1.00123,10833,10.8197
025040107410003168d2a000a00000e2,2,3,44,322,265,610,496,1.00123,10819,10.8057
025040107410003168d2a000a00000e2,2,3,45,322,265,610,496,1.00123,10833,10.8197
025040107410003168d2a000a00000e2,2,3,46,322,265,610,496,1.00123,10827,10.8137
025040107410003168d2a000a00000e2,2,3,47,322,265,610,496,1.00123,10827,10.8137
025040107410003168d2a000a00000e2,2,3,48,322,265,610,496,1.00123,10814,10.8008
025040107410003168d2a000a00000e2,2,3,49,322,265,610,496,1.00123,10828,10.8147
025040107410003168d2a000a00000e2,2,3,50,322,265,610,496,1.00123,10827,10.8137
025040107410003168d2a000a00000e2,2,3,51,322,265,610,496,1.00123,10833,10.8197
025040107410003168d2a000a00000e2,2,3,52,322,265,610,496,1.00123,10818,10.8048
025040107410003168d2a000a00000e2,2,3,53,322,265,610,496,1.00123,10832,10.8187
025040107410003168d2a000a00000e2,2,3,54,322,265,610,496,1.00123,10824,10.8107
025040107410003168d2a000a00000e2,2,3,55,322,265,610,496,1.00123,10830,10.8167
025040107410003168d2a000a00000e2,2,3,56,322,265,610,496,1.00123,10827,10.8137
025040107410003168d2a000a00000e2,2,3,57,322,265,610,496,1.00123,10831,10.8177
025040107410003168d2a000a00000e2,2,3,58,322,265,610,496,1.00123,10827,10.8137
025040107410003168d2a000a00000e2,2,3,59,322,265,610,496,1.00123,10826,10.8127
025040107410003168d2a000a00000e2,2,3,60,322,265,610,496,1.00123,10781,10.7678
025040107410003168d2a000a00000e2,2,3,61,322,265,610,496,1.00123,10825,10.8117
025040107410003168d2a000a00000e2,2,3,62,322,265,610,496,1.00123,10805,10.7918
025040107410003168d2a000a00000e2,2,3,63,322,265,610,496,1.00123,10832,10.8187
025040107410003168d2a000a00000e2,2,3,0,322,265,611,497,1.0027,10701,10.6722
025040107410003168d2a000a00000e2,2,3,1,322,265,611,497,1.0027,10763,10.734
025040107410003168d2a000a00000e2,2,3,2,322,265,611,497,1.0027,10758,10.729
025040107410003168d2a000a00000e2,2,3,3,322,265,611,497,1.0027,10791,10.7619
025040107410003168d2a000a00000e2,2,3,4,322,265,611,497,1.0027,10780,10.751
025040107410003168d2a000a00000e2,2,3,5,322,265,611,497,1.0027,10761,10.732
025040107410003168d2a000a00000e2,2,3,6,322,265,611,497,1.0027,10746,10.7171
025040107410003168d2a000a00000e2,2,3,7,322,265,611,497,1.0027,10771,10.742
025040107410003168d2a000a00000e2,2,3,8,322,265,611,497,1.0027,10774,10.745
025040107410003168d2a000a00000e2,2,3,9,322,265,611,497,1.0027,10804,10.7749
025040107410003168d2a000a00000e2,2,3,10,322,265,611,497,1.0027,10749,10.72
025040107410003168d2a000a00000e2,2,3,11,322,265,611,497,1.0027,10795,10.7659
025040107410003168d2a000a00000e2,2,3,12,322,265,611,497,1.0027,10780,10.751
025040107410003168d2a000a00000e2,2,3,13,322,265,611,497,1.0027,10798,10.7689
025040107410003168d2a000a00000e2,2,3,14,322,265,611,497,1.0027,10765,10.736
025040107410003168d2a000a00000e2,2,3,15,322,265,611,497,1.0027,10802,10.7729
025040107410003168d2a000a00000e2,2,3,16,322,265,611,497,1.0027,10778,10.749
025040107410003168d2a000a00000e2,2,3,17,322,265,611,497,1.0027,10804,10.7749
025040107410003168d2a000a00000e2,2,3,18,322,265,611,497,1.0027,10776,10.747
025040107410003168d2a000a00000e2,2,3,19,322,265,611,497,1.0027,10785,10.756
025040107410003168d2a000a00000e2,2,3,20,322,265,611,497,1.0027,10771,10.742
025040107410003168d2a000a00000e2,2,3,21,322,265,611,497,1.0027,10806,10.7769
025040107410003168d2a000a00000e2,2,3,22,322,265,611,497,1.0027,10774,10.745
025040107410003168d2a000a00000e2,2,3,23,322,265,611,497,1.0027,10807,10.7779
025040107410003168d2a000a00000e2,2,3,24,322,265,611,497,1.0027,10791,10.7619
025040107410003168d2a000a00000e2,2,3,25,322,265,611,497,1.0027,10808,10.7789
025040107410003168d2a000a00000e2,2,3,26,322,265,611,497,1.0027,10801,10.7719
025040107410003168d2a000a00000e2,2,3,27,322,265,611,497,1.0027,10799,10.7699
025040107410003168d2a000a00000e2,2,3,28,322,265,611,497,1.0027,10775,10.746
025040107410003168d2a000a00000e2,2,3,29,322,265,611,497,1.0027,10795,10.7659
025040107410003168d2a000a00000e2,2,3,30,322,265,611,497,1.0027,10772,10.743
025040107410003168d2a000a00000e2,2,3,31,322,265,611,497,1.0027,10806,10.7769
025040107410003168d2a000a00000e2,2,3,32,322,265,611,497,1.0027,10786,10.7569
025040107410003168d2a000a00000e2,2,3,33,322,265,611,497,1.0027,10808,10.7789
025040107410003168d2a000a00000e2,2,3,34,322,265,611,497,1.0027,10778,10.749
025040107410003168d2a000a00000e2,2,3,35,322,265,611,497,1.0027,10808,10.7789
025040107410003168d2a000a00000e2,2,3,36,322,265,611,497,1.0027,10796,10.7669
025040107410003168d2a000a00000e2,2,3,37,322,265,611,497,1.0027,10809,10.7799
025040107410003168d2a000a00000e2,2,3,38,322,265,611,497,1.0027,10781,10.752
025040107410003168d2a000a00000e2,2,3,39,322,265,611,497,1.0027,10805,10.7759
025040107410003168d2a000a00000e2,2,3,40,322,265,611,497,1.0027,10795,10.7659
025040107410003168d2a000a00000e2,2,3,41,322,265,611,497,1.0027,10809,10.7799
025040107410003168d2a000a00000e2,2,3,42,322,265,611,497,1.0027,10787,10.7579
025040107410003168d2a000a00000e2,2,3,43,322,265,611,497,1.0027,10809,10.7799
025040107410003168d2a000a00000e2,2,3,44,322,265,611,497,1.0027,10793,10.7639
025040107410003168d2a000a00000e2,2,3,45,322,265,611,497,1.0027,10808,10.7789
025040107410003168d2a000a00000e2,2,3,46,322,265,611,497,1.0027,10800,10.7709
025040107410003168d2a000a00000e2,2,3,47,322,265,611,497,1.0027,10799,10.7699
025040107410003168d2a000a00000e2,2,3,48,322,265,611,497,1.0027,10790,10.7609
025040107410003168d2a000a00000e2,2,3,49,322,265,611,497,1.0027,10803,10.7739
025040107410003168d2a000a00000e2,2,3,50,322,265,611,497,1.0027,10801,10.7719
025040107410003168d2a000a00000e2,2,3,51,322,265,611,497,1.0027,10808,10.7789
025040107410003168d2a000a00000e2,2,3,52,322,265,611,497,1.0027,10795,10.7659
025040107410003168d2a000a00000e2,2,3,53,322,265,611,497,1.0027,10807,10.7779
025040107410003168d2a000a00000e2,2,3,54,322,265,611,497,1.0027,10795,10.7659
025040107410003168d2a000a00000e2,2,3,55,322,265,611,497,1.0027,10803,10.7739
025040107410003168d2a000a00000e2,2,3,56,322,265,611,497,1.0027,10802,10.7729
025040107410003168d2a000a00000e2,2,3,57,322,265,611,497,1.0027,10803,10.7739
025040107410003168d2a000a00000e2,2,3,58,322,265,611,497,1.0027,10801,10.7719
025040107410003168d2a000a00000e2,2,3,59,322,265,611,497,1.0027,10799,10.7699
025040107410003168d2a000a00000e2,2,3,60,322,265,611,497,1.0027,10759,10.73
025040107410003168d2a000a00000e2,2,3,61,322,265,611,497,1.0027,10798,10.7689
025040107410003168d2a000a00000e2,2,3,62,322,265,611,497,1.0027,10781,10.752
025040107410003168d2a000a00000e2,2,3,63,322,265,611,497,1.0027,10808,10.7789
025040107410003168d2a000a00000e2,2,3,0,322,265,612,497,1.0027,10698,10.6692
025040107410003168d2a000a00000e2,2,3,1,322,265,612,497,1.0027,10768,10.739
025040107410003168d2a000a00000e2,2,3,2,322,265,612,497,1.0027,10762,10.733
025040107410003168d2a000a00000e2,2,3,3,322,265,612,497,1.0027,10793,10.7639
025040107410003168d2a000a00000e2,2,3,4,322,265,612,497,1.0027,10785,10.756
025040107410003168d2a000a00000e2,2,3,5,322,265,612,497,1.0027,10769,10.74
025040107410003168d2a000a00000e2,2,3,6,322,265,612,497,1.0027,10751,10.722
025040107410003168d2a000a00000e2,2,3,7,322,265,612,497,1.0027,10775,10.746
025040107410003168d2a000a00000e2,2,3,8,322,265,612,497,1.0027,10781,10.752
025040107410003168d2a000a00000e2,2,3,9,322,265,612,497,1.0027,10802,10.7729
025040107410003168d2a000a00000e2,2,3,10,322,265,612,497,1.0027,10753,10.724
025040107410003168d2a000a00000e2,2,3,11,322,265,612,497,1.0027,10794,10.7649
025040107410003168d2a000a00000e2,2,3,12,322,265,612,497,1.0027,10783,10.754
025040107410003168d2a000a00000e2,2,3,13,322,265,612,497,1.0027,10794,10.7649
025040107410003168d2a000a00000e2,2,3,14,322,265,612,497,1.0027,10773,10.744
025040107410003168d2a000a00000e2,2,3,15,322,265,612,497,1.0027,10800,10.7709
025040107410003168d2a000a00000e2,2,3,16,322,265,612,497,1.0027,10783,10.754
025040107410003168d2a000a00000e2,2,3,17,322,265,612,497,1.0027,10800,10.7709
025040107410003168d2a000a00000e2,2,3,18,322,265,612,497,1.0027,10780,10.751
025040107410003168d2a000a00000e2,2,3,19,322,265,612,497,1.0027,10786,10.7569
025040107410003168d2a000a00000e2,2,3,20,322,265,612,497,1.0027,10776,10.747
025040107410003168d2a000a00000e2,2,3,21,322,265,612,497,1.0027,10803,10.7739
025040107410003168d2a000a00000e2,2,3,22,322,265,612,497,1.0027,10782,10.753
025040107410003168d2a000a00000e2,2,3,23,322,265,612,497,1.0027,10803,10.7739
025040107410003168d2a000a00000e2,2,3,24,322,265,612,497,1.0027,10793,10.7639
025040107410003168d2a000a00000e2,2,3,25,322,265,612,497,1.0027,10805,10.7759
025040107410003168d2a000a00000e2,2,3,26,322,265,612,497,1.0027,10799,10.7699
025040107410003168d2a000a00000e2,2,3,27,322,265,612,497,1.0027,10798,10.7689
025040107410003168d2a000a00000e2,2,3,28,322,265,612,497,1.0027,10780,10.751
025040107410003168d2a000a00000e2,2,3,29,322,265,612,497,1.0027,10791,10.7619
025040107410003168d2a000a00000e2,2,3,30,322,265,612,497,1.0027,10780,10.751
025040107410003168d2a000a00000e2,2,3,31,322,265,612,497,1.0027,10803,10.7739
025040107410003168d2a000a00000e2,2,3,32,322,265,612,497,1.0027,10788,10.7589
025040107410003168d2a000a00000e2,2,3,33,322,265,612,497,1.0027,10805,10.7759
025040107410003168d2a000a00000e2,2,3,34,322,265,612,497,1.0027,10782,10.753
025040107410003168d2a000a00000e2,2,3,35,322,265,612,497,1.0027,10804,10.7749
025040107410003168d2a000a00000e2,2,3,36,322,265,612,497,1.0027,10797,10.7679
025040107410003168d2a000a00000e2,2,3,37,322,265,612,497,1.0027,10806,10.7769
025040107410003168d2a000a00000e2,2,3,38,322,265,612,497,1.0027,10785,10.756
025040107410003168d2a000a00000e2,2,3,39,322,265,612,497,1.0027,10801,10.7719
025040107410003168d2a000a00000e2,2,3,40,322,265,612,497,1.0027,10794,10.7649
025040107410003168d2a000a00000e2,2,3,41,322,265,612,497,1.0027,10806,10.7769
025040107410003168d2a000a00000e2,2,3,42,322,265,612,497,1.0027,10787,10.7579
025040107410003168d2a000a00000e2,2,3,43,322,265,612,497,1.0027,10806,10.7769
025040107410003168d2a000a00000e2,2,3,44,322,265,612,497,1.0027,10795,10.7659
025040107410003168d2a000a00000e2,2,3,45,322,265,612,497,1.0027,10806,10.7769
025040107410003168d2a000a00000e2,2,3,46,322,265,612,497,1.0027,10799,10.7699
025040107410003168d2a000a00000e2,2,3,47,322,265,612,497,1.0027,10799,10.7699
025040107410003168d2a000a00000e2,2,3,48,322,265,612,497,1.0027,10792,10.7629
025040107410003168d2a000a00000e2,2,3,49,322,265,612,497,1.0027,10800,10.7709
025040107410003168d2a000a00000e2,2,3,50,322,265,612,497,1.0027,10799,10.7699
025040107410003168d2a000a00000e2,2,3,51,322,265,612,497,1.0027,10806,10.7769
025040107410003168d2a000a00000e2,2,3,52,322,265,612,497,1.0027,10793,10.7639
025040107410003168d2a000a00000e2,2,3,53,322,265,612,497,1.0027,10802,10.7729
025040107410003168d2a000a00000e2,2,3,54,322,265,612,497,1.0027,10796,10.7669
025040107410003168d2a000a00000e2,2,3,55,322,265,612,497,1.0027,10800,10.7709
025040107410003168d2a000a00000e2,2,3,56,322,265,612,497,1.0027,10800,10.7709
025040107410003168d2a000a00000e2,2,3,57,322,265,612,497,1.0027,10800,10.7709
025040107410003168d2a000a00000e2,2,3,58,322,265,612,497,1.0027,10800,10.7709
025040107410003168d2a000a00000e2,2,3,59,322,265,612,497,1.0027,10795,10.7659
025040107410003168d2a000a00000e2,2,3,60,322,265,612,497,1.0027,10759,10.73
025040107410003168d2a000a00000e2,2,3,61,322,265,612,497,1.0027,10795,10.7659
025040107410003168d2a000a00000e2,2,3,62,322,265,612,497,1.0027,10783,10.754
025040107410003168d2a000a00000e2,2,3,63,322,265,612,497,1.0027,10806,10.7769
025040107410003168d2a000a00000e2,2,3,0,322,265,613,498,1.00123,10697,10.6839
025040107410003168d2a000a00000e2,2,3,1,322,265,613,498,1.00123,10764,10.7508
025040107410003168d2a000a00000e2,2,3,2,322,265,613,498,1.00123,10760,10.7468
025040107410003168d2a000a00000e2,2,3,3,322,265,613,498,1.00123,10790,10.7768
025040107410003168d2a000a00000e2,2,3,4,322,265,613,498,1.00123,10784,10.7708
025040107410003168d2a000a00000e2,2,3,5,322,265,613,498,1.00123,10764,10.7508
025040107410003168d2a000a00000e2,2,3,6,322,265,613,498,1.00123,10746,10.7328
025040107410003168d2a000a00000e2,2,3,7,322,265,613,498,1.00123,10770,10.7568
025040107410003168d2a000a00000e2,2,3,8,322,265,613,498,1.00123,10776,10.7628
025040107410003168d2a000a00000e2,2,3,9,322,265,613,498,1.00123,10805,10.7918
025040107410003168d2a000a00000e2,2,3,10,322,265,613,498,1.00123,10749,10.7358
025040107410003168d2a000a00000e2,2,3,11,322,265,613,498,1.00123,10791,10.7778
025040107410003168d2a000a00000e2,2,3,12,322,265,613,498,1.00123,10783,10.7698
025040107410003168d2a000a00000e2,2,3,13,322,265,613,498,1.00123,10793,10.7798
025040107410003168d2a000a00000e2,2,3,14,322,265,613,498,1.00123,10769,10.7558
025040107410003168d2a000a00000e2,2,3,15,322,265,613,498,1.00123,10803,10.7898
025040107410003168d2a000a00000e2,2,3,16,322,265,613,498,1.00123,10779,10.7658
025040107410003168d2a000a00000e2,2,3,17,322,265,613,498,1.00123,10805,10.7918
025040107410003168d2a000a00000e2,2,3,18,322,265,613,498,1.00123,10775,10.7618
025040107410003168d2a000a00000e2,2,3,19,322,265,613,498,1.00123,10786,10.7728
025040107410003168d2a000a00000e2,2,3,20,322,265,613,498,1.00123,10770,10.7568
025040107410003168d2a000a00000e2,2,3,21,322,265,613,498,1.00123,10809,10.7958
025040107410003168d2a000a00000e2,2,3,22,322,265,613,498,1.00123,10776,10.7628
025040107410003168d2a000a00000e2,2,3,23,322,265,613,498,1.00123,10808,10.7948
025040107410003168d2a000a00000e2,2,3,24,322,265,613,498,1.00123,10790,10.7768
025040107410003168d2a000a00000e2,2,3,25,322,265,613,498,1.00123,10809,10.7958
025040107410003168d2a000a00000e2,2,3,26,322,265,613,498,1.00123,10796,10.7828
025040107410003168d2a000a00000e2,2,3,27,322,265,613,498,1.00123,10796,10.7828
025040107410003168d2a000a00000e2,2,3,28,322,265,613,498,1.00123,10773,10.7598
025040107410003168d2a000a00000e2,2,3,29,322,265,613,498,1.00123,10791,10.7778
025040107410003168d2a000a00000e2,2,3,30,322,265,613,498,1.00123,10771,10.7578
025040107410003168d2a000a00000e2,2,3,31,322,265,613,498,1.00123,10807,10.7938
025040107410003168d2a000a00000e2,2,3,32,322,265,613,498,1.00123,10788,10.7748
025040107410003168d2a000a00000e2,2,3,33,322,265,613,498,1.00123,10810,10.7968
025040107410003168d2a000a00000e2,2,3,34,322,265,613,498,1.00123,10778,10.7648
025040107410003168d2a000a00000e2,2,3,35,322,265,613,498,1.00123,10810,10.7968
025040107410003168d2a000a00000e2,2,3,36,322,265,613,498,1.00123,10792,10.7788
025040107410003168d2a000a00000e2,2,3,37,322,265,613,498,1.00123,10809,10.7958
025040107410003168d2a000a00000e2,2,3,38,322,265,613,498,1.00123,10782,10.7688
025040107410003168d2a000a00000e2,2,3,39,322,265,613,498,1.00123,10806,10.7928
025040107410003168d2a000a00000e2,2,3,40,322,265,613,498,1.00123,10791,10.7778
025040107410003168d2a000a00000e2,2,3,41,322,265,613,498,1.00123,10810,10.7968
025040107410003168d2a000a00000e2,2,3,42,322,265,613,498,1.00123,10789,10.7758
025040107410003168d2a000a00000e2,2,3,43,322,265,613,498,1.00123,10810,10.7968
025040107410003168d2a000a00000e2,2,3,44,322,265,613,498,1.00123,10792,10.7788
025040107410003168d2a000a00000e2,2,3,45,322,265,613,498,1.00123,10810,10.7968
025040107410003168d2a000a00000e2,2,3,46,322,265,613,498,1.00123,10801,10.7878
025040107410003168d2a000a00000e2,2,3,47,322,265,613,498,1.00123,10799,10.7858
025040107410003168d2a000a00000e2,2,3,48,322,265,613,498,1.00123,10792,10.7788
025040107410003168d2a000a00000e2,2,3,49,322,265,613,498,1.00123,10805,10.7918
025040107410003168d2a000a00000e2,2,3,50,322,265,613,498,1.00123,10803,10.7898
025040107410003168d2a000a00000e2,2,3,51,322,265,613,498,1.00123,10809,10.7958
025040107410003168d2a000a00000e2,2,3,52,322,265,613,498,1.00123,10791,10.7778
025040107410003168d2a000a00000e2,2,3,53,322,265,613,498,1.00123,10808,10.7948
025040107410003168d2a000a00000e2,2,3,54,322,265,613,498,1.00123,10793,10.7798
025040107410003168d2a000a00000e2,2,3,55,322,265,613,498,1.00123,10805,10.7918
025040107410003168d2a000a00000e2,2,3,56,322,265,613,498,1.00123,10803,10.7898
025040107410003168d2a000a00000e2,2,3,57,322,265,613,498,1.00123,10805,10.7918
025040107410003168d2a000a00000e2,2,3,58,322,265,613,498,1.00123,10804,10.7908
025040107410003168d2a000a00000e2,2,3,59,322,265,613,498,1.00123,10794,10.7808
025040107410003168d2a000a00000e2,2,3,60,322,265,613,498,1.00123,10752,10.7388
025040107410003168d2a000a00000e2,2,3,61,322,265,613,498,1.00123,10796,10.7828
025040107410003168d2a000a00000e2,2,3,62,322,265,613,498,1.00123,10780,10.7668
025040107410003168d2a000a00000e2,2,3,63,322,265,613,498,1.00123,10809,10.7958
025040107410003168d2a000a00000e2,2,3,0,322,265,614,499,1.00123,10691,10.6779
025040107410003168d2a000a00000e2,2,3,1,322,265,614,499,1.00123,10760,10.7468
025040107410003168d2a000a00000e2,2,3,2,322,265,614,499,1.00123,10753,10.7398
025040107410003168d2a000a00000e2,2,3,3,322,265,614,499,1.00123,10790,10.7768
025040107410003168d2a000a00000e2,2,3,4,322,265,614,499,1.00123,10780,10.7668
025040107410003168d2a000a00000e2,2,3,5,322,265,614,499,1.00123,10761,10.7478
025040107410003168d2a000a00000e2,2,3,6,322,265,614,499,1.00123,10749,10.7358
025040107410003168d2a000a00000e2,2,3,7,322,265,614,499,1.00123,10769,10.7558
025040107410003168d2a000a00000e2,2,3,8,322,265,614,499,1.00123,10774,10.7608
025040107410003168d2a000a00000e2,2,3,9,322,265,614,499,1.00123,10811,10.7978
025040107410003168d2a000a00000e2,2,3,10,322,265,614,499,1.00123,10749,10.7358
025040107410003168d2a000a00000e2,2,3,11,322,265,614,499,1.00123,10798,10.7848
025040107410003168d2a000a00000e2,2,3,12,322,265,614,499,1.00123,10782,10.7688
025040107410003168d2a000a00000e2,2,3,13,322,265,614,499,1.00123,10801,10.7878
025040107410003168d2a000a00000e2,2,3,14,322,265,614,499,1.00123,10761,10.7478
025040107410003168d2a000a00000e2,2,3,15,322,265,614,499,1.00123,10807,10.7938
025040107410003168d2a000a00000e2,2,3,16,322,265,614,499,1.00123,10773,10.7598
025040107410003168d2a000a00000e2,2,3,17,322,265,614,499,1.00123,10810,10.7968
025040107410003168d2a000a00000e2,2,3,18,322,265,614,499,1.00123,10774,10.7608
025040107410003168d2a000a00000e2,2,3,19,322,265,614,499,1.00123,10778,10.7648
025040107410003168d2a000a00000e2,2,3,20,322,265,614,499,1.00123,10770,10.7568
025040107410003168d2a000a00000e2,2,3,21,322,265,614,499,1.00123,10808,10.7948
025040107410003168d2a000a00000e2,2,3,22,322,265,614,499,1.00123,10773,10.7598
025040107410003168d2a000a00000e2,2,3,23,322,265,614,499,1.00123,10809,10.7958
025040107410003168d2a000a00000e2,2,3,24,322,265,614,499,1.00123,10789,10.7758
025040107410003168d2a000a00000e2,2,3,25,322,265,614,499,1.00123,10810,10.7968
025040107410003168d2a000a00000e2,2,3,26,322,265,614,499,1.00123,10803,10.7898
025040107410003168d2a000a00000e2,2,3,27,322,265,614,499,1.00123,10801,10.7878
025040107410003168d2a000a00000e2,2,3,28,322,265,614,499,1.00123,10770,10.7568
025040107410003168d2a000a00000e2,2,3,29,322,265,614,499,1.00123,10791,10.7778
025040107410003168d2a000a00000e2,2,3,30,322,265,614,499,1.00123,10772,10.7588
025040107410003168d2a000a00000e2,2,3,31,322,265,614,499,1.00123,10808,10.7948
025040107410003168d2a000a00000e2,2,3,32,322,265,614,499,1.00123,10783,10.7698
025040107410003168d2a000a00000e2,2,3,33,322,265,614,499,1.00123,10810,10.7968
025040107410003168d2a000a00000e2,2,3,34,322,265,614,499,1.00123,10774,10.7608
025040107410003168d2a000a00000e2,2,3,35,322,265,614,499,1.00123,10810,10.7968
025040107410003168d2a000a00000e2,2,3,36,322,265,614,499,1.00123,10799,10.7858
025040107410003168d2a000a00000e2,2,3,37,322,265,614,499,1.00123,10810,10.7968
025040107410003168d2a000a00000e2,2,3,38,322,265,614,499,1.00123,10778,10.7648
025040107410003168d2a000a00000e2,2,3,39,322,265,614,499,1.00123,10809,10.7958
025040107410003168d2a000a00000e2,2,3,40,322,265,614,499,1.00123,10793,10.7798
025040107410003168d2a000a00000e2,2,3,41,322,265,614,499,1.00123,10810,10.7968
025040107410003168d2a000a00000e2,2,3,42,322,265,614,499,1.00123,10781,10.7678
025040107410003168d2a000a00000e2,2,3,43,322,265,614,499,1.00123,10810,10.7968
025040107410003168d2a000a00000e2,2,3,44,322,265,614,499,1.00123,10791,10.7778
025040107410003168d2a000a00000e2,2,3,45,322,265,614,499,1.00123,10810,10.7968
025040107410003168d2a000a00000e2,2,3,46,322,265,614,499,1.00123,10805,10.7918
025040107410003168d2a000a00000e2,2,3,47,322,265,614,499,1.00123,10799,10.7858
025040107410003168d2a000a00000e2,2,3,48,322,265,614,499,1.00123,10786,10.7728
025040107410003168d2a000a00000e2,2,3,49,322,265,614,499,1.00123,10808,10.7948
025040107410003168d2a000a00000e2,2,3,50,322,265,614,499,1.00123,10807,10.7938
025040107410003168d2a000a00000e2,2,3,51,322,265,614,499,1.00123,10810,10.7968
025040107410003168d2a000a00000e2,2,3,52,322,265,614,499,1.00123,10791,10.7778
025040107410003168d2a000a00000e2,2,3,53,322,265,614,499,1.00123,10811,10.7978
025040107410003168d2a000a00000e2,2,3,54,322,265,614,499,1.00123,10794,10.7808
025040107410003168d2a000a00000e2,2,3,55,322,265,614,499,1.00123,10809,10.7958
025040107410003168d2a000a00000e2,2,3,56,322,265,614,499,1.00123,10806,10.7928
025040107410003168d2a000a00000e2,2,3,57,322,265,614,499,1.00123,10806,10.7928
025040107410003168d2a000a00000e2,2,3,58,322,265,614,499,1.00123,10809,10.7958
025040107410003168d2a000a00000e2,2,3,59,322,265,614,499,1.00123,10798,10.7848
025040107410003168d2a000a00000e2,2,3,60,322,265,614,499,1.00123,10743,10.7298
025040107410003168d2a000a00000e2,2,3,61,322,265,614,499,1.00123,10794,10.7808
025040107410003168d2a000a00000e2,2,3,62,322,265,614,499,1.00123,10778,10.7648
025040107410003168d2a000a00000e2,2,3,63,322,265,614,499,1.00123,10812,10.7988
025040107410003168d2a000a00000e2,2,3,0,322,265,615,500,1.00123,10654,10.641
025040107410003168d2a000a00000e2,2,3,1,322,265,615,500,1.00123,10736,10.7229
025040107410003168d2a000a00000e2,2,3,2,322,265,615,500,1.00123,10730,10.7169
025040107410003168d2a000a00000e2,2,3,3,322,265,615,500,1.00123,10763,10.7498
025040107410003168d2a000a00000e2,2,3,4,322,265,615,500,1.00123,10758,10.7448
025040107410003168d2a000a00000e2,2,3,5,322,265,615,500,1.00123,10736,10.7229
025040107410003168d2a000a00000e2,2,3,6,322,265,615,500,1.00123,10717,10.7039
025040107410003168d2a000a00000e2,2,3,7,322,265,615,500,1.00123,10745,10.7318
025040107410003168d2a000a00000e2,2,3,8,322,265,615,500,1.00123,10751,10.7378
025040107410003168d2a000a00000e2,2,3,9,322,265,615,500,1.00123,10787,10.7738
025040107410003168d2a000a00000e2,2,3,10,322,265,615,500,1.00123,10720,10.7069
025040107410003168d2a000a00000e2,2,3,11,322,265,615,500,1.00123,10765,10.7518
025040107410003168d2a000a00000e2,2,3,12,322,265,615,500,1.00123,10757,10.7438
025040107410003168d2a000a00000e2,2,3,13,322,265,615,500,1.00123,10771,10.7578
025040107410003168d2a000a00000e2,2,3,14,322,265,615,500,1.00123,10741,10.7278
025040107410003168d2a000a00000e2,2,3,15,322,265,615,500,1.00123,10784,10.7708
025040107410003168d2a000a00000e2,2,3,16,322,265,615,500,1.00123,10754,10.7408
025040107410003168d2a000a00000e2,2,3,17,322,265,615,500,1.00123,10788,10.7748
025040107410003168d2a000a00000e2,2,3,18,322,265,615,500,1.00123,10752,10.7388
025040107410003168d2a000a00000e2,2,3,19,322,265,615,500,1.00123,10758,10.7448
025040107410003168d2a000a00000e2,2,3,20,322,265,615,500,1.00123,10749,10.7358
025040107410003168d2a000a00000e2,2,3,21,322,265,615,500,1.00123,10790,10.7768
025040107410003168d2a000a00000e2,2,3,22,322,265,615,500,1.00123,10754,10.7408
025040107410003168d2a000a00000e2,2,3,23,322,265,615,500,1.00123,10790,10.7768
025040107410003168d2a000a00000e2,2,3,24,322,265,615,500,1.00123,10764,10.7508
025040107410003168d2a000a00000e2,2,3,25,322,265,615,500,1.00123,10791,10.7778
025040107410003168d2a000a00000e2,2,3,26,322,265,615,500,1.00123,10775,10.7618
025040107410003168d2a000a00000e2,2,3,27,322,265,615,500,1.00123,10777,10.7638
025040107410003168d2a000a00000e2,2,3,28,322,265,615,500,1.00123,10751,10.7378
025040107410003168d2a000a00000e2,2,3,29,322,265,615,500,1.00123,10767,10.7538
025040107410003168d2a000a00000e2,2,3,30,322,265,615,500,1.00123,10751,10.7378
025040107410003168d2a000a00000e2,2,3,31,322,265,615,500,1.00123,10789,10.7758
025040107410003168d2a000a00000e2,2,3,32,322,265,615,500,1.00123,10758,10.7448
025040107410003168d2a000a00000e2,2,3,33,322,265,615,500,1.00123,10791,10.7778
025040107410003168d2a000a00000e2,2,3,34,322,265,615,500,1.00123,10753,10.7398
025040107410003168d2a000a00000e2,2,3,35,322,265,615,500,1.00123,10792,10.7788
025040107410003168d2a000a00000e2,2,3,36,322,265,615,500,1.00123,10768,10.7548
025040107410003168d2a000a00000e2,2,3,37,322,265,615,500,1.00123,10790,10.7768
025040107410003168d2a000a00000e2,2,3,38,322,265,615,500,1.00123,10754,10.7408
025040107410003168d2a000a00000e2,2,3,39,322,265,615,500,1.00123,10788,10.7748
025040107410003168d2a000a00000e2,2,3,40,322,265,615,500,1.00123,10765,10.7518
025040107410003168d2a000a00000e2,2,3,41,322,265,615,500,1.00123,10794,10.7808
025040107410003168d2a000a00000e2,2,3,42,322,265,615,500,1.00123,10761,10.7478
025040107410003168d2a000a00000e2,2,3,43,322,265,615,500,1.00123,10796,10.7828
025040107410003168d2a000a00000e2,2,3,44,322,265,615,500,1.00123,10765,10.7518
025040107410003168d2a000a00000e2,2,3,45,322,265,615,500,1.00123,10794,10.7808
025040107410003168d2a000a00000e2,2,3,46,322,265,615,500,1.00123,10783,10.7698
025040107410003168d2a000a00000e2,2,3,47,322,265,615,500,1.00123,10775,10.7618
025040107410003168d2a000a00000e2,2,3,48,322,265,615,500,1.00123,10761,10.7478
025040107410003168d2a000a00000e2,2,3,49,322,265,615,500,1.00123,10784,10.7708
025040107410003168d2a000a00000e2,2,3,50,322,265,615,500,1.00123,10782,10.7688
025040107410003168d2a000a00000e2,2,3,51,322,265,615,500,1.00123,10797,10.7838
025040107410003168d2a000a00000e2,2,3,52,322,265,615,500,1.00123,10763,10.7498
025040107410003168d2a000a00000e2,2,3,53,322,265,615,500,1.00123,10788,10.7748
025040107410003168d2a000a00000e2,2,3,54,322,265,615,500,1.00123,10764,10.7508
025040107410003168d2a000a00000e2,2,3,55,322,265,615,500,1.00123,10783,10.7698
025040107410003168d2a000a00000e2,2,3,56,322,265,615,500,1.00123,10780,10.7668
025040107410003168d2a000a00000e2,2,3,57,322,265,615,500,1.00123,10785,10.7718
025040107410003168d2a000a00000e2,2,3,58,322,265,615,500,1.00123,10784,10.7708
025040107410003168d2a000a00000e2,2,3,59,322,265,615,500,1.00123,10768,10.7548
025040107410003168d2a000a00000e2,2,3,60,322,265,615,500,1.00123,10720,10.7069
025040107410003168d2a000a00000e2,2,3,61,322,265,615,500,1.00123,10770,10.7568
025040107410003168d2a000a00000e2,2,3,62,322,265,615,500,1.00123,10758,10.7448
025040107410003168d2a000a00000e2,2,3,63,322,265,615,500,1.00123,10797,10.7838
025040107410003168d2a000a00000e2,2,3,0,322,265,616,501,1.00123,10671,10.6579
025040107410003168d2a000a00000e2,2,3,1,322,265,616,501,1.00123,10753,10.7398
025040107410003168d2a000a00000e2,2,3,2,322,265,616,501,1.00123,10753,10.7398
025040107410003168d2a000a00000e2,2,3,3,322,265,616,501,1.00123,10789,10.7758
025040107410003168d2a000a00000e2,2,3,4,322,265,616,501,1.00123,10779,10.7658
025040107410003168d2a000a00000e2,2,3,5,322,265,616,501,1.00123,10752,10.7388
025040107410003168d2a000a00000e2,2,3,6,322,265,616,501,1.00123,10740,10.7268
025040107410003168d2a000a00000e2,2,3,7,322,265,616,501,1.00123,10765,10.7518
025040107410003168d2a000a00000e2,2,3,8,322,265,616,501,1.00123,10773,10.7598
025040107410003168d2a000a00000e2,2,3,9,322,265,616,501,1.00123,10813,10.7998
025040107410003168d2a000a00000e2,2,3,10,322,265,616,501,1.00123,10743,10.7298
025040107410003168d2a000a00000e2,2,3,11,322,265,616,501,1.00123,10793,10.7798
025040107410003168d2a000a00000e2,2,3,12,322,265,616,501,1.00123,10783,10.7698
025040107410003168d2a000a00000e2,2,3,13,322,265,616,501,1.00123,10795,10.7818
025040107410003168d2a000a00000e2,2,3,14,322,265,616,501,1.00123,10761,10.7478
025040107410003168d2a000a00000e2,2,3,15,322,265,616,501,1.00123,10809,10.7958
025040107410003168d2a000a00000e2,2,3,16,322,265,616,501,1.00123,10775,10.7618
025040107410003168d2a000a00000e2,2,3,17,322,265,616,501,1.00123,10814,10.8008
025040107410003168d2a000a00000e2,2,3,18,322,265,616,501,1.00123,10773,10.7598
025040107410003168d2a000a00000e2,2,3,19,322,265,616,501,1.00123,10776,10.7628
025040107410003168d2a000a00000e2,2,3,20,322,265,616,501,1.00123,10767,10.7538
025040107410003168d2a000a00000e2,2,3,21,322,265,616,501,1.00123,10812,10.7988
025040107410003168d2a000a00000e2,2,3,22,322,265,616,501,1.00123,10774,10.7608
025040107410003168d2a000a00000e2,2,3,23,322,265,616,501,1.00123,10816,10.8028
025040107410003168d2a000a00000e2,2,3,24,322,265,616,501,1.00123,10788,10.7748
025040107410003168d2a000a00000e2,2,3,25,322,265,616,501,1.00123,10817,10.8038
025040107410003168d2a000a00000e2,2,3,26,322,265,616,501,1.00123,10804,10.7908
025040107410003168d2a000a00000e2,2,3,27,322,265,616,501,1.00123,10796,10.7828
025040107410003168d2a000a00000e2,2,3,28,322,265,616,501,1.00123,10772,10.7588
025040107410003168d2a000a00000e2,2,3,29,322,265,616,501,1.00123,10790,10.7768
025040107410003168d2a000a00000e2,2,3,30,322,265,616,501,1.00123,10768,10.7548
025040107410003168d2a000a00000e2,2,3,31,322,265,616,501,1.00123,10815,10.8018
025040107410003168d2a000a00000e2,2,3,32,322,265,616,501,1.00123,10784,10.7708
025040107410003168d2a000a00000e2,2,3,33,322,265,616,501,1.00123,10818,10.8048
025040107410003168d2a000a00000e2,2,3,34,322,265,616,501,1.00123,10776,10.7628
025040107410003168d2a000a00000e2,2,3,35,322,265,616,501,1.00123,10817,10.8038
025040107410003168d2a000a00000e2,2,3,36,322,265,616,501,1.00123,10796,10.7828
025040107410003168d2a000a00000e2,2,3,37,322,265,616,501,1.00123,10818,10.8048
025040107410003168d2a000a00000e2,2,3,38,322,265,616,501,1.00123,10779,10.7658
025040107410003168d2a000a00000e2,2,3,39,322,265,616,501,1.00123,10811,10.7978
025040107410003168d2a000a00000e2,2,3,40,322,265,616,501,1.00123,10792,10.7788
025040107410003168d2a000a00000e2,2,3,41,322,265,616,501,1.00123,10818,10.8048
025040107410003168d2a000a00000e2,2,3,42,322,265,616,501,1.00123,10784,10.7708
025040107410003168d2a000a00000e2,2,3,43,322,265,616,501,1.00123,10818,10.8048
025040107410003168d2a000a00000e2,2,3,44,322,265,616,501,1.00123,10792,10.7788
025040107410003168d2a000a00000e2,2,3,45,322,265,616,501,1.00123,10818,10.8048
025040107410003168d2a000a00000e2,2,3,46,322,265,616,501,1.00123,10806,10.7928
025040107410003168d2a000a00000e2,2,3,47,322,265,616,501,1.00123,10793,10.7798
025040107410003168d2a000a00000e2,2,3,48,322,265,616,501,1.00123,10788,10.7748
025040107410003168d2a000a00000e2,2,3,49,322,265,616,501,1.00123,10811,10.7978
025040107410003168d2a000a00000e2,2,3,50,322,265,616,501,1.00123,10808,10.7948
025040107410003168d2a000a00000e2,2,3,51,322,265,616,501,1.00123,10818,10.8048
025040107410003168d2a000a00000e2,2,3,52,322,265,616,501,1.00123,10790,10.7768
025040107410003168d2a000a00000e2,2,3,53,322,265,616,501,1.00123,10816,10.8028
025040107410003168d2a000a00000e2,2,3,54,322,265,616,501,1.00123,10792,10.7788
025040107410003168d2a000a00000e2,2,3,55,322,265,616,501,1.00123,10806,10.7928
025040107410003168d2a000a00000e2,2,3,56,322,265,616,501,1.00123,10804,10.7908
025040107410003168d2a000a00000e2,2,3,57,322,265,616,501,1.00123,10806,10.7928
025040107410003168d2a000a00000e2,2,3,58,322,265,616,501,1.00123,10809,10.7958
025040107410003168d2a000a00000e2,2,3,59,322,265,616,501,1.00123,10790,10.7768
025040107410003168d2a000a00000e2,2,3,60,322,265,616,501,1.00123,10739,10.7258
025040107410003168d2a000a00000e2,2,3,61,322,265,616,501,1.00123,10794,10.7808
025040107410003168d2a000a00000e2,2,3,62,322,265,616,501,1.00123,10770,10.7568
025040107410003168d2a000a00000e2,2,3,63,322,265,616,501,1.00123,10820,10.8067
025040107410003168d2a000a00000e2,2,3,0,322,265,617,501,1.0027,10627,10.5984
025040107410003168d2a000a00000e2,2,3,1,322,265,617,501,1.0027,10723,10.6941
025040107410003168d2a000a00000e2,2,3,2,322,265,617,501,1.0027,10722,10.6931
025040107410003168d2a000a00000e2,2,3,3,322,265,617,501,1.0027,10767,10.738
025040107410003168d2a000a00000e2,2,3,4,322,265,617,501,1.0027,10756,10.727
025040107410003168d2a000a00000e2,2,3,5,322,265,617,501,1.0027,10726,10.6971
025040107410003168d2a000a00000e2,2,3,6,322,265,617,501,1.0027,10706,10.6772
025040107410003168d2a000a00000e2,2,3,7,322,265,617,501,1.0027,10739,10.7101
025040107410003168d2a000a00000e2,2,3,8,322,265,617,501,1.0027,10751,10.722
025040107410003168d2a000a00000e2,2,3,9,322,265,617,501,1.0027,10788,10.7589
025040107410003168d2a000a00000e2,2,3,10,322,265,617,501,1.0027,10711,10.6821
025040107410003168d2a000a00000e2,2,3,11,322,265,617,501,1.0027,10771,10.742
025040107410003168d2a000a00000e2,2,3,12,322,265,617,501,1.0027,10756,10.727
025040107410003168d2a000a00000e2,2,3,13,322,265,617,501,1.0027,10775,10.746
025040107410003168d2a000a00000e2,2,3,14,322,265,617,501,1.0027,10736,10.7071
025040107410003168d2a000a00000e2,2,3,15,322,265,617,501,1.0027,10783,10.754
025040107410003168d2a000a00000e2,2,3,16,322,265,617,501,1.0027,10755,10.726
025040107410003168d2a000a00000e2,2,3,17,322,265,617,501,1.0027,10790,10.7609
025040107410003168d2a000a00000e2,2,3,18,322,265,617,501,1.0027,10753,10.724
025040107410003168d2a000a00000e2,2,3,19,322,265,617,501,1.0027,10755,10.726
025040107410003168d2a000a00000e2,2,3,20,322,265,617,501,1.0027,10746,10.7171
025040107410003168d2a000a00000e2,2,3,21,322,265,617,501,1.0027,10796,10.7669
025040107410003168d2a000a00000e2,2,3,22,322,265,617,501,1.0027,10754,10.725
025040107410003168d2a000a00000e2,2,3,23,322,265,617,501,1.0027,10797,10.7679
025040107410003168d2a000a00000e2,2,3,24,322,265,617,501,1.0027,10768,10.739
025040107410003168d2a000a00000e2,2,3,25,322,265,617,501,1.0027,10801,10.7719
025040107410003168d2a000a00000e2,2,3,26,322,265,617,501,1.0027,10780,10.751
025040107410003168d2a000a00000e2,2,3,27,322,265,617,501,1.0027,10777,10.748
025040107410003168d2a000a00000e2,2,3,28,322,265,617,501,1.0027,10752,10.723
025040107410003168d2a000a00000e2,2,3,29,322,265,617,501,1.0027,10768,10.739
025040107410003168d2a000a00000e2,2,3,30,322,265,617,501,1.0027,10752,10.723
025040107410003168d2a000a00000e2,2,3,31,322,265,617,501,1.0027,10795,10.7659
025040107410003168d2a000a00000e2,2,3,32,322,265,617,501,1.0027,10761,10.732
025040107410003168d2a000a00000e2,2,3,33,322,265,617,501,1.0027,10802,10.7729
025040107410003168d2a000a00000e2,2,3,34,322,265,617,501,1.0027,10753,10.724
025040107410003168d2a000a00000e2,2,3,35,322,265,617,501,1.0027,10802,10.7729
025040107410003168d2a000a00000e2,2,3,36,322,265,617,501,1.0027,10774,10.745
025040107410003168d2a000a00000e2,2,3,37,322,265,617,501,1.0027,10801,10.7719
025040107410003168d2a000a00000e2,2,3,38,322,265,617,501,1.0027,10757,10.728
025040107410003168d2a000a00000e2,2,3,39,322,265,617,501,1.0027,10785,10.756
025040107410003168d2a000a00000e2,2,3,40,322,265,617,501,1.0027,10765,10.736
025040107410003168d2a000a00000e2,2,3,41,322,265,617,501,1.0027,10802,10.7729
025040107410003168d2a000a00000e2,2,3,42,322,265,617,501,1.0027,10761,10.732
025040107410003168d2a000a00000e2,2,3,43,322,265,617,501,1.0027,10803,10.7739
025040107410003168d2a000a00000e2,2,3,44,322,265,617,501,1.0027,10768,10.739
025040107410003168d2a000a00000e2,2,3,45,322,265,617,501,1.0027,10802,10.7729
025040107410003168d2a000a00000e2,2,3,46,322,265,617,501,1.0027,10780,10.751
025040107410003168d2a000a00000e2,2,3,47,322,265,617,501,1.0027,10774,10.745
025040107410003168d2a000a00000e2,2,3,48,322,265,617,501,1.0027,10766,10.737
025040107410003168d2a000a00000e2,2,3,49,322,265,617,501,1.0027,10782,10.753
025040107410003168d2a000a00000e2,2,3,50,322,265,617,501,1.0027,10780,10.751
025040107410003168d2a000a00000e2,2,3,51,322,265,617,501,1.0027,10802,10.7729
025040107410003168d2a000a00000e2,2,3,52,322,265,617,501,1.0027,10768,10.739
025040107410003168d2a000a00000e2,2,3,53,322,265,617,501,1.0027,10795,10.7659
025040107410003168d2a000a00000e2,2,3,54,322,265,617,501,1.0027,10766,10.737
025040107410003168d2a000a00000e2,2,3,55,322,265,617,501,1.0027,10779,10.75
025040107410003168d2a000a00000e2,2,3,56,322,265,617,501,1.0027,10779,10.75
025040107410003168d2a000a00000e2,2,3,57,322,265,617,501,1.0027,10778,10.749
025040107410003168d2a000a00000e2,2,3,58,322,265,617,501,1.0027,10783,10.754
025040107410003168d2a000a00000e2,2,3,59,322,265,617,501,1.0027,10770,10.741
025040107410003168d2a000a00000e2,2,3,60,322,265,617,501,1.0027,10698,10.6692
025040107410003168d2a000a00000e2,2,3,61,322,265,617,501,1.0027,10767,10.738
025040107410003168d2a000a00000e2,2,3,62,322,265,617,501,1.0027,10739,10.7101
025040107410003168d2a000a00000e2,2,3,63,322,265,617,501,1.0027,10804,10.7749
025040107410003168d2a000a00000e2,2,3,0,322,265,618,502,1.00123,10658,10.6449
025040107410003168d2a000a00000e2,2,3,1,322,265,618,502,1.00123,10730,10.7169
025040107410003168d2a000a00000e2,2,3,2,322,265,618,502,1.00123,10730,10.7169
025040107410003168d2a000a00000e2,2,3,3,322,265,618,502,1.00123,10763,10.7498
025040107410003168d2a000a00000e2,2,3,4,322,265,618,502,1.00123,10755,10.7418
025040107410003168d2a000a00000e2,2,3,5,322,265,618,502,1.00123,10735,10.7219
025040107410003168d2a000a00000e2,2,3,6,322,265,618,502,1.00123,10716,10.7029
025040107410003168d2a000a00000e2,2,3,7,322,265,618,502,1.00123,10741,10.7278
025040107410003168d2a000a00000e2,2,3,8,322,265,618,502,1.00123,10752,10.7388
025040107410003168d2a000a00000e2,2,3,9,322,265,618,502,1.00123,10787,10.7738
025040107410003168d2a000a00000e2,2,3,10,322,265,618,502,1.00123,10720,10.7069
025040107410003168d2a000a00000e2,2,3,11,322,265,618,502,1.00123,10769,10.7558
025040107410003168d2a000a00000e2,2,3,12,322,265,618,502,1.00123,10755,10.7418
025040107410003168d2a000a00000e2,2,3,13,322,265,618,502,1.00123,10772,10.7588
025040107410003168d2a000a00000e2,2,3,14,322,265,618,502,1.00123,10739,10.7258
025040107410003168d2a000a00000e2,2,3,15,322,265,618,502,1.00123,10784,10.7708
025040107410003168d2a000a00000e2,2,3,16,322,265,618,502,1.00123,10753,10.7398
025040107410003168d2a000a00000e2,2,3,17,322,265,618,502,1.00123,10788,10.7748
025040107410003168d2a000a00000e2,2,3,18,322,265,618,502,1.00123,10752,10.7388
025040107410003168d2a000a00000e2,2,3,19,322,265,618,502,1.00123,10754,10.7408
025040107410003168d2a000a00000e2,2,3,20,322,265,618,502,1.00123,10744,10.7308
025040107410003168d2a000a00000e2,2,3,21,322,265,618,502,1.00123,10791,10.7778
025040107410003168d2a000a00000e2,2,3,22,322,265,618,502,1.00123,10753,10.7398
025040107410003168d2a000a00000e2,2,3,23,322,265,618,502,1.00123,10792,10.7788
025040107410003168d2a000a00000e2,2,3,24,322,265,618,502,1.00123,10766,10.7528
025040107410003168d2a000a00000e2,2,3,25,322,265,618,502,1.00123,10795,10.7818
025040107410003168d2a000a00000e2,2,3,26,322,265,618,502,1.00123,10779,10.7658
025040107410003168d2a000a00000e2,2,3,27,322,265,618,502,1.00123,10774,10.7608
025040107410003168d2a000a00000e2,2,3,28,322,265,618,502,1.00123,10750,10.7368
025040107410003168d2a000a00000e2,2,3,29,322,265,618,502,1.00123,10760,10.7468
025040107410003168d2a000a00000e2,2,3,30,322,265,618,502,1.00123,10751,10.7378
025040107410003168d2a000a00000e2,2,3,31,322,265,618,502,1.00123,10790,10.7768
025040107410003168d2a000a00000e2,2,3,32,322,265,618,502,1.00123,10762,10.7488
025040107410003168d2a000a00000e2,2,3,33,322,265,618,502,1.00123,10795,10.7818
025040107410003168d2a000a00000e2,2,3,34,322,265,618,502,1.00123,10755,10.7418
025040107410003168d2a000a00000e2,2,3,35,322,265,618,502,1.00123,10796,10.7828
025040107410003168d2a000a00000e2,2,3,36,322,265,618,502,1.00123,10777,10.7638
025040107410003168d2a000a00000e2,2,3,37,322,265,618,502,1.00123,10795,10.7818
025040107410003168d2a000a00000e2,2,3,38,322,265,618,502,1.00123,10755,10.7418
025040107410003168d2a000a00000e2,2,3,39,322,265,618,502,1.00123,10788,10.7748
025040107410003168d2a000a00000e2,2,3,40,322,265,618,502,1.00123,10767,10.7538
025040107410003168d2a000a00000e2,2,3,41,322,265,618,502,1.00123,10797,10.7838
025040107410003168d2a000a00000e2,2,3,42,322,265,618,502,1.00123,10760,10.7468
025040107410003168d2a000a00000e2,2,3,43,322,265,618,502,1.00123,10797,10.7838
025040107410003168d2a000a00000e2,2,3,44,322,265,618,502,1.00123,10766,10.7528
025040107410003168d2a000a00000e2,2,3,45,322,265,618,502,1.00123,10798,10.7848
025040107410003168d2a000a00000e2,2,3,46,322,265,618,502,1.00123,10787,10.7738
025040107410003168d2a000a00000e2,2,3,47,322,265,618,502,1.00123,10771,10.7578
025040107410003168d2a000a00000e2,2,3,48,322,265,618,502,1.00123,10763,10.7498
025040107410003168d2a000a00000e2,2,3,49,322,265,618,502,1.00123,10782,10.7688
025040107410003168d2a000a00000e2,2,3,50,322,265,618,502,1.00123,10787,10.7738
025040107410003168d2a000a00000e2,2,3,51,322,265,618,502,1.00123,10797,10.7838
025040107410003168d2a000a00000e2,2,3,52,322,265,618,502,1.00123,10765,10.7518
025040107410003168d2a000a00000e2,2,3,53,322,265,618,502,1.00123,10792,10.7788
025040107410003168d2a000a00000e2,2,3,54,322,265,618,502,1.00123,10764,10.7508
025040107410003168d2a000a00000e2,2,3,55,322,265,618,502,1.00123,10784,10.7708
025040107410003168d2a000a00000e2,2,3,56,322,265,618,502,1.00123,10786,10.7728
025040107410003168d2a000a00000e2,2,3,57,322,265,618,502,1.00123,10780,10.7668
025040107410003168d2a000a00000e2,2,3,58,322,265,618,502,1.00123,10784,10.7708
025040107410003168d2a000a00000e2,2,3,59,322,265,618,502,1.00123,10763,10.7498
025040107410003168d2a000a00000e2,2,3,60,322,265,618,502,1.00123,10705,10.6919
025040107410003168d2a000a00000e2,2,3,61,322,265,618,502,1.00123,10764,10.7508
025040107410003168d2a000a00000e2,2,3,62,322,265,618,502,1.00123,10752,10.7388
025040107410003168d2a000a00000e2,2,3,63,322,265,618,502,1.00123,10799,10.7858
025040107410003168d2a000a00000e2,2,3,0,322,265,619,503,1.00123,10624,10.611
025040107410003168d2a000a00000e2,2,3,1,322,265,619,503,1.00123,10713,10.6999
025040107410003168d2a000a00000e2,2,3,2,322,265,619,503,1.00123,10712,10.6989
025040107410003168d2a000a00000e2,2,3,3,322,265,619,503,1.00123,10742,10.7288
025040107410003168d2a000a00000e2,2,3,4,322,265,619,503,1.00123,10732,10.7189
025040107410003168d2a000a00000e2,2,3,5,322,265,619,503,1.00123,10714,10.7009
025040107410003168d2a000a00000e2,2,3,6,322,265,619,503,1.00123,10704,10.6909
025040107410003168d2a000a00000e2,2,3,7,322,265,619,503,1.00123,10722,10.7089
025040107410003168d2a000a00000e2,2,3,8,322,265,619,503,1.00123,10730,10.7169
025040107410003168d2a000a00000e2,2,3,9,322,265,619,503,1.00123,10760,10.7468
025040107410003168d2a000a00000e2,2,3,10,322,265,619,503,1.00123,10709,10.6959
025040107410003168d2a000a00000e2,2,3,11,322,265,619,503,1.00123,10746,10.7328
025040107410003168d2a000a00000e2,2,3,12,322,265,619,503,1.00123,10732,10.7189
025040107410003168d2a000a00000e2,2,3,13,322,265,619,503,1.00123,10748,10.7348
025040107410003168d2a000a00000e2,2,3,14,322,265,619,503,1.00123,10723,10.7099
025040107410003168d2a000a00000e2,2,3,15,322,265,619,503,1.00123,10762,10.7488
025040107410003168d2a000a00000e2,2,3,16,322,265,619,503,1.00123,10734,10.7209
025040107410003168d2a000a00000e2,2,3,17,322,265,619,503,1.00123,10763,10.7498
025040107410003168d2a000a00000e2,2,3,18,322,265,619,503,1.00123,10734,10.7209
025040107410003168d2a000a00000e2,2,3,19,322,265,619,503,1.00123,10734,10.7209
025040107410003168d2a000a00000e2,2,3,20,322,265,619,503,1.00123,10731,10.7179
025040107410003168d2a000a00000e2,2,3,21,322,265,619,503,1.00123,10765,10.7518
025040107410003168d2a000a00000e2,2,3,22,322,265,619,503,1.00123,10733,10.7199
025040107410003168d2a000a00000e2,2,3,23,322,265,619,503,1.00123,10765,10.7518
025040107410003168d2a000a00000e2,2,3,24,322,265,619,503,1.00123,10744,10.7308
025040107410003168d2a000a00000e2,2,3,25,322,265,619,503,1.00123,10765,10.7518
025040107410003168d2a000a00000e2,2,3,26,322,265,619,503,1.00123,10759,10.7458
025040107410003168d2a000a00000e2,2,3,27,322,265,619,503,1.00123,10754,10.7408
025040107410003168d2a000a00000e2,2,3,28,322,265,619,503,1.00123,10732,10.7189
025040107410003168d2a000a00000e2,2,3,29,322,265,619,503,1.00123,10745,10.7318
025040107410003168d2a000a00000e2,2,3,30,322,265,619,503,1.00123,10734,10.7209
025040107410003168d2a000a00000e2,2,3,31,322,265,619,503,1.00123,10765,10.7518
025040107410003168d2a000a00000e2,2,3,32,322,265,619,503,1.00123,10738,10.7248
025040107410003168d2a000a00000e2,2,3,33,322,265,619,503,1.00123,10766,10.7528
025040107410003168d2a000a00000e2,2,3,34,322,265,619,503,1.00123,10732,10.7189
025040107410003168d2a000a00000e2,2,3,35,322,265,619,503,1.00123,10767,10.7538
025040107410003168d2a000a00000e2,2,3,36,322,265,619,503,1.00123,10751,10.7378
025040107410003168d2a000a00000e2,2,3,37,322,265,619,503,1.00123,10766,10.7528
025040107410003168d2a000a00000e2,2,3,38,322,265,619,503,1.00123,10735,10.7219
025040107410003168d2a000a00000e2,2,3,39,322,265,619,503,1.00123,10763,10.7498
025040107410003168d2a000a00000e2,2,3,40,322,265,619,503,1.00123,10743,10.7298
025040107410003168d2a000a00000e2,2,3,41,322,265,619,503,1.00123,10769,10.7558
025040107410003168d2a000a00000e2,2,3,42,322,265,619,503,1.00123,10735,10.7219
025040107410003168d2a000a00000e2,2,3,43,322,265,619,503,1.00123,10768,10.7548
025040107410003168d2a000a00000e2,2,3,44,322,265,619,503,1.00123,10742,10.7288
025040107410003168d2a000a00000e2,2,3,45,322,265,619,503,1.00123,10770,10.7568
025040107410003168d2a000a00000e2,2,3,46,322,265,619,503,1.00123,10759,10.7458
025040107410003168d2a000a00000e2,2,3,47,322,265,619,503,1.00123,10745,10.7318
025040107410003168d2a000a00000e2,2,3,48,322,265,619,503,1.00123,10740,10.7268
025040107410003168d2a000a00000e2,2,3,49,322,265,619,503,1.00123,10759,10.7458
025040107410003168d2a000a00000e2,2,3,50,322,265,619,503,1.00123,10760,10.7468
025040107410003168d2a000a00000e2,2,3,51,322,265,619,503,1.00123,10768,10.7548
025040107410003168d2a000a00000e2,2,3,52,322,265,619,503,1.00123,10745,10.7318
025040107410003168d2a000a00000e2,2,3,53,322,265,619,503,1.00123,10764,10.7508
025040107410003168d2a000a00000e2,2,3,54,322,265,619,503,1.00123,10738,10.7248
025040107410003168d2a000a00000e2,2,3,55,322,265,619,503,1.00123,10756,10.7428
025040107410003168d2a000a00000e2,2,3,56,322,265,619,503,1.00123,10756,10.7428
025040107410003168d2a000a00000e2,2,3,57,322,265,619,503,1.00123,10753,10.7398
025040107410003168d2a000a00000e2,2,3,58,322,265,619,503,1.00123,10761,10.7478
025040107410003168d2a000a00000e2,2,3,59,322,265,619,503,1.00123,10737,10.7238
025040107410003168d2a000a00000e2,2,3,60,322,265,619,503,1.00123,10688,10.6749
025040107410003168d2a000a00000e2,2,3,61,322,265,619,503,1.00123,10738,10.7248
025040107410003168d2a000a00000e2,2,3,62,322,265,619,503,1.00123,10724,10.7109
025040107410003168d2a000a00000e2,2,3,63,322,265,619,503,1.00123,10773,10.7598
025040107410003168d2a000a00000e2,2,3,0,322,265,620,503,1.00123,10571,10.5581
025040107410003168d2a000a00000e2,2,3,1,322,265,620,503,1.00123,10705,10.6919
025040107410003168d2a000a00000e2,2,3,2,322,265,620,503,1.00123,10707,10.6939
025040107410003168d2a000a00000e2,2,3,3,322,265,620,503,1.00123,10743,10.7298
025040107410003168d2a000a00000e2,2,3,4,322,265,620,503,1.00123,10738,10.7248
025040107410003168d2a000a00000e2,2,3,5,322,265,620,503,1.00123,10705,10.6919
025040107410003168d2a000a00000e2,2,3,6,322,265,620,503,1.00123,10697,10.6839
025040107410003168d2a000a00000e2,2,3,7,322,265,620,503,1.00123,10715,10.7019
025040107410003168d2a000a00000e2,2,3,8,322,265,620,503,1.00123,10729,10.7159
025040107410003168d2a000a00000e2,2,3,9,322,265,620,503,1.00123,10764,10.7508
025040107410003168d2a000a00000e2,2,3,10,322,265,620,503,1.00123,10701,10.6879
025040107410003168d2a000a00000e2,2,3,11,322,265,620,503,1.00123,10748,10.7348
025040107410003168d2a000a00000e2,2,3,12,322,265,620,503,1.00123,10743,10.7298
025040107410003168d2a000a00000e2,2,3,13,322,265,620,503,1.00123,10752,10.7388
025040107410003168d2a000a00000e2,2,3,14,322,265,620,503,1.00123,10715,10.7019
025040107410003168d2a000a00000e2,2,3,15,322,265,620,503,1.00123,10764,10.7508
025040107410003168d2a000a00000e2,2,3,16,322,265,620,503,1.00123,10735,10.7219
025040107410003168d2a000a00000e2,2,3,17,322,265,620,503,1.00123,10763,10.7498
025040107410003168d2a000a00000e2,2,3,18,322,265,620,503,1.00123,10731,10.7179
025040107410003168d2a000a00000e2,2,3,19,322,265,620,503,1.00123,10736,10.7229
025040107410003168d2a000a00000e2,2,3,20,322,265,620,503,1.00123,10724,10.7109
025040107410003168d2a000a00000e2,2,3,21,322,265,620,503,1.00123,10769,10.7558
025040107410003168d2a000a00000e2,2,3,22,322,265,620,503,1.00123,10733,10.7199
025040107410003168d2a000a00000e2,2,3,23,322,265,620,503,1.00123,10772,10.7588
025040107410003168d2a000a00000e2,2,3,24,322,265,620,503,1.00123,10752,10.7388
025040107410003168d2a000a00000e2,2,3,25,322,265,620,503,1.00123,10771,10.7578
025040107410003168d2a000a00000e2,2,3,26,322,265,620,503,1.00123,10761,10.7478
025040107410003168d2a000a00000e2,2,3,27,322,265,620,503,1.00123,10754,10.7408
025040107410003168d2a000a00000e2,2,3,28,322,265,620,503,1.00123,10729,10.7159
025040107410003168d2a000a00000e2,2,3,29,322,265,620,503,1.00123,10746,10.7328
025040107410003168d2a000a00000e2,2,3,30,322,265,620,503,1.00123,10727,10.7139
025040107410003168d2a000a00000e2,2,3,31,322,265,620,503,1.00123,10770,10.7568
025040107410003168d2a000a00000e2,2,3,32,322,265,620,503,1.00123,10747,10.7338
025040107410003168d2a000a00000e2,2,3,33,322,265,620,503,1.00123,10772,10.7588
025040107410003168d2a000a00000e2,2,3,34,322,265,620,503,1.00123,10731,10.7179
025040107410003168d2a000a00000e2,2,3,35,322,265,620,503,1.00123,10772,10.7588
025040107410003168d2a000a00000e2,2,3,36,322,265,620,503,1.00123,10756,10.7428
025040107410003168d2a000a00000e2,2,3,37,322,265,620,503,1.00123,10771,10.7578
025040107410003168d2a000a00000e2,2,3,38,322,265,620,503,1.00123,10740,10.7268
025040107410003168d2a000a00000e2,2,3,39,322,265,620,503,1.00123,10762,10.7488
025040107410003168d2a000a00000e2,2,3,40,322,265,620,503,1.00123,10748,10.7348
025040107410003168d2a000a00000e2,2,3,41,322,265,620,503,1.00123,10772,10.7588
025040107410003168d2a000a00000e2,2,3,42,322,265,620,503,1.00123,10745,10.7318
025040107410003168d2a000a00000e2,2,3,43,322,265,620,503,1.00123,10773,10.7598
025040107410003168d2a000a00000e2,2,3,44,322,265,620,503,1.00123,10750,10.7368
025040107410003168d2a000a00000e2,2,3,45,322,265,620,503,1.00123,10772,10.7588
025040107410003168d2a000a00000e2,2,3,46,322,265,620,503,1.00123,10760,10.7468
025040107410003168d2a000a00000e2,2,3,47,322,265,620,503,1.00123,10752,10.7388
025040107410003168d2a000a00000e2,2,3,48,322,265,620,503,1.00123,10747,10.7338
025040107410003168d2a000a00000e2,2,3,49,322,265,620,503,1.00123,10759,10.7458
025040107410003168d2a000a00000e2,2,3,50,322,265,620,503,1.00123,10758,10.7448
025040107410003168d2a000a00000e2,2,3,51,322,265,620,503,1.00123,10771,10.7578
025040107410003168d2a000a00000e2,2,3,52,322,265,620,503,1.00123,10751,10.7378
025040107410003168d2a000a00000e2,2,3,53,322,265,620,503,1.00123,10768,10.7548
025040107410003168d2a000a00000e2,2,3,54,322,265,620,503,1.00123,10747,10.7338
025040107410003168d2a000a00000e2,2,3,55,322,265,620,503,1.00123,10757,10.7438
025040107410003168d2a000a00000e2,2,3,56,322,265,620,503,1.00123,10757,10.7438
025040107410003168d2a000a00000e2,2,3,57,322,265,620,503,1.00123,10757,10.7438
025040107410003168d2a000a00000e2,2,3,58,322,265,620,503,1.00123,10761,10.7478
025040107410003168d2a000a00000e2,2,3,59,322,265,620,503,1.00123,10739,10.7258
025040107410003168d2a000a00000e2,2,3,60,322,265,620,503,1.00123,10645,10.632
025040107410003168d2a000a00000e2,2,3,61,322,265,620,503,1.00123,10741,10.7278
025040107410003168d2a000a00000e2,2,3,62,322,265,620,503,1.00123,10715,10.7019
025040107410003168d2a000a00000e2,2,3,63,322,265,620,503,1.00123,10778,10.7648
025040107410003168d2a000a00000e2,2,3,0,322,265,621,504,1.00123,10321,10.3084
025040107410003168d2a000a00000e2,2,3,1,322,265,621,504,1.00123,10686,10.6729
025040107410003168d2a000a00000e2,2,3,2,322,265,621,504,1.00123,10691,10.6779
025040107410003168d2a000a00000e2,2,3,3,322,265,621,504,1.00123,10725,10.7119
025040107410003168d2a000a00000e2,2,3,4,322,265,621,504,1.00123,10724,10.7109
025040107410003168d2a000a00000e2,2,3,5,322,265,621,504,1.00123,10684,10.6709
025040107410003168d2a000a00000e2,2,3,6,322,265,621,504,1.00123,10670,10.6569
025040107410003168d2a000a00000e2,2,3,7,322,265,621,504,1.00123,10701,10.6879
025040107410003168d2a000a00000e2,2,3,8,322,265,621,504,1.00123,10714,10.7009
025040107410003168d2a000a00000e2,2,3,9,322,265,621,504,1.00123,10745,10.7318
025040107410003168d2a000a00000e2,2,3,10,322,265,621,504,1.00123,10672,10.6589
025040107410003168d2a000a00000e2,2,3,11,322,265,621,504,1.00123,10731,10.7179
025040107410003168d2a000a00000e2,2,3,12,322,265,621,504,1.00123,10724,10.7109
025040107410003168d2a000a00000e2,2,3,13,322,265,621,504,1.00123,10731,10.7179
025040107410003168d2a000a00000e2,2,3,14,322,265,621,504,1.00123,10700,10.6869
025040107410003168d2a000a00000e2,2,3,15,322,265,621,504,1.00123,10743,10.7298
025040107410003168d2a000a00000e2,2,3,16,322,265,621,504,1.00123,10718,10.7049
025040107410003168d2a000a00000e2,2,3,17,322,265,621,504,1.00123,10745,10.7318
025040107410003168d2a000a00000e2,2,3,18,322,265,621,504,1.00123,10718,10.7049
025040107410003168d2a000a00000e2,2,3,19,322,265,621,504,1.00123,10719,10.7059
025040107410003168d2a000a00000e2,2,3,20,322,265,621,504,1.00123,10711,10.6979
025040107410003168d2a000a00000e2,2,3,21,322,265,621,504,1.00123,10748,10.7348
025040107410003168d2a000a00000e2,2,3,22,322,265,621,504,1.00123,10718,10.7049
025040107410003168d2a000a00000e2,2,3,23,322,265,621,504,1.00123,10753,10.7398
025040107410003168d2a000a00000e2,2,3,24,322,265,621,504,1.00123,10734,10.7209
025040107410003168d2a000a00000e2,2,3,25,322,265,621,504,1.00123,10753,10.7398
025040107410003168d2a000a00000e2,2,3,26,322,265,621,504,1.00123,10741,10.7278
025040107410003168d2a000a00000e2,2,3,27,322,265,621,504,1.00123,10736,10.7229
025040107410003168d2a000a00000e2,2,3,28,322,265,621,504,1.00123,10715,10.7019
025040107410003168d2a000a00000e2,2,3,29,322,265,621,504,1.00123,10729,10.7159
025040107410003168d2a000a00000e2,2,3,30,322,265,621,504,1.00123,10713,10.6999
025040107410003168d2a000a00000e2,2,3,31,322,265,621,504,1.00123,10749,10.7358
025040107410003168d2a000a00000e2,2,3,32,322,265,621,504,1.00123,10728,10.7149
025040107410003168d2a000a00000e2,2,3,33,322,265,621,504,1.00123,10753,10.7398
025040107410003168d2a000a00000e2,2,3,34,322,265,621,504,1.00123,10721,10.7079
025040107410003168d2a000a00000e2,2,3,35,322,265,621,504,1.00123,10753,10.7398
025040107410003168d2a000a00000e2,2,3,36,322,265,621,504,1.00123,10740,10.7268
025040107410003168d2a000a00000e2,2,3,37,322,265,621,504,1.00123,10753,10.7398
025040107410003168d2a000a00000e2,2,3,38,322,265,621,504,1.00123,10723,10.7099
025040107410003168d2a000a00000e2,2,3,39,322,265,621,504,1.00123,10744,10.7308
025040107410003168d2a000a00000e2,2,3,40,322,265,621,504,1.00123,10727,10.7139
025040107410003168d2a000a00000e2,2,3,41,322,265,621,504,1.00123,10754,10.7408
025040107410003168d2a000a00000e2,2,3,42,322,265,621,504,1.00123,10727,10.7139
025040107410003168d2a000a00000e2,2,3,43,322,265,621,504,1.00123,10753,10.7398
025040107410003168d2a000a00000e2,2,3,44,322,265,621,504,1.00123,10728,10.7149
025040107410003168d2a000a00000e2,2,3,45,322,265,621,504,1.00123,10754,10.7408
025040107410003168d2a000a00000e2,2,3,46,322,265,621,504,1.00123,10740,10.7268
025040107410003168d2a000a00000e2,2,3,47,322,265,621,504,1.00123,10729,10.7159
025040107410003168d2a000a00000e2,2,3,48,322,265,621,504,1.00123,10729,10.7159
025040107410003168d2a000a00000e2,2,3,49,322,265,621,504,1.00123,10741,10.7278
025040107410003168d2a000a00000e2,2,3,50,322,265,621,504,1.00123,10738,10.7248
025040107410003168d2a000a00000e2,2,3,51,322,265,621,504,1.00123,10754,10.7408
025040107410003168d2a000a00000e2,2,3,52,322,265,621,504,1.00123,10730,10.7169
025040107410003168d2a000a00000e2,2,3,53,322,265,621,504,1.00123,10746,10.7328
025040107410003168d2a000a00000e2,2,3,54,322,265,621,504,1.00123,10725,10.7119
025040107410003168d2a000a00000e2,2,3,55,322,265,621,504,1.00123,10736,10.7229
025040107410003168d2a000a00000e2,2,3,56,322,265,621,504,1.00123,10737,10.7238
025040107410003168d2a000a00000e2,2,3,57,322,265,621,504,1.00123,10734,10.7209
025040107410003168d2a000a00000e2,2,3,58,322,265,621,504,1.00123,10741,10.7278
025040107410003168d2a000a00000e2,2,3,59,322,265,621,504,1.00123,10723,10.7099
025040107410003168d2a000a00000e2,2,3,60,322,265,621,504,1.00123,10532,10.5191
025040107410003168d2a000a00000e2,2,3,61,322,265,621,504,1.00123,10725,10.7119
025040107410003168d2a000a00000e2,2,3,62,322,265,621,504,1.00123,10703,10.6899
025040107410003168d2a000a00000e2,2,3,63,322,265,621,504,1.00123,10765,10.7518
025040107410003168d2a000a00000e2,2,3,0,322,265,622,505,1.00123,9784,9.77202
025040107410003168d2a000a00000e2,2,3,1,322,265,622,505,1.00123,10693,10.6799
025040107410003168d2a000a00000e2,2,3,2,322,265,622,505,1.00123,10697,10.6839
025040107410003168d2a000a00000e2,2,3,3,322,265,622,505,1.00123,10738,10.7248
025040107410003168d2a000a00000e2,2,3,4,322,265,622,505,1.00123,10735,10.7219
025040107410003168d2a000a00000e2,2,3,5,322,265,622,505,1.00123,10694,10.6809
025040107410003168d2a000a00000e2,2,3,6,322,265,622,505,1.00123,10684,10.6709
025040107410003168d2a000a00000e2,2,3,7,322,265,622,505,1.00123,10706,10.6929
025040107410003168d2a000a00000e2,2,3,8,322,265,622,505,1.00123,10729,10.7159
025040107410003168d2a000a00000e2,2,3,9,322,265,622,505,1.00123,10753,10.7398
025040107410003168d2a000a00000e2,2,3,10,322,265,622,505,1.00123,10689,10.6759
025040107410003168d2a000a00000e2,2,3,11,322,265,622,505,1.00123,10741,10.7278
025040107410003168d2a000a00000e2,2,3,12,322,265,622,505,1.00123,10739,10.7258
025040107410003168d2a000a00000e2,2,3,13,322,265,622,505,1.00123,10741,10.7278
025040107410003168d2a000a00000e2,2,3,14,322,265,622,505,1.00123,10708,10.6949
025040107410003168d2a000a00000e2,2,3,15,322,265,622,505,1.00123,10752,10.7388
025040107410003168d2a000a00000e2,2,3,16,322,265,622,505,1.00123,10733,10.7199
025040107410003168d2a000a00000e2,2,3,17,322,265,622,505,1.00123,10754,10.7408
025040107410003168d2a000a00000e2,2,3,18,322,265,622,505,1.00123,10731,10.7179
025040107410003168d2a000a00000e2,2,3,19,322,265,622,505,1.00123,10734,10.7209
025040107410003168d2a000a00000e2,2,3,20,322,265,622,505,1.00123,10724,10.7109
025040107410003168d2a000a00000e2,2,3,21,322,265,622,505,1.00123,10760,10.7468
025040107410003168d2a000a00000e2,2,3,22,322,265,622,505,1.00123,10733,10.7199
025040107410003168d2a000a00000e2,2,3,23,322,265,622,505,1.00123,10766,10.7528
025040107410003168d2a000a00000e2,2,3,24,322,265,622,505,1.00123,10747,10.7338
025040107410003168d2a000a00000e2,2,3,25,322,265,622,505,1.00123,10770,10.7568
025040107410003168d2a000a00000e2,2,3,26,322,265,622,505,1.00123,10753,10.7398
025040107410003168d2a000a00000e2,2,3,27,322,265,622,505,1.00123,10747,10.7338
025040107410003168d2a000a00000e2,2,3,28,322,265,622,505,1.00123,10726,10.7129
025040107410003168d2a000a00000e2,2,3,29,322,265,622,505,1.00123,10740,10.7268
025040107410003168d2a000a00000e2,2,3,30,322,265,622,505,1.00123,10729,10.7159
025040107410003168d2a000a00000e2,2,3,31,322,265,622,505,1.00123,10760,10.7468
025040107410003168d2a000a00000e2,2,3,32,322,265,622,505,1.00123,10741,10.7278
025040107410003168d2a000a00000e2,2,3,33,322,265,622,505,1.00123,10773,10.7598
025040107410003168d2a000a00000e2,2,3,34,322,265,622,505,1.00123,10733,10.7199
025040107410003168d2a000a00000e2,2,3,35,322,265,622,505,1.00123,10773,10.7598
025040107410003168d2a000a00000e2,2,3,36,322,265,622,505,1.00123,10749,10.7358
025040107410003168d2a000a00000e2,2,3,37,322,265,622,505,1.00123,10770,10.7568
025040107410003168d2a000a00000e2,2,3,38,322,265,622,505,1.00123,10738,10.7248
025040107410003168d2a000a00000e2,2,3,39,322,265,622,505,1.00123,10755,10.7418
025040107410003168d2a000a00000e2,2,3,40,322,265,622,505,1.00123,10742,10.7288
025040107410003168d2a000a00000e2,2,3,41,322,265,622,505,1.00123,10775,10.7618
025040107410003168d2a000a00000e2,2,3,42,322,265,622,505,1.00123,10737,10.7238
025040107410003168d2a000a00000e2,2,3,43,322,265,622,505,1.00123,10779,10.7658
025040107410003168d2a000a00000e2,2,3,44,322,265,622,505,1.00123,10744,10.7308
025040107410003168d2a000a00000e2,2,3,45,322,265,622,505,1.00123,10777,10.7638
025040107410003168d2a000a00000e2,2,3,46,322,265,622,505,1.00123,10754,10.7408
025040107410003168d2a000a00000e2,2,3,47,322,265,622,505,1.00123,10743,10.7298
025040107410003168d2a000a00000e2,2,3,48,322,265,622,505,1.00123,10738,10.7248
025040107410003168d2a000a00000e2,2,3,49,322,265,622,505,1.00123,10748,10.7348
025040107410003168d2a000a00000e2,2,3,50,322,265,622,505,1.00123,10749,10.7358
025040107410003168d2a000a00000e2,2,3,51,322,265,622,505,1.00123,10773,10.7598
025040107410003168d2a000a00000e2,2,3,52,322,265,622,505,1.00123,10743,10.7298
025040107410003168d2a000a00000e2,2,3,53,322,265,622,505,1.00123,10757,10.7438
025040107410003168d2a000a00000e2,2,3,54,322,265,622,505,1.00123,10736,10.7229
025040107410003168d2a000a00000e2,2,3,55,322,265,622,505,1.00123,10744,10.7308
025040107410003168d2a000a00000e2,2,3,56,322,265,622,505,1.00123,10747,10.7338
025040107410003168d2a000a00000e2,2,3,57,322,265,622,505,1.00123,10741,10.7278
025040107410003168d2a000a00000e2,2,3,58,322,265,622,505,1.00123,10750,10.7368
025040107410003168d2a000a00000e2,2,3,59,322,265,622,505,1.00123,10729,10.7159
025040107410003168d2a000a00000e2,2,3,60,322,265,622,505,1.00123,10299,10.2864
025040107410003168d2a000a00000e2,2,3,61,322,265,622,505,1.00123,10730,10.7169
025040107410003168d2a000a00000e2,2,3,62,322,265,622,505,1.00123,10705,10.6919
025040107410003168d2a000a00000e2,2,3,63,322,265,622,505,1.00123,10787,10.7738
025040107410003168d2a000a00000e2,2,3,0,322,265,623,506,1.00123,8116,8.10606
025040107410003168d2a000a00000e2,2,3,1,322,265,623,506,1.00123,10699,10.6859
025040107410003168d2a000a00000e2,2,3,2,322,265,623,506,1.00123,10709,10.6959
025040107410003168d2a000a00000e2,2,3,3,322,265,623,506,1.00123,10760,10.7468
025040107410003168d2a000a00000e2,2,3,4,322,265,623,506,1.00123,10754,10.7408
025040107410003168d2a000a00000e2,2,3,5,322,265,623,506,1.00123,10709,10.6959
025040107410003168d2a000a00000e2,2,3,6,322,265,623,506,1.00123,10696,10.6829
025040107410003168d2a000a00000e2,2,3,7,322,265,623,506,1.00123,10723,10.7099
025040107410003168d2a000a00000e2,2,3,8,322,265,623,506,1.00123,10746,10.7328
025040107410003168d2a000a00000e2,2,3,9,322,265,623,506,1.00123,10777,10.7638
025040107410003168d2a000a00000e2,2,3,10,322,265,623,506,1.00123,10701,10.6879
025040107410003168d2a000a00000e2,2,3,11,322,265,623,506,1.00123,10760,10.7468
025040107410003168d2a000a00000e2,2,3,12,322,265,623,506,1.00123,10755,10.7418
025040107410003168d2a000a00000e2,2,3,13,322,265,623,506,1.00123,10763,10.7498
025040107410003168d2a000a00000e2,2,3,14,322,265,623,506,1.00123,10723,10.7099
025040107410003168d2a000a00000e2,2,3,15,322,265,623,506,1.00123,10776,10.7628
025040107410003168d2a000a00000e2,2,3,16,322,265,623,506,1.00123,10750,10.7368
025040107410003168d2a000a00000e2,2,3,17,322,265,623,506,1.00123,10776,10.7628
025040107410003168d2a000a00000e2,2,3,18,322,265,623,506,1.00123,10745,10.7318
025040107410003168d2a000a00000e2,2,3,19,322,265,623,506,1.00123,10746,10.7328
025040107410003168d2a000a00000e2,2,3,20,322,265,623,506,1.00123,10736,10.7229
025040107410003168d2a000a00000e2,2,3,21,322,265,623,506,1.00123,10781,10.7678
025040107410003168d2a000a00000e2,2,3,22,322,265,623,506,1.00123,10751,10.7378
025040107410003168d2a000a00000e2,2,3,23,322,265,623,506,1.00123,10785,10.7718
025040107410003168d2a000a00000e2,2,3,24,322,265,623,506,1.00123,10764,10.7508
025040107410003168d2a000a00000e2,2,3,25,322,265,623,506,1.00123,10786,10.7728
025040107410003168d2a000a00000e2,2,3,26,322,265,623,506,1.00123,10775,10.7618
025040107410003168d2a000a00000e2,2,3,27,322,265,623,506,1.00123,10766,10.7528
025040107410003168d2a000a00000e2,2,3,28,322,265,623,506,1.00123,10741,10.7278
025040107410003168d2a000a00000e2,2,3,29,322,265,623,506,1.00123,10758,10.7448
025040107410003168d2a000a00000e2,2,3,30,322,265,623,506,1.00123,10740,10.7268
025040107410003168d2a000a00000e2,2,3,31,322,265,623,506,1.00123,10780,10.7668
025040107410003168d2a000a00000e2,2,3,32,322,265,623,506,1.00123,10758,10.7448
025040107410003168d2a000a00000e2,2,3,33,322,265,623,506,1.00123,10794,10.7808
025040107410003168d2a000a00000e2,2,3,34,322,265,623,506,1.00123,10747,10.7338
025040107410003168d2a000a00000e2,2,3,35,322,265,623,506,1.00123,10794,10.7808
025040107410003168d2a000a00000e2,2,3,36,322,265,623,506,1.00123,10770,10.7568
025040107410003168d2a000a00000e2,2,3,37,322,265,623,506,1.00123,10787,10.7738
025040107410003168d2a000a00000e2,2,3,38,322,265,623,506,1.00123,10756,10.7428
025040107410003168d2a000a00000e2,2,3,39,322,265,623,506,1.00123,10777,10.7638
025040107410003168d2a000a00000e2,2,3,40,322,265,623,506,1.00123,10762,10.7488
025040107410003168d2a000a00000e2,2,3,41,322,265,623,506,1.00123,10796,10.7828
025040107410003168d2a000a00000e2,2,3,42,322,265,623,506,1.00123,10756,10.7428
025040107410003168d2a000a00000e2,2,3,43,322,265,623,506,1.00123,10800,10.7868
025040107410003168d2a000a00000e2,2,3,44,322,265,623,506,1.00123,10760,10.7468
025040107410003168d2a000a00000e2,2,3,45,322,265,623,506,1.00123,10798,10.7848
025040107410003168d2a000a00000e2,2,3,46,322,265,623,506,1.00123,10776,10.7628
025040107410003168d2a000a00000e2,2,3,47,322,265,623,506,1.00123,10760,10.7468
025040107410003168d2a000a00000e2,2,3,48,322,265,623,506,1.00123,10758,10.7448
025040107410003168d2a000a00000e2,2,3,49,322,265,623,506,1.00123,10770,10.7568
025040107410003168d2a000a00000e2,2,3,50,322,265,623,506,1.00123,10771,10.7578
025040107410003168d2a000a00000e2,2,3,51,322,265,623,506,1.00123,10794,10.7808
025040107410003168d2a000a00000e2,2,3,52,322,265,623,506,1.00123,10761,10.7478
025040107410003168d2a000a00000e2,2,3,53,322,265,623,506,1.00123,10778,10.7648
025040107410003168d2a000a00000e2,2,3,54,322,265,623,506,1.00123,10758,10.7448
025040107410003168d2a000a00000e2,2,3,55,322,265,623,506,1.00123,10767,10.7538
025040107410003168d2a000a00000e2,2,3,56,322,265,623,506,1.00123,10769,10.7558
025040107410003168d2a000a00000e2,2,3,57,322,265,623,506,1.00123,10764,10.7508
025040107410003168d2a000a00000e2,2,3,58,322,265,623,506,1.00123,10770,10.7568
025040107410003168d2a000a00000e2,2,3,59,322,265,623,506,1.00123,10747,10.7338
025040107410003168d2a000a00000e2,2,3,60,322,265,623,506,1.00123,9338,9.32656
025040107410003168d2a000a00000e2,2,3,61,322,265,623,506,1.00123,10751,10.7378
025040107410003168d2a000a00000e2,2,3,62,322,265,623,506,1.00123,10706,10.6929
025040107410003168d2a000a00000e2,2,3,63,322,265,623,506,1.00123,10816,10.8028
025040107410003168d2a000a00000e2,2,3,0,322,265,624,507,1.00123,4702,4.69624
025040107410003168d2a000a00000e2,2,3,1,322,265,624,507,1.00123,10670,10.6569
025040107410003168d2a000a00000e2,2,3,2,322,265,624,507,1.00123,10691,10.6779
025040107410003168d2a000a00000e2,2,3,3,322,265,624,507,1.00123,10738,10.7248
025040107410003168d2a000a00000e2,2,3,4,322,265,624,507,1.00123,10735,10.7219
025040107410003168d2a000a00000e2,2,3,5,322,265,624,507,1.00123,10683,10.6699
025040107410003168d2a000a00000e2,2,3,6,322,265,624,507,1.00123,10678,10.6649
025040107410003168d2a000a00000e2,2,3,7,322,265,624,507,1.00123,10705,10.6919
025040107410003168d2a000a00000e2,2,3,8,322,265,624,507,1.00123,10724,10.7109
025040107410003168d2a000a00000e2,2,3,9,322,265,624,507,1.00123,10761,10.7478
025040107410003168d2a000a00000e2,2,3,10,322,265,624,507,1.00123,10683,10.6699
025040107410003168d2a000a00000e2,2,3,11,322,265,624,507,1.00123,10745,10.7318
025040107410003168d2a000a00000e2,2,3,12,322,265,624,507,1.00123,10737,10.7238
025040107410003168d2a000a00000e2,2,3,13,322,265,624,507,1.00123,10743,10.7298
025040107410003168d2a000a00000e2,2,3,14,322,265,624,507,1.00123,10702,10.6889
025040107410003168d2a000a00000e2,2,3,15,322,265,624,507,1.00123,10754,10.7408
025040107410003168d2a000a00000e2,2,3,16,322,265,624,507,1.00123,10727,10.7139
025040107410003168d2a000a00000e2,2,3,17,322,265,624,507,1.00123,10759,10.7458
025040107410003168d2a000a00000e2,2,3,18,322,265,624,507,1.00123,10727,10.7139
025040107410003168d2a000a00000e2,2,3,19,322,265,624,507,1.00123,10725,10.7119
025040107410003168d2a000a00000e2,2,3,20,322,265,624,507,1.00123,10723,10.7099
025040107410003168d2a000a00000e2,2,3,21,322,265,624,507,1.00123,10761,10.7478
025040107410003168d2a000a00000e2,2,3,22,322,265,624,507,1.00123,10725,10.7119
025040107410003168d2a000a00000e2,2,3,23,322,265,624,507,1.00123,10766,10.7528
025040107410003168d2a000a00000e2,2,3,24,322,265,624,507,1.00123,10743,10.7298
025040107410003168d2a000a00000e2,2,3,25,322,265,624,507,1.00123,10768,10.7548
025040107410003168d2a000a00000e2,2,3,26,322,265,624,507,1.00123,10752,10.7388
025040107410003168d2a000a00000e2,2,3,27,322,265,624,507,1.00123,10747,10.7338
025040107410003168d2a000a00000e2,2,3,28,322,265,624,507,1.00123,10721,10.7079
025040107410003168d2a000a00000e2,2,3,29,322,265,624,507,1.00123,10739,10.7258
025040107410003168d2a000a00000e2,2,3,30,322,265,624,507,1.00123,10725,10.7119
025040107410003168d2a000a00000e2,2,3,31,322,265,624,507,1.00123,10765,10.7518
025040107410003168d2a000a00000e2,2,3,32,322,265,624,507,1.00123,10738,10.7248
025040107410003168d2a000a00000e2,2,3,33,322,265,624,507,1.00123,10772,10.7588
025040107410003168d2a000a00000e2,2,3,34,322,265,624,507,1.00123,10727,10.7139
025040107410003168d2a000a00000e2,2,3,35,322,265,624,507,1.00123,10775,10.7618
025040107410003168d2a000a00000e2,2,3,36,322,265,624,507,1.00123,10750,10.7368
025040107410003168d2a000a00000e2,2,3,37,322,265,624,507,1.00123,10770,10.7568
025040107410003168d2a000a00000e2,2,3,38,322,265,624,507,1.00123,10735,10.7219
025040107410003168d2a000a00000e2,2,3,39,322,265,624,507,1.00123,10758,10.7448
025040107410003168d2a000a00000e2,2,3,40,322,265,624,507,1.00123,10742,10.7288
025040107410003168d2a000a00000e2,2,3,41,322,265,624,507,1.00123,10777,10.7638
025040107410003168d2a000a00000e2,2,3,42,322,265,624,507,1.00123,10738,10.7248
025040107410003168d2a000a00000e2,2,3,43,322,265,624,507,1.00123,10781,10.7678
025040107410003168d2a000a00000e2,2,3,44,322,265,624,507,1.00123,10743,10.7298
025040107410003168d2a000a00000e2,2,3,45,322,265,624,507,1.00123,10782,10.7688
025040107410003168d2a000a00000e2,2,3,46,322,265,624,507,1.00123,10756,10.7428
025040107410003168d2a000a00000e2,2,3,47,322,265,624,507,1.00123,10743,10.7298
025040107410003168d2a000a00000e2,2,3,48,322,265,624,507,1.00123,10742,10.7288
025040107410003168d2a000a00000e2,2,3,49,322,265,624,507,1.00123,10751,10.7378
025040107410003168d2a000a00000e2,2,3,50,322,265,624,507,1.00123,10755,10.7418
025040107410003168d2a000a00000e2,2,3,51,322,265,624,507,1.00123,10779,10.7658
025040107410003168d2a000a00000e2,2,3,52,322,265,624,507,1.00123,10742,10.7288
025040107410003168d2a000a00000e2,2,3,53,322,265,624,507,1.00123,10761,10.7478
025040107410003168d2a000a00000e2,2,3,54,322,265,624,507,1.00123,10736,10.7229
025040107410003168d2a000a00000e2,2,3,55,322,265,624,507,1.00123,10749,10.7358
025040107410003168d2a000a00000e2,2,3,56,322,265,624,507,1.00123,10753,10.7398
025040107410003168d2a000a00000e2,2,3,57,322,265,624,507,1.00123,10742,10.7288
025040107410003168d2a000a00000e2,2,3,58,322,265,624,507,1.00123,10750,10.7368
025040107410003168d2a000a00000e2,2,3,59,322,265,624,507,1.00123,10724,10.7109
025040107410003168d2a000a00000e2,2,3,60,322,265,624,507,1.00123,6581,6.57294
025040107410003168d2a000a00000e2,2,3,61,322,265,624,507,1.00123,10728,10.7149
025040107410003168d2a000a00000e2,2,3,62,322,265,624,507,1.00123,10660,10.6469
025040107410003168d2a000a00000e2,2,3,63,322,265,624,507,1.00123,10794,10.7808
025040107410003168d2a000a00000e2,2,3,0,322,265,625,508,1.0027,1678,1.67348
025040107410003168d2a000a00000e2,2,3,1,322,265,625,508,1.0027,10682,10.6532
025040107410003168d2a000a00000e2,2,3,2,322,265,625,508,1.0027,10713,10.6841
025040107410003168d2a000a00000e2,2,3,3,322,265,625,508,1.0027,10750,10.721
025040107410003168d2a000a00000e2,2,3,4,322,265,625,508,1.0027,10747,10.7181
025040107410003168d2a000a00000e2,2,3,5,322,265,625,508,1.0027,10691,10.6622
025040107410003168d2a000a00000e2,2,3,6,322,265,625,508,1.0027,10697,10.6682
025040107410003168d2a000a00000e2,2,3,7,322,265,625,508,1.0027,10721,10.6921
025040107410003168d2a000a00000e2,2,3,8,322,265,625,508,1.0027,10740,10.7111
025040107410003168d2a000a00000e2,2,3,9,322,265,625,508,1.0027,10767,10.738
025040107410003168d2a000a00000e2,2,3,10,322,265,625,508,1.0027,10707,10.6782
025040107410003168d2a000a00000e2,2,3,11,322,265,625,508,1.0027,10755,10.726
025040107410003168d2a000a00000e2,2,3,12,322,265,625,508,1.0027,10747,10.7181
025040107410003168d2a000a00000e2,2,3,13,322,265,625,508,1.0027,10758,10.729
025040107410003168d2a000a00000e2,2,3,14,322,265,625,508,1.0027,10727,10.6981
025040107410003168d2a000a00000e2,2,3,15,322,265,625,508,1.0027,10765,10.736
025040107410003168d2a000a00000e2,2,3,16,322,265,625,508,1.0027,10742,10.7131
025040107410003168d2a000a00000e2,2,3,17,322,265,625,508,1.0027,10767,10.738
025040107410003168d2a000a00000e2,2,3,18,322,265,625,508,1.0027,10741,10.7121
025040107410003168d2a000a00000e2,2,3,19,322,265,625,508,1.0027,10739,10.7101
025040107410003168d2a000a00000e2,2,3,20,322,265,625,508,1.0027,10737,10.7081
025040107410003168d2a000a00000e2,2,3,21,322,265,625,508,1.0027,10771,10.742
025040107410003168d2a000a00000e2,2,3,22,322,265,625,508,1.0027,10741,10.7121
025040107410003168d2a000a00000e2,2,3,23,322,265,625,508,1.0027,10778,10.749
025040107410003168d2a000a00000e2,2,3,24,322,265,625,508,1.0027,10758,10.729
025040107410003168d2a000a00000e2,2,3,25,322,265,625,508,1.0027,10779,10.75
025040107410003168d2a000a00000e2,2,3,26,322,265,625,508,1.0027,10767,10.738
025040107410003168d2a000a00000e2,2,3,27,322,265,625,508,1.0027,10757,10.728
025040107410003168d2a000a00000e2,2,3,28,322,265,625,508,1.0027,10740,10.7111
025040107410003168d2a000a00000e2,2,3,29,322,265,625,508,1.0027,10749,10.72
025040107410003168d2a000a00000e2,2,3,30,322,265,625,508,1.0027,10739,10.7101
025040107410003168d2a000a00000e2,2,3,31,322,265,625,508,1.0027,10773,10.744
025040107410003168d2a000a00000e2,2,3,32,322,265,625,508,1.0027,10749,10.72
025040107410003168d2a000a00000e2,2,3,33,322,265,625,508,1.0027,10782,10.753
025040107410003168d2a000a00000e2,2,3,34,322,265,625,508,1.0027,10742,10.7131
025040107410003168d2a000a00000e2,2,3,35,322,265,625,508,1.0027,10781,10.752
025040107410003168d2a000a00000e2,2,3,36,322,265,625,508,1.0027,10760,10.731
025040107410003168d2a000a00000e2,2,3,37,322,265,625,508,1.0027,10778,10.749
025040107410003168d2a000a00000e2,2,3,38,322,265,625,508,1.0027,10745,10.7161
025040107410003168d2a000a00000e2,2,3,39,322,265,625,508,1.0027,10764,10.735
025040107410003168d2a000a00000e2,2,3,40,322,265,625,508,1.0027,10752,10.723
025040107410003168d2a000a00000e2,2,3,41,322,265,625,508,1.0027,10786,10.7569
025040107410003168d2a000a00000e2,2,3,42,322,265,625,508,1.0027,10751,10.722
025040107410003168d2a000a00000e2,2,3,43,322,265,625,508,1.0027,10787,10.7579
025040107410003168d2a000a00000e2,2,3,44,322,265,625,508,1.0027,10755,10.726
025040107410003168d2a000a00000e2,2,3,45,322,265,625,508,1.0027,10786,10.7569
025040107410003168d2a000a00000e2,2,3,46,322,265,625,508,1.0027,10765,10.736
025040107410003168d2a000a00000e2,2,3,47,322,265,625,508,1.0027,10751,10.722
025040107410003168d2a000a00000e2,2,3,48,322,265,625,508,1.0027,10750,10.721
025040107410003168d2a000a00000e2,2,3,49,322,265,625,508,1.0027,10759,10.73
025040107410003168d2a000a00000e2,2,3,50,322,265,625,508,1.0027,10761,10.732
025040107410003168d2a000a00000e2,2,3,51,322,265,625,508,1.0027,10786,10.7569
025040107410003168d2a000a00000e2,2,3,52,322,265,625,508,1.0027,10754,10.725
025040107410003168d2a000a00000e2,2,3,53,322,265,625,508,1.0027,10763,10.734
025040107410003168d2a000a00000e2,2,3,54,322,265,625,508,1.0027,10742,10.7131
025040107410003168d2a000a00000e2,2,3,55,322,265,625,508,1.0027,10754,10.725
025040107410003168d2a000a00000e2,2,3,56,322,265,625,508,1.0027,10759,10.73
025040107410003168d2a000a00000e2,2,3,57,322,265,625,508,1.0027,10746,10.7171
025040107410003168d2a000a00000e2,2,3,58,322,265,625,508,1.0027,10759,10.73
025040107410003168d2a000a00000e2,2,3,59,322,265,625,508,1.0027,10724,10.6951
025040107410003168d2a000a00000e2,2,3,60,322,265,625,508,1.0027,3033,3.02483
025040107410003168d2a000a00000e2,2,3,61,322,265,625,508,1.0027,10729,10.7001
025040107410003168d2a000a00000e2,2,3,62,322,265,625,508,1.0027,10651,10.6223
025040107410003168d2a000a00000e2,2,3,63,322,265,625,508,1.0027,10803,10.7739
025040107410003168d2a000a00000e2,2,3,0,322,265,626,508,1.00123,584,0.583285
025040107410003168d2a000a00000e2,2,3,1,322,265,626,508,1.00123,10684,10.6709
025040107410003168d2a000a00000e2,2,3,2,322,265,626,508,1.00123,10736,10.7229
025040107410003168d2a000a00000e2,2,3,3,322,265,626,508,1.00123,10778,10.7648
025040107410003168d2a000a00000e2,2,3,4,322,265,626,508,1.00123,10778,10.7648
025040107410003168d2a000a00000e2,2,3,5,322,265,626,508,1.00123,10704,10.6909
025040107410003168d2a000a00000e2,2,3,6,322,265,626,508,1.00123,10716,10.7029
025040107410003168d2a000a00000e2,2,3,7,322,265,626,508,1.00123,10745,10.7318
025040107410003168d2a000a00000e2,2,3,8,322,265,626,508,1.00123,10767,10.7538
025040107410003168d2a000a00000e2,2,3,9,322,265,626,508,1.00123,10799,10.7858
025040107410003168d2a000a00000e2,2,3,10,322,265,626,508,1.00123,10721,10.7079
025040107410003168d2a000a00000e2,2,3,11,322,265,626,508,1.00123,10781,10.7678
025040107410003168d2a000a00000e2,2,3,12,322,265,626,508,1.00123,10782,10.7688
025040107410003168d2a000a00000e2,2,3,13,322,265,626,508,1.00123,10783,10.7698
025040107410003168d2a000a00000e2,2,3,14,322,265,626,508,1.00123,10757,10.7438
025040107410003168d2a000a00000e2,2,3,15,322,265,626,508,1.00123,10794,10.7808
025040107410003168d2a000a00000e2,2,3,16,322,265,626,508,1.00123,10768,10.7548
025040107410003168d2a000a00000e2,2,3,17,322,265,626,508,1.00123,10799,10.7858
025040107410003168d2a000a00000e2,2,3,18,322,265,626,508,1.00123,10769,10.7558
025040107410003168d2a000a00000e2,2,3,19,322,265,626,508,1.00123,10771,10.7578
025040107410003168d2a000a00000e2,2,3,20,322,265,626,508,1.00123,10763,10.7498
025040107410003168d2a000a00000e2,2,3,21,322,265,626,508,1.00123,10806,10.7928
025040107410003168d2a000a00000e2,2,3,22,322,265,626,508,1.00123,10771,10.7578
025040107410003168d2a000a00000e2,2,3,23,322,265,626,508,1.00123,10810,10.7968
025040107410003168d2a000a00000e2,2,3,24,322,265,626,508,1.00123,10783,10.7698
025040107410003168d2a000a00000e2,2,3,25,322,265,626,508,1.00123,10810,10.7968
025040107410003168d2a000a00000e2,2,3,26,322,265,626,508,1.00123,10793,10.7798
025040107410003168d2a000a00000e2,2,3,27,322,265,626,508,1.00123,10783,10.7698
025040107410003168d2a000a00000e2,2,3,28,322,265,626,508,1.00123,10764,10.7508
025040107410003168d2a000a00000e2,2,3,29,322,265,626,508,1.00123,10776,10.7628
025040107410003168d2a000a00000e2,2,3,30,322,265,626,508,1.00123,10766,10.7528
025040107410003168d2a000a00000e2,2,3,31,322,265,626,508,1.00123,10806,10.7928
025040107410003168d2a000a00000e2,2,3,32,322,265,626,508,1.00123,10779,10.7658
025040107410003168d2a000a00000e2,2,3,33,322,265,626,508,1.00123,10812,10.7988
025040107410003168d2a000a00000e2,2,3,34,322,265,626,508,1.00123,10768,10.7548
025040107410003168d2a000a00000e2,2,3,35,322,265,626,508,1.00123,10810,10.7968
025040107410003168d2a000a00000e2,2,3,36,322,265,626,508,1.00123,10790,10.7768
025040107410003168d2a000a00000e2,2,3,37,322,265,626,508,1.00123,10811,10.7978
025040107410003168d2a000a00000e2,2,3,38,322,265,626,508,1.00123,10772,10.7588
025040107410003168d2a000a00000e2,2,3,39,322,265,626,508,1.00123,10792,10.7788
025040107410003168d2a000a00000e2,2,3,40,322,265,626,508,1.00123,10777,10.7638
025040107410003168d2a000a00000e2,2,3,41,322,265,626,508,1.00123,10812,10.7988
025040107410003168d2a000a00000e2,2,3,42,322,265,626,508,1.00123,10776,10.7628
025040107410003168d2a000a00000e2,2,3,43,322,265,626,508,1.00123,10814,10.8008
025040107410003168d2a000a00000e2,2,3,44,322,265,626,508,1.00123,10777,10.7638
025040107410003168d2a000a00000e2,2,3,45,322,265,626,508,1.00123,10812,10.7988
025040107410003168d2a000a00000e2,2,3,46,322,265,626,508,1.00123,10798,10.7848
025040107410003168d2a000a00000e2,2,3,47,322,265,626,508,1.00123,10777,10.7638
025040107410003168d2a000a00000e2,2,3,48,322,265,626,508,1.00123,10776,10.7628
025040107410003168d2a000a00000e2,2,3,49,322,265,626,508,1.00123,10784,10.7708
025040107410003168d2a000a00000e2,2,3,50,322,265,626,508,1.00123,10790,10.7768
025040107410003168d2a000a00000e2,2,3,51,322,265,626,508,1.00123,10811,10.7978
025040107410003168d2a000a00000e2,2,3,52,322,265,626,508,1.00123,10776,10.7628
025040107410003168d2a000a00000e2,2,3,53,322,265,626,508,1.00123,10796,10.7828
025040107410003168d2a000a00000e2,2,3,54,322,265,626,508,1.00123,10772,10.7588
025040107410003168d2a000a00000e2,2,3,55,322,265,626,508,1.00123,10779,10.7658
025040107410003168d2a000a00000e2,2,3,56,322,265,626,508,1.00123,10786,10.7728
025040107410003168d2a000a00000e2,2,3,57,322,265,626,508,1.00123,10774,10.7608
025040107410003168d2a000a00000e2,2,3,58,322,265,626,508,1.00123,10787,10.7738
025040107410003168d2a000a00000e2,2,3,59,322,265,626,508,1.00123,10744,10.7308
025040107410003168d2a000a00000e2,2,3,60,322,265,626,508,1.00123,999,0.997776
025040107410003168d2a000a00000e2,2,3,61,322,265,626,508,1.00123,10747,10.7338
025040107410003168d2a000a00000e2,2,3,62,322,265,626,508,1.00123,10602,10.589
025040107410003168d2a000a00000e2,2,3,63,322,265,626,508,1.00123,10828,10.8147
025040107410003168d2a000a00000e2,2,3,0,322,265,627,509,1.0027,260,0.2593
025040107410003168d2a000a00000e2,2,3,1,322,265,627,509,1.0027,10599,10.5705
025040107410003168d2a000a00000e2,2,3,2,322,265,627,509,1.0027,10673,10.6443
025040107410003168d2a000a00000e2,2,3,3,322,265,627,509,1.0027,10728,10.6991
025040107410003168d2a000a00000e2,2,3,4,322,265,627,509,1.0027,10724,10.6951
025040107410003168d2a000a00000e2,2,3,5,322,265,627,509,1.0027,10648,10.6193
025040107410003168d2a000a00000e2,2,3,6,322,265,627,509,1.0027,10658,10.6293
025040107410003168d2a000a00000e2,2,3,7,322,265,627,509,1.0027,10678,10.6492
025040107410003168d2a000a00000e2,2,3,8,322,265,627,509,1.0027,10708,10.6792
025040107410003168d2a000a00000e2,2,3,9,322,265,627,509,1.0027,10744,10.7151
025040107410003168d2a000a00000e2,2,3,10,322,265,627,509,1.0027,10668,10.6393
025040107410003168d2a000a00000e2,2,3,11,322,265,627,509,1.0027,10734,10.7051
025040107410003168d2a000a00000e2,2,3,12,322,265,627,509,1.0027,10729,10.7001
025040107410003168d2a000a00000e2,2,3,13,322,265,627,509,1.0027,10735,10.7061
025040107410003168d2a000a00000e2,2,3,14,322,265,627,509,1.0027,10692,10.6632
025040107410003168d2a000a00000e2,2,3,15,322,265,627,509,1.0027,10745,10.7161
025040107410003168d2a000a00000e2,2,3,16,322,265,627,509,1.0027,10712,10.6831
025040107410003168d2a000a00000e2,2,3,17,322,265,627,509,1.0027,10747,10.7181
025040107410003168d2a000a00000e2,2,3,18,322,265,627,509,1.0027,10712,10.6831
025040107410003168d2a000a00000e2,2,3,19,322,265,627,509,1.0027,10709,10.6802
025040107410003168d2a000a00000e2,2,3,20,322,265,627,509,1.0027,10704,10.6752
025040107410003168d2a000a00000e2,2,3,21,322,265,627,509,1.0027,10754,10.725
025040107410003168d2a000a00000e2,2,3,22,322,265,627,509,1.0027,10712,10.6831
025040107410003168d2a000a00000e2,2,3,23,322,265,627,509,1.0027,10755,10.726
025040107410003168d2a000a00000e2,2,3,24,322,265,627,509,1.0027,10737,10.7081
025040107410003168d2a000a00000e2,2,3,25,322,265,627,509,1.0027,10757,10.728
025040107410003168d2a000a00000e2,2,3,26,322,265,627,509,1.0027,10746,10.7171
025040107410003168d2a000a00000e2,2,3,27,322,265,627,509,1.0027,10737,10.7081
025040107410003168d2a000a00000e2,2,3,28,322,265,627,509,1.0027,10705,10.6762
025040107410003168d2a000a00000e2,2,3,29,322,265,627,509,1.0027,10723,10.6941
025040107410003168d2a000a00000e2,2,3,30,322,265,627,509,1.0027,10708,10.6792
025040107410003168d2a000a00000e2,2,3,31,322,265,627,509,1.0027,10752,10.723
025040107410003168d2a000a00000e2,2,3,32,322,265,627,509,1.0027,10729,10.7001
025040107410003168d2a000a00000e2,2,3,33,322,265,627,509,1.0027,10761,10.732
025040107410003168d2a000a00000e2,2,3,34,322,265,627,509,1.0027,10712,10.6831
025040107410003168d2a000a00000e2,2,3,35,322,265,627,509,1.0027,10760,10.731
025040107410003168d2a000a00000e2,2,3,36,322,265,627,509,1.0027,10740,10.7111
025040107410003168d2a000a00000e2,2,3,37,322,265,627,509,1.0027,10757,10.728
025040107410003168d2a000a00000e2,2,3,38,322,265,627,509,1.0027,10720,10.6911
025040107410003168d2a000a00000e2,2,3,39,322,265,627,509,1.0027,10741,10.7121
025040107410003168d2a000a00000e2,2,3,40,322,265,627,509,1.0027,10725,10.6961
025040107410003168d2a000a00000e2,2,3,41,322,265,627,509,1.0027,10761,10.732
025040107410003168d2a000a00000e2,2,3,42,322,265,627,509,1.0027,10728,10.6991
025040107410003168d2a000a00000e2,2,3,43,322,265,627,509,1.0027,10762,10.733
025040107410003168d2a000a00000e2,2,3,44,322,265,627,509,1.0027,10733,10.7041
025040107410003168d2a000a00000e2,2,3,45,322,265,627,509,1.0027,10759,10.73
025040107410003168d2a000a00000e2,2,3,46,322,265,627,509,1.0027,10743,10.7141
025040107410003168d2a000a00000e2,2,3,47,322,265,627,509,1.0027,10722,10.6931
025040107410003168d2a000a00000e2,2,3,48,322,265,627,509,1.0027,10724,10.6951
025040107410003168d2a000a00000e2,2,3,49,322,265,627,509,1.0027,10734,10.7051
025040107410003168d2a000a00000e2,2,3,50,322,265,627,509,1.0027,10739,10.7101
025040107410003168d2a000a00000e2,2,3,51,322,265,627,509,1.0027,10759,10.73
025040107410003168d2a000a00000e2,2,3,52,322,265,627,509,1.0027,10729,10.7001
025040107410003168d2a000a00000e2,2,3,53,322,265,627,509,1.0027,10742,10.7131
025040107410003168d2a000a00000e2,2,3,54,322,265,627,509,1.0027,10712,10.6831
025040107410003168d2a000a00000e2,2,3,55,322,265,627,509,1.0027,10725,10.6961
025040107410003168d2a000a00000e2,2,3,56,322,265,627,509,1.0027,10733,10.7041
025040107410003168d2a000a00000e2,2,3,57,322,265,627,509,1.0027,10723,10.6941
025040107410003168d2a000a00000e2,2,3,58,322,265,627,509,1.0027,10733,10.7041
025040107410003168d2a000a00000e2,2,3,59,322,265,627,509,1.0027,10672,10.6433
025040107410003168d2a000a00000e2,2,3,60,322,265,627,509,1.0027,349,0.34806
025040107410003168d2a000a00000e2,2,3,61,322,265,627,509,1.0027,10689,10.6602
025040107410003168d2a000a00000e2,2,3,62,322,265,627,509,1.0027,10429,10.4009
025040107410003168d2a000a00000e2,2,3,63,322,265,627,509,1.0027,10776,10.747
025040107410003168d2a000a00000e2,2,3,0,322,265,628,510,1.0027,188,0.187494
025040107410003168d2a000a00000e2,2,3,1,322,265,628,510,1.0027,10467,10.4388
025040107410003168d2a000a00000e2,2,3,2,322,265,628,510,1.0027,10637,10.6083
025040107410003168d2a000a00000e2,2,3,3,322,265,628,510,1.0027,10693,10.6642
025040107410003168d2a000a00000e2,2,3,4,322,265,628,510,1.0027,10688,10.6592
025040107410003168d2a000a00000e2,2,3,5,322,265,628,510,1.0027,10583,10.5545
025040107410003168d2a000a00000e2,2,3,6,322,265,628,510,1.0027,10626,10.5974
025040107410003168d2a000a00000e2,2,3,7,322,265,628,510,1.0027,10649,10.6203
025040107410003168d2a000a00000e2,2,3,8,322,265,628,510,1.0027,10682,10.6532
025040107410003168d2a000a00000e2,2,3,9,322,265,628,510,1.0027,10714,10.6851
025040107410003168d2a000a00000e2,2,3,10,322,265,628,510,1.0027,10631,10.6024
025040107410003168d2a000a00000e2,2,3,11,322,265,628,510,1.0027,10699,10.6702
025040107410003168d2a000a00000e2,2,3,12,322,265,628,510,1.0027,10694,10.6652
025040107410003168d2a000a00000e2,2,3,13,322,265,628,510,1.0027,10700,10.6712
025040107410003168d2a000a00000e2,2,3,14,322,265,628,510,1.0027,10667,10.6383
025040107410003168d2a000a00000e2,2,3,15,322,265,628,510,1.0027,10712,10.6831
025040107410003168d2a000a00000e2,2,3,16,322,265,628,510,1.0027,10685,10.6562
025040107410003168d2a000a00000e2,2,3,17,322,265,628,510,1.0027,10712,10.6831
025040107410003168d2a000a00000e2,2,3,18,322,265,628,510,1.0027,10683,10.6542
025040107410003168d2a000a00000e2,2,3,19,322,265,628,510,1.0027,10681,10.6522
025040107410003168d2a000a00000e2,2,3,20,322,265,628,510,1.0027,10677,10.6482
025040107410003168d2a000a00000e2,2,3,21,322,265,628,510,1.0027,10718,10.6891
025040107410003168d2a000a00000e2,2,3,22,322,265,628,510,1.0027,10681,10.6522
025040107410003168d2a000a00000e2,2,3,23,322,265,628,510,1.0027,10719,10.6901
025040107410003168d2a000a00000e2,2,3,24,322,265,628,510,1.0027,10700,10.6712
025040107410003168d2a000a00000e2,2,3,25,322,265,628,510,1.0027,10721,10.6921
025040107410003168d2a000a00000e2,2,3,26,322,265,628,510,1.0027,10711,10.6821
025040107410003168d2a000a00000e2,2,3,27,322,265,628,510,1.0027,10700,10.6712
025040107410003168d2a000a00000e2,2,3,28,322,265,628,510,1.0027,10679,10.6502
025040107410003168d2a000a00000e2,2,3,29,322,265,628,510,1.0027,10693,10.6642
025040107410003168d2a000a00000e2,2,3,30,322,265,628,510,1.0027,10680,10.6512
025040107410003168d2a000a00000e2,2,3,31,322,265,628,510,1.0027,10717,10.6881
025040107410003168d2a000a00000e2,2,3,32,322,265,628,510,1.0027,10691,10.6622
025040107410003168d2a000a00000e2,2,3,33,322,265,628,510,1.0027,10723,10.6941
025040107410003168d2a000a00000e2,2,3,34,322,265,628,510,1.0027,10682,10.6532
025040107410003168d2a000a00000e2,2,3,35,322,265,628,510,1.0027,10723,10.6941
025040107410003168d2a000a00000e2,2,3,36,322,265,628,510,1.0027,10706,10.6772
025040107410003168d2a000a00000e2,2,3,37,322,265,628,510,1.0027,10720,10.6911
025040107410003168d2a000a00000e2,2,3,38,322,265,628,510,1.0027,10688,10.6592
025040107410003168d2a000a00000e2,2,3,39,322,265,628,510,1.0027,10707,10.6782
025040107410003168d2a000a00000e2,2,3,40,322,265,628,510,1.0027,10693,10.6642
025040107410003168d2a000a00000e2,2,3,41,322,265,628,510,1.0027,10722,10.6931
025040107410003168d2a000a00000e2,2,3,42,322,265,628,510,1.0027,10690,10.6612
025040107410003168d2a000a00000e2,2,3,43,322,265,628,510,1.0027,10726,10.6971
025040107410003168d2a000a00000e2,2,3,44,322,265,628,510,1.0027,10694,10.6652
025040107410003168d2a000a00000e2,2,3,45,322,265,628,510,1.0027,10724,10.6951
025040107410003168d2a000a00000e2,2,3,46,322,265,628,510,1.0027,10711,10.6821
025040107410003168d2a000a00000e2,2,3,47,322,265,628,510,1.0027,10689,10.6602
025040107410003168d2a000a00000e2,2,3,48,322,265,628,510,1.0027,10691,10.6622
025040107410003168d2a000a00000e2,2,3,49,322,265,628,510,1.0027,10700,10.6712
025040107410003168d2a000a00000e2,2,3,50,322,265,628,510,1.0027,10706,10.6772
025040107410003168d2a000a00000e2,2,3,51,322,265,628,510,1.0027,10721,10.6921
025040107410003168d2a000a00000e2,2,3,52,322,265,628,510,1.0027,10693,10.6642
025040107410003168d2a000a00000e2,2,3,53,322,265,628,510,1.0027,10709,10.6802
025040107410003168d2a000a00000e2,2,3,54,322,265,628,510,1.0027,10683,10.6542
025040107410003168d2a000a00000e2,2,3,55,322,265,628,510,1.0027,10692,10.6632
025040107410003168d2a000a00000e2,2,3,56,322,265,628,510,1.0027,10703,10.6742
025040107410003168d2a000a00000e2,2,3,57,322,265,628,510,1.0027,10683,10.6542
025040107410003168d2a000a00000e2,2,3,58,322,265,628,510,1.0027,10701,10.6722
025040107410003168d2a000a00000e2,2,3,59,322,265,628,510,1.0027,10615,10.5864
025040107410003168d2a000a00000e2,2,3,60,322,265,628,510,1.0027,181,0.180512
025040107410003168d2a000a00000e2,2,3,61,322,265,628,510,1.0027,10633,10.6044
025040107410003168d2a000a00000e2,2,3,62,322,265,628,510,1.0027,9931,9.90425
025040107410003168d2a000a00000e2,2,3,63,322,265,628,510,1.0027,10725,10.6961
025040107410003168d2a000a00000e2,2,3,0,322,265,629,511,1.0027,142,0.141618
025040107410003168d2a000a00000e2,2,3,1,322,265,629,511,1.0027,10150,10.1227
025040107410003168d2a000a00000e2,2,3,2,322,265,629,511,1.0027,10710,10.6812
025040107410003168d2a000a00000e2,2,3,3,322,265,629,511,1.0027,10781,10.752
025040107410003168d2a000a00000e2,2,3,4,322,265,629,511,1.0027,10779,10.75
025040107410003168d2a000a00000e2,2,3,5,322,265,629,511,1.0027,10581,10.5525
025040107410003168d2a000a00000e2,2,3,6,322,265,629,511,1.0027,10686,10.6572
025040107410003168d2a000a00000e2,2,3,7,322,265,629,511,1.0027,10714,10.6851
025040107410003168d2a000a00000e2,2,3,8,322,265,629,511,1.0027,10767,10.738
025040107410003168d2a000a00000e2,2,3,9,322,265,629,511,1.0027,10797,10.7679
025040107410003168d2a000a00000e2,2,3,10,322,265,629,511,1.0027,10701,10.6722
025040107410003168d2a000a00000e2,2,3,11,322,265,629,511,1.0027,10790,10.7609
025040107410003168d2a000a00000e2,2,3,12,322,265,629,511,1.0027,10784,10.755
025040107410003168d2a000a00000e2,2,3,13,322,265,629,511,1.0027,10786,10.7569
025040107410003168d2a000a00000e2,2,3,14,322,265,629,511,1.0027,10741,10.7121
025040107410003168d2a000a00000e2,2,3,15,322,265,629,511,1.0027,10795,10.7659
025040107410003168d2a000a00000e2,2,3,16,322,265,629,511,1.0027,10773,10.744
025040107410003168d2a000a00000e2,2,3,17,322,265,629,511,1.0027,10799,10.7699
025040107410003168d2a000a00000e2,2,3,18,322,265,629,511,1.0027,10769,10.74
025040107410003168d2a000a00000e2,2,3,19,322,265,629,511,1.0027,10766,10.737
025040107410003168d2a000a00000e2,2,3,20,322,265,629,511,1.0027,10762,10.733
025040107410003168d2a000a00000e2,2,3,21,322,265,629,511,1.0027,10803,10.7739
025040107410003168d2a000a00000e2,2,3,22,322,265,629,511,1.0027,10773,10.744
025040107410003168d2a000a00000e2,2,3,23,322,265,629,511,1.0027,10807,10.7779
025040107410003168d2a000a00000e2,2,3,24,322,265,629,511,1.0027,10790,10.7609
025040107410003168d2a000a00000e2,2,3,25,322,265,629,511,1.0027,10809,10.7799
025040107410003168d2a000a00000e2,2,3,26,322,265,629,511,1.0027,10802,10.7729
025040107410003168d2a000a00000e2,2,3,27,322,265,629,511,1.0027,10789,10.7599
025040107410003168d2a000a00000e2,2,3,28,322,265,629,511,1.0027,10764,10.735
025040107410003168d2a000a00000e2,2,3,29,322,265,629,511,1.0027,10777,10.748
025040107410003168d2a000a00000e2,2,3,30,322,265,629,511,1.0027,10766,10.737
025040107410003168d2a000a00000e2,2,3,31,322,265,629,511,1.0027,10802,10.7729
025040107410003168d2a000a00000e2,2,3,32,322,265,629,511,1.0027,10785,10.756
025040107410003168d2a000a00000e2,2,3,33,322,265,629,511,1.0027,10814,10.7849
025040107410003168d2a000a00000e2,2,3,34,322,265,629,511,1.0027,10772,10.743
025040107410003168d2a000a00000e2,2,3,35,322,265,629,511,1.0027,10813,10.7839
025040107410003168d2a000a00000e2,2,3,36,322,265,629,511,1.0027,10796,10.7669
025040107410003168d2a000a00000e2,2,3,37,322,265,629,511,1.0027,10808,10.7789
025040107410003168d2a000a00000e2,2,3,38,322,265,629,511,1.0027,10782,10.753
025040107410003168d2a000a00000e2,2,3,39,322,265,629,511,1.0027,10798,10.7689
025040107410003168d2a000a00000e2,2,3,40,322,265,629,511,1.0027,10782,10.753
025040107410003168d2a000a00000e2,2,3,41,322,265,629,511,1.0027,10815,10.7859
025040107410003168d2a000a00000e2,2,3,42,322,265,629,511,1.0027,10782,10.753
025040107410003168d2a000a00000e2,2,3,43,322,265,629,511,1.0027,10818,10.7889
025040107410003168d2a000a00000e2,2,3,44,322,265,629,511,1.0027,10786,10.7569
025040107410003168d2a000a00000e2,2,3,45,322,265,629,511,1.0027,10811,10.7819
025040107410003168d2a000a00000e2,2,3,46,322,265,629,511,1.0027,10796,10.7669
025040107410003168d2a000a00000e2,2,3,47,322,265,629,511,1.0027,10774,10.745
025040107410003168d2a000a00000e2,2,3,48,322,265,629,511,1.0027,10782,10.753
025040107410003168d2a000a00000e2,2,3,49,322,265,629,511,1.0027,10783,10.754
025040107410003168d2a000a00000e2,2,3,50,322,265,629,511,1.0027,10794,10.7649
025040107410003168d2a000a00000e2,2,3,51,322,265,629,511,1.0027,10809,10.7799
025040107410003168d2a000a00000e2,2,3,52,322,265,629,511,1.0027,10782,10.753
025040107410003168d2a000a00000e2,2,3,53,322,265,629,511,1.0027,10786,10.7569
025040107410003168d2a000a00000e2,2,3,54,322,265,629,511,1.0027,10762,10.733
025040107410003168d2a000a00000e2,2,3,55,322,265,629,511,1.0027,10774,10.745
025040107410003168d2a000a00000e2,2,3,56,322,265,629,511,1.0027,10786,10.7569
025040107410003168d2a000a00000e2,2,3,57,322,265,629,511,1.0027,10753,10.724
025040107410003168d2a000a00000e2,2,3,58,322,265,629,511,1.0027,10785,10.756
025040107410003168d2a000a00000e2,2,3,59,322,265,629,511,1.0027,10636,10.6074
025040107410003168d2a000a00000e2,2,3,60,322,265,629,511,1.0027,110,0.109704
025040107410003168d2a000a00000e2,2,3,61,322,265,629,511,1.0027,10689,10.6602
025040107410003168d2a000a00000e2,2,3,62,322,265,629,511,1.0027,8432,8.40929
025040107410003168d2a000a00000e2,2,3,63,322,265,629,511,1.0027,10770,10.741
025040107410003168d2a000a00000e2,2,3,0,322,265,630,511,1.0027,116,0.115688
025040107410003168d2a000a00000e2,2,3,1,322,265,630,511,1.0027,8644,8.62072
025040107410003168d2a000a00000e2,2,3,2,322,265,630,511,1.0027,10649,10.6203
025040107410003168d2a000a00000e2,2,3,3,322,265,630,511,1.0027,10724,10.6951
025040107410003168d2a000a00000e2,2,3,4,322,265,630,511,1.0027,10724,10.6951
025040107410003168d2a000a00000e2,2,3,5,322,265,630,511,1.0027,10225,10.1975
025040107410003168d2a000a00000e2,2,3,6,322,265,630,511,1.0027,10632,10.6034
025040107410003168d2a000a00000e2,2,3,7,322,265,630,511,1.0027,10648,10.6193
025040107410003168d2a000a00000e2,2,3,8,322,265,630,511,1.0027,10706,10.6772
025040107410003168d2a000a00000e2,2,3,9,322,265,630,511,1.0027,10748,10.719
025040107410003168d2a000a00000e2,2,3,10,322,265,630,511,1.0027,10640,10.6113
025040107410003168d2a000a00000e2,2,3,11,322,265,630,511,1.0027,10736,10.7071
025040107410003168d2a000a00000e2,2,3,12,322,265,630,511,1.0027,10730,10.7011
025040107410003168d2a000a00000e2,2,3,13,322,265,630,511,1.0027,10737,10.7081
025040107410003168d2a000a00000e2,2,3,14,322,265,630,511,1.0027,10683,10.6542
025040107410003168d2a000a00000e2,2,3,15,322,265,630,511,1.0027,10745,10.7161
025040107410003168d2a000a00000e2,2,3,16,322,265,630,511,1.0027,10718,10.6891
025040107410003168d2a000a00000e2,2,3,17,322,265,630,511,1.0027,10749,10.72
025040107410003168d2a000a00000e2,2,3,18,322,265,630,511,1.0027,10713,10.6841
025040107410003168d2a000a00000e2,2,3,19,322,265,630,511,1.0027,10708,10.6792
025040107410003168d2a000a00000e2,2,3,20,322,265,630,511,1.0027,10707,10.6782
025040107410003168d2a000a00000e2,2,3,21,322,265,630,511,1.0027,10751,10.722
025040107410003168d2a000a00000e2,2,3,22,322,265,630,511,1.0027,10715,10.6861
025040107410003168d2a000a00000e2,2,3,23,322,265,630,511,1.0027,10754,10.725
025040107410003168d2a000a00000e2,2,3,24,322,265,630,511,1.0027,10742,10.7131
025040107410003168d2a000a00000e2,2,3,25,322,265,630,511,1.0027,10756,10.727
025040107410003168d2a000a00000e2,2,3,26,322,265,630,511,1.0027,10751,10.722
025040107410003168d2a000a00000e2,2,3,27,322,265,630,511,1.0027,10738,10.7091
025040107410003168d2a000a00000e2,2,3,28,322,265,630,511,1.0027,10709,10.6802
025040107410003168d2a000a00000e2,2,3,29,322,265,630,511,1.0027,10724,10.6951
025040107410003168d2a000a00000e2,2,3,30,322,265,630,511,1.0027,10712,10.6831
025040107410003168d2a000a00000e2,2,3,31,322,265,630,511,1.0027,10751,10.722
025040107410003168d2a000a00000e2,2,3,32,322,265,630,511,1.0027,10735,10.7061
025040107410003168d2a000a00000e2,2,3,33,322,265,630,511,1.0027,10756,10.727
025040107410003168d2a000a00000e2,2,3,34,322,265,630,511,1.0027,10714,10.6851
025040107410003168d2a000a00000e2,2,3,35,322,265,630,511,1.0027,10756,10.727
025040107410003168d2a000a00000e2,2,3,36,322,265,630,511,1.0027,10748,10.719
025040107410003168d2a000a00000e2,2,3,37,322,265,630,511,1.0027,10753,10.724
025040107410003168d2a000a00000e2,2,3,38,322,265,630,511,1.0027,10728,10.6991
025040107410003168d2a000a00000e2,2,3,39,322,265,630,511,1.0027,10746,10.7171
025040107410003168d2a000a00000e2,2,3,40,322,265,630,511,1.0027,10725,10.6961
025040107410003168d2a000a00000e2,2,3,41,322,265,630,511,1.0027,10756,10.727
025040107410003168d2a000a00000e2,2,3,42,322,265,630,511,1.0027,10727,10.6981
025040107410003168d2a000a00000e2,2,3,43,322,265,630,511,1.0027,10758,10.729
025040107410003168d2a000a00000e2,2,3,44,322,265,630,511,1.0027,10735,10.7061
025040107410003168d2a000a00000e2,2,3,45,322,265,630,511,1.0027,10756,10.727
025040107410003168d2a000a00000e2,2,3,46,322,265,630,511,1.0027,10749,10.72
025040107410003168d2a000a00000e2,2,3,47,322,265,630,511,1.0027,10715,10.6861
025040107410003168d2a000a00000e2,2,3,48,322,265,630,511,1.0027,10730,10.7011
025040107410003168d2a000a00000e2,2,3,49,322,265,630,511,1.0027,10733,10.7041
025040107410003168d2a000a00000e2,2,3,50,322,265,630,511,1.0027,10745,10.7161
025040107410003168d2a000a00000e2,2,3,51,322,265,630,511,1.0027,10755,10.726
025040107410003168d2a000a00000e2,2,3,52,322,265,630,511,1.0027,10729,10.7001
025040107410003168d2a000a00000e2,2,3,53,322,265,630,511,1.0027,10741,10.7121
025040107410003168d2a000a00000e2,2,3,54,322,265,630,511,1.0027,10700,10.6712
025040107410003168d2a000a00000e2,2,3,55,322,265,630,511,1.0027,10718,10.6891
025040107410003168d2a000a00000e2,2,3,56,322,265,630,511,1.0027,10741,10.7121
025040107410003168d2a000a00000e2,2,3,57,322,265,630,511,1.0027,10683,10.6542
025040107410003168d2a000a00000e2,2,3,58,322,265,630,511,1.0027,10741,10.7121
025040107410003168d2a000a00000e2,2,3,59,322,265,630,511,1.0027,10382,10.354
025040107410003168d2a000a00000e2,2,3,60,322,265,630,511,1.0027,85,0.0847711
025040107410003168d2a000a00000e2,2,3,61,322,265,630,511,1.0027,10572,10.5435
025040107410003168d2a000a00000e2,2,3,62,322,265,630,511,1.0027,5188,5.17403
025040107410003168d2a000a00000e2,2,3,63,322,265,630,511,1.0027,10406,10.378
025040107410003168d2a000a00000e2,2,3,0,322,265,631,512,1.00123,127,0.126844
025040107410003168d2a000a00000e2,2,3,1,322,265,631,512,1.00123,5988,5.98067
025040107410003168d2a000a00000e2,2,3,2,322,265,631,512,1.00123,10559,10.5461
025040107410003168d2a000a00000e2,2,3,3,322,265,631,512,1.00123,10652,10.639
025040107410003168d2a000a00000e2,2,3,4,322,265,631,512,1.00123,10656,10.6429
025040107410003168d2a000a00000e2,2,3,5,322,265,631,512,1.00123,9072,9.06089
025040107410003168d2a000a00000e2,2,3,6,322,265,631,512,1.00123,10528,10.5151
025040107410003168d2a000a00000e2,2,3,7,322,265,631,512,1.00123,10560,10.5471
025040107410003168d2a000a00000e2,2,3,8,322,265,631,512,1.00123,10639,10.626
025040107410003168d2a000a00000e2,2,3,9,322,265,631,512,1.00123,10682,10.6689
025040107410003168d2a000a00000e2,2,3,10,322,265,631,512,1.00123,10554,10.5411
025040107410003168d2a000a00000e2,2,3,11,322,265,631,512,1.00123,10670,10.6569
025040107410003168d2a000a00000e2,2,3,12,322,265,631,512,1.00123,10664,10.6509
025040107410003168d2a000a00000e2,2,3,13,322,265,631,512,1.00123,10671,10.6579
025040107410003168d2a000a00000e2,2,3,14,322,265,631,512,1.00123,10601,10.588
025040107410003168d2a000a00000e2,2,3,15,322,265,631,512,1.00123,10682,10.6689
025040107410003168d2a000a00000e2,2,3,16,322,265,631,512,1.00123,10650,10.637
025040107410003168d2a000a00000e2,2,3,17,322,265,631,512,1.00123,10682,10.6689
025040107410003168d2a000a00000e2,2,3,18,322,265,631,512,1.00123,10645,10.632
025040107410003168d2a000a00000e2,2,3,19,322,265,631,512,1.00123,10639,10.626
025040107410003168d2a000a00000e2,2,3,20,322,265,631,512,1.00123,10639,10.626
025040107410003168d2a000a00000e2,2,3,21,322,265,631,512,1.00123,10686,10.6729
025040107410003168d2a000a00000e2,2,3,22,322,265,631,512,1.00123,10647,10.634
025040107410003168d2a000a00000e2,2,3,23,322,265,631,512,1.00123,10692,10.6789
025040107410003168d2a000a00000e2,2,3,24,322,265,631,512,1.00123,10674,10.6609
025040107410003168d2a000a00000e2,2,3,25,322,265,631,512,1.00123,10696,10.6829
025040107410003168d2a000a00000e2,2,3,26,322,265,631,512,1.00123,10685,10.6719
025040107410003168d2a000a00000e2,2,3,27,322,265,631,512,1.00123,10673,10.6599
025040107410003168d2a000a00000e2,2,3,28,322,265,631,512,1.00123,10642,10.629
025040107410003168d2a000a00000e2,2,3,29,322,265,631,512,1.00123,10655,10.642
025040107410003168d2a000a00000e2,2,3,30,322,265,631,512,1.00123,10643,10.63
025040107410003168d2a000a00000e2,2,3,31,322,265,631,512,1.00123,10689,10.6759
025040107410003168d2a000a00000e2,2,3,32,322,265,631,512,1.00123,10664,10.6509
025040107410003168d2a000a00000e2,2,3,33,322,265,631,512,1.00123,10696,10.6829
025040107410003168d2a000a00000e2,2,3,34,322,265,631,512,1.00123,10644,10.631
025040107410003168d2a000a00000e2,2,3,35,322,265,631,512,1.00123,10696,10.6829
025040107410003168d2a000a00000e2,2,3,36,322,265,631,512,1.00123,10680,10.6669
025040107410003168d2a000a00000e2,2,3,37,322,265,631,512,1.00123,10694,10.6809
025040107410003168d2a000a00000e2,2,3,38,322,265,631,512,1.00123,10654,10.641
025040107410003168d2a000a00000e2,2,3,39,322,265,631,512,1.00123,10679,10.6659
025040107410003168d2a000a00000e2,2,3,40,322,265,631,512,1.00123,10664,10.6509
025040107410003168d2a000a00000e2,2,3,41,322,265,631,512,1.00123,10697,10.6839
025040107410003168d2a000a00000e2,2,3,42,322,265,631,512,1.00123,10661,10.6479
025040107410003168d2a000a00000e2,2,3,43,322,265,631,512,1.00123,10698,10.6849
025040107410003168d2a000a00000e2,2,3,44,322,265,631,512,1.00123,10667,10.6539
025040107410003168d2a000a00000e2,2,3,45,322,265,631,512,1.00123,10700,10.6869
025040107410003168d2a000a00000e2,2,3,46,322,265,631,512,1.00123,10685,10.6719
025040107410003168d2a000a00000e2,2,3,47,322,265,631,512,1.00123,10648,10.635
025040107410003168d2a000a00000e2,2,3,48,322,265,631,512,1.00123,10662,10.6489
025040107410003168d2a000a00000e2,2,3,49,322,265,631,512,1.00123,10669,10.6559
025040107410003168d2a000a00000e2,2,3,50,322,265,631,512,1.00123,10678,10.6649
025040107410003168d2a000a00000e2,2,3,51,322,265,631,512,1.00123,10695,10.6819
025040107410003168d2a000a00000e2,2,3,52,322,265,631,512,1.00123,10665,10.6519
025040107410003168d2a000a00000e2,2,3,53,322,265,631,512,1.00123,10674,10.6609
025040107410003168d2a000a00000e2,2,3,54,322,265,631,512,1.00123,10631,10.618
025040107410003168d2a000a00000e2,2,3,55,322,265,631,512,1.00123,10644,10.631
025040107410003168d2a000a00000e2,2,3,56,322,265,631,512,1.00123,10672,10.6589
025040107410003168d2a000a00000e2,2,3,57,322,265,631,512,1.00123,10588,10.575
025040107410003168d2a000a00000e2,2,3,58,322,265,631,512,1.00123,10669,10.6559
025040107410003168d2a000a00000e2,2,3,59,322,265,631,512,1.00123,9483,9.47139
025040107410003168d2a000a00000e2,2,3,60,322,265,631,512,1.00123,87,0.0868934
025040107410003168d2a000a00000e2,2,3,61,322,265,631,512,1.00123,10389,10.3763
025040107410003168d2a000a00000e2,2,3,62,322,265,631,512,1.00123,2311,2.30817
025040107410003168d2a000a00000e2,2,3,63,322,265,631,512,1.00123,7138,7.12926
025040107410003168d2a000a00000e2,2,3,0,322,265,632,513,1.00123,122,0.121851
025040107410003168d2a000a00000e2,2,3,1,322,265,632,513,1.00123,2907,2.90344
025040107410003168d2a000a00000e2,2,3,2,322,265,632,513,1.00123,10576,10.563
025040107410003168d2a000a00000e2,2,3,3,322,265,632,513,1.00123,10684,10.6709
025040107410003168d2a000a00000e2,2,3,4,322,265,632,513,1.00123,10689,10.6759
025040107410003168d2a000a00000e2,2,3,5,322,265,632,513,1.00123,6582,6.57394
025040107410003168d2a000a00000e2,2,3,6,322,265,632,513,1.00123,10530,10.5171
025040107410003168d2a000a00000e2,2,3,7,322,265,632,513,1.00123,10549,10.5361
025040107410003168d2a000a00000e2,2,3,8,322,265,632,513,1.00123,10665,10.6519
025040107410003168d2a000a00000e2,2,3,9,322,265,632,513,1.00123,10728,10.7149
025040107410003168d2a000a00000e2,2,3,10,322,265,632,513,1.00123,10564,10.5511
025040107410003168d2a000a00000e2,2,3,11,322,265,632,513,1.00123,10703,10.6899
025040107410003168d2a000a00000e2,2,3,12,322,265,632,513,1.00123,10702,10.6889
025040107410003168d2a000a00000e2,2,3,13,322,265,632,513,1.00123,10700,10.6869
025040107410003168d2a000a00000e2,2,3,14,322,265,632,513,1.00123,10637,10.624
025040107410003168d2a000a00000e2,2,3,15,322,265,632,513,1.00123,10729,10.7159
025040107410003168d2a000a00000e2,2,3,16,322,265,632,513,1.00123,10685,10.6719
025040107410003168d2a000a00000e2,2,3,17,322,265,632,513,1.00123,10725,10.7119
025040107410003168d2a000a00000e2,2,3,18,322,265,632,513,1.00123,10676,10.6629
025040107410003168d2a000a00000e2,2,3,19,322,265,632,513,1.00123,10665,10.6519
025040107410003168d2a000a00000e2,2,3,20,322,265,632,513,1.00123,10665,10.6519
025040107410003168d2a000a00000e2,2,3,21,322,265,632,513,1.00123,10737,10.7238
025040107410003168d2a000a00000e2,2,3,22,322,265,632,513,1.00123,10679,10.6659
025040107410003168d2a000a00000e2,2,3,23,322,265,632,513,1.00123,10741,10.7278
025040107410003168d2a000a00000e2,2,3,24,322,265,632,513,1.00123,10717,10.7039
025040107410003168d2a000a00000e2,2,3,25,322,265,632,513,1.00123,10744,10.7308
025040107410003168d2a000a00000e2,2,3,26,322,265,632,513,1.00123,10736,10.7229
025040107410003168d2a000a00000e2,2,3,27,322,265,632,513,1.00123,10706,10.6929
025040107410003168d2a000a00000e2,2,3,28,322,265,632,513,1.00123,10668,10.6549
025040107410003168d2a000a00000e2,2,3,29,322,265,632,513,1.00123,10680,10.6669
025040107410003168d2a000a00000e2,2,3,30,322,265,632,513,1.00123,10678,10.6649
025040107410003168d2a000a00000e2,2,3,31,322,265,632,513,1.00123,10741,10.7278
025040107410003168d2a000a00000e2,2,3,32,322,265,632,513,1.00123,10704,10.6909
025040107410003168d2a000a00000e2,2,3,33,322,265,632,513,1.00123,10750,10.7368
025040107410003168d2a000a00000e2,2,3,34,322,265,632,513,1.00123,10679,10.6659
025040107410003168d2a000a00000e2,2,3,35,322,265,632,513,1.00123,10749,10.7358
025040107410003168d2a000a00000e2,2,3,36,322,265,632,513,1.00123,10730,10.7169
025040107410003168d2a000a00000e2,2,3,37,322,265,632,513,1.00123,10740,10.7268
025040107410003168d2a000a00000e2,2,3,38,322,265,632,513,1.00123,10691,10.6779
025040107410003168d2a000a00000e2,2,3,39,322,265,632,513,1.00123,10718,10.7049
025040107410003168d2a000a00000e2,2,3,40,322,265,632,513,1.00123,10695,10.6819
025040107410003168d2a000a00000e2,2,3,41,322,265,632,513,1.00123,10746,10.7328
025040107410003168d2a000a00000e2,2,3,42,322,265,632,513,1.00123,10692,10.6789
025040107410003168d2a000a00000e2,2,3,43,322,265,632,513,1.00123,10751,10.7378
025040107410003168d2a000a00000e2,2,3,44,322,265,632,513,1.00123,10699,10.6859
025040107410003168d2a000a00000e2,2,3,45,322,265,632,513,1.00123,10749,10.7358
025040107410003168d2a000a00000e2,2,3,46,322,265,632,513,1.00123,10731,10.7179
025040107410003168d2a000a00000e2,2,3,47,322,265,632,513,1.00123,10674,10.6609
025040107410003168d2a000a00000e2,2,3,48,322,265,632,513,1.00123,10691,10.6779
025040107410003168d2a000a00000e2,2,3,49,322,265,632,513,1.00123,10692,10.6789
025040107410003168d2a000a00000e2,2,3,50,322,265,632,513,1.00123,10716,10.7029
025040107410003168d2a000a00000e2,2,3,51,322,265,632,513,1.00123,10740,10.7268
025040107410003168d2a000a00000e2,2,3,52,322,265,632,513,1.00123,10690,10.6769
025040107410003168d2a000a00000e2,2,3,53,322,265,632,513,1.00123,10708,10.6949
025040107410003168d2a000a00000e2,2,3,54,322,265,632,513,1.00123,10646,10.633
025040107410003168d2a000a00000e2,2,3,55,322,265,632,513,1.00123,10652,10.639
025040107410003168d2a000a00000e2,2,3,56,322,265,632,513,1.00123,10703,10.6899
025040107410003168d2a000a00000e2,2,3,57,322,265,632,513,1.00123,10551,10.5381
025040107410003168d2a000a00000e2,2,3,58,322,265,632,513,1.00123,10698,10.6849
025040107410003168d2a000a00000e2,2,3,59,322,265,632,513,1.00123,7146,7.13725
025040107410003168d2a000a00000e2,2,3,60,322,265,632,513,1.00123,88,0.0878922
025040107410003168d2a000a00000e2,2,3,61,322,265,632,513,1.00123,9932,9.91984
025040107410003168d2a000a00000e2,2,3,62,322,265,632,513,1.00123,819,0.817997
025040107410003168d2a000a00000e2,2,3,63,322,265,632,513,1.00123,1738,1.73587
025040107410003168d2a000a00000e2,2,3,0,322,265,633,514,1.00123,87,0.0868934
025040107410003168d2a000a00000e2,2,3,1,322,265,633,514,1.00123,910,0.908885
025040107410003168d2a000a00000e2,2,3,2,322,265,633,514,1.00123,10574,10.561
025040107410003168d2a000a00000e2,2,3,3,322,265,633,514,1.00123,10713,10.6999
025040107410003168d2a000a00000e2,2,3,4,322,265,633,514,1.00123,10717,10.7039
025040107410003168d2a000a00000e2,2,3,5,322,265,633,514,1.00123,3320,3.31593
025040107410003168d2a000a00000e2,2,3,6,322,265,633,514,1.00123,10488,10.4752
025040107410003168d2a000a00000e2,2,3,7,322,265,633,514,1.00123,10451,10.4382
025040107410003168d2a000a00000e2,2,3,8,322,265,633,514,1.00123,10697,10.6839
025040107410003168d2a000a00000e2,2,3,9,322,265,633,514,1.00123,10737,10.7238
025040107410003168d2a000a00000e2,2,3,10,322,265,633,514,1.00123,10529,10.5161
025040107410003168d2a000a00000e2,2,3,11,322,265,633,514,1.00123,10724,10.7109
025040107410003168d2a000a00000e2,2,3,12,322,265,633,514,1.00123,10724,10.7109
025040107410003168d2a000a00000e2,2,3,13,322,265,633,514,1.00123,10727,10.7139
025040107410003168d2a000a00000e2,2,3,14,322,265,633,514,1.00123,10669,10.6559
025040107410003168d2a000a00000e2,2,3,15,322,265,633,514,1.00123,10738,10.7248
025040107410003168d2a000a00000e2,2,3,16,322,265,633,514,1.00123,10715,10.7019
025040107410003168d2a000a00000e2,2,3,17,322,265,633,514,1.00123,10737,10.7238
025040107410003168d2a000a00000e2,2,3,18,322,265,633,514,1.00123,10712,10.6989
025040107410003168d2a000a00000e2,2,3,19,322,265,633,514,1.00123,10695,10.6819
025040107410003168d2a000a00000e2,2,3,20,322,265,633,514,1.00123,10701,10.6879
025040107410003168d2a000a00000e2,2,3,21,322,265,633,514,1.00123,10744,10.7308
025040107410003168d2a000a00000e2,2,3,22,322,265,633,514,1.00123,10715,10.7019
025040107410003168d2a000a00000e2,2,3,23,322,265,633,514,1.00123,10750,10.7368
025040107410003168d2a000a00000e2,2,3,24,322,265,633,514,1.00123,10737,10.7238
025040107410003168d2a000a00000e2,2,3,25,322,265,633,514,1.00123,10752,10.7388
025040107410003168d2a000a00000e2,2,3,26,322,265,633,514,1.00123,10750,10.7368
025040107410003168d2a000a00000e2,2,3,27,322,265,633,514,1.00123,10726,10.7129
025040107410003168d2a000a00000e2,2,3,28,322,265,633,514,1.00123,10698,10.6849
025040107410003168d2a000a00000e2,2,3,29,322,265,633,514,1.00123,10706,10.6929
025040107410003168d2a000a00000e2,2,3,30,322,265,633,514,1.00123,10711,10.6979
025040107410003168d2a000a00000e2,2,3,31,322,265,633,514,1.00123,10747,10.7338
025040107410003168d2a000a00000e2,2,3,32,322,265,633,514,1.00123,10720,10.7069
025040107410003168d2a000a00000e2,2,3,33,322,265,633,514,1.00123,10760,10.7468
025040107410003168d2a000a00000e2,2,3,34,322,265,633,514,1.00123,10710,10.6969
025040107410003168d2a000a00000e2,2,3,35,322,265,633,514,1.00123,10756,10.7428
025040107410003168d2a000a00000e2,2,3,36,322,265,633,514,1.00123,10743,10.7298
025040107410003168d2a000a00000e2,2,3,37,322,265,633,514,1.00123,10748,10.7348
025040107410003168d2a000a00000e2,2,3,38,322,265,633,514,1.00123,10720,10.7069
025040107410003168d2a000a00000e2,2,3,39,322,265,633,514,1.00123,10734,10.7209
025040107410003168d2a000a00000e2,2,3,40,322,265,633,514,1.00123,10712,10.6989
025040107410003168d2a000a00000e2,2,3,41,322,265,633,514,1.00123,10755,10.7418
025040107410003168d2a000a00000e2,2,3,42,322,265,633,514,1.00123,10717,10.7039
025040107410003168d2a000a00000e2,2,3,43,322,265,633,514,1.00123,10761,10.7478
025040107410003168d2a000a00000e2,2,3,44,322,265,633,514,1.00123,10722,10.7089
025040107410003168d2a000a00000e2,2,3,45,322,265,633,514,1.00123,10756,10.7428
025040107410003168d2a000a00000e2,2,3,46,322,265,633,514,1.00123,10743,10.7298
025040107410003168d2a000a00000e2,2,3,47,322,265,633,514,1.00123,10690,10.6769
025040107410003168d2a000a00000e2,2,3,48,322,265,633,514,1.00123,10718,10.7049
025040107410003168d2a000a00000e2,2,3,49,322,265,633,514,1.00123,10707,10.6939
025040107410003168d2a000a00000e2,2,3,50,322,265,633,514,1.00123,10729,10.7159
025040107410003168d2a000a00000e2,2,3,51,322,265,633,514,1.00123,10747,10.7338
025040107410003168d2a000a00000e2,2,3,52,322,265,633,514,1.00123,10718,10.7049
025040107410003168d2a000a00000e2,2,3,53,322,265,633,514,1.00123,10714,10.7009
025040107410003168d2a000a00000e2,2,3,54,322,265,633,514,1.00123,10648,10.635
025040107410003168d2a000a00000e2,2,3,55,322,265,633,514,1.00123,10661,10.6479
025040107410003168d2a000a00000e2,2,3,56,322,265,633,514,1.00123,10723,10.7099
025040107410003168d2a000a00000e2,2,3,57,322,265,633,514,1.00123,10309,10.2964
025040107410003168d2a000a00000e2,2,3,58,322,265,633,514,1.00123,10715,10.7019
025040107410003168d2a000a00000e2,2,3,59,322,265,633,514,1.00123,3582,3.57761
025040107410003168d2a000a00000e2,2,3,60,322,265,633,514,1.00123,58,0.057929
025040107410003168d2a000a00000e2,2,3,61,322,265,633,514,1.00123,8536,8.52555
025040107410003168d2a000a00000e2,2,3,62,322,265,633,514,1.00123,287,0.286649
025040107410003168d2a000a00000e2,2,3,63,322,265,633,514,1.00123,175,0.174786
025040107410003168d2a000a00000e2,2,3,0,322,265,634,514,1.0027,93,0.0927495
025040107410003168d2a000a00000e2,2,3,1,322,265,634,514,1.0027,332,0.331106
025040107410003168d2a000a00000e2,2,3,2,322,265,634,514,1.0027,10448,10.4199
025040107410003168d2a000a00000e2,2,3,3,322,265,634,514,1.0027,10739,10.7101
025040107410003168d2a000a00000e2,2,3,4,322,265,634,514,1.0027,10746,10.7171
025040107410003168d2a000a00000e2,2,3,5,322,265,634,514,1.0027,1112,1.109
025040107410003168d2a000a00000e2,2,3,6,322,265,634,514,1.0027,10209,10.1815
025040107410003168d2a000a00000e2,2,3,7,322,265,634,514,1.0027,10011,9.98404
025040107410003168d2a000a00000e2,2,3,8,322,265,634,514,1.0027,10725,10.6961
025040107410003168d2a000a00000e2,2,3,9,322,265,634,514,1.0027,10779,10.75
025040107410003168d2a000a00000e2,2,3,10,322,265,634,514,1.0027,10381,10.353
025040107410003168d2a000a00000e2,2,3,11,322,265,634,514,1.0027,10758,10.729
025040107410003168d2a000a00000e2,2,3,12,322,265,634,514,1.0027,10754,10.725
025040107410003168d2a000a00000e2,2,3,13,322,265,634,514,1.0027,10755,10.726
025040107410003168d2a000a00000e2,2,3,14,322,265,634,514,1.0027,10682,10.6532
025040107410003168d2a000a00000e2,2,3,15,322,265,634,514,1.0027,10778,10.749
025040107410003168d2a000a00000e2,2,3,16,322,265,634,514,1.0027,10744,10.7151
025040107410003168d2a000a00000e2,2,3,17,322,265,634,514,1.0027,10780,10.751
025040107410003168d2a000a00000e2,2,3,18,322,265,634,514,1.0027,10738,10.7091
025040107410003168d2a000a00000e2,2,3,19,322,265,634,514,1.0027,10722,10.6931
025040107410003168d2a000a00000e2,2,3,20,322,265,634,514,1.0027,10734,10.7051
025040107410003168d2a000a00000e2,2,3,21,322,265,634,514,1.0027,10790,10.7609
025040107410003168d2a000a00000e2,2,3,22,322,265,634,514,1.0027,10739,10.7101
025040107410003168d2a000a00000e2,2,3,23,322,265,634,514,1.0027,10793,10.7639
025040107410003168d2a000a00000e2,2,3,24,322,265,634,514,1.0027,10768,10.739
025040107410003168d2a000a00000e2,2,3,25,322,265,634,514,1.0027,10794,10.7649
025040107410003168d2a000a00000e2,2,3,26,322,265,634,514,1.0027,10787,10.7579
025040107410003168d2a000a00000e2,2,3,27,322,265,634,514,1.0027,10758,10.729
025040107410003168d2a000a00000e2,2,3,28,322,265,634,514,1.0027,10725,10.6961
025040107410003168d2a000a00000e2,2,3,29,322,265,634,514,1.0027,10737,10.7081
025040107410003168d2a000a00000e2,2,3,30,322,265,634,514,1.0027,10736,10.7071
025040107410003168d2a000a00000e2,2,3,31,322,265,634,514,1.0027,10791,10.7619
025040107410003168d2a000a00000e2,2,3,32,322,265,634,514,1.0027,10754,10.725
025040107410003168d2a000a00000e2,2,3,33,322,265,634,514,1.0027,10795,10.7659
025040107410003168d2a000a00000e2,2,3,34,322,265,634,514,1.0027,10736,10.7071
025040107410003168d2a000a00000e2,2,3,35,322,265,634,514,1.0027,10794,10.7649
025040107410003168d2a000a00000e2,2,3,36,322,265,634,514,1.0027,10777,10.748
025040107410003168d2a000a00000e2,2,3,37,322,265,634,514,1.0027,10789,10.7599
025040107410003168d2a000a00000e2,2,3,38,322,265,634,514,1.0027,10746,10.7171
025040107410003168d2a000a00000e2,2,3,39,322,265,634,514,1.0027,10771,10.742
025040107410003168d2a000a00000e2,2,3,40,322,265,634,514,1.0027,10743,10.7141
025040107410003168d2a000a00000e2,2,3,41,322,265,634,514,1.0027,10795,10.7659
025040107410003168d2a000a00000e2,2,3,42,322,265,634,514,1.0027,10747,10.7181
025040107410003168d2a000a00000e2,2,3,43,322,265,634,514,1.0027,10797,10.7679
025040107410003168d2a000a00000e2,2,3,44,322,265,634,514,1.0027,10748,10.719
025040107410003168d2a000a00000e2,2,3,45,322,265,634,514,1.0027,10795,10.7659
025040107410003168d2a000a00000e2,2,3,46,322,265,634,514,1.0027,10782,10.753
025040107410003168d2a000a00000e2,2,3,47,322,265,634,514,1.0027,10710,10.6812
025040107410003168d2a000a00000e2,2,3,48,322,265,634,514,1.0027,10741,10.7121
025040107410003168d2a000a00000e2,2,3,49,322,265,634,514,1.0027,10738,10.7091
025040107410003168d2a000a00000e2,2,3,50,322,265,634,514,1.0027,10765,10.736
025040107410003168d2a000a00000e2,2,3,51,322,265,634,514,1.0027,10786,10.7569
025040107410003168d2a000a00000e2,2,3,52,322,265,634,514,1.0027,10742,10.7131
025040107410003168d2a000a00000e2,2,3,53,322,265,634,514,1.0027,10743,10.7141
025040107410003168d2a000a00000e2,2,3,54,322,265,634,514,1.0027,10629,10.6004
025040107410003168d2a000a00000e2,2,3,55,322,265,634,514,1.0027,10635,10.6064
025040107410003168d2a000a00000e2,2,3,56,322,265,634,514,1.0027,10748,10.719
025040107410003168d2a000a00000e2,2,3,57,322,265,634,514,1.0027,9173,9.14829
025040107410003168d2a000a00000e2,2,3,58,322,265,634,514,1.0027,10737,10.7081
025040107410003168d2a000a00000e2,2,3,59,322,265,634,514,1.0027,1249,1.24564
025040107410003168d2a000a00000e2,2,3,60,322,265,634,514,1.0027,60,0.0598384
025040107410003168d2a000a00000e2,2,3,61,322,265,634,514,1.0027,5489,5.47422
025040107410003168d2a000a00000e2,2,3,62,322,265,634,514,1.0027,180,0.179515
025040107410003168d2a000a00000e2,2,3,63,322,265,634,514,1.0027,74,0.0738007
025040107410003168d2a000a00000e2,2,3,0,322,265,635,515,1.00123,87,0.0868934
025040107410003168d2a000a00000e2,2,3,1,322,265,635,515,1.00123,188,0.18777
025040107410003168d2a000a00000e2,2,3,2,322,265,635,515,1.00123,9753,9.74106
025040107410003168d2a000a00000e2,2,3,3,322,265,635,515,1.00123,10667,10.6539
025040107410003168d2a000a00000e2,2,3,4,322,265,635,515,1.00123,10674,10.6609
025040107410003168d2a000a00000e2,2,3,5,322,265,635,515,1.00123,364,0.363554
025040107410003168d2a000a00000e2,2,3,6,322,265,635,515,1.00123,8961,8.95003
025040107410003168d2a000a00000e2,2,3,7,322,265,635,515,1.00123,8290,8.27985
025040107410003168d2a000a00000e2,2,3,8,322,265,635,515,1.00123,10652,10.639
025040107410003168d2a000a00000e2,2,3,9,322,265,635,515,1.00123,10705,10.6919
025040107410003168d2a000a00000e2,2,3,10,322,265,635,515,1.00123,9612,9.60023
025040107410003168d2a000a00000e2,2,3,11,322,265,635,515,1.00123,10686,10.6729
025040107410003168d2a000a00000e2,2,3,12,322,265,635,515,1.00123,10687,10.6739
025040107410003168d2a000a00000e2,2,3,13,322,265,635,515,1.00123,10681,10.6679
025040107410003168d2a000a00000e2,2,3,14,322,265,635,515,1.00123,10597,10.584
025040107410003168d2a000a00000e2,2,3,15,322,265,635,515,1.00123,10709,10.6959
025040107410003168d2a000a00000e2,2,3,16,322,265,635,515,1.00123,10672,10.6589
025040107410003168d2a000a00000e2,2,3,17,322,265,635,515,1.00123,10709,10.6959
025040107410003168d2a000a00000e2,2,3,18,322,265,635,515,1.00123,10665,10.6519
025040107410003168d2a000a00000e2,2,3,19,322,265,635,515,1.00123,10645,10.632
025040107410003168d2a000a00000e2,2,3,20,322,265,635,515,1.00123,10660,10.6469
025040107410003168d2a000a00000e2,2,3,21,322,265,635,515,1.00123,10717,10.7039
025040107410003168d2a000a00000e2,2,3,22,322,265,635,515,1.00123,10667,10.6539
025040107410003168d2a000a00000e2,2,3,23,322,265,635,515,1.00123,10716,10.7029
025040107410003168d2a000a00000e2,2,3,24,322,265,635,515,1.00123,10701,10.6879
025040107410003168d2a000a00000e2,2,3,25,322,265,635,515,1.00123,10716,10.7029
025040107410003168d2a000a00000e2,2,3,26,322,265,635,515,1.00123,10714,10.7009
025040107410003168d2a000a00000e2,2,3,27,322,265,635,515,1.00123,10686,10.6729
025040107410003168d2a000a00000e2,2,3,28,322,265,635,515,1.00123,10651,10.638
025040107410003168d2a000a00000e2,2,3,29,322,265,635,515,1.00123,10663,10.6499
025040107410003168d2a000a00000e2,2,3,30,322,265,635,515,1.00123,10663,10.6499
025040107410003168d2a000a00000e2,2,3,31,322,265,635,515,1.00123,10715,10.7019
025040107410003168d2a000a00000e2,2,3,32,322,265,635,515,1.00123,10685,10.6719
025040107410003168d2a000a00000e2,2,3,33,322,265,635,515,1.00123,10721,10.7079
025040107410003168d2a000a00000e2,2,3,34,322,265,635,515,1.00123,10663,10.6499
025040107410003168d2a000a00000e2,2,3,35,322,265,635,515,1.00123,10719,10.7059
025040107410003168d2a000a00000e2,2,3,36,322,265,635,515,1.00123,10709,10.6959
025040107410003168d2a000a00000e2,2,3,37,322,265,635,515,1.00123,10715,10.7019
025040107410003168d2a000a00000e2,2,3,38,322,265,635,515,1.00123,10680,10.6669
025040107410003168d2a000a00000e2,2,3,39,322,265,635,515,1.00123,10699,10.6859
025040107410003168d2a000a00000e2,2,3,40,322,265,635,515,1.00123,10671,10.6579
025040107410003168d2a000a00000e2,2,3,41,322,265,635,515,1.00123,10720,10.7069
025040107410003168d2a000a00000e2,2,3,42,322,265,635,515,1.00123,10677,10.6639
025040107410003168d2a000a00000e2,2,3,43,322,265,635,515,1.00123,10719,10.7059
025040107410003168d2a000a00000e2,2,3,44,322,265,635,515,1.00123,10679,10.6659
025040107410003168d2a000a00000e2,2,3,45,322,265,635,515,1.00123,10720,10.7069
025040107410003168d2a000a00000e2,2,3,46,322,265,635,515,1.00123,10709,10.6959
025040107410003168d2a000a00000e2,2,3,47,322,265,635,515,1.00123,10629,10.616
025040107410003168d2a000a00000e2,2,3,48,322,265,635,515,1.00123,10670,10.6569
025040107410003168d2a000a00000e2,2,3,49,322,265,635,515,1.00123,10665,10.6519
025040107410003168d2a000a00000e2,2,3,50,322,265,635,515,1.00123,10694,10.6809
025040107410003168d2a000a00000e2,2,3,51,322,265,635,515,1.00123,10711,10.6979
025040107410003168d2a000a00000e2,2,3,52,322,265,635,515,1.00123,10674,10.6609
025040107410003168d2a000a00000e2,2,3,53,322,265,635,515,1.00123,10669,10.6559
025040107410003168d2a000a00000e2,2,3,54,322,265,635,515,1.00123,10414,10.4012
025040107410003168d2a000a00000e2,2,3,55,322,265,635,515,1.00123,10464,10.4512
025040107410003168d2a000a00000e2,2,3,56,322,265,635,515,1.00123,10676,10.6629
025040107410003168d2a000a00000e2,2,3,57,322,265,635,515,1.00123,6254,6.24634
025040107410003168d2a000a00000e2,2,3,58,322,265,635,515,1.00123,10664,10.6509
025040107410003168d2a000a00000e2,2,3,59,322,265,635,515,1.00123,370,0.369547
025040107410003168d2a000a00000e2,2,3,60,322,265,635,515,1.00123,55,0.0549326
025040107410003168d2a000a00000e2,2,3,61,322,265,635,515,1.00123,2298,2.29519
025040107410003168d2a000a00000e2,2,3,62,322,265,635,515,1.00123,137,0.136832
025040107410003168d2a000a00000e2,2,3,63,322,265,635,515,1.00123,34,0.0339584
025040107410003168d2a000a00000e2,2,3,0,322,265,636,516,1.0027,68,0.0678168
025040107410003168d2a000a00000e2,2,3,1,322,265,636,516,1.0027,124,0.123666
025040107410003168d2a000a00000e2,2,3,2,322,265,636,516,1.0027,7900,7.87872
025040107410003168d2a000a00000e2,2,3,3,322,265,636,516,1.0027,10600,10.5714
025040107410003168d2a000a00000e2,2,3,4,322,265,636,516,1.0027,10625,10.5964
025040107410003168d2a000a00000e2,2,3,5,322,265,636,516,1.0027,187,0.186496
025040107410003168d2a000a00000e2,2,3,6,322,265,636,516,1.0027,6392,6.37478
025040107410003168d2a000a00000e2,2,3,7,322,265,636,516,1.0027,4995,4.98155
025040107410003168d2a000a00000e2,2,3,8,322,265,636,516,1.0027,10593,10.5645
025040107410003168d2a000a00000e2,2,3,9,322,265,636,516,1.0027,10654,10.6253
025040107410003168d2a000a00000e2,2,3,10,322,265,636,516,1.0027,7601,7.58053
025040107410003168d2a000a00000e2,2,3,11,322,265,636,516,1.0027,10638,10.6093
025040107410003168d2a000a00000e2,2,3,12,322,265,636,516,1.0027,10637,10.6083
025040107410003168d2a000a00000e2,2,3,13,322,265,636,516,1.0027,10633,10.6044
025040107410003168d2a000a00000e2,2,3,14,322,265,636,516,1.0027,10507,10.4787
025040107410003168d2a000a00000e2,2,3,15,322,265,636,516,1.0027,10655,10.6263
025040107410003168d2a000a00000e2,2,3,16,322,265,636,516,1.0027,10629,10.6004
025040107410003168d2a000a00000e2,2,3,17,322,265,636,516,1.0027,10653,10.6243
025040107410003168d2a000a00000e2,2,3,18,322,265,636,516,1.0027,10611,10.5824
025040107410003168d2a000a00000e2,2,3,19,322,265,636,516,1.0027,10579,10.5505
025040107410003168d2a000a00000e2,2,3,20,322,265,636,516,1.0027,10605,10.5764
025040107410003168d2a000a00000e2,2,3,21,322,265,636,516,1.0027,10660,10.6313
025040107410003168d2a000a00000e2,2,3,22,322,265,636,516,1.0027,10619,10.5904
025040107410003168d2a000a00000e2,2,3,23,322,265,636,516,1.0027,10664,10.6353
025040107410003168d2a000a00000e2,2,3,24,322,265,636,516,1.0027,10654,10.6253
025040107410003168d2a000a00000e2,2,3,25,322,265,636,516,1.0027,10667,10.6383
025040107410003168d2a000a00000e2,2,3,26,322,265,636,516,1.0027,10665,10.6363
025040107410003168d2a000a00000e2,2,3,27,322,265,636,516,1.0027,10641,10.6123
025040107410003168d2a000a00000e2,2,3,28,322,265,636,516,1.0027,10598,10.5695
025040107410003168d2a000a00000e2,2,3,29,322,265,636,516,1.0027,10602,10.5734
025040107410003168d2a000a00000e2,2,3,30,322,265,636,516,1.0027,10612,10.5834
025040107410003168d2a000a00000e2,2,3,31,322,265,636,516,1.0027,10661,10.6323
025040107410003168d2a000a00000e2,2,3,32,322,265,636,516,1.0027,10638,10.6093
025040107410003168d2a000a00000e2,2,3,33,322,265,636,516,1.0027,10673,10.6443
025040107410003168d2a000a00000e2,2,3,34,322,265,636,516,1.0027,10612,10.5834
025040107410003168d2a000a00000e2,2,3,35,322,265,636,516,1.0027,10674,10.6452
025040107410003168d2a000a00000e2,2,3,36,322,265,636,516,1.0027,10662,10.6333
025040107410003168d2a000a00000e2,2,3,37,322,265,636,516,1.0027,10666,10.6373
025040107410003168d2a000a00000e2,2,3,38,322,265,636,516,1.0027,10631,10.6024
025040107410003168d2a000a00000e2,2,3,39,322,265,636,516,1.0027,10650,10.6213
025040107410003168d2a000a00000e2,2,3,40,322,265,636,516,1.0027,10616,10.5874
025040107410003168d2a000a00000e2,2,3,41,322,265,636,516,1.0027,10667,10.6383
025040107410003168d2a000a00000e2,2,3,42,322,265,636,516,1.0027,10630,10.6014
025040107410003168d2a000a00000e2,2,3,43,322,265,636,516,1.0027,10672,10.6433
025040107410003168d2a000a00000e2,2,3,44,322,265,636,516,1.0027,10631,10.6024
025040107410003168d2a000a00000e2,2,3,45,322,265,636,516,1.0027,10669,10.6403
025040107410003168d2a000a00000e2,2,3,46,322,265,636,516,1.0027,10661,10.6323
025040107410003168d2a000a00000e2,2,3,47,322,265,636,516,1.0027,10539,10.5106
025040107410003168d2a000a00000e2,2,3,48,322,265,636,516,1.0027,10620,10.5914
025040107410003168d2a000a00000e2,2,3,49,322,265,636,516,1.0027,10597,10.5685
025040107410003168d2a000a00000e2,2,3,50,322,265,636,516,1.0027,10644,10.6153
025040107410003168d2a000a00000e2,2,3,51,322,265,636,516,1.0027,10658,10.6293
025040107410003168d2a000a00000e2,2,3,52,322,265,636,516,1.0027,10612,10.5834
025040107410003168d2a000a00000e2,2,3,53,322,265,636,516,1.0027,10601,10.5724
025040107410003168d2a000a00000e2,2,3,54,322,265,636,516,1.0027,9702,9.67587
025040107410003168d2a000a00000e2,2,3,55,322,265,636,516,1.0027,9863,9.83643
025040107410003168d2a000a00000e2,2,3,56,322,265,636,516,1.0027,10619,10.5904
025040107410003168d2a000a00000e2,2,3,57,322,265,636,516,1.0027,2657,2.64984
025040107410003168d2a000a00000e2,2,3,58,322,265,636,516,1.0027,10597,10.5685
025040107410003168d2a000a00000e2,2,3,59,322,265,636,516,1.0027,191,0.190486
025040107410003168d2a000a00000e2,2,3,60,322,265,636,516,1.0027,38,0.0378976
025040107410003168d2a000a00000e2,2,3,61,322,265,636,516,1.0027,770,0.767926
025040107410003168d2a000a00000e2,2,3,62,322,265,636,516,1.0027,83,0.0827764
025040107410003168d2a000a00000e2,2,3,63,322,265,636,516,1.0027,21,0.0209434
025040107410003168d2a000a00000e2,2,3,0,322,265,637,517,1.0027,72,0.0718061
025040107410003168d2a000a00000e2,2,3,1,322,265,637,517,1.0027,106,0.105714
025040107410003168d2a000a00000e2,2,3,2,322,265,637,517,1.0027,4911,4.89777
025040107410003168d2a000a00000e2,2,3,3,322,265,637,517,1.0027,10700,10.6712
025040107410003168d2a000a00000e2,2,3,4,322,265,637,517,1.0027,10731,10.7021
025040107410003168d2a000a00000e2,2,3,5,322,265,637,517,1.0027,146,0.145607
025040107410003168d2a000a00000e2,2,3,6,322,265,637,517,1.0027,3128,3.11957
025040107410003168d2a000a00000e2,2,3,7,322,265,637,517,1.0027,2250,2.24394
025040107410003168d2a000a00000e2,2,3,8,322,265,637,517,1.0027,10691,10.6622
025040107410003168d2a000a00000e2,2,3,9,322,265,637,517,1.0027,10762,10.733
025040107410003168d2a000a00000e2,2,3,10,322,265,637,517,1.0027,4680,4.66739
025040107410003168d2a000a00000e2,2,3,11,322,265,637,517,1.0027,10741,10.7121
025040107410003168d2a000a00000e2,2,3,12,322,265,637,517,1.0027,10743,10.7141
025040107410003168d2a000a00000e2,2,3,13,322,265,637,517,1.0027,10730,10.7011
025040107410003168d2a000a00000e2,2,3,14,322,265,637,517,1.0027,10516,10.4877
025040107410003168d2a000a00000e2,2,3,15,322,265,637,517,1.0027,10765,10.736
025040107410003168d2a000a00000e2,2,3,16,322,265,637,517,1.0027,10728,10.6991
025040107410003168d2a000a00000e2,2,3,17,322,265,637,517,1.0027,10762,10.733
025040107410003168d2a000a00000e2,2,3,18,322,265,637,517,1.0027,10713,10.6841
025040107410003168d2a000a00000e2,2,3,19,322,265,637,517,1.0027,10681,10.6522
025040107410003168d2a000a00000e2,2,3,20,322,265,637,517,1.0027,10703,10.6742
025040107410003168d2a000a00000e2,2,3,21,322,265,637,517,1.0027,10776,10.747
025040107410003168d2a000a00000e2,2,3,22,322,265,637,517,1.0027,10722,10.6931
025040107410003168d2a000a00000e2,2,3,23,322,265,637,517,1.0027,10775,10.746
025040107410003168d2a000a00000e2,2,3,24,322,265,637,517,1.0027,10759,10.73
025040107410003168d2a000a00000e2,2,3,25,322,265,637,517,1.0027,10777,10.748
025040107410003168d2a000a00000e2,2,3,26,322,265,637,517,1.0027,10771,10.742
025040107410003168d2a000a00000e2,2,3,27,322,265,637,517,1.0027,10739,10.7101
025040107410003168d2a000a00000e2,2,3,28,322,265,637,517,1.0027,10693,10.6642
025040107410003168d2a000a00000e2,2,3,29,322,265,637,517,1.0027,10696,10.6672
025040107410003168d2a000a00000e2,2,3,30,322,265,637,517,1.0027,10720,10.6911
025040107410003168d2a000a00000e2,2,3,31,322,265,637,517,1.0027,10774,10.745
025040107410003168d2a000a00000e2,2,3,32,322,265,637,517,1.0027,10742,10.7131
025040107410003168d2a000a00000e2,2,3,33,322,265,637,517,1.0027,10779,10.75
025040107410003168d2a000a00000e2,2,3,34,322,265,637,517,1.0027,10702,10.6732
025040107410003168d2a000a00000e2,2,3,35,322,265,637,517,1.0027,10779,10.75
025040107410003168d2a000a00000e2,2,3,36,322,265,637,517,1.0027,10769,10.74
025040107410003168d2a000a00000e2,2,3,37,322,265,637,517,1.0027,10772,10.743
025040107410003168d2a000a00000e2,2,3,38,322,265,637,517,1.0027,10736,10.7071
025040107410003168d2a000a00000e2,2,3,39,322,265,637,517,1.0027,10751,10.722
025040107410003168d2a000a00000e2,2,3,40,322,265,637,517,1.0027,10706,10.6772
025040107410003168d2a000a00000e2,2,3,41,322,265,637,517,1.0027,10776,10.747
025040107410003168d2a000a00000e2,2,3,42,322,265,637,517,1.0027,10725,10.6961
025040107410003168d2a000a00000e2,2,3,43,322,265,637,517,1.0027,10778,10.749
025040107410003168d2a000a00000e2,2,3,44,322,265,637,517,1.0027,10724,10.6951
025040107410003168d2a000a00000e2,2,3,45,322,265,637,517,1.0027,10776,10.747
025040107410003168d2a000a00000e2,2,3,46,322,265,637,517,1.0027,10769,10.74
025040107410003168d2a000a00000e2,2,3,47,322,265,637,517,1.0027,10564,10.5355
025040107410003168d2a000a00000e2,2,3,48,322,265,637,517,1.0027,10709,10.6802
025040107410003168d2a000a00000e2,2,3,49,322,265,637,517,1.0027,10667,10.6383
025040107410003168d2a000a00000e2,2,3,50,322,265,637,517,1.0027,10740,10.7111
025040107410003168d2a000a00000e2,2,3,51,322,265,637,517,1.0027,10764,10.735
025040107410003168d2a000a00000e2,2,3,52,322,265,637,517,1.0027,10709,10.6802
025040107410003168d2a000a00000e2,2,3,53,322,265,637,517,1.0027,10672,10.6433
025040107410003168d2a000a00000e2,2,3,54,322,265,637,517,1.0027,7710,7.68923
025040107410003168d2a000a00000e2,2,3,55,322,265,637,517,1.0027,8097,8.07519
025040107410003168d2a000a00000e2,2,3,56,322,265,637,517,1.0027,10704,10.6752
025040107410003168d2a000a00000e2,2,3,57,322,265,637,517,1.0027,823,0.820783
025040107410003168d2a000a00000e2,2,3,58,322,265,637,517,1.0027,10667,10.6383
025040107410003168d2a000a00000e2,2,3,59,322,265,637,517,1.0027,114,0.113693
025040107410003168d2a000a00000e2,2,3,60,322,265,637,517,1.0027,42,0.0418869
025040107410003168d2a000a00000e2,2,3,61,322,265,637,517,1.0027,294,0.293208
025040107410003168d2a000a00000e2,2,3,62,322,265,637,517,1.0027,74,0.0738007
025040107410003168d2a000a00000e2,2,3,63,322,265,637,517,1.0027,12,0.0119677
025040107410003168d2a000a00000e2,2,3,0,322,265,638,517,1.00123,79,0.0789032
025040107410003168d2a000a00000e2,2,3,1,322,265,638,517,1.00123,108,0.107868
025040107410003168d2a000a00000e2,2,3,2,322,265,638,517,1.00123,1866,1.86371
025040107410003168d2a000a00000e2,2,3,3,322,265,638,517,1.00123,10638,10.625
025040107410003168d2a000a00000e2,2,3,4,322,265,638,517,1.00123,10669,10.6559
025040107410003168d2a000a00000e2,2,3,5,322,265,638,517,1.00123,129,0.128842
025040107410003168d2a000a00000e2,2,3,6,322,265,638,517,1.00123,1117,1.11563
025040107410003168d2a000a00000e2,2,3,7,322,265,638,517,1.00123,710,0.70913
025040107410003168d2a000a00000e2,2,3,8,322,265,638,517,1.00123,10631,10.618
025040107410003168d2a000a00000e2,2,3,9,322,265,638,517,1.00123,10688,10.6749
025040107410003168d2a000a00000e2,2,3,10,322,265,638,517,1.00123,1849,1.84674
025040107410003168d2a000a00000e2,2,3,11,322,265,638,517,1.00123,10680,10.6669
025040107410003168d2a000a00000e2,2,3,12,322,265,638,517,1.00123,10685,10.6719
025040107410003168d2a000a00000e2,2,3,13,322,265,638,517,1.00123,10673,10.6599
025040107410003168d2a000a00000e2,2,3,14,322,265,638,517,1.00123,10236,10.2235
025040107410003168d2a000a00000e2,2,3,15,322,265,638,517,1.00123,10693,10.6799
025040107410003168d2a000a00000e2,2,3,16,322,265,638,517,1.00123,10674,10.6609
025040107410003168d2a000a00000e2,2,3,17,322,265,638,517,1.00123,10690,10.6769
025040107410003168d2a000a00000e2,2,3,18,322,265,638,517,1.00123,10654,10.641
025040107410003168d2a000a00000e2,2,3,19,322,265,638,517,1.00123,10595,10.582
025040107410003168d2a000a00000e2,2,3,20,322,265,638,517,1.00123,10649,10.636
025040107410003168d2a000a00000e2,2,3,21,322,265,638,517,1.00123,10700,10.6869
025040107410003168d2a000a00000e2,2,3,22,322,265,638,517,1.00123,10660,10.6469
025040107410003168d2a000a00000e2,2,3,23,322,265,638,517,1.00123,10708,10.6949
025040107410003168d2a000a00000e2,2,3,24,322,265,638,517,1.00123,10695,10.6819
025040107410003168d2a000a00000e2,2,3,25,322,265,638,517,1.00123,10707,10.6939
025040107410003168d2a000a00000e2,2,3,26,322,265,638,517,1.00123,10706,10.6929
025040107410003168d2a000a00000e2,2,3,27,322,265,638,517,1.00123,10678,10.6649
025040107410003168d2a000a00000e2,2,3,28,322,265,638,517,1.00123,10636,10.623
025040107410003168d2a000a00000e2,2,3,29,322,265,638,517,1.00123,10640,10.627
025040107410003168d2a000a00000e2,2,3,30,322,265,638,517,1.00123,10660,10.6469
025040107410003168d2a000a00000e2,2,3,31,322,265,638,517,1.00123,10703,10.6899
025040107410003168d2a000a00000e2,2,3,32,322,265,638,517,1.00123,10686,10.6729
025040107410003168d2a000a00000e2,2,3,33,322,265,638,517,1.00123,10715,10.7019
025040107410003168d2a000a00000e2,2,3,34,322,265,638,517,1.00123,10649,10.636
025040107410003168d2a000a00000e2,2,3,35,322,265,638,517,1.00123,10711,10.6979
025040107410003168d2a000a00000e2,2,3,36,322,265,638,517,1.00123,10705,10.6919
025040107410003168d2a000a00000e2,2,3,37,322,265,638,517,1.00123,10704,10.6909
025040107410003168d2a000a00000e2,2,3,38,322,265,638,517,1.00123,10675,10.6619
025040107410003168d2a000a00000e2,2,3,39,322,265,638,517,1.00123,10685,10.6719
025040107410003168d2a000a00000e2,2,3,40,322,265,638,517,1.00123,10648,10.635
025040107410003168d2a000a00000e2,2,3,41,322,265,638,517,1.00123,10707,10.6939
025040107410003168d2a000a00000e2,2,3,42,322,265,638,517,1.00123,10665,10.6519
025040107410003168d2a000a00000e2,2,3,43,322,265,638,517,1.00123,10709,10.6959
025040107410003168d2a000a00000e2,2,3,44,322,265,638,517,1.00123,10672,10.6589
025040107410003168d2a000a00000e2,2,3,45,322,265,638,517,1.00123,10705,10.6919
025040107410003168d2a000a00000e2,2,3,46,322,265,638,517,1.00123,10700,10.6869
025040107410003168d2a000a00000e2,2,3,47,322,265,638,517,1.00123,10250,10.2374
025040107410003168d2a000a00000e2,2,3,48,322,265,638,517,1.00123,10658,10.6449
025040107410003168d2a000a00000e2,2,3,49,322,265,638,517,1.00123,10570,10.5571
025040107410003168d2a000a00000e2,2,3,50,322,265,638,517,1.00123,10677,10.6639
025040107410003168d2a000a00000e2,2,3,51,322,265,638,517,1.00123,10695,10.6819
025040107410003168d2a000a00000e2,2,3,52,322,265,638,517,1.00123,10652,10.639
025040107410003168d2a000a00000e2,2,3,53,322,265,638,517,1.00123,10575,10.562
025040107410003168d2a000a00000e2,2,3,54,322,265,638,517,1.00123,4195,4.18986
025040107410003168d2a000a00000e2,2,3,55,322,265,638,517,1.00123,4650,4.6443
025040107410003168d2a000a00000e2,2,3,56,322,265,638,517,1.00123,10644,10.631
025040107410003168d2a000a00000e2,2,3,57,322,265,638,517,1.00123,290,0.289645
025040107410003168d2a000a00000e2,2,3,58,322,265,638,517,1.00123,10561,10.5481
025040107410003168d2a000a00000e2,2,3,59,322,265,638,517,1.00123,98,0.09788
025040107410003168d2a000a00000e2,2,3,60,322,265,638,517,1.00123,44,0.0439461
025040107410003168d2a000a00000e2,2,3,61,322,265,638,517,1.00123,205,0.204749
025040107410003168d2a000a00000e2,2,3,62,322,265,638,517,1.00123,66,0.0659192
025040107410003168d2a000a00000e2,2,3,63,322,265,638,517,1.00123,0,0
025040107410003168d2a000a00000e2,2,3,0,322,265,639,518,1.00123,75,0.0749081
025040107410003168d2a000a00000e2,2,3,1,322,265,639,518,1.00123,90,0.0898898
025040107410003168d2a000a00000e2,2,3,2,322,265,639,518,1.00123,591,0.590276
025040107410003168d2a000a00000e2,2,3,3,322,265,639,518,1.00123,10568,10.5551
025040107410003168d2a000a00000e2,2,3,4,322,265,639,518,1.00123,10619,10.606
025040107410003168d2a000a00000e2,2,3,5,322,265,639,518,1.00123,114,0.11386
025040107410003168d2a000a00000e2,2,3,6,322,265,639,518,1.00123,412,0.411495
025040107410003168d2a000a00000e2,2,3,7,322,265,639,518,1.00123,296,0.295637
025040107410003168d2a000a00000e2,2,3,8,322,265,639,518,1.00123,10535,10.5221
025040107410003168d2a000a00000e2,2,3,9,322,265,639,518,1.00123,10647,10.634
025040107410003168d2a000a00000e2,2,3,10,322,265,639,518,1.00123,686,0.68516
025040107410003168d2a000a00000e2,2,3,11,322,265,639,518,1.00123,10628,10.615
025040107410003168d2a000a00000e2,2,3,12,322,265,639,518,1.00123,10640,10.627
025040107410003168d2a000a00000e2,2,3,13,322,265,639,518,1.00123,10613,10.6
025040107410003168d2a000a00000e2,2,3,14,322,265,639,518,1.00123,9098,9.08686
025040107410003168d2a000a00000e2,2,3,15,322,265,639,518,1.00123,10652,10.639
025040107410003168d2a000a00000e2,2,3,16,322,265,639,518,1.00123,10619,10.606
025040107410003168d2a000a00000e2,2,3,17,322,265,639,518,1.00123,10653,10.64
025040107410003168d2a000a00000e2,2,3,18,322,265,639,518,1.00123,10610,10.597
025040107410003168d2a000a00000e2,2,3,19,322,265,639,518,1.00123,10458,10.4452
025040107410003168d2a000a00000e2,2,3,20,322,265,639,518,1.00123,10595,10.582
025040107410003168d2a000a00000e2,2,3,21,322,265,639,518,1.00123,10669,10.6559
025040107410003168d2a000a00000e2,2,3,22,322,265,639,518,1.00123,10613,10.6
025040107410003168d2a000a00000e2,2,3,23,322,265,639,518,1.00123,10670,10.6569
025040107410003168d2a000a00000e2,2,3,24,322,265,639,518,1.00123,10652,10.639
025040107410003168d2a000a00000e2,2,3,25,322,265,639,518,1.00123,10671,10.6579
025040107410003168d2a000a00000e2,2,3,26,322,265,639,518,1.00123,10673,10.6599
025040107410003168d2a000a00000e2,2,3,27,322,265,639,518,1.00123,10625,10.612
025040107410003168d2a000a00000e2,2,3,28,322,265,639,518,1.00123,10556,10.5431
025040107410003168d2a000a00000e2,2,3,29,322,265,639,518,1.00123,10534,10.5211
025040107410003168d2a000a00000e2,2,3,30,322,265,639,518,1.00123,10608,10.595
025040107410003168d2a000a00000e2,2,3,31,322,265,639,518,1.00123,10666,10.6529
025040107410003168d2a000a00000e2,2,3,32,322,265,639,518,1.00123,10642,10.629
025040107410003168d2a000a00000e2,2,3,33,322,265,639,518,1.00123,10676,10.6629
025040107410003168d2a000a00000e2,2,3,34,322,265,639,518,1.00123,10602,10.589
025040107410003168d2a000a00000e2,2,3,35,322,265,639,518,1.00123,10676,10.6629
025040107410003168d2a000a00000e2,2,3,36,322,265,639,518,1.00123,10669,10.6559
025040107410003168d2a000a00000e2,2,3,37,322,265,639,518,1.00123,10665,10.6519
025040107410003168d2a000a00000e2,2,3,38,322,265,639,518,1.00123,10631,10.618
025040107410003168d2a000a00000e2,2,3,39,322,265,639,518,1.00123,10630,10.617
025040107410003168d2a000a00000e2,2,3,40,322,265,639,518,1.00123,10575,10.562
025040107410003168d2a000a00000e2,2,3,41,322,265,639,518,1.00123,10671,10.6579
025040107410003168d2a000a00000e2,2,3,42,322,265,639,518,1.00123,10617,10.604
025040107410003168d2a000a00000e2,2,3,43,322,265,639,518,1.00123,10673,10.6599
025040107410003168d2a000a00000e2,2,3,44,322,265,639,518,1.00123,10612,10.599
025040107410003168d2a000a00000e2,2,3,45,322,265,639,518,1.00123,10671,10.6579
025040107410003168d2a000a00000e2,2,3,46,322,265,639,518,1.00123,10662,10.6489
025040107410003168d2a000a00000e2,2,3,47,322,265,639,518,1.00123,9023,9.01195
025040107410003168d2a000a00000e2,2,3,48,322,265,639,518,1.00123,10600,10.587
025040107410003168d2a000a00000e2,2,3,49,322,265,639,518,1.00123,10333,10.3203
025040107410003168d2a000a00000e2,2,3,50,322,265,639,518,1.00123,10618,10.605
025040107410003168d2a000a00000e2,2,3,51,322,265,639,518,1.00123,10638,10.625
025040107410003168d2a000a00000e2,2,3,52,322,265,639,518,1.00123,10585,10.572
025040107410003168d2a000a00000e2,2,3,53,322,265,639,518,1.00123,10347,10.3343
025040107410003168d2a000a00000e2,2,3,54,322,265,639,518,1.00123,1543,1.54111
025040107410003168d2a000a00000e2,2,3,55,322,265,639,518,1.00123,1651,1.64898
025040107410003168d2a000a00000e2,2,3,56,322,265,639,518,1.00123,10555,10.5421
025040107410003168d2a000a00000e2,2,3,57,322,265,639,518,1.00123,154,0.153811
025040107410003168d2a000a00000e2,2,3,58,322,265,639,518,1.00123,10256,10.2434
025040107410003168d2a000a00000e2,2,3,59,322,265,639,518,1.00123,79,0.0789032
025040107410003168d2a000a00000e2,2,3,60,322,265,639,518,1.00123,44,0.0439461
025040107410003168d2a000a00000e2,2,3,61,322,265,639,518,1.00123,130,0.129841
025040107410003168d2a000a00000e2,2,3,62,322,265,639,518,1.00123,63,0.0629228
025040107410003168d2a000a00000e2,2,3,63,322,265,639,518,1.00123,0,0
025040107410003168d2a000a00000e2,2,3,0,322,265,640,519,1.00123,63,0.0629228
025040107410003168d2a000a00000e2,2,3,1,322,265,640,519,1.00123,77,0.0769057
025040107410003168d2a000a00000e2,2,3,2,322,265,640,519,1.00123,293,0.292641
025040107410003168d2a000a00000e2,2,3,3,322,265,640,519,1.00123,10503,10.4901
025040107410003168d2a000a00000e2,2,3,4,322,265,640,519,1.00123,10596,10.583
025040107410003168d2a000a00000e2,2,3,5,322,265,640,519,1.00123,90,0.0898898
025040107410003168d2a000a00000e2,2,3,6,322,265,640,519,1.00123,244,0.243701
025040107410003168d2a000a00000e2,2,3,7,322,265,640,519,1.00123,194,0.193762
025040107410003168d2a000a00000e2,2,3,8,322,265,640,519,1.00123,10467,10.4542
025040107410003168d2a000a00000e2,2,3,9,322,265,640,519,1.00123,10625,10.612
025040107410003168d2a000a00000e2,2,3,10,322,265,640,519,1.00123,328,0.327598
025040107410003168d2a000a00000e2,2,3,11,322,265,640,519,1.00123,10605,10.592
025040107410003168d2a000a00000e2,2,3,12,322,265,640,519,1.00123,10620,10.607
025040107410003168d2a000a00000e2,2,3,13,322,265,640,519,1.00123,10593,10.58
025040107410003168d2a000a00000e2,2,3,14,322,265,640,519,1.00123,7313,7.30404
025040107410003168d2a000a00000e2,2,3,15,322,265,640,519,1.00123,10631,10.618
025040107410003168d2a000a00000e2,2,3,16,322,265,640,519,1.00123,10594,10.581
025040107410003168d2a000a00000e2,2,3,17,322,265,640,519,1.00123,10629,10.616
025040107410003168d2a000a00000e2,2,3,18,322,265,640,519,1.00123,10572,10.5591
025040107410003168d2a000a00000e2,2,3,19,322,265,640,519,1.00123,10247,10.2345
025040107410003168d2a000a00000e2,2,3,20,322,265,640,519,1.00123,10541,10.5281
025040107410003168d2a000a00000e2,2,3,21,322,265,640,519,1.00123,10649,10.636
025040107410003168d2a000a00000e2,2,3,22,322,265,640,519,1.00123,10583,10.57
025040107410003168d2a000a00000e2,2,3,23,322,265,640,519,1.00123,10649,10.636
025040107410003168d2a000a00000e2,2,3,24,322,265,640,519,1.00123,10636,10.623
025040107410003168d2a000a00000e2,2,3,25,322,265,640,519,1.00123,10653,10.64
025040107410003168d2a000a00000e2,2,3,26,322,265,640,519,1.00123,10651,10.638
025040107410003168d2a000a00000e2,2,3,27,322,265,640,519,1.00123,10600,10.587
025040107410003168d2a000a00000e2,2,3,28,322,265,640,519,1.00123,10493,10.4801
025040107410003168d2a000a00000e2,2,3,29,322,265,640,519,1.00123,10475,10.4622
025040107410003168d2a000a00000e2,2,3,30,322,265,640,519,1.00123,10578,10.565
025040107410003168d2a000a00000e2,2,3,31,322,265,640,519,1.00123,10647,10.634
025040107410003168d2a000a00000e2,2,3,32,322,265,640,519,1.00123,10621,10.608
025040107410003168d2a000a00000e2,2,3,33,322,265,640,519,1.00123,10659,10.6459
025040107410003168d2a000a00000e2,2,3,34,322,265,640,519,1.00123,10557,10.5441
025040107410003168d2a000a00000e2,2,3,35,322,265,640,519,1.00123,10657,10.6439
025040107410003168d2a000a00000e2,2,3,36,322,265,640,519,1.00123,10646,10.633
025040107410003168d2a000a00000e2,2,3,37,322,265,640,519,1.00123,10646,10.633
025040107410003168d2a000a00000e2,2,3,38,322,265,640,519,1.00123,10608,10.595
025040107410003168d2a000a00000e2,2,3,39,322,265,640,519,1.00123,10618,10.605
025040107410003168d2a000a00000e2,2,3,40,322,265,640,519,1.00123,10522,10.5091
025040107410003168d2a000a00000e2,2,3,41,322,265,640,519,1.00123,10653,10.64
025040107410003168d2a000a00000e2,2,3,42,322,265,640,519,1.00123,10594,10.581
025040107410003168d2a000a00000e2,2,3,43,322,265,640,519,1.00123,10655,10.642
025040107410003168d2a000a00000e2,2,3,44,322,265,640,519,1.00123,10586,10.573
025040107410003168d2a000a00000e2,2,3,45,322,265,640,519,1.00123,10651,10.638
025040107410003168d2a000a00000e2,2,3,46,322,265,640,519,1.00123,10641,10.628
025040107410003168d2a000a00000e2,2,3,47,322,265,640,519,1.00123,6797,6.78868
025040107410003168d2a000a00000e2,2,3,48,322,265,640,519,1.00123,10553,10.5401
025040107410003168d2a000a00000e2,2,3,49,322,265,640,519,1.00123,9760,9.74805
025040107410003168d2a000a00000e2,2,3,50,322,265,640,519,1.00123,10591,10.578
025040107410003168d2a000a00000e2,2,3,51,322,265,640,519,1.00123,10617,10.604
025040107410003168d2a000a00000e2,2,3,52,322,265,640,519,1.00123,10545,10.5321
025040107410003168d2a000a00000e2,2,3,53,322,265,640,519,1.00123,9760,9.74805
025040107410003168d2a000a00000e2,2,3,54,322,265,640,519,1.00123,577,0.576293
025040107410003168d2a000a00000e2,2,3,55,322,265,640,519,1.00123,619,0.618242
025040107410003168d2a000a00000e2,2,3,56,322,265,640,519,1.00123,10472,10.4592
025040107410003168d2a000a00000e2,2,3,57,322,265,640,519,1.00123,107,0.106869
025040107410003168d2a000a00000e2,2,3,58,322,265,640,519,1.00123,9577,9.56527
025040107410003168d2a000a00000e2,2,3,59,322,265,640,519,1.00123,62,0.0619241
025040107410003168d2a000a00000e2,2,3,60,322,265,640,519,1.00123,41,0.0409498
025040107410003168d2a000a00000e2,2,3,61,322,265,640,519,1.00123,103,0.102874
025040107410003168d2a000a00000e2,2,3,62,322,265,640,519,1.00123,49,0.04894
025040107410003168d2a000a00000e2,2,3,63,322,265,640,519,1.00123,0,0
025040107410003168d2a000a00000e2,2,3,0,322,265,641,520,1.0027,47,0.0468734
025040107410003168d2a000a00000e2,2,3,1,322,265,641,520,1.0027,53,0.0528572
025040107410003168d2a000a00000e2,2,3,2,322,265,641,520,1.0027,153,0.152588
025040107410003168d2a000a00000e2,2,3,3,322,265,641,520,1.0027,10413,10.385
025040107410003168d2a000a00000e2,2,3,4,322,265,641,520,1.0027,10619,10.5904
025040107410003168d2a000a00000e2,2,3,5,322,265,641,520,1.0027,65,0.0648249
025040107410003168d2a000a00000e2,2,3,6,322,265,641,520,1.0027,142,0.141618
025040107410003168d2a000a00000e2,2,3,7,322,265,641,520,1.0027,106,0.105714
025040107410003168d2a000a00000e2,2,3,8,322,265,641,520,1.0027,10391,10.363
025040107410003168d2a000a00000e2,2,3,9,322,265,641,520,1.0027,10643,10.6143
025040107410003168d2a000a00000e2,2,3,10,322,265,641,520,1.0027,164,0.163558
025040107410003168d2a000a00000e2,2,3,11,322,265,641,520,1.0027,10631,10.6024
025040107410003168d2a000a00000e2,2,3,12,322,265,641,520,1.0027,10649,10.6203
025040107410003168d2a000a00000e2,2,3,13,322,265,641,520,1.0027,10606,10.5774
025040107410003168d2a000a00000e2,2,3,14,322,265,641,520,1.0027,4352,4.34028
025040107410003168d2a000a00000e2,2,3,15,322,265,641,520,1.0027,10654,10.6253
025040107410003168d2a000a00000e2,2,3,16,322,265,641,520,1.0027,10620,10.5914
025040107410003168d2a000a00000e2,2,3,17,322,265,641,520,1.0027,10649,10.6203
025040107410003168d2a000a00000e2,2,3,18,322,265,641,520,1.0027,10594,10.5655
025040107410003168d2a000a00000e2,2,3,19,322,265,641,520,1.0027,9527,9.50134
025040107410003168d2a000a00000e2,2,3,20,322,265,641,520,1.0027,10565,10.5365
025040107410003168d2a000a00000e2,2,3,21,322,265,641,520,1.0027,10673,10.6443
025040107410003168d2a000a00000e2,2,3,22,322,265,641,520,1.0027,10611,10.5824
025040107410003168d2a000a00000e2,2,3,23,322,265,641,520,1.0027,10682,10.6532
025040107410003168d2a000a00000e2,2,3,24,322,265,641,520,1.0027,10664,10.6353
025040107410003168d2a000a00000e2,2,3,25,322,265,641,520,1.0027,10676,10.6472
025040107410003168d2a000a00000e2,2,3,26,322,265,641,520,1.0027,10677,10.6482
025040107410003168d2a000a00000e2,2,3,27,322,265,641,520,1.0027,10623,10.5944
025040107410003168d2a000a00000e2,2,3,28,322,265,641,520,1.0027,10406,10.378
025040107410003168d2a000a00000e2,2,3,29,322,265,641,520,1.0027,10280,10.2523
025040107410003168d2a000a00000e2,2,3,30,322,265,641,520,1.0027,10611,10.5824
025040107410003168d2a000a00000e2,2,3,31,322,265,641,520,1.0027,10673,10.6443
025040107410003168d2a000a00000e2,2,3,32,322,265,641,520,1.0027,10644,10.6153
025040107410003168d2a000a00000e2,2,3,33,322,265,641,520,1.0027,10685,10.6562
025040107410003168d2a000a00000e2,2,3,34,322,265,641,520,1.0027,10567,10.5385
025040107410003168d2a000a00000e2,2,3,35,322,265,641,520,1.0027,10683,10.6542
025040107410003168d2a000a00000e2,2,3,36,322,265,641,520,1.0027,10670,10.6413
025040107410003168d2a000a00000e2,2,3,37,322,265,641,520,1.0027,10666,10.6373
025040107410003168d2a000a00000e2,2,3,38,322,265,641,520,1.0027,10635,10.6064
025040107410003168d2a000a00000e2,2,3,39,322,265,641,520,1.0027,10640,10.6113
025040107410003168d2a000a00000e2,2,3,40,322,265,641,520,1.0027,10456,10.4278
025040107410003168d2a000a00000e2,2,3,41,322,265,641,520,1.0027,10670,10.6413
025040107410003168d2a000a00000e2,2,3,42,322,265,641,520,1.0027,10620,10.5914
025040107410003168d2a000a00000e2,2,3,43,322,265,641,520,1.0027,10681,10.6522
025040107410003168d2a000a00000e2,2,3,44,322,265,641,520,1.0027,10607,10.5784
025040107410003168d2a000a00000e2,2,3,45,322,265,641,520,1.0027,10676,10.6472
025040107410003168d2a000a00000e2,2,3,46,322,265,641,520,1.0027,10670,10.6413
025040107410003168d2a000a00000e2,2,3,47,322,265,641,520,1.0027,3480,3.47063
025040107410003168d2a000a00000e2,2,3,48,322,265,641,520,1.0027,10536,10.5076
025040107410003168d2a000a00000e2,2,3,49,322,265,641,520,1.0027,7902,7.88072
025040107410003168d2a000a00000e2,2,3,50,322,265,641,520,1.0027,10583,10.5545
025040107410003168d2a000a00000e2,2,3,51,322,265,641,520,1.0027,10616,10.5874
025040107410003168d2a000a00000e2,2,3,52,322,265,641,520,1.0027,10500,10.4717
025040107410003168d2a000a00000e2,2,3,53,322,265,641,520,1.0027,8042,8.02034
025040107410003168d2a000a00000e2,2,3,54,322,265,641,520,1.0027,209,0.208437
025040107410003168d2a000a00000e2,2,3,55,322,265,641,520,1.0027,193,0.19248
025040107410003168d2a000a00000e2,2,3,56,322,265,641,520,1.0027,10268,10.2403
025040107410003168d2a000a00000e2,2,3,57,322,265,641,520,1.0027,71,0.0708088
025040107410003168d2a000a00000e2,2,3,58,322,265,641,520,1.0027,7581,7.56058
025040107410003168d2a000a00000e2,2,3,59,322,265,641,520,1.0027,41,0.0408896
025040107410003168d2a000a00000e2,2,3,60,322,265,641,520,1.0027,25,0.0249327
025040107410003168d2a000a00000e2,2,3,61,322,265,641,520,1.0027,60,0.0598384
025040107410003168d2a000a00000e2,2,3,62,322,265,641,520,1.0027,35,0.0349057
025040107410003168d2a000a00000e2,2,3,63,322,265,641,520,1.0027,0,0
025040107410003168d2a000a00000e2,2,3,0,322,265,642,520,1.0027,61,0.0608357
025040107410003168d2a000a00000e2,2,3,1,322,265,642,520,1.0027,65,0.0648249
025040107410003168d2a000a00000e2,2,3,2,322,265,642,520,1.0027,136,0.135634
025040107410003168d2a000a00000e2,2,3,3,322,265,642,520,1.0027,9961,9.93417
025040107410003168d2a000a00000e2,2,3,4,322,265,642,520,1.0027,10565,10.5365
025040107410003168d2a000a00000e2,2,3,5,322,265,642,520,1.0027,74,0.0738007
025040107410003168d2a000a00000e2,2,3,6,322,265,642,520,1.0027,139,0.138626
025040107410003168d2a000a00000e2,2,3,7,322,265,642,520,1.0027,106,0.105714
025040107410003168d2a000a00000e2,2,3,8,322,265,642,520,1.0027,9817,9.79056
025040107410003168d2a000a00000e2,2,3,9,322,265,642,520,1.0027,10600,10.5714
025040107410003168d2a000a00000e2,2,3,10,322,265,642,520,1.0027,150,0.149596
025040107410003168d2a000a00000e2,2,3,11,322,265,642,520,1.0027,10580,10.5515
025040107410003168d2a000a00000e2,2,3,12,322,265,642,520,1.0027,10595,10.5665
025040107410003168d2a000a00000e2,2,3,13,322,265,642,520,1.0027,10541,10.5126
025040107410003168d2a000a00000e2,2,3,14,322,265,642,520,1.0027,1684,1.67946
025040107410003168d2a000a00000e2,2,3,15,322,265,642,520,1.0027,10613,10.5844
025040107410003168d2a000a00000e2,2,3,16,322,265,642,520,1.0027,10572,10.5435
025040107410003168d2a000a00000e2,2,3,17,322,265,642,520,1.0027,10607,10.5784
025040107410003168d2a000a00000e2,2,3,18,322,265,642,520,1.0027,10520,10.4917
025040107410003168d2a000a00000e2,2,3,19,322,265,642,520,1.0027,7245,7.22549
025040107410003168d2a000a00000e2,2,3,20,322,265,642,520,1.0027,10492,10.4637
025040107410003168d2a000a00000e2,2,3,21,322,265,642,520,1.0027,10632,10.6034
025040107410003168d2a000a00000e2,2,3,22,322,265,642,520,1.0027,10547,10.5186
025040107410003168d2a000a00000e2,2,3,23,322,265,642,520,1.0027,10636,10.6074
025040107410003168d2a000a00000e2,2,3,24,322,265,642,520,1.0027,10629,10.6004
025040107410003168d2a000a00000e2,2,3,25,322,265,642,520,1.0027,10638,10.6093
025040107410003168d2a000a00000e2,2,3,26,322,265,642,520,1.0027,10645,10.6163
025040107410003168d2a000a00000e2,2,3,27,322,265,642,520,1.0027,10560,10.5316
025040107410003168d2a000a00000e2,2,3,28,322,265,642,520,1.0027,9941,9.91422
025040107410003168d2a000a00000e2,2,3,29,322,265,642,520,1.0027,9483,9.45746
025040107410003168d2a000a00000e2,2,3,30,322,265,642,520,1.0027,10554,10.5256
025040107410003168d2a000a00000e2,2,3,31,322,265,642,520,1.0027,10632,10.6034
025040107410003168d2a000a00000e2,2,3,32,322,265,642,520,1.0027,10599,10.5705
025040107410003168d2a000a00000e2,2,3,33,322,265,642,520,1.0027,10644,10.6153
025040107410003168d2a000a00000e2,2,3,34,322,265,642,520,1.0027,10483,10.4548
025040107410003168d2a000a00000e2,2,3,35,322,265,642,520,1.0027,10649,10.6203
025040107410003168d2a000a00000e2,2,3,36,322,265,642,520,1.0027,10643,10.6143
025040107410003168d2a000a00000e2,2,3,37,322,265,642,520,1.0027,10628,10.5994
025040107410003168d2a000a00000e2,2,3,38,322,265,642,520,1.0027,10587,10.5585
025040107410003168d2a000a00000e2,2,3,39,322,265,642,520,1.0027,10587,10.5585
025040107410003168d2a000a00000e2,2,3,40,322,265,642,520,1.0027,10089,10.0618
025040107410003168d2a000a00000e2,2,3,41,322,265,642,520,1.0027,10632,10.6034
025040107410003168d2a000a00000e2,2,3,42,322,265,642,520,1.0027,10556,10.5276
025040107410003168d2a000a00000e2,2,3,43,322,265,642,520,1.0027,10636,10.6074
025040107410003168d2a000a00000e2,2,3,44,322,265,642,520,1.0027,10537,10.5086
025040107410003168d2a000a00000e2,2,3,45,322,265,642,520,1.0027,10635,10.6064
025040107410003168d2a000a00000e2,2,3,46,322,265,642,520,1.0027,10635,10.6064
025040107410003168d2a000a00000e2,2,3,47,322,265,642,520,1.0027,1091,1.08806
025040107410003168d2a000a00000e2,2,3,48,322,265,642,520,1.0027,10398,10.37
025040107410003168d2a000a00000e2,2,3,49,322,265,642,520,1.0027,4479,4.46694
025040107410003168d2a000a00000e2,2,3,50,322,265,642,520,1.0027,10496,10.4677
025040107410003168d2a000a00000e2,2,3,51,322,265,642,520,1.0027,10559,10.5306
025040107410003168d2a000a00000e2,2,3,52,322,265,642,520,1.0027,10291,10.2633
025040107410003168d2a000a00000e2,2,3,53,322,265,642,520,1.0027,4419,4.4071
025040107410003168d2a000a00000e2,2,3,54,322,265,642,520,1.0027,129,0.128653
025040107410003168d2a000a00000e2,2,3,55,322,265,642,520,1.0027,130,0.12965
025040107410003168d2a000a00000e2,2,3,56,322,265,642,520,1.0027,9248,9.22309
025040107410003168d2a000a00000e2,2,3,57,322,265,642,520,1.0027,67,0.0668195
025040107410003168d2a000a00000e2,2,3,58,322,265,642,520,1.0027,4058,4.04707
025040107410003168d2a000a00000e2,2,3,59,322,265,642,520,1.0027,49,0.048868
025040107410003168d2a000a00000e2,2,3,60,322,265,642,520,1.0027,39,0.038895
025040107410003168d2a000a00000e2,2,3,61,322,265,642,520,1.0027,66,0.0658222
025040107410003168d2a000a00000e2,2,3,62,322,265,642,520,1.0027,45,0.0448788
025040107410003168d2a000a00000e2,2,3,63,322,265,642,520,1.0027,0,0
025040107410003168d2a000a00000e2,2,3,0,322,265,643,521,1.00123,72,0.0719118
025040107410003168d2a000a00000e2,2,3,1,322,265,643,521,1.00123,71,0.070913
025040107410003168d2a000a00000e2,2,3,2,322,265,643,521,1.00123,124,0.123848
025040107410003168d2a000a00000e2,2,3,3,322,265,643,521,1.00123,8490,8.4796
025040107410003168d2a000a00000e2,2,3,4,322,265,643,521,1.00123,10597,10.584
025040107410003168d2a000a00000e2,2,3,5,322,265,643,521,1.00123,76,0.0759069
025040107410003168d2a000a00000e2,2,3,6,322,265,643,521,1.00123,133,0.132837
025040107410003168d2a000a00000e2,2,3,7,322,265,643,521,1.00123,104,0.103873
025040107410003168d2a000a00000e2,2,3,8,322,265,643,521,1.00123,7911,7.90131
025040107410003168d2a000a00000e2,2,3,9,322,265,643,521,1.00123,10614,10.601
025040107410003168d2a000a00000e2,2,3,10,322,265,643,521,1.00123,143,0.142825
025040107410003168d2a000a00000e2,2,3,11,322,265,643,521,1.00123,10599,10.586
025040107410003168d2a000a00000e2,2,3,12,322,265,643,521,1.00123,10628,10.615
025040107410003168d2a000a00000e2,2,3,13,322,265,643,521,1.00123,10526,10.5131
025040107410003168d2a000a00000e2,2,3,14,322,265,643,521,1.00123,561,0.560313
025040107410003168d2a000a00000e2,2,3,15,322,265,643,521,1.00123,10631,10.618
025040107410003168d2a000a00000e2,2,3,16,322,265,643,521,1.00123,10598,10.585
025040107410003168d2a000a00000e2,2,3,17,322,265,643,521,1.00123,10628,10.615
025040107410003168d2a000a00000e2,2,3,18,322,265,643,521,1.00123,10511,10.4981
025040107410003168d2a000a00000e2,2,3,19,322,265,643,521,1.00123,3843,3.83829
025040107410003168d2a000a00000e2,2,3,20,322,265,643,521,1.00123,10473,10.4602
025040107410003168d2a000a00000e2,2,3,21,322,265,643,521,1.00123,10650,10.637
025040107410003168d2a000a00000e2,2,3,22,322,265,643,521,1.00123,10570,10.5571
025040107410003168d2a000a00000e2,2,3,23,322,265,643,521,1.00123,10653,10.64
025040107410003168d2a000a00000e2,2,3,24,322,265,643,521,1.00123,10648,10.635
025040107410003168d2a000a00000e2,2,3,25,322,265,643,521,1.00123,10651,10.638
025040107410003168d2a000a00000e2,2,3,26,322,265,643,521,1.00123,10658,10.6449
025040107410003168d2a000a00000e2,2,3,27,322,265,643,521,1.00123,10557,10.5441
025040107410003168d2a000a00000e2,2,3,28,322,265,643,521,1.00123,8377,8.36674
025040107410003168d2a000a00000e2,2,3,29,322,265,643,521,1.00123,7109,7.10029
025040107410003168d2a000a00000e2,2,3,30,322,265,643,521,1.00123,10574,10.561
025040107410003168d2a000a00000e2,2,3,31,322,265,643,521,1.00123,10652,10.639
025040107410003168d2a000a00000e2,2,3,32,322,265,643,521,1.00123,10623,10.61
025040107410003168d2a000a00000e2,2,3,33,322,265,643,521,1.00123,10665,10.6519
025040107410003168d2a000a00000e2,2,3,34,322,265,643,521,1.00123,10401,10.3883
025040107410003168d2a000a00000e2,2,3,35,322,265,643,521,1.00123,10661,10.6479
025040107410003168d2a000a00000e2,2,3,36,322,265,643,521,1.00123,10655,10.642
025040107410003168d2a000a00000e2,2,3,37,322,265,643,521,1.00123,10644,10.631
025040107410003168d2a000a00000e2,2,3,38,322,265,643,521,1.00123,10617,10.604
025040107410003168d2a000a00000e2,2,3,39,322,265,643,521,1.00123,10598,10.585
025040107410003168d2a000a00000e2,2,3,40,322,265,643,521,1.00123,8644,8.63341
025040107410003168d2a000a00000e2,2,3,41,322,265,643,521,1.00123,10648,10.635
025040107410003168d2a000a00000e2,2,3,42,322,265,643,521,1.00123,10563,10.5501
025040107410003168d2a000a00000e2,2,3,43,322,265,643,521,1.00123,10656,10.6429
025040107410003168d2a000a00000e2,2,3,44,322,265,643,521,1.00123,10520,10.5071
025040107410003168d2a000a00000e2,2,3,45,322,265,643,521,1.00123,10652,10.639
025040107410003168d2a000a00000e2,2,3,46,322,265,643,521,1.00123,10648,10.635
025040107410003168d2a000a00000e2,2,3,47,322,265,643,521,1.00123,350,0.349571
025040107410003168d2a000a00000e2,2,3,48,322,265,643,521,1.00123,9973,9.96079
025040107410003168d2a000a00000e2,2,3,49,322,265,643,521,1.00123,1531,1.52912
025040107410003168d2a000a00000e2,2,3,50,322,265,643,521,1.00123,10294,10.2814
025040107410003168d2a000a00000e2,2,3,51,322,265,643,521,1.00123,10522,10.5091
025040107410003168d2a000a00000e2,2,3,52,322,265,643,521,1.00123,9467,9.45541
025040107410003168d2a000a00000e2,2,3,53,322,265,643,521,1.00123,1496,1.49417
025040107410003168d2a000a00000e2,2,3,54,322,265,643,521,1.00123,104,0.103873
025040107410003168d2a000a00000e2,2,3,55,322,265,643,521,1.00123,104,0.103873
025040107410003168d2a000a00000e2,2,3,56,322,265,643,521,1.00123,6261,6.25333
025040107410003168d2a000a00000e2,2,3,57,322,265,643,521,1.00123,59,0.0589277
025040107410003168d2a000a00000e2,2,3,58,322,265,643,521,1.00123,1395,1.39329
025040107410003168d2a000a00000e2,2,3,59,322,265,643,521,1.00123,54,0.0539339
025040107410003168d2a000a00000e2,2,3,60,322,265,643,521,1.00123,38,0.0379535
025040107410003168d2a000a00000e2,2,3,61,322,265,643,521,1.00123,61,0.0609253
025040107410003168d2a000a00000e2,2,3,62,322,265,643,521,1.00123,51,0.0509375
025040107410003168d2a000a00000e2,2,3,63,322,265,643,521,1.00123,0,0
025040107410003168d2a000a00000e2,2,3,0,322,265,644,522,1.00123,69,0.0689155
025040107410003168d2a000a00000e2,2,3,1,322,265,644,522,1.00123,68,0.0679167
025040107410003168d2a000a00000e2,2,3,2,322,265,644,522,1.00123,125,0.124847
025040107410003168d2a000a00000e2,2,3,3,322,265,644,522,1.00123,5470,5.4633
025040107410003168d2a000a00000e2,2,3,4,322,265,644,522,1.00123,10542,10.5291
025040107410003168d2a000a00000e2,2,3,5,322,265,644,522,1.00123,74,0.0739094
025040107410003168d2a000a00000e2,2,3,6,322,265,644,522,1.00123,131,0.13084
025040107410003168d2a000a00000e2,2,3,7,322,265,644,522,1.00123,99,0.0988788
025040107410003168d2a000a00000e2,2,3,8,322,265,644,522,1.00123,5170,5.16367
025040107410003168d2a000a00000e2,2,3,9,322,265,644,522,1.00123,10587,10.574
025040107410003168d2a000a00000e2,2,3,10,322,265,644,522,1.00123,133,0.132837
025040107410003168d2a000a00000e2,2,3,11,322,265,644,522,1.00123,10549,10.5361
025040107410003168d2a000a00000e2,2,3,12,322,265,644,522,1.00123,10614,10.601
025040107410003168d2a000a00000e2,2,3,13,322,265,644,522,1.00123,10309,10.2964
025040107410003168d2a000a00000e2,2,3,14,322,265,644,522,1.00123,296,0.295637
025040107410003168d2a000a00000e2,2,3,15,322,265,644,522,1.00123,10620,10.607
025040107410003168d2a000a00000e2,2,3,16,322,265,644,522,1.00123,10559,10.5461
025040107410003168d2a000a00000e2,2,3,17,322,265,644,522,1.00123,10602,10.589
025040107410003168d2a000a00000e2,2,3,18,322,265,644,522,1.00123,10308,10.2954
025040107410003168d2a000a00000e2,2,3,19,322,265,644,522,1.00123,1496,1.49417
025040107410003168d2a000a00000e2,2,3,20,322,265,644,522,1.00123,10231,10.2185
025040107410003168d2a000a00000e2,2,3,21,322,265,644,522,1.00123,10643,10.63
025040107410003168d2a000a00000e2,2,3,22,322,265,644,522,1.00123,10472,10.4592
025040107410003168d2a000a00000e2,2,3,23,322,265,644,522,1.00123,10651,10.638
025040107410003168d2a000a00000e2,2,3,24,322,265,644,522,1.00123,10643,10.63
025040107410003168d2a000a00000e2,2,3,25,322,265,644,522,1.00123,10650,10.637
025040107410003168d2a000a00000e2,2,3,26,322,265,644,522,1.00123,10661,10.6479
025040107410003168d2a000a00000e2,2,3,27,322,265,644,522,1.00123,10467,10.4542
025040107410003168d2a000a00000e2,2,3,28,322,265,644,522,1.00123,5369,5.36242
025040107410003168d2a000a00000e2,2,3,29,322,265,644,522,1.00123,3965,3.96014
025040107410003168d2a000a00000e2,2,3,30,322,265,644,522,1.00123,10511,10.4981
025040107410003168d2a000a00000e2,2,3,31,322,265,644,522,1.00123,10646,10.633
025040107410003168d2a000a00000e2,2,3,32,322,265,644,522,1.00123,10609,10.596
025040107410003168d2a000a00000e2,2,3,33,322,265,644,522,1.00123,10659,10.6459
025040107410003168d2a000a00000e2,2,3,34,322,265,644,522,1.00123,9869,9.85691
025040107410003168d2a000a00000e2,2,3,35,322,265,644,522,1.00123,10660,10.6469
025040107410003168d2a000a00000e2,2,3,36,322,265,644,522,1.00123,10657,10.6439
025040107410003168d2a000a00000e2,2,3,37,322,265,644,522,1.00123,10630,10.617
025040107410003168d2a000a00000e2,2,3,38,322,265,644,522,1.00123,10593,10.58
025040107410003168d2a000a00000e2,2,3,39,322,265,644,522,1.00123,10532,10.5191
025040107410003168d2a000a00000e2,2,3,40,322,265,644,522,1.00123,5295,5.28852
025040107410003168d2a000a00000e2,2,3,41,322,265,644,522,1.00123,10636,10.623
025040107410003168d2a000a00000e2,2,3,42,322,265,644,522,1.00123,10446,10.4332
025040107410003168d2a000a00000e2,2,3,43,322,265,644,522,1.00123,10642,10.629
025040107410003168d2a000a00000e2,2,3,44,322,265,644,522,1.00123,10153,10.1406
025040107410003168d2a000a00000e2,2,3,45,322,265,644,522,1.00123,10638,10.625
025040107410003168d2a000a00000e2,2,3,46,322,265,644,522,1.00123,10643,10.63
025040107410003168d2a000a00000e2,2,3,47,322,265,644,522,1.00123,209,0.208744
025040107410003168d2a000a00000e2,2,3,48,322,265,644,522,1.00123,8350,8.33977
025040107410003168d2a000a00000e2,2,3,49,322,265,644,522,1.00123,521,0.520362
025040107410003168d2a000a00000e2,2,3,50,322,265,644,522,1.00123,9427,9.41545
025040107410003168d2a000a00000e2,2,3,51,322,265,644,522,1.00123,10240,10.2275
025040107410003168d2a000a00000e2,2,3,52,322,265,644,522,1.00123,7469,7.45985
025040107410003168d2a000a00000e2,2,3,53,322,265,644,522,1.00123,526,0.525356
025040107410003168d2a000a00000e2,2,3,54,322,265,644,522,1.00123,90,0.0898898
025040107410003168d2a000a00000e2,2,3,55,322,265,644,522,1.00123,100,0.0998775
025040107410003168d2a000a00000e2,2,3,56,322,265,644,522,1.00123,3101,3.0972
025040107410003168d2a000a00000e2,2,3,57,322,265,644,522,1.00123,65,0.0649204
025040107410003168d2a000a00000e2,2,3,58,322,265,644,522,1.00123,488,0.487402
025040107410003168d2a000a00000e2,2,3,59,322,265,644,522,1.00123,56,0.0559314
025040107410003168d2a000a00000e2,2,3,60,322,265,644,522,1.00123,42,0.0419486
025040107410003168d2a000a00000e2,2,3,61,322,265,644,522,1.00123,64,0.0639216
025040107410003168d2a000a00000e2,2,3,62,322,265,644,522,1.00123,51,0.0509375
025040107410003168d2a000a00000e2,2,3,63,322,265,644,522,1.00123,0,0
025040107410003168d2a000a00000e2,2,3,0,322,265,645,523,1.00123,48,0.0479412
025040107410003168d2a000a00000e2,2,3,1,322,265,645,523,1.00123,45,0.0449449
025040107410003168d2a000a00000e2,2,3,2,322,265,645,523,1.00123,81,0.0809008
025040107410003168d2a000a00000e2,2,3,3,322,265,645,523,1.00123,2481,2.47796
025040107410003168d2a000a00000e2,2,3,4,322,265,645,523,1.00123,10447,10.4342
025040107410003168d2a000a00000e2,2,3,5,322,265,645,523,1.00123,46,0.0459437
025040107410003168d2a000a00000e2,2,3,6,322,265,645,523,1.00123,88,0.0878922
025040107410003168d2a000a00000e2,2,3,7,322,265,645,523,1.00123,63,0.0629228
025040107410003168d2a000a00000e2,2,3,8,322,265,645,523,1.00123,2148,2.14537
025040107410003168d2a000a00000e2,2,3,9,322,265,645,523,1.00123,10548,10.5351
025040107410003168d2a000a00000e2,2,3,10,322,265,645,523,1.00123,88,0.0878922
025040107410003168d2a000a00000e2,2,3,11,322,265,645,523,1.00123,10451,10.4382
025040107410003168d2a000a00000e2,2,3,12,322,265,645,523,1.00123,10606,10.593
025040107410003168d2a000a00000e2,2,3,13,322,265,645,523,1.00123,9634,9.6222
025040107410003168d2a000a00000e2,2,3,14,322,265,645,523,1.00123,162,0.161802
025040107410003168d2a000a00000e2,2,3,15,322,265,645,523,1.00123,10613,10.6
025040107410003168d2a000a00000e2,2,3,16,322,265,645,523,1.00123,10502,10.4891
025040107410003168d2a000a00000e2,2,3,17,322,265,645,523,1.00123,10581,10.568
025040107410003168d2a000a00000e2,2,3,18,322,265,645,523,1.00123,9658,9.64617
025040107410003168d2a000a00000e2,2,3,19,322,265,645,523,1.00123,503,0.502384
025040107410003168d2a000a00000e2,2,3,20,322,265,645,523,1.00123,9414,9.40247
025040107410003168d2a000a00000e2,2,3,21,322,265,645,523,1.00123,10646,10.633
025040107410003168d2a000a00000e2,2,3,22,322,265,645,523,1.00123,10238,10.2255
025040107410003168d2a000a00000e2,2,3,23,322,265,645,523,1.00123,10652,10.639
025040107410003168d2a000a00000e2,2,3,24,322,265,645,523,1.00123,10645,10.632
025040107410003168d2a000a00000e2,2,3,25,322,265,645,523,1.00123,10655,10.642
025040107410003168d2a000a00000e2,2,3,26,322,265,645,523,1.00123,10674,10.6609
025040107410003168d2a000a00000e2,2,3,27,322,265,645,523,1.00123,10023,10.0107
025040107410003168d2a000a00000e2,2,3,28,322,265,645,523,1.00123,2451,2.448
025040107410003168d2a000a00000e2,2,3,29,322,265,645,523,1.00123,1456,1.45422
025040107410003168d2a000a00000e2,2,3,30,322,265,645,523,1.00123,10408,10.3953
025040107410003168d2a000a00000e2,2,3,31,322,265,645,523,1.00123,10647,10.634
025040107410003168d2a000a00000e2,2,3,32,322,265,645,523,1.00123,10606,10.593
025040107410003168d2a000a00000e2,2,3,33,322,265,645,523,1.00123,10676,10.6629
025040107410003168d2a000a00000e2,2,3,34,322,265,645,523,1.00123,8260,8.24988
025040107410003168d2a000a00000e2,2,3,35,322,265,645,523,1.00123,10670,10.6569
025040107410003168d2a000a00000e2,2,3,36,322,265,645,523,1.00123,10670,10.6569
025040107410003168d2a000a00000e2,2,3,37,322,265,645,523,1.00123,10614,10.601
025040107410003168d2a000a00000e2,2,3,38,322,265,645,523,1.00123,10574,10.561
025040107410003168d2a000a00000e2,2,3,39,322,265,645,523,1.00123,10390,10.3773
025040107410003168d2a000a00000e2,2,3,40,322,265,645,523,1.00123,2268,2.26522
025040107410003168d2a000a00000e2,2,3,41,322,265,645,523,1.00123,10633,10.62
025040107410003168d2a000a00000e2,2,3,42,322,265,645,523,1.00123,10172,10.1595
025040107410003168d2a000a00000e2,2,3,43,322,265,645,523,1.00123,10647,10.634
025040107410003168d2a000a00000e2,2,3,44,322,265,645,523,1.00123,9197,9.18574
025040107410003168d2a000a00000e2,2,3,45,322,265,645,523,1.00123,10639,10.626
025040107410003168d2a000a00000e2,2,3,46,322,265,645,523,1.00123,10644,10.631
025040107410003168d2a000a00000e2,2,3,47,322,265,645,523,1.00123,111,0.110864
025040107410003168d2a000a00000e2,2,3,48,322,265,645,523,1.00123,5064,5.0578
025040107410003168d2a000a00000e2,2,3,49,322,265,645,523,1.00123,180,0.17978
025040107410003168d2a000a00000e2,2,3,50,322,265,645,523,1.00123,7064,7.05535
025040107410003168d2a000a00000e2,2,3,51,322,265,645,523,1.00123,9162,9.15078
025040107410003168d2a000a00000e2,2,3,52,322,265,645,523,1.00123,3889,3.88424
025040107410003168d2a000a00000e2,2,3,53,322,265,645,523,1.00123,183,0.182776
025040107410003168d2a000a00000e2,2,3,54,322,265,645,523,1.00123,55,0.0549326
025040107410003168d2a000a00000e2,2,3,55,322,265,645,523,1.00123,54,0.0539339
025040107410003168d2a000a00000e2,2,3,56,322,265,645,523,1.00123,1025,1.02374
025040107410003168d2a000a00000e2,2,3,57,322,265,645,523,1.00123,39,0.0389522
025040107410003168d2a000a00000e2,2,3,58,322,265,645,523,1.00123,186,0.185772
025040107410003168d2a000a00000e2,2,3,59,322,265,645,523,1.00123,34,0.0339584
025040107410003168d2a000a00000e2,2,3,60,322,265,645,523,1.00123,28,0.0279657
025040107410003168d2a000a00000e2,2,3,61,322,265,645,523,1.00123,40,0.039951
025040107410003168d2a000a00000e2,2,3,62,322,265,645,523,1.00123,35,0.0349571
025040107410003168d2a000a00000e2,2,3,63,322,265,645,523,1.00123,0,0
025040107410003168d2a000a00000e2,2,3,0,322,265,646,524,1.00123,65,0.0649204
025040107410003168d2a000a00000e2,2,3,1,322,265,646,524,1.00123,60,0.0599265
025040107410003168d2a000a00000e2,2,3,2,322,265,646,524,1.00123,87,0.0868934
025040107410003168d2a000a00000e2,2,3,3,322,265,646,524,1.00123,781,0.780043
025040107410003168d2a000a00000e2,2,3,4,322,265,646,524,1.00123,10121,10.1086
025040107410003168d2a000a00000e2,2,3,5,322,265,646,524,1.00123,65,0.0649204
025040107410003168d2a000a00000e2,2,3,6,322,265,646,524,1.00123,98,0.09788
025040107410003168d2a000a00000e2,2,3,7,322,265,646,524,1.00123,76,0.0759069
025040107410003168d2a000a00000e2,2,3,8,322,265,646,524,1.00123,694,0.69315
025040107410003168d2a000a00000e2,2,3,9,322,265,646,524,1.00123,10363,10.3503
025040107410003168d2a000a00000e2,2,3,10,322,265,646,524,1.00123,95,0.0948836
025040107410003168d2a000a00000e2,2,3,11,322,265,646,524,1.00123,10167,10.1545
025040107410003168d2a000a00000e2,2,3,12,322,265,646,524,1.00123,10556,10.5431
025040107410003168d2a000a00000e2,2,3,13,322,265,646,524,1.00123,7500,7.49081
025040107410003168d2a000a00000e2,2,3,14,322,265,646,524,1.00123,136,0.135833
025040107410003168d2a000a00000e2,2,3,15,322,265,646,524,1.00123,10547,10.5341
025040107410003168d2a000a00000e2,2,3,16,322,265,646,524,1.00123,10356,10.3433
025040107410003168d2a000a00000e2,2,3,17,322,265,646,524,1.00123,10485,10.4722
025040107410003168d2a000a00000e2,2,3,18,322,265,646,524,1.00123,7553,7.54375
025040107410003168d2a000a00000e2,2,3,19,322,265,646,524,1.00123,223,0.222727
025040107410003168d2a000a00000e2,2,3,20,322,265,646,524,1.00123,6728,6.71976
025040107410003168d2a000a00000e2,2,3,21,322,265,646,524,1.00123,10587,10.574
025040107410003168d2a000a00000e2,2,3,22,322,265,646,524,1.00123,9448,9.43643
025040107410003168d2a000a00000e2,2,3,23,322,265,646,524,1.00123,10587,10.574
025040107410003168d2a000a00000e2,2,3,24,322,265,646,524,1.00123,10591,10.578
025040107410003168d2a000a00000e2,2,3,25,322,265,646,524,1.00123,10588,10.575
025040107410003168d2a000a00000e2,2,3,26,322,265,646,524,1.00123,10612,10.599
025040107410003168d2a000a00000e2,2,3,27,322,265,646,524,1.00123,8583,8.57249
025040107410003168d2a000a00000e2,2,3,28,322,265,646,524,1.00123,767,0.766061
025040107410003168d2a000a00000e2,2,3,29,322,265,646,524,1.00123,473,0.472421
025040107410003168d2a000a00000e2,2,3,30,322,265,646,524,1.00123,10061,10.0487
025040107410003168d2a000a00000e2,2,3,31,322,265,646,524,1.00123,10581,10.568
025040107410003168d2a000a00000e2,2,3,32,322,265,646,524,1.00123,10548,10.5351
025040107410003168d2a000a00000e2,2,3,33,322,265,646,524,1.00123,10606,10.593
025040107410003168d2a000a00000e2,2,3,34,322,265,646,524,1.00123,4850,4.84406
025040107410003168d2a000a00000e2,2,3,35,322,265,646,524,1.00123,10600,10.587
025040107410003168d2a000a00000e2,2,3,36,322,265,646,524,1.00123,10606,10.593
025040107410003168d2a000a00000e2,2,3,37,322,265,646,524,1.00123,10540,10.5271
025040107410003168d2a000a00000e2,2,3,38,322,265,646,524,1.00123,10495,10.4821
025040107410003168d2a000a00000e2,2,3,39,322,265,646,524,1.00123,9833,9.82096
025040107410003168d2a000a00000e2,2,3,40,322,265,646,524,1.00123,757,0.756073
025040107410003168d2a000a00000e2,2,3,41,322,265,646,524,1.00123,10551,10.5381
025040107410003168d2a000a00000e2,2,3,42,322,265,646,524,1.00123,9030,9.01894
025040107410003168d2a000a00000e2,2,3,43,322,265,646,524,1.00123,10571,10.5581
025040107410003168d2a000a00000e2,2,3,44,322,265,646,524,1.00123,6323,6.31526
025040107410003168d2a000a00000e2,2,3,45,322,265,646,524,1.00123,10568,10.5551
025040107410003168d2a000a00000e2,2,3,46,322,265,646,524,1.00123,10584,10.571
025040107410003168d2a000a00000e2,2,3,47,322,265,646,524,1.00123,96,0.0958824
025040107410003168d2a000a00000e2,2,3,48,322,265,646,524,1.00123,1958,1.9556
025040107410003168d2a000a00000e2,2,3,49,322,265,646,524,1.00123,126,0.125846
025040107410003168d2a000a00000e2,2,3,50,322,265,646,524,1.00123,3612,3.60758
025040107410003168d2a000a00000e2,2,3,51,322,265,646,524,1.00123,6362,6.35421
025040107410003168d2a000a00000e2,2,3,52,322,265,646,524,1.00123,1242,1.24048
025040107410003168d2a000a00000e2,2,3,53,322,265,646,524,1.00123,129,0.128842
025040107410003168d2a000a00000e2,2,3,54,322,265,646,524,1.00123,68,0.0679167
025040107410003168d2a000a00000e2,2,3,55,322,265,646,524,1.00123,63,0.0629228
025040107410003168d2a000a00000e2,2,3,56,322,265,646,524,1.00123,310,0.30962
025040107410003168d2a000a00000e2,2,3,57,322,265,646,524,1.00123,39,0.0389522
025040107410003168d2a000a00000e2,2,3,58,322,265,646,524,1.00123,128,0.127843
025040107410003168d2a000a00000e2,2,3,59,322,265,646,524,1.00123,33,0.0329596
025040107410003168d2a000a00000e2,2,3,60,322,265,646,524,1.00123,25,0.0249694
025040107410003168d2a000a00000e2,2,3,61,322,265,646,524,1.00123,39,0.0389522
025040107410003168d2a000a00000e2,2,3,62,322,265,646,524,1.00123,33,0.0329596
025040107410003168d2a000a00000e2,2,3,63,322,265,646,524,1.00123,0,0
025040107410003168d2a000a00000e2,2,3,0,322,265,647,524,1.00123,55,0.0549326
025040107410003168d2a000a00000e2,2,3,1,322,265,647,524,1.00123,51,0.0509375
025040107410003168d2a000a00000e2,2,3,2,322,265,647,524,1.00123,85,0.0848959
025040107410003168d2a000a00000e2,2,3,3,322,265,647,524,1.00123,314,0.313615
025040107410003168d2a000a00000e2,2,3,4,322,265,647,524,1.00123,8988,8.97699
025040107410003168d2a000a00000e2,2,3,5,322,265,647,524,1.00123,55,0.0549326
025040107410003168d2a000a00000e2,2,3,6,322,265,647,524,1.00123,104,0.103873
025040107410003168d2a000a00000e2,2,3,7,322,265,647,524,1.00123,68,0.0679167
025040107410003168d2a000a00000e2,2,3,8,322,265,647,524,1.00123,285,0.284651
025040107410003168d2a000a00000e2,2,3,9,322,265,647,524,1.00123,9727,9.71509
025040107410003168d2a000a00000e2,2,3,10,322,265,647,524,1.00123,97,0.0968812
025040107410003168d2a000a00000e2,2,3,11,322,265,647,524,1.00123,9109,9.09784
025040107410003168d2a000a00000e2,2,3,12,322,265,647,524,1.00123,10487,10.4742
025040107410003168d2a000a00000e2,2,3,13,322,265,647,524,1.00123,4410,4.4046
025040107410003168d2a000a00000e2,2,3,14,322,265,647,524,1.00123,139,0.13883
025040107410003168d2a000a00000e2,2,3,15,322,265,647,524,1.00123,10469,10.4562
025040107410003168d2a000a00000e2,2,3,16,322,265,647,524,1.00123,9927,9.91484
025040107410003168d2a000a00000e2,2,3,17,322,265,647,524,1.00123,10231,10.2185
025040107410003168d2a000a00000e2,2,3,18,322,265,647,524,1.00123,4527,4.52146
025040107410003168d2a000a00000e2,2,3,19,322,265,647,524,1.00123,167,0.166795
025040107410003168d2a000a00000e2,2,3,20,322,265,647,524,1.00123,3620,3.61557
025040107410003168d2a000a00000e2,2,3,21,322,265,647,524,1.00123,10526,10.5131
025040107410003168d2a000a00000e2,2,3,22,322,265,647,524,1.00123,7366,7.35698
025040107410003168d2a000a00000e2,2,3,23,322,265,647,524,1.00123,10543,10.5301
025040107410003168d2a000a00000e2,2,3,24,322,265,647,524,1.00123,10551,10.5381
025040107410003168d2a000a00000e2,2,3,25,322,265,647,524,1.00123,10527,10.5141
025040107410003168d2a000a00000e2,2,3,26,322,265,647,524,1.00123,10571,10.5581
025040107410003168d2a000a00000e2,2,3,27,322,265,647,524,1.00123,5748,5.74096
025040107410003168d2a000a00000e2,2,3,28,322,265,647,524,1.00123,327,0.3266
025040107410003168d2a000a00000e2,2,3,29,322,265,647,524,1.00123,221,0.220729
025040107410003168d2a000a00000e2,2,3,30,322,265,647,524,1.00123,8978,8.967
025040107410003168d2a000a00000e2,2,3,31,322,265,647,524,1.00123,10521,10.5081
025040107410003168d2a000a00000e2,2,3,32,322,265,647,524,1.00123,10471,10.4582
025040107410003168d2a000a00000e2,2,3,33,322,265,647,524,1.00123,10570,10.5571
025040107410003168d2a000a00000e2,2,3,34,322,265,647,524,1.00123,2002,1.99955
025040107410003168d2a000a00000e2,2,3,35,322,265,647,524,1.00123,10559,10.5461
025040107410003168d2a000a00000e2,2,3,36,322,265,647,524,1.00123,10570,10.5571
025040107410003168d2a000a00000e2,2,3,37,322,265,647,524,1.00123,10419,10.4062
025040107410003168d2a000a00000e2,2,3,38,322,265,647,524,1.00123,10377,10.3643
025040107410003168d2a000a00000e2,2,3,39,322,265,647,524,1.00123,8162,8.152
025040107410003168d2a000a00000e2,2,3,40,322,265,647,524,1.00123,282,0.281655
025040107410003168d2a000a00000e2,2,3,41,322,265,647,524,1.00123,10482,10.4692
025040107410003168d2a000a00000e2,2,3,42,322,265,647,524,1.00123,6413,6.40515
025040107410003168d2a000a00000e2,2,3,43,322,265,647,524,1.00123,10485,10.4722
025040107410003168d2a000a00000e2,2,3,44,322,265,647,524,1.00123,2921,2.91742
025040107410003168d2a000a00000e2,2,3,45,322,265,647,524,1.00123,10479,10.4662
025040107410003168d2a000a00000e2,2,3,46,322,265,647,524,1.00123,10527,10.5141
025040107410003168d2a000a00000e2,2,3,47,322,265,647,524,1.00123,93,0.0928861
025040107410003168d2a000a00000e2,2,3,48,322,265,647,524,1.00123,631,0.630227
025040107410003168d2a000a00000e2,2,3,49,322,265,647,524,1.00123,109,0.108867
025040107410003168d2a000a00000e2,2,3,50,322,265,647,524,1.00123,1317,1.31539
025040107410003168d2a000a00000e2,2,3,51,322,265,647,524,1.00123,3135,3.13116
025040107410003168d2a000a00000e2,2,3,52,322,265,647,524,1.00123,416,0.415491
025040107410003168d2a000a00000e2,2,3,53,322,265,647,524,1.00123,100,0.0998775
025040107410003168d2a000a00000e2,2,3,54,322,265,647,524,1.00123,58,0.057929
025040107410003168d2a000a00000e2,2,3,55,322,265,647,524,1.00123,54,0.0539339
025040107410003168d2a000a00000e2,2,3,56,322,265,647,524,1.00123,178,0.177782
025040107410003168d2a000a00000e2,2,3,57,322,265,647,524,1.00123,39,0.0389522
025040107410003168d2a000a00000e2,2,3,58,322,265,647,524,1.00123,108,0.107868
025040107410003168d2a000a00000e2,2,3,59,322,265,647,524,1.00123,34,0.0339584
025040107410003168d2a000a00000e2,2,3,60,322,265,647,524,1.00123,25,0.0249694
025040107410003168d2a000a00000e2,2,3,61,322,265,647,524,1.00123,44,0.0439461
025040107410003168d2a000a00000e2,2,3,62,322,265,647,524,1.00123,33,0.0329596
025040107410003168d2a000a00000e2,2,3,63,322,265,647,524,1.00123,0,0
025040107410003168d2a000a00000e2,2,3,0,322,265,648,525,1.0027,71,0.0708088
025040107410003168d2a000a00000e2,2,3,1,322,265,648,525,1.0027,60,0.0598384
025040107410003168d2a000a00000e2,2,3,2,322,265,648,525,1.0027,87,0.0867657
025040107410003168d2a000a00000e2,2,3,3,322,265,648,525,1.0027,170,0.169542
025040107410003168d2a000a00000e2,2,3,4,322,265,648,525,1.0027,6284,6.26707
025040107410003168d2a000a00000e2,2,3,5,322,265,648,525,1.0027,68,0.0678168
025040107410003168d2a000a00000e2,2,3,6,322,265,648,525,1.0027,95,0.0947441
025040107410003168d2a000a00000e2,2,3,7,322,265,648,525,1.0027,79,0.0787872
025040107410003168d2a000a00000e2,2,3,8,322,265,648,525,1.0027,162,0.161564
025040107410003168d2a000a00000e2,2,3,9,322,265,648,525,1.0027,7835,7.8139
025040107410003168d2a000a00000e2,2,3,10,322,265,648,525,1.0027,94,0.0937468
025040107410003168d2a000a00000e2,2,3,11,322,265,648,525,1.0027,6294,6.27705
025040107410003168d2a000a00000e2,2,3,12,322,265,648,525,1.0027,10381,10.353
025040107410003168d2a000a00000e2,2,3,13,322,265,648,525,1.0027,1587,1.58273
025040107410003168d2a000a00000e2,2,3,14,322,265,648,525,1.0027,108,0.107709
025040107410003168d2a000a00000e2,2,3,15,322,265,648,525,1.0027,10301,10.2733
025040107410003168d2a000a00000e2,2,3,16,322,265,648,525,1.0027,8500,8.47711
025040107410003168d2a000a00000e2,2,3,17,322,265,648,525,1.0027,9323,9.29789
025040107410003168d2a000a00000e2,2,3,18,322,265,648,525,1.0027,1757,1.75227
025040107410003168d2a000a00000e2,2,3,19,322,265,648,525,1.0027,122,0.121671
025040107410003168d2a000a00000e2,2,3,20,322,265,648,525,1.0027,1186,1.18281
025040107410003168d2a000a00000e2,2,3,21,322,265,648,525,1.0027,10439,10.4109
025040107410003168d2a000a00000e2,2,3,22,322,265,648,525,1.0027,3767,3.75685
025040107410003168d2a000a00000e2,2,3,23,322,265,648,525,1.0027,10445,10.4169
025040107410003168d2a000a00000e2,2,3,24,322,265,648,525,1.0027,10481,10.4528
025040107410003168d2a000a00000e2,2,3,25,322,265,648,525,1.0027,10449,10.4209
025040107410003168d2a000a00000e2,2,3,26,322,265,648,525,1.0027,10515,10.4867
025040107410003168d2a000a00000e2,2,3,27,322,265,648,525,1.0027,2637,2.6299
025040107410003168d2a000a00000e2,2,3,28,322,265,648,525,1.0027,166,0.165553
025040107410003168d2a000a00000e2,2,3,29,322,265,648,525,1.0027,146,0.145607
025040107410003168d2a000a00000e2,2,3,30,322,265,648,525,1.0027,6171,6.15438
025040107410003168d2a000a00000e2,2,3,31,322,265,648,525,1.0027,10424,10.3959
025040107410003168d2a000a00000e2,2,3,32,322,265,648,525,1.0027,10336,10.3082
025040107410003168d2a000a00000e2,2,3,33,322,265,648,525,1.0027,10503,10.4747
025040107410003168d2a000a00000e2,2,3,34,322,265,648,525,1.0027,598,0.596389
025040107410003168d2a000a00000e2,2,3,35,322,265,648,525,1.0027,10491,10.4627
025040107410003168d2a000a00000e2,2,3,36,322,265,648,525,1.0027,10507,10.4787
025040107410003168d2a000a00000e2,2,3,37,322,265,648,525,1.0027,10133,10.1057
025040107410003168d2a000a00000e2,2,3,38,322,265,648,525,1.0027,10078,10.0509
025040107410003168d2a000a00000e2,2,3,39,322,265,648,525,1.0027,4590,4.57764
025040107410003168d2a000a00000e2,2,3,40,322,265,648,525,1.0027,155,0.154583
025040107410003168d2a000a00000e2,2,3,41,322,265,648,525,1.0027,10341,10.3131
025040107410003168d2a000a00000e2,2,3,42,322,265,648,525,1.0027,2855,2.84731
025040107410003168d2a000a00000e2,2,3,43,322,265,648,525,1.0027,10336,10.3082
025040107410003168d2a000a00000e2,2,3,44,322,265,648,525,1.0027,938,0.935473
025040107410003168d2a000a00000e2,2,3,45,322,265,648,525,1.0027,10298,10.2703
025040107410003168d2a000a00000e2,2,3,46,322,265,648,525,1.0027,10439,10.4109
025040107410003168d2a000a00000e2,2,3,47,322,265,648,525,1.0027,91,0.0907549
025040107410003168d2a000a00000e2,2,3,48,322,265,648,525,1.0027,256,0.25531
025040107410003168d2a000a00000e2,2,3,49,322,265,648,525,1.0027,94,0.0937468
025040107410003168d2a000a00000e2,2,3,50,322,265,648,525,1.0027,358,0.357036
025040107410003168d2a000a00000e2,2,3,51,322,265,648,525,1.0027,961,0.958412
025040107410003168d2a000a00000e2,2,3,52,322,265,648,525,1.0027,195,0.194475
025040107410003168d2a000a00000e2,2,3,53,322,265,648,525,1.0027,87,0.0867657
025040107410003168d2a000a00000e2,2,3,54,322,265,648,525,1.0027,70,0.0698115
025040107410003168d2a000a00000e2,2,3,55,322,265,648,525,1.0027,64,0.0638276
025040107410003168d2a000a00000e2,2,3,56,322,265,648,525,1.0027,115,0.11469
025040107410003168d2a000a00000e2,2,3,57,322,265,648,525,1.0027,42,0.0418869
025040107410003168d2a000a00000e2,2,3,58,322,265,648,525,1.0027,88,0.087763
025040107410003168d2a000a00000e2,2,3,59,322,265,648,525,1.0027,39,0.038895
025040107410003168d2a000a00000e2,2,3,60,322,265,648,525,1.0027,30,0.0299192
025040107410003168d2a000a00000e2,2,3,61,322,265,648,525,1.0027,45,0.0448788
025040107410003168d2a000a00000e2,2,3,62,322,265,648,525,1.0027,39,0.038895
025040107410003168d2a000a00000e2,2,3,63,322,265,648,525,1.0027,0,0
025040107410003168d2a000a00000e2,2,3,0,322,265,649,526,1.00418,59,0.0587547
025040107410003168d2a000a00000e2,2,3,1,322,265,649,526,1.00418,54,0.0537755
025040107410003168d2a000a00000e2,2,3,2,322,265,649,526,1.00418,81,0.0806632
025040107410003168d2a000a00000e2,2,3,3,322,265,649,526,1.00418,154,0.15336
025040107410003168d2a000a00000e2,2,3,4,322,265,649,526,1.00418,3168,3.15483
025040107410003168d2a000a00000e2,2,3,5,322,265,649,526,1.00418,60,0.0597505
025040107410003168d2a000a00000e2,2,3,6,322,265,649,526,1.00418,99,0.0985884
025040107410003168d2a000a00000e2,2,3,7,322,265,649,526,1.00418,67,0.0667214
025040107410003168d2a000a00000e2,2,3,8,322,265,649,526,1.00418,144,0.143401
025040107410003168d2a000a00000e2,2,3,9,322,265,649,526,1.00418,4696,4.67647
025040107410003168d2a000a00000e2,2,3,10,322,265,649,526,1.00418,94,0.0936091
025040107410003168d2a000a00000e2,2,3,11,322,265,649,526,1.00418,3387,3.37292
025040107410003168d2a000a00000e2,2,3,12,322,265,649,526,1.00418,10336,10.293
025040107410003168d2a000a00000e2,2,3,13,322,265,649,526,1.00418,549,0.546717
025040107410003168d2a000a00000e2,2,3,14,322,265,649,526,1.00418,110,0.109543
025040107410003168d2a000a00000e2,2,3,15,322,265,649,526,1.00418,10066,10.0241
025040107410003168d2a000a00000e2,2,3,16,322,265,649,526,1.00418,5901,5.87646
025040107410003168d2a000a00000e2,2,3,17,322,265,649,526,1.00418,7223,7.19297
025040107410003168d2a000a00000e2,2,3,18,322,265,649,526,1.00418,574,0.571613
025040107410003168d2a000a00000e2,2,3,19,322,265,649,526,1.00418,117,0.116514
025040107410003168d2a000a00000e2,2,3,20,322,265,649,526,1.00418,486,0.483979
025040107410003168d2a000a00000e2,2,3,21,322,265,649,526,1.00418,10449,10.4056
025040107410003168d2a000a00000e2,2,3,22,322,265,649,526,1.00418,1494,1.48779
025040107410003168d2a000a00000e2,2,3,23,322,265,649,526,1.00418,10496,10.4524
025040107410003168d2a000a00000e2,2,3,24,322,265,649,526,1.00418,10577,10.533
025040107410003168d2a000a00000e2,2,3,25,322,265,649,526,1.00418,10487,10.4434
025040107410003168d2a000a00000e2,2,3,26,322,265,649,526,1.00418,10603,10.5589
025040107410003168d2a000a00000e2,2,3,27,322,265,649,526,1.00418,849,0.84547
025040107410003168d2a000a00000e2,2,3,28,322,265,649,526,1.00418,146,0.145393
025040107410003168d2a000a00000e2,2,3,29,322,265,649,526,1.00418,119,0.118505
025040107410003168d2a000a00000e2,2,3,30,322,265,649,526,1.00418,3210,3.19665
025040107410003168d2a000a00000e2,2,3,31,322,265,649,526,1.00418,10442,10.3986
025040107410003168d2a000a00000e2,2,3,32,322,265,649,526,1.00418,10266,10.2233
025040107410003168d2a000a00000e2,2,3,33,322,265,649,526,1.00418,10594,10.55
025040107410003168d2a000a00000e2,2,3,34,322,265,649,526,1.00418,278,0.276844
025040107410003168d2a000a00000e2,2,3,35,322,265,649,526,1.00418,10569,10.5251
025040107410003168d2a000a00000e2,2,3,36,322,265,649,526,1.00418,10597,10.5529
025040107410003168d2a000a00000e2,2,3,37,322,265,649,526,1.00418,9316,9.27726
025040107410003168d2a000a00000e2,2,3,38,322,265,649,526,1.00418,9218,9.17967
025040107410003168d2a000a00000e2,2,3,39,322,265,649,526,1.00418,1899,1.8911
025040107410003168d2a000a00000e2,2,3,40,322,265,649,526,1.00418,125,0.12448
025040107410003168d2a000a00000e2,2,3,41,322,265,649,526,1.00418,10028,9.9863
025040107410003168d2a000a00000e2,2,3,42,322,265,649,526,1.00418,948,0.944058
025040107410003168d2a000a00000e2,2,3,43,322,265,649,526,1.00418,10031,9.98929
025040107410003168d2a000a00000e2,2,3,44,322,265,649,526,1.00418,340,0.338586
025040107410003168d2a000a00000e2,2,3,45,322,265,649,526,1.00418,9953,9.91162
025040107410003168d2a000a00000e2,2,3,46,322,265,649,526,1.00418,10478,10.4344
025040107410003168d2a000a00000e2,2,3,47,322,265,649,526,1.00418,79,0.0786715
025040107410003168d2a000a00000e2,2,3,48,322,265,649,526,1.00418,171,0.170289
025040107410003168d2a000a00000e2,2,3,49,322,265,649,526,1.00418,88,0.0876341
025040107410003168d2a000a00000e2,2,3,50,322,265,649,526,1.00418,191,0.190206
025040107410003168d2a000a00000e2,2,3,51,322,265,649,526,1.00418,328,0.326636
025040107410003168d2a000a00000e2,2,3,52,322,265,649,526,1.00418,155,0.154356
025040107410003168d2a000a00000e2,2,3,53,322,265,649,526,1.00418,85,0.0846466
025040107410003168d2a000a00000e2,2,3,54,322,265,649,526,1.00418,60,0.0597505
025040107410003168d2a000a00000e2,2,3,55,322,265,649,526,1.00418,57,0.056763
025040107410003168d2a000a00000e2,2,3,56,322,265,649,526,1.00418,108,0.107551
025040107410003168d2a000a00000e2,2,3,57,322,265,649,526,1.00418,43,0.0428212
025040107410003168d2a000a00000e2,2,3,58,322,265,649,526,1.00418,79,0.0786715
025040107410003168d2a000a00000e2,2,3,59,322,265,649,526,1.00418,38,0.037842
025040107410003168d2a000a00000e2,2,3,60,322,265,649,526,1.00418,29,0.0288794
025040107410003168d2a000a00000e2,2,3,61,322,265,649,526,1.00418,43,0.0428212
025040107410003168d2a000a00000e2,2,3,62,322,265,649,526,1.00418,38,0.037842
025040107410003168d2a000a00000e2,2,3,63,322,265,649,526,1.00418,0,0
025040107410003168d2a000a00000e2,2,3,0,322,265,650,527,1.0086,72,0.0713861
025040107410003168d2a000a00000e2,2,3,1,322,265,650,527,1.0086,62,0.0614714
025040107410003168d2a000a00000e2,2,3,2,322,265,650,527,1.0086,90,0.0892327
025040107410003168d2a000a00000e2,2,3,3,322,265,650,527,1.0086,132,0.130875
025040107410003168d2a000a00000e2,2,3,4,322,265,650,527,1.0086,1114,1.1045
025040107410003168d2a000a00000e2,2,3,5,322,265,650,527,1.0086,70,0.0694032
025040107410003168d2a000a00000e2,2,3,6,322,265,650,527,1.0086,110,0.109062
025040107410003168d2a000a00000e2,2,3,7,322,265,650,527,1.0086,81,0.0803094
025040107410003168d2a000a00000e2,2,3,8,322,265,650,527,1.0086,139,0.137815
025040107410003168d2a000a00000e2,2,3,9,322,265,650,527,1.0086,1856,1.84018
025040107410003168d2a000a00000e2,2,3,10,322,265,650,527,1.0086,101,0.100139
025040107410003168d2a000a00000e2,2,3,11,322,265,650,527,1.0086,1116,1.10649
025040107410003168d2a000a00000e2,2,3,12,322,265,650,527,1.0086,9928,9.84336
025040107410003168d2a000a00000e2,2,3,13,322,265,650,527,1.0086,266,0.263732
025040107410003168d2a000a00000e2,2,3,14,322,265,650,527,1.0086,117,0.116002
025040107410003168d2a000a00000e2,2,3,15,322,265,650,527,1.0086,8633,8.5594
025040107410003168d2a000a00000e2,2,3,16,322,265,650,527,1.0086,2378,2.35773
025040107410003168d2a000a00000e2,2,3,17,322,265,650,527,1.0086,3703,3.67143
025040107410003168d2a000a00000e2,2,3,18,322,265,650,527,1.0086,278,0.27563
025040107410003168d2a000a00000e2,2,3,19,322,265,650,527,1.0086,115,0.11402
025040107410003168d2a000a00000e2,2,3,20,322,265,650,527,1.0086,254,0.251834
025040107410003168d2a000a00000e2,2,3,21,322,265,650,527,1.0086,10095,10.0089
025040107410003168d2a000a00000e2,2,3,22,322,265,650,527,1.0086,478,0.473925
025040107410003168d2a000a00000e2,2,3,23,322,265,650,527,1.0086,10471,10.3817
025040107410003168d2a000a00000e2,2,3,24,322,265,650,527,1.0086,10633,10.5423
025040107410003168d2a000a00000e2,2,3,25,322,265,650,527,1.0086,10270,10.1824
025040107410003168d2a000a00000e2,2,3,26,322,265,650,527,1.0086,10687,10.5959
025040107410003168d2a000a00000e2,2,3,27,322,265,650,527,1.0086,354,0.350982
025040107410003168d2a000a00000e2,2,3,28,322,265,650,527,1.0086,134,0.132858
025040107410003168d2a000a00000e2,2,3,29,322,265,650,527,1.0086,123,0.121951
025040107410003168d2a000a00000e2,2,3,30,322,265,650,527,1.0086,1048,1.03907
025040107410003168d2a000a00000e2,2,3,31,322,265,650,527,1.0086,10129,10.0426
025040107410003168d2a000a00000e2,2,3,32,322,265,650,527,1.0086,9416,9.33572
025040107410003168d2a000a00000e2,2,3,33,322,265,650,527,1.0086,10659,10.5681
025040107410003168d2a000a00000e2,2,3,34,322,265,650,527,1.0086,191,0.189372
025040107410003168d2a000a00000e2,2,3,35,322,265,650,527,1.0086,10599,10.5086
025040107410003168d2a000a00000e2,2,3,36,322,265,650,527,1.0086,10686,10.5949
025040107410003168d2a000a00000e2,2,3,37,322,265,650,527,1.0086,6803,6.745
025040107410003168d2a000a00000e2,2,3,38,322,265,650,527,1.0086,6504,6.44855
025040107410003168d2a000a00000e2,2,3,39,322,265,650,527,1.0086,564,0.559191
025040107410003168d2a000a00000e2,2,3,40,322,265,650,527,1.0086,116,0.115011
025040107410003168d2a000a00000e2,2,3,41,322,265,650,527,1.0086,8601,8.52767
025040107410003168d2a000a00000e2,2,3,42,322,265,650,527,1.0086,325,0.322229
025040107410003168d2a000a00000e2,2,3,43,322,265,650,527,1.0086,8485,8.41266
025040107410003168d2a000a00000e2,2,3,44,322,265,650,527,1.0086,209,0.207218
025040107410003168d2a000a00000e2,2,3,45,322,265,650,527,1.0086,8340,8.2689
025040107410003168d2a000a00000e2,2,3,46,322,265,650,527,1.0086,10241,10.1537
025040107410003168d2a000a00000e2,2,3,47,322,265,650,527,1.0086,84,0.0832838
025040107410003168d2a000a00000e2,2,3,48,322,265,650,527,1.0086,140,0.138806
025040107410003168d2a000a00000e2,2,3,49,322,265,650,527,1.0086,84,0.0832838
025040107410003168d2a000a00000e2,2,3,50,322,265,650,527,1.0086,150,0.148721
025040107410003168d2a000a00000e2,2,3,51,322,265,650,527,1.0086,176,0.174499
025040107410003168d2a000a00000e2,2,3,52,322,265,650,527,1.0086,132,0.130875
025040107410003168d2a000a00000e2,2,3,53,322,265,650,527,1.0086,82,0.0813009
025040107410003168d2a000a00000e2,2,3,54,322,265,650,527,1.0086,65,0.0644458
025040107410003168d2a000a00000e2,2,3,55,322,265,650,527,1.0086,57,0.056514
025040107410003168d2a000a00000e2,2,3,56,322,265,650,527,1.0086,98,0.0971645
025040107410003168d2a000a00000e2,2,3,57,322,265,650,527,1.0086,40,0.039659
025040107410003168d2a000a00000e2,2,3,58,322,265,650,527,1.0086,81,0.0803094
025040107410003168d2a000a00000e2,2,3,59,322,265,650,527,1.0086,34,0.0337101
025040107410003168d2a000a00000e2,2,3,60,322,265,650,527,1.0086,27,0.0267698
025040107410003168d2a000a00000e2,2,3,61,322,265,650,527,1.0086,38,0.037676
025040107410003168d2a000a00000e2,2,3,62,322,265,650,527,1.0086,34,0.0337101
025040107410003168d2a000a00000e2,2,3,63,322,265,650,527,1.0086,0,0
025040107410003168d2a000a00000e2,2,3,0,322,265,651,527,1.01745,44,0.0432455
025040107410003168d2a000a00000e2,2,3,1,322,265,651,527,1.01745,38,0.0373484
025040107410003168d2a000a00000e2,2,3,2,322,265,651,527,1.01745,58,0.0570055
025040107410003168d2a000a00000e2,2,3,3,322,265,651,527,1.01745,92,0.0904225
025040107410003168d2a000a00000e2,2,3,4,322,265,651,527,1.01745,359,0.352844
025040107410003168d2a000a00000e2,2,3,5,322,265,651,527,1.01745,41,0.040297
025040107410003168d2a000a00000e2,2,3,6,322,265,651,527,1.01745,72,0.0707654
025040107410003168d2a000a00000e2,2,3,7,322,265,651,527,1.01745,51,0.0501255
025040107410003168d2a000a00000e2,2,3,8,322,265,651,527,1.01745,93,0.0914053
025040107410003168d2a000a00000e2,2,3,9,322,265,651,527,1.01745,560,0.550398
025040107410003168d2a000a00000e2,2,3,10,322,265,651,527,1.01745,66,0.0648683
025040107410003168d2a000a00000e2,2,3,11,322,265,651,527,1.01745,341,0.335153
025040107410003168d2a000a00000e2,2,3,12,322,265,651,527,1.01745,7955,7.81859
025040107410003168d2a000a00000e2,2,3,13,322,265,651,527,1.01745,133,0.130719
025040107410003168d2a000a00000e2,2,3,14,322,265,651,527,1.01745,80,0.0786282
025040107410003168d2a000a00000e2,2,3,15,322,265,651,527,1.01745,5431,5.33787
025040107410003168d2a000a00000e2,2,3,16,322,265,651,527,1.01745,723,0.710603
025040107410003168d2a000a00000e2,2,3,17,322,265,651,527,1.01745,1254,1.2325
025040107410003168d2a000a00000e2,2,3,18,322,265,651,527,1.01745,155,0.152342
025040107410003168d2a000a00000e2,2,3,19,322,265,651,527,1.01745,81,0.0796111
025040107410003168d2a000a00000e2,2,3,20,322,265,651,527,1.01745,155,0.152342
025040107410003168d2a000a00000e2,2,3,21,322,265,651,527,1.01745,8538,8.3916
025040107410003168d2a000a00000e2,2,3,22,322,265,651,527,1.01745,210,0.206399
025040107410003168d2a000a00000e2,2,3,23,322,265,651,527,1.01745,9424,9.2624
025040107410003168d2a000a00000e2,2,3,24,322,265,651,527,1.01745,10177,10.0025
025040107410003168d2a000a00000e2,2,3,25,322,265,651,527,1.01745,8856,8.70414
025040107410003168d2a000a00000e2,2,3,26,322,265,651,527,1.01745,10273,10.0968
025040107410003168d2a000a00000e2,2,3,27,322,265,651,527,1.01745,154,0.151359
025040107410003168d2a000a00000e2,2,3,28,322,265,651,527,1.01745,91,0.0894396
025040107410003168d2a000a00000e2,2,3,29,322,265,651,527,1.01745,85,0.0835425
025040107410003168d2a000a00000e2,2,3,30,322,265,651,527,1.01745,387,0.380364
025040107410003168d2a000a00000e2,2,3,31,322,265,651,527,1.01745,8532,8.3857
025040107410003168d2a000a00000e2,2,3,32,322,265,651,527,1.01745,6876,6.7581
025040107410003168d2a000a00000e2,2,3,33,322,265,651,527,1.01745,10196,10.0212
025040107410003168d2a000a00000e2,2,3,34,322,265,651,527,1.01745,122,0.119908
025040107410003168d2a000a00000e2,2,3,35,322,265,651,527,1.01745,10020,9.84818
025040107410003168d2a000a00000e2,2,3,36,322,265,651,527,1.01745,10265,10.089
025040107410003168d2a000a00000e2,2,3,37,322,265,651,527,1.01745,3152,3.09795
025040107410003168d2a000a00000e2,2,3,38,322,265,651,527,1.01745,3219,3.1638
025040107410003168d2a000a00000e2,2,3,39,322,265,651,527,1.01745,202,0.198536
025040107410003168d2a000a00000e2,2,3,40,322,265,651,527,1.01745,82,0.0805939
025040107410003168d2a000a00000e2,2,3,41,322,265,651,527,1.01745,5269,5.17865
025040107410003168d2a000a00000e2,2,3,42,322,265,651,527,1.01745,174,0.171016
025040107410003168d2a000a00000e2,2,3,43,322,265,651,527,1.01745,5422,5.32903
025040107410003168d2a000a00000e2,2,3,44,322,265,651,527,1.01745,124,0.121874
025040107410003168d2a000a00000e2,2,3,45,322,265,651,527,1.01745,4595,4.51621
025040107410003168d2a000a00000e2,2,3,46,322,265,651,527,1.01745,8931,8.77786
025040107410003168d2a000a00000e2,2,3,47,322,265,651,527,1.01745,51,0.0501255
025040107410003168d2a000a00000e2,2,3,48,322,265,651,527,1.01745,98,0.0963196
025040107410003168d2a000a00000e2,2,3,49,322,265,651,527,1.01745,58,0.0570055
025040107410003168d2a000a00000e2,2,3,50,322,265,651,527,1.01745,89,0.0874739
025040107410003168d2a000a00000e2,2,3,51,322,265,651,527,1.01745,105,0.1032
025040107410003168d2a000a00000e2,2,3,52,322,265,651,527,1.01745,91,0.0894396
025040107410003168d2a000a00000e2,2,3,53,322,265,651,527,1.01745,50,0.0491426
025040107410003168d2a000a00000e2,2,3,54,322,265,651,527,1.01745,42,0.0412798
025040107410003168d2a000a00000e2,2,3,55,322,265,651,527,1.01745,37,0.0363656
025040107410003168d2a000a00000e2,2,3,56,322,265,651,527,1.01745,64,0.0629026
025040107410003168d2a000a00000e2,2,3,57,322,265,651,527,1.01745,25,0.0245713
025040107410003168d2a000a00000e2,2,3,58,322,265,651,527,1.01745,55,0.0540569
025040107410003168d2a000a00000e2,2,3,59,322,265,651,527,1.01745,22,0.0216228
025040107410003168d2a000a00000e2,2,3,60,322,265,651,527,1.01745,16,0.0157256
025040107410003168d2a000a00000e2,2,3,61,322,265,651,527,1.01745,27,0.026537
025040107410003168d2a000a00000e2,2,3,62,322,265,651,527,1.01745,22,0.0216228
025040107410003168d2a000a00000e2,2,3,63,322,265,651,527,1.01745,0,0
025040107410003168d2a000a00000e2,2,3,0,322,265,652,528,1.0027,55,0.0548519
025040107410003168d2a000a00000e2,2,3,1,322,265,652,528,1.0027,43,0.0428842
025040107410003168d2a000a00000e2,2,3,2,322,265,652,528,1.0027,73,0.0728034
025040107410003168d2a000a00000e2,2,3,3,322,265,652,528,1.0027,97,0.0967387
025040107410003168d2a000a00000e2,2,3,4,322,265,652,528,1.0027,237,0.236362
025040107410003168d2a000a00000e2,2,3,5,322,265,652,528,1.0027,51,0.0508626
025040107410003168d2a000a00000e2,2,3,6,322,265,652,528,1.0027,82,0.0817791
025040107410003168d2a000a00000e2,2,3,7,322,265,652,528,1.0027,60,0.0598384
025040107410003168d2a000a00000e2,2,3,8,322,265,652,528,1.0027,101,0.100728
025040107410003168d2a000a00000e2,2,3,9,322,265,652,528,1.0027,258,0.257305
025040107410003168d2a000a00000e2,2,3,10,322,265,652,528,1.0027,77,0.0767926
025040107410003168d2a000a00000e2,2,3,11,322,265,652,528,1.0027,221,0.220405
025040107410003168d2a000a00000e2,2,3,12,322,265,652,528,1.0027,5247,5.23287
025040107410003168d2a000a00000e2,2,3,13,322,265,652,528,1.0027,129,0.128653
025040107410003168d2a000a00000e2,2,3,14,322,265,652,528,1.0027,93,0.0927495
025040107410003168d2a000a00000e2,2,3,15,322,265,652,528,1.0027,2410,2.40351
025040107410003168d2a000a00000e2,2,3,16,322,265,652,528,1.0027,333,0.332103
025040107410003168d2a000a00000e2,2,3,17,322,265,652,528,1.0027,452,0.450783
025040107410003168d2a000a00000e2,2,3,18,322,265,652,528,1.0027,160,0.159569
025040107410003168d2a000a00000e2,2,3,19,322,265,652,528,1.0027,90,0.0897576
025040107410003168d2a000a00000e2,2,3,20,322,265,652,528,1.0027,155,0.154583
025040107410003168d2a000a00000e2,2,3,21,322,265,652,528,1.0027,5874,5.85818
025040107410003168d2a000a00000e2,2,3,22,322,265,652,528,1.0027,191,0.190486
025040107410003168d2a000a00000e2,2,3,23,322,265,652,528,1.0027,7743,7.72214
025040107410003168d2a000a00000e2,2,3,24,322,265,652,528,1.0027,10093,10.0658
025040107410003168d2a000a00000e2,2,3,25,322,265,652,528,1.0027,6352,6.33489
025040107410003168d2a000a00000e2,2,3,26,322,265,652,528,1.0027,10260,10.2324
025040107410003168d2a000a00000e2,2,3,27,322,265,652,528,1.0027,153,0.152588
025040107410003168d2a000a00000e2,2,3,28,322,265,652,528,1.0027,102,0.101725
025040107410003168d2a000a00000e2,2,3,29,322,265,652,528,1.0027,97,0.0967387
025040107410003168d2a000a00000e2,2,3,30,322,265,652,528,1.0027,252,0.251321
025040107410003168d2a000a00000e2,2,3,31,322,265,652,528,1.0027,5731,5.71556
025040107410003168d2a000a00000e2,2,3,32,322,265,652,528,1.0027,3759,3.74888
025040107410003168d2a000a00000e2,2,3,33,322,265,652,528,1.0027,10087,10.0598
025040107410003168d2a000a00000e2,2,3,34,322,265,652,528,1.0027,123,0.122669
025040107410003168d2a000a00000e2,2,3,35,322,265,652,528,1.0027,9469,9.4435
025040107410003168d2a000a00000e2,2,3,36,322,265,652,528,1.0027,10253,10.2254
025040107410003168d2a000a00000e2,2,3,37,322,265,652,528,1.0027,1142,1.13892
025040107410003168d2a000a00000e2,2,3,38,322,265,652,528,1.0027,1104,1.10103
025040107410003168d2a000a00000e2,2,3,39,322,265,652,528,1.0027,165,0.164556
025040107410003168d2a000a00000e2,2,3,40,322,265,652,528,1.0027,93,0.0927495
025040107410003168d2a000a00000e2,2,3,41,322,265,652,528,1.0027,2370,2.36362
025040107410003168d2a000a00000e2,2,3,42,322,265,652,528,1.0027,158,0.157574
025040107410003168d2a000a00000e2,2,3,43,322,265,652,528,1.0027,2216,2.21003
025040107410003168d2a000a00000e2,2,3,44,322,265,652,528,1.0027,123,0.122669
025040107410003168d2a000a00000e2,2,3,45,322,265,652,528,1.0027,1899,1.89388
025040107410003168d2a000a00000e2,2,3,46,322,265,652,528,1.0027,6456,6.43861
025040107410003168d2a000a00000e2,2,3,47,322,265,652,528,1.0027,59,0.0588411
025040107410003168d2a000a00000e2,2,3,48,322,265,652,528,1.0027,105,0.104717
025040107410003168d2a000a00000e2,2,3,49,322,265,652,528,1.0027,57,0.0568465
025040107410003168d2a000a00000e2,2,3,50,322,265,652,528,1.0027,95,0.0947441
025040107410003168d2a000a00000e2,2,3,51,322,265,652,528,1.0027,99,0.0987333
025040107410003168d2a000a00000e2,2,3,52,322,265,652,528,1.0027,103,0.102723
025040107410003168d2a000a00000e2,2,3,53,322,265,652,528,1.0027,50,0.0498653
025040107410003168d2a000a00000e2,2,3,54,322,265,652,528,1.0027,46,0.0458761
025040107410003168d2a000a00000e2,2,3,55,322,265,652,528,1.0027,38,0.0378976
025040107410003168d2a000a00000e2,2,3,56,322,265,652,528,1.0027,74,0.0738007
025040107410003168d2a000a00000e2,2,3,57,322,265,652,528,1.0027,28,0.0279246
025040107410003168d2a000a00000e2,2,3,58,322,265,652,528,1.0027,56,0.0558492
025040107410003168d2a000a00000e2,2,3,59,322,265,652,528,1.0027,25,0.0249327
025040107410003168d2a000a00000e2,2,3,60,322,265,652,528,1.0027,16,0.0159569
025040107410003168d2a000a00000e2,2,3,61,322,265,652,528,1.0027,32,0.0319138
025040107410003168d2a000a00000e2,2,3,62,322,265,652,528,1.0027,26,0.02593
025040107410003168d2a000a00000e2,2,3,63,322,265,652,528,1.0027,0,0
025040107410003168d2a000a00000e2,2,3,0,322,265,653,529,1.0027,49,0.048868
025040107410003168d2a000a00000e2,2,3,1,322,265,653,529,1.0027,41,0.0408896
025040107410003168d2a000a00000e2,2,3,2,322,265,653,529,1.0027,70,0.0698115
025040107410003168d2a000a00000e2,2,3,3,322,265,653,529,1.0027,87,0.0867657
025040107410003168d2a000a00000e2,2,3,4,322,265,653,529,1.0027,141,0.14062
025040107410003168d2a000a00000e2,2,3,5,322,265,653,529,1.0027,46,0.0458761
025040107410003168d2a000a00000e2,2,3,6,322,265,653,529,1.0027,77,0.0767926
025040107410003168d2a000a00000e2,2,3,7,322,265,653,529,1.0027,59,0.0588411
025040107410003168d2a000a00000e2,2,3,8,322,265,653,529,1.0027,85,0.0847711
025040107410003168d2a000a00000e2,2,3,9,322,265,653,529,1.0027,161,0.160566
025040107410003168d2a000a00000e2,2,3,10,322,265,653,529,1.0027,74,0.0738007
025040107410003168d2a000a00000e2,2,3,11,322,265,653,529,1.0027,137,0.136631
025040107410003168d2a000a00000e2,2,3,12,322,265,653,529,1.0027,2160,2.15418
025040107410003168d2a000a00000e2,2,3,13,322,265,653,529,1.0027,101,0.100728
025040107410003168d2a000a00000e2,2,3,14,322,265,653,529,1.0027,81,0.0807818
025040107410003168d2a000a00000e2,2,3,15,322,265,653,529,1.0027,755,0.752966
025040107410003168d2a000a00000e2,2,3,16,322,265,653,529,1.0027,181,0.180512
025040107410003168d2a000a00000e2,2,3,17,322,265,653,529,1.0027,194,0.193477
025040107410003168d2a000a00000e2,2,3,18,322,265,653,529,1.0027,117,0.116685
025040107410003168d2a000a00000e2,2,3,19,322,265,653,529,1.0027,81,0.0807818
025040107410003168d2a000a00000e2,2,3,20,322,265,653,529,1.0027,116,0.115688
025040107410003168d2a000a00000e2,2,3,21,322,265,653,529,1.0027,2660,2.65284
025040107410003168d2a000a00000e2,2,3,22,322,265,653,529,1.0027,123,0.122669
025040107410003168d2a000a00000e2,2,3,23,322,265,653,529,1.0027,4275,4.26349
025040107410003168d2a000a00000e2,2,3,24,322,265,653,529,1.0027,9128,9.10341
025040107410003168d2a000a00000e2,2,3,25,322,265,653,529,1.0027,2931,2.92311
025040107410003168d2a000a00000e2,2,3,26,322,265,653,529,1.0027,9646,9.62002
025040107410003168d2a000a00000e2,2,3,27,322,265,653,529,1.0027,103,0.102723
025040107410003168d2a000a00000e2,2,3,28,322,265,653,529,1.0027,87,0.0867657
025040107410003168d2a000a00000e2,2,3,29,322,265,653,529,1.0027,79,0.0787872
025040107410003168d2a000a00000e2,2,3,30,322,265,653,529,1.0027,161,0.160566
025040107410003168d2a000a00000e2,2,3,31,322,265,653,529,1.0027,2609,2.60197
025040107410003168d2a000a00000e2,2,3,32,322,265,653,529,1.0027,1312,1.30847
025040107410003168d2a000a00000e2,2,3,33,322,265,653,529,1.0027,9017,8.99271
025040107410003168d2a000a00000e2,2,3,34,322,265,653,529,1.0027,99,0.0987333
025040107410003168d2a000a00000e2,2,3,35,322,265,653,529,1.0027,7212,7.19257
025040107410003168d2a000a00000e2,2,3,36,322,265,653,529,1.0027,9625,9.59907
025040107410003168d2a000a00000e2,2,3,37,322,265,653,529,1.0027,365,0.364017
025040107410003168d2a000a00000e2,2,3,38,322,265,653,529,1.0027,340,0.339084
025040107410003168d2a000a00000e2,2,3,39,322,265,653,529,1.0027,111,0.110701
025040107410003168d2a000a00000e2,2,3,40,322,265,653,529,1.0027,78,0.0777899
025040107410003168d2a000a00000e2,2,3,41,322,265,653,529,1.0027,682,0.680163
025040107410003168d2a000a00000e2,2,3,42,322,265,653,529,1.0027,113,0.112696
025040107410003168d2a000a00000e2,2,3,43,322,265,653,529,1.0027,649,0.647252
025040107410003168d2a000a00000e2,2,3,44,322,265,653,529,1.0027,96,0.0957414
025040107410003168d2a000a00000e2,2,3,45,322,265,653,529,1.0027,520,0.518599
025040107410003168d2a000a00000e2,2,3,46,322,265,653,529,1.0027,2957,2.94904
025040107410003168d2a000a00000e2,2,3,47,322,265,653,529,1.0027,63,0.0628303
025040107410003168d2a000a00000e2,2,3,48,322,265,653,529,1.0027,85,0.0847711
025040107410003168d2a000a00000e2,2,3,49,322,265,653,529,1.0027,63,0.0628303
025040107410003168d2a000a00000e2,2,3,50,322,265,653,529,1.0027,78,0.0777899
025040107410003168d2a000a00000e2,2,3,51,322,265,653,529,1.0027,81,0.0807818
025040107410003168d2a000a00000e2,2,3,52,322,265,653,529,1.0027,86,0.0857684
025040107410003168d2a000a00000e2,2,3,53,322,265,653,529,1.0027,55,0.0548519
025040107410003168d2a000a00000e2,2,3,54,322,265,653,529,1.0027,40,0.0398923
025040107410003168d2a000a00000e2,2,3,55,322,265,653,529,1.0027,40,0.0398923
025040107410003168d2a000a00000e2,2,3,56,322,265,653,529,1.0027,68,0.0678168
025040107410003168d2a000a00000e2,2,3,57,322,265,653,529,1.0027,27,0.0269273
025040107410003168d2a000a00000e2,2,3,58,322,265,653,529,1.0027,60,0.0598384
025040107410003168d2a000a00000e2,2,3,59,322,265,653,529,1.0027,26,0.02593
025040107410003168d2a000a00000e2,2,3,60,322,265,653,529,1.0027,19,0.0189488
025040107410003168d2a000a00000e2,2,3,61,322,265,653,529,1.0027,30,0.0299192
025040107410003168d2a000a00000e2,2,3,62,322,265,653,529,1.0027,26,0.02593
025040107410003168d2a000a00000e2,2,3,63,322,265,653,529,1.0027,0,0
025040107410003168d2a000a00000e2,2,3,0,322,265,654,530,1.00565,40,0.0397753
025040107410003168d2a000a00000e2,2,3,1,322,265,654,530,1.00565,32,0.0318202
025040107410003168d2a000a00000e2,2,3,2,322,265,654,530,1.00565,50,0.0497191
025040107410003168d2a000a00000e2,2,3,3,322,265,654,530,1.00565,63,0.0626461
025040107410003168d2a000a00000e2,2,3,4,322,265,654,530,1.00565,101,0.100433
025040107410003168d2a000a00000e2,2,3,5,322,265,654,530,1.00565,40,0.0397753
025040107410003168d2a000a00000e2,2,3,6,322,265,654,530,1.00565,52,0.0517079
025040107410003168d2a000a00000e2,2,3,7,322,265,654,530,1.00565,47,0.0467359
025040107410003168d2a000a00000e2,2,3,8,322,265,654,530,1.00565,61,0.0606573
025040107410003168d2a000a00000e2,2,3,9,322,265,654,530,1.00565,87,0.0865112
025040107410003168d2a000a00000e2,2,3,10,322,265,654,530,1.00565,52,0.0517079
025040107410003168d2a000a00000e2,2,3,11,322,265,654,530,1.00565,95,0.0944663
025040107410003168d2a000a00000e2,2,3,12,322,265,654,530,1.00565,675,0.671208
025040107410003168d2a000a00000e2,2,3,13,322,265,654,530,1.00565,70,0.0696067
025040107410003168d2a000a00000e2,2,3,14,322,265,654,530,1.00565,53,0.0527022
025040107410003168d2a000a00000e2,2,3,15,322,265,654,530,1.00565,265,0.263511
025040107410003168d2a000a00000e2,2,3,16,322,265,654,530,1.00565,124,0.123303
025040107410003168d2a000a00000e2,2,3,17,322,265,654,530,1.00565,118,0.117337
025040107410003168d2a000a00000e2,2,3,18,322,265,654,530,1.00565,87,0.0865112
025040107410003168d2a000a00000e2,2,3,19,322,265,654,530,1.00565,57,0.0566798
025040107410003168d2a000a00000e2,2,3,20,322,265,654,530,1.00565,88,0.0875056
025040107410003168d2a000a00000e2,2,3,21,322,265,654,530,1.00565,843,0.838264
025040107410003168d2a000a00000e2,2,3,22,322,265,654,530,1.00565,85,0.0845225
025040107410003168d2a000a00000e2,2,3,23,322,265,654,530,1.00565,1661,1.65167
025040107410003168d2a000a00000e2,2,3,24,322,265,654,530,1.00565,7635,7.59211
025040107410003168d2a000a00000e2,2,3,25,322,265,654,530,1.00565,1018,1.01228
025040107410003168d2a000a00000e2,2,3,26,322,265,654,530,1.00565,9448,9.39492
025040107410003168d2a000a00000e2,2,3,27,322,265,654,530,1.00565,71,0.0706011
025040107410003168d2a000a00000e2,2,3,28,322,265,654,530,1.00565,65,0.0646348
025040107410003168d2a000a00000e2,2,3,29,322,265,654,530,1.00565,57,0.0566798
025040107410003168d2a000a00000e2,2,3,30,322,265,654,530,1.00565,114,0.11336
025040107410003168d2a000a00000e2,2,3,31,322,265,654,530,1.00565,793,0.788545
025040107410003168d2a000a00000e2,2,3,32,322,265,654,530,1.00565,399,0.396758
025040107410003168d2a000a00000e2,2,3,33,322,265,654,530,1.00565,7440,7.3982
025040107410003168d2a000a00000e2,2,3,34,322,265,654,530,1.00565,74,0.0735843
025040107410003168d2a000a00000e2,2,3,35,322,265,654,530,1.00565,4074,4.05111
025040107410003168d2a000a00000e2,2,3,36,322,265,654,530,1.00565,9395,9.34222
025040107410003168d2a000a00000e2,2,3,37,322,265,654,530,1.00565,155,0.154129
025040107410003168d2a000a00000e2,2,3,38,322,265,654,530,1.00565,176,0.175011
025040107410003168d2a000a00000e2,2,3,39,322,265,654,530,1.00565,78,0.0775618
025040107410003168d2a000a00000e2,2,3,40,322,265,654,530,1.00565,52,0.0517079
025040107410003168d2a000a00000e2,2,3,41,322,265,654,530,1.00565,229,0.227713
025040107410003168d2a000a00000e2,2,3,42,322,265,654,530,1.00565,82,0.0815393
025040107410003168d2a000a00000e2,2,3,43,322,265,654,530,1.00565,234,0.232685
025040107410003168d2a000a00000e2,2,3,44,322,265,654,530,1.00565,66,0.0656292
025040107410003168d2a000a00000e2,2,3,45,322,265,654,530,1.00565,185,0.183961
025040107410003168d2a000a00000e2,2,3,46,322,265,654,530,1.00565,973,0.967534
025040107410003168d2a000a00000e2,2,3,47,322,265,654,530,1.00565,42,0.041764
025040107410003168d2a000a00000e2,2,3,48,322,265,654,530,1.00565,59,0.0586685
025040107410003168d2a000a00000e2,2,3,49,322,265,654,530,1.00565,41,0.0407697
025040107410003168d2a000a00000e2,2,3,50,322,265,654,530,1.00565,56,0.0556854
025040107410003168d2a000a00000e2,2,3,51,322,265,654,530,1.00565,56,0.0556854
025040107410003168d2a000a00000e2,2,3,52,322,265,654,530,1.00565,60,0.0596629
025040107410003168d2a000a00000e2,2,3,53,322,265,654,530,1.00565,38,0.0377865
025040107410003168d2a000a00000e2,2,3,54,322,265,654,530,1.00565,37,0.0367921
025040107410003168d2a000a00000e2,2,3,55,322,265,654,530,1.00565,29,0.0288371
025040107410003168d2a000a00000e2,2,3,56,322,265,654,530,1.00565,48,0.0477303
025040107410003168d2a000a00000e2,2,3,57,322,265,654,530,1.00565,15,0.0149157
025040107410003168d2a000a00000e2,2,3,58,322,265,654,530,1.00565,42,0.041764
025040107410003168d2a000a00000e2,2,3,59,322,265,654,530,1.00565,15,0.0149157
025040107410003168d2a000a00000e2,2,3,60,322,265,654,530,1.00565,11,0.0109382
025040107410003168d2a000a00000e2,2,3,61,322,265,654,530,1.00565,20,0.0198876
025040107410003168d2a000a00000e2,2,3,62,322,265,654,530,1.00565,14,0.0139213
025040107410003168d2a000a00000e2,2,3,63,322,265,654,530,1.00565,0,0
025040107410003168d2a000a00000e2,2,3,0,322,265,655,531,1.01745,41,0.040297
025040107410003168d2a000a00000e2,2,3,1,322,265,655,531,1.01745,34,0.033417
025040107410003168d2a000a00000e2,2,3,2,322,265,655,531,1.01745,55,0.0540569
025040107410003168d2a000a00000e2,2,3,3,322,265,655,531,1.01745,66,0.0648683
025040107410003168d2a000a00000e2,2,3,4,322,265,655,531,1.01745,111,0.109097
025040107410003168d2a000a00000e2,2,3,5,322,265,655,531,1.01745,35,0.0343998
025040107410003168d2a000a00000e2,2,3,6,322,265,655,531,1.01745,63,0.0619197
025040107410003168d2a000a00000e2,2,3,7,322,265,655,531,1.01745,44,0.0432455
025040107410003168d2a000a00000e2,2,3,8,322,265,655,531,1.01745,70,0.0687997
025040107410003168d2a000a00000e2,2,3,9,322,265,655,531,1.01745,95,0.093371
025040107410003168d2a000a00000e2,2,3,10,322,265,655,531,1.01745,62,0.0609369
025040107410003168d2a000a00000e2,2,3,11,322,265,655,531,1.01745,109,0.107131
025040107410003168d2a000a00000e2,2,3,12,322,265,655,531,1.01745,286,0.281096
025040107410003168d2a000a00000e2,2,3,13,322,265,655,531,1.01745,81,0.0796111
025040107410003168d2a000a00000e2,2,3,14,322,265,655,531,1.01745,65,0.0638854
025040107410003168d2a000a00000e2,2,3,15,322,265,655,531,1.01745,162,0.159222
025040107410003168d2a000a00000e2,2,3,16,322,265,655,531,1.01745,127,0.124822
025040107410003168d2a000a00000e2,2,3,17,322,265,655,531,1.01745,106,0.104182
025040107410003168d2a000a00000e2,2,3,18,322,265,655,531,1.01745,101,0.0992681
025040107410003168d2a000a00000e2,2,3,19,322,265,655,531,1.01745,63,0.0619197
025040107410003168d2a000a00000e2,2,3,20,322,265,655,531,1.01745,105,0.1032
025040107410003168d2a000a00000e2,2,3,21,322,265,655,531,1.01745,315,0.309599
025040107410003168d2a000a00000e2,2,3,22,322,265,655,531,1.01745,107,0.105165
025040107410003168d2a000a00000e2,2,3,23,322,265,655,531,1.01745,556,0.546466
025040107410003168d2a000a00000e2,2,3,24,322,265,655,531,1.01745,4517,4.43955
025040107410003168d2a000a00000e2,2,3,25,322,265,655,531,1.01745,292,0.286993
025040107410003168d2a000a00000e2,2,3,26,322,265,655,531,1.01745,9179,9.02161
025040107410003168d2a000a00000e2,2,3,27,322,265,655,531,1.01745,86,0.0845253
025040107410003168d2a000a00000e2,2,3,28,322,265,655,531,1.01745,72,0.0707654
025040107410003168d2a000a00000e2,2,3,29,322,265,655,531,1.01745,63,0.0619197
025040107410003168d2a000a00000e2,2,3,30,322,265,655,531,1.01745,118,0.115977
025040107410003168d2a000a00000e2,2,3,31,322,265,655,531,1.01745,275,0.270285
025040107410003168d2a000a00000e2,2,3,32,322,265,655,531,1.01745,225,0.221142
025040107410003168d2a000a00000e2,2,3,33,322,265,655,531,1.01745,4526,4.44839
025040107410003168d2a000a00000e2,2,3,34,322,265,655,531,1.01745,89,0.0874739
025040107410003168d2a000a00000e2,2,3,35,322,265,655,531,1.01745,1586,1.5588
025040107410003168d2a000a00000e2,2,3,36,322,265,655,531,1.01745,8979,8.82503
025040107410003168d2a000a00000e2,2,3,37,322,265,655,531,1.01745,122,0.119908
025040107410003168d2a000a00000e2,2,3,38,322,265,655,531,1.01745,150,0.147428
025040107410003168d2a000a00000e2,2,3,39,322,265,655,531,1.01745,87,0.0855082
025040107410003168d2a000a00000e2,2,3,40,322,265,655,531,1.01745,61,0.059954
025040107410003168d2a000a00000e2,2,3,41,322,265,655,531,1.01745,139,0.136617
025040107410003168d2a000a00000e2,2,3,42,322,265,655,531,1.01745,97,0.0953367
025040107410003168d2a000a00000e2,2,3,43,322,265,655,531,1.01745,143,0.140548
025040107410003168d2a000a00000e2,2,3,44,322,265,655,531,1.01745,75,0.073714
025040107410003168d2a000a00000e2,2,3,45,322,265,655,531,1.01745,140,0.137599
025040107410003168d2a000a00000e2,2,3,46,322,265,655,531,1.01745,316,0.310581
025040107410003168d2a000a00000e2,2,3,47,322,265,655,531,1.01745,40,0.0393141
025040107410003168d2a000a00000e2,2,3,48,322,265,655,531,1.01745,65,0.0638854
025040107410003168d2a000a00000e2,2,3,49,322,265,655,531,1.01745,40,0.0393141
025040107410003168d2a000a00000e2,2,3,50,322,265,655,531,1.01745,57,0.0560226
025040107410003168d2a000a00000e2,2,3,51,322,265,655,531,1.01745,51,0.0501255
025040107410003168d2a000a00000e2,2,3,52,322,265,655,531,1.01745,64,0.0629026
025040107410003168d2a000a00000e2,2,3,53,322,265,655,531,1.01745,37,0.0363656
025040107410003168d2a000a00000e2,2,3,54,322,265,655,531,1.01745,34,0.033417
025040107410003168d2a000a00000e2,2,3,55,322,265,655,531,1.01745,29,0.0285027
025040107410003168d2a000a00000e2,2,3,56,322,265,655,531,1.01745,48,0.0471769
025040107410003168d2a000a00000e2,2,3,57,322,265,655,531,1.01745,21,0.0206399
025040107410003168d2a000a00000e2,2,3,58,322,265,655,531,1.01745,41,0.040297
025040107410003168d2a000a00000e2,2,3,59,322,265,655,531,1.01745,19,0.0186742
025040107410003168d2a000a00000e2,2,3,60,322,265,655,531,1.01745,11,0.0108114
025040107410003168d2a000a00000e2,2,3,61,322,265,655,531,1.01745,22,0.0216228
025040107410003168d2a000a00000e2,2,3,62,322,265,655,531,1.01745,19,0.0186742
025040107410003168d2a000a00000e2,2,3,63,322,265,655,531,1.01745,0,0
025040107410003168d2a000a00000e2,2,3,0,322,265,656,531,1.01892,35,0.0343501
025040107410003168d2a000a00000e2,2,3,1,322,265,656,531,1.01892,24,0.0235543
025040107410003168d2a000a00000e2,2,3,2,322,265,656,531,1.01892,53,0.0520158
025040107410003168d2a000a00000e2,2,3,3,322,265,656,531,1.01892,61,0.0598673
025040107410003168d2a000a00000e2,2,3,4,322,265,656,531,1.01892,93,0.091273
025040107410003168d2a000a00000e2,2,3,5,322,265,656,531,1.01892,29,0.0284615
025040107410003168d2a000a00000e2,2,3,6,322,265,656,531,1.01892,59,0.0579044
025040107410003168d2a000a00000e2,2,3,7,322,265,656,531,1.01892,43,0.0422015
025040107410003168d2a000a00000e2,2,3,8,322,265,656,531,1.01892,66,0.0647744
025040107410003168d2a000a00000e2,2,3,9,322,265,656,531,1.01892,86,0.084403
025040107410003168d2a000a00000e2,2,3,10,322,265,656,531,1.01892,59,0.0579044
025040107410003168d2a000a00000e2,2,3,11,322,265,656,531,1.01892,90,0.0883287
025040107410003168d2a000a00000e2,2,3,12,322,265,656,531,1.01892,170,0.166843
025040107410003168d2a000a00000e2,2,3,13,322,265,656,531,1.01892,77,0.0755701
025040107410003168d2a000a00000e2,2,3,14,322,265,656,531,1.01892,61,0.0598673
025040107410003168d2a000a00000e2,2,3,15,322,265,656,531,1.01892,133,0.13053
025040107410003168d2a000a00000e2,2,3,16,322,265,656,531,1.01892,106,0.104032
025040107410003168d2a000a00000e2,2,3,17,322,265,656,531,1.01892,91,0.0893102
025040107410003168d2a000a00000e2,2,3,18,322,265,656,531,1.01892,86,0.084403
025040107410003168d2a000a00000e2,2,3,19,322,265,656,531,1.01892,61,0.0598673
025040107410003168d2a000a00000e2,2,3,20,322,265,656,531,1.01892,91,0.0893102
025040107410003168d2a000a00000e2,2,3,21,322,265,656,531,1.01892,160,0.157029
025040107410003168d2a000a00000e2,2,3,22,322,265,656,531,1.01892,93,0.091273
025040107410003168d2a000a00000e2,2,3,23,322,265,656,531,1.01892,210,0.2061
025040107410003168d2a000a00000e2,2,3,24,322,265,656,531,1.01892,1758,1.72535
025040107410003168d2a000a00000e2,2,3,25,322,265,656,531,1.01892,160,0.157029
025040107410003168d2a000a00000e2,2,3,26,322,265,656,531,1.01892,7648,7.50598
025040107410003168d2a000a00000e2,2,3,27,322,265,656,531,1.01892,77,0.0755701
025040107410003168d2a000a00000e2,2,3,28,322,265,656,531,1.01892,67,0.0657558
025040107410003168d2a000a00000e2,2,3,29,322,265,656,531,1.01892,59,0.0579044
025040107410003168d2a000a00000e2,2,3,30,322,265,656,531,1.01892,103,0.101087
025040107410003168d2a000a00000e2,2,3,31,322,265,656,531,1.01892,157,0.154085
025040107410003168d2a000a00000e2,2,3,32,322,265,656,531,1.01892,147,0.14427
025040107410003168d2a000a00000e2,2,3,33,322,265,656,531,1.01892,1636,1.60562
025040107410003168d2a000a00000e2,2,3,34,322,265,656,531,1.01892,81,0.0794959
025040107410003168d2a000a00000e2,2,3,35,322,265,656,531,1.01892,474,0.465198
025040107410003168d2a000a00000e2,2,3,36,322,265,656,531,1.01892,6944,6.81505
025040107410003168d2a000a00000e2,2,3,37,322,265,656,531,1.01892,95,0.0932359
025040107410003168d2a000a00000e2,2,3,38,322,265,656,531,1.01892,122,0.119735
025040107410003168d2a000a00000e2,2,3,39,322,265,656,531,1.01892,81,0.0794959
025040107410003168d2a000a00000e2,2,3,40,322,265,656,531,1.01892,58,0.056923
025040107410003168d2a000a00000e2,2,3,41,322,265,656,531,1.01892,113,0.110902
025040107410003168d2a000a00000e2,2,3,42,322,265,656,531,1.01892,83,0.0814587
025040107410003168d2a000a00000e2,2,3,43,322,265,656,531,1.01892,103,0.101087
025040107410003168d2a000a00000e2,2,3,44,322,265,656,531,1.01892,71,0.0696816
025040107410003168d2a000a00000e2,2,3,45,322,265,656,531,1.01892,108,0.105994
025040107410003168d2a000a00000e2,2,3,46,322,265,656,531,1.01892,165,0.161936
025040107410003168d2a000a00000e2,2,3,47,322,265,656,531,1.01892,35,0.0343501
025040107410003168d2a000a00000e2,2,3,48,322,265,656,531,1.01892,63,0.0618301
025040107410003168d2a000a00000e2,2,3,49,322,265,656,531,1.01892,35,0.0343501
025040107410003168d2a000a00000e2,2,3,50,322,265,656,531,1.01892,55,0.0539787
025040107410003168d2a000a00000e2,2,3,51,322,265,656,531,1.01892,49,0.0480901
025040107410003168d2a000a00000e2,2,3,52,322,265,656,531,1.01892,60,0.0588858
025040107410003168d2a000a00000e2,2,3,53,322,265,656,531,1.01892,31,0.0304243
025040107410003168d2a000a00000e2,2,3,54,322,265,656,531,1.01892,26,0.0255172
025040107410003168d2a000a00000e2,2,3,55,322,265,656,531,1.01892,20,0.0196286
025040107410003168d2a000a00000e2,2,3,56,322,265,656,531,1.01892,49,0.0480901
025040107410003168d2a000a00000e2,2,3,57,322,265,656,531,1.01892,15,0.0147215
025040107410003168d2a000a00000e2,2,3,58,322,265,656,531,1.01892,32,0.0314058
025040107410003168d2a000a00000e2,2,3,59,322,265,656,531,1.01892,14,0.01374
025040107410003168d2a000a00000e2,2,3,60,322,265,656,531,1.01892,7,0.00687001
025040107410003168d2a000a00000e2,2,3,61,322,265,656,531,1.01892,18,0.0176657
025040107410003168d2a000a00000e2,2,3,62,322,265,656,531,1.01892,15,0.0147215
025040107410003168d2a000a00000e2,2,3,63,322,265,656,531,1.01892,0,0
025040107410003168d2a000a00000e2,2,3,0,322,265,657,532,1.03514,45,0.0434723
025040107410003168d2a000a00000e2,2,3,1,322,265,657,532,1.03514,35,0.0338118
025040107410003168d2a000a00000e2,2,3,2,322,265,657,532,1.03514,58,0.056031
025040107410003168d2a000a00000e2,2,3,3,322,265,657,532,1.03514,63,0.0608613
025040107410003168d2a000a00000e2,2,3,4,322,265,657,532,1.03514,86,0.0830805
025040107410003168d2a000a00000e2,2,3,5,322,265,657,532,1.03514,38,0.03671
025040107410003168d2a000a00000e2,2,3,6,322,265,657,532,1.03514,66,0.0637594
025040107410003168d2a000a00000e2,2,3,7,322,265,657,532,1.03514,49,0.0473365
025040107410003168d2a000a00000e2,2,3,8,322,265,657,532,1.03514,70,0.0676236
025040107410003168d2a000a00000e2,2,3,9,322,265,657,532,1.03514,77,0.074386
025040107410003168d2a000a00000e2,2,3,10,322,265,657,532,1.03514,64,0.0618273
025040107410003168d2a000a00000e2,2,3,11,322,265,657,532,1.03514,82,0.0792163
025040107410003168d2a000a00000e2,2,3,12,322,265,657,532,1.03514,143,0.138145
025040107410003168d2a000a00000e2,2,3,13,322,265,657,532,1.03514,71,0.0685897
025040107410003168d2a000a00000e2,2,3,14,322,265,657,532,1.03514,68,0.0656915
025040107410003168d2a000a00000e2,2,3,15,322,265,657,532,1.03514,106,0.102401
025040107410003168d2a000a00000e2,2,3,16,322,265,657,532,1.03514,98,0.0946731
025040107410003168d2a000a00000e2,2,3,17,322,265,657,532,1.03514,78,0.075352
025040107410003168d2a000a00000e2,2,3,18,322,265,657,532,1.03514,84,0.0811484
025040107410003168d2a000a00000e2,2,3,19,322,265,657,532,1.03514,62,0.0598952
025040107410003168d2a000a00000e2,2,3,20,322,265,657,532,1.03514,86,0.0830805
025040107410003168d2a000a00000e2,2,3,21,322,265,657,532,1.03514,122,0.117858
025040107410003168d2a000a00000e2,2,3,22,322,265,657,532,1.03514,83,0.0801823
025040107410003168d2a000a00000e2,2,3,23,322,265,657,532,1.03514,137,0.132349
025040107410003168d2a000a00000e2,2,3,24,322,265,657,532,1.03514,483,0.466603
025040107410003168d2a000a00000e2,2,3,25,322,265,657,532,1.03514,125,0.120756
025040107410003168d2a000a00000e2,2,3,26,322,265,657,532,1.03514,4065,3.927
025040107410003168d2a000a00000e2,2,3,27,322,265,657,532,1.03514,71,0.0685897
025040107410003168d2a000a00000e2,2,3,28,322,265,657,532,1.03514,71,0.0685897
025040107410003168d2a000a00000e2,2,3,29,322,265,657,532,1.03514,61,0.0589292
025040107410003168d2a000a00000e2,2,3,30,322,265,657,532,1.03514,93,0.0898428
025040107410003168d2a000a00000e2,2,3,31,322,265,657,532,1.03514,126,0.121723
025040107410003168d2a000a00000e2,2,3,32,322,265,657,532,1.03514,128,0.123655
025040107410003168d2a000a00000e2,2,3,33,322,265,657,532,1.03514,514,0.496551
025040107410003168d2a000a00000e2,2,3,34,322,265,657,532,1.03514,80,0.0772841
025040107410003168d2a000a00000e2,2,3,35,322,265,657,532,1.03514,213,0.205769
025040107410003168d2a000a00000e2,2,3,36,322,265,657,532,1.03514,3366,3.25173
025040107410003168d2a000a00000e2,2,3,37,322,265,657,532,1.03514,82,0.0792163
025040107410003168d2a000a00000e2,2,3,38,322,265,657,532,1.03514,111,0.107232
025040107410003168d2a000a00000e2,2,3,39,322,265,657,532,1.03514,69,0.0666576
025040107410003168d2a000a00000e2,2,3,40,322,265,657,532,1.03514,62,0.0598952
025040107410003168d2a000a00000e2,2,3,41,322,265,657,532,1.03514,93,0.0898428
025040107410003168d2a000a00000e2,2,3,42,322,265,657,532,1.03514,78,0.075352
025040107410003168d2a000a00000e2,2,3,43,322,265,657,532,1.03514,84,0.0811484
025040107410003168d2a000a00000e2,2,3,44,322,265,657,532,1.03514,68,0.0656915
025040107410003168d2a000a00000e2,2,3,45,322,265,657,532,1.03514,88,0.0850126
025040107410003168d2a000a00000e2,2,3,46,322,265,657,532,1.03514,131,0.126553
025040107410003168d2a000a00000e2,2,3,47,322,265,657,532,1.03514,45,0.0434723
025040107410003168d2a000a00000e2,2,3,48,322,265,657,532,1.03514,65,0.0627934
025040107410003168d2a000a00000e2,2,3,49,322,265,657,532,1.03514,45,0.0434723
025040107410003168d2a000a00000e2,2,3,50,322,265,657,532,1.03514,61,0.0589292
025040107410003168d2a000a00000e2,2,3,51,322,265,657,532,1.03514,52,0.0502347
025040107410003168d2a000a00000e2,2,3,52,322,265,657,532,1.03514,65,0.0627934
025040107410003168d2a000a00000e2,2,3,53,322,265,657,532,1.03514,38,0.03671
025040107410003168d2a000a00000e2,2,3,54,322,265,657,532,1.03514,36,0.0347779
025040107410003168d2a000a00000e2,2,3,55,322,265,657,532,1.03514,31,0.0299476
025040107410003168d2a000a00000e2,2,3,56,322,265,657,532,1.03514,53,0.0512007
025040107410003168d2a000a00000e2,2,3,57,322,265,657,532,1.03514,20,0.019321
025040107410003168d2a000a00000e2,2,3,58,322,265,657,532,1.03514,43,0.0415402
025040107410003168d2a000a00000e2,2,3,59,322,265,657,532,1.03514,20,0.019321
025040107410003168d2a000a00000e2,2,3,60,322,265,657,532,1.03514,10,0.00966052
025040107410003168d2a000a00000e2,2,3,61,322,265,657,532,1.03514,24,0.0231852
025040107410003168d2a000a00000e2,2,3,62,322,265,657,532,1.03514,18,0.0173889
025040107410003168d2a000a00000e2,2,3,63,322,265,657,532,1.03514,0,0
025040107410003168d2a000a00000e2,2,3,0,322,265,658,533,1.00712,15,0.0148939
025040107410003168d2a000a00000e2,2,3,1,322,265,658,533,1.00712,14,0.013901
025040107410003168d2a000a00000e2,2,3,2,322,265,658,533,1.00712,31,0.0307807
025040107410003168d2a000a00000e2,2,3,3,322,265,658,533,1.00712,32,0.0317736
025040107410003168d2a000a00000e2,2,3,4,322,265,658,533,1.00712,46,0.0456746
025040107410003168d2a000a00000e2,2,3,5,322,265,658,533,1.00712,17,0.0168797
025040107410003168d2a000a00000e2,2,3,6,322,265,658,533,1.00712,34,0.0337595
025040107410003168d2a000a00000e2,2,3,7,322,265,658,533,1.00712,26,0.0258161
025040107410003168d2a000a00000e2,2,3,8,322,265,658,533,1.00712,35,0.0347524
025040107410003168d2a000a00000e2,2,3,9,322,265,658,533,1.00712,41,0.04071
025040107410003168d2a000a00000e2,2,3,10,322,265,658,533,1.00712,34,0.0337595
025040107410003168d2a000a00000e2,2,3,11,322,265,658,533,1.00712,45,0.0446817
025040107410003168d2a000a00000e2,2,3,12,322,265,658,533,1.00712,70,0.0695048
025040107410003168d2a000a00000e2,2,3,13,322,265,658,533,1.00712,36,0.0357453
025040107410003168d2a000a00000e2,2,3,14,322,265,658,533,1.00712,35,0.0347524
025040107410003168d2a000a00000e2,2,3,15,322,265,658,533,1.00712,51,0.0506392
025040107410003168d2a000a00000e2,2,3,16,322,265,658,533,1.00712,55,0.0546109
025040107410003168d2a000a00000e2,2,3,17,322,265,658,533,1.00712,42,0.0417029
025040107410003168d2a000a00000e2,2,3,18,322,265,658,533,1.00712,47,0.0466675
025040107410003168d2a000a00000e2,2,3,19,322,265,658,533,1.00712,33,0.0327666
025040107410003168d2a000a00000e2,2,3,20,322,265,658,533,1.00712,50,0.0496463
025040107410003168d2a000a00000e2,2,3,21,322,265,658,533,1.00712,55,0.0546109
025040107410003168d2a000a00000e2,2,3,22,322,265,658,533,1.00712,48,0.0476604
025040107410003168d2a000a00000e2,2,3,23,322,265,658,533,1.00712,67,0.066526
025040107410003168d2a000a00000e2,2,3,24,322,265,658,533,1.00712,150,0.148939
025040107410003168d2a000a00000e2,2,3,25,322,265,658,533,1.00712,54,0.053618
025040107410003168d2a000a00000e2,2,3,26,322,265,658,533,1.00712,1169,1.16073
025040107410003168d2a000a00000e2,2,3,27,322,265,658,533,1.00712,38,0.0377312
025040107410003168d2a000a00000e2,2,3,28,322,265,658,533,1.00712,35,0.0347524
025040107410003168d2a000a00000e2,2,3,29,322,265,658,533,1.00712,32,0.0317736
025040107410003168d2a000a00000e2,2,3,30,322,265,658,533,1.00712,56,0.0556039
025040107410003168d2a000a00000e2,2,3,31,322,265,658,533,1.00712,57,0.0565968
025040107410003168d2a000a00000e2,2,3,32,322,265,658,533,1.00712,63,0.0625543
025040107410003168d2a000a00000e2,2,3,33,322,265,658,533,1.00712,145,0.143974
025040107410003168d2a000a00000e2,2,3,34,322,265,658,533,1.00712,43,0.0426958
025040107410003168d2a000a00000e2,2,3,35,322,265,658,533,1.00712,80,0.0794341
025040107410003168d2a000a00000e2,2,3,36,322,265,658,533,1.00712,810,0.80427
025040107410003168d2a000a00000e2,2,3,37,322,265,658,533,1.00712,42,0.0417029
025040107410003168d2a000a00000e2,2,3,38,322,265,658,533,1.00712,58,0.0575897
025040107410003168d2a000a00000e2,2,3,39,322,265,658,533,1.00712,36,0.0357453
025040107410003168d2a000a00000e2,2,3,40,322,265,658,533,1.00712,31,0.0307807
025040107410003168d2a000a00000e2,2,3,41,322,265,658,533,1.00712,47,0.0466675
025040107410003168d2a000a00000e2,2,3,42,322,265,658,533,1.00712,41,0.04071
025040107410003168d2a000a00000e2,2,3,43,322,265,658,533,1.00712,43,0.0426958
025040107410003168d2a000a00000e2,2,3,44,322,265,658,533,1.00712,33,0.0327666
025040107410003168d2a000a00000e2,2,3,45,322,265,658,533,1.00712,46,0.0456746
025040107410003168d2a000a00000e2,2,3,46,322,265,658,533,1.00712,58,0.0575897
025040107410003168d2a000a00000e2,2,3,47,322,265,658,533,1.00712,21,0.0208514
025040107410003168d2a000a00000e2,2,3,48,322,265,658,533,1.00712,32,0.0317736
025040107410003168d2a000a00000e2,2,3,49,322,265,658,533,1.00712,22,0.0218444
025040107410003168d2a000a00000e2,2,3,50,322,265,658,533,1.00712,29,0.0287949
025040107410003168d2a000a00000e2,2,3,51,322,265,658,533,1.00712,25,0.0248231
025040107410003168d2a000a00000e2,2,3,52,322,265,658,533,1.00712,31,0.0307807
025040107410003168d2a000a00000e2,2,3,53,322,265,658,533,1.00712,18,0.0178727
025040107410003168d2a000a00000e2,2,3,54,322,265,658,533,1.00712,13,0.012908
025040107410003168d2a000a00000e2,2,3,55,322,265,658,533,1.00712,11,0.0109222
025040107410003168d2a000a00000e2,2,3,56,322,265,658,533,1.00712,28,0.0278019
025040107410003168d2a000a00000e2,2,3,57,322,265,658,533,1.00712,5,0.00496463
025040107410003168d2a000a00000e2,2,3,58,322,265,658,533,1.00712,20,0.0198585
025040107410003168d2a000a00000e2,2,3,59,322,265,658,533,1.00712,5,0.00496463
025040107410003168d2a000a00000e2,2,3,60,322,265,658,533,1.00712,3,0.00297878
025040107410003168d2a000a00000e2,2,3,61,322,265,658,533,1.00712,9,0.00893633
025040107410003168d2a000a00000e2,2,3,62,322,265,658,533,1.00712,4,0.0039717
025040107410003168d2a000a00000e2,2,3,63,322,265,658,533,1.00712,0,0
025040107410003168d2a000a00000e2,2,3,0,322,265,659,534,1.15163,14,0.0121567
025040107410003168d2a000a00000e2,2,3,1,322,265,659,534,1.15163,10,0.00868333
025040107410003168d2a000a00000e2,2,3,2,322,265,659,534,1.15163,20,0.0173667
025040107410003168d2a000a00000e2,2,3,3,322,265,659,534,1.15163,21,0.018235
025040107410003168d2a000a00000e2,2,3,4,322,265,659,534,1.15163,30,0.02605
025040107410003168d2a000a00000e2,2,3,5,322,265,659,534,1.15163,11,0.00955167
025040107410003168d2a000a00000e2,2,3,6,322,265,659,534,1.15163,25,0.0217083
025040107410003168d2a000a00000e2,2,3,7,322,265,659,534,1.15163,16,0.0138933
025040107410003168d2a000a00000e2,2,3,8,322,265,659,534,1.15163,25,0.0217083
025040107410003168d2a000a00000e2,2,3,9,322,265,659,534,1.15163,26,0.0225767
025040107410003168d2a000a00000e2,2,3,10,322,265,659,534,1.15163,22,0.0191033
025040107410003168d2a000a00000e2,2,3,11,322,265,659,534,1.15163,30,0.02605
025040107410003168d2a000a00000e2,2,3,12,322,265,659,534,1.15163,48,0.04168
025040107410003168d2a000a00000e2,2,3,13,322,265,659,534,1.15163,26,0.0225767
025040107410003168d2a000a00000e2,2,3,14,322,265,659,534,1.15163,26,0.0225767
025040107410003168d2a000a00000e2,2,3,15,322,265,659,534,1.15163,34,0.0295233
025040107410003168d2a000a00000e2,2,3,16,322,265,659,534,1.15163,35,0.0303917
025040107410003168d2a000a00000e2,2,3,17,322,265,659,534,1.15163,27,0.023445
025040107410003168d2a000a00000e2,2,3,18,322,265,659,534,1.15163,29,0.0251817
025040107410003168d2a000a00000e2,2,3,19,322,265,659,534,1.15163,24,0.02084
025040107410003168d2a000a00000e2,2,3,20,322,265,659,534,1.15163,31,0.0269183
025040107410003168d2a000a00000e2,2,3,21,322,265,659,534,1.15163,34,0.0295233
025040107410003168d2a000a00000e2,2,3,22,322,265,659,534,1.15163,29,0.0251817
025040107410003168d2a000a00000e2,2,3,23,322,265,659,534,1.15163,39,0.033865
025040107410003168d2a000a00000e2,2,3,24,322,265,659,534,1.15163,62,0.0538367
025040107410003168d2a000a00000e2,2,3,25,322,265,659,534,1.15163,36,0.03126
025040107410003168d2a000a00000e2,2,3,26,322,265,659,534,1.15163,233,0.202322
025040107410003168d2a000a00000e2,2,3,27,322,265,659,534,1.15163,25,0.0217083
025040107410003168d2a000a00000e2,2,3,28,322,265,659,534,1.15163,25,0.0217083
025040107410003168d2a000a00000e2,2,3,29,322,265,659,534,1.15163,20,0.0173667
025040107410003168d2a000a00000e2,2,3,30,322,265,659,534,1.15163,36,0.03126
025040107410003168d2a000a00000e2,2,3,31,322,265,659,534,1.15163,35,0.0303917
025040107410003168d2a000a00000e2,2,3,32,322,265,659,534,1.15163,44,0.0382067
025040107410003168d2a000a00000e2,2,3,33,322,265,659,534,1.15163,56,0.0486267
025040107410003168d2a000a00000e2,2,3,34,322,265,659,534,1.15163,28,0.0243133
025040107410003168d2a000a00000e2,2,3,35,322,265,659,534,1.15163,42,0.03647
025040107410003168d2a000a00000e2,2,3,36,322,265,659,534,1.15163,167,0.145012
025040107410003168d2a000a00000e2,2,3,37,322,265,659,534,1.15163,26,0.0225767
025040107410003168d2a000a00000e2,2,3,38,322,265,659,534,1.15163,41,0.0356017
025040107410003168d2a000a00000e2,2,3,39,322,265,659,534,1.15163,25,0.0217083
025040107410003168d2a000a00000e2,2,3,40,322,265,659,534,1.15163,20,0.0173667
025040107410003168d2a000a00000e2,2,3,41,322,265,659,534,1.15163,28,0.0243133
025040107410003168d2a000a00000e2,2,3,42,322,265,659,534,1.15163,28,0.0243133
025040107410003168d2a000a00000e2,2,3,43,322,265,659,534,1.15163,25,0.0217083
025040107410003168d2a000a00000e2,2,3,44,322,265,659,534,1.15163,26,0.0225767
025040107410003168d2a000a00000e2,2,3,45,322,265,659,534,1.15163,29,0.0251817
025040107410003168d2a000a00000e2,2,3,46,322,265,659,534,1.15163,36,0.03126
025040107410003168d2a000a00000e2,2,3,47,322,265,659,534,1.15163,11,0.00955167
025040107410003168d2a000a00000e2,2,3,48,322,265,659,534,1.15163,21,0.018235
025040107410003168d2a000a00000e2,2,3,49,322,265,659,534,1.15163,11,0.00955167
025040107410003168d2a000a00000e2,2,3,50,322,265,659,534,1.15163,18,0.01563
025040107410003168d2a000a00000e2,2,3,51,322,265,659,534,1.15163,16,0.0138933
025040107410003168d2a000a00000e2,2,3,52,322,265,659,534,1.15163,21,0.018235
025040107410003168d2a000a00000e2,2,3,53,322,265,659,534,1.15163,9,0.007815
025040107410003168d2a000a00000e2,2,3,54,322,265,659,534,1.15163,9,0.007815
025040107410003168d2a000a00000e2,2,3,55,322,265,659,534,1.15163,9,0.007815
025040107410003168d2a000a00000e2,2,3,56,322,265,659,534,1.15163,16,0.0138933
025040107410003168d2a000a00000e2,2,3,57,322,265,659,534,1.15163,4,0.00347333
025040107410003168d2a000a00000e2,2,3,58,322,265,659,534,1.15163,10,0.00868333
025040107410003168d2a000a00000e2,2,3,59,322,265,659,534,1.15163,2,0.00173667
025040107410003168d2a000a00000e2,2,3,60,322,265,659,534,1.15163,0,0
025040107410003168d2a000a00000e2,2,3,61,322,265,659,534,1.15163,5,0.00434167
025040107410003168d2a000a00000e2,2,3,62,322,265,659,534,1.15163,1,0.000868333
025040107410003168d2a000a00000e2,2,3,63,322,265,659,534,1.15163,0,0
025040107410003168d2a000a00000e2,2,3,0,322,265,660,535,1.11182,24,0.0215863
025040107410003168d2a000a00000e2,2,3,1,322,265,660,535,1.11182,21,0.018888
025040107410003168d2a000a00000e2,2,3,2,322,265,660,535,1.11182,40,0.0359771
025040107410003168d2a000a00000e2,2,3,3,322,265,660,535,1.11182,40,0.0359771
025040107410003168d2a000a00000e2,2,3,4,322,265,660,535,1.11182,48,0.0431725
025040107410003168d2a000a00000e2,2,3,5,322,265,660,535,1.11182,21,0.018888
025040107410003168d2a000a00000e2,2,3,6,322,265,660,535,1.11182,42,0.037776
025040107410003168d2a000a00000e2,2,3,7,322,265,660,535,1.11182,27,0.0242845
025040107410003168d2a000a00000e2,2,3,8,322,265,660,535,1.11182,42,0.037776
025040107410003168d2a000a00000e2,2,3,9,322,265,660,535,1.11182,42,0.037776
025040107410003168d2a000a00000e2,2,3,10,322,265,660,535,1.11182,42,0.037776
025040107410003168d2a000a00000e2,2,3,11,322,265,660,535,1.11182,48,0.0431725
025040107410003168d2a000a00000e2,2,3,12,322,265,660,535,1.11182,65,0.0584628
025040107410003168d2a000a00000e2,2,3,13,322,265,660,535,1.11182,41,0.0368765
025040107410003168d2a000a00000e2,2,3,14,322,265,660,535,1.11182,42,0.037776
025040107410003168d2a000a00000e2,2,3,15,322,265,660,535,1.11182,51,0.0458708
025040107410003168d2a000a00000e2,2,3,16,322,265,660,535,1.11182,55,0.0494685
025040107410003168d2a000a00000e2,2,3,17,322,265,660,535,1.11182,44,0.0395748
025040107410003168d2a000a00000e2,2,3,18,322,265,660,535,1.11182,48,0.0431725
025040107410003168d2a000a00000e2,2,3,19,322,265,660,535,1.11182,41,0.0368765
025040107410003168d2a000a00000e2,2,3,20,322,265,660,535,1.11182,48,0.0431725
025040107410003168d2a000a00000e2,2,3,21,322,265,660,535,1.11182,53,0.0476697
025040107410003168d2a000a00000e2,2,3,22,322,265,660,535,1.11182,47,0.0422731
025040107410003168d2a000a00000e2,2,3,23,322,265,660,535,1.11182,54,0.0485691
025040107410003168d2a000a00000e2,2,3,24,322,265,660,535,1.11182,89,0.0800491
025040107410003168d2a000a00000e2,2,3,25,322,265,660,535,1.11182,56,0.0503679
025040107410003168d2a000a00000e2,2,3,26,322,265,660,535,1.11182,158,0.14211
025040107410003168d2a000a00000e2,2,3,27,322,265,660,535,1.11182,42,0.037776
025040107410003168d2a000a00000e2,2,3,28,322,265,660,535,1.11182,42,0.037776
025040107410003168d2a000a00000e2,2,3,29,322,265,660,535,1.11182,40,0.0359771
025040107410003168d2a000a00000e2,2,3,30,322,265,660,535,1.11182,56,0.0503679
025040107410003168d2a000a00000e2,2,3,31,322,265,660,535,1.11182,53,0.0476697
025040107410003168d2a000a00000e2,2,3,32,322,265,660,535,1.11182,62,0.0557645
025040107410003168d2a000a00000e2,2,3,33,322,265,660,535,1.11182,78,0.0701554
025040107410003168d2a000a00000e2,2,3,34,322,265,660,535,1.11182,45,0.0404742
025040107410003168d2a000a00000e2,2,3,35,322,265,660,535,1.11182,62,0.0557645
025040107410003168d2a000a00000e2,2,3,36,322,265,660,535,1.11182,140,0.12592
025040107410003168d2a000a00000e2,2,3,37,322,265,660,535,1.11182,45,0.0404742
025040107410003168d2a000a00000e2,2,3,38,322,265,660,535,1.11182,59,0.0530662
025040107410003168d2a000a00000e2,2,3,39,322,265,660,535,1.11182,41,0.0368765
025040107410003168d2a000a00000e2,2,3,40,322,265,660,535,1.11182,39,0.0350777
025040107410003168d2a000a00000e2,2,3,41,322,265,660,535,1.11182,47,0.0422731
025040107410003168d2a000a00000e2,2,3,42,322,265,660,535,1.11182,45,0.0404742
025040107410003168d2a000a00000e2,2,3,43,322,265,660,535,1.11182,43,0.0386754
025040107410003168d2a000a00000e2,2,3,44,322,265,660,535,1.11182,42,0.037776
025040107410003168d2a000a00000e2,2,3,45,322,265,660,535,1.11182,45,0.0404742
025040107410003168d2a000a00000e2,2,3,46,322,265,660,535,1.11182,54,0.0485691
025040107410003168d2a000a00000e2,2,3,47,322,265,660,535,1.11182,24,0.0215863
025040107410003168d2a000a00000e2,2,3,48,322,265,660,535,1.11182,41,0.0368765
025040107410003168d2a000a00000e2,2,3,49,322,265,660,535,1.11182,23,0.0206868
025040107410003168d2a000a00000e2,2,3,50,322,265,660,535,1.11182,37,0.0332788
025040107410003168d2a000a00000e2,2,3,51,322,265,660,535,1.11182,27,0.0242845
025040107410003168d2a000a00000e2,2,3,52,322,265,660,535,1.11182,41,0.0368765
025040107410003168d2a000a00000e2,2,3,53,322,265,660,535,1.11182,19,0.0170891
025040107410003168d2a000a00000e2,2,3,54,322,265,660,535,1.11182,20,0.0179886
025040107410003168d2a000a00000e2,2,3,55,322,265,660,535,1.11182,14,0.012592
025040107410003168d2a000a00000e2,2,3,56,322,265,660,535,1.11182,30,0.0269828
025040107410003168d2a000a00000e2,2,3,57,322,265,660,535,1.11182,5,0.00449714
025040107410003168d2a000a00000e2,2,3,58,322,265,660,535,1.11182,22,0.0197874
025040107410003168d2a000a00000e2,2,3,59,322,265,660,535,1.11182,5,0.00449714
025040107410003168d2a000a00000e2,2,3,60,322,265,660,535,1.11182,1,0.000899428
025040107410003168d2a000a00000e2,2,3,61,322,265,660,535,1.11182,7,0.00629599
025040107410003168d2a000a00000e2,2,3,62,322,265,660,535,1.11182,4,0.00359771
025040107410003168d2a000a00000e2,2,3,63,322,265,660,535,1.11182,0,0
025040107410003168d2a000a00000e2,2,3,0,322,265,661,535,1.19587,17,0.0142156
025040107410003168d2a000a00000e2,2,3,1,322,265,661,535,1.19587,15,0.0125432
025040107410003168d2a000a00000e2,2,3,2,322,265,661,535,1.19587,24,0.0200691
025040107410003168d2a000a00000e2,2,3,3,322,265,661,535,1.19587,23,0.0192329
025040107410003168d2a000a00000e2,2,3,4,322,265,661,535,1.19587,31,0.0259226
025040107410003168d2a000a00000e2,2,3,5,322,265,661,535,1.19587,16,0.0133794
025040107410003168d2a000a00000e2,2,3,6,322,265,661,535,1.19587,28,0.023414
025040107410003168d2a000a00000e2,2,3,7,322,265,661,535,1.19587,18,0.0150518
025040107410003168d2a000a00000e2,2,3,8,322,265,661,535,1.19587,26,0.0217415
025040107410003168d2a000a00000e2,2,3,9,322,265,661,535,1.19587,25,0.0209053
025040107410003168d2a000a00000e2,2,3,10,322,265,661,535,1.19587,26,0.0217415
025040107410003168d2a000a00000e2,2,3,11,322,265,661,535,1.19587,28,0.023414
025040107410003168d2a000a00000e2,2,3,12,322,265,661,535,1.19587,42,0.0351209
025040107410003168d2a000a00000e2,2,3,13,322,265,661,535,1.19587,24,0.0200691
025040107410003168d2a000a00000e2,2,3,14,322,265,661,535,1.19587,26,0.0217415
025040107410003168d2a000a00000e2,2,3,15,322,265,661,535,1.19587,30,0.0250864
025040107410003168d2a000a00000e2,2,3,16,322,265,661,535,1.19587,35,0.0292674
025040107410003168d2a000a00000e2,2,3,17,322,265,661,535,1.19587,26,0.0217415
025040107410003168d2a000a00000e2,2,3,18,322,265,661,535,1.19587,31,0.0259226
025040107410003168d2a000a00000e2,2,3,19,322,265,661,535,1.19587,21,0.0175605
025040107410003168d2a000a00000e2,2,3,20,322,265,661,535,1.19587,31,0.0259226
025040107410003168d2a000a00000e2,2,3,21,322,265,661,535,1.19587,29,0.0242502
025040107410003168d2a000a00000e2,2,3,22,322,265,661,535,1.19587,31,0.0259226
025040107410003168d2a000a00000e2,2,3,23,322,265,661,535,1.19587,31,0.0259226
025040107410003168d2a000a00000e2,2,3,24,322,265,661,535,1.19587,56,0.0468279
025040107410003168d2a000a00000e2,2,3,25,322,265,661,535,1.19587,32,0.0267588
025040107410003168d2a000a00000e2,2,3,26,322,265,661,535,1.19587,89,0.0744229
025040107410003168d2a000a00000e2,2,3,27,322,265,661,535,1.19587,25,0.0209053
025040107410003168d2a000a00000e2,2,3,28,322,265,661,535,1.19587,27,0.0225777
025040107410003168d2a000a00000e2,2,3,29,322,265,661,535,1.19587,21,0.0175605
025040107410003168d2a000a00000e2,2,3,30,322,265,661,535,1.19587,34,0.0284312
025040107410003168d2a000a00000e2,2,3,31,322,265,661,535,1.19587,29,0.0242502
025040107410003168d2a000a00000e2,2,3,32,322,265,661,535,1.19587,40,0.0334485
025040107410003168d2a000a00000e2,2,3,33,322,265,661,535,1.19587,44,0.0367934
025040107410003168d2a000a00000e2,2,3,34,322,265,661,535,1.19587,29,0.0242502
025040107410003168d2a000a00000e2,2,3,35,322,265,661,535,1.19587,33,0.027595
025040107410003168d2a000a00000e2,2,3,36,322,265,661,535,1.19587,75,0.0627159
025040107410003168d2a000a00000e2,2,3,37,322,265,661,535,1.19587,25,0.0209053
025040107410003168d2a000a00000e2,2,3,38,322,265,661,535,1.19587,36,0.0301037
025040107410003168d2a000a00000e2,2,3,39,322,265,661,535,1.19587,24,0.0200691
025040107410003168d2a000a00000e2,2,3,40,322,265,661,535,1.19587,21,0.0175605
025040107410003168d2a000a00000e2,2,3,41,322,265,661,535,1.19587,25,0.0209053
025040107410003168d2a000a00000e2,2,3,42,322,265,661,535,1.19587,28,0.023414
025040107410003168d2a000a00000e2,2,3,43,322,265,661,535,1.19587,24,0.0200691
025040107410003168d2a000a00000e2,2,3,44,322,265,661,535,1.19587,26,0.0217415
025040107410003168d2a000a00000e2,2,3,45,322,265,661,535,1.19587,25,0.0209053
025040107410003168d2a000a00000e2,2,3,46,322,265,661,535,1.19587,35,0.0292674
025040107410003168d2a000a00000e2,2,3,47,322,265,661,535,1.19587,19,0.015888
025040107410003168d2a000a00000e2,2,3,48,322,265,661,535,1.19587,25,0.0209053
025040107410003168d2a000a00000e2,2,3,49,322,265,661,535,1.19587,18,0.0150518
025040107410003168d2a000a00000e2,2,3,50,322,265,661,535,1.19587,21,0.0175605
025040107410003168d2a000a00000e2,2,3,51,322,265,661,535,1.19587,19,0.015888
025040107410003168d2a000a00000e2,2,3,52,322,265,661,535,1.19587,24,0.0200691
025040107410003168d2a000a00000e2,2,3,53,322,265,661,535,1.19587,15,0.0125432
025040107410003168d2a000a00000e2,2,3,54,322,265,661,535,1.19587,16,0.0133794
025040107410003168d2a000a00000e2,2,3,55,322,265,661,535,1.19587,11,0.00919834
025040107410003168d2a000a00000e2,2,3,56,322,265,661,535,1.19587,18,0.0150518
025040107410003168d2a000a00000e2,2,3,57,322,265,661,535,1.19587,5,0.00418106
025040107410003168d2a000a00000e2,2,3,58,322,265,661,535,1.19587,16,0.0133794
025040107410003168d2a000a00000e2,2,3,59,322,265,661,535,1.19587,3,0.00250864
025040107410003168d2a000a00000e2,2,3,60,322,265,661,535,1.19587,0,0
025040107410003168d2a000a00000e2,2,3,61,322,265,661,535,1.19587,6,0.00501728
025040107410003168d2a000a00000e2,2,3,62,322,265,661,535,1.19587,3,0.00250864
025040107410003168d2a000a00000e2,2,3,63,322,265,661,535,1.19587,0,0
025040107410003168d2a000a00000e2,2,3,0,322,265,662,536,1.0838,31,0.028603
025040107410003168d2a000a00000e2,2,3,1,322,265,662,536,1.0838,24,0.0221443
025040107410003168d2a000a00000e2,2,3,2,322,265,662,536,1.0838,42,0.0387525
025040107410003168d2a000a00000e2,2,3,3,322,265,662,536,1.0838,42,0.0387525
025040107410003168d2a000a00000e2,2,3,4,322,265,662,536,1.0838,51,0.0470566
025040107410003168d2a000a00000e2,2,3,5,322,265,662,536,1.0838,26,0.0239896
025040107410003168d2a000a00000e2,2,3,6,322,265,662,536,1.0838,47,0.0433659
025040107410003168d2a000a00000e2,2,3,7,322,265,662,536,1.0838,29,0.0267577
025040107410003168d2a000a00000e2,2,3,8,322,265,662,536,1.0838,46,0.0424432
025040107410003168d2a000a00000e2,2,3,9,322,265,662,536,1.0838,45,0.0415205
025040107410003168d2a000a00000e2,2,3,10,322,265,662,536,1.0838,45,0.0415205
025040107410003168d2a000a00000e2,2,3,11,322,265,662,536,1.0838,49,0.0452112
025040107410003168d2a000a00000e2,2,3,12,322,265,662,536,1.0838,64,0.0590514
025040107410003168d2a000a00000e2,2,3,13,322,265,662,536,1.0838,42,0.0387525
025040107410003168d2a000a00000e2,2,3,14,322,265,662,536,1.0838,46,0.0424432
025040107410003168d2a000a00000e2,2,3,15,322,265,662,536,1.0838,51,0.0470566
025040107410003168d2a000a00000e2,2,3,16,322,265,662,536,1.0838,60,0.0553607
025040107410003168d2a000a00000e2,2,3,17,322,265,662,536,1.0838,46,0.0424432
025040107410003168d2a000a00000e2,2,3,18,322,265,662,536,1.0838,50,0.0461339
025040107410003168d2a000a00000e2,2,3,19,322,265,662,536,1.0838,41,0.0378298
025040107410003168d2a000a00000e2,2,3,20,322,265,662,536,1.0838,52,0.0479793
025040107410003168d2a000a00000e2,2,3,21,322,265,662,536,1.0838,51,0.0470566
025040107410003168d2a000a00000e2,2,3,22,322,265,662,536,1.0838,53,0.0489019
025040107410003168d2a000a00000e2,2,3,23,322,265,662,536,1.0838,54,0.0498246
025040107410003168d2a000a00000e2,2,3,24,322,265,662,536,1.0838,75,0.0692009
025040107410003168d2a000a00000e2,2,3,25,322,265,662,536,1.0838,52,0.0479793
025040107410003168d2a000a00000e2,2,3,26,322,265,662,536,1.0838,101,0.0931905
025040107410003168d2a000a00000e2,2,3,27,322,265,662,536,1.0838,43,0.0396752
025040107410003168d2a000a00000e2,2,3,28,322,265,662,536,1.0838,46,0.0424432
025040107410003168d2a000a00000e2,2,3,29,322,265,662,536,1.0838,40,0.0369071
025040107410003168d2a000a00000e2,2,3,30,322,265,662,536,1.0838,58,0.0535153
025040107410003168d2a000a00000e2,2,3,31,322,265,662,536,1.0838,52,0.0479793
025040107410003168d2a000a00000e2,2,3,32,322,265,662,536,1.0838,62,0.057206
025040107410003168d2a000a00000e2,2,3,33,322,265,662,536,1.0838,65,0.0599741
025040107410003168d2a000a00000e2,2,3,34,322,265,662,536,1.0838,49,0.0452112
025040107410003168d2a000a00000e2,2,3,35,322,265,662,536,1.0838,58,0.0535153
025040107410003168d2a000a00000e2,2,3,36,322,265,662,536,1.0838,98,0.0904225
025040107410003168d2a000a00000e2,2,3,37,322,265,662,536,1.0838,43,0.0396752
025040107410003168d2a000a00000e2,2,3,38,322,265,662,536,1.0838,61,0.0562834
025040107410003168d2a000a00000e2,2,3,39,322,265,662,536,1.0838,43,0.0396752
025040107410003168d2a000a00000e2,2,3,40,322,265,662,536,1.0838,39,0.0359844
025040107410003168d2a000a00000e2,2,3,41,322,265,662,536,1.0838,44,0.0405978
025040107410003168d2a000a00000e2,2,3,42,322,265,662,536,1.0838,49,0.0452112
025040107410003168d2a000a00000e2,2,3,43,322,265,662,536,1.0838,42,0.0387525
025040107410003168d2a000a00000e2,2,3,44,322,265,662,536,1.0838,45,0.0415205
025040107410003168d2a000a00000e2,2,3,45,322,265,662,536,1.0838,43,0.0396752
025040107410003168d2a000a00000e2,2,3,46,322,265,662,536,1.0838,54,0.0498246
025040107410003168d2a000a00000e2,2,3,47,322,265,662,536,1.0838,26,0.0239896
025040107410003168d2a000a00000e2,2,3,48,322,265,662,536,1.0838,43,0.0396752
025040107410003168d2a000a00000e2,2,3,49,322,265,662,536,1.0838,26,0.0239896
025040107410003168d2a000a00000e2,2,3,50,322,265,662,536,1.0838,36,0.0332164
025040107410003168d2a000a00000e2,2,3,51,322,265,662,536,1.0838,27,0.0249123
025040107410003168d2a000a00000e2,2,3,52,322,265,662,536,1.0838,42,0.0387525
025040107410003168d2a000a00000e2,2,3,53,322,265,662,536,1.0838,26,0.0239896
025040107410003168d2a000a00000e2,2,3,54,322,265,662,536,1.0838,25,0.023067
025040107410003168d2a000a00000e2,2,3,55,322,265,662,536,1.0838,20,0.0184536
025040107410003168d2a000a00000e2,2,3,56,322,265,662,536,1.0838,31,0.028603
025040107410003168d2a000a00000e2,2,3,57,322,265,662,536,1.0838,6,0.00553607
025040107410003168d2a000a00000e2,2,3,58,322,265,662,536,1.0838,25,0.023067
025040107410003168d2a000a00000e2,2,3,59,322,265,662,536,1.0838,4,0.00369071
025040107410003168d2a000a00000e2,2,3,60,322,265,662,536,1.0838,1,0.000922678
025040107410003168d2a000a00000e2,2,3,61,322,265,662,536,1.0838,11,0.0101495
025040107410003168d2a000a00000e2,2,3,62,322,265,662,536,1.0838,6,0.00553607
025040107410003168d2a000a00000e2,2,3,63,322,265,662,536,1.0838,0,0
025040107410003168d2a000a00000e2,2,3,0,322,265,663,537,1.35217,28,0.0207074
025040107410003168d2a000a00000e2,2,3,1,322,265,663,537,1.35217,24,0.0177492
025040107410003168d2a000a00000e2,2,3,2,322,265,663,537,1.35217,40,0.029582
025040107410003168d2a000a00000e2,2,3,3,322,265,663,537,1.35217,38,0.0281029
025040107410003168d2a000a00000e2,2,3,4,322,265,663,537,1.35217,49,0.036238
025040107410003168d2a000a00000e2,2,3,5,322,265,663,537,1.35217,25,0.0184888
025040107410003168d2a000a00000e2,2,3,6,322,265,663,537,1.35217,44,0.0325403
025040107410003168d2a000a00000e2,2,3,7,322,265,663,537,1.35217,29,0.021447
025040107410003168d2a000a00000e2,2,3,8,322,265,663,537,1.35217,44,0.0325403
025040107410003168d2a000a00000e2,2,3,9,322,265,663,537,1.35217,42,0.0310611
025040107410003168d2a000a00000e2,2,3,10,322,265,663,537,1.35217,43,0.0318007
025040107410003168d2a000a00000e2,2,3,11,322,265,663,537,1.35217,47,0.0347589
025040107410003168d2a000a00000e2,2,3,12,322,265,663,537,1.35217,66,0.0488104
025040107410003168d2a000a00000e2,2,3,13,322,265,663,537,1.35217,42,0.0310611
025040107410003168d2a000a00000e2,2,3,14,322,265,663,537,1.35217,44,0.0325403
025040107410003168d2a000a00000e2,2,3,15,322,265,663,537,1.35217,51,0.0377171
025040107410003168d2a000a00000e2,2,3,16,322,265,663,537,1.35217,57,0.0421544
025040107410003168d2a000a00000e2,2,3,17,322,265,663,537,1.35217,43,0.0318007
025040107410003168d2a000a00000e2,2,3,18,322,265,663,537,1.35217,48,0.0354985
025040107410003168d2a000a00000e2,2,3,19,322,265,663,537,1.35217,39,0.0288425
025040107410003168d2a000a00000e2,2,3,20,322,265,663,537,1.35217,50,0.0369776
025040107410003168d2a000a00000e2,2,3,21,322,265,663,537,1.35217,51,0.0377171
025040107410003168d2a000a00000e2,2,3,22,322,265,663,537,1.35217,51,0.0377171
025040107410003168d2a000a00000e2,2,3,23,322,265,663,537,1.35217,55,0.0406753
025040107410003168d2a000a00000e2,2,3,24,322,265,663,537,1.35217,77,0.0569454
025040107410003168d2a000a00000e2,2,3,25,322,265,663,537,1.35217,50,0.0369776
025040107410003168d2a000a00000e2,2,3,26,322,265,663,537,1.35217,84,0.0621223
025040107410003168d2a000a00000e2,2,3,27,322,265,663,537,1.35217,43,0.0318007
025040107410003168d2a000a00000e2,2,3,28,322,265,663,537,1.35217,44,0.0325403
025040107410003168d2a000a00000e2,2,3,29,322,265,663,537,1.35217,37,0.0273634
025040107410003168d2a000a00000e2,2,3,30,322,265,663,537,1.35217,58,0.042894
025040107410003168d2a000a00000e2,2,3,31,322,265,663,537,1.35217,52,0.0384567
025040107410003168d2a000a00000e2,2,3,32,322,265,663,537,1.35217,59,0.0436335
025040107410003168d2a000a00000e2,2,3,33,322,265,663,537,1.35217,69,0.051029
025040107410003168d2a000a00000e2,2,3,34,322,265,663,537,1.35217,45,0.0332798
025040107410003168d2a000a00000e2,2,3,35,322,265,663,537,1.35217,57,0.0421544
025040107410003168d2a000a00000e2,2,3,36,322,265,663,537,1.35217,90,0.0665596
025040107410003168d2a000a00000e2,2,3,37,322,265,663,537,1.35217,43,0.0318007
025040107410003168d2a000a00000e2,2,3,38,322,265,663,537,1.35217,61,0.0451126
025040107410003168d2a000a00000e2,2,3,39,322,265,663,537,1.35217,42,0.0310611
025040107410003168d2a000a00000e2,2,3,40,322,265,663,537,1.35217,38,0.0281029
025040107410003168d2a000a00000e2,2,3,41,322,265,663,537,1.35217,46,0.0340194
025040107410003168d2a000a00000e2,2,3,42,322,265,663,537,1.35217,46,0.0340194
025040107410003168d2a000a00000e2,2,3,43,322,265,663,537,1.35217,41,0.0303216
025040107410003168d2a000a00000e2,2,3,44,322,265,663,537,1.35217,43,0.0318007
025040107410003168d2a000a00000e2,2,3,45,322,265,663,537,1.35217,44,0.0325403
025040107410003168d2a000a00000e2,2,3,46,322,265,663,537,1.35217,54,0.0399358
025040107410003168d2a000a00000e2,2,3,47,322,265,663,537,1.35217,26,0.0192283
025040107410003168d2a000a00000e2,2,3,48,322,265,663,537,1.35217,40,0.029582
025040107410003168d2a000a00000e2,2,3,49,322,265,663,537,1.35217,26,0.0192283
025040107410003168d2a000a00000e2,2,3,50,322,265,663,537,1.35217,35,0.0258843
025040107410003168d2a000a00000e2,2,3,51,322,265,663,537,1.35217,28,0.0207074
025040107410003168d2a000a00000e2,2,3,52,322,265,663,537,1.35217,39,0.0288425
025040107410003168d2a000a00000e2,2,3,53,322,265,663,537,1.35217,23,0.0170097
025040107410003168d2a000a00000e2,2,3,54,322,265,663,537,1.35217,24,0.0177492
025040107410003168d2a000a00000e2,2,3,55,322,265,663,537,1.35217,18,0.0133119
025040107410003168d2a000a00000e2,2,3,56,322,265,663,537,1.35217,33,0.0244052
025040107410003168d2a000a00000e2,2,3,57,322,265,663,537,1.35217,6,0.00443731
025040107410003168d2a000a00000e2,2,3,58,322,265,663,537,1.35217,25,0.0184888
025040107410003168d2a000a00000e2,2,3,59,322,265,663,537,1.35217,5,0.00369776
025040107410003168d2a000a00000e2,2,3,60,322,265,663,537,1.35217,2,0.0014791
025040107410003168d2a000a00000e2,2,3,61,322,265,663,537,1.35217,12,0.00887461
025040107410003168d2a000a00000e2,2,3,62,322,265,663,537,1.35217,5,0.00369776
025040107410003168d2a000a00000e2,2,3,63,322,265,663,537,1.35217,0,0
025040107410003168d2a000a00000e2,2,3,0,322,265,664,538,1.15016,39,0.0339084
025040107410003168d2a000a00000e2,2,3,1,322,265,664,538,1.15016,31,0.0269528
025040107410003168d2a000a00000e2,2,3,2,322,265,664,538,1.15016,54,0.0469501
025040107410003168d2a000a00000e2,2,3,3,322,265,664,538,1.15016,55,0.0478196
025040107410003168d2a000a00000e2,2,3,4,322,265,664,538,1.15016,70,0.0608613
025040107410003168d2a000a00000e2,2,3,5,322,265,664,538,1.15016,33,0.0286917
025040107410003168d2a000a00000e2,2,3,6,322,265,664,538,1.15016,66,0.0573835
025040107410003168d2a000a00000e2,2,3,7,322,265,664,538,1.15016,39,0.0339084
025040107410003168d2a000a00000e2,2,3,8,322,265,664,538,1.15016,62,0.0539057
025040107410003168d2a000a00000e2,2,3,9,322,265,664,538,1.15016,60,0.0521668
025040107410003168d2a000a00000e2,2,3,10,322,265,664,538,1.15016,60,0.0521668
025040107410003168d2a000a00000e2,2,3,11,322,265,664,538,1.15016,65,0.056514
025040107410003168d2a000a00000e2,2,3,12,322,265,664,538,1.15016,83,0.0721641
025040107410003168d2a000a00000e2,2,3,13,322,265,664,538,1.15016,59,0.0512974
025040107410003168d2a000a00000e2,2,3,14,322,265,664,538,1.15016,64,0.0556446
025040107410003168d2a000a00000e2,2,3,15,322,265,664,538,1.15016,67,0.0582529
025040107410003168d2a000a00000e2,2,3,16,322,265,664,538,1.15016,78,0.0678168
025040107410003168d2a000a00000e2,2,3,17,322,265,664,538,1.15016,61,0.0530362
025040107410003168d2a000a00000e2,2,3,18,322,265,664,538,1.15016,74,0.0643391
025040107410003168d2a000a00000e2,2,3,19,322,265,664,538,1.15016,56,0.048689
025040107410003168d2a000a00000e2,2,3,20,322,265,664,538,1.15016,76,0.0660779
025040107410003168d2a000a00000e2,2,3,21,322,265,664,538,1.15016,67,0.0582529
025040107410003168d2a000a00000e2,2,3,22,322,265,664,538,1.15016,75,0.0652085
025040107410003168d2a000a00000e2,2,3,23,322,265,664,538,1.15016,69,0.0599918
025040107410003168d2a000a00000e2,2,3,24,322,265,664,538,1.15016,97,0.0843363
025040107410003168d2a000a00000e2,2,3,25,322,265,664,538,1.15016,64,0.0556446
025040107410003168d2a000a00000e2,2,3,26,322,265,664,538,1.15016,102,0.0886836
025040107410003168d2a000a00000e2,2,3,27,322,265,664,538,1.15016,60,0.0521668
025040107410003168d2a000a00000e2,2,3,28,322,265,664,538,1.15016,64,0.0556446
025040107410003168d2a000a00000e2,2,3,29,322,265,664,538,1.15016,51,0.0443418
025040107410003168d2a000a00000e2,2,3,30,322,265,664,538,1.15016,78,0.0678168
025040107410003168d2a000a00000e2,2,3,31,322,265,664,538,1.15016,66,0.0573835
025040107410003168d2a000a00000e2,2,3,32,322,265,664,538,1.15016,79,0.0686863
025040107410003168d2a000a00000e2,2,3,33,322,265,664,538,1.15016,82,0.0712946
025040107410003168d2a000a00000e2,2,3,34,322,265,664,538,1.15016,66,0.0573835
025040107410003168d2a000a00000e2,2,3,35,322,265,664,538,1.15016,69,0.0599918
025040107410003168d2a000a00000e2,2,3,36,322,265,664,538,1.15016,107,0.0930308
025040107410003168d2a000a00000e2,2,3,37,322,265,664,538,1.15016,59,0.0512974
025040107410003168d2a000a00000e2,2,3,38,322,265,664,538,1.15016,81,0.0704252
025040107410003168d2a000a00000e2,2,3,39,322,265,664,538,1.15016,55,0.0478196
025040107410003168d2a000a00000e2,2,3,40,322,265,664,538,1.15016,49,0.0426029
025040107410003168d2a000a00000e2,2,3,41,322,265,664,538,1.15016,60,0.0521668
025040107410003168d2a000a00000e2,2,3,42,322,265,664,538,1.15016,63,0.0547751
025040107410003168d2a000a00000e2,2,3,43,322,265,664,538,1.15016,54,0.0469501
025040107410003168d2a000a00000e2,2,3,44,322,265,664,538,1.15016,60,0.0521668
025040107410003168d2a000a00000e2,2,3,45,322,265,664,538,1.15016,58,0.0504279
025040107410003168d2a000a00000e2,2,3,46,322,265,664,538,1.15016,68,0.0591224
025040107410003168d2a000a00000e2,2,3,47,322,265,664,538,1.15016,36,0.0313001
025040107410003168d2a000a00000e2,2,3,48,322,265,664,538,1.15016,57,0.0495585
025040107410003168d2a000a00000e2,2,3,49,322,265,664,538,1.15016,33,0.0286917
025040107410003168d2a000a00000e2,2,3,50,322,265,664,538,1.15016,47,0.040864
025040107410003168d2a000a00000e2,2,3,51,322,265,664,538,1.15016,37,0.0321695
025040107410003168d2a000a00000e2,2,3,52,322,265,664,538,1.15016,56,0.048689
025040107410003168d2a000a00000e2,2,3,53,322,265,664,538,1.15016,28,0.0243445
025040107410003168d2a000a00000e2,2,3,54,322,265,664,538,1.15016,28,0.0243445
025040107410003168d2a000a00000e2,2,3,55,322,265,664,538,1.15016,22,0.0191278
025040107410003168d2a000a00000e2,2,3,56,322,265,664,538,1.15016,42,0.0365168
025040107410003168d2a000a00000e2,2,3,57,322,265,664,538,1.15016,8,0.00695557
025040107410003168d2a000a00000e2,2,3,58,322,265,664,538,1.15016,34,0.0295612
025040107410003168d2a000a00000e2,2,3,59,322,265,664,538,1.15016,5,0.00434723
025040107410003168d2a000a00000e2,2,3,60,322,265,664,538,1.15016,2,0.00173889
025040107410003168d2a000a00000e2,2,3,61,322,265,664,538,1.15016,14,0.0121723
025040107410003168d2a000a00000e2,2,3,62,322,265,664,538,1.15016,4,0.00347779
025040107410003168d2a000a00000e2,2,3,63,322,265,664,538,1.15016,0,0
025040107410003168d2a000a00000e2,2,3,0,322,265,665,538,1.30793,21,0.0160558
025040107410003168d2a000a00000e2,2,3,1,322,265,665,538,1.30793,21,0.0160558
025040107410003168d2a000a00000e2,2,3,2,322,265,665,538,1.30793,32,0.0244661
025040107410003168d2a000a00000e2,2,3,3,322,265,665,538,1.30793,31,0.0237015
025040107410003168d2a000a00000e2,2,3,4,322,265,665,538,1.30793,41,0.0313471
025040107410003168d2a000a00000e2,2,3,5,322,265,665,538,1.30793,21,0.0160558
025040107410003168d2a000a00000e2,2,3,6,322,265,665,538,1.30793,34,0.0259952
025040107410003168d2a000a00000e2,2,3,7,322,265,665,538,1.30793,22,0.0168204
025040107410003168d2a000a00000e2,2,3,8,322,265,665,538,1.30793,34,0.0259952
025040107410003168d2a000a00000e2,2,3,9,322,265,665,538,1.30793,34,0.0259952
025040107410003168d2a000a00000e2,2,3,10,322,265,665,538,1.30793,35,0.0267597
025040107410003168d2a000a00000e2,2,3,11,322,265,665,538,1.30793,41,0.0313471
025040107410003168d2a000a00000e2,2,3,12,322,265,665,538,1.30793,57,0.0435802
025040107410003168d2a000a00000e2,2,3,13,322,265,665,538,1.30793,34,0.0259952
025040107410003168d2a000a00000e2,2,3,14,322,265,665,538,1.30793,35,0.0267597
025040107410003168d2a000a00000e2,2,3,15,322,265,665,538,1.30793,41,0.0313471
025040107410003168d2a000a00000e2,2,3,16,322,265,665,538,1.30793,47,0.0359345
025040107410003168d2a000a00000e2,2,3,17,322,265,665,538,1.30793,37,0.0282889
025040107410003168d2a000a00000e2,2,3,18,322,265,665,538,1.30793,44,0.0336408
025040107410003168d2a000a00000e2,2,3,19,322,265,665,538,1.30793,31,0.0237015
025040107410003168d2a000a00000e2,2,3,20,322,265,665,538,1.30793,46,0.03517
025040107410003168d2a000a00000e2,2,3,21,322,265,665,538,1.30793,42,0.0321117
025040107410003168d2a000a00000e2,2,3,22,322,265,665,538,1.30793,44,0.0336408
025040107410003168d2a000a00000e2,2,3,23,322,265,665,538,1.30793,43,0.0328763
025040107410003168d2a000a00000e2,2,3,24,322,265,665,538,1.30793,63,0.0481675
025040107410003168d2a000a00000e2,2,3,25,322,265,665,538,1.30793,42,0.0321117
025040107410003168d2a000a00000e2,2,3,26,322,265,665,538,1.30793,68,0.0519904
025040107410003168d2a000a00000e2,2,3,27,322,265,665,538,1.30793,34,0.0259952
025040107410003168d2a000a00000e2,2,3,28,322,265,665,538,1.30793,37,0.0282889
025040107410003168d2a000a00000e2,2,3,29,322,265,665,538,1.30793,30,0.0229369
025040107410003168d2a000a00000e2,2,3,30,322,265,665,538,1.30793,48,0.0366991
025040107410003168d2a000a00000e2,2,3,31,322,265,665,538,1.30793,42,0.0321117
025040107410003168d2a000a00000e2,2,3,32,322,265,665,538,1.30793,52,0.0397573
025040107410003168d2a000a00000e2,2,3,33,322,265,665,538,1.30793,58,0.0443447
025040107410003168d2a000a00000e2,2,3,34,322,265,665,538,1.30793,39,0.029818
025040107410003168d2a000a00000e2,2,3,35,322,265,665,538,1.30793,47,0.0359345
025040107410003168d2a000a00000e2,2,3,36,322,265,665,538,1.30793,70,0.0535195
025040107410003168d2a000a00000e2,2,3,37,322,265,665,538,1.30793,34,0.0259952
025040107410003168d2a000a00000e2,2,3,38,322,265,665,538,1.30793,51,0.0389928
025040107410003168d2a000a00000e2,2,3,39,322,265,665,538,1.30793,32,0.0244661
025040107410003168d2a000a00000e2,2,3,40,322,265,665,538,1.30793,29,0.0221724
025040107410003168d2a000a00000e2,2,3,41,322,265,665,538,1.30793,38,0.0290534
025040107410003168d2a000a00000e2,2,3,42,322,265,665,538,1.30793,38,0.0290534
025040107410003168d2a000a00000e2,2,3,43,322,265,665,538,1.30793,32,0.0244661
025040107410003168d2a000a00000e2,2,3,44,322,265,665,538,1.30793,34,0.0259952
025040107410003168d2a000a00000e2,2,3,45,322,265,665,538,1.30793,34,0.0259952
025040107410003168d2a000a00000e2,2,3,46,322,265,665,538,1.30793,47,0.0359345
025040107410003168d2a000a00000e2,2,3,47,322,265,665,538,1.30793,23,0.017585
025040107410003168d2a000a00000e2,2,3,48,322,265,665,538,1.30793,33,0.0252306
025040107410003168d2a000a00000e2,2,3,49,322,265,665,538,1.30793,23,0.017585
025040107410003168d2a000a00000e2,2,3,50,322,265,665,538,1.30793,27,0.0206432
025040107410003168d2a000a00000e2,2,3,51,322,265,665,538,1.30793,23,0.017585
025040107410003168d2a000a00000e2,2,3,52,322,265,665,538,1.30793,32,0.0244661
025040107410003168d2a000a00000e2,2,3,53,322,265,665,538,1.30793,19,0.0145267
025040107410003168d2a000a00000e2,2,3,54,322,265,665,538,1.30793,20,0.0152913
025040107410003168d2a000a00000e2,2,3,55,322,265,665,538,1.30793,19,0.0145267
025040107410003168d2a000a00000e2,2,3,56,322,265,665,538,1.30793,24,0.0183495
025040107410003168d2a000a00000e2,2,3,57,322,265,665,538,1.30793,4,0.00305826
025040107410003168d2a000a00000e2,2,3,58,322,265,665,538,1.30793,22,0.0168204
025040107410003168d2a000a00000e2,2,3,59,322,265,665,538,1.30793,3,0.00229369
025040107410003168d2a000a00000e2,2,3,60,322,265,665,538,1.30793,1,0.000764564
025040107410003168d2a000a00000e2,2,3,61,322,265,665,538,1.30793,5,0.00382282
025040107410003168d2a000a00000e2,2,3,62,322,265,665,538,1.30793,3,0.00229369
025040107410003168d2a000a00000e2,2,3,63,322,265,665,538,1.30793,0,0
025040107410003168d2a000a00000e2,2,3,0,322,265,666,539,1.26665,9,0.00710537
025040107410003168d2a000a00000e2,2,3,1,322,265,666,539,1.26665,8,0.00631589
025040107410003168d2a000a00000e2,2,3,2,322,265,666,539,1.26665,13,0.0102633
025040107410003168d2a000a00000e2,2,3,3,322,265,666,539,1.26665,12,0.00947383
025040107410003168d2a000a00000e2,2,3,4,322,265,666,539,1.26665,17,0.0134213
025040107410003168d2a000a00000e2,2,3,5,322,265,666,539,1.26665,9,0.00710537
025040107410003168d2a000a00000e2,2,3,6,322,265,666,539,1.26665,15,0.0118423
025040107410003168d2a000a00000e2,2,3,7,322,265,666,539,1.26665,9,0.00710537
025040107410003168d2a000a00000e2,2,3,8,322,265,666,539,1.26665,15,0.0118423
025040107410003168d2a000a00000e2,2,3,9,322,265,666,539,1.26665,14,0.0110528
025040107410003168d2a000a00000e2,2,3,10,322,265,666,539,1.26665,15,0.0118423
025040107410003168d2a000a00000e2,2,3,11,322,265,666,539,1.26665,17,0.0134213
025040107410003168d2a000a00000e2,2,3,12,322,265,666,539,1.26665,20,0.0157897
025040107410003168d2a000a00000e2,2,3,13,322,265,666,539,1.26665,15,0.0118423
025040107410003168d2a000a00000e2,2,3,14,322,265,666,539,1.26665,15,0.0118423
025040107410003168d2a000a00000e2,2,3,15,322,265,666,539,1.26665,16,0.0126318
025040107410003168d2a000a00000e2,2,3,16,322,265,666,539,1.26665,18,0.0142107
025040107410003168d2a000a00000e2,2,3,17,322,265,666,539,1.26665,16,0.0126318
025040107410003168d2a000a00000e2,2,3,18,322,265,666,539,1.26665,16,0.0126318
025040107410003168d2a000a00000e2,2,3,19,322,265,666,539,1.26665,13,0.0102633
025040107410003168d2a000a00000e2,2,3,20,322,265,666,539,1.26665,17,0.0134213
025040107410003168d2a000a00000e2,2,3,21,322,265,666,539,1.26665,17,0.0134213
025040107410003168d2a000a00000e2,2,3,22,322,265,666,539,1.26665,17,0.0134213
025040107410003168d2a000a00000e2,2,3,23,322,265,666,539,1.26665,16,0.0126318
025040107410003168d2a000a00000e2,2,3,24,322,265,666,539,1.26665,22,0.0173687
025040107410003168d2a000a00000e2,2,3,25,322,265,666,539,1.26665,16,0.0126318
025040107410003168d2a000a00000e2,2,3,26,322,265,666,539,1.26665,24,0.0189477
025040107410003168d2a000a00000e2,2,3,27,322,265,666,539,1.26665,15,0.0118423
025040107410003168d2a000a00000e2,2,3,28,322,265,666,539,1.26665,15,0.0118423
025040107410003168d2a000a00000e2,2,3,29,322,265,666,539,1.26665,11,0.00868435
025040107410003168d2a000a00000e2,2,3,30,322,265,666,539,1.26665,17,0.0134213
025040107410003168d2a000a00000e2,2,3,31,322,265,666,539,1.26665,16,0.0126318
025040107410003168d2a000a00000e2,2,3,32,322,265,666,539,1.26665,19,0.0150002
025040107410003168d2a000a00000e2,2,3,33,322,265,666,539,1.26665,18,0.0142107
025040107410003168d2a000a00000e2,2,3,34,322,265,666,539,1.26665,16,0.0126318
025040107410003168d2a000a00000e2,2,3,35,322,265,666,539,1.26665,17,0.0134213
025040107410003168d2a000a00000e2,2,3,36,322,265,666,539,1.26665,25,0.0197371
025040107410003168d2a000a00000e2,2,3,37,322,265,666,539,1.26665,14,0.0110528
025040107410003168d2a000a00000e2,2,3,38,322,265,666,539,1.26665,18,0.0142107
025040107410003168d2a000a00000e2,2,3,39,322,265,666,539,1.26665,12,0.00947383
025040107410003168d2a000a00000e2,2,3,40,322,265,666,539,1.26665,11,0.00868435
025040107410003168d2a000a00000e2,2,3,41,322,265,666,539,1.26665,16,0.0126318
025040107410003168d2a000a00000e2,2,3,42,322,265,666,539,1.26665,16,0.0126318
025040107410003168d2a000a00000e2,2,3,43,322,265,666,539,1.26665,14,0.0110528
025040107410003168d2a000a00000e2,2,3,44,322,265,666,539,1.26665,15,0.0118423
025040107410003168d2a000a00000e2,2,3,45,322,265,666,539,1.26665,14,0.0110528
025040107410003168d2a000a00000e2,2,3,46,322,265,666,539,1.26665,17,0.0134213
025040107410003168d2a000a00000e2,2,3,47,322,265,666,539,1.26665,9,0.00710537
025040107410003168d2a000a00000e2,2,3,48,322,265,666,539,1.26665,15,0.0118423
025040107410003168d2a000a00000e2,2,3,49,322,265,666,539,1.26665,9,0.00710537
025040107410003168d2a000a00000e2,2,3,50,322,265,666,539,1.26665,9,0.00710537
025040107410003168d2a000a00000e2,2,3,51,322,265,666,539,1.26665,9,0.00710537
025040107410003168d2a000a00000e2,2,3,52,322,265,666,539,1.26665,13,0.0102633
025040107410003168d2a000a00000e2,2,3,53,322,265,666,539,1.26665,8,0.00631589
025040107410003168d2a000a00000e2,2,3,54,322,265,666,539,1.26665,8,0.00631589
025040107410003168d2a000a00000e2,2,3,55,322,265,666,539,1.26665,7,0.0055264
025040107410003168d2a000a00000e2,2,3,56,322,265,666,539,1.26665,9,0.00710537
025040107410003168d2a000a00000e2,2,3,57,322,265,666,539,1.26665,3,0.00236846
025040107410003168d2a000a00000e2,2,3,58,322,265,666,539,1.26665,9,0.00710537
025040107410003168d2a000a00000e2,2,3,59,322,265,666,539,1.26665,2,0.00157897
025040107410003168d2a000a00000e2,2,3,60,322,265,666,539,1.26665,0,0
025040107410003168d2a000a00000e2,2,3,61,322,265,666,539,1.26665,3,0.00236846
025040107410003168d2a000a00000e2,2,3,62,322,265,666,539,1.26665,3,0.00236846
025040107410003168d2a000a00000e2,2,3,63,322,265,666,539,1.26665,0,0
025040107410003168d2a000a00000e2,2,3,0,322,265,667,540,1.0838,23,0.0212216
025040107410003168d2a000a00000e2,2,3,1,322,265,667,540,1.0838,19,0.0175309
025040107410003168d2a000a00000e2,2,3,2,322,265,667,540,1.0838,33,0.0304484
025040107410003168d2a000a00000e2,2,3,3,322,265,667,540,1.0838,34,0.0313711
025040107410003168d2a000a00000e2,2,3,4,322,265,667,540,1.0838,53,0.0489019
025040107410003168d2a000a00000e2,2,3,5,322,265,667,540,1.0838,21,0.0193762
025040107410003168d2a000a00000e2,2,3,6,322,265,667,540,1.0838,44,0.0405978
025040107410003168d2a000a00000e2,2,3,7,322,265,667,540,1.0838,23,0.0212216
025040107410003168d2a000a00000e2,2,3,8,322,265,667,540,1.0838,40,0.0369071
025040107410003168d2a000a00000e2,2,3,9,322,265,667,540,1.0838,39,0.0359844
025040107410003168d2a000a00000e2,2,3,10,322,265,667,540,1.0838,38,0.0350618
025040107410003168d2a000a00000e2,2,3,11,322,265,667,540,1.0838,45,0.0415205
025040107410003168d2a000a00000e2,2,3,12,322,265,667,540,1.0838,61,0.0562834
025040107410003168d2a000a00000e2,2,3,13,322,265,667,540,1.0838,37,0.0341391
025040107410003168d2a000a00000e2,2,3,14,322,265,667,540,1.0838,42,0.0387525
025040107410003168d2a000a00000e2,2,3,15,322,265,667,540,1.0838,45,0.0415205
025040107410003168d2a000a00000e2,2,3,16,322,265,667,540,1.0838,56,0.05167
025040107410003168d2a000a00000e2,2,3,17,322,265,667,540,1.0838,41,0.0378298
025040107410003168d2a000a00000e2,2,3,18,322,265,667,540,1.0838,52,0.0479793
025040107410003168d2a000a00000e2,2,3,19,322,265,667,540,1.0838,36,0.0332164
025040107410003168d2a000a00000e2,2,3,20,322,265,667,540,1.0838,55,0.0507473
025040107410003168d2a000a00000e2,2,3,21,322,265,667,540,1.0838,44,0.0405978
025040107410003168d2a000a00000e2,2,3,22,322,265,667,540,1.0838,53,0.0489019
025040107410003168d2a000a00000e2,2,3,23,322,265,667,540,1.0838,44,0.0405978
025040107410003168d2a000a00000e2,2,3,24,322,265,667,540,1.0838,70,0.0645875
025040107410003168d2a000a00000e2,2,3,25,322,265,667,540,1.0838,45,0.0415205
025040107410003168d2a000a00000e2,2,3,26,322,265,667,540,1.0838,75,0.0692009
025040107410003168d2a000a00000e2,2,3,27,322,265,667,540,1.0838,38,0.0350618
025040107410003168d2a000a00000e2,2,3,28,322,265,667,540,1.0838,43,0.0396752
025040107410003168d2a000a00000e2,2,3,29,322,265,667,540,1.0838,30,0.0276803
025040107410003168d2a000a00000e2,2,3,30,322,265,667,540,1.0838,55,0.0507473
025040107410003168d2a000a00000e2,2,3,31,322,265,667,540,1.0838,45,0.0415205
025040107410003168d2a000a00000e2,2,3,32,322,265,667,540,1.0838,58,0.0535153
025040107410003168d2a000a00000e2,2,3,33,322,265,667,540,1.0838,49,0.0452112
025040107410003168d2a000a00000e2,2,3,34,322,265,667,540,1.0838,46,0.0424432
025040107410003168d2a000a00000e2,2,3,35,322,265,667,540,1.0838,47,0.0433659
025040107410003168d2a000a00000e2,2,3,36,322,265,667,540,1.0838,72,0.0664328
025040107410003168d2a000a00000e2,2,3,37,322,265,667,540,1.0838,38,0.0350618
025040107410003168d2a000a00000e2,2,3,38,322,265,667,540,1.0838,56,0.05167
025040107410003168d2a000a00000e2,2,3,39,322,265,667,540,1.0838,35,0.0322937
025040107410003168d2a000a00000e2,2,3,40,322,265,667,540,1.0838,29,0.0267577
025040107410003168d2a000a00000e2,2,3,41,322,265,667,540,1.0838,40,0.0369071
025040107410003168d2a000a00000e2,2,3,42,322,265,667,540,1.0838,44,0.0405978
025040107410003168d2a000a00000e2,2,3,43,322,265,667,540,1.0838,35,0.0322937
025040107410003168d2a000a00000e2,2,3,44,322,265,667,540,1.0838,38,0.0350618
025040107410003168d2a000a00000e2,2,3,45,322,265,667,540,1.0838,38,0.0350618
025040107410003168d2a000a00000e2,2,3,46,322,265,667,540,1.0838,50,0.0461339
025040107410003168d2a000a00000e2,2,3,47,322,265,667,540,1.0838,20,0.0184536
025040107410003168d2a000a00000e2,2,3,48,322,265,667,540,1.0838,35,0.0322937
025040107410003168d2a000a00000e2,2,3,49,322,265,667,540,1.0838,19,0.0175309
025040107410003168d2a000a00000e2,2,3,50,322,265,667,540,1.0838,26,0.0239896
025040107410003168d2a000a00000e2,2,3,51,322,265,667,540,1.0838,21,0.0193762
025040107410003168d2a000a00000e2,2,3,52,322,265,667,540,1.0838,34,0.0313711
025040107410003168d2a000a00000e2,2,3,53,322,265,667,540,1.0838,14,0.0129175
025040107410003168d2a000a00000e2,2,3,54,322,265,667,540,1.0838,16,0.0147628
025040107410003168d2a000a00000e2,2,3,55,322,265,667,540,1.0838,12,0.0110721
025040107410003168d2a000a00000e2,2,3,56,322,265,667,540,1.0838,23,0.0212216
025040107410003168d2a000a00000e2,2,3,57,322,265,667,540,1.0838,3,0.00276803
025040107410003168d2a000a00000e2,2,3,58,322,265,667,540,1.0838,20,0.0184536
025040107410003168d2a000a00000e2,2,3,59,322,265,667,540,1.0838,3,0.00276803
025040107410003168d2a000a00000e2,2,3,60,322,265,667,540,1.0838,2,0.00184536
025040107410003168d2a000a00000e2,2,3,61,322,265,667,540,1.0838,6,0.00553607
025040107410003168d2a000a00000e2,2,3,62,322,265,667,540,1.0838,4,0.00369071
025040107410003168d2a000a00000e2,2,3,63,322,265,667,540,1.0838,0,0
025040107410003168d2a000a00000e2,2,3,0,322,265,668,541,1.03956,8,0.00769553
025040107410003168d2a000a00000e2,2,3,1,322,265,668,541,1.03956,5,0.0048097
025040107410003168d2a000a00000e2,2,3,2,322,265,668,541,1.03956,9,0.00865747
025040107410003168d2a000a00000e2,2,3,3,322,265,668,541,1.03956,9,0.00865747
025040107410003168d2a000a00000e2,2,3,4,322,265,668,541,1.03956,17,0.016353
025040107410003168d2a000a00000e2,2,3,5,322,265,668,541,1.03956,6,0.00577165
025040107410003168d2a000a00000e2,2,3,6,322,265,668,541,1.03956,15,0.0144291
025040107410003168d2a000a00000e2,2,3,7,322,265,668,541,1.03956,7,0.00673359
025040107410003168d2a000a00000e2,2,3,8,322,265,668,541,1.03956,14,0.0134672
025040107410003168d2a000a00000e2,2,3,9,322,265,668,541,1.03956,11,0.0105814
025040107410003168d2a000a00000e2,2,3,10,322,265,668,541,1.03956,13,0.0125052
025040107410003168d2a000a00000e2,2,3,11,322,265,668,541,1.03956,17,0.016353
025040107410003168d2a000a00000e2,2,3,12,322,265,668,541,1.03956,22,0.0211627
025040107410003168d2a000a00000e2,2,3,13,322,265,668,541,1.03956,11,0.0105814
025040107410003168d2a000a00000e2,2,3,14,322,265,668,541,1.03956,14,0.0134672
025040107410003168d2a000a00000e2,2,3,15,322,265,668,541,1.03956,17,0.016353
025040107410003168d2a000a00000e2,2,3,16,322,265,668,541,1.03956,20,0.0192388
025040107410003168d2a000a00000e2,2,3,17,322,265,668,541,1.03956,11,0.0105814
025040107410003168d2a000a00000e2,2,3,18,322,265,668,541,1.03956,18,0.0173149
025040107410003168d2a000a00000e2,2,3,19,322,265,668,541,1.03956,10,0.00961941
025040107410003168d2a000a00000e2,2,3,20,322,265,668,541,1.03956,19,0.0182769
025040107410003168d2a000a00000e2,2,3,21,322,265,668,541,1.03956,15,0.0144291
025040107410003168d2a000a00000e2,2,3,22,322,265,668,541,1.03956,18,0.0173149
025040107410003168d2a000a00000e2,2,3,23,322,265,668,541,1.03956,18,0.0173149
025040107410003168d2a000a00000e2,2,3,24,322,265,668,541,1.03956,23,0.0221246
025040107410003168d2a000a00000e2,2,3,25,322,265,668,541,1.03956,17,0.016353
025040107410003168d2a000a00000e2,2,3,26,322,265,668,541,1.03956,22,0.0211627
025040107410003168d2a000a00000e2,2,3,27,322,265,668,541,1.03956,11,0.0105814
025040107410003168d2a000a00000e2,2,3,28,322,265,668,541,1.03956,16,0.0153911
025040107410003168d2a000a00000e2,2,3,29,322,265,668,541,1.03956,8,0.00769553
025040107410003168d2a000a00000e2,2,3,30,322,265,668,541,1.03956,19,0.0182769
025040107410003168d2a000a00000e2,2,3,31,322,265,668,541,1.03956,17,0.016353
025040107410003168d2a000a00000e2,2,3,32,322,265,668,541,1.03956,19,0.0182769
025040107410003168d2a000a00000e2,2,3,33,322,265,668,541,1.03956,18,0.0173149
025040107410003168d2a000a00000e2,2,3,34,322,265,668,541,1.03956,17,0.016353
025040107410003168d2a000a00000e2,2,3,35,322,265,668,541,1.03956,18,0.0173149
025040107410003168d2a000a00000e2,2,3,36,322,265,668,541,1.03956,24,0.0230866
025040107410003168d2a000a00000e2,2,3,37,322,265,668,541,1.03956,9,0.00865747
025040107410003168d2a000a00000e2,2,3,38,322,265,668,541,1.03956,20,0.0192388
025040107410003168d2a000a00000e2,2,3,39,322,265,668,541,1.03956,10,0.00961941
025040107410003168d2a000a00000e2,2,3,40,322,265,668,541,1.03956,8,0.00769553
025040107410003168d2a000a00000e2,2,3,41,322,265,668,541,1.03956,10,0.00961941
025040107410003168d2a000a00000e2,2,3,42,322,265,668,541,1.03956,17,0.016353
025040107410003168d2a000a00000e2,2,3,43,322,265,668,541,1.03956,9,0.00865747
025040107410003168d2a000a00000e2,2,3,44,322,265,668,541,1.03956,11,0.0105814
025040107410003168d2a000a00000e2,2,3,45,322,265,668,541,1.03956,10,0.00961941
025040107410003168d2a000a00000e2,2,3,46,322,265,668,541,1.03956,18,0.0173149
025040107410003168d2a000a00000e2,2,3,47,322,265,668,541,1.03956,7,0.00673359
025040107410003168d2a000a00000e2,2,3,48,322,265,668,541,1.03956,10,0.00961941
025040107410003168d2a000a00000e2,2,3,49,322,265,668,541,1.03956,6,0.00577165
025040107410003168d2a000a00000e2,2,3,50,322,265,668,541,1.03956,8,0.00769553
025040107410003168d2a000a00000e2,2,3,51,322,265,668,541,1.03956,6,0.00577165
025040107410003168d2a000a00000e2,2,3,52,322,265,668,541,1.03956,9,0.00865747
025040107410003168d2a000a00000e2,2,3,53,322,265,668,541,1.03956,4,0.00384776
025040107410003168d2a000a00000e2,2,3,54,322,265,668,541,1.03956,5,0.0048097
025040107410003168d2a000a00000e2,2,3,55,322,265,668,541,1.03956,2,0.00192388
025040107410003168d2a000a00000e2,2,3,56,322,265,668,541,1.03956,7,0.00673359
025040107410003168d2a000a00000e2,2,3,57,322,265,668,541,1.03956,0,0
025040107410003168d2a000a00000e2,2,3,58,322,265,668,541,1.03956,6,0.00577165
025040107410003168d2a000a00000e2,2,3,59,322,265,668,541,1.03956,0,0
025040107410003168d2a000a00000e2,2,3,60,322,265,668,541,1.03956,0,0
025040107410003168d2a000a00000e2,2,3,61,322,265,668,541,1.03956,1,0.000961941
025040107410003168d2a000a00000e2,2,3,62,322,265,668,541,1.03956,0,0
025040107410003168d2a000a00000e2,2,3,63,322,265,668,541,1.03956,0,0
025040107410003168d2a000a00000e2,2,3,0,322,265,669,542,1.22388,30,0.0245121
025040107410003168d2a000a00000e2,2,3,1,322,265,669,542,1.22388,21,0.0171585
025040107410003168d2a000a00000e2,2,3,2,322,265,669,542,1.22388,35,0.0285975
025040107410003168d2a000a00000e2,2,3,3,322,265,669,542,1.22388,35,0.0285975
025040107410003168d2a000a00000e2,2,3,4,322,265,669,542,1.22388,46,0.0375852
025040107410003168d2a000a00000e2,2,3,5,322,265,669,542,1.22388,22,0.0179755
025040107410003168d2a000a00000e2,2,3,6,322,265,669,542,1.22388,40,0.0326828
025040107410003168d2a000a00000e2,2,3,7,322,265,669,542,1.22388,30,0.0245121
025040107410003168d2a000a00000e2,2,3,8,322,265,669,542,1.22388,39,0.0318657
025040107410003168d2a000a00000e2,2,3,9,322,265,669,542,1.22388,37,0.0302316
025040107410003168d2a000a00000e2,2,3,10,322,265,669,542,1.22388,39,0.0318657
025040107410003168d2a000a00000e2,2,3,11,322,265,669,542,1.22388,40,0.0326828
025040107410003168d2a000a00000e2,2,3,12,322,265,669,542,1.22388,51,0.0416706
025040107410003168d2a000a00000e2,2,3,13,322,265,669,542,1.22388,37,0.0302316
025040107410003168d2a000a00000e2,2,3,14,322,265,669,542,1.22388,39,0.0318657
025040107410003168d2a000a00000e2,2,3,15,322,265,669,542,1.22388,40,0.0326828
025040107410003168d2a000a00000e2,2,3,16,322,265,669,542,1.22388,48,0.0392194
025040107410003168d2a000a00000e2,2,3,17,322,265,669,542,1.22388,38,0.0310487
025040107410003168d2a000a00000e2,2,3,18,322,265,669,542,1.22388,46,0.0375852
025040107410003168d2a000a00000e2,2,3,19,322,265,669,542,1.22388,36,0.0294145
025040107410003168d2a000a00000e2,2,3,20,322,265,669,542,1.22388,49,0.0400364
025040107410003168d2a000a00000e2,2,3,21,322,265,669,542,1.22388,40,0.0326828
025040107410003168d2a000a00000e2,2,3,22,322,265,669,542,1.22388,46,0.0375852
025040107410003168d2a000a00000e2,2,3,23,322,265,669,542,1.22388,40,0.0326828
025040107410003168d2a000a00000e2,2,3,24,322,265,669,542,1.22388,56,0.0457559
025040107410003168d2a000a00000e2,2,3,25,322,265,669,542,1.22388,39,0.0318657
025040107410003168d2a000a00000e2,2,3,26,322,265,669,542,1.22388,61,0.0498413
025040107410003168d2a000a00000e2,2,3,27,322,265,669,542,1.22388,38,0.0310487
025040107410003168d2a000a00000e2,2,3,28,322,265,669,542,1.22388,40,0.0326828
025040107410003168d2a000a00000e2,2,3,29,322,265,669,542,1.22388,34,0.0277804
025040107410003168d2a000a00000e2,2,3,30,322,265,669,542,1.22388,50,0.0408535
025040107410003168d2a000a00000e2,2,3,31,322,265,669,542,1.22388,41,0.0334999
025040107410003168d2a000a00000e2,2,3,32,322,265,669,542,1.22388,49,0.0400364
025040107410003168d2a000a00000e2,2,3,33,322,265,669,542,1.22388,46,0.0375852
025040107410003168d2a000a00000e2,2,3,34,322,265,669,542,1.22388,44,0.0359511
025040107410003168d2a000a00000e2,2,3,35,322,265,669,542,1.22388,42,0.034317
025040107410003168d2a000a00000e2,2,3,36,322,265,669,542,1.22388,63,0.0514754
025040107410003168d2a000a00000e2,2,3,37,322,265,669,542,1.22388,38,0.0310487
025040107410003168d2a000a00000e2,2,3,38,322,265,669,542,1.22388,51,0.0416706
025040107410003168d2a000a00000e2,2,3,39,322,265,669,542,1.22388,37,0.0302316
025040107410003168d2a000a00000e2,2,3,40,322,265,669,542,1.22388,33,0.0269633
025040107410003168d2a000a00000e2,2,3,41,322,265,669,542,1.22388,37,0.0302316
025040107410003168d2a000a00000e2,2,3,42,322,265,669,542,1.22388,43,0.035134
025040107410003168d2a000a00000e2,2,3,43,322,265,669,542,1.22388,33,0.0269633
025040107410003168d2a000a00000e2,2,3,44,322,265,669,542,1.22388,38,0.0310487
025040107410003168d2a000a00000e2,2,3,45,322,265,669,542,1.22388,35,0.0285975
025040107410003168d2a000a00000e2,2,3,46,322,265,669,542,1.22388,46,0.0375852
025040107410003168d2a000a00000e2,2,3,47,322,265,669,542,1.22388,27,0.0220609
025040107410003168d2a000a00000e2,2,3,48,322,265,669,542,1.22388,38,0.0310487
025040107410003168d2a000a00000e2,2,3,49,322,265,669,542,1.22388,25,0.0204268
025040107410003168d2a000a00000e2,2,3,50,322,265,669,542,1.22388,31,0.0253292
025040107410003168d2a000a00000e2,2,3,51,322,265,669,542,1.22388,26,0.0212438
025040107410003168d2a000a00000e2,2,3,52,322,265,669,542,1.22388,37,0.0302316
025040107410003168d2a000a00000e2,2,3,53,322,265,669,542,1.22388,15,0.0122561
025040107410003168d2a000a00000e2,2,3,54,322,265,669,542,1.22388,19,0.0155243
025040107410003168d2a000a00000e2,2,3,55,322,265,669,542,1.22388,6,0.00490242
025040107410003168d2a000a00000e2,2,3,56,322,265,669,542,1.22388,29,0.023695
025040107410003168d2a000a00000e2,2,3,57,322,265,669,542,1.22388,2,0.00163414
025040107410003168d2a000a00000e2,2,3,58,322,265,669,542,1.22388,24,0.0196097
025040107410003168d2a000a00000e2,2,3,59,322,265,669,542,1.22388,2,0.00163414
025040107410003168d2a000a00000e2,2,3,60,322,265,669,542,1.22388,0,0
025040107410003168d2a000a00000e2,2,3,61,322,265,669,542,1.22388,4,0.00326828
025040107410003168d2a000a00000e2,2,3,62,322,265,669,542,1.22388,2,0.00163414
025040107410003168d2a000a00000e2,2,3,63,322,265,669,542,1.22388,0,0
025040107410003168d2a000a00000e2,2,3,0,322,265,670,542,1.18112,8,0.00677322
025040107410003168d2a000a00000e2,2,3,1,322,265,670,542,1.18112,7,0.00592657
025040107410003168d2a000a00000e2,2,3,2,322,265,670,542,1.18112,9,0.00761987
025040107410003168d2a000a00000e2,2,3,3,322,265,670,542,1.18112,9,0.00761987
025040107410003168d2a000a00000e2,2,3,4,322,265,670,542,1.18112,12,0.0101598
025040107410003168d2a000a00000e2,2,3,5,322,265,670,542,1.18112,7,0.00592657
025040107410003168d2a000a00000e2,2,3,6,322,265,670,542,1.18112,11,0.00931317
025040107410003168d2a000a00000e2,2,3,7,322,265,670,542,1.18112,9,0.00761987
025040107410003168d2a000a00000e2,2,3,8,322,265,670,542,1.18112,9,0.00761987
025040107410003168d2a000a00000e2,2,3,9,322,265,670,542,1.18112,9,0.00761987
025040107410003168d2a000a00000e2,2,3,10,322,265,670,542,1.18112,9,0.00761987
025040107410003168d2a000a00000e2,2,3,11,322,265,670,542,1.18112,11,0.00931317
025040107410003168d2a000a00000e2,2,3,12,322,265,670,542,1.18112,14,0.0118531
025040107410003168d2a000a00000e2,2,3,13,322,265,670,542,1.18112,8,0.00677322
025040107410003168d2a000a00000e2,2,3,14,322,265,670,542,1.18112,9,0.00761987
025040107410003168d2a000a00000e2,2,3,15,322,265,670,542,1.18112,10,0.00846652
025040107410003168d2a000a00000e2,2,3,16,322,265,670,542,1.18112,12,0.0101598
025040107410003168d2a000a00000e2,2,3,17,322,265,670,542,1.18112,8,0.00677322
025040107410003168d2a000a00000e2,2,3,18,322,265,670,542,1.18112,13,0.0110065
025040107410003168d2a000a00000e2,2,3,19,322,265,670,542,1.18112,9,0.00761987
025040107410003168d2a000a00000e2,2,3,20,322,265,670,542,1.18112,13,0.0110065
025040107410003168d2a000a00000e2,2,3,21,322,265,670,542,1.18112,11,0.00931317
025040107410003168d2a000a00000e2,2,3,22,322,265,670,542,1.18112,13,0.0110065
025040107410003168d2a000a00000e2,2,3,23,322,265,670,542,1.18112,12,0.0101598
025040107410003168d2a000a00000e2,2,3,24,322,265,670,542,1.18112,14,0.0118531
025040107410003168d2a000a00000e2,2,3,25,322,265,670,542,1.18112,11,0.00931317
025040107410003168d2a000a00000e2,2,3,26,322,265,670,542,1.18112,14,0.0118531
025040107410003168d2a000a00000e2,2,3,27,322,265,670,542,1.18112,9,0.00761987
025040107410003168d2a000a00000e2,2,3,28,322,265,670,542,1.18112,11,0.00931317
025040107410003168d2a000a00000e2,2,3,29,322,265,670,542,1.18112,9,0.00761987
025040107410003168d2a000a00000e2,2,3,30,322,265,670,542,1.18112,13,0.0110065
025040107410003168d2a000a00000e2,2,3,31,322,265,670,542,1.18112,12,0.0101598
025040107410003168d2a000a00000e2,2,3,32,322,265,670,542,1.18112,14,0.0118531
025040107410003168d2a000a00000e2,2,3,33,322,265,670,542,1.18112,12,0.0101598
025040107410003168d2a000a00000e2,2,3,34,322,265,670,542,1.18112,12,0.0101598
025040107410003168d2a000a00000e2,2,3,35,322,265,670,542,1.18112,11,0.00931317
025040107410003168d2a000a00000e2,2,3,36,322,265,670,542,1.18112,16,0.0135464
025040107410003168d2a000a00000e2,2,3,37,322,265,670,542,1.18112,10,0.00846652
025040107410003168d2a000a00000e2,2,3,38,322,265,670,542,1.18112,13,0.0110065
025040107410003168d2a000a00000e2,2,3,39,322,265,670,542,1.18112,9,0.00761987
025040107410003168d2a000a00000e2,2,3,40,322,265,670,542,1.18112,9,0.00761987
025040107410003168d2a000a00000e2,2,3,41,322,265,670,542,1.18112,10,0.00846652
025040107410003168d2a000a00000e2,2,3,42,322,265,670,542,1.18112,10,0.00846652
025040107410003168d2a000a00000e2,2,3,43,322,265,670,542,1.18112,9,0.00761987
025040107410003168d2a000a00000e2,2,3,44,322,265,670,542,1.18112,9,0.00761987
025040107410003168d2a000a00000e2,2,3,45,322,265,670,542,1.18112,8,0.00677322
025040107410003168d2a000a00000e2,2,3,46,322,265,670,542,1.18112,13,0.0110065
025040107410003168d2a000a00000e2,2,3,47,322,265,670,542,1.18112,6,0.00507991
025040107410003168d2a000a00000e2,2,3,48,322,265,670,542,1.18112,9,0.00761987
025040107410003168d2a000a00000e2,2,3,49,322,265,670,542,1.18112,5,0.00423326
025040107410003168d2a000a00000e2,2,3,50,322,265,670,542,1.18112,8,0.00677322
025040107410003168d2a000a00000e2,2,3,51,322,265,670,542,1.18112,6,0.00507991
025040107410003168d2a000a00000e2,2,3,52,322,265,670,542,1.18112,9,0.00761987
025040107410003168d2a000a00000e2,2,3,53,322,265,670,542,1.18112,4,0.00338661
025040107410003168d2a000a00000e2,2,3,54,322,265,670,542,1.18112,4,0.00338661
025040107410003168d2a000a00000e2,2,3,55,322,265,670,542,1.18112,2,0.0016933
025040107410003168d2a000a00000e2,2,3,56,322,265,670,542,1.18112,6,0.00507991
025040107410003168d2a000a00000e2,2,3,57,322,265,670,542,1.18112,1,0.000846652
025040107410003168d2a000a00000e2,2,3,58,322,265,670,542,1.18112,5,0.00423326
025040107410003168d2a000a00000e2,2,3,59,322,265,670,542,1.18112,1,0.000846652
025040107410003168d2a000a00000e2,2,3,60,322,265,670,542,1.18112,0,0
025040107410003168d2a000a00000e2,2,3,61,322,265,670,542,1.18112,1,0.000846652
025040107410003168d2a000a00000e2,2,3,62,322,265,670,542,1.18112,1,0.000846652
025040107410003168d2a000a00000e2,2,3,63,322,265,670,542,1.18112,0,0
025040107410003168d2a000a00000e2,2,3,0,322,265,671,543,1.31973,24,0.0181855
025040107410003168d2a000a00000e2,2,3,1,322,265,671,543,1.31973,12,0.00909276
025040107410003168d2a000a00000e2,2,3,2,322,265,671,543,1.31973,33,0.0250051
025040107410003168d2a000a00000e2,2,3,3,322,265,671,543,1.31973,29,0.0219742
025040107410003168d2a000a00000e2,2,3,4,322,265,671,543,1.31973,42,0.0318247
025040107410003168d2a000a00000e2,2,3,5,322,265,671,543,1.31973,17,0.0128814
025040107410003168d2a000a00000e2,2,3,6,322,265,671,543,1.31973,39,0.0295515
025040107410003168d2a000a00000e2,2,3,7,322,265,671,543,1.31973,22,0.0166701
025040107410003168d2a000a00000e2,2,3,8,322,265,671,543,1.31973,37,0.028036
025040107410003168d2a000a00000e2,2,3,9,322,265,671,543,1.31973,30,0.0227319
025040107410003168d2a000a00000e2,2,3,10,322,265,671,543,1.31973,38,0.0287937
025040107410003168d2a000a00000e2,2,3,11,322,265,671,543,1.31973,41,0.0310669
025040107410003168d2a000a00000e2,2,3,12,322,265,671,543,1.31973,46,0.0348556
025040107410003168d2a000a00000e2,2,3,13,322,265,671,543,1.31973,32,0.0242474
025040107410003168d2a000a00000e2,2,3,14,322,265,671,543,1.31973,39,0.0295515
025040107410003168d2a000a00000e2,2,3,15,322,265,671,543,1.31973,40,0.0303092
025040107410003168d2a000a00000e2,2,3,16,322,265,671,543,1.31973,46,0.0348556
025040107410003168d2a000a00000e2,2,3,17,322,265,671,543,1.31973,34,0.0257628
025040107410003168d2a000a00000e2,2,3,18,322,265,671,543,1.31973,43,0.0325824
025040107410003168d2a000a00000e2,2,3,19,322,265,671,543,1.31973,31,0.0234896
025040107410003168d2a000a00000e2,2,3,20,322,265,671,543,1.31973,44,0.0333401
025040107410003168d2a000a00000e2,2,3,21,322,265,671,543,1.31973,42,0.0318247
025040107410003168d2a000a00000e2,2,3,22,322,265,671,543,1.31973,45,0.0340979
025040107410003168d2a000a00000e2,2,3,23,322,265,671,543,1.31973,40,0.0303092
025040107410003168d2a000a00000e2,2,3,24,322,265,671,543,1.31973,51,0.0386442
025040107410003168d2a000a00000e2,2,3,25,322,265,671,543,1.31973,39,0.0295515
025040107410003168d2a000a00000e2,2,3,26,322,265,671,543,1.31973,51,0.0386442
025040107410003168d2a000a00000e2,2,3,27,322,265,671,543,1.31973,32,0.0242474
025040107410003168d2a000a00000e2,2,3,28,322,265,671,543,1.31973,41,0.0310669
025040107410003168d2a000a00000e2,2,3,29,322,265,671,543,1.31973,26,0.019701
025040107410003168d2a000a00000e2,2,3,30,322,265,671,543,1.31973,46,0.0348556
025040107410003168d2a000a00000e2,2,3,31,322,265,671,543,1.31973,41,0.0310669
025040107410003168d2a000a00000e2,2,3,32,322,265,671,543,1.31973,46,0.0348556
025040107410003168d2a000a00000e2,2,3,33,322,265,671,543,1.31973,42,0.0318247
025040107410003168d2a000a00000e2,2,3,34,322,265,671,543,1.31973,41,0.0310669
025040107410003168d2a000a00000e2,2,3,35,322,265,671,543,1.31973,42,0.0318247
025040107410003168d2a000a00000e2,2,3,36,322,265,671,543,1.31973,56,0.0424329
025040107410003168d2a000a00000e2,2,3,37,322,265,671,543,1.31973,29,0.0219742
025040107410003168d2a000a00000e2,2,3,38,322,265,671,543,1.31973,46,0.0348556
025040107410003168d2a000a00000e2,2,3,39,322,265,671,543,1.31973,28,0.0212164
025040107410003168d2a000a00000e2,2,3,40,322,265,671,543,1.31973,25,0.0189433
025040107410003168d2a000a00000e2,2,3,41,322,265,671,543,1.31973,29,0.0219742
025040107410003168d2a000a00000e2,2,3,42,322,265,671,543,1.31973,41,0.0310669
025040107410003168d2a000a00000e2,2,3,43,322,265,671,543,1.31973,27,0.0204587
025040107410003168d2a000a00000e2,2,3,44,322,265,671,543,1.31973,33,0.0250051
025040107410003168d2a000a00000e2,2,3,45,322,265,671,543,1.31973,27,0.0204587
025040107410003168d2a000a00000e2,2,3,46,322,265,671,543,1.31973,42,0.0318247
025040107410003168d2a000a00000e2,2,3,47,322,265,671,543,1.31973,19,0.0143969
025040107410003168d2a000a00000e2,2,3,48,322,265,671,543,1.31973,33,0.0250051
025040107410003168d2a000a00000e2,2,3,49,322,265,671,543,1.31973,15,0.011366
025040107410003168d2a000a00000e2,2,3,50,322,265,671,543,1.31973,25,0.0189433
025040107410003168d2a000a00000e2,2,3,51,322,265,671,543,1.31973,19,0.0143969
025040107410003168d2a000a00000e2,2,3,52,322,265,671,543,1.31973,28,0.0212164
025040107410003168d2a000a00000e2,2,3,53,322,265,671,543,1.31973,8,0.00606184
025040107410003168d2a000a00000e2,2,3,54,322,265,671,543,1.31973,11,0.00833503
025040107410003168d2a000a00000e2,2,3,55,322,265,671,543,1.31973,3,0.00227319
025040107410003168d2a000a00000e2,2,3,56,322,265,671,543,1.31973,21,0.0159123
025040107410003168d2a000a00000e2,2,3,57,322,265,671,543,1.31973,0,0
025040107410003168d2a000a00000e2,2,3,58,322,265,671,543,1.31973,17,0.0128814
025040107410003168d2a000a00000e2,2,3,59,322,265,671,543,1.31973,0,0
025040107410003168d2a000a00000e2,2,3,60,322,265,671,543,1.31973,0,0
025040107410003168d2a000a00000e2,2,3,61,322,265,671,543,1.31973,1,0.00075773
025040107410003168d2a000a00000e2,2,3,62,322,265,671,543,1.31973,0,0
025040107410003168d2a000a00000e2,2,3,63,322,265,671,543,1.31973,0,0
025040107410003168d2a000a00000e2,2,3,0,322,265,672,544,1.10739,29,0.0261876
025040107410003168d2a000a00000e2,2,3,1,322,265,672,544,1.10739,17,0.0153513
025040107410003168d2a000a00000e2,2,3,2,322,265,672,544,1.10739,32,0.0288967
025040107410003168d2a000a00000e2,2,3,3,322,265,672,544,1.10739,29,0.0261876
025040107410003168d2a000a00000e2,2,3,4,322,265,672,544,1.10739,51,0.046054
025040107410003168d2a000a00000e2,2,3,5,322,265,672,544,1.10739,23,0.0207695
025040107410003168d2a000a00000e2,2,3,6,322,265,672,544,1.10739,46,0.0415389
025040107410003168d2a000a00000e2,2,3,7,322,265,672,544,1.10739,29,0.0261876
025040107410003168d2a000a00000e2,2,3,8,322,265,672,544,1.10739,38,0.0343148
025040107410003168d2a000a00000e2,2,3,9,322,265,672,544,1.10739,33,0.0297997
025040107410003168d2a000a00000e2,2,3,10,322,265,672,544,1.10739,42,0.0379269
025040107410003168d2a000a00000e2,2,3,11,322,265,672,544,1.10739,45,0.0406359
025040107410003168d2a000a00000e2,2,3,12,322,265,672,544,1.10739,59,0.0532782
025040107410003168d2a000a00000e2,2,3,13,322,265,672,544,1.10739,33,0.0297997
025040107410003168d2a000a00000e2,2,3,14,322,265,672,544,1.10739,41,0.0370238
025040107410003168d2a000a00000e2,2,3,15,322,265,672,544,1.10739,43,0.0388299
025040107410003168d2a000a00000e2,2,3,16,322,265,672,544,1.10739,55,0.0496661
025040107410003168d2a000a00000e2,2,3,17,322,265,672,544,1.10739,35,0.0316057
025040107410003168d2a000a00000e2,2,3,18,322,265,672,544,1.10739,52,0.0469571
025040107410003168d2a000a00000e2,2,3,19,322,265,672,544,1.10739,32,0.0288967
025040107410003168d2a000a00000e2,2,3,20,322,265,672,544,1.10739,53,0.0478601
025040107410003168d2a000a00000e2,2,3,21,322,265,672,544,1.10739,41,0.0370238
025040107410003168d2a000a00000e2,2,3,22,322,265,672,544,1.10739,53,0.0478601
025040107410003168d2a000a00000e2,2,3,23,322,265,672,544,1.10739,42,0.0379269
025040107410003168d2a000a00000e2,2,3,24,322,265,672,544,1.10739,60,0.0541812
025040107410003168d2a000a00000e2,2,3,25,322,265,672,544,1.10739,40,0.0361208
025040107410003168d2a000a00000e2,2,3,26,322,265,672,544,1.10739,59,0.0532782
025040107410003168d2a000a00000e2,2,3,27,322,265,672,544,1.10739,35,0.0316057
025040107410003168d2a000a00000e2,2,3,28,322,265,672,544,1.10739,41,0.0370238
025040107410003168d2a000a00000e2,2,3,29,322,265,672,544,1.10739,30,0.0270906
025040107410003168d2a000a00000e2,2,3,30,322,265,672,544,1.10739,57,0.0514722
025040107410003168d2a000a00000e2,2,3,31,322,265,672,544,1.10739,41,0.0370238
025040107410003168d2a000a00000e2,2,3,32,322,265,672,544,1.10739,56,0.0505691
025040107410003168d2a000a00000e2,2,3,33,322,265,672,544,1.10739,49,0.044248
025040107410003168d2a000a00000e2,2,3,34,322,265,672,544,1.10739,48,0.043345
025040107410003168d2a000a00000e2,2,3,35,322,265,672,544,1.10739,43,0.0388299
025040107410003168d2a000a00000e2,2,3,36,322,265,672,544,1.10739,60,0.0541812
025040107410003168d2a000a00000e2,2,3,37,322,265,672,544,1.10739,32,0.0288967
025040107410003168d2a000a00000e2,2,3,38,322,265,672,544,1.10739,54,0.0487631
025040107410003168d2a000a00000e2,2,3,39,322,265,672,544,1.10739,32,0.0288967
025040107410003168d2a000a00000e2,2,3,40,322,265,672,544,1.10739,29,0.0261876
025040107410003168d2a000a00000e2,2,3,41,322,265,672,544,1.10739,32,0.0288967
025040107410003168d2a000a00000e2,2,3,42,322,265,672,544,1.10739,44,0.0397329
025040107410003168d2a000a00000e2,2,3,43,322,265,672,544,1.10739,31,0.0279936
025040107410003168d2a000a00000e2,2,3,44,322,265,672,544,1.10739,35,0.0316057
025040107410003168d2a000a00000e2,2,3,45,322,265,672,544,1.10739,32,0.0288967
025040107410003168d2a000a00000e2,2,3,46,322,265,672,544,1.10739,50,0.045151
025040107410003168d2a000a00000e2,2,3,47,322,265,672,544,1.10739,22,0.0198665
025040107410003168d2a000a00000e2,2,3,48,322,265,672,544,1.10739,32,0.0288967
025040107410003168d2a000a00000e2,2,3,49,322,265,672,544,1.10739,20,0.0180604
025040107410003168d2a000a00000e2,2,3,50,322,265,672,544,1.10739,29,0.0261876
025040107410003168d2a000a00000e2,2,3,51,322,265,672,544,1.10739,22,0.0198665
025040107410003168d2a000a00000e2,2,3,52,322,265,672,544,1.10739,33,0.0297997
025040107410003168d2a000a00000e2,2,3,53,322,265,672,544,1.10739,9,0.00812718
025040107410003168d2a000a00000e2,2,3,54,322,265,672,544,1.10739,15,0.0135453
025040107410003168d2a000a00000e2,2,3,55,322,265,672,544,1.10739,2,0.00180604
025040107410003168d2a000a00000e2,2,3,56,322,265,672,544,1.10739,28,0.0252846
025040107410003168d2a000a00000e2,2,3,57,322,265,672,544,1.10739,0,0
025040107410003168d2a000a00000e2,2,3,58,322,265,672,544,1.10739,20,0.0180604
025040107410003168d2a000a00000e2,2,3,59,322,265,672,544,1.10739,0,0
025040107410003168d2a000a00000e2,2,3,60,322,265,672,544,1.10739,0,0
025040107410003168d2a000a00000e2,2,3,61,322,265,672,544,1.10739,0,0
025040107410003168d2a000a00000e2,2,3,62,322,265,672,544,1.10739,0,0
025040107410003168d2a000a00000e2,2,3,63,322,265,672,544,1.10739,0,0
025040107410003168d2a000a00000e2,2,3,0,322,265,673,545,1.159,5,0.00431405
025040107410003168d2a000a00000e2,2,3,1,322,265,673,545,1.159,3,0.00258843
025040107410003168d2a000a00000e2,2,3,2,322,265,673,545,1.159,9,0.00776529
025040107410003168d2a000a00000e2,2,3,3,322,265,673,545,1.159,9,0.00776529
025040107410003168d2a000a00000e2,2,3,4,322,265,673,545,1.159,16,0.013805
025040107410003168d2a000a00000e2,2,3,5,322,265,673,545,1.159,4,0.00345124
025040107410003168d2a000a00000e2,2,3,6,322,265,673,545,1.159,13,0.0112165
025040107410003168d2a000a00000e2,2,3,7,322,265,673,545,1.159,6,0.00517686
025040107410003168d2a000a00000e2,2,3,8,322,265,673,545,1.159,12,0.0103537
025040107410003168d2a000a00000e2,2,3,9,322,265,673,545,1.159,12,0.0103537
025040107410003168d2a000a00000e2,2,3,10,322,265,673,545,1.159,12,0.0103537
025040107410003168d2a000a00000e2,2,3,11,322,265,673,545,1.159,13,0.0112165
025040107410003168d2a000a00000e2,2,3,12,322,265,673,545,1.159,17,0.0146678
025040107410003168d2a000a00000e2,2,3,13,322,265,673,545,1.159,12,0.0103537
025040107410003168d2a000a00000e2,2,3,14,322,265,673,545,1.159,13,0.0112165
025040107410003168d2a000a00000e2,2,3,15,322,265,673,545,1.159,14,0.0120793
025040107410003168d2a000a00000e2,2,3,16,322,265,673,545,1.159,16,0.013805
025040107410003168d2a000a00000e2,2,3,17,322,265,673,545,1.159,12,0.0103537
025040107410003168d2a000a00000e2,2,3,18,322,265,673,545,1.159,16,0.013805
025040107410003168d2a000a00000e2,2,3,19,322,265,673,545,1.159,12,0.0103537
025040107410003168d2a000a00000e2,2,3,20,322,265,673,545,1.159,16,0.013805
025040107410003168d2a000a00000e2,2,3,21,322,265,673,545,1.159,14,0.0120793
025040107410003168d2a000a00000e2,2,3,22,322,265,673,545,1.159,16,0.013805
025040107410003168d2a000a00000e2,2,3,23,322,265,673,545,1.159,14,0.0120793
025040107410003168d2a000a00000e2,2,3,24,322,265,673,545,1.159,18,0.0155306
025040107410003168d2a000a00000e2,2,3,25,322,265,673,545,1.159,13,0.0112165
025040107410003168d2a000a00000e2,2,3,26,322,265,673,545,1.159,18,0.0155306
025040107410003168d2a000a00000e2,2,3,27,322,265,673,545,1.159,12,0.0103537
025040107410003168d2a000a00000e2,2,3,28,322,265,673,545,1.159,13,0.0112165
025040107410003168d2a000a00000e2,2,3,29,322,265,673,545,1.159,8,0.00690248
025040107410003168d2a000a00000e2,2,3,30,322,265,673,545,1.159,16,0.013805
025040107410003168d2a000a00000e2,2,3,31,322,265,673,545,1.159,14,0.0120793
025040107410003168d2a000a00000e2,2,3,32,322,265,673,545,1.159,17,0.0146678
025040107410003168d2a000a00000e2,2,3,33,322,265,673,545,1.159,16,0.013805
025040107410003168d2a000a00000e2,2,3,34,322,265,673,545,1.159,14,0.0120793
025040107410003168d2a000a00000e2,2,3,35,322,265,673,545,1.159,14,0.0120793
025040107410003168d2a000a00000e2,2,3,36,322,265,673,545,1.159,19,0.0163934
025040107410003168d2a000a00000e2,2,3,37,322,265,673,545,1.159,11,0.00949091
025040107410003168d2a000a00000e2,2,3,38,322,265,673,545,1.159,17,0.0146678
025040107410003168d2a000a00000e2,2,3,39,322,265,673,545,1.159,11,0.00949091
025040107410003168d2a000a00000e2,2,3,40,322,265,673,545,1.159,8,0.00690248
025040107410003168d2a000a00000e2,2,3,41,322,265,673,545,1.159,10,0.0086281
025040107410003168d2a000a00000e2,2,3,42,322,265,673,545,1.159,13,0.0112165
025040107410003168d2a000a00000e2,2,3,43,322,265,673,545,1.159,10,0.0086281
025040107410003168d2a000a00000e2,2,3,44,322,265,673,545,1.159,12,0.0103537
025040107410003168d2a000a00000e2,2,3,45,322,265,673,545,1.159,11,0.00949091
025040107410003168d2a000a00000e2,2,3,46,322,265,673,545,1.159,14,0.0120793
025040107410003168d2a000a00000e2,2,3,47,322,265,673,545,1.159,4,0.00345124
025040107410003168d2a000a00000e2,2,3,48,322,265,673,545,1.159,12,0.0103537
025040107410003168d2a000a00000e2,2,3,49,322,265,673,545,1.159,3,0.00258843
025040107410003168d2a000a00000e2,2,3,50,322,265,673,545,1.159,7,0.00603967
025040107410003168d2a000a00000e2,2,3,51,322,265,673,545,1.159,3,0.00258843
025040107410003168d2a000a00000e2,2,3,52,322,265,673,545,1.159,9,0.00776529
025040107410003168d2a000a00000e2,2,3,53,322,265,673,545,1.159,2,0.00172562
025040107410003168d2a000a00000e2,2,3,54,322,265,673,545,1.159,3,0.00258843
025040107410003168d2a000a00000e2,2,3,55,322,265,673,545,1.159,0,0
025040107410003168d2a000a00000e2,2,3,56,322,265,673,545,1.159,5,0.00431405
025040107410003168d2a000a00000e2,2,3,57,322,265,673,545,1.159,0,0
025040107410003168d2a000a00000e2,2,3,58,322,265,673,545,1.159,4,0.00345124
025040107410003168d2a000a00000e2,2,3,59,322,265,673,545,1.159,0,0
025040107410003168d2a000a00000e2,2,3,60,322,265,673,545,1.159,0,0
025040107410003168d2a000a00000e2,2,3,61,322,265,673,545,1.159,0,0
025040107410003168d2a000a00000e2,2,3,62,322,265,673,545,1.159,0,0
025040107410003168d2a000a00000e2,2,3,63,322,265,673,545,1.159,0,0
025040107410003168d2a000a00000e2,2,3,0,322,265,674,545,1.0956,11,0.0100402
025040107410003168d2a000a00000e2,2,3,1,322,265,674,545,1.0956,6,0.00547646
025040107410003168d2a000a00000e2,2,3,2,322,265,674,545,1.0956,13,0.0118657
025040107410003168d2a000a00000e2,2,3,3,322,265,674,545,1.0956,11,0.0100402
025040107410003168d2a000a00000e2,2,3,4,322,265,674,545,1.0956,16,0.0146039
025040107410003168d2a000a00000e2,2,3,5,322,265,674,545,1.0956,8,0.00730195
025040107410003168d2a000a00000e2,2,3,6,322,265,674,545,1.0956,15,0.0136912
025040107410003168d2a000a00000e2,2,3,7,322,265,674,545,1.0956,11,0.0100402
025040107410003168d2a000a00000e2,2,3,8,322,265,674,545,1.0956,13,0.0118657
025040107410003168d2a000a00000e2,2,3,9,322,265,674,545,1.0956,12,0.0109529
025040107410003168d2a000a00000e2,2,3,10,322,265,674,545,1.0956,13,0.0118657
025040107410003168d2a000a00000e2,2,3,11,322,265,674,545,1.0956,14,0.0127784
025040107410003168d2a000a00000e2,2,3,12,322,265,674,545,1.0956,18,0.0164294
025040107410003168d2a000a00000e2,2,3,13,322,265,674,545,1.0956,11,0.0100402
025040107410003168d2a000a00000e2,2,3,14,322,265,674,545,1.0956,15,0.0136912
025040107410003168d2a000a00000e2,2,3,15,322,265,674,545,1.0956,15,0.0136912
025040107410003168d2a000a00000e2,2,3,16,322,265,674,545,1.0956,17,0.0155166
025040107410003168d2a000a00000e2,2,3,17,322,265,674,545,1.0956,12,0.0109529
025040107410003168d2a000a00000e2,2,3,18,322,265,674,545,1.0956,17,0.0155166
025040107410003168d2a000a00000e2,2,3,19,322,265,674,545,1.0956,12,0.0109529
025040107410003168d2a000a00000e2,2,3,20,322,265,674,545,1.0956,17,0.0155166
025040107410003168d2a000a00000e2,2,3,21,322,265,674,545,1.0956,14,0.0127784
025040107410003168d2a000a00000e2,2,3,22,322,265,674,545,1.0956,17,0.0155166
025040107410003168d2a000a00000e2,2,3,23,322,265,674,545,1.0956,15,0.0136912
025040107410003168d2a000a00000e2,2,3,24,322,265,674,545,1.0956,19,0.0173421
025040107410003168d2a000a00000e2,2,3,25,322,265,674,545,1.0956,14,0.0127784
025040107410003168d2a000a00000e2,2,3,26,322,265,674,545,1.0956,19,0.0173421
025040107410003168d2a000a00000e2,2,3,27,322,265,674,545,1.0956,12,0.0109529
025040107410003168d2a000a00000e2,2,3,28,322,265,674,545,1.0956,14,0.0127784
025040107410003168d2a000a00000e2,2,3,29,322,265,674,545,1.0956,11,0.0100402
025040107410003168d2a000a00000e2,2,3,30,322,265,674,545,1.0956,17,0.0155166
025040107410003168d2a000a00000e2,2,3,31,322,265,674,545,1.0956,14,0.0127784
025040107410003168d2a000a00000e2,2,3,32,322,265,674,545,1.0956,18,0.0164294
025040107410003168d2a000a00000e2,2,3,33,322,265,674,545,1.0956,16,0.0146039
025040107410003168d2a000a00000e2,2,3,34,322,265,674,545,1.0956,16,0.0146039
025040107410003168d2a000a00000e2,2,3,35,322,265,674,545,1.0956,15,0.0136912
025040107410003168d2a000a00000e2,2,3,36,322,265,674,545,1.0956,19,0.0173421
025040107410003168d2a000a00000e2,2,3,37,322,265,674,545,1.0956,11,0.0100402
025040107410003168d2a000a00000e2,2,3,38,322,265,674,545,1.0956,18,0.0164294
025040107410003168d2a000a00000e2,2,3,39,322,265,674,545,1.0956,11,0.0100402
025040107410003168d2a000a00000e2,2,3,40,322,265,674,545,1.0956,11,0.0100402
025040107410003168d2a000a00000e2,2,3,41,322,265,674,545,1.0956,11,0.0100402
025040107410003168d2a000a00000e2,2,3,42,322,265,674,545,1.0956,15,0.0136912
025040107410003168d2a000a00000e2,2,3,43,322,265,674,545,1.0956,11,0.0100402
025040107410003168d2a000a00000e2,2,3,44,322,265,674,545,1.0956,13,0.0118657
025040107410003168d2a000a00000e2,2,3,45,322,265,674,545,1.0956,11,0.0100402
025040107410003168d2a000a00000e2,2,3,46,322,265,674,545,1.0956,16,0.0146039
025040107410003168d2a000a00000e2,2,3,47,322,265,674,545,1.0956,6,0.00547646
025040107410003168d2a000a00000e2,2,3,48,322,265,674,545,1.0956,11,0.0100402
025040107410003168d2a000a00000e2,2,3,49,322,265,674,545,1.0956,4,0.00365097
025040107410003168d2a000a00000e2,2,3,50,322,265,674,545,1.0956,11,0.0100402
025040107410003168d2a000a00000e2,2,3,51,322,265,674,545,1.0956,6,0.00547646
025040107410003168d2a000a00000e2,2,3,52,322,265,674,545,1.0956,11,0.0100402
025040107410003168d2a000a00000e2,2,3,53,322,265,674,545,1.0956,4,0.00365097
025040107410003168d2a000a00000e2,2,3,54,322,265,674,545,1.0956,4,0.00365097
025040107410003168d2a000a00000e2,2,3,55,322,265,674,545,1.0956,2,0.00182549
025040107410003168d2a000a00000e2,2,3,56,322,265,674,545,1.0956,11,0.0100402
025040107410003168d2a000a00000e2,2,3,57,322,265,674,545,1.0956,0,0
025040107410003168d2a000a00000e2,2,3,58,322,265,674,545,1.0956,5,0.00456372
025040107410003168d2a000a00000e2,2,3,59,322,265,674,545,1.0956,0,0
025040107410003168d2a000a00000e2,2,3,60,322,265,674,545,1.0956,0,0
025040107410003168d2a000a00000e2,2,3,61,322,265,674,545,1.0956,1,0.000912743
025040107410003168d2a000a00000e2,2,3,62,322,265,674,545,1.0956,0,0
025040107410003168d2a000a00000e2,2,3,63,322,265,674,545,1.0956,0,0
025040107410003168d2a000a00000e2,2,3,0,322,265,675,546,1.17522,0,0
025040107410003168d2a000a00000e2,2,3,1,322,265,675,546,1.17522,0,0
025040107410003168d2a000a00000e2,2,3,2,322,265,675,546,1.17522,0,0
025040107410003168d2a000a00000e2,2,3,3,322,265,675,546,1.17522,0,0
025040107410003168d2a000a00000e2,2,3,4,322,265,675,546,1.17522,0,0
025040107410003168d2a000a00000e2,2,3,5,322,265,675,546,1.17522,0,0
025040107410003168d2a000a00000e2,2,3,6,322,265,675,546,1.17522,0,0
025040107410003168d2a000a00000e2,2,3,7,322,265,675,546,1.17522,0,0
025040107410003168d2a000a00000e2,2,3,8,322,265,675,546,1.17522,0,0
025040107410003168d2a000a00000e2,2,3,9,322,265,675,546,1.17522,0,0
025040107410003168d2a000a00000e2,2,3,10,322,265,675,546,1.17522,0,0
025040107410003168d2a000a00000e2,2,3,11,322,265,675,546,1.17522,0,0
025040107410003168d2a000a00000e2,2,3,12,322,265,675,546,1.17522,0,0
025040107410003168d2a000a00000e2,2,3,13,322,265,675,546,1.17522,0,0
025040107410003168d2a000a00000e2,2,3,14,322,265,675,546,1.17522,0,0
025040107410003168d2a000a00000e2,2,3,15,322,265,675,546,1.17522,0,0
025040107410003168d2a000a00000e2,2,3,16,322,265,675,546,1.17522,0,0
025040107410003168d2a000a00000e2,2,3,17,322,265,675,546,1.17522,0,0
025040107410003168d2a000a00000e2,2,3,18,322,265,675,546,1.17522,0,0
025040107410003168d2a000a00000e2,2,3,19,322,265,675,546,1.17522,0,0
025040107410003168d2a000a00000e2,2,3,20,322,265,675,546,1.17522,0,0
025040107410003168d2a000a00000e2,2,3,21,322,265,675,546,1.17522,0,0
025040107410003168d2a000a00000e2,2,3,22,322,265,675,546,1.17522,0,0
025040107410003168d2a000a00000e2,2,3,23,322,265,675,546,1.17522,0,0
025040107410003168d2a000a00000e2,2,3,24,322,265,675,546,1.17522,0,0
025040107410003168d2a000a00000e2,2,3,25,322,265,675,546,1.17522,0,0
025040107410003168d2a000a00000e2,2,3,26,322,265,675,546,1.17522,0,0
025040107410003168d2a000a00000e2,2,3,27,322,265,675,546,1.17522,0,0
025040107410003168d2a000a00000e2,2,3,28,322,265,675,546,1.17522,0,0
025040107410003168d2a000a00000e2,2,3,29,322,265,675,546,1.17522,0,0
025040107410003168d2a000a00000e2,2,3,30,322,265,675,546,1.17522,0,0
025040107410003168d2a000a00000e2,2,3,31,322,265,675,546,1.17522,0,0
025040107410003168d2a000a00000e2,2,3,32,322,265,675,546,1.17522,0,0
025040107410003168d2a000a00000e2,2,3,33,322,265,675,546,1.17522,0,0
025040107410003168d2a000a00000e2,2,3,34,322,265,675,546,1.17522,0,0
025040107410003168d2a000a00000e2,2,3,35,322,265,675,546,1.17522,0,0
025040107410003168d2a000a00000e2,2,3,36,322,265,675,546,1.17522,0,0
025040107410003168d2a000a00000e2,2,3,37,322,265,675,546,1.17522,0,0
025040107410003168d2a000a00000e2,2,3,38,322,265,675,546,1.17522,0,0
025040107410003168d2a000a00000e2,2,3,39,322,265,675,546,1.17522,0,0
025040107410003168d2a000a00000e2,2,3,40,322,265,675,546,1.17522,0,0
025040107410003168d2a000a00000e2,2,3,41,322,265,675,546,1.17522,0,0
025040107410003168d2a000a00000e2,2,3,42,322,265,675,546,1.17522,0,0
025040107410003168d2a000a00000e2,2,3,43,322,265,675,546,1.17522,0,0
025040107410003168d2a000a00000e2,2,3,44,322,265,675,546,1.17522,0,0
025040107410003168d2a000a00000e2,2,3,45,322,265,675,546,1.17522,0,0
025040107410003168d2a000a00000e2,2,3,46,322,265,675,546,1.17522,0,0
025040107410003168d2a000a00000e2,2,3,47,322,265,675,546,1.17522,0,0
025040107410003168d2a000a00000e2,2,3,48,322,265,675,546,1.17522,0,0
025040107410003168d2a000a00000e2,2,3,49,322,265,675,546,1.17522,0,0
025040107410003168d2a000a00000e2,2,3,50,322,265,675,546,1.17522,0,0
025040107410003168d2a000a00000e2,2,3,51,322,265,675,546,1.17522,0,0
025040107410003168d2a000a00000e2,2,3,52,322,265,675,546,1.17522,0,0
025040107410003168d2a000a00000e2,2,3,53,322,265,675,546,1.17522,0,0
025040107410003168d2a000a00000e2,2,3,54,322,265,675,546,1.17522,0,0
025040107410003168d2a000a00000e2,2,3,55,322,265,675,546,1.17522,0,0
025040107410003168d2a000a00000e2,2,3,56,322,265,675,546,1.17522,0,0
025040107410003168d2a000a00000e2,2,3,57,322,265,675,546,1.17522,0,0
025040107410003168d2a000a00000e2,2,3,58,322,265,675,546,1.17522,0,0
025040107410003168d2a000a00000e2,2,3,59,322,265,675,546,1.17522,0,0
025040107410003168d2a000a00000e2,2,3,60,322,265,675,546,1.17522,0,0
025040107410003168d2a000a00000e2,2,3,61,322,265,675,546,1.17522,0,0
025040107410003168d2a000a00000e2,2,3,62,322,265,675,546,1.17522,0,0
025040107410003168d2a000a00000e2,2,3,63,322,265,675,546,1.17522,0,0
025040107410003168d2a000a00000e2,2,3,0,322,265,676,547,1.46276,9,0.00615274
025040107410003168d2a000a00000e2,2,3,1,322,265,676,547,1.46276,6,0.00410183
025040107410003168d2a000a00000e2,2,3,2,322,265,676,547,1.46276,10,0.00683638
025040107410003168d2a000a00000e2,2,3,3,322,265,676,547,1.46276,10,0.00683638
025040107410003168d2a000a00000e2,2,3,4,322,265,676,547,1.46276,14,0.00957093
025040107410003168d2a000a00000e2,2,3,5,322,265,676,547,1.46276,6,0.00410183
025040107410003168d2a000a00000e2,2,3,6,322,265,676,547,1.46276,12,0.00820365
025040107410003168d2a000a00000e2,2,3,7,322,265,676,547,1.46276,9,0.00615274
025040107410003168d2a000a00000e2,2,3,8,322,265,676,547,1.46276,11,0.00752001
025040107410003168d2a000a00000e2,2,3,9,322,265,676,547,1.46276,10,0.00683638
025040107410003168d2a000a00000e2,2,3,10,322,265,676,547,1.46276,10,0.00683638
025040107410003168d2a000a00000e2,2,3,11,322,265,676,547,1.46276,11,0.00752001
025040107410003168d2a000a00000e2,2,3,12,322,265,676,547,1.46276,15,0.0102546
025040107410003168d2a000a00000e2,2,3,13,322,265,676,547,1.46276,10,0.00683638
025040107410003168d2a000a00000e2,2,3,14,322,265,676,547,1.46276,10,0.00683638
025040107410003168d2a000a00000e2,2,3,15,322,265,676,547,1.46276,10,0.00683638
025040107410003168d2a000a00000e2,2,3,16,322,265,676,547,1.46276,15,0.0102546
025040107410003168d2a000a00000e2,2,3,17,322,265,676,547,1.46276,10,0.00683638
025040107410003168d2a000a00000e2,2,3,18,322,265,676,547,1.46276,14,0.00957093
025040107410003168d2a000a00000e2,2,3,19,322,265,676,547,1.46276,10,0.00683638
025040107410003168d2a000a00000e2,2,3,20,322,265,676,547,1.46276,14,0.00957093
025040107410003168d2a000a00000e2,2,3,21,322,265,676,547,1.46276,10,0.00683638
025040107410003168d2a000a00000e2,2,3,22,322,265,676,547,1.46276,14,0.00957093
025040107410003168d2a000a00000e2,2,3,23,322,265,676,547,1.46276,10,0.00683638
025040107410003168d2a000a00000e2,2,3,24,322,265,676,547,1.46276,15,0.0102546
025040107410003168d2a000a00000e2,2,3,25,322,265,676,547,1.46276,10,0.00683638
025040107410003168d2a000a00000e2,2,3,26,322,265,676,547,1.46276,14,0.00957093
025040107410003168d2a000a00000e2,2,3,27,322,265,676,547,1.46276,9,0.00615274
025040107410003168d2a000a00000e2,2,3,28,322,265,676,547,1.46276,9,0.00615274
025040107410003168d2a000a00000e2,2,3,29,322,265,676,547,1.46276,9,0.00615274
025040107410003168d2a000a00000e2,2,3,30,322,265,676,547,1.46276,14,0.00957093
025040107410003168d2a000a00000e2,2,3,31,322,265,676,547,1.46276,9,0.00615274
025040107410003168d2a000a00000e2,2,3,32,322,265,676,547,1.46276,14,0.00957093
025040107410003168d2a000a00000e2,2,3,33,322,265,676,547,1.46276,10,0.00683638
025040107410003168d2a000a00000e2,2,3,34,322,265,676,547,1.46276,12,0.00820365
025040107410003168d2a000a00000e2,2,3,35,322,265,676,547,1.46276,9,0.00615274
025040107410003168d2a000a00000e2,2,3,36,322,265,676,547,1.46276,15,0.0102546
025040107410003168d2a000a00000e2,2,3,37,322,265,676,547,1.46276,9,0.00615274
025040107410003168d2a000a00000e2,2,3,38,322,265,676,547,1.46276,14,0.00957093
025040107410003168d2a000a00000e2,2,3,39,322,265,676,547,1.46276,9,0.00615274
025040107410003168d2a000a00000e2,2,3,40,322,265,676,547,1.46276,8,0.0054691
025040107410003168d2a000a00000e2,2,3,41,322,265,676,547,1.46276,9,0.00615274
025040107410003168d2a000a00000e2,2,3,42,322,265,676,547,1.46276,9,0.00615274
025040107410003168d2a000a00000e2,2,3,43,322,265,676,547,1.46276,9,0.00615274
025040107410003168d2a000a00000e2,2,3,44,322,265,676,547,1.46276,9,0.00615274
025040107410003168d2a000a00000e2,2,3,45,322,265,676,547,1.46276,9,0.00615274
025040107410003168d2a000a00000e2,2,3,46,322,265,676,547,1.46276,10,0.00683638
025040107410003168d2a000a00000e2,2,3,47,322,265,676,547,1.46276,6,0.00410183
025040107410003168d2a000a00000e2,2,3,48,322,265,676,547,1.46276,9,0.00615274
025040107410003168d2a000a00000e2,2,3,49,322,265,676,547,1.46276,4,0.00273455
025040107410003168d2a000a00000e2,2,3,50,322,265,676,547,1.46276,8,0.0054691
025040107410003168d2a000a00000e2,2,3,51,322,265,676,547,1.46276,6,0.00410183
025040107410003168d2a000a00000e2,2,3,52,322,265,676,547,1.46276,9,0.00615274
025040107410003168d2a000a00000e2,2,3,53,322,265,676,547,1.46276,0,0
025040107410003168d2a000a00000e2,2,3,54,322,265,676,547,1.46276,2,0.00136728
025040107410003168d2a000a00000e2,2,3,55,322,265,676,547,1.46276,0,0
025040107410003168d2a000a00000e2,2,3,56,322,265,676,547,1.46276,8,0.0054691
025040107410003168d2a000a00000e2,2,3,57,322,265,676,547,1.46276,0,0
025040107410003168d2a000a00000e2,2,3,58,322,265,676,547,1.46276,4,0.00273455
025040107410003168d2a000a00000e2,2,3,59,322,265,676,547,1.46276,0,0
025040107410003168d2a000a00000e2,2,3,60,322,265,676,547,1.46276,0,0
025040107410003168d2a000a00000e2,2,3,61,322,265,676,547,1.46276,0,0
025040107410003168d2a000a00000e2,2,3,62,322,265,676,547,1.46276,0,0
025040107410003168d2a000a00000e2,2,3,63,322,265,676,547,1.46276,0,0
025040107410003168d2a000a00000e2,2,3,0,322,265,677,548,1.46424,8,0.00546359
025040107410003168d2a000a00000e2,2,3,1,322,265,677,548,1.46424,7,0.00478064
025040107410003168d2a000a00000e2,2,3,2,322,265,677,548,1.46424,11,0.00751244
025040107410003168d2a000a00000e2,2,3,3,322,265,677,548,1.46424,11,0.00751244
025040107410003168d2a000a00000e2,2,3,4,322,265,677,548,1.46424,17,0.0116101
025040107410003168d2a000a00000e2,2,3,5,322,265,677,548,1.46424,8,0.00546359
025040107410003168d2a000a00000e2,2,3,6,322,265,677,548,1.46424,14,0.00956129
025040107410003168d2a000a00000e2,2,3,7,322,265,677,548,1.46424,9,0.00614654
025040107410003168d2a000a00000e2,2,3,8,322,265,677,548,1.46424,14,0.00956129
025040107410003168d2a000a00000e2,2,3,9,322,265,677,548,1.46424,11,0.00751244
025040107410003168d2a000a00000e2,2,3,10,322,265,677,548,1.46424,14,0.00956129
025040107410003168d2a000a00000e2,2,3,11,322,265,677,548,1.46424,14,0.00956129
025040107410003168d2a000a00000e2,2,3,12,322,265,677,548,1.46424,17,0.0116101
025040107410003168d2a000a00000e2,2,3,13,322,265,677,548,1.46424,11,0.00751244
025040107410003168d2a000a00000e2,2,3,14,322,265,677,548,1.46424,14,0.00956129
025040107410003168d2a000a00000e2,2,3,15,322,265,677,548,1.46424,13,0.00887834
025040107410003168d2a000a00000e2,2,3,16,322,265,677,548,1.46424,17,0.0116101
025040107410003168d2a000a00000e2,2,3,17,322,265,677,548,1.46424,12,0.00819539
025040107410003168d2a000a00000e2,2,3,18,322,265,677,548,1.46424,17,0.0116101
025040107410003168d2a000a00000e2,2,3,19,322,265,677,548,1.46424,10,0.00682949
025040107410003168d2a000a00000e2,2,3,20,322,265,677,548,1.46424,17,0.0116101
025040107410003168d2a000a00000e2,2,3,21,322,265,677,548,1.46424,12,0.00819539
025040107410003168d2a000a00000e2,2,3,22,322,265,677,548,1.46424,17,0.0116101
025040107410003168d2a000a00000e2,2,3,23,322,265,677,548,1.46424,12,0.00819539
025040107410003168d2a000a00000e2,2,3,24,322,265,677,548,1.46424,17,0.0116101
025040107410003168d2a000a00000e2,2,3,25,322,265,677,548,1.46424,12,0.00819539
025040107410003168d2a000a00000e2,2,3,26,322,265,677,548,1.46424,17,0.0116101
025040107410003168d2a000a00000e2,2,3,27,322,265,677,548,1.46424,11,0.00751244
025040107410003168d2a000a00000e2,2,3,28,322,265,677,548,1.46424,14,0.00956129
025040107410003168d2a000a00000e2,2,3,29,322,265,677,548,1.46424,10,0.00682949
025040107410003168d2a000a00000e2,2,3,30,322,265,677,548,1.46424,17,0.0116101
025040107410003168d2a000a00000e2,2,3,31,322,265,677,548,1.46424,12,0.00819539
025040107410003168d2a000a00000e2,2,3,32,322,265,677,548,1.46424,17,0.0116101
025040107410003168d2a000a00000e2,2,3,33,322,265,677,548,1.46424,14,0.00956129
025040107410003168d2a000a00000e2,2,3,34,322,265,677,548,1.46424,15,0.0102442
025040107410003168d2a000a00000e2,2,3,35,322,265,677,548,1.46424,14,0.00956129
025040107410003168d2a000a00000e2,2,3,36,322,265,677,548,1.46424,17,0.0116101
025040107410003168d2a000a00000e2,2,3,37,322,265,677,548,1.46424,10,0.00682949
025040107410003168d2a000a00000e2,2,3,38,322,265,677,548,1.46424,17,0.0116101
025040107410003168d2a000a00000e2,2,3,39,322,265,677,548,1.46424,10,0.00682949
025040107410003168d2a000a00000e2,2,3,40,322,265,677,548,1.46424,10,0.00682949
025040107410003168d2a000a00000e2,2,3,41,322,265,677,548,1.46424,10,0.00682949
025040107410003168d2a000a00000e2,2,3,42,322,265,677,548,1.46424,12,0.00819539
025040107410003168d2a000a00000e2,2,3,43,322,265,677,548,1.46424,10,0.00682949
025040107410003168d2a000a00000e2,2,3,44,322,265,677,548,1.46424,11,0.00751244
025040107410003168d2a000a00000e2,2,3,45,322,265,677,548,1.46424,10,0.00682949
025040107410003168d2a000a00000e2,2,3,46,322,265,677,548,1.46424,15,0.0102442
025040107410003168d2a000a00000e2,2,3,47,322,265,677,548,1.46424,8,0.00546359
025040107410003168d2a000a00000e2,2,3,48,322,265,677,548,1.46424,11,0.00751244
025040107410003168d2a000a00000e2,2,3,49,322,265,677,548,1.46424,7,0.00478064
025040107410003168d2a000a00000e2,2,3,50,322,265,677,548,1.46424,10,0.00682949
025040107410003168d2a000a00000e2,2,3,51,322,265,677,548,1.46424,8,0.00546359
025040107410003168d2a000a00000e2,2,3,52,322,265,677,548,1.46424,11,0.00751244
025040107410003168d2a000a00000e2,2,3,53,322,265,677,548,1.46424,4,0.0027318
025040107410003168d2a000a00000e2,2,3,54,322,265,677,548,1.46424,6,0.00409769
025040107410003168d2a000a00000e2,2,3,55,322,265,677,548,1.46424,0,0
025040107410003168d2a000a00000e2,2,3,56,322,265,677,548,1.46424,9,0.00614654
025040107410003168d2a000a00000e2,2,3,57,322,265,677,548,1.46424,0,0
025040107410003168d2a000a00000e2,2,3,58,322,265,677,548,1.46424,8,0.00546359
025040107410003168d2a000a00000e2,2,3,59,322,265,677,548,1.46424,0,0
025040107410003168d2a000a00000e2,2,3,60,322,265,677,548,1.46424,0,0
025040107410003168d2a000a00000e2,2,3,61,322,265,677,548,1.46424,0,0
025040107410003168d2a000a00000e2,2,3,62,322,265,677,548,1.46424,0,0
025040107410003168d2a000a00000e2,2,3,63,322,265,677,548,1.46424,0,0
025040107410003168d2a000a00000e2,2,3,0,322,265,678,549,1.19587,16,0.0133794
025040107410003168d2a000a00000e2,2,3,1,322,265,678,549,1.19587,8,0.0066897
025040107410003168d2a000a00000e2,2,3,2,322,265,678,549,1.19587,19,0.015888
025040107410003168d2a000a00000e2,2,3,3,322,265,678,549,1.19587,19,0.015888
025040107410003168d2a000a00000e2,2,3,4,322,265,678,549,1.19587,28,0.023414
025040107410003168d2a000a00000e2,2,3,5,322,265,678,549,1.19587,11,0.00919834
025040107410003168d2a000a00000e2,2,3,6,322,265,678,549,1.19587,24,0.0200691
025040107410003168d2a000a00000e2,2,3,7,322,265,678,549,1.19587,14,0.011707
025040107410003168d2a000a00000e2,2,3,8,322,265,678,549,1.19587,23,0.0192329
025040107410003168d2a000a00000e2,2,3,9,322,265,678,549,1.19587,20,0.0167243
025040107410003168d2a000a00000e2,2,3,10,322,265,678,549,1.19587,23,0.0192329
025040107410003168d2a000a00000e2,2,3,11,322,265,678,549,1.19587,23,0.0192329
025040107410003168d2a000a00000e2,2,3,12,322,265,678,549,1.19587,34,0.0284312
025040107410003168d2a000a00000e2,2,3,13,322,265,678,549,1.19587,20,0.0167243
025040107410003168d2a000a00000e2,2,3,14,322,265,678,549,1.19587,23,0.0192329
025040107410003168d2a000a00000e2,2,3,15,322,265,678,549,1.19587,23,0.0192329
025040107410003168d2a000a00000e2,2,3,16,322,265,678,549,1.19587,32,0.0267588
025040107410003168d2a000a00000e2,2,3,17,322,265,678,549,1.19587,21,0.0175605
025040107410003168d2a000a00000e2,2,3,18,322,265,678,549,1.19587,30,0.0250864
025040107410003168d2a000a00000e2,2,3,19,322,265,678,549,1.19587,21,0.0175605
025040107410003168d2a000a00000e2,2,3,20,322,265,678,549,1.19587,30,0.0250864
025040107410003168d2a000a00000e2,2,3,21,322,265,678,549,1.19587,22,0.0183967
025040107410003168d2a000a00000e2,2,3,22,322,265,678,549,1.19587,30,0.0250864
025040107410003168d2a000a00000e2,2,3,23,322,265,678,549,1.19587,22,0.0183967
025040107410003168d2a000a00000e2,2,3,24,322,265,678,549,1.19587,35,0.0292674
025040107410003168d2a000a00000e2,2,3,25,322,265,678,549,1.19587,22,0.0183967
025040107410003168d2a000a00000e2,2,3,26,322,265,678,549,1.19587,33,0.027595
025040107410003168d2a000a00000e2,2,3,27,322,265,678,549,1.19587,21,0.0175605
025040107410003168d2a000a00000e2,2,3,28,322,265,678,549,1.19587,24,0.0200691
025040107410003168d2a000a00000e2,2,3,29,322,265,678,549,1.19587,19,0.015888
025040107410003168d2a000a00000e2,2,3,30,322,265,678,549,1.19587,34,0.0284312
025040107410003168d2a000a00000e2,2,3,31,322,265,678,549,1.19587,23,0.0192329
025040107410003168d2a000a00000e2,2,3,32,322,265,678,549,1.19587,32,0.0267588
025040107410003168d2a000a00000e2,2,3,33,322,265,678,549,1.19587,26,0.0217415
025040107410003168d2a000a00000e2,2,3,34,322,265,678,549,1.19587,26,0.0217415
025040107410003168d2a000a00000e2,2,3,35,322,265,678,549,1.19587,23,0.0192329
025040107410003168d2a000a00000e2,2,3,36,322,265,678,549,1.19587,38,0.0317761
025040107410003168d2a000a00000e2,2,3,37,322,265,678,549,1.19587,20,0.0167243
025040107410003168d2a000a00000e2,2,3,38,322,265,678,549,1.19587,32,0.0267588
025040107410003168d2a000a00000e2,2,3,39,322,265,678,549,1.19587,19,0.015888
025040107410003168d2a000a00000e2,2,3,40,322,265,678,549,1.19587,19,0.015888
025040107410003168d2a000a00000e2,2,3,41,322,265,678,549,1.19587,19,0.015888
025040107410003168d2a000a00000e2,2,3,42,322,265,678,549,1.19587,25,0.0209053
025040107410003168d2a000a00000e2,2,3,43,322,265,678,549,1.19587,19,0.015888
025040107410003168d2a000a00000e2,2,3,44,322,265,678,549,1.19587,21,0.0175605
025040107410003168d2a000a00000e2,2,3,45,322,265,678,549,1.19587,19,0.015888
025040107410003168d2a000a00000e2,2,3,46,322,265,678,549,1.19587,25,0.0209053
025040107410003168d2a000a00000e2,2,3,47,322,265,678,549,1.19587,11,0.00919834
025040107410003168d2a000a00000e2,2,3,48,322,265,678,549,1.19587,19,0.015888
025040107410003168d2a000a00000e2,2,3,49,322,265,678,549,1.19587,7,0.00585349
025040107410003168d2a000a00000e2,2,3,50,322,265,678,549,1.19587,15,0.0125432
025040107410003168d2a000a00000e2,2,3,51,322,265,678,549,1.19587,8,0.0066897
025040107410003168d2a000a00000e2,2,3,52,322,265,678,549,1.19587,19,0.015888
025040107410003168d2a000a00000e2,2,3,53,322,265,678,549,1.19587,2,0.00167243
025040107410003168d2a000a00000e2,2,3,54,322,265,678,549,1.19587,2,0.00167243
025040107410003168d2a000a00000e2,2,3,55,322,265,678,549,1.19587,1,0.000836213
025040107410003168d2a000a00000e2,2,3,56,322,265,678,549,1.19587,13,0.0108708
025040107410003168d2a000a00000e2,2,3,57,322,265,678,549,1.19587,0,0
025040107410003168d2a000a00000e2,2,3,58,322,265,678,549,1.19587,6,0.00501728
025040107410003168d2a000a00000e2,2,3,59,322,265,678,549,1.19587,0,0
025040107410003168d2a000a00000e2,2,3,60,322,265,678,549,1.19587,0,0
025040107410003168d2a000a00000e2,2,3,61,322,265,678,549,1.19587,0,0
025040107410003168d2a000a00000e2,2,3,62,322,265,678,549,1.19587,0,0
025040107410003168d2a000a00000e2,2,3,63,322,265,678,549,1.19587,0,0
025040107410003168d2a000a00000e2,2,3,0,322,265,679,549,1.27844,0,0
025040107410003168d2a000a00000e2,2,3,1,322,265,679,549,1.27844,0,0
025040107410003168d2a000a00000e2,2,3,2,322,265,679,549,1.27844,0,0
025040107410003168d2a000a00000e2,2,3,3,322,265,679,549,1.27844,0,0
025040107410003168d2a000a00000e2,2,3,4,322,265,679,549,1.27844,0,0
025040107410003168d2a000a00000e2,2,3,5,322,265,679,549,1.27844,0,0
025040107410003168d2a000a00000e2,2,3,6,322,265,679,549,1.27844,0,0
025040107410003168d2a000a00000e2,2,3,7,322,265,679,549,1.27844,0,0
025040107410003168d2a000a00000e2,2,3,8,322,265,679,549,1.27844,0,0
025040107410003168d2a000a00000e2,2,3,9,322,265,679,549,1.27844,0,0
025040107410003168d2a000a00000e2,2,3,10,322,265,679,549,1.27844,0,0
025040107410003168d2a000a00000e2,2,3,11,322,265,679,549,1.27844,0,0
025040107410003168d2a000a00000e2,2,3,12,322,265,679,549,1.27844,0,0
025040107410003168d2a000a00000e2,2,3,13,322,265,679,549,1.27844,0,0
025040107410003168d2a000a00000e2,2,3,14,322,265,679,549,1.27844,0,0
025040107410003168d2a000a00000e2,2,3,15,322,265,679,549,1.27844,0,0
025040107410003168d2a000a00000e2,2,3,16,322,265,679,549,1.27844,0,0
025040107410003168d2a000a00000e2,2,3,17,322,265,679,549,1.27844,0,0
025040107410003168d2a000a00000e2,2,3,18,322,265,679,549,1.27844,0,0
025040107410003168d2a000a00000e2,2,3,19,322,265,679,549,1.27844,0,0
025040107410003168d2a000a00000e2,2,3,20,322,265,679,549,1.27844,0,0
025040107410003168d2a000a00000e2,2,3,21,322,265,679,549,1.27844,0,0
025040107410003168d2a000a00000e2,2,3,22,322,265,679,549,1.27844,0,0
025040107410003168d2a000a00000e2,2,3,23,322,265,679,549,1.27844,0,0
025040107410003168d2a000a00000e2,2,3,24,322,265,679,549,1.27844,0,0
025040107410003168d2a000a00000e2,2,3,25,322,265,679,549,1.27844,0,0
025040107410003168d2a000a00000e2,2,3,26,322,265,679,549,1.27844,0,0
025040107410003168d2a000a00000e2,2,3,27,322,265,679,549,1.27844,0,0
025040107410003168d2a000a00000e2,2,3,28,322,265,679,549,1.27844,0,0
025040107410003168d2a000a00000e2,2,3,29,322,265,679,549,1.27844,0,0
025040107410003168d2a000a00000e2,2,3,30,322,265,679,549,1.27844,0,0
025040107410003168d2a000a00000e2,2,3,31,322,265,679,549,1.27844,0,0
025040107410003168d2a000a00000e2,2,3,32,322,265,679,549,1.27844,0,0
025040107410003168d2a000a00000e2,2,3,33,322,265,679,549,1.27844,0,0
025040107410003168d2a000a00000e2,2,3,34,322,265,679,549,1.27844,0,0
025040107410003168d2a000a00000e2,2,3,35,322,265,679,549,1.27844,0,0
025040107410003168d2a000a00000e2,2,3,36,322,265,679,549,1.27844,0,0
025040107410003168d2a000a00000e2,2,3,37,322,265,679,549,1.27844,0,0
025040107410003168d2a000a00000e2,2,3,38,322,265,679,549,1.27844,0,0
025040107410003168d2a000a00000e2,2,3,39,322,265,679,549,1.27844,0,0
025040107410003168d2a000a00000e2,2,3,40,322,265,679,549,1.27844,0,0
025040107410003168d2a000a00000e2,2,3,41,322,265,679,549,1.27844,0,0
025040107410003168d2a000a00000e2,2,3,42,322,265,679,549,1.27844,0,0
025040107410003168d2a000a00000e2,2,3,43,322,265,679,549,1.27844,0,0
025040107410003168d2a000a00000e2,2,3,44,322,265,679,549,1.27844,0,0
025040107410003168d2a000a00000e2,2,3,45,322,265,679,549,1.27844,0,0
025040107410003168d2a000a00000e2,2,3,46,322,265,679,549,1.27844,0,0
025040107410003168d2a000a00000e2,2,3,47,322,265,679,549,1.27844,0,0
025040107410003168d2a000a00000e2,2,3,48,322,265,679,549,1.27844,0,0
025040107410003168d2a000a00000e2,2,3,49,322,265,679,549,1.27844,0,0
025040107410003168d2a000a00000e2,2,3,50,322,265,679,549,1.27844,0,0
025040107410003168d2a000a00000e2,2,3,51,322,265,679,549,1.27844,0,0
025040107410003168d2a000a00000e2,2,3,52,322,265,679,549,1.27844,0,0
025040107410003168d2a000a00000e2,2,3,53,322,265,679,549,1.27844,0,0
025040107410003168d2a000a00000e2,2,3,54,322,265,679,549,1.27844,0,0
025040107410003168d2a000a00000e2,2,3,55,322,265,679,549,1.27844,0,0
025040107410003168d2a000a00000e2,2,3,56,322,265,679,549,1.27844,0,0
025040107410003168d2a000a00000e2,2,3,57,322,265,679,549,1.27844,0,0
025040107410003168d2a000a00000e2,2,3,58,322,265,679,549,1.27844,0,0
025040107410003168d2a000a00000e2,2,3,59,322,265,679,549,1.27844,0,0
025040107410003168d2a000a00000e2,2,3,60,322,265,679,549,1.27844,0,0
025040107410003168d2a000a00000e2,2,3,61,322,265,679,549,1.27844,0,0
025040107410003168d2a000a00000e2,2,3,62,322,265,679,549,1.27844,0,0
025040107410003168d2a000a00000e2,2,3,63,322,265,679,549,1.27844,0,0
025040107410003168d2a000a00000e2,2,3,0,322,265,680,550,1.28729,4,0.0031073
025040107410003168d2a000a00000e2,2,3,1,322,265,680,550,1.28729,4,0.0031073
025040107410003168d2a000a00000e2,2,3,2,322,265,680,550,1.28729,6,0.00466095
025040107410003168d2a000a00000e2,2,3,3,322,265,680,550,1.28729,4,0.0031073
025040107410003168d2a000a00000e2,2,3,4,322,265,680,550,1.28729,10,0.00776825
025040107410003168d2a000a00000e2,2,3,5,322,265,680,550,1.28729,4,0.0031073
025040107410003168d2a000a00000e2,2,3,6,322,265,680,550,1.28729,8,0.0062146
025040107410003168d2a000a00000e2,2,3,7,322,265,680,550,1.28729,4,0.0031073
025040107410003168d2a000a00000e2,2,3,8,322,265,680,550,1.28729,7,0.00543778
025040107410003168d2a000a00000e2,2,3,9,322,265,680,550,1.28729,4,0.0031073
025040107410003168d2a000a00000e2,2,3,10,322,265,680,550,1.28729,7,0.00543778
025040107410003168d2a000a00000e2,2,3,11,322,265,680,550,1.28729,7,0.00543778
025040107410003168d2a000a00000e2,2,3,12,322,265,680,550,1.28729,12,0.0093219
025040107410003168d2a000a00000e2,2,3,13,322,265,680,550,1.28729,5,0.00388413
025040107410003168d2a000a00000e2,2,3,14,322,265,680,550,1.28729,8,0.0062146
025040107410003168d2a000a00000e2,2,3,15,322,265,680,550,1.28729,7,0.00543778
025040107410003168d2a000a00000e2,2,3,16,322,265,680,550,1.28729,11,0.00854508
025040107410003168d2a000a00000e2,2,3,17,322,265,680,550,1.28729,5,0.00388413
025040107410003168d2a000a00000e2,2,3,18,322,265,680,550,1.28729,10,0.00776825
025040107410003168d2a000a00000e2,2,3,19,322,265,680,550,1.28729,5,0.00388413
025040107410003168d2a000a00000e2,2,3,20,322,265,680,550,1.28729,10,0.00776825
025040107410003168d2a000a00000e2,2,3,21,322,265,680,550,1.28729,7,0.00543778
025040107410003168d2a000a00000e2,2,3,22,322,265,680,550,1.28729,10,0.00776825
025040107410003168d2a000a00000e2,2,3,23,322,265,680,550,1.28729,7,0.00543778
025040107410003168d2a000a00000e2,2,3,24,322,265,680,550,1.28729,12,0.0093219
025040107410003168d2a000a00000e2,2,3,25,322,265,680,550,1.28729,6,0.00466095
025040107410003168d2a000a00000e2,2,3,26,322,265,680,550,1.28729,12,0.0093219
025040107410003168d2a000a00000e2,2,3,27,322,265,680,550,1.28729,5,0.00388413
025040107410003168d2a000a00000e2,2,3,28,322,265,680,550,1.28729,7,0.00543778
025040107410003168d2a000a00000e2,2,3,29,322,265,680,550,1.28729,4,0.0031073
025040107410003168d2a000a00000e2,2,3,30,322,265,680,550,1.28729,11,0.00854508
025040107410003168d2a000a00000e2,2,3,31,322,265,680,550,1.28729,7,0.00543778
025040107410003168d2a000a00000e2,2,3,32,322,265,680,550,1.28729,11,0.00854508
025040107410003168d2a000a00000e2,2,3,33,322,265,680,550,1.28729,7,0.00543778
025040107410003168d2a000a00000e2,2,3,34,322,265,680,550,1.28729,8,0.0062146
025040107410003168d2a000a00000e2,2,3,35,322,265,680,550,1.28729,7,0.00543778
025040107410003168d2a000a00000e2,2,3,36,322,265,680,550,1.28729,12,0.0093219
025040107410003168d2a000a00000e2,2,3,37,322,265,680,550,1.28729,4,0.0031073
025040107410003168d2a000a00000e2,2,3,38,322,265,680,550,1.28729,11,0.00854508
025040107410003168d2a000a00000e2,2,3,39,322,265,680,550,1.28729,5,0.00388413
025040107410003168d2a000a00000e2,2,3,40,322,265,680,550,1.28729,4,0.0031073
025040107410003168d2a000a00000e2,2,3,41,322,265,680,550,1.28729,4,0.0031073
025040107410003168d2a000a00000e2,2,3,42,322,265,680,550,1.28729,7,0.00543778
025040107410003168d2a000a00000e2,2,3,43,322,265,680,550,1.28729,4,0.0031073
025040107410003168d2a000a00000e2,2,3,44,322,265,680,550,1.28729,6,0.00466095
025040107410003168d2a000a00000e2,2,3,45,322,265,680,550,1.28729,4,0.0031073
025040107410003168d2a000a00000e2,2,3,46,322,265,680,550,1.28729,7,0.00543778
025040107410003168d2a000a00000e2,2,3,47,322,265,680,550,1.28729,4,0.0031073
025040107410003168d2a000a00000e2,2,3,48,322,265,680,550,1.28729,4,0.0031073
025040107410003168d2a000a00000e2,2,3,49,322,265,680,550,1.28729,4,0.0031073
025040107410003168d2a000a00000e2,2,3,50,322,265,680,550,1.28729,4,0.0031073
025040107410003168d2a000a00000e2,2,3,51,322,265,680,550,1.28729,4,0.0031073
025040107410003168d2a000a00000e2,2,3,52,322,265,680,550,1.28729,4,0.0031073
025040107410003168d2a000a00000e2,2,3,53,322,265,680,550,1.28729,3,0.00233048
025040107410003168d2a000a00000e2,2,3,54,322,265,680,550,1.28729,3,0.00233048
025040107410003168d2a000a00000e2,2,3,55,322,265,680,550,1.28729,2,0.00155365
025040107410003168d2a000a00000e2,2,3,56,322,265,680,550,1.28729,4,0.0031073
025040107410003168d2a000a00000e2,2,3,57,322,265,680,550,1.28729,1,0.000776825
025040107410003168d2a000a00000e2,2,3,58,322,265,680,550,1.28729,4,0.0031073
025040107410003168d2a000a00000e2,2,3,59,322,265,680,550,1.28729,0,0
025040107410003168d2a000a00000e2,2,3,60,322,265,680,550,1.28729,0,0
025040107410003168d2a000a00000e2,2,3,61,322,265,680,550,1.28729,1,0.000776825
025040107410003168d2a000a00000e2,2,3,62,322,265,680,550,1.28729,1,0.000776825
025040107410003168d2a000a00000e2,2,3,63,322,265,680,550,1.28729,0,0
025040107410003168d2a000a00000e2,2,3,0,322,265,681,551,1.24453,6,0.0048211
025040107410003168d2a000a00000e2,2,3,1,322,265,681,551,1.24453,3,0.00241055
025040107410003168d2a000a00000e2,2,3,2,322,265,681,551,1.24453,9,0.00723165
025040107410003168d2a000a00000e2,2,3,3,322,265,681,551,1.24453,8,0.00642814
025040107410003168d2a000a00000e2,2,3,4,322,265,681,551,1.24453,14,0.0112492
025040107410003168d2a000a00000e2,2,3,5,322,265,681,551,1.24453,3,0.00241055
025040107410003168d2a000a00000e2,2,3,6,322,265,681,551,1.24453,13,0.0104457
025040107410003168d2a000a00000e2,2,3,7,322,265,681,551,1.24453,6,0.0048211
025040107410003168d2a000a00000e2,2,3,8,322,265,681,551,1.24453,10,0.00803517
025040107410003168d2a000a00000e2,2,3,9,322,265,681,551,1.24453,9,0.00723165
025040107410003168d2a000a00000e2,2,3,10,322,265,681,551,1.24453,11,0.00883869
025040107410003168d2a000a00000e2,2,3,11,322,265,681,551,1.24453,11,0.00883869
025040107410003168d2a000a00000e2,2,3,12,322,265,681,551,1.24453,16,0.0128563
025040107410003168d2a000a00000e2,2,3,13,322,265,681,551,1.24453,9,0.00723165
025040107410003168d2a000a00000e2,2,3,14,322,265,681,551,1.24453,11,0.00883869
025040107410003168d2a000a00000e2,2,3,15,322,265,681,551,1.24453,11,0.00883869
025040107410003168d2a000a00000e2,2,3,16,322,265,681,551,1.24453,14,0.0112492
025040107410003168d2a000a00000e2,2,3,17,322,265,681,551,1.24453,8,0.00642814
025040107410003168d2a000a00000e2,2,3,18,322,265,681,551,1.24453,13,0.0104457
025040107410003168d2a000a00000e2,2,3,19,322,265,681,551,1.24453,8,0.00642814
025040107410003168d2a000a00000e2,2,3,20,322,265,681,551,1.24453,13,0.0104457
025040107410003168d2a000a00000e2,2,3,21,322,265,681,551,1.24453,10,0.00803517
025040107410003168d2a000a00000e2,2,3,22,322,265,681,551,1.24453,13,0.0104457
025040107410003168d2a000a00000e2,2,3,23,322,265,681,551,1.24453,8,0.00642814
025040107410003168d2a000a00000e2,2,3,24,322,265,681,551,1.24453,17,0.0136598
025040107410003168d2a000a00000e2,2,3,25,322,265,681,551,1.24453,8,0.00642814
025040107410003168d2a000a00000e2,2,3,26,322,265,681,551,1.24453,17,0.0136598
025040107410003168d2a000a00000e2,2,3,27,322,265,681,551,1.24453,8,0.00642814
025040107410003168d2a000a00000e2,2,3,28,322,265,681,551,1.24453,11,0.00883869
025040107410003168d2a000a00000e2,2,3,29,322,265,681,551,1.24453,6,0.0048211
025040107410003168d2a000a00000e2,2,3,30,322,265,681,551,1.24453,16,0.0128563
025040107410003168d2a000a00000e2,2,3,31,322,265,681,551,1.24453,9,0.00723165
025040107410003168d2a000a00000e2,2,3,32,322,265,681,551,1.24453,16,0.0128563
025040107410003168d2a000a00000e2,2,3,33,322,265,681,551,1.24453,10,0.00803517
025040107410003168d2a000a00000e2,2,3,34,322,265,681,551,1.24453,12,0.0096422
025040107410003168d2a000a00000e2,2,3,35,322,265,681,551,1.24453,9,0.00723165
025040107410003168d2a000a00000e2,2,3,36,322,265,681,551,1.24453,18,0.0144633
025040107410003168d2a000a00000e2,2,3,37,322,265,681,551,1.24453,6,0.0048211
025040107410003168d2a000a00000e2,2,3,38,322,265,681,551,1.24453,15,0.0120528
025040107410003168d2a000a00000e2,2,3,39,322,265,681,551,1.24453,7,0.00562462
025040107410003168d2a000a00000e2,2,3,40,322,265,681,551,1.24453,6,0.0048211
025040107410003168d2a000a00000e2,2,3,41,322,265,681,551,1.24453,6,0.0048211
025040107410003168d2a000a00000e2,2,3,42,322,265,681,551,1.24453,10,0.00803517
025040107410003168d2a000a00000e2,2,3,43,322,265,681,551,1.24453,5,0.00401759
025040107410003168d2a000a00000e2,2,3,44,322,265,681,551,1.24453,8,0.00642814
025040107410003168d2a000a00000e2,2,3,45,322,265,681,551,1.24453,6,0.0048211
025040107410003168d2a000a00000e2,2,3,46,322,265,681,551,1.24453,11,0.00883869
025040107410003168d2a000a00000e2,2,3,47,322,265,681,551,1.24453,3,0.00241055
025040107410003168d2a000a00000e2,2,3,48,322,265,681,551,1.24453,8,0.00642814
025040107410003168d2a000a00000e2,2,3,49,322,265,681,551,1.24453,1,0.000803517
025040107410003168d2a000a00000e2,2,3,50,322,265,681,551,1.24453,5,0.00401759
025040107410003168d2a000a00000e2,2,3,51,322,265,681,551,1.24453,1,0.000803517
025040107410003168d2a000a00000e2,2,3,52,322,265,681,551,1.24453,8,0.00642814
025040107410003168d2a000a00000e2,2,3,53,322,265,681,551,1.24453,1,0.000803517
025040107410003168d2a000a00000e2,2,3,54,322,265,681,551,1.24453,1,0.000803517
025040107410003168d2a000a00000e2,2,3,55,322,265,681,551,1.24453,0,0
025040107410003168d2a000a00000e2,2,3,56,322,265,681,551,1.24453,4,0.00321407
025040107410003168d2a000a00000e2,2,3,57,322,265,681,551,1.24453,0,0
025040107410003168d2a000a00000e2,2,3,58,322,265,681,551,1.24453,2,0.00160703
025040107410003168d2a000a00000e2,2,3,59,322,265,681,551,1.24453,0,0
025040107410003168d2a000a00000e2,2,3,60,322,265,681,551,1.24453,0,0
025040107410003168d2a000a00000e2,2,3,61,322,265,681,551,1.24453,0,0
025040107410003168d2a000a00000e2,2,3,62,322,265,681,551,1.24453,0,0
025040107410003168d2a000a00000e2,2,3,63,322,265,681,551,1.24453,0,0
025040107410003168d2a000a00000e2,2,3,0,322,265,682,552,1.67657,5,0.00298227
025040107410003168d2a000a00000e2,2,3,1,322,265,682,552,1.67657,2,0.00119291
025040107410003168d2a000a00000e2,2,3,2,322,265,682,552,1.67657,10,0.00596454
025040107410003168d2a000a00000e2,2,3,3,322,265,682,552,1.67657,7,0.00417518
025040107410003168d2a000a00000e2,2,3,4,322,265,682,552,1.67657,11,0.006561
025040107410003168d2a000a00000e2,2,3,5,322,265,682,552,1.67657,3,0.00178936
025040107410003168d2a000a00000e2,2,3,6,322,265,682,552,1.67657,10,0.00596454
025040107410003168d2a000a00000e2,2,3,7,322,265,682,552,1.67657,5,0.00298227
025040107410003168d2a000a00000e2,2,3,8,322,265,682,552,1.67657,10,0.00596454
025040107410003168d2a000a00000e2,2,3,9,322,265,682,552,1.67657,8,0.00477163
025040107410003168d2a000a00000e2,2,3,10,322,265,682,552,1.67657,10,0.00596454
025040107410003168d2a000a00000e2,2,3,11,322,265,682,552,1.67657,10,0.00596454
025040107410003168d2a000a00000e2,2,3,12,322,265,682,552,1.67657,20,0.0119291
025040107410003168d2a000a00000e2,2,3,13,322,265,682,552,1.67657,7,0.00417518
025040107410003168d2a000a00000e2,2,3,14,322,265,682,552,1.67657,10,0.00596454
025040107410003168d2a000a00000e2,2,3,15,322,265,682,552,1.67657,10,0.00596454
025040107410003168d2a000a00000e2,2,3,16,322,265,682,552,1.67657,17,0.0101397
025040107410003168d2a000a00000e2,2,3,17,322,265,682,552,1.67657,8,0.00477163
025040107410003168d2a000a00000e2,2,3,18,322,265,682,552,1.67657,11,0.006561
025040107410003168d2a000a00000e2,2,3,19,322,265,682,552,1.67657,7,0.00417518
025040107410003168d2a000a00000e2,2,3,20,322,265,682,552,1.67657,12,0.00715745
025040107410003168d2a000a00000e2,2,3,21,322,265,682,552,1.67657,9,0.00536809
025040107410003168d2a000a00000e2,2,3,22,322,265,682,552,1.67657,11,0.006561
025040107410003168d2a000a00000e2,2,3,23,322,265,682,552,1.67657,9,0.00536809
025040107410003168d2a000a00000e2,2,3,24,322,265,682,552,1.67657,21,0.0125255
025040107410003168d2a000a00000e2,2,3,25,322,265,682,552,1.67657,8,0.00477163
025040107410003168d2a000a00000e2,2,3,26,322,265,682,552,1.67657,18,0.0107362
025040107410003168d2a000a00000e2,2,3,27,322,265,682,552,1.67657,8,0.00477163
025040107410003168d2a000a00000e2,2,3,28,322,265,682,552,1.67657,10,0.00596454
025040107410003168d2a000a00000e2,2,3,29,322,265,682,552,1.67657,6,0.00357873
025040107410003168d2a000a00000e2,2,3,30,322,265,682,552,1.67657,16,0.00954327
025040107410003168d2a000a00000e2,2,3,31,322,265,682,552,1.67657,9,0.00536809
025040107410003168d2a000a00000e2,2,3,32,322,265,682,552,1.67657,16,0.00954327
025040107410003168d2a000a00000e2,2,3,33,322,265,682,552,1.67657,10,0.00596454
025040107410003168d2a000a00000e2,2,3,34,322,265,682,552,1.67657,10,0.00596454
025040107410003168d2a000a00000e2,2,3,35,322,265,682,552,1.67657,9,0.00536809
025040107410003168d2a000a00000e2,2,3,36,322,265,682,552,1.67657,22,0.013122
025040107410003168d2a000a00000e2,2,3,37,322,265,682,552,1.67657,6,0.00357873
025040107410003168d2a000a00000e2,2,3,38,322,265,682,552,1.67657,16,0.00954327
025040107410003168d2a000a00000e2,2,3,39,322,265,682,552,1.67657,6,0.00357873
025040107410003168d2a000a00000e2,2,3,40,322,265,682,552,1.67657,6,0.00357873
025040107410003168d2a000a00000e2,2,3,41,322,265,682,552,1.67657,6,0.00357873
025040107410003168d2a000a00000e2,2,3,42,322,265,682,552,1.67657,10,0.00596454
025040107410003168d2a000a00000e2,2,3,43,322,265,682,552,1.67657,6,0.00357873
025040107410003168d2a000a00000e2,2,3,44,322,265,682,552,1.67657,8,0.00477163
025040107410003168d2a000a00000e2,2,3,45,322,265,682,552,1.67657,6,0.00357873
025040107410003168d2a000a00000e2,2,3,46,322,265,682,552,1.67657,10,0.00596454
025040107410003168d2a000a00000e2,2,3,47,322,265,682,552,1.67657,1,0.000596454
025040107410003168d2a000a00000e2,2,3,48,322,265,682,552,1.67657,8,0.00477163
025040107410003168d2a000a00000e2,2,3,49,322,265,682,552,1.67657,1,0.000596454
025040107410003168d2a000a00000e2,2,3,50,322,265,682,552,1.67657,6,0.00357873
025040107410003168d2a000a00000e2,2,3,51,322,265,682,552,1.67657,2,0.00119291
025040107410003168d2a000a00000e2,2,3,52,322,265,682,552,1.67657,7,0.00417518
025040107410003168d2a000a00000e2,2,3,53,322,265,682,552,1.67657,1,0.000596454
025040107410003168d2a000a00000e2,2,3,54,322,265,682,552,1.67657,1,0.000596454
025040107410003168d2a000a00000e2,2,3,55,322,265,682,552,1.67657,0,0
025040107410003168d2a000a00000e2,2,3,56,322,265,682,552,1.67657,5,0.00298227
025040107410003168d2a000a00000e2,2,3,57,322,265,682,552,1.67657,0,0
025040107410003168d2a000a00000e2,2,3,58,322,265,682,552,1.67657,1,0.000596454
025040107410003168d2a000a00000e2,2,3,59,322,265,682,552,1.67657,0,0
025040107410003168d2a000a00000e2,2,3,60,322,265,682,552,1.67657,0,0
025040107410003168d2a000a00000e2,2,3,61,322,265,682,552,1.67657,0,0
025040107410003168d2a000a00000e2,2,3,62,322,265,682,552,1.67657,0,0
025040107410003168d2a000a00000e2,2,3,63,322,265,682,552,1.67657,0,0
025040107410003168d2a000a00000e2,2,3,0,322,265,683,552,1.27255,0,0
025040107410003168d2a000a00000e2,2,3,1,322,265,683,552,1.27255,0,0
025040107410003168d2a000a00000e2,2,3,2,322,265,683,552,1.27255,0,0
025040107410003168d2a000a00000e2,2,3,3,322,265,683,552,1.27255,0,0
025040107410003168d2a000a00000e2,2,3,4,322,265,683,552,1.27255,0,0
025040107410003168d2a000a00000e2,2,3,5,322,265,683,552,1.27255,0,0
025040107410003168d2a000a00000e2,2,3,6,322,265,683,552,1.27255,0,0
025040107410003168d2a000a00000e2,2,3,7,322,265,683,552,1.27255,0,0
025040107410003168d2a000a00000e2,2,3,8,322,265,683,552,1.27255,0,0
025040107410003168d2a000a00000e2,2,3,9,322,265,683,552,1.27255,0,0
025040107410003168d2a000a00000e2,2,3,10,322,265,683,552,1.27255,0,0
025040107410003168d2a000a00000e2,2,3,11,322,265,683,552,1.27255,0,0
025040107410003168d2a000a00000e2,2,3,12,322,265,683,552,1.27255,0,0
025040107410003168d2a000a00000e2,2,3,13,322,265,683,552,1.27255,0,0
025040107410003168d2a000a00000e2,2,3,14,322,265,683,552,1.27255,0,0
025040107410003168d2a000a00000e2,2,3,15,322,265,683,552,1.27255,0,0
025040107410003168d2a000a00000e2,2,3,16,322,265,683,552,1.27255,0,0
025040107410003168d2a000a00000e2,2,3,17,322,265,683,552,1.27255,0,0
025040107410003168d2a000a00000e2,2,3,18,322,265,683,552,1.27255,0,0
025040107410003168d2a000a00000e2,2,3,19,322,265,683,552,1.27255,0,0
025040107410003168d2a000a00000e2,2,3,20,322,265,683,552,1.27255,0,0
025040107410003168d2a000a00000e2,2,3,21,322,265,683,552,1.27255,0,0
025040107410003168d2a000a00000e2,2,3,22,322,265,683,552,1.27255,0,0
025040107410003168d2a000a00000e2,2,3,23,322,265,683,552,1.27255,0,0
025040107410003168d2a000a00000e2,2,3,24,322,265,683,552,1.27255,0,0
025040107410003168d2a000a00000e2,2,3,25,322,265,683,552,1.27255,0,0
025040107410003168d2a000a00000e2,2,3,26,322,265,683,552,1.27255,0,0
025040107410003168d2a000a00000e2,2,3,27,322,265,683,552,1.27255,0,0
025040107410003168d2a000a00000e2,2,3,28,322,265,683,552,1.27255,0,0
025040107410003168d2a000a00000e2,2,3,29,322,265,683,552,1.27255,0,0
025040107410003168d2a000a00000e2,2,3,30,322,265,683,552,1.27255,0,0
025040107410003168d2a000a00000e2,2,3,31,322,265,683,552,1.27255,0,0
025040107410003168d2a000a00000e2,2,3,32,322,265,683,552,1.27255,0,0
025040107410003168d2a000a00000e2,2,3,33,322,265,683,552,1.27255,0,0
025040107410003168d2a000a00000e2,2,3,34,322,265,683,552,1.27255,0,0
025040107410003168d2a000a00000e2,2,3,35,322,265,683,552,1.27255,0,0
025040107410003168d2a000a00000e2,2,3,36,322,265,683,552,1.27255,0,0
025040107410003168d2a000a00000e2,2,3,37,322,265,683,552,1.27255,0,0
025040107410003168d2a000a00000e2,2,3,38,322,265,683,552,1.27255,0,0
025040107410003168d2a000a00000e2,2,3,39,322,265,683,552,1.27255,0,0
025040107410003168d2a000a00000e2,2,3,40,322,265,683,552,1.27255,0,0
025040107410003168d2a000a00000e2,2,3,41,322,265,683,552,1.27255,0,0
025040107410003168d2a000a00000e2,2,3,42,322,265,683,552,1.27255,0,0
025040107410003168d2a000a00000e2,2,3,43,322,265,683,552,1.27255,0,0
025040107410003168d2a000a00000e2,2,3,44,322,265,683,552,1.27255,0,0
025040107410003168d2a000a00000e2,2,3,45,322,265,683,552,1.27255,0,0
025040107410003168d2a000a00000e2,2,3,46,322,265,683,552,1.27255,0,0
025040107410003168d2a000a00000e2,2,3,47,322,265,683,552,1.27255,0,0
025040107410003168d2a000a00000e2,2,3,48,322,265,683,552,1.27255,0,0
025040107410003168d2a000a00000e2,2,3,49,322,265,683,552,1.27255,0,0
025040107410003168d2a000a00000e2,2,3,50,322,265,683,552,1.27255,0,0
025040107410003168d2a000a00000e2,2,3,51,322,265,683,552,1.27255,0,0
025040107410003168d2a000a00000e2,2,3,52,322,265,683,552,1.27255,0,0
025040107410003168d2a000a00000e2,2,3,53,322,265,683,552,1.27255,0,0
025040107410003168d2a000a00000e2,2,3,54,322,265,683,552,1.27255,0,0
025040107410003168d2a000a00000e2,2,3,55,322,265,683,552,1.27255,0,0
025040107410003168d2a000a00000e2,2,3,56,322,265,683,552,1.27255,0,0
025040107410003168d2a000a00000e2,2,3,57,322,265,683,552,1.27255,0,0
025040107410003168d2a000a00000e2,2,3,58,322,265,683,552,1.27255,0,0
025040107410003168d2a000a00000e2,2,3,59,322,265,683,552,1.27255,0,0
025040107410003168d2a000a00000e2,2,3,60,322,265,683,552,1.27255,0,0
025040107410003168d2a000a00000e2,2,3,61,322,265,683,552,1.27255,0,0
025040107410003168d2a000a00000e2,2,3,62,322,265,683,552,1.27255,0,0
025040107410003168d2a000a00000e2,2,3,63,322,265,683,552,1.27255,0,0
025040107410003168d2a000a00000e2,2,3,0,322,265,684,553,1.64266,8,0.00487015
025040107410003168d2a000a00000e2,2,3,1,322,265,684,553,1.64266,2,0.00121754
025040107410003168d2a000a00000e2,2,3,2,322,265,684,553,1.64266,12,0.00730523
025040107410003168d2a000a00000e2,2,3,3,322,265,684,553,1.64266,11,0.00669646
025040107410003168d2a000a00000e2,2,3,4,322,265,684,553,1.64266,16,0.0097403
025040107410003168d2a000a00000e2,2,3,5,322,265,684,553,1.64266,3,0.00182631
025040107410003168d2a000a00000e2,2,3,6,322,265,684,553,1.64266,14,0.00852276
025040107410003168d2a000a00000e2,2,3,7,322,265,684,553,1.64266,6,0.00365261
025040107410003168d2a000a00000e2,2,3,8,322,265,684,553,1.64266,13,0.00791399
025040107410003168d2a000a00000e2,2,3,9,322,265,684,553,1.64266,10,0.00608769
025040107410003168d2a000a00000e2,2,3,10,322,265,684,553,1.64266,13,0.00791399
025040107410003168d2a000a00000e2,2,3,11,322,265,684,553,1.64266,14,0.00852276
025040107410003168d2a000a00000e2,2,3,12,322,265,684,553,1.64266,22,0.0133929
025040107410003168d2a000a00000e2,2,3,13,322,265,684,553,1.64266,11,0.00669646
025040107410003168d2a000a00000e2,2,3,14,322,265,684,553,1.64266,13,0.00791399
025040107410003168d2a000a00000e2,2,3,15,322,265,684,553,1.64266,13,0.00791399
025040107410003168d2a000a00000e2,2,3,16,322,265,684,553,1.64266,20,0.0121754
025040107410003168d2a000a00000e2,2,3,17,322,265,684,553,1.64266,11,0.00669646
025040107410003168d2a000a00000e2,2,3,18,322,265,684,553,1.64266,16,0.0097403
025040107410003168d2a000a00000e2,2,3,19,322,265,684,553,1.64266,11,0.00669646
025040107410003168d2a000a00000e2,2,3,20,322,265,684,553,1.64266,19,0.0115666
025040107410003168d2a000a00000e2,2,3,21,322,265,684,553,1.64266,13,0.00791399
025040107410003168d2a000a00000e2,2,3,22,322,265,684,553,1.64266,17,0.0103491
025040107410003168d2a000a00000e2,2,3,23,322,265,684,553,1.64266,13,0.00791399
025040107410003168d2a000a00000e2,2,3,24,322,265,684,553,1.64266,23,0.0140017
025040107410003168d2a000a00000e2,2,3,25,322,265,684,553,1.64266,13,0.00791399
025040107410003168d2a000a00000e2,2,3,26,322,265,684,553,1.64266,20,0.0121754
025040107410003168d2a000a00000e2,2,3,27,322,265,684,553,1.64266,12,0.00730523
025040107410003168d2a000a00000e2,2,3,28,322,265,684,553,1.64266,13,0.00791399
025040107410003168d2a000a00000e2,2,3,29,322,265,684,553,1.64266,9,0.00547892
025040107410003168d2a000a00000e2,2,3,30,322,265,684,553,1.64266,22,0.0133929
025040107410003168d2a000a00000e2,2,3,31,322,265,684,553,1.64266,14,0.00852276
025040107410003168d2a000a00000e2,2,3,32,322,265,684,553,1.64266,21,0.0127841
025040107410003168d2a000a00000e2,2,3,33,322,265,684,553,1.64266,15,0.00913153
025040107410003168d2a000a00000e2,2,3,34,322,265,684,553,1.64266,16,0.0097403
025040107410003168d2a000a00000e2,2,3,35,322,265,684,553,1.64266,15,0.00913153
025040107410003168d2a000a00000e2,2,3,36,322,265,684,553,1.64266,25,0.0152192
025040107410003168d2a000a00000e2,2,3,37,322,265,684,553,1.64266,11,0.00669646
025040107410003168d2a000a00000e2,2,3,38,322,265,684,553,1.64266,21,0.0127841
025040107410003168d2a000a00000e2,2,3,39,322,265,684,553,1.64266,11,0.00669646
025040107410003168d2a000a00000e2,2,3,40,322,265,684,553,1.64266,11,0.00669646
025040107410003168d2a000a00000e2,2,3,41,322,265,684,553,1.64266,10,0.00608769
025040107410003168d2a000a00000e2,2,3,42,322,265,684,553,1.64266,15,0.00913153
025040107410003168d2a000a00000e2,2,3,43,322,265,684,553,1.64266,9,0.00547892
025040107410003168d2a000a00000e2,2,3,44,322,265,684,553,1.64266,13,0.00791399
025040107410003168d2a000a00000e2,2,3,45,322,265,684,553,1.64266,10,0.00608769
025040107410003168d2a000a00000e2,2,3,46,322,265,684,553,1.64266,15,0.00913153
025040107410003168d2a000a00000e2,2,3,47,322,265,684,553,1.64266,3,0.00182631
025040107410003168d2a000a00000e2,2,3,48,322,265,684,553,1.64266,13,0.00791399
025040107410003168d2a000a00000e2,2,3,49,322,265,684,553,1.64266,2,0.00121754
025040107410003168d2a000a00000e2,2,3,50,322,265,684,553,1.64266,7,0.00426138
025040107410003168d2a000a00000e2,2,3,51,322,265,684,553,1.64266,2,0.00121754
025040107410003168d2a000a00000e2,2,3,52,322,265,684,553,1.64266,11,0.00669646
025040107410003168d2a000a00000e2,2,3,53,322,265,684,553,1.64266,0,0
025040107410003168d2a000a00000e2,2,3,54,322,265,684,553,1.64266,0,0
025040107410003168d2a000a00000e2,2,3,55,322,265,684,553,1.64266,0,0
025040107410003168d2a000a00000e2,2,3,56,322,265,684,553,1.64266,3,0.00182631
025040107410003168d2a000a00000e2,2,3,57,322,265,684,553,1.64266,0,0
025040107410003168d2a000a00000e2,2,3,58,322,265,684,553,1.64266,2,0.00121754
025040107410003168d2a000a00000e2,2,3,59,322,265,684,553,1.64266,0,0
025040107410003168d2a000a00000e2,2,3,60,322,265,684,553,1.64266,0,0
025040107410003168d2a000a00000e2,2,3,61,322,265,684,553,1.64266,0,0
025040107410003168d2a000a00000e2,2,3,62,322,265,684,553,1.64266,0,0
025040107410003168d2a000a00000e2,2,3,63,322,265,684,553,1.64266,0,0
025040107410003168d2a000a00000e2,2,3,0,322,265,685,554,1.02777,9,0.00875684
025040107410003168d2a000a00000e2,2,3,1,322,265,685,554,1.02777,0,0
025040107410003168d2a000a00000e2,2,3,2,322,265,685,554,1.02777,13,0.0126488
025040107410003168d2a000a00000e2,2,3,3,322,265,685,554,1.02777,12,0.0116758
025040107410003168d2a000a00000e2,2,3,4,322,265,685,554,1.02777,15,0.0145947
025040107410003168d2a000a00000e2,2,3,5,322,265,685,554,1.02777,0,0
025040107410003168d2a000a00000e2,2,3,6,322,265,685,554,1.02777,15,0.0145947
025040107410003168d2a000a00000e2,2,3,7,322,265,685,554,1.02777,7,0.00681087
025040107410003168d2a000a00000e2,2,3,8,322,265,685,554,1.02777,13,0.0126488
025040107410003168d2a000a00000e2,2,3,9,322,265,685,554,1.02777,12,0.0116758
025040107410003168d2a000a00000e2,2,3,10,322,265,685,554,1.02777,14,0.0136217
025040107410003168d2a000a00000e2,2,3,11,322,265,685,554,1.02777,13,0.0126488
025040107410003168d2a000a00000e2,2,3,12,322,265,685,554,1.02777,20,0.0194596
025040107410003168d2a000a00000e2,2,3,13,322,265,685,554,1.02777,12,0.0116758
025040107410003168d2a000a00000e2,2,3,14,322,265,685,554,1.02777,14,0.0136217
025040107410003168d2a000a00000e2,2,3,15,322,265,685,554,1.02777,13,0.0126488
025040107410003168d2a000a00000e2,2,3,16,322,265,685,554,1.02777,19,0.0184867
025040107410003168d2a000a00000e2,2,3,17,322,265,685,554,1.02777,12,0.0116758
025040107410003168d2a000a00000e2,2,3,18,322,265,685,554,1.02777,15,0.0145947
025040107410003168d2a000a00000e2,2,3,19,322,265,685,554,1.02777,12,0.0116758
025040107410003168d2a000a00000e2,2,3,20,322,265,685,554,1.02777,15,0.0145947
025040107410003168d2a000a00000e2,2,3,21,322,265,685,554,1.02777,12,0.0116758
025040107410003168d2a000a00000e2,2,3,22,322,265,685,554,1.02777,15,0.0145947
025040107410003168d2a000a00000e2,2,3,23,322,265,685,554,1.02777,13,0.0126488
025040107410003168d2a000a00000e2,2,3,24,322,265,685,554,1.02777,21,0.0204326
025040107410003168d2a000a00000e2,2,3,25,322,265,685,554,1.02777,12,0.0116758
025040107410003168d2a000a00000e2,2,3,26,322,265,685,554,1.02777,18,0.0175137
025040107410003168d2a000a00000e2,2,3,27,322,265,685,554,1.02777,12,0.0116758
025040107410003168d2a000a00000e2,2,3,28,322,265,685,554,1.02777,13,0.0126488
025040107410003168d2a000a00000e2,2,3,29,322,265,685,554,1.02777,8,0.00778386
025040107410003168d2a000a00000e2,2,3,30,322,265,685,554,1.02777,18,0.0175137
025040107410003168d2a000a00000e2,2,3,31,322,265,685,554,1.02777,12,0.0116758
025040107410003168d2a000a00000e2,2,3,32,322,265,685,554,1.02777,16,0.0155677
025040107410003168d2a000a00000e2,2,3,33,322,265,685,554,1.02777,13,0.0126488
025040107410003168d2a000a00000e2,2,3,34,322,265,685,554,1.02777,14,0.0136217
025040107410003168d2a000a00000e2,2,3,35,322,265,685,554,1.02777,13,0.0126488
025040107410003168d2a000a00000e2,2,3,36,322,265,685,554,1.02777,22,0.0214056
025040107410003168d2a000a00000e2,2,3,37,322,265,685,554,1.02777,9,0.00875684
025040107410003168d2a000a00000e2,2,3,38,322,265,685,554,1.02777,17,0.0165407
025040107410003168d2a000a00000e2,2,3,39,322,265,685,554,1.02777,9,0.00875684
025040107410003168d2a000a00000e2,2,3,40,322,265,685,554,1.02777,10,0.00972982
025040107410003168d2a000a00000e2,2,3,41,322,265,685,554,1.02777,9,0.00875684
025040107410003168d2a000a00000e2,2,3,42,322,265,685,554,1.02777,13,0.0126488
025040107410003168d2a000a00000e2,2,3,43,322,265,685,554,1.02777,8,0.00778386
025040107410003168d2a000a00000e2,2,3,44,322,265,685,554,1.02777,12,0.0116758
025040107410003168d2a000a00000e2,2,3,45,322,265,685,554,1.02777,8,0.00778386
025040107410003168d2a000a00000e2,2,3,46,322,265,685,554,1.02777,13,0.0126488
025040107410003168d2a000a00000e2,2,3,47,322,265,685,554,1.02777,0,0
025040107410003168d2a000a00000e2,2,3,48,322,265,685,554,1.02777,12,0.0116758
025040107410003168d2a000a00000e2,2,3,49,322,265,685,554,1.02777,0,0
025040107410003168d2a000a00000e2,2,3,50,322,265,685,554,1.02777,8,0.00778386
025040107410003168d2a000a00000e2,2,3,51,322,265,685,554,1.02777,0,0
025040107410003168d2a000a00000e2,2,3,52,322,265,685,554,1.02777,12,0.0116758
025040107410003168d2a000a00000e2,2,3,53,322,265,685,554,1.02777,0,0
025040107410003168d2a000a00000e2,2,3,54,322,265,685,554,1.02777,0,0
025040107410003168d2a000a00000e2,2,3,55,322,265,685,554,1.02777,0,0
025040107410003168d2a000a00000e2,2,3,56,322,265,685,554,1.02777,2,0.00194596
025040107410003168d2a000a00000e2,2,3,57,322,265,685,554,1.02777,0,0
025040107410003168d2a000a00000e2,2,3,58,322,265,685,554,1.02777,0,0
025040107410003168d2a000a00000e2,2,3,59,322,265,685,554,1.02777,0,0
025040107410003168d2a000a00000e2,2,3,60,322,265,685,554,1.02777,0,0
025040107410003168d2a000a00000e2,2,3,61,322,265,685,554,1.02777,0,0
025040107410003168d2a000a00000e2,2,3,62,322,265,685,554,1.02777,0,0
025040107410003168d2a000a00000e2,2,3,63,322,265,685,554,1.02777,0,0
025040107410003168d2a000a00000e2,2,3,0,322,265,686,555,1.01302,0,0
025040107410003168d2a000a00000e2,2,3,1,322,265,686,555,1.01302,0,0
025040107410003168d2a000a00000e2,2,3,2,322,265,686,555,1.01302,0,0
025040107410003168d2a000a00000e2,2,3,3,322,265,686,555,1.01302,0,0
025040107410003168d2a000a00000e2,2,3,4,322,265,686,555,1.01302,0,0
025040107410003168d2a000a00000e2,2,3,5,322,265,686,555,1.01302,0,0
025040107410003168d2a000a00000e2,2,3,6,322,265,686,555,1.01302,0,0
025040107410003168d2a000a00000e2,2,3,7,322,265,686,555,1.01302,0,0
025040107410003168d2a000a00000e2,2,3,8,322,265,686,555,1.01302,0,0
025040107410003168d2a000a00000e2,2,3,9,322,265,686,555,1.01302,0,0
025040107410003168d2a000a00000e2,2,3,10,322,265,686,555,1.01302,0,0
025040107410003168d2a000a00000e2,2,3,11,322,265,686,555,1.01302,0,0
025040107410003168d2a000a00000e2,2,3,12,322,265,686,555,1.01302,0,0
025040107410003168d2a000a00000e2,2,3,13,322,265,686,555,1.01302,0,0
025040107410003168d2a000a00000e2,2,3,14,322,265,686,555,1.01302,0,0
025040107410003168d2a000a00000e2,2,3,15,322,265,686,555,1.01302,0,0
025040107410003168d2a000a00000e2,2,3,16,322,265,686,555,1.01302,0,0
025040107410003168d2a000a00000e2,2,3,17,322,265,686,555,1.01302,0,0
025040107410003168d2a000a00000e2,2,3,18,322,265,686,555,1.01302,0,0
025040107410003168d2a000a00000e2,2,3,19,322,265,686,555,1.01302,0,0
025040107410003168d2a000a00000e2,2,3,20,322,265,686,555,1.01302,0,0
025040107410003168d2a000a00000e2,2,3,21,322,265,686,555,1.01302,0,0
025040107410003168d2a000a00000e2,2,3,22,322,265,686,555,1.01302,0,0
025040107410003168d2a000a00000e2,2,3,23,322,265,686,555,1.01302,0,0
025040107410003168d2a000a00000e2,2,3,24,322,265,686,555,1.01302,0,0
025040107410003168d2a000a00000e2,2,3,25,322,265,686,555,1.01302,0,0
025040107410003168d2a000a00000e2,2,3,26,322,265,686,555,1.01302,0,0
025040107410003168d2a000a00000e2,2,3,27,322,265,686,555,1.01302,0,0
025040107410003168d2a000a00000e2,2,3,28,322,265,686,555,1.01302,0,0
025040107410003168d2a000a00000e2,2,3,29,322,265,686,555,1.01302,0,0
025040107410003168d2a000a00000e2,2,3,30,322,265,686,555,1.01302,0,0
025040107410003168d2a000a00000e2,2,3,31,322,265,686,555,1.01302,0,0
025040107410003168d2a000a00000e2,2,3,32,322,265,686,555,1.01302,0,0
025040107410003168d2a000a00000e2,2,3,33,322,265,686,555,1.01302,0,0
025040107410003168d2a000a00000e2,2,3,34,322,265,686,555,1.01302,0,0
025040107410003168d2a000a00000e2,2,3,35,322,265,686,555,1.01302,0,0
025040107410003168d2a000a00000e2,2,3,36,322,265,686,555,1.01302,0,0
025040107410003168d2a000a00000e2,2,3,37,322,265,686,555,1.01302,0,0
025040107410003168d2a000a00000e2,2,3,38,322,265,686,555,1.01302,0,0
025040107410003168d2a000a00000e2,2,3,39,322,265,686,555,1.01302,0,0
025040107410003168d2a000a00000e2,2,3,40,322,265,686,555,1.01302,0,0
025040107410003168d2a000a00000e2,2,3,41,322,265,686,555,1.01302,0,0
025040107410003168d2a000a00000e2,2,3,42,322,265,686,555,1.01302,0,0
025040107410003168d2a000a00000e2,2,3,43,322,265,686,555,1.01302,0,0
025040107410003168d2a000a00000e2,2,3,44,322,265,686,555,1.01302,0,0
025040107410003168d2a000a00000e2,2,3,45,322,265,686,555,1.01302,0,0
025040107410003168d2a000a00000e2,2,3,46,322,265,686,555,1.01302,0,0
025040107410003168d2a000a00000e2,2,3,47,322,265,686,555,1.01302,0,0
025040107410003168d2a000a00000e2,2,3,48,322,265,686,555,1.01302,0,0
025040107410003168d2a000a00000e2,2,3,49,322,265,686,555,1.01302,0,0
025040107410003168d2a000a00000e2,2,3,50,322,265,686,555,1.01302,0,0
025040107410003168d2a000a00000e2,2,3,51,322,265,686,555,1.01302,0,0
025040107410003168d2a000a00000e2,2,3,52,322,265,686,555,1.01302,0,0
025040107410003168d2a000a00000e2,2,3,53,322,265,686,555,1.01302,0,0
025040107410003168d2a000a00000e2,2,3,54,322,265,686,555,1.01302,0,0
025040107410003168d2a000a00000e2,2,3,55,322,265,686,555,1.01302,0,0
025040107410003168d2a000a00000e2,2,3,56,322,265,686,555,1.01302,0,0
025040107410003168d2a000a00000e2,2,3,57,322,265,686,555,1.01302,0,0
025040107410003168d2a000a00000e2,2,3,58,322,265,686,555,1.01302,0,0
025040107410003168d2a000a00000e2,2,3,59,322,265,686,555,1.01302,0,0
025040107410003168d2a000a00000e2,2,3,60,322,265,686,555,1.01302,0,0
025040107410003168d2a000a00000e2,2,3,61,322,265,686,555,1.01302,0,0
025040107410003168d2a000a00000e2,2,3,62,322,265,686,555,1.01302,0,0
025040107410003168d2a000a00000e2,2,3,63,322,265,686,555,1.01302,0,0
025040107410003168d2a000a00000e2,2,3,0,322,265,687,556,1.69574,3,0.00176913
025040107410003168d2a000a00000e2,2,3,1,322,265,687,556,1.69574,2,0.00117942
025040107410003168d2a000a00000e2,2,3,2,322,265,687,556,1.69574,7,0.00412798
025040107410003168d2a000a00000e2,2,3,3,322,265,687,556,1.69574,6,0.00353827
025040107410003168d2a000a00000e2,2,3,4,322,265,687,556,1.69574,9,0.0053074
025040107410003168d2a000a00000e2,2,3,5,322,265,687,556,1.69574,2,0.00117942
025040107410003168d2a000a00000e2,2,3,6,322,265,687,556,1.69574,8,0.00471769
025040107410003168d2a000a00000e2,2,3,7,322,265,687,556,1.69574,3,0.00176913
025040107410003168d2a000a00000e2,2,3,8,322,265,687,556,1.69574,7,0.00412798
025040107410003168d2a000a00000e2,2,3,9,322,265,687,556,1.69574,6,0.00353827
025040107410003168d2a000a00000e2,2,3,10,322,265,687,556,1.69574,8,0.00471769
025040107410003168d2a000a00000e2,2,3,11,322,265,687,556,1.69574,7,0.00412798
025040107410003168d2a000a00000e2,2,3,12,322,265,687,556,1.69574,12,0.00707654
025040107410003168d2a000a00000e2,2,3,13,322,265,687,556,1.69574,8,0.00471769
025040107410003168d2a000a00000e2,2,3,14,322,265,687,556,1.69574,8,0.00471769
025040107410003168d2a000a00000e2,2,3,15,322,265,687,556,1.69574,8,0.00471769
025040107410003168d2a000a00000e2,2,3,16,322,265,687,556,1.69574,12,0.00707654
025040107410003168d2a000a00000e2,2,3,17,322,265,687,556,1.69574,8,0.00471769
025040107410003168d2a000a00000e2,2,3,18,322,265,687,556,1.69574,10,0.00589712
025040107410003168d2a000a00000e2,2,3,19,322,265,687,556,1.69574,7,0.00412798
025040107410003168d2a000a00000e2,2,3,20,322,265,687,556,1.69574,10,0.00589712
025040107410003168d2a000a00000e2,2,3,21,322,265,687,556,1.69574,8,0.00471769
025040107410003168d2a000a00000e2,2,3,22,322,265,687,556,1.69574,10,0.00589712
025040107410003168d2a000a00000e2,2,3,23,322,265,687,556,1.69574,8,0.00471769
025040107410003168d2a000a00000e2,2,3,24,322,265,687,556,1.69574,13,0.00766625
025040107410003168d2a000a00000e2,2,3,25,322,265,687,556,1.69574,8,0.00471769
025040107410003168d2a000a00000e2,2,3,26,322,265,687,556,1.69574,13,0.00766625
025040107410003168d2a000a00000e2,2,3,27,322,265,687,556,1.69574,7,0.00412798
025040107410003168d2a000a00000e2,2,3,28,322,265,687,556,1.69574,8,0.00471769
025040107410003168d2a000a00000e2,2,3,29,322,265,687,556,1.69574,6,0.00353827
025040107410003168d2a000a00000e2,2,3,30,322,265,687,556,1.69574,12,0.00707654
025040107410003168d2a000a00000e2,2,3,31,322,265,687,556,1.69574,8,0.00471769
025040107410003168d2a000a00000e2,2,3,32,322,265,687,556,1.69574,11,0.00648683
025040107410003168d2a000a00000e2,2,3,33,322,265,687,556,1.69574,8,0.00471769
025040107410003168d2a000a00000e2,2,3,34,322,265,687,556,1.69574,9,0.0053074
025040107410003168d2a000a00000e2,2,3,35,322,265,687,556,1.69574,8,0.00471769
025040107410003168d2a000a00000e2,2,3,36,322,265,687,556,1.69574,14,0.00825596
025040107410003168d2a000a00000e2,2,3,37,322,265,687,556,1.69574,6,0.00353827
025040107410003168d2a000a00000e2,2,3,38,322,265,687,556,1.69574,11,0.00648683
025040107410003168d2a000a00000e2,2,3,39,322,265,687,556,1.69574,6,0.00353827
025040107410003168d2a000a00000e2,2,3,40,322,265,687,556,1.69574,5,0.00294856
025040107410003168d2a000a00000e2,2,3,41,322,265,687,556,1.69574,6,0.00353827
025040107410003168d2a000a00000e2,2,3,42,322,265,687,556,1.69574,8,0.00471769
025040107410003168d2a000a00000e2,2,3,43,322,265,687,556,1.69574,5,0.00294856
025040107410003168d2a000a00000e2,2,3,44,322,265,687,556,1.69574,8,0.00471769
025040107410003168d2a000a00000e2,2,3,45,322,265,687,556,1.69574,6,0.00353827
025040107410003168d2a000a00000e2,2,3,46,322,265,687,556,1.69574,8,0.00471769
025040107410003168d2a000a00000e2,2,3,47,322,265,687,556,1.69574,2,0.00117942
025040107410003168d2a000a00000e2,2,3,48,322,265,687,556,1.69574,8,0.00471769
025040107410003168d2a000a00000e2,2,3,49,322,265,687,556,1.69574,2,0.00117942
025040107410003168d2a000a00000e2,2,3,50,322,265,687,556,1.69574,4,0.00235885
025040107410003168d2a000a00000e2,2,3,51,322,265,687,556,1.69574,1,0.000589712
025040107410003168d2a000a00000e2,2,3,52,322,265,687,556,1.69574,7,0.00412798
025040107410003168d2a000a00000e2,2,3,53,322,265,687,556,1.69574,0,0
025040107410003168d2a000a00000e2,2,3,54,322,265,687,556,1.69574,0,0
025040107410003168d2a000a00000e2,2,3,55,322,265,687,556,1.69574,0,0
025040107410003168d2a000a00000e2,2,3,56,322,265,687,556,1.69574,3,0.00176913
025040107410003168d2a000a00000e2,2,3,57,322,265,687,556,1.69574,0,0
025040107410003168d2a000a00000e2,2,3,58,322,265,687,556,1.69574,0,0
025040107410003168d2a000a00000e2,2,3,59,322,265,687,556,1.69574,0,0
025040107410003168d2a000a00000e2,2,3,60,322,265,687,556,1.69574,0,0
025040107410003168d2a000a00000e2,2,3,61,322,265,687,556,1.69574,0,0
025040107410003168d2a000a00000e2,2,3,62,322,265,687,556,1.69574,0,0
025040107410003168d2a000a00000e2,2,3,63,322,265,687,556,1.69574,0,0
025040107410003168d2a000a00000e2,2,3,0,322,265,688,556,1.15311,11,0.00953945
025040107410003168d2a000a00000e2,2,3,1,322,265,688,556,1.15311,3,0.00260167
025040107410003168d2a000a00000e2,2,3,2,322,265,688,556,1.15311,16,0.0138756
025040107410003168d2a000a00000e2,2,3,3,322,265,688,556,1.15311,14,0.0121411
025040107410003168d2a000a00000e2,2,3,4,322,265,688,556,1.15311,25,0.0216806
025040107410003168d2a000a00000e2,2,3,5,322,265,688,556,1.15311,4,0.00346889
025040107410003168d2a000a00000e2,2,3,6,322,265,688,556,1.15311,24,0.0208134
025040107410003168d2a000a00000e2,2,3,7,322,265,688,556,1.15311,9,0.00780501
025040107410003168d2a000a00000e2,2,3,8,322,265,688,556,1.15311,18,0.01561
025040107410003168d2a000a00000e2,2,3,9,322,265,688,556,1.15311,14,0.0121411
025040107410003168d2a000a00000e2,2,3,10,322,265,688,556,1.15311,23,0.0199461
025040107410003168d2a000a00000e2,2,3,11,322,265,688,556,1.15311,20,0.0173445
025040107410003168d2a000a00000e2,2,3,12,322,265,688,556,1.15311,29,0.0251495
025040107410003168d2a000a00000e2,2,3,13,322,265,688,556,1.15311,15,0.0130083
025040107410003168d2a000a00000e2,2,3,14,322,265,688,556,1.15311,20,0.0173445
025040107410003168d2a000a00000e2,2,3,15,322,265,688,556,1.15311,20,0.0173445
025040107410003168d2a000a00000e2,2,3,16,322,265,688,556,1.15311,27,0.023415
025040107410003168d2a000a00000e2,2,3,17,322,265,688,556,1.15311,15,0.0130083
025040107410003168d2a000a00000e2,2,3,18,322,265,688,556,1.15311,26,0.0225478
025040107410003168d2a000a00000e2,2,3,19,322,265,688,556,1.15311,14,0.0121411
025040107410003168d2a000a00000e2,2,3,20,322,265,688,556,1.15311,26,0.0225478
025040107410003168d2a000a00000e2,2,3,21,322,265,688,556,1.15311,20,0.0173445
025040107410003168d2a000a00000e2,2,3,22,322,265,688,556,1.15311,26,0.0225478
025040107410003168d2a000a00000e2,2,3,23,322,265,688,556,1.15311,18,0.01561
025040107410003168d2a000a00000e2,2,3,24,322,265,688,556,1.15311,34,0.0294856
025040107410003168d2a000a00000e2,2,3,25,322,265,688,556,1.15311,17,0.0147428
025040107410003168d2a000a00000e2,2,3,26,322,265,688,556,1.15311,29,0.0251495
025040107410003168d2a000a00000e2,2,3,27,322,265,688,556,1.15311,15,0.0130083
025040107410003168d2a000a00000e2,2,3,28,322,265,688,556,1.15311,21,0.0182117
025040107410003168d2a000a00000e2,2,3,29,322,265,688,556,1.15311,12,0.0104067
025040107410003168d2a000a00000e2,2,3,30,322,265,688,556,1.15311,27,0.023415
025040107410003168d2a000a00000e2,2,3,31,322,265,688,556,1.15311,20,0.0173445
025040107410003168d2a000a00000e2,2,3,32,322,265,688,556,1.15311,26,0.0225478
025040107410003168d2a000a00000e2,2,3,33,322,265,688,556,1.15311,21,0.0182117
025040107410003168d2a000a00000e2,2,3,34,322,265,688,556,1.15311,23,0.0199461
025040107410003168d2a000a00000e2,2,3,35,322,265,688,556,1.15311,20,0.0173445
025040107410003168d2a000a00000e2,2,3,36,322,265,688,556,1.15311,35,0.0303528
025040107410003168d2a000a00000e2,2,3,37,322,265,688,556,1.15311,12,0.0104067
025040107410003168d2a000a00000e2,2,3,38,322,265,688,556,1.15311,28,0.0242822
025040107410003168d2a000a00000e2,2,3,39,322,265,688,556,1.15311,12,0.0104067
025040107410003168d2a000a00000e2,2,3,40,322,265,688,556,1.15311,12,0.0104067
025040107410003168d2a000a00000e2,2,3,41,322,265,688,556,1.15311,11,0.00953945
025040107410003168d2a000a00000e2,2,3,42,322,265,688,556,1.15311,20,0.0173445
025040107410003168d2a000a00000e2,2,3,43,322,265,688,556,1.15311,10,0.00867223
025040107410003168d2a000a00000e2,2,3,44,322,265,688,556,1.15311,16,0.0138756
025040107410003168d2a000a00000e2,2,3,45,322,265,688,556,1.15311,11,0.00953945
025040107410003168d2a000a00000e2,2,3,46,322,265,688,556,1.15311,20,0.0173445
025040107410003168d2a000a00000e2,2,3,47,322,265,688,556,1.15311,3,0.00260167
025040107410003168d2a000a00000e2,2,3,48,322,265,688,556,1.15311,14,0.0121411
025040107410003168d2a000a00000e2,2,3,49,322,265,688,556,1.15311,3,0.00260167
025040107410003168d2a000a00000e2,2,3,50,322,265,688,556,1.15311,11,0.00953945
025040107410003168d2a000a00000e2,2,3,51,322,265,688,556,1.15311,3,0.00260167
025040107410003168d2a000a00000e2,2,3,52,322,265,688,556,1.15311,14,0.0121411
025040107410003168d2a000a00000e2,2,3,53,322,265,688,556,1.15311,0,0
025040107410003168d2a000a00000e2,2,3,54,322,265,688,556,1.15311,2,0.00173445
025040107410003168d2a000a00000e2,2,3,55,322,265,688,556,1.15311,0,0
025040107410003168d2a000a00000e2,2,3,56,322,265,688,556,1.15311,4,0.00346889
025040107410003168d2a000a00000e2,2,3,57,322,265,688,556,1.15311,0,0
025040107410003168d2a000a00000e2,2,3,58,322,265,688,556,1.15311,2,0.00173445
025040107410003168d2a000a00000e2,2,3,59,322,265,688,556,1.15311,0,0
025040107410003168d2a000a00000e2,2,3,60,322,265,688,556,1.15311,0,0
025040107410003168d2a000a00000e2,2,3,61,322,265,688,556,1.15311,0,0
025040107410003168d2a000a00000e2,2,3,62,322,265,688,556,1.15311,0,0
025040107410003168d2a000a00000e2,2,3,63,322,265,688,556,1.15311,0,0
025040107410003168d2a000a00000e2,2,3,0,322,265,689,557,1.18997,5,0.00420179
025040107410003168d2a000a00000e2,2,3,1,322,265,689,557,1.18997,2,0.00168071
025040107410003168d2a000a00000e2,2,3,2,322,265,689,557,1.18997,8,0.00672286
025040107410003168d2a000a00000e2,2,3,3,322,265,689,557,1.18997,8,0.00672286
025040107410003168d2a000a00000e2,2,3,4,322,265,689,557,1.18997,11,0.00924393
025040107410003168d2a000a00000e2,2,3,5,322,265,689,557,1.18997,3,0.00252107
025040107410003168d2a000a00000e2,2,3,6,322,265,689,557,1.18997,11,0.00924393
025040107410003168d2a000a00000e2,2,3,7,322,265,689,557,1.18997,4,0.00336143
025040107410003168d2a000a00000e2,2,3,8,322,265,689,557,1.18997,10,0.00840357
025040107410003168d2a000a00000e2,2,3,9,322,265,689,557,1.18997,8,0.00672286
025040107410003168d2a000a00000e2,2,3,10,322,265,689,557,1.18997,10,0.00840357
025040107410003168d2a000a00000e2,2,3,11,322,265,689,557,1.18997,11,0.00924393
025040107410003168d2a000a00000e2,2,3,12,322,265,689,557,1.18997,16,0.0134457
025040107410003168d2a000a00000e2,2,3,13,322,265,689,557,1.18997,8,0.00672286
025040107410003168d2a000a00000e2,2,3,14,322,265,689,557,1.18997,10,0.00840357
025040107410003168d2a000a00000e2,2,3,15,322,265,689,557,1.18997,11,0.00924393
025040107410003168d2a000a00000e2,2,3,16,322,265,689,557,1.18997,14,0.011765
025040107410003168d2a000a00000e2,2,3,17,322,265,689,557,1.18997,8,0.00672286
025040107410003168d2a000a00000e2,2,3,18,322,265,689,557,1.18997,12,0.0100843
025040107410003168d2a000a00000e2,2,3,19,322,265,689,557,1.18997,8,0.00672286
025040107410003168d2a000a00000e2,2,3,20,322,265,689,557,1.18997,13,0.0109246
025040107410003168d2a000a00000e2,2,3,21,322,265,689,557,1.18997,11,0.00924393
025040107410003168d2a000a00000e2,2,3,22,322,265,689,557,1.18997,12,0.0100843
025040107410003168d2a000a00000e2,2,3,23,322,265,689,557,1.18997,11,0.00924393
025040107410003168d2a000a00000e2,2,3,24,322,265,689,557,1.18997,17,0.0142861
025040107410003168d2a000a00000e2,2,3,25,322,265,689,557,1.18997,8,0.00672286
025040107410003168d2a000a00000e2,2,3,26,322,265,689,557,1.18997,16,0.0134457
025040107410003168d2a000a00000e2,2,3,27,322,265,689,557,1.18997,8,0.00672286
025040107410003168d2a000a00000e2,2,3,28,322,265,689,557,1.18997,11,0.00924393
025040107410003168d2a000a00000e2,2,3,29,322,265,689,557,1.18997,7,0.0058825
025040107410003168d2a000a00000e2,2,3,30,322,265,689,557,1.18997,14,0.011765
025040107410003168d2a000a00000e2,2,3,31,322,265,689,557,1.18997,11,0.00924393
025040107410003168d2a000a00000e2,2,3,32,322,265,689,557,1.18997,14,0.011765
025040107410003168d2a000a00000e2,2,3,33,322,265,689,557,1.18997,11,0.00924393
025040107410003168d2a000a00000e2,2,3,34,322,265,689,557,1.18997,11,0.00924393
025040107410003168d2a000a00000e2,2,3,35,322,265,689,557,1.18997,11,0.00924393
025040107410003168d2a000a00000e2,2,3,36,322,265,689,557,1.18997,18,0.0151264
025040107410003168d2a000a00000e2,2,3,37,322,265,689,557,1.18997,7,0.0058825
025040107410003168d2a000a00000e2,2,3,38,322,265,689,557,1.18997,14,0.011765
025040107410003168d2a000a00000e2,2,3,39,322,265,689,557,1.18997,8,0.00672286
025040107410003168d2a000a00000e2,2,3,40,322,265,689,557,1.18997,6,0.00504214
025040107410003168d2a000a00000e2,2,3,41,322,265,689,557,1.18997,7,0.0058825
025040107410003168d2a000a00000e2,2,3,42,322,265,689,557,1.18997,12,0.0100843
025040107410003168d2a000a00000e2,2,3,43,322,265,689,557,1.18997,7,0.0058825
025040107410003168d2a000a00000e2,2,3,44,322,265,689,557,1.18997,9,0.00756322
025040107410003168d2a000a00000e2,2,3,45,322,265,689,557,1.18997,7,0.0058825
025040107410003168d2a000a00000e2,2,3,46,322,265,689,557,1.18997,12,0.0100843
025040107410003168d2a000a00000e2,2,3,47,322,265,689,557,1.18997,2,0.00168071
025040107410003168d2a000a00000e2,2,3,48,322,265,689,557,1.18997,9,0.00756322
025040107410003168d2a000a00000e2,2,3,49,322,265,689,557,1.18997,1,0.000840357
025040107410003168d2a000a00000e2,2,3,50,322,265,689,557,1.18997,4,0.00336143
025040107410003168d2a000a00000e2,2,3,51,322,265,689,557,1.18997,2,0.00168071
025040107410003168d2a000a00000e2,2,3,52,322,265,689,557,1.18997,8,0.00672286
025040107410003168d2a000a00000e2,2,3,53,322,265,689,557,1.18997,0,0
025040107410003168d2a000a00000e2,2,3,54,322,265,689,557,1.18997,0,0
025040107410003168d2a000a00000e2,2,3,55,322,265,689,557,1.18997,0,0
025040107410003168d2a000a00000e2,2,3,56,322,265,689,557,1.18997,3,0.00252107
025040107410003168d2a000a00000e2,2,3,57,322,265,689,557,1.18997,0,0
025040107410003168d2a000a00000e2,2,3,58,322,265,689,557,1.18997,1,0.000840357
025040107410003168d2a000a00000e2,2,3,59,322,265,689,557,1.18997,0,0
025040107410003168d2a000a00000e2,2,3,60,322,265,689,557,1.18997,0,0
025040107410003168d2a000a00000e2,2,3,61,322,265,689,557,1.18997,0,0
025040107410003168d2a000a00000e2,2,3,62,322,265,689,557,1.18997,0,0
025040107410003168d2a000a00000e2,2,3,63,322,265,689,557,1.18997,0,0
025040107410003168d2a000a00000e2,2,3,0,322,265,690,558,1.13836,10,0.00878456
025040107410003168d2a000a00000e2,2,3,1,322,265,690,558,1.13836,1,0.000878456
025040107410003168d2a000a00000e2,2,3,2,322,265,690,558,1.13836,17,0.0149338
025040107410003168d2a000a00000e2,2,3,3,322,265,690,558,1.13836,11,0.00966302
025040107410003168d2a000a00000e2,2,3,4,322,265,690,558,1.13836,20,0.0175691
025040107410003168d2a000a00000e2,2,3,5,322,265,690,558,1.13836,2,0.00175691
025040107410003168d2a000a00000e2,2,3,6,322,265,690,558,1.13836,20,0.0175691
025040107410003168d2a000a00000e2,2,3,7,322,265,690,558,1.13836,7,0.0061492
025040107410003168d2a000a00000e2,2,3,8,322,265,690,558,1.13836,17,0.0149338
025040107410003168d2a000a00000e2,2,3,9,322,265,690,558,1.13836,15,0.0131768
025040107410003168d2a000a00000e2,2,3,10,322,265,690,558,1.13836,19,0.0166907
025040107410003168d2a000a00000e2,2,3,11,322,265,690,558,1.13836,19,0.0166907
025040107410003168d2a000a00000e2,2,3,12,322,265,690,558,1.13836,27,0.0237183
025040107410003168d2a000a00000e2,2,3,13,322,265,690,558,1.13836,15,0.0131768
025040107410003168d2a000a00000e2,2,3,14,322,265,690,558,1.13836,19,0.0166907
025040107410003168d2a000a00000e2,2,3,15,322,265,690,558,1.13836,18,0.0158122
025040107410003168d2a000a00000e2,2,3,16,322,265,690,558,1.13836,25,0.0219614
025040107410003168d2a000a00000e2,2,3,17,322,265,690,558,1.13836,14,0.0122984
025040107410003168d2a000a00000e2,2,3,18,322,265,690,558,1.13836,20,0.0175691
025040107410003168d2a000a00000e2,2,3,19,322,265,690,558,1.13836,14,0.0122984
025040107410003168d2a000a00000e2,2,3,20,322,265,690,558,1.13836,24,0.021083
025040107410003168d2a000a00000e2,2,3,21,322,265,690,558,1.13836,17,0.0149338
025040107410003168d2a000a00000e2,2,3,22,322,265,690,558,1.13836,21,0.0184476
025040107410003168d2a000a00000e2,2,3,23,322,265,690,558,1.13836,17,0.0149338
025040107410003168d2a000a00000e2,2,3,24,322,265,690,558,1.13836,29,0.0254752
025040107410003168d2a000a00000e2,2,3,25,322,265,690,558,1.13836,14,0.0122984
025040107410003168d2a000a00000e2,2,3,26,322,265,690,558,1.13836,25,0.0219614
025040107410003168d2a000a00000e2,2,3,27,322,265,690,558,1.13836,14,0.0122984
025040107410003168d2a000a00000e2,2,3,28,322,265,690,558,1.13836,18,0.0158122
025040107410003168d2a000a00000e2,2,3,29,322,265,690,558,1.13836,10,0.00878456
025040107410003168d2a000a00000e2,2,3,30,322,265,690,558,1.13836,25,0.0219614
025040107410003168d2a000a00000e2,2,3,31,322,265,690,558,1.13836,18,0.0158122
025040107410003168d2a000a00000e2,2,3,32,322,265,690,558,1.13836,25,0.0219614
025040107410003168d2a000a00000e2,2,3,33,322,265,690,558,1.13836,18,0.0158122
025040107410003168d2a000a00000e2,2,3,34,322,265,690,558,1.13836,19,0.0166907
025040107410003168d2a000a00000e2,2,3,35,322,265,690,558,1.13836,17,0.0149338
025040107410003168d2a000a00000e2,2,3,36,322,265,690,558,1.13836,29,0.0254752
025040107410003168d2a000a00000e2,2,3,37,322,265,690,558,1.13836,12,0.0105415
025040107410003168d2a000a00000e2,2,3,38,322,265,690,558,1.13836,25,0.0219614
025040107410003168d2a000a00000e2,2,3,39,322,265,690,558,1.13836,11,0.00966302
025040107410003168d2a000a00000e2,2,3,40,322,265,690,558,1.13836,11,0.00966302
025040107410003168d2a000a00000e2,2,3,41,322,265,690,558,1.13836,11,0.00966302
025040107410003168d2a000a00000e2,2,3,42,322,265,690,558,1.13836,18,0.0158122
025040107410003168d2a000a00000e2,2,3,43,322,265,690,558,1.13836,8,0.00702765
025040107410003168d2a000a00000e2,2,3,44,322,265,690,558,1.13836,15,0.0131768
025040107410003168d2a000a00000e2,2,3,45,322,265,690,558,1.13836,9,0.00790611
025040107410003168d2a000a00000e2,2,3,46,322,265,690,558,1.13836,19,0.0166907
025040107410003168d2a000a00000e2,2,3,47,322,265,690,558,1.13836,2,0.00175691
025040107410003168d2a000a00000e2,2,3,48,322,265,690,558,1.13836,14,0.0122984
025040107410003168d2a000a00000e2,2,3,49,322,265,690,558,1.13836,1,0.000878456
025040107410003168d2a000a00000e2,2,3,50,322,265,690,558,1.13836,7,0.0061492
025040107410003168d2a000a00000e2,2,3,51,322,265,690,558,1.13836,1,0.000878456
025040107410003168d2a000a00000e2,2,3,52,322,265,690,558,1.13836,13,0.0114199
025040107410003168d2a000a00000e2,2,3,53,322,265,690,558,1.13836,0,0
025040107410003168d2a000a00000e2,2,3,54,322,265,690,558,1.13836,0,0
025040107410003168d2a000a00000e2,2,3,55,322,265,690,558,1.13836,0,0
025040107410003168d2a000a00000e2,2,3,56,322,265,690,558,1.13836,2,0.00175691
025040107410003168d2a000a00000e2,2,3,57,322,265,690,558,1.13836,0,0
025040107410003168d2a000a00000e2,2,3,58,322,265,690,558,1.13836,1,0.000878456
025040107410003168d2a000a00000e2,2,3,59,322,265,690,558,1.13836,0,0
025040107410003168d2a000a00000e2,2,3,60,322,265,690,558,1.13836,0,0
025040107410003168d2a000a00000e2,2,3,61,322,265,690,558,1.13836,0,0
025040107410003168d2a000a00000e2,2,3,62,322,265,690,558,1.13836,0,0
025040107410003168d2a000a00000e2,2,3,63,322,265,690,558,1.13836,0,0
025040107410003168d2a000a00000e2,2,3,0,322,265,691,559,1.12214,6,0.00534693
025040107410003168d2a000a00000e2,2,3,1,322,265,691,559,1.12214,1,0.000891154
025040107410003168d2a000a00000e2,2,3,2,322,265,691,559,1.12214,9,0.00802039
025040107410003168d2a000a00000e2,2,3,3,322,265,691,559,1.12214,8,0.00712923
025040107410003168d2a000a00000e2,2,3,4,322,265,691,559,1.12214,12,0.0106939
025040107410003168d2a000a00000e2,2,3,5,322,265,691,559,1.12214,1,0.000891154
025040107410003168d2a000a00000e2,2,3,6,322,265,691,559,1.12214,12,0.0106939
025040107410003168d2a000a00000e2,2,3,7,322,265,691,559,1.12214,6,0.00534693
025040107410003168d2a000a00000e2,2,3,8,322,265,691,559,1.12214,12,0.0106939
025040107410003168d2a000a00000e2,2,3,9,322,265,691,559,1.12214,8,0.00712923
025040107410003168d2a000a00000e2,2,3,10,322,265,691,559,1.12214,12,0.0106939
025040107410003168d2a000a00000e2,2,3,11,322,265,691,559,1.12214,11,0.0098027
025040107410003168d2a000a00000e2,2,3,12,322,265,691,559,1.12214,14,0.0124762
025040107410003168d2a000a00000e2,2,3,13,322,265,691,559,1.12214,9,0.00802039
025040107410003168d2a000a00000e2,2,3,14,322,265,691,559,1.12214,12,0.0106939
025040107410003168d2a000a00000e2,2,3,15,322,265,691,559,1.12214,10,0.00891154
025040107410003168d2a000a00000e2,2,3,16,322,265,691,559,1.12214,12,0.0106939
025040107410003168d2a000a00000e2,2,3,17,322,265,691,559,1.12214,9,0.00802039
025040107410003168d2a000a00000e2,2,3,18,322,265,691,559,1.12214,12,0.0106939
025040107410003168d2a000a00000e2,2,3,19,322,265,691,559,1.12214,9,0.00802039
025040107410003168d2a000a00000e2,2,3,20,322,265,691,559,1.12214,12,0.0106939
025040107410003168d2a000a00000e2,2,3,21,322,265,691,559,1.12214,10,0.00891154
025040107410003168d2a000a00000e2,2,3,22,322,265,691,559,1.12214,12,0.0106939
025040107410003168d2a000a00000e2,2,3,23,322,265,691,559,1.12214,9,0.00802039
025040107410003168d2a000a00000e2,2,3,24,322,265,691,559,1.12214,15,0.0133673
025040107410003168d2a000a00000e2,2,3,25,322,265,691,559,1.12214,9,0.00802039
025040107410003168d2a000a00000e2,2,3,26,322,265,691,559,1.12214,13,0.011585
025040107410003168d2a000a00000e2,2,3,27,322,265,691,559,1.12214,9,0.00802039
025040107410003168d2a000a00000e2,2,3,28,322,265,691,559,1.12214,12,0.0106939
025040107410003168d2a000a00000e2,2,3,29,322,265,691,559,1.12214,7,0.00623808
025040107410003168d2a000a00000e2,2,3,30,322,265,691,559,1.12214,13,0.011585
025040107410003168d2a000a00000e2,2,3,31,322,265,691,559,1.12214,9,0.00802039
025040107410003168d2a000a00000e2,2,3,32,322,265,691,559,1.12214,13,0.011585
025040107410003168d2a000a00000e2,2,3,33,322,265,691,559,1.12214,10,0.00891154
025040107410003168d2a000a00000e2,2,3,34,322,265,691,559,1.12214,12,0.0106939
025040107410003168d2a000a00000e2,2,3,35,322,265,691,559,1.12214,10,0.00891154
025040107410003168d2a000a00000e2,2,3,36,322,265,691,559,1.12214,16,0.0142585
025040107410003168d2a000a00000e2,2,3,37,322,265,691,559,1.12214,8,0.00712923
025040107410003168d2a000a00000e2,2,3,38,322,265,691,559,1.12214,12,0.0106939
025040107410003168d2a000a00000e2,2,3,39,322,265,691,559,1.12214,8,0.00712923
025040107410003168d2a000a00000e2,2,3,40,322,265,691,559,1.12214,6,0.00534693
025040107410003168d2a000a00000e2,2,3,41,322,265,691,559,1.12214,8,0.00712923
025040107410003168d2a000a00000e2,2,3,42,322,265,691,559,1.12214,12,0.0106939
025040107410003168d2a000a00000e2,2,3,43,322,265,691,559,1.12214,5,0.00445577
025040107410003168d2a000a00000e2,2,3,44,322,265,691,559,1.12214,9,0.00802039
025040107410003168d2a000a00000e2,2,3,45,322,265,691,559,1.12214,8,0.00712923
025040107410003168d2a000a00000e2,2,3,46,322,265,691,559,1.12214,12,0.0106939
025040107410003168d2a000a00000e2,2,3,47,322,265,691,559,1.12214,0,0
025040107410003168d2a000a00000e2,2,3,48,322,265,691,559,1.12214,9,0.00802039
025040107410003168d2a000a00000e2,2,3,49,322,265,691,559,1.12214,0,0
025040107410003168d2a000a00000e2,2,3,50,322,265,691,559,1.12214,4,0.00356462
025040107410003168d2a000a00000e2,2,3,51,322,265,691,559,1.12214,0,0
025040107410003168d2a000a00000e2,2,3,52,322,265,691,559,1.12214,8,0.00712923
025040107410003168d2a000a00000e2,2,3,53,322,265,691,559,1.12214,0,0
025040107410003168d2a000a00000e2,2,3,54,322,265,691,559,1.12214,0,0
025040107410003168d2a000a00000e2,2,3,55,322,265,691,559,1.12214,0,0
025040107410003168d2a000a00000e2,2,3,56,322,265,691,559,1.12214,1,0.000891154
025040107410003168d2a000a00000e2,2,3,57,322,265,691,559,1.12214,0,0
025040107410003168d2a000a00000e2,2,3,58,322,265,691,559,1.12214,0,0
025040107410003168d2a000a00000e2,2,3,59,322,265,691,559,1.12214,0,0
025040107410003168d2a000a00000e2,2,3,60,322,265,691,559,1.12214,0,0
025040107410003168d2a000a00000e2,2,3,61,322,265,691,559,1.12214,0,0
025040107410003168d2a000a00000e2,2,3,62,322,265,691,559,1.12214,0,0
025040107410003168d2a000a00000e2,2,3,63,322,265,691,559,1.12214,0,0
025040107410003168d2a000a00000e2,2,3,0,322,265,692,559,1.08528,0,0
025040107410003168d2a000a00000e2,2,3,1,322,265,692,559,1.08528,0,0
025040107410003168d2a000a00000e2,2,3,2,322,265,692,559,1.08528,0,0
025040107410003168d2a000a00000e2,2,3,3,322,265,692,559,1.08528,0,0
025040107410003168d2a000a00000e2,2,3,4,322,265,692,559,1.08528,0,0
025040107410003168d2a000a00000e2,2,3,5,322,265,692,559,1.08528,0,0
025040107410003168d2a000a00000e2,2,3,6,322,265,692,559,1.08528,0,0
025040107410003168d2a000a00000e2,2,3,7,322,265,692,559,1.08528,0,0
025040107410003168d2a000a00000e2,2,3,8,322,265,692,559,1.08528,0,0
025040107410003168d2a000a00000e2,2,3,9,322,265,692,559,1.08528,0,0
025040107410003168d2a000a00000e2,2,3,10,322,265,692,559,1.08528,0,0
025040107410003168d2a000a00000e2,2,3,11,322,265,692,559,1.08528,0,0
025040107410003168d2a000a00000e2,2,3,12,322,265,692,559,1.08528,0,0
025040107410003168d2a000a00000e2,2,3,13,322,265,692,559,1.08528,0,0
025040107410003168d2a000a00000e2,2,3,14,322,265,692,559,1.08528,0,0
025040107410003168d2a000a00000e2,2,3,15,322,265,692,559,1.08528,0,0
025040107410003168d2a000a00000e2,2,3,16,322,265,692,559,1.08528,0,0
025040107410003168d2a000a00000e2,2,3,17,322,265,692,559,1.08528,0,0
025040107410003168d2a000a00000e2,2,3,18,322,265,692,559,1.08528,0,0
025040107410003168d2a000a00000e2,2,3,19,322,265,692,559,1.08528,0,0
025040107410003168d2a000a00000e2,2,3,20,322,265,692,559,1.08528,0,0
025040107410003168d2a000a00000e2,2,3,21,322,265,692,559,1.08528,0,0
025040107410003168d2a000a00000e2,2,3,22,322,265,692,559,1.08528,0,0
025040107410003168d2a000a00000e2,2,3,23,322,265,692,559,1.08528,0,0
025040107410003168d2a000a00000e2,2,3,24,322,265,692,559,1.08528,0,0
025040107410003168d2a000a00000e2,2,3,25,322,265,692,559,1.08528,0,0
025040107410003168d2a000a00000e2,2,3,26,322,265,692,559,1.08528,0,0
025040107410003168d2a000a00000e2,2,3,27,322,265,692,559,1.08528,0,0
025040107410003168d2a000a00000e2,2,3,28,322,265,692,559,1.08528,0,0
025040107410003168d2a000a00000e2,2,3,29,322,265,692,559,1.08528,0,0
025040107410003168d2a000a00000e2,2,3,30,322,265,692,559,1.08528,0,0
025040107410003168d2a000a00000e2,2,3,31,322,265,692,559,1.08528,0,0
025040107410003168d2a000a00000e2,2,3,32,322,265,692,559,1.08528,0,0
025040107410003168d2a000a00000e2,2,3,33,322,265,692,559,1.08528,0,0
025040107410003168d2a000a00000e2,2,3,34,322,265,692,559,1.08528,0,0
025040107410003168d2a000a00000e2,2,3,35,322,265,692,559,1.08528,0,0
025040107410003168d2a000a00000e2,2,3,36,322,265,692,559,1.08528,0,0
025040107410003168d2a000a00000e2,2,3,37,322,265,692,559,1.08528,0,0
025040107410003168d2a000a00000e2,2,3,38,322,265,692,559,1.08528,0,0
025040107410003168d2a000a00000e2,2,3,39,322,265,692,559,1.08528,0,0
025040107410003168d2a000a00000e2,2,3,40,322,265,692,559,1.08528,0,0
025040107410003168d2a000a00000e2,2,3,41,322,265,692,559,1.08528,0,0
025040107410003168d2a000a00000e2,2,3,42,322,265,692,559,1.08528,0,0
025040107410003168d2a000a00000e2,2,3,43,322,265,692,559,1.08528,0,0
025040107410003168d2a000a00000e2,2,3,44,322,265,692,559,1.08528,0,0
025040107410003168d2a000a00000e2,2,3,45,322,265,692,559,1.08528,0,0
025040107410003168d2a000a00000e2,2,3,46,322,265,692,559,1.08528,0,0
025040107410003168d2a000a00000e2,2,3,47,322,265,692,559,1.08528,0,0
025040107410003168d2a000a00000e2,2,3,48,322,265,692,559,1.08528,0,0
025040107410003168d2a000a00000e2,2,3,49,322,265,692,559,1.08528,0,0
025040107410003168d2a000a00000e2,2,3,50,322,265,692,559,1.08528,0,0
025040107410003168d2a000a00000e2,2,3,51,322,265,692,559,1.08528,0,0
025040107410003168d2a000a00000e2,2,3,52,322,265,692,559,1.08528,0,0
025040107410003168d2a000a00000e2,2,3,53,322,265,692,559,1.08528,0,0
025040107410003168d2a000a00000e2,2,3,54,322,265,692,559,1.08528,0,0
025040107410003168d2a000a00000e2,2,3,55,322,265,692,559,1.08528,0,0
025040107410003168d2a000a00000e2,2,3,56,322,265,692,559,1.08528,0,0
025040107410003168d2a000a00000e2,2,3,57,322,265,692,559,1.08528,0,0
025040107410003168d2a000a00000e2,2,3,58,322,265,692,559,1.08528,0,0
025040107410003168d2a000a00000e2,2,3,59,322,265,692,559,1.08528,0,0
025040107410003168d2a000a00000e2,2,3,60,322,265,692,559,1.08528,0,0
025040107410003168d2a000a00000e2,2,3,61,322,265,692,559,1.08528,0,0
025040107410003168d2a000a00000e2,2,3,62,322,265,692,559,1.08528,0,0
025040107410003168d2a000a00000e2,2,3,63,322,265,692,559,1.08528,0,0
025040107410003168d2a000a00000e2,2,3,0,322,265,693,560,1.41115,5,0.0035432
025040107410003168d2a000a00000e2,2,3,1,322,265,693,560,1.41115,1,0.00070864
025040107410003168d2a000a00000e2,2,3,2,322,265,693,560,1.41115,16,0.0113382
025040107410003168d2a000a00000e2,2,3,3,322,265,693,560,1.41115,7,0.00496048
025040107410003168d2a000a00000e2,2,3,4,322,265,693,560,1.41115,17,0.0120469
025040107410003168d2a000a00000e2,2,3,5,322,265,693,560,1.41115,2,0.00141728
025040107410003168d2a000a00000e2,2,3,6,322,265,693,560,1.41115,16,0.0113382
025040107410003168d2a000a00000e2,2,3,7,322,265,693,560,1.41115,4,0.00283456
025040107410003168d2a000a00000e2,2,3,8,322,265,693,560,1.41115,16,0.0113382
025040107410003168d2a000a00000e2,2,3,9,322,265,693,560,1.41115,9,0.00637776
025040107410003168d2a000a00000e2,2,3,10,322,265,693,560,1.41115,16,0.0113382
025040107410003168d2a000a00000e2,2,3,11,322,265,693,560,1.41115,16,0.0113382
025040107410003168d2a000a00000e2,2,3,12,322,265,693,560,1.41115,17,0.0120469
025040107410003168d2a000a00000e2,2,3,13,322,265,693,560,1.41115,10,0.0070864
025040107410003168d2a000a00000e2,2,3,14,322,265,693,560,1.41115,16,0.0113382
025040107410003168d2a000a00000e2,2,3,15,322,265,693,560,1.41115,16,0.0113382
025040107410003168d2a000a00000e2,2,3,16,322,265,693,560,1.41115,17,0.0120469
025040107410003168d2a000a00000e2,2,3,17,322,265,693,560,1.41115,9,0.00637776
025040107410003168d2a000a00000e2,2,3,18,322,265,693,560,1.41115,17,0.0120469
025040107410003168d2a000a00000e2,2,3,19,322,265,693,560,1.41115,10,0.0070864
025040107410003168d2a000a00000e2,2,3,20,322,265,693,560,1.41115,17,0.0120469
025040107410003168d2a000a00000e2,2,3,21,322,265,693,560,1.41115,15,0.0106296
025040107410003168d2a000a00000e2,2,3,22,322,265,693,560,1.41115,18,0.0127555
025040107410003168d2a000a00000e2,2,3,23,322,265,693,560,1.41115,15,0.0106296
025040107410003168d2a000a00000e2,2,3,24,322,265,693,560,1.41115,19,0.0134642
025040107410003168d2a000a00000e2,2,3,25,322,265,693,560,1.41115,11,0.00779504
025040107410003168d2a000a00000e2,2,3,26,322,265,693,560,1.41115,18,0.0127555
025040107410003168d2a000a00000e2,2,3,27,322,265,693,560,1.41115,10,0.0070864
025040107410003168d2a000a00000e2,2,3,28,322,265,693,560,1.41115,16,0.0113382
025040107410003168d2a000a00000e2,2,3,29,322,265,693,560,1.41115,5,0.0035432
025040107410003168d2a000a00000e2,2,3,30,322,265,693,560,1.41115,18,0.0127555
025040107410003168d2a000a00000e2,2,3,31,322,265,693,560,1.41115,15,0.0106296
025040107410003168d2a000a00000e2,2,3,32,322,265,693,560,1.41115,18,0.0127555
025040107410003168d2a000a00000e2,2,3,33,322,265,693,560,1.41115,16,0.0113382
025040107410003168d2a000a00000e2,2,3,34,322,265,693,560,1.41115,16,0.0113382
025040107410003168d2a000a00000e2,2,3,35,322,265,693,560,1.41115,15,0.0106296
025040107410003168d2a000a00000e2,2,3,36,322,265,693,560,1.41115,19,0.0134642
025040107410003168d2a000a00000e2,2,3,37,322,265,693,560,1.41115,6,0.00425184
025040107410003168d2a000a00000e2,2,3,38,322,265,693,560,1.41115,18,0.0127555
025040107410003168d2a000a00000e2,2,3,39,322,265,693,560,1.41115,6,0.00425184
025040107410003168d2a000a00000e2,2,3,40,322,265,693,560,1.41115,5,0.0035432
025040107410003168d2a000a00000e2,2,3,41,322,265,693,560,1.41115,6,0.00425184
025040107410003168d2a000a00000e2,2,3,42,322,265,693,560,1.41115,16,0.0113382
025040107410003168d2a000a00000e2,2,3,43,322,265,693,560,1.41115,5,0.0035432
025040107410003168d2a000a00000e2,2,3,44,322,265,693,560,1.41115,12,0.00850368
025040107410003168d2a000a00000e2,2,3,45,322,265,693,560,1.41115,5,0.0035432
025040107410003168d2a000a00000e2,2,3,46,322,265,693,560,1.41115,16,0.0113382
025040107410003168d2a000a00000e2,2,3,47,322,265,693,560,1.41115,1,0.00070864
025040107410003168d2a000a00000e2,2,3,48,322,265,693,560,1.41115,10,0.0070864
025040107410003168d2a000a00000e2,2,3,49,322,265,693,560,1.41115,1,0.00070864
025040107410003168d2a000a00000e2,2,3,50,322,265,693,560,1.41115,4,0.00283456
025040107410003168d2a000a00000e2,2,3,51,322,265,693,560,1.41115,1,0.00070864
025040107410003168d2a000a00000e2,2,3,52,322,265,693,560,1.41115,9,0.00637776
025040107410003168d2a000a00000e2,2,3,53,322,265,693,560,1.41115,0,0
025040107410003168d2a000a00000e2,2,3,54,322,265,693,560,1.41115,0,0
025040107410003168d2a000a00000e2,2,3,55,322,265,693,560,1.41115,0,0
025040107410003168d2a000a00000e2,2,3,56,322,265,693,560,1.41115,2,0.00141728
025040107410003168d2a000a00000e2,2,3,57,322,265,693,560,1.41115,0,0
025040107410003168d2a000a00000e2,2,3,58,322,265,693,560,1.41115,0,0
025040107410003168d2a000a00000e2,2,3,59,322,265,693,560,1.41115,0,0
025040107410003168d2a000a00000e2,2,3,60,322,265,693,560,1.41115,0,0
025040107410003168d2a000a00000e2,2,3,61,322,265,693,560,1.41115,0,0
025040107410003168d2a000a00000e2,2,3,62,322,265,693,560,1.41115,0,0
025040107410003168d2a000a00000e2,2,3,63,322,265,693,560,1.41115,0,0
025040107410003168d2a000a00000e2,2,3,0,322,265,694,561,1.30941,2,0.00152741
025040107410003168d2a000a00000e2,2,3,1,322,265,694,561,1.30941,0,0
025040107410003168d2a000a00000e2,2,3,2,322,265,694,561,1.30941,5,0.00381852
025040107410003168d2a000a00000e2,2,3,3,322,265,694,561,1.30941,4,0.00305481
025040107410003168d2a000a00000e2,2,3,4,322,265,694,561,1.30941,11,0.00840073
025040107410003168d2a000a00000e2,2,3,5,322,265,694,561,1.30941,0,0
025040107410003168d2a000a00000e2,2,3,6,322,265,694,561,1.30941,11,0.00840073
025040107410003168d2a000a00000e2,2,3,7,322,265,694,561,1.30941,1,0.000763703
025040107410003168d2a000a00000e2,2,3,8,322,265,694,561,1.30941,7,0.00534592
025040107410003168d2a000a00000e2,2,3,9,322,265,694,561,1.30941,5,0.00381852
025040107410003168d2a000a00000e2,2,3,10,322,265,694,561,1.30941,9,0.00687333
025040107410003168d2a000a00000e2,2,3,11,322,265,694,561,1.30941,6,0.00458222
025040107410003168d2a000a00000e2,2,3,12,322,265,694,561,1.30941,11,0.00840073
025040107410003168d2a000a00000e2,2,3,13,322,265,694,561,1.30941,5,0.00381852
025040107410003168d2a000a00000e2,2,3,14,322,265,694,561,1.30941,8,0.00610963
025040107410003168d2a000a00000e2,2,3,15,322,265,694,561,1.30941,5,0.00381852
025040107410003168d2a000a00000e2,2,3,16,322,265,694,561,1.30941,10,0.00763703
025040107410003168d2a000a00000e2,2,3,17,322,265,694,561,1.30941,5,0.00381852
025040107410003168d2a000a00000e2,2,3,18,322,265,694,561,1.30941,10,0.00763703
025040107410003168d2a000a00000e2,2,3,19,322,265,694,561,1.30941,5,0.00381852
025040107410003168d2a000a00000e2,2,3,20,322,265,694,561,1.30941,10,0.00763703
025040107410003168d2a000a00000e2,2,3,21,322,265,694,561,1.30941,5,0.00381852
025040107410003168d2a000a00000e2,2,3,22,322,265,694,561,1.30941,10,0.00763703
025040107410003168d2a000a00000e2,2,3,23,322,265,694,561,1.30941,5,0.00381852
025040107410003168d2a000a00000e2,2,3,24,322,265,694,561,1.30941,11,0.00840073
025040107410003168d2a000a00000e2,2,3,25,322,265,694,561,1.30941,5,0.00381852
025040107410003168d2a000a00000e2,2,3,26,322,265,694,561,1.30941,10,0.00763703
025040107410003168d2a000a00000e2,2,3,27,322,265,694,561,1.30941,5,0.00381852
025040107410003168d2a000a00000e2,2,3,28,322,265,694,561,1.30941,7,0.00534592
025040107410003168d2a000a00000e2,2,3,29,322,265,694,561,1.30941,3,0.00229111
025040107410003168d2a000a00000e2,2,3,30,322,265,694,561,1.30941,10,0.00763703
025040107410003168d2a000a00000e2,2,3,31,322,265,694,561,1.30941,5,0.00381852
025040107410003168d2a000a00000e2,2,3,32,322,265,694,561,1.30941,10,0.00763703
025040107410003168d2a000a00000e2,2,3,33,322,265,694,561,1.30941,5,0.00381852
025040107410003168d2a000a00000e2,2,3,34,322,265,694,561,1.30941,9,0.00687333
025040107410003168d2a000a00000e2,2,3,35,322,265,694,561,1.30941,5,0.00381852
025040107410003168d2a000a00000e2,2,3,36,322,265,694,561,1.30941,11,0.00840073
025040107410003168d2a000a00000e2,2,3,37,322,265,694,561,1.30941,3,0.00229111
025040107410003168d2a000a00000e2,2,3,38,322,265,694,561,1.30941,10,0.00763703
025040107410003168d2a000a00000e2,2,3,39,322,265,694,561,1.30941,3,0.00229111
025040107410003168d2a000a00000e2,2,3,40,322,265,694,561,1.30941,2,0.00152741
025040107410003168d2a000a00000e2,2,3,41,322,265,694,561,1.30941,2,0.00152741
025040107410003168d2a000a00000e2,2,3,42,322,265,694,561,1.30941,6,0.00458222
025040107410003168d2a000a00000e2,2,3,43,322,265,694,561,1.30941,1,0.000763703
025040107410003168d2a000a00000e2,2,3,44,322,265,694,561,1.30941,5,0.00381852
025040107410003168d2a000a00000e2,2,3,45,322,265,694,561,1.30941,2,0.00152741
025040107410003168d2a000a00000e2,2,3,46,322,265,694,561,1.30941,7,0.00534592
025040107410003168d2a000a00000e2,2,3,47,322,265,694,561,1.30941,0,0
025040107410003168d2a000a00000e2,2,3,48,322,265,694,561,1.30941,5,0.00381852
025040107410003168d2a000a00000e2,2,3,49,322,265,694,561,1.30941,0,0
025040107410003168d2a000a00000e2,2,3,50,322,265,694,561,1.30941,1,0.000763703
025040107410003168d2a000a00000e2,2,3,51,322,265,694,561,1.30941,0,0
025040107410003168d2a000a00000e2,2,3,52,322,265,694,561,1.30941,4,0.00305481
025040107410003168d2a000a00000e2,2,3,53,322,265,694,561,1.30941,0,0
025040107410003168d2a000a00000e2,2,3,54,322,265,694,561,1.30941,0,0
025040107410003168d2a000a00000e2,2,3,55,322,265,694,561,1.30941,0,0
025040107410003168d2a000a00000e2,2,3,56,322,265,694,561,1.30941,0,0
025040107410003168d2a000a00000e2,2,3,57,322,265,694,561,1.30941,0,0
025040107410003168d2a000a00000e2,2,3,58,322,265,694,561,1.30941,0,0
025040107410003168d2a000a00000e2,2,3,59,322,265,694,561,1.30941,0,0
025040107410003168d2a000a00000e2,2,3,60,322,265,694,561,1.30941,0,0
025040107410003168d2a000a00000e2,2,3,61,322,265,694,561,1.30941,0,0
025040107410003168d2a000a00000e2,2,3,62,322,265,694,561,1.30941,0,0
025040107410003168d2a000a00000e2,2,3,63,322,265,694,561,1.30941,0,0
025040107410003168d2a000a00000e2,2,3,0,322,265,695,562,1.22536,3,0.00244826
025040107410003168d2a000a00000e2,2,3,1,322,265,695,562,1.22536,0,0
025040107410003168d2a000a00000e2,2,3,2,322,265,695,562,1.22536,10,0.00816087
025040107410003168d2a000a00000e2,2,3,3,322,265,695,562,1.22536,3,0.00244826
025040107410003168d2a000a00000e2,2,3,4,322,265,695,562,1.22536,15,0.0122413
025040107410003168d2a000a00000e2,2,3,5,322,265,695,562,1.22536,1,0.000816087
025040107410003168d2a000a00000e2,2,3,6,322,265,695,562,1.22536,15,0.0122413
025040107410003168d2a000a00000e2,2,3,7,322,265,695,562,1.22536,2,0.00163217
025040107410003168d2a000a00000e2,2,3,8,322,265,695,562,1.22536,12,0.00979305
025040107410003168d2a000a00000e2,2,3,9,322,265,695,562,1.22536,4,0.00326435
025040107410003168d2a000a00000e2,2,3,10,322,265,695,562,1.22536,13,0.0106091
025040107410003168d2a000a00000e2,2,3,11,322,265,695,562,1.22536,12,0.00979305
025040107410003168d2a000a00000e2,2,3,12,322,265,695,562,1.22536,16,0.0130574
025040107410003168d2a000a00000e2,2,3,13,322,265,695,562,1.22536,7,0.00571261
025040107410003168d2a000a00000e2,2,3,14,322,265,695,562,1.22536,13,0.0106091
025040107410003168d2a000a00000e2,2,3,15,322,265,695,562,1.22536,11,0.00897696
025040107410003168d2a000a00000e2,2,3,16,322,265,695,562,1.22536,15,0.0122413
025040107410003168d2a000a00000e2,2,3,17,322,265,695,562,1.22536,8,0.0065287
025040107410003168d2a000a00000e2,2,3,18,322,265,695,562,1.22536,15,0.0122413
025040107410003168d2a000a00000e2,2,3,19,322,265,695,562,1.22536,8,0.0065287
025040107410003168d2a000a00000e2,2,3,20,322,265,695,562,1.22536,15,0.0122413
025040107410003168d2a000a00000e2,2,3,21,322,265,695,562,1.22536,10,0.00816087
025040107410003168d2a000a00000e2,2,3,22,322,265,695,562,1.22536,15,0.0122413
025040107410003168d2a000a00000e2,2,3,23,322,265,695,562,1.22536,10,0.00816087
025040107410003168d2a000a00000e2,2,3,24,322,265,695,562,1.22536,15,0.0122413
025040107410003168d2a000a00000e2,2,3,25,322,265,695,562,1.22536,7,0.00571261
025040107410003168d2a000a00000e2,2,3,26,322,265,695,562,1.22536,15,0.0122413
025040107410003168d2a000a00000e2,2,3,27,322,265,695,562,1.22536,7,0.00571261
025040107410003168d2a000a00000e2,2,3,28,322,265,695,562,1.22536,12,0.00979305
025040107410003168d2a000a00000e2,2,3,29,322,265,695,562,1.22536,3,0.00244826
025040107410003168d2a000a00000e2,2,3,30,322,265,695,562,1.22536,15,0.0122413
025040107410003168d2a000a00000e2,2,3,31,322,265,695,562,1.22536,11,0.00897696
025040107410003168d2a000a00000e2,2,3,32,322,265,695,562,1.22536,15,0.0122413
025040107410003168d2a000a00000e2,2,3,33,322,265,695,562,1.22536,11,0.00897696
025040107410003168d2a000a00000e2,2,3,34,322,265,695,562,1.22536,13,0.0106091
025040107410003168d2a000a00000e2,2,3,35,322,265,695,562,1.22536,11,0.00897696
025040107410003168d2a000a00000e2,2,3,36,322,265,695,562,1.22536,16,0.0130574
025040107410003168d2a000a00000e2,2,3,37,322,265,695,562,1.22536,3,0.00244826
025040107410003168d2a000a00000e2,2,3,38,322,265,695,562,1.22536,15,0.0122413
025040107410003168d2a000a00000e2,2,3,39,322,265,695,562,1.22536,3,0.00244826
025040107410003168d2a000a00000e2,2,3,40,322,265,695,562,1.22536,3,0.00244826
025040107410003168d2a000a00000e2,2,3,41,322,265,695,562,1.22536,3,0.00244826
025040107410003168d2a000a00000e2,2,3,42,322,265,695,562,1.22536,12,0.00979305
025040107410003168d2a000a00000e2,2,3,43,322,265,695,562,1.22536,3,0.00244826
025040107410003168d2a000a00000e2,2,3,44,322,265,695,562,1.22536,8,0.0065287
025040107410003168d2a000a00000e2,2,3,45,322,265,695,562,1.22536,3,0.00244826
025040107410003168d2a000a00000e2,2,3,46,322,265,695,562,1.22536,12,0.00979305
025040107410003168d2a000a00000e2,2,3,47,322,265,695,562,1.22536,0,0
025040107410003168d2a000a00000e2,2,3,48,322,265,695,562,1.22536,8,0.0065287
025040107410003168d2a000a00000e2,2,3,49,322,265,695,562,1.22536,0,0
025040107410003168d2a000a00000e2,2,3,50,322,265,695,562,1.22536,2,0.00163217
025040107410003168d2a000a00000e2,2,3,51,322,265,695,562,1.22536,0,0
025040107410003168d2a000a00000e2,2,3,52,322,265,695,562,1.22536,6,0.00489652
025040107410003168d2a000a00000e2,2,3,53,322,265,695,562,1.22536,0,0
025040107410003168d2a000a00000e2,2,3,54,322,265,695,562,1.22536,0,0
025040107410003168d2a000a00000e2,2,3,55,322,265,695,562,1.22536,0,0
025040107410003168d2a000a00000e2,2,3,56,322,265,695,562,1.22536,1,0.000816087
025040107410003168d2a000a00000e2,2,3,57,322,265,695,562,1.22536,0,0
025040107410003168d2a000a00000e2,2,3,58,322,265,695,562,1.22536,0,0
025040107410003168d2a000a00000e2,2,3,59,322,265,695,562,1.22536,0,0
025040107410003168d2a000a00000e2,2,3,60,322,265,695,562,1.22536,0,0
025040107410003168d2a000a00000e2,2,3,61,322,265,695,562,1.22536,0,0
025040107410003168d2a000a00000e2,2,3,62,322,265,695,562,1.22536,0,0
025040107410003168d2a000a00000e2,2,3,63,322,265,695,562,1.22536,0,0
025040107410003168d2a000a00000e2,2,3,0,322,265,696,563,1.20472,3,0.00249021
025040107410003168d2a000a00000e2,2,3,1,322,265,696,563,1.20472,0,0
025040107410003168d2a000a00000e2,2,3,2,322,265,696,563,1.20472,12,0.00996086
025040107410003168d2a000a00000e2,2,3,3,322,265,696,563,1.20472,5,0.00415036
025040107410003168d2a000a00000e2,2,3,4,322,265,696,563,1.20472,15,0.0124511
025040107410003168d2a000a00000e2,2,3,5,322,265,696,563,1.20472,0,0
025040107410003168d2a000a00000e2,2,3,6,322,265,696,563,1.20472,14,0.011621
025040107410003168d2a000a00000e2,2,3,7,322,265,696,563,1.20472,2,0.00166014
025040107410003168d2a000a00000e2,2,3,8,322,265,696,563,1.20472,13,0.0107909
025040107410003168d2a000a00000e2,2,3,9,322,265,696,563,1.20472,6,0.00498043
025040107410003168d2a000a00000e2,2,3,10,322,265,696,563,1.20472,14,0.011621
025040107410003168d2a000a00000e2,2,3,11,322,265,696,563,1.20472,13,0.0107909
025040107410003168d2a000a00000e2,2,3,12,322,265,696,563,1.20472,20,0.0166014
025040107410003168d2a000a00000e2,2,3,13,322,265,696,563,1.20472,8,0.00664057
025040107410003168d2a000a00000e2,2,3,14,322,265,696,563,1.20472,14,0.011621
025040107410003168d2a000a00000e2,2,3,15,322,265,696,563,1.20472,12,0.00996086
025040107410003168d2a000a00000e2,2,3,16,322,265,696,563,1.20472,19,0.0157714
025040107410003168d2a000a00000e2,2,3,17,322,265,696,563,1.20472,7,0.0058105
025040107410003168d2a000a00000e2,2,3,18,322,265,696,563,1.20472,15,0.0124511
025040107410003168d2a000a00000e2,2,3,19,322,265,696,563,1.20472,8,0.00664057
025040107410003168d2a000a00000e2,2,3,20,322,265,696,563,1.20472,17,0.0141112
025040107410003168d2a000a00000e2,2,3,21,322,265,696,563,1.20472,10,0.00830071
025040107410003168d2a000a00000e2,2,3,22,322,265,696,563,1.20472,17,0.0141112
025040107410003168d2a000a00000e2,2,3,23,322,265,696,563,1.20472,10,0.00830071
025040107410003168d2a000a00000e2,2,3,24,322,265,696,563,1.20472,20,0.0166014
025040107410003168d2a000a00000e2,2,3,25,322,265,696,563,1.20472,8,0.00664057
025040107410003168d2a000a00000e2,2,3,26,322,265,696,563,1.20472,19,0.0157714
025040107410003168d2a000a00000e2,2,3,27,322,265,696,563,1.20472,8,0.00664057
025040107410003168d2a000a00000e2,2,3,28,322,265,696,563,1.20472,13,0.0107909
025040107410003168d2a000a00000e2,2,3,29,322,265,696,563,1.20472,3,0.00249021
025040107410003168d2a000a00000e2,2,3,30,322,265,696,563,1.20472,19,0.0157714
025040107410003168d2a000a00000e2,2,3,31,322,265,696,563,1.20472,10,0.00830071
025040107410003168d2a000a00000e2,2,3,32,322,265,696,563,1.20472,18,0.0149413
025040107410003168d2a000a00000e2,2,3,33,322,265,696,563,1.20472,13,0.0107909
025040107410003168d2a000a00000e2,2,3,34,322,265,696,563,1.20472,15,0.0124511
025040107410003168d2a000a00000e2,2,3,35,322,265,696,563,1.20472,10,0.00830071
025040107410003168d2a000a00000e2,2,3,36,322,265,696,563,1.20472,21,0.0174315
025040107410003168d2a000a00000e2,2,3,37,322,265,696,563,1.20472,3,0.00249021
025040107410003168d2a000a00000e2,2,3,38,322,265,696,563,1.20472,18,0.0149413
025040107410003168d2a000a00000e2,2,3,39,322,265,696,563,1.20472,4,0.00332029
025040107410003168d2a000a00000e2,2,3,40,322,265,696,563,1.20472,3,0.00249021
025040107410003168d2a000a00000e2,2,3,41,322,265,696,563,1.20472,3,0.00249021
025040107410003168d2a000a00000e2,2,3,42,322,265,696,563,1.20472,13,0.0107909
025040107410003168d2a000a00000e2,2,3,43,322,265,696,563,1.20472,3,0.00249021
025040107410003168d2a000a00000e2,2,3,44,322,265,696,563,1.20472,9,0.00747064
025040107410003168d2a000a00000e2,2,3,45,322,265,696,563,1.20472,3,0.00249021
025040107410003168d2a000a00000e2,2,3,46,322,265,696,563,1.20472,13,0.0107909
025040107410003168d2a000a00000e2,2,3,47,322,265,696,563,1.20472,0,0
025040107410003168d2a000a00000e2,2,3,48,322,265,696,563,1.20472,7,0.0058105
025040107410003168d2a000a00000e2,2,3,49,322,265,696,563,1.20472,0,0
025040107410003168d2a000a00000e2,2,3,50,322,265,696,563,1.20472,2,0.00166014
025040107410003168d2a000a00000e2,2,3,51,322,265,696,563,1.20472,0,0
025040107410003168d2a000a00000e2,2,3,52,322,265,696,563,1.20472,7,0.0058105
025040107410003168d2a000a00000e2,2,3,53,322,265,696,563,1.20472,0,0
025040107410003168d2a000a00000e2,2,3,54,322,265,696,563,1.20472,0,0
025040107410003168d2a000a00000e2,2,3,55,322,265,696,563,1.20472,0,0
025040107410003168d2a000a00000e2,2,3,56,322,265,696,563,1.20472,1,0.000830071
025040107410003168d2a000a00000e2,2,3,57,322,265,696,563,1.20472,0,0
025040107410003168d2a000a00000e2,2,3,58,322,265,696,563,1.20472,0,0
025040107410003168d2a000a00000e2,2,3,59,322,265,696,563,1.20472,0,0
025040107410003168d2a000a00000e2,2,3,60,322,265,696,563,1.20472,0,0
025040107410003168d2a000a00000e2,2,3,61,322,265,696,563,1.20472,0,0
025040107410003168d2a000a00000e2,2,3,62,322,265,696,563,1.20472,0,0
025040107410003168d2a000a00000e2,2,3,63,322,265,696,563,1.20472,0,0
025040107410003168d2a000a00000e2,2,3,0,322,265,697,564,1.21946,0,0
025040107410003168d2a000a00000e2,2,3,1,322,265,697,564,1.21946,0,0
025040107410003168d2a000a00000e2,2,3,2,322,265,697,564,1.21946,0,0
025040107410003168d2a000a00000e2,2,3,3,322,265,697,564,1.21946,0,0
025040107410003168d2a000a00000e2,2,3,4,322,265,697,564,1.21946,0,0
025040107410003168d2a000a00000e2,2,3,5,322,265,697,564,1.21946,0,0
025040107410003168d2a000a00000e2,2,3,6,322,265,697,564,1.21946,0,0
025040107410003168d2a000a00000e2,2,3,7,322,265,697,564,1.21946,0,0
025040107410003168d2a000a00000e2,2,3,8,322,265,697,564,1.21946,0,0
025040107410003168d2a000a00000e2,2,3,9,322,265,697,564,1.21946,0,0
025040107410003168d2a000a00000e2,2,3,10,322,265,697,564,1.21946,0,0
025040107410003168d2a000a00000e2,2,3,11,322,265,697,564,1.21946,0,0
025040107410003168d2a000a00000e2,2,3,12,322,265,697,564,1.21946,0,0
025040107410003168d2a000a00000e2,2,3,13,322,265,697,564,1.21946,0,0
025040107410003168d2a000a00000e2,2,3,14,322,265,697,564,1.21946,0,0
025040107410003168d2a000a00000e2,2,3,15,322,265,697,564,1.21946,0,0
025040107410003168d2a000a00000e2,2,3,16,322,265,697,564,1.21946,0,0
025040107410003168d2a000a00000e2,2,3,17,322,265,697,564,1.21946,0,0
025040107410003168d2a000a00000e2,2,3,18,322,265,697,564,1.21946,0,0
025040107410003168d2a000a00000e2,2,3,19,322,265,697,564,1.21946,0,0
025040107410003168d2a000a00000e2,2,3,20,322,265,697,564,1.21946,0,0
025040107410003168d2a000a00000e2,2,3,21,322,265,697,564,1.21946,0,0
025040107410003168d2a000a00000e2,2,3,22,322,265,697,564,1.21946,0,0
025040107410003168d2a000a00000e2,2,3,23,322,265,697,564,1.21946,0,0
025040107410003168d2a000a00000e2,2,3,24,322,265,697,564,1.21946,0,0
025040107410003168d2a000a00000e2,2,3,25,322,265,697,564,1.21946,0,0
025040107410003168d2a000a00000e2,2,3,26,322,265,697,564,1.21946,0,0
025040107410003168d2a000a00000e2,2,3,27,322,265,697,564,1.21946,0,0
025040107410003168d2a000a00000e2,2,3,28,322,265,697,564,1.21946,0,0
025040107410003168d2a000a00000e2,2,3,29,322,265,697,564,1.21946,0,0
025040107410003168d2a000a00000e2,2,3,30,322,265,697,564,1.21946,0,0
025040107410003168d2a000a00000e2,2,3,31,322,265,697,564,1.21946,0,0
025040107410003168d2a000a00000e2,2,3,32,322,265,697,564,1.21946,0,0
025040107410003168d2a000a00000e2,2,3,33,322,265,697,564,1.21946,0,0
025040107410003168d2a000a00000e2,2,3,34,322,265,697,564,1.21946,0,0
025040107410003168d2a000a00000e2,2,3,35,322,265,697,564,1.21946,0,0
025040107410003168d2a000a00000e2,2,3,36,322,265,697,564,1.21946,0,0
025040107410003168d2a000a00000e2,2,3,37,322,265,697,564,1.21946,0,0
025040107410003168d2a000a00000e2,2,3,38,322,265,697,564,1.21946,0,0
025040107410003168d2a000a00000e2,2,3,39,322,265,697,564,1.21946,0,0
025040107410003168d2a000a00000e2,2,3,40,322,265,697,564,1.21946,0,0
025040107410003168d2a000a00000e2,2,3,41,322,265,697,564,1.21946,0,0
025040107410003168d2a000a00000e2,2,3,42,322,265,697,564,1.21946,0,0
025040107410003168d2a000a00000e2,2,3,43,322,265,697,564,1.21946,0,0
025040107410003168d2a000a00000e2,2,3,44,322,265,697,564,1.21946,0,0
025040107410003168d2a000a00000e2,2,3,45,322,265,697,564,1.21946,0,0
025040107410003168d2a000a00000e2,2,3,46,322,265,697,564,1.21946,0,0
025040107410003168d2a000a00000e2,2,3,47,322,265,697,564,1.21946,0,0
025040107410003168d2a000a00000e2,2,3,48,322,265,697,564,1.21946,0,0
025040107410003168d2a000a00000e2,2,3,49,322,265,697,564,1.21946,0,0
025040107410003168d2a000a00000e2,2,3,50,322,265,697,564,1.21946,0,0
025040107410003168d2a000a00000e2,2,3,51,322,265,697,564,1.21946,0,0
025040107410003168d2a000a00000e2,2,3,52,322,265,697,564,1.21946,0,0
025040107410003168d2a000a00000e2,2,3,53,322,265,697,564,1.21946,0,0
025040107410003168d2a000a00000e2,2,3,54,322,265,697,564,1.21946,0,0
025040107410003168d2a000a00000e2,2,3,55,322,265,697,564,1.21946,0,0
025040107410003168d2a000a00000e2,2,3,56,322,265,697,564,1.21946,0,0
025040107410003168d2a000a00000e2,2,3,57,322,265,697,564,1.21946,0,0
025040107410003168d2a000a00000e2,2,3,58,322,265,697,564,1.21946,0,0
025040107410003168d2a000a00000e2,2,3,59,322,265,697,564,1.21946,0,0
025040107410003168d2a000a00000e2,2,3,60,322,265,697,564,1.21946,0,0
025040107410003168d2a000a00000e2,2,3,61,322,265,697,564,1.21946,0,0
025040107410003168d2a000a00000e2,2,3,62,322,265,697,564,1.21946,0,0
025040107410003168d2a000a00000e2,2,3,63,322,265,697,564,1.21946,0,0
025040107410003168d2a000a00000e2,2,3,0,322,265,698,564,1.16933,0,0
025040107410003168d2a000a00000e2,2,3,1,322,265,698,564,1.16933,0,0
025040107410003168d2a000a00000e2,2,3,2,322,265,698,564,1.16933,0,0
025040107410003168d2a000a00000e2,2,3,3,322,265,698,564,1.16933,0,0
025040107410003168d2a000a00000e2,2,3,4,322,265,698,564,1.16933,0,0
025040107410003168d2a000a00000e2,2,3,5,322,265,698,564,1.16933,0,0
025040107410003168d2a000a00000e2,2,3,6,322,265,698,564,1.16933,0,0
025040107410003168d2a000a00000e2,2,3,7,322,265,698,564,1.16933,0,0
025040107410003168d2a000a00000e2,2,3,8,322,265,698,564,1.16933,0,0
025040107410003168d2a000a00000e2,2,3,9,322,265,698,564,1.16933,0,0
025040107410003168d2a000a00000e2,2,3,10,322,265,698,564,1.16933,0,0
025040107410003168d2a000a00000e2,2,3,11,322,265,698,564,1.16933,0,0
025040107410003168d2a000a00000e2,2,3,12,322,265,698,564,1.16933,0,0
025040107410003168d2a000a00000e2,2,3,13,322,265,698,564,1.16933,0,0
025040107410003168d2a000a00000e2,2,3,14,322,265,698,564,1.16933,0,0
025040107410003168d2a000a00000e2,2,3,15,322,265,698,564,1.16933,0,0
025040107410003168d2a000a00000e2,2,3,16,322,265,698,564,1.16933,0,0
025040107410003168d2a000a00000e2,2,3,17,322,265,698,564,1.16933,0,0
025040107410003168d2a000a00000e2,2,3,18,322,265,698,564,1.16933,0,0
025040107410003168d2a000a00000e2,2,3,19,322,265,698,564,1.16933,0,0
025040107410003168d2a000a00000e2,2,3,20,322,265,698,564,1.16933,0,0
025040107410003168d2a000a00000e2,2,3,21,322,265,698,564,1.16933,0,0
025040107410003168d2a000a00000e2,2,3,22,322,265,698,564,1.16933,0,0
025040107410003168d2a000a00000e2,2,3,23,322,265,698,564,1.16933,0,0
025040107410003168d2a000a00000e2,2,3,24,322,265,698,564,1.16933,0,0
025040107410003168d2a000a00000e2,2,3,25,322,265,698,564,1.16933,0,0
025040107410003168d2a000a00000e2,2,3,26,322,265,698,564,1.16933,0,0
025040107410003168d2a000a00000e2,2,3,27,322,265,698,564,1.16933,0,0
025040107410003168d2a000a00000e2,2,3,28,322,265,698,564,1.16933,0,0
025040107410003168d2a000a00000e2,2,3,29,322,265,698,564,1.16933,0,0
025040107410003168d2a000a00000e2,2,3,30,322,265,698,564,1.16933,0,0
025040107410003168d2a000a00000e2,2,3,31,322,265,698,564,1.16933,0,0
025040107410003168d2a000a00000e2,2,3,32,322,265,698,564,1.16933,0,0
025040107410003168d2a000a00000e2,2,3,33,322,265,698,564,1.16933,0,0
025040107410003168d2a000a00000e2,2,3,34,322,265,698,564,1.16933,0,0
025040107410003168d2a000a00000e2,2,3,35,322,265,698,564,1.16933,0,0
025040107410003168d2a000a00000e2,2,3,36,322,265,698,564,1.16933,0,0
025040107410003168d2a000a00000e2,2,3,37,322,265,698,564,1.16933,0,0
025040107410003168d2a000a00000e2,2,3,38,322,265,698,564,1.16933,0,0
025040107410003168d2a000a00000e2,2,3,39,322,265,698,564,1.16933,0,0
025040107410003168d2a000a00000e2,2,3,40,322,265,698,564,1.16933,0,0
025040107410003168d2a000a00000e2,2,3,41,322,265,698,564,1.16933,0,0
025040107410003168d2a000a00000e2,2,3,42,322,265,698,564,1.16933,0,0
025040107410003168d2a000a00000e2,2,3,43,322,265,698,564,1.16933,0,0
025040107410003168d2a000a00000e2,2,3,44,322,265,698,564,1.16933,0,0
025040107410003168d2a000a00000e2,2,3,45,322,265,698,564,1.16933,0,0
025040107410003168d2a000a00000e2,2,3,46,322,265,698,564,1.16933,0,0
025040107410003168d2a000a00000e2,2,3,47,322,265,698,564,1.16933,0,0
025040107410003168d2a000a00000e2,2,3,48,322,265,698,564,1.16933,0,0
025040107410003168d2a000a00000e2,2,3,49,322,265,698,564,1.16933,0,0
025040107410003168d2a000a00000e2,2,3,50,322,265,698,564,1.16933,0,0
025040107410003168d2a000a00000e2,2,3,51,322,265,698,564,1.16933,0,0
025040107410003168d2a000a00000e2,2,3,52,322,265,698,564,1.16933,0,0
025040107410003168d2a000a00000e2,2,3,53,322,265,698,564,1.16933,0,0
025040107410003168d2a000a00000e2,2,3,54,322,265,698,564,1.16933,0,0
025040107410003168d2a000a00000e2,2,3,55,322,265,698,564,1.16933,0,0
025040107410003168d2a000a00000e2,2,3,56,322,265,698,564,1.16933,0,0
025040107410003168d2a000a00000e2,2,3,57,322,265,698,564,1.16933,0,0
025040107410003168d2a000a00000e2,2,3,58,322,265,698,564,1.16933,0,0
025040107410003168d2a000a00000e2,2,3,59,322,265,698,564,1.16933,0,0
025040107410003168d2a000a00000e2,2,3,60,322,265,698,564,1.16933,0,0
025040107410003168d2a000a00000e2,2,3,61,322,265,698,564,1.16933,0,0
025040107410003168d2a000a00000e2,2,3,62,322,265,698,564,1.16933,0,0
025040107410003168d2a000a00000e2,2,3,63,322,265,698,564,1.16933,0,0
025040107410003168d2a000a00000e2,2,3,0,322,265,699,565,1.17375,3,0.00255591
025040107410003168d2a000a00000e2,2,3,1,322,265,699,565,1.17375,0,0
025040107410003168d2a000a00000e2,2,3,2,322,265,699,565,1.17375,8,0.00681576
025040107410003168d2a000a00000e2,2,3,3,322,265,699,565,1.17375,4,0.00340788
025040107410003168d2a000a00000e2,2,3,4,322,265,699,565,1.17375,13,0.0110756
025040107410003168d2a000a00000e2,2,3,5,322,265,699,565,1.17375,0,0
025040107410003168d2a000a00000e2,2,3,6,322,265,699,565,1.17375,14,0.0119276
025040107410003168d2a000a00000e2,2,3,7,322,265,699,565,1.17375,1,0.00085197
025040107410003168d2a000a00000e2,2,3,8,322,265,699,565,1.17375,10,0.0085197
025040107410003168d2a000a00000e2,2,3,9,322,265,699,565,1.17375,4,0.00340788
025040107410003168d2a000a00000e2,2,3,10,322,265,699,565,1.17375,12,0.0102236
025040107410003168d2a000a00000e2,2,3,11,322,265,699,565,1.17375,9,0.00766773
025040107410003168d2a000a00000e2,2,3,12,322,265,699,565,1.17375,17,0.0144835
025040107410003168d2a000a00000e2,2,3,13,322,265,699,565,1.17375,5,0.00425985
025040107410003168d2a000a00000e2,2,3,14,322,265,699,565,1.17375,11,0.00937167
025040107410003168d2a000a00000e2,2,3,15,322,265,699,565,1.17375,8,0.00681576
025040107410003168d2a000a00000e2,2,3,16,322,265,699,565,1.17375,16,0.0136315
025040107410003168d2a000a00000e2,2,3,17,322,265,699,565,1.17375,5,0.00425985
025040107410003168d2a000a00000e2,2,3,18,322,265,699,565,1.17375,14,0.0119276
025040107410003168d2a000a00000e2,2,3,19,322,265,699,565,1.17375,6,0.00511182
025040107410003168d2a000a00000e2,2,3,20,322,265,699,565,1.17375,16,0.0136315
025040107410003168d2a000a00000e2,2,3,21,322,265,699,565,1.17375,8,0.00681576
025040107410003168d2a000a00000e2,2,3,22,322,265,699,565,1.17375,15,0.0127796
025040107410003168d2a000a00000e2,2,3,23,322,265,699,565,1.17375,8,0.00681576
025040107410003168d2a000a00000e2,2,3,24,322,265,699,565,1.17375,17,0.0144835
025040107410003168d2a000a00000e2,2,3,25,322,265,699,565,1.17375,6,0.00511182
025040107410003168d2a000a00000e2,2,3,26,322,265,699,565,1.17375,16,0.0136315
025040107410003168d2a000a00000e2,2,3,27,322,265,699,565,1.17375,5,0.00425985
025040107410003168d2a000a00000e2,2,3,28,322,265,699,565,1.17375,10,0.0085197
025040107410003168d2a000a00000e2,2,3,29,322,265,699,565,1.17375,3,0.00255591
025040107410003168d2a000a00000e2,2,3,30,322,265,699,565,1.17375,16,0.0136315
025040107410003168d2a000a00000e2,2,3,31,322,265,699,565,1.17375,8,0.00681576
025040107410003168d2a000a00000e2,2,3,32,322,265,699,565,1.17375,16,0.0136315
025040107410003168d2a000a00000e2,2,3,33,322,265,699,565,1.17375,8,0.00681576
025040107410003168d2a000a00000e2,2,3,34,322,265,699,565,1.17375,12,0.0102236
025040107410003168d2a000a00000e2,2,3,35,322,265,699,565,1.17375,8,0.00681576
025040107410003168d2a000a00000e2,2,3,36,322,265,699,565,1.17375,17,0.0144835
025040107410003168d2a000a00000e2,2,3,37,322,265,699,565,1.17375,3,0.00255591
025040107410003168d2a000a00000e2,2,3,38,322,265,699,565,1.17375,16,0.0136315
025040107410003168d2a000a00000e2,2,3,39,322,265,699,565,1.17375,3,0.00255591
025040107410003168d2a000a00000e2,2,3,40,322,265,699,565,1.17375,3,0.00255591
025040107410003168d2a000a00000e2,2,3,41,322,265,699,565,1.17375,2,0.00170394
025040107410003168d2a000a00000e2,2,3,42,322,265,699,565,1.17375,10,0.0085197
025040107410003168d2a000a00000e2,2,3,43,322,265,699,565,1.17375,0,0
025040107410003168d2a000a00000e2,2,3,44,322,265,699,565,1.17375,7,0.00596379
025040107410003168d2a000a00000e2,2,3,45,322,265,699,565,1.17375,1,0.00085197
025040107410003168d2a000a00000e2,2,3,46,322,265,699,565,1.17375,10,0.0085197
025040107410003168d2a000a00000e2,2,3,47,322,265,699,565,1.17375,0,0
025040107410003168d2a000a00000e2,2,3,48,322,265,699,565,1.17375,7,0.00596379
025040107410003168d2a000a00000e2,2,3,49,322,265,699,565,1.17375,0,0
025040107410003168d2a000a00000e2,2,3,50,322,265,699,565,1.17375,1,0.00085197
025040107410003168d2a000a00000e2,2,3,51,322,265,699,565,1.17375,0,0
025040107410003168d2a000a00000e2,2,3,52,322,265,699,565,1.17375,3,0.00255591
025040107410003168d2a000a00000e2,2,3,53,322,265,699,565,1.17375,0,0
025040107410003168d2a000a00000e2,2,3,54,322,265,699,565,1.17375,0,0
025040107410003168d2a000a00000e2,2,3,55,322,265,699,565,1.17375,0,0
025040107410003168d2a000a00000e2,2,3,56,322,265,699,565,1.17375,0,0
025040107410003168d2a000a00000e2,2,3,57,322,265,699,565,1.17375,0,0
025040107410003168d2a000a00000e2,2,3,58,322,265,699,565,1.17375,0,0
025040107410003168d2a000a00000e2,2,3,59,322,265,699,565,1.17375,0,0
025040107410003168d2a000a00000e2,2,3,60,322,265,699,565,1.17375,0,0
025040107410003168d2a000a00000e2,2,3,61,322,265,699,565,1.17375,0,0
025040107410003168d2a000a00000e2,2,3,62,322,265,699,565,1.17375,0,0
025040107410003168d2a000a00000e2,2,3,63,322,265,699,565,1.17375,0,0
025040107410003168d2a000a00000e2,2,3,0,322,265,700,566,1.22978,0,0
025040107410003168d2a000a00000e2,2,3,1,322,265,700,566,1.22978,0,0
025040107410003168d2a000a00000e2,2,3,2,322,265,700,566,1.22978,0,0
025040107410003168d2a000a00000e2,2,3,3,322,265,700,566,1.22978,0,0
025040107410003168d2a000a00000e2,2,3,4,322,265,700,566,1.22978,0,0
025040107410003168d2a000a00000e2,2,3,5,322,265,700,566,1.22978,0,0
025040107410003168d2a000a00000e2,2,3,6,322,265,700,566,1.22978,0,0
025040107410003168d2a000a00000e2,2,3,7,322,265,700,566,1.22978,0,0
025040107410003168d2a000a00000e2,2,3,8,322,265,700,566,1.22978,0,0
025040107410003168d2a000a00000e2,2,3,9,322,265,700,566,1.22978,0,0
025040107410003168d2a000a00000e2,2,3,10,322,265,700,566,1.22978,0,0
025040107410003168d2a000a00000e2,2,3,11,322,265,700,566,1.22978,0,0
025040107410003168d2a000a00000e2,2,3,12,322,265,700,566,1.22978,0,0
025040107410003168d2a000a00000e2,2,3,13,322,265,700,566,1.22978,0,0
025040107410003168d2a000a00000e2,2,3,14,322,265,700,566,1.22978,0,0
025040107410003168d2a000a00000e2,2,3,15,322,265,700,566,1.22978,0,0
025040107410003168d2a000a00000e2,2,3,16,322,265,700,566,1.22978,0,0
025040107410003168d2a000a00000e2,2,3,17,322,265,700,566,1.22978,0,0
025040107410003168d2a000a00000e2,2,3,18,322,265,700,566,1.22978,0,0
025040107410003168d2a000a00000e2,2,3,19,322,265,700,566,1.22978,0,0
025040107410003168d2a000a00000e2,2,3,20,322,265,700,566,1.22978,0,0
025040107410003168d2a000a00000e2,2,3,21,322,265,700,566,1.22978,0,0
025040107410003168d2a000a00000e2,2,3,22,322,265,700,566,1.22978,0,0
025040107410003168d2a000a00000e2,2,3,23,322,265,700,566,1.22978,0,0
025040107410003168d2a000a00000e2,2,3,24,322,265,700,566,1.22978,0,0
025040107410003168d2a000a00000e2,2,3,25,322,265,700,566,1.22978,0,0
025040107410003168d2a000a00000e2,2,3,26,322,265,700,566,1.22978,0,0
025040107410003168d2a000a00000e2,2,3,27,322,265,700,566,1.22978,0,0
025040107410003168d2a000a00000e2,2,3,28,322,265,700,566,1.22978,0,0
025040107410003168d2a000a00000e2,2,3,29,322,265,700,566,1.22978,0,0
025040107410003168d2a000a00000e2,2,3,30,322,265,700,566,1.22978,0,0
025040107410003168d2a000a00000e2,2,3,31,322,265,700,566,1.22978,0,0
025040107410003168d2a000a00000e2,2,3,32,322,265,700,566,1.22978,0,0
025040107410003168d2a000a00000e2,2,3,33,322,265,700,566,1.22978,0,0
025040107410003168d2a000a00000e2,2,3,34,322,265,700,566,1.22978,0,0
025040107410003168d2a000a00000e2,2,3,35,322,265,700,566,1.22978,0,0
025040107410003168d2a000a00000e2,2,3,36,322,265,700,566,1.22978,0,0
025040107410003168d2a000a00000e2,2,3,37,322,265,700,566,1.22978,0,0
025040107410003168d2a000a00000e2,2,3,38,322,265,700,566,1.22978,0,0
025040107410003168d2a000a00000e2,2,3,39,322,265,700,566,1.22978,0,0
025040107410003168d2a000a00000e2,2,3,40,322,265,700,566,1.22978,0,0
025040107410003168d2a000a00000e2,2,3,41,322,265,700,566,1.22978,0,0
025040107410003168d2a000a00000e2,2,3,42,322,265,700,566,1.22978,0,0
025040107410003168d2a000a00000e2,2,3,43,322,265,700,566,1.22978,0,0
025040107410003168d2a000a00000e2,2,3,44,322,265,700,566,1.22978,0,0
025040107410003168d2a000a00000e2,2,3,45,322,265,700,566,1.22978,0,0
025040107410003168d2a000a00000e2,2,3,46,322,265,700,566,1.22978,0,0
025040107410003168d2a000a00000e2,2,3,47,322,265,700,566,1.22978,0,0
025040107410003168d2a000a00000e2,2,3,48,322,265,700,566,1.22978,0,0
025040107410003168d2a000a00000e2,2,3,49,322,265,700,566,1.22978,0,0
025040107410003168d2a000a00000e2,2,3,50,322,265,700,566,1.22978,0,0
025040107410003168d2a000a00000e2,2,3,51,322,265,700,566,1.22978,0,0
025040107410003168d2a000a00000e2,2,3,52,322,265,700,566,1.22978,0,0
025040107410003168d2a000a00000e2,2,3,53,322,265,700,566,1.22978,0,0
025040107410003168d2a000a00000e2,2,3,54,322,265,700,566,1.22978,0,0
025040107410003168d2a000a00000e2,2,3,55,322,265,700,566,1.22978,0,0
025040107410003168d2a000a00000e2,2,3,56,322,265,700,566,1.22978,0,0
025040107410003168d2a000a00000e2,2,3,57,322,265,700,566,1.22978,0,0
025040107410003168d2a000a00000e2,2,3,58,322,265,700,566,1.22978,0,0
025040107410003168d2a000a00000e2,2,3,59,322,265,700,566,1.22978,0,0
025040107410003168d2a000a00000e2,2,3,60,322,265,700,566,1.22978,0,0
025040107410003168d2a000a00000e2,2,3,61,322,265,700,566,1.22978,0,0
025040107410003168d2a000a00000e2,2,3,62,322,265,700,566,1.22978,0,0
025040107410003168d2a000a00000e2,2,3,63,322,265,700,566,1.22978,0,0
025040107410003168d2a000a00000e2,2,3,0,322,265,701,566,1.30056,0,0
025040107410003168d2a000a00000e2,2,3,1,322,265,701,566,1.30056,0,0
025040107410003168d2a000a00000e2,2,3,2,322,265,701,566,1.30056,0,0
025040107410003168d2a000a00000e2,2,3,3,322,265,701,566,1.30056,0,0
025040107410003168d2a000a00000e2,2,3,4,322,265,701,566,1.30056,0,0
025040107410003168d2a000a00000e2,2,3,5,322,265,701,566,1.30056,0,0
025040107410003168d2a000a00000e2,2,3,6,322,265,701,566,1.30056,0,0
025040107410003168d2a000a00000e2,2,3,7,322,265,701,566,1.30056,0,0
025040107410003168d2a000a00000e2,2,3,8,322,265,701,566,1.30056,0,0
025040107410003168d2a000a00000e2,2,3,9,322,265,701,566,1.30056,0,0
025040107410003168d2a000a00000e2,2,3,10,322,265,701,566,1.30056,0,0
025040107410003168d2a000a00000e2,2,3,11,322,265,701,566,1.30056,0,0
025040107410003168d2a000a00000e2,2,3,12,322,265,701,566,1.30056,0,0
025040107410003168d2a000a00000e2,2,3,13,322,265,701,566,1.30056,0,0
025040107410003168d2a000a00000e2,2,3,14,322,265,701,566,1.30056,0,0
025040107410003168d2a000a00000e2,2,3,15,322,265,701,566,1.30056,0,0
025040107410003168d2a000a00000e2,2,3,16,322,265,701,566,1.30056,0,0
025040107410003168d2a000a00000e2,2,3,17,322,265,701,566,1.30056,0,0
025040107410003168d2a000a00000e2,2,3,18,322,265,701,566,1.30056,0,0
025040107410003168d2a000a00000e2,2,3,19,322,265,701,566,1.30056,0,0
025040107410003168d2a000a00000e2,2,3,20,322,265,701,566,1.30056,0,0
025040107410003168d2a000a00000e2,2,3,21,322,265,701,566,1.30056,0,0
025040107410003168d2a000a00000e2,2,3,22,322,265,701,566,1.30056,0,0
025040107410003168d2a000a00000e2,2,3,23,322,265,701,566,1.30056,0,0
025040107410003168d2a000a00000e2,2,3,24,322,265,701,566,1.30056,0,0
025040107410003168d2a000a00000e2,2,3,25,322,265,701,566,1.30056,0,0
025040107410003168d2a000a00000e2,2,3,26,322,265,701,566,1.30056,0,0
025040107410003168d2a000a00000e2,2,3,27,322,265,701,566,1.30056,0,0
025040107410003168d2a000a00000e2,2,3,28,322,265,701,566,1.30056,0,0
025040107410003168d2a000a00000e2,2,3,29,322,265,701,566,1.30056,0,0
025040107410003168d2a000a00000e2,2,3,30,322,265,701,566,1.30056,0,0
025040107410003168d2a000a00000e2,2,3,31,322,265,701,566,1.30056,0,0
025040107410003168d2a000a00000e2,2,3,32,322,265,701,566,1.30056,0,0
025040107410003168d2a000a00000e2,2,3,33,322,265,701,566,1.30056,0,0
025040107410003168d2a000a00000e2,2,3,34,322,265,701,566,1.30056,0,0
025040107410003168d2a000a00000e2,2,3,35,322,265,701,566,1.30056,0,0
025040107410003168d2a000a00000e2,2,3,36,322,265,701,566,1.30056,0,0
025040107410003168d2a000a00000e2,2,3,37,322,265,701,566,1.30056,0,0
025040107410003168d2a000a00000e2,2,3,38,322,265,701,566,1.30056,0,0
025040107410003168d2a000a00000e2,2,3,39,322,265,701,566,1.30056,0,0
025040107410003168d2a000a00000e2,2,3,40,322,265,701,566,1.30056,0,0
025040107410003168d2a000a00000e2,2,3,41,322,265,701,566,1.30056,0,0
025040107410003168d2a000a00000e2,2,3,42,322,265,701,566,1.30056,0,0
025040107410003168d2a000a00000e2,2,3,43,322,265,701,566,1.30056,0,0
025040107410003168d2a000a00000e2,2,3,44,322,265,701,566,1.30056,0,0
025040107410003168d2a000a00000e2,2,3,45,322,265,701,566,1.30056,0,0
025040107410003168d2a000a00000e2,2,3,46,322,265,701,566,1.30056,0,0
025040107410003168d2a000a00000e2,2,3,47,322,265,701,566,1.30056,0,0
025040107410003168d2a000a00000e2,2,3,48,322,265,701,566,1.30056,0,0
025040107410003168d2a000a00000e2,2,3,49,322,265,701,566,1.30056,0,0
025040107410003168d2a000a00000e2,2,3,50,322,265,701,566,1.30056,0,0
025040107410003168d2a000a00000e2,2,3,51,322,265,701,566,1.30056,0,0
025040107410003168d2a000a00000e2,2,3,52,322,265,701,566,1.30056,0,0
025040107410003168d2a000a00000e2,2,3,53,322,265,701,566,1.30056,0,0
025040107410003168d2a000a00000e2,2,3,54,322,265,701,566,1.30056,0,0
025040107410003168d2a000a00000e2,2,3,55,322,265,701,566,1.30056,0,0
025040107410003168d2a000a00000e2,2,3,56,322,265,701,566,1.30056,0,0
025040107410003168d2a000a00000e2,2,3,57,322,265,701,566,1.30056,0,0
025040107410003168d2a000a00000e2,2,3,58,322,265,701,566,1.30056,0,0
025040107410003168d2a000a00000e2,2,3,59,322,265,701,566,1.30056,0,0
025040107410003168d2a000a00000e2,2,3,60,322,265,701,566,1.30056,0,0
025040107410003168d2a000a00000e2,2,3,61,322,265,701,566,1.30056,0,0
025040107410003168d2a000a00000e2,2,3,62,322,265,701,566,1.30056,0,0
025040107410003168d2a000a00000e2,2,3,63,322,265,701,566,1.30056,0,0
025040107410003168d2a000a00000e2,2,3,0,322,265,702,567,1.29466,0,0
025040107410003168d2a000a00000e2,2,3,1,322,265,702,567,1.29466,0,0
025040107410003168d2a000a00000e2,2,3,2,322,265,702,567,1.29466,0,0
025040107410003168d2a000a00000e2,2,3,3,322,265,702,567,1.29466,0,0
025040107410003168d2a000a00000e2,2,3,4,322,265,702,567,1.29466,0,0
025040107410003168d2a000a00000e2,2,3,5,322,265,702,567,1.29466,0,0
025040107410003168d2a000a00000e2,2,3,6,322,265,702,567,1.29466,0,0
025040107410003168d2a000a00000e2,2,3,7,322,265,702,567,1.29466,0,0
025040107410003168d2a000a00000e2,2,3,8,322,265,702,567,1.29466,0,0
025040107410003168d2a000a00000e2,2,3,9,322,265,702,567,1.29466,0,0
025040107410003168d2a000a00000e2,2,3,10,322,265,702,567,1.29466,0,0
025040107410003168d2a000a00000e2,2,3,11,322,265,702,567,1.29466,0,0
025040107410003168d2a000a00000e2,2,3,12,322,265,702,567,1.29466,0,0
025040107410003168d2a000a00000e2,2,3,13,322,265,702,567,1.29466,0,0
025040107410003168d2a000a00000e2,2,3,14,322,265,702,567,1.29466,0,0
025040107410003168d2a000a00000e2,2,3,15,322,265,702,567,1.29466,0,0
025040107410003168d2a000a00000e2,2,3,16,322,265,702,567,1.29466,0,0
025040107410003168d2a000a00000e2,2,3,17,322,265,702,567,1.29466,0,0
025040107410003168d2a000a00000e2,2,3,18,322,265,702,567,1.29466,0,0
025040107410003168d2a000a00000e2,2,3,19,322,265,702,567,1.29466,0,0
025040107410003168d2a000a00000e2,2,3,20,322,265,702,567,1.29466,0,0
025040107410003168d2a000a00000e2,2,3,21,322,265,702,567,1.29466,0,0
025040107410003168d2a000a00000e2,2,3,22,322,265,702,567,1.29466,0,0
025040107410003168d2a000a00000e2,2,3,23,322,265,702,567,1.29466,0,0
025040107410003168d2a000a00000e2,2,3,24,322,265,702,567,1.29466,0,0
025040107410003168d2a000a00000e2,2,3,25,322,265,702,567,1.29466,0,0
025040107410003168d2a000a00000e2,2,3,26,322,265,702,567,1.29466,0,0
025040107410003168d2a000a00000e2,2,3,27,322,265,702,567,1.29466,0,0
025040107410003168d2a000a00000e2,2,3,28,322,265,702,567,1.29466,0,0
025040107410003168d2a000a00000e2,2,3,29,322,265,702,567,1.29466,0,0
025040107410003168d2a000a00000e2,2,3,30,322,265,702,567,1.29466,0,0
025040107410003168d2a000a00000e2,2,3,31,322,265,702,567,1.29466,0,0
025040107410003168d2a000a00000e2,2,3,32,322,265,702,567,1.29466,0,0
025040107410003168d2a000a00000e2,2,3,33,322,265,702,567,1.29466,0,0
025040107410003168d2a000a00000e2,2,3,34,322,265,702,567,1.29466,0,0
025040107410003168d2a000a00000e2,2,3,35,322,265,702,567,1.29466,0,0
025040107410003168d2a000a00000e2,2,3,36,322,265,702,567,1.29466,0,0
025040107410003168d2a000a00000e2,2,3,37,322,265,702,567,1.29466,0,0
025040107410003168d2a000a00000e2,2,3,38,322,265,702,567,1.29466,0,0
025040107410003168d2a000a00000e2,2,3,39,322,265,702,567,1.29466,0,0
025040107410003168d2a000a00000e2,2,3,40,322,265,702,567,1.29466,0,0
025040107410003168d2a000a00000e2,2,3,41,322,265,702,567,1.29466,0,0
025040107410003168d2a000a00000e2,2,3,42,322,265,702,567,1.29466,0,0
025040107410003168d2a000a00000e2,2,3,43,322,265,702,567,1.29466,0,0
025040107410003168d2a000a00000e2,2,3,44,322,265,702,567,1.29466,0,0
025040107410003168d2a000a00000e2,2,3,45,322,265,702,567,1.29466,0,0
025040107410003168d2a000a00000e2,2,3,46,322,265,702,567,1.29466,0,0
025040107410003168d2a000a00000e2,2,3,47,322,265,702,567,1.29466,0,0
025040107410003168d2a000a00000e2,2,3,48,322,265,702,567,1.29466,0,0
025040107410003168d2a000a00000e2,2,3,49,322,265,702,567,1.29466,0,0
025040107410003168d2a000a00000e2,2,3,50,322,265,702,567,1.29466,0,0
025040107410003168d2a000a00000e2,2,3,51,322,265,702,567,1.29466,0,0
025040107410003168d2a000a00000e2,2,3,52,322,265,702,567,1.29466,0,0
025040107410003168d2a000a00000e2,2,3,53,322,265,702,567,1.29466,0,0
025040107410003168d2a000a00000e2,2,3,54,322,265,702,567,1.29466,0,0
025040107410003168d2a000a00000e2,2,3,55,322,265,702,567,1.29466,0,0
025040107410003168d2a000a00000e2,2,3,56,322,265,702,567,1.29466,0,0
025040107410003168d2a000a00000e2,2,3,57,322,265,702,567,1.29466,0,0
025040107410003168d2a000a00000e2,2,3,58,322,265,702,567,1.29466,0,0
025040107410003168d2a000a00000e2,2,3,59,322,265,702,567,1.29466,0,0
025040107410003168d2a000a00000e2,2,3,60,322,265,702,567,1.29466,0,0
025040107410003168d2a000a00000e2,2,3,61,322,265,702,567,1.29466,0,0
025040107410003168d2a000a00000e2,2,3,62,322,265,702,567,1.29466,0,0
025040107410003168d2a000a00000e2,2,3,63,322,265,702,567,1.29466,0,0
025040107410003168d2a000a00000e2,2,3,0,322,265,703,568,1.30351,0,0
025040107410003168d2a000a00000e2,2,3,1,322,265,703,568,1.30351,0,0
025040107410003168d2a000a00000e2,2,3,2,322,265,703,568,1.30351,0,0
025040107410003168d2a000a00000e2,2,3,3,322,265,703,568,1.30351,0,0
025040107410003168d2a000a00000e2,2,3,4,322,265,703,568,1.30351,0,0
025040107410003168d2a000a00000e2,2,3,5,322,265,703,568,1.30351,0,0
025040107410003168d2a000a00000e2,2,3,6,322,265,703,568,1.30351,0,0
025040107410003168d2a000a00000e2,2,3,7,322,265,703,568,1.30351,0,0
025040107410003168d2a000a00000e2,2,3,8,322,265,703,568,1.30351,0,0
025040107410003168d2a000a00000e2,2,3,9,322,265,703,568,1.30351,0,0
025040107410003168d2a000a00000e2,2,3,10,322,265,703,568,1.30351,0,0
025040107410003168d2a000a00000e2,2,3,11,322,265,703,568,1.30351,0,0
025040107410003168d2a000a00000e2,2,3,12,322,265,703,568,1.30351,0,0
025040107410003168d2a000a00000e2,2,3,13,322,265,703,568,1.30351,0,0
025040107410003168d2a000a00000e2,2,3,14,322,265,703,568,1.30351,0,0
025040107410003168d2a000a00000e2,2,3,15,322,265,703,568,1.30351,0,0
025040107410003168d2a000a00000e2,2,3,16,322,265,703,568,1.30351,0,0
025040107410003168d2a000a00000e2,2,3,17,322,265,703,568,1.30351,0,0
025040107410003168d2a000a00000e2,2,3,18,322,265,703,568,1.30351,0,0
025040107410003168d2a000a00000e2,2,3,19,322,265,703,568,1.30351,0,0
025040107410003168d2a000a00000e2,2,3,20,322,265,703,568,1.30351,0,0
025040107410003168d2a000a00000e2,2,3,21,322,265,703,568,1.30351,0,0
025040107410003168d2a000a00000e2,2,3,22,322,265,703,568,1.30351,0,0
025040107410003168d2a000a00000e2,2,3,23,322,265,703,568,1.30351,0,0
025040107410003168d2a000a00000e2,2,3,24,322,265,703,568,1.30351,0,0
025040107410003168d2a000a00000e2,2,3,25,322,265,703,568,1.30351,0,0
025040107410003168d2a000a00000e2,2,3,26,322,265,703,568,1.30351,0,0
025040107410003168d2a000a00000e2,2,3,27,322,265,703,568,1.30351,0,0
025040107410003168d2a000a00000e2,2,3,28,322,265,703,568,1.30351,0,0
025040107410003168d2a000a00000e2,2,3,29,322,265,703,568,1.30351,0,0
025040107410003168d2a000a00000e2,2,3,30,322,265,703,568,1.30351,0,0
025040107410003168d2a000a00000e2,2,3,31,322,265,703,568,1.30351,0,0
025040107410003168d2a000a00000e2,2,3,32,322,265,703,568,1.30351,0,0
025040107410003168d2a000a00000e2,2,3,33,322,265,703,568,1.30351,0,0
025040107410003168d2a000a00000e2,2,3,34,322,265,703,568,1.30351,0,0
025040107410003168d2a000a00000e2,2,3,35,322,265,703,568,1.30351,0,0
025040107410003168d2a000a00000e2,2,3,36,322,265,703,568,1.30351,0,0
025040107410003168d2a000a00000e2,2,3,37,322,265,703,568,1.30351,0,0
025040107410003168d2a000a00000e2,2,3,38,322,265,703,568,1.30351,0,0
025040107410003168d2a000a00000e2,2,3,39,322,265,703,568,1.30351,0,0
025040107410003168d2a000a00000e2,2,3,40,322,265,703,568,1.30351,0,0
025040107410003168d2a000a00000e2,2,3,41,322,265,703,568,1.30351,0,0
025040107410003168d2a000a00000e2,2,3,42,322,265,703,568,1.30351,0,0
025040107410003168d2a000a00000e2,2,3,43,322,265,703,568,1.30351,0,0
025040107410003168d2a000a00000e2,2,3,44,322,265,703,568,1.30351,0,0
025040107410003168d2a000a00000e2,2,3,45,322,265,703,568,1.30351,0,0
025040107410003168d2a000a00000e2,2,3,46,322,265,703,568,1.30351,0,0
025040107410003168d2a000a00000e2,2,3,47,322,265,703,568,1.30351,0,0
025040107410003168d2a000a00000e2,2,3,48,322,265,703,568,1.30351,0,0
025040107410003168d2a000a00000e2,2,3,49,322,265,703,568,1.30351,0,0
025040107410003168d2a000a00000e2,2,3,50,322,265,703,568,1.30351,0,0
025040107410003168d2a000a00000e2,2,3,51,322,265,703,568,1.30351,0,0
025040107410003168d2a000a00000e2,2,3,52,322,265,703,568,1.30351,0,0
025040107410003168d2a000a00000e2,2,3,53,322,265,703,568,1.30351,0,0
025040107410003168d2a000a00000e2,2,3,54,322,265,703,568,1.30351,0,0
025040107410003168d2a000a00000e2,2,3,55,322,265,703,568,1.30351,0,0
025040107410003168d2a000a00000e2,2,3,56,322,265,703,568,1.30351,0,0
025040107410003168d2a000a00000e2,2,3,57,322,265,703,568,1.30351,0,0
025040107410003168d2a000a00000e2,2,3,58,322,265,703,568,1.30351,0,0
025040107410003168d2a000a00000e2,2,3,59,322,265,703,568,1.30351,0,0
025040107410003168d2a000a00000e2,2,3,60,322,265,703,568,1.30351,0,0
025040107410003168d2a000a00000e2,2,3,61,322,265,703,568,1.30351,0,0
025040107410003168d2a000a00000e2,2,3,62,322,265,703,568,1.30351,0,0
025040107410003168d2a000a00000e2,2,3,63,322,265,703,568,1.30351,0,0
025040107410003168d2a000a00000e2,2,3,0,322,265,704,569,1.22241,4,0.00327222
025040107410003168d2a000a00000e2,2,3,1,322,265,704,569,1.22241,0,0
025040107410003168d2a000a00000e2,2,3,2,322,265,704,569,1.22241,7,0.00572639
025040107410003168d2a000a00000e2,2,3,3,322,265,704,569,1.22241,4,0.00327222
025040107410003168d2a000a00000e2,2,3,4,322,265,704,569,1.22241,14,0.0114528
025040107410003168d2a000a00000e2,2,3,5,322,265,704,569,1.22241,0,0
025040107410003168d2a000a00000e2,2,3,6,322,265,704,569,1.22241,14,0.0114528
025040107410003168d2a000a00000e2,2,3,7,322,265,704,569,1.22241,1,0.000818056
025040107410003168d2a000a00000e2,2,3,8,322,265,704,569,1.22241,13,0.0106347
025040107410003168d2a000a00000e2,2,3,9,322,265,704,569,1.22241,5,0.00409028
025040107410003168d2a000a00000e2,2,3,10,322,265,704,569,1.22241,14,0.0114528
025040107410003168d2a000a00000e2,2,3,11,322,265,704,569,1.22241,12,0.00981667
025040107410003168d2a000a00000e2,2,3,12,322,265,704,569,1.22241,18,0.014725
025040107410003168d2a000a00000e2,2,3,13,322,265,704,569,1.22241,5,0.00409028
025040107410003168d2a000a00000e2,2,3,14,322,265,704,569,1.22241,14,0.0114528
025040107410003168d2a000a00000e2,2,3,15,322,265,704,569,1.22241,12,0.00981667
025040107410003168d2a000a00000e2,2,3,16,322,265,704,569,1.22241,16,0.0130889
025040107410003168d2a000a00000e2,2,3,17,322,265,704,569,1.22241,5,0.00409028
025040107410003168d2a000a00000e2,2,3,18,322,265,704,569,1.22241,16,0.0130889
025040107410003168d2a000a00000e2,2,3,19,322,265,704,569,1.22241,6,0.00490834
025040107410003168d2a000a00000e2,2,3,20,322,265,704,569,1.22241,17,0.013907
025040107410003168d2a000a00000e2,2,3,21,322,265,704,569,1.22241,7,0.00572639
025040107410003168d2a000a00000e2,2,3,22,322,265,704,569,1.22241,15,0.0122708
025040107410003168d2a000a00000e2,2,3,23,322,265,704,569,1.22241,6,0.00490834
025040107410003168d2a000a00000e2,2,3,24,322,265,704,569,1.22241,19,0.0155431
025040107410003168d2a000a00000e2,2,3,25,322,265,704,569,1.22241,6,0.00490834
025040107410003168d2a000a00000e2,2,3,26,322,265,704,569,1.22241,17,0.013907
025040107410003168d2a000a00000e2,2,3,27,322,265,704,569,1.22241,6,0.00490834
025040107410003168d2a000a00000e2,2,3,28,322,265,704,569,1.22241,13,0.0106347
025040107410003168d2a000a00000e2,2,3,29,322,265,704,569,1.22241,3,0.00245417
025040107410003168d2a000a00000e2,2,3,30,322,265,704,569,1.22241,17,0.013907
025040107410003168d2a000a00000e2,2,3,31,322,265,704,569,1.22241,7,0.00572639
025040107410003168d2a000a00000e2,2,3,32,322,265,704,569,1.22241,17,0.013907
025040107410003168d2a000a00000e2,2,3,33,322,265,704,569,1.22241,10,0.00818056
025040107410003168d2a000a00000e2,2,3,34,322,265,704,569,1.22241,14,0.0114528
025040107410003168d2a000a00000e2,2,3,35,322,265,704,569,1.22241,8,0.00654445
025040107410003168d2a000a00000e2,2,3,36,322,265,704,569,1.22241,19,0.0155431
025040107410003168d2a000a00000e2,2,3,37,322,265,704,569,1.22241,2,0.00163611
025040107410003168d2a000a00000e2,2,3,38,322,265,704,569,1.22241,17,0.013907
025040107410003168d2a000a00000e2,2,3,39,322,265,704,569,1.22241,4,0.00327222
025040107410003168d2a000a00000e2,2,3,40,322,265,704,569,1.22241,2,0.00163611
025040107410003168d2a000a00000e2,2,3,41,322,265,704,569,1.22241,2,0.00163611
025040107410003168d2a000a00000e2,2,3,42,322,265,704,569,1.22241,13,0.0106347
025040107410003168d2a000a00000e2,2,3,43,322,265,704,569,1.22241,0,0
025040107410003168d2a000a00000e2,2,3,44,322,265,704,569,1.22241,6,0.00490834
025040107410003168d2a000a00000e2,2,3,45,322,265,704,569,1.22241,1,0.000818056
025040107410003168d2a000a00000e2,2,3,46,322,265,704,569,1.22241,13,0.0106347
025040107410003168d2a000a00000e2,2,3,47,322,265,704,569,1.22241,0,0
025040107410003168d2a000a00000e2,2,3,48,322,265,704,569,1.22241,5,0.00409028
025040107410003168d2a000a00000e2,2,3,49,322,265,704,569,1.22241,0,0
025040107410003168d2a000a00000e2,2,3,50,322,265,704,569,1.22241,0,0
025040107410003168d2a000a00000e2,2,3,51,322,265,704,569,1.22241,0,0
025040107410003168d2a000a00000e2,2,3,52,322,265,704,569,1.22241,5,0.00409028
025040107410003168d2a000a00000e2,2,3,53,322,265,704,569,1.22241,0,0
025040107410003168d2a000a00000e2,2,3,54,322,265,704,569,1.22241,0,0
025040107410003168d2a000a00000e2,2,3,55,322,265,704,569,1.22241,0,0
025040107410003168d2a000a00000e2,2,3,56,322,265,704,569,1.22241,0,0
025040107410003168d2a000a00000e2,2,3,57,322,265,704,569,1.22241,0,0
025040107410003168d2a000a00000e2,2,3,58,322,265,704,569,1.22241,0,0
025040107410003168d2a000a00000e2,2,3,59,322,265,704,569,1.22241,0,0
025040107410003168d2a000a00000e2,2,3,60,322,265,704,569,1.22241,0,0
025040107410003168d2a000a00000e2,2,3,61,322,265,704,569,1.22241,0,0
025040107410003168d2a000a00000e2,2,3,62,322,265,704,569,1.22241,0,0
025040107410003168d2a000a00000e2,2,3,63,322,265,704,569,1.22241,0,0
025040107410003168d2a000a00000e2,2,3,0,322,265,705,569,1.30793,0,0
025040107410003168d2a000a00000e2,2,3,1,322,265,705,569,1.30793,0,0
025040107410003168d2a000a00000e2,2,3,2,322,265,705,569,1.30793,0,0
025040107410003168d2a000a00000e2,2,3,3,322,265,705,569,1.30793,0,0
025040107410003168d2a000a00000e2,2,3,4,322,265,705,569,1.30793,0,0
025040107410003168d2a000a00000e2,2,3,5,322,265,705,569,1.30793,0,0
025040107410003168d2a000a00000e2,2,3,6,322,265,705,569,1.30793,0,0
025040107410003168d2a000a00000e2,2,3,7,322,265,705,569,1.30793,0,0
025040107410003168d2a000a00000e2,2,3,8,322,265,705,569,1.30793,0,0
025040107410003168d2a000a00000e2,2,3,9,322,265,705,569,1.30793,0,0
025040107410003168d2a000a00000e2,2,3,10,322,265,705,569,1.30793,0,0
025040107410003168d2a000a00000e2,2,3,11,322,265,705,569,1.30793,0,0
025040107410003168d2a000a00000e2,2,3,12,322,265,705,569,1.30793,0,0
025040107410003168d2a000a00000e2,2,3,13,322,265,705,569,1.30793,0,0
025040107410003168d2a000a00000e2,2,3,14,322,265,705,569,1.30793,0,0
025040107410003168d2a000a00000e2,2,3,15,322,265,705,569,1.30793,0,0
025040107410003168d2a000a00000e2,2,3,16,322,265,705,569,1.30793,0,0
025040107410003168d2a000a00000e2,2,3,17,322,265,705,569,1.30793,0,0
025040107410003168d2a000a00000e2,2,3,18,322,265,705,569,1.30793,0,0
025040107410003168d2a000a00000e2,2,3,19,322,265,705,569,1.30793,0,0
025040107410003168d2a000a00000e2,2,3,20,322,265,705,569,1.30793,0,0
025040107410003168d2a000a00000e2,2,3,21,322,265,705,569,1.30793,0,0
025040107410003168d2a000a00000e2,2,3,22,322,265,705,569,1.30793,0,0
025040107410003168d2a000a00000e2,2,3,23,322,265,705,569,1.30793,0,0
025040107410003168d2a000a00000e2,2,3,24,322,265,705,569,1.30793,0,0
025040107410003168d2a000a00000e2,2,3,25,322,265,705,569,1.30793,0,0
025040107410003168d2a000a00000e2,2,3,26,322,265,705,569,1.30793,0,0
025040107410003168d2a000a00000e2,2,3,27,322,265,705,569,1.30793,0,0
025040107410003168d2a000a00000e2,2,3,28,322,265,705,569,1.30793,0,0
025040107410003168d2a000a00000e2,2,3,29,322,265,705,569,1.30793,0,0
025040107410003168d2a000a00000e2,2,3,30,322,265,705,569,1.30793,0,0
025040107410003168d2a000a00000e2,2,3,31,322,265,705,569,1.30793,0,0
025040107410003168d2a000a00000e2,2,3,32,322,265,705,569,1.30793,0,0
025040107410003168d2a000a00000e2,2,3,33,322,265,705,569,1.30793,0,0
025040107410003168d2a000a00000e2,2,3,34,322,265,705,569,1.30793,0,0
025040107410003168d2a000a00000e2,2,3,35,322,265,705,569,1.30793,0,0
025040107410003168d2a000a00000e2,2,3,36,322,265,705,569,1.30793,0,0
025040107410003168d2a000a00000e2,2,3,37,322,265,705,569,1.30793,0,0
025040107410003168d2a000a00000e2,2,3,38,322,265,705,569,1.30793,0,0
025040107410003168d2a000a00000e2,2,3,39,322,265,705,569,1.30793,0,0
025040107410003168d2a000a00000e2,2,3,40,322,265,705,569,1.30793,0,0
025040107410003168d2a000a00000e2,2,3,41,322,265,705,569,1.30793,0,0
025040107410003168d2a000a00000e2,2,3,42,322,265,705,569,1.30793,0,0
025040107410003168d2a000a00000e2,2,3,43,322,265,705,569,1.30793,0,0
025040107410003168d2a000a00000e2,2,3,44,322,265,705,569,1.30793,0,0
025040107410003168d2a000a00000e2,2,3,45,322,265,705,569,1.30793,0,0
025040107410003168d2a000a00000e2,2,3,46,322,265,705,569,1.30793,0,0
025040107410003168d2a000a00000e2,2,3,47,322,265,705,569,1.30793,0,0
025040107410003168d2a000a00000e2,2,3,48,322,265,705,569,1.30793,0,0
025040107410003168d2a000a00000e2,2,3,49,322,265,705,569,1.30793,0,0
025040107410003168d2a000a00000e2,2,3,50,322,265,705,569,1.30793,0,0
025040107410003168d2a000a00000e2,2,3,51,322,265,705,569,1.30793,0,0
025040107410003168d2a000a00000e2,2,3,52,322,265,705,569,1.30793,0,0
025040107410003168d2a000a00000e2,2,3,53,322,265,705,569,1.30793,0,0
025040107410003168d2a000a00000e2,2,3,54,322,265,705,569,1.30793,0,0
025040107410003168d2a000a00000e2,2,3,55,322,265,705,569,1.30793,0,0
025040107410003168d2a000a00000e2,2,3,56,322,265,705,569,1.30793,0,0
025040107410003168d2a000a00000e2,2,3,57,322,265,705,569,1.30793,0,0
025040107410003168d2a000a00000e2,2,3,58,322,265,705,569,1.30793,0,0
025040107410003168d2a000a00000e2,2,3,59,322,265,705,569,1.30793,0,0
025040107410003168d2a000a00000e2,2,3,60,322,265,705,569,1.30793,0,0
025040107410003168d2a000a00000e2,2,3,61,322,265,705,569,1.30793,0,0
025040107410003168d2a000a00000e2,2,3,62,322,265,705,569,1.30793,0,0
025040107410003168d2a000a00000e2,2,3,63,322,265,705,569,1.30793,0,0
025040107410003168d2a000a00000e2,2,3,0,322,265,706,570,1.4259,0,0
025040107410003168d2a000a00000e2,2,3,1,322,265,706,570,1.4259,0,0
025040107410003168d2a000a00000e2,2,3,2,322,265,706,570,1.4259,0,0
025040107410003168d2a000a00000e2,2,3,3,322,265,706,570,1.4259,0,0
025040107410003168d2a000a00000e2,2,3,4,322,265,706,570,1.4259,0,0
025040107410003168d2a000a00000e2,2,3,5,322,265,706,570,1.4259,0,0
025040107410003168d2a000a00000e2,2,3,6,322,265,706,570,1.4259,0,0
025040107410003168d2a000a00000e2,2,3,7,322,265,706,570,1.4259,0,0
025040107410003168d2a000a00000e2,2,3,8,322,265,706,570,1.4259,0,0
025040107410003168d2a000a00000e2,2,3,9,322,265,706,570,1.4259,0,0
025040107410003168d2a000a00000e2,2,3,10,322,265,706,570,1.4259,0,0
025040107410003168d2a000a00000e2,2,3,11,322,265,706,570,1.4259,0,0
025040107410003168d2a000a00000e2,2,3,12,322,265,706,570,1.4259,0,0
025040107410003168d2a000a00000e2,2,3,13,322,265,706,570,1.4259,0,0
025040107410003168d2a000a00000e2,2,3,14,322,265,706,570,1.4259,0,0
025040107410003168d2a000a00000e2,2,3,15,322,265,706,570,1.4259,0,0
025040107410003168d2a000a00000e2,2,3,16,322,265,706,570,1.4259,0,0
025040107410003168d2a000a00000e2,2,3,17,322,265,706,570,1.4259,0,0
025040107410003168d2a000a00000e2,2,3,18,322,265,706,570,1.4259,0,0
025040107410003168d2a000a00000e2,2,3,19,322,265,706,570,1.4259,0,0
025040107410003168d2a000a00000e2,2,3,20,322,265,706,570,1.4259,0,0
025040107410003168d2a000a00000e2,2,3,21,322,265,706,570,1.4259,0,0
025040107410003168d2a000a00000e2,2,3,22,322,265,706,570,1.4259,0,0
025040107410003168d2a000a00000e2,2,3,23,322,265,706,570,1.4259,0,0
025040107410003168d2a000a00000e2,2,3,24,322,265,706,570,1.4259,0,0
025040107410003168d2a000a00000e2,2,3,25,322,265,706,570,1.4259,0,0
025040107410003168d2a000a00000e2,2,3,26,322,265,706,570,1.4259,0,0
025040107410003168d2a000a00000e2,2,3,27,322,265,706,570,1.4259,0,0
025040107410003168d2a000a00000e2,2,3,28,322,265,706,570,1.4259,0,0
025040107410003168d2a000a00000e2,2,3,29,322,265,706,570,1.4259,0,0
025040107410003168d2a000a00000e2,2,3,30,322,265,706,570,1.4259,0,0
025040107410003168d2a000a00000e2,2,3,31,322,265,706,570,1.4259,0,0
025040107410003168d2a000a00000e2,2,3,32,322,265,706,570,1.4259,0,0
025040107410003168d2a000a00000e2,2,3,33,322,265,706,570,1.4259,0,0
025040107410003168d2a000a00000e2,2,3,34,322,265,706,570,1.4259,0,0
025040107410003168d2a000a00000e2,2,3,35,322,265,706,570,1.4259,0,0
025040107410003168d2a000a00000e2,2,3,36,322,265,706,570,1.4259,0,0
025040107410003168d2a000a00000e2,2,3,37,322,265,706,570,1.4259,0,0
025040107410003168d2a000a00000e2,2,3,38,322,265,706,570,1.4259,0,0
025040107410003168d2a000a00000e2,2,3,39,322,265,706,570,1.4259,0,0
025040107410003168d2a000a00000e2,2,3,40,322,265,706,570,1.4259,0,0
025040107410003168d2a000a00000e2,2,3,41,322,265,706,570,1.4259,0,0
025040107410003168d2a000a00000e2,2,3,42,322,265,706,570,1.4259,0,0
025040107410003168d2a000a00000e2,2,3,43,322,265,706,570,1.4259,0,0
025040107410003168d2a000a00000e2,2,3,44,322,265,706,570,1.4259,0,0
025040107410003168d2a000a00000e2,2,3,45,322,265,706,570,1.4259,0,0
025040107410003168d2a000a00000e2,2,3,46,322,265,706,570,1.4259,0,0
025040107410003168d2a000a00000e2,2,3,47,322,265,706,570,1.4259,0,0
025040107410003168d2a000a00000e2,2,3,48,322,265,706,570,1.4259,0,0
025040107410003168d2a000a00000e2,2,3,49,322,265,706,570,1.4259,0,0
025040107410003168d2a000a00000e2,2,3,50,322,265,706,570,1.4259,0,0
025040107410003168d2a000a00000e2,2,3,51,322,265,706,570,1.4259,0,0
025040107410003168d2a000a00000e2,2,3,52,322,265,706,570,1.4259,0,0
025040107410003168d2a000a00000e2,2,3,53,322,265,706,570,1.4259,0,0
025040107410003168d2a000a00000e2,2,3,54,322,265,706,570,1.4259,0,0
025040107410003168d2a000a00000e2,2,3,55,322,265,706,570,1.4259,0,0
025040107410003168d2a000a00000e2,2,3,56,322,265,706,570,1.4259,0,0
025040107410003168d2a000a00000e2,2,3,57,322,265,706,570,1.4259,0,0
025040107410003168d2a000a00000e2,2,3,58,322,265,706,570,1.4259,0,0
025040107410003168d2a000a00000e2,2,3,59,322,265,706,570,1.4259,0,0
025040107410003168d2a000a00000e2,2,3,60,322,265,706,570,1.4259,0,0
025040107410003168d2a000a00000e2,2,3,61,322,265,706,570,1.4259,0,0
025040107410003168d2a000a00000e2,2,3,62,322,265,706,570,1.4259,0,0
025040107410003168d2a000a00000e2,2,3,63,322,265,706,570,1.4259,0,0
025040107410003168d2a000a00000e2,2,3,0,322,265,707,571,1.36839,0,0
025040107410003168d2a000a00000e2,2,3,1,322,265,707,571,1.36839,0,0
025040107410003168d2a000a00000e2,2,3,2,322,265,707,571,1.36839,3,0.00219235
025040107410003168d2a000a00000e2,2,3,3,322,265,707,571,1.36839,1,0.000730785
025040107410003168d2a000a00000e2,2,3,4,322,265,707,571,1.36839,13,0.0095002
025040107410003168d2a000a00000e2,2,3,5,322,265,707,571,1.36839,0,0
025040107410003168d2a000a00000e2,2,3,6,322,265,707,571,1.36839,13,0.0095002
025040107410003168d2a000a00000e2,2,3,7,322,265,707,571,1.36839,0,0
025040107410003168d2a000a00000e2,2,3,8,322,265,707,571,1.36839,8,0.00584628
025040107410003168d2a000a00000e2,2,3,9,322,265,707,571,1.36839,1,0.000730785
025040107410003168d2a000a00000e2,2,3,10,322,265,707,571,1.36839,11,0.00803863
025040107410003168d2a000a00000e2,2,3,11,322,265,707,571,1.36839,7,0.00511549
025040107410003168d2a000a00000e2,2,3,12,322,265,707,571,1.36839,16,0.0116926
025040107410003168d2a000a00000e2,2,3,13,322,265,707,571,1.36839,2,0.00146157
025040107410003168d2a000a00000e2,2,3,14,322,265,707,571,1.36839,8,0.00584628
025040107410003168d2a000a00000e2,2,3,15,322,265,707,571,1.36839,5,0.00365392
025040107410003168d2a000a00000e2,2,3,16,322,265,707,571,1.36839,15,0.0109618
025040107410003168d2a000a00000e2,2,3,17,322,265,707,571,1.36839,1,0.000730785
025040107410003168d2a000a00000e2,2,3,18,322,265,707,571,1.36839,13,0.0095002
025040107410003168d2a000a00000e2,2,3,19,322,265,707,571,1.36839,2,0.00146157
025040107410003168d2a000a00000e2,2,3,20,322,265,707,571,1.36839,16,0.0116926
025040107410003168d2a000a00000e2,2,3,21,322,265,707,571,1.36839,4,0.00292314
025040107410003168d2a000a00000e2,2,3,22,322,265,707,571,1.36839,13,0.0095002
025040107410003168d2a000a00000e2,2,3,23,322,265,707,571,1.36839,2,0.00146157
025040107410003168d2a000a00000e2,2,3,24,322,265,707,571,1.36839,17,0.0124233
025040107410003168d2a000a00000e2,2,3,25,322,265,707,571,1.36839,2,0.00146157
025040107410003168d2a000a00000e2,2,3,26,322,265,707,571,1.36839,16,0.0116926
025040107410003168d2a000a00000e2,2,3,27,322,265,707,571,1.36839,2,0.00146157
025040107410003168d2a000a00000e2,2,3,28,322,265,707,571,1.36839,9,0.00657706
025040107410003168d2a000a00000e2,2,3,29,322,265,707,571,1.36839,0,0
025040107410003168d2a000a00000e2,2,3,30,322,265,707,571,1.36839,16,0.0116926
025040107410003168d2a000a00000e2,2,3,31,322,265,707,571,1.36839,2,0.00146157
025040107410003168d2a000a00000e2,2,3,32,322,265,707,571,1.36839,16,0.0116926
025040107410003168d2a000a00000e2,2,3,33,322,265,707,571,1.36839,6,0.00438471
025040107410003168d2a000a00000e2,2,3,34,322,265,707,571,1.36839,12,0.00876942
025040107410003168d2a000a00000e2,2,3,35,322,265,707,571,1.36839,3,0.00219235
025040107410003168d2a000a00000e2,2,3,36,322,265,707,571,1.36839,18,0.0131541
025040107410003168d2a000a00000e2,2,3,37,322,265,707,571,1.36839,0,0
025040107410003168d2a000a00000e2,2,3,38,322,265,707,571,1.36839,16,0.0116926
025040107410003168d2a000a00000e2,2,3,39,322,265,707,571,1.36839,1,0.000730785
025040107410003168d2a000a00000e2,2,3,40,322,265,707,571,1.36839,0,0
025040107410003168d2a000a00000e2,2,3,41,322,265,707,571,1.36839,0,0
025040107410003168d2a000a00000e2,2,3,42,322,265,707,571,1.36839,9,0.00657706
025040107410003168d2a000a00000e2,2,3,43,322,265,707,571,1.36839,0,0
025040107410003168d2a000a00000e2,2,3,44,322,265,707,571,1.36839,2,0.00146157
025040107410003168d2a000a00000e2,2,3,45,322,265,707,571,1.36839,0,0
025040107410003168d2a000a00000e2,2,3,46,322,265,707,571,1.36839,8,0.00584628
025040107410003168d2a000a00000e2,2,3,47,322,265,707,571,1.36839,0,0
025040107410003168d2a000a00000e2,2,3,48,322,265,707,571,1.36839,2,0.00146157
025040107410003168d2a000a00000e2,2,3,49,322,265,707,571,1.36839,0,0
025040107410003168d2a000a00000e2,2,3,50,322,265,707,571,1.36839,0,0
025040107410003168d2a000a00000e2,2,3,51,322,265,707,571,1.36839,0,0
025040107410003168d2a000a00000e2,2,3,52,322,265,707,571,1.36839,1,0.000730785
025040107410003168d2a000a00000e2,2,3,53,322,265,707,571,1.36839,0,0
025040107410003168d2a000a00000e2,2,3,54,322,265,707,571,1.36839,0,0
025040107410003168d2a000a00000e2,2,3,55,322,265,707,571,1.36839,0,0
025040107410003168d2a000a00000e2,2,3,56,322,265,707,571,1.36839,0,0
025040107410003168d2a000a00000e2,2,3,57,322,265,707,571,1.36839,0,0
025040107410003168d2a000a00000e2,2,3,58,322,265,707,571,1.36839,0,0
025040107410003168d2a000a00000e2,2,3,59,322,265,707,571,1.36839,0,0
025040107410003168d2a000a00000e2,2,3,60,322,265,707,571,1.36839,0,0
025040107410003168d2a000a00000e2,2,3,61,322,265,707,571,1.36839,0,0
025040107410003168d2a000a00000e2,2,3,62,322,265,707,571,1.36839,0,0
025040107410003168d2a000a00000e2,2,3,63,322,265,707,571,1.36839,0,0
025040107410003168d2a000a00000e2,2,3,0,322,265,708,572,1.35217,0,0
025040107410003168d2a000a00000e2,2,3,1,322,265,708,572,1.35217,0,0
025040107410003168d2a000a00000e2,2,3,2,322,265,708,572,1.35217,0,0
025040107410003168d2a000a00000e2,2,3,3,322,265,708,572,1.35217,0,0
025040107410003168d2a000a00000e2,2,3,4,322,265,708,572,1.35217,0,0
025040107410003168d2a000a00000e2,2,3,5,322,265,708,572,1.35217,0,0
025040107410003168d2a000a00000e2,2,3,6,322,265,708,572,1.35217,0,0
025040107410003168d2a000a00000e2,2,3,7,322,265,708,572,1.35217,0,0
025040107410003168d2a000a00000e2,2,3,8,322,265,708,572,1.35217,0,0
025040107410003168d2a000a00000e2,2,3,9,322,265,708,572,1.35217,0,0
025040107410003168d2a000a00000e2,2,3,10,322,265,708,572,1.35217,0,0
025040107410003168d2a000a00000e2,2,3,11,322,265,708,572,1.35217,0,0
025040107410003168d2a000a00000e2,2,3,12,322,265,708,572,1.35217,0,0
025040107410003168d2a000a00000e2,2,3,13,322,265,708,572,1.35217,0,0
025040107410003168d2a000a00000e2,2,3,14,322,265,708,572,1.35217,0,0
025040107410003168d2a000a00000e2,2,3,15,322,265,708,572,1.35217,0,0
025040107410003168d2a000a00000e2,2,3,16,322,265,708,572,1.35217,0,0
025040107410003168d2a000a00000e2,2,3,17,322,265,708,572,1.35217,0,0
025040107410003168d2a000a00000e2,2,3,18,322,265,708,572,1.35217,0,0
025040107410003168d2a000a00000e2,2,3,19,322,265,708,572,1.35217,0,0
025040107410003168d2a000a00000e2,2,3,20,322,265,708,572,1.35217,0,0
025040107410003168d2a000a00000e2,2,3,21,322,265,708,572,1.35217,0,0
025040107410003168d2a000a00000e2,2,3,22,322,265,708,572,1.35217,0,0
025040107410003168d2a000a00000e2,2,3,23,322,265,708,572,1.35217,0,0
025040107410003168d2a000a00000e2,2,3,24,322,265,708,572,1.35217,0,0
025040107410003168d2a000a00000e2,2,3,25,322,265,708,572,1.35217,0,0
025040107410003168d2a000a00000e2,2,3,26,322,265,708,572,1.35217,0,0
025040107410003168d2a000a00000e2,2,3,27,322,265,708,572,1.35217,0,0
025040107410003168d2a000a00000e2,2,3,28,322,265,708,572,1.35217,0,0
025040107410003168d2a000a00000e2,2,3,29,322,265,708,572,1.35217,0,0
025040107410003168d2a000a00000e2,2,3,30,322,265,708,572,1.35217,0,0
025040107410003168d2a000a00000e2,2,3,31,322,265,708,572,1.35217,0,0
025040107410003168d2a000a00000e2,2,3,32,322,265,708,572,1.35217,0,0
025040107410003168d2a000a00000e2,2,3,33,322,265,708,572,1.35217,0,0
025040107410003168d2a000a00000e2,2,3,34,322,265,708,572,1.35217,0,0
025040107410003168d2a000a00000e2,2,3,35,322,265,708,572,1.35217,0,0
025040107410003168d2a000a00000e2,2,3,36,322,265,708,572,1.35217,0,0
025040107410003168d2a000a00000e2,2,3,37,322,265,708,572,1.35217,0,0
025040107410003168d2a000a00000e2,2,3,38,322,265,708,572,1.35217,0,0
025040107410003168d2a000a00000e2,2,3,39,322,265,708,572,1.35217,0,0
025040107410003168d2a000a00000e2,2,3,40,322,265,708,572,1.35217,0,0
025040107410003168d2a000a00000e2,2,3,41,322,265,708,572,1.35217,0,0
025040107410003168d2a000a00000e2,2,3,42,322,265,708,572,1.35217,0,0
025040107410003168d2a000a00000e2,2,3,43,322,265,708,572,1.35217,0,0
025040107410003168d2a000a00000e2,2,3,44,322,265,708,572,1.35217,0,0
025040107410003168d2a000a00000e2,2,3,45,322,265,708,572,1.35217,0,0
025040107410003168d2a000a00000e2,2,3,46,322,265,708,572,1.35217,0,0
025040107410003168d2a000a00000e2,2,3,47,322,265,708,572,1.35217,0,0
025040107410003168d2a000a00000e2,2,3,48,322,265,708,572,1.35217,0,0
025040107410003168d2a000a00000e2,2,3,49,322,265,708,572,1.35217,0,0
025040107410003168d2a000a00000e2,2,3,50,322,265,708,572,1.35217,0,0
025040107410003168d2a000a00000e2,2,3,51,322,265,708,572,1.35217,0,0
025040107410003168d2a000a00000e2,2,3,52,322,265,708,572,1.35217,0,0
025040107410003168d2a000a00000e2,2,3,53,322,265,708,572,1.35217,0,0
025040107410003168d2a000a00000e2,2,3,54,322,265,708,572,1.35217,0,0
025040107410003168d2a000a00000e2,2,3,55,322,265,708,572,1.35217,0,0
025040107410003168d2a000a00000e2,2,3,56,322,265,708,572,1.35217,0,0
025040107410003168d2a000a00000e2,2,3,57,322,265,708,572,1.35217,0,0
025040107410003168d2a000a00000e2,2,3,58,322,265,708,572,1.35217,0,0
025040107410003168d2a000a00000e2,2,3,59,322,265,708,572,1.35217,0,0
025040107410003168d2a000a00000e2,2,3,60,322,265,708,572,1.35217,0,0
025040107410003168d2a000a00000e2,2,3,61,322,265,708,572,1.35217,0,0
025040107410003168d2a000a00000e2,2,3,62,322,265,708,572,1.35217,0,0
025040107410003168d2a000a00000e2,2,3,63,322,265,708,572,1.35217,0,0
025040107410003168d2a000a00000e2,2,3,0,322,265,709,572,1.79306,1,0.000557704
025040107410003168d2a000a00000e2,2,3,1,322,265,709,572,1.79306,0,0
025040107410003168d2a000a00000e2,2,3,2,322,265,709,572,1.79306,4,0.00223082
025040107410003168d2a000a00000e2,2,3,3,322,265,709,572,1.79306,2,0.00111541
025040107410003168d2a000a00000e2,2,3,4,322,265,709,572,1.79306,11,0.00613475
025040107410003168d2a000a00000e2,2,3,5,322,265,709,572,1.79306,0,0
025040107410003168d2a000a00000e2,2,3,6,322,265,709,572,1.79306,11,0.00613475
025040107410003168d2a000a00000e2,2,3,7,322,265,709,572,1.79306,0,0
025040107410003168d2a000a00000e2,2,3,8,322,265,709,572,1.79306,5,0.00278852
025040107410003168d2a000a00000e2,2,3,9,322,265,709,572,1.79306,2,0.00111541
025040107410003168d2a000a00000e2,2,3,10,322,265,709,572,1.79306,9,0.00501934
025040107410003168d2a000a00000e2,2,3,11,322,265,709,572,1.79306,5,0.00278852
025040107410003168d2a000a00000e2,2,3,12,322,265,709,572,1.79306,14,0.00780786
025040107410003168d2a000a00000e2,2,3,13,322,265,709,572,1.79306,3,0.00167311
025040107410003168d2a000a00000e2,2,3,14,322,265,709,572,1.79306,6,0.00334623
025040107410003168d2a000a00000e2,2,3,15,322,265,709,572,1.79306,4,0.00223082
025040107410003168d2a000a00000e2,2,3,16,322,265,709,572,1.79306,13,0.00725016
025040107410003168d2a000a00000e2,2,3,17,322,265,709,572,1.79306,3,0.00167311
025040107410003168d2a000a00000e2,2,3,18,322,265,709,572,1.79306,12,0.00669245
025040107410003168d2a000a00000e2,2,3,19,322,265,709,572,1.79306,2,0.00111541
025040107410003168d2a000a00000e2,2,3,20,322,265,709,572,1.79306,12,0.00669245
025040107410003168d2a000a00000e2,2,3,21,322,265,709,572,1.79306,4,0.00223082
025040107410003168d2a000a00000e2,2,3,22,322,265,709,572,1.79306,12,0.00669245
025040107410003168d2a000a00000e2,2,3,23,322,265,709,572,1.79306,4,0.00223082
025040107410003168d2a000a00000e2,2,3,24,322,265,709,572,1.79306,15,0.00836556
025040107410003168d2a000a00000e2,2,3,25,322,265,709,572,1.79306,2,0.00111541
025040107410003168d2a000a00000e2,2,3,26,322,265,709,572,1.79306,12,0.00669245
025040107410003168d2a000a00000e2,2,3,27,322,265,709,572,1.79306,2,0.00111541
025040107410003168d2a000a00000e2,2,3,28,322,265,709,572,1.79306,7,0.00390393
025040107410003168d2a000a00000e2,2,3,29,322,265,709,572,1.79306,1,0.000557704
025040107410003168d2a000a00000e2,2,3,30,322,265,709,572,1.79306,13,0.00725016
025040107410003168d2a000a00000e2,2,3,31,322,265,709,572,1.79306,4,0.00223082
025040107410003168d2a000a00000e2,2,3,32,322,265,709,572,1.79306,13,0.00725016
025040107410003168d2a000a00000e2,2,3,33,322,265,709,572,1.79306,4,0.00223082
025040107410003168d2a000a00000e2,2,3,34,322,265,709,572,1.79306,10,0.00557704
025040107410003168d2a000a00000e2,2,3,35,322,265,709,572,1.79306,5,0.00278852
025040107410003168d2a000a00000e2,2,3,36,322,265,709,572,1.79306,15,0.00836556
025040107410003168d2a000a00000e2,2,3,37,322,265,709,572,1.79306,1,0.000557704
025040107410003168d2a000a00000e2,2,3,38,322,265,709,572,1.79306,13,0.00725016
025040107410003168d2a000a00000e2,2,3,39,322,265,709,572,1.79306,1,0.000557704
025040107410003168d2a000a00000e2,2,3,40,322,265,709,572,1.79306,0,0
025040107410003168d2a000a00000e2,2,3,41,322,265,709,572,1.79306,0,0
025040107410003168d2a000a00000e2,2,3,42,322,265,709,572,1.79306,5,0.00278852
025040107410003168d2a000a00000e2,2,3,43,322,265,709,572,1.79306,0,0
025040107410003168d2a000a00000e2,2,3,44,322,265,709,572,1.79306,3,0.00167311
025040107410003168d2a000a00000e2,2,3,45,322,265,709,572,1.79306,0,0
025040107410003168d2a000a00000e2,2,3,46,322,265,709,572,1.79306,6,0.00334623
025040107410003168d2a000a00000e2,2,3,47,322,265,709,572,1.79306,0,0
025040107410003168d2a000a00000e2,2,3,48,322,265,709,572,1.79306,3,0.00167311
025040107410003168d2a000a00000e2,2,3,49,322,265,709,572,1.79306,0,0
025040107410003168d2a000a00000e2,2,3,50,322,265,709,572,1.79306,0,0
025040107410003168d2a000a00000e2,2,3,51,322,265,709,572,1.79306,0,0
025040107410003168d2a000a00000e2,2,3,52,322,265,709,572,1.79306,3,0.00167311
025040107410003168d2a000a00000e2,2,3,53,322,265,709,572,1.79306,0,0
025040107410003168d2a000a00000e2,2,3,54,322,265,709,572,1.79306,0,0
025040107410003168d2a000a00000e2,2,3,55,322,265,709,572,1.79306,0,0
025040107410003168d2a000a00000e2,2,3,56,322,265,709,572,1.79306,0,0
025040107410003168d2a000a00000e2,2,3,57,322,265,709,572,1.79306,0,0
025040107410003168d2a000a00000e2,2,3,58,322,265,709,572,1.79306,0,0
025040107410003168d2a000a00000e2,2,3,59,322,265,709,572,1.79306,0,0
025040107410003168d2a000a00000e2,2,3,60,322,265,709,572,1.79306,0,0
025040107410003168d2a000a00000e2,2,3,61,322,265,709,572,1.79306,0,0
025040107410003168d2a000a00000e2,2,3,62,322,265,709,572,1.79306,0,0
025040107410003168d2a000a00000e2,2,3,63,322,265,709,572,1.79306,0,0
025040107410003168d2a000a00000e2,2,3,0,322,265,710,573,1.87122,0,0
025040107410003168d2a000a00000e2,2,3,1,322,265,710,573,1.87122,0,0
025040107410003168d2a000a00000e2,2,3,2,322,265,710,573,1.87122,2,0.00106882
025040107410003168d2a000a00000e2,2,3,3,322,265,710,573,1.87122,1,0.000534412
025040107410003168d2a000a00000e2,2,3,4,322,265,710,573,1.87122,7,0.00374088
025040107410003168d2a000a00000e2,2,3,5,322,265,710,573,1.87122,0,0
025040107410003168d2a000a00000e2,2,3,6,322,265,710,573,1.87122,8,0.00427529
025040107410003168d2a000a00000e2,2,3,7,322,265,710,573,1.87122,0,0
025040107410003168d2a000a00000e2,2,3,8,322,265,710,573,1.87122,2,0.00106882
025040107410003168d2a000a00000e2,2,3,9,322,265,710,573,1.87122,1,0.000534412
025040107410003168d2a000a00000e2,2,3,10,322,265,710,573,1.87122,5,0.00267206
025040107410003168d2a000a00000e2,2,3,11,322,265,710,573,1.87122,2,0.00106882
025040107410003168d2a000a00000e2,2,3,12,322,265,710,573,1.87122,14,0.00748176
025040107410003168d2a000a00000e2,2,3,13,322,265,710,573,1.87122,1,0.000534412
025040107410003168d2a000a00000e2,2,3,14,322,265,710,573,1.87122,3,0.00160323
025040107410003168d2a000a00000e2,2,3,15,322,265,710,573,1.87122,2,0.00106882
025040107410003168d2a000a00000e2,2,3,16,322,265,710,573,1.87122,13,0.00694735
025040107410003168d2a000a00000e2,2,3,17,322,265,710,573,1.87122,1,0.000534412
025040107410003168d2a000a00000e2,2,3,18,322,265,710,573,1.87122,13,0.00694735
025040107410003168d2a000a00000e2,2,3,19,322,265,710,573,1.87122,2,0.00106882
025040107410003168d2a000a00000e2,2,3,20,322,265,710,573,1.87122,13,0.00694735
025040107410003168d2a000a00000e2,2,3,21,322,265,710,573,1.87122,1,0.000534412
025040107410003168d2a000a00000e2,2,3,22,322,265,710,573,1.87122,12,0.00641294
025040107410003168d2a000a00000e2,2,3,23,322,265,710,573,1.87122,2,0.00106882
025040107410003168d2a000a00000e2,2,3,24,322,265,710,573,1.87122,15,0.00801617
025040107410003168d2a000a00000e2,2,3,25,322,265,710,573,1.87122,1,0.000534412
025040107410003168d2a000a00000e2,2,3,26,322,265,710,573,1.87122,13,0.00694735
025040107410003168d2a000a00000e2,2,3,27,322,265,710,573,1.87122,1,0.000534412
025040107410003168d2a000a00000e2,2,3,28,322,265,710,573,1.87122,3,0.00160323
025040107410003168d2a000a00000e2,2,3,29,322,265,710,573,1.87122,0,0
025040107410003168d2a000a00000e2,2,3,30,322,265,710,573,1.87122,13,0.00694735
025040107410003168d2a000a00000e2,2,3,31,322,265,710,573,1.87122,2,0.00106882
025040107410003168d2a000a00000e2,2,3,32,322,265,710,573,1.87122,14,0.00748176
025040107410003168d2a000a00000e2,2,3,33,322,265,710,573,1.87122,2,0.00106882
025040107410003168d2a000a00000e2,2,3,34,322,265,710,573,1.87122,8,0.00427529
025040107410003168d2a000a00000e2,2,3,35,322,265,710,573,1.87122,1,0.000534412
025040107410003168d2a000a00000e2,2,3,36,322,265,710,573,1.87122,16,0.00855059
025040107410003168d2a000a00000e2,2,3,37,322,265,710,573,1.87122,0,0
025040107410003168d2a000a00000e2,2,3,38,322,265,710,573,1.87122,14,0.00748176
025040107410003168d2a000a00000e2,2,3,39,322,265,710,573,1.87122,0,0
025040107410003168d2a000a00000e2,2,3,40,322,265,710,573,1.87122,0,0
025040107410003168d2a000a00000e2,2,3,41,322,265,710,573,1.87122,0,0
025040107410003168d2a000a00000e2,2,3,42,322,265,710,573,1.87122,3,0.00160323
025040107410003168d2a000a00000e2,2,3,43,322,265,710,573,1.87122,0,0
025040107410003168d2a000a00000e2,2,3,44,322,265,710,573,1.87122,2,0.00106882
025040107410003168d2a000a00000e2,2,3,45,322,265,710,573,1.87122,0,0
025040107410003168d2a000a00000e2,2,3,46,322,265,710,573,1.87122,2,0.00106882
025040107410003168d2a000a00000e2,2,3,47,322,265,710,573,1.87122,0,0
025040107410003168d2a000a00000e2,2,3,48,322,265,710,573,1.87122,1,0.000534412
025040107410003168d2a000a00000e2,2,3,49,322,265,710,573,1.87122,0,0
025040107410003168d2a000a00000e2,2,3,50,322,265,710,573,1.87122,0,0
025040107410003168d2a000a00000e2,2,3,51,322,265,710,573,1.87122,0,0
025040107410003168d2a000a00000e2,2,3,52,322,265,710,573,1.87122,1,0.000534412
025040107410003168d2a000a00000e2,2,3,53,322,265,710,573,1.87122,0,0
025040107410003168d2a000a00000e2,2,3,54,322,265,710,573,1.87122,0,0
025040107410003168d2a000a00000e2,2,3,55,322,265,710,573,1.87122,0,0
025040107410003168d2a000a00000e2,2,3,56,322,265,710,573,1.87122,0,0
025040107410003168d2a000a00000e2,2,3,57,322,265,710,573,1.87122,0,0
025040107410003168d2a000a00000e2,2,3,58,322,265,710,573,1.87122,0,0
025040107410003168d2a000a00000e2,2,3,59,322,265,710,573,1.87122,0,0
025040107410003168d2a000a00000e2,2,3,60,322,265,710,573,1.87122,0,0
025040107410003168d2a000a00000e2,2,3,61,322,265,710,573,1.87122,0,0
025040107410003168d2a000a00000e2,2,3,62,322,265,710,573,1.87122,0,0
025040107410003168d2a000a00000e2,2,3,63,322,265,710,573,1.87122,0,0
025040107410003168d2a000a00000e2,2,3,0,322,265,711,574,1.46866,0,0
025040107410003168d2a000a00000e2,2,3,1,322,265,711,574,1.46866,0,0
025040107410003168d2a000a00000e2,2,3,2,322,265,711,574,1.46866,0,0
025040107410003168d2a000a00000e2,2,3,3,322,265,711,574,1.46866,0,0
025040107410003168d2a000a00000e2,2,3,4,322,265,711,574,1.46866,0,0
025040107410003168d2a000a00000e2,2,3,5,322,265,711,574,1.46866,0,0
025040107410003168d2a000a00000e2,2,3,6,322,265,711,574,1.46866,0,0
025040107410003168d2a000a00000e2,2,3,7,322,265,711,574,1.46866,0,0
025040107410003168d2a000a00000e2,2,3,8,322,265,711,574,1.46866,0,0
025040107410003168d2a000a00000e2,2,3,9,322,265,711,574,1.46866,0,0
025040107410003168d2a000a00000e2,2,3,10,322,265,711,574,1.46866,0,0
025040107410003168d2a000a00000e2,2,3,11,322,265,711,574,1.46866,0,0
025040107410003168d2a000a00000e2,2,3,12,322,265,711,574,1.46866,0,0
025040107410003168d2a000a00000e2,2,3,13,322,265,711,574,1.46866,0,0
025040107410003168d2a000a00000e2,2,3,14,322,265,711,574,1.46866,0,0
025040107410003168d2a000a00000e2,2,3,15,322,265,711,574,1.46866,0,0
025040107410003168d2a000a00000e2,2,3,16,322,265,711,574,1.46866,0,0
025040107410003168d2a000a00000e2,2,3,17,322,265,711,574,1.46866,0,0
025040107410003168d2a000a00000e2,2,3,18,322,265,711,574,1.46866,0,0
025040107410003168d2a000a00000e2,2,3,19,322,265,711,574,1.46866,0,0
025040107410003168d2a000a00000e2,2,3,20,322,265,711,574,1.46866,0,0
025040107410003168d2a000a00000e2,2,3,21,322,265,711,574,1.46866,0,0
025040107410003168d2a000a00000e2,2,3,22,322,265,711,574,1.46866,0,0
025040107410003168d2a000a00000e2,2,3,23,322,265,711,574,1.46866,0,0
025040107410003168d2a000a00000e2,2,3,24,322,265,711,574,1.46866,0,0
025040107410003168d2a000a00000e2,2,3,25,322,265,711,574,1.46866,0,0
025040107410003168d2a000a00000e2,2,3,26,322,265,711,574,1.46866,0,0
025040107410003168d2a000a00000e2,2,3,27,322,265,711,574,1.46866,0,0
025040107410003168d2a000a00000e2,2,3,28,322,265,711,574,1.46866,0,0
025040107410003168d2a000a00000e2,2,3,29,322,265,711,574,1.46866,0,0
025040107410003168d2a000a00000e2,2,3,30,322,265,711,574,1.46866,0,0
025040107410003168d2a000a00000e2,2,3,31,322,265,711,574,1.46866,0,0
025040107410003168d2a000a00000e2,2,3,32,322,265,711,574,1.46866,0,0
025040107410003168d2a000a00000e2,2,3,33,322,265,711,574,1.46866,0,0
025040107410003168d2a000a00000e2,2,3,34,322,265,711,574,1.46866,0,0
025040107410003168d2a000a00000e2,2,3,35,322,265,711,574,1.46866,0,0
025040107410003168d2a000a00000e2,2,3,36,322,265,711,574,1.46866,0,0
025040107410003168d2a000a00000e2,2,3,37,322,265,711,574,1.46866,0,0
025040107410003168d2a000a00000e2,2,3,38,322,265,711,574,1.46866,0,0
025040107410003168d2a000a00000e2,2,3,39,322,265,711,574,1.46866,0,0
025040107410003168d2a000a00000e2,2,3,40,322,265,711,574,1.46866,0,0
025040107410003168d2a000a00000e2,2,3,41,322,265,711,574,1.46866,0,0
025040107410003168d2a000a00000e2,2,3,42,322,265,711,574,1.46866,0,0
025040107410003168d2a000a00000e2,2,3,43,322,265,711,574,1.46866,0,0
025040107410003168d2a000a00000e2,2,3,44,322,265,711,574,1.46866,0,0
025040107410003168d2a000a00000e2,2,3,45,322,265,711,574,1.46866,0,0
025040107410003168d2a000a00000e2,2,3,46,322,265,711,574,1.46866,0,0
025040107410003168d2a000a00000e2,2,3,47,322,265,711,574,1.46866,0,0
025040107410003168d2a000a00000e2,2,3,48,322,265,711,574,1.46866,0,0
025040107410003168d2a000a00000e2,2,3,49,322,265,711,574,1.46866,0,0
025040107410003168d2a000a00000e2,2,3,50,322,265,711,574,1.46866,0,0
025040107410003168d2a000a00000e2,2,3,51,322,265,711,574,1.46866,0,0
025040107410003168d2a000a00000e2,2,3,52,322,265,711,574,1.46866,0,0
025040107410003168d2a000a00000e2,2,3,53,322,265,711,574,1.46866,0,0
025040107410003168d2a000a00000e2,2,3,54,322,265,711,574,1.46866,0,0
025040107410003168d2a000a00000e2,2,3,55,322,265,711,574,1.46866,0,0
025040107410003168d2a000a00000e2,2,3,56,322,265,711,574,1.46866,0,0
025040107410003168d2a000a00000e2,2,3,57,322,265,711,574,1.46866,0,0
025040107410003168d2a000a00000e2,2,3,58,322,265,711,574,1.46866,0,0
025040107410003168d2a000a00000e2,2,3,59,322,265,711,574,1.46866,0,0
025040107410003168d2a000a00000e2,2,3,60,322,265,711,574,1.46866,0,0
025040107410003168d2a000a00000e2,2,3,61,322,265,711,574,1.46866,0,0
025040107410003168d2a000a00000e2,2,3,62,322,265,711,574,1.46866,0,0
025040107410003168d2a000a00000e2,2,3,63,322,265,711,574,1.46866,0,0
025040107410003168d2a000a00000e2,2,3,0,322,265,712,575,1.41558,0,0
025040107410003168d2a000a00000e2,2,3,1,322,265,712,575,1.41558,0,0
025040107410003168d2a000a00000e2,2,3,2,322,265,712,575,1.41558,0,0
025040107410003168d2a000a00000e2,2,3,3,322,265,712,575,1.41558,0,0
025040107410003168d2a000a00000e2,2,3,4,322,265,712,575,1.41558,0,0
025040107410003168d2a000a00000e2,2,3,5,322,265,712,575,1.41558,0,0
025040107410003168d2a000a00000e2,2,3,6,322,265,712,575,1.41558,0,0
025040107410003168d2a000a00000e2,2,3,7,322,265,712,575,1.41558,0,0
025040107410003168d2a000a00000e2,2,3,8,322,265,712,575,1.41558,0,0
025040107410003168d2a000a00000e2,2,3,9,322,265,712,575,1.41558,0,0
025040107410003168d2a000a00000e2,2,3,10,322,265,712,575,1.41558,0,0
025040107410003168d2a000a00000e2,2,3,11,322,265,712,575,1.41558,0,0
025040107410003168d2a000a00000e2,2,3,12,322,265,712,575,1.41558,0,0
025040107410003168d2a000a00000e2,2,3,13,322,265,712,575,1.41558,0,0
025040107410003168d2a000a00000e2,2,3,14,322,265,712,575,1.41558,0,0
025040107410003168d2a000a00000e2,2,3,15,322,265,712,575,1.41558,0,0
025040107410003168d2a000a00000e2,2,3,16,322,265,712,575,1.41558,0,0
025040107410003168d2a000a00000e2,2,3,17,322,265,712,575,1.41558,0,0
025040107410003168d2a000a00000e2,2,3,18,322,265,712,575,1.41558,0,0
025040107410003168d2a000a00000e2,2,3,19,322,265,712,575,1.41558,0,0
025040107410003168d2a000a00000e2,2,3,20,322,265,712,575,1.41558,0,0
025040107410003168d2a000a00000e2,2,3,21,322,265,712,575,1.41558,0,0
025040107410003168d2a000a00000e2,2,3,22,322,265,712,575,1.41558,0,0
025040107410003168d2a000a00000e2,2,3,23,322,265,712,575,1.41558,0,0
025040107410003168d2a000a00000e2,2,3,24,322,265,712,575,1.41558,0,0
025040107410003168d2a000a00000e2,2,3,25,322,265,712,575,1.41558,0,0
025040107410003168d2a000a00000e2,2,3,26,322,265,712,575,1.41558,0,0
025040107410003168d2a000a00000e2,2,3,27,322,265,712,575,1.41558,0,0
025040107410003168d2a000a00000e2,2,3,28,322,265,712,575,1.41558,0,0
025040107410003168d2a000a00000e2,2,3,29,322,265,712,575,1.41558,0,0
025040107410003168d2a000a00000e2,2,3,30,322,265,712,575,1.41558,0,0
025040107410003168d2a000a00000e2,2,3,31,322,265,712,575,1.41558,0,0
025040107410003168d2a000a00000e2,2,3,32,322,265,712,575,1.41558,0,0
025040107410003168d2a000a00000e2,2,3,33,322,265,712,575,1.41558,0,0
025040107410003168d2a000a00000e2,2,3,34,322,265,712,575,1.41558,0,0
025040107410003168d2a000a00000e2,2,3,35,322,265,712,575,1.41558,0,0
025040107410003168d2a000a00000e2,2,3,36,322,265,712,575,1.41558,0,0
025040107410003168d2a000a00000e2,2,3,37,322,265,712,575,1.41558,0,0
025040107410003168d2a000a00000e2,2,3,38,322,265,712,575,1.41558,0,0
025040107410003168d2a000a00000e2,2,3,39,322,265,712,575,1.41558,0,0
025040107410003168d2a000a00000e2,2,3,40,322,265,712,575,1.41558,0,0
025040107410003168d2a000a00000e2,2,3,41,322,265,712,575,1.41558,0,0
025040107410003168d2a000a00000e2,2,3,42,322,265,712,575,1.41558,0,0
025040107410003168d2a000a00000e2,2,3,43,322,265,712,575,1.41558,0,0
025040107410003168d2a000a00000e2,2,3,44,322,265,712,575,1.41558,0,0
025040107410003168d2a000a00000e2,2,3,45,322,265,712,575,1.41558,0,0
025040107410003168d2a000a00000e2,2,3,46,322,265,712,575,1.41558,0,0
025040107410003168d2a000a00000e2,2,3,47,322,265,712,575,1.41558,0,0
025040107410003168d2a000a00000e2,2,3,48,322,265,712,575,1.41558,0,0
025040107410003168d2a000a00000e2,2,3,49,322,265,712,575,1.41558,0,0
025040107410003168d2a000a00000e2,2,3,50,322,265,712,575,1.41558,0,0
025040107410003168d2a000a00000e2,2,3,51,322,265,712,575,1.41558,0,0
025040107410003168d2a000a00000e2,2,3,52,322,265,712,575,1.41558,0,0
025040107410003168d2a000a00000e2,2,3,53,322,265,712,575,1.41558,0,0
025040107410003168d2a000a00000e2,2,3,54,322,265,712,575,1.41558,0,0
025040107410003168d2a000a00000e2,2,3,55,322,265,712,575,1.41558,0,0
025040107410003168d2a000a00000e2,2,3,56,322,265,712,575,1.41558,0,0
025040107410003168d2a000a00000e2,2,3,57,322,265,712,575,1.41558,0,0
025040107410003168d2a000a00000e2,2,3,58,322,265,712,575,1.41558,0,0
025040107410003168d2a000a00000e2,2,3,59,322,265,712,575,1.41558,0,0
025040107410003168d2a000a00000e2,2,3,60,322,265,712,575,1.41558,0,0
025040107410003168d2a000a00000e2,2,3,61,322,265,712,575,1.41558,0,0
025040107410003168d2a000a00000e2,2,3,62,322,265,712,575,1.41558,0,0
025040107410003168d2a000a00000e2,2,3,63,322,265,712,575,1.41558,0,0
025040107410003168d2a000a00000e2,2,3,0,322,265,713,576,1.39493,0,0
025040107410003168d2a000a00000e2,2,3,1,322,265,713,576,1.39493,0,0
025040107410003168d2a000a00000e2,2,3,2,322,265,713,576,1.39493,0,0
025040107410003168d2a000a00000e2,2,3,3,322,265,713,576,1.39493,0,0
025040107410003168d2a000a00000e2,2,3,4,322,265,713,576,1.39493,0,0
025040107410003168d2a000a00000e2,2,3,5,322,265,713,576,1.39493,0,0
025040107410003168d2a000a00000e2,2,3,6,322,265,713,576,1.39493,0,0
025040107410003168d2a000a00000e2,2,3,7,322,265,713,576,1.39493,0,0
025040107410003168d2a000a00000e2,2,3,8,322,265,713,576,1.39493,0,0
025040107410003168d2a000a00000e2,2,3,9,322,265,713,576,1.39493,0,0
025040107410003168d2a000a00000e2,2,3,10,322,265,713,576,1.39493,0,0
025040107410003168d2a000a00000e2,2,3,11,322,265,713,576,1.39493,0,0
025040107410003168d2a000a00000e2,2,3,12,322,265,713,576,1.39493,0,0
025040107410003168d2a000a00000e2,2,3,13,322,265,713,576,1.39493,0,0
025040107410003168d2a000a00000e2,2,3,14,322,265,713,576,1.39493,0,0
025040107410003168d2a000a00000e2,2,3,15,322,265,713,576,1.39493,0,0
025040107410003168d2a000a00000e2,2,3,16,322,265,713,576,1.39493,0,0
025040107410003168d2a000a00000e2,2,3,17,322,265,713,576,1.39493,0,0
025040107410003168d2a000a00000e2,2,3,18,322,265,713,576,1.39493,0,0
025040107410003168d2a000a00000e2,2,3,19,322,265,713,576,1.39493,0,0
025040107410003168d2a000a00000e2,2,3,20,322,265,713,576,1.39493,0,0
025040107410003168d2a000a00000e2,2,3,21,322,265,713,576,1.39493,0,0
025040107410003168d2a000a00000e2,2,3,22,322,265,713,576,1.39493,0,0
025040107410003168d2a000a00000e2,2,3,23,322,265,713,576,1.39493,0,0
025040107410003168d2a000a00000e2,2,3,24,322,265,713,576,1.39493,0,0
025040107410003168d2a000a00000e2,2,3,25,322,265,713,576,1.39493,0,0
025040107410003168d2a000a00000e2,2,3,26,322,265,713,576,1.39493,0,0
025040107410003168d2a000a00000e2,2,3,27,322,265,713,576,1.39493,0,0
025040107410003168d2a000a00000e2,2,3,28,322,265,713,576,1.39493,0,0
025040107410003168d2a000a00000e2,2,3,29,322,265,713,576,1.39493,0,0
025040107410003168d2a000a00000e2,2,3,30,322,265,713,576,1.39493,0,0
025040107410003168d2a000a00000e2,2,3,31,322,265,713,576,1.39493,0,0
025040107410003168d2a000a00000e2,2,3,32,322,265,713,576,1.39493,0,0
025040107410003168d2a000a00000e2,2,3,33,322,265,713,576,1.39493,0,0
025040107410003168d2a000a00000e2,2,3,34,322,265,713,576,1.39493,0,0
025040107410003168d2a000a00000e2,2,3,35,322,265,713,576,1.39493,0,0
025040107410003168d2a000a00000e2,2,3,36,322,265,713,576,1.39493,0,0
025040107410003168d2a000a00000e2,2,3,37,322,265,713,576,1.39493,0,0
025040107410003168d2a000a00000e2,2,3,38,322,265,713,576,1.39493,0,0
025040107410003168d2a000a00000e2,2,3,39,322,265,713,576,1.39493,0,0
025040107410003168d2a000a00000e2,2,3,40,322,265,713,576,1.39493,0,0
025040107410003168d2a000a00000e2,2,3,41,322,265,713,576,1.39493,0,0
025040107410003168d2a000a00000e2,2,3,42,322,265,713,576,1.39493,0,0
025040107410003168d2a000a00000e2,2,3,43,322,265,713,576,1.39493,0,0
025040107410003168d2a000a00000e2,2,3,44,322,265,713,576,1.39493,0,0
025040107410003168d2a000a00000e2,2,3,45,322,265,713,576,1.39493,0,0
025040107410003168d2a000a00000e2,2,3,46,322,265,713,576,1.39493,0,0
025040107410003168d2a000a00000e2,2,3,47,322,265,713,576,1.39493,0,0
025040107410003168d2a000a00000e2,2,3,48,322,265,713,576,1.39493,0,0
025040107410003168d2a000a00000e2,2,3,49,322,265,713,576,1.39493,0,0
025040107410003168d2a000a00000e2,2,3,50,322,265,713,576,1.39493,0,0
025040107410003168d2a000a00000e2,2,3,51,322,265,713,576,1.39493,0,0
025040107410003168d2a000a00000e2,2,3,52,322,265,713,576,1.39493,0,0
025040107410003168d2a000a00000e2,2,3,53,322,265,713,576,1.39493,0,0
025040107410003168d2a000a00000e2,2,3,54,322,265,713,576,1.39493,0,0
025040107410003168d2a000a00000e2,2,3,55,322,265,713,576,1.39493,0,0
025040107410003168d2a000a00000e2,2,3,56,322,265,713,576,1.39493,0,0
025040107410003168d2a000a00000e2,2,3,57,322,265,713,576,1.39493,0,0
025040107410003168d2a000a00000e2,2,3,58,322,265,713,576,1.39493,0,0
025040107410003168d2a000a00000e2,2,3,59,322,265,713,576,1.39493,0,0
025040107410003168d2a000a00000e2,2,3,60,322,265,713,576,1.39493,0,0
025040107410003168d2a000a00000e2,2,3,61,322,265,713,576,1.39493,0,0
025040107410003168d2a000a00000e2,2,3,62,322,265,713,576,1.39493,0,0
025040107410003168d2a000a00000e2,2,3,63,322,265,713,576,1.39493,0,0
025040107410003168d2a000a00000e2,2,3,0,322,265,714,576,1.47751,0,0
025040107410003168d2a000a00000e2,2,3,1,322,265,714,576,1.47751,0,0
025040107410003168d2a000a00000e2,2,3,2,322,265,714,576,1.47751,0,0
025040107410003168d2a000a00000e2,2,3,3,322,265,714,576,1.47751,0,0
025040107410003168d2a000a00000e2,2,3,4,322,265,714,576,1.47751,0,0
025040107410003168d2a000a00000e2,2,3,5,322,265,714,576,1.47751,0,0
025040107410003168d2a000a00000e2,2,3,6,322,265,714,576,1.47751,0,0
025040107410003168d2a000a00000e2,2,3,7,322,265,714,576,1.47751,0,0
025040107410003168d2a000a00000e2,2,3,8,322,265,714,576,1.47751,0,0
025040107410003168d2a000a00000e2,2,3,9,322,265,714,576,1.47751,0,0
025040107410003168d2a000a00000e2,2,3,10,322,265,714,576,1.47751,0,0
025040107410003168d2a000a00000e2,2,3,11,322,265,714,576,1.47751,0,0
025040107410003168d2a000a00000e2,2,3,12,322,265,714,576,1.47751,0,0
025040107410003168d2a000a00000e2,2,3,13,322,265,714,576,1.47751,0,0
025040107410003168d2a000a00000e2,2,3,14,322,265,714,576,1.47751,0,0
025040107410003168d2a000a00000e2,2,3,15,322,265,714,576,1.47751,0,0
025040107410003168d2a000a00000e2,2,3,16,322,265,714,576,1.47751,0,0
025040107410003168d2a000a00000e2,2,3,17,322,265,714,576,1.47751,0,0
025040107410003168d2a000a00000e2,2,3,18,322,265,714,576,1.47751,0,0
025040107410003168d2a000a00000e2,2,3,19,322,265,714,576,1.47751,0,0
025040107410003168d2a000a00000e2,2,3,20,322,265,714,576,1.47751,0,0
025040107410003168d2a000a00000e2,2,3,21,322,265,714,576,1.47751,0,0
025040107410003168d2a000a00000e2,2,3,22,322,265,714,576,1.47751,0,0
025040107410003168d2a000a00000e2,2,3,23,322,265,714,576,1.47751,0,0
025040107410003168d2a000a00000e2,2,3,24,322,265,714,576,1.47751,0,0
025040107410003168d2a000a00000e2,2,3,25,322,265,714,576,1.47751,0,0
025040107410003168d2a000a00000e2,2,3,26,322,265,714,576,1.47751,0,0
025040107410003168d2a000a00000e2,2,3,27,322,265,714,576,1.47751,0,0
025040107410003168d2a000a00000e2,2,3,28,322,265,714,576,1.47751,0,0
025040107410003168d2a000a00000e2,2,3,29,322,265,714,576,1.47751,0,0
025040107410003168d2a000a00000e2,2,3,30,322,265,714,576,1.47751,0,0
025040107410003168d2a000a00000e2,2,3,31,322,265,714,576,1.47751,0,0
025040107410003168d2a000a00000e2,2,3,32,322,265,714,576,1.47751,0,0
025040107410003168d2a000a00000e2,2,3,33,322,265,714,576,1.47751,0,0
025040107410003168d2a000a00000e2,2,3,34,322,265,714,576,1.47751,0,0
025040107410003168d2a000a00000e2,2,3,35,322,265,714,576,1.47751,0,0
025040107410003168d2a000a00000e2,2,3,36,322,265,714,576,1.47751,0,0
025040107410003168d2a000a00000e2,2,3,37,322,265,714,576,1.47751,0,0
025040107410003168d2a000a00000e2,2,3,38,322,265,714,576,1.47751,0,0
025040107410003168d2a000a00000e2,2,3,39,322,265,714,576,1.47751,0,0
025040107410003168d2a000a00000e2,2,3,40,322,265,714,576,1.47751,0,0
025040107410003168d2a000a00000e2,2,3,41,322,265,714,576,1.47751,0,0
025040107410003168d2a000a00000e2,2,3,42,322,265,714,576,1.47751,0,0
025040107410003168d2a000a00000e2,2,3,43,322,265,714,576,1.47751,0,0
025040107410003168d2a000a00000e2,2,3,44,322,265,714,576,1.47751,0,0
025040107410003168d2a000a00000e2,2,3,45,322,265,714,576,1.47751,0,0
025040107410003168d2a000a00000e2,2,3,46,322,265,714,576,1.47751,0,0
025040107410003168d2a000a00000e2,2,3,47,322,265,714,576,1.47751,0,0
025040107410003168d2a000a00000e2,2,3,48,322,265,714,576,1.47751,0,0
025040107410003168d2a000a00000e2,2,3,49,322,265,714,576,1.47751,0,0
025040107410003168d2a000a00000e2,2,3,50,322,265,714,576,1.47751,0,0
025040107410003168d2a000a00000e2,2,3,51,322,265,714,576,1.47751,0,0
025040107410003168d2a000a00000e2,2,3,52,322,265,714,576,1.47751,0,0
025040107410003168d2a000a00000e2,2,3,53,322,265,714,576,1.47751,0,0
025040107410003168d2a000a00000e2,2,3,54,322,265,714,576,1.47751,0,0
025040107410003168d2a000a00000e2,2,3,55,322,265,714,576,1.47751,0,0
025040107410003168d2a000a00000e2,2,3,56,322,265,714,576,1.47751,0,0
025040107410003168d2a000a00000e2,2,3,57,322,265,714,576,1.47751,0,0
025040107410003168d2a000a00000e2,2,3,58,322,265,714,576,1.47751,0,0
025040107410003168d2a000a00000e2,2,3,59,322,265,714,576,1.47751,0,0
025040107410003168d2a000a00000e2,2,3,60,322,265,714,576,1.47751,0,0
025040107410003168d2a000a00000e2,2,3,61,322,265,714,576,1.47751,0,0
025040107410003168d2a000a00000e2,2,3,62,322,265,714,576,1.47751,0,0
025040107410003168d2a000a00000e2,2,3,63,322,265,714,576,1.47751,0,0
025040107410003168d2a000a00000e2,2,3,0,322,265,715,577,1.43622,0,0
025040107410003168d2a000a00000e2,2,3,1,322,265,715,577,1.43622,0,0
025040107410003168d2a000a00000e2,2,3,2,322,265,715,577,1.43622,0,0
025040107410003168d2a000a00000e2,2,3,3,322,265,715,577,1.43622,0,0
025040107410003168d2a000a00000e2,2,3,4,322,265,715,577,1.43622,0,0
025040107410003168d2a000a00000e2,2,3,5,322,265,715,577,1.43622,0,0
025040107410003168d2a000a00000e2,2,3,6,322,265,715,577,1.43622,0,0
025040107410003168d2a000a00000e2,2,3,7,322,265,715,577,1.43622,0,0
025040107410003168d2a000a00000e2,2,3,8,322,265,715,577,1.43622,0,0
025040107410003168d2a000a00000e2,2,3,9,322,265,715,577,1.43622,0,0
025040107410003168d2a000a00000e2,2,3,10,322,265,715,577,1.43622,0,0
025040107410003168d2a000a00000e2,2,3,11,322,265,715,577,1.43622,0,0
025040107410003168d2a000a00000e2,2,3,12,322,265,715,577,1.43622,0,0
025040107410003168d2a000a00000e2,2,3,13,322,265,715,577,1.43622,0,0
025040107410003168d2a000a00000e2,2,3,14,322,265,715,577,1.43622,0,0
025040107410003168d2a000a00000e2,2,3,15,322,265,715,577,1.43622,0,0
025040107410003168d2a000a00000e2,2,3,16,322,265,715,577,1.43622,0,0
025040107410003168d2a000a00000e2,2,3,17,322,265,715,577,1.43622,0,0
025040107410003168d2a000a00000e2,2,3,18,322,265,715,577,1.43622,0,0
025040107410003168d2a000a00000e2,2,3,19,322,265,715,577,1.43622,0,0
025040107410003168d2a000a00000e2,2,3,20,322,265,715,577,1.43622,0,0
025040107410003168d2a000a00000e2,2,3,21,322,265,715,577,1.43622,0,0
025040107410003168d2a000a00000e2,2,3,22,322,265,715,577,1.43622,0,0
025040107410003168d2a000a00000e2,2,3,23,322,265,715,577,1.43622,0,0
025040107410003168d2a000a00000e2,2,3,24,322,265,715,577,1.43622,0,0
025040107410003168d2a000a00000e2,2,3,25,322,265,715,577,1.43622,0,0
025040107410003168d2a000a00000e2,2,3,26,322,265,715,577,1.43622,0,0
025040107410003168d2a000a00000e2,2,3,27,322,265,715,577,1.43622,0,0
025040107410003168d2a000a00000e2,2,3,28,322,265,715,577,1.43622,0,0
025040107410003168d2a000a00000e2,2,3,29,322,265,715,577,1.43622,0,0
025040107410003168d2a000a00000e2,2,3,30,322,265,715,577,1.43622,0,0
025040107410003168d2a000a00000e2,2,3,31,322,265,715,577,1.43622,0,0
025040107410003168d2a000a00000e2,2,3,32,322,265,715,577,1.43622,0,0
025040107410003168d2a000a00000e2,2,3,33,322,265,715,577,1.43622,0,0
025040107410003168d2a000a00000e2,2,3,34,322,265,715,577,1.43622,0,0
025040107410003168d2a000a00000e2,2,3,35,322,265,715,577,1.43622,0,0
025040107410003168d2a000a00000e2,2,3,36,322,265,715,577,1.43622,0,0
025040107410003168d2a000a00000e2,2,3,37,322,265,715,577,1.43622,0,0
025040107410003168d2a000a00000e2,2,3,38,322,265,715,577,1.43622,0,0
025040107410003168d2a000a00000e2,2,3,39,322,265,715,577,1.43622,0,0
025040107410003168d2a000a00000e2,2,3,40,322,265,715,577,1.43622,0,0
025040107410003168d2a000a00000e2,2,3,41,322,265,715,577,1.43622,0,0
025040107410003168d2a000a00000e2,2,3,42,322,265,715,577,1.43622,0,0
025040107410003168d2a000a00000e2,2,3,43,322,265,715,577,1.43622,0,0
025040107410003168d2a000a00000e2,2,3,44,322,265,715,577,1.43622,0,0
025040107410003168d2a000a00000e2,2,3,45,322,265,715,577,1.43622,0,0
025040107410003168d2a000a00000e2,2,3,46,322,265,715,577,1.43622,0,0
025040107410003168d2a000a00000e2,2,3,47,322,265,715,577,1.43622,0,0
025040107410003168d2a000a00000e2,2,3,48,322,265,715,577,1.43622,0,0
025040107410003168d2a000a00000e2,2,3,49,322,265,715,577,1.43622,0,0
025040107410003168d2a000a00000e2,2,3,50,322,265,715,577,1.43622,0,0
025040107410003168d2a000a00000e2,2,3,51,322,265,715,577,1.43622,0,0
025040107410003168d2a000a00000e2,2,3,52,322,265,715,577,1.43622,0,0
025040107410003168d2a000a00000e2,2,3,53,322,265,715,577,1.43622,0,0
025040107410003168d2a000a00000e2,2,3,54,322,265,715,577,1.43622,0,0
025040107410003168d2a000a00000e2,2,3,55,322,265,715,577,1.43622,0,0
025040107410003168d2a000a00000e2,2,3,56,322,265,715,577,1.43622,0,0
025040107410003168d2a000a00000e2,2,3,57,322,265,715,577,1.43622,0,0
025040107410003168d2a000a00000e2,2,3,58,322,265,715,577,1.43622,0,0
025040107410003168d2a000a00000e2,2,3,59,322,265,715,577,1.43622,0,0
025040107410003168d2a000a00000e2,2,3,60,322,265,715,577,1.43622,0,0
025040107410003168d2a000a00000e2,2,3,61,322,265,715,577,1.43622,0,0
025040107410003168d2a000a00000e2,2,3,62,322,265,715,577,1.43622,0,0
025040107410003168d2a000a00000e2,2,3,63,322,265,715,577,1.43622,0,0
025040107410003168d2a000a00000e2,2,3,0,322,265,716,578,1.0086,0,0
025040107410003168d2a000a00000e2,2,3,1,322,265,716,578,1.0086,0,0
025040107410003168d2a000a00000e2,2,3,2,322,265,716,578,1.0086,0,0
025040107410003168d2a000a00000e2,2,3,3,322,265,716,578,1.0086,0,0
025040107410003168d2a000a00000e2,2,3,4,322,265,716,578,1.0086,0,0
025040107410003168d2a000a00000e2,2,3,5,322,265,716,578,1.0086,0,0
025040107410003168d2a000a00000e2,2,3,6,322,265,716,578,1.0086,0,0
025040107410003168d2a000a00000e2,2,3,7,322,265,716,578,1.0086,0,0
025040107410003168d2a000a00000e2,2,3,8,322,265,716,578,1.0086,0,0
025040107410003168d2a000a00000e2,2,3,9,322,265,716,578,1.0086,0,0
025040107410003168d2a000a00000e2,2,3,10,322,265,716,578,1.0086,0,0
025040107410003168d2a000a00000e2,2,3,11,322,265,716,578,1.0086,0,0
025040107410003168d2a000a00000e2,2,3,12,322,265,716,578,1.0086,0,0
025040107410003168d2a000a00000e2,2,3,13,322,265,716,578,1.0086,0,0
025040107410003168d2a000a00000e2,2,3,14,322,265,716,578,1.0086,0,0
025040107410003168d2a000a00000e2,2,3,15,322,265,716,578,1.0086,0,0
025040107410003168d2a000a00000e2,2,3,16,322,265,716,578,1.0086,0,0
025040107410003168d2a000a00000e2,2,3,17,322,265,716,578,1.0086,0,0
025040107410003168d2a000a00000e2,2,3,18,322,265,716,578,1.0086,0,0
025040107410003168d2a000a00000e2,2,3,19,322,265,716,578,1.0086,0,0
025040107410003168d2a000a00000e2,2,3,20,322,265,716,578,1.0086,0,0
025040107410003168d2a000a00000e2,2,3,21,322,265,716,578,1.0086,0,0
025040107410003168d2a000a00000e2,2,3,22,322,265,716,578,1.0086,0,0
025040107410003168d2a000a00000e2,2,3,23,322,265,716,578,1.0086,0,0
025040107410003168d2a000a00000e2,2,3,24,322,265,716,578,1.0086,0,0
025040107410003168d2a000a00000e2,2,3,25,322,265,716,578,1.0086,0,0
025040107410003168d2a000a00000e2,2,3,26,322,265,716,578,1.0086,0,0
025040107410003168d2a000a00000e2,2,3,27,322,265,716,578,1.0086,0,0
025040107410003168d2a000a00000e2,2,3,28,322,265,716,578,1.0086,0,0
025040107410003168d2a000a00000e2,2,3,29,322,265,716,578,1.0086,0,0
025040107410003168d2a000a00000e2,2,3,30,322,265,716,578,1.0086,0,0
025040107410003168d2a000a00000e2,2,3,31,322,265,716,578,1.0086,0,0
025040107410003168d2a000a00000e2,2,3,32,322,265,716,578,1.0086,0,0
025040107410003168d2a000a00000e2,2,3,33,322,265,716,578,1.0086,0,0
025040107410003168d2a000a00000e2,2,3,34,322,265,716,578,1.0086,0,0
025040107410003168d2a000a00000e2,2,3,35,322,265,716,578,1.0086,0,0
025040107410003168d2a000a00000e2,2,3,36,322,265,716,578,1.0086,0,0
025040107410003168d2a000a00000e2,2,3,37,322,265,716,578,1.0086,0,0
025040107410003168d2a000a00000e2,2,3,38,322,265,716,578,1.0086,0,0
025040107410003168d2a000a00000e2,2,3,39,322,265,716,578,1.0086,0,0
025040107410003168d2a000a00000e2,2,3,40,322,265,716,578,1.0086,0,0
025040107410003168d2a000a00000e2,2,3,41,322,265,716,578,1.0086,0,0
025040107410003168d2a000a00000e2,2,3,42,322,265,716,578,1.0086,0,0
025040107410003168d2a000a00000e2,2,3,43,322,265,716,578,1.0086,0,0
025040107410003168d2a000a00000e2,2,3,44,322,265,716,578,1.0086,0,0
025040107410003168d2a000a00000e2,2,3,45,322,265,716,578,1.0086,0,0
025040107410003168d2a000a00000e2,2,3,46,322,265,716,578,1.0086,0,0
025040107410003168d2a000a00000e2,2,3,47,322,265,716,578,1.0086,0,0
025040107410003168d2a000a00000e2,2,3,48,322,265,716,578,1.0086,0,0
025040107410003168d2a000a00000e2,2,3,49,322,265,716,578,1.0086,0,0
025040107410003168d2a000a00000e2,2,3,50,322,265,716,578,1.0086,0,0
025040107410003168d2a000a00000e2,2,3,51,322,265,716,578,1.0086,0,0
025040107410003168d2a000a00000e2,2,3,52,322,265,716,578,1.0086,0,0
025040107410003168d2a000a00000e2,2,3,53,322,265,716,578,1.0086,0,0
025040107410003168d2a000a00000e2,2,3,54,322,265,716,578,1.0086,0,0
025040107410003168d2a000a00000e2,2,3,55,322,265,716,578,1.0086,0,0
025040107410003168d2a000a00000e2,2,3,56,322,265,716,578,1.0086,0,0
025040107410003168d2a000a00000e2,2,3,57,322,265,716,578,1.0086,0,0
025040107410003168d2a000a00000e2,2,3,58,322,265,716,578,1.0086,0,0
025040107410003168d2a000a00000e2,2,3,59,322,265,716,578,1.0086,0,0
025040107410003168d2a000a00000e2,2,3,60,322,265,716,578,1.0086,0,0
025040107410003168d2a000a00000e2,2,3,61,322,265,716,578,1.0086,0,0
025040107410003168d2a000a00000e2,2,3,62,322,265,716,578,1.0086,0,0
025040107410003168d2a000a00000e2,2,3,63,322,265,716,578,1.0086,0,0
025040107410003168d2a000a00000e2,2,3,0,322,265,717,579,1.02924,0,0
025040107410003168d2a000a00000e2,2,3,1,322,265,717,579,1.02924,0,0
025040107410003168d2a000a00000e2,2,3,2,322,265,717,579,1.02924,0,0
025040107410003168d2a000a00000e2,2,3,3,322,265,717,579,1.02924,0,0
025040107410003168d2a000a00000e2,2,3,4,322,265,717,579,1.02924,0,0
025040107410003168d2a000a00000e2,2,3,5,322,265,717,579,1.02924,0,0
025040107410003168d2a000a00000e2,2,3,6,322,265,717,579,1.02924,0,0
025040107410003168d2a000a00000e2,2,3,7,322,265,717,579,1.02924,0,0
025040107410003168d2a000a00000e2,2,3,8,322,265,717,579,1.02924,0,0
025040107410003168d2a000a00000e2,2,3,9,322,265,717,579,1.02924,0,0
025040107410003168d2a000a00000e2,2,3,10,322,265,717,579,1.02924,0,0
025040107410003168d2a000a00000e2,2,3,11,322,265,717,579,1.02924,0,0
025040107410003168d2a000a00000e2,2,3,12,322,265,717,579,1.02924,0,0
025040107410003168d2a000a00000e2,2,3,13,322,265,717,579,1.02924,0,0
025040107410003168d2a000a00000e2,2,3,14,322,265,717,579,1.02924,0,0
025040107410003168d2a000a00000e2,2,3,15,322,265,717,579,1.02924,0,0
025040107410003168d2a000a00000e2,2,3,16,322,265,717,579,1.02924,0,0
025040107410003168d2a000a00000e2,2,3,17,322,265,717,579,1.02924,0,0
025040107410003168d2a000a00000e2,2,3,18,322,265,717,579,1.02924,0,0
025040107410003168d2a000a00000e2,2,3,19,322,265,717,579,1.02924,0,0
025040107410003168d2a000a00000e2,2,3,20,322,265,717,579,1.02924,0,0
025040107410003168d2a000a00000e2,2,3,21,322,265,717,579,1.02924,0,0
025040107410003168d2a000a00000e2,2,3,22,322,265,717,579,1.02924,0,0
025040107410003168d2a000a00000e2,2,3,23,322,265,717,579,1.02924,0,0
025040107410003168d2a000a00000e2,2,3,24,322,265,717,579,1.02924,0,0
025040107410003168d2a000a00000e2,2,3,25,322,265,717,579,1.02924,0,0
025040107410003168d2a000a00000e2,2,3,26,322,265,717,579,1.02924,0,0
025040107410003168d2a000a00000e2,2,3,27,322,265,717,579,1.02924,0,0
025040107410003168d2a000a00000e2,2,3,28,322,265,717,579,1.02924,0,0
025040107410003168d2a000a00000e2,2,3,29,322,265,717,579,1.02924,0,0
025040107410003168d2a000a00000e2,2,3,30,322,265,717,579,1.02924,0,0
025040107410003168d2a000a00000e2,2,3,31,322,265,717,579,1.02924,0,0
025040107410003168d2a000a00000e2,2,3,32,322,265,717,579,1.02924,0,0
025040107410003168d2a000a00000e2,2,3,33,322,265,717,579,1.02924,0,0
025040107410003168d2a000a00000e2,2,3,34,322,265,717,579,1.02924,0,0
025040107410003168d2a000a00000e2,2,3,35,322,265,717,579,1.02924,0,0
025040107410003168d2a000a00000e2,2,3,36,322,265,717,579,1.02924,0,0
025040107410003168d2a000a00000e2,2,3,37,322,265,717,579,1.02924,0,0
025040107410003168d2a000a00000e2,2,3,38,322,265,717,579,1.02924,0,0
025040107410003168d2a000a00000e2,2,3,39,322,265,717,579,1.02924,0,0
025040107410003168d2a000a00000e2,2,3,40,322,265,717,579,1.02924,0,0
025040107410003168d2a000a00000e2,2,3,41,322,265,717,579,1.02924,0,0
025040107410003168d2a000a00000e2,2,3,42,322,265,717,579,1.02924,0,0
025040107410003168d2a000a00000e2,2,3,43,322,265,717,579,1.02924,0,0
025040107410003168d2a000a00000e2,2,3,44,322,265,717,579,1.02924,0,0
025040107410003168d2a000a00000e2,2,3,45,322,265,717,579,1.02924,0,0
025040107410003168d2a000a00000e2,2,3,46,322,265,717,579,1.02924,0,0
025040107410003168d2a000a00000e2,2,3,47,322,265,717,579,1.02924,0,0
025040107410003168d2a000a00000e2,2,3,48,322,265,717,579,1.02924,0,0
025040107410003168d2a000a00000e2,2,3,49,322,265,717,579,1.02924,0,0
025040107410003168d2a000a00000e2,2,3,50,322,265,717,579,1.02924,0,0
025040107410003168d2a000a00000e2,2,3,51,322,265,717,579,1.02924,0,0
025040107410003168d2a000a00000e2,2,3,52,322,265,717,579,1.02924,0,0
025040107410003168d2a000a00000e2,2,3,53,322,265,717,579,1.02924,0,0
025040107410003168d2a000a00000e2,2,3,54,322,265,717,579,1.02924,0,0
025040107410003168d2a000a00000e2,2,3,55,322,265,717,579,1.02924,0,0
025040107410003168d2a000a00000e2,2,3,56,322,265,717,579,1.02924,0,0
025040107410003168d2a000a00000e2,2,3,57,322,265,717,579,1.02924,0,0
025040107410003168d2a000a00000e2,2,3,58,322,265,717,579,1.02924,0,0
025040107410003168d2a000a00000e2,2,3,59,322,265,717,579,1.02924,0,0
025040107410003168d2a000a00000e2,2,3,60,322,265,717,579,1.02924,0,0
025040107410003168d2a000a00000e2,2,3,61,322,265,717,579,1.02924,0,0
025040107410003168d2a000a00000e2,2,3,62,322,265,717,579,1.02924,0,0
025040107410003168d2a000a00000e2,2,3,63,322,265,717,579,1.02924,0,0
025040107410003168d2a000a00000e2,2,3,0,322,265,718,580,1.03072,0,0
025040107410003168d2a000a00000e2,2,3,1,322,265,718,580,1.03072,0,0
025040107410003168d2a000a00000e2,2,3,2,322,265,718,580,1.03072,0,0
025040107410003168d2a000a00000e2,2,3,3,322,265,718,580,1.03072,0,0
025040107410003168d2a000a00000e2,2,3,4,322,265,718,580,1.03072,0,0
025040107410003168d2a000a00000e2,2,3,5,322,265,718,580,1.03072,0,0
025040107410003168d2a000a00000e2,2,3,6,322,265,718,580,1.03072,0,0
025040107410003168d2a000a00000e2,2,3,7,322,265,718,580,1.03072,0,0
025040107410003168d2a000a00000e2,2,3,8,322,265,718,580,1.03072,0,0
025040107410003168d2a000a00000e2,2,3,9,322,265,718,580,1.03072,0,0
025040107410003168d2a000a00000e2,2,3,10,322,265,718,580,1.03072,0,0
025040107410003168d2a000a00000e2,2,3,11,322,265,718,580,1.03072,0,0
025040107410003168d2a000a00000e2,2,3,12,322,265,718,580,1.03072,0,0
025040107410003168d2a000a00000e2,2,3,13,322,265,718,580,1.03072,0,0
025040107410003168d2a000a00000e2,2,3,14,322,265,718,580,1.03072,0,0
025040107410003168d2a000a00000e2,2,3,15,322,265,718,580,1.03072,0,0
025040107410003168d2a000a00000e2,2,3,16,322,265,718,580,1.03072,0,0
025040107410003168d2a000a00000e2,2,3,17,322,265,718,580,1.03072,0,0
025040107410003168d2a000a00000e2,2,3,18,322,265,718,580,1.03072,0,0
025040107410003168d2a000a00000e2,2,3,19,322,265,718,580,1.03072,0,0
025040107410003168d2a000a00000e2,2,3,20,322,265,718,580,1.03072,0,0
025040107410003168d2a000a00000e2,2,3,21,322,265,718,580,1.03072,0,0
025040107410003168d2a000a00000e2,2,3,22,322,265,718,580,1.03072,0,0
025040107410003168d2a000a00000e2,2,3,23,322,265,718,580,1.03072,0,0
025040107410003168d2a000a00000e2,2,3,24,322,265,718,580,1.03072,0,0
025040107410003168d2a000a00000e2,2,3,25,322,265,718,580,1.03072,0,0
025040107410003168d2a000a00000e2,2,3,26,322,265,718,580,1.03072,0,0
025040107410003168d2a000a00000e2,2,3,27,322,265,718,580,1.03072,0,0
025040107410003168d2a000a00000e2,2,3,28,322,265,718,580,1.03072,0,0
025040107410003168d2a000a00000e2,2,3,29,322,265,718,580,1.03072,0,0
025040107410003168d2a000a00000e2,2,3,30,322,265,718,580,1.03072,0,0
025040107410003168d2a000a00000e2,2,3,31,322,265,718,580,1.03072,0,0
025040107410003168d2a000a00000e2,2,3,32,322,265,718,580,1.03072,0,0
025040107410003168d2a000a00000e2,2,3,33,322,265,718,580,1.03072,0,0
025040107410003168d2a000a00000e2,2,3,34,322,265,718,580,1.03072,0,0
025040107410003168d2a000a00000e2,2,3,35,322,265,718,580,1.03072,0,0
025040107410003168d2a000a00000e2,2,3,36,322,265,718,580,1.03072,0,0
025040107410003168d2a000a00000e2,2,3,37,322,265,718,580,1.03072,0,0
025040107410003168d2a000a00000e2,2,3,38,322,265,718,580,1.03072,0,0
025040107410003168d2a000a00000e2,2,3,39,322,265,718,580,1.03072,0,0
025040107410003168d2a000a00000e2,2,3,40,322,265,718,580,1.03072,0,0
025040107410003168d2a000a00000e2,2,3,41,322,265,718,580,1.03072,0,0
025040107410003168d2a000a00000e2,2,3,42,322,265,718,580,1.03072,0,0
025040107410003168d2a000a00000e2,2,3,43,322,265,718,580,1.03072,0,0
025040107410003168d2a000a00000e2,2,3,44,322,265,718,580,1.03072,0,0
025040107410003168d2a000a00000e2,2,3,45,322,265,718,580,1.03072,0,0
025040107410003168d2a000a00000e2,2,3,46,322,265,718,580,1.03072,0,0
025040107410003168d2a000a00000e2,2,3,47,322,265,718,580,1.03072,0,0
025040107410003168d2a000a00000e2,2,3,48,322,265,718,580,1.03072,0,0
025040107410003168d2a000a00000e2,2,3,49,322,265,718,580,1.03072,0,0
025040107410003168d2a000a00000e2,2,3,50,322,265,718,580,1.03072,0,0
025040107410003168d2a000a00000e2,2,3,51,322,265,718,580,1.03072,0,0
025040107410003168d2a000a00000e2,2,3,52,322,265,718,580,1.03072,0,0
025040107410003168d2a000a00000e2,2,3,53,322,265,718,580,1.03072,0,0
025040107410003168d2a000a00000e2,2,3,54,322,265,718,580,1.03072,0,0
025040107410003168d2a000a00000e2,2,3,55,322,265,718,580,1.03072,0,0
025040107410003168d2a000a00000e2,2,3,56,322,265,718,580,1.03072,0,0
025040107410003168d2a000a00000e2,2,3,57,322,265,718,580,1.03072,0,0
025040107410003168d2a000a00000e2,2,3,58,322,265,718,580,1.03072,0,0
025040107410003168d2a000a00000e2,2,3,59,322,265,718,580,1.03072,0,0
025040107410003168d2a000a00000e2,2,3,60,322,265,718,580,1.03072,0,0
025040107410003168d2a000a00000e2,2,3,61,322,265,718,580,1.03072,0,0
025040107410003168d2a000a00000e2,2,3,62,322,265,718,580,1.03072,0,0
025040107410003168d2a000a00000e2,2,3,63,322,265,718,580,1.03072,0,0
025040107410003168d2a000a00000e2,2,3,0,322,265,719,580,1.48636,0,0
025040107410003168d2a000a00000e2,2,3,1,322,265,719,580,1.48636,0,0
025040107410003168d2a000a00000e2,2,3,2,322,265,719,580,1.48636,0,0
025040107410003168d2a000a00000e2,2,3,3,322,265,719,580,1.48636,0,0
025040107410003168d2a000a00000e2,2,3,4,322,265,719,580,1.48636,0,0
025040107410003168d2a000a00000e2,2,3,5,322,265,719,580,1.48636,0,0
025040107410003168d2a000a00000e2,2,3,6,322,265,719,580,1.48636,0,0
025040107410003168d2a000a00000e2,2,3,7,322,265,719,580,1.48636,0,0
025040107410003168d2a000a00000e2,2,3,8,322,265,719,580,1.48636,0,0
025040107410003168d2a000a00000e2,2,3,9,322,265,719,580,1.48636,0,0
025040107410003168d2a000a00000e2,2,3,10,322,265,719,580,1.48636,0,0
025040107410003168d2a000a00000e2,2,3,11,322,265,719,580,1.48636,0,0
025040107410003168d2a000a00000e2,2,3,12,322,265,719,580,1.48636,0,0
025040107410003168d2a000a00000e2,2,3,13,322,265,719,580,1.48636,0,0
025040107410003168d2a000a00000e2,2,3,14,322,265,719,580,1.48636,0,0
025040107410003168d2a000a00000e2,2,3,15,322,265,719,580,1.48636,0,0
025040107410003168d2a000a00000e2,2,3,16,322,265,719,580,1.48636,0,0
025040107410003168d2a000a00000e2,2,3,17,322,265,719,580,1.48636,0,0
025040107410003168d2a000a00000e2,2,3,18,322,265,719,580,1.48636,0,0
025040107410003168d2a000a00000e2,2,3,19,322,265,719,580,1.48636,0,0
025040107410003168d2a000a00000e2,2,3,20,322,265,719,580,1.48636,0,0
025040107410003168d2a000a00000e2,2,3,21,322,265,719,580,1.48636,0,0
025040107410003168d2a000a00000e2,2,3,22,322,265,719,580,1.48636,0,0
025040107410003168d2a000a00000e2,2,3,23,322,265,719,580,1.48636,0,0
025040107410003168d2a000a00000e2,2,3,24,322,265,719,580,1.48636,0,0
025040107410003168d2a000a00000e2,2,3,25,322,265,719,580,1.48636,0,0
025040107410003168d2a000a00000e2,2,3,26,322,265,719,580,1.48636,0,0
025040107410003168d2a000a00000e2,2,3,27,322,265,719,580,1.48636,0,0
025040107410003168d2a000a00000e2,2,3,28,322,265,719,580,1.48636,0,0
025040107410003168d2a000a00000e2,2,3,29,322,265,719,580,1.48636,0,0
025040107410003168d2a000a00000e2,2,3,30,322,265,719,580,1.48636,0,0
025040107410003168d2a000a00000e2,2,3,31,322,265,719,580,1.48636,0,0
025040107410003168d2a000a00000e2,2,3,32,322,265,719,580,1.48636,0,0
025040107410003168d2a000a00000e2,2,3,33,322,265,719,580,1.48636,0,0
025040107410003168d2a000a00000e2,2,3,34,322,265,719,580,1.48636,0,0
025040107410003168d2a000a00000e2,2,3,35,322,265,719,580,1.48636,0,0
025040107410003168d2a000a00000e2,2,3,36,322,265,719,580,1.48636,0,0
025040107410003168d2a000a00000e2,2,3,37,322,265,719,580,1.48636,0,0
025040107410003168d2a000a00000e2,2,3,38,322,265,719,580,1.48636,0,0
025040107410003168d2a000a00000e2,2,3,39,322,265,719,580,1.48636,0,0
025040107410003168d2a000a00000e2,2,3,40,322,265,719,580,1.48636,0,0
025040107410003168d2a000a00000e2,2,3,41,322,265,719,580,1.48636,0,0
025040107410003168d2a000a00000e2,2,3,42,322,265,719,580,1.48636,0,0
025040107410003168d2a000a00000e2,2,3,43,322,265,719,580,1.48636,0,0
025040107410003168d2a000a00000e2,2,3,44,322,265,719,580,1.48636,0,0
025040107410003168d2a000a00000e2,2,3,45,322,265,719,580,1.48636,0,0
025040107410003168d2a000a00000e2,2,3,46,322,265,719,580,1.48636,0,0
025040107410003168d2a000a00000e2,2,3,47,322,265,719,580,1.48636,0,0
025040107410003168d2a000a00000e2,2,3,48,322,265,719,580,1.48636,0,0
025040107410003168d2a000a00000e2,2,3,49,322,265,719,580,1.48636,0,0
025040107410003168d2a000a00000e2,2,3,50,322,265,719,580,1.48636,0,0
025040107410003168d2a000a00000e2,2,3,51,322,265,719,580,1.48636,0,0
025040107410003168d2a000a00000e2,2,3,52,322,265,719,580,1.48636,0,0
025040107410003168d2a000a00000e2,2,3,53,322,265,719,580,1.48636,0,0
025040107410003168d2a000a00000e2,2,3,54,322,265,719,580,1.48636,0,0
025040107410003168d2a000a00000e2,2,3,55,322,265,719,580,1.48636,0,0
025040107410003168d2a000a00000e2,2,3,56,322,265,719,580,1.48636,0,0
025040107410003168d2a000a00000e2,2,3,57,322,265,719,580,1.48636,0,0
025040107410003168d2a000a00000e2,2,3,58,322,265,719,580,1.48636,0,0
025040107410003168d2a000a00000e2,2,3,59,322,265,719,580,1.48636,0,0
025040107410003168d2a000a00000e2,2,3,60,322,265,719,580,1.48636,0,0
025040107410003168d2a000a00000e2,2,3,61,322,265,719,580,1.48636,0,0
025040107410003168d2a000a00000e2,2,3,62,322,265,719,580,1.48636,0,0
025040107410003168d2a000a00000e2,2,3,63,322,265,719,580,1.48636,0,0
025040107410003168d2a000a00000e2,2,3,0,322,265,720,581,1.51437,0,0
025040107410003168d2a000a00000e2,2,3,1,322,265,720,581,1.51437,0,0
025040107410003168d2a000a00000e2,2,3,2,322,265,720,581,1.51437,0,0
025040107410003168d2a000a00000e2,2,3,3,322,265,720,581,1.51437,0,0
025040107410003168d2a000a00000e2,2,3,4,322,265,720,581,1.51437,0,0
025040107410003168d2a000a00000e2,2,3,5,322,265,720,581,1.51437,0,0
025040107410003168d2a000a00000e2,2,3,6,322,265,720,581,1.51437,0,0
025040107410003168d2a000a00000e2,2,3,7,322,265,720,581,1.51437,0,0
025040107410003168d2a000a00000e2,2,3,8,322,265,720,581,1.51437,0,0
025040107410003168d2a000a00000e2,2,3,9,322,265,720,581,1.51437,0,0
025040107410003168d2a000a00000e2,2,3,10,322,265,720,581,1.51437,0,0
025040107410003168d2a000a00000e2,2,3,11,322,265,720,581,1.51437,0,0
025040107410003168d2a000a00000e2,2,3,12,322,265,720,581,1.51437,0,0
025040107410003168d2a000a00000e2,2,3,13,322,265,720,581,1.51437,0,0
025040107410003168d2a000a00000e2,2,3,14,322,265,720,581,1.51437,0,0
025040107410003168d2a000a00000e2,2,3,15,322,265,720,581,1.51437,0,0
025040107410003168d2a000a00000e2,2,3,16,322,265,720,581,1.51437,0,0
025040107410003168d2a000a00000e2,2,3,17,322,265,720,581,1.51437,0,0
025040107410003168d2a000a00000e2,2,3,18,322,265,720,581,1.51437,0,0
025040107410003168d2a000a00000e2,2,3,19,322,265,720,581,1.51437,0,0
025040107410003168d2a000a00000e2,2,3,20,322,265,720,581,1.51437,0,0
025040107410003168d2a000a00000e2,2,3,21,322,265,720,581,1.51437,0,0
025040107410003168d2a000a00000e2,2,3,22,322,265,720,581,1.51437,0,0
025040107410003168d2a000a00000e2,2,3,23,322,265,720,581,1.51437,0,0
025040107410003168d2a000a00000e2,2,3,24,322,265,720,581,1.51437,0,0
025040107410003168d2a000a00000e2,2,3,25,322,265,720,581,1.51437,0,0
025040107410003168d2a000a00000e2,2,3,26,322,265,720,581,1.51437,0,0
025040107410003168d2a000a00000e2,2,3,27,322,265,720,581,1.51437,0,0
025040107410003168d2a000a00000e2,2,3,28,322,265,720,581,1.51437,0,0
025040107410003168d2a000a00000e2,2,3,29,322,265,720,581,1.51437,0,0
025040107410003168d2a000a00000e2,2,3,30,322,265,720,581,1.51437,0,0
025040107410003168d2a000a00000e2,2,3,31,322,265,720,581,1.51437,0,0
025040107410003168d2a000a00000e2,2,3,32,322,265,720,581,1.51437,0,0
025040107410003168d2a000a00000e2,2,3,33,322,265,720,581,1.51437,0,0
025040107410003168d2a000a00000e2,2,3,34,322,265,720,581,1.51437,0,0
025040107410003168d2a000a00000e2,2,3,35,322,265,720,581,1.51437,0,0
025040107410003168d2a000a00000e2,2,3,36,322,265,720,581,1.51437,0,0
025040107410003168d2a000a00000e2,2,3,37,322,265,720,581,1.51437,0,0
025040107410003168d2a000a00000e2,2,3,38,322,265,720,581,1.51437,0,0
025040107410003168d2a000a00000e2,2,3,39,322,265,720,581,1.51437,0,0
025040107410003168d2a000a00000e2,2,3,40,322,265,720,581,1.51437,0,0
025040107410003168d2a000a00000e2,2,3,41,322,265,720,581,1.51437,0,0
025040107410003168d2a000a00000e2,2,3,42,322,265,720,581,1.51437,0,0
025040107410003168d2a000a00000e2,2,3,43,322,265,720,581,1.51437,0,0
025040107410003168d2a000a00000e2,2,3,44,322,265,720,581,1.51437,0,0
025040107410003168d2a000a00000e2,2,3,45,322,265,720,581,1.51437,0,0
025040107410003168d2a000a00000e2,2,3,46,322,265,720,581,1.51437,0,0
025040107410003168d2a000a00000e2,2,3,47,322,265,720,581,1.51437,0,0
025040107410003168d2a000a00000e2,2,3,48,322,265,720,581,1.51437,0,0
025040107410003168d2a000a00000e2,2,3,49,322,265,720,581,1.51437,0,0
025040107410003168d2a000a00000e2,2,3,50,322,265,720,581,1.51437,0,0
025040107410003168d2a000a00000e2,2,3,51,322,265,720,581,1.51437,0,0
025040107410003168d2a000a00000e2,2,3,52,322,265,720,581,1.51437,0,0
025040107410003168d2a000a00000e2,2,3,53,322,265,720,581,1.51437,0,0
025040107410003168d2a000a00000e2,2,3,54,322,265,720,581,1.51437,0,0
025040107410003168d2a000a00000e2,2,3,55,322,265,720,581,1.51437,0,0
025040107410003168d2a000a00000e2,2,3,56,322,265,720,581,1.51437,0,0
025040107410003168d2a000a00000e2,2,3,57,322,265,720,581,1.51437,0,0
025040107410003168d2a000a00000e2,2,3,58,322,265,720,581,1.51437,0,0
025040107410003168d2a000a00000e2,2,3,59,322,265,720,581,1.51437,0,0
025040107410003168d2a000a00000e2,2,3,60,322,265,720,581,1.51437,0,0
025040107410003168d2a000a00000e2,2,3,61,322,265,720,581,1.51437,0,0
025040107410003168d2a000a00000e2,2,3,62,322,265,720,581,1.51437,0,0
025040107410003168d2a000a00000e2,2,3,63,322,265,720,581,1.51437,0,0
025040107410003168d2a000a00000e2,2,3,0,322,265,721,582,1.01597,0,0
025040107410003168d2a000a00000e2,2,3,1,322,265,721,582,1.01597,0,0
025040107410003168d2a000a00000e2,2,3,2,322,265,721,582,1.01597,0,0
025040107410003168d2a000a00000e2,2,3,3,322,265,721,582,1.01597,0,0
025040107410003168d2a000a00000e2,2,3,4,322,265,721,582,1.01597,0,0
025040107410003168d2a000a00000e2,2,3,5,322,265,721,582,1.01597,0,0
025040107410003168d2a000a00000e2,2,3,6,322,265,721,582,1.01597,0,0
025040107410003168d2a000a00000e2,2,3,7,322,265,721,582,1.01597,0,0
025040107410003168d2a000a00000e2,2,3,8,322,265,721,582,1.01597,0,0
025040107410003168d2a000a00000e2,2,3,9,322,265,721,582,1.01597,0,0
025040107410003168d2a000a00000e2,2,3,10,322,265,721,582,1.01597,0,0
025040107410003168d2a000a00000e2,2,3,11,322,265,721,582,1.01597,0,0
025040107410003168d2a000a00000e2,2,3,12,322,265,721,582,1.01597,0,0
025040107410003168d2a000a00000e2,2,3,13,322,265,721,582,1.01597,0,0
025040107410003168d2a000a00000e2,2,3,14,322,265,721,582,1.01597,0,0
025040107410003168d2a000a00000e2,2,3,15,322,265,721,582,1.01597,0,0
025040107410003168d2a000a00000e2,2,3,16,322,265,721,582,1.01597,0,0
025040107410003168d2a000a00000e2,2,3,17,322,265,721,582,1.01597,0,0
025040107410003168d2a000a00000e2,2,3,18,322,265,721,582,1.01597,0,0
025040107410003168d2a000a00000e2,2,3,19,322,265,721,582,1.01597,0,0
025040107410003168d2a000a00000e2,2,3,20,322,265,721,582,1.01597,0,0
025040107410003168d2a000a00000e2,2,3,21,322,265,721,582,1.01597,0,0
025040107410003168d2a000a00000e2,2,3,22,322,265,721,582,1.01597,0,0
025040107410003168d2a000a00000e2,2,3,23,322,265,721,582,1.01597,0,0
025040107410003168d2a000a00000e2,2,3,24,322,265,721,582,1.01597,0,0
025040107410003168d2a000a00000e2,2,3,25,322,265,721,582,1.01597,0,0
025040107410003168d2a000a00000e2,2,3,26,322,265,721,582,1.01597,0,0
025040107410003168d2a000a00000e2,2,3,27,322,265,721,582,1.01597,0,0
025040107410003168d2a000a00000e2,2,3,28,322,265,721,582,1.01597,0,0
025040107410003168d2a000a00000e2,2,3,29,322,265,721,582,1.01597,0,0
025040107410003168d2a000a00000e2,2,3,30,322,265,721,582,1.01597,0,0
025040107410003168d2a000a00000e2,2,3,31,322,265,721,582,1.01597,0,0
025040107410003168d2a000a00000e2,2,3,32,322,265,721,582,1.01597,0,0
025040107410003168d2a000a00000e2,2,3,33,322,265,721,582,1.01597,0,0
025040107410003168d2a000a00000e2,2,3,34,322,265,721,582,1.01597,0,0
025040107410003168d2a000a00000e2,2,3,35,322,265,721,582,1.01597,0,0
025040107410003168d2a000a00000e2,2,3,36,322,265,721,582,1.01597,0,0
025040107410003168d2a000a00000e2,2,3,37,322,265,721,582,1.01597,0,0
025040107410003168d2a000a00000e2,2,3,38,322,265,721,582,1.01597,0,0
025040107410003168d2a000a00000e2,2,3,39,322,265,721,582,1.01597,0,0
025040107410003168d2a000a00000e2,2,3,40,322,265,721,582,1.01597,0,0
025040107410003168d2a000a00000e2,2,3,41,322,265,721,582,1.01597,0,0
025040107410003168d2a000a00000e2,2,3,42,322,265,721,582,1.01597,0,0
025040107410003168d2a000a00000e2,2,3,43,322,265,721,582,1.01597,0,0
025040107410003168d2a000a00000e2,2,3,44,322,265,721,582,1.01597,0,0
025040107410003168d2a000a00000e2,2,3,45,322,265,721,582,1.01597,0,0
025040107410003168d2a000a00000e2,2,3,46,322,265,721,582,1.01597,0,0
025040107410003168d2a000a00000e2,2,3,47,322,265,721,582,1.01597,0,0
025040107410003168d2a000a00000e2,2,3,48,322,265,721,582,1.01597,0,0
025040107410003168d2a000a00000e2,2,3,49,322,265,721,582,1.01597,0,0
025040107410003168d2a000a00000e2,2,3,50,322,265,721,582,1.01597,0,0
025040107410003168d2a000a00000e2,2,3,51,322,265,721,582,1.01597,0,0
025040107410003168d2a000a00000e2,2,3,52,322,265,721,582,1.01597,0,0
025040107410003168d2a000a00000e2,2,3,53,322,265,721,582,1.01597,0,0
025040107410003168d2a000a00000e2,2,3,54,322,265,721,582,1.01597,0,0
025040107410003168d2a000a00000e2,2,3,55,322,265,721,582,1.01597,0,0
025040107410003168d2a000a00000e2,2,3,56,322,265,721,582,1.01597,0,0
025040107410003168d2a000a00000e2,2,3,57,322,265,721,582,1.01597,0,0
025040107410003168d2a000a00000e2,2,3,58,322,265,721,582,1.01597,0,0
025040107410003168d2a000a00000e2,2,3,59,322,265,721,582,1.01597,0,0
025040107410003168d2a000a00000e2,2,3,60,322,265,721,582,1.01597,0,0
025040107410003168d2a000a00000e2,2,3,61,322,265,721,582,1.01597,0,0
025040107410003168d2a000a00000e2,2,3,62,322,265,721,582,1.01597,0,0
025040107410003168d2a000a00000e2,2,3,63,322,265,721,582,1.01597,0,0
025040107410003168d2a000a00000e2,2,3,0,322,265,722,583,1.00418,0,0
025040107410003168d2a000a00000e2,2,3,1,322,265,722,583,1.00418,0,0
025040107410003168d2a000a00000e2,2,3,2,322,265,722,583,1.00418,0,0
025040107410003168d2a000a00000e2,2,3,3,322,265,722,583,1.00418,0,0
025040107410003168d2a000a00000e2,2,3,4,322,265,722,583,1.00418,6,0.00597505
025040107410003168d2a000a00000e2,2,3,5,322,265,722,583,1.00418,0,0
025040107410003168d2a000a00000e2,2,3,6,322,265,722,583,1.00418,7,0.00697089
025040107410003168d2a000a00000e2,2,3,7,322,265,722,583,1.00418,0,0
025040107410003168d2a000a00000e2,2,3,8,322,265,722,583,1.00418,4,0.00398337
025040107410003168d2a000a00000e2,2,3,9,322,265,722,583,1.00418,0,0
025040107410003168d2a000a00000e2,2,3,10,322,265,722,583,1.00418,5,0.00497921
025040107410003168d2a000a00000e2,2,3,11,322,265,722,583,1.00418,4,0.00398337
025040107410003168d2a000a00000e2,2,3,12,322,265,722,583,1.00418,14,0.0139418
025040107410003168d2a000a00000e2,2,3,13,322,265,722,583,1.00418,0,0
025040107410003168d2a000a00000e2,2,3,14,322,265,722,583,1.00418,4,0.00398337
025040107410003168d2a000a00000e2,2,3,15,322,265,722,583,1.00418,2,0.00199168
025040107410003168d2a000a00000e2,2,3,16,322,265,722,583,1.00418,12,0.0119501
025040107410003168d2a000a00000e2,2,3,17,322,265,722,583,1.00418,0,0
025040107410003168d2a000a00000e2,2,3,18,322,265,722,583,1.00418,7,0.00697089
025040107410003168d2a000a00000e2,2,3,19,322,265,722,583,1.00418,0,0
025040107410003168d2a000a00000e2,2,3,20,322,265,722,583,1.00418,10,0.00995842
025040107410003168d2a000a00000e2,2,3,21,322,265,722,583,1.00418,0,0
025040107410003168d2a000a00000e2,2,3,22,322,265,722,583,1.00418,8,0.00796674
025040107410003168d2a000a00000e2,2,3,23,322,265,722,583,1.00418,0,0
025040107410003168d2a000a00000e2,2,3,24,322,265,722,583,1.00418,14,0.0139418
025040107410003168d2a000a00000e2,2,3,25,322,265,722,583,1.00418,0,0
025040107410003168d2a000a00000e2,2,3,26,322,265,722,583,1.00418,9,0.00896258
025040107410003168d2a000a00000e2,2,3,27,322,265,722,583,1.00418,0,0
025040107410003168d2a000a00000e2,2,3,28,322,265,722,583,1.00418,5,0.00497921
025040107410003168d2a000a00000e2,2,3,29,322,265,722,583,1.00418,0,0
025040107410003168d2a000a00000e2,2,3,30,322,265,722,583,1.00418,14,0.0139418
025040107410003168d2a000a00000e2,2,3,31,322,265,722,583,1.00418,1,0.000995842
025040107410003168d2a000a00000e2,2,3,32,322,265,722,583,1.00418,9,0.00896258
025040107410003168d2a000a00000e2,2,3,33,322,265,722,583,1.00418,2,0.00199168
025040107410003168d2a000a00000e2,2,3,34,322,265,722,583,1.00418,5,0.00497921
025040107410003168d2a000a00000e2,2,3,35,322,265,722,583,1.00418,1,0.000995842
025040107410003168d2a000a00000e2,2,3,36,322,265,722,583,1.00418,14,0.0139418
025040107410003168d2a000a00000e2,2,3,37,322,265,722,583,1.00418,0,0
025040107410003168d2a000a00000e2,2,3,38,322,265,722,583,1.00418,11,0.0109543
025040107410003168d2a000a00000e2,2,3,39,322,265,722,583,1.00418,0,0
025040107410003168d2a000a00000e2,2,3,40,322,265,722,583,1.00418,0,0
025040107410003168d2a000a00000e2,2,3,41,322,265,722,583,1.00418,0,0
025040107410003168d2a000a00000e2,2,3,42,322,265,722,583,1.00418,4,0.00398337
025040107410003168d2a000a00000e2,2,3,43,322,265,722,583,1.00418,0,0
025040107410003168d2a000a00000e2,2,3,44,322,265,722,583,1.00418,0,0
025040107410003168d2a000a00000e2,2,3,45,322,265,722,583,1.00418,0,0
025040107410003168d2a000a00000e2,2,3,46,322,265,722,583,1.00418,4,0.00398337
025040107410003168d2a000a00000e2,2,3,47,322,265,722,583,1.00418,0,0
025040107410003168d2a000a00000e2,2,3,48,322,265,722,583,1.00418,0,0
025040107410003168d2a000a00000e2,2,3,49,322,265,722,583,1.00418,0,0
025040107410003168d2a000a00000e2,2,3,50,322,265,722,583,1.00418,0,0
025040107410003168d2a000a00000e2,2,3,51,322,265,722,583,1.00418,0,0
025040107410003168d2a000a00000e2,2,3,52,322,265,722,583,1.00418,0,0
025040107410003168d2a000a00000e2,2,3,53,322,265,722,583,1.00418,0,0
025040107410003168d2a000a00000e2,2,3,54,322,265,722,583,1.00418,0,0
025040107410003168d2a000a00000e2,2,3,55,322,265,722,583,1.00418,0,0
025040107410003168d2a000a00000e2,2,3,56,322,265,722,583,1.00418,0,0
025040107410003168d2a000a00000e2,2,3,57,322,265,722,583,1.00418,0,0
025040107410003168d2a000a00000e2,2,3,58,322,265,722,583,1.00418,0,0
025040107410003168d2a000a00000e2,2,3,59,322,265,722,583,1.00418,0,0
025040107410003168d2a000a00000e2,2,3,60,322,265,722,583,1.00418,0,0
025040107410003168d2a000a00000e2,2,3,61,322,265,722,583,1.00418,0,0
025040107410003168d2a000a00000e2,2,3,62,322,265,722,583,1.00418,0,0
025040107410003168d2a000a00000e2,2,3,63,322,265,722,583,1.00418,0,0
025040107410003168d2a000a00000e2,2,3,0,322,265,723,583,1.05873,0,0
025040107410003168d2a000a00000e2,2,3,1,322,265,723,583,1.05873,0,0
025040107410003168d2a000a00000e2,2,3,2,322,265,723,583,1.05873,0,0
025040107410003168d2a000a00000e2,2,3,3,322,265,723,583,1.05873,0,0
025040107410003168d2a000a00000e2,2,3,4,322,265,723,583,1.05873,0,0
025040107410003168d2a000a00000e2,2,3,5,322,265,723,583,1.05873,0,0
025040107410003168d2a000a00000e2,2,3,6,322,265,723,583,1.05873,0,0
025040107410003168d2a000a00000e2,2,3,7,322,265,723,583,1.05873,0,0
025040107410003168d2a000a00000e2,2,3,8,322,265,723,583,1.05873,0,0
025040107410003168d2a000a00000e2,2,3,9,322,265,723,583,1.05873,0,0
025040107410003168d2a000a00000e2,2,3,10,322,265,723,583,1.05873,0,0
025040107410003168d2a000a00000e2,2,3,11,322,265,723,583,1.05873,0,0
025040107410003168d2a000a00000e2,2,3,12,322,265,723,583,1.05873,0,0
025040107410003168d2a000a00000e2,2,3,13,322,265,723,583,1.05873,0,0
025040107410003168d2a000a00000e2,2,3,14,322,265,723,583,1.05873,0,0
025040107410003168d2a000a00000e2,2,3,15,322,265,723,583,1.05873,0,0
025040107410003168d2a000a00000e2,2,3,16,322,265,723,583,1.05873,0,0
025040107410003168d2a000a00000e2,2,3,17,322,265,723,583,1.05873,0,0
025040107410003168d2a000a00000e2,2,3,18,322,265,723,583,1.05873,0,0
025040107410003168d2a000a00000e2,2,3,19,322,265,723,583,1.05873,0,0
025040107410003168d2a000a00000e2,2,3,20,322,265,723,583,1.05873,0,0
025040107410003168d2a000a00000e2,2,3,21,322,265,723,583,1.05873,0,0
025040107410003168d2a000a00000e2,2,3,22,322,265,723,583,1.05873,0,0
025040107410003168d2a000a00000e2,2,3,23,322,265,723,583,1.05873,0,0
025040107410003168d2a000a00000e2,2,3,24,322,265,723,583,1.05873,0,0
025040107410003168d2a000a00000e2,2,3,25,322,265,723,583,1.05873,0,0
025040107410003168d2a000a00000e2,2,3,26,322,265,723,583,1.05873,0,0
025040107410003168d2a000a00000e2,2,3,27,322,265,723,583,1.05873,0,0
025040107410003168d2a000a00000e2,2,3,28,322,265,723,583,1.05873,0,0
025040107410003168d2a000a00000e2,2,3,29,322,265,723,583,1.05873,0,0
025040107410003168d2a000a00000e2,2,3,30,322,265,723,583,1.05873,0,0
025040107410003168d2a000a00000e2,2,3,31,322,265,723,583,1.05873,0,0
025040107410003168d2a000a00000e2,2,3,32,322,265,723,583,1.05873,0,0
025040107410003168d2a000a00000e2,2,3,33,322,265,723,583,1.05873,0,0
025040107410003168d2a000a00000e2,2,3,34,322,265,723,583,1.05873,0,0
025040107410003168d2a000a00000e2,2,3,35,322,265,723,583,1.05873,0,0
025040107410003168d2a000a00000e2,2,3,36,322,265,723,583,1.05873,0,0
025040107410003168d2a000a00000e2,2,3,37,322,265,723,583,1.05873,0,0
025040107410003168d2a000a00000e2,2,3,38,322,265,723,583,1.05873,0,0
025040107410003168d2a000a00000e2,2,3,39,322,265,723,583,1.05873,0,0
025040107410003168d2a000a00000e2,2,3,40,322,265,723,583,1.05873,0,0
025040107410003168d2a000a00000e2,2,3,41,322,265,723,583,1.05873,0,0
025040107410003168d2a000a00000e2,2,3,42,322,265,723,583,1.05873,0,0
025040107410003168d2a000a00000e2,2,3,43,322,265,723,583,1.05873,0,0
025040107410003168d2a000a00000e2,2,3,44,322,265,723,583,1.05873,0,0
025040107410003168d2a000a00000e2,2,3,45,322,265,723,583,1.05873,0,0
025040107410003168d2a000a00000e2,2,3,46,322,265,723,583,1.05873,0,0
025040107410003168d2a000a00000e2,2,3,47,322,265,723,583,1.05873,0,0
025040107410003168d2a000a00000e2,2,3,48,322,265,723,583,1.05873,0,0
025040107410003168d2a000a00000e2,2,3,49,322,265,723,583,1.05873,0,0
025040107410003168d2a000a00000e2,2,3,50,322,265,723,583,1.05873,0,0
025040107410003168d2a000a00000e2,2,3,51,322,265,723,583,1.05873,0,0
025040107410003168d2a000a00000e2,2,3,52,322,265,723,583,1.05873,0,0
025040107410003168d2a000a00000e2,2,3,53,322,265,723,583,1.05873,0,0
025040107410003168d2a000a00000e2,2,3,54,322,265,723,583,1.05873,0,0
025040107410003168d2a000a00000e2,2,3,55,322,265,723,583,1.05873,0,0
025040107410003168d2a000a00000e2,2,3,56,322,265,723,583,1.05873,0,0
025040107410003168d2a000a00000e2,2,3,57,322,265,723,583,1.05873,0,0
025040107410003168d2a000a00000e2,2,3,58,322,265,723,583,1.05873,0,0
025040107410003168d2a000a00000e2,2,3,59,322,265,723,583,1.05873,0,0
025040107410003168d2a000a00000e2,2,3,60,322,265,723,583,1.05873,0,0
025040107410003168d2a000a00000e2,2,3,61,322,265,723,583,1.05873,0,0
025040107410003168d2a000a00000e2,2,3,62,322,265,723,583,1.05873,0,0
025040107410003168d2a000a00000e2,2,3,63,322,265,723,583,1.05873,0,0
025040107410003168d2a000a00000e2,2,3,0,322,265,724,584,1.04841,0,0
025040107410003168d2a000a00000e2,2,3,1,322,265,724,584,1.04841,0,0
025040107410003168d2a000a00000e2,2,3,2,322,265,724,584,1.04841,0,0
025040107410003168d2a000a00000e2,2,3,3,322,265,724,584,1.04841,0,0
025040107410003168d2a000a00000e2,2,3,4,322,265,724,584,1.04841,0,0
025040107410003168d2a000a00000e2,2,3,5,322,265,724,584,1.04841,0,0
025040107410003168d2a000a00000e2,2,3,6,322,265,724,584,1.04841,0,0
025040107410003168d2a000a00000e2,2,3,7,322,265,724,584,1.04841,0,0
025040107410003168d2a000a00000e2,2,3,8,322,265,724,584,1.04841,0,0
025040107410003168d2a000a00000e2,2,3,9,322,265,724,584,1.04841,0,0
025040107410003168d2a000a00000e2,2,3,10,322,265,724,584,1.04841,0,0
025040107410003168d2a000a00000e2,2,3,11,322,265,724,584,1.04841,0,0
025040107410003168d2a000a00000e2,2,3,12,322,265,724,584,1.04841,0,0
025040107410003168d2a000a00000e2,2,3,13,322,265,724,584,1.04841,0,0
025040107410003168d2a000a00000e2,2,3,14,322,265,724,584,1.04841,0,0
025040107410003168d2a000a00000e2,2,3,15,322,265,724,584,1.04841,0,0
025040107410003168d2a000a00000e2,2,3,16,322,265,724,584,1.04841,0,0
025040107410003168d2a000a00000e2,2,3,17,322,265,724,584,1.04841,0,0
025040107410003168d2a000a00000e2,2,3,18,322,265,724,584,1.04841,0,0
025040107410003168d2a000a00000e2,2,3,19,322,265,724,584,1.04841,0,0
025040107410003168d2a000a00000e2,2,3,20,322,265,724,584,1.04841,0,0
025040107410003168d2a000a00000e2,2,3,21,322,265,724,584,1.04841,0,0
025040107410003168d2a000a00000e2,2,3,22,322,265,724,584,1.04841,0,0
025040107410003168d2a000a00000e2,2,3,23,322,265,724,584,1.04841,0,0
025040107410003168d2a000a00000e2,2,3,24,322,265,724,584,1.04841,0,0
025040107410003168d2a000a00000e2,2,3,25,322,265,724,584,1.04841,0,0
025040107410003168d2a000a00000e2,2,3,26,322,265,724,584,1.04841,0,0
025040107410003168d2a000a00000e2,2,3,27,322,265,724,584,1.04841,0,0
025040107410003168d2a000a00000e2,2,3,28,322,265,724,584,1.04841,0,0
025040107410003168d2a000a00000e2,2,3,29,322,265,724,584,1.04841,0,0
025040107410003168d2a000a00000e2,2,3,30,322,265,724,584,1.04841,0,0
025040107410003168d2a000a00000e2,2,3,31,322,265,724,584,1.04841,0,0
025040107410003168d2a000a00000e2,2,3,32,322,265,724,584,1.04841,0,0
025040107410003168d2a000a00000e2,2,3,33,322,265,724,584,1.04841,0,0
025040107410003168d2a000a00000e2,2,3,34,322,265,724,584,1.04841,0,0
025040107410003168d2a000a00000e2,2,3,35,322,265,724,584,1.04841,0,0
025040107410003168d2a000a00000e2,2,3,36,322,265,724,584,1.04841,0,0
025040107410003168d2a000a00000e2,2,3,37,322,265,724,584,1.04841,0,0
025040107410003168d2a000a00000e2,2,3,38,322,265,724,584,1.04841,0,0
025040107410003168d2a000a00000e2,2,3,39,322,265,724,584,1.04841,0,0
025040107410003168d2a000a00000e2,2,3,40,322,265,724,584,1.04841,0,0
025040107410003168d2a000a00000e2,2,3,41,322,265,724,584,1.04841,0,0
025040107410003168d2a000a00000e2,2,3,42,322,265,724,584,1.04841,0,0
025040107410003168d2a000a00000e2,2,3,43,322,265,724,584,1.04841,0,0
025040107410003168d2a000a00000e2,2,3,44,322,265,724,584,1.04841,0,0
025040107410003168d2a000a00000e2,2,3,45,322,265,724,584,1.04841,0,0
025040107410003168d2a000a00000e2,2,3,46,322,265,724,584,1.04841,0,0
025040107410003168d2a000a00000e2,2,3,47,322,265,724,584,1.04841,0,0
025040107410003168d2a000a00000e2,2,3,48,322,265,724,584,1.04841,0,0
025040107410003168d2a000a00000e2,2,3,49,322,265,724,584,1.04841,0,0
025040107410003168d2a000a00000e2,2,3,50,322,265,724,584,1.04841,0,0
025040107410003168d2a000a00000e2,2,3,51,322,265,724,584,1.04841,0,0
025040107410003168d2a000a00000e2,2,3,52,322,265,724,584,1.04841,0,0
025040107410003168d2a000a00000e2,2,3,53,322,265,724,584,1.04841,0,0
025040107410003168d2a000a00000e2,2,3,54,322,265,724,584,1.04841,0,0
025040107410003168d2a000a00000e2,2,3,55,322,265,724,584,1.04841,0,0
025040107410003168d2a000a00000e2,2,3,56,322,265,724,584,1.04841,0,0
025040107410003168d2a000a00000e2,2,3,57,322,265,724,584,1.04841,0,0
025040107410003168d2a000a00000e2,2,3,58,322,265,724,584,1.04841,0,0
025040107410003168d2a000a00000e2,2,3,59,322,265,724,584,1.04841,0,0
025040107410003168d2a000a00000e2,2,3,60,322,265,724,584,1.04841,0,0
025040107410003168d2a000a00000e2,2,3,61,322,265,724,584,1.04841,0,0
025040107410003168d2a000a00000e2,2,3,62,322,265,724,584,1.04841,0,0
025040107410003168d2a000a00000e2,2,3,63,322,265,724,584,1.04841,0,0
025040107410003168d2a000a00000e2,2,3,0,322,265,725,585,1.05578,0,0
025040107410003168d2a000a00000e2,2,3,1,322,265,725,585,1.05578,0,0
025040107410003168d2a000a00000e2,2,3,2,322,265,725,585,1.05578,0,0
025040107410003168d2a000a00000e2,2,3,3,322,265,725,585,1.05578,0,0
025040107410003168d2a000a00000e2,2,3,4,322,265,725,585,1.05578,0,0
025040107410003168d2a000a00000e2,2,3,5,322,265,725,585,1.05578,0,0
025040107410003168d2a000a00000e2,2,3,6,322,265,725,585,1.05578,0,0
025040107410003168d2a000a00000e2,2,3,7,322,265,725,585,1.05578,0,0
025040107410003168d2a000a00000e2,2,3,8,322,265,725,585,1.05578,0,0
025040107410003168d2a000a00000e2,2,3,9,322,265,725,585,1.05578,0,0
025040107410003168d2a000a00000e2,2,3,10,322,265,725,585,1.05578,0,0
025040107410003168d2a000a00000e2,2,3,11,322,265,725,585,1.05578,0,0
025040107410003168d2a000a00000e2,2,3,12,322,265,725,585,1.05578,0,0
025040107410003168d2a000a00000e2,2,3,13,322,265,725,585,1.05578,0,0
025040107410003168d2a000a00000e2,2,3,14,322,265,725,585,1.05578,0,0
025040107410003168d2a000a00000e2,2,3,15,322,265,725,585,1.05578,0,0
025040107410003168d2a000a00000e2,2,3,16,322,265,725,585,1.05578,0,0
025040107410003168d2a000a00000e2,2,3,17,322,265,725,585,1.05578,0,0
025040107410003168d2a000a00000e2,2,3,18,322,265,725,585,1.05578,0,0
025040107410003168d2a000a00000e2,2,3,19,322,265,725,585,1.05578,0,0
025040107410003168d2a000a00000e2,2,3,20,322,265,725,585,1.05578,0,0
025040107410003168d2a000a00000e2,2,3,21,322,265,725,585,1.05578,0,0
025040107410003168d2a000a00000e2,2,3,22,322,265,725,585,1.05578,0,0
025040107410003168d2a000a00000e2,2,3,23,322,265,725,585,1.05578,0,0
025040107410003168d2a000a00000e2,2,3,24,322,265,725,585,1.05578,0,0
025040107410003168d2a000a00000e2,2,3,25,322,265,725,585,1.05578,0,0
025040107410003168d2a000a00000e2,2,3,26,322,265,725,585,1.05578,0,0
025040107410003168d2a000a00000e2,2,3,27,322,265,725,585,1.05578,0,0
025040107410003168d2a000a00000e2,2,3,28,322,265,725,585,1.05578,0,0
025040107410003168d2a000a00000e2,2,3,29,322,265,725,585,1.05578,0,0
025040107410003168d2a000a00000e2,2,3,30,322,265,725,585,1.05578,0,0
025040107410003168d2a000a00000e2,2,3,31,322,265,725,585,1.05578,0,0
025040107410003168d2a000a00000e2,2,3,32,322,265,725,585,1.05578,0,0
025040107410003168d2a000a00000e2,2,3,33,322,265,725,585,1.05578,0,0
025040107410003168d2a000a00000e2,2,3,34,322,265,725,585,1.05578,0,0
025040107410003168d2a000a00000e2,2,3,35,322,265,725,585,1.05578,0,0
025040107410003168d2a000a00000e2,2,3,36,322,265,725,585,1.05578,0,0
025040107410003168d2a000a00000e2,2,3,37,322,265,725,585,1.05578,0,0
025040107410003168d2a000a00000e2,2,3,38,322,265,725,585,1.05578,0,0
025040107410003168d2a000a00000e2,2,3,39,322,265,725,585,1.05578,0,0
025040107410003168d2a000a00000e2,2,3,40,322,265,725,585,1.05578,0,0
025040107410003168d2a000a00000e2,2,3,41,322,265,725,585,1.05578,0,0
025040107410003168d2a000a00000e2,2,3,42,322,265,725,585,1.05578,0,0
025040107410003168d2a000a00000e2,2,3,43,322,265,725,585,1.05578,0,0
025040107410003168d2a000a00000e2,2,3,44,322,265,725,585,1.05578,0,0
025040107410003168d2a000a00000e2,2,3,45,322,265,725,585,1.05578,0,0
025040107410003168d2a000a00000e2,2,3,46,322,265,725,585,1.05578,0,0
025040107410003168d2a000a00000e2,2,3,47,322,265,725,585,1.05578,0,0
025040107410003168d2a000a00000e2,2,3,48,322,265,725,585,1.05578,0,0
025040107410003168d2a000a00000e2,2,3,49,322,265,725,585,1.05578,0,0
025040107410003168d2a000a00000e2,2,3,50,322,265,725,585,1.05578,0,0
025040107410003168d2a000a00000e2,2,3,51,322,265,725,585,1.05578,0,0
025040107410003168d2a000a00000e2,2,3,52,322,265,725,585,1.05578,0,0
025040107410003168d2a000a00000e2,2,3,53,322,265,725,585,1.05578,0,0
025040107410003168d2a000a00000e2,2,3,54,322,265,725,585,1.05578,0,0
025040107410003168d2a000a00000e2,2,3,55,322,265,725,585,1.05578,0,0
025040107410003168d2a000a00000e2,2,3,56,322,265,725,585,1.05578,0,0
025040107410003168d2a000a00000e2,2,3,57,322,265,725,585,1.05578,0,0
025040107410003168d2a000a00000e2,2,3,58,322,265,725,585,1.05578,0,0
025040107410003168d2a000a00000e2,2,3,59,322,265,725,585,1.05578,0,0
025040107410003168d2a000a00000e2,2,3,60,322,265,725,585,1.05578,0,0
025040107410003168d2a000a00000e2,2,3,61,322,265,725,585,1.05578,0,0
025040107410003168d2a000a00000e2,2,3,62,322,265,725,585,1.05578,0,0
025040107410003168d2a000a00000e2,2,3,63,322,265,725,585,1.05578,0,0
025040107410003168d2a000a00000e2,2,3,0,322,265,726,586,1.04694,0,0
025040107410003168d2a000a00000e2,2,3,1,322,265,726,586,1.04694,0,0
025040107410003168d2a000a00000e2,2,3,2,322,265,726,586,1.04694,0,0
025040107410003168d2a000a00000e2,2,3,3,322,265,726,586,1.04694,0,0
025040107410003168d2a000a00000e2,2,3,4,322,265,726,586,1.04694,0,0
025040107410003168d2a000a00000e2,2,3,5,322,265,726,586,1.04694,0,0
025040107410003168d2a000a00000e2,2,3,6,322,265,726,586,1.04694,0,0
025040107410003168d2a000a00000e2,2,3,7,322,265,726,586,1.04694,0,0
025040107410003168d2a000a00000e2,2,3,8,322,265,726,586,1.04694,0,0
025040107410003168d2a000a00000e2,2,3,9,322,265,726,586,1.04694,0,0
025040107410003168d2a000a00000e2,2,3,10,322,265,726,586,1.04694,0,0
025040107410003168d2a000a00000e2,2,3,11,322,265,726,586,1.04694,0,0
025040107410003168d2a000a00000e2,2,3,12,322,265,726,586,1.04694,0,0
025040107410003168d2a000a00000e2,2,3,13,322,265,726,586,1.04694,0,0
025040107410003168d2a000a00000e2,2,3,14,322,265,726,586,1.04694,0,0
025040107410003168d2a000a00000e2,2,3,15,322,265,726,586,1.04694,0,0
025040107410003168d2a000a00000e2,2,3,16,322,265,726,586,1.04694,0,0
025040107410003168d2a000a00000e2,2,3,17,322,265,726,586,1.04694,0,0
025040107410003168d2a000a00000e2,2,3,18,322,265,726,586,1.04694,0,0
025040107410003168d2a000a00000e2,2,3,19,322,265,726,586,1.04694,0,0
025040107410003168d2a000a00000e2,2,3,20,322,265,726,586,1.04694,0,0
025040107410003168d2a000a00000e2,2,3,21,322,265,726,586,1.04694,0,0
025040107410003168d2a000a00000e2,2,3,22,322,265,726,586,1.04694,0,0
025040107410003168d2a000a00000e2,2,3,23,322,265,726,586,1.04694,0,0
025040107410003168d2a000a00000e2,2,3,24,322,265,726,586,1.04694,0,0
025040107410003168d2a000a00000e2,2,3,25,322,265,726,586,1.04694,0,0
025040107410003168d2a000a00000e2,2,3,26,322,265,726,586,1.04694,0,0
025040107410003168d2a000a00000e2,2,3,27,322,265,726,586,1.04694,0,0
025040107410003168d2a000a00000e2,2,3,28,322,265,726,586,1.04694,0,0
025040107410003168d2a000a00000e2,2,3,29,322,265,726,586,1.04694,0,0
025040107410003168d2a000a00000e2,2,3,30,322,265,726,586,1.04694,0,0
025040107410003168d2a000a00000e2,2,3,31,322,265,726,586,1.04694,0,0
025040107410003168d2a000a00000e2,2,3,32,322,265,726,586,1.04694,0,0
025040107410003168d2a000a00000e2,2,3,33,322,265,726,586,1.04694,0,0
025040107410003168d2a000a00000e2,2,3,34,322,265,726,586,1.04694,0,0
025040107410003168d2a000a00000e2,2,3,35,322,265,726,586,1.04694,0,0
025040107410003168d2a000a00000e2,2,3,36,322,265,726,586,1.04694,0,0
025040107410003168d2a000a00000e2,2,3,37,322,265,726,586,1.04694,0,0
025040107410003168d2a000a00000e2,2,3,38,322,265,726,586,1.04694,0,0
025040107410003168d2a000a00000e2,2,3,39,322,265,726,586,1.04694,0,0
025040107410003168d2a000a00000e2,2,3,40,322,265,726,586,1.04694,0,0
025040107410003168d2a000a00000e2,2,3,41,322,265,726,586,1.04694,0,0
025040107410003168d2a000a00000e2,2,3,42,322,265,726,586,1.04694,0,0
025040107410003168d2a000a00000e2,2,3,43,322,265,726,586,1.04694,0,0
025040107410003168d2a000a00000e2,2,3,44,322,265,726,586,1.04694,0,0
025040107410003168d2a000a00000e2,2,3,45,322,265,726,586,1.04694,0,0
025040107410003168d2a000a00000e2,2,3,46,322,265,726,586,1.04694,0,0
025040107410003168d2a000a00000e2,2,3,47,322,265,726,586,1.04694,0,0
025040107410003168d2a000a00000e2,2,3,48,322,265,726,586,1.04694,0,0
025040107410003168d2a000a00000e2,2,3,49,322,265,726,586,1.04694,0,0
025040107410003168d2a000a00000e2,2,3,50,322,265,726,586,1.04694,0,0
025040107410003168d2a000a00000e2,2,3,51,322,265,726,586,1.04694,0,0
025040107410003168d2a000a00000e2,2,3,52,322,265,726,586,1.04694,0,0
025040107410003168d2a000a00000e2,2,3,53,322,265,726,586,1.04694,0,0
025040107410003168d2a000a00000e2,2,3,54,322,265,726,586,1.04694,0,0
025040107410003168d2a000a00000e2,2,3,55,322,265,726,586,1.04694,0,0
025040107410003168d2a000a00000e2,2,3,56,322,265,726,586,1.04694,0,0
025040107410003168d2a000a00000e2,2,3,57,322,265,726,586,1.04694,0,0
025040107410003168d2a000a00000e2,2,3,58,322,265,726,586,1.04694,0,0
025040107410003168d2a000a00000e2,2,3,59,322,265,726,586,1.04694,0,0
025040107410003168d2a000a00000e2,2,3,60,322,265,726,586,1.04694,0,0
025040107410003168d2a000a00000e2,2,3,61,322,265,726,586,1.04694,0,0
025040107410003168d2a000a00000e2,2,3,62,322,265,726,586,1.04694,0,0
025040107410003168d2a000a00000e2,2,3,63,322,265,726,586,1.04694,0,0
025040107410003168d2a000a00000e2,2,3,0,322,265,727,586,1.06021,0,0
025040107410003168d2a000a00000e2,2,3,1,322,265,727,586,1.06021,0,0
025040107410003168d2a000a00000e2,2,3,2,322,265,727,586,1.06021,0,0
025040107410003168d2a000a00000e2,2,3,3,322,265,727,586,1.06021,0,0
025040107410003168d2a000a00000e2,2,3,4,322,265,727,586,1.06021,0,0
025040107410003168d2a000a00000e2,2,3,5,322,265,727,586,1.06021,0,0
025040107410003168d2a000a00000e2,2,3,6,322,265,727,586,1.06021,0,0
025040107410003168d2a000a00000e2,2,3,7,322,265,727,586,1.06021,0,0
025040107410003168d2a000a00000e2,2,3,8,322,265,727,586,1.06021,0,0
025040107410003168d2a000a00000e2,2,3,9,322,265,727,586,1.06021,0,0
025040107410003168d2a000a00000e2,2,3,10,322,265,727,586,1.06021,0,0
025040107410003168d2a000a00000e2,2,3,11,322,265,727,586,1.06021,0,0
025040107410003168d2a000a00000e2,2,3,12,322,265,727,586,1.06021,0,0
025040107410003168d2a000a00000e2,2,3,13,322,265,727,586,1.06021,0,0
025040107410003168d2a000a00000e2,2,3,14,322,265,727,586,1.06021,0,0
025040107410003168d2a000a00000e2,2,3,15,322,265,727,586,1.06021,0,0
025040107410003168d2a000a00000e2,2,3,16,322,265,727,586,1.06021,0,0
025040107410003168d2a000a00000e2,2,3,17,322,265,727,586,1.06021,0,0
025040107410003168d2a000a00000e2,2,3,18,322,265,727,586,1.06021,0,0
025040107410003168d2a000a00000e2,2,3,19,322,265,727,586,1.06021,0,0
025040107410003168d2a000a00000e2,2,3,20,322,265,727,586,1.06021,0,0
025040107410003168d2a000a00000e2,2,3,21,322,265,727,586,1.06021,0,0
025040107410003168d2a000a00000e2,2,3,22,322,265,727,586,1.06021,0,0
025040107410003168d2a000a00000e2,2,3,23,322,265,727,586,1.06021,0,0
025040107410003168d2a000a00000e2,2,3,24,322,265,727,586,1.06021,0,0
025040107410003168d2a000a00000e2,2,3,25,322,265,727,586,1.06021,0,0
025040107410003168d2a000a00000e2,2,3,26,322,265,727,586,1.06021,0,0
025040107410003168d2a000a00000e2,2,3,27,322,265,727,586,1.06021,0,0
025040107410003168d2a000a00000e2,2,3,28,322,265,727,586,1.06021,0,0
025040107410003168d2a000a00000e2,2,3,29,322,265,727,586,1.06021,0,0
025040107410003168d2a000a00000e2,2,3,30,322,265,727,586,1.06021,0,0
025040107410003168d2a000a00000e2,2,3,31,322,265,727,586,1.06021,0,0
025040107410003168d2a000a00000e2,2,3,32,322,265,727,586,1.06021,0,0
025040107410003168d2a000a00000e2,2,3,33,322,265,727,586,1.06021,0,0
025040107410003168d2a000a00000e2,2,3,34,322,265,727,586,1.06021,0,0
025040107410003168d2a000a00000e2,2,3,35,322,265,727,586,1.06021,0,0
025040107410003168d2a000a00000e2,2,3,36,322,265,727,586,1.06021,0,0
025040107410003168d2a000a00000e2,2,3,37,322,265,727,586,1.06021,0,0
025040107410003168d2a000a00000e2,2,3,38,322,265,727,586,1.06021,0,0
025040107410003168d2a000a00000e2,2,3,39,322,265,727,586,1.06021,0,0
025040107410003168d2a000a00000e2,2,3,40,322,265,727,586,1.06021,0,0
025040107410003168d2a000a00000e2,2,3,41,322,265,727,586,1.06021,0,0
025040107410003168d2a000a00000e2,2,3,42,322,265,727,586,1.06021,0,0
025040107410003168d2a000a00000e2,2,3,43,322,265,727,586,1.06021,0,0
025040107410003168d2a000a00000e2,2,3,44,322,265,727,586,1.06021,0,0
025040107410003168d2a000a00000e2,2,3,45,322,265,727,586,1.06021,0,0
025040107410003168d2a000a00000e2,2,3,46,322,265,727,586,1.06021,0,0
025040107410003168d2a000a00000e2,2,3,47,322,265,727,586,1.06021,0,0
025040107410003168d2a000a00000e2,2,3,48,322,265,727,586,1.06021,0,0
025040107410003168d2a000a00000e2,2,3,49,322,265,727,586,1.06021,0,0
025040107410003168d2a000a00000e2,2,3,50,322,265,727,586,1.06021,0,0
025040107410003168d2a000a00000e2,2,3,51,322,265,727,586,1.06021,0,0
025040107410003168d2a000a00000e2,2,3,52,322,265,727,586,1.06021,0,0
025040107410003168d2a000a00000e2,2,3,53,322,265,727,586,1.06021,0,0
025040107410003168d2a000a00000e2,2,3,54,322,265,727,586,1.06021,0,0
025040107410003168d2a000a00000e2,2,3,55,322,265,727,586,1.06021,0,0
025040107410003168d2a000a00000e2,2,3,56,322,265,727,586,1.06021,0,0
025040107410003168d2a000a00000e2,2,3,57,322,265,727,586,1.06021,0,0
025040107410003168d2a000a00000e2,2,3,58,322,265,727,586,1.06021,0,0
025040107410003168d2a000a00000e2,2,3,59,322,265,727,586,1.06021,0,0
025040107410003168d2a000a00000e2,2,3,60,322,265,727,586,1.06021,0,0
025040107410003168d2a000a00000e2,2,3,61,322,265,727,586,1.06021,0,0
025040107410003168d2a000a00000e2,2,3,62,322,265,727,586,1.06021,0,0
025040107410003168d2a000a00000e2,2,3,63,322,265,727,586,1.06021,0,0
025040107410003168d2a000a00000e2,2,3,0,322,265,728,587,1.06021,0,0
025040107410003168d2a000a00000e2,2,3,1,322,265,728,587,1.06021,0,0
025040107410003168d2a000a00000e2,2,3,2,322,265,728,587,1.06021,0,0
025040107410003168d2a000a00000e2,2,3,3,322,265,728,587,1.06021,0,0
025040107410003168d2a000a00000e2,2,3,4,322,265,728,587,1.06021,0,0
025040107410003168d2a000a00000e2,2,3,5,322,265,728,587,1.06021,0,0
025040107410003168d2a000a00000e2,2,3,6,322,265,728,587,1.06021,0,0
025040107410003168d2a000a00000e2,2,3,7,322,265,728,587,1.06021,0,0
025040107410003168d2a000a00000e2,2,3,8,322,265,728,587,1.06021,0,0
025040107410003168d2a000a00000e2,2,3,9,322,265,728,587,1.06021,0,0
025040107410003168d2a000a00000e2,2,3,10,322,265,728,587,1.06021,0,0
025040107410003168d2a000a00000e2,2,3,11,322,265,728,587,1.06021,0,0
025040107410003168d2a000a00000e2,2,3,12,322,265,728,587,1.06021,0,0
025040107410003168d2a000a00000e2,2,3,13,322,265,728,587,1.06021,0,0
025040107410003168d2a000a00000e2,2,3,14,322,265,728,587,1.06021,0,0
025040107410003168d2a000a00000e2,2,3,15,322,265,728,587,1.06021,0,0
025040107410003168d2a000a00000e2,2,3,16,322,265,728,587,1.06021,0,0
025040107410003168d2a000a00000e2,2,3,17,322,265,728,587,1.06021,0,0
025040107410003168d2a000a00000e2,2,3,18,322,265,728,587,1.06021,0,0
025040107410003168d2a000a00000e2,2,3,19,322,265,728,587,1.06021,0,0
025040107410003168d2a000a00000e2,2,3,20,322,265,728,587,1.06021,0,0
025040107410003168d2a000a00000e2,2,3,21,322,265,728,587,1.06021,0,0
025040107410003168d2a000a00000e2,2,3,22,322,265,728,587,1.06021,0,0
025040107410003168d2a000a00000e2,2,3,23,322,265,728,587,1.06021,0,0
025040107410003168d2a000a00000e2,2,3,24,322,265,728,587,1.06021,0,0
025040107410003168d2a000a00000e2,2,3,25,322,265,728,587,1.06021,0,0
025040107410003168d2a000a00000e2,2,3,26,322,265,728,587,1.06021,0,0
025040107410003168d2a000a00000e2,2,3,27,322,265,728,587,1.06021,0,0
025040107410003168d2a000a00000e2,2,3,28,322,265,728,587,1.06021,0,0
025040107410003168d2a000a00000e2,2,3,29,322,265,728,587,1.06021,0,0
025040107410003168d2a000a00000e2,2,3,30,322,265,728,587,1.06021,0,0
025040107410003168d2a000a00000e2,2,3,31,322,265,728,587,1.06021,0,0
025040107410003168d2a000a00000e2,2,3,32,322,265,728,587,1.06021,0,0
025040107410003168d2a000a00000e2,2,3,33,322,265,728,587,1.06021,0,0
025040107410003168d2a000a00000e2,2,3,34,322,265,728,587,1.06021,0,0
025040107410003168d2a000a00000e2,2,3,35,322,265,728,587,1.06021,0,0
025040107410003168d2a000a00000e2,2,3,36,322,265,728,587,1.06021,0,0
025040107410003168d2a000a00000e2,2,3,37,322,265,728,587,1.06021,0,0
025040107410003168d2a000a00000e2,2,3,38,322,265,728,587,1.06021,0,0
025040107410003168d2a000a00000e2,2,3,39,322,265,728,587,1.06021,0,0
025040107410003168d2a000a00000e2,2,3,40,322,265,728,587,1.06021,0,0
025040107410003168d2a000a00000e2,2,3,41,322,265,728,587,1.06021,0,0
025040107410003168d2a000a00000e2,2,3,42,322,265,728,587,1.06021,0,0
025040107410003168d2a000a00000e2,2,3,43,322,265,728,587,1.06021,0,0
025040107410003168d2a000a00000e2,2,3,44,322,265,728,587,1.06021,0,0
025040107410003168d2a000a00000e2,2,3,45,322,265,728,587,1.06021,0,0
025040107410003168d2a000a00000e2,2,3,46,322,265,728,587,1.06021,0,0
025040107410003168d2a000a00000e2,2,3,47,322,265,728,587,1.06021,0,0
025040107410003168d2a000a00000e2,2,3,48,322,265,728,587,1.06021,0,0
025040107410003168d2a000a00000e2,2,3,49,322,265,728,587,1.06021,0,0
025040107410003168d2a000a00000e2,2,3,50,322,265,728,587,1.06021,0,0
025040107410003168d2a000a00000e2,2,3,51,322,265,728,587,1.06021,0,0
025040107410003168d2a000a00000e2,2,3,52,322,265,728,587,1.06021,0,0
025040107410003168d2a000a00000e2,2,3,53,322,265,728,587,1.06021,0,0
025040107410003168d2a000a00000e2,2,3,54,322,265,728,587,1.06021,0,0
025040107410003168d2a000a00000e2,2,3,55,322,265,728,587,1.06021,0,0
025040107410003168d2a000a00000e2,2,3,56,322,265,728,587,1.06021,0,0
025040107410003168d2a000a00000e2,2,3,57,322,265,728,587,1.06021,0,0
025040107410003168d2a000a00000e2,2,3,58,322,265,728,587,1.06021,0,0
025040107410003168d2a000a00000e2,2,3,59,322,265,728,587,1.06021,0,0
025040107410003168d2a000a00000e2,2,3,60,322,265,728,587,1.06021,0,0
025040107410003168d2a000a00000e2,2,3,61,322,265,728,587,1.06021,0,0
025040107410003168d2a000a00000e2,2,3,62,322,265,728,587,1.06021,0,0
025040107410003168d2a000a00000e2,2,3,63,322,265,728,587,1.06021,0,0
025040107410003168d2a000a00000e2,2,3,0,322,265,729,588,1.04989,0,0
025040107410003168d2a000a00000e2,2,3,1,322,265,729,588,1.04989,0,0
025040107410003168d2a000a00000e2,2,3,2,322,265,729,588,1.04989,0,0
025040107410003168d2a000a00000e2,2,3,3,322,265,729,588,1.04989,0,0
025040107410003168d2a000a00000e2,2,3,4,322,265,729,588,1.04989,0,0
025040107410003168d2a000a00000e2,2,3,5,322,265,729,588,1.04989,0,0
025040107410003168d2a000a00000e2,2,3,6,322,265,729,588,1.04989,0,0
025040107410003168d2a000a00000e2,2,3,7,322,265,729,588,1.04989,0,0
025040107410003168d2a000a00000e2,2,3,8,322,265,729,588,1.04989,0,0
025040107410003168d2a000a00000e2,2,3,9,322,265,729,588,1.04989,0,0
025040107410003168d2a000a00000e2,2,3,10,322,265,729,588,1.04989,0,0
025040107410003168d2a000a00000e2,2,3,11,322,265,729,588,1.04989,0,0
025040107410003168d2a000a00000e2,2,3,12,322,265,729,588,1.04989,0,0
025040107410003168d2a000a00000e2,2,3,13,322,265,729,588,1.04989,0,0
025040107410003168d2a000a00000e2,2,3,14,322,265,729,588,1.04989,0,0
025040107410003168d2a000a00000e2,2,3,15,322,265,729,588,1.04989,0,0
025040107410003168d2a000a00000e2,2,3,16,322,265,729,588,1.04989,0,0
025040107410003168d2a000a00000e2,2,3,17,322,265,729,588,1.04989,0,0
025040107410003168d2a000a00000e2,2,3,18,322,265,729,588,1.04989,0,0
025040107410003168d2a000a00000e2,2,3,19,322,265,729,588,1.04989,0,0
025040107410003168d2a000a00000e2,2,3,20,322,265,729,588,1.04989,0,0
025040107410003168d2a000a00000e2,2,3,21,322,265,729,588,1.04989,0,0
025040107410003168d2a000a00000e2,2,3,22,322,265,729,588,1.04989,0,0
025040107410003168d2a000a00000e2,2,3,23,322,265,729,588,1.04989,0,0
025040107410003168d2a000a00000e2,2,3,24,322,265,729,588,1.04989,0,0
025040107410003168d2a000a00000e2,2,3,25,322,265,729,588,1.04989,0,0
025040107410003168d2a000a00000e2,2,3,26,322,265,729,588,1.04989,0,0
025040107410003168d2a000a00000e2,2,3,27,322,265,729,588,1.04989,0,0
025040107410003168d2a000a00000e2,2,3,28,322,265,729,588,1.04989,0,0
025040107410003168d2a000a00000e2,2,3,29,322,265,729,588,1.04989,0,0
025040107410003168d2a000a00000e2,2,3,30,322,265,729,588,1.04989,0,0
025040107410003168d2a000a00000e2,2,3,31,322,265,729,588,1.04989,0,0
025040107410003168d2a000a00000e2,2,3,32,322,265,729,588,1.04989,0,0
025040107410003168d2a000a00000e2,2,3,33,322,265,729,588,1.04989,0,0
025040107410003168d2a000a00000e2,2,3,34,322,265,729,588,1.04989,0,0
025040107410003168d2a000a00000e2,2,3,35,322,265,729,588,1.04989,0,0
025040107410003168d2a000a00000e2,2,3,36,322,265,729,588,1.04989,0,0
025040107410003168d2a000a00000e2,2,3,37,322,265,729,588,1.04989,0,0
025040107410003168d2a000a00000e2,2,3,38,322,265,729,588,1.04989,0,0
025040107410003168d2a000a00000e2,2,3,39,322,265,729,588,1.04989,0,0
025040107410003168d2a000a00000e2,2,3,40,322,265,729,588,1.04989,0,0
025040107410003168d2a000a00000e2,2,3,41,322,265,729,588,1.04989,0,0
025040107410003168d2a000a00000e2,2,3,42,322,265,729,588,1.04989,0,0
025040107410003168d2a000a00000e2,2,3,43,322,265,729,588,1.04989,0,0
025040107410003168d2a000a00000e2,2,3,44,322,265,729,588,1.04989,0,0
025040107410003168d2a000a00000e2,2,3,45,322,265,729,588,1.04989,0,0
025040107410003168d2a000a00000e2,2,3,46,322,265,729,588,1.04989,0,0
025040107410003168d2a000a00000e2,2,3,47,322,265,729,588,1.04989,0,0
025040107410003168d2a000a00000e2,2,3,48,322,265,729,588,1.04989,0,0
025040107410003168d2a000a00000e2,2,3,49,322,265,729,588,1.04989,0,0
025040107410003168d2a000a00000e2,2,3,50,322,265,729,588,1.04989,0,0
025040107410003168d2a000a00000e2,2,3,51,322,265,729,588,1.04989,0,0
025040107410003168d2a000a00000e2,2,3,52,322,265,729,588,1.04989,0,0
025040107410003168d2a000a00000e2,2,3,53,322,265,729,588,1.04989,0,0
025040107410003168d2a000a00000e2,2,3,54,322,265,729,588,1.04989,0,0
025040107410003168d2a000a00000e2,2,3,55,322,265,729,588,1.04989,0,0
025040107410003168d2a000a00000e2,2,3,56,322,265,729,588,1.04989,0,0
025040107410003168d2a000a00000e2,2,3,57,322,265,729,588,1.04989,0,0
025040107410003168d2a000a00000e2,2,3,58,322,265,729,588,1.04989,0,0
025040107410003168d2a000a00000e2,2,3,59,322,265,729,588,1.04989,0,0
025040107410003168d2a000a00000e2,2,3,60,322,265,729,588,1.04989,0,0
025040107410003168d2a000a00000e2,2,3,61,322,265,729,588,1.04989,0,0
025040107410003168d2a000a00000e2,2,3,62,322,265,729,588,1.04989,0,0
025040107410003168d2a000a00000e2,2,3,63,322,265,729,588,1.04989,0,0
025040107410003168d2a000a00000e2,2,3,0,322,265,730,589,1.06758,0,0
025040107410003168d2a000a00000e2,2,3,1,322,265,730,589,1.06758,0,0
025040107410003168d2a000a00000e2,2,3,2,322,265,730,589,1.06758,0,0
025040107410003168d2a000a00000e2,2,3,3,322,265,730,589,1.06758,0,0
025040107410003168d2a000a00000e2,2,3,4,322,265,730,589,1.06758,0,0
025040107410003168d2a000a00000e2,2,3,5,322,265,730,589,1.06758,0,0
025040107410003168d2a000a00000e2,2,3,6,322,265,730,589,1.06758,0,0
025040107410003168d2a000a00000e2,2,3,7,322,265,730,589,1.06758,0,0
025040107410003168d2a000a00000e2,2,3,8,322,265,730,589,1.06758,0,0
025040107410003168d2a000a00000e2,2,3,9,322,265,730,589,1.06758,0,0
025040107410003168d2a000a00000e2,2,3,10,322,265,730,589,1.06758,0,0
025040107410003168d2a000a00000e2,2,3,11,322,265,730,589,1.06758,0,0
025040107410003168d2a000a00000e2,2,3,12,322,265,730,589,1.06758,0,0
025040107410003168d2a000a00000e2,2,3,13,322,265,730,589,1.06758,0,0
025040107410003168d2a000a00000e2,2,3,14,322,265,730,589,1.06758,0,0
025040107410003168d2a000a00000e2,2,3,15,322,265,730,589,1.06758,0,0
025040107410003168d2a000a00000e2,2,3,16,322,265,730,589,1.06758,0,0
025040107410003168d2a000a00000e2,2,3,17,322,265,730,589,1.06758,0,0
025040107410003168d2a000a00000e2,2,3,18,322,265,730,589,1.06758,0,0
025040107410003168d2a000a00000e2,2,3,19,322,265,730,589,1.06758,0,0
025040107410003168d2a000a00000e2,2,3,20,322,265,730,589,1.06758,0,0
025040107410003168d2a000a00000e2,2,3,21,322,265,730,589,1.06758,0,0
025040107410003168d2a000a00000e2,2,3,22,322,265,730,589,1.06758,0,0
025040107410003168d2a000a00000e2,2,3,23,322,265,730,589,1.06758,0,0
025040107410003168d2a000a00000e2,2,3,24,322,265,730,589,1.06758,0,0
025040107410003168d2a000a00000e2,2,3,25,322,265,730,589,1.06758,0,0
025040107410003168d2a000a00000e2,2,3,26,322,265,730,589,1.06758,0,0
025040107410003168d2a000a00000e2,2,3,27,322,265,730,589,1.06758,0,0
025040107410003168d2a000a00000e2,2,3,28,322,265,730,589,1.06758,0,0
025040107410003168d2a000a00000e2,2,3,29,322,265,730,589,1.06758,0,0
025040107410003168d2a000a00000e2,2,3,30,322,265,730,589,1.06758,0,0
025040107410003168d2a000a00000e2,2,3,31,322,265,730,589,1.06758,0,0
025040107410003168d2a000a00000e2,2,3,32,322,265,730,589,1.06758,0,0
025040107410003168d2a000a00000e2,2,3,33,322,265,730,589,1.06758,0,0
025040107410003168d2a000a00000e2,2,3,34,322,265,730,589,1.06758,0,0
025040107410003168d2a000a00000e2,2,3,35,322,265,730,589,1.06758,0,0
025040107410003168d2a000a00000e2,2,3,36,322,265,730,589,1.06758,0,0
025040107410003168d2a000a00000e2,2,3,37,322,265,730,589,1.06758,0,0
025040107410003168d2a000a00000e2,2,3,38,322,265,730,589,1.06758,0,0
025040107410003168d2a000a00000e2,2,3,39,322,265,730,589,1.06758,0,0
025040107410003168d2a000a00000e2,2,3,40,322,265,730,589,1.06758,0,0
025040107410003168d2a000a00000e2,2,3,41,322,265,730,589,1.06758,0,0
025040107410003168d2a000a00000e2,2,3,42,322,265,730,589,1.06758,0,0
025040107410003168d2a000a00000e2,2,3,43,322,265,730,589,1.06758,0,0
025040107410003168d2a000a00000e2,2,3,44,322,265,730,589,1.06758,0,0
025040107410003168d2a000a00000e2,2,3,45,322,265,730,589,1.06758,0,0
025040107410003168d2a000a00000e2,2,3,46,322,265,730,589,1.06758,0,0
025040107410003168d2a000a00000e2,2,3,47,322,265,730,589,1.06758,0,0
025040107410003168d2a000a00000e2,2,3,48,322,265,730,589,1.06758,0,0
025040107410003168d2a000a00000e2,2,3,49,322,265,730,589,1.06758,0,0
025040107410003168d2a000a00000e2,2,3,50,322,265,730,589,1.06758,0,0
025040107410003168d2a000a00000e2,2,3,51,322,265,730,589,1.06758,0,0
025040107410003168d2a000a00000e2,2,3,52,322,265,730,589,1.06758,0,0
025040107410003168d2a000a00000e2,2,3,53,322,265,730,589,1.06758,0,0
025040107410003168d2a000a00000e2,2,3,54,322,265,730,589,1.06758,0,0
025040107410003168d2a000a00000e2,2,3,55,322,265,730,589,1.06758,0,0
025040107410003168d2a000a00000e2,2,3,56,322,265,730,589,1.06758,0,0
025040107410003168d2a000a00000e2,2,3,57,322,265,730,589,1.06758,0,0
025040107410003168d2a000a00000e2,2,3,58,322,265,730,589,1.06758,0,0
025040107410003168d2a000a00000e2,2,3,59,322,265,730,589,1.06758,0,0
025040107410003168d2a000a00000e2,2,3,60,322,265,730,589,1.06758,0,0
025040107410003168d2a000a00000e2,2,3,61,322,265,730,589,1.06758,0,0
025040107410003168d2a000a00000e2,2,3,62,322,265,730,589,1.06758,0,0
025040107410003168d2a000a00000e2,2,3,63,322,265,730,589,1.06758,0,0
025040107410003168d2a000a00000e2,2,3,0,322,265,731,590,1.07348,0,0
025040107410003168d2a000a00000e2,2,3,1,322,265,731,590,1.07348,0,0
025040107410003168d2a000a00000e2,2,3,2,322,265,731,590,1.07348,0,0
025040107410003168d2a000a00000e2,2,3,3,322,265,731,590,1.07348,0,0
025040107410003168d2a000a00000e2,2,3,4,322,265,731,590,1.07348,0,0
025040107410003168d2a000a00000e2,2,3,5,322,265,731,590,1.07348,0,0
025040107410003168d2a000a00000e2,2,3,6,322,265,731,590,1.07348,0,0
025040107410003168d2a000a00000e2,2,3,7,322,265,731,590,1.07348,0,0
025040107410003168d2a000a00000e2,2,3,8,322,265,731,590,1.07348,0,0
025040107410003168d2a000a00000e2,2,3,9,322,265,731,590,1.07348,0,0
025040107410003168d2a000a00000e2,2,3,10,322,265,731,590,1.07348,0,0
025040107410003168d2a000a00000e2,2,3,11,322,265,731,590,1.07348,0,0
025040107410003168d2a000a00000e2,2,3,12,322,265,731,590,1.07348,0,0
025040107410003168d2a000a00000e2,2,3,13,322,265,731,590,1.07348,0,0
025040107410003168d2a000a00000e2,2,3,14,322,265,731,590,1.07348,0,0
025040107410003168d2a000a00000e2,2,3,15,322,265,731,590,1.07348,0,0
025040107410003168d2a000a00000e2,2,3,16,322,265,731,590,1.07348,0,0
025040107410003168d2a000a00000e2,2,3,17,322,265,731,590,1.07348,0,0
025040107410003168d2a000a00000e2,2,3,18,322,265,731,590,1.07348,0,0
025040107410003168d2a000a00000e2,2,3,19,322,265,731,590,1.07348,0,0
025040107410003168d2a000a00000e2,2,3,20,322,265,731,590,1.07348,0,0
025040107410003168d2a000a00000e2,2,3,21,322,265,731,590,1.07348,0,0
025040107410003168d2a000a00000e2,2,3,22,322,265,731,590,1.07348,0,0
025040107410003168d2a000a00000e2,2,3,23,322,265,731,590,1.07348,0,0
025040107410003168d2a000a00000e2,2,3,24,322,265,731,590,1.07348,0,0
025040107410003168d2a000a00000e2,2,3,25,322,265,731,590,1.07348,0,0
025040107410003168d2a000a00000e2,2,3,26,322,265,731,590,1.07348,0,0
025040107410003168d2a000a00000e2,2,3,27,322,265,731,590,1.07348,0,0
025040107410003168d2a000a00000e2,2,3,28,322,265,731,590,1.07348,0,0
025040107410003168d2a000a00000e2,2,3,29,322,265,731,590,1.07348,0,0
025040107410003168d2a000a00000e2,2,3,30,322,265,731,590,1.07348,0,0
025040107410003168d2a000a00000e2,2,3,31,322,265,731,590,1.07348,0,0
025040107410003168d2a000a00000e2,2,3,32,322,265,731,590,1.07348,0,0
025040107410003168d2a000a00000e2,2,3,33,322,265,731,590,1.07348,0,0
025040107410003168d2a000a00000e2,2,3,34,322,265,731,590,1.07348,0,0
025040107410003168d2a000a00000e2,2,3,35,322,265,731,590,1.07348,0,0
025040107410003168d2a000a00000e2,2,3,36,322,265,731,590,1.07348,0,0
025040107410003168d2a000a00000e2,2,3,37,322,265,731,590,1.07348,0,0
025040107410003168d2a000a00000e2,2,3,38,322,265,731,590,1.07348,0,0
025040107410003168d2a000a00000e2,2,3,39,322,265,731,590,1.07348,0,0
025040107410003168d2a000a00000e2,2,3,40,322,265,731,590,1.07348,0,0
025040107410003168d2a000a00000e2,2,3,41,322,265,731,590,1.07348,0,0
025040107410003168d2a000a00000e2,2,3,42,322,265,731,590,1.07348,0,0
025040107410003168d2a000a00000e2,2,3,43,322,265,731,590,1.07348,0,0
025040107410003168d2a000a00000e2,2,3,44,322,265,731,590,1.07348,0,0
025040107410003168d2a000a00000e2,2,3,45,322,265,731,590,1.07348,0,0
025040107410003168d2a000a00000e2,2,3,46,322,265,731,590,1.07348,0,0
025040107410003168d2a000a00000e2,2,3,47,322,265,731,590,1.07348,0,0
025040107410003168d2a000a00000e2,2,3,48,322,265,731,590,1.07348,0,0
025040107410003168d2a000a00000e2,2,3,49,322,265,731,590,1.07348,0,0
025040107410003168d2a000a00000e2,2,3,50,322,265,731,590,1.07348,0,0
025040107410003168d2a000a00000e2,2,3,51,322,265,731,590,1.07348,0,0
025040107410003168d2a000a00000e2,2,3,52,322,265,731,590,1.07348,0,0
025040107410003168d2a000a00000e2,2,3,53,322,265,731,590,1.07348,0,0
025040107410003168d2a000a00000e2,2,3,54,322,265,731,590,1.07348,0,0
025040107410003168d2a000a00000e2,2,3,55,322,265,731,590,1.07348,0,0
025040107410003168d2a000a00000e2,2,3,56,322,265,731,590,1.07348,0,0
025040107410003168d2a000a00000e2,2,3,57,322,265,731,590,1.07348,0,0
025040107410003168d2a000a00000e2,2,3,58,322,265,731,590,1.07348,0,0
025040107410003168d2a000a00000e2,2,3,59,322,265,731,590,1.07348,0,0
025040107410003168d2a000a00000e2,2,3,60,322,265,731,590,1.07348,0,0
025040107410003168d2a000a00000e2,2,3,61,322,265,731,590,1.07348,0,0
025040107410003168d2a000a00000e2,2,3,62,322,265,731,590,1.07348,0,0
025040107410003168d2a000a00000e2,2,3,63,322,265,731,590,1.07348,0,0
025040107410003168d2a000a00000e2,2,3,0,322,265,732,590,1.06611,0,0
025040107410003168d2a000a00000e2,2,3,1,322,265,732,590,1.06611,0,0
025040107410003168d2a000a00000e2,2,3,2,322,265,732,590,1.06611,0,0
025040107410003168d2a000a00000e2,2,3,3,322,265,732,590,1.06611,0,0
025040107410003168d2a000a00000e2,2,3,4,322,265,732,590,1.06611,0,0
025040107410003168d2a000a00000e2,2,3,5,322,265,732,590,1.06611,0,0
025040107410003168d2a000a00000e2,2,3,6,322,265,732,590,1.06611,0,0
025040107410003168d2a000a00000e2,2,3,7,322,265,732,590,1.06611,0,0
025040107410003168d2a000a00000e2,2,3,8,322,265,732,590,1.06611,0,0
025040107410003168d2a000a00000e2,2,3,9,322,265,732,590,1.06611,0,0
025040107410003168d2a000a00000e2,2,3,10,322,265,732,590,1.06611,0,0
025040107410003168d2a000a00000e2,2,3,11,322,265,732,590,1.06611,0,0
025040107410003168d2a000a00000e2,2,3,12,322,265,732,590,1.06611,0,0
025040107410003168d2a000a00000e2,2,3,13,322,265,732,590,1.06611,0,0
025040107410003168d2a000a00000e2,2,3,14,322,265,732,590,1.06611,0,0
025040107410003168d2a000a00000e2,2,3,15,322,265,732,590,1.06611,0,0
025040107410003168d2a000a00000e2,2,3,16,322,265,732,590,1.06611,0,0
025040107410003168d2a000a00000e2,2,3,17,322,265,732,590,1.06611,0,0
025040107410003168d2a000a00000e2,2,3,18,322,265,732,590,1.06611,0,0
025040107410003168d2a000a00000e2,2,3,19,322,265,732,590,1.06611,0,0
025040107410003168d2a000a00000e2,2,3,20,322,265,732,590,1.06611,0,0
025040107410003168d2a000a00000e2,2,3,21,322,265,732,590,1.06611,0,0
025040107410003168d2a000a00000e2,2,3,22,322,265,732,590,1.06611,0,0
025040107410003168d2a000a00000e2,2,3,23,322,265,732,590,1.06611,0,0
025040107410003168d2a000a00000e2,2,3,24,322,265,732,590,1.06611,0,0
025040107410003168d2a000a00000e2,2,3,25,322,265,732,590,1.06611,0,0
025040107410003168d2a000a00000e2,2,3,26,322,265,732,590,1.06611,0,0
025040107410003168d2a000a00000e2,2,3,27,322,265,732,590,1.06611,0,0
025040107410003168d2a000a00000e2,2,3,28,322,265,732,590,1.06611,0,0
025040107410003168d2a000a00000e2,2,3,29,322,265,732,590,1.06611,0,0
025040107410003168d2a000a00000e2,2,3,30,322,265,732,590,1.06611,0,0
025040107410003168d2a000a00000e2,2,3,31,322,265,732,590,1.06611,0,0
025040107410003168d2a000a00000e2,2,3,32,322,265,732,590,1.06611,0,0
025040107410003168d2a000a00000e2,2,3,33,322,265,732,590,1.06611,0,0
025040107410003168d2a000a00000e2,2,3,34,322,265,732,590,1.06611,0,0
025040107410003168d2a000a00000e2,2,3,35,322,265,732,590,1.06611,0,0
025040107410003168d2a000a00000e2,2,3,36,322,265,732,590,1.06611,0,0
025040107410003168d2a000a00000e2,2,3,37,322,265,732,590,1.06611,0,0
025040107410003168d2a000a00000e2,2,3,38,322,265,732,590,1.06611,0,0
025040107410003168d2a000a00000e2,2,3,39,322,265,732,590,1.06611,0,0
025040107410003168d2a000a00000e2,2,3,40,322,265,732,590,1.06611,0,0
025040107410003168d2a000a00000e2,2,3,41,322,265,732,590,1.06611,0,0
025040107410003168d2a000a00000e2,2,3,42,322,265,732,590,1.06611,0,0
025040107410003168d2a000a00000e2,2,3,43,322,265,732,590,1.06611,0,0
025040107410003168d2a000a00000e2,2,3,44,322,265,732,590,1.06611,0,0
025040107410003168d2a000a00000e2,2,3,45,322,265,732,590,1.06611,0,0
025040107410003168d2a000a00000e2,2,3,46,322,265,732,590,1.06611,0,0
025040107410003168d2a000a00000e2,2,3,47,322,265,732,590,1.06611,0,0
025040107410003168d2a000a00000e2,2,3,48,322,265,732,590,1.06611,0,0
025040107410003168d2a000a00000e2,2,3,49,322,265,732,590,1.06611,0,0
025040107410003168d2a000a00000e2,2,3,50,322,265,732,590,1.06611,0,0
025040107410003168d2a000a00000e2,2,3,51,322,265,732,590,1.06611,0,0
025040107410003168d2a000a00000e2,2,3,52,322,265,732,590,1.06611,0,0
025040107410003168d2a000a00000e2,2,3,53,322,265,732,590,1.06611,0,0
025040107410003168d2a000a00000e2,2,3,54,322,265,732,590,1.06611,0,0
025040107410003168d2a000a00000e2,2,3,55,322,265,732,590,1.06611,0,0
025040107410003168d2a000a00000e2,2,3,56,322,265,732,590,1.06611,0,0
025040107410003168d2a000a00000e2,2,3,57,322,265,732,590,1.06611,0,0
025040107410003168d2a000a00000e2,2,3,58,322,265,732,590,1.06611,0,0
025040107410003168d2a000a00000e2,2,3,59,322,265,732,590,1.06611,0,0
025040107410003168d2a000a00000e2,2,3,60,322,265,732,590,1.06611,0,0
025040107410003168d2a000a00000e2,2,3,61,322,265,732,590,1.06611,0,0
025040107410003168d2a000a00000e2,2,3,62,322,265,732,590,1.06611,0,0
025040107410003168d2a000a00000e2,2,3,63,322,265,732,590,1.06611,0,0
025040107410003168d2a000a00000e2,2,3,0,322,265,733,591,1.08233,0,0
025040107410003168d2a000a00000e2,2,3,1,322,265,733,591,1.08233,0,0
025040107410003168d2a000a00000e2,2,3,2,322,265,733,591,1.08233,0,0
025040107410003168d2a000a00000e2,2,3,3,322,265,733,591,1.08233,0,0
025040107410003168d2a000a00000e2,2,3,4,322,265,733,591,1.08233,0,0
025040107410003168d2a000a00000e2,2,3,5,322,265,733,591,1.08233,0,0
025040107410003168d2a000a00000e2,2,3,6,322,265,733,591,1.08233,0,0
025040107410003168d2a000a00000e2,2,3,7,322,265,733,591,1.08233,0,0
025040107410003168d2a000a00000e2,2,3,8,322,265,733,591,1.08233,0,0
025040107410003168d2a000a00000e2,2,3,9,322,265,733,591,1.08233,0,0
025040107410003168d2a000a00000e2,2,3,10,322,265,733,591,1.08233,0,0
025040107410003168d2a000a00000e2,2,3,11,322,265,733,591,1.08233,0,0
025040107410003168d2a000a00000e2,2,3,12,322,265,733,591,1.08233,0,0
025040107410003168d2a000a00000e2,2,3,13,322,265,733,591,1.08233,0,0
025040107410003168d2a000a00000e2,2,3,14,322,265,733,591,1.08233,0,0
025040107410003168d2a000a00000e2,2,3,15,322,265,733,591,1.08233,0,0
025040107410003168d2a000a00000e2,2,3,16,322,265,733,591,1.08233,0,0
025040107410003168d2a000a00000e2,2,3,17,322,265,733,591,1.08233,0,0
025040107410003168d2a000a00000e2,2,3,18,322,265,733,591,1.08233,0,0
025040107410003168d2a000a00000e2,2,3,19,322,265,733,591,1.08233,0,0
025040107410003168d2a000a00000e2,2,3,20,322,265,733,591,1.08233,0,0
025040107410003168d2a000a00000e2,2,3,21,322,265,733,591,1.08233,0,0
025040107410003168d2a000a00000e2,2,3,22,322,265,733,591,1.08233,0,0
025040107410003168d2a000a00000e2,2,3,23,322,265,733,591,1.08233,0,0
025040107410003168d2a000a00000e2,2,3,24,322,265,733,591,1.08233,0,0
025040107410003168d2a000a00000e2,2,3,25,322,265,733,591,1.08233,0,0
025040107410003168d2a000a00000e2,2,3,26,322,265,733,591,1.08233,0,0
025040107410003168d2a000a00000e2,2,3,27,322,265,733,591,1.08233,0,0
025040107410003168d2a000a00000e2,2,3,28,322,265,733,591,1.08233,0,0
025040107410003168d2a000a00000e2,2,3,29,322,265,733,591,1.08233,0,0
025040107410003168d2a000a00000e2,2,3,30,322,265,733,591,1.08233,0,0
025040107410003168d2a000a00000e2,2,3,31,322,265,733,591,1.08233,0,0
025040107410003168d2a000a00000e2,2,3,32,322,265,733,591,1.08233,0,0
025040107410003168d2a000a00000e2,2,3,33,322,265,733,591,1.08233,0,0
025040107410003168d2a000a00000e2,2,3,34,322,265,733,591,1.08233,0,0
025040107410003168d2a000a00000e2,2,3,35,322,265,733,591,1.08233,0,0
025040107410003168d2a000a00000e2,2,3,36,322,265,733,591,1.08233,0,0
025040107410003168d2a000a00000e2,2,3,37,322,265,733,591,1.08233,0,0
025040107410003168d2a000a00000e2,2,3,38,322,265,733,591,1.08233,0,0
025040107410003168d2a000a00000e2,2,3,39,322,265,733,591,1.08233,0,0
025040107410003168d2a000a00000e2,2,3,40,322,265,733,591,1.08233,0,0
025040107410003168d2a000a00000e2,2,3,41,322,265,733,591,1.08233,0,0
025040107410003168d2a000a00000e2,2,3,42,322,265,733,591,1.08233,0,0
025040107410003168d2a000a00000e2,2,3,43,322,265,733,591,1.08233,0,0
025040107410003168d2a000a00000e2,2,3,44,322,265,733,591,1.08233,0,0
025040107410003168d2a000a00000e2,2,3,45,322,265,733,591,1.08233,0,0
025040107410003168d2a000a00000e2,2,3,46,322,265,733,591,1.08233,0,0
025040107410003168d2a000a00000e2,2,3,47,322,265,733,591,1.08233,0,0
025040107410003168d2a000a00000e2,2,3,48,322,265,733,591,1.08233,0,0
025040107410003168d2a000a00000e2,2,3,49,322,265,733,591,1.08233,0,0
025040107410003168d2a000a00000e2,2,3,50,322,265,733,591,1.08233,0,0
025040107410003168d2a000a00000e2,2,3,51,322,265,733,591,1.08233,0,0
025040107410003168d2a000a00000e2,2,3,52,322,265,733,591,1.08233,0,0
025040107410003168d2a000a00000e2,2,3,53,322,265,733,591,1.08233,0,0
025040107410003168d2a000a00000e2,2,3,54,322,265,733,591,1.08233,0,0
025040107410003168d2a000a00000e2,2,3,55,322,265,733,591,1.08233,0,0
025040107410003168d2a000a00000e2,2,3,56,322,265,733,591,1.08233,0,0
025040107410003168d2a000a00000e2,2,3,57,322,265,733,591,1.08233,0,0
025040107410003168d2a000a00000e2,2,3,58,322,265,733,591,1.08233,0,0
025040107410003168d2a000a00000e2,2,3,59,322,265,733,591,1.08233,0,0
025040107410003168d2a000a00000e2,2,3,60,322,265,733,591,1.08233,0,0
025040107410003168d2a000a00000e2,2,3,61,322,265,733,591,1.08233,0,0
025040107410003168d2a000a00000e2,2,3,62,322,265,733,591,1.08233,0,0
025040107410003168d2a000a00000e2,2,3,63,322,265,733,591,1.08233,0,0
025040107410003168d2a000a00000e2,2,3,0,322,265,734,592,1.08528,0,0
025040107410003168d2a000a00000e2,2,3,1,322,265,734,592,1.08528,0,0
025040107410003168d2a000a00000e2,2,3,2,322,265,734,592,1.08528,0,0
025040107410003168d2a000a00000e2,2,3,3,322,265,734,592,1.08528,0,0
025040107410003168d2a000a00000e2,2,3,4,322,265,734,592,1.08528,0,0
025040107410003168d2a000a00000e2,2,3,5,322,265,734,592,1.08528,0,0
025040107410003168d2a000a00000e2,2,3,6,322,265,734,592,1.08528,0,0
025040107410003168d2a000a00000e2,2,3,7,322,265,734,592,1.08528,0,0
025040107410003168d2a000a00000e2,2,3,8,322,265,734,592,1.08528,0,0
025040107410003168d2a000a00000e2,2,3,9,322,265,734,592,1.08528,0,0
025040107410003168d2a000a00000e2,2,3,10,322,265,734,592,1.08528,0,0
025040107410003168d2a000a00000e2,2,3,11,322,265,734,592,1.08528,0,0
025040107410003168d2a000a00000e2,2,3,12,322,265,734,592,1.08528,0,0
025040107410003168d2a000a00000e2,2,3,13,322,265,734,592,1.08528,0,0
025040107410003168d2a000a00000e2,2,3,14,322,265,734,592,1.08528,0,0
025040107410003168d2a000a00000e2,2,3,15,322,265,734,592,1.08528,0,0
025040107410003168d2a000a00000e2,2,3,16,322,265,734,592,1.08528,0,0
025040107410003168d2a000a00000e2,2,3,17,322,265,734,592,1.08528,0,0
025040107410003168d2a000a00000e2,2,3,18,322,265,734,592,1.08528,0,0
025040107410003168d2a000a00000e2,2,3,19,322,265,734,592,1.08528,0,0
025040107410003168d2a000a00000e2,2,3,20,322,265,734,592,1.08528,0,0
025040107410003168d2a000a00000e2,2,3,21,322,265,734,592,1.08528,0,0
025040107410003168d2a000a00000e2,2,3,22,322,265,734,592,1.08528,0,0
025040107410003168d2a000a00000e2,2,3,23,322,265,734,592,1.08528,0,0
025040107410003168d2a000a00000e2,2,3,24,322,265,734,592,1.08528,0,0
025040107410003168d2a000a00000e2,2,3,25,322,265,734,592,1.08528,0,0
025040107410003168d2a000a00000e2,2,3,26,322,265,734,592,1.08528,0,0
025040107410003168d2a000a00000e2,2,3,27,322,265,734,592,1.08528,0,0
025040107410003168d2a000a00000e2,2,3,28,322,265,734,592,1.08528,0,0
025040107410003168d2a000a00000e2,2,3,29,322,265,734,592,1.08528,0,0
025040107410003168d2a000a00000e2,2,3,30,322,265,734,592,1.08528,0,0
025040107410003168d2a000a00000e2,2,3,31,322,265,734,592,1.08528,0,0
025040107410003168d2a000a00000e2,2,3,32,322,265,734,592,1.08528,0,0
025040107410003168d2a000a00000e2,2,3,33,322,265,734,592,1.08528,0,0
025040107410003168d2a000a00000e2,2,3,34,322,265,734,592,1.08528,0,0
025040107410003168d2a000a00000e2,2,3,35,322,265,734,592,1.08528,0,0
025040107410003168d2a000a00000e2,2,3,36,322,265,734,592,1.08528,0,0
025040107410003168d2a000a00000e2,2,3,37,322,265,734,592,1.08528,0,0
025040107410003168d2a000a00000e2,2,3,38,322,265,734,592,1.08528,0,0
025040107410003168d2a000a00000e2,2,3,39,322,265,734,592,1.08528,0,0
025040107410003168d2a000a00000e2,2,3,40,322,265,734,592,1.08528,0,0
025040107410003168d2a000a00000e2,2,3,41,322,265,734,592,1.08528,0,0
025040107410003168d2a000a00000e2,2,3,42,322,265,734,592,1.08528,0,0
025040107410003168d2a000a00000e2,2,3,43,322,265,734,592,1.08528,0,0
025040107410003168d2a000a00000e2,2,3,44,322,265,734,592,1.08528,0,0
025040107410003168d2a000a00000e2,2,3,45,322,265,734,592,1.08528,0,0
025040107410003168d2a000a00000e2,2,3,46,322,265,734,592,1.08528,0,0
025040107410003168d2a000a00000e2,2,3,47,322,265,734,592,1.08528,0,0
025040107410003168d2a000a00000e2,2,3,48,322,265,734,592,1.08528,0,0
025040107410003168d2a000a00000e2,2,3,49,322,265,734,592,1.08528,0,0
025040107410003168d2a000a00000e2,2,3,50,322,265,734,592,1.08528,0,0
025040107410003168d2a000a00000e2,2,3,51,322,265,734,592,1.08528,0,0
025040107410003168d2a000a00000e2,2,3,52,322,265,734,592,1.08528,0,0
025040107410003168d2a000a00000e2,2,3,53,322,265,734,592,1.08528,0,0
025040107410003168d2a000a00000e2,2,3,54,322,265,734,592,1.08528,0,0
025040107410003168d2a000a00000e2,2,3,55,322,265,734,592,1.08528,0,0
025040107410003168d2a000a00000e2,2,3,56,322,265,734,592,1.08528,0,0
025040107410003168d2a000a00000e2,2,3,57,322,265,734,592,1.08528,0,0
025040107410003168d2a000a00000e2,2,3,58,322,265,734,592,1.08528,0,0
025040107410003168d2a000a00000e2,2,3,59,322,265,734,592,1.08528,0,0
025040107410003168d2a000a00000e2,2,3,60,322,265,734,592,1.08528,0,0
025040107410003168d2a000a00000e2,2,3,61,322,265,734,592,1.08528,0,0
025040107410003168d2a000a00000e2,2,3,62,322,265,734,592,1.08528,0,0
025040107410003168d2a000a00000e2,2,3,63,322,265,734,592,1.08528,0,0
025040107410003168d2a000a00000e2,2,3,0,322,265,735,593,1.08528,0,0
025040107410003168d2a000a00000e2,2,3,1,322,265,735,593,1.08528,0,0
025040107410003168d2a000a00000e2,2,3,2,322,265,735,593,1.08528,0,0
025040107410003168d2a000a00000e2,2,3,3,322,265,735,593,1.08528,0,0
025040107410003168d2a000a00000e2,2,3,4,322,265,735,593,1.08528,0,0
025040107410003168d2a000a00000e2,2,3,5,322,265,735,593,1.08528,0,0
025040107410003168d2a000a00000e2,2,3,6,322,265,735,593,1.08528,0,0
025040107410003168d2a000a00000e2,2,3,7,322,265,735,593,1.08528,0,0
025040107410003168d2a000a00000e2,2,3,8,322,265,735,593,1.08528,0,0
025040107410003168d2a000a00000e2,2,3,9,322,265,735,593,1.08528,0,0
025040107410003168d2a000a00000e2,2,3,10,322,265,735,593,1.08528,0,0
025040107410003168d2a000a00000e2,2,3,11,322,265,735,593,1.08528,0,0
025040107410003168d2a000a00000e2,2,3,12,322,265,735,593,1.08528,0,0
025040107410003168d2a000a00000e2,2,3,13,322,265,735,593,1.08528,0,0
025040107410003168d2a000a00000e2,2,3,14,322,265,735,593,1.08528,0,0
025040107410003168d2a000a00000e2,2,3,15,322,265,735,593,1.08528,0,0
025040107410003168d2a000a00000e2,2,3,16,322,265,735,593,1.08528,0,0
025040107410003168d2a000a00000e2,2,3,17,322,265,735,593,1.08528,0,0
025040107410003168d2a000a00000e2,2,3,18,322,265,735,593,1.08528,0,0
025040107410003168d2a000a00000e2,2,3,19,322,265,735,593,1.08528,0,0
025040107410003168d2a000a00000e2,2,3,20,322,265,735,593,1.08528,0,0
025040107410003168d2a000a00000e2,2,3,21,322,265,735,593,1.08528,0,0
025040107410003168d2a000a00000e2,2,3,22,322,265,735,593,1.08528,0,0
025040107410003168d2a000a00000e2,2,3,23,322,265,735,593,1.08528,0,0
025040107410003168d2a000a00000e2,2,3,24,322,265,735,593,1.08528,0,0
025040107410003168d2a000a00000e2,2,3,25,322,265,735,593,1.08528,0,0
025040107410003168d2a000a00000e2,2,3,26,322,265,735,593,1.08528,0,0
025040107410003168d2a000a00000e2,2,3,27,322,265,735,593,1.08528,0,0
025040107410003168d2a000a00000e2,2,3,28,322,265,735,593,1.08528,0,0
025040107410003168d2a000a00000e2,2,3,29,322,265,735,593,1.08528,0,0
025040107410003168d2a000a00000e2,2,3,30,322,265,735,593,1.08528,0,0
025040107410003168d2a000a00000e2,2,3,31,322,265,735,593,1.08528,0,0
025040107410003168d2a000a00000e2,2,3,32,322,265,735,593,1.08528,0,0
025040107410003168d2a000a00000e2,2,3,33,322,265,735,593,1.08528,0,0
025040107410003168d2a000a00000e2,2,3,34,322,265,735,593,1.08528,0,0
025040107410003168d2a000a00000e2,2,3,35,322,265,735,593,1.08528,0,0
025040107410003168d2a000a00000e2,2,3,36,322,265,735,593,1.08528,0,0
025040107410003168d2a000a00000e2,2,3,37,322,265,735,593,1.08528,0,0
025040107410003168d2a000a00000e2,2,3,38,322,265,735,593,1.08528,0,0
025040107410003168d2a000a00000e2,2,3,39,322,265,735,593,1.08528,0,0
025040107410003168d2a000a00000e2,2,3,40,322,265,735,593,1.08528,0,0
025040107410003168d2a000a00000e2,2,3,41,322,265,735,593,1.08528,0,0
025040107410003168d2a000a00000e2,2,3,42,322,265,735,593,1.08528,0,0
025040107410003168d2a000a00000e2,2,3,43,322,265,735,593,1.08528,0,0
025040107410003168d2a000a00000e2,2,3,44,322,265,735,593,1.08528,0,0
025040107410003168d2a000a00000e2,2,3,45,322,265,735,593,1.08528,0,0
025040107410003168d2a000a00000e2,2,3,46,322,265,735,593,1.08528,0,0
025040107410003168d2a000a00000e2,2,3,47,322,265,735,593,1.08528,0,0
025040107410003168d2a000a00000e2,2,3,48,322,265,735,593,1.08528,0,0
025040107410003168d2a000a00000e2,2,3,49,322,265,735,593,1.08528,0,0
025040107410003168d2a000a00000e2,2,3,50,322,265,735,593,1.08528,0,0
025040107410003168d2a000a00000e2,2,3,51,322,265,735,593,1.08528,0,0
025040107410003168d2a000a00000e2,2,3,52,322,265,735,593,1.08528,0,0
025040107410003168d2a000a00000e2,2,3,53,322,265,735,593,1.08528,0,0
025040107410003168d2a000a00000e2,2,3,54,322,265,735,593,1.08528,0,0
025040107410003168d2a000a00000e2,2,3,55,322,265,735,593,1.08528,0,0
025040107410003168d2a000a00000e2,2,3,56,322,265,735,593,1.08528,0,0
025040107410003168d2a000a00000e2,2,3,57,322,265,735,593,1.08528,0,0
025040107410003168d2a000a00000e2,2,3,58,322,265,735,593,1.08528,0,0
025040107410003168d2a000a00000e2,2,3,59,322,265,735,593,1.08528,0,0
025040107410003168d2a000a00000e2,2,3,60,322,265,735,593,1.08528,0,0
025040107410003168d2a000a00000e2,2,3,61,322,265,735,593,1.08528,0,0
025040107410003168d2a000a00000e2,2,3,62,322,265,735,593,1.08528,0,0
025040107410003168d2a000a00000e2,2,3,63,322,265,735,593,1.08528,0,0
025040107410003168d2a000a00000e2,2,3,0,322,265,736,593,1.08675,0,0
025040107410003168d2a000a00000e2,2,3,1,322,265,736,593,1.08675,0,0
025040107410003168d2a000a00000e2,2,3,2,322,265,736,593,1.08675,0,0
025040107410003168d2a000a00000e2,2,3,3,322,265,736,593,1.08675,0,0
025040107410003168d2a000a00000e2,2,3,4,322,265,736,593,1.08675,0,0
025040107410003168d2a000a00000e2,2,3,5,322,265,736,593,1.08675,0,0
025040107410003168d2a000a00000e2,2,3,6,322,265,736,593,1.08675,0,0
025040107410003168d2a000a00000e2,2,3,7,322,265,736,593,1.08675,0,0
025040107410003168d2a000a00000e2,2,3,8,322,265,736,593,1.08675,0,0
025040107410003168d2a000a00000e2,2,3,9,322,265,736,593,1.08675,0,0
025040107410003168d2a000a00000e2,2,3,10,322,265,736,593,1.08675,0,0
025040107410003168d2a000a00000e2,2,3,11,322,265,736,593,1.08675,0,0
025040107410003168d2a000a00000e2,2,3,12,322,265,736,593,1.08675,0,0
025040107410003168d2a000a00000e2,2,3,13,322,265,736,593,1.08675,0,0
025040107410003168d2a000a00000e2,2,3,14,322,265,736,593,1.08675,0,0
025040107410003168d2a000a00000e2,2,3,15,322,265,736,593,1.08675,0,0
025040107410003168d2a000a00000e2,2,3,16,322,265,736,593,1.08675,0,0
025040107410003168d2a000a00000e2,2,3,17,322,265,736,593,1.08675,0,0
025040107410003168d2a000a00000e2,2,3,18,322,265,736,593,1.08675,0,0
025040107410003168d2a000a00000e2,2,3,19,322,265,736,593,1.08675,0,0
025040107410003168d2a000a00000e2,2,3,20,322,265,736,593,1.08675,0,0
025040107410003168d2a000a00000e2,2,3,21,322,265,736,593,1.08675,0,0
025040107410003168d2a000a00000e2,2,3,22,322,265,736,593,1.08675,0,0
025040107410003168d2a000a00000e2,2,3,23,322,265,736,593,1.08675,0,0
025040107410003168d2a000a00000e2,2,3,24,322,265,736,593,1.08675,0,0
025040107410003168d2a000a00000e2,2,3,25,322,265,736,593,1.08675,0,0
025040107410003168d2a000a00000e2,2,3,26,322,265,736,593,1.08675,0,0
025040107410003168d2a000a00000e2,2,3,27,322,265,736,593,1.08675,0,0
025040107410003168d2a000a00000e2,2,3,28,322,265,736,593,1.08675,0,0
025040107410003168d2a000a00000e2,2,3,29,322,265,736,593,1.08675,0,0
025040107410003168d2a000a00000e2,2,3,30,322,265,736,593,1.08675,0,0
025040107410003168d2a000a00000e2,2,3,31,322,265,736,593,1.08675,0,0
025040107410003168d2a000a00000e2,2,3,32,322,265,736,593,1.08675,0,0
025040107410003168d2a000a00000e2,2,3,33,322,265,736,593,1.08675,0,0
025040107410003168d2a000a00000e2,2,3,34,322,265,736,593,1.08675,0,0
025040107410003168d2a000a00000e2,2,3,35,322,265,736,593,1.08675,0,0
025040107410003168d2a000a00000e2,2,3,36,322,265,736,593,1.08675,0,0
025040107410003168d2a000a00000e2,2,3,37,322,265,736,593,1.08675,0,0
025040107410003168d2a000a00000e2,2,3,38,322,265,736,593,1.08675,0,0
025040107410003168d2a000a00000e2,2,3,39,322,265,736,593,1.08675,0,0
025040107410003168d2a000a00000e2,2,3,40,322,265,736,593,1.08675,0,0
025040107410003168d2a000a00000e2,2,3,41,322,265,736,593,1.08675,0,0
025040107410003168d2a000a00000e2,2,3,42,322,265,736,593,1.08675,0,0
025040107410003168d2a000a00000e2,2,3,43,322,265,736,593,1.08675,0,0
025040107410003168d2a000a00000e2,2,3,44,322,265,736,593,1.08675,0,0
025040107410003168d2a000a00000e2,2,3,45,322,265,736,593,1.08675,0,0
025040107410003168d2a000a00000e2,2,3,46,322,265,736,593,1.08675,0,0
025040107410003168d2a000a00000e2,2,3,47,322,265,736,593,1.08675,0,0
025040107410003168d2a000a00000e2,2,3,48,322,265,736,593,1.08675,0,0
025040107410003168d2a000a00000e2,2,3,49,322,265,736,593,1.08675,0,0
025040107410003168d2a000a00000e2,2,3,50,322,265,736,593,1.08675,0,0
025040107410003168d2a000a00000e2,2,3,51,322,265,736,593,1.08675,0,0
025040107410003168d2a000a00000e2,2,3,52,322,265,736,593,1.08675,0,0
025040107410003168d2a000a00000e2,2,3,53,322,265,736,593,1.08675,0,0
025040107410003168d2a000a00000e2,2,3,54,322,265,736,593,1.08675,0,0
025040107410003168d2a000a00000e2,2,3,55,322,265,736,593,1.08675,0,0
025040107410003168d2a000a00000e2,2,3,56,322,265,736,593,1.08675,0,0
025040107410003168d2a000a00000e2,2,3,57,322,265,736,593,1.08675,0,0
025040107410003168d2a000a00000e2,2,3,58,322,265,736,593,1.08675,0,0
025040107410003168d2a000a00000e2,2,3,59,322,265,736,593,1.08675,0,0
025040107410003168d2a000a00000e2,2,3,60,322,265,736,593,1.08675,0,0
025040107410003168d2a000a00000e2,2,3,61,322,265,736,593,1.08675,0,0
025040107410003168d2a000a00000e2,2,3,62,322,265,736,593,1.08675,0,0
025040107410003168d2a000a00000e2,2,3,63,322,265,736,593,1.08675,0,0
025040107410003168d2a000a00000e2,2,3,0,322,265,737,594,1.08675,0,0
025040107410003168d2a000a00000e2,2,3,1,322,265,737,594,1.08675,0,0
025040107410003168d2a000a00000e2,2,3,2,322,265,737,594,1.08675,0,0
025040107410003168d2a000a00000e2,2,3,3,322,265,737,594,1.08675,0,0
025040107410003168d2a000a00000e2,2,3,4,322,265,737,594,1.08675,0,0
025040107410003168d2a000a00000e2,2,3,5,322,265,737,594,1.08675,0,0
025040107410003168d2a000a00000e2,2,3,6,322,265,737,594,1.08675,0,0
025040107410003168d2a000a00000e2,2,3,7,322,265,737,594,1.08675,0,0
025040107410003168d2a000a00000e2,2,3,8,322,265,737,594,1.08675,0,0
025040107410003168d2a000a00000e2,2,3,9,322,265,737,594,1.08675,0,0
025040107410003168d2a000a00000e2,2,3,10,322,265,737,594,1.08675,0,0
025040107410003168d2a000a00000e2,2,3,11,322,265,737,594,1.08675,0,0
025040107410003168d2a000a00000e2,2,3,12,322,265,737,594,1.08675,0,0
025040107410003168d2a000a00000e2,2,3,13,322,265,737,594,1.08675,0,0
025040107410003168d2a000a00000e2,2,3,14,322,265,737,594,1.08675,0,0
025040107410003168d2a000a00000e2,2,3,15,322,265,737,594,1.08675,0,0
025040107410003168d2a000a00000e2,2,3,16,322,265,737,594,1.08675,0,0
025040107410003168d2a000a00000e2,2,3,17,322,265,737,594,1.08675,0,0
025040107410003168d2a000a00000e2,2,3,18,322,265,737,594,1.08675,0,0
025040107410003168d2a000a00000e2,2,3,19,322,265,737,594,1.08675,0,0
025040107410003168d2a000a00000e2,2,3,20,322,265,737,594,1.08675,0,0
025040107410003168d2a000a00000e2,2,3,21,322,265,737,594,1.08675,0,0
025040107410003168d2a000a00000e2,2,3,22,322,265,737,594,1.08675,0,0
025040107410003168d2a000a00000e2,2,3,23,322,265,737,594,1.08675,0,0
025040107410003168d2a000a00000e2,2,3,24,322,265,737,594,1.08675,0,0
025040107410003168d2a000a00000e2,2,3,25,322,265,737,594,1.08675,0,0
025040107410003168d2a000a00000e2,2,3,26,322,265,737,594,1.08675,0,0
025040107410003168d2a000a00000e2,2,3,27,322,265,737,594,1.08675,0,0
025040107410003168d2a000a00000e2,2,3,28,322,265,737,594,1.08675,0,0
025040107410003168d2a000a00000e2,2,3,29,322,265,737,594,1.08675,0,0
025040107410003168d2a000a00000e2,2,3,30,322,265,737,594,1.08675,0,0
025040107410003168d2a000a00000e2,2,3,31,322,265,737,594,1.08675,0,0
025040107410003168d2a000a00000e2,2,3,32,322,265,737,594,1.08675,0,0
025040107410003168d2a000a00000e2,2,3,33,322,265,737,594,1.08675,0,0
025040107410003168d2a000a00000e2,2,3,34,322,265,737,594,1.08675,0,0
025040107410003168d2a000a00000e2,2,3,35,322,265,737,594,1.08675,0,0
025040107410003168d2a000a00000e2,2,3,36,322,265,737,594,1.08675,0,0
025040107410003168d2a000a00000e2,2,3,37,322,265,737,594,1.08675,0,0
025040107410003168d2a000a00000e2,2,3,38,322,265,737,594,1.08675,0,0
025040107410003168d2a000a00000e2,2,3,39,322,265,737,594,1.08675,0,0
025040107410003168d2a000a00000e2,2,3,40,322,265,737,594,1.08675,0,0
025040107410003168d2a000a00000e2,2,3,41,322,265,737,594,1.08675,0,0
025040107410003168d2a000a00000e2,2,3,42,322,265,737,594,1.08675,0,0
025040107410003168d2a000a00000e2,2,3,43,322,265,737,594,1.08675,0,0
025040107410003168d2a000a00000e2,2,3,44,322,265,737,594,1.08675,0,0
025040107410003168d2a000a00000e2,2,3,45,322,265,737,594,1.08675,0,0
025040107410003168d2a000a00000e2,2,3,46,322,265,737,594,1.08675,0,0
025040107410003168d2a000a00000e2,2,3,47,322,265,737,594,1.08675,0,0
025040107410003168d2a000a00000e2,2,3,48,322,265,737,594,1.08675,0,0
025040107410003168d2a000a00000e2,2,3,49,322,265,737,594,1.08675,0,0
025040107410003168d2a000a00000e2,2,3,50,322,265,737,594,1.08675,0,0
025040107410003168d2a000a00000e2,2,3,51,322,265,737,594,1.08675,0,0
025040107410003168d2a000a00000e2,2,3,52,322,265,737,594,1.08675,0,0
025040107410003168d2a000a00000e2,2,3,53,322,265,737,594,1.08675,0,0
025040107410003168d2a000a00000e2,2,3,54,322,265,737,594,1.08675,0,0
025040107410003168d2a000a00000e2,2,3,55,322,265,737,594,1.08675,0,0
025040107410003168d2a000a00000e2,2,3,56,322,265,737,594,1.08675,0,0
025040107410003168d2a000a00000e2,2,3,57,322,265,737,594,1.08675,0,0
025040107410003168d2a000a00000e2,2,3,58,322,265,737,594,1.08675,0,0
025040107410003168d2a000a00000e2,2,3,59,322,265,737,594,1.08675,0,0
025040107410003168d2a000a00000e2,2,3,60,322,265,737,594,1.08675,0,0
025040107410003168d2a000a00000e2,2,3,61,322,265,737,594,1.08675,0,0
025040107410003168d2a000a00000e2,2,3,62,322,265,737,594,1.08675,0,0
025040107410003168d2a000a00000e2,2,3,63,322,265,737,594,1.08675,0,0
025040107410003168d2a000a00000e2,2,3,0,322,265,738,595,1.09117,0,0
025040107410003168d2a000a00000e2,2,3,1,322,265,738,595,1.09117,0,0
025040107410003168d2a000a00000e2,2,3,2,322,265,738,595,1.09117,0,0
025040107410003168d2a000a00000e2,2,3,3,322,265,738,595,1.09117,0,0
025040107410003168d2a000a00000e2,2,3,4,322,265,738,595,1.09117,0,0
025040107410003168d2a000a00000e2,2,3,5,322,265,738,595,1.09117,0,0
025040107410003168d2a000a00000e2,2,3,6,322,265,738,595,1.09117,0,0
025040107410003168d2a000a00000e2,2,3,7,322,265,738,595,1.09117,0,0
025040107410003168d2a000a00000e2,2,3,8,322,265,738,595,1.09117,0,0
025040107410003168d2a000a00000e2,2,3,9,322,265,738,595,1.09117,0,0
025040107410003168d2a000a00000e2,2,3,10,322,265,738,595,1.09117,0,0
025040107410003168d2a000a00000e2,2,3,11,322,265,738,595,1.09117,0,0
025040107410003168d2a000a00000e2,2,3,12,322,265,738,595,1.09117,0,0
025040107410003168d2a000a00000e2,2,3,13,322,265,738,595,1.09117,0,0
025040107410003168d2a000a00000e2,2,3,14,322,265,738,595,1.09117,0,0
025040107410003168d2a000a00000e2,2,3,15,322,265,738,595,1.09117,0,0
025040107410003168d2a000a00000e2,2,3,16,322,265,738,595,1.09117,0,0
025040107410003168d2a000a00000e2,2,3,17,322,265,738,595,1.09117,0,0
025040107410003168d2a000a00000e2,2,3,18,322,265,738,595,1.09117,0,0
025040107410003168d2a000a00000e2,2,3,19,322,265,738,595,1.09117,0,0
025040107410003168d2a000a00000e2,2,3,20,322,265,738,595,1.09117,0,0
025040107410003168d2a000a00000e2,2,3,21,322,265,738,595,1.09117,0,0
025040107410003168d2a000a00000e2,2,3,22,322,265,738,595,1.09117,0,0
025040107410003168d2a000a00000e2,2,3,23,322,265,738,595,1.09117,0,0
025040107410003168d2a000a00000e2,2,3,24,322,265,738,595,1.09117,0,0
025040107410003168d2a000a00000e2,2,3,25,322,265,738,595,1.09117,0,0
025040107410003168d2a000a00000e2,2,3,26,322,265,738,595,1.09117,0,0
025040107410003168d2a000a00000e2,2,3,27,322,265,738,595,1.09117,0,0
025040107410003168d2a000a00000e2,2,3,28,322,265,738,595,1.09117,0,0
025040107410003168d2a000a00000e2,2,3,29,322,265,738,595,1.09117,0,0
025040107410003168d2a000a00000e2,2,3,30,322,265,738,595,1.09117,0,0
025040107410003168d2a000a00000e2,2,3,31,322,265,738,595,1.09117,0,0
025040107410003168d2a000a00000e2,2,3,32,322,265,738,595,1.09117,0,0
025040107410003168d2a000a00000e2,2,3,33,322,265,738,595,1.09117,0,0
025040107410003168d2a000a00000e2,2,3,34,322,265,738,595,1.09117,0,0
025040107410003168d2a000a00000e2,2,3,35,322,265,738,595,1.09117,0,0
025040107410003168d2a000a00000e2,2,3,36,322,265,738,595,1.09117,0,0
025040107410003168d2a000a00000e2,2,3,37,322,265,738,595,1.09117,0,0
025040107410003168d2a000a00000e2,2,3,38,322,265,738,595,1.09117,0,0
025040107410003168d2a000a00000e2,2,3,39,322,265,738,595,1.09117,0,0
025040107410003168d2a000a00000e2,2,3,40,322,265,738,595,1.09117,0,0
025040107410003168d2a000a00000e2,2,3,41,322,265,738,595,1.09117,0,0
025040107410003168d2a000a00000e2,2,3,42,322,265,738,595,1.09117,0,0
025040107410003168d2a000a00000e2,2,3,43,322,265,738,595,1.09117,0,0
025040107410003168d2a000a00000e2,2,3,44,322,265,738,595,1.09117,0,0
025040107410003168d2a000a00000e2,2,3,45,322,265,738,595,1.09117,0,0
025040107410003168d2a000a00000e2,2,3,46,322,265,738,595,1.09117,0,0
025040107410003168d2a000a00000e2,2,3,47,322,265,738,595,1.09117,0,0
025040107410003168d2a000a00000e2,2,3,48,322,265,738,595,1.09117,0,0
025040107410003168d2a000a00000e2,2,3,49,322,265,738,595,1.09117,0,0
025040107410003168d2a000a00000e2,2,3,50,322,265,738,595,1.09117,0,0
025040107410003168d2a000a00000e2,2,3,51,322,265,738,595,1.09117,0,0
025040107410003168d2a000a00000e2,2,3,52,322,265,738,595,1.09117,0,0
025040107410003168d2a000a00000e2,2,3,53,322,265,738,595,1.09117,0,0
025040107410003168d2a000a00000e2,2,3,54,322,265,738,595,1.09117,0,0
025040107410003168d2a000a00000e2,2,3,55,322,265,738,595,1.09117,0,0
025040107410003168d2a000a00000e2,2,3,56,322,265,738,595,1.09117,0,0
025040107410003168d2a000a00000e2,2,3,57,322,265,738,595,1.09117,0,0
025040107410003168d2a000a00000e2,2,3,58,322,265,738,595,1.09117,0,0
025040107410003168d2a000a00000e2,2,3,59,322,265,738,595,1.09117,0,0
025040107410003168d2a000a00000e2,2,3,60,322,265,738,595,1.09117,0,0
025040107410003168d2a000a00000e2,2,3,61,322,265,738,595,1.09117,0,0
025040107410003168d2a000a00000e2,2,3,62,322,265,738,595,1.09117,0,0
025040107410003168d2a000a00000e2,2,3,63,322,265,738,595,1.09117,0,0
025040107410003168d2a000a00000e2,2,3,0,322,265,739,596,1.07053,0,0
025040107410003168d2a000a00000e2,2,3,1,322,265,739,596,1.07053,0,0
025040107410003168d2a000a00000e2,2,3,2,322,265,739,596,1.07053,0,0
025040107410003168d2a000a00000e2,2,3,3,322,265,739,596,1.07053,0,0
025040107410003168d2a000a00000e2,2,3,4,322,265,739,596,1.07053,0,0
025040107410003168d2a000a00000e2,2,3,5,322,265,739,596,1.07053,0,0
025040107410003168d2a000a00000e2,2,3,6,322,265,739,596,1.07053,0,0
025040107410003168d2a000a00000e2,2,3,7,322,265,739,596,1.07053,0,0
025040107410003168d2a000a00000e2,2,3,8,322,265,739,596,1.07053,0,0
025040107410003168d2a000a00000e2,2,3,9,322,265,739,596,1.07053,0,0
025040107410003168d2a000a00000e2,2,3,10,322,265,739,596,1.07053,0,0
025040107410003168d2a000a00000e2,2,3,11,322,265,739,596,1.07053,0,0
025040107410003168d2a000a00000e2,2,3,12,322,265,739,596,1.07053,0,0
025040107410003168d2a000a00000e2,2,3,13,322,265,739,596,1.07053,0,0
025040107410003168d2a000a00000e2,2,3,14,322,265,739,596,1.07053,0,0
025040107410003168d2a000a00000e2,2,3,15,322,265,739,596,1.07053,0,0
025040107410003168d2a000a00000e2,2,3,16,322,265,739,596,1.07053,0,0
025040107410003168d2a000a00000e2,2,3,17,322,265,739,596,1.07053,0,0
025040107410003168d2a000a00000e2,2,3,18,322,265,739,596,1.07053,0,0
025040107410003168d2a000a00000e2,2,3,19,322,265,739,596,1.07053,0,0
025040107410003168d2a000a00000e2,2,3,20,322,265,739,596,1.07053,0,0
025040107410003168d2a000a00000e2,2,3,21,322,265,739,596,1.07053,0,0
025040107410003168d2a000a00000e2,2,3,22,322,265,739,596,1.07053,0,0
025040107410003168d2a000a00000e2,2,3,23,322,265,739,596,1.07053,0,0
025040107410003168d2a000a00000e2,2,3,24,322,265,739,596,1.07053,0,0
025040107410003168d2a000a00000e2,2,3,25,322,265,739,596,1.07053,0,0
025040107410003168d2a000a00000e2,2,3,26,322,265,739,596,1.07053,0,0
025040107410003168d2a000a00000e2,2,3,27,322,265,739,596,1.07053,0,0
025040107410003168d2a000a00000e2,2,3,28,322,265,739,596,1.07053,0,0
025040107410003168d2a000a00000e2,2,3,29,322,265,739,596,1.07053,0,0
025040107410003168d2a000a00000e2,2,3,30,322,265,739,596,1.07053,0,0
025040107410003168d2a000a00000e2,2,3,31,322,265,739,596,1.07053,0,0
025040107410003168d2a000a00000e2,2,3,32,322,265,739,596,1.07053,0,0
025040107410003168d2a000a00000e2,2,3,33,322,265,739,596,1.07053,0,0
025040107410003168d2a000a00000e2,2,3,34,322,265,739,596,1.07053,0,0
025040107410003168d2a000a00000e2,2,3,35,322,265,739,596,1.07053,0,0
025040107410003168d2a000a00000e2,2,3,36,322,265,739,596,1.07053,0,0
025040107410003168d2a000a00000e2,2,3,37,322,265,739,596,1.07053,0,0
025040107410003168d2a000a00000e2,2,3,38,322,265,739,596,1.07053,0,0
025040107410003168d2a000a00000e2,2,3,39,322,265,739,596,1.07053,0,0
025040107410003168d2a000a00000e2,2,3,40,322,265,739,596,1.07053,0,0
025040107410003168d2a000a00000e2,2,3,41,322,265,739,596,1.07053,0,0
025040107410003168d2a000a00000e2,2,3,42,322,265,739,596,1.07053,0,0
025040107410003168d2a000a00000e2,2,3,43,322,265,739,596,1.07053,0,0
025040107410003168d2a000a00000e2,2,3,44,322,265,739,596,1.07053,0,0
025040107410003168d2a000a00000e2,2,3,45,322,265,739,596,1.07053,0,0
025040107410003168d2a000a00000e2,2,3,46,322,265,739,596,1.07053,0,0
025040107410003168d2a000a00000e2,2,3,47,322,265,739,596,1.07053,0,0
025040107410003168d2a000a00000e2,2,3,48,322,265,739,596,1.07053,0,0
025040107410003168d2a000a00000e2,2,3,49,322,265,739,596,1.07053,0,0
025040107410003168d2a000a00000e2,2,3,50,322,265,739,596,1.07053,0,0
025040107410003168d2a000a00000e2,2,3,51,322,265,739,596,1.07053,0,0
025040107410003168d2a000a00000e2,2,3,52,322,265,739,596,1.07053,0,0
025040107410003168d2a000a00000e2,2,3,53,322,265,739,596,1.07053,0,0
025040107410003168d2a000a00000e2,2,3,54,322,265,739,596,1.07053,0,0
025040107410003168d2a000a00000e2,2,3,55,322,265,739,596,1.07053,0,0
025040107410003168d2a000a00000e2,2,3,56,322,265,739,596,1.07053,0,0
025040107410003168d2a000a00000e2,2,3,57,322,265,739,596,1.07053,0,0
025040107410003168d2a000a00000e2,2,3,58,322,265,739,596,1.07053,0,0
025040107410003168d2a000a00000e2,2,3,59,322,265,739,596,1.07053,0,0
025040107410003168d2a000a00000e2,2,3,60,322,265,739,596,1.07053,0,0
025040107410003168d2a000a00000e2,2,3,61,322,265,739,596,1.07053,0,0
025040107410003168d2a000a00000e2,2,3,62,322,265,739,596,1.07053,0,0
025040107410003168d2a000a00000e2,2,3,63,322,265,739,596,1.07053,0,0
025040107410003168d2a000a00000e2,2,3,0,322,265,740,596,1.09707,0,0
025040107410003168d2a000a00000e2,2,3,1,322,265,740,596,1.09707,0,0
025040107410003168d2a000a00000e2,2,3,2,322,265,740,596,1.09707,0,0
025040107410003168d2a000a00000e2,2,3,3,322,265,740,596,1.09707,0,0
025040107410003168d2a000a00000e2,2,3,4,322,265,740,596,1.09707,0,0
025040107410003168d2a000a00000e2,2,3,5,322,265,740,596,1.09707,0,0
025040107410003168d2a000a00000e2,2,3,6,322,265,740,596,1.09707,0,0
025040107410003168d2a000a00000e2,2,3,7,322,265,740,596,1.09707,0,0
025040107410003168d2a000a00000e2,2,3,8,322,265,740,596,1.09707,0,0
025040107410003168d2a000a00000e2,2,3,9,322,265,740,596,1.09707,0,0
025040107410003168d2a000a00000e2,2,3,10,322,265,740,596,1.09707,0,0
025040107410003168d2a000a00000e2,2,3,11,322,265,740,596,1.09707,0,0
025040107410003168d2a000a00000e2,2,3,12,322,265,740,596,1.09707,0,0
025040107410003168d2a000a00000e2,2,3,13,322,265,740,596,1.09707,0,0
025040107410003168d2a000a00000e2,2,3,14,322,265,740,596,1.09707,0,0
025040107410003168d2a000a00000e2,2,3,15,322,265,740,596,1.09707,0,0
025040107410003168d2a000a00000e2,2,3,16,322,265,740,596,1.09707,0,0
025040107410003168d2a000a00000e2,2,3,17,322,265,740,596,1.09707,0,0
025040107410003168d2a000a00000e2,2,3,18,322,265,740,596,1.09707,0,0
025040107410003168d2a000a00000e2,2,3,19,322,265,740,596,1.09707,0,0
025040107410003168d2a000a00000e2,2,3,20,322,265,740,596,1.09707,0,0
025040107410003168d2a000a00000e2,2,3,21,322,265,740,596,1.09707,0,0
025040107410003168d2a000a00000e2,2,3,22,322,265,740,596,1.09707,0,0
025040107410003168d2a000a00000e2,2,3,23,322,265,740,596,1.09707,0,0
025040107410003168d2a000a00000e2,2,3,24,322,265,740,596,1.09707,0,0
025040107410003168d2a000a00000e2,2,3,25,322,265,740,596,1.09707,0,0
025040107410003168d2a000a00000e2,2,3,26,322,265,740,596,1.09707,0,0
025040107410003168d2a000a00000e2,2,3,27,322,265,740,596,1.09707,0,0
025040107410003168d2a000a00000e2,2,3,28,322,265,740,596,1.09707,0,0
025040107410003168d2a000a00000e2,2,3,29,322,265,740,596,1.09707,0,0
025040107410003168d2a000a00000e2,2,3,30,322,265,740,596,1.09707,0,0
025040107410003168d2a000a00000e2,2,3,31,322,265,740,596,1.09707,0,0
025040107410003168d2a000a00000e2,2,3,32,322,265,740,596,1.09707,0,0
025040107410003168d2a000a00000e2,2,3,33,322,265,740,596,1.09707,0,0
025040107410003168d2a000a00000e2,2,3,34,322,265,740,596,1.09707,0,0
025040107410003168d2a000a00000e2,2,3,35,322,265,740,596,1.09707,0,0
025040107410003168d2a000a00000e2,2,3,36,322,265,740,596,1.09707,0,0
025040107410003168d2a000a00000e2,2,3,37,322,265,740,596,1.09707,0,0
025040107410003168d2a000a00000e2,2,3,38,322,265,740,596,1.09707,0,0
025040107410003168d2a000a00000e2,2,3,39,322,265,740,596,1.09707,0,0
025040107410003168d2a000a00000e2,2,3,40,322,265,740,596,1.09707,0,0
025040107410003168d2a000a00000e2,2,3,41,322,265,740,596,1.09707,0,0
025040107410003168d2a000a00000e2,2,3,42,322,265,740,596,1.09707,0,0
025040107410003168d2a000a00000e2,2,3,43,322,265,740,596,1.09707,0,0
025040107410003168d2a000a00000e2,2,3,44,322,265,740,596,1.09707,0,0
025040107410003168d2a000a00000e2,2,3,45,322,265,740,596,1.09707,0,0
025040107410003168d2a000a00000e2,2,3,46,322,265,740,596,1.09707,0,0
025040107410003168d2a000a00000e2,2,3,47,322,265,740,596,1.09707,0,0
025040107410003168d2a000a00000e2,2,3,48,322,265,740,596,1.09707,0,0
025040107410003168d2a000a00000e2,2,3,49,322,265,740,596,1.09707,0,0
025040107410003168d2a000a00000e2,2,3,50,322,265,740,596,1.09707,0,0
025040107410003168d2a000a00000e2,2,3,51,322,265,740,596,1.09707,0,0
025040107410003168d2a000a00000e2,2,3,52,322,265,740,596,1.09707,0,0
025040107410003168d2a000a00000e2,2,3,53,322,265,740,596,1.09707,0,0
025040107410003168d2a000a00000e2,2,3,54,322,265,740,596,1.09707,0,0
025040107410003168d2a000a00000e2,2,3,55,322,265,740,596,1.09707,0,0
025040107410003168d2a000a00000e2,2,3,56,322,265,740,596,1.09707,0,0
025040107410003168d2a000a00000e2,2,3,57,322,265,740,596,1.09707,0,0
025040107410003168d2a000a00000e2,2,3,58,322,265,740,596,1.09707,0,0
025040107410003168d2a000a00000e2,2,3,59,322,265,740,596,1.09707,0,0
025040107410003168d2a000a00000e2,2,3,60,322,265,740,596,1.09707,0,0
025040107410003168d2a000a00000e2,2,3,61,322,265,740,596,1.09707,0,0
025040107410003168d2a000a00000e2,2,3,62,322,265,740,596,1.09707,0,0
025040107410003168d2a000a00000e2,2,3,63,322,265,740,596,1.09707,0,0
025040107410003168d2a000a00000e2,2,3,0,322,265,741,597,1.0897,0,0
025040107410003168d2a000a00000e2,2,3,1,322,265,741,597,1.0897,0,0
025040107410003168d2a000a00000e2,2,3,2,322,265,741,597,1.0897,0,0
025040107410003168d2a000a00000e2,2,3,3,322,265,741,597,1.0897,0,0
025040107410003168d2a000a00000e2,2,3,4,322,265,741,597,1.0897,0,0
025040107410003168d2a000a00000e2,2,3,5,322,265,741,597,1.0897,0,0
025040107410003168d2a000a00000e2,2,3,6,322,265,741,597,1.0897,0,0
025040107410003168d2a000a00000e2,2,3,7,322,265,741,597,1.0897,0,0
025040107410003168d2a000a00000e2,2,3,8,322,265,741,597,1.0897,0,0
025040107410003168d2a000a00000e2,2,3,9,322,265,741,597,1.0897,0,0
025040107410003168d2a000a00000e2,2,3,10,322,265,741,597,1.0897,0,0
025040107410003168d2a000a00000e2,2,3,11,322,265,741,597,1.0897,0,0
025040107410003168d2a000a00000e2,2,3,12,322,265,741,597,1.0897,0,0
025040107410003168d2a000a00000e2,2,3,13,322,265,741,597,1.0897,0,0
025040107410003168d2a000a00000e2,2,3,14,322,265,741,597,1.0897,0,0
025040107410003168d2a000a00000e2,2,3,15,322,265,741,597,1.0897,0,0
025040107410003168d2a000a00000e2,2,3,16,322,265,741,597,1.0897,0,0
025040107410003168d2a000a00000e2,2,3,17,322,265,741,597,1.0897,0,0
025040107410003168d2a000a00000e2,2,3,18,322,265,741,597,1.0897,0,0
025040107410003168d2a000a00000e2,2,3,19,322,265,741,597,1.0897,0,0
025040107410003168d2a000a00000e2,2,3,20,322,265,741,597,1.0897,0,0
025040107410003168d2a000a00000e2,2,3,21,322,265,741,597,1.0897,0,0
025040107410003168d2a000a00000e2,2,3,22,322,265,741,597,1.0897,0,0
025040107410003168d2a000a00000e2,2,3,23,322,265,741,597,1.0897,0,0
025040107410003168d2a000a00000e2,2,3,24,322,265,741,597,1.0897,0,0
025040107410003168d2a000a00000e2,2,3,25,322,265,741,597,1.0897,0,0
025040107410003168d2a000a00000e2,2,3,26,322,265,741,597,1.0897,0,0
025040107410003168d2a000a00000e2,2,3,27,322,265,741,597,1.0897,0,0
025040107410003168d2a000a00000e2,2,3,28,322,265,741,597,1.0897,0,0
025040107410003168d2a000a00000e2,2,3,29,322,265,741,597,1.0897,0,0
025040107410003168d2a000a00000e2,2,3,30,322,265,741,597,1.0897,0,0
025040107410003168d2a000a00000e2,2,3,31,322,265,741,597,1.0897,0,0
025040107410003168d2a000a00000e2,2,3,32,322,265,741,597,1.0897,0,0
025040107410003168d2a000a00000e2,2,3,33,322,265,741,597,1.0897,0,0
025040107410003168d2a000a00000e2,2,3,34,322,265,741,597,1.0897,0,0
025040107410003168d2a000a00000e2,2,3,35,322,265,741,597,1.0897,0,0
025040107410003168d2a000a00000e2,2,3,36,322,265,741,597,1.0897,0,0
025040107410003168d2a000a00000e2,2,3,37,322,265,741,597,1.0897,0,0
025040107410003168d2a000a00000e2,2,3,38,322,265,741,597,1.0897,0,0
025040107410003168d2a000a00000e2,2,3,39,322,265,741,597,1.0897,0,0
025040107410003168d2a000a00000e2,2,3,40,322,265,741,597,1.0897,0,0
025040107410003168d2a000a00000e2,2,3,41,322,265,741,597,1.0897,0,0
025040107410003168d2a000a00000e2,2,3,42,322,265,741,597,1.0897,0,0
025040107410003168d2a000a00000e2,2,3,43,322,265,741,597,1.0897,0,0
025040107410003168d2a000a00000e2,2,3,44,322,265,741,597,1.0897,0,0
025040107410003168d2a000a00000e2,2,3,45,322,265,741,597,1.0897,0,0
025040107410003168d2a000a00000e2,2,3,46,322,265,741,597,1.0897,0,0
025040107410003168d2a000a00000e2,2,3,47,322,265,741,597,1.0897,0,0
025040107410003168d2a000a00000e2,2,3,48,322,265,741,597,1.0897,0,0
025040107410003168d2a000a00000e2,2,3,49,322,265,741,597,1.0897,0,0
025040107410003168d2a000a00000e2,2,3,50,322,265,741,597,1.0897,0,0
025040107410003168d2a000a00000e2,2,3,51,322,265,741,597,1.0897,0,0
025040107410003168d2a000a00000e2,2,3,52,322,265,741,597,1.0897,0,0
025040107410003168d2a000a00000e2,2,3,53,322,265,741,597,1.0897,0,0
025040107410003168d2a000a00000e2,2,3,54,322,265,741,597,1.0897,0,0
025040107410003168d2a000a00000e2,2,3,55,322,265,741,597,1.0897,0,0
025040107410003168d2a000a00000e2,2,3,56,322,265,741,597,1.0897,0,0
025040107410003168d2a000a00000e2,2,3,57,322,265,741,597,1.0897,0,0
025040107410003168d2a000a00000e2,2,3,58,322,265,741,597,1.0897,0,0
025040107410003168d2a000a00000e2,2,3,59,322,265,741,597,1.0897,0,0
025040107410003168d2a000a00000e2,2,3,60,322,265,741,597,1.0897,0,0
025040107410003168d2a000a00000e2,2,3,61,322,265,741,597,1.0897,0,0
025040107410003168d2a000a00000e2,2,3,62,322,265,741,597,1.0897,0,0
025040107410003168d2a000a00000e2,2,3,63,322,265,741,597,1.0897,0,0
025040107410003168d2a000a00000e2,2,3,0,322,265,742,598,1.0838,0,0
025040107410003168d2a000a00000e2,2,3,1,322,265,742,598,1.0838,0,0
025040107410003168d2a000a00000e2,2,3,2,322,265,742,598,1.0838,0,0
025040107410003168d2a000a00000e2,2,3,3,322,265,742,598,1.0838,0,0
025040107410003168d2a000a00000e2,2,3,4,322,265,742,598,1.0838,0,0
025040107410003168d2a000a00000e2,2,3,5,322,265,742,598,1.0838,0,0
025040107410003168d2a000a00000e2,2,3,6,322,265,742,598,1.0838,0,0
025040107410003168d2a000a00000e2,2,3,7,322,265,742,598,1.0838,0,0
025040107410003168d2a000a00000e2,2,3,8,322,265,742,598,1.0838,0,0
025040107410003168d2a000a00000e2,2,3,9,322,265,742,598,1.0838,0,0
025040107410003168d2a000a00000e2,2,3,10,322,265,742,598,1.0838,0,0
025040107410003168d2a000a00000e2,2,3,11,322,265,742,598,1.0838,0,0
025040107410003168d2a000a00000e2,2,3,12,322,265,742,598,1.0838,3,0.00276803
025040107410003168d2a000a00000e2,2,3,13,322,265,742,598,1.0838,0,0
025040107410003168d2a000a00000e2,2,3,14,322,265,742,598,1.0838,0,0
025040107410003168d2a000a00000e2,2,3,15,322,265,742,598,1.0838,0,0
025040107410003168d2a000a00000e2,2,3,16,322,265,742,598,1.0838,2,0.00184536
025040107410003168d2a000a00000e2,2,3,17,322,265,742,598,1.0838,0,0
025040107410003168d2a000a00000e2,2,3,18,322,265,742,598,1.0838,0,0
025040107410003168d2a000a00000e2,2,3,19,322,265,742,598,1.0838,0,0
025040107410003168d2a000a00000e2,2,3,20,322,265,742,598,1.0838,1,0.000922678
025040107410003168d2a000a00000e2,2,3,21,322,265,742,598,1.0838,0,0
025040107410003168d2a000a00000e2,2,3,22,322,265,742,598,1.0838,0,0
025040107410003168d2a000a00000e2,2,3,23,322,265,742,598,1.0838,0,0
025040107410003168d2a000a00000e2,2,3,24,322,265,742,598,1.0838,3,0.00276803
025040107410003168d2a000a00000e2,2,3,25,322,265,742,598,1.0838,0,0
025040107410003168d2a000a00000e2,2,3,26,322,265,742,598,1.0838,0,0
025040107410003168d2a000a00000e2,2,3,27,322,265,742,598,1.0838,0,0
025040107410003168d2a000a00000e2,2,3,28,322,265,742,598,1.0838,0,0
025040107410003168d2a000a00000e2,2,3,29,322,265,742,598,1.0838,0,0
025040107410003168d2a000a00000e2,2,3,30,322,265,742,598,1.0838,3,0.00276803
025040107410003168d2a000a00000e2,2,3,31,322,265,742,598,1.0838,0,0
025040107410003168d2a000a00000e2,2,3,32,322,265,742,598,1.0838,2,0.00184536
025040107410003168d2a000a00000e2,2,3,33,322,265,742,598,1.0838,0,0
025040107410003168d2a000a00000e2,2,3,34,322,265,742,598,1.0838,0,0
025040107410003168d2a000a00000e2,2,3,35,322,265,742,598,1.0838,0,0
025040107410003168d2a000a00000e2,2,3,36,322,265,742,598,1.0838,3,0.00276803
025040107410003168d2a000a00000e2,2,3,37,322,265,742,598,1.0838,0,0
025040107410003168d2a000a00000e2,2,3,38,322,265,742,598,1.0838,1,0.000922678
025040107410003168d2a000a00000e2,2,3,39,322,265,742,598,1.0838,0,0
025040107410003168d2a000a00000e2,2,3,40,322,265,742,598,1.0838,0,0
025040107410003168d2a000a00000e2,2,3,41,322,265,742,598,1.0838,0,0
025040107410003168d2a000a00000e2,2,3,42,322,265,742,598,1.0838,0,0
025040107410003168d2a000a00000e2,2,3,43,322,265,742,598,1.0838,0,0
025040107410003168d2a000a00000e2,2,3,44,322,265,742,598,1.0838,0,0
025040107410003168d2a000a00000e2,2,3,45,322,265,742,598,1.0838,0,0
025040107410003168d2a000a00000e2,2,3,46,322,265,742,598,1.0838,0,0
025040107410003168d2a000a00000e2,2,3,47,322,265,742,598,1.0838,0,0
025040107410003168d2a000a00000e2,2,3,48,322,265,742,598,1.0838,0,0
025040107410003168d2a000a00000e2,2,3,49,322,265,742,598,1.0838,0,0
025040107410003168d2a000a00000e2,2,3,50,322,265,742,598,1.0838,0,0
025040107410003168d2a000a00000e2,2,3,51,322,265,742,598,1.0838,0,0
025040107410003168d2a000a00000e2,2,3,52,322,265,742,598,1.0838,0,0
025040107410003168d2a000a00000e2,2,3,53,322,265,742,598,1.0838,0,0
025040107410003168d2a000a00000e2,2,3,54,322,265,742,598,1.0838,0,0
025040107410003168d2a000a00000e2,2,3,55,322,265,742,598,1.0838,0,0
025040107410003168d2a000a00000e2,2,3,56,322,265,742,598,1.0838,0,0
025040107410003168d2a000a00000e2,2,3,57,322,265,742,598,1.0838,0,0
025040107410003168d2a000a00000e2,2,3,58,322,265,742,598,1.0838,0,0
025040107410003168d2a000a00000e2,2,3,59,322,265,742,598,1.0838,0,0
025040107410003168d2a000a00000e2,2,3,60,322,265,742,598,1.0838,0,0
025040107410003168d2a000a00000e2,2,3,61,322,265,742,598,1.0838,0,0
025040107410003168d2a000a00000e2,2,3,62,322,265,742,598,1.0838,0,0
025040107410003168d2a000a00000e2,2,3,63,322,265,742,598,1.0838,0,0
025040107410003168d2a000a00000e2,2,3,0,322,265,743,599,1.09117,0,0
025040107410003168d2a000a00000e2,2,3,1,322,265,743,599,1.09117,0,0
025040107410003168d2a000a00000e2,2,3,2,322,265,743,599,1.09117,0,0
025040107410003168d2a000a00000e2,2,3,3,322,265,743,599,1.09117,0,0
025040107410003168d2a000a00000e2,2,3,4,322,265,743,599,1.09117,0,0
025040107410003168d2a000a00000e2,2,3,5,322,265,743,599,1.09117,0,0
025040107410003168d2a000a00000e2,2,3,6,322,265,743,599,1.09117,0,0
025040107410003168d2a000a00000e2,2,3,7,322,265,743,599,1.09117,0,0
025040107410003168d2a000a00000e2,2,3,8,322,265,743,599,1.09117,0,0
025040107410003168d2a000a00000e2,2,3,9,322,265,743,599,1.09117,0,0
025040107410003168d2a000a00000e2,2,3,10,322,265,743,599,1.09117,0,0
025040107410003168d2a000a00000e2,2,3,11,322,265,743,599,1.09117,0,0
025040107410003168d2a000a00000e2,2,3,12,322,265,743,599,1.09117,0,0
025040107410003168d2a000a00000e2,2,3,13,322,265,743,599,1.09117,0,0
025040107410003168d2a000a00000e2,2,3,14,322,265,743,599,1.09117,0,0
025040107410003168d2a000a00000e2,2,3,15,322,265,743,599,1.09117,0,0
025040107410003168d2a000a00000e2,2,3,16,322,265,743,599,1.09117,0,0
025040107410003168d2a000a00000e2,2,3,17,322,265,743,599,1.09117,0,0
025040107410003168d2a000a00000e2,2,3,18,322,265,743,599,1.09117,0,0
025040107410003168d2a000a00000e2,2,3,19,322,265,743,599,1.09117,0,0
025040107410003168d2a000a00000e2,2,3,20,322,265,743,599,1.09117,0,0
025040107410003168d2a000a00000e2,2,3,21,322,265,743,599,1.09117,0,0
025040107410003168d2a000a00000e2,2,3,22,322,265,743,599,1.09117,0,0
025040107410003168d2a000a00000e2,2,3,23,322,265,743,599,1.09117,0,0
025040107410003168d2a000a00000e2,2,3,24,322,265,743,599,1.09117,0,0
025040107410003168d2a000a00000e2,2,3,25,322,265,743,599,1.09117,0,0
025040107410003168d2a000a00000e2,2,3,26,322,265,743,599,1.09117,0,0
025040107410003168d2a000a00000e2,2,3,27,322,265,743,599,1.09117,0,0
025040107410003168d2a000a00000e2,2,3,28,322,265,743,599,1.09117,0,0
025040107410003168d2a000a00000e2,2,3,29,322,265,743,599,1.09117,0,0
025040107410003168d2a000a00000e2,2,3,30,322,265,743,599,1.09117,0,0
025040107410003168d2a000a00000e2,2,3,31,322,265,743,599,1.09117,0,0
025040107410003168d2a000a00000e2,2,3,32,322,265,743,599,1.09117,0,0
025040107410003168d2a000a00000e2,2,3,33,322,265,743,599,1.09117,0,0
025040107410003168d2a000a00000e2,2,3,34,322,265,743,599,1.09117,0,0
025040107410003168d2a000a00000e2,2,3,35,322,265,743,599,1.09117,0,0
025040107410003168d2a000a00000e2,2,3,36,322,265,743,599,1.09117,0,0
025040107410003168d2a000a00000e2,2,3,37,322,265,743,599,1.09117,0,0
025040107410003168d2a000a00000e2,2,3,38,322,265,743,599,1.09117,0,0
025040107410003168d2a000a00000e2,2,3,39,322,265,743,599,1.09117,0,0
025040107410003168d2a000a00000e2,2,3,40,322,265,743,599,1.09117,0,0
025040107410003168d2a000a00000e2,2,3,41,322,265,743,599,1.09117,0,0
025040107410003168d2a000a00000e2,2,3,42,322,265,743,599,1.09117,0,0
025040107410003168d2a000a00000e2,2,3,43,322,265,743,599,1.09117,0,0
025040107410003168d2a000a00000e2,2,3,44,322,265,743,599,1.09117,0,0
025040107410003168d2a000a00000e2,2,3,45,322,265,743,599,1.09117,0,0
025040107410003168d2a000a00000e2,2,3,46,322,265,743,599,1.09117,0,0
025040107410003168d2a000a00000e2,2,3,47,322,265,743,599,1.09117,0,0
025040107410003168d2a000a00000e2,2,3,48,322,265,743,599,1.09117,0,0
025040107410003168d2a000a00000e2,2,3,49,322,265,743,599,1.09117,0,0
025040107410003168d2a000a00000e2,2,3,50,322,265,743,599,1.09117,0,0
025040107410003168d2a000a00000e2,2,3,51,322,265,743,599,1.09117,0,0
025040107410003168d2a000a00000e2,2,3,52,322,265,743,599,1.09117,0,0
025040107410003168d2a000a00000e2,2,3,53,322,265,743,599,1.09117,0,0
025040107410003168d2a000a00000e2,2,3,54,322,265,743,599,1.09117,0,0
025040107410003168d2a000a00000e2,2,3,55,322,265,743,599,1.09117,0,0
025040107410003168d2a000a00000e2,2,3,56,322,265,743,599,1.09117,0,0
025040107410003168d2a000a00000e2,2,3,57,322,265,743,599,1.09117,0,0
025040107410003168d2a000a00000e2,2,3,58,322,265,743,599,1.09117,0,0
025040107410003168d2a000a00000e2,2,3,59,322,265,743,599,1.09117,0,0
025040107410003168d2a000a00000e2,2,3,60,322,265,743,599,1.09117,0,0
025040107410003168d2a000a00000e2,2,3,61,322,265,743,599,1.09117,0,0
025040107410003168d2a000a00000e2,2,3,62,322,265,743,599,1.09117,0,0
025040107410003168d2a000a00000e2,2,3,63,322,265,743,599,1.09117,0,0
025040107410003168d2a000a00000e2,2,3,0,322,265,744,599,1.09855,0,0
025040107410003168d2a000a00000e2,2,3,1,322,265,744,599,1.09855,0,0
025040107410003168d2a000a00000e2,2,3,2,322,265,744,599,1.09855,0,0
025040107410003168d2a000a00000e2,2,3,3,322,265,744,599,1.09855,0,0
025040107410003168d2a000a00000e2,2,3,4,322,265,744,599,1.09855,0,0
025040107410003168d2a000a00000e2,2,3,5,322,265,744,599,1.09855,0,0
025040107410003168d2a000a00000e2,2,3,6,322,265,744,599,1.09855,0,0
025040107410003168d2a000a00000e2,2,3,7,322,265,744,599,1.09855,0,0
025040107410003168d2a000a00000e2,2,3,8,322,265,744,599,1.09855,0,0
025040107410003168d2a000a00000e2,2,3,9,322,265,744,599,1.09855,0,0
025040107410003168d2a000a00000e2,2,3,10,322,265,744,599,1.09855,0,0
025040107410003168d2a000a00000e2,2,3,11,322,265,744,599,1.09855,0,0
025040107410003168d2a000a00000e2,2,3,12,322,265,744,599,1.09855,0,0
025040107410003168d2a000a00000e2,2,3,13,322,265,744,599,1.09855,0,0
025040107410003168d2a000a00000e2,2,3,14,322,265,744,599,1.09855,0,0
025040107410003168d2a000a00000e2,2,3,15,322,265,744,599,1.09855,0,0
025040107410003168d2a000a00000e2,2,3,16,322,265,744,599,1.09855,0,0
025040107410003168d2a000a00000e2,2,3,17,322,265,744,599,1.09855,0,0
025040107410003168d2a000a00000e2,2,3,18,322,265,744,599,1.09855,0,0
025040107410003168d2a000a00000e2,2,3,19,322,265,744,599,1.09855,0,0
025040107410003168d2a000a00000e2,2,3,20,322,265,744,599,1.09855,0,0
025040107410003168d2a000a00000e2,2,3,21,322,265,744,599,1.09855,0,0
025040107410003168d2a000a00000e2,2,3,22,322,265,744,599,1.09855,0,0
025040107410003168d2a000a00000e2,2,3,23,322,265,744,599,1.09855,0,0
025040107410003168d2a000a00000e2,2,3,24,322,265,744,599,1.09855,0,0
025040107410003168d2a000a00000e2,2,3,25,322,265,744,599,1.09855,0,0
025040107410003168d2a000a00000e2,2,3,26,322,265,744,599,1.09855,0,0
025040107410003168d2a000a00000e2,2,3,27,322,265,744,599,1.09855,0,0
025040107410003168d2a000a00000e2,2,3,28,322,265,744,599,1.09855,0,0
025040107410003168d2a000a00000e2,2,3,29,322,265,744,599,1.09855,0,0
025040107410003168d2a000a00000e2,2,3,30,322,265,744,599,1.09855,0,0
025040107410003168d2a000a00000e2,2,3,31,322,265,744,599,1.09855,0,0
025040107410003168d2a000a00000e2,2,3,32,322,265,744,599,1.09855,0,0
025040107410003168d2a000a00000e2,2,3,33,322,265,744,599,1.09855,0,0
025040107410003168d2a000a00000e2,2,3,34,322,265,744,599,1.09855,0,0
025040107410003168d2a000a00000e2,2,3,35,322,265,744,599,1.09855,0,0
025040107410003168d2a000a00000e2,2,3,36,322,265,744,599,1.09855,0,0
025040107410003168d2a000a00000e2,2,3,37,322,265,744,599,1.09855,0,0
025040107410003168d2a000a00000e2,2,3,38,322,265,744,599,1.09855,0,0
025040107410003168d2a000a00000e2,2,3,39,322,265,744,599,1.09855,0,0
025040107410003168d2a000a00000e2,2,3,40,322,265,744,599,1.09855,0,0
025040107410003168d2a000a00000e2,2,3,41,322,265,744,599,1.09855,0,0
025040107410003168d2a000a00000e2,2,3,42,322,265,744,599,1.09855,0,0
025040107410003168d2a000a00000e2,2,3,43,322,265,744,599,1.09855,0,0
025040107410003168d2a000a00000e2,2,3,44,322,265,744,599,1.09855,0,0
025040107410003168d2a000a00000e2,2,3,45,322,265,744,599,1.09855,0,0
025040107410003168d2a000a00000e2,2,3,46,322,265,744,599,1.09855,0,0
025040107410003168d2a000a00000e2,2,3,47,322,265,744,599,1.09855,0,0
025040107410003168d2a000a00000e2,2,3,48,322,265,744,599,1.09855,0,0
025040107410003168d2a000a00000e2,2,3,49,322,265,744,599,1.09855,0,0
025040107410003168d2a000a00000e2,2,3,50,322,265,744,599,1.09855,0,0
025040107410003168d2a000a00000e2,2,3,51,322,265,744,599,1.09855,0,0
025040107410003168d2a000a00000e2,2,3,52,322,265,744,599,1.09855,0,0
025040107410003168d2a000a00000e2,2,3,53,322,265,744,599,1.09855,0,0
025040107410003168d2a000a00000e2,2,3,54,322,265,744,599,1.09855,0,0
025040107410003168d2a000a00000e2,2,3,55,322,265,744,599,1.09855,0,0
025040107410003168d2a000a00000e2,2,3,56,322,265,744,599,1.09855,0,0
025040107410003168d2a000a00000e2,2,3,57,322,265,744,599,1.09855,0,0
025040107410003168d2a000a00000e2,2,3,58,322,265,744,599,1.09855,0,0
025040107410003168d2a000a00000e2,2,3,59,322,265,744,599,1.09855,0,0
025040107410003168d2a000a00000e2,2,3,60,322,265,744,599,1.09855,0,0
025040107410003168d2a000a00000e2,2,3,61,322,265,744,599,1.09855,0,0
025040107410003168d2a000a00000e2,2,3,62,322,265,744,599,1.09855,0,0
025040107410003168d2a000a00000e2,2,3,63,322,265,744,599,1.09855,0,0
025040107410003168d2a000a00000e2,2,3,0,322,265,745,600,1.09855,0,0
025040107410003168d2a000a00000e2,2,3,1,322,265,745,600,1.09855,0,0
025040107410003168d2a000a00000e2,2,3,2,322,265,745,600,1.09855,0,0
025040107410003168d2a000a00000e2,2,3,3,322,265,745,600,1.09855,0,0
025040107410003168d2a000a00000e2,2,3,4,322,265,745,600,1.09855,0,0
025040107410003168d2a000a00000e2,2,3,5,322,265,745,600,1.09855,0,0
025040107410003168d2a000a00000e2,2,3,6,322,265,745,600,1.09855,0,0
025040107410003168d2a000a00000e2,2,3,7,322,265,745,600,1.09855,0,0
025040107410003168d2a000a00000e2,2,3,8,322,265,745,600,1.09855,0,0
025040107410003168d2a000a00000e2,2,3,9,322,265,745,600,1.09855,0,0
025040107410003168d2a000a00000e2,2,3,10,322,265,745,600,1.09855,0,0
025040107410003168d2a000a00000e2,2,3,11,322,265,745,600,1.09855,0,0
025040107410003168d2a000a00000e2,2,3,12,322,265,745,600,1.09855,0,0
025040107410003168d2a000a00000e2,2,3,13,322,265,745,600,1.09855,0,0
025040107410003168d2a000a00000e2,2,3,14,322,265,745,600,1.09855,0,0
025040107410003168d2a000a00000e2,2,3,15,322,265,745,600,1.09855,0,0
025040107410003168d2a000a00000e2,2,3,16,322,265,745,600,1.09855,0,0
025040107410003168d2a000a00000e2,2,3,17,322,265,745,600,1.09855,0,0
025040107410003168d2a000a00000e2,2,3,18,322,265,745,600,1.09855,0,0
025040107410003168d2a000a00000e2,2,3,19,322,265,745,600,1.09855,0,0
025040107410003168d2a000a00000e2,2,3,20,322,265,745,600,1.09855,0,0
025040107410003168d2a000a00000e2,2,3,21,322,265,745,600,1.09855,0,0
025040107410003168d2a000a00000e2,2,3,22,322,265,745,600,1.09855,0,0
025040107410003168d2a000a00000e2,2,3,23,322,265,745,600,1.09855,0,0
025040107410003168d2a000a00000e2,2,3,24,322,265,745,600,1.09855,0,0
025040107410003168d2a000a00000e2,2,3,25,322,265,745,600,1.09855,0,0
025040107410003168d2a000a00000e2,2,3,26,322,265,745,600,1.09855,0,0
025040107410003168d2a000a00000e2,2,3,27,322,265,745,600,1.09855,0,0
025040107410003168d2a000a00000e2,2,3,28,322,265,745,600,1.09855,0,0
025040107410003168d2a000a00000e2,2,3,29,322,265,745,600,1.09855,0,0
025040107410003168d2a000a00000e2,2,3,30,322,265,745,600,1.09855,0,0
025040107410003168d2a000a00000e2,2,3,31,322,265,745,600,1.09855,0,0
025040107410003168d2a000a00000e2,2,3,32,322,265,745,600,1.09855,0,0
025040107410003168d2a000a00000e2,2,3,33,322,265,745,600,1.09855,0,0
025040107410003168d2a000a00000e2,2,3,34,322,265,745,600,1.09855,0,0
025040107410003168d2a000a00000e2,2,3,35,322,265,745,600,1.09855,0,0
025040107410003168d2a000a00000e2,2,3,36,322,265,745,600,1.09855,0,0
025040107410003168d2a000a00000e2,2,3,37,322,265,745,600,1.09855,0,0
025040107410003168d2a000a00000e2,2,3,38,322,265,745,600,1.09855,0,0
025040107410003168d2a000a00000e2,2,3,39,322,265,745,600,1.09855,0,0
025040107410003168d2a000a00000e2,2,3,40,322,265,745,600,1.09855,0,0
025040107410003168d2a000a00000e2,2,3,41,322,265,745,600,1.09855,0,0
025040107410003168d2a000a00000e2,2,3,42,322,265,745,600,1.09855,0,0
025040107410003168d2a000a00000e2,2,3,43,322,265,745,600,1.09855,0,0
025040107410003168d2a000a00000e2,2,3,44,322,265,745,600,1.09855,0,0
025040107410003168d2a000a00000e2,2,3,45,322,265,745,600,1.09855,0,0
025040107410003168d2a000a00000e2,2,3,46,322,265,745,600,1.09855,0,0
025040107410003168d2a000a00000e2,2,3,47,322,265,745,600,1.09855,0,0
025040107410003168d2a000a00000e2,2,3,48,322,265,745,600,1.09855,0,0
025040107410003168d2a000a00000e2,2,3,49,322,265,745,600,1.09855,0,0
025040107410003168d2a000a00000e2,2,3,50,322,265,745,600,1.09855,0,0
025040107410003168d2a000a00000e2,2,3,51,322,265,745,600,1.09855,0,0
025040107410003168d2a000a00000e2,2,3,52,322,265,745,600,1.09855,0,0
025040107410003168d2a000a00000e2,2,3,53,322,265,745,600,1.09855,0,0
025040107410003168d2a000a00000e2,2,3,54,322,265,745,600,1.09855,0,0
025040107410003168d2a000a00000e2,2,3,55,322,265,745,600,1.09855,0,0
025040107410003168d2a000a00000e2,2,3,56,322,265,745,600,1.09855,0,0
025040107410003168d2a000a00000e2,2,3,57,322,265,745,600,1.09855,0,0
025040107410003168d2a000a00000e2,2,3,58,322,265,745,600,1.09855,0,0
025040107410003168d2a000a00000e2,2,3,59,322,265,745,600,1.09855,0,0
025040107410003168d2a000a00000e2,2,3,60,322,265,745,600,1.09855,0,0
025040107410003168d2a000a00000e2,2,3,61,322,265,745,600,1.09855,0,0
025040107410003168d2a000a00000e2,2,3,62,322,265,745,600,1.09855,0,0
025040107410003168d2a000a00000e2,2,3,63,322,265,745,600,1.09855,0,0
025040107410003168d2a000a00000e2,2,3,0,322,265,746,601,1.0956,0,0
025040107410003168d2a000a00000e2,2,3,1,322,265,746,601,1.0956,0,0
025040107410003168d2a000a00000e2,2,3,2,322,265,746,601,1.0956,0,0
025040107410003168d2a000a00000e2,2,3,3,322,265,746,601,1.0956,0,0
025040107410003168d2a000a00000e2,2,3,4,322,265,746,601,1.0956,0,0
025040107410003168d2a000a00000e2,2,3,5,322,265,746,601,1.0956,0,0
025040107410003168d2a000a00000e2,2,3,6,322,265,746,601,1.0956,0,0
025040107410003168d2a000a00000e2,2,3,7,322,265,746,601,1.0956,0,0
025040107410003168d2a000a00000e2,2,3,8,322,265,746,601,1.0956,0,0
025040107410003168d2a000a00000e2,2,3,9,322,265,746,601,1.0956,0,0
025040107410003168d2a000a00000e2,2,3,10,322,265,746,601,1.0956,0,0
025040107410003168d2a000a00000e2,2,3,11,322,265,746,601,1.0956,0,0
025040107410003168d2a000a00000e2,2,3,12,322,265,746,601,1.0956,0,0
025040107410003168d2a000a00000e2,2,3,13,322,265,746,601,1.0956,0,0
025040107410003168d2a000a00000e2,2,3,14,322,265,746,601,1.0956,0,0
025040107410003168d2a000a00000e2,2,3,15,322,265,746,601,1.0956,0,0
025040107410003168d2a000a00000e2,2,3,16,322,265,746,601,1.0956,0,0
025040107410003168d2a000a00000e2,2,3,17,322,265,746,601,1.0956,0,0
025040107410003168d2a000a00000e2,2,3,18,322,265,746,601,1.0956,0,0
025040107410003168d2a000a00000e2,2,3,19,322,265,746,601,1.0956,0,0
025040107410003168d2a000a00000e2,2,3,20,322,265,746,601,1.0956,0,0
025040107410003168d2a000a00000e2,2,3,21,322,265,746,601,1.0956,0,0
025040107410003168d2a000a00000e2,2,3,22,322,265,746,601,1.0956,0,0
025040107410003168d2a000a00000e2,2,3,23,322,265,746,601,1.0956,0,0
025040107410003168d2a000a00000e2,2,3,24,322,265,746,601,1.0956,0,0
025040107410003168d2a000a00000e2,2,3,25,322,265,746,601,1.0956,0,0
025040107410003168d2a000a00000e2,2,3,26,322,265,746,601,1.0956,0,0
025040107410003168d2a000a00000e2,2,3,27,322,265,746,601,1.0956,0,0
025040107410003168d2a000a00000e2,2,3,28,322,265,746,601,1.0956,0,0
025040107410003168d2a000a00000e2,2,3,29,322,265,746,601,1.0956,0,0
025040107410003168d2a000a00000e2,2,3,30,322,265,746,601,1.0956,0,0
025040107410003168d2a000a00000e2,2,3,31,322,265,746,601,1.0956,0,0
025040107410003168d2a000a00000e2,2,3,32,322,265,746,601,1.0956,0,0
025040107410003168d2a000a00000e2,2,3,33,322,265,746,601,1.0956,0,0
025040107410003168d2a000a00000e2,2,3,34,322,265,746,601,1.0956,0,0
025040107410003168d2a000a00000e2,2,3,35,322,265,746,601,1.0956,0,0
025040107410003168d2a000a00000e2,2,3,36,322,265,746,601,1.0956,0,0
025040107410003168d2a000a00000e2,2,3,37,322,265,746,601,1.0956,0,0
025040107410003168d2a000a00000e2,2,3,38,322,265,746,601,1.0956,0,0
025040107410003168d2a000a00000e2,2,3,39,322,265,746,601,1.0956,0,0
025040107410003168d2a000a00000e2,2,3,40,322,265,746,601,1.0956,0,0
025040107410003168d2a000a00000e2,2,3,41,322,265,746,601,1.0956,0,0
025040107410003168d2a000a00000e2,2,3,42,322,265,746,601,1.0956,0,0
025040107410003168d2a000a00000e2,2,3,43,322,265,746,601,1.0956,0,0
025040107410003168d2a000a00000e2,2,3,44,322,265,746,601,1.0956,0,0
025040107410003168d2a000a00000e2,2,3,45,322,265,746,601,1.0956,0,0
025040107410003168d2a000a00000e2,2,3,46,322,265,746,601,1.0956,0,0
025040107410003168d2a000a00000e2,2,3,47,322,265,746,601,1.0956,0,0
025040107410003168d2a000a00000e2,2,3,48,322,265,746,601,1.0956,0,0
025040107410003168d2a000a00000e2,2,3,49,322,265,746,601,1.0956,0,0
025040107410003168d2a000a00000e2,2,3,50,322,265,746,601,1.0956,0,0
025040107410003168d2a000a00000e2,2,3,51,322,265,746,601,1.0956,0,0
025040107410003168d2a000a00000e2,2,3,52,322,265,746,601,1.0956,0,0
025040107410003168d2a000a00000e2,2,3,53,322,265,746,601,1.0956,0,0
025040107410003168d2a000a00000e2,2,3,54,322,265,746,601,1.0956,0,0
025040107410003168d2a000a00000e2,2,3,55,322,265,746,601,1.0956,0,0
025040107410003168d2a000a00000e2,2,3,56,322,265,746,601,1.0956,0,0
025040107410003168d2a000a00000e2,2,3,57,322,265,746,601,1.0956,0,0
025040107410003168d2a000a00000e2,2,3,58,322,265,746,601,1.0956,0,0
025040107410003168d2a000a00000e2,2,3,59,322,265,746,601,1.0956,0,0
025040107410003168d2a000a00000e2,2,3,60,322,265,746,601,1.0956,0,0
025040107410003168d2a000a00000e2,2,3,61,322,265,746,601,1.0956,0,0
025040107410003168d2a000a00000e2,2,3,62,322,265,746,601,1.0956,0,0
025040107410003168d2a000a00000e2,2,3,63,322,265,746,601,1.0956,0,0
025040107410003168d2a000a00000e2,2,3,0,322,265,747,602,1.09855,0,0
025040107410003168d2a000a00000e2,2,3,1,322,265,747,602,1.09855,0,0
025040107410003168d2a000a00000e2,2,3,2,322,265,747,602,1.09855,0,0
025040107410003168d2a000a00000e2,2,3,3,322,265,747,602,1.09855,0,0
025040107410003168d2a000a00000e2,2,3,4,322,265,747,602,1.09855,0,0
025040107410003168d2a000a00000e2,2,3,5,322,265,747,602,1.09855,0,0
025040107410003168d2a000a00000e2,2,3,6,322,265,747,602,1.09855,0,0
025040107410003168d2a000a00000e2,2,3,7,322,265,747,602,1.09855,0,0
025040107410003168d2a000a00000e2,2,3,8,322,265,747,602,1.09855,0,0
025040107410003168d2a000a00000e2,2,3,9,322,265,747,602,1.09855,0,0
025040107410003168d2a000a00000e2,2,3,10,322,265,747,602,1.09855,0,0
025040107410003168d2a000a00000e2,2,3,11,322,265,747,602,1.09855,0,0
025040107410003168d2a000a00000e2,2,3,12,322,265,747,602,1.09855,0,0
025040107410003168d2a000a00000e2,2,3,13,322,265,747,602,1.09855,0,0
025040107410003168d2a000a00000e2,2,3,14,322,265,747,602,1.09855,0,0
025040107410003168d2a000a00000e2,2,3,15,322,265,747,602,1.09855,0,0
025040107410003168d2a000a00000e2,2,3,16,322,265,747,602,1.09855,0,0
025040107410003168d2a000a00000e2,2,3,17,322,265,747,602,1.09855,0,0
025040107410003168d2a000a00000e2,2,3,18,322,265,747,602,1.09855,0,0
025040107410003168d2a000a00000e2,2,3,19,322,265,747,602,1.09855,0,0
025040107410003168d2a000a00000e2,2,3,20,322,265,747,602,1.09855,0,0
025040107410003168d2a000a00000e2,2,3,21,322,265,747,602,1.09855,0,0
025040107410003168d2a000a00000e2,2,3,22,322,265,747,602,1.09855,0,0
025040107410003168d2a000a00000e2,2,3,23,322,265,747,602,1.09855,0,0
025040107410003168d2a000a00000e2,2,3,24,322,265,747,602,1.09855,0,0
025040107410003168d2a000a00000e2,2,3,25,322,265,747,602,1.09855,0,0
025040107410003168d2a000a00000e2,2,3,26,322,265,747,602,1.09855,0,0
025040107410003168d2a000a00000e2,2,3,27,322,265,747,602,1.09855,0,0
025040107410003168d2a000a00000e2,2,3,28,322,265,747,602,1.09855,0,0
025040107410003168d2a000a00000e2,2,3,29,322,265,747,602,1.09855,0,0
025040107410003168d2a000a00000e2,2,3,30,322,265,747,602,1.09855,0,0
025040107410003168d2a000a00000e2,2,3,31,322,265,747,602,1.09855,0,0
025040107410003168d2a000a00000e2,2,3,32,322,265,747,602,1.09855,0,0
025040107410003168d2a000a00000e2,2,3,33,322,265,747,602,1.09855,0,0
025040107410003168d2a000a00000e2,2,3,34,322,265,747,602,1.09855,0,0
025040107410003168d2a000a00000e2,2,3,35,322,265,747,602,1.09855,0,0
025040107410003168d2a000a00000e2,2,3,36,322,265,747,602,1.09855,0,0
025040107410003168d2a000a00000e2,2,3,37,322,265,747,602,1.09855,0,0
025040107410003168d2a000a00000e2,2,3,38,322,265,747,602,1.09855,0,0
025040107410003168d2a000a00000e2,2,3,39,322,265,747,602,1.09855,0,0
025040107410003168d2a000a00000e2,2,3,40,322,265,747,602,1.09855,0,0
025040107410003168d2a000a00000e2,2,3,41,322,265,747,602,1.09855,0,0
025040107410003168d2a000a00000e2,2,3,42,322,265,747,602,1.09855,0,0
025040107410003168d2a000a00000e2,2,3,43,322,265,747,602,1.09855,0,0
025040107410003168d2a000a00000e2,2,3,44,322,265,747,602,1.09855,0,0
025040107410003168d2a000a00000e2,2,3,45,322,265,747,602,1.09855,0,0
025040107410003168d2a000a00000e2,2,3,46,322,265,747,602,1.09855,0,0
025040107410003168d2a000a00000e2,2,3,47,322,265,747,602,1.09855,0,0
025040107410003168d2a000a00000e2,2,3,48,322,265,747,602,1.09855,0,0
025040107410003168d2a000a00000e2,2,3,49,322,265,747,602,1.09855,0,0
025040107410003168d2a000a00000e2,2,3,50,322,265,747,602,1.09855,0,0
025040107410003168d2a000a00000e2,2,3,51,322,265,747,602,1.09855,0,0
025040107410003168d2a000a00000e2,2,3,52,322,265,747,602,1.09855,0,0
025040107410003168d2a000a00000e2,2,3,53,322,265,747,602,1.09855,0,0
025040107410003168d2a000a00000e2,2,3,54,322,265,747,602,1.09855,0,0
025040107410003168d2a000a00000e2,2,3,55,322,265,747,602,1.09855,0,0
025040107410003168d2a000a00000e2,2,3,56,322,265,747,602,1.09855,0,0
025040107410003168d2a000a00000e2,2,3,57,322,265,747,602,1.09855,0,0
025040107410003168d2a000a00000e2,2,3,58,322,265,747,602,1.09855,0,0
025040107410003168d2a000a00000e2,2,3,59,322,265,747,602,1.09855,0,0
025040107410003168d2a000a00000e2,2,3,60,322,265,747,602,1.09855,0,0
025040107410003168d2a000a00000e2,2,3,61,322,265,747,602,1.09855,0,0
025040107410003168d2a000a00000e2,2,3,62,322,265,747,602,1.09855,0,0
025040107410003168d2a000a00000e2,2,3,63,322,265,747,602,1.09855,0,0
025040107410003168d2a000a00000e2,2,3,0,322,265,748,603,1.10002,0,0
025040107410003168d2a000a00000e2,2,3,1,322,265,748,603,1.10002,0,0
025040107410003168d2a000a00000e2,2,3,2,322,265,748,603,1.10002,0,0
025040107410003168d2a000a00000e2,2,3,3,322,265,748,603,1.10002,0,0
025040107410003168d2a000a00000e2,2,3,4,322,265,748,603,1.10002,0,0
025040107410003168d2a000a00000e2,2,3,5,322,265,748,603,1.10002,0,0
025040107410003168d2a000a00000e2,2,3,6,322,265,748,603,1.10002,0,0
025040107410003168d2a000a00000e2,2,3,7,322,265,748,603,1.10002,0,0
025040107410003168d2a000a00000e2,2,3,8,322,265,748,603,1.10002,0,0
025040107410003168d2a000a00000e2,2,3,9,322,265,748,603,1.10002,0,0
025040107410003168d2a000a00000e2,2,3,10,322,265,748,603,1.10002,0,0
025040107410003168d2a000a00000e2,2,3,11,322,265,748,603,1.10002,0,0
025040107410003168d2a000a00000e2,2,3,12,322,265,748,603,1.10002,0,0
025040107410003168d2a000a00000e2,2,3,13,322,265,748,603,1.10002,0,0
025040107410003168d2a000a00000e2,2,3,14,322,265,748,603,1.10002,0,0
025040107410003168d2a000a00000e2,2,3,15,322,265,748,603,1.10002,0,0
025040107410003168d2a000a00000e2,2,3,16,322,265,748,603,1.10002,0,0
025040107410003168d2a000a00000e2,2,3,17,322,265,748,603,1.10002,0,0
025040107410003168d2a000a00000e2,2,3,18,322,265,748,603,1.10002,0,0
025040107410003168d2a000a00000e2,2,3,19,322,265,748,603,1.10002,0,0
025040107410003168d2a000a00000e2,2,3,20,322,265,748,603,1.10002,0,0
025040107410003168d2a000a00000e2,2,3,21,322,265,748,603,1.10002,0,0
025040107410003168d2a000a00000e2,2,3,22,322,265,748,603,1.10002,0,0
025040107410003168d2a000a00000e2,2,3,23,322,265,748,603,1.10002,0,0
025040107410003168d2a000a00000e2,2,3,24,322,265,748,603,1.10002,0,0
025040107410003168d2a000a00000e2,2,3,25,322,265,748,603,1.10002,0,0
025040107410003168d2a000a00000e2,2,3,26,322,265,748,603,1.10002,0,0
025040107410003168d2a000a00000e2,2,3,27,322,265,748,603,1.10002,0,0
025040107410003168d2a000a00000e2,2,3,28,322,265,748,603,1.10002,0,0
025040107410003168d2a000a00000e2,2,3,29,322,265,748,603,1.10002,0,0
025040107410003168d2a000a00000e2,2,3,30,322,265,748,603,1.10002,0,0
025040107410003168d2a000a00000e2,2,3,31,322,265,748,603,1.10002,0,0
025040107410003168d2a000a00000e2,2,3,32,322,265,748,603,1.10002,0,0
025040107410003168d2a000a00000e2,2,3,33,322,265,748,603,1.10002,0,0
025040107410003168d2a000a00000e2,2,3,34,322,265,748,603,1.10002,0,0
025040107410003168d2a000a00000e2,2,3,35,322,265,748,603,1.10002,0,0
025040107410003168d2a000a00000e2,2,3,36,322,265,748,603,1.10002,0,0
025040107410003168d2a000a00000e2,2,3,37,322,265,748,603,1.10002,0,0
025040107410003168d2a000a00000e2,2,3,38,322,265,748,603,1.10002,0,0
025040107410003168d2a000a00000e2,2,3,39,322,265,748,603,1.10002,0,0
025040107410003168d2a000a00000e2,2,3,40,322,265,748,603,1.10002,0,0
025040107410003168d2a000a00000e2,2,3,41,322,265,748,603,1.10002,0,0
025040107410003168d2a000a00000e2,2,3,42,322,265,748,603,1.10002,0,0
025040107410003168d2a000a00000e2,2,3,43,322,265,748,603,1.10002,0,0
025040107410003168d2a000a00000e2,2,3,44,322,265,748,603,1.10002,0,0
025040107410003168d2a000a00000e2,2,3,45,322,265,748,603,1.10002,0,0
025040107410003168d2a000a00000e2,2,3,46,322,265,748,603,1.10002,0,0
025040107410003168d2a000a00000e2,2,3,47,322,265,748,603,1.10002,0,0
025040107410003168d2a000a00000e2,2,3,48,322,265,748,603,1.10002,0,0
025040107410003168d2a000a00000e2,2,3,49,322,265,748,603,1.10002,0,0
025040107410003168d2a000a00000e2,2,3,50,322,265,748,603,1.10002,0,0
025040107410003168d2a000a00000e2,2,3,51,322,265,748,603,1.10002,0,0
025040107410003168d2a000a00000e2,2,3,52,322,265,748,603,1.10002,0,0
025040107410003168d2a000a00000e2,2,3,53,322,265,748,603,1.10002,0,0
025040107410003168d2a000a00000e2,2,3,54,322,265,748,603,1.10002,0,0
025040107410003168d2a000a00000e2,2,3,55,322,265,748,603,1.10002,0,0
025040107410003168d2a000a00000e2,2,3,56,322,265,748,603,1.10002,0,0
025040107410003168d2a000a00000e2,2,3,57,322,265,748,603,1.10002,0,0
025040107410003168d2a000a00000e2,2,3,58,322,265,748,603,1.10002,0,0
025040107410003168d2a000a00000e2,2,3,59,322,265,748,603,1.10002,0,0
025040107410003168d2a000a00000e2,2,3,60,322,265,748,603,1.10002,0,0
025040107410003168d2a000a00000e2,2,3,61,322,265,748,603,1.10002,0,0
025040107410003168d2a000a00000e2,2,3,62,322,265,748,603,1.10002,0,0
025040107410003168d2a000a00000e2,2,3,63,322,265,748,603,1.10002,0,0
025040107410003168d2a000a00000e2,2,3,0,322,265,749,603,1.10002,0,0
025040107410003168d2a000a00000e2,2,3,1,322,265,749,603,1.10002,0,0
025040107410003168d2a000a00000e2,2,3,2,322,265,749,603,1.10002,0,0
025040107410003168d2a000a00000e2,2,3,3,322,265,749,603,1.10002,0,0
025040107410003168d2a000a00000e2,2,3,4,322,265,749,603,1.10002,0,0
025040107410003168d2a000a00000e2,2,3,5,322,265,749,603,1.10002,0,0
025040107410003168d2a000a00000e2,2,3,6,322,265,749,603,1.10002,0,0
025040107410003168d2a000a00000e2,2,3,7,322,265,749,603,1.10002,0,0
025040107410003168d2a000a00000e2,2,3,8,322,265,749,603,1.10002,0,0
025040107410003168d2a000a00000e2,2,3,9,322,265,749,603,1.10002,0,0
025040107410003168d2a000a00000e2,2,3,10,322,265,749,603,1.10002,0,0
025040107410003168d2a000a00000e2,2,3,11,322,265,749,603,1.10002,0,0
025040107410003168d2a000a00000e2,2,3,12,322,265,749,603,1.10002,0,0
025040107410003168d2a000a00000e2,2,3,13,322,265,749,603,1.10002,0,0
025040107410003168d2a000a00000e2,2,3,14,322,265,749,603,1.10002,0,0
025040107410003168d2a000a00000e2,2,3,15,322,265,749,603,1.10002,0,0
025040107410003168d2a000a00000e2,2,3,16,322,265,749,603,1.10002,0,0
025040107410003168d2a000a00000e2,2,3,17,322,265,749,603,1.10002,0,0
025040107410003168d2a000a00000e2,2,3,18,322,265,749,603,1.10002,0,0
025040107410003168d2a000a00000e2,2,3,19,322,265,749,603,1.10002,0,0
025040107410003168d2a000a00000e2,2,3,20,322,265,749,603,1.10002,0,0
025040107410003168d2a000a00000e2,2,3,21,322,265,749,603,1.10002,0,0
025040107410003168d2a000a00000e2,2,3,22,322,265,749,603,1.10002,0,0
025040107410003168d2a000a00000e2,2,3,23,322,265,749,603,1.10002,0,0
025040107410003168d2a000a00000e2,2,3,24,322,265,749,603,1.10002,0,0
025040107410003168d2a000a00000e2,2,3,25,322,265,749,603,1.10002,0,0
025040107410003168d2a000a00000e2,2,3,26,322,265,749,603,1.10002,0,0
025040107410003168d2a000a00000e2,2,3,27,322,265,749,603,1.10002,0,0
025040107410003168d2a000a00000e2,2,3,28,322,265,749,603,1.10002,0,0
025040107410003168d2a000a00000e2,2,3,29,322,265,749,603,1.10002,0,0
025040107410003168d2a000a00000e2,2,3,30,322,265,749,603,1.10002,0,0
025040107410003168d2a000a00000e2,2,3,31,322,265,749,603,1.10002,0,0
025040107410003168d2a000a00000e2,2,3,32,322,265,749,603,1.10002,0,0
025040107410003168d2a000a00000e2,2,3,33,322,265,749,603,1.10002,0,0
025040107410003168d2a000a00000e2,2,3,34,322,265,749,603,1.10002,0,0
025040107410003168d2a000a00000e2,2,3,35,322,265,749,603,1.10002,0,0
025040107410003168d2a000a00000e2,2,3,36,322,265,749,603,1.10002,0,0
025040107410003168d2a000a00000e2,2,3,37,322,265,749,603,1.10002,0,0
025040107410003168d2a000a00000e2,2,3,38,322,265,749,603,1.10002,0,0
025040107410003168d2a000a00000e2,2,3,39,322,265,749,603,1.10002,0,0
025040107410003168d2a000a00000e2,2,3,40,322,265,749,603,1.10002,0,0
025040107410003168d2a000a00000e2,2,3,41,322,265,749,603,1.10002,0,0
025040107410003168d2a000a00000e2,2,3,42,322,265,749,603,1.10002,0,0
025040107410003168d2a000a00000e2,2,3,43,322,265,749,603,1.10002,0,0
025040107410003168d2a000a00000e2,2,3,44,322,265,749,603,1.10002,0,0
025040107410003168d2a000a00000e2,2,3,45,322,265,749,603,1.10002,0,0
025040107410003168d2a000a00000e2,2,3,46,322,265,749,603,1.10002,0,0
025040107410003168d2a000a00000e2,2,3,47,322,265,749,603,1.10002,0,0
025040107410003168d2a000a00000e2,2,3,48,322,265,749,603,1.10002,0,0
025040107410003168d2a000a00000e2,2,3,49,322,265,749,603,1.10002,0,0
025040107410003168d2a000a00000e2,2,3,50,322,265,749,603,1.10002,0,0
025040107410003168d2a000a00000e2,2,3,51,322,265,749,603,1.10002,0,0
025040107410003168d2a000a00000e2,2,3,52,322,265,749,603,1.10002,0,0
025040107410003168d2a000a00000e2,2,3,53,322,265,749,603,1.10002,0,0
025040107410003168d2a000a00000e2,2,3,54,322,265,749,603,1.10002,0,0
025040107410003168d2a000a00000e2,2,3,55,322,265,749,603,1.10002,0,0
025040107410003168d2a000a00000e2,2,3,56,322,265,749,603,1.10002,0,0
025040107410003168d2a000a00000e2,2,3,57,322,265,749,603,1.10002,0,0
025040107410003168d2a000a00000e2,2,3,58,322,265,749,603,1.10002,0,0
025040107410003168d2a000a00000e2,2,3,59,322,265,749,603,1.10002,0,0
025040107410003168d2a000a00000e2,2,3,60,322,265,749,603,1.10002,0,0
025040107410003168d2a000a00000e2,2,3,61,322,265,749,603,1.10002,0,0
025040107410003168d2a000a00000e2,2,3,62,322,265,749,603,1.10002,0,0
025040107410003168d2a000a00000e2,2,3,63,322,265,749,603,1.10002,0,0
025040107410003168d2a000a00000e2,2,3,0,322,265,750,604,1.10002,0,0
025040107410003168d2a000a00000e2,2,3,1,322,265,750,604,1.10002,0,0
025040107410003168d2a000a00000e2,2,3,2,322,265,750,604,1.10002,0,0
025040107410003168d2a000a00000e2,2,3,3,322,265,750,604,1.10002,0,0
025040107410003168d2a000a00000e2,2,3,4,322,265,750,604,1.10002,0,0
025040107410003168d2a000a00000e2,2,3,5,322,265,750,604,1.10002,0,0
025040107410003168d2a000a00000e2,2,3,6,322,265,750,604,1.10002,0,0
025040107410003168d2a000a00000e2,2,3,7,322,265,750,604,1.10002,0,0
025040107410003168d2a000a00000e2,2,3,8,322,265,750,604,1.10002,0,0
025040107410003168d2a000a00000e2,2,3,9,322,265,750,604,1.10002,0,0
025040107410003168d2a000a00000e2,2,3,10,322,265,750,604,1.10002,0,0
025040107410003168d2a000a00000e2,2,3,11,322,265,750,604,1.10002,0,0
025040107410003168d2a000a00000e2,2,3,12,322,265,750,604,1.10002,0,0
025040107410003168d2a000a00000e2,2,3,13,322,265,750,604,1.10002,0,0
025040107410003168d2a000a00000e2,2,3,14,322,265,750,604,1.10002,0,0
025040107410003168d2a000a00000e2,2,3,15,322,265,750,604,1.10002,0,0
025040107410003168d2a000a00000e2,2,3,16,322,265,750,604,1.10002,0,0
025040107410003168d2a000a00000e2,2,3,17,322,265,750,604,1.10002,0,0
025040107410003168d2a000a00000e2,2,3,18,322,265,750,604,1.10002,0,0
025040107410003168d2a000a00000e2,2,3,19,322,265,750,604,1.10002,0,0
025040107410003168d2a000a00000e2,2,3,20,322,265,750,604,1.10002,0,0
025040107410003168d2a000a00000e2,2,3,21,322,265,750,604,1.10002,0,0
025040107410003168d2a000a00000e2,2,3,22,322,265,750,604,1.10002,0,0
025040107410003168d2a000a00000e2,2,3,23,322,265,750,604,1.10002,0,0
025040107410003168d2a000a00000e2,2,3,24,322,265,750,604,1.10002,0,0
025040107410003168d2a000a00000e2,2,3,25,322,265,750,604,1.10002,0,0
025040107410003168d2a000a00000e2,2,3,26,322,265,750,604,1.10002,0,0
025040107410003168d2a000a00000e2,2,3,27,322,265,750,604,1.10002,0,0
025040107410003168d2a000a00000e2,2,3,28,322,265,750,604,1.10002,0,0
025040107410003168d2a000a00000e2,2,3,29,322,265,750,604,1.10002,0,0
025040107410003168d2a000a00000e2,2,3,30,322,265,750,604,1.10002,0,0
025040107410003168d2a000a00000e2,2,3,31,322,265,750,604,1.10002,0,0
025040107410003168d2a000a00000e2,2,3,32,322,265,750,604,1.10002,0,0
025040107410003168d2a000a00000e2,2,3,33,322,265,750,604,1.10002,0,0
025040107410003168d2a000a00000e2,2,3,34,322,265,750,604,1.10002,0,0
025040107410003168d2a000a00000e2,2,3,35,322,265,750,604,1.10002,0,0
025040107410003168d2a000a00000e2,2,3,36,322,265,750,604,1.10002,0,0
025040107410003168d2a000a00000e2,2,3,37,322,265,750,604,1.10002,0,0
025040107410003168d2a000a00000e2,2,3,38,322,265,750,604,1.10002,0,0
025040107410003168d2a000a00000e2,2,3,39,322,265,750,604,1.10002,0,0
025040107410003168d2a000a00000e2,2,3,40,322,265,750,604,1.10002,0,0
025040107410003168d2a000a00000e2,2,3,41,322,265,750,604,1.10002,0,0
025040107410003168d2a000a00000e2,2,3,42,322,265,750,604,1.10002,0,0
025040107410003168d2a000a00000e2,2,3,43,322,265,750,604,1.10002,0,0
025040107410003168d2a000a00000e2,2,3,44,322,265,750,604,1.10002,0,0
025040107410003168d2a000a00000e2,2,3,45,322,265,750,604,1.10002,0,0
025040107410003168d2a000a00000e2,2,3,46,322,265,750,604,1.10002,0,0
025040107410003168d2a000a00000e2,2,3,47,322,265,750,604,1.10002,0,0
025040107410003168d2a000a00000e2,2,3,48,322,265,750,604,1.10002,0,0
025040107410003168d2a000a00000e2,2,3,49,322,265,750,604,1.10002,0,0
025040107410003168d2a000a00000e2,2,3,50,322,265,750,604,1.10002,0,0
025040107410003168d2a000a00000e2,2,3,51,322,265,750,604,1.10002,0,0
025040107410003168d2a000a00000e2,2,3,52,322,265,750,604,1.10002,0,0
025040107410003168d2a000a00000e2,2,3,53,322,265,750,604,1.10002,0,0
025040107410003168d2a000a00000e2,2,3,54,322,265,750,604,1.10002,0,0
025040107410003168d2a000a00000e2,2,3,55,322,265,750,604,1.10002,0,0
025040107410003168d2a000a00000e2,2,3,56,322,265,750,604,1.10002,0,0
025040107410003168d2a000a00000e2,2,3,57,322,265,750,604,1.10002,0,0
025040107410003168d2a000a00000e2,2,3,58,322,265,750,604,1.10002,0,0
025040107410003168d2a000a00000e2,2,3,59,322,265,750,604,1.10002,0,0
025040107410003168d2a000a00000e2,2,3,60,322,265,750,604,1.10002,0,0
025040107410003168d2a000a00000e2,2,3,61,322,265,750,604,1.10002,0,0
025040107410003168d2a000a00000e2,2,3,62,322,265,750,604,1.10002,0,0
025040107410003168d2a000a00000e2,2,3,63,322,265,750,604,1.10002,0,0
025040107410003168d2a000a00000e2,2,3,0,322,265,751,605,1.10002,0,0
025040107410003168d2a000a00000e2,2,3,1,322,265,751,605,1.10002,0,0
025040107410003168d2a000a00000e2,2,3,2,322,265,751,605,1.10002,0,0
025040107410003168d2a000a00000e2,2,3,3,322,265,751,605,1.10002,0,0
025040107410003168d2a000a00000e2,2,3,4,322,265,751,605,1.10002,0,0
025040107410003168d2a000a00000e2,2,3,5,322,265,751,605,1.10002,0,0
025040107410003168d2a000a00000e2,2,3,6,322,265,751,605,1.10002,0,0
025040107410003168d2a000a00000e2,2,3,7,322,265,751,605,1.10002,0,0
025040107410003168d2a000a00000e2,2,3,8,322,265,751,605,1.10002,0,0
025040107410003168d2a000a00000e2,2,3,9,322,265,751,605,1.10002,0,0
025040107410003168d2a000a00000e2,2,3,10,322,265,751,605,1.10002,0,0
025040107410003168d2a000a00000e2,2,3,11,322,265,751,605,1.10002,0,0
025040107410003168d2a000a00000e2,2,3,12,322,265,751,605,1.10002,0,0
025040107410003168d2a000a00000e2,2,3,13,322,265,751,605,1.10002,0,0
025040107410003168d2a000a00000e2,2,3,14,322,265,751,605,1.10002,0,0
025040107410003168d2a000a00000e2,2,3,15,322,265,751,605,1.10002,0,0
025040107410003168d2a000a00000e2,2,3,16,322,265,751,605,1.10002,0,0
025040107410003168d2a000a00000e2,2,3,17,322,265,751,605,1.10002,0,0
025040107410003168d2a000a00000e2,2,3,18,322,265,751,605,1.10002,0,0
025040107410003168d2a000a00000e2,2,3,19,322,265,751,605,1.10002,0,0
025040107410003168d2a000a00000e2,2,3,20,322,265,751,605,1.10002,0,0
025040107410003168d2a000a00000e2,2,3,21,322,265,751,605,1.10002,0,0
025040107410003168d2a000a00000e2,2,3,22,322,265,751,605,1.10002,0,0
025040107410003168d2a000a00000e2,2,3,23,322,265,751,605,1.10002,0,0
025040107410003168d2a000a00000e2,2,3,24,322,265,751,605,1.10002,0,0
025040107410003168d2a000a00000e2,2,3,25,322,265,751,605,1.10002,0,0
025040107410003168d2a000a00000e2,2,3,26,322,265,751,605,1.10002,0,0
025040107410003168d2a000a00000e2,2,3,27,322,265,751,605,1.10002,0,0
025040107410003168d2a000a00000e2,2,3,28,322,265,751,605,1.10002,0,0
025040107410003168d2a000a00000e2,2,3,29,322,265,751,605,1.10002,0,0
025040107410003168d2a000a00000e2,2,3,30,322,265,751,605,1.10002,0,0
025040107410003168d2a000a00000e2,2,3,31,322,265,751,605,1.10002,0,0
025040107410003168d2a000a00000e2,2,3,32,322,265,751,605,1.10002,0,0
025040107410003168d2a000a00000e2,2,3,33,322,265,751,605,1.10002,0,0
025040107410003168d2a000a00000e2,2,3,34,322,265,751,605,1.10002,0,0
025040107410003168d2a000a00000e2,2,3,35,322,265,751,605,1.10002,0,0
025040107410003168d2a000a00000e2,2,3,36,322,265,751,605,1.10002,0,0
025040107410003168d2a000a00000e2,2,3,37,322,265,751,605,1.10002,0,0
025040107410003168d2a000a00000e2,2,3,38,322,265,751,605,1.10002,0,0
025040107410003168d2a000a00000e2,2,3,39,322,265,751,605,1.10002,0,0
025040107410003168d2a000a00000e2,2,3,40,322,265,751,605,1.10002,0,0
025040107410003168d2a000a00000e2,2,3,41,322,265,751,605,1.10002,0,0
025040107410003168d2a000a00000e2,2,3,42,322,265,751,605,1.10002,0,0
025040107410003168d2a000a00000e2,2,3,43,322,265,751,605,1.10002,0,0
025040107410003168d2a000a00000e2,2,3,44,322,265,751,605,1.10002,0,0
025040107410003168d2a000a00000e2,2,3,45,322,265,751,605,1.10002,0,0
025040107410003168d2a000a00000e2,2,3,46,322,265,751,605,1.10002,0,0
025040107410003168d2a000a00000e2,2,3,47,322,265,751,605,1.10002,0,0
025040107410003168d2a000a00000e2,2,3,48,322,265,751,605,1.10002,0,0
025040107410003168d2a000a00000e2,2,3,49,322,265,751,605,1.10002,0,0
025040107410003168d2a000a00000e2,2,3,50,322,265,751,605,1.10002,0,0
025040107410003168d2a000a00000e2,2,3,51,322,265,751,605,1.10002,0,0
025040107410003168d2a000a00000e2,2,3,52,322,265,751,605,1.10002,0,0
025040107410003168d2a000a00000e2,2,3,53,322,265,751,605,1.10002,0,0
025040107410003168d2a000a00000e2,2,3,54,322,265,751,605,1.10002,0,0
025040107410003168d2a000a00000e2,2,3,55,322,265,751,605,1.10002,0,0
025040107410003168d2a000a00000e2,2,3,56,322,265,751,605,1.10002,0,0
025040107410003168d2a000a00000e2,2,3,57,322,265,751,605,1.10002,0,0
025040107410003168d2a000a00000e2,2,3,58,322,265,751,605,1.10002,0,0
025040107410003168d2a000a00000e2,2,3,59,322,265,751,605,1.10002,0,0
025040107410003168d2a000a00000e2,2,3,60,322,265,751,605,1.10002,0,0
025040107410003168d2a000a00000e2,2,3,61,322,265,751,605,1.10002,0,0
025040107410003168d2a000a00000e2,2,3,62,322,265,751,605,1.10002,0,0
025040107410003168d2a000a00000e2,2,3,63,322,265,751,605,1.10002,0,0
025040107410003168d2a000a00000e2,2,3,0,322,265,752,606,1.10002,0,0
025040107410003168d2a000a00000e2,2,3,1,322,265,752,606,1.10002,0,0
025040107410003168d2a000a00000e2,2,3,2,322,265,752,606,1.10002,0,0
025040107410003168d2a000a00000e2,2,3,3,322,265,752,606,1.10002,0,0
025040107410003168d2a000a00000e2,2,3,4,322,265,752,606,1.10002,0,0
025040107410003168d2a000a00000e2,2,3,5,322,265,752,606,1.10002,0,0
025040107410003168d2a000a00000e2,2,3,6,322,265,752,606,1.10002,0,0
025040107410003168d2a000a00000e2,2,3,7,322,265,752,606,1.10002,0,0
025040107410003168d2a000a00000e2,2,3,8,322,265,752,606,1.10002,0,0
025040107410003168d2a000a00000e2,2,3,9,322,265,752,606,1.10002,0,0
025040107410003168d2a000a00000e2,2,3,10,322,265,752,606,1.10002,0,0
025040107410003168d2a000a00000e2,2,3,11,322,265,752,606,1.10002,0,0
025040107410003168d2a000a00000e2,2,3,12,322,265,752,606,1.10002,0,0
025040107410003168d2a000a00000e2,2,3,13,322,265,752,606,1.10002,0,0
025040107410003168d2a000a00000e2,2,3,14,322,265,752,606,1.10002,0,0
025040107410003168d2a000a00000e2,2,3,15,322,265,752,606,1.10002,0,0
025040107410003168d2a000a00000e2,2,3,16,322,265,752,606,1.10002,0,0
025040107410003168d2a000a00000e2,2,3,17,322,265,752,606,1.10002,0,0
025040107410003168d2a000a00000e2,2,3,18,322,265,752,606,1.10002,0,0
025040107410003168d2a000a00000e2,2,3,19,322,265,752,606,1.10002,0,0
025040107410003168d2a000a00000e2,2,3,20,322,265,752,606,1.10002,0,0
025040107410003168d2a000a00000e2,2,3,21,322,265,752,606,1.10002,0,0
025040107410003168d2a000a00000e2,2,3,22,322,265,752,606,1.10002,0,0
025040107410003168d2a000a00000e2,2,3,23,322,265,752,606,1.10002,0,0
025040107410003168d2a000a00000e2,2,3,24,322,265,752,606,1.10002,0,0
025040107410003168d2a000a00000e2,2,3,25,322,265,752,606,1.10002,0,0
025040107410003168d2a000a00000e2,2,3,26,322,265,752,606,1.10002,0,0
025040107410003168d2a000a00000e2,2,3,27,322,265,752,606,1.10002,0,0
025040107410003168d2a000a00000e2,2,3,28,322,265,752,606,1.10002,0,0
025040107410003168d2a000a00000e2,2,3,29,322,265,752,606,1.10002,0,0
025040107410003168d2a000a00000e2,2,3,30,322,265,752,606,1.10002,0,0
025040107410003168d2a000a00000e2,2,3,31,322,265,752,606,1.10002,0,0
025040107410003168d2a000a00000e2,2,3,32,322,265,752,606,1.10002,0,0
025040107410003168d2a000a00000e2,2,3,33,322,265,752,606,1.10002,0,0
025040107410003168d2a000a00000e2,2,3,34,322,265,752,606,1.10002,0,0
025040107410003168d2a000a00000e2,2,3,35,322,265,752,606,1.10002,0,0
025040107410003168d2a000a00000e2,2,3,36,322,265,752,606,1.10002,0,0
025040107410003168d2a000a00000e2,2,3,37,322,265,752,606,1.10002,0,0
025040107410003168d2a000a00000e2,2,3,38,322,265,752,606,1.10002,0,0
025040107410003168d2a000a00000e2,2,3,39,322,265,752,606,1.10002,0,0
025040107410003168d2a000a00000e2,2,3,40,322,265,752,606,1.10002,0,0
025040107410003168d2a000a00000e2,2,3,41,322,265,752,606,1.10002,0,0
025040107410003168d2a000a00000e2,2,3,42,322,265,752,606,1.10002,0,0
025040107410003168d2a000a00000e2,2,3,43,322,265,752,606,1.10002,0,0
025040107410003168d2a000a00000e2,2,3,44,322,265,752,606,1.10002,0,0
025040107410003168d2a000a00000e2,2,3,45,322,265,752,606,1.10002,0,0
025040107410003168d2a000a00000e2,2,3,46,322,265,752,606,1.10002,0,0
025040107410003168d2a000a00000e2,2,3,47,322,265,752,606,1.10002,0,0
025040107410003168d2a000a00000e2,2,3,48,322,265,752,606,1.10002,0,0
025040107410003168d2a000a00000e2,2,3,49,322,265,752,606,1.10002,0,0
025040107410003168d2a000a00000e2,2,3,50,322,265,752,606,1.10002,0,0
025040107410003168d2a000a00000e2,2,3,51,322,265,752,606,1.10002,0,0
025040107410003168d2a000a00000e2,2,3,52,322,265,752,606,1.10002,0,0
025040107410003168d2a000a00000e2,2,3,53,322,265,752,606,1.10002,0,0
025040107410003168d2a000a00000e2,2,3,54,322,265,752,606,1.10002,0,0
025040107410003168d2a000a00000e2,2,3,55,322,265,752,606,1.10002,0,0
025040107410003168d2a000a00000e2,2,3,56,322,265,752,606,1.10002,0,0
025040107410003168d2a000a00000e2,2,3,57,322,265,752,606,1.10002,0,0
025040107410003168d2a000a00000e2,2,3,58,322,265,752,606,1.10002,0,0
025040107410003168d2a000a00000e2,2,3,59,322,265,752,606,1.10002,0,0
025040107410003168d2a000a00000e2,2,3,60,322,265,752,606,1.10002,0,0
025040107410003168d2a000a00000e2,2,3,61,322,265,752,606,1.10002,0,0
025040107410003168d2a000a00000e2,2,3,62,322,265,752,606,1.10002,0,0
025040107410003168d2a000a00000e2,2,3,63,322,265,752,606,1.10002,0,0
025040107410003168d2a000a00000e2,2,3,0,322,265,753,607,1.10002,0,0
025040107410003168d2a000a00000e2,2,3,1,322,265,753,607,1.10002,0,0
025040107410003168d2a000a00000e2,2,3,2,322,265,753,607,1.10002,0,0
025040107410003168d2a000a00000e2,2,3,3,322,265,753,607,1.10002,0,0
025040107410003168d2a000a00000e2,2,3,4,322,265,753,607,1.10002,0,0
025040107410003168d2a000a00000e2,2,3,5,322,265,753,607,1.10002,0,0
025040107410003168d2a000a00000e2,2,3,6,322,265,753,607,1.10002,0,0
025040107410003168d2a000a00000e2,2,3,7,322,265,753,607,1.10002,0,0
025040107410003168d2a000a00000e2,2,3,8,322,265,753,607,1.10002,0,0
025040107410003168d2a000a00000e2,2,3,9,322,265,753,607,1.10002,0,0
025040107410003168d2a000a00000e2,2,3,10,322,265,753,607,1.10002,0,0
025040107410003168d2a000a00000e2,2,3,11,322,265,753,607,1.10002,0,0
025040107410003168d2a000a00000e2,2,3,12,322,265,753,607,1.10002,0,0
025040107410003168d2a000a00000e2,2,3,13,322,265,753,607,1.10002,0,0
025040107410003168d2a000a00000e2,2,3,14,322,265,753,607,1.10002,0,0
025040107410003168d2a000a00000e2,2,3,15,322,265,753,607,1.10002,0,0
025040107410003168d2a000a00000e2,2,3,16,322,265,753,607,1.10002,0,0
025040107410003168d2a000a00000e2,2,3,17,322,265,753,607,1.10002,0,0
025040107410003168d2a000a00000e2,2,3,18,322,265,753,607,1.10002,0,0
025040107410003168d2a000a00000e2,2,3,19,322,265,753,607,1.10002,0,0
025040107410003168d2a000a00000e2,2,3,20,322,265,753,607,1.10002,0,0
025040107410003168d2a000a00000e2,2,3,21,322,265,753,607,1.10002,0,0
025040107410003168d2a000a00000e2,2,3,22,322,265,753,607,1.10002,0,0
025040107410003168d2a000a00000e2,2,3,23,322,265,753,607,1.10002,0,0
025040107410003168d2a000a00000e2,2,3,24,322,265,753,607,1.10002,0,0
025040107410003168d2a000a00000e2,2,3,25,322,265,753,607,1.10002,0,0
025040107410003168d2a000a00000e2,2,3,26,322,265,753,607,1.10002,0,0
025040107410003168d2a000a00000e2,2,3,27,322,265,753,607,1.10002,0,0
025040107410003168d2a000a00000e2,2,3,28,322,265,753,607,1.10002,0,0
025040107410003168d2a000a00000e2,2,3,29,322,265,753,607,1.10002,0,0
025040107410003168d2a000a00000e2,2,3,30,322,265,753,607,1.10002,0,0
025040107410003168d2a000a00000e2,2,3,31,322,265,753,607,1.10002,0,0
025040107410003168d2a000a00000e2,2,3,32,322,265,753,607,1.10002,0,0
025040107410003168d2a000a00000e2,2,3,33,322,265,753,607,1.10002,0,0
025040107410003168d2a000a00000e2,2,3,34,322,265,753,607,1.10002,0,0
025040107410003168d2a000a00000e2,2,3,35,322,265,753,607,1.10002,0,0
025040107410003168d2a000a00000e2,2,3,36,322,265,753,607,1.10002,0,0
025040107410003168d2a000a00000e2,2,3,37,322,265,753,607,1.10002,0,0
025040107410003168d2a000a00000e2,2,3,38,322,265,753,607,1.10002,0,0
025040107410003168d2a000a00000e2,2,3,39,322,265,753,607,1.10002,0,0
025040107410003168d2a000a00000e2,2,3,40,322,265,753,607,1.10002,0,0
025040107410003168d2a000a00000e2,2,3,41,322,265,753,607,1.10002,0,0
025040107410003168d2a000a00000e2,2,3,42,322,265,753,607,1.10002,0,0
025040107410003168d2a000a00000e2,2,3,43,322,265,753,607,1.10002,0,0
025040107410003168d2a000a00000e2,2,3,44,322,265,753,607,1.10002,0,0
025040107410003168d2a000a00000e2,2,3,45,322,265,753,607,1.10002,0,0
025040107410003168d2a000a00000e2,2,3,46,322,265,753,607,1.10002,0,0
025040107410003168d2a000a00000e2,2,3,47,322,265,753,607,1.10002,0,0
025040107410003168d2a000a00000e2,2,3,48,322,265,753,607,1.10002,0,0
025040107410003168d2a000a00000e2,2,3,49,322,265,753,607,1.10002,0,0
025040107410003168d2a000a00000e2,2,3,50,322,265,753,607,1.10002,0,0
025040107410003168d2a000a00000e2,2,3,51,322,265,753,607,1.10002,0,0
025040107410003168d2a000a00000e2,2,3,52,322,265,753,607,1.10002,0,0
025040107410003168d2a000a00000e2,2,3,53,322,265,753,607,1.10002,0,0
025040107410003168d2a000a00000e2,2,3,54,322,265,753,607,1.10002,0,0
025040107410003168d2a000a00000e2,2,3,55,322,265,753,607,1.10002,0,0
025040107410003168d2a000a00000e2,2,3,56,322,265,753,607,1.10002,0,0
025040107410003168d2a000a00000e2,2,3,57,322,265,753,607,1.10002,0,0
025040107410003168d2a000a00000e2,2,3,58,322,265,753,607,1.10002,0,0
025040107410003168d2a000a00000e2,2,3,59,322,265,753,607,1.10002,0,0
025040107410003168d2a000a00000e2,2,3,60,322,265,753,607,1.10002,0,0
025040107410003168d2a000a00000e2,2,3,61,322,265,753,607,1.10002,0,0
025040107410003168d2a000a00000e2,2,3,62,322,265,753,607,1.10002,0,0
025040107410003168d2a000a00000e2,2,3,63,322,265,753,607,1.10002,0,0
025040107410003168d2a000a00000e2,2,3,0,322,265,754,608,1.10002,0,0
025040107410003168d2a000a00000e2,2,3,1,322,265,754,608,1.10002,0,0
025040107410003168d2a000a00000e2,2,3,2,322,265,754,608,1.10002,0,0
025040107410003168d2a000a00000e2,2,3,3,322,265,754,608,1.10002,0,0
025040107410003168d2a000a00000e2,2,3,4,322,265,754,608,1.10002,0,0
025040107410003168d2a000a00000e2,2,3,5,322,265,754,608,1.10002,0,0
025040107410003168d2a000a00000e2,2,3,6,322,265,754,608,1.10002,0,0
025040107410003168d2a000a00000e2,2,3,7,322,265,754,608,1.10002,0,0
025040107410003168d2a000a00000e2,2,3,8,322,265,754,608,1.10002,0,0
025040107410003168d2a000a00000e2,2,3,9,322,265,754,608,1.10002,0,0
025040107410003168d2a000a00000e2,2,3,10,322,265,754,608,1.10002,0,0
025040107410003168d2a000a00000e2,2,3,11,322,265,754,608,1.10002,0,0
025040107410003168d2a000a00000e2,2,3,12,322,265,754,608,1.10002,0,0
025040107410003168d2a000a00000e2,2,3,13,322,265,754,608,1.10002,0,0
025040107410003168d2a000a00000e2,2,3,14,322,265,754,608,1.10002,0,0
025040107410003168d2a000a00000e2,2,3,15,322,265,754,608,1.10002,0,0
025040107410003168d2a000a00000e2,2,3,16,322,265,754,608,1.10002,0,0
025040107410003168d2a000a00000e2,2,3,17,322,265,754,608,1.10002,0,0
025040107410003168d2a000a00000e2,2,3,18,322,265,754,608,1.10002,0,0
025040107410003168d2a000a00000e2,2,3,19,322,265,754,608,1.10002,0,0
025040107410003168d2a000a00000e2,2,3,20,322,265,754,608,1.10002,0,0
025040107410003168d2a000a00000e2,2,3,21,322,265,754,608,1.10002,0,0
025040107410003168d2a000a00000e2,2,3,22,322,265,754,608,1.10002,0,0
025040107410003168d2a000a00000e2,2,3,23,322,265,754,608,1.10002,0,0
025040107410003168d2a000a00000e2,2,3,24,322,265,754,608,1.10002,0,0
025040107410003168d2a000a00000e2,2,3,25,322,265,754,608,1.10002,0,0
025040107410003168d2a000a00000e2,2,3,26,322,265,754,608,1.10002,0,0
025040107410003168d2a000a00000e2,2,3,27,322,265,754,608,1.10002,0,0
025040107410003168d2a000a00000e2,2,3,28,322,265,754,608,1.10002,0,0
025040107410003168d2a000a00000e2,2,3,29,322,265,754,608,1.10002,0,0
025040107410003168d2a000a00000e2,2,3,30,322,265,754,608,1.10002,0,0
025040107410003168d2a000a00000e2,2,3,31,322,265,754,608,1.10002,0,0
025040107410003168d2a000a00000e2,2,3,32,322,265,754,608,1.10002,0,0
025040107410003168d2a000a00000e2,2,3,33,322,265,754,608,1.10002,0,0
025040107410003168d2a000a00000e2,2,3,34,322,265,754,608,1.10002,0,0
025040107410003168d2a000a00000e2,2,3,35,322,265,754,608,1.10002,0,0
025040107410003168d2a000a00000e2,2,3,36,322,265,754,608,1.10002,0,0
025040107410003168d2a000a00000e2,2,3,37,322,265,754,608,1.10002,0,0
025040107410003168d2a000a00000e2,2,3,38,322,265,754,608,1.10002,0,0
025040107410003168d2a000a00000e2,2,3,39,322,265,754,608,1.10002,0,0
025040107410003168d2a000a00000e2,2,3,40,322,265,754,608,1.10002,0,0
025040107410003168d2a000a00000e2,2,3,41,322,265,754,608,1.10002,0,0
025040107410003168d2a000a00000e2,2,3,42,322,265,754,608,1.10002,0,0
025040107410003168d2a000a00000e2,2,3,43,322,265,754,608,1.10002,0,0
025040107410003168d2a000a00000e2,2,3,44,322,265,754,608,1.10002,0,0
025040107410003168d2a000a00000e2,2,3,45,322,265,754,608,1.10002,0,0
025040107410003168d2a000a00000e2,2,3,46,322,265,754,608,1.10002,0,0
025040107410003168d2a000a00000e2,2,3,47,322,265,754,608,1.10002,0,0
025040107410003168d2a000a00000e2,2,3,48,322,265,754,608,1.10002,0,0
025040107410003168d2a000a00000e2,2,3,49,322,265,754,608,1.10002,0,0
025040107410003168d2a000a00000e2,2,3,50,322,265,754,608,1.10002,0,0
025040107410003168d2a000a00000e2,2,3,51,322,265,754,608,1.10002,0,0
025040107410003168d2a000a00000e2,2,3,52,322,265,754,608,1.10002,0,0
025040107410003168d2a000a00000e2,2,3,53,322,265,754,608,1.10002,0,0
025040107410003168d2a000a00000e2,2,3,54,322,265,754,608,1.10002,0,0
025040107410003168d2a000a00000e2,2,3,55,322,265,754,608,1.10002,0,0
025040107410003168d2a000a00000e2,2,3,56,322,265,754,608,1.10002,0,0
025040107410003168d2a000a00000e2,2,3,57,322,265,754,608,1.10002,0,0
025040107410003168d2a000a00000e2,2,3,58,322,265,754,608,1.10002,0,0
025040107410003168d2a000a00000e2,2,3,59,322,265,754,608,1.10002,0,0
025040107410003168d2a000a00000e2,2,3,60,322,265,754,608,1.10002,0,0
025040107410003168d2a000a00000e2,2,3,61,322,265,754,608,1.10002,0,0
025040107410003168d2a000a00000e2,2,3,62,322,265,754,608,1.10002,0,0
025040107410003168d2a000a00000e2,2,3,63,322,265,754,608,1.10002,0,0
025040107410003168d2a000a00000e2,2,3,0,322,265,755,608,1.10002,0,0
025040107410003168d2a000a00000e2,2,3,1,322,265,755,608,1.10002,0,0
025040107410003168d2a000a00000e2,2,3,2,322,265,755,608,1.10002,0,0
025040107410003168d2a000a00000e2,2,3,3,322,265,755,608,1.10002,0,0
025040107410003168d2a000a00000e2,2,3,4,322,265,755,608,1.10002,0,0
025040107410003168d2a000a00000e2,2,3,5,322,265,755,608,1.10002,0,0
025040107410003168d2a000a00000e2,2,3,6,322,265,755,608,1.10002,0,0
025040107410003168d2a000a00000e2,2,3,7,322,265,755,608,1.10002,0,0
025040107410003168d2a000a00000e2,2,3,8,322,265,755,608,1.10002,0,0
025040107410003168d2a000a00000e2,2,3,9,322,265,755,608,1.10002,0,0
025040107410003168d2a000a00000e2,2,3,10,322,265,755,608,1.10002,0,0
025040107410003168d2a000a00000e2,2,3,11,322,265,755,608,1.10002,0,0
025040107410003168d2a000a00000e2,2,3,12,322,265,755,608,1.10002,0,0
025040107410003168d2a000a00000e2,2,3,13,322,265,755,608,1.10002,0,0
025040107410003168d2a000a00000e2,2,3,14,322,265,755,608,1.10002,0,0
025040107410003168d2a000a00000e2,2,3,15,322,265,755,608,1.10002,0,0
025040107410003168d2a000a00000e2,2,3,16,322,265,755,608,1.10002,0,0
025040107410003168d2a000a00000e2,2,3,17,322,265,755,608,1.10002,0,0
025040107410003168d2a000a00000e2,2,3,18,322,265,755,608,1.10002,0,0
025040107410003168d2a000a00000e2,2,3,19,322,265,755,608,1.10002,0,0
025040107410003168d2a000a00000e2,2,3,20,322,265,755,608,1.10002,0,0
025040107410003168d2a000a00000e2,2,3,21,322,265,755,608,1.10002,0,0
025040107410003168d2a000a00000e2,2,3,22,322,265,755,608,1.10002,0,0
025040107410003168d2a000a00000e2,2,3,23,322,265,755,608,1.10002,0,0
025040107410003168d2a000a00000e2,2,3,24,322,265,755,608,1.10002,0,0
025040107410003168d2a000a00000e2,2,3,25,322,265,755,608,1.10002,0,0
025040107410003168d2a000a00000e2,2,3,26,322,265,755,608,1.10002,0,0
025040107410003168d2a000a00000e2,2,3,27,322,265,755,608,1.10002,0,0
025040107410003168d2a000a00000e2,2,3,28,322,265,755,608,1.10002,0,0
025040107410003168d2a000a00000e2,2,3,29,322,265,755,608,1.10002,0,0
025040107410003168d2a000a00000e2,2,3,30,322,265,755,608,1.10002,0,0
025040107410003168d2a000a00000e2,2,3,31,322,265,755,608,1.10002,0,0
025040107410003168d2a000a00000e2,2,3,32,322,265,755,608,1.10002,0,0
025040107410003168d2a000a00000e2,2,3,33,322,265,755,608,1.10002,0,0
025040107410003168d2a000a00000e2,2,3,34,322,265,755,608,1.10002,0,0
025040107410003168d2a000a00000e2,2,3,35,322,265,755,608,1.10002,0,0
025040107410003168d2a000a00000e2,2,3,36,322,265,755,608,1.10002,0,0
025040107410003168d2a000a00000e2,2,3,37,322,265,755,608,1.10002,0,0
025040107410003168d2a000a00000e2,2,3,38,322,265,755,608,1.10002,0,0
025040107410003168d2a000a00000e2,2,3,39,322,265,755,608,1.10002,0,0
025040107410003168d2a000a00000e2,2,3,40,322,265,755,608,1.10002,0,0
025040107410003168d2a000a00000e2,2,3,41,322,265,755,608,1.10002,0,0
025040107410003168d2a000a00000e2,2,3,42,322,265,755,608,1.10002,0,0
025040107410003168d2a000a00000e2,2,3,43,322,265,755,608,1.10002,0,0
025040107410003168d2a000a00000e2,2,3,44,322,265,755,608,1.10002,0,0
025040107410003168d2a000a00000e2,2,3,45,322,265,755,608,1.10002,0,0
025040107410003168d2a000a00000e2,2,3,46,322,265,755,608,1.10002,0,0
025040107410003168d2a000a00000e2,2,3,47,322,265,755,608,1.10002,0,0
025040107410003168d2a000a00000e2,2,3,48,322,265,755,608,1.10002,0,0
025040107410003168d2a000a00000e2,2,3,49,322,265,755,608,1.10002,0,0
025040107410003168d2a000a00000e2,2,3,50,322,265,755,608,1.10002,0,0
025040107410003168d2a000a00000e2,2,3,51,322,265,755,608,1.10002,0,0
025040107410003168d2a000a00000e2,2,3,52,322,265,755,608,1.10002,0,0
025040107410003168d2a000a00000e2,2,3,53,322,265,755,608,1.10002,0,0
025040107410003168d2a000a00000e2,2,3,54,322,265,755,608,1.10002,0,0
025040107410003168d2a000a00000e2,2,3,55,322,265,755,608,1.10002,0,0
025040107410003168d2a000a00000e2,2,3,56,322,265,755,608,1.10002,0,0
025040107410003168d2a000a00000e2,2,3,57,322,265,755,608,1.10002,0,0
025040107410003168d2a000a00000e2,2,3,58,322,265,755,608,1.10002,0,0
025040107410003168d2a000a00000e2,2,3,59,322,265,755,608,1.10002,0,0
025040107410003168d2a000a00000e2,2,3,60,322,265,755,608,1.10002,0,0
025040107410003168d2a000a00000e2,2,3,61,322,265,755,608,1.10002,0,0
025040107410003168d2a000a00000e2,2,3,62,322,265,755,608,1.10002,0,0
025040107410003168d2a000a00000e2,2,3,63,322,265,755,608,1.10002,0,0
025040107410003168d2a000a00000e2,2,3,0,322,265,756,609,1.10002,0,0
025040107410003168d2a000a00000e2,2,3,1,322,265,756,609,1.10002,0,0
025040107410003168d2a000a00000e2,2,3,2,322,265,756,609,1.10002,0,0
025040107410003168d2a000a00000e2,2,3,3,322,265,756,609,1.10002,0,0
025040107410003168d2a000a00000e2,2,3,4,322,265,756,609,1.10002,0,0
025040107410003168d2a000a00000e2,2,3,5,322,265,756,609,1.10002,0,0
025040107410003168d2a000a00000e2,2,3,6,322,265,756,609,1.10002,0,0
025040107410003168d2a000a00000e2,2,3,7,322,265,756,609,1.10002,0,0
025040107410003168d2a000a00000e2,2,3,8,322,265,756,609,1.10002,0,0
025040107410003168d2a000a00000e2,2,3,9,322,265,756,609,1.10002,0,0
025040107410003168d2a000a00000e2,2,3,10,322,265,756,609,1.10002,0,0
025040107410003168d2a000a00000e2,2,3,11,322,265,756,609,1.10002,0,0
025040107410003168d2a000a00000e2,2,3,12,322,265,756,609,1.10002,0,0
025040107410003168d2a000a00000e2,2,3,13,322,265,756,609,1.10002,0,0
025040107410003168d2a000a00000e2,2,3,14,322,265,756,609,1.10002,0,0
025040107410003168d2a000a00000e2,2,3,15,322,265,756,609,1.10002,0,0
025040107410003168d2a000a00000e2,2,3,16,322,265,756,609,1.10002,0,0
025040107410003168d2a000a00000e2,2,3,17,322,265,756,609,1.10002,0,0
025040107410003168d2a000a00000e2,2,3,18,322,265,756,609,1.10002,0,0
025040107410003168d2a000a00000e2,2,3,19,322,265,756,609,1.10002,0,0
025040107410003168d2a000a00000e2,2,3,20,322,265,756,609,1.10002,0,0
025040107410003168d2a000a00000e2,2,3,21,322,265,756,609,1.10002,0,0
025040107410003168d2a000a00000e2,2,3,22,322,265,756,609,1.10002,0,0
025040107410003168d2a000a00000e2,2,3,23,322,265,756,609,1.10002,0,0
025040107410003168d2a000a00000e2,2,3,24,322,265,756,609,1.10002,0,0
025040107410003168d2a000a00000e2,2,3,25,322,265,756,609,1.10002,0,0
025040107410003168d2a000a00000e2,2,3,26,322,265,756,609,1.10002,0,0
025040107410003168d2a000a00000e2,2,3,27,322,265,756,609,1.10002,0,0
025040107410003168d2a000a00000e2,2,3,28,322,265,756,609,1.10002,0,0
025040107410003168d2a000a00000e2,2,3,29,322,265,756,609,1.10002,0,0
025040107410003168d2a000a00000e2,2,3,30,322,265,756,609,1.10002,0,0
025040107410003168d2a000a00000e2,2,3,31,322,265,756,609,1.10002,0,0
025040107410003168d2a000a00000e2,2,3,32,322,265,756,609,1.10002,0,0
025040107410003168d2a000a00000e2,2,3,33,322,265,756,609,1.10002,0,0
025040107410003168d2a000a00000e2,2,3,34,322,265,756,609,1.10002,0,0
025040107410003168d2a000a00000e2,2,3,35,322,265,756,609,1.10002,0,0
025040107410003168d2a000a00000e2,2,3,36,322,265,756,609,1.10002,0,0
025040107410003168d2a000a00000e2,2,3,37,322,265,756,609,1.10002,0,0
025040107410003168d2a000a00000e2,2,3,38,322,265,756,609,1.10002,0,0
025040107410003168d2a000a00000e2,2,3,39,322,265,756,609,1.10002,0,0
025040107410003168d2a000a00000e2,2,3,40,322,265,756,609,1.10002,0,0
025040107410003168d2a000a00000e2,2,3,41,322,265,756,609,1.10002,0,0
025040107410003168d2a000a00000e2,2,3,42,322,265,756,609,1.10002,0,0
025040107410003168d2a000a00000e2,2,3,43,322,265,756,609,1.10002,0,0
025040107410003168d2a000a00000e2,2,3,44,322,265,756,609,1.10002,0,0
025040107410003168d2a000a00000e2,2,3,45,322,265,756,609,1.10002,0,0
025040107410003168d2a000a00000e2,2,3,46,322,265,756,609,1.10002,0,0
025040107410003168d2a000a00000e2,2,3,47,322,265,756,609,1.10002,0,0
025040107410003168d2a000a00000e2,2,3,48,322,265,756,609,1.10002,0,0
025040107410003168d2a000a00000e2,2,3,49,322,265,756,609,1.10002,0,0
025040107410003168d2a000a00000e2,2,3,50,322,265,756,609,1.10002,0,0
025040107410003168d2a000a00000e2,2,3,51,322,265,756,609,1.10002,0,0
025040107410003168d2a000a00000e2,2,3,52,322,265,756,609,1.10002,0,0
025040107410003168d2a000a00000e2,2,3,53,322,265,756,609,1.10002,0,0
025040107410003168d2a000a00000e2,2,3,54,322,265,756,609,1.10002,0,0
025040107410003168d2a000a00000e2,2,3,55,322,265,756,609,1.10002,0,0
025040107410003168d2a000a00000e2,2,3,56,322,265,756,609,1.10002,0,0
025040107410003168d2a000a00000e2,2,3,57,322,265,756,609,1.10002,0,0
025040107410003168d2a000a00000e2,2,3,58,322,265,756,609,1.10002,0,0
025040107410003168d2a000a00000e2,2,3,59,322,265,756,609,1.10002,0,0
025040107410003168d2a000a00000e2,2,3,60,322,265,756,609,1.10002,0,0
025040107410003168d2a000a00000e2,2,3,61,322,265,756,609,1.10002,0,0
025040107410003168d2a000a00000e2,2,3,62,322,265,756,609,1.10002,0,0
025040107410003168d2a000a00000e2,2,3,63,322,265,756,609,1.10002,0,0
025040107410003168d2a000a00000e2,2,3,0,322,265,757,610,1.10002,0,0
025040107410003168d2a000a00000e2,2,3,1,322,265,757,610,1.10002,0,0
025040107410003168d2a000a00000e2,2,3,2,322,265,757,610,1.10002,0,0
025040107410003168d2a000a00000e2,2,3,3,322,265,757,610,1.10002,0,0
025040107410003168d2a000a00000e2,2,3,4,322,265,757,610,1.10002,0,0
025040107410003168d2a000a00000e2,2,3,5,322,265,757,610,1.10002,0,0
025040107410003168d2a000a00000e2,2,3,6,322,265,757,610,1.10002,0,0
025040107410003168d2a000a00000e2,2,3,7,322,265,757,610,1.10002,0,0
025040107410003168d2a000a00000e2,2,3,8,322,265,757,610,1.10002,0,0
025040107410003168d2a000a00000e2,2,3,9,322,265,757,610,1.10002,0,0
025040107410003168d2a000a00000e2,2,3,10,322,265,757,610,1.10002,0,0
025040107410003168d2a000a00000e2,2,3,11,322,265,757,610,1.10002,0,0
025040107410003168d2a000a00000e2,2,3,12,322,265,757,610,1.10002,0,0
025040107410003168d2a000a00000e2,2,3,13,322,265,757,610,1.10002,0,0
025040107410003168d2a000a00000e2,2,3,14,322,265,757,610,1.10002,0,0
025040107410003168d2a000a00000e2,2,3,15,322,265,757,610,1.10002,0,0
025040107410003168d2a000a00000e2,2,3,16,322,265,757,610,1.10002,0,0
025040107410003168d2a000a00000e2,2,3,17,322,265,757,610,1.10002,0,0
025040107410003168d2a000a00000e2,2,3,18,322,265,757,610,1.10002,0,0
025040107410003168d2a000a00000e2,2,3,19,322,265,757,610,1.10002,0,0
025040107410003168d2a000a00000e2,2,3,20,322,265,757,610,1.10002,0,0
025040107410003168d2a000a00000e2,2,3,21,322,265,757,610,1.10002,0,0
025040107410003168d2a000a00000e2,2,3,22,322,265,757,610,1.10002,0,0
025040107410003168d2a000a00000e2,2,3,23,322,265,757,610,1.10002,0,0
025040107410003168d2a000a00000e2,2,3,24,322,265,757,610,1.10002,0,0
025040107410003168d2a000a00000e2,2,3,25,322,265,757,610,1.10002,0,0
025040107410003168d2a000a00000e2,2,3,26,322,265,757,610,1.10002,0,0
025040107410003168d2a000a00000e2,2,3,27,322,265,757,610,1.10002,0,0
025040107410003168d2a000a00000e2,2,3,28,322,265,757,610,1.10002,0,0
025040107410003168d2a000a00000e2,2,3,29,322,265,757,610,1.10002,0,0
025040107410003168d2a000a00000e2,2,3,30,322,265,757,610,1.10002,0,0
025040107410003168d2a000a00000e2,2,3,31,322,265,757,610,1.10002,0,0
025040107410003168d2a000a00000e2,2,3,32,322,265,757,610,1.10002,0,0
025040107410003168d2a000a00000e2,2,3,33,322,265,757,610,1.10002,0,0
025040107410003168d2a000a00000e2,2,3,34,322,265,757,610,1.10002,0,0
025040107410003168d2a000a00000e2,2,3,35,322,265,757,610,1.10002,0,0
025040107410003168d2a000a00000e2,2,3,36,322,265,757,610,1.10002,0,0
025040107410003168d2a000a00000e2,2,3,37,322,265,757,610,1.10002,0,0
025040107410003168d2a000a00000e2,2,3,38,322,265,757,610,1.10002,0,0
025040107410003168d2a000a00000e2,2,3,39,322,265,757,610,1.10002,0,0
025040107410003168d2a000a00000e2,2,3,40,322,265,757,610,1.10002,0,0
025040107410003168d2a000a00000e2,2,3,41,322,265,757,610,1.10002,0,0
025040107410003168d2a000a00000e2,2,3,42,322,265,757,610,1.10002,0,0
025040107410003168d2a000a00000e2,2,3,43,322,265,757,610,1.10002,0,0
025040107410003168d2a000a00000e2,2,3,44,322,265,757,610,1.10002,0,0
025040107410003168d2a000a00000e2,2,3,45,322,265,757,610,1.10002,0,0
025040107410003168d2a000a00000e2,2,3,46,322,265,757,610,1.10002,0,0
025040107410003168d2a000a00000e2,2,3,47,322,265,757,610,1.10002,0,0
025040107410003168d2a000a00000e2,2,3,48,322,265,757,610,1.10002,0,0
025040107410003168d2a000a00000e2,2,3,49,322,265,757,610,1.10002,0,0
025040107410003168d2a000a00000e2,2,3,50,322,265,757,610,1.10002,0,0
025040107410003168d2a000a00000e2,2,3,51,322,265,757,610,1.10002,0,0
025040107410003168d2a000a00000e2,2,3,52,322,265,757,610,1.10002,0,0
025040107410003168d2a000a00000e2,2,3,53,322,265,757,610,1.10002,0,0
025040107410003168d2a000a00000e2,2,3,54,322,265,757,610,1.10002,0,0
025040107410003168d2a000a00000e2,2,3,55,322,265,757,610,1.10002,0,0
025040107410003168d2a000a00000e2,2,3,56,322,265,757,610,1.10002,0,0
025040107410003168d2a000a00000e2,2,3,57,322,265,757,610,1.10002,0,0
025040107410003168d2a000a00000e2,2,3,58,322,265,757,610,1.10002,0,0
025040107410003168d2a000a00000e2,2,3,59,322,265,757,610,1.10002,0,0
025040107410003168d2a000a00000e2,2,3,60,322,265,757,610,1.10002,0,0
025040107410003168d2a000a00000e2,2,3,61,322,265,757,610,1.10002,0,0
025040107410003168d2a000a00000e2,2,3,62,322,265,757,610,1.10002,0,0
025040107410003168d2a000a00000e2,2,3,63,322,265,757,610,1.10002,0,0
025040107410003168d2a000a00000e2,2,3,0,322,265,758,611,1.10002,0,0
025040107410003168d2a000a00000e2,2,3,1,322,265,758,611,1.10002,0,0
025040107410003168d2a000a00000e2,2,3,2,322,265,758,611,1.10002,0,0
025040107410003168d2a000a00000e2,2,3,3,322,265,758,611,1.10002,0,0
025040107410003168d2a000a00000e2,2,3,4,322,265,758,611,1.10002,0,0
025040107410003168d2a000a00000e2,2,3,5,322,265,758,611,1.10002,0,0
025040107410003168d2a000a00000e2,2,3,6,322,265,758,611,1.10002,0,0
025040107410003168d2a000a00000e2,2,3,7,322,265,758,611,1.10002,0,0
025040107410003168d2a000a00000e2,2,3,8,322,265,758,611,1.10002,0,0
025040107410003168d2a000a00000e2,2,3,9,322,265,758,611,1.10002,0,0
025040107410003168d2a000a00000e2,2,3,10,322,265,758,611,1.10002,0,0
025040107410003168d2a000a00000e2,2,3,11,322,265,758,611,1.10002,0,0
025040107410003168d2a000a00000e2,2,3,12,322,265,758,611,1.10002,0,0
025040107410003168d2a000a00000e2,2,3,13,322,265,758,611,1.10002,0,0
025040107410003168d2a000a00000e2,2,3,14,322,265,758,611,1.10002,0,0
025040107410003168d2a000a00000e2,2,3,15,322,265,758,611,1.10002,0,0
025040107410003168d2a000a00000e2,2,3,16,322,265,758,611,1.10002,0,0
025040107410003168d2a000a00000e2,2,3,17,322,265,758,611,1.10002,0,0
025040107410003168d2a000a00000e2,2,3,18,322,265,758,611,1.10002,0,0
025040107410003168d2a000a00000e2,2,3,19,322,265,758,611,1.10002,0,0
025040107410003168d2a000a00000e2,2,3,20,322,265,758,611,1.10002,0,0
025040107410003168d2a000a00000e2,2,3,21,322,265,758,611,1.10002,0,0
025040107410003168d2a000a00000e2,2,3,22,322,265,758,611,1.10002,0,0
025040107410003168d2a000a00000e2,2,3,23,322,265,758,611,1.10002,0,0
025040107410003168d2a000a00000e2,2,3,24,322,265,758,611,1.10002,0,0
025040107410003168d2a000a00000e2,2,3,25,322,265,758,611,1.10002,0,0
025040107410003168d2a000a00000e2,2,3,26,322,265,758,611,1.10002,0,0
025040107410003168d2a000a00000e2,2,3,27,322,265,758,611,1.10002,0,0
025040107410003168d2a000a00000e2,2,3,28,322,265,758,611,1.10002,0,0
025040107410003168d2a000a00000e2,2,3,29,322,265,758,611,1.10002,0,0
025040107410003168d2a000a00000e2,2,3,30,322,265,758,611,1.10002,0,0
025040107410003168d2a000a00000e2,2,3,31,322,265,758,611,1.10002,0,0
025040107410003168d2a000a00000e2,2,3,32,322,265,758,611,1.10002,0,0
025040107410003168d2a000a00000e2,2,3,33,322,265,758,611,1.10002,0,0
025040107410003168d2a000a00000e2,2,3,34,322,265,758,611,1.10002,0,0
025040107410003168d2a000a00000e2,2,3,35,322,265,758,611,1.10002,0,0
025040107410003168d2a000a00000e2,2,3,36,322,265,758,611,1.10002,0,0
025040107410003168d2a000a00000e2,2,3,37,322,265,758,611,1.10002,0,0
025040107410003168d2a000a00000e2,2,3,38,322,265,758,611,1.10002,0,0
025040107410003168d2a000a00000e2,2,3,39,322,265,758,611,1.10002,0,0
025040107410003168d2a000a00000e2,2,3,40,322,265,758,611,1.10002,0,0
025040107410003168d2a000a00000e2,2,3,41,322,265,758,611,1.10002,0,0
025040107410003168d2a000a00000e2,2,3,42,322,265,758,611,1.10002,0,0
025040107410003168d2a000a00000e2,2,3,43,322,265,758,611,1.10002,0,0
025040107410003168d2a000a00000e2,2,3,44,322,265,758,611,1.10002,0,0
025040107410003168d2a000a00000e2,2,3,45,322,265,758,611,1.10002,0,0
025040107410003168d2a000a00000e2,2,3,46,322,265,758,611,1.10002,0,0
025040107410003168d2a000a00000e2,2,3,47,322,265,758,611,1.10002,0,0
025040107410003168d2a000a00000e2,2,3,48,322,265,758,611,1.10002,0,0
025040107410003168d2a000a00000e2,2,3,49,322,265,758,611,1.10002,0,0
025040107410003168d2a000a00000e2,2,3,50,322,265,758,611,1.10002,0,0
025040107410003168d2a000a00000e2,2,3,51,322,265,758,611,1.10002,0,0
025040107410003168d2a000a00000e2,2,3,52,322,265,758,611,1.10002,0,0
025040107410003168d2a000a00000e2,2,3,53,322,265,758,611,1.10002,0,0
025040107410003168d2a000a00000e2,2,3,54,322,265,758,611,1.10002,0,0
025040107410003168d2a000a00000e2,2,3,55,322,265,758,611,1.10002,0,0
025040107410003168d2a000a00000e2,2,3,56,322,265,758,611,1.10002,0,0
025040107410003168d2a000a00000e2,2,3,57,322,265,758,611,1.10002,0,0
025040107410003168d2a000a00000e2,2,3,58,322,265,758,611,1.10002,0,0
025040107410003168d2a000a00000e2,2,3,59,322,265,758,611,1.10002,0,0
025040107410003168d2a000a00000e2,2,3,60,322,265,758,611,1.10002,0,0
025040107410003168d2a000a00000e2,2,3,61,322,265,758,611,1.10002,0,0
025040107410003168d2a000a00000e2,2,3,62,322,265,758,611,1.10002,0,0
025040107410003168d2a000a00000e2,2,3,63,322,265,758,611,1.10002,0,0
025040107410003168d2a000a00000e2,2,3,0,322,265,759,611,1.10002,0,0
025040107410003168d2a000a00000e2,2,3,1,322,265,759,611,1.10002,0,0
025040107410003168d2a000a00000e2,2,3,2,322,265,759,611,1.10002,0,0
025040107410003168d2a000a00000e2,2,3,3,322,265,759,611,1.10002,0,0
025040107410003168d2a000a00000e2,2,3,4,322,265,759,611,1.10002,0,0
025040107410003168d2a000a00000e2,2,3,5,322,265,759,611,1.10002,0,0
025040107410003168d2a000a00000e2,2,3,6,322,265,759,611,1.10002,0,0
025040107410003168d2a000a00000e2,2,3,7,322,265,759,611,1.10002,0,0
025040107410003168d2a000a00000e2,2,3,8,322,265,759,611,1.10002,0,0
025040107410003168d2a000a00000e2,2,3,9,322,265,759,611,1.10002,0,0
025040107410003168d2a000a00000e2,2,3,10,322,265,759,611,1.10002,0,0
025040107410003168d2a000a00000e2,2,3,11,322,265,759,611,1.10002,0,0
025040107410003168d2a000a00000e2,2,3,12,322,265,759,611,1.10002,0,0
025040107410003168d2a000a00000e2,2,3,13,322,265,759,611,1.10002,0,0
025040107410003168d2a000a00000e2,2,3,14,322,265,759,611,1.10002,0,0
025040107410003168d2a000a00000e2,2,3,15,322,265,759,611,1.10002,0,0
025040107410003168d2a000a00000e2,2,3,16,322,265,759,611,1.10002,0,0
025040107410003168d2a000a00000e2,2,3,17,322,265,759,611,1.10002,0,0
025040107410003168d2a000a00000e2,2,3,18,322,265,759,611,1.10002,0,0
025040107410003168d2a000a00000e2,2,3,19,322,265,759,611,1.10002,0,0
025040107410003168d2a000a00000e2,2,3,20,322,265,759,611,1.10002,0,0
025040107410003168d2a000a00000e2,2,3,21,322,265,759,611,1.10002,0,0
025040107410003168d2a000a00000e2,2,3,22,322,265,759,611,1.10002,0,0
025040107410003168d2a000a00000e2,2,3,23,322,265,759,611,1.10002,0,0
025040107410003168d2a000a00000e2,2,3,24,322,265,759,611,1.10002,0,0
025040107410003168d2a000a00000e2,2,3,25,322,265,759,611,1.10002,0,0
025040107410003168d2a000a00000e2,2,3,26,322,265,759,611,1.10002,0,0
025040107410003168d2a000a00000e2,2,3,27,322,265,759,611,1.10002,0,0
025040107410003168d2a000a00000e2,2,3,28,322,265,759,611,1.10002,0,0
025040107410003168d2a000a00000e2,2,3,29,322,265,759,611,1.10002,0,0
025040107410003168d2a000a00000e2,2,3,30,322,265,759,611,1.10002,0,0
025040107410003168d2a000a00000e2,2,3,31,322,265,759,611,1.10002,0,0
025040107410003168d2a000a00000e2,2,3,32,322,265,759,611,1.10002,0,0
025040107410003168d2a000a00000e2,2,3,33,322,265,759,611,1.10002,0,0
025040107410003168d2a000a00000e2,2,3,34,322,265,759,611,1.10002,0,0
025040107410003168d2a000a00000e2,2,3,35,322,265,759,611,1.10002,0,0
025040107410003168d2a000a00000e2,2,3,36,322,265,759,611,1.10002,0,0
025040107410003168d2a000a00000e2,2,3,37,322,265,759,611,1.10002,0,0
025040107410003168d2a000a00000e2,2,3,38,322,265,759,611,1.10002,0,0
025040107410003168d2a000a00000e2,2,3,39,322,265,759,611,1.10002,0,0
025040107410003168d2a000a00000e2,2,3,40,322,265,759,611,1.10002,0,0
025040107410003168d2a000a00000e2,2,3,41,322,265,759,611,1.10002,0,0
025040107410003168d2a000a00000e2,2,3,42,322,265,759,611,1.10002,0,0
025040107410003168d2a000a00000e2,2,3,43,322,265,759,611,1.10002,0,0
025040107410003168d2a000a00000e2,2,3,44,322,265,759,611,1.10002,0,0
025040107410003168d2a000a00000e2,2,3,45,322,265,759,611,1.10002,0,0
025040107410003168d2a000a00000e2,2,3,46,322,265,759,611,1.10002,0,0
025040107410003168d2a000a00000e2,2,3,47,322,265,759,611,1.10002,0,0
025040107410003168d2a000a00000e2,2,3,48,322,265,759,611,1.10002,0,0
025040107410003168d2a000a00000e2,2,3,49,322,265,759,611,1.10002,0,0
025040107410003168d2a000a00000e2,2,3,50,322,265,759,611,1.10002,0,0
025040107410003168d2a000a00000e2,2,3,51,322,265,759,611,1.10002,0,0
025040107410003168d2a000a00000e2,2,3,52,322,265,759,611,1.10002,0,0
025040107410003168d2a000a00000e2,2,3,53,322,265,759,611,1.10002,0,0
025040107410003168d2a000a00000e2,2,3,54,322,265,759,611,1.10002,0,0
025040107410003168d2a000a00000e2,2,3,55,322,265,759,611,1.10002,0,0
025040107410003168d2a000a00000e2,2,3,56,322,265,759,611,1.10002,0,0
025040107410003168d2a000a00000e2,2,3,57,322,265,759,611,1.10002,0,0
025040107410003168d2a000a00000e2,2,3,58,322,265,759,611,1.10002,0,0
025040107410003168d2a000a00000e2,2,3,59,322,265,759,611,1.10002,0,0
025040107410003168d2a000a00000e2,2,3,60,322,265,759,611,1.10002,0,0
025040107410003168d2a000a00000e2,2,3,61,322,265,759,611,1.10002,0,0
025040107410003168d2a000a00000e2,2,3,62,322,265,759,611,1.10002,0,0
025040107410003168d2a000a00000e2,2,3,63,322,265,759,611,1.10002,0,0
025040107410003168d2a000a00000e2,2,3,0,322,265,760,612,1.10002,0,0
025040107410003168d2a000a00000e2,2,3,1,322,265,760,612,1.10002,0,0
025040107410003168d2a000a00000e2,2,3,2,322,265,760,612,1.10002,0,0
025040107410003168d2a000a00000e2,2,3,3,322,265,760,612,1.10002,0,0
025040107410003168d2a000a00000e2,2,3,4,322,265,760,612,1.10002,0,0
025040107410003168d2a000a00000e2,2,3,5,322,265,760,612,1.10002,0,0
025040107410003168d2a000a00000e2,2,3,6,322,265,760,612,1.10002,0,0
025040107410003168d2a000a00000e2,2,3,7,322,265,760,612,1.10002,0,0
025040107410003168d2a000a00000e2,2,3,8,322,265,760,612,1.10002,0,0
025040107410003168d2a000a00000e2,2,3,9,322,265,760,612,1.10002,0,0
025040107410003168d2a000a00000e2,2,3,10,322,265,760,612,1.10002,0,0
025040107410003168d2a000a00000e2,2,3,11,322,265,760,612,1.10002,0,0
025040107410003168d2a000a00000e2,2,3,12,322,265,760,612,1.10002,0,0
025040107410003168d2a000a00000e2,2,3,13,322,265,760,612,1.10002,0,0
025040107410003168d2a000a00000e2,2,3,14,322,265,760,612,1.10002,0,0
025040107410003168d2a000a00000e2,2,3,15,322,265,760,612,1.10002,0,0
025040107410003168d2a000a00000e2,2,3,16,322,265,760,612,1.10002,0,0
025040107410003168d2a000a00000e2,2,3,17,322,265,760,612,1.10002,0,0
025040107410003168d2a000a00000e2,2,3,18,322,265,760,612,1.10002,0,0
025040107410003168d2a000a00000e2,2,3,19,322,265,760,612,1.10002,0,0
025040107410003168d2a000a00000e2,2,3,20,322,265,760,612,1.10002,0,0
025040107410003168d2a000a00000e2,2,3,21,322,265,760,612,1.10002,0,0
025040107410003168d2a000a00000e2,2,3,22,322,265,760,612,1.10002,0,0
025040107410003168d2a000a00000e2,2,3,23,322,265,760,612,1.10002,0,0
025040107410003168d2a000a00000e2,2,3,24,322,265,760,612,1.10002,0,0
025040107410003168d2a000a00000e2,2,3,25,322,265,760,612,1.10002,0,0
025040107410003168d2a000a00000e2,2,3,26,322,265,760,612,1.10002,0,0
025040107410003168d2a000a00000e2,2,3,27,322,265,760,612,1.10002,0,0
025040107410003168d2a000a00000e2,2,3,28,322,265,760,612,1.10002,0,0
025040107410003168d2a000a00000e2,2,3,29,322,265,760,612,1.10002,0,0
025040107410003168d2a000a00000e2,2,3,30,322,265,760,612,1.10002,0,0
025040107410003168d2a000a00000e2,2,3,31,322,265,760,612,1.10002,0,0
025040107410003168d2a000a00000e2,2,3,32,322,265,760,612,1.10002,0,0
025040107410003168d2a000a00000e2,2,3,33,322,265,760,612,1.10002,0,0
025040107410003168d2a000a00000e2,2,3,34,322,265,760,612,1.10002,0,0
025040107410003168d2a000a00000e2,2,3,35,322,265,760,612,1.10002,0,0
025040107410003168d2a000a00000e2,2,3,36,322,265,760,612,1.10002,0,0
025040107410003168d2a000a00000e2,2,3,37,322,265,760,612,1.10002,0,0
025040107410003168d2a000a00000e2,2,3,38,322,265,760,612,1.10002,0,0
025040107410003168d2a000a00000e2,2,3,39,322,265,760,612,1.10002,0,0
025040107410003168d2a000a00000e2,2,3,40,322,265,760,612,1.10002,0,0
025040107410003168d2a000a00000e2,2,3,41,322,265,760,612,1.10002,0,0
025040107410003168d2a000a00000e2,2,3,42,322,265,760,612,1.10002,0,0
025040107410003168d2a000a00000e2,2,3,43,322,265,760,612,1.10002,0,0
025040107410003168d2a000a00000e2,2,3,44,322,265,760,612,1.10002,0,0
025040107410003168d2a000a00000e2,2,3,45,322,265,760,612,1.10002,0,0
025040107410003168d2a000a00000e2,2,3,46,322,265,760,612,1.10002,0,0
025040107410003168d2a000a00000e2,2,3,47,322,265,760,612,1.10002,0,0
025040107410003168d2a000a00000e2,2,3,48,322,265,760,612,1.10002,0,0
025040107410003168d2a000a00000e2,2,3,49,322,265,760,612,1.10002,0,0
025040107410003168d2a000a00000e2,2,3,50,322,265,760,612,1.10002,0,0
025040107410003168d2a000a00000e2,2,3,51,322,265,760,612,1.10002,0,0
025040107410003168d2a000a00000e2,2,3,52,322,265,760,612,1.10002,0,0
025040107410003168d2a000a00000e2,2,3,53,322,265,760,612,1.10002,0,0
025040107410003168d2a000a00000e2,2,3,54,322,265,760,612,1.10002,0,0
025040107410003168d2a000a00000e2,2,3,55,322,265,760,612,1.10002,0,0
025040107410003168d2a000a00000e2,2,3,56,322,265,760,612,1.10002,0,0
025040107410003168d2a000a00000e2,2,3,57,322,265,760,612,1.10002,0,0
025040107410003168d2a000a00000e2,2,3,58,322,265,760,612,1.10002,0,0
025040107410003168d2a000a00000e2,2,3,59,322,265,760,612,1.10002,0,0
025040107410003168d2a000a00000e2,2,3,60,322,265,760,612,1.10002,0,0
025040107410003168d2a000a00000e2,2,3,61,322,265,760,612,1.10002,0,0
025040107410003168d2a000a00000e2,2,3,62,322,265,760,612,1.10002,0,0
025040107410003168d2a000a00000e2,2,3,63,322,265,760,612,1.10002,0,0
025040107410003168d2a000a00000e2,2,3,0,322,265,761,613,1.10002,0,0
025040107410003168d2a000a00000e2,2,3,1,322,265,761,613,1.10002,0,0
025040107410003168d2a000a00000e2,2,3,2,322,265,761,613,1.10002,0,0
025040107410003168d2a000a00000e2,2,3,3,322,265,761,613,1.10002,0,0
025040107410003168d2a000a00000e2,2,3,4,322,265,761,613,1.10002,0,0
025040107410003168d2a000a00000e2,2,3,5,322,265,761,613,1.10002,0,0
025040107410003168d2a000a00000e2,2,3,6,322,265,761,613,1.10002,0,0
025040107410003168d2a000a00000e2,2,3,7,322,265,761,613,1.10002,0,0
025040107410003168d2a000a00000e2,2,3,8,322,265,761,613,1.10002,0,0
025040107410003168d2a000a00000e2,2,3,9,322,265,761,613,1.10002,0,0
025040107410003168d2a000a00000e2,2,3,10,322,265,761,613,1.10002,0,0
025040107410003168d2a000a00000e2,2,3,11,322,265,761,613,1.10002,0,0
025040107410003168d2a000a00000e2,2,3,12,322,265,761,613,1.10002,0,0
025040107410003168d2a000a00000e2,2,3,13,322,265,761,613,1.10002,0,0
025040107410003168d2a000a00000e2,2,3,14,322,265,761,613,1.10002,0,0
025040107410003168d2a000a00000e2,2,3,15,322,265,761,613,1.10002,0,0
025040107410003168d2a000a00000e2,2,3,16,322,265,761,613,1.10002,0,0
025040107410003168d2a000a00000e2,2,3,17,322,265,761,613,1.10002,0,0
025040107410003168d2a000a00000e2,2,3,18,322,265,761,613,1.10002,0,0
025040107410003168d2a000a00000e2,2,3,19,322,265,761,613,1.10002,0,0
025040107410003168d2a000a00000e2,2,3,20,322,265,761,613,1.10002,0,0
025040107410003168d2a000a00000e2,2,3,21,322,265,761,613,1.10002,0,0
025040107410003168d2a000a00000e2,2,3,22,322,265,761,613,1.10002,0,0
025040107410003168d2a000a00000e2,2,3,23,322,265,761,613,1.10002,0,0
025040107410003168d2a000a00000e2,2,3,24,322,265,761,613,1.10002,0,0
025040107410003168d2a000a00000e2,2,3,25,322,265,761,613,1.10002,0,0
025040107410003168d2a000a00000e2,2,3,26,322,265,761,613,1.10002,0,0
025040107410003168d2a000a00000e2,2,3,27,322,265,761,613,1.10002,0,0
025040107410003168d2a000a00000e2,2,3,28,322,265,761,613,1.10002,0,0
025040107410003168d2a000a00000e2,2,3,29,322,265,761,613,1.10002,0,0
025040107410003168d2a000a00000e2,2,3,30,322,265,761,613,1.10002,0,0
025040107410003168d2a000a00000e2,2,3,31,322,265,761,613,1.10002,0,0
025040107410003168d2a000a00000e2,2,3,32,322,265,761,613,1.10002,0,0
025040107410003168d2a000a00000e2,2,3,33,322,265,761,613,1.10002,0,0
025040107410003168d2a000a00000e2,2,3,34,322,265,761,613,1.10002,0,0
025040107410003168d2a000a00000e2,2,3,35,322,265,761,613,1.10002,0,0
025040107410003168d2a000a00000e2,2,3,36,322,265,761,613,1.10002,0,0
025040107410003168d2a000a00000e2,2,3,37,322,265,761,613,1.10002,0,0
025040107410003168d2a000a00000e2,2,3,38,322,265,761,613,1.10002,0,0
025040107410003168d2a000a00000e2,2,3,39,322,265,761,613,1.10002,0,0
025040107410003168d2a000a00000e2,2,3,40,322,265,761,613,1.10002,0,0
025040107410003168d2a000a00000e2,2,3,41,322,265,761,613,1.10002,0,0
025040107410003168d2a000a00000e2,2,3,42,322,265,761,613,1.10002,0,0
025040107410003168d2a000a00000e2,2,3,43,322,265,761,613,1.10002,0,0
025040107410003168d2a000a00000e2,2,3,44,322,265,761,613,1.10002,0,0
025040107410003168d2a000a00000e2,2,3,45,322,265,761,613,1.10002,0,0
025040107410003168d2a000a00000e2,2,3,46,322,265,761,613,1.10002,0,0
025040107410003168d2a000a00000e2,2,3,47,322,265,761,613,1.10002,0,0
025040107410003168d2a000a00000e2,2,3,48,322,265,761,613,1.10002,0,0
025040107410003168d2a000a00000e2,2,3,49,322,265,761,613,1.10002,0,0
025040107410003168d2a000a00000e2,2,3,50,322,265,761,613,1.10002,0,0
025040107410003168d2a000a00000e2,2,3,51,322,265,761,613,1.10002,0,0
025040107410003168d2a000a00000e2,2,3,52,322,265,761,613,1.10002,0,0
025040107410003168d2a000a00000e2,2,3,53,322,265,761,613,1.10002,0,0
025040107410003168d2a000a00000e2,2,3,54,322,265,761,613,1.10002,0,0
025040107410003168d2a000a00000e2,2,3,55,322,265,761,613,1.10002,0,0
025040107410003168d2a000a00000e2,2,3,56,322,265,761,613,1.10002,0,0
025040107410003168d2a000a00000e2,2,3,57,322,265,761,613,1.10002,0,0
025040107410003168d2a000a00000e2,2,3,58,322,265,761,613,1.10002,0,0
025040107410003168d2a000a00000e2,2,3,59,322,265,761,613,1.10002,0,0
025040107410003168d2a000a00000e2,2,3,60,322,265,761,613,1.10002,0,0
025040107410003168d2a000a00000e2,2,3,61,322,265,761,613,1.10002,0,0
025040107410003168d2a000a00000e2,2,3,62,322,265,761,613,1.10002,0,0
025040107410003168d2a000a00000e2,2,3,63,322,265,761,613,1.10002,0,0
025040107410003168d2a000a00000e2,2,3,0,322,265,762,614,1.10002,0,0
025040107410003168d2a000a00000e2,2,3,1,322,265,762,614,1.10002,0,0
025040107410003168d2a000a00000e2,2,3,2,322,265,762,614,1.10002,0,0
025040107410003168d2a000a00000e2,2,3,3,322,265,762,614,1.10002,0,0
025040107410003168d2a000a00000e2,2,3,4,322,265,762,614,1.10002,0,0
025040107410003168d2a000a00000e2,2,3,5,322,265,762,614,1.10002,0,0
025040107410003168d2a000a00000e2,2,3,6,322,265,762,614,1.10002,0,0
025040107410003168d2a000a00000e2,2,3,7,322,265,762,614,1.10002,0,0
025040107410003168d2a000a00000e2,2,3,8,322,265,762,614,1.10002,0,0
025040107410003168d2a000a00000e2,2,3,9,322,265,762,614,1.10002,0,0
025040107410003168d2a000a00000e2,2,3,10,322,265,762,614,1.10002,0,0
025040107410003168d2a000a00000e2,2,3,11,322,265,762,614,1.10002,0,0
025040107410003168d2a000a00000e2,2,3,12,322,265,762,614,1.10002,0,0
025040107410003168d2a000a00000e2,2,3,13,322,265,762,614,1.10002,0,0
025040107410003168d2a000a00000e2,2,3,14,322,265,762,614,1.10002,0,0
025040107410003168d2a000a00000e2,2,3,15,322,265,762,614,1.10002,0,0
025040107410003168d2a000a00000e2,2,3,16,322,265,762,614,1.10002,0,0
025040107410003168d2a000a00000e2,2,3,17,322,265,762,614,1.10002,0,0
025040107410003168d2a000a00000e2,2,3,18,322,265,762,614,1.10002,0,0
025040107410003168d2a000a00000e2,2,3,19,322,265,762,614,1.10002,0,0
025040107410003168d2a000a00000e2,2,3,20,322,265,762,614,1.10002,0,0
025040107410003168d2a000a00000e2,2,3,21,322,265,762,614,1.10002,0,0
025040107410003168d2a000a00000e2,2,3,22,322,265,762,614,1.10002,0,0
025040107410003168d2a000a00000e2,2,3,23,322,265,762,614,1.10002,0,0
025040107410003168d2a000a00000e2,2,3,24,322,265,762,614,1.10002,0,0
025040107410003168d2a000a00000e2,2,3,25,322,265,762,614,1.10002,0,0
025040107410003168d2a000a00000e2,2,3,26,322,265,762,614,1.10002,0,0
025040107410003168d2a000a00000e2,2,3,27,322,265,762,614,1.10002,0,0
025040107410003168d2a000a00000e2,2,3,28,322,265,762,614,1.10002,0,0
025040107410003168d2a000a00000e2,2,3,29,322,265,762,614,1.10002,0,0
025040107410003168d2a000a00000e2,2,3,30,322,265,762,614,1.10002,0,0
025040107410003168d2a000a00000e2,2,3,31,322,265,762,614,1.10002,0,0
025040107410003168d2a000a00000e2,2,3,32,322,265,762,614,1.10002,0,0
025040107410003168d2a000a00000e2,2,3,33,322,265,762,614,1.10002,0,0
025040107410003168d2a000a00000e2,2,3,34,322,265,762,614,1.10002,0,0
025040107410003168d2a000a00000e2,2,3,35,322,265,762,614,1.10002,0,0
025040107410003168d2a000a00000e2,2,3,36,322,265,762,614,1.10002,0,0
025040107410003168d2a000a00000e2,2,3,37,322,265,762,614,1.10002,0,0
025040107410003168d2a000a00000e2,2,3,38,322,265,762,614,1.10002,0,0
025040107410003168d2a000a00000e2,2,3,39,322,265,762,614,1.10002,0,0
025040107410003168d2a000a00000e2,2,3,40,322,265,762,614,1.10002,0,0
025040107410003168d2a000a00000e2,2,3,41,322,265,762,614,1.10002,0,0
025040107410003168d2a000a00000e2,2,3,42,322,265,762,614,1.10002,0,0
025040107410003168d2a000a00000e2,2,3,43,322,265,762,614,1.10002,0,0
025040107410003168d2a000a00000e2,2,3,44,322,265,762,614,1.10002,0,0
025040107410003168d2a000a00000e2,2,3,45,322,265,762,614,1.10002,0,0
025040107410003168d2a000a00000e2,2,3,46,322,265,762,614,1.10002,0,0
025040107410003168d2a000a00000e2,2,3,47,322,265,762,614,1.10002,0,0
025040107410003168d2a000a00000e2,2,3,48,322,265,762,614,1.10002,0,0
025040107410003168d2a000a00000e2,2,3,49,322,265,762,614,1.10002,0,0
025040107410003168d2a000a00000e2,2,3,50,322,265,762,614,1.10002,0,0
025040107410003168d2a000a00000e2,2,3,51,322,265,762,614,1.10002,0,0
025040107410003168d2a000a00000e2,2,3,52,322,265,762,614,1.10002,0,0
025040107410003168d2a000a00000e2,2,3,53,322,265,762,614,1.10002,0,0
025040107410003168d2a000a00000e2,2,3,54,322,265,762,614,1.10002,0,0
025040107410003168d2a000a00000e2,2,3,55,322,265,762,614,1.10002,0,0
025040107410003168d2a000a00000e2,2,3,56,322,265,762,614,1.10002,0,0
025040107410003168d2a000a00000e2,2,3,57,322,265,762,614,1.10002,0,0
025040107410003168d2a000a00000e2,2,3,58,322,265,762,614,1.10002,0,0
025040107410003168d2a000a00000e2,2,3,59,322,265,762,614,1.10002,0,0
025040107410003168d2a000a00000e2,2,3,60,322,265,762,614,1.10002,0,0
025040107410003168d2a000a00000e2,2,3,61,322,265,762,614,1.10002,0,0
025040107410003168d2a000a00000e2,2,3,62,322,265,762,614,1.10002,0,0
025040107410003168d2a000a00000e2,2,3,63,322,265,762,614,1.10002,0,0
025040107410003168d2a000a00000e2,2,3,0,322,265,763,614,1.10002,0,0
025040107410003168d2a000a00000e2,2,3,1,322,265,763,614,1.10002,0,0
025040107410003168d2a000a00000e2,2,3,2,322,265,763,614,1.10002,0,0
025040107410003168d2a000a00000e2,2,3,3,322,265,763,614,1.10002,0,0
025040107410003168d2a000a00000e2,2,3,4,322,265,763,614,1.10002,0,0
025040107410003168d2a000a00000e2,2,3,5,322,265,763,614,1.10002,0,0
025040107410003168d2a000a00000e2,2,3,6,322,265,763,614,1.10002,0,0
025040107410003168d2a000a00000e2,2,3,7,322,265,763,614,1.10002,0,0
025040107410003168d2a000a00000e2,2,3,8,322,265,763,614,1.10002,0,0
025040107410003168d2a000a00000e2,2,3,9,322,265,763,614,1.10002,0,0
025040107410003168d2a000a00000e2,2,3,10,322,265,763,614,1.10002,0,0
025040107410003168d2a000a00000e2,2,3,11,322,265,763,614,1.10002,0,0
025040107410003168d2a000a00000e2,2,3,12,322,265,763,614,1.10002,0,0
025040107410003168d2a000a00000e2,2,3,13,322,265,763,614,1.10002,0,0
025040107410003168d2a000a00000e2,2,3,14,322,265,763,614,1.10002,0,0
025040107410003168d2a000a00000e2,2,3,15,322,265,763,614,1.10002,0,0
025040107410003168d2a000a00000e2,2,3,16,322,265,763,614,1.10002,0,0
025040107410003168d2a000a00000e2,2,3,17,322,265,763,614,1.10002,0,0
025040107410003168d2a000a00000e2,2,3,18,322,265,763,614,1.10002,0,0
025040107410003168d2a000a00000e2,2,3,19,322,265,763,614,1.10002,0,0
025040107410003168d2a000a00000e2,2,3,20,322,265,763,614,1.10002,0,0
025040107410003168d2a000a00000e2,2,3,21,322,265,763,614,1.10002,0,0
025040107410003168d2a000a00000e2,2,3,22,322,265,763,614,1.10002,0,0
025040107410003168d2a000a00000e2,2,3,23,322,265,763,614,1.10002,0,0
025040107410003168d2a000a00000e2,2,3,24,322,265,763,614,1.10002,0,0
025040107410003168d2a000a00000e2,2,3,25,322,265,763,614,1.10002,0,0
025040107410003168d2a000a00000e2,2,3,26,322,265,763,614,1.10002,0,0
025040107410003168d2a000a00000e2,2,3,27,322,265,763,614,1.10002,0,0
025040107410003168d2a000a00000e2,2,3,28,322,265,763,614,1.10002,0,0
025040107410003168d2a000a00000e2,2,3,29,322,265,763,614,1.10002,0,0
025040107410003168d2a000a00000e2,2,3,30,322,265,763,614,1.10002,0,0
025040107410003168d2a000a00000e2,2,3,31,322,265,763,614,1.10002,0,0
025040107410003168d2a000a00000e2,2,3,32,322,265,763,614,1.10002,0,0
025040107410003168d2a000a00000e2,2,3,33,322,265,763,614,1.10002,0,0
025040107410003168d2a000a00000e2,2,3,34,322,265,763,614,1.10002,0,0
025040107410003168d2a000a00000e2,2,3,35,322,265,763,614,1.10002,0,0
025040107410003168d2a000a00000e2,2,3,36,322,265,763,614,1.10002,0,0
025040107410003168d2a000a00000e2,2,3,37,322,265,763,614,1.10002,0,0
025040107410003168d2a000a00000e2,2,3,38,322,265,763,614,1.10002,0,0
025040107410003168d2a000a00000e2,2,3,39,322,265,763,614,1.10002,0,0
025040107410003168d2a000a00000e2,2,3,40,322,265,763,614,1.10002,0,0
025040107410003168d2a000a00000e2,2,3,41,322,265,763,614,1.10002,0,0
025040107410003168d2a000a00000e2,2,3,42,322,265,763,614,1.10002,0,0
025040107410003168d2a000a00000e2,2,3,43,322,265,763,614,1.10002,0,0
025040107410003168d2a000a00000e2,2,3,44,322,265,763,614,1.10002,0,0
025040107410003168d2a000a00000e2,2,3,45,322,265,763,614,1.10002,0,0
025040107410003168d2a000a00000e2,2,3,46,322,265,763,614,1.10002,0,0
025040107410003168d2a000a00000e2,2,3,47,322,265,763,614,1.10002,0,0
025040107410003168d2a000a00000e2,2,3,48,322,265,763,614,1.10002,0,0
025040107410003168d2a000a00000e2,2,3,49,322,265,763,614,1.10002,0,0
025040107410003168d2a000a00000e2,2,3,50,322,265,763,614,1.10002,0,0
025040107410003168d2a000a00000e2,2,3,51,322,265,763,614,1.10002,0,0
025040107410003168d2a000a00000e2,2,3,52,322,265,763,614,1.10002,0,0
025040107410003168d2a000a00000e2,2,3,53,322,265,763,614,1.10002,0,0
025040107410003168d2a000a00000e2,2,3,54,322,265,763,614,1.10002,0,0
025040107410003168d2a000a00000e2,2,3,55,322,265,763,614,1.10002,0,0
025040107410003168d2a000a00000e2,2,3,56,322,265,763,614,1.10002,0,0
025040107410003168d2a000a00000e2,2,3,57,322,265,763,614,1.10002,0,0
025040107410003168d2a000a00000e2,2,3,58,322,265,763,614,1.10002,0,0
025040107410003168d2a000a00000e2,2,3,59,322,265,763,614,1.10002,0,0
025040107410003168d2a000a00000e2,2,3,60,322,265,763,614,1.10002,0,0
025040107410003168d2a000a00000e2,2,3,61,322,265,763,614,1.10002,0,0
025040107410003168d2a000a00000e2,2,3,62,322,265,763,614,1.10002,0,0
025040107410003168d2a000a00000e2,2,3,63,322,265,763,614,1.10002,0,0
025040107410003168d2a000a00000e2,2,3,0,322,265,764,615,1.10002,0,0
025040107410003168d2a000a00000e2,2,3,1,322,265,764,615,1.10002,0,0
025040107410003168d2a000a00000e2,2,3,2,322,265,764,615,1.10002,0,0
025040107410003168d2a000a00000e2,2,3,3,322,265,764,615,1.10002,0,0
025040107410003168d2a000a00000e2,2,3,4,322,265,764,615,1.10002,0,0
025040107410003168d2a000a00000e2,2,3,5,322,265,764,615,1.10002,0,0
025040107410003168d2a000a00000e2,2,3,6,322,265,764,615,1.10002,0,0
025040107410003168d2a000a00000e2,2,3,7,322,265,764,615,1.10002,0,0
025040107410003168d2a000a00000e2,2,3,8,322,265,764,615,1.10002,0,0
025040107410003168d2a000a00000e2,2,3,9,322,265,764,615,1.10002,0,0
025040107410003168d2a000a00000e2,2,3,10,322,265,764,615,1.10002,0,0
025040107410003168d2a000a00000e2,2,3,11,322,265,764,615,1.10002,0,0
025040107410003168d2a000a00000e2,2,3,12,322,265,764,615,1.10002,0,0
025040107410003168d2a000a00000e2,2,3,13,322,265,764,615,1.10002,0,0
025040107410003168d2a000a00000e2,2,3,14,322,265,764,615,1.10002,0,0
025040107410003168d2a000a00000e2,2,3,15,322,265,764,615,1.10002,0,0
025040107410003168d2a000a00000e2,2,3,16,322,265,764,615,1.10002,0,0
025040107410003168d2a000a00000e2,2,3,17,322,265,764,615,1.10002,0,0
025040107410003168d2a000a00000e2,2,3,18,322,265,764,615,1.10002,0,0
025040107410003168d2a000a00000e2,2,3,19,322,265,764,615,1.10002,0,0
025040107410003168d2a000a00000e2,2,3,20,322,265,764,615,1.10002,0,0
025040107410003168d2a000a00000e2,2,3,21,322,265,764,615,1.10002,0,0
025040107410003168d2a000a00000e2,2,3,22,322,265,764,615,1.10002,0,0
025040107410003168d2a000a00000e2,2,3,23,322,265,764,615,1.10002,0,0
025040107410003168d2a000a00000e2,2,3,24,322,265,764,615,1.10002,0,0
025040107410003168d2a000a00000e2,2,3,25,322,265,764,615,1.10002,0,0
025040107410003168d2a000a00000e2,2,3,26,322,265,764,615,1.10002,0,0
025040107410003168d2a000a00000e2,2,3,27,322,265,764,615,1.10002,0,0
025040107410003168d2a000a00000e2,2,3,28,322,265,764,615,1.10002,0,0
025040107410003168d2a000a00000e2,2,3,29,322,265,764,615,1.10002,0,0
025040107410003168d2a000a00000e2,2,3,30,322,265,764,615,1.10002,0,0
025040107410003168d2a000a00000e2,2,3,31,322,265,764,615,1.10002,0,0
025040107410003168d2a000a00000e2,2,3,32,322,265,764,615,1.10002,0,0
025040107410003168d2a000a00000e2,2,3,33,322,265,764,615,1.10002,0,0
025040107410003168d2a000a00000e2,2,3,34,322,265,764,615,1.10002,0,0
025040107410003168d2a000a00000e2,2,3,35,322,265,764,615,1.10002,0,0
025040107410003168d2a000a00000e2,2,3,36,322,265,764,615,1.10002,0,0
025040107410003168d2a000a00000e2,2,3,37,322,265,764,615,1.10002,0,0
025040107410003168d2a000a00000e2,2,3,38,322,265,764,615,1.10002,0,0
025040107410003168d2a000a00000e2,2,3,39,322,265,764,615,1.10002,0,0
025040107410003168d2a000a00000e2,2,3,40,322,265,764,615,1.10002,0,0
025040107410003168d2a000a00000e2,2,3,41,322,265,764,615,1.10002,0,0
025040107410003168d2a000a00000e2,2,3,42,322,265,764,615,1.10002,0,0
025040107410003168d2a000a00000e2,2,3,43,322,265,764,615,1.10002,0,0
025040107410003168d2a000a00000e2,2,3,44,322,265,764,615,1.10002,0,0
025040107410003168d2a000a00000e2,2,3,45,322,265,764,615,1.10002,0,0
025040107410003168d2a000a00000e2,2,3,46,322,265,764,615,1.10002,0,0
025040107410003168d2a000a00000e2,2,3,47,322,265,764,615,1.10002,0,0
025040107410003168d2a000a00000e2,2,3,48,322,265,764,615,1.10002,0,0
025040107410003168d2a000a00000e2,2,3,49,322,265,764,615,1.10002,0,0
025040107410003168d2a000a00000e2,2,3,50,322,265,764,615,1.10002,0,0
025040107410003168d2a000a00000e2,2,3,51,322,265,764,615,1.10002,0,0
025040107410003168d2a000a00000e2,2,3,52,322,265,764,615,1.10002,0,0
025040107410003168d2a000a00000e2,2,3,53,322,265,764,615,1.10002,0,0
025040107410003168d2a000a00000e2,2,3,54,322,265,764,615,1.10002,0,0
025040107410003168d2a000a00000e2,2,3,55,322,265,764,615,1.10002,0,0
025040107410003168d2a000a00000e2,2,3,56,322,265,764,615,1.10002,0,0
025040107410003168d2a000a00000e2,2,3,57,322,265,764,615,1.10002,0,0
025040107410003168d2a000a00000e2,2,3,58,322,265,764,615,1.10002,0,0
025040107410003168d2a000a00000e2,2,3,59,322,265,764,615,1.10002,0,0
025040107410003168d2a000a00000e2,2,3,60,322,265,764,615,1.10002,0,0
025040107410003168d2a000a00000e2,2,3,61,322,265,764,615,1.10002,0,0
025040107410003168d2a000a00000e2,2,3,62,322,265,764,615,1.10002,0,0
025040107410003168d2a000a00000e2,2,3,63,322,265,764,615,1.10002,0,0
025040107410003168d2a000a00000e2,2,3,0,322,265,765,616,1.10002,0,0
025040107410003168d2a000a00000e2,2,3,1,322,265,765,616,1.10002,0,0
025040107410003168d2a000a00000e2,2,3,2,322,265,765,616,1.10002,0,0
025040107410003168d2a000a00000e2,2,3,3,322,265,765,616,1.10002,0,0
025040107410003168d2a000a00000e2,2,3,4,322,265,765,616,1.10002,0,0
025040107410003168d2a000a00000e2,2,3,5,322,265,765,616,1.10002,0,0
025040107410003168d2a000a00000e2,2,3,6,322,265,765,616,1.10002,0,0
025040107410003168d2a000a00000e2,2,3,7,322,265,765,616,1.10002,0,0
025040107410003168d2a000a00000e2,2,3,8,322,265,765,616,1.10002,0,0
025040107410003168d2a000a00000e2,2,3,9,322,265,765,616,1.10002,0,0
025040107410003168d2a000a00000e2,2,3,10,322,265,765,616,1.10002,0,0
025040107410003168d2a000a00000e2,2,3,11,322,265,765,616,1.10002,0,0
025040107410003168d2a000a00000e2,2,3,12,322,265,765,616,1.10002,0,0
025040107410003168d2a000a00000e2,2,3,13,322,265,765,616,1.10002,0,0
025040107410003168d2a000a00000e2,2,3,14,322,265,765,616,1.10002,0,0
025040107410003168d2a000a00000e2,2,3,15,322,265,765,616,1.10002,0,0
025040107410003168d2a000a00000e2,2,3,16,322,265,765,616,1.10002,0,0
025040107410003168d2a000a00000e2,2,3,17,322,265,765,616,1.10002,0,0
025040107410003168d2a000a00000e2,2,3,18,322,265,765,616,1.10002,0,0
025040107410003168d2a000a00000e2,2,3,19,322,265,765,616,1.10002,0,0
025040107410003168d2a000a00000e2,2,3,20,322,265,765,616,1.10002,0,0
025040107410003168d2a000a00000e2,2,3,21,322,265,765,616,1.10002,0,0
025040107410003168d2a000a00000e2,2,3,22,322,265,765,616,1.10002,0,0
025040107410003168d2a000a00000e2,2,3,23,322,265,765,616,1.10002,0,0
025040107410003168d2a000a00000e2,2,3,24,322,265,765,616,1.10002,0,0
025040107410003168d2a000a00000e2,2,3,25,322,265,765,616,1.10002,0,0
025040107410003168d2a000a00000e2,2,3,26,322,265,765,616,1.10002,0,0
025040107410003168d2a000a00000e2,2,3,27,322,265,765,616,1.10002,0,0
025040107410003168d2a000a00000e2,2,3,28,322,265,765,616,1.10002,0,0
025040107410003168d2a000a00000e2,2,3,29,322,265,765,616,1.10002,0,0
025040107410003168d2a000a00000e2,2,3,30,322,265,765,616,1.10002,0,0
025040107410003168d2a000a00000e2,2,3,31,322,265,765,616,1.10002,0,0
025040107410003168d2a000a00000e2,2,3,32,322,265,765,616,1.10002,0,0
025040107410003168d2a000a00000e2,2,3,33,322,265,765,616,1.10002,0,0
025040107410003168d2a000a00000e2,2,3,34,322,265,765,616,1.10002,0,0
025040107410003168d2a000a00000e2,2,3,35,322,265,765,616,1.10002,0,0
025040107410003168d2a000a00000e2,2,3,36,322,265,765,616,1.10002,0,0
025040107410003168d2a000a00000e2,2,3,37,322,265,765,616,1.10002,0,0
025040107410003168d2a000a00000e2,2,3,38,322,265,765,616,1.10002,0,0
025040107410003168d2a000a00000e2,2,3,39,322,265,765,616,1.10002,0,0
025040107410003168d2a000a00000e2,2,3,40,322,265,765,616,1.10002,0,0
025040107410003168d2a000a00000e2,2,3,41,322,265,765,616,1.10002,0,0
025040107410003168d2a000a00000e2,2,3,42,322,265,765,616,1.10002,0,0
025040107410003168d2a000a00000e2,2,3,43,322,265,765,616,1.10002,0,0
025040107410003168d2a000a00000e2,2,3,44,322,265,765,616,1.10002,0,0
025040107410003168d2a000a00000e2,2,3,45,322,265,765,616,1.10002,0,0
025040107410003168d2a000a00000e2,2,3,46,322,265,765,616,1.10002,0,0
025040107410003168d2a000a00000e2,2,3,47,322,265,765,616,1.10002,0,0
025040107410003168d2a000a00000e2,2,3,48,322,265,765,616,1.10002,0,0
025040107410003168d2a000a00000e2,2,3,49,322,265,765,616,1.10002,0,0
025040107410003168d2a000a00000e2,2,3,50,322,265,765,616,1.10002,0,0
025040107410003168d2a000a00000e2,2,3,51,322,265,765,616,1.10002,0,0
025040107410003168d2a000a00000e2,2,3,52,322,265,765,616,1.10002,0,0
025040107410003168d2a000a00000e2,2,3,53,322,265,765,616,1.10002,0,0
025040107410003168d2a000a00000e2,2,3,54,322,265,765,616,1.10002,0,0
025040107410003168d2a000a00000e2,2,3,55,322,265,765,616,1.10002,0,0
025040107410003168d2a000a00000e2,2,3,56,322,265,765,616,1.10002,0,0
025040107410003168d2a000a00000e2,2,3,57,322,265,765,616,1.10002,0,0
025040107410003168d2a000a00000e2,2,3,58,322,265,765,616,1.10002,0,0
025040107410003168d2a000a00000e2,2,3,59,322,265,765,616,1.10002,0,0
025040107410003168d2a000a00000e2,2,3,60,322,265,765,616,1.10002,0,0
025040107410003168d2a000a00000e2,2,3,61,322,265,765,616,1.10002,0,0
025040107410003168d2a000a00000e2,2,3,62,322,265,765,616,1.10002,0,0
025040107410003168d2a000a00000e2,2,3,63,322,265,765,616,1.10002,0,0
025040107410003168d2a000a00000e2,2,3,0,322,265,766,617,1.10002,0,0
025040107410003168d2a000a00000e2,2,3,1,322,265,766,617,1.10002,0,0
025040107410003168d2a000a00000e2,2,3,2,322,265,766,617,1.10002,0,0
025040107410003168d2a000a00000e2,2,3,3,322,265,766,617,1.10002,0,0
025040107410003168d2a000a00000e2,2,3,4,322,265,766,617,1.10002,0,0
025040107410003168d2a000a00000e2,2,3,5,322,265,766,617,1.10002,0,0
025040107410003168d2a000a00000e2,2,3,6,322,265,766,617,1.10002,0,0
025040107410003168d2a000a00000e2,2,3,7,322,265,766,617,1.10002,0,0
025040107410003168d2a000a00000e2,2,3,8,322,265,766,617,1.10002,0,0
025040107410003168d2a000a00000e2,2,3,9,322,265,766,617,1.10002,0,0
025040107410003168d2a000a00000e2,2,3,10,322,265,766,617,1.10002,0,0
025040107410003168d2a000a00000e2,2,3,11,322,265,766,617,1.10002,0,0
025040107410003168d2a000a00000e2,2,3,12,322,265,766,617,1.10002,0,0
025040107410003168d2a000a00000e2,2,3,13,322,265,766,617,1.10002,0,0
025040107410003168d2a000a00000e2,2,3,14,322,265,766,617,1.10002,0,0
025040107410003168d2a000a00000e2,2,3,15,322,265,766,617,1.10002,0,0
025040107410003168d2a000a00000e2,2,3,16,322,265,766,617,1.10002,0,0
025040107410003168d2a000a00000e2,2,3,17,322,265,766,617,1.10002,0,0
025040107410003168d2a000a00000e2,2,3,18,322,265,766,617,1.10002,0,0
025040107410003168d2a000a00000e2,2,3,19,322,265,766,617,1.10002,0,0
025040107410003168d2a000a00000e2,2,3,20,322,265,766,617,1.10002,0,0
025040107410003168d2a000a00000e2,2,3,21,322,265,766,617,1.10002,0,0
025040107410003168d2a000a00000e2,2,3,22,322,265,766,617,1.10002,0,0
025040107410003168d2a000a00000e2,2,3,23,322,265,766,617,1.10002,0,0
025040107410003168d2a000a00000e2,2,3,24,322,265,766,617,1.10002,0,0
025040107410003168d2a000a00000e2,2,3,25,322,265,766,617,1.10002,0,0
025040107410003168d2a000a00000e2,2,3,26,322,265,766,617,1.10002,0,0
025040107410003168d2a000a00000e2,2,3,27,322,265,766,617,1.10002,0,0
025040107410003168d2a000a00000e2,2,3,28,322,265,766,617,1.10002,0,0
025040107410003168d2a000a00000e2,2,3,29,322,265,766,617,1.10002,0,0
025040107410003168d2a000a00000e2,2,3,30,322,265,766,617,1.10002,0,0
025040107410003168d2a000a00000e2,2,3,31,322,265,766,617,1.10002,0,0
025040107410003168d2a000a00000e2,2,3,32,322,265,766,617,1.10002,0,0
025040107410003168d2a000a00000e2,2,3,33,322,265,766,617,1.10002,0,0
025040107410003168d2a000a00000e2,2,3,34,322,265,766,617,1.10002,0,0
025040107410003168d2a000a00000e2,2,3,35,322,265,766,617,1.10002,0,0
025040107410003168d2a000a00000e2,2,3,36,322,265,766,617,1.10002,0,0
025040107410003168d2a000a00000e2,2,3,37,322,265,766,617,1.10002,0,0
025040107410003168d2a000a00000e2,2,3,38,322,265,766,617,1.10002,0,0
025040107410003168d2a000a00000e2,2,3,39,322,265,766,617,1.10002,0,0
025040107410003168d2a000a00000e2,2,3,40,322,265,766,617,1.10002,0,0
025040107410003168d2a000a00000e2,2,3,41,322,265,766,617,1.10002,0,0
025040107410003168d2a000a00000e2,2,3,42,322,265,766,617,1.10002,0,0
025040107410003168d2a000a00000e2,2,3,43,322,265,766,617,1.10002,0,0
025040107410003168d2a000a00000e2,2,3,44,322,265,766,617,1.10002,0,0
025040107410003168d2a000a00000e2,2,3,45,322,265,766,617,1.10002,0,0
025040107410003168d2a000a00000e2,2,3,46,322,265,766,617,1.10002,0,0
025040107410003168d2a000a00000e2,2,3,47,322,265,766,617,1.10002,0,0
025040107410003168d2a000a00000e2,2,3,48,322,265,766,617,1.10002,0,0
025040107410003168d2a000a00000e2,2,3,49,322,265,766,617,1.10002,0,0
025040107410003168d2a000a00000e2,2,3,50,322,265,766,617,1.10002,0,0
025040107410003168d2a000a00000e2,2,3,51,322,265,766,617,1.10002,0,0
025040107410003168d2a000a00000e2,2,3,52,322,265,766,617,1.10002,0,0
025040107410003168d2a000a00000e2,2,3,53,322,265,766,617,1.10002,0,0
025040107410003168d2a000a00000e2,2,3,54,322,265,766,617,1.10002,0,0
025040107410003168d2a000a00000e2,2,3,55,322,265,766,617,1.10002,0,0
025040107410003168d2a000a00000e2,2,3,56,322,265,766,617,1.10002,0,0
025040107410003168d2a000a00000e2,2,3,57,322,265,766,617,1.10002,0,0
025040107410003168d2a000a00000e2,2,3,58,322,265,766,617,1.10002,0,0
025040107410003168d2a000a00000e2,2,3,59,322,265,766,617,1.10002,0,0
025040107410003168d2a000a00000e2,2,3,60,322,265,766,617,1.10002,0,0
025040107410003168d2a000a00000e2,2,3,61,322,265,766,617,1.10002,0,0
025040107410003168d2a000a00000e2,2,3,62,322,265,766,617,1.10002,0,0
025040107410003168d2a000a00000e2,2,3,63,322,265,766,617,1.10002,0,0
025040107410003168d2a000a00000e2,2,3,0,322,265,767,618,1.10002,0,0
025040107410003168d2a000a00000e2,2,3,1,322,265,767,618,1.10002,0,0
025040107410003168d2a000a00000e2,2,3,2,322,265,767,618,1.10002,0,0
025040107410003168d2a000a00000e2,2,3,3,322,265,767,618,1.10002,0,0
025040107410003168d2a000a00000e2,2,3,4,322,265,767,618,1.10002,0,0
025040107410003168d2a000a00000e2,2,3,5,322,265,767,618,1.10002,0,0
025040107410003168d2a000a00000e2,2,3,6,322,265,767,618,1.10002,0,0
025040107410003168d2a000a00000e2,2,3,7,322,265,767,618,1.10002,0,0
025040107410003168d2a000a00000e2,2,3,8,322,265,767,618,1.10002,0,0
025040107410003168d2a000a00000e2,2,3,9,322,265,767,618,1.10002,0,0
025040107410003168d2a000a00000e2,2,3,10,322,265,767,618,1.10002,0,0
025040107410003168d2a000a00000e2,2,3,11,322,265,767,618,1.10002,0,0
025040107410003168d2a000a00000e2,2,3,12,322,265,767,618,1.10002,0,0
025040107410003168d2a000a00000e2,2,3,13,322,265,767,618,1.10002,0,0
025040107410003168d2a000a00000e2,2,3,14,322,265,767,618,1.10002,0,0
025040107410003168d2a000a00000e2,2,3,15,322,265,767,618,1.10002,0,0
025040107410003168d2a000a00000e2,2,3,16,322,265,767,618,1.10002,0,0
025040107410003168d2a000a00000e2,2,3,17,322,265,767,618,1.10002,0,0
025040107410003168d2a000a00000e2,2,3,18,322,265,767,618,1.10002,0,0
025040107410003168d2a000a00000e2,2,3,19,322,265,767,618,1.10002,0,0
025040107410003168d2a000a00000e2,2,3,20,322,265,767,618,1.10002,0,0
025040107410003168d2a000a00000e2,2,3,21,322,265,767,618,1.10002,0,0
025040107410003168d2a000a00000e2,2,3,22,322,265,767,618,1.10002,0,0
025040107410003168d2a000a00000e2,2,3,23,322,265,767,618,1.10002,0,0
025040107410003168d2a000a00000e2,2,3,24,322,265,767,618,1.10002,0,0
025040107410003168d2a000a00000e2,2,3,25,322,265,767,618,1.10002,0,0
025040107410003168d2a000a00000e2,2,3,26,322,265,767,618,1.10002,0,0
025040107410003168d2a000a00000e2,2,3,27,322,265,767,618,1.10002,0,0
025040107410003168d2a000a00000e2,2,3,28,322,265,767,618,1.10002,0,0
025040107410003168d2a000a00000e2,2,3,29,322,265,767,618,1.10002,0,0
025040107410003168d2a000a00000e2,2,3,30,322,265,767,618,1.10002,0,0
025040107410003168d2a000a00000e2,2,3,31,322,265,767,618,1.10002,0,0
025040107410003168d2a000a00000e2,2,3,32,322,265,767,618,1.10002,0,0
025040107410003168d2a000a00000e2,2,3,33,322,265,767,618,1.10002,0,0
025040107410003168d2a000a00000e2,2,3,34,322,265,767,618,1.10002,0,0
025040107410003168d2a000a00000e2,2,3,35,322,265,767,618,1.10002,0,0
025040107410003168d2a000a00000e2,2,3,36,322,265,767,618,1.10002,0,0
025040107410003168d2a000a00000e2,2,3,37,322,265,767,618,1.10002,0,0
025040107410003168d2a000a00000e2,2,3,38,322,265,767,618,1.10002,0,0
025040107410003168d2a000a00000e2,2,3,39,322,265,767,618,1.10002,0,0
025040107410003168d2a000a00000e2,2,3,40,322,265,767,618,1.10002,0,0
025040107410003168d2a000a00000e2,2,3,41,322,265,767,618,1.10002,0,0
025040107410003168d2a000a00000e2,2,3,42,322,265,767,618,1.10002,0,0
025040107410003168d2a000a00000e2,2,3,43,322,265,767,618,1.10002,0,0
025040107410003168d2a000a00000e2,2,3,44,322,265,767,618,1.10002,0,0
025040107410003168d2a000a00000e2,2,3,45,322,265,767,618,1.10002,0,0
025040107410003168d2a000a00000e2,2,3,46,322,265,767,618,1.10002,0,0
025040107410003168d2a000a00000e2,2,3,47,322,265,767,618,1.10002,0,0
025040107410003168d2a000a00000e2,2,3,48,322,265,767,618,1.10002,0,0
025040107410003168d2a000a00000e2,2,3,49,322,265,767,618,1.10002,0,0
025040107410003168d2a000a00000e2,2,3,50,322,265,767,618,1.10002,0,0
025040107410003168d2a000a00000e2,2,3,51,322,265,767,618,1.10002,0,0
025040107410003168d2a000a00000e2,2,3,52,322,265,767,618,1.10002,0,0
025040107410003168d2a000a00000e2,2,3,53,322,265,767,618,1.10002,0,0
025040107410003168d2a000a00000e2,2,3,54,322,265,767,618,1.10002,0,0
025040107410003168d2a000a00000e2,2,3,55,322,265,767,618,1.10002,0,0
025040107410003168d2a000a00000e2,2,3,56,322,265,767,618,1.10002,0,0
025040107410003168d2a000a00000e2,2,3,57,322,265,767,618,1.10002,0,0
025040107410003168d2a000a00000e2,2,3,58,322,265,767,618,1.10002,0,0
025040107410003168d2a000a00000e2,2,3,59,322,265,767,618,1.10002,0,0
025040107410003168d2a000a00000e2,2,3,60,322,265,767,618,1.10002,0,0
025040107410003168d2a000a00000e2,2,3,61,322,265,767,618,1.10002,0,0
025040107410003168d2a000a00000e2,2,3,62,322,265,767,618,1.10002,0,0
025040107410003168d2a000a00000e2,2,3,63,322,265,767,618,1.10002,0,0
025040107410003168d2a000a00000e2,2,3,0,322,265,768,619,1.10002,0,0
025040107410003168d2a000a00000e2,2,3,1,322,265,768,619,1.10002,0,0
025040107410003168d2a000a00000e2,2,3,2,322,265,768,619,1.10002,0,0
025040107410003168d2a000a00000e2,2,3,3,322,265,768,619,1.10002,0,0
025040107410003168d2a000a00000e2,2,3,4,322,265,768,619,1.10002,0,0
025040107410003168d2a000a00000e2,2,3,5,322,265,768,619,1.10002,0,0
025040107410003168d2a000a00000e2,2,3,6,322,265,768,619,1.10002,0,0
025040107410003168d2a000a00000e2,2,3,7,322,265,768,619,1.10002,0,0
025040107410003168d2a000a00000e2,2,3,8,322,265,768,619,1.10002,0,0
025040107410003168d2a000a00000e2,2,3,9,322,265,768,619,1.10002,0,0
025040107410003168d2a000a00000e2,2,3,10,322,265,768,619,1.10002,0,0
025040107410003168d2a000a00000e2,2,3,11,322,265,768,619,1.10002,0,0
025040107410003168d2a000a00000e2,2,3,12,322,265,768,619,1.10002,0,0
025040107410003168d2a000a00000e2,2,3,13,322,265,768,619,1.10002,0,0
025040107410003168d2a000a00000e2,2,3,14,322,265,768,619,1.10002,0,0
025040107410003168d2a000a00000e2,2,3,15,322,265,768,619,1.10002,0,0
025040107410003168d2a000a00000e2,2,3,16,322,265,768,619,1.10002,0,0
025040107410003168d2a000a00000e2,2,3,17,322,265,768,619,1.10002,0,0
025040107410003168d2a000a00000e2,2,3,18,322,265,768,619,1.10002,0,0
025040107410003168d2a000a00000e2,2,3,19,322,265,768,619,1.10002,0,0
025040107410003168d2a000a00000e2,2,3,20,322,265,768,619,1.10002,0,0
025040107410003168d2a000a00000e2,2,3,21,322,265,768,619,1.10002,0,0
025040107410003168d2a000a00000e2,2,3,22,322,265,768,619,1.10002,0,0
025040107410003168d2a000a00000e2,2,3,23,322,265,768,619,1.10002,0,0
025040107410003168d2a000a00000e2,2,3,24,322,265,768,619,1.10002,0,0
025040107410003168d2a000a00000e2,2,3,25,322,265,768,619,1.10002,0,0
025040107410003168d2a000a00000e2,2,3,26,322,265,768,619,1.10002,0,0
025040107410003168d2a000a00000e2,2,3,27,322,265,768,619,1.10002,0,0
025040107410003168d2a000a00000e2,2,3,28,322,265,768,619,1.10002,0,0
025040107410003168d2a000a00000e2,2,3,29,322,265,768,619,1.10002,0,0
025040107410003168d2a000a00000e2,2,3,30,322,265,768,619,1.10002,0,0
025040107410003168d2a000a00000e2,2,3,31,322,265,768,619,1.10002,0,0
025040107410003168d2a000a00000e2,2,3,32,322,265,768,619,1.10002,0,0
025040107410003168d2a000a00000e2,2,3,33,322,265,768,619,1.10002,0,0
025040107410003168d2a000a00000e2,2,3,34,322,265,768,619,1.10002,0,0
025040107410003168d2a000a00000e2,2,3,35,322,265,768,619,1.10002,0,0
025040107410003168d2a000a00000e2,2,3,36,322,265,768,619,1.10002,0,0
025040107410003168d2a000a00000e2,2,3,37,322,265,768,619,1.10002,0,0
025040107410003168d2a000a00000e2,2,3,38,322,265,768,619,1.10002,0,0
025040107410003168d2a000a00000e2,2,3,39,322,265,768,619,1.10002,0,0
025040107410003168d2a000a00000e2,2,3,40,322,265,768,619,1.10002,0,0
025040107410003168d2a000a00000e2,2,3,41,322,265,768,619,1.10002,0,0
025040107410003168d2a000a00000e2,2,3,42,322,265,768,619,1.10002,0,0
025040107410003168d2a000a00000e2,2,3,43,322,265,768,619,1.10002,0,0
025040107410003168d2a000a00000e2,2,3,44,322,265,768,619,1.10002,0,0
025040107410003168d2a000a00000e2,2,3,45,322,265,768,619,1.10002,0,0
025040107410003168d2a000a00000e2,2,3,46,322,265,768,619,1.10002,0,0
025040107410003168d2a000a00000e2,2,3,47,322,265,768,619,1.10002,0,0
025040107410003168d2a000a00000e2,2,3,48,322,265,768,619,1.10002,0,0
025040107410003168d2a000a00000e2,2,3,49,322,265,768,619,1.10002,0,0
025040107410003168d2a000a00000e2,2,3,50,322,265,768,619,1.10002,0,0
025040107410003168d2a000a00000e2,2,3,51,322,265,768,619,1.10002,0,0
025040107410003168d2a000a00000e2,2,3,52,322,265,768,619,1.10002,0,0
025040107410003168d2a000a00000e2,2,3,53,322,265,768,619,1.10002,0,0
025040107410003168d2a000a00000e2,2,3,54,322,265,768,619,1.10002,0,0
025040107410003168d2a000a00000e2,2,3,55,322,265,768,619,1.10002,0,0
025040107410003168d2a000a00000e2,2,3,56,322,265,768,619,1.10002,0,0
025040107410003168d2a000a00000e2,2,3,57,322,265,768,619,1.10002,0,0
025040107410003168d2a000a00000e2,2,3,58,322,265,768,619,1.10002,0,0
025040107410003168d2a000a00000e2,2,3,59,322,265,768,619,1.10002,0,0
025040107410003168d2a000a00000e2,2,3,60,322,265,768,619,1.10002,0,0
025040107410003168d2a000a00000e2,2,3,61,322,265,768,619,1.10002,0,0
025040107410003168d2a000a00000e2,2,3,62,322,265,768,619,1.10002,0,0
025040107410003168d2a000a00000e2,2,3,63,322,265,768,619,1.10002,0,0
025040107410003168d2a000a00000e2,2,3,0,322,265,769,619,1.10002,0,0
025040107410003168d2a000a00000e2,2,3,1,322,265,769,619,1.10002,0,0
025040107410003168d2a000a00000e2,2,3,2,322,265,769,619,1.10002,0,0
025040107410003168d2a000a00000e2,2,3,3,322,265,769,619,1.10002,0,0
025040107410003168d2a000a00000e2,2,3,4,322,265,769,619,1.10002,0,0
025040107410003168d2a000a00000e2,2,3,5,322,265,769,619,1.10002,0,0
025040107410003168d2a000a00000e2,2,3,6,322,265,769,619,1.10002,0,0
025040107410003168d2a000a00000e2,2,3,7,322,265,769,619,1.10002,0,0
025040107410003168d2a000a00000e2,2,3,8,322,265,769,619,1.10002,0,0
025040107410003168d2a000a00000e2,2,3,9,322,265,769,619,1.10002,0,0
025040107410003168d2a000a00000e2,2,3,10,322,265,769,619,1.10002,0,0
025040107410003168d2a000a00000e2,2,3,11,322,265,769,619,1.10002,0,0
025040107410003168d2a000a00000e2,2,3,12,322,265,769,619,1.10002,0,0
025040107410003168d2a000a00000e2,2,3,13,322,265,769,619,1.10002,0,0
025040107410003168d2a000a00000e2,2,3,14,322,265,769,619,1.10002,0,0
025040107410003168d2a000a00000e2,2,3,15,322,265,769,619,1.10002,0,0
025040107410003168d2a000a00000e2,2,3,16,322,265,769,619,1.10002,0,0
025040107410003168d2a000a00000e2,2,3,17,322,265,769,619,1.10002,0,0
025040107410003168d2a000a00000e2,2,3,18,322,265,769,619,1.10002,0,0
025040107410003168d2a000a00000e2,2,3,19,322,265,769,619,1.10002,0,0
025040107410003168d2a000a00000e2,2,3,20,322,265,769,619,1.10002,0,0
025040107410003168d2a000a00000e2,2,3,21,322,265,769,619,1.10002,0,0
025040107410003168d2a000a00000e2,2,3,22,322,265,769,619,1.10002,0,0
025040107410003168d2a000a00000e2,2,3,23,322,265,769,619,1.10002,0,0
025040107410003168d2a000a00000e2,2,3,24,322,265,769,619,1.10002,0,0
025040107410003168d2a000a00000e2,2,3,25,322,265,769,619,1.10002,0,0
025040107410003168d2a000a00000e2,2,3,26,322,265,769,619,1.10002,0,0
025040107410003168d2a000a00000e2,2,3,27,322,265,769,619,1.10002,0,0
025040107410003168d2a000a00000e2,2,3,28,322,265,769,619,1.10002,0,0
025040107410003168d2a000a00000e2,2,3,29,322,265,769,619,1.10002,0,0
025040107410003168d2a000a00000e2,2,3,30,322,265,769,619,1.10002,0,0
025040107410003168d2a000a00000e2,2,3,31,322,265,769,619,1.10002,0,0
025040107410003168d2a000a00000e2,2,3,32,322,265,769,619,1.10002,0,0
025040107410003168d2a000a00000e2,2,3,33,322,265,769,619,1.10002,0,0
025040107410003168d2a000a00000e2,2,3,34,322,265,769,619,1.10002,0,0
025040107410003168d2a000a00000e2,2,3,35,322,265,769,619,1.10002,0,0
025040107410003168d2a000a00000e2,2,3,36,322,265,769,619,1.10002,0,0
025040107410003168d2a000a00000e2,2,3,37,322,265,769,619,1.10002,0,0
025040107410003168d2a000a00000e2,2,3,38,322,265,769,619,1.10002,0,0
025040107410003168d2a000a00000e2,2,3,39,322,265,769,619,1.10002,0,0
025040107410003168d2a000a00000e2,2,3,40,322,265,769,619,1.10002,0,0
025040107410003168d2a000a00000e2,2,3,41,322,265,769,619,1.10002,0,0
025040107410003168d2a000a00000e2,2,3,42,322,265,769,619,1.10002,0,0
025040107410003168d2a000a00000e2,2,3,43,322,265,769,619,1.10002,0,0
025040107410003168d2a000a00000e2,2,3,44,322,265,769,619,1.10002,0,0
025040107410003168d2a000a00000e2,2,3,45,322,265,769,619,1.10002,0,0
025040107410003168d2a000a00000e2,2,3,46,322,265,769,619,1.10002,0,0
025040107410003168d2a000a00000e2,2,3,47,322,265,769,619,1.10002,0,0
025040107410003168d2a000a00000e2,2,3,48,322,265,769,619,1.10002,0,0
025040107410003168d2a000a00000e2,2,3,49,322,265,769,619,1.10002,0,0
025040107410003168d2a000a00000e2,2,3,50,322,265,769,619,1.10002,0,0
025040107410003168d2a000a00000e2,2,3,51,322,265,769,619,1.10002,0,0
025040107410003168d2a000a00000e2,2,3,52,322,265,769,619,1.10002,0,0
025040107410003168d2a000a00000e2,2,3,53,322,265,769,619,1.10002,0,0
025040107410003168d2a000a00000e2,2,3,54,322,265,769,619,1.10002,0,0
025040107410003168d2a000a00000e2,2,3,55,322,265,769,619,1.10002,0,0
025040107410003168d2a000a00000e2,2,3,56,322,265,769,619,1.10002,0,0
025040107410003168d2a000a00000e2,2,3,57,322,265,769,619,1.10002,0,0
025040107410003168d2a000a00000e2,2,3,58,322,265,769,619,1.10002,0,0
025040107410003168d2a000a00000e2,2,3,59,322,265,769,619,1.10002,0,0
025040107410003168d2a000a00000e2,2,3,60,322,265,769,619,1.10002,0,0
025040107410003168d2a000a00000e2,2,3,61,322,265,769,619,1.10002,0,0
025040107410003168d2a000a00000e2,2,3,62,322,265,769,619,1.10002,0,0
025040107410003168d2a000a00000e2,2,3,63,322,265,769,619,1.10002,0,0
025040107410003168d2a000a00000e2,2,3,0,322,265,770,620,1.10002,0,0
025040107410003168d2a000a00000e2,2,3,1,322,265,770,620,1.10002,0,0
025040107410003168d2a000a00000e2,2,3,2,322,265,770,620,1.10002,0,0
025040107410003168d2a000a00000e2,2,3,3,322,265,770,620,1.10002,0,0
025040107410003168d2a000a00000e2,2,3,4,322,265,770,620,1.10002,0,0
025040107410003168d2a000a00000e2,2,3,5,322,265,770,620,1.10002,0,0
025040107410003168d2a000a00000e2,2,3,6,322,265,770,620,1.10002,0,0
025040107410003168d2a000a00000e2,2,3,7,322,265,770,620,1.10002,0,0
025040107410003168d2a000a00000e2,2,3,8,322,265,770,620,1.10002,0,0
025040107410003168d2a000a00000e2,2,3,9,322,265,770,620,1.10002,0,0
025040107410003168d2a000a00000e2,2,3,10,322,265,770,620,1.10002,0,0
025040107410003168d2a000a00000e2,2,3,11,322,265,770,620,1.10002,0,0
025040107410003168d2a000a00000e2,2,3,12,322,265,770,620,1.10002,0,0
025040107410003168d2a000a00000e2,2,3,13,322,265,770,620,1.10002,0,0
025040107410003168d2a000a00000e2,2,3,14,322,265,770,620,1.10002,0,0
025040107410003168d2a000a00000e2,2,3,15,322,265,770,620,1.10002,0,0
025040107410003168d2a000a00000e2,2,3,16,322,265,770,620,1.10002,0,0
025040107410003168d2a000a00000e2,2,3,17,322,265,770,620,1.10002,0,0
025040107410003168d2a000a00000e2,2,3,18,322,265,770,620,1.10002,0,0
025040107410003168d2a000a00000e2,2,3,19,322,265,770,620,1.10002,0,0
025040107410003168d2a000a00000e2,2,3,20,322,265,770,620,1.10002,0,0
025040107410003168d2a000a00000e2,2,3,21,322,265,770,620,1.10002,0,0
025040107410003168d2a000a00000e2,2,3,22,322,265,770,620,1.10002,0,0
025040107410003168d2a000a00000e2,2,3,23,322,265,770,620,1.10002,0,0
025040107410003168d2a000a00000e2,2,3,24,322,265,770,620,1.10002,0,0
025040107410003168d2a000a00000e2,2,3,25,322,265,770,620,1.10002,0,0
025040107410003168d2a000a00000e2,2,3,26,322,265,770,620,1.10002,0,0
025040107410003168d2a000a00000e2,2,3,27,322,265,770,620,1.10002,0,0
025040107410003168d2a000a00000e2,2,3,28,322,265,770,620,1.10002,0,0
025040107410003168d2a000a00000e2,2,3,29,322,265,770,620,1.10002,0,0
025040107410003168d2a000a00000e2,2,3,30,322,265,770,620,1.10002,0,0
025040107410003168d2a000a00000e2,2,3,31,322,265,770,620,1.10002,0,0
025040107410003168d2a000a00000e2,2,3,32,322,265,770,620,1.10002,0,0
025040107410003168d2a000a00000e2,2,3,33,322,265,770,620,1.10002,0,0
025040107410003168d2a000a00000e2,2,3,34,322,265,770,620,1.10002,0,0
025040107410003168d2a000a00000e2,2,3,35,322,265,770,620,1.10002,0,0
025040107410003168d2a000a00000e2,2,3,36,322,265,770,620,1.10002,0,0
025040107410003168d2a000a00000e2,2,3,37,322,265,770,620,1.10002,0,0
025040107410003168d2a000a00000e2,2,3,38,322,265,770,620,1.10002,0,0
025040107410003168d2a000a00000e2,2,3,39,322,265,770,620,1.10002,0,0
025040107410003168d2a000a00000e2,2,3,40,322,265,770,620,1.10002,0,0
025040107410003168d2a000a00000e2,2,3,41,322,265,770,620,1.10002,0,0
025040107410003168d2a000a00000e2,2,3,42,322,265,770,620,1.10002,0,0
025040107410003168d2a000a00000e2,2,3,43,322,265,770,620,1.10002,0,0
025040107410003168d2a000a00000e2,2,3,44,322,265,770,620,1.10002,0,0
025040107410003168d2a000a00000e2,2,3,45,322,265,770,620,1.10002,0,0
025040107410003168d2a000a00000e2,2,3,46,322,265,770,620,1.10002,0,0
025040107410003168d2a000a00000e2,2,3,47,322,265,770,620,1.10002,0,0
025040107410003168d2a000a00000e2,2,3,48,322,265,770,620,1.10002,0,0
025040107410003168d2a000a00000e2,2,3,49,322,265,770,620,1.10002,0,0
025040107410003168d2a000a00000e2,2,3,50,322,265,770,620,1.10002,0,0
025040107410003168d2a000a00000e2,2,3,51,322,265,770,620,1.10002,0,0
025040107410003168d2a000a00000e2,2,3,52,322,265,770,620,1.10002,0,0
025040107410003168d2a000a00000e2,2,3,53,322,265,770,620,1.10002,0,0
025040107410003168d2a000a00000e2,2,3,54,322,265,770,620,1.10002,0,0
025040107410003168d2a000a00000e2,2,3,55,322,265,770,620,1.10002,0,0
025040107410003168d2a000a00000e2,2,3,56,322,265,770,620,1.10002,0,0
025040107410003168d2a000a00000e2,2,3,57,322,265,770,620,1.10002,0,0
025040107410003168d2a000a00000e2,2,3,58,322,265,770,620,1.10002,0,0
025040107410003168d2a000a00000e2,2,3,59,322,265,770,620,1.10002,0,0
025040107410003168d2a000a00000e2,2,3,60,322,265,770,620,1.10002,0,0
025040107410003168d2a000a00000e2,2,3,61,322,265,770,620,1.10002,0,0
025040107410003168d2a000a00000e2,2,3,62,322,265,770,620,1.10002,0,0
025040107410003168d2a000a00000e2,2,3,63,322,265,770,620,1.10002,0,0
025040107410003168d2a000a00000e2,2,3,0,322,265,771,621,1.10002,0,0
025040107410003168d2a000a00000e2,2,3,1,322,265,771,621,1.10002,0,0
025040107410003168d2a000a00000e2,2,3,2,322,265,771,621,1.10002,0,0
025040107410003168d2a000a00000e2,2,3,3,322,265,771,621,1.10002,0,0
025040107410003168d2a000a00000e2,2,3,4,322,265,771,621,1.10002,0,0
025040107410003168d2a000a00000e2,2,3,5,322,265,771,621,1.10002,0,0
025040107410003168d2a000a00000e2,2,3,6,322,265,771,621,1.10002,0,0
025040107410003168d2a000a00000e2,2,3,7,322,265,771,621,1.10002,0,0
025040107410003168d2a000a00000e2,2,3,8,322,265,771,621,1.10002,0,0
025040107410003168d2a000a00000e2,2,3,9,322,265,771,621,1.10002,0,0
025040107410003168d2a000a00000e2,2,3,10,322,265,771,621,1.10002,0,0
025040107410003168d2a000a00000e2,2,3,11,322,265,771,621,1.10002,0,0
025040107410003168d2a000a00000e2,2,3,12,322,265,771,621,1.10002,0,0
025040107410003168d2a000a00000e2,2,3,13,322,265,771,621,1.10002,0,0
025040107410003168d2a000a00000e2,2,3,14,322,265,771,621,1.10002,0,0
025040107410003168d2a000a00000e2,2,3,15,322,265,771,621,1.10002,0,0
025040107410003168d2a000a00000e2,2,3,16,322,265,771,621,1.10002,0,0
025040107410003168d2a000a00000e2,2,3,17,322,265,771,621,1.10002,0,0
025040107410003168d2a000a00000e2,2,3,18,322,265,771,621,1.10002,0,0
025040107410003168d2a000a00000e2,2,3,19,322,265,771,621,1.10002,0,0
025040107410003168d2a000a00000e2,2,3,20,322,265,771,621,1.10002,0,0
025040107410003168d2a000a00000e2,2,3,21,322,265,771,621,1.10002,0,0
025040107410003168d2a000a00000e2,2,3,22,322,265,771,621,1.10002,0,0
025040107410003168d2a000a00000e2,2,3,23,322,265,771,621,1.10002,0,0
025040107410003168d2a000a00000e2,2,3,24,322,265,771,621,1.10002,0,0
025040107410003168d2a000a00000e2,2,3,25,322,265,771,621,1.10002,0,0
025040107410003168d2a000a00000e2,2,3,26,322,265,771,621,1.10002,0,0
025040107410003168d2a000a00000e2,2,3,27,322,265,771,621,1.10002,0,0
025040107410003168d2a000a00000e2,2,3,28,322,265,771,621,1.10002,0,0
025040107410003168d2a000a00000e2,2,3,29,322,265,771,621,1.10002,0,0
025040107410003168d2a000a00000e2,2,3,30,322,265,771,621,1.10002,0,0
025040107410003168d2a000a00000e2,2,3,31,322,265,771,621,1.10002,0,0
025040107410003168d2a000a00000e2,2,3,32,322,265,771,621,1.10002,0,0
025040107410003168d2a000a00000e2,2,3,33,322,265,771,621,1.10002,0,0
025040107410003168d2a000a00000e2,2,3,34,322,265,771,621,1.10002,0,0
025040107410003168d2a000a00000e2,2,3,35,322,265,771,621,1.10002,0,0
025040107410003168d2a000a00000e2,2,3,36,322,265,771,621,1.10002,0,0
025040107410003168d2a000a00000e2,2,3,37,322,265,771,621,1.10002,0,0
025040107410003168d2a000a00000e2,2,3,38,322,265,771,621,1.10002,0,0
025040107410003168d2a000a00000e2,2,3,39,322,265,771,621,1.10002,0,0
025040107410003168d2a000a00000e2,2,3,40,322,265,771,621,1.10002,0,0
025040107410003168d2a000a00000e2,2,3,41,322,265,771,621,1.10002,0,0
025040107410003168d2a000a00000e2,2,3,42,322,265,771,621,1.10002,0,0
025040107410003168d2a000a00000e2,2,3,43,322,265,771,621,1.10002,0,0
025040107410003168d2a000a00000e2,2,3,44,322,265,771,621,1.10002,0,0
025040107410003168d2a000a00000e2,2,3,45,322,265,771,621,1.10002,0,0
025040107410003168d2a000a00000e2,2,3,46,322,265,771,621,1.10002,0,0
025040107410003168d2a000a00000e2,2,3,47,322,265,771,621,1.10002,0,0
025040107410003168d2a000a00000e2,2,3,48,322,265,771,621,1.10002,0,0
025040107410003168d2a000a00000e2,2,3,49,322,265,771,621,1.10002,0,0
025040107410003168d2a000a00000e2,2,3,50,322,265,771,621,1.10002,0,0
025040107410003168d2a000a00000e2,2,3,51,322,265,771,621,1.10002,0,0
025040107410003168d2a000a00000e2,2,3,52,322,265,771,621,1.10002,0,0
025040107410003168d2a000a00000e2,2,3,53,322,265,771,621,1.10002,0,0
025040107410003168d2a000a00000e2,2,3,54,322,265,771,621,1.10002,0,0
025040107410003168d2a000a00000e2,2,3,55,322,265,771,621,1.10002,0,0
025040107410003168d2a000a00000e2,2,3,56,322,265,771,621,1.10002,0,0
025040107410003168d2a000a00000e2,2,3,57,322,265,771,621,1.10002,0,0
025040107410003168d2a000a00000e2,2,3,58,322,265,771,621,1.10002,0,0
025040107410003168d2a000a00000e2,2,3,59,322,265,771,621,1.10002,0,0
025040107410003168d2a000a00000e2,2,3,60,322,265,771,621,1.10002,0,0
025040107410003168d2a000a00000e2,2,3,61,322,265,771,621,1.10002,0,0
025040107410003168d2a000a00000e2,2,3,62,322,265,771,621,1.10002,0,0
025040107410003168d2a000a00000e2,2,3,63,322,265,771,621,1.10002,0,0
025040107410003168d2a000a00000e2,2,3,0,322,265,772,622,1.10002,0,0
025040107410003168d2a000a00000e2,2,3,1,322,265,772,622,1.10002,0,0
025040107410003168d2a000a00000e2,2,3,2,322,265,772,622,1.10002,0,0
025040107410003168d2a000a00000e2,2,3,3,322,265,772,622,1.10002,0,0
025040107410003168d2a000a00000e2,2,3,4,322,265,772,622,1.10002,0,0
025040107410003168d2a000a00000e2,2,3,5,322,265,772,622,1.10002,0,0
025040107410003168d2a000a00000e2,2,3,6,322,265,772,622,1.10002,0,0
025040107410003168d2a000a00000e2,2,3,7,322,265,772,622,1.10002,0,0
025040107410003168d2a000a00000e2,2,3,8,322,265,772,622,1.10002,0,0
025040107410003168d2a000a00000e2,2,3,9,322,265,772,622,1.10002,0,0
025040107410003168d2a000a00000e2,2,3,10,322,265,772,622,1.10002,0,0
025040107410003168d2a000a00000e2,2,3,11,322,265,772,622,1.10002,0,0
025040107410003168d2a000a00000e2,2,3,12,322,265,772,622,1.10002,0,0
025040107410003168d2a000a00000e2,2,3,13,322,265,772,622,1.10002,0,0
025040107410003168d2a000a00000e2,2,3,14,322,265,772,622,1.10002,0,0
025040107410003168d2a000a00000e2,2,3,15,322,265,772,622,1.10002,0,0
025040107410003168d2a000a00000e2,2,3,16,322,265,772,622,1.10002,0,0
025040107410003168d2a000a00000e2,2,3,17,322,265,772,622,1.10002,0,0
025040107410003168d2a000a00000e2,2,3,18,322,265,772,622,1.10002,0,0
025040107410003168d2a000a00000e2,2,3,19,322,265,772,622,1.10002,0,0
025040107410003168d2a000a00000e2,2,3,20,322,265,772,622,1.10002,0,0
025040107410003168d2a000a00000e2,2,3,21,322,265,772,622,1.10002,0,0
025040107410003168d2a000a00000e2,2,3,22,322,265,772,622,1.10002,0,0
025040107410003168d2a000a00000e2,2,3,23,322,265,772,622,1.10002,0,0
025040107410003168d2a000a00000e2,2,3,24,322,265,772,622,1.10002,0,0
025040107410003168d2a000a00000e2,2,3,25,322,265,772,622,1.10002,0,0
025040107410003168d2a000a00000e2,2,3,26,322,265,772,622,1.10002,0,0
025040107410003168d2a000a00000e2,2,3,27,322,265,772,622,1.10002,0,0
025040107410003168d2a000a00000e2,2,3,28,322,265,772,622,1.10002,0,0
025040107410003168d2a000a00000e2,2,3,29,322,265,772,622,1.10002,0,0
025040107410003168d2a000a00000e2,2,3,30,322,265,772,622,1.10002,0,0
025040107410003168d2a000a00000e2,2,3,31,322,265,772,622,1.10002,0,0
025040107410003168d2a000a00000e2,2,3,32,322,265,772,622,1.10002,0,0
025040107410003168d2a000a00000e2,2,3,33,322,265,772,622,1.10002,0,0
025040107410003168d2a000a00000e2,2,3,34,322,265,772,622,1.10002,0,0
025040107410003168d2a000a00000e2,2,3,35,322,265,772,622,1.10002,0,0
025040107410003168d2a000a00000e2,2,3,36,322,265,772,622,1.10002,0,0
025040107410003168d2a000a00000e2,2,3,37,322,265,772,622,1.10002,0,0
025040107410003168d2a000a00000e2,2,3,38,322,265,772,622,1.10002,0,0
025040107410003168d2a000a00000e2,2,3,39,322,265,772,622,1.10002,0,0
025040107410003168d2a000a00000e2,2,3,40,322,265,772,622,1.10002,0,0
025040107410003168d2a000a00000e2,2,3,41,322,265,772,622,1.10002,0,0
025040107410003168d2a000a00000e2,2,3,42,322,265,772,622,1.10002,0,0
025040107410003168d2a000a00000e2,2,3,43,322,265,772,622,1.10002,0,0
025040107410003168d2a000a00000e2,2,3,44,322,265,772,622,1.10002,0,0
025040107410003168d2a000a00000e2,2,3,45,322,265,772,622,1.10002,0,0
025040107410003168d2a000a00000e2,2,3,46,322,265,772,622,1.10002,0,0
025040107410003168d2a000a00000e2,2,3,47,322,265,772,622,1.10002,0,0
025040107410003168d2a000a00000e2,2,3,48,322,265,772,622,1.10002,0,0
025040107410003168d2a000a00000e2,2,3,49,322,265,772,622,1.10002,0,0
025040107410003168d2a000a00000e2,2,3,50,322,265,772,622,1.10002,0,0
025040107410003168d2a000a00000e2,2,3,51,322,265,772,622,1.10002,0,0
025040107410003168d2a000a00000e2,2,3,52,322,265,772,622,1.10002,0,0
025040107410003168d2a000a00000e2,2,3,53,322,265,772,622,1.10002,0,0
025040107410003168d2a000a00000e2,2,3,54,322,265,772,622,1.10002,0,0
025040107410003168d2a000a00000e2,2,3,55,322,265,772,622,1.10002,0,0
025040107410003168d2a000a00000e2,2,3,56,322,265,772,622,1.10002,0,0
025040107410003168d2a000a00000e2,2,3,57,322,265,772,622,1.10002,0,0
025040107410003168d2a000a00000e2,2,3,58,322,265,772,622,1.10002,0,0
025040107410003168d2a000a00000e2,2,3,59,322,265,772,622,1.10002,0,0
025040107410003168d2a000a00000e2,2,3,60,322,265,772,622,1.10002,0,0
025040107410003168d2a000a00000e2,2,3,61,322,265,772,622,1.10002,0,0
025040107410003168d2a000a00000e2,2,3,62,322,265,772,622,1.10002,0,0
025040107410003168d2a000a00000e2,2,3,63,322,265,772,622,1.10002,0,0
025040107410003168d2a000a00000e2,2,3,0,322,265,773,623,1.10002,0,0
025040107410003168d2a000a00000e2,2,3,1,322,265,773,623,1.10002,0,0
025040107410003168d2a000a00000e2,2,3,2,322,265,773,623,1.10002,0,0
025040107410003168d2a000a00000e2,2,3,3,322,265,773,623,1.10002,0,0
025040107410003168d2a000a00000e2,2,3,4,322,265,773,623,1.10002,0,0
025040107410003168d2a000a00000e2,2,3,5,322,265,773,623,1.10002,0,0
025040107410003168d2a000a00000e2,2,3,6,322,265,773,623,1.10002,0,0
025040107410003168d2a000a00000e2,2,3,7,322,265,773,623,1.10002,0,0
025040107410003168d2a000a00000e2,2,3,8,322,265,773,623,1.10002,0,0
025040107410003168d2a000a00000e2,2,3,9,322,265,773,623,1.10002,0,0
025040107410003168d2a000a00000e2,2,3,10,322,265,773,623,1.10002,0,0
025040107410003168d2a000a00000e2,2,3,11,322,265,773,623,1.10002,0,0
025040107410003168d2a000a00000e2,2,3,12,322,265,773,623,1.10002,0,0
025040107410003168d2a000a00000e2,2,3,13,322,265,773,623,1.10002,0,0
025040107410003168d2a000a00000e2,2,3,14,322,265,773,623,1.10002,0,0
025040107410003168d2a000a00000e2,2,3,15,322,265,773,623,1.10002,0,0
025040107410003168d2a000a00000e2,2,3,16,322,265,773,623,1.10002,0,0
025040107410003168d2a000a00000e2,2,3,17,322,265,773,623,1.10002,0,0
025040107410003168d2a000a00000e2,2,3,18,322,265,773,623,1.10002,0,0
025040107410003168d2a000a00000e2,2,3,19,322,265,773,623,1.10002,0,0
025040107410003168d2a000a00000e2,2,3,20,322,265,773,623,1.10002,0,0
025040107410003168d2a000a00000e2,2,3,21,322,265,773,623,1.10002,0,0
025040107410003168d2a000a00000e2,2,3,22,322,265,773,623,1.10002,0,0
025040107410003168d2a000a00000e2,2,3,23,322,265,773,623,1.10002,0,0
025040107410003168d2a000a00000e2,2,3,24,322,265,773,623,1.10002,0,0
025040107410003168d2a000a00000e2,2,3,25,322,265,773,623,1.10002,0,0
025040107410003168d2a000a00000e2,2,3,26,322,265,773,623,1.10002,0,0
025040107410003168d2a000a00000e2,2,3,27,322,265,773,623,1.10002,0,0
025040107410003168d2a000a00000e2,2,3,28,322,265,773,623,1.10002,0,0
025040107410003168d2a000a00000e2,2,3,29,322,265,773,623,1.10002,0,0
025040107410003168d2a000a00000e2,2,3,30,322,265,773,623,1.10002,0,0
025040107410003168d2a000a00000e2,2,3,31,322,265,773,623,1.10002,0,0
025040107410003168d2a000a00000e2,2,3,32,322,265,773,623,1.10002,0,0
025040107410003168d2a000a00000e2,2,3,33,322,265,773,623,1.10002,0,0
025040107410003168d2a000a00000e2,2,3,34,322,265,773,623,1.10002,0,0
025040107410003168d2a000a00000e2,2,3,35,322,265,773,623,1.10002,0,0
025040107410003168d2a000a00000e2,2,3,36,322,265,773,623,1.10002,0,0
025040107410003168d2a000a00000e2,2,3,37,322,265,773,623,1.10002,0,0
025040107410003168d2a000a00000e2,2,3,38,322,265,773,623,1.10002,0,0
025040107410003168d2a000a00000e2,2,3,39,322,265,773,623,1.10002,0,0
025040107410003168d2a000a00000e2,2,3,40,322,265,773,623,1.10002,0,0
025040107410003168d2a000a00000e2,2,3,41,322,265,773,623,1.10002,0,0
025040107410003168d2a000a00000e2,2,3,42,322,265,773,623,1.10002,0,0
025040107410003168d2a000a00000e2,2,3,43,322,265,773,623,1.10002,0,0
025040107410003168d2a000a00000e2,2,3,44,322,265,773,623,1.10002,0,0
025040107410003168d2a000a00000e2,2,3,45,322,265,773,623,1.10002,0,0
025040107410003168d2a000a00000e2,2,3,46,322,265,773,623,1.10002,0,0
025040107410003168d2a000a00000e2,2,3,47,322,265,773,623,1.10002,0,0
025040107410003168d2a000a00000e2,2,3,48,322,265,773,623,1.10002,0,0
025040107410003168d2a000a00000e2,2,3,49,322,265,773,623,1.10002,0,0
025040107410003168d2a000a00000e2,2,3,50,322,265,773,623,1.10002,0,0
025040107410003168d2a000a00000e2,2,3,51,322,265,773,623,1.10002,0,0
025040107410003168d2a000a00000e2,2,3,52,322,265,773,623,1.10002,0,0
025040107410003168d2a000a00000e2,2,3,53,322,265,773,623,1.10002,0,0
025040107410003168d2a000a00000e2,2,3,54,322,265,773,623,1.10002,0,0
025040107410003168d2a000a00000e2,2,3,55,322,265,773,623,1.10002,0,0
025040107410003168d2a000a00000e2,2,3,56,322,265,773,623,1.10002,0,0
025040107410003168d2a000a00000e2,2,3,57,322,265,773,623,1.10002,0,0
025040107410003168d2a000a00000e2,2,3,58,322,265,773,623,1.10002,0,0
025040107410003168d2a000a00000e2,2,3,59,322,265,773,623,1.10002,0,0
025040107410003168d2a000a00000e2,2,3,60,322,265,773,623,1.10002,0,0
025040107410003168d2a000a00000e2,2,3,61,322,265,773,623,1.10002,0,0
025040107410003168d2a000a00000e2,2,3,62,322,265,773,623,1.10002,0,0
025040107410003168d2a000a00000e2,2,3,63,322,265,773,623,1.10002,0,0
025040107410003168d2a000a00000e2,2,3,0,322,265,774,623,1.10002,0,0
025040107410003168d2a000a00000e2,2,3,1,322,265,774,623,1.10002,0,0
025040107410003168d2a000a00000e2,2,3,2,322,265,774,623,1.10002,0,0
025040107410003168d2a000a00000e2,2,3,3,322,265,774,623,1.10002,0,0
025040107410003168d2a000a00000e2,2,3,4,322,265,774,623,1.10002,0,0
025040107410003168d2a000a00000e2,2,3,5,322,265,774,623,1.10002,0,0
025040107410003168d2a000a00000e2,2,3,6,322,265,774,623,1.10002,0,0
025040107410003168d2a000a00000e2,2,3,7,322,265,774,623,1.10002,0,0
025040107410003168d2a000a00000e2,2,3,8,322,265,774,623,1.10002,0,0
025040107410003168d2a000a00000e2,2,3,9,322,265,774,623,1.10002,0,0
025040107410003168d2a000a00000e2,2,3,10,322,265,774,623,1.10002,0,0
025040107410003168d2a000a00000e2,2,3,11,322,265,774,623,1.10002,0,0
025040107410003168d2a000a00000e2,2,3,12,322,265,774,623,1.10002,0,0
025040107410003168d2a000a00000e2,2,3,13,322,265,774,623,1.10002,0,0
025040107410003168d2a000a00000e2,2,3,14,322,265,774,623,1.10002,0,0
025040107410003168d2a000a00000e2,2,3,15,322,265,774,623,1.10002,0,0
025040107410003168d2a000a00000e2,2,3,16,322,265,774,623,1.10002,0,0
025040107410003168d2a000a00000e2,2,3,17,322,265,774,623,1.10002,0,0
025040107410003168d2a000a00000e2,2,3,18,322,265,774,623,1.10002,0,0
025040107410003168d2a000a00000e2,2,3,19,322,265,774,623,1.10002,0,0
025040107410003168d2a000a00000e2,2,3,20,322,265,774,623,1.10002,0,0
025040107410003168d2a000a00000e2,2,3,21,322,265,774,623,1.10002,0,0
025040107410003168d2a000a00000e2,2,3,22,322,265,774,623,1.10002,0,0
025040107410003168d2a000a00000e2,2,3,23,322,265,774,623,1.10002,0,0
025040107410003168d2a000a00000e2,2,3,24,322,265,774,623,1.10002,0,0
025040107410003168d2a000a00000e2,2,3,25,322,265,774,623,1.10002,0,0
025040107410003168d2a000a00000e2,2,3,26,322,265,774,623,1.10002,0,0
025040107410003168d2a000a00000e2,2,3,27,322,265,774,623,1.10002,0,0
025040107410003168d2a000a00000e2,2,3,28,322,265,774,623,1.10002,0,0
025040107410003168d2a000a00000e2,2,3,29,322,265,774,623,1.10002,0,0
025040107410003168d2a000a00000e2,2,3,30,322,265,774,623,1.10002,0,0
025040107410003168d2a000a00000e2,2,3,31,322,265,774,623,1.10002,0,0
025040107410003168d2a000a00000e2,2,3,32,322,265,774,623,1.10002,0,0
025040107410003168d2a000a00000e2,2,3,33,322,265,774,623,1.10002,0,0
025040107410003168d2a000a00000e2,2,3,34,322,265,774,623,1.10002,0,0
025040107410003168d2a000a00000e2,2,3,35,322,265,774,623,1.10002,0,0
025040107410003168d2a000a00000e2,2,3,36,322,265,774,623,1.10002,0,0
025040107410003168d2a000a00000e2,2,3,37,322,265,774,623,1.10002,0,0
025040107410003168d2a000a00000e2,2,3,38,322,265,774,623,1.10002,0,0
025040107410003168d2a000a00000e2,2,3,39,322,265,774,623,1.10002,0,0
025040107410003168d2a000a00000e2,2,3,40,322,265,774,623,1.10002,0,0
025040107410003168d2a000a00000e2,2,3,41,322,265,774,623,1.10002,0,0
025040107410003168d2a000a00000e2,2,3,42,322,265,774,623,1.10002,0,0
025040107410003168d2a000a00000e2,2,3,43,322,265,774,623,1.10002,0,0
025040107410003168d2a000a00000e2,2,3,44,322,265,774,623,1.10002,0,0
025040107410003168d2a000a00000e2,2,3,45,322,265,774,623,1.10002,0,0
025040107410003168d2a000a00000e2,2,3,46,322,265,774,623,1.10002,0,0
025040107410003168d2a000a00000e2,2,3,47,322,265,774,623,1.10002,0,0
025040107410003168d2a000a00000e2,2,3,48,322,265,774,623,1.10002,0,0
025040107410003168d2a000a00000e2,2,3,49,322,265,774,623,1.10002,0,0
025040107410003168d2a000a00000e2,2,3,50,322,265,774,623,1.10002,0,0
025040107410003168d2a000a00000e2,2,3,51,322,265,774,623,1.10002,0,0
025040107410003168d2a000a00000e2,2,3,52,322,265,774,623,1.10002,0,0
025040107410003168d2a000a00000e2,2,3,53,322,265,774,623,1.10002,0,0
025040107410003168d2a000a00000e2,2,3,54,322,265,774,623,1.10002,0,0
025040107410003168d2a000a00000e2,2,3,55,322,265,774,623,1.10002,0,0
025040107410003168d2a000a00000e2,2,3,56,322,265,774,623,1.10002,0,0
025040107410003168d2a000a00000e2,2,3,57,322,265,774,623,1.10002,0,0
025040107410003168d2a000a00000e2,2,3,58,322,265,774,623,1.10002,0,0
025040107410003168d2a000a00000e2,2,3,59,322,265,774,623,1.10002,0,0
025040107410003168d2a000a00000e2,2,3,60,322,265,774,623,1.10002,0,0
025040107410003168d2a000a00000e2,2,3,61,322,265,774,623,1.10002,0,0
025040107410003168d2a000a00000e2,2,3,62,322,265,774,623,1.10002,0,0
025040107410003168d2a000a00000e2,2,3,63,322,265,774,623,1.10002,0,0
025040107410003168d2a000a00000e2,2,3,0,322,265,775,624,1.10002,0,0
025040107410003168d2a000a00000e2,2,3,1,322,265,775,624,1.10002,0,0
025040107410003168d2a000a00000e2,2,3,2,322,265,775,624,1.10002,0,0
025040107410003168d2a000a00000e2,2,3,3,322,265,775,624,1.10002,0,0
025040107410003168d2a000a00000e2,2,3,4,322,265,775,624,1.10002,0,0
025040107410003168d2a000a00000e2,2,3,5,322,265,775,624,1.10002,0,0
025040107410003168d2a000a00000e2,2,3,6,322,265,775,624,1.10002,0,0
025040107410003168d2a000a00000e2,2,3,7,322,265,775,624,1.10002,0,0
025040107410003168d2a000a00000e2,2,3,8,322,265,775,624,1.10002,0,0
025040107410003168d2a000a00000e2,2,3,9,322,265,775,624,1.10002,0,0
025040107410003168d2a000a00000e2,2,3,10,322,265,775,624,1.10002,0,0
025040107410003168d2a000a00000e2,2,3,11,322,265,775,624,1.10002,0,0
025040107410003168d2a000a00000e2,2,3,12,322,265,775,624,1.10002,0,0
025040107410003168d2a000a00000e2,2,3,13,322,265,775,624,1.10002,0,0
025040107410003168d2a000a00000e2,2,3,14,322,265,775,624,1.10002,0,0
025040107410003168d2a000a00000e2,2,3,15,322,265,775,624,1.10002,0,0
025040107410003168d2a000a00000e2,2,3,16,322,265,775,624,1.10002,0,0
025040107410003168d2a000a00000e2,2,3,17,322,265,775,624,1.10002,0,0
025040107410003168d2a000a00000e2,2,3,18,322,265,775,624,1.10002,0,0
025040107410003168d2a000a00000e2,2,3,19,322,265,775,624,1.10002,0,0
025040107410003168d2a000a00000e2,2,3,20,322,265,775,624,1.10002,0,0
025040107410003168d2a000a00000e2,2,3,21,322,265,775,624,1.10002,0,0
025040107410003168d2a000a00000e2,2,3,22,322,265,775,624,1.10002,0,0
025040107410003168d2a000a00000e2,2,3,23,322,265,775,624,1.10002,0,0
025040107410003168d2a000a00000e2,2,3,24,322,265,775,624,1.10002,0,0
025040107410003168d2a000a00000e2,2,3,25,322,265,775,624,1.10002,0,0
025040107410003168d2a000a00000e2,2,3,26,322,265,775,624,1.10002,0,0
025040107410003168d2a000a00000e2,2,3,27,322,265,775,624,1.10002,0,0
025040107410003168d2a000a00000e2,2,3,28,322,265,775,624,1.10002,0,0
025040107410003168d2a000a00000e2,2,3,29,322,265,775,624,1.10002,0,0
025040107410003168d2a000a00000e2,2,3,30,322,265,775,624,1.10002,0,0
025040107410003168d2a000a00000e2,2,3,31,322,265,775,624,1.10002,0,0
025040107410003168d2a000a00000e2,2,3,32,322,265,775,624,1.10002,0,0
025040107410003168d2a000a00000e2,2,3,33,322,265,775,624,1.10002,0,0
025040107410003168d2a000a00000e2,2,3,34,322,265,775,624,1.10002,0,0
025040107410003168d2a000a00000e2,2,3,35,322,265,775,624,1.10002,0,0
025040107410003168d2a000a00000e2,2,3,36,322,265,775,624,1.10002,0,0
025040107410003168d2a000a00000e2,2,3,37,322,265,775,624,1.10002,0,0
025040107410003168d2a000a00000e2,2,3,38,322,265,775,624,1.10002,0,0
025040107410003168d2a000a00000e2,2,3,39,322,265,775,624,1.10002,0,0
025040107410003168d2a000a00000e2,2,3,40,322,265,775,624,1.10002,0,0
025040107410003168d2a000a00000e2,2,3,41,322,265,775,624,1.10002,0,0
025040107410003168d2a000a00000e2,2,3,42,322,265,775,624,1.10002,0,0
025040107410003168d2a000a00000e2,2,3,43,322,265,775,624,1.10002,0,0
025040107410003168d2a000a00000e2,2,3,44,322,265,775,624,1.10002,0,0
025040107410003168d2a000a00000e2,2,3,45,322,265,775,624,1.10002,0,0
025040107410003168d2a000a00000e2,2,3,46,322,265,775,624,1.10002,0,0
025040107410003168d2a000a00000e2,2,3,47,322,265,775,624,1.10002,0,0
025040107410003168d2a000a00000e2,2,3,48,322,265,775,624,1.10002,0,0
025040107410003168d2a000a00000e2,2,3,49,322,265,775,624,1.10002,0,0
025040107410003168d2a000a00000e2,2,3,50,322,265,775,624,1.10002,0,0
025040107410003168d2a000a00000e2,2,3,51,322,265,775,624,1.10002,0,0
025040107410003168d2a000a00000e2,2,3,52,322,265,775,624,1.10002,0,0
025040107410003168d2a000a00000e2,2,3,53,322,265,775,624,1.10002,0,0
025040107410003168d2a000a00000e2,2,3,54,322,265,775,624,1.10002,0,0
025040107410003168d2a000a00000e2,2,3,55,322,265,775,624,1.10002,0,0
025040107410003168d2a000a00000e2,2,3,56,322,265,775,624,1.10002,0,0
025040107410003168d2a000a00000e2,2,3,57,322,265,775,624,1.10002,0,0
025040107410003168d2a000a00000e2,2,3,58,322,265,775,624,1.10002,0,0
025040107410003168d2a000a00000e2,2,3,59,322,265,775,624,1.10002,0,0
025040107410003168d2a000a00000e2,2,3,60,322,265,775,624,1.10002,0,0
025040107410003168d2a000a00000e2,2,3,61,322,265,775,624,1.10002,0,0
025040107410003168d2a000a00000e2,2,3,62,322,265,775,624,1.10002,0,0
025040107410003168d2a000a00000e2,2,3,63,322,265,775,624,1.10002,0,0
025040107410003168d2a000a00000e2,2,3,0,322,265,776,625,1.10002,0,0
025040107410003168d2a000a00000e2,2,3,1,322,265,776,625,1.10002,0,0
025040107410003168d2a000a00000e2,2,3,2,322,265,776,625,1.10002,0,0
025040107410003168d2a000a00000e2,2,3,3,322,265,776,625,1.10002,0,0
025040107410003168d2a000a00000e2,2,3,4,322,265,776,625,1.10002,0,0
025040107410003168d2a000a00000e2,2,3,5,322,265,776,625,1.10002,0,0
025040107410003168d2a000a00000e2,2,3,6,322,265,776,625,1.10002,0,0
025040107410003168d2a000a00000e2,2,3,7,322,265,776,625,1.10002,0,0
025040107410003168d2a000a00000e2,2,3,8,322,265,776,625,1.10002,0,0
025040107410003168d2a000a00000e2,2,3,9,322,265,776,625,1.10002,0,0
025040107410003168d2a000a00000e2,2,3,10,322,265,776,625,1.10002,0,0
025040107410003168d2a000a00000e2,2,3,11,322,265,776,625,1.10002,0,0
025040107410003168d2a000a00000e2,2,3,12,322,265,776,625,1.10002,0,0
025040107410003168d2a000a00000e2,2,3,13,322,265,776,625,1.10002,0,0
025040107410003168d2a000a00000e2,2,3,14,322,265,776,625,1.10002,0,0
025040107410003168d2a000a00000e2,2,3,15,322,265,776,625,1.10002,0,0
025040107410003168d2a000a00000e2,2,3,16,322,265,776,625,1.10002,0,0
025040107410003168d2a000a00000e2,2,3,17,322,265,776,625,1.10002,0,0
025040107410003168d2a000a00000e2,2,3,18,322,265,776,625,1.10002,0,0
025040107410003168d2a000a00000e2,2,3,19,322,265,776,625,1.10002,0,0
025040107410003168d2a000a00000e2,2,3,20,322,265,776,625,1.10002,0,0
025040107410003168d2a000a00000e2,2,3,21,322,265,776,625,1.10002,0,0
025040107410003168d2a000a00000e2,2,3,22,322,265,776,625,1.10002,0,0
025040107410003168d2a000a00000e2,2,3,23,322,265,776,625,1.10002,0,0
025040107410003168d2a000a00000e2,2,3,24,322,265,776,625,1.10002,0,0
025040107410003168d2a000a00000e2,2,3,25,322,265,776,625,1.10002,0,0
025040107410003168d2a000a00000e2,2,3,26,322,265,776,625,1.10002,0,0
025040107410003168d2a000a00000e2,2,3,27,322,265,776,625,1.10002,0,0
025040107410003168d2a000a00000e2,2,3,28,322,265,776,625,1.10002,0,0
025040107410003168d2a000a00000e2,2,3,29,322,265,776,625,1.10002,0,0
025040107410003168d2a000a00000e2,2,3,30,322,265,776,625,1.10002,0,0
025040107410003168d2a000a00000e2,2,3,31,322,265,776,625,1.10002,0,0
025040107410003168d2a000a00000e2,2,3,32,322,265,776,625,1.10002,0,0
025040107410003168d2a000a00000e2,2,3,33,322,265,776,625,1.10002,0,0
025040107410003168d2a000a00000e2,2,3,34,322,265,776,625,1.10002,0,0
025040107410003168d2a000a00000e2,2,3,35,322,265,776,625,1.10002,0,0
025040107410003168d2a000a00000e2,2,3,36,322,265,776,625,1.10002,0,0
025040107410003168d2a000a00000e2,2,3,37,322,265,776,625,1.10002,0,0
025040107410003168d2a000a00000e2,2,3,38,322,265,776,625,1.10002,0,0
025040107410003168d2a000a00000e2,2,3,39,322,265,776,625,1.10002,0,0
025040107410003168d2a000a00000e2,2,3,40,322,265,776,625,1.10002,0,0
025040107410003168d2a000a00000e2,2,3,41,322,265,776,625,1.10002,0,0
025040107410003168d2a000a00000e2,2,3,42,322,265,776,625,1.10002,0,0
025040107410003168d2a000a00000e2,2,3,43,322,265,776,625,1.10002,0,0
025040107410003168d2a000a00000e2,2,3,44,322,265,776,625,1.10002,0,0
025040107410003168d2a000a00000e2,2,3,45,322,265,776,625,1.10002,0,0
025040107410003168d2a000a00000e2,2,3,46,322,265,776,625,1.10002,0,0
025040107410003168d2a000a00000e2,2,3,47,322,265,776,625,1.10002,0,0
025040107410003168d2a000a00000e2,2,3,48,322,265,776,625,1.10002,0,0
025040107410003168d2a000a00000e2,2,3,49,322,265,776,625,1.10002,0,0
025040107410003168d2a000a00000e2,2,3,50,322,265,776,625,1.10002,0,0
025040107410003168d2a000a00000e2,2,3,51,322,265,776,625,1.10002,0,0
025040107410003168d2a000a00000e2,2,3,52,322,265,776,625,1.10002,0,0
025040107410003168d2a000a00000e2,2,3,53,322,265,776,625,1.10002,0,0
025040107410003168d2a000a00000e2,2,3,54,322,265,776,625,1.10002,0,0
025040107410003168d2a000a00000e2,2,3,55,322,265,776,625,1.10002,0,0
025040107410003168d2a000a00000e2,2,3,56,322,265,776,625,1.10002,0,0
025040107410003168d2a000a00000e2,2,3,57,322,265,776,625,1.10002,0,0
025040107410003168d2a000a00000e2,2,3,58,322,265,776,625,1.10002,0,0
025040107410003168d2a000a00000e2,2,3,59,322,265,776,625,1.10002,0,0
025040107410003168d2a000a00000e2,2,3,60,322,265,776,625,1.10002,0,0
025040107410003168d2a000a00000e2,2,3,61,322,265,776,625,1.10002,0,0
025040107410003168d2a000a00000e2,2,3,62,322,265,776,625,1.10002,0,0
025040107410003168d2a000a00000e2,2,3,63,322,265,776,625,1.10002,0,0
025040107410003168d2a000a00000e2,2,3,0,322,265,777,626,1.10002,0,0
025040107410003168d2a000a00000e2,2,3,1,322,265,777,626,1.10002,0,0
025040107410003168d2a000a00000e2,2,3,2,322,265,777,626,1.10002,0,0
025040107410003168d2a000a00000e2,2,3,3,322,265,777,626,1.10002,0,0
025040107410003168d2a000a00000e2,2,3,4,322,265,777,626,1.10002,0,0
025040107410003168d2a000a00000e2,2,3,5,322,265,777,626,1.10002,0,0
025040107410003168d2a000a00000e2,2,3,6,322,265,777,626,1.10002,0,0
025040107410003168d2a000a00000e2,2,3,7,322,265,777,626,1.10002,0,0
025040107410003168d2a000a00000e2,2,3,8,322,265,777,626,1.10002,0,0
025040107410003168d2a000a00000e2,2,3,9,322,265,777,626,1.10002,0,0
025040107410003168d2a000a00000e2,2,3,10,322,265,777,626,1.10002,0,0
025040107410003168d2a000a00000e2,2,3,11,322,265,777,626,1.10002,0,0
025040107410003168d2a000a00000e2,2,3,12,322,265,777,626,1.10002,0,0
025040107410003168d2a000a00000e2,2,3,13,322,265,777,626,1.10002,0,0
025040107410003168d2a000a00000e2,2,3,14,322,265,777,626,1.10002,0,0
025040107410003168d2a000a00000e2,2,3,15,322,265,777,626,1.10002,0,0
025040107410003168d2a000a00000e2,2,3,16,322,265,777,626,1.10002,0,0
025040107410003168d2a000a00000e2,2,3,17,322,265,777,626,1.10002,0,0
025040107410003168d2a000a00000e2,2,3,18,322,265,777,626,1.10002,0,0
025040107410003168d2a000a00000e2,2,3,19,322,265,777,626,1.10002,0,0
025040107410003168d2a000a00000e2,2,3,20,322,265,777,626,1.10002,0,0
025040107410003168d2a000a00000e2,2,3,21,322,265,777,626,1.10002,0,0
025040107410003168d2a000a00000e2,2,3,22,322,265,777,626,1.10002,0,0
025040107410003168d2a000a00000e2,2,3,23,322,265,777,626,1.10002,0,0
025040107410003168d2a000a00000e2,2,3,24,322,265,777,626,1.10002,0,0
025040107410003168d2a000a00000e2,2,3,25,322,265,777,626,1.10002,0,0
025040107410003168d2a000a00000e2,2,3,26,322,265,777,626,1.10002,0,0
025040107410003168d2a000a00000e2,2,3,27,322,265,777,626,1.10002,0,0
025040107410003168d2a000a00000e2,2,3,28,322,265,777,626,1.10002,0,0
025040107410003168d2a000a00000e2,2,3,29,322,265,777,626,1.10002,0,0
025040107410003168d2a000a00000e2,2,3,30,322,265,777,626,1.10002,0,0
025040107410003168d2a000a00000e2,2,3,31,322,265,777,626,1.10002,0,0
025040107410003168d2a000a00000e2,2,3,32,322,265,777,626,1.10002,0,0
025040107410003168d2a000a00000e2,2,3,33,322,265,777,626,1.10002,0,0
025040107410003168d2a000a00000e2,2,3,34,322,265,777,626,1.10002,0,0
025040107410003168d2a000a00000e2,2,3,35,322,265,777,626,1.10002,0,0
025040107410003168d2a000a00000e2,2,3,36,322,265,777,626,1.10002,0,0
025040107410003168d2a000a00000e2,2,3,37,322,265,777,626,1.10002,0,0
025040107410003168d2a000a00000e2,2,3,38,322,265,777,626,1.10002,0,0
025040107410003168d2a000a00000e2,2,3,39,322,265,777,626,1.10002,0,0
025040107410003168d2a000a00000e2,2,3,40,322,265,777,626,1.10002,0,0
025040107410003168d2a000a00000e2,2,3,41,322,265,777,626,1.10002,0,0
025040107410003168d2a000a00000e2,2,3,42,322,265,777,626,1.10002,0,0
025040107410003168d2a000a00000e2,2,3,43,322,265,777,626,1.10002,0,0
025040107410003168d2a000a00000e2,2,3,44,322,265,777,626,1.10002,0,0
025040107410003168d2a000a00000e2,2,3,45,322,265,777,626,1.10002,0,0
025040107410003168d2a000a00000e2,2,3,46,322,265,777,626,1.10002,0,0
025040107410003168d2a000a00000e2,2,3,47,322,265,777,626,1.10002,0,0
025040107410003168d2a000a00000e2,2,3,48,322,265,777,626,1.10002,0,0
025040107410003168d2a000a00000e2,2,3,49,322,265,777,626,1.10002,0,0
025040107410003168d2a000a00000e2,2,3,50,322,265,777,626,1.10002,0,0
025040107410003168d2a000a00000e2,2,3,51,322,265,777,626,1.10002,0,0
025040107410003168d2a000a00000e2,2,3,52,322,265,777,626,1.10002,0,0
025040107410003168d2a000a00000e2,2,3,53,322,265,777,626,1.10002,0,0
025040107410003168d2a000a00000e2,2,3,54,322,265,777,626,1.10002,0,0
025040107410003168d2a000a00000e2,2,3,55,322,265,777,626,1.10002,0,0
025040107410003168d2a000a00000e2,2,3,56,322,265,777,626,1.10002,0,0
025040107410003168d2a000a00000e2,2,3,57,322,265,777,626,1.10002,0,0
025040107410003168d2a000a00000e2,2,3,58,322,265,777,626,1.10002,0,0
025040107410003168d2a000a00000e2,2,3,59,322,265,777,626,1.10002,0,0
025040107410003168d2a000a00000e2,2,3,60,322,265,777,626,1.10002,0,0
025040107410003168d2a000a00000e2,2,3,61,322,265,777,626,1.10002,0,0
025040107410003168d2a000a00000e2,2,3,62,322,265,777,626,1.10002,0,0
025040107410003168d2a000a00000e2,2,3,63,322,265,777,626,1.10002,0,0
025040107410003168d2a000a00000e2,2,3,0,322,265,778,626,1.10002,0,0
025040107410003168d2a000a00000e2,2,3,1,322,265,778,626,1.10002,0,0
025040107410003168d2a000a00000e2,2,3,2,322,265,778,626,1.10002,0,0
025040107410003168d2a000a00000e2,2,3,3,322,265,778,626,1.10002,0,0
025040107410003168d2a000a00000e2,2,3,4,322,265,778,626,1.10002,0,0
025040107410003168d2a000a00000e2,2,3,5,322,265,778,626,1.10002,0,0
025040107410003168d2a000a00000e2,2,3,6,322,265,778,626,1.10002,0,0
025040107410003168d2a000a00000e2,2,3,7,322,265,778,626,1.10002,0,0
025040107410003168d2a000a00000e2,2,3,8,322,265,778,626,1.10002,0,0
025040107410003168d2a000a00000e2,2,3,9,322,265,778,626,1.10002,0,0
025040107410003168d2a000a00000e2,2,3,10,322,265,778,626,1.10002,0,0
025040107410003168d2a000a00000e2,2,3,11,322,265,778,626,1.10002,0,0
025040107410003168d2a000a00000e2,2,3,12,322,265,778,626,1.10002,0,0
025040107410003168d2a000a00000e2,2,3,13,322,265,778,626,1.10002,0,0
025040107410003168d2a000a00000e2,2,3,14,322,265,778,626,1.10002,0,0
025040107410003168d2a000a00000e2,2,3,15,322,265,778,626,1.10002,0,0
025040107410003168d2a000a00000e2,2,3,16,322,265,778,626,1.10002,0,0
025040107410003168d2a000a00000e2,2,3,17,322,265,778,626,1.10002,0,0
025040107410003168d2a000a00000e2,2,3,18,322,265,778,626,1.10002,0,0
025040107410003168d2a000a00000e2,2,3,19,322,265,778,626,1.10002,0,0
025040107410003168d2a000a00000e2,2,3,20,322,265,778,626,1.10002,0,0
025040107410003168d2a000a00000e2,2,3,21,322,265,778,626,1.10002,0,0
025040107410003168d2a000a00000e2,2,3,22,322,265,778,626,1.10002,0,0
025040107410003168d2a000a00000e2,2,3,23,322,265,778,626,1.10002,0,0
025040107410003168d2a000a00000e2,2,3,24,322,265,778,626,1.10002,0,0
025040107410003168d2a000a00000e2,2,3,25,322,265,778,626,1.10002,0,0
025040107410003168d2a000a00000e2,2,3,26,322,265,778,626,1.10002,0,0
025040107410003168d2a000a00000e2,2,3,27,322,265,778,626,1.10002,0,0
025040107410003168d2a000a00000e2,2,3,28,322,265,778,626,1.10002,0,0
025040107410003168d2a000a00000e2,2,3,29,322,265,778,626,1.10002,0,0
025040107410003168d2a000a00000e2,2,3,30,322,265,778,626,1.10002,0,0
025040107410003168d2a000a00000e2,2,3,31,322,265,778,626,1.10002,0,0
025040107410003168d2a000a00000e2,2,3,32,322,265,778,626,1.10002,0,0
025040107410003168d2a000a00000e2,2,3,33,322,265,778,626,1.10002,0,0
025040107410003168d2a000a00000e2,2,3,34,322,265,778,626,1.10002,0,0
025040107410003168d2a000a00000e2,2,3,35,322,265,778,626,1.10002,0,0
025040107410003168d2a000a00000e2,2,3,36,322,265,778,626,1.10002,0,0
025040107410003168d2a000a00000e2,2,3,37,322,265,778,626,1.10002,0,0
025040107410003168d2a000a00000e2,2,3,38,322,265,778,626,1.10002,0,0
025040107410003168d2a000a00000e2,2,3,39,322,265,778,626,1.10002,0,0
025040107410003168d2a000a00000e2,2,3,40,322,265,778,626,1.10002,0,0
025040107410003168d2a000a00000e2,2,3,41,322,265,778,626,1.10002,0,0
025040107410003168d2a000a00000e2,2,3,42,322,265,778,626,1.10002,0,0
025040107410003168d2a000a00000e2,2,3,43,322,265,778,626,1.10002,0,0
025040107410003168d2a000a00000e2,2,3,44,322,265,778,626,1.10002,0,0
025040107410003168d2a000a00000e2,2,3,45,322,265,778,626,1.10002,0,0
025040107410003168d2a000a00000e2,2,3,46,322,265,778,626,1.10002,0,0
025040107410003168d2a000a00000e2,2,3,47,322,265,778,626,1.10002,0,0
025040107410003168d2a000a00000e2,2,3,48,322,265,778,626,1.10002,0,0
025040107410003168d2a000a00000e2,2,3,49,322,265,778,626,1.10002,0,0
025040107410003168d2a000a00000e2,2,3,50,322,265,778,626,1.10002,0,0
025040107410003168d2a000a00000e2,2,3,51,322,265,778,626,1.10002,0,0
025040107410003168d2a000a00000e2,2,3,52,322,265,778,626,1.10002,0,0
025040107410003168d2a000a00000e2,2,3,53,322,265,778,626,1.10002,0,0
025040107410003168d2a000a00000e2,2,3,54,322,265,778,626,1.10002,0,0
025040107410003168d2a000a00000e2,2,3,55,322,265,778,626,1.10002,0,0
025040107410003168d2a000a00000e2,2,3,56,322,265,778,626,1.10002,0,0
025040107410003168d2a000a00000e2,2,3,57,322,265,778,626,1.10002,0,0
025040107410003168d2a000a00000e2,2,3,58,322,265,778,626,1.10002,0,0
025040107410003168d2a000a00000e2,2,3,59,322,265,778,626,1.10002,0,0
025040107410003168d2a000a00000e2,2,3,60,322,265,778,626,1.10002,0,0
025040107410003168d2a000a00000e2,2,3,61,322,265,778,626,1.10002,0,0
025040107410003168d2a000a00000e2,2,3,62,322,265,778,626,1.10002,0,0
025040107410003168d2a000a00000e2,2,3,63,322,265,778,626,1.10002,0,0
025040107410003168d2a000a00000e2,2,3,0,322,265,779,627,1.10002,0,0
025040107410003168d2a000a00000e2,2,3,1,322,265,779,627,1.10002,0,0
025040107410003168d2a000a00000e2,2,3,2,322,265,779,627,1.10002,0,0
025040107410003168d2a000a00000e2,2,3,3,322,265,779,627,1.10002,0,0
025040107410003168d2a000a00000e2,2,3,4,322,265,779,627,1.10002,0,0
025040107410003168d2a000a00000e2,2,3,5,322,265,779,627,1.10002,0,0
025040107410003168d2a000a00000e2,2,3,6,322,265,779,627,1.10002,0,0
025040107410003168d2a000a00000e2,2,3,7,322,265,779,627,1.10002,0,0
025040107410003168d2a000a00000e2,2,3,8,322,265,779,627,1.10002,0,0
025040107410003168d2a000a00000e2,2,3,9,322,265,779,627,1.10002,0,0
025040107410003168d2a000a00000e2,2,3,10,322,265,779,627,1.10002,0,0
025040107410003168d2a000a00000e2,2,3,11,322,265,779,627,1.10002,0,0
025040107410003168d2a000a00000e2,2,3,12,322,265,779,627,1.10002,0,0
025040107410003168d2a000a00000e2,2,3,13,322,265,779,627,1.10002,0,0
025040107410003168d2a000a00000e2,2,3,14,322,265,779,627,1.10002,0,0
025040107410003168d2a000a00000e2,2,3,15,322,265,779,627,1.10002,0,0
025040107410003168d2a000a00000e2,2,3,16,322,265,779,627,1.10002,0,0
025040107410003168d2a000a00000e2,2,3,17,322,265,779,627,1.10002,0,0
025040107410003168d2a000a00000e2,2,3,18,322,265,779,627,1.10002,0,0
025040107410003168d2a000a00000e2,2,3,19,322,265,779,627,1.10002,0,0
025040107410003168d2a000a00000e2,2,3,20,322,265,779,627,1.10002,0,0
025040107410003168d2a000a00000e2,2,3,21,322,265,779,627,1.10002,0,0
025040107410003168d2a000a00000e2,2,3,22,322,265,779,627,1.10002,0,0
025040107410003168d2a000a00000e2,2,3,23,322,265,779,627,1.10002,0,0
025040107410003168d2a000a00000e2,2,3,24,322,265,779,627,1.10002,0,0
025040107410003168d2a000a00000e2,2,3,25,322,265,779,627,1.10002,0,0
025040107410003168d2a000a00000e2,2,3,26,322,265,779,627,1.10002,0,0
025040107410003168d2a000a00000e2,2,3,27,322,265,779,627,1.10002,0,0
025040107410003168d2a000a00000e2,2,3,28,322,265,779,627,1.10002,0,0
025040107410003168d2a000a00000e2,2,3,29,322,265,779,627,1.10002,0,0
025040107410003168d2a000a00000e2,2,3,30,322,265,779,627,1.10002,0,0
025040107410003168d2a000a00000e2,2,3,31,322,265,779,627,1.10002,0,0
025040107410003168d2a000a00000e2,2,3,32,322,265,779,627,1.10002,0,0
025040107410003168d2a000a00000e2,2,3,33,322,265,779,627,1.10002,0,0
025040107410003168d2a000a00000e2,2,3,34,322,265,779,627,1.10002,0,0
025040107410003168d2a000a00000e2,2,3,35,322,265,779,627,1.10002,0,0
025040107410003168d2a000a00000e2,2,3,36,322,265,779,627,1.10002,0,0
025040107410003168d2a000a00000e2,2,3,37,322,265,779,627,1.10002,0,0
025040107410003168d2a000a00000e2,2,3,38,322,265,779,627,1.10002,0,0
025040107410003168d2a000a00000e2,2,3,39,322,265,779,627,1.10002,0,0
025040107410003168d2a000a00000e2,2,3,40,322,265,779,627,1.10002,0,0
025040107410003168d2a000a00000e2,2,3,41,322,265,779,627,1.10002,0,0
025040107410003168d2a000a00000e2,2,3,42,322,265,779,627,1.10002,0,0
025040107410003168d2a000a00000e2,2,3,43,322,265,779,627,1.10002,0,0
025040107410003168d2a000a00000e2,2,3,44,322,265,779,627,1.10002,0,0
025040107410003168d2a000a00000e2,2,3,45,322,265,779,627,1.10002,0,0
025040107410003168d2a000a00000e2,2,3,46,322,265,779,627,1.10002,0,0
025040107410003168d2a000a00000e2,2,3,47,322,265,779,627,1.10002,0,0
025040107410003168d2a000a00000e2,2,3,48,322,265,779,627,1.10002,0,0
025040107410003168d2a000a00000e2,2,3,49,322,265,779,627,1.10002,0,0
025040107410003168d2a000a00000e2,2,3,50,322,265,779,627,1.10002,0,0
025040107410003168d2a000a00000e2,2,3,51,322,265,779,627,1.10002,0,0
025040107410003168d2a000a00000e2,2,3,52,322,265,779,627,1.10002,0,0
025040107410003168d2a000a00000e2,2,3,53,322,265,779,627,1.10002,0,0
025040107410003168d2a000a00000e2,2,3,54,322,265,779,627,1.10002,0,0
025040107410003168d2a000a00000e2,2,3,55,322,265,779,627,1.10002,0,0
025040107410003168d2a000a00000e2,2,3,56,322,265,779,627,1.10002,0,0
025040107410003168d2a000a00000e2,2,3,57,322,265,779,627,1.10002,0,0
025040107410003168d2a000a00000e2,2,3,58,322,265,779,627,1.10002,0,0
025040107410003168d2a000a00000e2,2,3,59,322,265,779,627,1.10002,0,0
025040107410003168d2a000a00000e2,2,3,60,322,265,779,627,1.10002,0,0
025040107410003168d2a000a00000e2,2,3,61,322,265,779,627,1.10002,0,0
025040107410003168d2a000a00000e2,2,3,62,322,265,779,627,1.10002,0,0
025040107410003168d2a000a00000e2,2,3,63,322,265,779,627,1.10002,0,0
025040107410003168d2a000a00000e2,2,3,0,322,265,780,628,1.10002,0,0
025040107410003168d2a000a00000e2,2,3,1,322,265,780,628,1.10002,0,0
025040107410003168d2a000a00000e2,2,3,2,322,265,780,628,1.10002,0,0
025040107410003168d2a000a00000e2,2,3,3,322,265,780,628,1.10002,0,0
025040107410003168d2a000a00000e2,2,3,4,322,265,780,628,1.10002,0,0
025040107410003168d2a000a00000e2,2,3,5,322,265,780,628,1.10002,0,0
025040107410003168d2a000a00000e2,2,3,6,322,265,780,628,1.10002,0,0
025040107410003168d2a000a00000e2,2,3,7,322,265,780,628,1.10002,0,0
025040107410003168d2a000a00000e2,2,3,8,322,265,780,628,1.10002,0,0
025040107410003168d2a000a00000e2,2,3,9,322,265,780,628,1.10002,0,0
025040107410003168d2a000a00000e2,2,3,10,322,265,780,628,1.10002,0,0
025040107410003168d2a000a00000e2,2,3,11,322,265,780,628,1.10002,0,0
025040107410003168d2a000a00000e2,2,3,12,322,265,780,628,1.10002,0,0
025040107410003168d2a000a00000e2,2,3,13,322,265,780,628,1.10002,0,0
025040107410003168d2a000a00000e2,2,3,14,322,265,780,628,1.10002,0,0
025040107410003168d2a000a00000e2,2,3,15,322,265,780,628,1.10002,0,0
025040107410003168d2a000a00000e2,2,3,16,322,265,780,628,1.10002,0,0
025040107410003168d2a000a00000e2,2,3,17,322,265,780,628,1.10002,0,0
025040107410003168d2a000a00000e2,2,3,18,322,265,780,628,1.10002,0,0
025040107410003168d2a000a00000e2,2,3,19,322,265,780,628,1.10002,0,0
025040107410003168d2a000a00000e2,2,3,20,322,265,780,628,1.10002,0,0
025040107410003168d2a000a00000e2,2,3,21,322,265,780,628,1.10002,0,0
025040107410003168d2a000a00000e2,2,3,22,322,265,780,628,1.10002,0,0
025040107410003168d2a000a00000e2,2,3,23,322,265,780,628,1.10002,0,0
025040107410003168d2a000a00000e2,2,3,24,322,265,780,628,1.10002,0,0
025040107410003168d2a000a00000e2,2,3,25,322,265,780,628,1.10002,0,0
025040107410003168d2a000a00000e2,2,3,26,322,265,780,628,1.10002,0,0
025040107410003168d2a000a00000e2,2,3,27,322,265,780,628,1.10002,0,0
025040107410003168d2a000a00000e2,2,3,28,322,265,780,628,1.10002,0,0
025040107410003168d2a000a00000e2,2,3,29,322,265,780,628,1.10002,0,0
025040107410003168d2a000a00000e2,2,3,30,322,265,780,628,1.10002,0,0
025040107410003168d2a000a00000e2,2,3,31,322,265,780,628,1.10002,0,0
025040107410003168d2a000a00000e2,2,3,32,322,265,780,628,1.10002,0,0
025040107410003168d2a000a00000e2,2,3,33,322,265,780,628,1.10002,0,0
025040107410003168d2a000a00000e2,2,3,34,322,265,780,628,1.10002,0,0
025040107410003168d2a000a00000e2,2,3,35,322,265,780,628,1.10002,0,0
025040107410003168d2a000a00000e2,2,3,36,322,265,780,628,1.10002,0,0
025040107410003168d2a000a00000e2,2,3,37,322,265,780,628,1.10002,0,0
025040107410003168d2a000a00000e2,2,3,38,322,265,780,628,1.10002,0,0
025040107410003168d2a000a00000e2,2,3,39,322,265,780,628,1.10002,0,0
025040107410003168d2a000a00000e2,2,3,40,322,265,780,628,1.10002,0,0
025040107410003168d2a000a00000e2,2,3,41,322,265,780,628,1.10002,0,0
025040107410003168d2a000a00000e2,2,3,42,322,265,780,628,1.10002,0,0
025040107410003168d2a000a00000e2,2,3,43,322,265,780,628,1.10002,0,0
025040107410003168d2a000a00000e2,2,3,44,322,265,780,628,1.10002,0,0
025040107410003168d2a000a00000e2,2,3,45,322,265,780,628,1.10002,0,0
025040107410003168d2a000a00000e2,2,3,46,322,265,780,628,1.10002,0,0
025040107410003168d2a000a00000e2,2,3,47,322,265,780,628,1.10002,0,0
025040107410003168d2a000a00000e2,2,3,48,322,265,780,628,1.10002,0,0
025040107410003168d2a000a00000e2,2,3,49,322,265,780,628,1.10002,0,0
025040107410003168d2a000a00000e2,2,3,50,322,265,780,628,1.10002,0,0
025040107410003168d2a000a00000e2,2,3,51,322,265,780,628,1.10002,0,0
025040107410003168d2a000a00000e2,2,3,52,322,265,780,628,1.10002,0,0
025040107410003168d2a000a00000e2,2,3,53,322,265,780,628,1.10002,0,0
025040107410003168d2a000a00000e2,2,3,54,322,265,780,628,1.10002,0,0
025040107410003168d2a000a00000e2,2,3,55,322,265,780,628,1.10002,0,0
025040107410003168d2a000a00000e2,2,3,56,322,265,780,628,1.10002,0,0
025040107410003168d2a000a00000e2,2,3,57,322,265,780,628,1.10002,0,0
025040107410003168d2a000a00000e2,2,3,58,322,265,780,628,1.10002,0,0
025040107410003168d2a000a00000e2,2,3,59,322,265,780,628,1.10002,0,0
025040107410003168d2a000a00000e2,2,3,60,322,265,780,628,1.10002,0,0
025040107410003168d2a000a00000e2,2,3,61,322,265,780,628,1.10002,0,0
025040107410003168d2a000a00000e2,2,3,62,322,265,780,628,1.10002,0,0
025040107410003168d2a000a00000e2,2,3,63,322,265,780,628,1.10002,0,0
025040107410003168d2a000a00000e2,2,3,0,322,265,781,629,1.10002,0,0
025040107410003168d2a000a00000e2,2,3,1,322,265,781,629,1.10002,0,0
025040107410003168d2a000a00000e2,2,3,2,322,265,781,629,1.10002,0,0
025040107410003168d2a000a00000e2,2,3,3,322,265,781,629,1.10002,0,0
025040107410003168d2a000a00000e2,2,3,4,322,265,781,629,1.10002,0,0
025040107410003168d2a000a00000e2,2,3,5,322,265,781,629,1.10002,0,0
025040107410003168d2a000a00000e2,2,3,6,322,265,781,629,1.10002,0,0
025040107410003168d2a000a00000e2,2,3,7,322,265,781,629,1.10002,0,0
025040107410003168d2a000a00000e2,2,3,8,322,265,781,629,1.10002,0,0
025040107410003168d2a000a00000e2,2,3,9,322,265,781,629,1.10002,0,0
025040107410003168d2a000a00000e2,2,3,10,322,265,781,629,1.10002,0,0
025040107410003168d2a000a00000e2,2,3,11,322,265,781,629,1.10002,0,0
025040107410003168d2a000a00000e2,2,3,12,322,265,781,629,1.10002,0,0
025040107410003168d2a000a00000e2,2,3,13,322,265,781,629,1.10002,0,0
025040107410003168d2a000a00000e2,2,3,14,322,265,781,629,1.10002,0,0
025040107410003168d2a000a00000e2,2,3,15,322,265,781,629,1.10002,0,0
025040107410003168d2a000a00000e2,2,3,16,322,265,781,629,1.10002,0,0
025040107410003168d2a000a00000e2,2,3,17,322,265,781,629,1.10002,0,0
025040107410003168d2a000a00000e2,2,3,18,322,265,781,629,1.10002,0,0
025040107410003168d2a000a00000e2,2,3,19,322,265,781,629,1.10002,0,0
025040107410003168d2a000a00000e2,2,3,20,322,265,781,629,1.10002,0,0
025040107410003168d2a000a00000e2,2,3,21,322,265,781,629,1.10002,0,0
025040107410003168d2a000a00000e2,2,3,22,322,265,781,629,1.10002,0,0
025040107410003168d2a000a00000e2,2,3,23,322,265,781,629,1.10002,0,0
025040107410003168d2a000a00000e2,2,3,24,322,265,781,629,1.10002,0,0
025040107410003168d2a000a00000e2,2,3,25,322,265,781,629,1.10002,0,0
025040107410003168d2a000a00000e2,2,3,26,322,265,781,629,1.10002,0,0
025040107410003168d2a000a00000e2,2,3,27,322,265,781,629,1.10002,0,0
025040107410003168d2a000a00000e2,2,3,28,322,265,781,629,1.10002,0,0
025040107410003168d2a000a00000e2,2,3,29,322,265,781,629,1.10002,0,0
025040107410003168d2a000a00000e2,2,3,30,322,265,781,629,1.10002,0,0
025040107410003168d2a000a00000e2,2,3,31,322,265,781,629,1.10002,0,0
025040107410003168d2a000a00000e2,2,3,32,322,265,781,629,1.10002,0,0
025040107410003168d2a000a00000e2,2,3,33,322,265,781,629,1.10002,0,0
025040107410003168d2a000a00000e2,2,3,34,322,265,781,629,1.10002,0,0
025040107410003168d2a000a00000e2,2,3,35,322,265,781,629,1.10002,0,0
025040107410003168d2a000a00000e2,2,3,36,322,265,781,629,1.10002,0,0
025040107410003168d2a000a00000e2,2,3,37,322,265,781,629,1.10002,0,0
025040107410003168d2a000a00000e2,2,3,38,322,265,781,629,1.10002,0,0
025040107410003168d2a000a00000e2,2,3,39,322,265,781,629,1.10002,0,0
025040107410003168d2a000a00000e2,2,3,40,322,265,781,629,1.10002,0,0
025040107410003168d2a000a00000e2,2,3,41,322,265,781,629,1.10002,0,0
025040107410003168d2a000a00000e2,2,3,42,322,265,781,629,1.10002,0,0
025040107410003168d2a000a00000e2,2,3,43,322,265,781,629,1.10002,0,0
025040107410003168d2a000a00000e2,2,3,44,322,265,781,629,1.10002,0,0
025040107410003168d2a000a00000e2,2,3,45,322,265,781,629,1.10002,0,0
025040107410003168d2a000a00000e2,2,3,46,322,265,781,629,1.10002,0,0
025040107410003168d2a000a00000e2,2,3,47,322,265,781,629,1.10002,0,0
025040107410003168d2a000a00000e2,2,3,48,322,265,781,629,1.10002,0,0
025040107410003168d2a000a00000e2,2,3,49,322,265,781,629,1.10002,0,0
025040107410003168d2a000a00000e2,2,3,50,322,265,781,629,1.10002,0,0
025040107410003168d2a000a00000e2,2,3,51,322,265,781,629,1.10002,0,0
025040107410003168d2a000a00000e2,2,3,52,322,265,781,629,1.10002,0,0
025040107410003168d2a000a00000e2,2,3,53,322,265,781,629,1.10002,0,0
025040107410003168d2a000a00000e2,2,3,54,322,265,781,629,1.10002,0,0
025040107410003168d2a000a00000e2,2,3,55,322,265,781,629,1.10002,0,0
025040107410003168d2a000a00000e2,2,3,56,322,265,781,629,1.10002,0,0
025040107410003168d2a000a00000e2,2,3,57,322,265,781,629,1.10002,0,0
025040107410003168d2a000a00000e2,2,3,58,322,265,781,629,1.10002,0,0
025040107410003168d2a000a00000e2,2,3,59,322,265,781,629,1.10002,0,0
025040107410003168d2a000a00000e2,2,3,60,322,265,781,629,1.10002,0,0
025040107410003168d2a000a00000e2,2,3,61,322,265,781,629,1.10002,0,0
025040107410003168d2a000a00000e2,2,3,62,322,265,781,629,1.10002,0,0
025040107410003168d2a000a00000e2,2,3,63,322,265,781,629,1.10002,0,0
025040107410003168d2a000a00000e2,2,3,0,322,265,782,629,1.10002,0,0
025040107410003168d2a000a00000e2,2,3,1,322,265,782,629,1.10002,0,0
025040107410003168d2a000a00000e2,2,3,2,322,265,782,629,1.10002,0,0
025040107410003168d2a000a00000e2,2,3,3,322,265,782,629,1.10002,0,0
025040107410003168d2a000a00000e2,2,3,4,322,265,782,629,1.10002,0,0
025040107410003168d2a000a00000e2,2,3,5,322,265,782,629,1.10002,0,0
025040107410003168d2a000a00000e2,2,3,6,322,265,782,629,1.10002,0,0
025040107410003168d2a000a00000e2,2,3,7,322,265,782,629,1.10002,0,0
025040107410003168d2a000a00000e2,2,3,8,322,265,782,629,1.10002,0,0
025040107410003168d2a000a00000e2,2,3,9,322,265,782,629,1.10002,0,0
025040107410003168d2a000a00000e2,2,3,10,322,265,782,629,1.10002,0,0
025040107410003168d2a000a00000e2,2,3,11,322,265,782,629,1.10002,0,0
025040107410003168d2a000a00000e2,2,3,12,322,265,782,629,1.10002,0,0
025040107410003168d2a000a00000e2,2,3,13,322,265,782,629,1.10002,0,0
025040107410003168d2a000a00000e2,2,3,14,322,265,782,629,1.10002,0,0
025040107410003168d2a000a00000e2,2,3,15,322,265,782,629,1.10002,0,0
025040107410003168d2a000a00000e2,2,3,16,322,265,782,629,1.10002,0,0
025040107410003168d2a000a00000e2,2,3,17,322,265,782,629,1.10002,0,0
025040107410003168d2a000a00000e2,2,3,18,322,265,782,629,1.10002,0,0
025040107410003168d2a000a00000e2,2,3,19,322,265,782,629,1.10002,0,0
025040107410003168d2a000a00000e2,2,3,20,322,265,782,629,1.10002,0,0
025040107410003168d2a000a00000e2,2,3,21,322,265,782,629,1.10002,0,0
025040107410003168d2a000a00000e2,2,3,22,322,265,782,629,1.10002,0,0
025040107410003168d2a000a00000e2,2,3,23,322,265,782,629,1.10002,0,0
025040107410003168d2a000a00000e2,2,3,24,322,265,782,629,1.10002,0,0
025040107410003168d2a000a00000e2,2,3,25,322,265,782,629,1.10002,0,0
025040107410003168d2a000a00000e2,2,3,26,322,265,782,629,1.10002,0,0
025040107410003168d2a000a00000e2,2,3,27,322,265,782,629,1.10002,0,0
025040107410003168d2a000a00000e2,2,3,28,322,265,782,629,1.10002,0,0
025040107410003168d2a000a00000e2,2,3,29,322,265,782,629,1.10002,0,0
025040107410003168d2a000a00000e2,2,3,30,322,265,782,629,1.10002,0,0
025040107410003168d2a000a00000e2,2,3,31,322,265,782,629,1.10002,0,0
025040107410003168d2a000a00000e2,2,3,32,322,265,782,629,1.10002,0,0
025040107410003168d2a000a00000e2,2,3,33,322,265,782,629,1.10002,0,0
025040107410003168d2a000a00000e2,2,3,34,322,265,782,629,1.10002,0,0
025040107410003168d2a000a00000e2,2,3,35,322,265,782,629,1.10002,0,0
025040107410003168d2a000a00000e2,2,3,36,322,265,782,629,1.10002,0,0
025040107410003168d2a000a00000e2,2,3,37,322,265,782,629,1.10002,0,0
025040107410003168d2a000a00000e2,2,3,38,322,265,782,629,1.10002,0,0
025040107410003168d2a000a00000e2,2,3,39,322,265,782,629,1.10002,0,0
025040107410003168d2a000a00000e2,2,3,40,322,265,782,629,1.10002,0,0
025040107410003168d2a000a00000e2,2,3,41,322,265,782,629,1.10002,0,0
025040107410003168d2a000a00000e2,2,3,42,322,265,782,629,1.10002,0,0
025040107410003168d2a000a00000e2,2,3,43,322,265,782,629,1.10002,0,0
025040107410003168d2a000a00000e2,2,3,44,322,265,782,629,1.10002,0,0
025040107410003168d2a000a00000e2,2,3,45,322,265,782,629,1.10002,0,0
025040107410003168d2a000a00000e2,2,3,46,322,265,782,629,1.10002,0,0
025040107410003168d2a000a00000e2,2,3,47,322,265,782,629,1.10002,0,0
025040107410003168d2a000a00000e2,2,3,48,322,265,782,629,1.10002,0,0
025040107410003168d2a000a00000e2,2,3,49,322,265,782,629,1.10002,0,0
025040107410003168d2a000a00000e2,2,3,50,322,265,782,629,1.10002,0,0
025040107410003168d2a000a00000e2,2,3,51,322,265,782,629,1.10002,0,0
025040107410003168d2a000a00000e2,2,3,52,322,265,782,629,1.10002,0,0
025040107410003168d2a000a00000e2,2,3,53,322,265,782,629,1.10002,0,0
025040107410003168d2a000a00000e2,2,3,54,322,265,782,629,1.10002,0,0
025040107410003168d2a000a00000e2,2,3,55,322,265,782,629,1.10002,0,0
025040107410003168d2a000a00000e2,2,3,56,322,265,782,629,1.10002,0,0
025040107410003168d2a000a00000e2,2,3,57,322,265,782,629,1.10002,0,0
025040107410003168d2a000a00000e2,2,3,58,322,265,782,629,1.10002,0,0
025040107410003168d2a000a00000e2,2,3,59,322,265,782,629,1.10002,0,0
025040107410003168d2a000a00000e2,2,3,60,322,265,782,629,1.10002,0,0
025040107410003168d2a000a00000e2,2,3,61,322,265,782,629,1.10002,0,0
025040107410003168d2a000a00000e2,2,3,62,322,265,782,629,1.10002,0,0
025040107410003168d2a000a00000e2,2,3,63,322,265,782,629,1.10002,0,0
025040107410003168d2a000a00000e2,2,3,0,322,265,783,630,1.10002,0,0
025040107410003168d2a000a00000e2,2,3,1,322,265,783,630,1.10002,0,0
025040107410003168d2a000a00000e2,2,3,2,322,265,783,630,1.10002,0,0
025040107410003168d2a000a00000e2,2,3,3,322,265,783,630,1.10002,0,0
025040107410003168d2a000a00000e2,2,3,4,322,265,783,630,1.10002,0,0
025040107410003168d2a000a00000e2,2,3,5,322,265,783,630,1.10002,0,0
025040107410003168d2a000a00000e2,2,3,6,322,265,783,630,1.10002,0,0
025040107410003168d2a000a00000e2,2,3,7,322,265,783,630,1.10002,0,0
025040107410003168d2a000a00000e2,2,3,8,322,265,783,630,1.10002,0,0
025040107410003168d2a000a00000e2,2,3,9,322,265,783,630,1.10002,0,0
025040107410003168d2a000a00000e2,2,3,10,322,265,783,630,1.10002,0,0
025040107410003168d2a000a00000e2,2,3,11,322,265,783,630,1.10002,0,0
025040107410003168d2a000a00000e2,2,3,12,322,265,783,630,1.10002,0,0
025040107410003168d2a000a00000e2,2,3,13,322,265,783,630,1.10002,0,0
025040107410003168d2a000a00000e2,2,3,14,322,265,783,630,1.10002,0,0
025040107410003168d2a000a00000e2,2,3,15,322,265,783,630,1.10002,0,0
025040107410003168d2a000a00000e2,2,3,16,322,265,783,630,1.10002,0,0
025040107410003168d2a000a00000e2,2,3,17,322,265,783,630,1.10002,0,0
025040107410003168d2a000a00000e2,2,3,18,322,265,783,630,1.10002,0,0
025040107410003168d2a000a00000e2,2,3,19,322,265,783,630,1.10002,0,0
025040107410003168d2a000a00000e2,2,3,20,322,265,783,630,1.10002,0,0
025040107410003168d2a000a00000e2,2,3,21,322,265,783,630,1.10002,0,0
025040107410003168d2a000a00000e2,2,3,22,322,265,783,630,1.10002,0,0
025040107410003168d2a000a00000e2,2,3,23,322,265,783,630,1.10002,0,0
025040107410003168d2a000a00000e2,2,3,24,322,265,783,630,1.10002,0,0
025040107410003168d2a000a00000e2,2,3,25,322,265,783,630,1.10002,0,0
025040107410003168d2a000a00000e2,2,3,26,322,265,783,630,1.10002,0,0
025040107410003168d2a000a00000e2,2,3,27,322,265,783,630,1.10002,0,0
025040107410003168d2a000a00000e2,2,3,28,322,265,783,630,1.10002,0,0
025040107410003168d2a000a00000e2,2,3,29,322,265,783,630,1.10002,0,0
025040107410003168d2a000a00000e2,2,3,30,322,265,783,630,1.10002,0,0
025040107410003168d2a000a00000e2,2,3,31,322,265,783,630,1.10002,0,0
025040107410003168d2a000a00000e2,2,3,32,322,265,783,630,1.10002,0,0
025040107410003168d2a000a00000e2,2,3,33,322,265,783,630,1.10002,0,0
025040107410003168d2a000a00000e2,2,3,34,322,265,783,630,1.10002,0,0
025040107410003168d2a000a00000e2,2,3,35,322,265,783,630,1.10002,0,0
025040107410003168d2a000a00000e2,2,3,36,322,265,783,630,1.10002,0,0
025040107410003168d2a000a00000e2,2,3,37,322,265,783,630,1.10002,0,0
025040107410003168d2a000a00000e2,2,3,38,322,265,783,630,1.10002,0,0
025040107410003168d2a000a00000e2,2,3,39,322,265,783,630,1.10002,0,0
025040107410003168d2a000a00000e2,2,3,40,322,265,783,630,1.10002,0,0
025040107410003168d2a000a00000e2,2,3,41,322,265,783,630,1.10002,0,0
025040107410003168d2a000a00000e2,2,3,42,322,265,783,630,1.10002,0,0
025040107410003168d2a000a00000e2,2,3,43,322,265,783,630,1.10002,0,0
025040107410003168d2a000a00000e2,2,3,44,322,265,783,630,1.10002,0,0
025040107410003168d2a000a00000e2,2,3,45,322,265,783,630,1.10002,0,0
025040107410003168d2a000a00000e2,2,3,46,322,265,783,630,1.10002,0,0
025040107410003168d2a000a00000e2,2,3,47,322,265,783,630,1.10002,0,0
025040107410003168d2a000a00000e2,2,3,48,322,265,783,630,1.10002,0,0
025040107410003168d2a000a00000e2,2,3,49,322,265,783,630,1.10002,0,0
025040107410003168d2a000a00000e2,2,3,50,322,265,783,630,1.10002,0,0
025040107410003168d2a000a00000e2,2,3,51,322,265,783,630,1.10002,0,0
025040107410003168d2a000a00000e2,2,3,52,322,265,783,630,1.10002,0,0
025040107410003168d2a000a00000e2,2,3,53,322,265,783,630,1.10002,0,0
025040107410003168d2a000a00000e2,2,3,54,322,265,783,630,1.10002,0,0
025040107410003168d2a000a00000e2,2,3,55,322,265,783,630,1.10002,0,0
025040107410003168d2a000a00000e2,2,3,56,322,265,783,630,1.10002,0,0
025040107410003168d2a000a00000e2,2,3,57,322,265,783,630,1.10002,0,0
025040107410003168d2a000a00000e2,2,3,58,322,265,783,630,1.10002,0,0
025040107410003168d2a000a00000e2,2,3,59,322,265,783,630,1.10002,0,0
025040107410003168d2a000a00000e2,2,3,60,322,265,783,630,1.10002,0,0
025040107410003168d2a000a00000e2,2,3,61,322,265,783,630,1.10002,0,0
025040107410003168d2a000a00000e2,2,3,62,322,265,783,630,1.10002,0,0
025040107410003168d2a000a00000e2,2,3,63,322,265,783,630,1.10002,0,0
025040107410003168d2a000a00000e2,2,3,0,322,265,784,631,1.10002,0,0
025040107410003168d2a000a00000e2,2,3,1,322,265,784,631,1.10002,0,0
025040107410003168d2a000a00000e2,2,3,2,322,265,784,631,1.10002,0,0
025040107410003168d2a000a00000e2,2,3,3,322,265,784,631,1.10002,0,0
025040107410003168d2a000a00000e2,2,3,4,322,265,784,631,1.10002,0,0
025040107410003168d2a000a00000e2,2,3,5,322,265,784,631,1.10002,0,0
025040107410003168d2a000a00000e2,2,3,6,322,265,784,631,1.10002,0,0
025040107410003168d2a000a00000e2,2,3,7,322,265,784,631,1.10002,0,0
025040107410003168d2a000a00000e2,2,3,8,322,265,784,631,1.10002,0,0
025040107410003168d2a000a00000e2,2,3,9,322,265,784,631,1.10002,0,0
025040107410003168d2a000a00000e2,2,3,10,322,265,784,631,1.10002,0,0
025040107410003168d2a000a00000e2,2,3,11,322,265,784,631,1.10002,0,0
025040107410003168d2a000a00000e2,2,3,12,322,265,784,631,1.10002,0,0
025040107410003168d2a000a00000e2,2,3,13,322,265,784,631,1.10002,0,0
025040107410003168d2a000a00000e2,2,3,14,322,265,784,631,1.10002,0,0
025040107410003168d2a000a00000e2,2,3,15,322,265,784,631,1.10002,0,0
025040107410003168d2a000a00000e2,2,3,16,322,265,784,631,1.10002,0,0
025040107410003168d2a000a00000e2,2,3,17,322,265,784,631,1.10002,0,0
025040107410003168d2a000a00000e2,2,3,18,322,265,784,631,1.10002,0,0
025040107410003168d2a000a00000e2,2,3,19,322,265,784,631,1.10002,0,0
025040107410003168d2a000a00000e2,2,3,20,322,265,784,631,1.10002,0,0
025040107410003168d2a000a00000e2,2,3,21,322,265,784,631,1.10002,0,0
025040107410003168d2a000a00000e2,2,3,22,322,265,784,631,1.10002,0,0
025040107410003168d2a000a00000e2,2,3,23,322,265,784,631,1.10002,0,0
025040107410003168d2a000a00000e2,2,3,24,322,265,784,631,1.10002,0,0
025040107410003168d2a000a00000e2,2,3,25,322,265,784,631,1.10002,0,0
025040107410003168d2a000a00000e2,2,3,26,322,265,784,631,1.10002,0,0
025040107410003168d2a000a00000e2,2,3,27,322,265,784,631,1.10002,0,0
025040107410003168d2a000a00000e2,2,3,28,322,265,784,631,1.10002,0,0
025040107410003168d2a000a00000e2,2,3,29,322,265,784,631,1.10002,0,0
025040107410003168d2a000a00000e2,2,3,30,322,265,784,631,1.10002,0,0
025040107410003168d2a000a00000e2,2,3,31,322,265,784,631,1.10002,0,0
025040107410003168d2a000a00000e2,2,3,32,322,265,784,631,1.10002,0,0
025040107410003168d2a000a00000e2,2,3,33,322,265,784,631,1.10002,0,0
025040107410003168d2a000a00000e2,2,3,34,322,265,784,631,1.10002,0,0
025040107410003168d2a000a00000e2,2,3,35,322,265,784,631,1.10002,0,0
025040107410003168d2a000a00000e2,2,3,36,322,265,784,631,1.10002,0,0
025040107410003168d2a000a00000e2,2,3,37,322,265,784,631,1.10002,0,0
025040107410003168d2a000a00000e2,2,3,38,322,265,784,631,1.10002,0,0
025040107410003168d2a000a00000e2,2,3,39,322,265,784,631,1.10002,0,0
025040107410003168d2a000a00000e2,2,3,40,322,265,784,631,1.10002,0,0
025040107410003168d2a000a00000e2,2,3,41,322,265,784,631,1.10002,0,0
025040107410003168d2a000a00000e2,2,3,42,322,265,784,631,1.10002,0,0
025040107410003168d2a000a00000e2,2,3,43,322,265,784,631,1.10002,0,0
025040107410003168d2a000a00000e2,2,3,44,322,265,784,631,1.10002,0,0
025040107410003168d2a000a00000e2,2,3,45,322,265,784,631,1.10002,0,0
025040107410003168d2a000a00000e2,2,3,46,322,265,784,631,1.10002,0,0
025040107410003168d2a000a00000e2,2,3,47,322,265,784,631,1.10002,0,0
025040107410003168d2a000a00000e2,2,3,48,322,265,784,631,1.10002,0,0
025040107410003168d2a000a00000e2,2,3,49,322,265,784,631,1.10002,0,0
025040107410003168d2a000a00000e2,2,3,50,322,265,784,631,1.10002,0,0
025040107410003168d2a000a00000e2,2,3,51,322,265,784,631,1.10002,0,0
025040107410003168d2a000a00000e2,2,3,52,322,265,784,631,1.10002,0,0
025040107410003168d2a000a00000e2,2,3,53,322,265,784,631,1.10002,0,0
025040107410003168d2a000a00000e2,2,3,54,322,265,784,631,1.10002,0,0
025040107410003168d2a000a00000e2,2,3,55,322,265,784,631,1.10002,0,0
025040107410003168d2a000a00000e2,2,3,56,322,265,784,631,1.10002,0,0
025040107410003168d2a000a00000e2,2,3,57,322,265,784,631,1.10002,0,0
025040107410003168d2a000a00000e2,2,3,58,322,265,784,631,1.10002,0,0
025040107410003168d2a000a00000e2,2,3,59,322,265,784,631,1.10002,0,0
025040107410003168d2a000a00000e2,2,3,60,322,265,784,631,1.10002,0,0
025040107410003168d2a000a00000e2,2,3,61,322,265,784,631,1.10002,0,0
025040107410003168d2a000a00000e2,2,3,62,322,265,784,631,1.10002,0,0
025040107410003168d2a000a00000e2,2,3,63,322,265,784,631,1.10002,0,0
025040107410003168d2a000a00000e2,2,3,0,322,265,785,632,1.10002,0,0
025040107410003168d2a000a00000e2,2,3,1,322,265,785,632,1.10002,0,0
025040107410003168d2a000a00000e2,2,3,2,322,265,785,632,1.10002,0,0
025040107410003168d2a000a00000e2,2,3,3,322,265,785,632,1.10002,0,0
025040107410003168d2a000a00000e2,2,3,4,322,265,785,632,1.10002,0,0
025040107410003168d2a000a00000e2,2,3,5,322,265,785,632,1.10002,0,0
025040107410003168d2a000a00000e2,2,3,6,322,265,785,632,1.10002,0,0
025040107410003168d2a000a00000e2,2,3,7,322,265,785,632,1.10002,0,0
025040107410003168d2a000a00000e2,2,3,8,322,265,785,632,1.10002,0,0
025040107410003168d2a000a00000e2,2,3,9,322,265,785,632,1.10002,0,0
025040107410003168d2a000a00000e2,2,3,10,322,265,785,632,1.10002,0,0
025040107410003168d2a000a00000e2,2,3,11,322,265,785,632,1.10002,0,0
025040107410003168d2a000a00000e2,2,3,12,322,265,785,632,1.10002,0,0
025040107410003168d2a000a00000e2,2,3,13,322,265,785,632,1.10002,0,0
025040107410003168d2a000a00000e2,2,3,14,322,265,785,632,1.10002,0,0
025040107410003168d2a000a00000e2,2,3,15,322,265,785,632,1.10002,0,0
025040107410003168d2a000a00000e2,2,3,16,322,265,785,632,1.10002,0,0
025040107410003168d2a000a00000e2,2,3,17,322,265,785,632,1.10002,0,0
025040107410003168d2a000a00000e2,2,3,18,322,265,785,632,1.10002,0,0
025040107410003168d2a000a00000e2,2,3,19,322,265,785,632,1.10002,0,0
025040107410003168d2a000a00000e2,2,3,20,322,265,785,632,1.10002,0,0
025040107410003168d2a000a00000e2,2,3,21,322,265,785,632,1.10002,0,0
025040107410003168d2a000a00000e2,2,3,22,322,265,785,632,1.10002,0,0
025040107410003168d2a000a00000e2,2,3,23,322,265,785,632,1.10002,0,0
025040107410003168d2a000a00000e2,2,3,24,322,265,785,632,1.10002,0,0
025040107410003168d2a000a00000e2,2,3,25,322,265,785,632,1.10002,0,0
025040107410003168d2a000a00000e2,2,3,26,322,265,785,632,1.10002,0,0
025040107410003168d2a000a00000e2,2,3,27,322,265,785,632,1.10002,0,0
025040107410003168d2a000a00000e2,2,3,28,322,265,785,632,1.10002,0,0
025040107410003168d2a000a00000e2,2,3,29,322,265,785,632,1.10002,0,0
025040107410003168d2a000a00000e2,2,3,30,322,265,785,632,1.10002,0,0
025040107410003168d2a000a00000e2,2,3,31,322,265,785,632,1.10002,0,0
025040107410003168d2a000a00000e2,2,3,32,322,265,785,632,1.10002,0,0
025040107410003168d2a000a00000e2,2,3,33,322,265,785,632,1.10002,0,0
025040107410003168d2a000a00000e2,2,3,34,322,265,785,632,1.10002,0,0
025040107410003168d2a000a00000e2,2,3,35,322,265,785,632,1.10002,0,0
025040107410003168d2a000a00000e2,2,3,36,322,265,785,632,1.10002,0,0
025040107410003168d2a000a00000e2,2,3,37,322,265,785,632,1.10002,0,0
025040107410003168d2a000a00000e2,2,3,38,322,265,785,632,1.10002,0,0
025040107410003168d2a000a00000e2,2,3,39,322,265,785,632,1.10002,0,0
025040107410003168d2a000a00000e2,2,3,40,322,265,785,632,1.10002,0,0
025040107410003168d2a000a00000e2,2,3,41,322,265,785,632,1.10002,0,0
025040107410003168d2a000a00000e2,2,3,42,322,265,785,632,1.10002,0,0
025040107410003168d2a000a00000e2,2,3,43,322,265,785,632,1.10002,0,0
025040107410003168d2a000a00000e2,2,3,44,322,265,785,632,1.10002,0,0
025040107410003168d2a000a00000e2,2,3,45,322,265,785,632,1.10002,0,0
025040107410003168d2a000a00000e2,2,3,46,322,265,785,632,1.10002,0,0
025040107410003168d2a000a00000e2,2,3,47,322,265,785,632,1.10002,0,0
025040107410003168d2a000a00000e2,2,3,48,322,265,785,632,1.10002,0,0
025040107410003168d2a000a00000e2,2,3,49,322,265,785,632,1.10002,0,0
025040107410003168d2a000a00000e2,2,3,50,322,265,785,632,1.10002,0,0
025040107410003168d2a000a00000e2,2,3,51,322,265,785,632,1.10002,0,0
025040107410003168d2a000a00000e2,2,3,52,322,265,785,632,1.10002,0,0
025040107410003168d2a000a00000e2,2,3,53,322,265,785,632,1.10002,0,0
025040107410003168d2a000a00000e2,2,3,54,322,265,785,632,1.10002,0,0
025040107410003168d2a000a00000e2,2,3,55,322,265,785,632,1.10002,0,0
025040107410003168d2a000a00000e2,2,3,56,322,265,785,632,1.10002,0,0
025040107410003168d2a000a00000e2,2,3,57,322,265,785,632,1.10002,0,0
025040107410003168d2a000a00000e2,2,3,58,322,265,785,632,1.10002,0,0
025040107410003168d2a000a00000e2,2,3,59,322,265,785,632,1.10002,0,0
025040107410003168d2a000a00000e2,2,3,60,322,265,785,632,1.10002,0,0
025040107410003168d2a000a00000e2,2,3,61,322,265,785,632,1.10002,0,0
025040107410003168d2a000a00000e2,2,3,62,322,265,785,632,1.10002,0,0
025040107410003168d2a000a00000e2,2,3,63,322,265,785,632,1.10002,0,0
025040107410003168d2a000a00000e2,2,3,0,322,265,786,633,1.10002,0,0
025040107410003168d2a000a00000e2,2,3,1,322,265,786,633,1.10002,0,0
025040107410003168d2a000a00000e2,2,3,2,322,265,786,633,1.10002,0,0
025040107410003168d2a000a00000e2,2,3,3,322,265,786,633,1.10002,0,0
025040107410003168d2a000a00000e2,2,3,4,322,265,786,633,1.10002,0,0
025040107410003168d2a000a00000e2,2,3,5,322,265,786,633,1.10002,0,0
025040107410003168d2a000a00000e2,2,3,6,322,265,786,633,1.10002,0,0
025040107410003168d2a000a00000e2,2,3,7,322,265,786,633,1.10002,0,0
025040107410003168d2a000a00000e2,2,3,8,322,265,786,633,1.10002,0,0
025040107410003168d2a000a00000e2,2,3,9,322,265,786,633,1.10002,0,0
025040107410003168d2a000a00000e2,2,3,10,322,265,786,633,1.10002,0,0
025040107410003168d2a000a00000e2,2,3,11,322,265,786,633,1.10002,0,0
025040107410003168d2a000a00000e2,2,3,12,322,265,786,633,1.10002,0,0
025040107410003168d2a000a00000e2,2,3,13,322,265,786,633,1.10002,0,0
025040107410003168d2a000a00000e2,2,3,14,322,265,786,633,1.10002,0,0
025040107410003168d2a000a00000e2,2,3,15,322,265,786,633,1.10002,0,0
025040107410003168d2a000a00000e2,2,3,16,322,265,786,633,1.10002,0,0
025040107410003168d2a000a00000e2,2,3,17,322,265,786,633,1.10002,0,0
025040107410003168d2a000a00000e2,2,3,18,322,265,786,633,1.10002,0,0
025040107410003168d2a000a00000e2,2,3,19,322,265,786,633,1.10002,0,0
025040107410003168d2a000a00000e2,2,3,20,322,265,786,633,1.10002,0,0
025040107410003168d2a000a00000e2,2,3,21,322,265,786,633,1.10002,0,0
025040107410003168d2a000a00000e2,2,3,22,322,265,786,633,1.10002,0,0
025040107410003168d2a000a00000e2,2,3,23,322,265,786,633,1.10002,0,0
025040107410003168d2a000a00000e2,2,3,24,322,265,786,633,1.10002,0,0
025040107410003168d2a000a00000e2,2,3,25,322,265,786,633,1.10002,0,0
025040107410003168d2a000a00000e2,2,3,26,322,265,786,633,1.10002,0,0
025040107410003168d2a000a00000e2,2,3,27,322,265,786,633,1.10002,0,0
025040107410003168d2a000a00000e2,2,3,28,322,265,786,633,1.10002,0,0
025040107410003168d2a000a00000e2,2,3,29,322,265,786,633,1.10002,0,0
025040107410003168d2a000a00000e2,2,3,30,322,265,786,633,1.10002,0,0
025040107410003168d2a000a00000e2,2,3,31,322,265,786,633,1.10002,0,0
025040107410003168d2a000a00000e2,2,3,32,322,265,786,633,1.10002,0,0
025040107410003168d2a000a00000e2,2,3,33,322,265,786,633,1.10002,0,0
025040107410003168d2a000a00000e2,2,3,34,322,265,786,633,1.10002,0,0
025040107410003168d2a000a00000e2,2,3,35,322,265,786,633,1.10002,0,0
025040107410003168d2a000a00000e2,2,3,36,322,265,786,633,1.10002,0,0
025040107410003168d2a000a00000e2,2,3,37,322,265,786,633,1.10002,0,0
025040107410003168d2a000a00000e2,2,3,38,322,265,786,633,1.10002,0,0
025040107410003168d2a000a00000e2,2,3,39,322,265,786,633,1.10002,0,0
025040107410003168d2a000a00000e2,2,3,40,322,265,786,633,1.10002,0,0
025040107410003168d2a000a00000e2,2,3,41,322,265,786,633,1.10002,0,0
025040107410003168d2a000a00000e2,2,3,42,322,265,786,633,1.10002,0,0
025040107410003168d2a000a00000e2,2,3,43,322,265,786,633,1.10002,0,0
025040107410003168d2a000a00000e2,2,3,44,322,265,786,633,1.10002,0,0
025040107410003168d2a000a00000e2,2,3,45,322,265,786,633,1.10002,0,0
025040107410003168d2a000a00000e2,2,3,46,322,265,786,633,1.10002,0,0
025040107410003168d2a000a00000e2,2,3,47,322,265,786,633,1.10002,0,0
025040107410003168d2a000a00000e2,2,3,48,322,265,786,633,1.10002,0,0
025040107410003168d2a000a00000e2,2,3,49,322,265,786,633,1.10002,0,0
025040107410003168d2a000a00000e2,2,3,50,322,265,786,633,1.10002,0,0
025040107410003168d2a000a00000e2,2,3,51,322,265,786,633,1.10002,0,0
025040107410003168d2a000a00000e2,2,3,52,322,265,786,633,1.10002,0,0
025040107410003168d2a000a00000e2,2,3,53,322,265,786,633,1.10002,0,0
025040107410003168d2a000a00000e2,2,3,54,322,265,786,633,1.10002,0,0
025040107410003168d2a000a00000e2,2,3,55,322,265,786,633,1.10002,0,0
025040107410003168d2a000a00000e2,2,3,56,322,265,786,633,1.10002,0,0
025040107410003168d2a000a00000e2,2,3,57,322,265,786,633,1.10002,0,0
025040107410003168d2a000a00000e2,2,3,58,322,265,786,633,1.10002,0,0
025040107410003168d2a000a00000e2,2,3,59,322,265,786,633,1.10002,0,0
025040107410003168d2a000a00000e2,2,3,60,322,265,786,633,1.10002,0,0
025040107410003168d2a000a00000e2,2,3,61,322,265,786,633,1.10002,0,0
025040107410003168d2a000a00000e2,2,3,62,322,265,786,633,1.10002,0,0
025040107410003168d2a000a00000e2,2,3,63,322,265,786,633,1.10002,0,0
025040107410003168d2a000a00000e2,2,3,0,322,265,787,633,1.10002,0,0
025040107410003168d2a000a00000e2,2,3,1,322,265,787,633,1.10002,0,0
025040107410003168d2a000a00000e2,2,3,2,322,265,787,633,1.10002,0,0
025040107410003168d2a000a00000e2,2,3,3,322,265,787,633,1.10002,0,0
025040107410003168d2a000a00000e2,2,3,4,322,265,787,633,1.10002,0,0
025040107410003168d2a000a00000e2,2,3,5,322,265,787,633,1.10002,0,0
025040107410003168d2a000a00000e2,2,3,6,322,265,787,633,1.10002,0,0
025040107410003168d2a000a00000e2,2,3,7,322,265,787,633,1.10002,0,0
025040107410003168d2a000a00000e2,2,3,8,322,265,787,633,1.10002,0,0
025040107410003168d2a000a00000e2,2,3,9,322,265,787,633,1.10002,0,0
025040107410003168d2a000a00000e2,2,3,10,322,265,787,633,1.10002,0,0
025040107410003168d2a000a00000e2,2,3,11,322,265,787,633,1.10002,0,0
025040107410003168d2a000a00000e2,2,3,12,322,265,787,633,1.10002,0,0
025040107410003168d2a000a00000e2,2,3,13,322,265,787,633,1.10002,0,0
025040107410003168d2a000a00000e2,2,3,14,322,265,787,633,1.10002,0,0
025040107410003168d2a000a00000e2,2,3,15,322,265,787,633,1.10002,0,0
025040107410003168d2a000a00000e2,2,3,16,322,265,787,633,1.10002,0,0
025040107410003168d2a000a00000e2,2,3,17,322,265,787,633,1.10002,0,0
025040107410003168d2a000a00000e2,2,3,18,322,265,787,633,1.10002,0,0
025040107410003168d2a000a00000e2,2,3,19,322,265,787,633,1.10002,0,0
025040107410003168d2a000a00000e2,2,3,20,322,265,787,633,1.10002,0,0
025040107410003168d2a000a00000e2,2,3,21,322,265,787,633,1.10002,0,0
025040107410003168d2a000a00000e2,2,3,22,322,265,787,633,1.10002,0,0
025040107410003168d2a000a00000e2,2,3,23,322,265,787,633,1.10002,0,0
025040107410003168d2a000a00000e2,2,3,24,322,265,787,633,1.10002,0,0
025040107410003168d2a000a00000e2,2,3,25,322,265,787,633,1.10002,0,0
025040107410003168d2a000a00000e2,2,3,26,322,265,787,633,1.10002,0,0
025040107410003168d2a000a00000e2,2,3,27,322,265,787,633,1.10002,0,0
025040107410003168d2a000a00000e2,2,3,28,322,265,787,633,1.10002,0,0
025040107410003168d2a000a00000e2,2,3,29,322,265,787,633,1.10002,0,0
025040107410003168d2a000a00000e2,2,3,30,322,265,787,633,1.10002,0,0
025040107410003168d2a000a00000e2,2,3,31,322,265,787,633,1.10002,0,0
025040107410003168d2a000a00000e2,2,3,32,322,265,787,633,1.10002,0,0
025040107410003168d2a000a00000e2,2,3,33,322,265,787,633,1.10002,0,0
025040107410003168d2a000a00000e2,2,3,34,322,265,787,633,1.10002,0,0
025040107410003168d2a000a00000e2,2,3,35,322,265,787,633,1.10002,0,0
025040107410003168d2a000a00000e2,2,3,36,322,265,787,633,1.10002,0,0
025040107410003168d2a000a00000e2,2,3,37,322,265,787,633,1.10002,0,0
025040107410003168d2a000a00000e2,2,3,38,322,265,787,633,1.10002,0,0
025040107410003168d2a000a00000e2,2,3,39,322,265,787,633,1.10002,0,0
025040107410003168d2a000a00000e2,2,3,40,322,265,787,633,1.10002,0,0
025040107410003168d2a000a00000e2,2,3,41,322,265,787,633,1.10002,0,0
025040107410003168d2a000a00000e2,2,3,42,322,265,787,633,1.10002,0,0
025040107410003168d2a000a00000e2,2,3,43,322,265,787,633,1.10002,0,0
025040107410003168d2a000a00000e2,2,3,44,322,265,787,633,1.10002,0,0
025040107410003168d2a000a00000e2,2,3,45,322,265,787,633,1.10002,0,0
025040107410003168d2a000a00000e2,2,3,46,322,265,787,633,1.10002,0,0
025040107410003168d2a000a00000e2,2,3,47,322,265,787,633,1.10002,0,0
025040107410003168d2a000a00000e2,2,3,48,322,265,787,633,1.10002,0,0
025040107410003168d2a000a00000e2,2,3,49,322,265,787,633,1.10002,0,0
025040107410003168d2a000a00000e2,2,3,50,322,265,787,633,1.10002,0,0
025040107410003168d2a000a00000e2,2,3,51,322,265,787,633,1.10002,0,0
025040107410003168d2a000a00000e2,2,3,52,322,265,787,633,1.10002,0,0
025040107410003168d2a000a00000e2,2,3,53,322,265,787,633,1.10002,0,0
025040107410003168d2a000a00000e2,2,3,54,322,265,787,633,1.10002,0,0
025040107410003168d2a000a00000e2,2,3,55,322,265,787,633,1.10002,0,0
025040107410003168d2a000a00000e2,2,3,56,322,265,787,633,1.10002,0,0
025040107410003168d2a000a00000e2,2,3,57,322,265,787,633,1.10002,0,0
025040107410003168d2a000a00000e2,2,3,58,322,265,787,633,1.10002,0,0
025040107410003168d2a000a00000e2,2,3,59,322,265,787,633,1.10002,0,0
025040107410003168d2a000a00000e2,2,3,60,322,265,787,633,1.10002,0,0
025040107410003168d2a000a00000e2,2,3,61,322,265,787,633,1.10002,0,0
025040107410003168d2a000a00000e2,2,3,62,322,265,787,633,1.10002,0,0
025040107410003168d2a000a00000e2,2,3,63,322,265,787,633,1.10002,0,0
025040107410003168d2a000a00000e2,2,3,0,322,265,788,634,1.10002,0,0
025040107410003168d2a000a00000e2,2,3,1,322,265,788,634,1.10002,0,0
025040107410003168d2a000a00000e2,2,3,2,322,265,788,634,1.10002,0,0
025040107410003168d2a000a00000e2,2,3,3,322,265,788,634,1.10002,0,0
025040107410003168d2a000a00000e2,2,3,4,322,265,788,634,1.10002,0,0
025040107410003168d2a000a00000e2,2,3,5,322,265,788,634,1.10002,0,0
025040107410003168d2a000a00000e2,2,3,6,322,265,788,634,1.10002,0,0
025040107410003168d2a000a00000e2,2,3,7,322,265,788,634,1.10002,0,0
025040107410003168d2a000a00000e2,2,3,8,322,265,788,634,1.10002,0,0
025040107410003168d2a000a00000e2,2,3,9,322,265,788,634,1.10002,0,0
025040107410003168d2a000a00000e2,2,3,10,322,265,788,634,1.10002,0,0
025040107410003168d2a000a00000e2,2,3,11,322,265,788,634,1.10002,0,0
025040107410003168d2a000a00000e2,2,3,12,322,265,788,634,1.10002,0,0
025040107410003168d2a000a00000e2,2,3,13,322,265,788,634,1.10002,0,0
025040107410003168d2a000a00000e2,2,3,14,322,265,788,634,1.10002,0,0
025040107410003168d2a000a00000e2,2,3,15,322,265,788,634,1.10002,0,0
025040107410003168d2a000a00000e2,2,3,16,322,265,788,634,1.10002,0,0
025040107410003168d2a000a00000e2,2,3,17,322,265,788,634,1.10002,0,0
025040107410003168d2a000a00000e2,2,3,18,322,265,788,634,1.10002,0,0
025040107410003168d2a000a00000e2,2,3,19,322,265,788,634,1.10002,0,0
025040107410003168d2a000a00000e2,2,3,20,322,265,788,634,1.10002,0,0
025040107410003168d2a000a00000e2,2,3,21,322,265,788,634,1.10002,0,0
025040107410003168d2a000a00000e2,2,3,22,322,265,788,634,1.10002,0,0
025040107410003168d2a000a00000e2,2,3,23,322,265,788,634,1.10002,0,0
025040107410003168d2a000a00000e2,2,3,24,322,265,788,634,1.10002,0,0
025040107410003168d2a000a00000e2,2,3,25,322,265,788,634,1.10002,0,0
025040107410003168d2a000a00000e2,2,3,26,322,265,788,634,1.10002,0,0
025040107410003168d2a000a00000e2,2,3,27,322,265,788,634,1.10002,0,0
025040107410003168d2a000a00000e2,2,3,28,322,265,788,634,1.10002,0,0
025040107410003168d2a000a00000e2,2,3,29,322,265,788,634,1.10002,0,0
025040107410003168d2a000a00000e2,2,3,30,322,265,788,634,1.10002,0,0
025040107410003168d2a000a00000e2,2,3,31,322,265,788,634,1.10002,0,0
025040107410003168d2a000a00000e2,2,3,32,322,265,788,634,1.10002,0,0
025040107410003168d2a000a00000e2,2,3,33,322,265,788,634,1.10002,0,0
025040107410003168d2a000a00000e2,2,3,34,322,265,788,634,1.10002,0,0
025040107410003168d2a000a00000e2,2,3,35,322,265,788,634,1.10002,0,0
025040107410003168d2a000a00000e2,2,3,36,322,265,788,634,1.10002,0,0
025040107410003168d2a000a00000e2,2,3,37,322,265,788,634,1.10002,0,0
025040107410003168d2a000a00000e2,2,3,38,322,265,788,634,1.10002,0,0
025040107410003168d2a000a00000e2,2,3,39,322,265,788,634,1.10002,0,0
025040107410003168d2a000a00000e2,2,3,40,322,265,788,634,1.10002,0,0
025040107410003168d2a000a00000e2,2,3,41,322,265,788,634,1.10002,0,0
025040107410003168d2a000a00000e2,2,3,42,322,265,788,634,1.10002,0,0
025040107410003168d2a000a00000e2,2,3,43,322,265,788,634,1.10002,0,0
025040107410003168d2a000a00000e2,2,3,44,322,265,788,634,1.10002,0,0
025040107410003168d2a000a00000e2,2,3,45,322,265,788,634,1.10002,0,0
025040107410003168d2a000a00000e2,2,3,46,322,265,788,634,1.10002,0,0
025040107410003168d2a000a00000e2,2,3,47,322,265,788,634,1.10002,0,0
025040107410003168d2a000a00000e2,2,3,48,322,265,788,634,1.10002,0,0
025040107410003168d2a000a00000e2,2,3,49,322,265,788,634,1.10002,0,0
025040107410003168d2a000a00000e2,2,3,50,322,265,788,634,1.10002,0,0
025040107410003168d2a000a00000e2,2,3,51,322,265,788,634,1.10002,0,0
025040107410003168d2a000a00000e2,2,3,52,322,265,788,634,1.10002,0,0
025040107410003168d2a000a00000e2,2,3,53,322,265,788,634,1.10002,0,0
025040107410003168d2a000a00000e2,2,3,54,322,265,788,634,1.10002,0,0
025040107410003168d2a000a00000e2,2,3,55,322,265,788,634,1.10002,0,0
025040107410003168d2a000a00000e2,2,3,56,322,265,788,634,1.10002,0,0
025040107410003168d2a000a00000e2,2,3,57,322,265,788,634,1.10002,0,0
025040107410003168d2a000a00000e2,2,3,58,322,265,788,634,1.10002,0,0
025040107410003168d2a000a00000e2,2,3,59,322,265,788,634,1.10002,0,0
025040107410003168d2a000a00000e2,2,3,60,322,265,788,634,1.10002,0,0
025040107410003168d2a000a00000e2,2,3,61,322,265,788,634,1.10002,0,0
025040107410003168d2a000a00000e2,2,3,62,322,265,788,634,1.10002,0,0
025040107410003168d2a000a00000e2,2,3,63,322,265,788,634,1.10002,0,0
025040107410003168d2a000a00000e2,2,3,0,322,265,789,635,1.10002,0,0
025040107410003168d2a000a00000e2,2,3,1,322,265,789,635,1.10002,0,0
025040107410003168d2a000a00000e2,2,3,2,322,265,789,635,1.10002,0,0
025040107410003168d2a000a00000e2,2,3,3,322,265,789,635,1.10002,0,0
025040107410003168d2a000a00000e2,2,3,4,322,265,789,635,1.10002,0,0
025040107410003168d2a000a00000e2,2,3,5,322,265,789,635,1.10002,0,0
025040107410003168d2a000a00000e2,2,3,6,322,265,789,635,1.10002,0,0
025040107410003168d2a000a00000e2,2,3,7,322,265,789,635,1.10002,0,0
025040107410003168d2a000a00000e2,2,3,8,322,265,789,635,1.10002,0,0
025040107410003168d2a000a00000e2,2,3,9,322,265,789,635,1.10002,0,0
025040107410003168d2a000a00000e2,2,3,10,322,265,789,635,1.10002,0,0
025040107410003168d2a000a00000e2,2,3,11,322,265,789,635,1.10002,0,0
025040107410003168d2a000a00000e2,2,3,12,322,265,789,635,1.10002,0,0
025040107410003168d2a000a00000e2,2,3,13,322,265,789,635,1.10002,0,0
025040107410003168d2a000a00000e2,2,3,14,322,265,789,635,1.10002,0,0
025040107410003168d2a000a00000e2,2,3,15,322,265,789,635,1.10002,0,0
025040107410003168d2a000a00000e2,2,3,16,322,265,789,635,1.10002,0,0
025040107410003168d2a000a00000e2,2,3,17,322,265,789,635,1.10002,0,0
025040107410003168d2a000a00000e2,2,3,18,322,265,789,635,1.10002,0,0
025040107410003168d2a000a00000e2,2,3,19,322,265,789,635,1.10002,0,0
025040107410003168d2a000a00000e2,2,3,20,322,265,789,635,1.10002,0,0
025040107410003168d2a000a00000e2,2,3,21,322,265,789,635,1.10002,0,0
025040107410003168d2a000a00000e2,2,3,22,322,265,789,635,1.10002,0,0
025040107410003168d2a000a00000e2,2,3,23,322,265,789,635,1.10002,0,0
025040107410003168d2a000a00000e2,2,3,24,322,265,789,635,1.10002,0,0
025040107410003168d2a000a00000e2,2,3,25,322,265,789,635,1.10002,0,0
025040107410003168d2a000a00000e2,2,3,26,322,265,789,635,1.10002,0,0
025040107410003168d2a000a00000e2,2,3,27,322,265,789,635,1.10002,0,0
025040107410003168d2a000a00000e2,2,3,28,322,265,789,635,1.10002,0,0
025040107410003168d2a000a00000e2,2,3,29,322,265,789,635,1.10002,0,0
025040107410003168d2a000a00000e2,2,3,30,322,265,789,635,1.10002,0,0
025040107410003168d2a000a00000e2,2,3,31,322,265,789,635,1.10002,0,0
025040107410003168d2a000a00000e2,2,3,32,322,265,789,635,1.10002,0,0
025040107410003168d2a000a00000e2,2,3,33,322,265,789,635,1.10002,0,0
025040107410003168d2a000a00000e2,2,3,34,322,265,789,635,1.10002,0,0
025040107410003168d2a000a00000e2,2,3,35,322,265,789,635,1.10002,0,0
025040107410003168d2a000a00000e2,2,3,36,322,265,789,635,1.10002,0,0
025040107410003168d2a000a00000e2,2,3,37,322,265,789,635,1.10002,0,0
025040107410003168d2a000a00000e2,2,3,38,322,265,789,635,1.10002,0,0
025040107410003168d2a000a00000e2,2,3,39,322,265,789,635,1.10002,0,0
025040107410003168d2a000a00000e2,2,3,40,322,265,789,635,1.10002,0,0
025040107410003168d2a000a00000e2,2,3,41,322,265,789,635,1.10002,0,0
025040107410003168d2a000a00000e2,2,3,42,322,265,789,635,1.10002,0,0
025040107410003168d2a000a00000e2,2,3,43,322,265,789,635,1.10002,0,0
025040107410003168d2a000a00000e2,2,3,44,322,265,789,635,1.10002,0,0
025040107410003168d2a000a00000e2,2,3,45,322,265,789,635,1.10002,0,0
025040107410003168d2a000a00000e2,2,3,46,322,265,789,635,1.10002,0,0
025040107410003168d2a000a00000e2,2,3,47,322,265,789,635,1.10002,0,0
025040107410003168d2a000a00000e2,2,3,48,322,265,789,635,1.10002,0,0
025040107410003168d2a000a00000e2,2,3,49,322,265,789,635,1.10002,0,0
025040107410003168d2a000a00000e2,2,3,50,322,265,789,635,1.10002,0,0
025040107410003168d2a000a00000e2,2,3,51,322,265,789,635,1.10002,0,0
025040107410003168d2a000a00000e2,2,3,52,322,265,789,635,1.10002,0,0
025040107410003168d2a000a00000e2,2,3,53,322,265,789,635,1.10002,0,0
025040107410003168d2a000a00000e2,2,3,54,322,265,789,635,1.10002,0,0
025040107410003168d2a000a00000e2,2,3,55,322,265,789,635,1.10002,0,0
025040107410003168d2a000a00000e2,2,3,56,322,265,789,635,1.10002,0,0
025040107410003168d2a000a00000e2,2,3,57,322,265,789,635,1.10002,0,0
025040107410003168d2a000a00000e2,2,3,58,322,265,789,635,1.10002,0,0
025040107410003168d2a000a00000e2,2,3,59,322,265,789,635,1.10002,0,0
025040107410003168d2a000a00000e2,2,3,60,322,265,789,635,1.10002,0,0
025040107410003168d2a000a00000e2,2,3,61,322,265,789,635,1.10002,0,0
025040107410003168d2a000a00000e2,2,3,62,322,265,789,635,1.10002,0,0
025040107410003168d2a000a00000e2,2,3,63,322,265,789,635,1.10002,0,0
025040107410003168d2a000a00000e2,2,3,0,322,265,790,636,1.10002,0,0
025040107410003168d2a000a00000e2,2,3,1,322,265,790,636,1.10002,0,0
025040107410003168d2a000a00000e2,2,3,2,322,265,790,636,1.10002,0,0
025040107410003168d2a000a00000e2,2,3,3,322,265,790,636,1.10002,0,0
025040107410003168d2a000a00000e2,2,3,4,322,265,790,636,1.10002,0,0
025040107410003168d2a000a00000e2,2,3,5,322,265,790,636,1.10002,0,0
025040107410003168d2a000a00000e2,2,3,6,322,265,790,636,1.10002,0,0
025040107410003168d2a000a00000e2,2,3,7,322,265,790,636,1.10002,0,0
025040107410003168d2a000a00000e2,2,3,8,322,265,790,636,1.10002,0,0
025040107410003168d2a000a00000e2,2,3,9,322,265,790,636,1.10002,0,0
025040107410003168d2a000a00000e2,2,3,10,322,265,790,636,1.10002,0,0
025040107410003168d2a000a00000e2,2,3,11,322,265,790,636,1.10002,0,0
025040107410003168d2a000a00000e2,2,3,12,322,265,790,636,1.10002,0,0
025040107410003168d2a000a00000e2,2,3,13,322,265,790,636,1.10002,0,0
025040107410003168d2a000a00000e2,2,3,14,322,265,790,636,1.10002,0,0
025040107410003168d2a000a00000e2,2,3,15,322,265,790,636,1.10002,0,0
025040107410003168d2a000a00000e2,2,3,16,322,265,790,636,1.10002,0,0
025040107410003168d2a000a00000e2,2,3,17,322,265,790,636,1.10002,0,0
025040107410003168d2a000a00000e2,2,3,18,322,265,790,636,1.10002,0,0
025040107410003168d2a000a00000e2,2,3,19,322,265,790,636,1.10002,0,0
025040107410003168d2a000a00000e2,2,3,20,322,265,790,636,1.10002,0,0
025040107410003168d2a000a00000e2,2,3,21,322,265,790,636,1.10002,0,0
025040107410003168d2a000a00000e2,2,3,22,322,265,790,636,1.10002,0,0
025040107410003168d2a000a00000e2,2,3,23,322,265,790,636,1.10002,0,0
025040107410003168d2a000a00000e2,2,3,24,322,265,790,636,1.10002,0,0
025040107410003168d2a000a00000e2,2,3,25,322,265,790,636,1.10002,0,0
025040107410003168d2a000a00000e2,2,3,26,322,265,790,636,1.10002,0,0
025040107410003168d2a000a00000e2,2,3,27,322,265,790,636,1.10002,0,0
025040107410003168d2a000a00000e2,2,3,28,322,265,790,636,1.10002,0,0
025040107410003168d2a000a00000e2,2,3,29,322,265,790,636,1.10002,0,0
025040107410003168d2a000a00000e2,2,3,30,322,265,790,636,1.10002,0,0
025040107410003168d2a000a00000e2,2,3,31,322,265,790,636,1.10002,0,0
025040107410003168d2a000a00000e2,2,3,32,322,265,790,636,1.10002,0,0
025040107410003168d2a000a00000e2,2,3,33,322,265,790,636,1.10002,0,0
025040107410003168d2a000a00000e2,2,3,34,322,265,790,636,1.10002,0,0
025040107410003168d2a000a00000e2,2,3,35,322,265,790,636,1.10002,0,0
025040107410003168d2a000a00000e2,2,3,36,322,265,790,636,1.10002,0,0
025040107410003168d2a000a00000e2,2,3,37,322,265,790,636,1.10002,0,0
025040107410003168d2a000a00000e2,2,3,38,322,265,790,636,1.10002,0,0
025040107410003168d2a000a00000e2,2,3,39,322,265,790,636,1.10002,0,0
025040107410003168d2a000a00000e2,2,3,40,322,265,790,636,1.10002,0,0
025040107410003168d2a000a00000e2,2,3,41,322,265,790,636,1.10002,0,0
025040107410003168d2a000a00000e2,2,3,42,322,265,790,636,1.10002,0,0
025040107410003168d2a000a00000e2,2,3,43,322,265,790,636,1.10002,0,0
025040107410003168d2a000a00000e2,2,3,44,322,265,790,636,1.10002,0,0
025040107410003168d2a000a00000e2,2,3,45,322,265,790,636,1.10002,0,0
025040107410003168d2a000a00000e2,2,3,46,322,265,790,636,1.10002,0,0
025040107410003168d2a000a00000e2,2,3,47,322,265,790,636,1.10002,0,0
025040107410003168d2a000a00000e2,2,3,48,322,265,790,636,1.10002,0,0
025040107410003168d2a000a00000e2,2,3,49,322,265,790,636,1.10002,0,0
025040107410003168d2a000a00000e2,2,3,50,322,265,790,636,1.10002,0,0
025040107410003168d2a000a00000e2,2,3,51,322,265,790,636,1.10002,0,0
025040107410003168d2a000a00000e2,2,3,52,322,265,790,636,1.10002,0,0
025040107410003168d2a000a00000e2,2,3,53,322,265,790,636,1.10002,0,0
025040107410003168d2a000a00000e2,2,3,54,322,265,790,636,1.10002,0,0
025040107410003168d2a000a00000e2,2,3,55,322,265,790,636,1.10002,0,0
025040107410003168d2a000a00000e2,2,3,56,322,265,790,636,1.10002,0,0
025040107410003168d2a000a00000e2,2,3,57,322,265,790,636,1.10002,0,0
025040107410003168d2a000a00000e2,2,3,58,322,265,790,636,1.10002,0,0
025040107410003168d2a000a00000e2,2,3,59,322,265,790,636,1.10002,0,0
025040107410003168d2a000a00000e2,2,3,60,322,265,790,636,1.10002,0,0
025040107410003168d2a000a00000e2,2,3,61,322,265,790,636,1.10002,0,0
025040107410003168d2a000a00000e2,2,3,62,322,265,790,636,1.10002,0,0
025040107410003168d2a000a00000e2,2,3,63,322,265,790,636,1.10002,0,0
025040107410003168d2a000a00000e2,2,3,0,322,265,791,636,1.10002,0,0
025040107410003168d2a000a00000e2,2,3,1,322,265,791,636,1.10002,0,0
025040107410003168d2a000a00000e2,2,3,2,322,265,791,636,1.10002,0,0
025040107410003168d2a000a00000e2,2,3,3,322,265,791,636,1.10002,0,0
025040107410003168d2a000a00000e2,2,3,4,322,265,791,636,1.10002,0,0
025040107410003168d2a000a00000e2,2,3,5,322,265,791,636,1.10002,0,0
025040107410003168d2a000a00000e2,2,3,6,322,265,791,636,1.10002,0,0
025040107410003168d2a000a00000e2,2,3,7,322,265,791,636,1.10002,0,0
025040107410003168d2a000a00000e2,2,3,8,322,265,791,636,1.10002,0,0
025040107410003168d2a000a00000e2,2,3,9,322,265,791,636,1.10002,0,0
025040107410003168d2a000a00000e2,2,3,10,322,265,791,636,1.10002,0,0
025040107410003168d2a000a00000e2,2,3,11,322,265,791,636,1.10002,0,0
025040107410003168d2a000a00000e2,2,3,12,322,265,791,636,1.10002,0,0
025040107410003168d2a000a00000e2,2,3,13,322,265,791,636,1.10002,0,0
025040107410003168d2a000a00000e2,2,3,14,322,265,791,636,1.10002,0,0
025040107410003168d2a000a00000e2,2,3,15,322,265,791,636,1.10002,0,0
025040107410003168d2a000a00000e2,2,3,16,322,265,791,636,1.10002,0,0
025040107410003168d2a000a00000e2,2,3,17,322,265,791,636,1.10002,0,0
025040107410003168d2a000a00000e2,2,3,18,322,265,791,636,1.10002,0,0
025040107410003168d2a000a00000e2,2,3,19,322,265,791,636,1.10002,0,0
025040107410003168d2a000a00000e2,2,3,20,322,265,791,636,1.10002,0,0
025040107410003168d2a000a00000e2,2,3,21,322,265,791,636,1.10002,0,0
025040107410003168d2a000a00000e2,2,3,22,322,265,791,636,1.10002,0,0
025040107410003168d2a000a00000e2,2,3,23,322,265,791,636,1.10002,0,0
025040107410003168d2a000a00000e2,2,3,24,322,265,791,636,1.10002,0,0
025040107410003168d2a000a00000e2,2,3,25,322,265,791,636,1.10002,0,0
025040107410003168d2a000a00000e2,2,3,26,322,265,791,636,1.10002,0,0
025040107410003168d2a000a00000e2,2,3,27,322,265,791,636,1.10002,0,0
025040107410003168d2a000a00000e2,2,3,28,322,265,791,636,1.10002,0,0
025040107410003168d2a000a00000e2,2,3,29,322,265,791,636,1.10002,0,0
025040107410003168d2a000a00000e2,2,3,30,322,265,791,636,1.10002,0,0
025040107410003168d2a000a00000e2,2,3,31,322,265,791,636,1.10002,0,0
025040107410003168d2a000a00000e2,2,3,32,322,265,791,636,1.10002,0,0
025040107410003168d2a000a00000e2,2,3,33,322,265,791,636,1.10002,0,0
025040107410003168d2a000a00000e2,2,3,34,322,265,791,636,1.10002,0,0
025040107410003168d2a000a00000e2,2,3,35,322,265,791,636,1.10002,0,0
025040107410003168d2a000a00000e2,2,3,36,322,265,791,636,1.10002,0,0
025040107410003168d2a000a00000e2,2,3,37,322,265,791,636,1.10002,0,0
025040107410003168d2a000a00000e2,2,3,38,322,265,791,636,1.10002,0,0
025040107410003168d2a000a00000e2,2,3,39,322,265,791,636,1.10002,0,0
025040107410003168d2a000a00000e2,2,3,40,322,265,791,636,1.10002,0,0
025040107410003168d2a000a00000e2,2,3,41,322,265,791,636,1.10002,0,0
025040107410003168d2a000a00000e2,2,3,42,322,265,791,636,1.10002,0,0
025040107410003168d2a000a00000e2,2,3,43,322,265,791,636,1.10002,0,0
025040107410003168d2a000a00000e2,2,3,44,322,265,791,636,1.10002,0,0
025040107410003168d2a000a00000e2,2,3,45,322,265,791,636,1.10002,0,0
025040107410003168d2a000a00000e2,2,3,46,322,265,791,636,1.10002,0,0
025040107410003168d2a000a00000e2,2,3,47,322,265,791,636,1.10002,0,0
025040107410003168d2a000a00000e2,2,3,48,322,265,791,636,1.10002,0,0
025040107410003168d2a000a00000e2,2,3,49,322,265,791,636,1.10002,0,0
025040107410003168d2a000a00000e2,2,3,50,322,265,791,636,1.10002,0,0
025040107410003168d2a000a00000e2,2,3,51,322,265,791,636,1.10002,0,0
025040107410003168d2a000a00000e2,2,3,52,322,265,791,636,1.10002,0,0
025040107410003168d2a000a00000e2,2,3,53,322,265,791,636,1.10002,0,0
025040107410003168d2a000a00000e2,2,3,54,322,265,791,636,1.10002,0,0
025040107410003168d2a000a00000e2,2,3,55,322,265,791,636,1.10002,0,0
025040107410003168d2a000a00000e2,2,3,56,322,265,791,636,1.10002,0,0
025040107410003168d2a000a00000e2,2,3,57,322,265,791,636,1.10002,0,0
025040107410003168d2a000a00000e2,2,3,58,322,265,791,636,1.10002,0,0
025040107410003168d2a000a00000e2,2,3,59,322,265,791,636,1.10002,0,0
025040107410003168d2a000a00000e2,2,3,60,322,265,791,636,1.10002,0,0
025040107410003168d2a000a00000e2,2,3,61,322,265,791,636,1.10002,0,0
025040107410003168d2a000a00000e2,2,3,62,322,265,791,636,1.10002,0,0
025040107410003168d2a000a00000e2,2,3,63,322,265,791,636,1.10002,0,0
025040107410003168d2a000a00000e2,2,3,0,322,265,792,637,1.10002,0,0
025040107410003168d2a000a00000e2,2,3,1,322,265,792,637,1.10002,0,0
025040107410003168d2a000a00000e2,2,3,2,322,265,792,637,1.10002,0,0
025040107410003168d2a000a00000e2,2,3,3,322,265,792,637,1.10002,0,0
025040107410003168d2a000a00000e2,2,3,4,322,265,792,637,1.10002,0,0
025040107410003168d2a000a00000e2,2,3,5,322,265,792,637,1.10002,0,0
025040107410003168d2a000a00000e2,2,3,6,322,265,792,637,1.10002,0,0
025040107410003168d2a000a00000e2,2,3,7,322,265,792,637,1.10002,0,0
025040107410003168d2a000a00000e2,2,3,8,322,265,792,637,1.10002,0,0
025040107410003168d2a000a00000e2,2,3,9,322,265,792,637,1.10002,0,0
025040107410003168d2a000a00000e2,2,3,10,322,265,792,637,1.10002,0,0
025040107410003168d2a000a00000e2,2,3,11,322,265,792,637,1.10002,0,0
025040107410003168d2a000a00000e2,2,3,12,322,265,792,637,1.10002,0,0
025040107410003168d2a000a00000e2,2,3,13,322,265,792,637,1.10002,0,0
025040107410003168d2a000a00000e2,2,3,14,322,265,792,637,1.10002,0,0
025040107410003168d2a000a00000e2,2,3,15,322,265,792,637,1.10002,0,0
025040107410003168d2a000a00000e2,2,3,16,322,265,792,637,1.10002,0,0
025040107410003168d2a000a00000e2,2,3,17,322,265,792,637,1.10002,0,0
025040107410003168d2a000a00000e2,2,3,18,322,265,792,637,1.10002,0,0
025040107410003168d2a000a00000e2,2,3,19,322,265,792,637,1.10002,0,0
025040107410003168d2a000a00000e2,2,3,20,322,265,792,637,1.10002,0,0
025040107410003168d2a000a00000e2,2,3,21,322,265,792,637,1.10002,0,0
025040107410003168d2a000a00000e2,2,3,22,322,265,792,637,1.10002,0,0
025040107410003168d2a000a00000e2,2,3,23,322,265,792,637,1.10002,0,0
025040107410003168d2a000a00000e2,2,3,24,322,265,792,637,1.10002,0,0
025040107410003168d2a000a00000e2,2,3,25,322,265,792,637,1.10002,0,0
025040107410003168d2a000a00000e2,2,3,26,322,265,792,637,1.10002,0,0
025040107410003168d2a000a00000e2,2,3,27,322,265,792,637,1.10002,0,0
025040107410003168d2a000a00000e2,2,3,28,322,265,792,637,1.10002,0,0
025040107410003168d2a000a00000e2,2,3,29,322,265,792,637,1.10002,0,0
025040107410003168d2a000a00000e2,2,3,30,322,265,792,637,1.10002,0,0
025040107410003168d2a000a00000e2,2,3,31,322,265,792,637,1.10002,0,0
025040107410003168d2a000a00000e2,2,3,32,322,265,792,637,1.10002,0,0
025040107410003168d2a000a00000e2,2,3,33,322,265,792,637,1.10002,0,0
025040107410003168d2a000a00000e2,2,3,34,322,265,792,637,1.10002,0,0
025040107410003168d2a000a00000e2,2,3,35,322,265,792,637,1.10002,0,0
025040107410003168d2a000a00000e2,2,3,36,322,265,792,637,1.10002,0,0
025040107410003168d2a000a00000e2,2,3,37,322,265,792,637,1.10002,0,0
025040107410003168d2a000a00000e2,2,3,38,322,265,792,637,1.10002,0,0
025040107410003168d2a000a00000e2,2,3,39,322,265,792,637,1.10002,0,0
025040107410003168d2a000a00000e2,2,3,40,322,265,792,637,1.10002,0,0
025040107410003168d2a000a00000e2,2,3,41,322,265,792,637,1.10002,0,0
025040107410003168d2a000a00000e2,2,3,42,322,265,792,637,1.10002,0,0
025040107410003168d2a000a00000e2,2,3,43,322,265,792,637,1.10002,0,0
025040107410003168d2a000a00000e2,2,3,44,322,265,792,637,1.10002,0,0
025040107410003168d2a000a00000e2,2,3,45,322,265,792,637,1.10002,0,0
025040107410003168d2a000a00000e2,2,3,46,322,265,792,637,1.10002,0,0
025040107410003168d2a000a00000e2,2,3,47,322,265,792,637,1.10002,0,0
025040107410003168d2a000a00000e2,2,3,48,322,265,792,637,1.10002,0,0
025040107410003168d2a000a00000e2,2,3,49,322,265,792,637,1.10002,0,0
025040107410003168d2a000a00000e2,2,3,50,322,265,792,637,1.10002,0,0
025040107410003168d2a000a00000e2,2,3,51,322,265,792,637,1.10002,0,0
025040107410003168d2a000a00000e2,2,3,52,322,265,792,637,1.10002,0,0
025040107410003168d2a000a00000e2,2,3,53,322,265,792,637,1.10002,0,0
025040107410003168d2a000a00000e2,2,3,54,322,265,792,637,1.10002,0,0
025040107410003168d2a000a00000e2,2,3,55,322,265,792,637,1.10002,0,0
025040107410003168d2a000a00000e2,2,3,56,322,265,792,637,1.10002,0,0
025040107410003168d2a000a00000e2,2,3,57,322,265,792,637,1.10002,0,0
025040107410003168d2a000a00000e2,2,3,58,322,265,792,637,1.10002,0,0
025040107410003168d2a000a00000e2,2,3,59,322,265,792,637,1.10002,0,0
025040107410003168d2a000a00000e2,2,3,60,322,265,792,637,1.10002,0,0
025040107410003168d2a000a00000e2,2,3,61,322,265,792,637,1.10002,0,0
025040107410003168d2a000a00000e2,2,3,62,322,265,792,637,1.10002,0,0
025040107410003168d2a000a00000e2,2,3,63,322,265,792,637,1.10002,0,0
025040107410003168d2a000a00000e2,2,3,0,322,265,793,638,1.10002,0,0
025040107410003168d2a000a00000e2,2,3,1,322,265,793,638,1.10002,0,0
025040107410003168d2a000a00000e2,2,3,2,322,265,793,638,1.10002,0,0
025040107410003168d2a000a00000e2,2,3,3,322,265,793,638,1.10002,0,0
025040107410003168d2a000a00000e2,2,3,4,322,265,793,638,1.10002,0,0
025040107410003168d2a000a00000e2,2,3,5,322,265,793,638,1.10002,0,0
025040107410003168d2a000a00000e2,2,3,6,322,265,793,638,1.10002,0,0
025040107410003168d2a000a00000e2,2,3,7,322,265,793,638,1.10002,0,0
025040107410003168d2a000a00000e2,2,3,8,322,265,793,638,1.10002,0,0
025040107410003168d2a000a00000e2,2,3,9,322,265,793,638,1.10002,0,0
025040107410003168d2a000a00000e2,2,3,10,322,265,793,638,1.10002,0,0
025040107410003168d2a000a00000e2,2,3,11,322,265,793,638,1.10002,0,0
025040107410003168d2a000a00000e2,2,3,12,322,265,793,638,1.10002,0,0
025040107410003168d2a000a00000e2,2,3,13,322,265,793,638,1.10002,0,0
025040107410003168d2a000a00000e2,2,3,14,322,265,793,638,1.10002,0,0
025040107410003168d2a000a00000e2,2,3,15,322,265,793,638,1.10002,0,0
025040107410003168d2a000a00000e2,2,3,16,322,265,793,638,1.10002,0,0
025040107410003168d2a000a00000e2,2,3,17,322,265,793,638,1.10002,0,0
025040107410003168d2a000a00000e2,2,3,18,322,265,793,638,1.10002,0,0
025040107410003168d2a000a00000e2,2,3,19,322,265,793,638,1.10002,0,0
025040107410003168d2a000a00000e2,2,3,20,322,265,793,638,1.10002,0,0
025040107410003168d2a000a00000e2,2,3,21,322,265,793,638,1.10002,0,0
025040107410003168d2a000a00000e2,2,3,22,322,265,793,638,1.10002,0,0
025040107410003168d2a000a00000e2,2,3,23,322,265,793,638,1.10002,0,0
025040107410003168d2a000a00000e2,2,3,24,322,265,793,638,1.10002,0,0
025040107410003168d2a000a00000e2,2,3,25,322,265,793,638,1.10002,0,0
025040107410003168d2a000a00000e2,2,3,26,322,265,793,638,1.10002,0,0
025040107410003168d2a000a00000e2,2,3,27,322,265,793,638,1.10002,0,0
025040107410003168d2a000a00000e2,2,3,28,322,265,793,638,1.10002,0,0
025040107410003168d2a000a00000e2,2,3,29,322,265,793,638,1.10002,0,0
025040107410003168d2a000a00000e2,2,3,30,322,265,793,638,1.10002,0,0
025040107410003168d2a000a00000e2,2,3,31,322,265,793,638,1.10002,0,0
025040107410003168d2a000a00000e2,2,3,32,322,265,793,638,1.10002,0,0
025040107410003168d2a000a00000e2,2,3,33,322,265,793,638,1.10002,0,0
025040107410003168d2a000a00000e2,2,3,34,322,265,793,638,1.10002,0,0
025040107410003168d2a000a00000e2,2,3,35,322,265,793,638,1.10002,0,0
025040107410003168d2a000a00000e2,2,3,36,322,265,793,638,1.10002,0,0
025040107410003168d2a000a00000e2,2,3,37,322,265,793,638,1.10002,0,0
025040107410003168d2a000a00000e2,2,3,38,322,265,793,638,1.10002,0,0
025040107410003168d2a000a00000e2,2,3,39,322,265,793,638,1.10002,0,0
025040107410003168d2a000a00000e2,2,3,40,322,265,793,638,1.10002,0,0
025040107410003168d2a000a00000e2,2,3,41,322,265,793,638,1.10002,0,0
025040107410003168d2a000a00000e2,2,3,42,322,265,793,638,1.10002,0,0
025040107410003168d2a000a00000e2,2,3,43,322,265,793,638,1.10002,0,0
025040107410003168d2a000a00000e2,2,3,44,322,265,793,638,1.10002,0,0
025040107410003168d2a000a00000e2,2,3,45,322,265,793,638,1.10002,0,0
025040107410003168d2a000a00000e2,2,3,46,322,265,793,638,1.10002,0,0
025040107410003168d2a000a00000e2,2,3,47,322,265,793,638,1.10002,0,0
025040107410003168d2a000a00000e2,2,3,48,322,265,793,638,1.10002,0,0
025040107410003168d2a000a00000e2,2,3,49,322,265,793,638,1.10002,0,0
025040107410003168d2a000a00000e2,2,3,50,322,265,793,638,1.10002,0,0
025040107410003168d2a000a00000e2,2,3,51,322,265,793,638,1.10002,0,0
025040107410003168d2a000a00000e2,2,3,52,322,265,793,638,1.10002,0,0
025040107410003168d2a000a00000e2,2,3,53,322,265,793,638,1.10002,0,0
025040107410003168d2a000a00000e2,2,3,54,322,265,793,638,1.10002,0,0
025040107410003168d2a000a00000e2,2,3,55,322,265,793,638,1.10002,0,0
025040107410003168d2a000a00000e2,2,3,56,322,265,793,638,1.10002,0,0
025040107410003168d2a000a00000e2,2,3,57,322,265,793,638,1.10002,0,0
025040107410003168d2a000a00000e2,2,3,58,322,265,793,638,1.10002,0,0
025040107410003168d2a000a00000e2,2,3,59,322,265,793,638,1.10002,0,0
025040107410003168d2a000a00000e2,2,3,60,322,265,793,638,1.10002,0,0
025040107410003168d2a000a00000e2,2,3,61,322,265,793,638,1.10002,0,0
025040107410003168d2a000a00000e2,2,3,62,322,265,793,638,1.10002,0,0
025040107410003168d2a000a00000e2,2,3,63,322,265,793,638,1.10002,0,0
025040107410003168d2a000a00000e2,2,3,0,322,265,794,639,1.10002,0,0
025040107410003168d2a000a00000e2,2,3,1,322,265,794,639,1.10002,0,0
025040107410003168d2a000a00000e2,2,3,2,322,265,794,639,1.10002,0,0
025040107410003168d2a000a00000e2,2,3,3,322,265,794,639,1.10002,0,0
025040107410003168d2a000a00000e2,2,3,4,322,265,794,639,1.10002,0,0
025040107410003168d2a000a00000e2,2,3,5,322,265,794,639,1.10002,0,0
025040107410003168d2a000a00000e2,2,3,6,322,265,794,639,1.10002,0,0
025040107410003168d2a000a00000e2,2,3,7,322,265,794,639,1.10002,0,0
025040107410003168d2a000a00000e2,2,3,8,322,265,794,639,1.10002,0,0
025040107410003168d2a000a00000e2,2,3,9,322,265,794,639,1.10002,0,0
025040107410003168d2a000a00000e2,2,3,10,322,265,794,639,1.10002,0,0
025040107410003168d2a000a00000e2,2,3,11,322,265,794,639,1.10002,0,0
025040107410003168d2a000a00000e2,2,3,12,322,265,794,639,1.10002,0,0
025040107410003168d2a000a00000e2,2,3,13,322,265,794,639,1.10002,0,0
025040107410003168d2a000a00000e2,2,3,14,322,265,794,639,1.10002,0,0
025040107410003168d2a000a00000e2,2,3,15,322,265,794,639,1.10002,0,0
025040107410003168d2a000a00000e2,2,3,16,322,265,794,639,1.10002,0,0
025040107410003168d2a000a00000e2,2,3,17,322,265,794,639,1.10002,0,0
025040107410003168d2a000a00000e2,2,3,18,322,265,794,639,1.10002,0,0
025040107410003168d2a000a00000e2,2,3,19,322,265,794,639,1.10002,0,0
025040107410003168d2a000a00000e2,2,3,20,322,265,794,639,1.10002,0,0
025040107410003168d2a000a00000e2,2,3,21,322,265,794,639,1.10002,0,0
025040107410003168d2a000a00000e2,2,3,22,322,265,794,639,1.10002,0,0
025040107410003168d2a000a00000e2,2,3,23,322,265,794,639,1.10002,0,0
025040107410003168d2a000a00000e2,2,3,24,322,265,794,639,1.10002,0,0
025040107410003168d2a000a00000e2,2,3,25,322,265,794,639,1.10002,0,0
025040107410003168d2a000a00000e2,2,3,26,322,265,794,639,1.10002,0,0
025040107410003168d2a000a00000e2,2,3,27,322,265,794,639,1.10002,0,0
025040107410003168d2a000a00000e2,2,3,28,322,265,794,639,1.10002,0,0
025040107410003168d2a000a00000e2,2,3,29,322,265,794,639,1.10002,0,0
025040107410003168d2a000a00000e2,2,3,30,322,265,794,639,1.10002,0,0
025040107410003168d2a000a00000e2,2,3,31,322,265,794,639,1.10002,0,0
025040107410003168d2a000a00000e2,2,3,32,322,265,794,639,1.10002,0,0
025040107410003168d2a000a00000e2,2,3,33,322,265,794,639,1.10002,0,0
025040107410003168d2a000a00000e2,2,3,34,322,265,794,639,1.10002,0,0
025040107410003168d2a000a00000e2,2,3,35,322,265,794,639,1.10002,0,0
025040107410003168d2a000a00000e2,2,3,36,322,265,794,639,1.10002,0,0
025040107410003168d2a000a00000e2,2,3,37,322,265,794,639,1.10002,0,0
025040107410003168d2a000a00000e2,2,3,38,322,265,794,639,1.10002,0,0
025040107410003168d2a000a00000e2,2,3,39,322,265,794,639,1.10002,0,0
025040107410003168d2a000a00000e2,2,3,40,322,265,794,639,1.10002,0,0
025040107410003168d2a000a00000e2,2,3,41,322,265,794,639,1.10002,0,0
025040107410003168d2a000a00000e2,2,3,42,322,265,794,639,1.10002,0,0
025040107410003168d2a000a00000e2,2,3,43,322,265,794,639,1.10002,0,0
025040107410003168d2a000a00000e2,2,3,44,322,265,794,639,1.10002,0,0
025040107410003168d2a000a00000e2,2,3,45,322,265,794,639,1.10002,0,0
025040107410003168d2a000a00000e2,2,3,46,322,265,794,639,1.10002,0,0
025040107410003168d2a000a00000e2,2,3,47,322,265,794,639,1.10002,0,0
025040107410003168d2a000a00000e2,2,3,48,322,265,794,639,1.10002,0,0
025040107410003168d2a000a00000e2,2,3,49,322,265,794,639,1.10002,0,0
025040107410003168d2a000a00000e2,2,3,50,322,265,794,639,1.10002,0,0
025040107410003168d2a000a00000e2,2,3,51,322,265,794,639,1.10002,0,0
025040107410003168d2a000a00000e2,2,3,52,322,265,794,639,1.10002,0,0
025040107410003168d2a000a00000e2,2,3,53,322,265,794,639,1.10002,0,0
025040107410003168d2a000a00000e2,2,3,54,322,265,794,639,1.10002,0,0
025040107410003168d2a000a00000e2,2,3,55,322,265,794,639,1.10002,0,0
025040107410003168d2a000a00000e2,2,3,56,322,265,794,639,1.10002,0,0
025040107410003168d2a000a00000e2,2,3,57,322,265,794,639,1.10002,0,0
025040107410003168d2a000a00000e2,2,3,58,322,265,794,639,1.10002,0,0
025040107410003168d2a000a00000e2,2,3,59,322,265,794,639,1.10002,0,0
025040107410003168d2a000a00000e2,2,3,60,322,265,794,639,1.10002,0,0
025040107410003168d2a000a00000e2,2,3,61,322,265,794,639,1.10002,0,0
025040107410003168d2a000a00000e2,2,3,62,322,265,794,639,1.10002,0,0
025040107410003168d2a000a00000e2,2,3,63,322,265,794,639,1.10002,0,0
025040107410003168d2a000a00000e2,2,3,0,322,265,795,640,1.10002,0,0
025040107410003168d2a000a00000e2,2,3,1,322,265,795,640,1.10002,0,0
025040107410003168d2a000a00000e2,2,3,2,322,265,795,640,1.10002,0,0
025040107410003168d2a000a00000e2,2,3,3,322,265,795,640,1.10002,0,0
025040107410003168d2a000a00000e2,2,3,4,322,265,795,640,1.10002,0,0
025040107410003168d2a000a00000e2,2,3,5,322,265,795,640,1.10002,0,0
025040107410003168d2a000a00000e2,2,3,6,322,265,795,640,1.10002,0,0
025040107410003168d2a000a00000e2,2,3,7,322,265,795,640,1.10002,0,0
025040107410003168d2a000a00000e2,2,3,8,322,265,795,640,1.10002,0,0
025040107410003168d2a000a00000e2,2,3,9,322,265,795,640,1.10002,0,0
025040107410003168d2a000a00000e2,2,3,10,322,265,795,640,1.10002,0,0
025040107410003168d2a000a00000e2,2,3,11,322,265,795,640,1.10002,0,0
025040107410003168d2a000a00000e2,2,3,12,322,265,795,640,1.10002,0,0
025040107410003168d2a000a00000e2,2,3,13,322,265,795,640,1.10002,0,0
025040107410003168d2a000a00000e2,2,3,14,322,265,795,640,1.10002,0,0
025040107410003168d2a000a00000e2,2,3,15,322,265,795,640,1.10002,0,0
025040107410003168d2a000a00000e2,2,3,16,322,265,795,640,1.10002,0,0
025040107410003168d2a000a00000e2,2,3,17,322,265,795,640,1.10002,0,0
025040107410003168d2a000a00000e2,2,3,18,322,265,795,640,1.10002,0,0
025040107410003168d2a000a00000e2,2,3,19,322,265,795,640,1.10002,0,0
025040107410003168d2a000a00000e2,2,3,20,322,265,795,640,1.10002,0,0
025040107410003168d2a000a00000e2,2,3,21,322,265,795,640,1.10002,0,0
025040107410003168d2a000a00000e2,2,3,22,322,265,795,640,1.10002,0,0
025040107410003168d2a000a00000e2,2,3,23,322,265,795,640,1.10002,0,0
025040107410003168d2a000a00000e2,2,3,24,322,265,795,640,1.10002,0,0
025040107410003168d2a000a00000e2,2,3,25,322,265,795,640,1.10002,0,0
025040107410003168d2a000a00000e2,2,3,26,322,265,795,640,1.10002,0,0
025040107410003168d2a000a00000e2,2,3,27,322,265,795,640,1.10002,0,0
025040107410003168d2a000a00000e2,2,3,28,322,265,795,640,1.10002,0,0
025040107410003168d2a000a00000e2,2,3,29,322,265,795,640,1.10002,0,0
025040107410003168d2a000a00000e2,2,3,30,322,265,795,640,1.10002,0,0
025040107410003168d2a000a00000e2,2,3,31,322,265,795,640,1.10002,0,0
025040107410003168d2a000a00000e2,2,3,32,322,265,795,640,1.10002,0,0
025040107410003168d2a000a00000e2,2,3,33,322,265,795,640,1.10002,0,0
025040107410003168d2a000a00000e2,2,3,34,322,265,795,640,1.10002,0,0
025040107410003168d2a000a00000e2,2,3,35,322,265,795,640,1.10002,0,0
025040107410003168d2a000a00000e2,2,3,36,322,265,795,640,1.10002,0,0
025040107410003168d2a000a00000e2,2,3,37,322,265,795,640,1.10002,0,0
025040107410003168d2a000a00000e2,2,3,38,322,265,795,640,1.10002,0,0
025040107410003168d2a000a00000e2,2,3,39,322,265,795,640,1.10002,0,0
025040107410003168d2a000a00000e2,2,3,40,322,265,795,640,1.10002,0,0
025040107410003168d2a000a00000e2,2,3,41,322,265,795,640,1.10002,0,0
025040107410003168d2a000a00000e2,2,3,42,322,265,795,640,1.10002,0,0
025040107410003168d2a000a00000e2,2,3,43,322,265,795,640,1.10002,0,0
025040107410003168d2a000a00000e2,2,3,44,322,265,795,640,1.10002,0,0
025040107410003168d2a000a00000e2,2,3,45,322,265,795,640,1.10002,0,0
025040107410003168d2a000a00000e2,2,3,46,322,265,795,640,1.10002,0,0
025040107410003168d2a000a00000e2,2,3,47,322,265,795,640,1.10002,0,0
025040107410003168d2a000a00000e2,2,3,48,322,265,795,640,1.10002,0,0
025040107410003168d2a000a00000e2,2,3,49,322,265,795,640,1.10002,0,0
025040107410003168d2a000a00000e2,2,3,50,322,265,795,640,1.10002,0,0
025040107410003168d2a000a00000e2,2,3,51,322,265,795,640,1.10002,0,0
025040107410003168d2a000a00000e2,2,3,52,322,265,795,640,1.10002,0,0
025040107410003168d2a000a00000e2,2,3,53,322,265,795,640,1.10002,0,0
025040107410003168d2a000a00000e2,2,3,54,322,265,795,640,1.10002,0,0
025040107410003168d2a000a00000e2,2,3,55,322,265,795,640,1.10002,0,0
025040107410003168d2a000a00000e2,2,3,56,322,265,795,640,1.10002,0,0
025040107410003168d2a000a00000e2,2,3,57,322,265,795,640,1.10002,0,0
025040107410003168d2a000a00000e2,2,3,58,322,265,795,640,1.10002,0,0
025040107410003168d2a000a00000e2,2,3,59,322,265,795,640,1.10002,0,0
025040107410003168d2a000a00000e2,2,3,60,322,265,795,640,1.10002,0,0
025040107410003168d2a000a00000e2,2,3,61,322,265,795,640,1.10002,0,0
025040107410003168d2a000a00000e2,2,3,62,322,265,795,640,1.10002,0,0
025040107410003168d2a000a00000e2,2,3,63,322,265,795,640,1.10002,0,0
025040107410003168d2a000a00000e2,2,3,0,322,265,796,641,1.10002,0,0
025040107410003168d2a000a00000e2,2,3,1,322,265,796,641,1.10002,0,0
025040107410003168d2a000a00000e2,2,3,2,322,265,796,641,1.10002,0,0
025040107410003168d2a000a00000e2,2,3,3,322,265,796,641,1.10002,0,0
025040107410003168d2a000a00000e2,2,3,4,322,265,796,641,1.10002,0,0
025040107410003168d2a000a00000e2,2,3,5,322,265,796,641,1.10002,0,0
025040107410003168d2a000a00000e2,2,3,6,322,265,796,641,1.10002,0,0
025040107410003168d2a000a00000e2,2,3,7,322,265,796,641,1.10002,0,0
025040107410003168d2a000a00000e2,2,3,8,322,265,796,641,1.10002,0,0
025040107410003168d2a000a00000e2,2,3,9,322,265,796,641,1.10002,0,0
025040107410003168d2a000a00000e2,2,3,10,322,265,796,641,1.10002,0,0
025040107410003168d2a000a00000e2,2,3,11,322,265,796,641,1.10002,0,0
025040107410003168d2a000a00000e2,2,3,12,322,265,796,641,1.10002,0,0
025040107410003168d2a000a00000e2,2,3,13,322,265,796,641,1.10002,0,0
025040107410003168d2a000a00000e2,2,3,14,322,265,796,641,1.10002,0,0
025040107410003168d2a000a00000e2,2,3,15,322,265,796,641,1.10002,0,0
025040107410003168d2a000a00000e2,2,3,16,322,265,796,641,1.10002,0,0
025040107410003168d2a000a00000e2,2,3,17,322,265,796,641,1.10002,0,0
025040107410003168d2a000a00000e2,2,3,18,322,265,796,641,1.10002,0,0
025040107410003168d2a000a00000e2,2,3,19,322,265,796,641,1.10002,0,0
025040107410003168d2a000a00000e2,2,3,20,322,265,796,641,1.10002,0,0
025040107410003168d2a000a00000e2,2,3,21,322,265,796,641,1.10002,0,0
025040107410003168d2a000a00000e2,2,3,22,322,265,796,641,1.10002,0,0
025040107410003168d2a000a00000e2,2,3,23,322,265,796,641,1.10002,0,0
025040107410003168d2a000a00000e2,2,3,24,322,265,796,641,1.10002,0,0
025040107410003168d2a000a00000e2,2,3,25,322,265,796,641,1.10002,0,0
025040107410003168d2a000a00000e2,2,3,26,322,265,796,641,1.10002,0,0
025040107410003168d2a000a00000e2,2,3,27,322,265,796,641,1.10002,0,0
025040107410003168d2a000a00000e2,2,3,28,322,265,796,641,1.10002,0,0
025040107410003168d2a000a00000e2,2,3,29,322,265,796,641,1.10002,0,0
025040107410003168d2a000a00000e2,2,3,30,322,265,796,641,1.10002,0,0
025040107410003168d2a000a00000e2,2,3,31,322,265,796,641,1.10002,0,0
025040107410003168d2a000a00000e2,2,3,32,322,265,796,641,1.10002,0,0
025040107410003168d2a000a00000e2,2,3,33,322,265,796,641,1.10002,0,0
025040107410003168d2a000a00000e2,2,3,34,322,265,796,641,1.10002,0,0
025040107410003168d2a000a00000e2,2,3,35,322,265,796,641,1.10002,0,0
025040107410003168d2a000a00000e2,2,3,36,322,265,796,641,1.10002,0,0
025040107410003168d2a000a00000e2,2,3,37,322,265,796,641,1.10002,0,0
025040107410003168d2a000a00000e2,2,3,38,322,265,796,641,1.10002,0,0
025040107410003168d2a000a00000e2,2,3,39,322,265,796,641,1.10002,0,0
025040107410003168d2a000a00000e2,2,3,40,322,265,796,641,1.10002,0,0
025040107410003168d2a000a00000e2,2,3,41,322,265,796,641,1.10002,0,0
025040107410003168d2a000a00000e2,2,3,42,322,265,796,641,1.10002,0,0
025040107410003168d2a000a00000e2,2,3,43,322,265,796,641,1.10002,0,0
025040107410003168d2a000a00000e2,2,3,44,322,265,796,641,1.10002,0,0
025040107410003168d2a000a00000e2,2,3,45,322,265,796,641,1.10002,0,0
025040107410003168d2a000a00000e2,2,3,46,322,265,796,641,1.10002,0,0
025040107410003168d2a000a00000e2,2,3,47,322,265,796,641,1.10002,0,0
025040107410003168d2a000a00000e2,2,3,48,322,265,796,641,1.10002,0,0
025040107410003168d2a000a00000e2,2,3,49,322,265,796,641,1.10002,0,0
025040107410003168d2a000a00000e2,2,3,50,322,265,796,641,1.10002,0,0
025040107410003168d2a000a00000e2,2,3,51,322,265,796,641,1.10002,0,0
025040107410003168d2a000a00000e2,2,3,52,322,265,796,641,1.10002,0,0
025040107410003168d2a000a00000e2,2,3,53,322,265,796,641,1.10002,0,0
025040107410003168d2a000a00000e2,2,3,54,322,265,796,641,1.10002,0,0
025040107410003168d2a000a00000e2,2,3,55,322,265,796,641,1.10002,0,0
025040107410003168d2a000a00000e2,2,3,56,322,265,796,641,1.10002,0,0
025040107410003168d2a000a00000e2,2,3,57,322,265,796,641,1.10002,0,0
025040107410003168d2a000a00000e2,2,3,58,322,265,796,641,1.10002,0,0
025040107410003168d2a000a00000e2,2,3,59,322,265,796,641,1.10002,0,0
025040107410003168d2a000a00000e2,2,3,60,322,265,796,641,1.10002,0,0
025040107410003168d2a000a00000e2,2,3,61,322,265,796,641,1.10002,0,0
025040107410003168d2a000a00000e2,2,3,62,322,265,796,641,1.10002,0,0
025040107410003168d2a000a00000e2,2,3,63,322,265,796,641,1.10002,0,0
025040107410003168d2a000a00000e2,2,3,0,322,265,797,641,1.10002,0,0
025040107410003168d2a000a00000e2,2,3,1,322,265,797,641,1.10002,0,0
025040107410003168d2a000a00000e2,2,3,2,322,265,797,641,1.10002,0,0
025040107410003168d2a000a00000e2,2,3,3,322,265,797,641,1.10002,0,0
025040107410003168d2a000a00000e2,2,3,4,322,265,797,641,1.10002,0,0
025040107410003168d2a000a00000e2,2,3,5,322,265,797,641,1.10002,0,0
025040107410003168d2a000a00000e2,2,3,6,322,265,797,641,1.10002,0,0
025040107410003168d2a000a00000e2,2,3,7,322,265,797,641,1.10002,0,0
025040107410003168d2a000a00000e2,2,3,8,322,265,797,641,1.10002,0,0
025040107410003168d2a000a00000e2,2,3,9,322,265,797,641,1.10002,0,0
025040107410003168d2a000a00000e2,2,3,10,322,265,797,641,1.10002,0,0
025040107410003168d2a000a00000e2,2,3,11,322,265,797,641,1.10002,0,0
025040107410003168d2a000a00000e2,2,3,12,322,265,797,641,1.10002,0,0
025040107410003168d2a000a00000e2,2,3,13,322,265,797,641,1.10002,0,0
025040107410003168d2a000a00000e2,2,3,14,322,265,797,641,1.10002,0,0
025040107410003168d2a000a00000e2,2,3,15,322,265,797,641,1.10002,0,0
025040107410003168d2a000a00000e2,2,3,16,322,265,797,641,1.10002,0,0
025040107410003168d2a000a00000e2,2,3,17,322,265,797,641,1.10002,0,0
025040107410003168d2a000a00000e2,2,3,18,322,265,797,641,1.10002,0,0
025040107410003168d2a000a00000e2,2,3,19,322,265,797,641,1.10002,0,0
025040107410003168d2a000a00000e2,2,3,20,322,265,797,641,1.10002,0,0
025040107410003168d2a000a00000e2,2,3,21,322,265,797,641,1.10002,0,0
025040107410003168d2a000a00000e2,2,3,22,322,265,797,641,1.10002,0,0
025040107410003168d2a000a00000e2,2,3,23,322,265,797,641,1.10002,0,0
025040107410003168d2a000a00000e2,2,3,24,322,265,797,641,1.10002,0,0
025040107410003168d2a000a00000e2,2,3,25,322,265,797,641,1.10002,0,0
025040107410003168d2a000a00000e2,2,3,26,322,265,797,641,1.10002,0,0
025040107410003168d2a000a00000e2,2,3,27,322,265,797,641,1.10002,0,0
025040107410003168d2a000a00000e2,2,3,28,322,265,797,641,1.10002,0,0
025040107410003168d2a000a00000e2,2,3,29,322,265,797,641,1.10002,0,0
025040107410003168d2a000a00000e2,2,3,30,322,265,797,641,1.10002,0,0
025040107410003168d2a000a00000e2,2,3,31,322,265,797,641,1.10002,0,0
025040107410003168d2a000a00000e2,2,3,32,322,265,797,641,1.10002,0,0
025040107410003168d2a000a00000e2,2,3,33,322,265,797,641,1.10002,0,0
025040107410003168d2a000a00000e2,2,3,34,322,265,797,641,1.10002,0,0
025040107410003168d2a000a00000e2,2,3,35,322,265,797,641,1.10002,0,0
025040107410003168d2a000a00000e2,2,3,36,322,265,797,641,1.10002,0,0
025040107410003168d2a000a00000e2,2,3,37,322,265,797,641,1.10002,0,0
025040107410003168d2a000a00000e2,2,3,38,322,265,797,641,1.10002,0,0
025040107410003168d2a000a00000e2,2,3,39,322,265,797,641,1.10002,0,0
025040107410003168d2a000a00000e2,2,3,40,322,265,797,641,1.10002,0,0
025040107410003168d2a000a00000e2,2,3,41,322,265,797,641,1.10002,0,0
025040107410003168d2a000a00000e2,2,3,42,322,265,797,641,1.10002,0,0
025040107410003168d2a000a00000e2,2,3,43,322,265,797,641,1.10002,0,0
025040107410003168d2a000a00000e2,2,3,44,322,265,797,641,1.10002,0,0
025040107410003168d2a000a00000e2,2,3,45,322,265,797,641,1.10002,0,0
025040107410003168d2a000a00000e2,2,3,46,322,265,797,641,1.10002,0,0
025040107410003168d2a000a00000e2,2,3,47,322,265,797,641,1.10002,0,0
025040107410003168d2a000a00000e2,2,3,48,322,265,797,641,1.10002,0,0
025040107410003168d2a000a00000e2,2,3,49,322,265,797,641,1.10002,0,0
025040107410003168d2a000a00000e2,2,3,50,322,265,797,641,1.10002,0,0
025040107410003168d2a000a00000e2,2,3,51,322,265,797,641,1.10002,0,0
025040107410003168d2a000a00000e2,2,3,52,322,265,797,641,1.10002,0,0
025040107410003168d2a000a00000e2,2,3,53,322,265,797,641,1.10002,0,0
025040107410003168d2a000a00000e2,2,3,54,322,265,797,641,1.10002,0,0
025040107410003168d2a000a00000e2,2,3,55,322,265,797,641,1.10002,0,0
025040107410003168d2a000a00000e2,2,3,56,322,265,797,641,1.10002,0,0
025040107410003168d2a000a00000e2,2,3,57,322,265,797,641,1.10002,0,0
025040107410003168d2a000a00000e2,2,3,58,322,265,797,641,1.10002,0,0
025040107410003168d2a000a00000e2,2,3,59,322,265,797,641,1.10002,0,0
025040107410003168d2a000a00000e2,2,3,60,322,265,797,641,1.10002,0,0
025040107410003168d2a000a00000e2,2,3,61,322,265,797,641,1.10002,0,0
025040107410003168d2a000a00000e2,2,3,62,322,265,797,641,1.10002,0,0
025040107410003168d2a000a00000e2,2,3,63,322,265,797,641,1.10002,0,0
025040107410003168d2a000a00000e2,2,3,0,322,265,798,642,1.10002,0,0
025040107410003168d2a000a00000e2,2,3,1,322,265,798,642,1.10002,0,0
025040107410003168d2a000a00000e2,2,3,2,322,265,798,642,1.10002,0,0
025040107410003168d2a000a00000e2,2,3,3,322,265,798,642,1.10002,0,0
025040107410003168d2a000a00000e2,2,3,4,322,265,798,642,1.10002,0,0
025040107410003168d2a000a00000e2,2,3,5,322,265,798,642,1.10002,0,0
025040107410003168d2a000a00000e2,2,3,6,322,265,798,642,1.10002,0,0
025040107410003168d2a000a00000e2,2,3,7,322,265,798,642,1.10002,0,0
025040107410003168d2a000a00000e2,2,3,8,322,265,798,642,1.10002,0,0
025040107410003168d2a000a00000e2,2,3,9,322,265,798,642,1.10002,0,0
025040107410003168d2a000a00000e2,2,3,10,322,265,798,642,1.10002,0,0
025040107410003168d2a000a00000e2,2,3,11,322,265,798,642,1.10002,0,0
025040107410003168d2a000a00000e2,2,3,12,322,265,798,642,1.10002,0,0
025040107410003168d2a000a00000e2,2,3,13,322,265,798,642,1.10002,0,0
025040107410003168d2a000a00000e2,2,3,14,322,265,798,642,1.10002,0,0
025040107410003168d2a000a00000e2,2,3,15,322,265,798,642,1.10002,0,0
025040107410003168d2a000a00000e2,2,3,16,322,265,798,642,1.10002,0,0
025040107410003168d2a000a00000e2,2,3,17,322,265,798,642,1.10002,0,0
025040107410003168d2a000a00000e2,2,3,18,322,265,798,642,1.10002,0,0
025040107410003168d2a000a00000e2,2,3,19,322,265,798,642,1.10002,0,0
025040107410003168d2a000a00000e2,2,3,20,322,265,798,642,1.10002,0,0
025040107410003168d2a000a00000e2,2,3,21,322,265,798,642,1.10002,0,0
025040107410003168d2a000a00000e2,2,3,22,322,265,798,642,1.10002,0,0
025040107410003168d2a000a00000e2,2,3,23,322,265,798,642,1.10002,0,0
025040107410003168d2a000a00000e2,2,3,24,322,265,798,642,1.10002,0,0
025040107410003168d2a000a00000e2,2,3,25,322,265,798,642,1.10002,0,0
025040107410003168d2a000a00000e2,2,3,26,322,265,798,642,1.10002,0,0
025040107410003168d2a000a00000e2,2,3,27,322,265,798,642,1.10002,0,0
025040107410003168d2a000a00000e2,2,3,28,322,265,798,642,1.10002,0,0
025040107410003168d2a000a00000e2,2,3,29,322,265,798,642,1.10002,0,0
025040107410003168d2a000a00000e2,2,3,30,322,265,798,642,1.10002,0,0
025040107410003168d2a000a00000e2,2,3,31,322,265,798,642,1.10002,0,0
025040107410003168d2a000a00000e2,2,3,32,322,265,798,642,1.10002,0,0
025040107410003168d2a000a00000e2,2,3,33,322,265,798,642,1.10002,0,0
025040107410003168d2a000a00000e2,2,3,34,322,265,798,642,1.10002,0,0
025040107410003168d2a000a00000e2,2,3,35,322,265,798,642,1.10002,0,0
025040107410003168d2a000a00000e2,2,3,36,322,265,798,642,1.10002,0,0
025040107410003168d2a000a00000e2,2,3,37,322,265,798,642,1.10002,0,0
025040107410003168d2a000a00000e2,2,3,38,322,265,798,642,1.10002,0,0
025040107410003168d2a000a00000e2,2,3,39,322,265,798,642,1.10002,0,0
025040107410003168d2a000a00000e2,2,3,40,322,265,798,642,1.10002,0,0
025040107410003168d2a000a00000e2,2,3,41,322,265,798,642,1.10002,0,0
025040107410003168d2a000a00000e2,2,3,42,322,265,798,642,1.10002,0,0
025040107410003168d2a000a00000e2,2,3,43,322,265,798,642,1.10002,0,0
025040107410003168d2a000a00000e2,2,3,44,322,265,798,642,1.10002,0,0
025040107410003168d2a000a00000e2,2,3,45,322,265,798,642,1.10002,0,0
025040107410003168d2a000a00000e2,2,3,46,322,265,798,642,1.10002,0,0
025040107410003168d2a000a00000e2,2,3,47,322,265,798,642,1.10002,0,0
025040107410003168d2a000a00000e2,2,3,48,322,265,798,642,1.10002,0,0
025040107410003168d2a000a00000e2,2,3,49,322,265,798,642,1.10002,0,0
025040107410003168d2a000a00000e2,2,3,50,322,265,798,642,1.10002,0,0
025040107410003168d2a000a00000e2,2,3,51,322,265,798,642,1.10002,0,0
025040107410003168d2a000a00000e2,2,3,52,322,265,798,642,1.10002,0,0
025040107410003168d2a000a00000e2,2,3,53,322,265,798,642,1.10002,0,0
025040107410003168d2a000a00000e2,2,3,54,322,265,798,642,1.10002,0,0
025040107410003168d2a000a00000e2,2,3,55,322,265,798,642,1.10002,0,0
025040107410003168d2a000a00000e2,2,3,56,322,265,798,642,1.10002,0,0
025040107410003168d2a000a00000e2,2,3,57,322,265,798,642,1.10002,0,0
025040107410003168d2a000a00000e2,2,3,58,322,265,798,642,1.10002,0,0
025040107410003168d2a000a00000e2,2,3,59,322,265,798,642,1.10002,0,0
025040107410003168d2a000a00000e2,2,3,60,322,265,798,642,1.10002,0,0
025040107410003168d2a000a00000e2,2,3,61,322,265,798,642,1.10002,0,0
025040107410003168d2a000a00000e2,2,3,62,322,265,798,642,1.10002,0,0
025040107410003168d2a000a00000e2,2,3,63,322,265,798,642,1.10002,0,0
025040107410003168d2a000a00000e2,2,3,0,322,265,799,643,1.10002,0,0
025040107410003168d2a000a00000e2,2,3,1,322,265,799,643,1.10002,0,0
025040107410003168d2a000a00000e2,2,3,2,322,265,799,643,1.10002,0,0
025040107410003168d2a000a00000e2,2,3,3,322,265,799,643,1.10002,0,0
025040107410003168d2a000a00000e2,2,3,4,322,265,799,643,1.10002,0,0
025040107410003168d2a000a00000e2,2,3,5,322,265,799,643,1.10002,0,0
025040107410003168d2a000a00000e2,2,3,6,322,265,799,643,1.10002,0,0
025040107410003168d2a000a00000e2,2,3,7,322,265,799,643,1.10002,0,0
025040107410003168d2a000a00000e2,2,3,8,322,265,799,643,1.10002,0,0
025040107410003168d2a000a00000e2,2,3,9,322,265,799,643,1.10002,0,0
025040107410003168d2a000a00000e2,2,3,10,322,265,799,643,1.10002,0,0
025040107410003168d2a000a00000e2,2,3,11,322,265,799,643,1.10002,0,0
025040107410003168d2a000a00000e2,2,3,12,322,265,799,643,1.10002,0,0
025040107410003168d2a000a00000e2,2,3,13,322,265,799,643,1.10002,0,0
025040107410003168d2a000a00000e2,2,3,14,322,265,799,643,1.10002,0,0
025040107410003168d2a000a00000e2,2,3,15,322,265,799,643,1.10002,0,0
025040107410003168d2a000a00000e2,2,3,16,322,265,799,643,1.10002,0,0
025040107410003168d2a000a00000e2,2,3,17,322,265,799,643,1.10002,0,0
025040107410003168d2a000a00000e2,2,3,18,322,265,799,643,1.10002,0,0
025040107410003168d2a000a00000e2,2,3,19,322,265,799,643,1.10002,0,0
025040107410003168d2a000a00000e2,2,3,20,322,265,799,643,1.10002,0,0
025040107410003168d2a000a00000e2,2,3,21,322,265,799,643,1.10002,0,0
025040107410003168d2a000a00000e2,2,3,22,322,265,799,643,1.10002,0,0
025040107410003168d2a000a00000e2,2,3,23,322,265,799,643,1.10002,0,0
025040107410003168d2a000a00000e2,2,3,24,322,265,799,643,1.10002,0,0
025040107410003168d2a000a00000e2,2,3,25,322,265,799,643,1.10002,0,0
025040107410003168d2a000a00000e2,2,3,26,322,265,799,643,1.10002,0,0
025040107410003168d2a000a00000e2,2,3,27,322,265,799,643,1.10002,0,0
025040107410003168d2a000a00000e2,2,3,28,322,265,799,643,1.10002,0,0
025040107410003168d2a000a00000e2,2,3,29,322,265,799,643,1.10002,0,0
025040107410003168d2a000a00000e2,2,3,30,322,265,799,643,1.10002,0,0
025040107410003168d2a000a00000e2,2,3,31,322,265,799,643,1.10002,0,0
025040107410003168d2a000a00000e2,2,3,32,322,265,799,643,1.10002,0,0
025040107410003168d2a000a00000e2,2,3,33,322,265,799,643,1.10002,0,0
025040107410003168d2a000a00000e2,2,3,34,322,265,799,643,1.10002,0,0
025040107410003168d2a000a00000e2,2,3,35,322,265,799,643,1.10002,0,0
025040107410003168d2a000a00000e2,2,3,36,322,265,799,643,1.10002,0,0
025040107410003168d2a000a00000e2,2,3,37,322,265,799,643,1.10002,0,0
025040107410003168d2a000a00000e2,2,3,38,322,265,799,643,1.10002,0,0
025040107410003168d2a000a00000e2,2,3,39,322,265,799,643,1.10002,0,0
025040107410003168d2a000a00000e2,2,3,40,322,265,799,643,1.10002,0,0
025040107410003168d2a000a00000e2,2,3,41,322,265,799,643,1.10002,0,0
025040107410003168d2a000a00000e2,2,3,42,322,265,799,643,1.10002,0,0
025040107410003168d2a000a00000e2,2,3,43,322,265,799,643,1.10002,0,0
025040107410003168d2a000a00000e2,2,3,44,322,265,799,643,1.10002,0,0
025040107410003168d2a000a00000e2,2,3,45,322,265,799,643,1.10002,0,0
025040107410003168d2a000a00000e2,2,3,46,322,265,799,643,1.10002,0,0
025040107410003168d2a000a00000e2,2,3,47,322,265,799,643,1.10002,0,0
025040107410003168d2a000a00000e2,2,3,48,322,265,799,643,1.10002,0,0
025040107410003168d2a000a00000e2,2,3,49,322,265,799,643,1.10002,0,0
025040107410003168d2a000a00000e2,2,3,50,322,265,799,643,1.10002,0,0
025040107410003168d2a000a00000e2,2,3,51,322,265,799,643,1.10002,0,0
025040107410003168d2a000a00000e2,2,3,52,322,265,799,643,1.10002,0,0
025040107410003168d2a000a00000e2,2,3,53,322,265,799,643,1.10002,0,0
025040107410003168d2a000a00000e2,2,3,54,322,265,799,643,1.10002,0,0
025040107410003168d2a000a00000e2,2,3,55,322,265,799,643,1.10002,0,0
025040107410003168d2a000a00000e2,2,3,56,322,265,799,643,1.10002,0,0
025040107410003168d2a000a00000e2,2,3,57,322,265,799,643,1.10002,0,0
025040107410003168d2a000a00000e2,2,3,58,322,265,799,643,1.10002,0,0
025040107410003168d2a000a00000e2,2,3,59,322,265,799,643,1.10002,0,0
025040107410003168d2a000a00000e2,2,3,60,322,265,799,643,1.10002,0,0
025040107410003168d2a000a00000e2,2,3,61,322,265,799,643,1.10002,0,0
025040107410003168d2a000a00000e2,2,3,62,322,265,799,643,1.10002,0,0
025040107410003168d2a000a00000e2,2,3,63,322,265,799,643,1.10002,0,0
025040107410003168d2a000a00000e2,2,3,0,322,265,800,644,1.10002,0,0
025040107410003168d2a000a00000e2,2,3,1,322,265,800,644,1.10002,0,0
025040107410003168d2a000a00000e2,2,3,2,322,265,800,644,1.10002,0,0
025040107410003168d2a000a00000e2,2,3,3,322,265,800,644,1.10002,0,0
025040107410003168d2a000a00000e2,2,3,4,322,265,800,644,1.10002,0,0
025040107410003168d2a000a00000e2,2,3,5,322,265,800,644,1.10002,0,0
025040107410003168d2a000a00000e2,2,3,6,322,265,800,644,1.10002,0,0
025040107410003168d2a000a00000e2,2,3,7,322,265,800,644,1.10002,0,0
025040107410003168d2a000a00000e2,2,3,8,322,265,800,644,1.10002,0,0
025040107410003168d2a000a00000e2,2,3,9,322,265,800,644,1.10002,0,0
025040107410003168d2a000a00000e2,2,3,10,322,265,800,644,1.10002,0,0
025040107410003168d2a000a00000e2,2,3,11,322,265,800,644,1.10002,0,0
025040107410003168d2a000a00000e2,2,3,12,322,265,800,644,1.10002,0,0
025040107410003168d2a000a00000e2,2,3,13,322,265,800,644,1.10002,0,0
025040107410003168d2a000a00000e2,2,3,14,322,265,800,644,1.10002,0,0
025040107410003168d2a000a00000e2,2,3,15,322,265,800,644,1.10002,0,0
025040107410003168d2a000a00000e2,2,3,16,322,265,800,644,1.10002,0,0
025040107410003168d2a000a00000e2,2,3,17,322,265,800,644,1.10002,0,0
025040107410003168d2a000a00000e2,2,3,18,322,265,800,644,1.10002,0,0
025040107410003168d2a000a00000e2,2,3,19,322,265,800,644,1.10002,0,0
025040107410003168d2a000a00000e2,2,3,20,322,265,800,644,1.10002,0,0
025040107410003168d2a000a00000e2,2,3,21,322,265,800,644,1.10002,0,0
025040107410003168d2a000a00000e2,2,3,22,322,265,800,644,1.10002,0,0
025040107410003168d2a000a00000e2,2,3,23,322,265,800,644,1.10002,0,0
025040107410003168d2a000a00000e2,2,3,24,322,265,800,644,1.10002,0,0
025040107410003168d2a000a00000e2,2,3,25,322,265,800,644,1.10002,0,0
025040107410003168d2a000a00000e2,2,3,26,322,265,800,644,1.10002,0,0
025040107410003168d2a000a00000e2,2,3,27,322,265,800,644,1.10002,0,0
025040107410003168d2a000a00000e2,2,3,28,322,265,800,644,1.10002,0,0
025040107410003168d2a000a00000e2,2,3,29,322,265,800,644,1.10002,0,0
025040107410003168d2a000a00000e2,2,3,30,322,265,800,644,1.10002,0,0
025040107410003168d2a000a00000e2,2,3,31,322,265,800,644,1.10002,0,0
025040107410003168d2a000a00000e2,2,3,32,322,265,800,644,1.10002,0,0
025040107410003168d2a000a00000e2,2,3,33,322,265,800,644,1.10002,0,0
025040107410003168d2a000a00000e2,2,3,34,322,265,800,644,1.10002,0,0
025040107410003168d2a000a00000e2,2,3,35,322,265,800,644,1.10002,0,0
025040107410003168d2a000a00000e2,2,3,36,322,265,800,644,1.10002,0,0
025040107410003168d2a000a00000e2,2,3,37,322,265,800,644,1.10002,0,0
025040107410003168d2a000a00000e2,2,3,38,322,265,800,644,1.10002,0,0
025040107410003168d2a000a00000e2,2,3,39,322,265,800,644,1.10002,0,0
025040107410003168d2a000a00000e2,2,3,40,322,265,800,644,1.10002,0,0
025040107410003168d2a000a00000e2,2,3,41,322,265,800,644,1.10002,0,0
025040107410003168d2a000a00000e2,2,3,42,322,265,800,644,1.10002,0,0
025040107410003168d2a000a00000e2,2,3,43,322,265,800,644,1.10002,0,0
025040107410003168d2a000a00000e2,2,3,44,322,265,800,644,1.10002,0,0
025040107410003168d2a000a00000e2,2,3,45,322,265,800,644,1.10002,0,0
025040107410003168d2a000a00000e2,2,3,46,322,265,800,644,1.10002,0,0
025040107410003168d2a000a00000e2,2,3,47,322,265,800,644,1.10002,0,0
025040107410003168d2a000a00000e2,2,3,48,322,265,800,644,1.10002,0,0
025040107410003168d2a000a00000e2,2,3,49,322,265,800,644,1.10002,0,0
025040107410003168d2a000a00000e2,2,3,50,322,265,800,644,1.10002,0,0
025040107410003168d2a000a00000e2,2,3,51,322,265,800,644,1.10002,0,0
025040107410003168d2a000a00000e2,2,3,52,322,265,800,644,1.10002,0,0
025040107410003168d2a000a00000e2,2,3,53,322,265,800,644,1.10002,0,0
025040107410003168d2a000a00000e2,2,3,54,322,265,800,644,1.10002,0,0
025040107410003168d2a000a00000e2,2,3,55,322,265,800,644,1.10002,0,0
025040107410003168d2a000a00000e2,2,3,56,322,265,800,644,1.10002,0,0
025040107410003168d2a000a00000e2,2,3,57,322,265,800,644,1.10002,0,0
025040107410003168d2a000a00000e2,2,3,58,322,265,800,644,1.10002,0,0
025040107410003168d2a000a00000e2,2,3,59,322,265,800,644,1.10002,0,0
025040107410003168d2a000a00000e2,2,3,60,322,265,800,644,1.10002,0,0
025040107410003168d2a000a00000e2,2,3,61,322,265,800,644,1.10002,0,0
025040107410003168d2a000a00000e2,2,3,62,322,265,800,644,1.10002,0,0
025040107410003168d2a000a00000e2,2,3,63,322,265,800,644,1.10002,0,0
