hybrid_id, fec,vmm,ch,pulser_dac,pulser_mV,threshold_dac,threshold_mV,time,counts,rate
025040107410003168d2a000a00000e2,2,2,0,322,276,600,477,1.00123,10812,10.7988
025040107410003168d2a000a00000e2,2,2,1,322,276,600,477,1.00123,10812,10.7988
025040107410003168d2a000a00000e2,2,2,2,322,276,600,477,1.00123,10812,10.7988
025040107410003168d2a000a00000e2,2,2,3,322,276,600,477,1.00123,10812,10.7988
025040107410003168d2a000a00000e2,2,2,4,322,276,600,477,1.00123,10812,10.7988
025040107410003168d2a000a00000e2,2,2,5,322,276,600,477,1.00123,10812,10.7988
025040107410003168d2a000a00000e2,2,2,6,322,276,600,477,1.00123,10812,10.7988
025040107410003168d2a000a00000e2,2,2,7,322,276,600,477,1.00123,10812,10.7988
025040107410003168d2a000a00000e2,2,2,8,322,276,600,477,1.00123,10812,10.7988
025040107410003168d2a000a00000e2,2,2,9,322,276,600,477,1.00123,10812,10.7988
025040107410003168d2a000a00000e2,2,2,10,322,276,600,477,1.00123,10812,10.7988
025040107410003168d2a000a00000e2,2,2,11,322,276,600,477,1.00123,10812,10.7988
025040107410003168d2a000a00000e2,2,2,12,322,276,600,477,1.00123,10813,10.7998
025040107410003168d2a000a00000e2,2,2,13,322,276,600,477,1.00123,10813,10.7998
025040107410003168d2a000a00000e2,2,2,14,322,276,600,477,1.00123,10813,10.7998
025040107410003168d2a000a00000e2,2,2,15,322,276,600,477,1.00123,10813,10.7998
025040107410003168d2a000a00000e2,2,2,16,322,276,600,477,1.00123,10813,10.7998
025040107410003168d2a000a00000e2,2,2,17,322,276,600,477,1.00123,10813,10.7998
025040107410003168d2a000a00000e2,2,2,18,322,276,600,477,1.00123,10813,10.7998
025040107410003168d2a000a00000e2,2,2,19,322,276,600,477,1.00123,10813,10.7998
025040107410003168d2a000a00000e2,2,2,20,322,276,600,477,1.00123,10813,10.7998
025040107410003168d2a000a00000e2,2,2,21,322,276,600,477,1.00123,10813,10.7998
025040107410003168d2a000a00000e2,2,2,22,322,276,600,477,1.00123,10813,10.7998
025040107410003168d2a000a00000e2,2,2,23,322,276,600,477,1.00123,10813,10.7998
025040107410003168d2a000a00000e2,2,2,24,322,276,600,477,1.00123,10813,10.7998
025040107410003168d2a000a00000e2,2,2,25,322,276,600,477,1.00123,10813,10.7998
025040107410003168d2a000a00000e2,2,2,26,322,276,600,477,1.00123,10813,10.7998
025040107410003168d2a000a00000e2,2,2,27,322,276,600,477,1.00123,10813,10.7998
025040107410003168d2a000a00000e2,2,2,28,322,276,600,477,1.00123,10813,10.7998
025040107410003168d2a000a00000e2,2,2,29,322,276,600,477,1.00123,10813,10.7998
025040107410003168d2a000a00000e2,2,2,30,322,276,600,477,1.00123,10813,10.7998
025040107410003168d2a000a00000e2,2,2,31,322,276,600,477,1.00123,10813,10.7998
025040107410003168d2a000a00000e2,2,2,32,322,276,600,477,1.00123,10813,10.7998
025040107410003168d2a000a00000e2,2,2,33,322,276,600,477,1.00123,10813,10.7998
025040107410003168d2a000a00000e2,2,2,34,322,276,600,477,1.00123,10813,10.7998
025040107410003168d2a000a00000e2,2,2,35,322,276,600,477,1.00123,10813,10.7998
025040107410003168d2a000a00000e2,2,2,36,322,276,600,477,1.00123,10813,10.7998
025040107410003168d2a000a00000e2,2,2,37,322,276,600,477,1.00123,10813,10.7998
025040107410003168d2a000a00000e2,2,2,38,322,276,600,477,1.00123,10813,10.7998
025040107410003168d2a000a00000e2,2,2,39,322,276,600,477,1.00123,10813,10.7998
025040107410003168d2a000a00000e2,2,2,40,322,276,600,477,1.00123,10813,10.7998
025040107410003168d2a000a00000e2,2,2,41,322,276,600,477,1.00123,10813,10.7998
025040107410003168d2a000a00000e2,2,2,42,322,276,600,477,1.00123,10813,10.7998
025040107410003168d2a000a00000e2,2,2,43,322,276,600,477,1.00123,10813,10.7998
025040107410003168d2a000a00000e2,2,2,44,322,276,600,477,1.00123,10813,10.7998
025040107410003168d2a000a00000e2,2,2,45,322,276,600,477,1.00123,10813,10.7998
025040107410003168d2a000a00000e2,2,2,46,322,276,600,477,1.00123,10813,10.7998
025040107410003168d2a000a00000e2,2,2,47,322,276,600,477,1.00123,10813,10.7998
025040107410003168d2a000a00000e2,2,2,48,322,276,600,477,1.00123,10812,10.7988
025040107410003168d2a000a00000e2,2,2,49,322,276,600,477,1.00123,10812,10.7988
025040107410003168d2a000a00000e2,2,2,50,322,276,600,477,1.00123,10812,10.7988
025040107410003168d2a000a00000e2,2,2,51,322,276,600,477,1.00123,10812,10.7988
025040107410003168d2a000a00000e2,2,2,52,322,276,600,477,1.00123,10812,10.7988
025040107410003168d2a000a00000e2,2,2,53,322,276,600,477,1.00123,10812,10.7988
025040107410003168d2a000a00000e2,2,2,54,322,276,600,477,1.00123,10812,10.7988
025040107410003168d2a000a00000e2,2,2,55,322,276,600,477,1.00123,10812,10.7988
025040107410003168d2a000a00000e2,2,2,56,322,276,600,477,1.00123,10812,10.7988
025040107410003168d2a000a00000e2,2,2,57,322,276,600,477,1.00123,10812,10.7988
025040107410003168d2a000a00000e2,2,2,58,322,276,600,477,1.00123,10812,10.7988
025040107410003168d2a000a00000e2,2,2,59,322,276,600,477,1.00123,10812,10.7988
025040107410003168d2a000a00000e2,2,2,60,322,276,600,477,1.00123,10812,10.7988
025040107410003168d2a000a00000e2,2,2,61,322,276,600,477,1.00123,10812,10.7988
025040107410003168d2a000a00000e2,2,2,62,322,276,600,477,1.00123,10812,10.7988
025040107410003168d2a000a00000e2,2,2,63,322,276,600,477,1.00123,10812,10.7988
025040107410003168d2a000a00000e2,2,2,0,322,276,601,478,1.00123,10812,10.7988
025040107410003168d2a000a00000e2,2,2,1,322,276,601,478,1.00123,10812,10.7988
025040107410003168d2a000a00000e2,2,2,2,322,276,601,478,1.00123,10812,10.7988
025040107410003168d2a000a00000e2,2,2,3,322,276,601,478,1.00123,10812,10.7988
025040107410003168d2a000a00000e2,2,2,4,322,276,601,478,1.00123,10812,10.7988
025040107410003168d2a000a00000e2,2,2,5,322,276,601,478,1.00123,10812,10.7988
025040107410003168d2a000a00000e2,2,2,6,322,276,601,478,1.00123,10812,10.7988
025040107410003168d2a000a00000e2,2,2,7,322,276,601,478,1.00123,10812,10.7988
025040107410003168d2a000a00000e2,2,2,8,322,276,601,478,1.00123,10812,10.7988
025040107410003168d2a000a00000e2,2,2,9,322,276,601,478,1.00123,10812,10.7988
025040107410003168d2a000a00000e2,2,2,10,322,276,601,478,1.00123,10812,10.7988
025040107410003168d2a000a00000e2,2,2,11,322,276,601,478,1.00123,10812,10.7988
025040107410003168d2a000a00000e2,2,2,12,322,276,601,478,1.00123,10812,10.7988
025040107410003168d2a000a00000e2,2,2,13,322,276,601,478,1.00123,10813,10.7998
025040107410003168d2a000a00000e2,2,2,14,322,276,601,478,1.00123,10813,10.7998
025040107410003168d2a000a00000e2,2,2,15,322,276,601,478,1.00123,10813,10.7998
025040107410003168d2a000a00000e2,2,2,16,322,276,601,478,1.00123,10813,10.7998
025040107410003168d2a000a00000e2,2,2,17,322,276,601,478,1.00123,10813,10.7998
025040107410003168d2a000a00000e2,2,2,18,322,276,601,478,1.00123,10813,10.7998
025040107410003168d2a000a00000e2,2,2,19,322,276,601,478,1.00123,10813,10.7998
025040107410003168d2a000a00000e2,2,2,20,322,276,601,478,1.00123,10813,10.7998
025040107410003168d2a000a00000e2,2,2,21,322,276,601,478,1.00123,10813,10.7998
025040107410003168d2a000a00000e2,2,2,22,322,276,601,478,1.00123,10813,10.7998
025040107410003168d2a000a00000e2,2,2,23,322,276,601,478,1.00123,10813,10.7998
025040107410003168d2a000a00000e2,2,2,24,322,276,601,478,1.00123,10813,10.7998
025040107410003168d2a000a00000e2,2,2,25,322,276,601,478,1.00123,10813,10.7998
025040107410003168d2a000a00000e2,2,2,26,322,276,601,478,1.00123,10813,10.7998
025040107410003168d2a000a00000e2,2,2,27,322,276,601,478,1.00123,10813,10.7998
025040107410003168d2a000a00000e2,2,2,28,322,276,601,478,1.00123,10813,10.7998
025040107410003168d2a000a00000e2,2,2,29,322,276,601,478,1.00123,10813,10.7998
025040107410003168d2a000a00000e2,2,2,30,322,276,601,478,1.00123,10813,10.7998
025040107410003168d2a000a00000e2,2,2,31,322,276,601,478,1.00123,10813,10.7998
025040107410003168d2a000a00000e2,2,2,32,322,276,601,478,1.00123,10813,10.7998
025040107410003168d2a000a00000e2,2,2,33,322,276,601,478,1.00123,10813,10.7998
025040107410003168d2a000a00000e2,2,2,34,322,276,601,478,1.00123,10813,10.7998
025040107410003168d2a000a00000e2,2,2,35,322,276,601,478,1.00123,10813,10.7998
025040107410003168d2a000a00000e2,2,2,36,322,276,601,478,1.00123,10813,10.7998
025040107410003168d2a000a00000e2,2,2,37,322,276,601,478,1.00123,10813,10.7998
025040107410003168d2a000a00000e2,2,2,38,322,276,601,478,1.00123,10813,10.7998
025040107410003168d2a000a00000e2,2,2,39,322,276,601,478,1.00123,10813,10.7998
025040107410003168d2a000a00000e2,2,2,40,322,276,601,478,1.00123,10813,10.7998
025040107410003168d2a000a00000e2,2,2,41,322,276,601,478,1.00123,10813,10.7998
025040107410003168d2a000a00000e2,2,2,42,322,276,601,478,1.00123,10813,10.7998
025040107410003168d2a000a00000e2,2,2,43,322,276,601,478,1.00123,10813,10.7998
025040107410003168d2a000a00000e2,2,2,44,322,276,601,478,1.00123,10813,10.7998
025040107410003168d2a000a00000e2,2,2,45,322,276,601,478,1.00123,10813,10.7998
025040107410003168d2a000a00000e2,2,2,46,322,276,601,478,1.00123,10813,10.7998
025040107410003168d2a000a00000e2,2,2,47,322,276,601,478,1.00123,10813,10.7998
025040107410003168d2a000a00000e2,2,2,48,322,276,601,478,1.00123,10813,10.7998
025040107410003168d2a000a00000e2,2,2,49,322,276,601,478,1.00123,10812,10.7988
025040107410003168d2a000a00000e2,2,2,50,322,276,601,478,1.00123,10812,10.7988
025040107410003168d2a000a00000e2,2,2,51,322,276,601,478,1.00123,10812,10.7988
025040107410003168d2a000a00000e2,2,2,52,322,276,601,478,1.00123,10812,10.7988
025040107410003168d2a000a00000e2,2,2,53,322,276,601,478,1.00123,10812,10.7988
025040107410003168d2a000a00000e2,2,2,54,322,276,601,478,1.00123,10812,10.7988
025040107410003168d2a000a00000e2,2,2,55,322,276,601,478,1.00123,10812,10.7988
025040107410003168d2a000a00000e2,2,2,56,322,276,601,478,1.00123,10812,10.7988
025040107410003168d2a000a00000e2,2,2,57,322,276,601,478,1.00123,10812,10.7988
025040107410003168d2a000a00000e2,2,2,58,322,276,601,478,1.00123,10812,10.7988
025040107410003168d2a000a00000e2,2,2,59,322,276,601,478,1.00123,10812,10.7988
025040107410003168d2a000a00000e2,2,2,60,322,276,601,478,1.00123,10812,10.7988
025040107410003168d2a000a00000e2,2,2,61,322,276,601,478,1.00123,10812,10.7988
025040107410003168d2a000a00000e2,2,2,62,322,276,601,478,1.00123,10811,10.7978
025040107410003168d2a000a00000e2,2,2,63,322,276,601,478,1.00123,10812,10.7988
025040107410003168d2a000a00000e2,2,2,0,322,276,602,479,1.00123,10812,10.7988
025040107410003168d2a000a00000e2,2,2,1,322,276,602,479,1.00123,10812,10.7988
025040107410003168d2a000a00000e2,2,2,2,322,276,602,479,1.00123,10812,10.7988
025040107410003168d2a000a00000e2,2,2,3,322,276,602,479,1.00123,10812,10.7988
025040107410003168d2a000a00000e2,2,2,4,322,276,602,479,1.00123,10812,10.7988
025040107410003168d2a000a00000e2,2,2,5,322,276,602,479,1.00123,10812,10.7988
025040107410003168d2a000a00000e2,2,2,6,322,276,602,479,1.00123,10812,10.7988
025040107410003168d2a000a00000e2,2,2,7,322,276,602,479,1.00123,10812,10.7988
025040107410003168d2a000a00000e2,2,2,8,322,276,602,479,1.00123,10812,10.7988
025040107410003168d2a000a00000e2,2,2,9,322,276,602,479,1.00123,10812,10.7988
025040107410003168d2a000a00000e2,2,2,10,322,276,602,479,1.00123,10812,10.7988
025040107410003168d2a000a00000e2,2,2,11,322,276,602,479,1.00123,10812,10.7988
025040107410003168d2a000a00000e2,2,2,12,322,276,602,479,1.00123,10813,10.7998
025040107410003168d2a000a00000e2,2,2,13,322,276,602,479,1.00123,10813,10.7998
025040107410003168d2a000a00000e2,2,2,14,322,276,602,479,1.00123,10813,10.7998
025040107410003168d2a000a00000e2,2,2,15,322,276,602,479,1.00123,10813,10.7998
025040107410003168d2a000a00000e2,2,2,16,322,276,602,479,1.00123,10813,10.7998
025040107410003168d2a000a00000e2,2,2,17,322,276,602,479,1.00123,10813,10.7998
025040107410003168d2a000a00000e2,2,2,18,322,276,602,479,1.00123,10813,10.7998
025040107410003168d2a000a00000e2,2,2,19,322,276,602,479,1.00123,10813,10.7998
025040107410003168d2a000a00000e2,2,2,20,322,276,602,479,1.00123,10813,10.7998
025040107410003168d2a000a00000e2,2,2,21,322,276,602,479,1.00123,10813,10.7998
025040107410003168d2a000a00000e2,2,2,22,322,276,602,479,1.00123,10813,10.7998
025040107410003168d2a000a00000e2,2,2,23,322,276,602,479,1.00123,10813,10.7998
025040107410003168d2a000a00000e2,2,2,24,322,276,602,479,1.00123,10813,10.7998
025040107410003168d2a000a00000e2,2,2,25,322,276,602,479,1.00123,10813,10.7998
025040107410003168d2a000a00000e2,2,2,26,322,276,602,479,1.00123,10813,10.7998
025040107410003168d2a000a00000e2,2,2,27,322,276,602,479,1.00123,10813,10.7998
025040107410003168d2a000a00000e2,2,2,28,322,276,602,479,1.00123,10813,10.7998
025040107410003168d2a000a00000e2,2,2,29,322,276,602,479,1.00123,10813,10.7998
025040107410003168d2a000a00000e2,2,2,30,322,276,602,479,1.00123,10813,10.7998
025040107410003168d2a000a00000e2,2,2,31,322,276,602,479,1.00123,10813,10.7998
025040107410003168d2a000a00000e2,2,2,32,322,276,602,479,1.00123,10813,10.7998
025040107410003168d2a000a00000e2,2,2,33,322,276,602,479,1.00123,10813,10.7998
025040107410003168d2a000a00000e2,2,2,34,322,276,602,479,1.00123,10813,10.7998
025040107410003168d2a000a00000e2,2,2,35,322,276,602,479,1.00123,10813,10.7998
025040107410003168d2a000a00000e2,2,2,36,322,276,602,479,1.00123,10813,10.7998
025040107410003168d2a000a00000e2,2,2,37,322,276,602,479,1.00123,10813,10.7998
025040107410003168d2a000a00000e2,2,2,38,322,276,602,479,1.00123,10813,10.7998
025040107410003168d2a000a00000e2,2,2,39,322,276,602,479,1.00123,10813,10.7998
025040107410003168d2a000a00000e2,2,2,40,322,276,602,479,1.00123,10813,10.7998
025040107410003168d2a000a00000e2,2,2,41,322,276,602,479,1.00123,10813,10.7998
025040107410003168d2a000a00000e2,2,2,42,322,276,602,479,1.00123,10813,10.7998
025040107410003168d2a000a00000e2,2,2,43,322,276,602,479,1.00123,10813,10.7998
025040107410003168d2a000a00000e2,2,2,44,322,276,602,479,1.00123,10813,10.7998
025040107410003168d2a000a00000e2,2,2,45,322,276,602,479,1.00123,10813,10.7998
025040107410003168d2a000a00000e2,2,2,46,322,276,602,479,1.00123,10813,10.7998
025040107410003168d2a000a00000e2,2,2,47,322,276,602,479,1.00123,10813,10.7998
025040107410003168d2a000a00000e2,2,2,48,322,276,602,479,1.00123,10812,10.7988
025040107410003168d2a000a00000e2,2,2,49,322,276,602,479,1.00123,10812,10.7988
025040107410003168d2a000a00000e2,2,2,50,322,276,602,479,1.00123,10812,10.7988
025040107410003168d2a000a00000e2,2,2,51,322,276,602,479,1.00123,10812,10.7988
025040107410003168d2a000a00000e2,2,2,52,322,276,602,479,1.00123,10812,10.7988
025040107410003168d2a000a00000e2,2,2,53,322,276,602,479,1.00123,10812,10.7988
025040107410003168d2a000a00000e2,2,2,54,322,276,602,479,1.00123,10812,10.7988
025040107410003168d2a000a00000e2,2,2,55,322,276,602,479,1.00123,10812,10.7988
025040107410003168d2a000a00000e2,2,2,56,322,276,602,479,1.00123,10812,10.7988
025040107410003168d2a000a00000e2,2,2,57,322,276,602,479,1.00123,10812,10.7988
025040107410003168d2a000a00000e2,2,2,58,322,276,602,479,1.00123,10812,10.7988
025040107410003168d2a000a00000e2,2,2,59,322,276,602,479,1.00123,10812,10.7988
025040107410003168d2a000a00000e2,2,2,60,322,276,602,479,1.00123,10812,10.7988
025040107410003168d2a000a00000e2,2,2,61,322,276,602,479,1.00123,10812,10.7988
025040107410003168d2a000a00000e2,2,2,62,322,276,602,479,1.00123,10812,10.7988
025040107410003168d2a000a00000e2,2,2,63,322,276,602,479,1.00123,10812,10.7988
025040107410003168d2a000a00000e2,2,2,0,322,276,603,479,1.00123,10812,10.7988
025040107410003168d2a000a00000e2,2,2,1,322,276,603,479,1.00123,10812,10.7988
025040107410003168d2a000a00000e2,2,2,2,322,276,603,479,1.00123,10812,10.7988
025040107410003168d2a000a00000e2,2,2,3,322,276,603,479,1.00123,10812,10.7988
025040107410003168d2a000a00000e2,2,2,4,322,276,603,479,1.00123,10812,10.7988
025040107410003168d2a000a00000e2,2,2,5,322,276,603,479,1.00123,10812,10.7988
025040107410003168d2a000a00000e2,2,2,6,322,276,603,479,1.00123,10812,10.7988
025040107410003168d2a000a00000e2,2,2,7,322,276,603,479,1.00123,10812,10.7988
025040107410003168d2a000a00000e2,2,2,8,322,276,603,479,1.00123,10812,10.7988
025040107410003168d2a000a00000e2,2,2,9,322,276,603,479,1.00123,10812,10.7988
025040107410003168d2a000a00000e2,2,2,10,322,276,603,479,1.00123,10812,10.7988
025040107410003168d2a000a00000e2,2,2,11,322,276,603,479,1.00123,10812,10.7988
025040107410003168d2a000a00000e2,2,2,12,322,276,603,479,1.00123,10812,10.7988
025040107410003168d2a000a00000e2,2,2,13,322,276,603,479,1.00123,10812,10.7988
025040107410003168d2a000a00000e2,2,2,14,322,276,603,479,1.00123,10813,10.7998
025040107410003168d2a000a00000e2,2,2,15,322,276,603,479,1.00123,10813,10.7998
025040107410003168d2a000a00000e2,2,2,16,322,276,603,479,1.00123,10813,10.7998
025040107410003168d2a000a00000e2,2,2,17,322,276,603,479,1.00123,10813,10.7998
025040107410003168d2a000a00000e2,2,2,18,322,276,603,479,1.00123,10813,10.7998
025040107410003168d2a000a00000e2,2,2,19,322,276,603,479,1.00123,10813,10.7998
025040107410003168d2a000a00000e2,2,2,20,322,276,603,479,1.00123,10813,10.7998
025040107410003168d2a000a00000e2,2,2,21,322,276,603,479,1.00123,10813,10.7998
025040107410003168d2a000a00000e2,2,2,22,322,276,603,479,1.00123,10813,10.7998
025040107410003168d2a000a00000e2,2,2,23,322,276,603,479,1.00123,10813,10.7998
025040107410003168d2a000a00000e2,2,2,24,322,276,603,479,1.00123,10813,10.7998
025040107410003168d2a000a00000e2,2,2,25,322,276,603,479,1.00123,10813,10.7998
025040107410003168d2a000a00000e2,2,2,26,322,276,603,479,1.00123,10813,10.7998
025040107410003168d2a000a00000e2,2,2,27,322,276,603,479,1.00123,10813,10.7998
025040107410003168d2a000a00000e2,2,2,28,322,276,603,479,1.00123,10813,10.7998
025040107410003168d2a000a00000e2,2,2,29,322,276,603,479,1.00123,10813,10.7998
025040107410003168d2a000a00000e2,2,2,30,322,276,603,479,1.00123,10813,10.7998
025040107410003168d2a000a00000e2,2,2,31,322,276,603,479,1.00123,10813,10.7998
025040107410003168d2a000a00000e2,2,2,32,322,276,603,479,1.00123,10813,10.7998
025040107410003168d2a000a00000e2,2,2,33,322,276,603,479,1.00123,10813,10.7998
025040107410003168d2a000a00000e2,2,2,34,322,276,603,479,1.00123,10813,10.7998
025040107410003168d2a000a00000e2,2,2,35,322,276,603,479,1.00123,10813,10.7998
025040107410003168d2a000a00000e2,2,2,36,322,276,603,479,1.00123,10813,10.7998
025040107410003168d2a000a00000e2,2,2,37,322,276,603,479,1.00123,10813,10.7998
025040107410003168d2a000a00000e2,2,2,38,322,276,603,479,1.00123,10813,10.7998
025040107410003168d2a000a00000e2,2,2,39,322,276,603,479,1.00123,10813,10.7998
025040107410003168d2a000a00000e2,2,2,40,322,276,603,479,1.00123,10813,10.7998
025040107410003168d2a000a00000e2,2,2,41,322,276,603,479,1.00123,10813,10.7998
025040107410003168d2a000a00000e2,2,2,42,322,276,603,479,1.00123,10813,10.7998
025040107410003168d2a000a00000e2,2,2,43,322,276,603,479,1.00123,10813,10.7998
025040107410003168d2a000a00000e2,2,2,44,322,276,603,479,1.00123,10813,10.7998
025040107410003168d2a000a00000e2,2,2,45,322,276,603,479,1.00123,10813,10.7998
025040107410003168d2a000a00000e2,2,2,46,322,276,603,479,1.00123,10813,10.7998
025040107410003168d2a000a00000e2,2,2,47,322,276,603,479,1.00123,10813,10.7998
025040107410003168d2a000a00000e2,2,2,48,322,276,603,479,1.00123,10813,10.7998
025040107410003168d2a000a00000e2,2,2,49,322,276,603,479,1.00123,10813,10.7998
025040107410003168d2a000a00000e2,2,2,50,322,276,603,479,1.00123,10813,10.7998
025040107410003168d2a000a00000e2,2,2,51,322,276,603,479,1.00123,10812,10.7988
025040107410003168d2a000a00000e2,2,2,52,322,276,603,479,1.00123,10812,10.7988
025040107410003168d2a000a00000e2,2,2,53,322,276,603,479,1.00123,10812,10.7988
025040107410003168d2a000a00000e2,2,2,54,322,276,603,479,1.00123,10812,10.7988
025040107410003168d2a000a00000e2,2,2,55,322,276,603,479,1.00123,10812,10.7988
025040107410003168d2a000a00000e2,2,2,56,322,276,603,479,1.00123,10812,10.7988
025040107410003168d2a000a00000e2,2,2,57,322,276,603,479,1.00123,10812,10.7988
025040107410003168d2a000a00000e2,2,2,58,322,276,603,479,1.00123,10812,10.7988
025040107410003168d2a000a00000e2,2,2,59,322,276,603,479,1.00123,10812,10.7988
025040107410003168d2a000a00000e2,2,2,60,322,276,603,479,1.00123,10812,10.7988
025040107410003168d2a000a00000e2,2,2,61,322,276,603,479,1.00123,10812,10.7988
025040107410003168d2a000a00000e2,2,2,62,322,276,603,479,1.00123,10809,10.7958
025040107410003168d2a000a00000e2,2,2,63,322,276,603,479,1.00123,10812,10.7988
025040107410003168d2a000a00000e2,2,2,0,322,276,604,480,1.00123,10812,10.7988
025040107410003168d2a000a00000e2,2,2,1,322,276,604,480,1.00123,10812,10.7988
025040107410003168d2a000a00000e2,2,2,2,322,276,604,480,1.00123,10812,10.7988
025040107410003168d2a000a00000e2,2,2,3,322,276,604,480,1.00123,10812,10.7988
025040107410003168d2a000a00000e2,2,2,4,322,276,604,480,1.00123,10812,10.7988
025040107410003168d2a000a00000e2,2,2,5,322,276,604,480,1.00123,10812,10.7988
025040107410003168d2a000a00000e2,2,2,6,322,276,604,480,1.00123,10812,10.7988
025040107410003168d2a000a00000e2,2,2,7,322,276,604,480,1.00123,10812,10.7988
025040107410003168d2a000a00000e2,2,2,8,322,276,604,480,1.00123,10812,10.7988
025040107410003168d2a000a00000e2,2,2,9,322,276,604,480,1.00123,10812,10.7988
025040107410003168d2a000a00000e2,2,2,10,322,276,604,480,1.00123,10812,10.7988
025040107410003168d2a000a00000e2,2,2,11,322,276,604,480,1.00123,10812,10.7988
025040107410003168d2a000a00000e2,2,2,12,322,276,604,480,1.00123,10812,10.7988
025040107410003168d2a000a00000e2,2,2,13,322,276,604,480,1.00123,10812,10.7988
025040107410003168d2a000a00000e2,2,2,14,322,276,604,480,1.00123,10812,10.7988
025040107410003168d2a000a00000e2,2,2,15,322,276,604,480,1.00123,10813,10.7998
025040107410003168d2a000a00000e2,2,2,16,322,276,604,480,1.00123,10813,10.7998
025040107410003168d2a000a00000e2,2,2,17,322,276,604,480,1.00123,10813,10.7998
025040107410003168d2a000a00000e2,2,2,18,322,276,604,480,1.00123,10813,10.7998
025040107410003168d2a000a00000e2,2,2,19,322,276,604,480,1.00123,10813,10.7998
025040107410003168d2a000a00000e2,2,2,20,322,276,604,480,1.00123,10813,10.7998
025040107410003168d2a000a00000e2,2,2,21,322,276,604,480,1.00123,10813,10.7998
025040107410003168d2a000a00000e2,2,2,22,322,276,604,480,1.00123,10813,10.7998
025040107410003168d2a000a00000e2,2,2,23,322,276,604,480,1.00123,10813,10.7998
025040107410003168d2a000a00000e2,2,2,24,322,276,604,480,1.00123,10813,10.7998
025040107410003168d2a000a00000e2,2,2,25,322,276,604,480,1.00123,10813,10.7998
025040107410003168d2a000a00000e2,2,2,26,322,276,604,480,1.00123,10813,10.7998
025040107410003168d2a000a00000e2,2,2,27,322,276,604,480,1.00123,10813,10.7998
025040107410003168d2a000a00000e2,2,2,28,322,276,604,480,1.00123,10813,10.7998
025040107410003168d2a000a00000e2,2,2,29,322,276,604,480,1.00123,10813,10.7998
025040107410003168d2a000a00000e2,2,2,30,322,276,604,480,1.00123,10813,10.7998
025040107410003168d2a000a00000e2,2,2,31,322,276,604,480,1.00123,10813,10.7998
025040107410003168d2a000a00000e2,2,2,32,322,276,604,480,1.00123,10813,10.7998
025040107410003168d2a000a00000e2,2,2,33,322,276,604,480,1.00123,10813,10.7998
025040107410003168d2a000a00000e2,2,2,34,322,276,604,480,1.00123,10813,10.7998
025040107410003168d2a000a00000e2,2,2,35,322,276,604,480,1.00123,10813,10.7998
025040107410003168d2a000a00000e2,2,2,36,322,276,604,480,1.00123,10813,10.7998
025040107410003168d2a000a00000e2,2,2,37,322,276,604,480,1.00123,10813,10.7998
025040107410003168d2a000a00000e2,2,2,38,322,276,604,480,1.00123,10813,10.7998
025040107410003168d2a000a00000e2,2,2,39,322,276,604,480,1.00123,10813,10.7998
025040107410003168d2a000a00000e2,2,2,40,322,276,604,480,1.00123,10813,10.7998
025040107410003168d2a000a00000e2,2,2,41,322,276,604,480,1.00123,10813,10.7998
025040107410003168d2a000a00000e2,2,2,42,322,276,604,480,1.00123,10813,10.7998
025040107410003168d2a000a00000e2,2,2,43,322,276,604,480,1.00123,10813,10.7998
025040107410003168d2a000a00000e2,2,2,44,322,276,604,480,1.00123,10813,10.7998
025040107410003168d2a000a00000e2,2,2,45,322,276,604,480,1.00123,10813,10.7998
025040107410003168d2a000a00000e2,2,2,46,322,276,604,480,1.00123,10813,10.7998
025040107410003168d2a000a00000e2,2,2,47,322,276,604,480,1.00123,10813,10.7998
025040107410003168d2a000a00000e2,2,2,48,322,276,604,480,1.00123,10813,10.7998
025040107410003168d2a000a00000e2,2,2,49,322,276,604,480,1.00123,10813,10.7998
025040107410003168d2a000a00000e2,2,2,50,322,276,604,480,1.00123,10813,10.7998
025040107410003168d2a000a00000e2,2,2,51,322,276,604,480,1.00123,10813,10.7998
025040107410003168d2a000a00000e2,2,2,52,322,276,604,480,1.00123,10812,10.7988
025040107410003168d2a000a00000e2,2,2,53,322,276,604,480,1.00123,10812,10.7988
025040107410003168d2a000a00000e2,2,2,54,322,276,604,480,1.00123,10812,10.7988
025040107410003168d2a000a00000e2,2,2,55,322,276,604,480,1.00123,10812,10.7988
025040107410003168d2a000a00000e2,2,2,56,322,276,604,480,1.00123,10812,10.7988
025040107410003168d2a000a00000e2,2,2,57,322,276,604,480,1.00123,10812,10.7988
025040107410003168d2a000a00000e2,2,2,58,322,276,604,480,1.00123,10812,10.7988
025040107410003168d2a000a00000e2,2,2,59,322,276,604,480,1.00123,10812,10.7988
025040107410003168d2a000a00000e2,2,2,60,322,276,604,480,1.00123,10812,10.7988
025040107410003168d2a000a00000e2,2,2,61,322,276,604,480,1.00123,10812,10.7988
025040107410003168d2a000a00000e2,2,2,62,322,276,604,480,1.00123,10808,10.7948
025040107410003168d2a000a00000e2,2,2,63,322,276,604,480,1.00123,10812,10.7988
025040107410003168d2a000a00000e2,2,2,0,322,276,605,481,1.00123,10812,10.7988
025040107410003168d2a000a00000e2,2,2,1,322,276,605,481,1.00123,10812,10.7988
025040107410003168d2a000a00000e2,2,2,2,322,276,605,481,1.00123,10812,10.7988
025040107410003168d2a000a00000e2,2,2,3,322,276,605,481,1.00123,10812,10.7988
025040107410003168d2a000a00000e2,2,2,4,322,276,605,481,1.00123,10812,10.7988
025040107410003168d2a000a00000e2,2,2,5,322,276,605,481,1.00123,10812,10.7988
025040107410003168d2a000a00000e2,2,2,6,322,276,605,481,1.00123,10812,10.7988
025040107410003168d2a000a00000e2,2,2,7,322,276,605,481,1.00123,10812,10.7988
025040107410003168d2a000a00000e2,2,2,8,322,276,605,481,1.00123,10812,10.7988
025040107410003168d2a000a00000e2,2,2,9,322,276,605,481,1.00123,10812,10.7988
025040107410003168d2a000a00000e2,2,2,10,322,276,605,481,1.00123,10812,10.7988
025040107410003168d2a000a00000e2,2,2,11,322,276,605,481,1.00123,10812,10.7988
025040107410003168d2a000a00000e2,2,2,12,322,276,605,481,1.00123,10812,10.7988
025040107410003168d2a000a00000e2,2,2,13,322,276,605,481,1.00123,10812,10.7988
025040107410003168d2a000a00000e2,2,2,14,322,276,605,481,1.00123,10813,10.7998
025040107410003168d2a000a00000e2,2,2,15,322,276,605,481,1.00123,10813,10.7998
025040107410003168d2a000a00000e2,2,2,16,322,276,605,481,1.00123,10813,10.7998
025040107410003168d2a000a00000e2,2,2,17,322,276,605,481,1.00123,10813,10.7998
025040107410003168d2a000a00000e2,2,2,18,322,276,605,481,1.00123,10813,10.7998
025040107410003168d2a000a00000e2,2,2,19,322,276,605,481,1.00123,10813,10.7998
025040107410003168d2a000a00000e2,2,2,20,322,276,605,481,1.00123,10813,10.7998
025040107410003168d2a000a00000e2,2,2,21,322,276,605,481,1.00123,10813,10.7998
025040107410003168d2a000a00000e2,2,2,22,322,276,605,481,1.00123,10813,10.7998
025040107410003168d2a000a00000e2,2,2,23,322,276,605,481,1.00123,10813,10.7998
025040107410003168d2a000a00000e2,2,2,24,322,276,605,481,1.00123,10813,10.7998
025040107410003168d2a000a00000e2,2,2,25,322,276,605,481,1.00123,10813,10.7998
025040107410003168d2a000a00000e2,2,2,26,322,276,605,481,1.00123,10813,10.7998
025040107410003168d2a000a00000e2,2,2,27,322,276,605,481,1.00123,10813,10.7998
025040107410003168d2a000a00000e2,2,2,28,322,276,605,481,1.00123,10813,10.7998
025040107410003168d2a000a00000e2,2,2,29,322,276,605,481,1.00123,10813,10.7998
025040107410003168d2a000a00000e2,2,2,30,322,276,605,481,1.00123,10813,10.7998
025040107410003168d2a000a00000e2,2,2,31,322,276,605,481,1.00123,10813,10.7998
025040107410003168d2a000a00000e2,2,2,32,322,276,605,481,1.00123,10813,10.7998
025040107410003168d2a000a00000e2,2,2,33,322,276,605,481,1.00123,10813,10.7998
025040107410003168d2a000a00000e2,2,2,34,322,276,605,481,1.00123,10813,10.7998
025040107410003168d2a000a00000e2,2,2,35,322,276,605,481,1.00123,10813,10.7998
025040107410003168d2a000a00000e2,2,2,36,322,276,605,481,1.00123,10813,10.7998
025040107410003168d2a000a00000e2,2,2,37,322,276,605,481,1.00123,10813,10.7998
025040107410003168d2a000a00000e2,2,2,38,322,276,605,481,1.00123,10813,10.7998
025040107410003168d2a000a00000e2,2,2,39,322,276,605,481,1.00123,10813,10.7998
025040107410003168d2a000a00000e2,2,2,40,322,276,605,481,1.00123,10813,10.7998
025040107410003168d2a000a00000e2,2,2,41,322,276,605,481,1.00123,10813,10.7998
025040107410003168d2a000a00000e2,2,2,42,322,276,605,481,1.00123,10813,10.7998
025040107410003168d2a000a00000e2,2,2,43,322,276,605,481,1.00123,10813,10.7998
025040107410003168d2a000a00000e2,2,2,44,322,276,605,481,1.00123,10813,10.7998
025040107410003168d2a000a00000e2,2,2,45,322,276,605,481,1.00123,10813,10.7998
025040107410003168d2a000a00000e2,2,2,46,322,276,605,481,1.00123,10813,10.7998
025040107410003168d2a000a00000e2,2,2,47,322,276,605,481,1.00123,10813,10.7998
025040107410003168d2a000a00000e2,2,2,48,322,276,605,481,1.00123,10813,10.7998
025040107410003168d2a000a00000e2,2,2,49,322,276,605,481,1.00123,10813,10.7998
025040107410003168d2a000a00000e2,2,2,50,322,276,605,481,1.00123,10813,10.7998
025040107410003168d2a000a00000e2,2,2,51,322,276,605,481,1.00123,10812,10.7988
025040107410003168d2a000a00000e2,2,2,52,322,276,605,481,1.00123,10812,10.7988
025040107410003168d2a000a00000e2,2,2,53,322,276,605,481,1.00123,10812,10.7988
025040107410003168d2a000a00000e2,2,2,54,322,276,605,481,1.00123,10812,10.7988
025040107410003168d2a000a00000e2,2,2,55,322,276,605,481,1.00123,10812,10.7988
025040107410003168d2a000a00000e2,2,2,56,322,276,605,481,1.00123,10812,10.7988
025040107410003168d2a000a00000e2,2,2,57,322,276,605,481,1.00123,10812,10.7988
025040107410003168d2a000a00000e2,2,2,58,322,276,605,481,1.00123,10812,10.7988
025040107410003168d2a000a00000e2,2,2,59,322,276,605,481,1.00123,10812,10.7988
025040107410003168d2a000a00000e2,2,2,60,322,276,605,481,1.00123,10812,10.7988
025040107410003168d2a000a00000e2,2,2,61,322,276,605,481,1.00123,10812,10.7988
025040107410003168d2a000a00000e2,2,2,62,322,276,605,481,1.00123,10809,10.7958
025040107410003168d2a000a00000e2,2,2,63,322,276,605,481,1.00123,10812,10.7988
025040107410003168d2a000a00000e2,2,2,0,322,276,606,482,1.00123,10788,10.7748
025040107410003168d2a000a00000e2,2,2,1,322,276,606,482,1.00123,10788,10.7748
025040107410003168d2a000a00000e2,2,2,2,322,276,606,482,1.00123,10788,10.7748
025040107410003168d2a000a00000e2,2,2,3,322,276,606,482,1.00123,10788,10.7748
025040107410003168d2a000a00000e2,2,2,4,322,276,606,482,1.00123,10788,10.7748
025040107410003168d2a000a00000e2,2,2,5,322,276,606,482,1.00123,10788,10.7748
025040107410003168d2a000a00000e2,2,2,6,322,276,606,482,1.00123,10788,10.7748
025040107410003168d2a000a00000e2,2,2,7,322,276,606,482,1.00123,10788,10.7748
025040107410003168d2a000a00000e2,2,2,8,322,276,606,482,1.00123,10788,10.7748
025040107410003168d2a000a00000e2,2,2,9,322,276,606,482,1.00123,10788,10.7748
025040107410003168d2a000a00000e2,2,2,10,322,276,606,482,1.00123,10788,10.7748
025040107410003168d2a000a00000e2,2,2,11,322,276,606,482,1.00123,10788,10.7748
025040107410003168d2a000a00000e2,2,2,12,322,276,606,482,1.00123,10789,10.7758
025040107410003168d2a000a00000e2,2,2,13,322,276,606,482,1.00123,10789,10.7758
025040107410003168d2a000a00000e2,2,2,14,322,276,606,482,1.00123,10789,10.7758
025040107410003168d2a000a00000e2,2,2,15,322,276,606,482,1.00123,10790,10.7768
025040107410003168d2a000a00000e2,2,2,16,322,276,606,482,1.00123,10790,10.7768
025040107410003168d2a000a00000e2,2,2,17,322,276,606,482,1.00123,10790,10.7768
025040107410003168d2a000a00000e2,2,2,18,322,276,606,482,1.00123,10790,10.7768
025040107410003168d2a000a00000e2,2,2,19,322,276,606,482,1.00123,10790,10.7768
025040107410003168d2a000a00000e2,2,2,20,322,276,606,482,1.00123,10790,10.7768
025040107410003168d2a000a00000e2,2,2,21,322,276,606,482,1.00123,10790,10.7768
025040107410003168d2a000a00000e2,2,2,22,322,276,606,482,1.00123,10790,10.7768
025040107410003168d2a000a00000e2,2,2,23,322,276,606,482,1.00123,10790,10.7768
025040107410003168d2a000a00000e2,2,2,24,322,276,606,482,1.00123,10790,10.7768
025040107410003168d2a000a00000e2,2,2,25,322,276,606,482,1.00123,10790,10.7768
025040107410003168d2a000a00000e2,2,2,26,322,276,606,482,1.00123,10790,10.7768
025040107410003168d2a000a00000e2,2,2,27,322,276,606,482,1.00123,10790,10.7768
025040107410003168d2a000a00000e2,2,2,28,322,276,606,482,1.00123,10790,10.7768
025040107410003168d2a000a00000e2,2,2,29,322,276,606,482,1.00123,10790,10.7768
025040107410003168d2a000a00000e2,2,2,30,322,276,606,482,1.00123,10790,10.7768
025040107410003168d2a000a00000e2,2,2,31,322,276,606,482,1.00123,10790,10.7768
025040107410003168d2a000a00000e2,2,2,32,322,276,606,482,1.00123,10790,10.7768
025040107410003168d2a000a00000e2,2,2,33,322,276,606,482,1.00123,10790,10.7768
025040107410003168d2a000a00000e2,2,2,34,322,276,606,482,1.00123,10790,10.7768
025040107410003168d2a000a00000e2,2,2,35,322,276,606,482,1.00123,10790,10.7768
025040107410003168d2a000a00000e2,2,2,36,322,276,606,482,1.00123,10790,10.7768
025040107410003168d2a000a00000e2,2,2,37,322,276,606,482,1.00123,10790,10.7768
025040107410003168d2a000a00000e2,2,2,38,322,276,606,482,1.00123,10790,10.7768
025040107410003168d2a000a00000e2,2,2,39,322,276,606,482,1.00123,10790,10.7768
025040107410003168d2a000a00000e2,2,2,40,322,276,606,482,1.00123,10790,10.7768
025040107410003168d2a000a00000e2,2,2,41,322,276,606,482,1.00123,10790,10.7768
025040107410003168d2a000a00000e2,2,2,42,322,276,606,482,1.00123,10790,10.7768
025040107410003168d2a000a00000e2,2,2,43,322,276,606,482,1.00123,10790,10.7768
025040107410003168d2a000a00000e2,2,2,44,322,276,606,482,1.00123,10790,10.7768
025040107410003168d2a000a00000e2,2,2,45,322,276,606,482,1.00123,10790,10.7768
025040107410003168d2a000a00000e2,2,2,46,322,276,606,482,1.00123,10790,10.7768
025040107410003168d2a000a00000e2,2,2,47,322,276,606,482,1.00123,10790,10.7768
025040107410003168d2a000a00000e2,2,2,48,322,276,606,482,1.00123,10790,10.7768
025040107410003168d2a000a00000e2,2,2,49,322,276,606,482,1.00123,10790,10.7768
025040107410003168d2a000a00000e2,2,2,50,322,276,606,482,1.00123,10790,10.7768
025040107410003168d2a000a00000e2,2,2,51,322,276,606,482,1.00123,10790,10.7768
025040107410003168d2a000a00000e2,2,2,52,322,276,606,482,1.00123,10790,10.7768
025040107410003168d2a000a00000e2,2,2,53,322,276,606,482,1.00123,10790,10.7768
025040107410003168d2a000a00000e2,2,2,54,322,276,606,482,1.00123,10790,10.7768
025040107410003168d2a000a00000e2,2,2,55,322,276,606,482,1.00123,10790,10.7768
025040107410003168d2a000a00000e2,2,2,56,322,276,606,482,1.00123,10789,10.7758
025040107410003168d2a000a00000e2,2,2,57,322,276,606,482,1.00123,10789,10.7758
025040107410003168d2a000a00000e2,2,2,58,322,276,606,482,1.00123,10789,10.7758
025040107410003168d2a000a00000e2,2,2,59,322,276,606,482,1.00123,10789,10.7758
025040107410003168d2a000a00000e2,2,2,60,322,276,606,482,1.00123,10789,10.7758
025040107410003168d2a000a00000e2,2,2,61,322,276,606,482,1.00123,10789,10.7758
025040107410003168d2a000a00000e2,2,2,62,322,276,606,482,1.00123,10781,10.7678
025040107410003168d2a000a00000e2,2,2,63,322,276,606,482,1.00123,10789,10.7758
025040107410003168d2a000a00000e2,2,2,0,322,276,607,483,1.00123,10788,10.7748
025040107410003168d2a000a00000e2,2,2,1,322,276,607,483,1.00123,10788,10.7748
025040107410003168d2a000a00000e2,2,2,2,322,276,607,483,1.00123,10788,10.7748
025040107410003168d2a000a00000e2,2,2,3,322,276,607,483,1.00123,10788,10.7748
025040107410003168d2a000a00000e2,2,2,4,322,276,607,483,1.00123,10788,10.7748
025040107410003168d2a000a00000e2,2,2,5,322,276,607,483,1.00123,10788,10.7748
025040107410003168d2a000a00000e2,2,2,6,322,276,607,483,1.00123,10788,10.7748
025040107410003168d2a000a00000e2,2,2,7,322,276,607,483,1.00123,10788,10.7748
025040107410003168d2a000a00000e2,2,2,8,322,276,607,483,1.00123,10788,10.7748
025040107410003168d2a000a00000e2,2,2,9,322,276,607,483,1.00123,10788,10.7748
025040107410003168d2a000a00000e2,2,2,10,322,276,607,483,1.00123,10788,10.7748
025040107410003168d2a000a00000e2,2,2,11,322,276,607,483,1.00123,10788,10.7748
025040107410003168d2a000a00000e2,2,2,12,322,276,607,483,1.00123,10789,10.7758
025040107410003168d2a000a00000e2,2,2,13,322,276,607,483,1.00123,10789,10.7758
025040107410003168d2a000a00000e2,2,2,14,322,276,607,483,1.00123,10789,10.7758
025040107410003168d2a000a00000e2,2,2,15,322,276,607,483,1.00123,10790,10.7768
025040107410003168d2a000a00000e2,2,2,16,322,276,607,483,1.00123,10790,10.7768
025040107410003168d2a000a00000e2,2,2,17,322,276,607,483,1.00123,10790,10.7768
025040107410003168d2a000a00000e2,2,2,18,322,276,607,483,1.00123,10790,10.7768
025040107410003168d2a000a00000e2,2,2,19,322,276,607,483,1.00123,10790,10.7768
025040107410003168d2a000a00000e2,2,2,20,322,276,607,483,1.00123,10790,10.7768
025040107410003168d2a000a00000e2,2,2,21,322,276,607,483,1.00123,10790,10.7768
025040107410003168d2a000a00000e2,2,2,22,322,276,607,483,1.00123,10790,10.7768
025040107410003168d2a000a00000e2,2,2,23,322,276,607,483,1.00123,10790,10.7768
025040107410003168d2a000a00000e2,2,2,24,322,276,607,483,1.00123,10790,10.7768
025040107410003168d2a000a00000e2,2,2,25,322,276,607,483,1.00123,10790,10.7768
025040107410003168d2a000a00000e2,2,2,26,322,276,607,483,1.00123,10790,10.7768
025040107410003168d2a000a00000e2,2,2,27,322,276,607,483,1.00123,10790,10.7768
025040107410003168d2a000a00000e2,2,2,28,322,276,607,483,1.00123,10790,10.7768
025040107410003168d2a000a00000e2,2,2,29,322,276,607,483,1.00123,10790,10.7768
025040107410003168d2a000a00000e2,2,2,30,322,276,607,483,1.00123,10790,10.7768
025040107410003168d2a000a00000e2,2,2,31,322,276,607,483,1.00123,10790,10.7768
025040107410003168d2a000a00000e2,2,2,32,322,276,607,483,1.00123,10790,10.7768
025040107410003168d2a000a00000e2,2,2,33,322,276,607,483,1.00123,10790,10.7768
025040107410003168d2a000a00000e2,2,2,34,322,276,607,483,1.00123,10790,10.7768
025040107410003168d2a000a00000e2,2,2,35,322,276,607,483,1.00123,10790,10.7768
025040107410003168d2a000a00000e2,2,2,36,322,276,607,483,1.00123,10790,10.7768
025040107410003168d2a000a00000e2,2,2,37,322,276,607,483,1.00123,10790,10.7768
025040107410003168d2a000a00000e2,2,2,38,322,276,607,483,1.00123,10790,10.7768
025040107410003168d2a000a00000e2,2,2,39,322,276,607,483,1.00123,10790,10.7768
025040107410003168d2a000a00000e2,2,2,40,322,276,607,483,1.00123,10790,10.7768
025040107410003168d2a000a00000e2,2,2,41,322,276,607,483,1.00123,10790,10.7768
025040107410003168d2a000a00000e2,2,2,42,322,276,607,483,1.00123,10790,10.7768
025040107410003168d2a000a00000e2,2,2,43,322,276,607,483,1.00123,10790,10.7768
025040107410003168d2a000a00000e2,2,2,44,322,276,607,483,1.00123,10790,10.7768
025040107410003168d2a000a00000e2,2,2,45,322,276,607,483,1.00123,10790,10.7768
025040107410003168d2a000a00000e2,2,2,46,322,276,607,483,1.00123,10790,10.7768
025040107410003168d2a000a00000e2,2,2,47,322,276,607,483,1.00123,10790,10.7768
025040107410003168d2a000a00000e2,2,2,48,322,276,607,483,1.00123,10790,10.7768
025040107410003168d2a000a00000e2,2,2,49,322,276,607,483,1.00123,10790,10.7768
025040107410003168d2a000a00000e2,2,2,50,322,276,607,483,1.00123,10790,10.7768
025040107410003168d2a000a00000e2,2,2,51,322,276,607,483,1.00123,10790,10.7768
025040107410003168d2a000a00000e2,2,2,52,322,276,607,483,1.00123,10789,10.7758
025040107410003168d2a000a00000e2,2,2,53,322,276,607,483,1.00123,10789,10.7758
025040107410003168d2a000a00000e2,2,2,54,322,276,607,483,1.00123,10789,10.7758
025040107410003168d2a000a00000e2,2,2,55,322,276,607,483,1.00123,10789,10.7758
025040107410003168d2a000a00000e2,2,2,56,322,276,607,483,1.00123,10789,10.7758
025040107410003168d2a000a00000e2,2,2,57,322,276,607,483,1.00123,10789,10.7758
025040107410003168d2a000a00000e2,2,2,58,322,276,607,483,1.00123,10789,10.7758
025040107410003168d2a000a00000e2,2,2,59,322,276,607,483,1.00123,10789,10.7758
025040107410003168d2a000a00000e2,2,2,60,322,276,607,483,1.00123,10789,10.7758
025040107410003168d2a000a00000e2,2,2,61,322,276,607,483,1.00123,10789,10.7758
025040107410003168d2a000a00000e2,2,2,62,322,276,607,483,1.00123,10785,10.7718
025040107410003168d2a000a00000e2,2,2,63,322,276,607,483,1.00123,10789,10.7758
025040107410003168d2a000a00000e2,2,2,0,322,276,608,483,1.00123,10812,10.7988
025040107410003168d2a000a00000e2,2,2,1,322,276,608,483,1.00123,10812,10.7988
025040107410003168d2a000a00000e2,2,2,2,322,276,608,483,1.00123,10812,10.7988
025040107410003168d2a000a00000e2,2,2,3,322,276,608,483,1.00123,10812,10.7988
025040107410003168d2a000a00000e2,2,2,4,322,276,608,483,1.00123,10812,10.7988
025040107410003168d2a000a00000e2,2,2,5,322,276,608,483,1.00123,10812,10.7988
025040107410003168d2a000a00000e2,2,2,6,322,276,608,483,1.00123,10812,10.7988
025040107410003168d2a000a00000e2,2,2,7,322,276,608,483,1.00123,10812,10.7988
025040107410003168d2a000a00000e2,2,2,8,322,276,608,483,1.00123,10812,10.7988
025040107410003168d2a000a00000e2,2,2,9,322,276,608,483,1.00123,10812,10.7988
025040107410003168d2a000a00000e2,2,2,10,322,276,608,483,1.00123,10812,10.7988
025040107410003168d2a000a00000e2,2,2,11,322,276,608,483,1.00123,10812,10.7988
025040107410003168d2a000a00000e2,2,2,12,322,276,608,483,1.00123,10813,10.7998
025040107410003168d2a000a00000e2,2,2,13,322,276,608,483,1.00123,10813,10.7998
025040107410003168d2a000a00000e2,2,2,14,322,276,608,483,1.00123,10813,10.7998
025040107410003168d2a000a00000e2,2,2,15,322,276,608,483,1.00123,10813,10.7998
025040107410003168d2a000a00000e2,2,2,16,322,276,608,483,1.00123,10813,10.7998
025040107410003168d2a000a00000e2,2,2,17,322,276,608,483,1.00123,10813,10.7998
025040107410003168d2a000a00000e2,2,2,18,322,276,608,483,1.00123,10813,10.7998
025040107410003168d2a000a00000e2,2,2,19,322,276,608,483,1.00123,10813,10.7998
025040107410003168d2a000a00000e2,2,2,20,322,276,608,483,1.00123,10813,10.7998
025040107410003168d2a000a00000e2,2,2,21,322,276,608,483,1.00123,10813,10.7998
025040107410003168d2a000a00000e2,2,2,22,322,276,608,483,1.00123,10813,10.7998
025040107410003168d2a000a00000e2,2,2,23,322,276,608,483,1.00123,10813,10.7998
025040107410003168d2a000a00000e2,2,2,24,322,276,608,483,1.00123,10813,10.7998
025040107410003168d2a000a00000e2,2,2,25,322,276,608,483,1.00123,10813,10.7998
025040107410003168d2a000a00000e2,2,2,26,322,276,608,483,1.00123,10813,10.7998
025040107410003168d2a000a00000e2,2,2,27,322,276,608,483,1.00123,10813,10.7998
025040107410003168d2a000a00000e2,2,2,28,322,276,608,483,1.00123,10813,10.7998
025040107410003168d2a000a00000e2,2,2,29,322,276,608,483,1.00123,10813,10.7998
025040107410003168d2a000a00000e2,2,2,30,322,276,608,483,1.00123,10813,10.7998
025040107410003168d2a000a00000e2,2,2,31,322,276,608,483,1.00123,10813,10.7998
025040107410003168d2a000a00000e2,2,2,32,322,276,608,483,1.00123,10813,10.7998
025040107410003168d2a000a00000e2,2,2,33,322,276,608,483,1.00123,10813,10.7998
025040107410003168d2a000a00000e2,2,2,34,322,276,608,483,1.00123,10813,10.7998
025040107410003168d2a000a00000e2,2,2,35,322,276,608,483,1.00123,10813,10.7998
025040107410003168d2a000a00000e2,2,2,36,322,276,608,483,1.00123,10813,10.7998
025040107410003168d2a000a00000e2,2,2,37,322,276,608,483,1.00123,10813,10.7998
025040107410003168d2a000a00000e2,2,2,38,322,276,608,483,1.00123,10813,10.7998
025040107410003168d2a000a00000e2,2,2,39,322,276,608,483,1.00123,10813,10.7998
025040107410003168d2a000a00000e2,2,2,40,322,276,608,483,1.00123,10813,10.7998
025040107410003168d2a000a00000e2,2,2,41,322,276,608,483,1.00123,10813,10.7998
025040107410003168d2a000a00000e2,2,2,42,322,276,608,483,1.00123,10813,10.7998
025040107410003168d2a000a00000e2,2,2,43,322,276,608,483,1.00123,10813,10.7998
025040107410003168d2a000a00000e2,2,2,44,322,276,608,483,1.00123,10811,10.7978
025040107410003168d2a000a00000e2,2,2,45,322,276,608,483,1.00123,10813,10.7998
025040107410003168d2a000a00000e2,2,2,46,322,276,608,483,1.00123,10813,10.7998
025040107410003168d2a000a00000e2,2,2,47,322,276,608,483,1.00123,10813,10.7998
025040107410003168d2a000a00000e2,2,2,48,322,276,608,483,1.00123,10813,10.7998
025040107410003168d2a000a00000e2,2,2,49,322,276,608,483,1.00123,10813,10.7998
025040107410003168d2a000a00000e2,2,2,50,322,276,608,483,1.00123,10813,10.7998
025040107410003168d2a000a00000e2,2,2,51,322,276,608,483,1.00123,10813,10.7998
025040107410003168d2a000a00000e2,2,2,52,322,276,608,483,1.00123,10812,10.7988
025040107410003168d2a000a00000e2,2,2,53,322,276,608,483,1.00123,10813,10.7998
025040107410003168d2a000a00000e2,2,2,54,322,276,608,483,1.00123,10813,10.7998
025040107410003168d2a000a00000e2,2,2,55,322,276,608,483,1.00123,10813,10.7998
025040107410003168d2a000a00000e2,2,2,56,322,276,608,483,1.00123,10813,10.7998
025040107410003168d2a000a00000e2,2,2,57,322,276,608,483,1.00123,10812,10.7988
025040107410003168d2a000a00000e2,2,2,58,322,276,608,483,1.00123,10812,10.7988
025040107410003168d2a000a00000e2,2,2,59,322,276,608,483,1.00123,10812,10.7988
025040107410003168d2a000a00000e2,2,2,60,322,276,608,483,1.00123,10812,10.7988
025040107410003168d2a000a00000e2,2,2,61,322,276,608,483,1.00123,10812,10.7988
025040107410003168d2a000a00000e2,2,2,62,322,276,608,483,1.00123,10806,10.7928
025040107410003168d2a000a00000e2,2,2,63,322,276,608,483,1.00123,10812,10.7988
025040107410003168d2a000a00000e2,2,2,0,322,276,609,484,1.00123,10812,10.7988
025040107410003168d2a000a00000e2,2,2,1,322,276,609,484,1.00123,10812,10.7988
025040107410003168d2a000a00000e2,2,2,2,322,276,609,484,1.00123,10812,10.7988
025040107410003168d2a000a00000e2,2,2,3,322,276,609,484,1.00123,10812,10.7988
025040107410003168d2a000a00000e2,2,2,4,322,276,609,484,1.00123,10812,10.7988
025040107410003168d2a000a00000e2,2,2,5,322,276,609,484,1.00123,10812,10.7988
025040107410003168d2a000a00000e2,2,2,6,322,276,609,484,1.00123,10812,10.7988
025040107410003168d2a000a00000e2,2,2,7,322,276,609,484,1.00123,10812,10.7988
025040107410003168d2a000a00000e2,2,2,8,322,276,609,484,1.00123,10812,10.7988
025040107410003168d2a000a00000e2,2,2,9,322,276,609,484,1.00123,10812,10.7988
025040107410003168d2a000a00000e2,2,2,10,322,276,609,484,1.00123,10812,10.7988
025040107410003168d2a000a00000e2,2,2,11,322,276,609,484,1.00123,10812,10.7988
025040107410003168d2a000a00000e2,2,2,12,322,276,609,484,1.00123,10812,10.7988
025040107410003168d2a000a00000e2,2,2,13,322,276,609,484,1.00123,10812,10.7988
025040107410003168d2a000a00000e2,2,2,14,322,276,609,484,1.00123,10812,10.7988
025040107410003168d2a000a00000e2,2,2,15,322,276,609,484,1.00123,10813,10.7998
025040107410003168d2a000a00000e2,2,2,16,322,276,609,484,1.00123,10813,10.7998
025040107410003168d2a000a00000e2,2,2,17,322,276,609,484,1.00123,10813,10.7998
025040107410003168d2a000a00000e2,2,2,18,322,276,609,484,1.00123,10813,10.7998
025040107410003168d2a000a00000e2,2,2,19,322,276,609,484,1.00123,10813,10.7998
025040107410003168d2a000a00000e2,2,2,20,322,276,609,484,1.00123,10813,10.7998
025040107410003168d2a000a00000e2,2,2,21,322,276,609,484,1.00123,10813,10.7998
025040107410003168d2a000a00000e2,2,2,22,322,276,609,484,1.00123,10813,10.7998
025040107410003168d2a000a00000e2,2,2,23,322,276,609,484,1.00123,10813,10.7998
025040107410003168d2a000a00000e2,2,2,24,322,276,609,484,1.00123,10813,10.7998
025040107410003168d2a000a00000e2,2,2,25,322,276,609,484,1.00123,10813,10.7998
025040107410003168d2a000a00000e2,2,2,26,322,276,609,484,1.00123,10813,10.7998
025040107410003168d2a000a00000e2,2,2,27,322,276,609,484,1.00123,10813,10.7998
025040107410003168d2a000a00000e2,2,2,28,322,276,609,484,1.00123,10813,10.7998
025040107410003168d2a000a00000e2,2,2,29,322,276,609,484,1.00123,10813,10.7998
025040107410003168d2a000a00000e2,2,2,30,322,276,609,484,1.00123,10813,10.7998
025040107410003168d2a000a00000e2,2,2,31,322,276,609,484,1.00123,10813,10.7998
025040107410003168d2a000a00000e2,2,2,32,322,276,609,484,1.00123,10813,10.7998
025040107410003168d2a000a00000e2,2,2,33,322,276,609,484,1.00123,10813,10.7998
025040107410003168d2a000a00000e2,2,2,34,322,276,609,484,1.00123,10813,10.7998
025040107410003168d2a000a00000e2,2,2,35,322,276,609,484,1.00123,10813,10.7998
025040107410003168d2a000a00000e2,2,2,36,322,276,609,484,1.00123,10813,10.7998
025040107410003168d2a000a00000e2,2,2,37,322,276,609,484,1.00123,10813,10.7998
025040107410003168d2a000a00000e2,2,2,38,322,276,609,484,1.00123,10813,10.7998
025040107410003168d2a000a00000e2,2,2,39,322,276,609,484,1.00123,10813,10.7998
025040107410003168d2a000a00000e2,2,2,40,322,276,609,484,1.00123,10813,10.7998
025040107410003168d2a000a00000e2,2,2,41,322,276,609,484,1.00123,10813,10.7998
025040107410003168d2a000a00000e2,2,2,42,322,276,609,484,1.00123,10813,10.7998
025040107410003168d2a000a00000e2,2,2,43,322,276,609,484,1.00123,10813,10.7998
025040107410003168d2a000a00000e2,2,2,44,322,276,609,484,1.00123,10812,10.7988
025040107410003168d2a000a00000e2,2,2,45,322,276,609,484,1.00123,10813,10.7998
025040107410003168d2a000a00000e2,2,2,46,322,276,609,484,1.00123,10813,10.7998
025040107410003168d2a000a00000e2,2,2,47,322,276,609,484,1.00123,10813,10.7998
025040107410003168d2a000a00000e2,2,2,48,322,276,609,484,1.00123,10813,10.7998
025040107410003168d2a000a00000e2,2,2,49,322,276,609,484,1.00123,10813,10.7998
025040107410003168d2a000a00000e2,2,2,50,322,276,609,484,1.00123,10813,10.7998
025040107410003168d2a000a00000e2,2,2,51,322,276,609,484,1.00123,10813,10.7998
025040107410003168d2a000a00000e2,2,2,52,322,276,609,484,1.00123,10813,10.7998
025040107410003168d2a000a00000e2,2,2,53,322,276,609,484,1.00123,10813,10.7998
025040107410003168d2a000a00000e2,2,2,54,322,276,609,484,1.00123,10813,10.7998
025040107410003168d2a000a00000e2,2,2,55,322,276,609,484,1.00123,10813,10.7998
025040107410003168d2a000a00000e2,2,2,56,322,276,609,484,1.00123,10813,10.7998
025040107410003168d2a000a00000e2,2,2,57,322,276,609,484,1.00123,10813,10.7998
025040107410003168d2a000a00000e2,2,2,58,322,276,609,484,1.00123,10813,10.7998
025040107410003168d2a000a00000e2,2,2,59,322,276,609,484,1.00123,10813,10.7998
025040107410003168d2a000a00000e2,2,2,60,322,276,609,484,1.00123,10813,10.7998
025040107410003168d2a000a00000e2,2,2,61,322,276,609,484,1.00123,10813,10.7998
025040107410003168d2a000a00000e2,2,2,62,322,276,609,484,1.00123,10798,10.7848
025040107410003168d2a000a00000e2,2,2,63,322,276,609,484,1.00123,10813,10.7998
025040107410003168d2a000a00000e2,2,2,0,322,276,610,485,1.00123,10836,10.8227
025040107410003168d2a000a00000e2,2,2,1,322,276,610,485,1.00123,10836,10.8227
025040107410003168d2a000a00000e2,2,2,2,322,276,610,485,1.00123,10836,10.8227
025040107410003168d2a000a00000e2,2,2,3,322,276,610,485,1.00123,10836,10.8227
025040107410003168d2a000a00000e2,2,2,4,322,276,610,485,1.00123,10836,10.8227
025040107410003168d2a000a00000e2,2,2,5,322,276,610,485,1.00123,10836,10.8227
025040107410003168d2a000a00000e2,2,2,6,322,276,610,485,1.00123,10836,10.8227
025040107410003168d2a000a00000e2,2,2,7,322,276,610,485,1.00123,10836,10.8227
025040107410003168d2a000a00000e2,2,2,8,322,276,610,485,1.00123,10836,10.8227
025040107410003168d2a000a00000e2,2,2,9,322,276,610,485,1.00123,10836,10.8227
025040107410003168d2a000a00000e2,2,2,10,322,276,610,485,1.00123,10836,10.8227
025040107410003168d2a000a00000e2,2,2,11,322,276,610,485,1.00123,10836,10.8227
025040107410003168d2a000a00000e2,2,2,12,322,276,610,485,1.00123,10836,10.8227
025040107410003168d2a000a00000e2,2,2,13,322,276,610,485,1.00123,10836,10.8227
025040107410003168d2a000a00000e2,2,2,14,322,276,610,485,1.00123,10836,10.8227
025040107410003168d2a000a00000e2,2,2,15,322,276,610,485,1.00123,10836,10.8227
025040107410003168d2a000a00000e2,2,2,16,322,276,610,485,1.00123,10836,10.8227
025040107410003168d2a000a00000e2,2,2,17,322,276,610,485,1.00123,10836,10.8227
025040107410003168d2a000a00000e2,2,2,18,322,276,610,485,1.00123,10836,10.8227
025040107410003168d2a000a00000e2,2,2,19,322,276,610,485,1.00123,10836,10.8227
025040107410003168d2a000a00000e2,2,2,20,322,276,610,485,1.00123,10836,10.8227
025040107410003168d2a000a00000e2,2,2,21,322,276,610,485,1.00123,10836,10.8227
025040107410003168d2a000a00000e2,2,2,22,322,276,610,485,1.00123,10836,10.8227
025040107410003168d2a000a00000e2,2,2,23,322,276,610,485,1.00123,10836,10.8227
025040107410003168d2a000a00000e2,2,2,24,322,276,610,485,1.00123,10836,10.8227
025040107410003168d2a000a00000e2,2,2,25,322,276,610,485,1.00123,10836,10.8227
025040107410003168d2a000a00000e2,2,2,26,322,276,610,485,1.00123,10836,10.8227
025040107410003168d2a000a00000e2,2,2,27,322,276,610,485,1.00123,10836,10.8227
025040107410003168d2a000a00000e2,2,2,28,322,276,610,485,1.00123,10836,10.8227
025040107410003168d2a000a00000e2,2,2,29,322,276,610,485,1.00123,10836,10.8227
025040107410003168d2a000a00000e2,2,2,30,322,276,610,485,1.00123,10836,10.8227
025040107410003168d2a000a00000e2,2,2,31,322,276,610,485,1.00123,10836,10.8227
025040107410003168d2a000a00000e2,2,2,32,322,276,610,485,1.00123,10836,10.8227
025040107410003168d2a000a00000e2,2,2,33,322,276,610,485,1.00123,10836,10.8227
025040107410003168d2a000a00000e2,2,2,34,322,276,610,485,1.00123,10836,10.8227
025040107410003168d2a000a00000e2,2,2,35,322,276,610,485,1.00123,10836,10.8227
025040107410003168d2a000a00000e2,2,2,36,322,276,610,485,1.00123,10836,10.8227
025040107410003168d2a000a00000e2,2,2,37,322,276,610,485,1.00123,10836,10.8227
025040107410003168d2a000a00000e2,2,2,38,322,276,610,485,1.00123,10836,10.8227
025040107410003168d2a000a00000e2,2,2,39,322,276,610,485,1.00123,10836,10.8227
025040107410003168d2a000a00000e2,2,2,40,322,276,610,485,1.00123,10836,10.8227
025040107410003168d2a000a00000e2,2,2,41,322,276,610,485,1.00123,10836,10.8227
025040107410003168d2a000a00000e2,2,2,42,322,276,610,485,1.00123,10836,10.8227
025040107410003168d2a000a00000e2,2,2,43,322,276,610,485,1.00123,10836,10.8227
025040107410003168d2a000a00000e2,2,2,44,322,276,610,485,1.00123,10835,10.8217
025040107410003168d2a000a00000e2,2,2,45,322,276,610,485,1.00123,10836,10.8227
025040107410003168d2a000a00000e2,2,2,46,322,276,610,485,1.00123,10836,10.8227
025040107410003168d2a000a00000e2,2,2,47,322,276,610,485,1.00123,10836,10.8227
025040107410003168d2a000a00000e2,2,2,48,322,276,610,485,1.00123,10836,10.8227
025040107410003168d2a000a00000e2,2,2,49,322,276,610,485,1.00123,10836,10.8227
025040107410003168d2a000a00000e2,2,2,50,322,276,610,485,1.00123,10836,10.8227
025040107410003168d2a000a00000e2,2,2,51,322,276,610,485,1.00123,10836,10.8227
025040107410003168d2a000a00000e2,2,2,52,322,276,610,485,1.00123,10835,10.8217
025040107410003168d2a000a00000e2,2,2,53,322,276,610,485,1.00123,10836,10.8227
025040107410003168d2a000a00000e2,2,2,54,322,276,610,485,1.00123,10836,10.8227
025040107410003168d2a000a00000e2,2,2,55,322,276,610,485,1.00123,10836,10.8227
025040107410003168d2a000a00000e2,2,2,56,322,276,610,485,1.00123,10836,10.8227
025040107410003168d2a000a00000e2,2,2,57,322,276,610,485,1.00123,10836,10.8227
025040107410003168d2a000a00000e2,2,2,58,322,276,610,485,1.00123,10835,10.8217
025040107410003168d2a000a00000e2,2,2,59,322,276,610,485,1.00123,10835,10.8217
025040107410003168d2a000a00000e2,2,2,60,322,276,610,485,1.00123,10835,10.8217
025040107410003168d2a000a00000e2,2,2,61,322,276,610,485,1.00123,10835,10.8217
025040107410003168d2a000a00000e2,2,2,62,322,276,610,485,1.00123,10827,10.8137
025040107410003168d2a000a00000e2,2,2,63,322,276,610,485,1.00123,10835,10.8217
025040107410003168d2a000a00000e2,2,2,0,322,276,611,486,1.00123,10812,10.7988
025040107410003168d2a000a00000e2,2,2,1,322,276,611,486,1.00123,10812,10.7988
025040107410003168d2a000a00000e2,2,2,2,322,276,611,486,1.00123,10812,10.7988
025040107410003168d2a000a00000e2,2,2,3,322,276,611,486,1.00123,10812,10.7988
025040107410003168d2a000a00000e2,2,2,4,322,276,611,486,1.00123,10812,10.7988
025040107410003168d2a000a00000e2,2,2,5,322,276,611,486,1.00123,10812,10.7988
025040107410003168d2a000a00000e2,2,2,6,322,276,611,486,1.00123,10812,10.7988
025040107410003168d2a000a00000e2,2,2,7,322,276,611,486,1.00123,10812,10.7988
025040107410003168d2a000a00000e2,2,2,8,322,276,611,486,1.00123,10812,10.7988
025040107410003168d2a000a00000e2,2,2,9,322,276,611,486,1.00123,10812,10.7988
025040107410003168d2a000a00000e2,2,2,10,322,276,611,486,1.00123,10812,10.7988
025040107410003168d2a000a00000e2,2,2,11,322,276,611,486,1.00123,10812,10.7988
025040107410003168d2a000a00000e2,2,2,12,322,276,611,486,1.00123,10812,10.7988
025040107410003168d2a000a00000e2,2,2,13,322,276,611,486,1.00123,10812,10.7988
025040107410003168d2a000a00000e2,2,2,14,322,276,611,486,1.00123,10813,10.7998
025040107410003168d2a000a00000e2,2,2,15,322,276,611,486,1.00123,10813,10.7998
025040107410003168d2a000a00000e2,2,2,16,322,276,611,486,1.00123,10813,10.7998
025040107410003168d2a000a00000e2,2,2,17,322,276,611,486,1.00123,10813,10.7998
025040107410003168d2a000a00000e2,2,2,18,322,276,611,486,1.00123,10813,10.7998
025040107410003168d2a000a00000e2,2,2,19,322,276,611,486,1.00123,10813,10.7998
025040107410003168d2a000a00000e2,2,2,20,322,276,611,486,1.00123,10813,10.7998
025040107410003168d2a000a00000e2,2,2,21,322,276,611,486,1.00123,10813,10.7998
025040107410003168d2a000a00000e2,2,2,22,322,276,611,486,1.00123,10813,10.7998
025040107410003168d2a000a00000e2,2,2,23,322,276,611,486,1.00123,10813,10.7998
025040107410003168d2a000a00000e2,2,2,24,322,276,611,486,1.00123,10813,10.7998
025040107410003168d2a000a00000e2,2,2,25,322,276,611,486,1.00123,10813,10.7998
025040107410003168d2a000a00000e2,2,2,26,322,276,611,486,1.00123,10813,10.7998
025040107410003168d2a000a00000e2,2,2,27,322,276,611,486,1.00123,10813,10.7998
025040107410003168d2a000a00000e2,2,2,28,322,276,611,486,1.00123,10813,10.7998
025040107410003168d2a000a00000e2,2,2,29,322,276,611,486,1.00123,10813,10.7998
025040107410003168d2a000a00000e2,2,2,30,322,276,611,486,1.00123,10813,10.7998
025040107410003168d2a000a00000e2,2,2,31,322,276,611,486,1.00123,10813,10.7998
025040107410003168d2a000a00000e2,2,2,32,322,276,611,486,1.00123,10813,10.7998
025040107410003168d2a000a00000e2,2,2,33,322,276,611,486,1.00123,10813,10.7998
025040107410003168d2a000a00000e2,2,2,34,322,276,611,486,1.00123,10813,10.7998
025040107410003168d2a000a00000e2,2,2,35,322,276,611,486,1.00123,10813,10.7998
025040107410003168d2a000a00000e2,2,2,36,322,276,611,486,1.00123,10813,10.7998
025040107410003168d2a000a00000e2,2,2,37,322,276,611,486,1.00123,10813,10.7998
025040107410003168d2a000a00000e2,2,2,38,322,276,611,486,1.00123,10813,10.7998
025040107410003168d2a000a00000e2,2,2,39,322,276,611,486,1.00123,10813,10.7998
025040107410003168d2a000a00000e2,2,2,40,322,276,611,486,1.00123,10813,10.7998
025040107410003168d2a000a00000e2,2,2,41,322,276,611,486,1.00123,10813,10.7998
025040107410003168d2a000a00000e2,2,2,42,322,276,611,486,1.00123,10813,10.7998
025040107410003168d2a000a00000e2,2,2,43,322,276,611,486,1.00123,10813,10.7998
025040107410003168d2a000a00000e2,2,2,44,322,276,611,486,1.00123,10812,10.7988
025040107410003168d2a000a00000e2,2,2,45,322,276,611,486,1.00123,10813,10.7998
025040107410003168d2a000a00000e2,2,2,46,322,276,611,486,1.00123,10813,10.7998
025040107410003168d2a000a00000e2,2,2,47,322,276,611,486,1.00123,10813,10.7998
025040107410003168d2a000a00000e2,2,2,48,322,276,611,486,1.00123,10813,10.7998
025040107410003168d2a000a00000e2,2,2,49,322,276,611,486,1.00123,10813,10.7998
025040107410003168d2a000a00000e2,2,2,50,322,276,611,486,1.00123,10813,10.7998
025040107410003168d2a000a00000e2,2,2,51,322,276,611,486,1.00123,10813,10.7998
025040107410003168d2a000a00000e2,2,2,52,322,276,611,486,1.00123,10812,10.7988
025040107410003168d2a000a00000e2,2,2,53,322,276,611,486,1.00123,10813,10.7998
025040107410003168d2a000a00000e2,2,2,54,322,276,611,486,1.00123,10812,10.7988
025040107410003168d2a000a00000e2,2,2,55,322,276,611,486,1.00123,10812,10.7988
025040107410003168d2a000a00000e2,2,2,56,322,276,611,486,1.00123,10812,10.7988
025040107410003168d2a000a00000e2,2,2,57,322,276,611,486,1.00123,10812,10.7988
025040107410003168d2a000a00000e2,2,2,58,322,276,611,486,1.00123,10812,10.7988
025040107410003168d2a000a00000e2,2,2,59,322,276,611,486,1.00123,10812,10.7988
025040107410003168d2a000a00000e2,2,2,60,322,276,611,486,1.00123,10812,10.7988
025040107410003168d2a000a00000e2,2,2,61,322,276,611,486,1.00123,10812,10.7988
025040107410003168d2a000a00000e2,2,2,62,322,276,611,486,1.00123,10808,10.7948
025040107410003168d2a000a00000e2,2,2,63,322,276,611,486,1.00123,10812,10.7988
025040107410003168d2a000a00000e2,2,2,0,322,276,612,487,1.00123,10812,10.7988
025040107410003168d2a000a00000e2,2,2,1,322,276,612,487,1.00123,10812,10.7988
025040107410003168d2a000a00000e2,2,2,2,322,276,612,487,1.00123,10812,10.7988
025040107410003168d2a000a00000e2,2,2,3,322,276,612,487,1.00123,10812,10.7988
025040107410003168d2a000a00000e2,2,2,4,322,276,612,487,1.00123,10812,10.7988
025040107410003168d2a000a00000e2,2,2,5,322,276,612,487,1.00123,10812,10.7988
025040107410003168d2a000a00000e2,2,2,6,322,276,612,487,1.00123,10812,10.7988
025040107410003168d2a000a00000e2,2,2,7,322,276,612,487,1.00123,10812,10.7988
025040107410003168d2a000a00000e2,2,2,8,322,276,612,487,1.00123,10812,10.7988
025040107410003168d2a000a00000e2,2,2,9,322,276,612,487,1.00123,10812,10.7988
025040107410003168d2a000a00000e2,2,2,10,322,276,612,487,1.00123,10812,10.7988
025040107410003168d2a000a00000e2,2,2,11,322,276,612,487,1.00123,10812,10.7988
025040107410003168d2a000a00000e2,2,2,12,322,276,612,487,1.00123,10812,10.7988
025040107410003168d2a000a00000e2,2,2,13,322,276,612,487,1.00123,10812,10.7988
025040107410003168d2a000a00000e2,2,2,14,322,276,612,487,1.00123,10813,10.7998
025040107410003168d2a000a00000e2,2,2,15,322,276,612,487,1.00123,10813,10.7998
025040107410003168d2a000a00000e2,2,2,16,322,276,612,487,1.00123,10813,10.7998
025040107410003168d2a000a00000e2,2,2,17,322,276,612,487,1.00123,10813,10.7998
025040107410003168d2a000a00000e2,2,2,18,322,276,612,487,1.00123,10813,10.7998
025040107410003168d2a000a00000e2,2,2,19,322,276,612,487,1.00123,10813,10.7998
025040107410003168d2a000a00000e2,2,2,20,322,276,612,487,1.00123,10813,10.7998
025040107410003168d2a000a00000e2,2,2,21,322,276,612,487,1.00123,10813,10.7998
025040107410003168d2a000a00000e2,2,2,22,322,276,612,487,1.00123,10813,10.7998
025040107410003168d2a000a00000e2,2,2,23,322,276,612,487,1.00123,10813,10.7998
025040107410003168d2a000a00000e2,2,2,24,322,276,612,487,1.00123,10813,10.7998
025040107410003168d2a000a00000e2,2,2,25,322,276,612,487,1.00123,10813,10.7998
025040107410003168d2a000a00000e2,2,2,26,322,276,612,487,1.00123,10813,10.7998
025040107410003168d2a000a00000e2,2,2,27,322,276,612,487,1.00123,10813,10.7998
025040107410003168d2a000a00000e2,2,2,28,322,276,612,487,1.00123,10813,10.7998
025040107410003168d2a000a00000e2,2,2,29,322,276,612,487,1.00123,10813,10.7998
025040107410003168d2a000a00000e2,2,2,30,322,276,612,487,1.00123,10813,10.7998
025040107410003168d2a000a00000e2,2,2,31,322,276,612,487,1.00123,10813,10.7998
025040107410003168d2a000a00000e2,2,2,32,322,276,612,487,1.00123,10813,10.7998
025040107410003168d2a000a00000e2,2,2,33,322,276,612,487,1.00123,10813,10.7998
025040107410003168d2a000a00000e2,2,2,34,322,276,612,487,1.00123,10813,10.7998
025040107410003168d2a000a00000e2,2,2,35,322,276,612,487,1.00123,10813,10.7998
025040107410003168d2a000a00000e2,2,2,36,322,276,612,487,1.00123,10813,10.7998
025040107410003168d2a000a00000e2,2,2,37,322,276,612,487,1.00123,10813,10.7998
025040107410003168d2a000a00000e2,2,2,38,322,276,612,487,1.00123,10813,10.7998
025040107410003168d2a000a00000e2,2,2,39,322,276,612,487,1.00123,10813,10.7998
025040107410003168d2a000a00000e2,2,2,40,322,276,612,487,1.00123,10813,10.7998
025040107410003168d2a000a00000e2,2,2,41,322,276,612,487,1.00123,10813,10.7998
025040107410003168d2a000a00000e2,2,2,42,322,276,612,487,1.00123,10813,10.7998
025040107410003168d2a000a00000e2,2,2,43,322,276,612,487,1.00123,10813,10.7998
025040107410003168d2a000a00000e2,2,2,44,322,276,612,487,1.00123,10810,10.7968
025040107410003168d2a000a00000e2,2,2,45,322,276,612,487,1.00123,10813,10.7998
025040107410003168d2a000a00000e2,2,2,46,322,276,612,487,1.00123,10813,10.7998
025040107410003168d2a000a00000e2,2,2,47,322,276,612,487,1.00123,10813,10.7998
025040107410003168d2a000a00000e2,2,2,48,322,276,612,487,1.00123,10813,10.7998
025040107410003168d2a000a00000e2,2,2,49,322,276,612,487,1.00123,10813,10.7998
025040107410003168d2a000a00000e2,2,2,50,322,276,612,487,1.00123,10813,10.7998
025040107410003168d2a000a00000e2,2,2,51,322,276,612,487,1.00123,10813,10.7998
025040107410003168d2a000a00000e2,2,2,52,322,276,612,487,1.00123,10811,10.7978
025040107410003168d2a000a00000e2,2,2,53,322,276,612,487,1.00123,10813,10.7998
025040107410003168d2a000a00000e2,2,2,54,322,276,612,487,1.00123,10813,10.7998
025040107410003168d2a000a00000e2,2,2,55,322,276,612,487,1.00123,10813,10.7998
025040107410003168d2a000a00000e2,2,2,56,322,276,612,487,1.00123,10813,10.7998
025040107410003168d2a000a00000e2,2,2,57,322,276,612,487,1.00123,10813,10.7998
025040107410003168d2a000a00000e2,2,2,58,322,276,612,487,1.00123,10813,10.7998
025040107410003168d2a000a00000e2,2,2,59,322,276,612,487,1.00123,10813,10.7998
025040107410003168d2a000a00000e2,2,2,60,322,276,612,487,1.00123,10812,10.7988
025040107410003168d2a000a00000e2,2,2,61,322,276,612,487,1.00123,10812,10.7988
025040107410003168d2a000a00000e2,2,2,62,322,276,612,487,1.00123,10805,10.7918
025040107410003168d2a000a00000e2,2,2,63,322,276,612,487,1.00123,10812,10.7988
025040107410003168d2a000a00000e2,2,2,0,322,276,613,487,1.00123,10813,10.7998
025040107410003168d2a000a00000e2,2,2,1,322,276,613,487,1.00123,10813,10.7998
025040107410003168d2a000a00000e2,2,2,2,322,276,613,487,1.00123,10813,10.7998
025040107410003168d2a000a00000e2,2,2,3,322,276,613,487,1.00123,10813,10.7998
025040107410003168d2a000a00000e2,2,2,4,322,276,613,487,1.00123,10813,10.7998
025040107410003168d2a000a00000e2,2,2,5,322,276,613,487,1.00123,10813,10.7998
025040107410003168d2a000a00000e2,2,2,6,322,276,613,487,1.00123,10813,10.7998
025040107410003168d2a000a00000e2,2,2,7,322,276,613,487,1.00123,10813,10.7998
025040107410003168d2a000a00000e2,2,2,8,322,276,613,487,1.00123,10813,10.7998
025040107410003168d2a000a00000e2,2,2,9,322,276,613,487,1.00123,10813,10.7998
025040107410003168d2a000a00000e2,2,2,10,322,276,613,487,1.00123,10813,10.7998
025040107410003168d2a000a00000e2,2,2,11,322,276,613,487,1.00123,10812,10.7988
025040107410003168d2a000a00000e2,2,2,12,322,276,613,487,1.00123,10812,10.7988
025040107410003168d2a000a00000e2,2,2,13,322,276,613,487,1.00123,10812,10.7988
025040107410003168d2a000a00000e2,2,2,14,322,276,613,487,1.00123,10813,10.7998
025040107410003168d2a000a00000e2,2,2,15,322,276,613,487,1.00123,10813,10.7998
025040107410003168d2a000a00000e2,2,2,16,322,276,613,487,1.00123,10813,10.7998
025040107410003168d2a000a00000e2,2,2,17,322,276,613,487,1.00123,10813,10.7998
025040107410003168d2a000a00000e2,2,2,18,322,276,613,487,1.00123,10813,10.7998
025040107410003168d2a000a00000e2,2,2,19,322,276,613,487,1.00123,10813,10.7998
025040107410003168d2a000a00000e2,2,2,20,322,276,613,487,1.00123,10813,10.7998
025040107410003168d2a000a00000e2,2,2,21,322,276,613,487,1.00123,10813,10.7998
025040107410003168d2a000a00000e2,2,2,22,322,276,613,487,1.00123,10813,10.7998
025040107410003168d2a000a00000e2,2,2,23,322,276,613,487,1.00123,10813,10.7998
025040107410003168d2a000a00000e2,2,2,24,322,276,613,487,1.00123,10813,10.7998
025040107410003168d2a000a00000e2,2,2,25,322,276,613,487,1.00123,10813,10.7998
025040107410003168d2a000a00000e2,2,2,26,322,276,613,487,1.00123,10813,10.7998
025040107410003168d2a000a00000e2,2,2,27,322,276,613,487,1.00123,10813,10.7998
025040107410003168d2a000a00000e2,2,2,28,322,276,613,487,1.00123,10813,10.7998
025040107410003168d2a000a00000e2,2,2,29,322,276,613,487,1.00123,10813,10.7998
025040107410003168d2a000a00000e2,2,2,30,322,276,613,487,1.00123,10813,10.7998
025040107410003168d2a000a00000e2,2,2,31,322,276,613,487,1.00123,10813,10.7998
025040107410003168d2a000a00000e2,2,2,32,322,276,613,487,1.00123,10813,10.7998
025040107410003168d2a000a00000e2,2,2,33,322,276,613,487,1.00123,10813,10.7998
025040107410003168d2a000a00000e2,2,2,34,322,276,613,487,1.00123,10813,10.7998
025040107410003168d2a000a00000e2,2,2,35,322,276,613,487,1.00123,10813,10.7998
025040107410003168d2a000a00000e2,2,2,36,322,276,613,487,1.00123,10813,10.7998
025040107410003168d2a000a00000e2,2,2,37,322,276,613,487,1.00123,10813,10.7998
025040107410003168d2a000a00000e2,2,2,38,322,276,613,487,1.00123,10813,10.7998
025040107410003168d2a000a00000e2,2,2,39,322,276,613,487,1.00123,10813,10.7998
025040107410003168d2a000a00000e2,2,2,40,322,276,613,487,1.00123,10813,10.7998
025040107410003168d2a000a00000e2,2,2,41,322,276,613,487,1.00123,10813,10.7998
025040107410003168d2a000a00000e2,2,2,42,322,276,613,487,1.00123,10813,10.7998
025040107410003168d2a000a00000e2,2,2,43,322,276,613,487,1.00123,10813,10.7998
025040107410003168d2a000a00000e2,2,2,44,322,276,613,487,1.00123,10806,10.7928
025040107410003168d2a000a00000e2,2,2,45,322,276,613,487,1.00123,10813,10.7998
025040107410003168d2a000a00000e2,2,2,46,322,276,613,487,1.00123,10813,10.7998
025040107410003168d2a000a00000e2,2,2,47,322,276,613,487,1.00123,10813,10.7998
025040107410003168d2a000a00000e2,2,2,48,322,276,613,487,1.00123,10813,10.7998
025040107410003168d2a000a00000e2,2,2,49,322,276,613,487,1.00123,10813,10.7998
025040107410003168d2a000a00000e2,2,2,50,322,276,613,487,1.00123,10813,10.7998
025040107410003168d2a000a00000e2,2,2,51,322,276,613,487,1.00123,10813,10.7998
025040107410003168d2a000a00000e2,2,2,52,322,276,613,487,1.00123,10808,10.7948
025040107410003168d2a000a00000e2,2,2,53,322,276,613,487,1.00123,10813,10.7998
025040107410003168d2a000a00000e2,2,2,54,322,276,613,487,1.00123,10813,10.7998
025040107410003168d2a000a00000e2,2,2,55,322,276,613,487,1.00123,10813,10.7998
025040107410003168d2a000a00000e2,2,2,56,322,276,613,487,1.00123,10813,10.7998
025040107410003168d2a000a00000e2,2,2,57,322,276,613,487,1.00123,10813,10.7998
025040107410003168d2a000a00000e2,2,2,58,322,276,613,487,1.00123,10813,10.7998
025040107410003168d2a000a00000e2,2,2,59,322,276,613,487,1.00123,10813,10.7998
025040107410003168d2a000a00000e2,2,2,60,322,276,613,487,1.00123,10812,10.7988
025040107410003168d2a000a00000e2,2,2,61,322,276,613,487,1.00123,10813,10.7998
025040107410003168d2a000a00000e2,2,2,62,322,276,613,487,1.00123,10799,10.7858
025040107410003168d2a000a00000e2,2,2,63,322,276,613,487,1.00123,10813,10.7998
025040107410003168d2a000a00000e2,2,2,0,322,276,614,488,1.00123,10765,10.7518
025040107410003168d2a000a00000e2,2,2,1,322,276,614,488,1.00123,10765,10.7518
025040107410003168d2a000a00000e2,2,2,2,322,276,614,488,1.00123,10765,10.7518
025040107410003168d2a000a00000e2,2,2,3,322,276,614,488,1.00123,10765,10.7518
025040107410003168d2a000a00000e2,2,2,4,322,276,614,488,1.00123,10764,10.7508
025040107410003168d2a000a00000e2,2,2,5,322,276,614,488,1.00123,10764,10.7508
025040107410003168d2a000a00000e2,2,2,6,322,276,614,488,1.00123,10764,10.7508
025040107410003168d2a000a00000e2,2,2,7,322,276,614,488,1.00123,10764,10.7508
025040107410003168d2a000a00000e2,2,2,8,322,276,614,488,1.00123,10764,10.7508
025040107410003168d2a000a00000e2,2,2,9,322,276,614,488,1.00123,10764,10.7508
025040107410003168d2a000a00000e2,2,2,10,322,276,614,488,1.00123,10764,10.7508
025040107410003168d2a000a00000e2,2,2,11,322,276,614,488,1.00123,10764,10.7508
025040107410003168d2a000a00000e2,2,2,12,322,276,614,488,1.00123,10766,10.7528
025040107410003168d2a000a00000e2,2,2,13,322,276,614,488,1.00123,10766,10.7528
025040107410003168d2a000a00000e2,2,2,14,322,276,614,488,1.00123,10767,10.7538
025040107410003168d2a000a00000e2,2,2,15,322,276,614,488,1.00123,10767,10.7538
025040107410003168d2a000a00000e2,2,2,16,322,276,614,488,1.00123,10767,10.7538
025040107410003168d2a000a00000e2,2,2,17,322,276,614,488,1.00123,10767,10.7538
025040107410003168d2a000a00000e2,2,2,18,322,276,614,488,1.00123,10767,10.7538
025040107410003168d2a000a00000e2,2,2,19,322,276,614,488,1.00123,10767,10.7538
025040107410003168d2a000a00000e2,2,2,20,322,276,614,488,1.00123,10767,10.7538
025040107410003168d2a000a00000e2,2,2,21,322,276,614,488,1.00123,10767,10.7538
025040107410003168d2a000a00000e2,2,2,22,322,276,614,488,1.00123,10767,10.7538
025040107410003168d2a000a00000e2,2,2,23,322,276,614,488,1.00123,10767,10.7538
025040107410003168d2a000a00000e2,2,2,24,322,276,614,488,1.00123,10767,10.7538
025040107410003168d2a000a00000e2,2,2,25,322,276,614,488,1.00123,10767,10.7538
025040107410003168d2a000a00000e2,2,2,26,322,276,614,488,1.00123,10767,10.7538
025040107410003168d2a000a00000e2,2,2,27,322,276,614,488,1.00123,10767,10.7538
025040107410003168d2a000a00000e2,2,2,28,322,276,614,488,1.00123,10767,10.7538
025040107410003168d2a000a00000e2,2,2,29,322,276,614,488,1.00123,10767,10.7538
025040107410003168d2a000a00000e2,2,2,30,322,276,614,488,1.00123,10767,10.7538
025040107410003168d2a000a00000e2,2,2,31,322,276,614,488,1.00123,10767,10.7538
025040107410003168d2a000a00000e2,2,2,32,322,276,614,488,1.00123,10767,10.7538
025040107410003168d2a000a00000e2,2,2,33,322,276,614,488,1.00123,10767,10.7538
025040107410003168d2a000a00000e2,2,2,34,322,276,614,488,1.00123,10767,10.7538
025040107410003168d2a000a00000e2,2,2,35,322,276,614,488,1.00123,10767,10.7538
025040107410003168d2a000a00000e2,2,2,36,322,276,614,488,1.00123,10767,10.7538
025040107410003168d2a000a00000e2,2,2,37,322,276,614,488,1.00123,10767,10.7538
025040107410003168d2a000a00000e2,2,2,38,322,276,614,488,1.00123,10767,10.7538
025040107410003168d2a000a00000e2,2,2,39,322,276,614,488,1.00123,10767,10.7538
025040107410003168d2a000a00000e2,2,2,40,322,276,614,488,1.00123,10767,10.7538
025040107410003168d2a000a00000e2,2,2,41,322,276,614,488,1.00123,10767,10.7538
025040107410003168d2a000a00000e2,2,2,42,322,276,614,488,1.00123,10767,10.7538
025040107410003168d2a000a00000e2,2,2,43,322,276,614,488,1.00123,10767,10.7538
025040107410003168d2a000a00000e2,2,2,44,322,276,614,488,1.00123,10764,10.7508
025040107410003168d2a000a00000e2,2,2,45,322,276,614,488,1.00123,10767,10.7538
025040107410003168d2a000a00000e2,2,2,46,322,276,614,488,1.00123,10767,10.7538
025040107410003168d2a000a00000e2,2,2,47,322,276,614,488,1.00123,10767,10.7538
025040107410003168d2a000a00000e2,2,2,48,322,276,614,488,1.00123,10767,10.7538
025040107410003168d2a000a00000e2,2,2,49,322,276,614,488,1.00123,10767,10.7538
025040107410003168d2a000a00000e2,2,2,50,322,276,614,488,1.00123,10767,10.7538
025040107410003168d2a000a00000e2,2,2,51,322,276,614,488,1.00123,10767,10.7538
025040107410003168d2a000a00000e2,2,2,52,322,276,614,488,1.00123,10764,10.7508
025040107410003168d2a000a00000e2,2,2,53,322,276,614,488,1.00123,10767,10.7538
025040107410003168d2a000a00000e2,2,2,54,322,276,614,488,1.00123,10767,10.7538
025040107410003168d2a000a00000e2,2,2,55,322,276,614,488,1.00123,10767,10.7538
025040107410003168d2a000a00000e2,2,2,56,322,276,614,488,1.00123,10767,10.7538
025040107410003168d2a000a00000e2,2,2,57,322,276,614,488,1.00123,10767,10.7538
025040107410003168d2a000a00000e2,2,2,58,322,276,614,488,1.00123,10767,10.7538
025040107410003168d2a000a00000e2,2,2,59,322,276,614,488,1.00123,10767,10.7538
025040107410003168d2a000a00000e2,2,2,60,322,276,614,488,1.00123,10766,10.7528
025040107410003168d2a000a00000e2,2,2,61,322,276,614,488,1.00123,10767,10.7538
025040107410003168d2a000a00000e2,2,2,62,322,276,614,488,1.00123,10754,10.7408
025040107410003168d2a000a00000e2,2,2,63,322,276,614,488,1.00123,10767,10.7538
025040107410003168d2a000a00000e2,2,2,0,322,276,615,489,1.00123,10741,10.7278
025040107410003168d2a000a00000e2,2,2,1,322,276,615,489,1.00123,10741,10.7278
025040107410003168d2a000a00000e2,2,2,2,322,276,615,489,1.00123,10741,10.7278
025040107410003168d2a000a00000e2,2,2,3,322,276,615,489,1.00123,10741,10.7278
025040107410003168d2a000a00000e2,2,2,4,322,276,615,489,1.00123,10741,10.7278
025040107410003168d2a000a00000e2,2,2,5,322,276,615,489,1.00123,10741,10.7278
025040107410003168d2a000a00000e2,2,2,6,322,276,615,489,1.00123,10741,10.7278
025040107410003168d2a000a00000e2,2,2,7,322,276,615,489,1.00123,10740,10.7268
025040107410003168d2a000a00000e2,2,2,8,322,276,615,489,1.00123,10740,10.7268
025040107410003168d2a000a00000e2,2,2,9,322,276,615,489,1.00123,10740,10.7268
025040107410003168d2a000a00000e2,2,2,10,322,276,615,489,1.00123,10740,10.7268
025040107410003168d2a000a00000e2,2,2,11,322,276,615,489,1.00123,10740,10.7268
025040107410003168d2a000a00000e2,2,2,12,322,276,615,489,1.00123,10742,10.7288
025040107410003168d2a000a00000e2,2,2,13,322,276,615,489,1.00123,10742,10.7288
025040107410003168d2a000a00000e2,2,2,14,322,276,615,489,1.00123,10743,10.7298
025040107410003168d2a000a00000e2,2,2,15,322,276,615,489,1.00123,10744,10.7308
025040107410003168d2a000a00000e2,2,2,16,322,276,615,489,1.00123,10744,10.7308
025040107410003168d2a000a00000e2,2,2,17,322,276,615,489,1.00123,10744,10.7308
025040107410003168d2a000a00000e2,2,2,18,322,276,615,489,1.00123,10744,10.7308
025040107410003168d2a000a00000e2,2,2,19,322,276,615,489,1.00123,10744,10.7308
025040107410003168d2a000a00000e2,2,2,20,322,276,615,489,1.00123,10744,10.7308
025040107410003168d2a000a00000e2,2,2,21,322,276,615,489,1.00123,10744,10.7308
025040107410003168d2a000a00000e2,2,2,22,322,276,615,489,1.00123,10744,10.7308
025040107410003168d2a000a00000e2,2,2,23,322,276,615,489,1.00123,10744,10.7308
025040107410003168d2a000a00000e2,2,2,24,322,276,615,489,1.00123,10744,10.7308
025040107410003168d2a000a00000e2,2,2,25,322,276,615,489,1.00123,10744,10.7308
025040107410003168d2a000a00000e2,2,2,26,322,276,615,489,1.00123,10744,10.7308
025040107410003168d2a000a00000e2,2,2,27,322,276,615,489,1.00123,10744,10.7308
025040107410003168d2a000a00000e2,2,2,28,322,276,615,489,1.00123,10744,10.7308
025040107410003168d2a000a00000e2,2,2,29,322,276,615,489,1.00123,10744,10.7308
025040107410003168d2a000a00000e2,2,2,30,322,276,615,489,1.00123,10744,10.7308
025040107410003168d2a000a00000e2,2,2,31,322,276,615,489,1.00123,10744,10.7308
025040107410003168d2a000a00000e2,2,2,32,322,276,615,489,1.00123,10744,10.7308
025040107410003168d2a000a00000e2,2,2,33,322,276,615,489,1.00123,10744,10.7308
025040107410003168d2a000a00000e2,2,2,34,322,276,615,489,1.00123,10744,10.7308
025040107410003168d2a000a00000e2,2,2,35,322,276,615,489,1.00123,10744,10.7308
025040107410003168d2a000a00000e2,2,2,36,322,276,615,489,1.00123,10744,10.7308
025040107410003168d2a000a00000e2,2,2,37,322,276,615,489,1.00123,10744,10.7308
025040107410003168d2a000a00000e2,2,2,38,322,276,615,489,1.00123,10744,10.7308
025040107410003168d2a000a00000e2,2,2,39,322,276,615,489,1.00123,10744,10.7308
025040107410003168d2a000a00000e2,2,2,40,322,276,615,489,1.00123,10744,10.7308
025040107410003168d2a000a00000e2,2,2,41,322,276,615,489,1.00123,10744,10.7308
025040107410003168d2a000a00000e2,2,2,42,322,276,615,489,1.00123,10744,10.7308
025040107410003168d2a000a00000e2,2,2,43,322,276,615,489,1.00123,10744,10.7308
025040107410003168d2a000a00000e2,2,2,44,322,276,615,489,1.00123,10739,10.7258
025040107410003168d2a000a00000e2,2,2,45,322,276,615,489,1.00123,10744,10.7308
025040107410003168d2a000a00000e2,2,2,46,322,276,615,489,1.00123,10744,10.7308
025040107410003168d2a000a00000e2,2,2,47,322,276,615,489,1.00123,10744,10.7308
025040107410003168d2a000a00000e2,2,2,48,322,276,615,489,1.00123,10744,10.7308
025040107410003168d2a000a00000e2,2,2,49,322,276,615,489,1.00123,10744,10.7308
025040107410003168d2a000a00000e2,2,2,50,322,276,615,489,1.00123,10744,10.7308
025040107410003168d2a000a00000e2,2,2,51,322,276,615,489,1.00123,10744,10.7308
025040107410003168d2a000a00000e2,2,2,52,322,276,615,489,1.00123,10742,10.7288
025040107410003168d2a000a00000e2,2,2,53,322,276,615,489,1.00123,10744,10.7308
025040107410003168d2a000a00000e2,2,2,54,322,276,615,489,1.00123,10744,10.7308
025040107410003168d2a000a00000e2,2,2,55,322,276,615,489,1.00123,10744,10.7308
025040107410003168d2a000a00000e2,2,2,56,322,276,615,489,1.00123,10744,10.7308
025040107410003168d2a000a00000e2,2,2,57,322,276,615,489,1.00123,10744,10.7308
025040107410003168d2a000a00000e2,2,2,58,322,276,615,489,1.00123,10744,10.7308
025040107410003168d2a000a00000e2,2,2,59,322,276,615,489,1.00123,10744,10.7308
025040107410003168d2a000a00000e2,2,2,60,322,276,615,489,1.00123,10743,10.7298
025040107410003168d2a000a00000e2,2,2,61,322,276,615,489,1.00123,10744,10.7308
025040107410003168d2a000a00000e2,2,2,62,322,276,615,489,1.00123,10729,10.7159
025040107410003168d2a000a00000e2,2,2,63,322,276,615,489,1.00123,10744,10.7308
025040107410003168d2a000a00000e2,2,2,0,322,276,616,490,1.00123,10788,10.7748
025040107410003168d2a000a00000e2,2,2,1,322,276,616,490,1.00123,10788,10.7748
025040107410003168d2a000a00000e2,2,2,2,322,276,616,490,1.00123,10788,10.7748
025040107410003168d2a000a00000e2,2,2,3,322,276,616,490,1.00123,10788,10.7748
025040107410003168d2a000a00000e2,2,2,4,322,276,616,490,1.00123,10788,10.7748
025040107410003168d2a000a00000e2,2,2,5,322,276,616,490,1.00123,10788,10.7748
025040107410003168d2a000a00000e2,2,2,6,322,276,616,490,1.00123,10788,10.7748
025040107410003168d2a000a00000e2,2,2,7,322,276,616,490,1.00123,10788,10.7748
025040107410003168d2a000a00000e2,2,2,8,322,276,616,490,1.00123,10788,10.7748
025040107410003168d2a000a00000e2,2,2,9,322,276,616,490,1.00123,10788,10.7748
025040107410003168d2a000a00000e2,2,2,10,322,276,616,490,1.00123,10788,10.7748
025040107410003168d2a000a00000e2,2,2,11,322,276,616,490,1.00123,10788,10.7748
025040107410003168d2a000a00000e2,2,2,12,322,276,616,490,1.00123,10788,10.7748
025040107410003168d2a000a00000e2,2,2,13,322,276,616,490,1.00123,10788,10.7748
025040107410003168d2a000a00000e2,2,2,14,322,276,616,490,1.00123,10788,10.7748
025040107410003168d2a000a00000e2,2,2,15,322,276,616,490,1.00123,10790,10.7768
025040107410003168d2a000a00000e2,2,2,16,322,276,616,490,1.00123,10790,10.7768
025040107410003168d2a000a00000e2,2,2,17,322,276,616,490,1.00123,10790,10.7768
025040107410003168d2a000a00000e2,2,2,18,322,276,616,490,1.00123,10790,10.7768
025040107410003168d2a000a00000e2,2,2,19,322,276,616,490,1.00123,10790,10.7768
025040107410003168d2a000a00000e2,2,2,20,322,276,616,490,1.00123,10790,10.7768
025040107410003168d2a000a00000e2,2,2,21,322,276,616,490,1.00123,10790,10.7768
025040107410003168d2a000a00000e2,2,2,22,322,276,616,490,1.00123,10790,10.7768
025040107410003168d2a000a00000e2,2,2,23,322,276,616,490,1.00123,10790,10.7768
025040107410003168d2a000a00000e2,2,2,24,322,276,616,490,1.00123,10790,10.7768
025040107410003168d2a000a00000e2,2,2,25,322,276,616,490,1.00123,10790,10.7768
025040107410003168d2a000a00000e2,2,2,26,322,276,616,490,1.00123,10790,10.7768
025040107410003168d2a000a00000e2,2,2,27,322,276,616,490,1.00123,10790,10.7768
025040107410003168d2a000a00000e2,2,2,28,322,276,616,490,1.00123,10790,10.7768
025040107410003168d2a000a00000e2,2,2,29,322,276,616,490,1.00123,10790,10.7768
025040107410003168d2a000a00000e2,2,2,30,322,276,616,490,1.00123,10790,10.7768
025040107410003168d2a000a00000e2,2,2,31,322,276,616,490,1.00123,10790,10.7768
025040107410003168d2a000a00000e2,2,2,32,322,276,616,490,1.00123,10790,10.7768
025040107410003168d2a000a00000e2,2,2,33,322,276,616,490,1.00123,10790,10.7768
025040107410003168d2a000a00000e2,2,2,34,322,276,616,490,1.00123,10790,10.7768
025040107410003168d2a000a00000e2,2,2,35,322,276,616,490,1.00123,10790,10.7768
025040107410003168d2a000a00000e2,2,2,36,322,276,616,490,1.00123,10790,10.7768
025040107410003168d2a000a00000e2,2,2,37,322,276,616,490,1.00123,10790,10.7768
025040107410003168d2a000a00000e2,2,2,38,322,276,616,490,1.00123,10790,10.7768
025040107410003168d2a000a00000e2,2,2,39,322,276,616,490,1.00123,10790,10.7768
025040107410003168d2a000a00000e2,2,2,40,322,276,616,490,1.00123,10790,10.7768
025040107410003168d2a000a00000e2,2,2,41,322,276,616,490,1.00123,10790,10.7768
025040107410003168d2a000a00000e2,2,2,42,322,276,616,490,1.00123,10790,10.7768
025040107410003168d2a000a00000e2,2,2,43,322,276,616,490,1.00123,10790,10.7768
025040107410003168d2a000a00000e2,2,2,44,322,276,616,490,1.00123,10788,10.7748
025040107410003168d2a000a00000e2,2,2,45,322,276,616,490,1.00123,10790,10.7768
025040107410003168d2a000a00000e2,2,2,46,322,276,616,490,1.00123,10790,10.7768
025040107410003168d2a000a00000e2,2,2,47,322,276,616,490,1.00123,10790,10.7768
025040107410003168d2a000a00000e2,2,2,48,322,276,616,490,1.00123,10790,10.7768
025040107410003168d2a000a00000e2,2,2,49,322,276,616,490,1.00123,10790,10.7768
025040107410003168d2a000a00000e2,2,2,50,322,276,616,490,1.00123,10790,10.7768
025040107410003168d2a000a00000e2,2,2,51,322,276,616,490,1.00123,10790,10.7768
025040107410003168d2a000a00000e2,2,2,52,322,276,616,490,1.00123,10789,10.7758
025040107410003168d2a000a00000e2,2,2,53,322,276,616,490,1.00123,10790,10.7768
025040107410003168d2a000a00000e2,2,2,54,322,276,616,490,1.00123,10790,10.7768
025040107410003168d2a000a00000e2,2,2,55,322,276,616,490,1.00123,10790,10.7768
025040107410003168d2a000a00000e2,2,2,56,322,276,616,490,1.00123,10790,10.7768
025040107410003168d2a000a00000e2,2,2,57,322,276,616,490,1.00123,10790,10.7768
025040107410003168d2a000a00000e2,2,2,58,322,276,616,490,1.00123,10790,10.7768
025040107410003168d2a000a00000e2,2,2,59,322,276,616,490,1.00123,10790,10.7768
025040107410003168d2a000a00000e2,2,2,60,322,276,616,490,1.00123,10790,10.7768
025040107410003168d2a000a00000e2,2,2,61,322,276,616,490,1.00123,10790,10.7768
025040107410003168d2a000a00000e2,2,2,62,322,276,616,490,1.00123,10777,10.7638
025040107410003168d2a000a00000e2,2,2,63,322,276,616,490,1.00123,10790,10.7768
025040107410003168d2a000a00000e2,2,2,0,322,276,617,491,1.00123,10789,10.7758
025040107410003168d2a000a00000e2,2,2,1,322,276,617,491,1.00123,10789,10.7758
025040107410003168d2a000a00000e2,2,2,2,322,276,617,491,1.00123,10789,10.7758
025040107410003168d2a000a00000e2,2,2,3,322,276,617,491,1.00123,10789,10.7758
025040107410003168d2a000a00000e2,2,2,4,322,276,617,491,1.00123,10789,10.7758
025040107410003168d2a000a00000e2,2,2,5,322,276,617,491,1.00123,10789,10.7758
025040107410003168d2a000a00000e2,2,2,6,322,276,617,491,1.00123,10789,10.7758
025040107410003168d2a000a00000e2,2,2,7,322,276,617,491,1.00123,10789,10.7758
025040107410003168d2a000a00000e2,2,2,8,322,276,617,491,1.00123,10789,10.7758
025040107410003168d2a000a00000e2,2,2,9,322,276,617,491,1.00123,10789,10.7758
025040107410003168d2a000a00000e2,2,2,10,322,276,617,491,1.00123,10788,10.7748
025040107410003168d2a000a00000e2,2,2,11,322,276,617,491,1.00123,10788,10.7748
025040107410003168d2a000a00000e2,2,2,12,322,276,617,491,1.00123,10788,10.7748
025040107410003168d2a000a00000e2,2,2,13,322,276,617,491,1.00123,10788,10.7748
025040107410003168d2a000a00000e2,2,2,14,322,276,617,491,1.00123,10790,10.7768
025040107410003168d2a000a00000e2,2,2,15,322,276,617,491,1.00123,10790,10.7768
025040107410003168d2a000a00000e2,2,2,16,322,276,617,491,1.00123,10790,10.7768
025040107410003168d2a000a00000e2,2,2,17,322,276,617,491,1.00123,10790,10.7768
025040107410003168d2a000a00000e2,2,2,18,322,276,617,491,1.00123,10790,10.7768
025040107410003168d2a000a00000e2,2,2,19,322,276,617,491,1.00123,10790,10.7768
025040107410003168d2a000a00000e2,2,2,20,322,276,617,491,1.00123,10790,10.7768
025040107410003168d2a000a00000e2,2,2,21,322,276,617,491,1.00123,10790,10.7768
025040107410003168d2a000a00000e2,2,2,22,322,276,617,491,1.00123,10790,10.7768
025040107410003168d2a000a00000e2,2,2,23,322,276,617,491,1.00123,10790,10.7768
025040107410003168d2a000a00000e2,2,2,24,322,276,617,491,1.00123,10790,10.7768
025040107410003168d2a000a00000e2,2,2,25,322,276,617,491,1.00123,10790,10.7768
025040107410003168d2a000a00000e2,2,2,26,322,276,617,491,1.00123,10790,10.7768
025040107410003168d2a000a00000e2,2,2,27,322,276,617,491,1.00123,10790,10.7768
025040107410003168d2a000a00000e2,2,2,28,322,276,617,491,1.00123,10790,10.7768
025040107410003168d2a000a00000e2,2,2,29,322,276,617,491,1.00123,10790,10.7768
025040107410003168d2a000a00000e2,2,2,30,322,276,617,491,1.00123,10790,10.7768
025040107410003168d2a000a00000e2,2,2,31,322,276,617,491,1.00123,10790,10.7768
025040107410003168d2a000a00000e2,2,2,32,322,276,617,491,1.00123,10790,10.7768
025040107410003168d2a000a00000e2,2,2,33,322,276,617,491,1.00123,10790,10.7768
025040107410003168d2a000a00000e2,2,2,34,322,276,617,491,1.00123,10790,10.7768
025040107410003168d2a000a00000e2,2,2,35,322,276,617,491,1.00123,10790,10.7768
025040107410003168d2a000a00000e2,2,2,36,322,276,617,491,1.00123,10790,10.7768
025040107410003168d2a000a00000e2,2,2,37,322,276,617,491,1.00123,10790,10.7768
025040107410003168d2a000a00000e2,2,2,38,322,276,617,491,1.00123,10790,10.7768
025040107410003168d2a000a00000e2,2,2,39,322,276,617,491,1.00123,10790,10.7768
025040107410003168d2a000a00000e2,2,2,40,322,276,617,491,1.00123,10790,10.7768
025040107410003168d2a000a00000e2,2,2,41,322,276,617,491,1.00123,10790,10.7768
025040107410003168d2a000a00000e2,2,2,42,322,276,617,491,1.00123,10790,10.7768
025040107410003168d2a000a00000e2,2,2,43,322,276,617,491,1.00123,10790,10.7768
025040107410003168d2a000a00000e2,2,2,44,322,276,617,491,1.00123,10786,10.7728
025040107410003168d2a000a00000e2,2,2,45,322,276,617,491,1.00123,10790,10.7768
025040107410003168d2a000a00000e2,2,2,46,322,276,617,491,1.00123,10790,10.7768
025040107410003168d2a000a00000e2,2,2,47,322,276,617,491,1.00123,10790,10.7768
025040107410003168d2a000a00000e2,2,2,48,322,276,617,491,1.00123,10790,10.7768
025040107410003168d2a000a00000e2,2,2,49,322,276,617,491,1.00123,10790,10.7768
025040107410003168d2a000a00000e2,2,2,50,322,276,617,491,1.00123,10789,10.7758
025040107410003168d2a000a00000e2,2,2,51,322,276,617,491,1.00123,10790,10.7768
025040107410003168d2a000a00000e2,2,2,52,322,276,617,491,1.00123,10787,10.7738
025040107410003168d2a000a00000e2,2,2,53,322,276,617,491,1.00123,10790,10.7768
025040107410003168d2a000a00000e2,2,2,54,322,276,617,491,1.00123,10790,10.7768
025040107410003168d2a000a00000e2,2,2,55,322,276,617,491,1.00123,10790,10.7768
025040107410003168d2a000a00000e2,2,2,56,322,276,617,491,1.00123,10790,10.7768
025040107410003168d2a000a00000e2,2,2,57,322,276,617,491,1.00123,10790,10.7768
025040107410003168d2a000a00000e2,2,2,58,322,276,617,491,1.00123,10790,10.7768
025040107410003168d2a000a00000e2,2,2,59,322,276,617,491,1.00123,10790,10.7768
025040107410003168d2a000a00000e2,2,2,60,322,276,617,491,1.00123,10788,10.7748
025040107410003168d2a000a00000e2,2,2,61,322,276,617,491,1.00123,10790,10.7768
025040107410003168d2a000a00000e2,2,2,62,322,276,617,491,1.00123,10774,10.7608
025040107410003168d2a000a00000e2,2,2,63,322,276,617,491,1.00123,10790,10.7768
025040107410003168d2a000a00000e2,2,2,0,322,276,618,491,1.00123,10813,10.7998
025040107410003168d2a000a00000e2,2,2,1,322,276,618,491,1.00123,10813,10.7998
025040107410003168d2a000a00000e2,2,2,2,322,276,618,491,1.00123,10813,10.7998
025040107410003168d2a000a00000e2,2,2,3,322,276,618,491,1.00123,10813,10.7998
025040107410003168d2a000a00000e2,2,2,4,322,276,618,491,1.00123,10813,10.7998
025040107410003168d2a000a00000e2,2,2,5,322,276,618,491,1.00123,10813,10.7998
025040107410003168d2a000a00000e2,2,2,6,322,276,618,491,1.00123,10813,10.7998
025040107410003168d2a000a00000e2,2,2,7,322,276,618,491,1.00123,10813,10.7998
025040107410003168d2a000a00000e2,2,2,8,322,276,618,491,1.00123,10813,10.7998
025040107410003168d2a000a00000e2,2,2,9,322,276,618,491,1.00123,10813,10.7998
025040107410003168d2a000a00000e2,2,2,10,322,276,618,491,1.00123,10813,10.7998
025040107410003168d2a000a00000e2,2,2,11,322,276,618,491,1.00123,10813,10.7998
025040107410003168d2a000a00000e2,2,2,12,322,276,618,491,1.00123,10813,10.7998
025040107410003168d2a000a00000e2,2,2,13,322,276,618,491,1.00123,10813,10.7998
025040107410003168d2a000a00000e2,2,2,14,322,276,618,491,1.00123,10813,10.7998
025040107410003168d2a000a00000e2,2,2,15,322,276,618,491,1.00123,10814,10.8008
025040107410003168d2a000a00000e2,2,2,16,322,276,618,491,1.00123,10814,10.8008
025040107410003168d2a000a00000e2,2,2,17,322,276,618,491,1.00123,10813,10.7998
025040107410003168d2a000a00000e2,2,2,18,322,276,618,491,1.00123,10813,10.7998
025040107410003168d2a000a00000e2,2,2,19,322,276,618,491,1.00123,10813,10.7998
025040107410003168d2a000a00000e2,2,2,20,322,276,618,491,1.00123,10813,10.7998
025040107410003168d2a000a00000e2,2,2,21,322,276,618,491,1.00123,10813,10.7998
025040107410003168d2a000a00000e2,2,2,22,322,276,618,491,1.00123,10813,10.7998
025040107410003168d2a000a00000e2,2,2,23,322,276,618,491,1.00123,10813,10.7998
025040107410003168d2a000a00000e2,2,2,24,322,276,618,491,1.00123,10813,10.7998
025040107410003168d2a000a00000e2,2,2,25,322,276,618,491,1.00123,10813,10.7998
025040107410003168d2a000a00000e2,2,2,26,322,276,618,491,1.00123,10813,10.7998
025040107410003168d2a000a00000e2,2,2,27,322,276,618,491,1.00123,10813,10.7998
025040107410003168d2a000a00000e2,2,2,28,322,276,618,491,1.00123,10813,10.7998
025040107410003168d2a000a00000e2,2,2,29,322,276,618,491,1.00123,10813,10.7998
025040107410003168d2a000a00000e2,2,2,30,322,276,618,491,1.00123,10813,10.7998
025040107410003168d2a000a00000e2,2,2,31,322,276,618,491,1.00123,10813,10.7998
025040107410003168d2a000a00000e2,2,2,32,322,276,618,491,1.00123,10813,10.7998
025040107410003168d2a000a00000e2,2,2,33,322,276,618,491,1.00123,10813,10.7998
025040107410003168d2a000a00000e2,2,2,34,322,276,618,491,1.00123,10813,10.7998
025040107410003168d2a000a00000e2,2,2,35,322,276,618,491,1.00123,10813,10.7998
025040107410003168d2a000a00000e2,2,2,36,322,276,618,491,1.00123,10813,10.7998
025040107410003168d2a000a00000e2,2,2,37,322,276,618,491,1.00123,10813,10.7998
025040107410003168d2a000a00000e2,2,2,38,322,276,618,491,1.00123,10813,10.7998
025040107410003168d2a000a00000e2,2,2,39,322,276,618,491,1.00123,10813,10.7998
025040107410003168d2a000a00000e2,2,2,40,322,276,618,491,1.00123,10813,10.7998
025040107410003168d2a000a00000e2,2,2,41,322,276,618,491,1.00123,10813,10.7998
025040107410003168d2a000a00000e2,2,2,42,322,276,618,491,1.00123,10813,10.7998
025040107410003168d2a000a00000e2,2,2,43,322,276,618,491,1.00123,10813,10.7998
025040107410003168d2a000a00000e2,2,2,44,322,276,618,491,1.00123,10808,10.7948
025040107410003168d2a000a00000e2,2,2,45,322,276,618,491,1.00123,10813,10.7998
025040107410003168d2a000a00000e2,2,2,46,322,276,618,491,1.00123,10813,10.7998
025040107410003168d2a000a00000e2,2,2,47,322,276,618,491,1.00123,10813,10.7998
025040107410003168d2a000a00000e2,2,2,48,322,276,618,491,1.00123,10813,10.7998
025040107410003168d2a000a00000e2,2,2,49,322,276,618,491,1.00123,10813,10.7998
025040107410003168d2a000a00000e2,2,2,50,322,276,618,491,1.00123,10812,10.7988
025040107410003168d2a000a00000e2,2,2,51,322,276,618,491,1.00123,10813,10.7998
025040107410003168d2a000a00000e2,2,2,52,322,276,618,491,1.00123,10811,10.7978
025040107410003168d2a000a00000e2,2,2,53,322,276,618,491,1.00123,10813,10.7998
025040107410003168d2a000a00000e2,2,2,54,322,276,618,491,1.00123,10813,10.7998
025040107410003168d2a000a00000e2,2,2,55,322,276,618,491,1.00123,10813,10.7998
025040107410003168d2a000a00000e2,2,2,56,322,276,618,491,1.00123,10813,10.7998
025040107410003168d2a000a00000e2,2,2,57,322,276,618,491,1.00123,10813,10.7998
025040107410003168d2a000a00000e2,2,2,58,322,276,618,491,1.00123,10813,10.7998
025040107410003168d2a000a00000e2,2,2,59,322,276,618,491,1.00123,10813,10.7998
025040107410003168d2a000a00000e2,2,2,60,322,276,618,491,1.00123,10812,10.7988
025040107410003168d2a000a00000e2,2,2,61,322,276,618,491,1.00123,10813,10.7998
025040107410003168d2a000a00000e2,2,2,62,322,276,618,491,1.00123,10789,10.7758
025040107410003168d2a000a00000e2,2,2,63,322,276,618,491,1.00123,10813,10.7998
025040107410003168d2a000a00000e2,2,2,0,322,276,619,492,1.00123,10765,10.7518
025040107410003168d2a000a00000e2,2,2,1,322,276,619,492,1.00123,10765,10.7518
025040107410003168d2a000a00000e2,2,2,2,322,276,619,492,1.00123,10765,10.7518
025040107410003168d2a000a00000e2,2,2,3,322,276,619,492,1.00123,10765,10.7518
025040107410003168d2a000a00000e2,2,2,4,322,276,619,492,1.00123,10765,10.7518
025040107410003168d2a000a00000e2,2,2,5,322,276,619,492,1.00123,10765,10.7518
025040107410003168d2a000a00000e2,2,2,6,322,276,619,492,1.00123,10765,10.7518
025040107410003168d2a000a00000e2,2,2,7,322,276,619,492,1.00123,10765,10.7518
025040107410003168d2a000a00000e2,2,2,8,322,276,619,492,1.00123,10765,10.7518
025040107410003168d2a000a00000e2,2,2,9,322,276,619,492,1.00123,10765,10.7518
025040107410003168d2a000a00000e2,2,2,10,322,276,619,492,1.00123,10765,10.7518
025040107410003168d2a000a00000e2,2,2,11,322,276,619,492,1.00123,10765,10.7518
025040107410003168d2a000a00000e2,2,2,12,322,276,619,492,1.00123,10765,10.7518
025040107410003168d2a000a00000e2,2,2,13,322,276,619,492,1.00123,10765,10.7518
025040107410003168d2a000a00000e2,2,2,14,322,276,619,492,1.00123,10766,10.7528
025040107410003168d2a000a00000e2,2,2,15,322,276,619,492,1.00123,10768,10.7548
025040107410003168d2a000a00000e2,2,2,16,322,276,619,492,1.00123,10768,10.7548
025040107410003168d2a000a00000e2,2,2,17,322,276,619,492,1.00123,10768,10.7548
025040107410003168d2a000a00000e2,2,2,18,322,276,619,492,1.00123,10768,10.7548
025040107410003168d2a000a00000e2,2,2,19,322,276,619,492,1.00123,10768,10.7548
025040107410003168d2a000a00000e2,2,2,20,322,276,619,492,1.00123,10768,10.7548
025040107410003168d2a000a00000e2,2,2,21,322,276,619,492,1.00123,10768,10.7548
025040107410003168d2a000a00000e2,2,2,22,322,276,619,492,1.00123,10768,10.7548
025040107410003168d2a000a00000e2,2,2,23,322,276,619,492,1.00123,10768,10.7548
025040107410003168d2a000a00000e2,2,2,24,322,276,619,492,1.00123,10768,10.7548
025040107410003168d2a000a00000e2,2,2,25,322,276,619,492,1.00123,10768,10.7548
025040107410003168d2a000a00000e2,2,2,26,322,276,619,492,1.00123,10768,10.7548
025040107410003168d2a000a00000e2,2,2,27,322,276,619,492,1.00123,10768,10.7548
025040107410003168d2a000a00000e2,2,2,28,322,276,619,492,1.00123,10768,10.7548
025040107410003168d2a000a00000e2,2,2,29,322,276,619,492,1.00123,10768,10.7548
025040107410003168d2a000a00000e2,2,2,30,322,276,619,492,1.00123,10768,10.7548
025040107410003168d2a000a00000e2,2,2,31,322,276,619,492,1.00123,10768,10.7548
025040107410003168d2a000a00000e2,2,2,32,322,276,619,492,1.00123,10768,10.7548
025040107410003168d2a000a00000e2,2,2,33,322,276,619,492,1.00123,10768,10.7548
025040107410003168d2a000a00000e2,2,2,34,322,276,619,492,1.00123,10768,10.7548
025040107410003168d2a000a00000e2,2,2,35,322,276,619,492,1.00123,10768,10.7548
025040107410003168d2a000a00000e2,2,2,36,322,276,619,492,1.00123,10768,10.7548
025040107410003168d2a000a00000e2,2,2,37,322,276,619,492,1.00123,10768,10.7548
025040107410003168d2a000a00000e2,2,2,38,322,276,619,492,1.00123,10768,10.7548
025040107410003168d2a000a00000e2,2,2,39,322,276,619,492,1.00123,10768,10.7548
025040107410003168d2a000a00000e2,2,2,40,322,276,619,492,1.00123,10768,10.7548
025040107410003168d2a000a00000e2,2,2,41,322,276,619,492,1.00123,10768,10.7548
025040107410003168d2a000a00000e2,2,2,42,322,276,619,492,1.00123,10768,10.7548
025040107410003168d2a000a00000e2,2,2,43,322,276,619,492,1.00123,10768,10.7548
025040107410003168d2a000a00000e2,2,2,44,322,276,619,492,1.00123,10757,10.7438
025040107410003168d2a000a00000e2,2,2,45,322,276,619,492,1.00123,10768,10.7548
025040107410003168d2a000a00000e2,2,2,46,322,276,619,492,1.00123,10768,10.7548
025040107410003168d2a000a00000e2,2,2,47,322,276,619,492,1.00123,10768,10.7548
025040107410003168d2a000a00000e2,2,2,48,322,276,619,492,1.00123,10768,10.7548
025040107410003168d2a000a00000e2,2,2,49,322,276,619,492,1.00123,10767,10.7538
025040107410003168d2a000a00000e2,2,2,50,322,276,619,492,1.00123,10763,10.7498
025040107410003168d2a000a00000e2,2,2,51,322,276,619,492,1.00123,10767,10.7538
025040107410003168d2a000a00000e2,2,2,52,322,276,619,492,1.00123,10757,10.7438
025040107410003168d2a000a00000e2,2,2,53,322,276,619,492,1.00123,10767,10.7538
025040107410003168d2a000a00000e2,2,2,54,322,276,619,492,1.00123,10764,10.7508
025040107410003168d2a000a00000e2,2,2,55,322,276,619,492,1.00123,10767,10.7538
025040107410003168d2a000a00000e2,2,2,56,322,276,619,492,1.00123,10767,10.7538
025040107410003168d2a000a00000e2,2,2,57,322,276,619,492,1.00123,10767,10.7538
025040107410003168d2a000a00000e2,2,2,58,322,276,619,492,1.00123,10767,10.7538
025040107410003168d2a000a00000e2,2,2,59,322,276,619,492,1.00123,10767,10.7538
025040107410003168d2a000a00000e2,2,2,60,322,276,619,492,1.00123,10761,10.7478
025040107410003168d2a000a00000e2,2,2,61,322,276,619,492,1.00123,10767,10.7538
025040107410003168d2a000a00000e2,2,2,62,322,276,619,492,1.00123,10738,10.7248
025040107410003168d2a000a00000e2,2,2,63,322,276,619,492,1.00123,10767,10.7538
025040107410003168d2a000a00000e2,2,2,0,322,276,620,493,1.00123,10790,10.7768
025040107410003168d2a000a00000e2,2,2,1,322,276,620,493,1.00123,10790,10.7768
025040107410003168d2a000a00000e2,2,2,2,322,276,620,493,1.00123,10790,10.7768
025040107410003168d2a000a00000e2,2,2,3,322,276,620,493,1.00123,10790,10.7768
025040107410003168d2a000a00000e2,2,2,4,322,276,620,493,1.00123,10790,10.7768
025040107410003168d2a000a00000e2,2,2,5,322,276,620,493,1.00123,10790,10.7768
025040107410003168d2a000a00000e2,2,2,6,322,276,620,493,1.00123,10790,10.7768
025040107410003168d2a000a00000e2,2,2,7,322,276,620,493,1.00123,10789,10.7758
025040107410003168d2a000a00000e2,2,2,8,322,276,620,493,1.00123,10790,10.7768
025040107410003168d2a000a00000e2,2,2,9,322,276,620,493,1.00123,10790,10.7768
025040107410003168d2a000a00000e2,2,2,10,322,276,620,493,1.00123,10790,10.7768
025040107410003168d2a000a00000e2,2,2,11,322,276,620,493,1.00123,10790,10.7768
025040107410003168d2a000a00000e2,2,2,12,322,276,620,493,1.00123,10790,10.7768
025040107410003168d2a000a00000e2,2,2,13,322,276,620,493,1.00123,10790,10.7768
025040107410003168d2a000a00000e2,2,2,14,322,276,620,493,1.00123,10790,10.7768
025040107410003168d2a000a00000e2,2,2,15,322,276,620,493,1.00123,10791,10.7778
025040107410003168d2a000a00000e2,2,2,16,322,276,620,493,1.00123,10791,10.7778
025040107410003168d2a000a00000e2,2,2,17,322,276,620,493,1.00123,10791,10.7778
025040107410003168d2a000a00000e2,2,2,18,322,276,620,493,1.00123,10791,10.7778
025040107410003168d2a000a00000e2,2,2,19,322,276,620,493,1.00123,10791,10.7778
025040107410003168d2a000a00000e2,2,2,20,322,276,620,493,1.00123,10791,10.7778
025040107410003168d2a000a00000e2,2,2,21,322,276,620,493,1.00123,10791,10.7778
025040107410003168d2a000a00000e2,2,2,22,322,276,620,493,1.00123,10791,10.7778
025040107410003168d2a000a00000e2,2,2,23,322,276,620,493,1.00123,10791,10.7778
025040107410003168d2a000a00000e2,2,2,24,322,276,620,493,1.00123,10790,10.7768
025040107410003168d2a000a00000e2,2,2,25,322,276,620,493,1.00123,10791,10.7778
025040107410003168d2a000a00000e2,2,2,26,322,276,620,493,1.00123,10790,10.7768
025040107410003168d2a000a00000e2,2,2,27,322,276,620,493,1.00123,10791,10.7778
025040107410003168d2a000a00000e2,2,2,28,322,276,620,493,1.00123,10790,10.7768
025040107410003168d2a000a00000e2,2,2,29,322,276,620,493,1.00123,10791,10.7778
025040107410003168d2a000a00000e2,2,2,30,322,276,620,493,1.00123,10791,10.7778
025040107410003168d2a000a00000e2,2,2,31,322,276,620,493,1.00123,10791,10.7778
025040107410003168d2a000a00000e2,2,2,32,322,276,620,493,1.00123,10790,10.7768
025040107410003168d2a000a00000e2,2,2,33,322,276,620,493,1.00123,10791,10.7778
025040107410003168d2a000a00000e2,2,2,34,322,276,620,493,1.00123,10790,10.7768
025040107410003168d2a000a00000e2,2,2,35,322,276,620,493,1.00123,10791,10.7778
025040107410003168d2a000a00000e2,2,2,36,322,276,620,493,1.00123,10791,10.7778
025040107410003168d2a000a00000e2,2,2,37,322,276,620,493,1.00123,10791,10.7778
025040107410003168d2a000a00000e2,2,2,38,322,276,620,493,1.00123,10791,10.7778
025040107410003168d2a000a00000e2,2,2,39,322,276,620,493,1.00123,10791,10.7778
025040107410003168d2a000a00000e2,2,2,40,322,276,620,493,1.00123,10791,10.7778
025040107410003168d2a000a00000e2,2,2,41,322,276,620,493,1.00123,10791,10.7778
025040107410003168d2a000a00000e2,2,2,42,322,276,620,493,1.00123,10791,10.7778
025040107410003168d2a000a00000e2,2,2,43,322,276,620,493,1.00123,10791,10.7778
025040107410003168d2a000a00000e2,2,2,44,322,276,620,493,1.00123,10776,10.7628
025040107410003168d2a000a00000e2,2,2,45,322,276,620,493,1.00123,10791,10.7778
025040107410003168d2a000a00000e2,2,2,46,322,276,620,493,1.00123,10790,10.7768
025040107410003168d2a000a00000e2,2,2,47,322,276,620,493,1.00123,10791,10.7778
025040107410003168d2a000a00000e2,2,2,48,322,276,620,493,1.00123,10789,10.7758
025040107410003168d2a000a00000e2,2,2,49,322,276,620,493,1.00123,10791,10.7778
025040107410003168d2a000a00000e2,2,2,50,322,276,620,493,1.00123,10783,10.7698
025040107410003168d2a000a00000e2,2,2,51,322,276,620,493,1.00123,10791,10.7778
025040107410003168d2a000a00000e2,2,2,52,322,276,620,493,1.00123,10778,10.7648
025040107410003168d2a000a00000e2,2,2,53,322,276,620,493,1.00123,10791,10.7778
025040107410003168d2a000a00000e2,2,2,54,322,276,620,493,1.00123,10786,10.7728
025040107410003168d2a000a00000e2,2,2,55,322,276,620,493,1.00123,10789,10.7758
025040107410003168d2a000a00000e2,2,2,56,322,276,620,493,1.00123,10791,10.7778
025040107410003168d2a000a00000e2,2,2,57,322,276,620,493,1.00123,10791,10.7778
025040107410003168d2a000a00000e2,2,2,58,322,276,620,493,1.00123,10790,10.7768
025040107410003168d2a000a00000e2,2,2,59,322,276,620,493,1.00123,10790,10.7768
025040107410003168d2a000a00000e2,2,2,60,322,276,620,493,1.00123,10783,10.7698
025040107410003168d2a000a00000e2,2,2,61,322,276,620,493,1.00123,10791,10.7778
025040107410003168d2a000a00000e2,2,2,62,322,276,620,493,1.00123,10760,10.7468
025040107410003168d2a000a00000e2,2,2,63,322,276,620,493,1.00123,10791,10.7778
025040107410003168d2a000a00000e2,2,2,0,322,276,621,494,1.00123,10813,10.7998
025040107410003168d2a000a00000e2,2,2,1,322,276,621,494,1.00123,10813,10.7998
025040107410003168d2a000a00000e2,2,2,2,322,276,621,494,1.00123,10813,10.7998
025040107410003168d2a000a00000e2,2,2,3,322,276,621,494,1.00123,10813,10.7998
025040107410003168d2a000a00000e2,2,2,4,322,276,621,494,1.00123,10813,10.7998
025040107410003168d2a000a00000e2,2,2,5,322,276,621,494,1.00123,10813,10.7998
025040107410003168d2a000a00000e2,2,2,6,322,276,621,494,1.00123,10813,10.7998
025040107410003168d2a000a00000e2,2,2,7,322,276,621,494,1.00123,10813,10.7998
025040107410003168d2a000a00000e2,2,2,8,322,276,621,494,1.00123,10813,10.7998
025040107410003168d2a000a00000e2,2,2,9,322,276,621,494,1.00123,10813,10.7998
025040107410003168d2a000a00000e2,2,2,10,322,276,621,494,1.00123,10813,10.7998
025040107410003168d2a000a00000e2,2,2,11,322,276,621,494,1.00123,10813,10.7998
025040107410003168d2a000a00000e2,2,2,12,322,276,621,494,1.00123,10813,10.7998
025040107410003168d2a000a00000e2,2,2,13,322,276,621,494,1.00123,10813,10.7998
025040107410003168d2a000a00000e2,2,2,14,322,276,621,494,1.00123,10814,10.8008
025040107410003168d2a000a00000e2,2,2,15,322,276,621,494,1.00123,10814,10.8008
025040107410003168d2a000a00000e2,2,2,16,322,276,621,494,1.00123,10814,10.8008
025040107410003168d2a000a00000e2,2,2,17,322,276,621,494,1.00123,10814,10.8008
025040107410003168d2a000a00000e2,2,2,18,322,276,621,494,1.00123,10814,10.8008
025040107410003168d2a000a00000e2,2,2,19,322,276,621,494,1.00123,10814,10.8008
025040107410003168d2a000a00000e2,2,2,20,322,276,621,494,1.00123,10814,10.8008
025040107410003168d2a000a00000e2,2,2,21,322,276,621,494,1.00123,10814,10.8008
025040107410003168d2a000a00000e2,2,2,22,322,276,621,494,1.00123,10814,10.8008
025040107410003168d2a000a00000e2,2,2,23,322,276,621,494,1.00123,10814,10.8008
025040107410003168d2a000a00000e2,2,2,24,322,276,621,494,1.00123,10814,10.8008
025040107410003168d2a000a00000e2,2,2,25,322,276,621,494,1.00123,10814,10.8008
025040107410003168d2a000a00000e2,2,2,26,322,276,621,494,1.00123,10814,10.8008
025040107410003168d2a000a00000e2,2,2,27,322,276,621,494,1.00123,10814,10.8008
025040107410003168d2a000a00000e2,2,2,28,322,276,621,494,1.00123,10814,10.8008
025040107410003168d2a000a00000e2,2,2,29,322,276,621,494,1.00123,10814,10.8008
025040107410003168d2a000a00000e2,2,2,30,322,276,621,494,1.00123,10814,10.8008
025040107410003168d2a000a00000e2,2,2,31,322,276,621,494,1.00123,10814,10.8008
025040107410003168d2a000a00000e2,2,2,32,322,276,621,494,1.00123,10814,10.8008
025040107410003168d2a000a00000e2,2,2,33,322,276,621,494,1.00123,10814,10.8008
025040107410003168d2a000a00000e2,2,2,34,322,276,621,494,1.00123,10814,10.8008
025040107410003168d2a000a00000e2,2,2,35,322,276,621,494,1.00123,10814,10.8008
025040107410003168d2a000a00000e2,2,2,36,322,276,621,494,1.00123,10814,10.8008
025040107410003168d2a000a00000e2,2,2,37,322,276,621,494,1.00123,10814,10.8008
025040107410003168d2a000a00000e2,2,2,38,322,276,621,494,1.00123,10814,10.8008
025040107410003168d2a000a00000e2,2,2,39,322,276,621,494,1.00123,10814,10.8008
025040107410003168d2a000a00000e2,2,2,40,322,276,621,494,1.00123,10814,10.8008
025040107410003168d2a000a00000e2,2,2,41,322,276,621,494,1.00123,10814,10.8008
025040107410003168d2a000a00000e2,2,2,42,322,276,621,494,1.00123,10814,10.8008
025040107410003168d2a000a00000e2,2,2,43,322,276,621,494,1.00123,10814,10.8008
025040107410003168d2a000a00000e2,2,2,44,322,276,621,494,1.00123,10799,10.7858
025040107410003168d2a000a00000e2,2,2,45,322,276,621,494,1.00123,10814,10.8008
025040107410003168d2a000a00000e2,2,2,46,322,276,621,494,1.00123,10814,10.8008
025040107410003168d2a000a00000e2,2,2,47,322,276,621,494,1.00123,10814,10.8008
025040107410003168d2a000a00000e2,2,2,48,322,276,621,494,1.00123,10814,10.8008
025040107410003168d2a000a00000e2,2,2,49,322,276,621,494,1.00123,10814,10.8008
025040107410003168d2a000a00000e2,2,2,50,322,276,621,494,1.00123,10809,10.7958
025040107410003168d2a000a00000e2,2,2,51,322,276,621,494,1.00123,10814,10.8008
025040107410003168d2a000a00000e2,2,2,52,322,276,621,494,1.00123,10804,10.7908
025040107410003168d2a000a00000e2,2,2,53,322,276,621,494,1.00123,10814,10.8008
025040107410003168d2a000a00000e2,2,2,54,322,276,621,494,1.00123,10810,10.7968
025040107410003168d2a000a00000e2,2,2,55,322,276,621,494,1.00123,10814,10.8008
025040107410003168d2a000a00000e2,2,2,56,322,276,621,494,1.00123,10814,10.8008
025040107410003168d2a000a00000e2,2,2,57,322,276,621,494,1.00123,10814,10.8008
025040107410003168d2a000a00000e2,2,2,58,322,276,621,494,1.00123,10814,10.8008
025040107410003168d2a000a00000e2,2,2,59,322,276,621,494,1.00123,10814,10.8008
025040107410003168d2a000a00000e2,2,2,60,322,276,621,494,1.00123,10808,10.7948
025040107410003168d2a000a00000e2,2,2,61,322,276,621,494,1.00123,10814,10.8008
025040107410003168d2a000a00000e2,2,2,62,322,276,621,494,1.00123,10775,10.7618
025040107410003168d2a000a00000e2,2,2,63,322,276,621,494,1.00123,10813,10.7998
025040107410003168d2a000a00000e2,2,2,0,322,276,622,495,1.00123,10814,10.8008
025040107410003168d2a000a00000e2,2,2,1,322,276,622,495,1.00123,10814,10.8008
025040107410003168d2a000a00000e2,2,2,2,322,276,622,495,1.00123,10814,10.8008
025040107410003168d2a000a00000e2,2,2,3,322,276,622,495,1.00123,10814,10.8008
025040107410003168d2a000a00000e2,2,2,4,322,276,622,495,1.00123,10814,10.8008
025040107410003168d2a000a00000e2,2,2,5,322,276,622,495,1.00123,10814,10.8008
025040107410003168d2a000a00000e2,2,2,6,322,276,622,495,1.00123,10814,10.8008
025040107410003168d2a000a00000e2,2,2,7,322,276,622,495,1.00123,10811,10.7978
025040107410003168d2a000a00000e2,2,2,8,322,276,622,495,1.00123,10814,10.8008
025040107410003168d2a000a00000e2,2,2,9,322,276,622,495,1.00123,10814,10.8008
025040107410003168d2a000a00000e2,2,2,10,322,276,622,495,1.00123,10814,10.8008
025040107410003168d2a000a00000e2,2,2,11,322,276,622,495,1.00123,10814,10.8008
025040107410003168d2a000a00000e2,2,2,12,322,276,622,495,1.00123,10814,10.8008
025040107410003168d2a000a00000e2,2,2,13,322,276,622,495,1.00123,10814,10.8008
025040107410003168d2a000a00000e2,2,2,14,322,276,622,495,1.00123,10814,10.8008
025040107410003168d2a000a00000e2,2,2,15,322,276,622,495,1.00123,10815,10.8018
025040107410003168d2a000a00000e2,2,2,16,322,276,622,495,1.00123,10815,10.8018
025040107410003168d2a000a00000e2,2,2,17,322,276,622,495,1.00123,10815,10.8018
025040107410003168d2a000a00000e2,2,2,18,322,276,622,495,1.00123,10815,10.8018
025040107410003168d2a000a00000e2,2,2,19,322,276,622,495,1.00123,10815,10.8018
025040107410003168d2a000a00000e2,2,2,20,322,276,622,495,1.00123,10815,10.8018
025040107410003168d2a000a00000e2,2,2,21,322,276,622,495,1.00123,10815,10.8018
025040107410003168d2a000a00000e2,2,2,22,322,276,622,495,1.00123,10815,10.8018
025040107410003168d2a000a00000e2,2,2,23,322,276,622,495,1.00123,10815,10.8018
025040107410003168d2a000a00000e2,2,2,24,322,276,622,495,1.00123,10815,10.8018
025040107410003168d2a000a00000e2,2,2,25,322,276,622,495,1.00123,10815,10.8018
025040107410003168d2a000a00000e2,2,2,26,322,276,622,495,1.00123,10815,10.8018
025040107410003168d2a000a00000e2,2,2,27,322,276,622,495,1.00123,10814,10.8008
025040107410003168d2a000a00000e2,2,2,28,322,276,622,495,1.00123,10812,10.7988
025040107410003168d2a000a00000e2,2,2,29,322,276,622,495,1.00123,10814,10.8008
025040107410003168d2a000a00000e2,2,2,30,322,276,622,495,1.00123,10814,10.8008
025040107410003168d2a000a00000e2,2,2,31,322,276,622,495,1.00123,10814,10.8008
025040107410003168d2a000a00000e2,2,2,32,322,276,622,495,1.00123,10814,10.8008
025040107410003168d2a000a00000e2,2,2,33,322,276,622,495,1.00123,10814,10.8008
025040107410003168d2a000a00000e2,2,2,34,322,276,622,495,1.00123,10814,10.8008
025040107410003168d2a000a00000e2,2,2,35,322,276,622,495,1.00123,10814,10.8008
025040107410003168d2a000a00000e2,2,2,36,322,276,622,495,1.00123,10814,10.8008
025040107410003168d2a000a00000e2,2,2,37,322,276,622,495,1.00123,10814,10.8008
025040107410003168d2a000a00000e2,2,2,38,322,276,622,495,1.00123,10814,10.8008
025040107410003168d2a000a00000e2,2,2,39,322,276,622,495,1.00123,10814,10.8008
025040107410003168d2a000a00000e2,2,2,40,322,276,622,495,1.00123,10814,10.8008
025040107410003168d2a000a00000e2,2,2,41,322,276,622,495,1.00123,10814,10.8008
025040107410003168d2a000a00000e2,2,2,42,322,276,622,495,1.00123,10814,10.8008
025040107410003168d2a000a00000e2,2,2,43,322,276,622,495,1.00123,10814,10.8008
025040107410003168d2a000a00000e2,2,2,44,322,276,622,495,1.00123,10792,10.7788
025040107410003168d2a000a00000e2,2,2,45,322,276,622,495,1.00123,10814,10.8008
025040107410003168d2a000a00000e2,2,2,46,322,276,622,495,1.00123,10811,10.7978
025040107410003168d2a000a00000e2,2,2,47,322,276,622,495,1.00123,10814,10.8008
025040107410003168d2a000a00000e2,2,2,48,322,276,622,495,1.00123,10810,10.7968
025040107410003168d2a000a00000e2,2,2,49,322,276,622,495,1.00123,10814,10.8008
025040107410003168d2a000a00000e2,2,2,50,322,276,622,495,1.00123,10808,10.7948
025040107410003168d2a000a00000e2,2,2,51,322,276,622,495,1.00123,10814,10.8008
025040107410003168d2a000a00000e2,2,2,52,322,276,622,495,1.00123,10798,10.7848
025040107410003168d2a000a00000e2,2,2,53,322,276,622,495,1.00123,10814,10.8008
025040107410003168d2a000a00000e2,2,2,54,322,276,622,495,1.00123,10808,10.7948
025040107410003168d2a000a00000e2,2,2,55,322,276,622,495,1.00123,10813,10.7998
025040107410003168d2a000a00000e2,2,2,56,322,276,622,495,1.00123,10814,10.8008
025040107410003168d2a000a00000e2,2,2,57,322,276,622,495,1.00123,10814,10.8008
025040107410003168d2a000a00000e2,2,2,58,322,276,622,495,1.00123,10814,10.8008
025040107410003168d2a000a00000e2,2,2,59,322,276,622,495,1.00123,10814,10.8008
025040107410003168d2a000a00000e2,2,2,60,322,276,622,495,1.00123,10807,10.7938
025040107410003168d2a000a00000e2,2,2,61,322,276,622,495,1.00123,10814,10.8008
025040107410003168d2a000a00000e2,2,2,62,322,276,622,495,1.00123,10777,10.7638
025040107410003168d2a000a00000e2,2,2,63,322,276,622,495,1.00123,10814,10.8008
025040107410003168d2a000a00000e2,2,2,0,322,276,623,495,1.00123,10790,10.7768
025040107410003168d2a000a00000e2,2,2,1,322,276,623,495,1.00123,10790,10.7768
025040107410003168d2a000a00000e2,2,2,2,322,276,623,495,1.00123,10790,10.7768
025040107410003168d2a000a00000e2,2,2,3,322,276,623,495,1.00123,10790,10.7768
025040107410003168d2a000a00000e2,2,2,4,322,276,623,495,1.00123,10790,10.7768
025040107410003168d2a000a00000e2,2,2,5,322,276,623,495,1.00123,10790,10.7768
025040107410003168d2a000a00000e2,2,2,6,322,276,623,495,1.00123,10790,10.7768
025040107410003168d2a000a00000e2,2,2,7,322,276,623,495,1.00123,10789,10.7758
025040107410003168d2a000a00000e2,2,2,8,322,276,623,495,1.00123,10790,10.7768
025040107410003168d2a000a00000e2,2,2,9,322,276,623,495,1.00123,10790,10.7768
025040107410003168d2a000a00000e2,2,2,10,322,276,623,495,1.00123,10790,10.7768
025040107410003168d2a000a00000e2,2,2,11,322,276,623,495,1.00123,10790,10.7768
025040107410003168d2a000a00000e2,2,2,12,322,276,623,495,1.00123,10790,10.7768
025040107410003168d2a000a00000e2,2,2,13,322,276,623,495,1.00123,10790,10.7768
025040107410003168d2a000a00000e2,2,2,14,322,276,623,495,1.00123,10791,10.7778
025040107410003168d2a000a00000e2,2,2,15,322,276,623,495,1.00123,10791,10.7778
025040107410003168d2a000a00000e2,2,2,16,322,276,623,495,1.00123,10791,10.7778
025040107410003168d2a000a00000e2,2,2,17,322,276,623,495,1.00123,10791,10.7778
025040107410003168d2a000a00000e2,2,2,18,322,276,623,495,1.00123,10791,10.7778
025040107410003168d2a000a00000e2,2,2,19,322,276,623,495,1.00123,10791,10.7778
025040107410003168d2a000a00000e2,2,2,20,322,276,623,495,1.00123,10791,10.7778
025040107410003168d2a000a00000e2,2,2,21,322,276,623,495,1.00123,10791,10.7778
025040107410003168d2a000a00000e2,2,2,22,322,276,623,495,1.00123,10791,10.7778
025040107410003168d2a000a00000e2,2,2,23,322,276,623,495,1.00123,10791,10.7778
025040107410003168d2a000a00000e2,2,2,24,322,276,623,495,1.00123,10789,10.7758
025040107410003168d2a000a00000e2,2,2,25,322,276,623,495,1.00123,10791,10.7778
025040107410003168d2a000a00000e2,2,2,26,322,276,623,495,1.00123,10791,10.7778
025040107410003168d2a000a00000e2,2,2,27,322,276,623,495,1.00123,10791,10.7778
025040107410003168d2a000a00000e2,2,2,28,322,276,623,495,1.00123,10789,10.7758
025040107410003168d2a000a00000e2,2,2,29,322,276,623,495,1.00123,10791,10.7778
025040107410003168d2a000a00000e2,2,2,30,322,276,623,495,1.00123,10791,10.7778
025040107410003168d2a000a00000e2,2,2,31,322,276,623,495,1.00123,10791,10.7778
025040107410003168d2a000a00000e2,2,2,32,322,276,623,495,1.00123,10791,10.7778
025040107410003168d2a000a00000e2,2,2,33,322,276,623,495,1.00123,10791,10.7778
025040107410003168d2a000a00000e2,2,2,34,322,276,623,495,1.00123,10791,10.7778
025040107410003168d2a000a00000e2,2,2,35,322,276,623,495,1.00123,10791,10.7778
025040107410003168d2a000a00000e2,2,2,36,322,276,623,495,1.00123,10791,10.7778
025040107410003168d2a000a00000e2,2,2,37,322,276,623,495,1.00123,10791,10.7778
025040107410003168d2a000a00000e2,2,2,38,322,276,623,495,1.00123,10791,10.7778
025040107410003168d2a000a00000e2,2,2,39,322,276,623,495,1.00123,10791,10.7778
025040107410003168d2a000a00000e2,2,2,40,322,276,623,495,1.00123,10791,10.7778
025040107410003168d2a000a00000e2,2,2,41,322,276,623,495,1.00123,10791,10.7778
025040107410003168d2a000a00000e2,2,2,42,322,276,623,495,1.00123,10791,10.7778
025040107410003168d2a000a00000e2,2,2,43,322,276,623,495,1.00123,10791,10.7778
025040107410003168d2a000a00000e2,2,2,44,322,276,623,495,1.00123,10771,10.7578
025040107410003168d2a000a00000e2,2,2,45,322,276,623,495,1.00123,10791,10.7778
025040107410003168d2a000a00000e2,2,2,46,322,276,623,495,1.00123,10789,10.7758
025040107410003168d2a000a00000e2,2,2,47,322,276,623,495,1.00123,10791,10.7778
025040107410003168d2a000a00000e2,2,2,48,322,276,623,495,1.00123,10788,10.7748
025040107410003168d2a000a00000e2,2,2,49,322,276,623,495,1.00123,10791,10.7778
025040107410003168d2a000a00000e2,2,2,50,322,276,623,495,1.00123,10787,10.7738
025040107410003168d2a000a00000e2,2,2,51,322,276,623,495,1.00123,10791,10.7778
025040107410003168d2a000a00000e2,2,2,52,322,276,623,495,1.00123,10775,10.7618
025040107410003168d2a000a00000e2,2,2,53,322,276,623,495,1.00123,10791,10.7778
025040107410003168d2a000a00000e2,2,2,54,322,276,623,495,1.00123,10786,10.7728
025040107410003168d2a000a00000e2,2,2,55,322,276,623,495,1.00123,10791,10.7778
025040107410003168d2a000a00000e2,2,2,56,322,276,623,495,1.00123,10791,10.7778
025040107410003168d2a000a00000e2,2,2,57,322,276,623,495,1.00123,10791,10.7778
025040107410003168d2a000a00000e2,2,2,58,322,276,623,495,1.00123,10791,10.7778
025040107410003168d2a000a00000e2,2,2,59,322,276,623,495,1.00123,10791,10.7778
025040107410003168d2a000a00000e2,2,2,60,322,276,623,495,1.00123,10784,10.7708
025040107410003168d2a000a00000e2,2,2,61,322,276,623,495,1.00123,10791,10.7778
025040107410003168d2a000a00000e2,2,2,62,322,276,623,495,1.00123,10758,10.7448
025040107410003168d2a000a00000e2,2,2,63,322,276,623,495,1.00123,10791,10.7778
025040107410003168d2a000a00000e2,2,2,0,322,276,624,496,1.00123,10814,10.8008
025040107410003168d2a000a00000e2,2,2,1,322,276,624,496,1.00123,10814,10.8008
025040107410003168d2a000a00000e2,2,2,2,322,276,624,496,1.00123,10814,10.8008
025040107410003168d2a000a00000e2,2,2,3,322,276,624,496,1.00123,10814,10.8008
025040107410003168d2a000a00000e2,2,2,4,322,276,624,496,1.00123,10814,10.8008
025040107410003168d2a000a00000e2,2,2,5,322,276,624,496,1.00123,10814,10.8008
025040107410003168d2a000a00000e2,2,2,6,322,276,624,496,1.00123,10814,10.8008
025040107410003168d2a000a00000e2,2,2,7,322,276,624,496,1.00123,10812,10.7988
025040107410003168d2a000a00000e2,2,2,8,322,276,624,496,1.00123,10814,10.8008
025040107410003168d2a000a00000e2,2,2,9,322,276,624,496,1.00123,10814,10.8008
025040107410003168d2a000a00000e2,2,2,10,322,276,624,496,1.00123,10814,10.8008
025040107410003168d2a000a00000e2,2,2,11,322,276,624,496,1.00123,10814,10.8008
025040107410003168d2a000a00000e2,2,2,12,322,276,624,496,1.00123,10815,10.8018
025040107410003168d2a000a00000e2,2,2,13,322,276,624,496,1.00123,10815,10.8018
025040107410003168d2a000a00000e2,2,2,14,322,276,624,496,1.00123,10815,10.8018
025040107410003168d2a000a00000e2,2,2,15,322,276,624,496,1.00123,10815,10.8018
025040107410003168d2a000a00000e2,2,2,16,322,276,624,496,1.00123,10815,10.8018
025040107410003168d2a000a00000e2,2,2,17,322,276,624,496,1.00123,10815,10.8018
025040107410003168d2a000a00000e2,2,2,18,322,276,624,496,1.00123,10815,10.8018
025040107410003168d2a000a00000e2,2,2,19,322,276,624,496,1.00123,10815,10.8018
025040107410003168d2a000a00000e2,2,2,20,322,276,624,496,1.00123,10815,10.8018
025040107410003168d2a000a00000e2,2,2,21,322,276,624,496,1.00123,10815,10.8018
025040107410003168d2a000a00000e2,2,2,22,322,276,624,496,1.00123,10815,10.8018
025040107410003168d2a000a00000e2,2,2,23,322,276,624,496,1.00123,10815,10.8018
025040107410003168d2a000a00000e2,2,2,24,322,276,624,496,1.00123,10814,10.8008
025040107410003168d2a000a00000e2,2,2,25,322,276,624,496,1.00123,10815,10.8018
025040107410003168d2a000a00000e2,2,2,26,322,276,624,496,1.00123,10814,10.8008
025040107410003168d2a000a00000e2,2,2,27,322,276,624,496,1.00123,10815,10.8018
025040107410003168d2a000a00000e2,2,2,28,322,276,624,496,1.00123,10813,10.7998
025040107410003168d2a000a00000e2,2,2,29,322,276,624,496,1.00123,10815,10.8018
025040107410003168d2a000a00000e2,2,2,30,322,276,624,496,1.00123,10815,10.8018
025040107410003168d2a000a00000e2,2,2,31,322,276,624,496,1.00123,10815,10.8018
025040107410003168d2a000a00000e2,2,2,32,322,276,624,496,1.00123,10814,10.8008
025040107410003168d2a000a00000e2,2,2,33,322,276,624,496,1.00123,10815,10.8018
025040107410003168d2a000a00000e2,2,2,34,322,276,624,496,1.00123,10815,10.8018
025040107410003168d2a000a00000e2,2,2,35,322,276,624,496,1.00123,10815,10.8018
025040107410003168d2a000a00000e2,2,2,36,322,276,624,496,1.00123,10815,10.8018
025040107410003168d2a000a00000e2,2,2,37,322,276,624,496,1.00123,10815,10.8018
025040107410003168d2a000a00000e2,2,2,38,322,276,624,496,1.00123,10815,10.8018
025040107410003168d2a000a00000e2,2,2,39,322,276,624,496,1.00123,10815,10.8018
025040107410003168d2a000a00000e2,2,2,40,322,276,624,496,1.00123,10814,10.8008
025040107410003168d2a000a00000e2,2,2,41,322,276,624,496,1.00123,10814,10.8008
025040107410003168d2a000a00000e2,2,2,42,322,276,624,496,1.00123,10814,10.8008
025040107410003168d2a000a00000e2,2,2,43,322,276,624,496,1.00123,10814,10.8008
025040107410003168d2a000a00000e2,2,2,44,322,276,624,496,1.00123,10787,10.7738
025040107410003168d2a000a00000e2,2,2,45,322,276,624,496,1.00123,10814,10.8008
025040107410003168d2a000a00000e2,2,2,46,322,276,624,496,1.00123,10812,10.7988
025040107410003168d2a000a00000e2,2,2,47,322,276,624,496,1.00123,10814,10.8008
025040107410003168d2a000a00000e2,2,2,48,322,276,624,496,1.00123,10812,10.7988
025040107410003168d2a000a00000e2,2,2,49,322,276,624,496,1.00123,10814,10.8008
025040107410003168d2a000a00000e2,2,2,50,322,276,624,496,1.00123,10808,10.7948
025040107410003168d2a000a00000e2,2,2,51,322,276,624,496,1.00123,10814,10.8008
025040107410003168d2a000a00000e2,2,2,52,322,276,624,496,1.00123,10797,10.7838
025040107410003168d2a000a00000e2,2,2,53,322,276,624,496,1.00123,10814,10.8008
025040107410003168d2a000a00000e2,2,2,54,322,276,624,496,1.00123,10809,10.7958
025040107410003168d2a000a00000e2,2,2,55,322,276,624,496,1.00123,10813,10.7998
025040107410003168d2a000a00000e2,2,2,56,322,276,624,496,1.00123,10814,10.8008
025040107410003168d2a000a00000e2,2,2,57,322,276,624,496,1.00123,10814,10.8008
025040107410003168d2a000a00000e2,2,2,58,322,276,624,496,1.00123,10813,10.7998
025040107410003168d2a000a00000e2,2,2,59,322,276,624,496,1.00123,10813,10.7998
025040107410003168d2a000a00000e2,2,2,60,322,276,624,496,1.00123,10805,10.7918
025040107410003168d2a000a00000e2,2,2,61,322,276,624,496,1.00123,10814,10.8008
025040107410003168d2a000a00000e2,2,2,62,322,276,624,496,1.00123,10772,10.7588
025040107410003168d2a000a00000e2,2,2,63,322,276,624,496,1.00123,10814,10.8008
025040107410003168d2a000a00000e2,2,2,0,322,276,625,497,1.00123,10742,10.7288
025040107410003168d2a000a00000e2,2,2,1,322,276,625,497,1.00123,10742,10.7288
025040107410003168d2a000a00000e2,2,2,2,322,276,625,497,1.00123,10742,10.7288
025040107410003168d2a000a00000e2,2,2,3,322,276,625,497,1.00123,10742,10.7288
025040107410003168d2a000a00000e2,2,2,4,322,276,625,497,1.00123,10742,10.7288
025040107410003168d2a000a00000e2,2,2,5,322,276,625,497,1.00123,10742,10.7288
025040107410003168d2a000a00000e2,2,2,6,322,276,625,497,1.00123,10742,10.7288
025040107410003168d2a000a00000e2,2,2,7,322,276,625,497,1.00123,10740,10.7268
025040107410003168d2a000a00000e2,2,2,8,322,276,625,497,1.00123,10742,10.7288
025040107410003168d2a000a00000e2,2,2,9,322,276,625,497,1.00123,10742,10.7288
025040107410003168d2a000a00000e2,2,2,10,322,276,625,497,1.00123,10742,10.7288
025040107410003168d2a000a00000e2,2,2,11,322,276,625,497,1.00123,10742,10.7288
025040107410003168d2a000a00000e2,2,2,12,322,276,625,497,1.00123,10744,10.7308
025040107410003168d2a000a00000e2,2,2,13,322,276,625,497,1.00123,10744,10.7308
025040107410003168d2a000a00000e2,2,2,14,322,276,625,497,1.00123,10746,10.7328
025040107410003168d2a000a00000e2,2,2,15,322,276,625,497,1.00123,10746,10.7328
025040107410003168d2a000a00000e2,2,2,16,322,276,625,497,1.00123,10746,10.7328
025040107410003168d2a000a00000e2,2,2,17,322,276,625,497,1.00123,10746,10.7328
025040107410003168d2a000a00000e2,2,2,18,322,276,625,497,1.00123,10746,10.7328
025040107410003168d2a000a00000e2,2,2,19,322,276,625,497,1.00123,10746,10.7328
025040107410003168d2a000a00000e2,2,2,20,322,276,625,497,1.00123,10746,10.7328
025040107410003168d2a000a00000e2,2,2,21,322,276,625,497,1.00123,10746,10.7328
025040107410003168d2a000a00000e2,2,2,22,322,276,625,497,1.00123,10746,10.7328
025040107410003168d2a000a00000e2,2,2,23,322,276,625,497,1.00123,10746,10.7328
025040107410003168d2a000a00000e2,2,2,24,322,276,625,497,1.00123,10744,10.7308
025040107410003168d2a000a00000e2,2,2,25,322,276,625,497,1.00123,10746,10.7328
025040107410003168d2a000a00000e2,2,2,26,322,276,625,497,1.00123,10746,10.7328
025040107410003168d2a000a00000e2,2,2,27,322,276,625,497,1.00123,10746,10.7328
025040107410003168d2a000a00000e2,2,2,28,322,276,625,497,1.00123,10744,10.7308
025040107410003168d2a000a00000e2,2,2,29,322,276,625,497,1.00123,10746,10.7328
025040107410003168d2a000a00000e2,2,2,30,322,276,625,497,1.00123,10746,10.7328
025040107410003168d2a000a00000e2,2,2,31,322,276,625,497,1.00123,10746,10.7328
025040107410003168d2a000a00000e2,2,2,32,322,276,625,497,1.00123,10745,10.7318
025040107410003168d2a000a00000e2,2,2,33,322,276,625,497,1.00123,10746,10.7328
025040107410003168d2a000a00000e2,2,2,34,322,276,625,497,1.00123,10746,10.7328
025040107410003168d2a000a00000e2,2,2,35,322,276,625,497,1.00123,10746,10.7328
025040107410003168d2a000a00000e2,2,2,36,322,276,625,497,1.00123,10746,10.7328
025040107410003168d2a000a00000e2,2,2,37,322,276,625,497,1.00123,10746,10.7328
025040107410003168d2a000a00000e2,2,2,38,322,276,625,497,1.00123,10746,10.7328
025040107410003168d2a000a00000e2,2,2,39,322,276,625,497,1.00123,10746,10.7328
025040107410003168d2a000a00000e2,2,2,40,322,276,625,497,1.00123,10746,10.7328
025040107410003168d2a000a00000e2,2,2,41,322,276,625,497,1.00123,10746,10.7328
025040107410003168d2a000a00000e2,2,2,42,322,276,625,497,1.00123,10746,10.7328
025040107410003168d2a000a00000e2,2,2,43,322,276,625,497,1.00123,10746,10.7328
025040107410003168d2a000a00000e2,2,2,44,322,276,625,497,1.00123,10720,10.7069
025040107410003168d2a000a00000e2,2,2,45,322,276,625,497,1.00123,10746,10.7328
025040107410003168d2a000a00000e2,2,2,46,322,276,625,497,1.00123,10743,10.7298
025040107410003168d2a000a00000e2,2,2,47,322,276,625,497,1.00123,10745,10.7318
025040107410003168d2a000a00000e2,2,2,48,322,276,625,497,1.00123,10743,10.7298
025040107410003168d2a000a00000e2,2,2,49,322,276,625,497,1.00123,10745,10.7318
025040107410003168d2a000a00000e2,2,2,50,322,276,625,497,1.00123,10738,10.7248
025040107410003168d2a000a00000e2,2,2,51,322,276,625,497,1.00123,10745,10.7318
025040107410003168d2a000a00000e2,2,2,52,322,276,625,497,1.00123,10725,10.7119
025040107410003168d2a000a00000e2,2,2,53,322,276,625,497,1.00123,10745,10.7318
025040107410003168d2a000a00000e2,2,2,54,322,276,625,497,1.00123,10737,10.7238
025040107410003168d2a000a00000e2,2,2,55,322,276,625,497,1.00123,10744,10.7308
025040107410003168d2a000a00000e2,2,2,56,322,276,625,497,1.00123,10745,10.7318
025040107410003168d2a000a00000e2,2,2,57,322,276,625,497,1.00123,10745,10.7318
025040107410003168d2a000a00000e2,2,2,58,322,276,625,497,1.00123,10744,10.7308
025040107410003168d2a000a00000e2,2,2,59,322,276,625,497,1.00123,10745,10.7318
025040107410003168d2a000a00000e2,2,2,60,322,276,625,497,1.00123,10735,10.7219
025040107410003168d2a000a00000e2,2,2,61,322,276,625,497,1.00123,10745,10.7318
025040107410003168d2a000a00000e2,2,2,62,322,276,625,497,1.00123,10703,10.6899
025040107410003168d2a000a00000e2,2,2,63,322,276,625,497,1.00123,10745,10.7318
025040107410003168d2a000a00000e2,2,2,0,322,276,626,497,1.00123,10814,10.8008
025040107410003168d2a000a00000e2,2,2,1,322,276,626,497,1.00123,10814,10.8008
025040107410003168d2a000a00000e2,2,2,2,322,276,626,497,1.00123,10814,10.8008
025040107410003168d2a000a00000e2,2,2,3,322,276,626,497,1.00123,10814,10.8008
025040107410003168d2a000a00000e2,2,2,4,322,276,626,497,1.00123,10814,10.8008
025040107410003168d2a000a00000e2,2,2,5,322,276,626,497,1.00123,10814,10.8008
025040107410003168d2a000a00000e2,2,2,6,322,276,626,497,1.00123,10814,10.8008
025040107410003168d2a000a00000e2,2,2,7,322,276,626,497,1.00123,10810,10.7968
025040107410003168d2a000a00000e2,2,2,8,322,276,626,497,1.00123,10814,10.8008
025040107410003168d2a000a00000e2,2,2,9,322,276,626,497,1.00123,10814,10.8008
025040107410003168d2a000a00000e2,2,2,10,322,276,626,497,1.00123,10814,10.8008
025040107410003168d2a000a00000e2,2,2,11,322,276,626,497,1.00123,10814,10.8008
025040107410003168d2a000a00000e2,2,2,12,322,276,626,497,1.00123,10814,10.8008
025040107410003168d2a000a00000e2,2,2,13,322,276,626,497,1.00123,10815,10.8018
025040107410003168d2a000a00000e2,2,2,14,322,276,626,497,1.00123,10815,10.8018
025040107410003168d2a000a00000e2,2,2,15,322,276,626,497,1.00123,10815,10.8018
025040107410003168d2a000a00000e2,2,2,16,322,276,626,497,1.00123,10815,10.8018
025040107410003168d2a000a00000e2,2,2,17,322,276,626,497,1.00123,10815,10.8018
025040107410003168d2a000a00000e2,2,2,18,322,276,626,497,1.00123,10815,10.8018
025040107410003168d2a000a00000e2,2,2,19,322,276,626,497,1.00123,10815,10.8018
025040107410003168d2a000a00000e2,2,2,20,322,276,626,497,1.00123,10815,10.8018
025040107410003168d2a000a00000e2,2,2,21,322,276,626,497,1.00123,10815,10.8018
025040107410003168d2a000a00000e2,2,2,22,322,276,626,497,1.00123,10815,10.8018
025040107410003168d2a000a00000e2,2,2,23,322,276,626,497,1.00123,10815,10.8018
025040107410003168d2a000a00000e2,2,2,24,322,276,626,497,1.00123,10813,10.7998
025040107410003168d2a000a00000e2,2,2,25,322,276,626,497,1.00123,10815,10.8018
025040107410003168d2a000a00000e2,2,2,26,322,276,626,497,1.00123,10815,10.8018
025040107410003168d2a000a00000e2,2,2,27,322,276,626,497,1.00123,10815,10.8018
025040107410003168d2a000a00000e2,2,2,28,322,276,626,497,1.00123,10813,10.7998
025040107410003168d2a000a00000e2,2,2,29,322,276,626,497,1.00123,10815,10.8018
025040107410003168d2a000a00000e2,2,2,30,322,276,626,497,1.00123,10815,10.8018
025040107410003168d2a000a00000e2,2,2,31,322,276,626,497,1.00123,10815,10.8018
025040107410003168d2a000a00000e2,2,2,32,322,276,626,497,1.00123,10813,10.7998
025040107410003168d2a000a00000e2,2,2,33,322,276,626,497,1.00123,10815,10.8018
025040107410003168d2a000a00000e2,2,2,34,322,276,626,497,1.00123,10814,10.8008
025040107410003168d2a000a00000e2,2,2,35,322,276,626,497,1.00123,10815,10.8018
025040107410003168d2a000a00000e2,2,2,36,322,276,626,497,1.00123,10815,10.8018
025040107410003168d2a000a00000e2,2,2,37,322,276,626,497,1.00123,10815,10.8018
025040107410003168d2a000a00000e2,2,2,38,322,276,626,497,1.00123,10815,10.8018
025040107410003168d2a000a00000e2,2,2,39,322,276,626,497,1.00123,10814,10.8008
025040107410003168d2a000a00000e2,2,2,40,322,276,626,497,1.00123,10813,10.7998
025040107410003168d2a000a00000e2,2,2,41,322,276,626,497,1.00123,10814,10.8008
025040107410003168d2a000a00000e2,2,2,42,322,276,626,497,1.00123,10814,10.8008
025040107410003168d2a000a00000e2,2,2,43,322,276,626,497,1.00123,10814,10.8008
025040107410003168d2a000a00000e2,2,2,44,322,276,626,497,1.00123,10793,10.7798
025040107410003168d2a000a00000e2,2,2,45,322,276,626,497,1.00123,10814,10.8008
025040107410003168d2a000a00000e2,2,2,46,322,276,626,497,1.00123,10812,10.7988
025040107410003168d2a000a00000e2,2,2,47,322,276,626,497,1.00123,10814,10.8008
025040107410003168d2a000a00000e2,2,2,48,322,276,626,497,1.00123,10812,10.7988
025040107410003168d2a000a00000e2,2,2,49,322,276,626,497,1.00123,10814,10.8008
025040107410003168d2a000a00000e2,2,2,50,322,276,626,497,1.00123,10805,10.7918
025040107410003168d2a000a00000e2,2,2,51,322,276,626,497,1.00123,10814,10.8008
025040107410003168d2a000a00000e2,2,2,52,322,276,626,497,1.00123,10800,10.7868
025040107410003168d2a000a00000e2,2,2,53,322,276,626,497,1.00123,10814,10.8008
025040107410003168d2a000a00000e2,2,2,54,322,276,626,497,1.00123,10807,10.7938
025040107410003168d2a000a00000e2,2,2,55,322,276,626,497,1.00123,10811,10.7978
025040107410003168d2a000a00000e2,2,2,56,322,276,626,497,1.00123,10813,10.7998
025040107410003168d2a000a00000e2,2,2,57,322,276,626,497,1.00123,10814,10.8008
025040107410003168d2a000a00000e2,2,2,58,322,276,626,497,1.00123,10812,10.7988
025040107410003168d2a000a00000e2,2,2,59,322,276,626,497,1.00123,10812,10.7988
025040107410003168d2a000a00000e2,2,2,60,322,276,626,497,1.00123,10805,10.7918
025040107410003168d2a000a00000e2,2,2,61,322,276,626,497,1.00123,10814,10.8008
025040107410003168d2a000a00000e2,2,2,62,322,276,626,497,1.00123,10779,10.7658
025040107410003168d2a000a00000e2,2,2,63,322,276,626,497,1.00123,10814,10.8008
025040107410003168d2a000a00000e2,2,2,0,322,276,627,498,1.00123,10816,10.8028
025040107410003168d2a000a00000e2,2,2,1,322,276,627,498,1.00123,10813,10.7998
025040107410003168d2a000a00000e2,2,2,2,322,276,627,498,1.00123,10816,10.8028
025040107410003168d2a000a00000e2,2,2,3,322,276,627,498,1.00123,10816,10.8028
025040107410003168d2a000a00000e2,2,2,4,322,276,627,498,1.00123,10816,10.8028
025040107410003168d2a000a00000e2,2,2,5,322,276,627,498,1.00123,10814,10.8008
025040107410003168d2a000a00000e2,2,2,6,322,276,627,498,1.00123,10814,10.8008
025040107410003168d2a000a00000e2,2,2,7,322,276,627,498,1.00123,10807,10.7938
025040107410003168d2a000a00000e2,2,2,8,322,276,627,498,1.00123,10816,10.8028
025040107410003168d2a000a00000e2,2,2,9,322,276,627,498,1.00123,10816,10.8028
025040107410003168d2a000a00000e2,2,2,10,322,276,627,498,1.00123,10816,10.8028
025040107410003168d2a000a00000e2,2,2,11,322,276,627,498,1.00123,10816,10.8028
025040107410003168d2a000a00000e2,2,2,12,322,276,627,498,1.00123,10815,10.8018
025040107410003168d2a000a00000e2,2,2,13,322,276,627,498,1.00123,10816,10.8028
025040107410003168d2a000a00000e2,2,2,14,322,276,627,498,1.00123,10816,10.8028
025040107410003168d2a000a00000e2,2,2,15,322,276,627,498,1.00123,10817,10.8038
025040107410003168d2a000a00000e2,2,2,16,322,276,627,498,1.00123,10816,10.8028
025040107410003168d2a000a00000e2,2,2,17,322,276,627,498,1.00123,10816,10.8028
025040107410003168d2a000a00000e2,2,2,18,322,276,627,498,1.00123,10816,10.8028
025040107410003168d2a000a00000e2,2,2,19,322,276,627,498,1.00123,10816,10.8028
025040107410003168d2a000a00000e2,2,2,20,322,276,627,498,1.00123,10816,10.8028
025040107410003168d2a000a00000e2,2,2,21,322,276,627,498,1.00123,10816,10.8028
025040107410003168d2a000a00000e2,2,2,22,322,276,627,498,1.00123,10816,10.8028
025040107410003168d2a000a00000e2,2,2,23,322,276,627,498,1.00123,10816,10.8028
025040107410003168d2a000a00000e2,2,2,24,322,276,627,498,1.00123,10811,10.7978
025040107410003168d2a000a00000e2,2,2,25,322,276,627,498,1.00123,10816,10.8028
025040107410003168d2a000a00000e2,2,2,26,322,276,627,498,1.00123,10813,10.7998
025040107410003168d2a000a00000e2,2,2,27,322,276,627,498,1.00123,10816,10.8028
025040107410003168d2a000a00000e2,2,2,28,322,276,627,498,1.00123,10809,10.7958
025040107410003168d2a000a00000e2,2,2,29,322,276,627,498,1.00123,10816,10.8028
025040107410003168d2a000a00000e2,2,2,30,322,276,627,498,1.00123,10816,10.8028
025040107410003168d2a000a00000e2,2,2,31,322,276,627,498,1.00123,10816,10.8028
025040107410003168d2a000a00000e2,2,2,32,322,276,627,498,1.00123,10811,10.7978
025040107410003168d2a000a00000e2,2,2,33,322,276,627,498,1.00123,10816,10.8028
025040107410003168d2a000a00000e2,2,2,34,322,276,627,498,1.00123,10813,10.7998
025040107410003168d2a000a00000e2,2,2,35,322,276,627,498,1.00123,10816,10.8028
025040107410003168d2a000a00000e2,2,2,36,322,276,627,498,1.00123,10816,10.8028
025040107410003168d2a000a00000e2,2,2,37,322,276,627,498,1.00123,10816,10.8028
025040107410003168d2a000a00000e2,2,2,38,322,276,627,498,1.00123,10816,10.8028
025040107410003168d2a000a00000e2,2,2,39,322,276,627,498,1.00123,10816,10.8028
025040107410003168d2a000a00000e2,2,2,40,322,276,627,498,1.00123,10815,10.8018
025040107410003168d2a000a00000e2,2,2,41,322,276,627,498,1.00123,10816,10.8028
025040107410003168d2a000a00000e2,2,2,42,322,276,627,498,1.00123,10815,10.8018
025040107410003168d2a000a00000e2,2,2,43,322,276,627,498,1.00123,10816,10.8028
025040107410003168d2a000a00000e2,2,2,44,322,276,627,498,1.00123,10786,10.7728
025040107410003168d2a000a00000e2,2,2,45,322,276,627,498,1.00123,10815,10.8018
025040107410003168d2a000a00000e2,2,2,46,322,276,627,498,1.00123,10808,10.7948
025040107410003168d2a000a00000e2,2,2,47,322,276,627,498,1.00123,10813,10.7998
025040107410003168d2a000a00000e2,2,2,48,322,276,627,498,1.00123,10806,10.7928
025040107410003168d2a000a00000e2,2,2,49,322,276,627,498,1.00123,10816,10.8028
025040107410003168d2a000a00000e2,2,2,50,322,276,627,498,1.00123,10803,10.7898
025040107410003168d2a000a00000e2,2,2,51,322,276,627,498,1.00123,10814,10.8008
025040107410003168d2a000a00000e2,2,2,52,322,276,627,498,1.00123,10790,10.7768
025040107410003168d2a000a00000e2,2,2,53,322,276,627,498,1.00123,10816,10.8028
025040107410003168d2a000a00000e2,2,2,54,322,276,627,498,1.00123,10803,10.7898
025040107410003168d2a000a00000e2,2,2,55,322,276,627,498,1.00123,10811,10.7978
025040107410003168d2a000a00000e2,2,2,56,322,276,627,498,1.00123,10812,10.7988
025040107410003168d2a000a00000e2,2,2,57,322,276,627,498,1.00123,10816,10.8028
025040107410003168d2a000a00000e2,2,2,58,322,276,627,498,1.00123,10812,10.7988
025040107410003168d2a000a00000e2,2,2,59,322,276,627,498,1.00123,10813,10.7998
025040107410003168d2a000a00000e2,2,2,60,322,276,627,498,1.00123,10796,10.7828
025040107410003168d2a000a00000e2,2,2,61,322,276,627,498,1.00123,10816,10.8028
025040107410003168d2a000a00000e2,2,2,62,322,276,627,498,1.00123,10777,10.7638
025040107410003168d2a000a00000e2,2,2,63,322,276,627,498,1.00123,10815,10.8018
025040107410003168d2a000a00000e2,2,2,0,322,276,628,499,1.00123,10818,10.8048
025040107410003168d2a000a00000e2,2,2,1,322,276,628,499,1.00123,10812,10.7988
025040107410003168d2a000a00000e2,2,2,2,322,276,628,499,1.00123,10818,10.8048
025040107410003168d2a000a00000e2,2,2,3,322,276,628,499,1.00123,10818,10.8048
025040107410003168d2a000a00000e2,2,2,4,322,276,628,499,1.00123,10817,10.8038
025040107410003168d2a000a00000e2,2,2,5,322,276,628,499,1.00123,10812,10.7988
025040107410003168d2a000a00000e2,2,2,6,322,276,628,499,1.00123,10811,10.7978
025040107410003168d2a000a00000e2,2,2,7,322,276,628,499,1.00123,10805,10.7918
025040107410003168d2a000a00000e2,2,2,8,322,276,628,499,1.00123,10817,10.8038
025040107410003168d2a000a00000e2,2,2,9,322,276,628,499,1.00123,10818,10.8048
025040107410003168d2a000a00000e2,2,2,10,322,276,628,499,1.00123,10818,10.8048
025040107410003168d2a000a00000e2,2,2,11,322,276,628,499,1.00123,10818,10.8048
025040107410003168d2a000a00000e2,2,2,12,322,276,628,499,1.00123,10813,10.7998
025040107410003168d2a000a00000e2,2,2,13,322,276,628,499,1.00123,10818,10.8048
025040107410003168d2a000a00000e2,2,2,14,322,276,628,499,1.00123,10816,10.8028
025040107410003168d2a000a00000e2,2,2,15,322,276,628,499,1.00123,10818,10.8048
025040107410003168d2a000a00000e2,2,2,16,322,276,628,499,1.00123,10818,10.8048
025040107410003168d2a000a00000e2,2,2,17,322,276,628,499,1.00123,10814,10.8008
025040107410003168d2a000a00000e2,2,2,18,322,276,628,499,1.00123,10818,10.8048
025040107410003168d2a000a00000e2,2,2,19,322,276,628,499,1.00123,10815,10.8018
025040107410003168d2a000a00000e2,2,2,20,322,276,628,499,1.00123,10818,10.8048
025040107410003168d2a000a00000e2,2,2,21,322,276,628,499,1.00123,10817,10.8038
025040107410003168d2a000a00000e2,2,2,22,322,276,628,499,1.00123,10817,10.8038
025040107410003168d2a000a00000e2,2,2,23,322,276,628,499,1.00123,10817,10.8038
025040107410003168d2a000a00000e2,2,2,24,322,276,628,499,1.00123,10810,10.7968
025040107410003168d2a000a00000e2,2,2,25,322,276,628,499,1.00123,10816,10.8028
025040107410003168d2a000a00000e2,2,2,26,322,276,628,499,1.00123,10811,10.7978
025040107410003168d2a000a00000e2,2,2,27,322,276,628,499,1.00123,10816,10.8028
025040107410003168d2a000a00000e2,2,2,28,322,276,628,499,1.00123,10808,10.7948
025040107410003168d2a000a00000e2,2,2,29,322,276,628,499,1.00123,10818,10.8048
025040107410003168d2a000a00000e2,2,2,30,322,276,628,499,1.00123,10818,10.8048
025040107410003168d2a000a00000e2,2,2,31,322,276,628,499,1.00123,10818,10.8048
025040107410003168d2a000a00000e2,2,2,32,322,276,628,499,1.00123,10809,10.7958
025040107410003168d2a000a00000e2,2,2,33,322,276,628,499,1.00123,10818,10.8048
025040107410003168d2a000a00000e2,2,2,34,322,276,628,499,1.00123,10811,10.7978
025040107410003168d2a000a00000e2,2,2,35,322,276,628,499,1.00123,10818,10.8048
025040107410003168d2a000a00000e2,2,2,36,322,276,628,499,1.00123,10817,10.8038
025040107410003168d2a000a00000e2,2,2,37,322,276,628,499,1.00123,10818,10.8048
025040107410003168d2a000a00000e2,2,2,38,322,276,628,499,1.00123,10818,10.8048
025040107410003168d2a000a00000e2,2,2,39,322,276,628,499,1.00123,10818,10.8048
025040107410003168d2a000a00000e2,2,2,40,322,276,628,499,1.00123,10816,10.8028
025040107410003168d2a000a00000e2,2,2,41,322,276,628,499,1.00123,10816,10.8028
025040107410003168d2a000a00000e2,2,2,42,322,276,628,499,1.00123,10816,10.8028
025040107410003168d2a000a00000e2,2,2,43,322,276,628,499,1.00123,10818,10.8048
025040107410003168d2a000a00000e2,2,2,44,322,276,628,499,1.00123,10788,10.7748
025040107410003168d2a000a00000e2,2,2,45,322,276,628,499,1.00123,10816,10.8028
025040107410003168d2a000a00000e2,2,2,46,322,276,628,499,1.00123,10804,10.7908
025040107410003168d2a000a00000e2,2,2,47,322,276,628,499,1.00123,10811,10.7978
025040107410003168d2a000a00000e2,2,2,48,322,276,628,499,1.00123,10807,10.7938
025040107410003168d2a000a00000e2,2,2,49,322,276,628,499,1.00123,10816,10.8028
025040107410003168d2a000a00000e2,2,2,50,322,276,628,499,1.00123,10797,10.7838
025040107410003168d2a000a00000e2,2,2,51,322,276,628,499,1.00123,10812,10.7988
025040107410003168d2a000a00000e2,2,2,52,322,276,628,499,1.00123,10790,10.7768
025040107410003168d2a000a00000e2,2,2,53,322,276,628,499,1.00123,10817,10.8038
025040107410003168d2a000a00000e2,2,2,54,322,276,628,499,1.00123,10800,10.7868
025040107410003168d2a000a00000e2,2,2,55,322,276,628,499,1.00123,10809,10.7958
025040107410003168d2a000a00000e2,2,2,56,322,276,628,499,1.00123,10812,10.7988
025040107410003168d2a000a00000e2,2,2,57,322,276,628,499,1.00123,10816,10.8028
025040107410003168d2a000a00000e2,2,2,58,322,276,628,499,1.00123,10810,10.7968
025040107410003168d2a000a00000e2,2,2,59,322,276,628,499,1.00123,10809,10.7958
025040107410003168d2a000a00000e2,2,2,60,322,276,628,499,1.00123,10794,10.7808
025040107410003168d2a000a00000e2,2,2,61,322,276,628,499,1.00123,10816,10.8028
025040107410003168d2a000a00000e2,2,2,62,322,276,628,499,1.00123,10774,10.7608
025040107410003168d2a000a00000e2,2,2,63,322,276,628,499,1.00123,10814,10.8008
025040107410003168d2a000a00000e2,2,2,0,322,276,629,500,1.00123,10769,10.7558
025040107410003168d2a000a00000e2,2,2,1,322,276,629,500,1.00123,10761,10.7478
025040107410003168d2a000a00000e2,2,2,2,322,276,629,500,1.00123,10769,10.7558
025040107410003168d2a000a00000e2,2,2,3,322,276,629,500,1.00123,10769,10.7558
025040107410003168d2a000a00000e2,2,2,4,322,276,629,500,1.00123,10768,10.7548
025040107410003168d2a000a00000e2,2,2,5,322,276,629,500,1.00123,10764,10.7508
025040107410003168d2a000a00000e2,2,2,6,322,276,629,500,1.00123,10762,10.7488
025040107410003168d2a000a00000e2,2,2,7,322,276,629,500,1.00123,10760,10.7468
025040107410003168d2a000a00000e2,2,2,8,322,276,629,500,1.00123,10768,10.7548
025040107410003168d2a000a00000e2,2,2,9,322,276,629,500,1.00123,10769,10.7558
025040107410003168d2a000a00000e2,2,2,10,322,276,629,500,1.00123,10769,10.7558
025040107410003168d2a000a00000e2,2,2,11,322,276,629,500,1.00123,10769,10.7558
025040107410003168d2a000a00000e2,2,2,12,322,276,629,500,1.00123,10768,10.7548
025040107410003168d2a000a00000e2,2,2,13,322,276,629,500,1.00123,10771,10.7578
025040107410003168d2a000a00000e2,2,2,14,322,276,629,500,1.00123,10770,10.7568
025040107410003168d2a000a00000e2,2,2,15,322,276,629,500,1.00123,10771,10.7578
025040107410003168d2a000a00000e2,2,2,16,322,276,629,500,1.00123,10771,10.7578
025040107410003168d2a000a00000e2,2,2,17,322,276,629,500,1.00123,10768,10.7548
025040107410003168d2a000a00000e2,2,2,18,322,276,629,500,1.00123,10769,10.7558
025040107410003168d2a000a00000e2,2,2,19,322,276,629,500,1.00123,10769,10.7558
025040107410003168d2a000a00000e2,2,2,20,322,276,629,500,1.00123,10771,10.7578
025040107410003168d2a000a00000e2,2,2,21,322,276,629,500,1.00123,10771,10.7578
025040107410003168d2a000a00000e2,2,2,22,322,276,629,500,1.00123,10771,10.7578
025040107410003168d2a000a00000e2,2,2,23,322,276,629,500,1.00123,10771,10.7578
025040107410003168d2a000a00000e2,2,2,24,322,276,629,500,1.00123,10763,10.7498
025040107410003168d2a000a00000e2,2,2,25,322,276,629,500,1.00123,10771,10.7578
025040107410003168d2a000a00000e2,2,2,26,322,276,629,500,1.00123,10766,10.7528
025040107410003168d2a000a00000e2,2,2,27,322,276,629,500,1.00123,10771,10.7578
025040107410003168d2a000a00000e2,2,2,28,322,276,629,500,1.00123,10762,10.7488
025040107410003168d2a000a00000e2,2,2,29,322,276,629,500,1.00123,10771,10.7578
025040107410003168d2a000a00000e2,2,2,30,322,276,629,500,1.00123,10771,10.7578
025040107410003168d2a000a00000e2,2,2,31,322,276,629,500,1.00123,10771,10.7578
025040107410003168d2a000a00000e2,2,2,32,322,276,629,500,1.00123,10764,10.7508
025040107410003168d2a000a00000e2,2,2,33,322,276,629,500,1.00123,10771,10.7578
025040107410003168d2a000a00000e2,2,2,34,322,276,629,500,1.00123,10766,10.7528
025040107410003168d2a000a00000e2,2,2,35,322,276,629,500,1.00123,10771,10.7578
025040107410003168d2a000a00000e2,2,2,36,322,276,629,500,1.00123,10770,10.7568
025040107410003168d2a000a00000e2,2,2,37,322,276,629,500,1.00123,10771,10.7578
025040107410003168d2a000a00000e2,2,2,38,322,276,629,500,1.00123,10771,10.7578
025040107410003168d2a000a00000e2,2,2,39,322,276,629,500,1.00123,10771,10.7578
025040107410003168d2a000a00000e2,2,2,40,322,276,629,500,1.00123,10768,10.7548
025040107410003168d2a000a00000e2,2,2,41,322,276,629,500,1.00123,10771,10.7578
025040107410003168d2a000a00000e2,2,2,42,322,276,629,500,1.00123,10767,10.7538
025040107410003168d2a000a00000e2,2,2,43,322,276,629,500,1.00123,10771,10.7578
025040107410003168d2a000a00000e2,2,2,44,322,276,629,500,1.00123,10739,10.7258
025040107410003168d2a000a00000e2,2,2,45,322,276,629,500,1.00123,10770,10.7568
025040107410003168d2a000a00000e2,2,2,46,322,276,629,500,1.00123,10763,10.7498
025040107410003168d2a000a00000e2,2,2,47,322,276,629,500,1.00123,10767,10.7538
025040107410003168d2a000a00000e2,2,2,48,322,276,629,500,1.00123,10764,10.7508
025040107410003168d2a000a00000e2,2,2,49,322,276,629,500,1.00123,10772,10.7588
025040107410003168d2a000a00000e2,2,2,50,322,276,629,500,1.00123,10760,10.7468
025040107410003168d2a000a00000e2,2,2,51,322,276,629,500,1.00123,10767,10.7538
025040107410003168d2a000a00000e2,2,2,52,322,276,629,500,1.00123,10744,10.7308
025040107410003168d2a000a00000e2,2,2,53,322,276,629,500,1.00123,10772,10.7588
025040107410003168d2a000a00000e2,2,2,54,322,276,629,500,1.00123,10760,10.7468
025040107410003168d2a000a00000e2,2,2,55,322,276,629,500,1.00123,10765,10.7518
025040107410003168d2a000a00000e2,2,2,56,322,276,629,500,1.00123,10767,10.7538
025040107410003168d2a000a00000e2,2,2,57,322,276,629,500,1.00123,10771,10.7578
025040107410003168d2a000a00000e2,2,2,58,322,276,629,500,1.00123,10763,10.7498
025040107410003168d2a000a00000e2,2,2,59,322,276,629,500,1.00123,10765,10.7518
025040107410003168d2a000a00000e2,2,2,60,322,276,629,500,1.00123,10755,10.7418
025040107410003168d2a000a00000e2,2,2,61,322,276,629,500,1.00123,10769,10.7558
025040107410003168d2a000a00000e2,2,2,62,322,276,629,500,1.00123,10719,10.7059
025040107410003168d2a000a00000e2,2,2,63,322,276,629,500,1.00123,10767,10.7538
025040107410003168d2a000a00000e2,2,2,0,322,276,630,501,1.00123,10792,10.7788
025040107410003168d2a000a00000e2,2,2,1,322,276,630,501,1.00123,10789,10.7758
025040107410003168d2a000a00000e2,2,2,2,322,276,630,501,1.00123,10792,10.7788
025040107410003168d2a000a00000e2,2,2,3,322,276,630,501,1.00123,10792,10.7788
025040107410003168d2a000a00000e2,2,2,4,322,276,630,501,1.00123,10790,10.7768
025040107410003168d2a000a00000e2,2,2,5,322,276,630,501,1.00123,10790,10.7768
025040107410003168d2a000a00000e2,2,2,6,322,276,630,501,1.00123,10790,10.7768
025040107410003168d2a000a00000e2,2,2,7,322,276,630,501,1.00123,10781,10.7678
025040107410003168d2a000a00000e2,2,2,8,322,276,630,501,1.00123,10792,10.7788
025040107410003168d2a000a00000e2,2,2,9,322,276,630,501,1.00123,10792,10.7788
025040107410003168d2a000a00000e2,2,2,10,322,276,630,501,1.00123,10792,10.7788
025040107410003168d2a000a00000e2,2,2,11,322,276,630,501,1.00123,10792,10.7788
025040107410003168d2a000a00000e2,2,2,12,322,276,630,501,1.00123,10790,10.7768
025040107410003168d2a000a00000e2,2,2,13,322,276,630,501,1.00123,10794,10.7808
025040107410003168d2a000a00000e2,2,2,14,322,276,630,501,1.00123,10794,10.7808
025040107410003168d2a000a00000e2,2,2,15,322,276,630,501,1.00123,10794,10.7808
025040107410003168d2a000a00000e2,2,2,16,322,276,630,501,1.00123,10794,10.7808
025040107410003168d2a000a00000e2,2,2,17,322,276,630,501,1.00123,10792,10.7788
025040107410003168d2a000a00000e2,2,2,18,322,276,630,501,1.00123,10792,10.7788
025040107410003168d2a000a00000e2,2,2,19,322,276,630,501,1.00123,10793,10.7798
025040107410003168d2a000a00000e2,2,2,20,322,276,630,501,1.00123,10794,10.7808
025040107410003168d2a000a00000e2,2,2,21,322,276,630,501,1.00123,10794,10.7808
025040107410003168d2a000a00000e2,2,2,22,322,276,630,501,1.00123,10794,10.7808
025040107410003168d2a000a00000e2,2,2,23,322,276,630,501,1.00123,10794,10.7808
025040107410003168d2a000a00000e2,2,2,24,322,276,630,501,1.00123,10790,10.7768
025040107410003168d2a000a00000e2,2,2,25,322,276,630,501,1.00123,10794,10.7808
025040107410003168d2a000a00000e2,2,2,26,322,276,630,501,1.00123,10791,10.7778
025040107410003168d2a000a00000e2,2,2,27,322,276,630,501,1.00123,10794,10.7808
025040107410003168d2a000a00000e2,2,2,28,322,276,630,501,1.00123,10790,10.7768
025040107410003168d2a000a00000e2,2,2,29,322,276,630,501,1.00123,10794,10.7808
025040107410003168d2a000a00000e2,2,2,30,322,276,630,501,1.00123,10794,10.7808
025040107410003168d2a000a00000e2,2,2,31,322,276,630,501,1.00123,10794,10.7808
025040107410003168d2a000a00000e2,2,2,32,322,276,630,501,1.00123,10791,10.7778
025040107410003168d2a000a00000e2,2,2,33,322,276,630,501,1.00123,10794,10.7808
025040107410003168d2a000a00000e2,2,2,34,322,276,630,501,1.00123,10792,10.7788
025040107410003168d2a000a00000e2,2,2,35,322,276,630,501,1.00123,10794,10.7808
025040107410003168d2a000a00000e2,2,2,36,322,276,630,501,1.00123,10792,10.7788
025040107410003168d2a000a00000e2,2,2,37,322,276,630,501,1.00123,10794,10.7808
025040107410003168d2a000a00000e2,2,2,38,322,276,630,501,1.00123,10794,10.7808
025040107410003168d2a000a00000e2,2,2,39,322,276,630,501,1.00123,10794,10.7808
025040107410003168d2a000a00000e2,2,2,40,322,276,630,501,1.00123,10792,10.7788
025040107410003168d2a000a00000e2,2,2,41,322,276,630,501,1.00123,10794,10.7808
025040107410003168d2a000a00000e2,2,2,42,322,276,630,501,1.00123,10792,10.7788
025040107410003168d2a000a00000e2,2,2,43,322,276,630,501,1.00123,10794,10.7808
025040107410003168d2a000a00000e2,2,2,44,322,276,630,501,1.00123,10761,10.7478
025040107410003168d2a000a00000e2,2,2,45,322,276,630,501,1.00123,10792,10.7788
025040107410003168d2a000a00000e2,2,2,46,322,276,630,501,1.00123,10788,10.7748
025040107410003168d2a000a00000e2,2,2,47,322,276,630,501,1.00123,10792,10.7788
025040107410003168d2a000a00000e2,2,2,48,322,276,630,501,1.00123,10790,10.7768
025040107410003168d2a000a00000e2,2,2,49,322,276,630,501,1.00123,10794,10.7808
025040107410003168d2a000a00000e2,2,2,50,322,276,630,501,1.00123,10773,10.7598
025040107410003168d2a000a00000e2,2,2,51,322,276,630,501,1.00123,10791,10.7778
025040107410003168d2a000a00000e2,2,2,52,322,276,630,501,1.00123,10764,10.7508
025040107410003168d2a000a00000e2,2,2,53,322,276,630,501,1.00123,10793,10.7798
025040107410003168d2a000a00000e2,2,2,54,322,276,630,501,1.00123,10776,10.7628
025040107410003168d2a000a00000e2,2,2,55,322,276,630,501,1.00123,10790,10.7768
025040107410003168d2a000a00000e2,2,2,56,322,276,630,501,1.00123,10790,10.7768
025040107410003168d2a000a00000e2,2,2,57,322,276,630,501,1.00123,10793,10.7798
025040107410003168d2a000a00000e2,2,2,58,322,276,630,501,1.00123,10789,10.7758
025040107410003168d2a000a00000e2,2,2,59,322,276,630,501,1.00123,10789,10.7758
025040107410003168d2a000a00000e2,2,2,60,322,276,630,501,1.00123,10771,10.7578
025040107410003168d2a000a00000e2,2,2,61,322,276,630,501,1.00123,10791,10.7778
025040107410003168d2a000a00000e2,2,2,62,322,276,630,501,1.00123,10739,10.7258
025040107410003168d2a000a00000e2,2,2,63,322,276,630,501,1.00123,10791,10.7778
025040107410003168d2a000a00000e2,2,2,0,322,276,631,502,1.00123,10821,10.8077
025040107410003168d2a000a00000e2,2,2,1,322,276,631,502,1.00123,10809,10.7958
025040107410003168d2a000a00000e2,2,2,2,322,276,631,502,1.00123,10821,10.8077
025040107410003168d2a000a00000e2,2,2,3,322,276,631,502,1.00123,10821,10.8077
025040107410003168d2a000a00000e2,2,2,4,322,276,631,502,1.00123,10811,10.7978
025040107410003168d2a000a00000e2,2,2,5,322,276,631,502,1.00123,10809,10.7958
025040107410003168d2a000a00000e2,2,2,6,322,276,631,502,1.00123,10810,10.7968
025040107410003168d2a000a00000e2,2,2,7,322,276,631,502,1.00123,10803,10.7898
025040107410003168d2a000a00000e2,2,2,8,322,276,631,502,1.00123,10818,10.8048
025040107410003168d2a000a00000e2,2,2,9,322,276,631,502,1.00123,10820,10.8067
025040107410003168d2a000a00000e2,2,2,10,322,276,631,502,1.00123,10820,10.8067
025040107410003168d2a000a00000e2,2,2,11,322,276,631,502,1.00123,10820,10.8067
025040107410003168d2a000a00000e2,2,2,12,322,276,631,502,1.00123,10811,10.7978
025040107410003168d2a000a00000e2,2,2,13,322,276,631,502,1.00123,10821,10.8077
025040107410003168d2a000a00000e2,2,2,14,322,276,631,502,1.00123,10815,10.8018
025040107410003168d2a000a00000e2,2,2,15,322,276,631,502,1.00123,10821,10.8077
025040107410003168d2a000a00000e2,2,2,16,322,276,631,502,1.00123,10821,10.8077
025040107410003168d2a000a00000e2,2,2,17,322,276,631,502,1.00123,10811,10.7978
025040107410003168d2a000a00000e2,2,2,18,322,276,631,502,1.00123,10814,10.8008
025040107410003168d2a000a00000e2,2,2,19,322,276,631,502,1.00123,10812,10.7988
025040107410003168d2a000a00000e2,2,2,20,322,276,631,502,1.00123,10821,10.8077
025040107410003168d2a000a00000e2,2,2,21,322,276,631,502,1.00123,10821,10.8077
025040107410003168d2a000a00000e2,2,2,22,322,276,631,502,1.00123,10821,10.8077
025040107410003168d2a000a00000e2,2,2,23,322,276,631,502,1.00123,10821,10.8077
025040107410003168d2a000a00000e2,2,2,24,322,276,631,502,1.00123,10809,10.7958
025040107410003168d2a000a00000e2,2,2,25,322,276,631,502,1.00123,10819,10.8057
025040107410003168d2a000a00000e2,2,2,26,322,276,631,502,1.00123,10810,10.7968
025040107410003168d2a000a00000e2,2,2,27,322,276,631,502,1.00123,10820,10.8067
025040107410003168d2a000a00000e2,2,2,28,322,276,631,502,1.00123,10809,10.7958
025040107410003168d2a000a00000e2,2,2,29,322,276,631,502,1.00123,10821,10.8077
025040107410003168d2a000a00000e2,2,2,30,322,276,631,502,1.00123,10818,10.8048
025040107410003168d2a000a00000e2,2,2,31,322,276,631,502,1.00123,10821,10.8077
025040107410003168d2a000a00000e2,2,2,32,322,276,631,502,1.00123,10809,10.7958
025040107410003168d2a000a00000e2,2,2,33,322,276,631,502,1.00123,10821,10.8077
025040107410003168d2a000a00000e2,2,2,34,322,276,631,502,1.00123,10811,10.7978
025040107410003168d2a000a00000e2,2,2,35,322,276,631,502,1.00123,10821,10.8077
025040107410003168d2a000a00000e2,2,2,36,322,276,631,502,1.00123,10813,10.7998
025040107410003168d2a000a00000e2,2,2,37,322,276,631,502,1.00123,10821,10.8077
025040107410003168d2a000a00000e2,2,2,38,322,276,631,502,1.00123,10821,10.8077
025040107410003168d2a000a00000e2,2,2,39,322,276,631,502,1.00123,10821,10.8077
025040107410003168d2a000a00000e2,2,2,40,322,276,631,502,1.00123,10813,10.7998
025040107410003168d2a000a00000e2,2,2,41,322,276,631,502,1.00123,10820,10.8067
025040107410003168d2a000a00000e2,2,2,42,322,276,631,502,1.00123,10811,10.7978
025040107410003168d2a000a00000e2,2,2,43,322,276,631,502,1.00123,10821,10.8077
025040107410003168d2a000a00000e2,2,2,44,322,276,631,502,1.00123,10783,10.7698
025040107410003168d2a000a00000e2,2,2,45,322,276,631,502,1.00123,10812,10.7988
025040107410003168d2a000a00000e2,2,2,46,322,276,631,502,1.00123,10808,10.7948
025040107410003168d2a000a00000e2,2,2,47,322,276,631,502,1.00123,10810,10.7968
025040107410003168d2a000a00000e2,2,2,48,322,276,631,502,1.00123,10808,10.7948
025040107410003168d2a000a00000e2,2,2,49,322,276,631,502,1.00123,10817,10.8038
025040107410003168d2a000a00000e2,2,2,50,322,276,631,502,1.00123,10797,10.7838
025040107410003168d2a000a00000e2,2,2,51,322,276,631,502,1.00123,10811,10.7978
025040107410003168d2a000a00000e2,2,2,52,322,276,631,502,1.00123,10785,10.7718
025040107410003168d2a000a00000e2,2,2,53,322,276,631,502,1.00123,10821,10.8077
025040107410003168d2a000a00000e2,2,2,54,322,276,631,502,1.00123,10799,10.7858
025040107410003168d2a000a00000e2,2,2,55,322,276,631,502,1.00123,10808,10.7948
025040107410003168d2a000a00000e2,2,2,56,322,276,631,502,1.00123,10811,10.7978
025040107410003168d2a000a00000e2,2,2,57,322,276,631,502,1.00123,10814,10.8008
025040107410003168d2a000a00000e2,2,2,58,322,276,631,502,1.00123,10810,10.7968
025040107410003168d2a000a00000e2,2,2,59,322,276,631,502,1.00123,10809,10.7958
025040107410003168d2a000a00000e2,2,2,60,322,276,631,502,1.00123,10789,10.7758
025040107410003168d2a000a00000e2,2,2,61,322,276,631,502,1.00123,10815,10.8018
025040107410003168d2a000a00000e2,2,2,62,322,276,631,502,1.00123,10762,10.7488
025040107410003168d2a000a00000e2,2,2,63,322,276,631,502,1.00123,10812,10.7988
025040107410003168d2a000a00000e2,2,2,0,322,276,632,502,1.00123,10845,10.8317
025040107410003168d2a000a00000e2,2,2,1,322,276,632,502,1.00123,10836,10.8227
025040107410003168d2a000a00000e2,2,2,2,322,276,632,502,1.00123,10845,10.8317
025040107410003168d2a000a00000e2,2,2,3,322,276,632,502,1.00123,10845,10.8317
025040107410003168d2a000a00000e2,2,2,4,322,276,632,502,1.00123,10839,10.8257
025040107410003168d2a000a00000e2,2,2,5,322,276,632,502,1.00123,10836,10.8227
025040107410003168d2a000a00000e2,2,2,6,322,276,632,502,1.00123,10838,10.8247
025040107410003168d2a000a00000e2,2,2,7,322,276,632,502,1.00123,10824,10.8107
025040107410003168d2a000a00000e2,2,2,8,322,276,632,502,1.00123,10840,10.8267
025040107410003168d2a000a00000e2,2,2,9,322,276,632,502,1.00123,10844,10.8307
025040107410003168d2a000a00000e2,2,2,10,322,276,632,502,1.00123,10844,10.8307
025040107410003168d2a000a00000e2,2,2,11,322,276,632,502,1.00123,10844,10.8307
025040107410003168d2a000a00000e2,2,2,12,322,276,632,502,1.00123,10837,10.8237
025040107410003168d2a000a00000e2,2,2,13,322,276,632,502,1.00123,10844,10.8307
025040107410003168d2a000a00000e2,2,2,14,322,276,632,502,1.00123,10838,10.8247
025040107410003168d2a000a00000e2,2,2,15,322,276,632,502,1.00123,10844,10.8307
025040107410003168d2a000a00000e2,2,2,16,322,276,632,502,1.00123,10841,10.8277
025040107410003168d2a000a00000e2,2,2,17,322,276,632,502,1.00123,10837,10.8237
025040107410003168d2a000a00000e2,2,2,18,322,276,632,502,1.00123,10838,10.8247
025040107410003168d2a000a00000e2,2,2,19,322,276,632,502,1.00123,10838,10.8247
025040107410003168d2a000a00000e2,2,2,20,322,276,632,502,1.00123,10844,10.8307
025040107410003168d2a000a00000e2,2,2,21,322,276,632,502,1.00123,10844,10.8307
025040107410003168d2a000a00000e2,2,2,22,322,276,632,502,1.00123,10844,10.8307
025040107410003168d2a000a00000e2,2,2,23,322,276,632,502,1.00123,10844,10.8307
025040107410003168d2a000a00000e2,2,2,24,322,276,632,502,1.00123,10835,10.8217
025040107410003168d2a000a00000e2,2,2,25,322,276,632,502,1.00123,10841,10.8277
025040107410003168d2a000a00000e2,2,2,26,322,276,632,502,1.00123,10836,10.8227
025040107410003168d2a000a00000e2,2,2,27,322,276,632,502,1.00123,10841,10.8277
025040107410003168d2a000a00000e2,2,2,28,322,276,632,502,1.00123,10835,10.8217
025040107410003168d2a000a00000e2,2,2,29,322,276,632,502,1.00123,10844,10.8307
025040107410003168d2a000a00000e2,2,2,30,322,276,632,502,1.00123,10841,10.8277
025040107410003168d2a000a00000e2,2,2,31,322,276,632,502,1.00123,10844,10.8307
025040107410003168d2a000a00000e2,2,2,32,322,276,632,502,1.00123,10834,10.8207
025040107410003168d2a000a00000e2,2,2,33,322,276,632,502,1.00123,10844,10.8307
025040107410003168d2a000a00000e2,2,2,34,322,276,632,502,1.00123,10837,10.8237
025040107410003168d2a000a00000e2,2,2,35,322,276,632,502,1.00123,10844,10.8307
025040107410003168d2a000a00000e2,2,2,36,322,276,632,502,1.00123,10838,10.8247
025040107410003168d2a000a00000e2,2,2,37,322,276,632,502,1.00123,10844,10.8307
025040107410003168d2a000a00000e2,2,2,38,322,276,632,502,1.00123,10843,10.8297
025040107410003168d2a000a00000e2,2,2,39,322,276,632,502,1.00123,10843,10.8297
025040107410003168d2a000a00000e2,2,2,40,322,276,632,502,1.00123,10837,10.8237
025040107410003168d2a000a00000e2,2,2,41,322,276,632,502,1.00123,10843,10.8297
025040107410003168d2a000a00000e2,2,2,42,322,276,632,502,1.00123,10838,10.8247
025040107410003168d2a000a00000e2,2,2,43,322,276,632,502,1.00123,10844,10.8307
025040107410003168d2a000a00000e2,2,2,44,322,276,632,502,1.00123,10797,10.7838
025040107410003168d2a000a00000e2,2,2,45,322,276,632,502,1.00123,10839,10.8257
025040107410003168d2a000a00000e2,2,2,46,322,276,632,502,1.00123,10827,10.8137
025040107410003168d2a000a00000e2,2,2,47,322,276,632,502,1.00123,10838,10.8247
025040107410003168d2a000a00000e2,2,2,48,322,276,632,502,1.00123,10827,10.8137
025040107410003168d2a000a00000e2,2,2,49,322,276,632,502,1.00123,10840,10.8267
025040107410003168d2a000a00000e2,2,2,50,322,276,632,502,1.00123,10815,10.8018
025040107410003168d2a000a00000e2,2,2,51,322,276,632,502,1.00123,10837,10.8237
025040107410003168d2a000a00000e2,2,2,52,322,276,632,502,1.00123,10801,10.7878
025040107410003168d2a000a00000e2,2,2,53,322,276,632,502,1.00123,10844,10.8307
025040107410003168d2a000a00000e2,2,2,54,322,276,632,502,1.00123,10814,10.8008
025040107410003168d2a000a00000e2,2,2,55,322,276,632,502,1.00123,10830,10.8167
025040107410003168d2a000a00000e2,2,2,56,322,276,632,502,1.00123,10835,10.8217
025040107410003168d2a000a00000e2,2,2,57,322,276,632,502,1.00123,10840,10.8267
025040107410003168d2a000a00000e2,2,2,58,322,276,632,502,1.00123,10834,10.8207
025040107410003168d2a000a00000e2,2,2,59,322,276,632,502,1.00123,10833,10.8197
025040107410003168d2a000a00000e2,2,2,60,322,276,632,502,1.00123,10806,10.7928
025040107410003168d2a000a00000e2,2,2,61,322,276,632,502,1.00123,10839,10.8257
025040107410003168d2a000a00000e2,2,2,62,322,276,632,502,1.00123,10775,10.7618
025040107410003168d2a000a00000e2,2,2,63,322,276,632,502,1.00123,10838,10.8247
025040107410003168d2a000a00000e2,2,2,0,322,276,633,503,1.00123,10846,10.8327
025040107410003168d2a000a00000e2,2,2,1,322,276,633,503,1.00123,10833,10.8197
025040107410003168d2a000a00000e2,2,2,2,322,276,633,503,1.00123,10846,10.8327
025040107410003168d2a000a00000e2,2,2,3,322,276,633,503,1.00123,10846,10.8327
025040107410003168d2a000a00000e2,2,2,4,322,276,633,503,1.00123,10841,10.8277
025040107410003168d2a000a00000e2,2,2,5,322,276,633,503,1.00123,10833,10.8197
025040107410003168d2a000a00000e2,2,2,6,322,276,633,503,1.00123,10836,10.8227
025040107410003168d2a000a00000e2,2,2,7,322,276,633,503,1.00123,10820,10.8067
025040107410003168d2a000a00000e2,2,2,8,322,276,633,503,1.00123,10845,10.8317
025040107410003168d2a000a00000e2,2,2,9,322,276,633,503,1.00123,10846,10.8327
025040107410003168d2a000a00000e2,2,2,10,322,276,633,503,1.00123,10846,10.8327
025040107410003168d2a000a00000e2,2,2,11,322,276,633,503,1.00123,10846,10.8327
025040107410003168d2a000a00000e2,2,2,12,322,276,633,503,1.00123,10840,10.8267
025040107410003168d2a000a00000e2,2,2,13,322,276,633,503,1.00123,10846,10.8327
025040107410003168d2a000a00000e2,2,2,14,322,276,633,503,1.00123,10844,10.8307
025040107410003168d2a000a00000e2,2,2,15,322,276,633,503,1.00123,10846,10.8327
025040107410003168d2a000a00000e2,2,2,16,322,276,633,503,1.00123,10844,10.8307
025040107410003168d2a000a00000e2,2,2,17,322,276,633,503,1.00123,10839,10.8257
025040107410003168d2a000a00000e2,2,2,18,322,276,633,503,1.00123,10841,10.8277
025040107410003168d2a000a00000e2,2,2,19,322,276,633,503,1.00123,10840,10.8267
025040107410003168d2a000a00000e2,2,2,20,322,276,633,503,1.00123,10846,10.8327
025040107410003168d2a000a00000e2,2,2,21,322,276,633,503,1.00123,10846,10.8327
025040107410003168d2a000a00000e2,2,2,22,322,276,633,503,1.00123,10846,10.8327
025040107410003168d2a000a00000e2,2,2,23,322,276,633,503,1.00123,10846,10.8327
025040107410003168d2a000a00000e2,2,2,24,322,276,633,503,1.00123,10832,10.8187
025040107410003168d2a000a00000e2,2,2,25,322,276,633,503,1.00123,10845,10.8317
025040107410003168d2a000a00000e2,2,2,26,322,276,633,503,1.00123,10836,10.8227
025040107410003168d2a000a00000e2,2,2,27,322,276,633,503,1.00123,10846,10.8327
025040107410003168d2a000a00000e2,2,2,28,322,276,633,503,1.00123,10827,10.8137
025040107410003168d2a000a00000e2,2,2,29,322,276,633,503,1.00123,10846,10.8327
025040107410003168d2a000a00000e2,2,2,30,322,276,633,503,1.00123,10844,10.8307
025040107410003168d2a000a00000e2,2,2,31,322,276,633,503,1.00123,10846,10.8327
025040107410003168d2a000a00000e2,2,2,32,322,276,633,503,1.00123,10826,10.8127
025040107410003168d2a000a00000e2,2,2,33,322,276,633,503,1.00123,10846,10.8327
025040107410003168d2a000a00000e2,2,2,34,322,276,633,503,1.00123,10837,10.8237
025040107410003168d2a000a00000e2,2,2,35,322,276,633,503,1.00123,10846,10.8327
025040107410003168d2a000a00000e2,2,2,36,322,276,633,503,1.00123,10841,10.8277
025040107410003168d2a000a00000e2,2,2,37,322,276,633,503,1.00123,10845,10.8317
025040107410003168d2a000a00000e2,2,2,38,322,276,633,503,1.00123,10844,10.8307
025040107410003168d2a000a00000e2,2,2,39,322,276,633,503,1.00123,10845,10.8317
025040107410003168d2a000a00000e2,2,2,40,322,276,633,503,1.00123,10840,10.8267
025040107410003168d2a000a00000e2,2,2,41,322,276,633,503,1.00123,10845,10.8317
025040107410003168d2a000a00000e2,2,2,42,322,276,633,503,1.00123,10839,10.8257
025040107410003168d2a000a00000e2,2,2,43,322,276,633,503,1.00123,10845,10.8317
025040107410003168d2a000a00000e2,2,2,44,322,276,633,503,1.00123,10794,10.7808
025040107410003168d2a000a00000e2,2,2,45,322,276,633,503,1.00123,10841,10.8277
025040107410003168d2a000a00000e2,2,2,46,322,276,633,503,1.00123,10822,10.8087
025040107410003168d2a000a00000e2,2,2,47,322,276,633,503,1.00123,10833,10.8197
025040107410003168d2a000a00000e2,2,2,48,322,276,633,503,1.00123,10823,10.8097
025040107410003168d2a000a00000e2,2,2,49,322,276,633,503,1.00123,10843,10.8297
025040107410003168d2a000a00000e2,2,2,50,322,276,633,503,1.00123,10807,10.7938
025040107410003168d2a000a00000e2,2,2,51,322,276,633,503,1.00123,10836,10.8227
025040107410003168d2a000a00000e2,2,2,52,322,276,633,503,1.00123,10797,10.7838
025040107410003168d2a000a00000e2,2,2,53,322,276,633,503,1.00123,10845,10.8317
025040107410003168d2a000a00000e2,2,2,54,322,276,633,503,1.00123,10808,10.7948
025040107410003168d2a000a00000e2,2,2,55,322,276,633,503,1.00123,10824,10.8107
025040107410003168d2a000a00000e2,2,2,56,322,276,633,503,1.00123,10835,10.8217
025040107410003168d2a000a00000e2,2,2,57,322,276,633,503,1.00123,10841,10.8277
025040107410003168d2a000a00000e2,2,2,58,322,276,633,503,1.00123,10828,10.8147
025040107410003168d2a000a00000e2,2,2,59,322,276,633,503,1.00123,10829,10.8157
025040107410003168d2a000a00000e2,2,2,60,322,276,633,503,1.00123,10802,10.7888
025040107410003168d2a000a00000e2,2,2,61,322,276,633,503,1.00123,10841,10.8277
025040107410003168d2a000a00000e2,2,2,62,322,276,633,503,1.00123,10773,10.7598
025040107410003168d2a000a00000e2,2,2,63,322,276,633,503,1.00123,10837,10.8237
025040107410003168d2a000a00000e2,2,2,0,322,276,634,504,1.0027,10801,10.7719
025040107410003168d2a000a00000e2,2,2,1,322,276,634,504,1.0027,10781,10.752
025040107410003168d2a000a00000e2,2,2,2,322,276,634,504,1.0027,10801,10.7719
025040107410003168d2a000a00000e2,2,2,3,322,276,634,504,1.0027,10801,10.7719
025040107410003168d2a000a00000e2,2,2,4,322,276,634,504,1.0027,10792,10.7629
025040107410003168d2a000a00000e2,2,2,5,322,276,634,504,1.0027,10782,10.753
025040107410003168d2a000a00000e2,2,2,6,322,276,634,504,1.0027,10788,10.7589
025040107410003168d2a000a00000e2,2,2,7,322,276,634,504,1.0027,10770,10.741
025040107410003168d2a000a00000e2,2,2,8,322,276,634,504,1.0027,10793,10.7639
025040107410003168d2a000a00000e2,2,2,9,322,276,634,504,1.0027,10801,10.7719
025040107410003168d2a000a00000e2,2,2,10,322,276,634,504,1.0027,10800,10.7709
025040107410003168d2a000a00000e2,2,2,11,322,276,634,504,1.0027,10799,10.7699
025040107410003168d2a000a00000e2,2,2,12,322,276,634,504,1.0027,10793,10.7639
025040107410003168d2a000a00000e2,2,2,13,322,276,634,504,1.0027,10800,10.7709
025040107410003168d2a000a00000e2,2,2,14,322,276,634,504,1.0027,10796,10.7669
025040107410003168d2a000a00000e2,2,2,15,322,276,634,504,1.0027,10802,10.7729
025040107410003168d2a000a00000e2,2,2,16,322,276,634,504,1.0027,10795,10.7659
025040107410003168d2a000a00000e2,2,2,17,322,276,634,504,1.0027,10792,10.7629
025040107410003168d2a000a00000e2,2,2,18,322,276,634,504,1.0027,10794,10.7649
025040107410003168d2a000a00000e2,2,2,19,322,276,634,504,1.0027,10794,10.7649
025040107410003168d2a000a00000e2,2,2,20,322,276,634,504,1.0027,10802,10.7729
025040107410003168d2a000a00000e2,2,2,21,322,276,634,504,1.0027,10803,10.7739
025040107410003168d2a000a00000e2,2,2,22,322,276,634,504,1.0027,10802,10.7729
025040107410003168d2a000a00000e2,2,2,23,322,276,634,504,1.0027,10803,10.7739
025040107410003168d2a000a00000e2,2,2,24,322,276,634,504,1.0027,10784,10.755
025040107410003168d2a000a00000e2,2,2,25,322,276,634,504,1.0027,10797,10.7679
025040107410003168d2a000a00000e2,2,2,26,322,276,634,504,1.0027,10785,10.756
025040107410003168d2a000a00000e2,2,2,27,322,276,634,504,1.0027,10797,10.7679
025040107410003168d2a000a00000e2,2,2,28,322,276,634,504,1.0027,10780,10.751
025040107410003168d2a000a00000e2,2,2,29,322,276,634,504,1.0027,10803,10.7739
025040107410003168d2a000a00000e2,2,2,30,322,276,634,504,1.0027,10795,10.7659
025040107410003168d2a000a00000e2,2,2,31,322,276,634,504,1.0027,10803,10.7739
025040107410003168d2a000a00000e2,2,2,32,322,276,634,504,1.0027,10785,10.756
025040107410003168d2a000a00000e2,2,2,33,322,276,634,504,1.0027,10803,10.7739
025040107410003168d2a000a00000e2,2,2,34,322,276,634,504,1.0027,10790,10.7609
025040107410003168d2a000a00000e2,2,2,35,322,276,634,504,1.0027,10803,10.7739
025040107410003168d2a000a00000e2,2,2,36,322,276,634,504,1.0027,10795,10.7659
025040107410003168d2a000a00000e2,2,2,37,322,276,634,504,1.0027,10803,10.7739
025040107410003168d2a000a00000e2,2,2,38,322,276,634,504,1.0027,10799,10.7699
025040107410003168d2a000a00000e2,2,2,39,322,276,634,504,1.0027,10801,10.7719
025040107410003168d2a000a00000e2,2,2,40,322,276,634,504,1.0027,10792,10.7629
025040107410003168d2a000a00000e2,2,2,41,322,276,634,504,1.0027,10798,10.7689
025040107410003168d2a000a00000e2,2,2,42,322,276,634,504,1.0027,10792,10.7629
025040107410003168d2a000a00000e2,2,2,43,322,276,634,504,1.0027,10803,10.7739
025040107410003168d2a000a00000e2,2,2,44,322,276,634,504,1.0027,10744,10.7151
025040107410003168d2a000a00000e2,2,2,45,322,276,634,504,1.0027,10795,10.7659
025040107410003168d2a000a00000e2,2,2,46,322,276,634,504,1.0027,10776,10.747
025040107410003168d2a000a00000e2,2,2,47,322,276,634,504,1.0027,10785,10.756
025040107410003168d2a000a00000e2,2,2,48,322,276,634,504,1.0027,10777,10.748
025040107410003168d2a000a00000e2,2,2,49,322,276,634,504,1.0027,10795,10.7659
025040107410003168d2a000a00000e2,2,2,50,322,276,634,504,1.0027,10762,10.733
025040107410003168d2a000a00000e2,2,2,51,322,276,634,504,1.0027,10787,10.7579
025040107410003168d2a000a00000e2,2,2,52,322,276,634,504,1.0027,10750,10.721
025040107410003168d2a000a00000e2,2,2,53,322,276,634,504,1.0027,10799,10.7699
025040107410003168d2a000a00000e2,2,2,54,322,276,634,504,1.0027,10763,10.734
025040107410003168d2a000a00000e2,2,2,55,322,276,634,504,1.0027,10780,10.751
025040107410003168d2a000a00000e2,2,2,56,322,276,634,504,1.0027,10785,10.756
025040107410003168d2a000a00000e2,2,2,57,322,276,634,504,1.0027,10795,10.7659
025040107410003168d2a000a00000e2,2,2,58,322,276,634,504,1.0027,10783,10.754
025040107410003168d2a000a00000e2,2,2,59,322,276,634,504,1.0027,10780,10.751
025040107410003168d2a000a00000e2,2,2,60,322,276,634,504,1.0027,10752,10.723
025040107410003168d2a000a00000e2,2,2,61,322,276,634,504,1.0027,10795,10.7659
025040107410003168d2a000a00000e2,2,2,62,322,276,634,504,1.0027,10727,10.6981
025040107410003168d2a000a00000e2,2,2,63,322,276,634,504,1.0027,10792,10.7629
025040107410003168d2a000a00000e2,2,2,0,322,276,635,505,1.00123,10797,10.7838
025040107410003168d2a000a00000e2,2,2,1,322,276,635,505,1.00123,10786,10.7728
025040107410003168d2a000a00000e2,2,2,2,322,276,635,505,1.00123,10797,10.7838
025040107410003168d2a000a00000e2,2,2,3,322,276,635,505,1.00123,10797,10.7838
025040107410003168d2a000a00000e2,2,2,4,322,276,635,505,1.00123,10793,10.7798
025040107410003168d2a000a00000e2,2,2,5,322,276,635,505,1.00123,10782,10.7688
025040107410003168d2a000a00000e2,2,2,6,322,276,635,505,1.00123,10787,10.7738
025040107410003168d2a000a00000e2,2,2,7,322,276,635,505,1.00123,10774,10.7608
025040107410003168d2a000a00000e2,2,2,8,322,276,635,505,1.00123,10793,10.7798
025040107410003168d2a000a00000e2,2,2,9,322,276,635,505,1.00123,10797,10.7838
025040107410003168d2a000a00000e2,2,2,10,322,276,635,505,1.00123,10797,10.7838
025040107410003168d2a000a00000e2,2,2,11,322,276,635,505,1.00123,10797,10.7838
025040107410003168d2a000a00000e2,2,2,12,322,276,635,505,1.00123,10791,10.7778
025040107410003168d2a000a00000e2,2,2,13,322,276,635,505,1.00123,10796,10.7828
025040107410003168d2a000a00000e2,2,2,14,322,276,635,505,1.00123,10794,10.7808
025040107410003168d2a000a00000e2,2,2,15,322,276,635,505,1.00123,10798,10.7848
025040107410003168d2a000a00000e2,2,2,16,322,276,635,505,1.00123,10794,10.7808
025040107410003168d2a000a00000e2,2,2,17,322,276,635,505,1.00123,10791,10.7778
025040107410003168d2a000a00000e2,2,2,18,322,276,635,505,1.00123,10794,10.7808
025040107410003168d2a000a00000e2,2,2,19,322,276,635,505,1.00123,10794,10.7808
025040107410003168d2a000a00000e2,2,2,20,322,276,635,505,1.00123,10798,10.7848
025040107410003168d2a000a00000e2,2,2,21,322,276,635,505,1.00123,10798,10.7848
025040107410003168d2a000a00000e2,2,2,22,322,276,635,505,1.00123,10799,10.7858
025040107410003168d2a000a00000e2,2,2,23,322,276,635,505,1.00123,10799,10.7858
025040107410003168d2a000a00000e2,2,2,24,322,276,635,505,1.00123,10785,10.7718
025040107410003168d2a000a00000e2,2,2,25,322,276,635,505,1.00123,10796,10.7828
025040107410003168d2a000a00000e2,2,2,26,322,276,635,505,1.00123,10789,10.7758
025040107410003168d2a000a00000e2,2,2,27,322,276,635,505,1.00123,10796,10.7828
025040107410003168d2a000a00000e2,2,2,28,322,276,635,505,1.00123,10784,10.7708
025040107410003168d2a000a00000e2,2,2,29,322,276,635,505,1.00123,10798,10.7848
025040107410003168d2a000a00000e2,2,2,30,322,276,635,505,1.00123,10795,10.7818
025040107410003168d2a000a00000e2,2,2,31,322,276,635,505,1.00123,10798,10.7848
025040107410003168d2a000a00000e2,2,2,32,322,276,635,505,1.00123,10787,10.7738
025040107410003168d2a000a00000e2,2,2,33,322,276,635,505,1.00123,10798,10.7848
025040107410003168d2a000a00000e2,2,2,34,322,276,635,505,1.00123,10789,10.7758
025040107410003168d2a000a00000e2,2,2,35,322,276,635,505,1.00123,10797,10.7838
025040107410003168d2a000a00000e2,2,2,36,322,276,635,505,1.00123,10794,10.7808
025040107410003168d2a000a00000e2,2,2,37,322,276,635,505,1.00123,10798,10.7848
025040107410003168d2a000a00000e2,2,2,38,322,276,635,505,1.00123,10796,10.7828
025040107410003168d2a000a00000e2,2,2,39,322,276,635,505,1.00123,10796,10.7828
025040107410003168d2a000a00000e2,2,2,40,322,276,635,505,1.00123,10791,10.7778
025040107410003168d2a000a00000e2,2,2,41,322,276,635,505,1.00123,10797,10.7838
025040107410003168d2a000a00000e2,2,2,42,322,276,635,505,1.00123,10793,10.7798
025040107410003168d2a000a00000e2,2,2,43,322,276,635,505,1.00123,10798,10.7848
025040107410003168d2a000a00000e2,2,2,44,322,276,635,505,1.00123,10755,10.7418
025040107410003168d2a000a00000e2,2,2,45,322,276,635,505,1.00123,10793,10.7798
025040107410003168d2a000a00000e2,2,2,46,322,276,635,505,1.00123,10780,10.7668
025040107410003168d2a000a00000e2,2,2,47,322,276,635,505,1.00123,10789,10.7758
025040107410003168d2a000a00000e2,2,2,48,322,276,635,505,1.00123,10782,10.7688
025040107410003168d2a000a00000e2,2,2,49,322,276,635,505,1.00123,10794,10.7808
025040107410003168d2a000a00000e2,2,2,50,322,276,635,505,1.00123,10773,10.7598
025040107410003168d2a000a00000e2,2,2,51,322,276,635,505,1.00123,10791,10.7778
025040107410003168d2a000a00000e2,2,2,52,322,276,635,505,1.00123,10758,10.7448
025040107410003168d2a000a00000e2,2,2,53,322,276,635,505,1.00123,10797,10.7838
025040107410003168d2a000a00000e2,2,2,54,322,276,635,505,1.00123,10772,10.7588
025040107410003168d2a000a00000e2,2,2,55,322,276,635,505,1.00123,10782,10.7688
025040107410003168d2a000a00000e2,2,2,56,322,276,635,505,1.00123,10789,10.7758
025040107410003168d2a000a00000e2,2,2,57,322,276,635,505,1.00123,10794,10.7808
025040107410003168d2a000a00000e2,2,2,58,322,276,635,505,1.00123,10784,10.7708
025040107410003168d2a000a00000e2,2,2,59,322,276,635,505,1.00123,10783,10.7698
025040107410003168d2a000a00000e2,2,2,60,322,276,635,505,1.00123,10764,10.7508
025040107410003168d2a000a00000e2,2,2,61,322,276,635,505,1.00123,10794,10.7808
025040107410003168d2a000a00000e2,2,2,62,322,276,635,505,1.00123,10735,10.7219
025040107410003168d2a000a00000e2,2,2,63,322,276,635,505,1.00123,10791,10.7778
025040107410003168d2a000a00000e2,2,2,0,322,276,636,506,1.0027,10825,10.7958
025040107410003168d2a000a00000e2,2,2,1,322,276,636,506,1.0027,10804,10.7749
025040107410003168d2a000a00000e2,2,2,2,322,276,636,506,1.0027,10826,10.7968
025040107410003168d2a000a00000e2,2,2,3,322,276,636,506,1.0027,10826,10.7968
025040107410003168d2a000a00000e2,2,2,4,322,276,636,506,1.0027,10815,10.7859
025040107410003168d2a000a00000e2,2,2,5,322,276,636,506,1.0027,10801,10.7719
025040107410003168d2a000a00000e2,2,2,6,322,276,636,506,1.0027,10804,10.7749
025040107410003168d2a000a00000e2,2,2,7,322,276,636,506,1.0027,10794,10.7649
025040107410003168d2a000a00000e2,2,2,8,322,276,636,506,1.0027,10818,10.7889
025040107410003168d2a000a00000e2,2,2,9,322,276,636,506,1.0027,10825,10.7958
025040107410003168d2a000a00000e2,2,2,10,322,276,636,506,1.0027,10823,10.7938
025040107410003168d2a000a00000e2,2,2,11,322,276,636,506,1.0027,10824,10.7948
025040107410003168d2a000a00000e2,2,2,12,322,276,636,506,1.0027,10810,10.7809
025040107410003168d2a000a00000e2,2,2,13,322,276,636,506,1.0027,10823,10.7938
025040107410003168d2a000a00000e2,2,2,14,322,276,636,506,1.0027,10821,10.7919
025040107410003168d2a000a00000e2,2,2,15,322,276,636,506,1.0027,10826,10.7968
025040107410003168d2a000a00000e2,2,2,16,322,276,636,506,1.0027,10822,10.7929
025040107410003168d2a000a00000e2,2,2,17,322,276,636,506,1.0027,10812,10.7829
025040107410003168d2a000a00000e2,2,2,18,322,276,636,506,1.0027,10817,10.7879
025040107410003168d2a000a00000e2,2,2,19,322,276,636,506,1.0027,10816,10.7869
025040107410003168d2a000a00000e2,2,2,20,322,276,636,506,1.0027,10826,10.7968
025040107410003168d2a000a00000e2,2,2,21,322,276,636,506,1.0027,10827,10.7978
025040107410003168d2a000a00000e2,2,2,22,322,276,636,506,1.0027,10825,10.7958
025040107410003168d2a000a00000e2,2,2,23,322,276,636,506,1.0027,10826,10.7968
025040107410003168d2a000a00000e2,2,2,24,322,276,636,506,1.0027,10803,10.7739
025040107410003168d2a000a00000e2,2,2,25,322,276,636,506,1.0027,10821,10.7919
025040107410003168d2a000a00000e2,2,2,26,322,276,636,506,1.0027,10808,10.7789
025040107410003168d2a000a00000e2,2,2,27,322,276,636,506,1.0027,10821,10.7919
025040107410003168d2a000a00000e2,2,2,28,322,276,636,506,1.0027,10801,10.7719
025040107410003168d2a000a00000e2,2,2,29,322,276,636,506,1.0027,10826,10.7968
025040107410003168d2a000a00000e2,2,2,30,322,276,636,506,1.0027,10820,10.7909
025040107410003168d2a000a00000e2,2,2,31,322,276,636,506,1.0027,10827,10.7978
025040107410003168d2a000a00000e2,2,2,32,322,276,636,506,1.0027,10806,10.7769
025040107410003168d2a000a00000e2,2,2,33,322,276,636,506,1.0027,10827,10.7978
025040107410003168d2a000a00000e2,2,2,34,322,276,636,506,1.0027,10809,10.7799
025040107410003168d2a000a00000e2,2,2,35,322,276,636,506,1.0027,10825,10.7958
025040107410003168d2a000a00000e2,2,2,36,322,276,636,506,1.0027,10817,10.7879
025040107410003168d2a000a00000e2,2,2,37,322,276,636,506,1.0027,10827,10.7978
025040107410003168d2a000a00000e2,2,2,38,322,276,636,506,1.0027,10824,10.7948
025040107410003168d2a000a00000e2,2,2,39,322,276,636,506,1.0027,10824,10.7948
025040107410003168d2a000a00000e2,2,2,40,322,276,636,506,1.0027,10815,10.7859
025040107410003168d2a000a00000e2,2,2,41,322,276,636,506,1.0027,10822,10.7929
025040107410003168d2a000a00000e2,2,2,42,322,276,636,506,1.0027,10813,10.7839
025040107410003168d2a000a00000e2,2,2,43,322,276,636,506,1.0027,10825,10.7958
025040107410003168d2a000a00000e2,2,2,44,322,276,636,506,1.0027,10779,10.75
025040107410003168d2a000a00000e2,2,2,45,322,276,636,506,1.0027,10813,10.7839
025040107410003168d2a000a00000e2,2,2,46,322,276,636,506,1.0027,10799,10.7699
025040107410003168d2a000a00000e2,2,2,47,322,276,636,506,1.0027,10805,10.7759
025040107410003168d2a000a00000e2,2,2,48,322,276,636,506,1.0027,10800,10.7709
025040107410003168d2a000a00000e2,2,2,49,322,276,636,506,1.0027,10818,10.7889
025040107410003168d2a000a00000e2,2,2,50,322,276,636,506,1.0027,10791,10.7619
025040107410003168d2a000a00000e2,2,2,51,322,276,636,506,1.0027,10810,10.7809
025040107410003168d2a000a00000e2,2,2,52,322,276,636,506,1.0027,10783,10.754
025040107410003168d2a000a00000e2,2,2,53,322,276,636,506,1.0027,10824,10.7948
025040107410003168d2a000a00000e2,2,2,54,322,276,636,506,1.0027,10788,10.7589
025040107410003168d2a000a00000e2,2,2,55,322,276,636,506,1.0027,10801,10.7719
025040107410003168d2a000a00000e2,2,2,56,322,276,636,506,1.0027,10804,10.7749
025040107410003168d2a000a00000e2,2,2,57,322,276,636,506,1.0027,10818,10.7889
025040107410003168d2a000a00000e2,2,2,58,322,276,636,506,1.0027,10801,10.7719
025040107410003168d2a000a00000e2,2,2,59,322,276,636,506,1.0027,10799,10.7699
025040107410003168d2a000a00000e2,2,2,60,322,276,636,506,1.0027,10787,10.7579
025040107410003168d2a000a00000e2,2,2,61,322,276,636,506,1.0027,10814,10.7849
025040107410003168d2a000a00000e2,2,2,62,322,276,636,506,1.0027,10758,10.729
025040107410003168d2a000a00000e2,2,2,63,322,276,636,506,1.0027,10809,10.7799
025040107410003168d2a000a00000e2,2,2,0,322,276,637,506,1.0027,10853,10.8238
025040107410003168d2a000a00000e2,2,2,1,322,276,637,506,1.0027,10822,10.7929
025040107410003168d2a000a00000e2,2,2,2,322,276,637,506,1.0027,10853,10.8238
025040107410003168d2a000a00000e2,2,2,3,322,276,637,506,1.0027,10851,10.8218
025040107410003168d2a000a00000e2,2,2,4,322,276,637,506,1.0027,10839,10.8098
025040107410003168d2a000a00000e2,2,2,5,322,276,637,506,1.0027,10821,10.7919
025040107410003168d2a000a00000e2,2,2,6,322,276,637,506,1.0027,10826,10.7968
025040107410003168d2a000a00000e2,2,2,7,322,276,637,506,1.0027,10817,10.7879
025040107410003168d2a000a00000e2,2,2,8,322,276,637,506,1.0027,10844,10.8148
025040107410003168d2a000a00000e2,2,2,9,322,276,637,506,1.0027,10853,10.8238
025040107410003168d2a000a00000e2,2,2,10,322,276,637,506,1.0027,10847,10.8178
025040107410003168d2a000a00000e2,2,2,11,322,276,637,506,1.0027,10848,10.8188
025040107410003168d2a000a00000e2,2,2,12,322,276,637,506,1.0027,10836,10.8068
025040107410003168d2a000a00000e2,2,2,13,322,276,637,506,1.0027,10848,10.8188
025040107410003168d2a000a00000e2,2,2,14,322,276,637,506,1.0027,10846,10.8168
025040107410003168d2a000a00000e2,2,2,15,322,276,637,506,1.0027,10850,10.8208
025040107410003168d2a000a00000e2,2,2,16,322,276,637,506,1.0027,10847,10.8178
025040107410003168d2a000a00000e2,2,2,17,322,276,637,506,1.0027,10833,10.8038
025040107410003168d2a000a00000e2,2,2,18,322,276,637,506,1.0027,10840,10.8108
025040107410003168d2a000a00000e2,2,2,19,322,276,637,506,1.0027,10839,10.8098
025040107410003168d2a000a00000e2,2,2,20,322,276,637,506,1.0027,10848,10.8188
025040107410003168d2a000a00000e2,2,2,21,322,276,637,506,1.0027,10853,10.8238
025040107410003168d2a000a00000e2,2,2,22,322,276,637,506,1.0027,10851,10.8218
025040107410003168d2a000a00000e2,2,2,23,322,276,637,506,1.0027,10851,10.8218
025040107410003168d2a000a00000e2,2,2,24,322,276,637,506,1.0027,10829,10.7998
025040107410003168d2a000a00000e2,2,2,25,322,276,637,506,1.0027,10847,10.8178
025040107410003168d2a000a00000e2,2,2,26,322,276,637,506,1.0027,10830,10.8008
025040107410003168d2a000a00000e2,2,2,27,322,276,637,506,1.0027,10847,10.8178
025040107410003168d2a000a00000e2,2,2,28,322,276,637,506,1.0027,10823,10.7938
025040107410003168d2a000a00000e2,2,2,29,322,276,637,506,1.0027,10853,10.8238
025040107410003168d2a000a00000e2,2,2,30,322,276,637,506,1.0027,10846,10.8168
025040107410003168d2a000a00000e2,2,2,31,322,276,637,506,1.0027,10853,10.8238
025040107410003168d2a000a00000e2,2,2,32,322,276,637,506,1.0027,10826,10.7968
025040107410003168d2a000a00000e2,2,2,33,322,276,637,506,1.0027,10853,10.8238
025040107410003168d2a000a00000e2,2,2,34,322,276,637,506,1.0027,10832,10.8028
025040107410003168d2a000a00000e2,2,2,35,322,276,637,506,1.0027,10850,10.8208
025040107410003168d2a000a00000e2,2,2,36,322,276,637,506,1.0027,10843,10.8138
025040107410003168d2a000a00000e2,2,2,37,322,276,637,506,1.0027,10852,10.8228
025040107410003168d2a000a00000e2,2,2,38,322,276,637,506,1.0027,10846,10.8168
025040107410003168d2a000a00000e2,2,2,39,322,276,637,506,1.0027,10846,10.8168
025040107410003168d2a000a00000e2,2,2,40,322,276,637,506,1.0027,10838,10.8088
025040107410003168d2a000a00000e2,2,2,41,322,276,637,506,1.0027,10847,10.8178
025040107410003168d2a000a00000e2,2,2,42,322,276,637,506,1.0027,10837,10.8078
025040107410003168d2a000a00000e2,2,2,43,322,276,637,506,1.0027,10852,10.8228
025040107410003168d2a000a00000e2,2,2,44,322,276,637,506,1.0027,10797,10.7679
025040107410003168d2a000a00000e2,2,2,45,322,276,637,506,1.0027,10836,10.8068
025040107410003168d2a000a00000e2,2,2,46,322,276,637,506,1.0027,10817,10.7879
025040107410003168d2a000a00000e2,2,2,47,322,276,637,506,1.0027,10827,10.7978
025040107410003168d2a000a00000e2,2,2,48,322,276,637,506,1.0027,10820,10.7909
025040107410003168d2a000a00000e2,2,2,49,322,276,637,506,1.0027,10844,10.8148
025040107410003168d2a000a00000e2,2,2,50,322,276,637,506,1.0027,10811,10.7819
025040107410003168d2a000a00000e2,2,2,51,322,276,637,506,1.0027,10830,10.8008
025040107410003168d2a000a00000e2,2,2,52,322,276,637,506,1.0027,10804,10.7749
025040107410003168d2a000a00000e2,2,2,53,322,276,637,506,1.0027,10846,10.8168
025040107410003168d2a000a00000e2,2,2,54,322,276,637,506,1.0027,10812,10.7829
025040107410003168d2a000a00000e2,2,2,55,322,276,637,506,1.0027,10819,10.7899
025040107410003168d2a000a00000e2,2,2,56,322,276,637,506,1.0027,10829,10.7998
025040107410003168d2a000a00000e2,2,2,57,322,276,637,506,1.0027,10843,10.8138
025040107410003168d2a000a00000e2,2,2,58,322,276,637,506,1.0027,10822,10.7929
025040107410003168d2a000a00000e2,2,2,59,322,276,637,506,1.0027,10820,10.7909
025040107410003168d2a000a00000e2,2,2,60,322,276,637,506,1.0027,10802,10.7729
025040107410003168d2a000a00000e2,2,2,61,322,276,637,506,1.0027,10838,10.8088
025040107410003168d2a000a00000e2,2,2,62,322,276,637,506,1.0027,10776,10.747
025040107410003168d2a000a00000e2,2,2,63,322,276,637,506,1.0027,10825,10.7958
025040107410003168d2a000a00000e2,2,2,0,322,276,638,507,1.0027,10829,10.7998
025040107410003168d2a000a00000e2,2,2,1,322,276,638,507,1.0027,10801,10.7719
025040107410003168d2a000a00000e2,2,2,2,322,276,638,507,1.0027,10829,10.7998
025040107410003168d2a000a00000e2,2,2,3,322,276,638,507,1.0027,10827,10.7978
025040107410003168d2a000a00000e2,2,2,4,322,276,638,507,1.0027,10813,10.7839
025040107410003168d2a000a00000e2,2,2,5,322,276,638,507,1.0027,10797,10.7679
025040107410003168d2a000a00000e2,2,2,6,322,276,638,507,1.0027,10804,10.7749
025040107410003168d2a000a00000e2,2,2,7,322,276,638,507,1.0027,10794,10.7649
025040107410003168d2a000a00000e2,2,2,8,322,276,638,507,1.0027,10818,10.7889
025040107410003168d2a000a00000e2,2,2,9,322,276,638,507,1.0027,10828,10.7988
025040107410003168d2a000a00000e2,2,2,10,322,276,638,507,1.0027,10825,10.7958
025040107410003168d2a000a00000e2,2,2,11,322,276,638,507,1.0027,10826,10.7968
025040107410003168d2a000a00000e2,2,2,12,322,276,638,507,1.0027,10810,10.7809
025040107410003168d2a000a00000e2,2,2,13,322,276,638,507,1.0027,10825,10.7958
025040107410003168d2a000a00000e2,2,2,14,322,276,638,507,1.0027,10819,10.7899
025040107410003168d2a000a00000e2,2,2,15,322,276,638,507,1.0027,10825,10.7958
025040107410003168d2a000a00000e2,2,2,16,322,276,638,507,1.0027,10824,10.7948
025040107410003168d2a000a00000e2,2,2,17,322,276,638,507,1.0027,10812,10.7829
025040107410003168d2a000a00000e2,2,2,18,322,276,638,507,1.0027,10813,10.7839
025040107410003168d2a000a00000e2,2,2,19,322,276,638,507,1.0027,10814,10.7849
025040107410003168d2a000a00000e2,2,2,20,322,276,638,507,1.0027,10826,10.7968
025040107410003168d2a000a00000e2,2,2,21,322,276,638,507,1.0027,10830,10.8008
025040107410003168d2a000a00000e2,2,2,22,322,276,638,507,1.0027,10826,10.7968
025040107410003168d2a000a00000e2,2,2,23,322,276,638,507,1.0027,10827,10.7978
025040107410003168d2a000a00000e2,2,2,24,322,276,638,507,1.0027,10805,10.7759
025040107410003168d2a000a00000e2,2,2,25,322,276,638,507,1.0027,10822,10.7929
025040107410003168d2a000a00000e2,2,2,26,322,276,638,507,1.0027,10809,10.7799
025040107410003168d2a000a00000e2,2,2,27,322,276,638,507,1.0027,10821,10.7919
025040107410003168d2a000a00000e2,2,2,28,322,276,638,507,1.0027,10801,10.7719
025040107410003168d2a000a00000e2,2,2,29,322,276,638,507,1.0027,10828,10.7988
025040107410003168d2a000a00000e2,2,2,30,322,276,638,507,1.0027,10819,10.7899
025040107410003168d2a000a00000e2,2,2,31,322,276,638,507,1.0027,10829,10.7998
025040107410003168d2a000a00000e2,2,2,32,322,276,638,507,1.0027,10803,10.7739
025040107410003168d2a000a00000e2,2,2,33,322,276,638,507,1.0027,10828,10.7988
025040107410003168d2a000a00000e2,2,2,34,322,276,638,507,1.0027,10810,10.7809
025040107410003168d2a000a00000e2,2,2,35,322,276,638,507,1.0027,10825,10.7958
025040107410003168d2a000a00000e2,2,2,36,322,276,638,507,1.0027,10815,10.7859
025040107410003168d2a000a00000e2,2,2,37,322,276,638,507,1.0027,10829,10.7998
025040107410003168d2a000a00000e2,2,2,38,322,276,638,507,1.0027,10822,10.7929
025040107410003168d2a000a00000e2,2,2,39,322,276,638,507,1.0027,10824,10.7948
025040107410003168d2a000a00000e2,2,2,40,322,276,638,507,1.0027,10812,10.7829
025040107410003168d2a000a00000e2,2,2,41,322,276,638,507,1.0027,10824,10.7948
025040107410003168d2a000a00000e2,2,2,42,322,276,638,507,1.0027,10812,10.7829
025040107410003168d2a000a00000e2,2,2,43,322,276,638,507,1.0027,10827,10.7978
025040107410003168d2a000a00000e2,2,2,44,322,276,638,507,1.0027,10782,10.753
025040107410003168d2a000a00000e2,2,2,45,322,276,638,507,1.0027,10810,10.7809
025040107410003168d2a000a00000e2,2,2,46,322,276,638,507,1.0027,10797,10.7679
025040107410003168d2a000a00000e2,2,2,47,322,276,638,507,1.0027,10804,10.7749
025040107410003168d2a000a00000e2,2,2,48,322,276,638,507,1.0027,10800,10.7709
025040107410003168d2a000a00000e2,2,2,49,322,276,638,507,1.0027,10818,10.7889
025040107410003168d2a000a00000e2,2,2,50,322,276,638,507,1.0027,10795,10.7659
025040107410003168d2a000a00000e2,2,2,51,322,276,638,507,1.0027,10808,10.7789
025040107410003168d2a000a00000e2,2,2,52,322,276,638,507,1.0027,10783,10.754
025040107410003168d2a000a00000e2,2,2,53,322,276,638,507,1.0027,10824,10.7948
025040107410003168d2a000a00000e2,2,2,54,322,276,638,507,1.0027,10793,10.7639
025040107410003168d2a000a00000e2,2,2,55,322,276,638,507,1.0027,10797,10.7679
025040107410003168d2a000a00000e2,2,2,56,322,276,638,507,1.0027,10806,10.7769
025040107410003168d2a000a00000e2,2,2,57,322,276,638,507,1.0027,10818,10.7889
025040107410003168d2a000a00000e2,2,2,58,322,276,638,507,1.0027,10800,10.7709
025040107410003168d2a000a00000e2,2,2,59,322,276,638,507,1.0027,10799,10.7699
025040107410003168d2a000a00000e2,2,2,60,322,276,638,507,1.0027,10785,10.756
025040107410003168d2a000a00000e2,2,2,61,322,276,638,507,1.0027,10810,10.7809
025040107410003168d2a000a00000e2,2,2,62,322,276,638,507,1.0027,10754,10.725
025040107410003168d2a000a00000e2,2,2,63,322,276,638,507,1.0027,10807,10.7779
025040107410003168d2a000a00000e2,2,2,0,322,276,639,508,1.0027,10777,10.748
025040107410003168d2a000a00000e2,2,2,1,322,276,639,508,1.0027,10752,10.723
025040107410003168d2a000a00000e2,2,2,2,322,276,639,508,1.0027,10777,10.748
025040107410003168d2a000a00000e2,2,2,3,322,276,639,508,1.0027,10775,10.746
025040107410003168d2a000a00000e2,2,2,4,322,276,639,508,1.0027,10768,10.739
025040107410003168d2a000a00000e2,2,2,5,322,276,639,508,1.0027,10751,10.722
025040107410003168d2a000a00000e2,2,2,6,322,276,639,508,1.0027,10759,10.73
025040107410003168d2a000a00000e2,2,2,7,322,276,639,508,1.0027,10746,10.7171
025040107410003168d2a000a00000e2,2,2,8,322,276,639,508,1.0027,10771,10.742
025040107410003168d2a000a00000e2,2,2,9,322,276,639,508,1.0027,10777,10.748
025040107410003168d2a000a00000e2,2,2,10,322,276,639,508,1.0027,10774,10.745
025040107410003168d2a000a00000e2,2,2,11,322,276,639,508,1.0027,10774,10.745
025040107410003168d2a000a00000e2,2,2,12,322,276,639,508,1.0027,10764,10.735
025040107410003168d2a000a00000e2,2,2,13,322,276,639,508,1.0027,10774,10.745
025040107410003168d2a000a00000e2,2,2,14,322,276,639,508,1.0027,10773,10.744
025040107410003168d2a000a00000e2,2,2,15,322,276,639,508,1.0027,10776,10.747
025040107410003168d2a000a00000e2,2,2,16,322,276,639,508,1.0027,10775,10.746
025040107410003168d2a000a00000e2,2,2,17,322,276,639,508,1.0027,10768,10.739
025040107410003168d2a000a00000e2,2,2,18,322,276,639,508,1.0027,10771,10.742
025040107410003168d2a000a00000e2,2,2,19,322,276,639,508,1.0027,10770,10.741
025040107410003168d2a000a00000e2,2,2,20,322,276,639,508,1.0027,10777,10.748
025040107410003168d2a000a00000e2,2,2,21,322,276,639,508,1.0027,10780,10.751
025040107410003168d2a000a00000e2,2,2,22,322,276,639,508,1.0027,10777,10.748
025040107410003168d2a000a00000e2,2,2,23,322,276,639,508,1.0027,10779,10.75
025040107410003168d2a000a00000e2,2,2,24,322,276,639,508,1.0027,10764,10.735
025040107410003168d2a000a00000e2,2,2,25,322,276,639,508,1.0027,10775,10.746
025040107410003168d2a000a00000e2,2,2,26,322,276,639,508,1.0027,10767,10.738
025040107410003168d2a000a00000e2,2,2,27,322,276,639,508,1.0027,10775,10.746
025040107410003168d2a000a00000e2,2,2,28,322,276,639,508,1.0027,10759,10.73
025040107410003168d2a000a00000e2,2,2,29,322,276,639,508,1.0027,10780,10.751
025040107410003168d2a000a00000e2,2,2,30,322,276,639,508,1.0027,10774,10.745
025040107410003168d2a000a00000e2,2,2,31,322,276,639,508,1.0027,10780,10.751
025040107410003168d2a000a00000e2,2,2,32,322,276,639,508,1.0027,10763,10.734
025040107410003168d2a000a00000e2,2,2,33,322,276,639,508,1.0027,10780,10.751
025040107410003168d2a000a00000e2,2,2,34,322,276,639,508,1.0027,10767,10.738
025040107410003168d2a000a00000e2,2,2,35,322,276,639,508,1.0027,10777,10.748
025040107410003168d2a000a00000e2,2,2,36,322,276,639,508,1.0027,10772,10.743
025040107410003168d2a000a00000e2,2,2,37,322,276,639,508,1.0027,10780,10.751
025040107410003168d2a000a00000e2,2,2,38,322,276,639,508,1.0027,10775,10.746
025040107410003168d2a000a00000e2,2,2,39,322,276,639,508,1.0027,10776,10.747
025040107410003168d2a000a00000e2,2,2,40,322,276,639,508,1.0027,10771,10.742
025040107410003168d2a000a00000e2,2,2,41,322,276,639,508,1.0027,10777,10.748
025040107410003168d2a000a00000e2,2,2,42,322,276,639,508,1.0027,10770,10.741
025040107410003168d2a000a00000e2,2,2,43,322,276,639,508,1.0027,10780,10.751
025040107410003168d2a000a00000e2,2,2,44,322,276,639,508,1.0027,10728,10.6991
025040107410003168d2a000a00000e2,2,2,45,322,276,639,508,1.0027,10768,10.739
025040107410003168d2a000a00000e2,2,2,46,322,276,639,508,1.0027,10757,10.728
025040107410003168d2a000a00000e2,2,2,47,322,276,639,508,1.0027,10760,10.731
025040107410003168d2a000a00000e2,2,2,48,322,276,639,508,1.0027,10757,10.728
025040107410003168d2a000a00000e2,2,2,49,322,276,639,508,1.0027,10774,10.745
025040107410003168d2a000a00000e2,2,2,50,322,276,639,508,1.0027,10749,10.72
025040107410003168d2a000a00000e2,2,2,51,322,276,639,508,1.0027,10765,10.736
025040107410003168d2a000a00000e2,2,2,52,322,276,639,508,1.0027,10735,10.7061
025040107410003168d2a000a00000e2,2,2,53,322,276,639,508,1.0027,10776,10.747
025040107410003168d2a000a00000e2,2,2,54,322,276,639,508,1.0027,10747,10.7181
025040107410003168d2a000a00000e2,2,2,55,322,276,639,508,1.0027,10755,10.726
025040107410003168d2a000a00000e2,2,2,56,322,276,639,508,1.0027,10764,10.735
025040107410003168d2a000a00000e2,2,2,57,322,276,639,508,1.0027,10771,10.742
025040107410003168d2a000a00000e2,2,2,58,322,276,639,508,1.0027,10757,10.728
025040107410003168d2a000a00000e2,2,2,59,322,276,639,508,1.0027,10755,10.726
025040107410003168d2a000a00000e2,2,2,60,322,276,639,508,1.0027,10737,10.7081
025040107410003168d2a000a00000e2,2,2,61,322,276,639,508,1.0027,10766,10.737
025040107410003168d2a000a00000e2,2,2,62,322,276,639,508,1.0027,10696,10.6672
025040107410003168d2a000a00000e2,2,2,63,322,276,639,508,1.0027,10761,10.732
025040107410003168d2a000a00000e2,2,2,0,322,276,640,509,1.00123,10783,10.7698
025040107410003168d2a000a00000e2,2,2,1,322,276,640,509,1.00123,10747,10.7338
025040107410003168d2a000a00000e2,2,2,2,322,276,640,509,1.00123,10789,10.7758
025040107410003168d2a000a00000e2,2,2,3,322,276,640,509,1.00123,10784,10.7708
025040107410003168d2a000a00000e2,2,2,4,322,276,640,509,1.00123,10765,10.7518
025040107410003168d2a000a00000e2,2,2,5,322,276,640,509,1.00123,10748,10.7348
025040107410003168d2a000a00000e2,2,2,6,322,276,640,509,1.00123,10751,10.7378
025040107410003168d2a000a00000e2,2,2,7,322,276,640,509,1.00123,10743,10.7298
025040107410003168d2a000a00000e2,2,2,8,322,276,640,509,1.00123,10770,10.7568
025040107410003168d2a000a00000e2,2,2,9,322,276,640,509,1.00123,10784,10.7708
025040107410003168d2a000a00000e2,2,2,10,322,276,640,509,1.00123,10784,10.7708
025040107410003168d2a000a00000e2,2,2,11,322,276,640,509,1.00123,10783,10.7698
025040107410003168d2a000a00000e2,2,2,12,322,276,640,509,1.00123,10763,10.7498
025040107410003168d2a000a00000e2,2,2,13,322,276,640,509,1.00123,10784,10.7708
025040107410003168d2a000a00000e2,2,2,14,322,276,640,509,1.00123,10772,10.7588
025040107410003168d2a000a00000e2,2,2,15,322,276,640,509,1.00123,10786,10.7728
025040107410003168d2a000a00000e2,2,2,16,322,276,640,509,1.00123,10781,10.7678
025040107410003168d2a000a00000e2,2,2,17,322,276,640,509,1.00123,10764,10.7508
025040107410003168d2a000a00000e2,2,2,18,322,276,640,509,1.00123,10768,10.7548
025040107410003168d2a000a00000e2,2,2,19,322,276,640,509,1.00123,10766,10.7528
025040107410003168d2a000a00000e2,2,2,20,322,276,640,509,1.00123,10786,10.7728
025040107410003168d2a000a00000e2,2,2,21,322,276,640,509,1.00123,10791,10.7778
025040107410003168d2a000a00000e2,2,2,22,322,276,640,509,1.00123,10786,10.7728
025040107410003168d2a000a00000e2,2,2,23,322,276,640,509,1.00123,10786,10.7728
025040107410003168d2a000a00000e2,2,2,24,322,276,640,509,1.00123,10753,10.7398
025040107410003168d2a000a00000e2,2,2,25,322,276,640,509,1.00123,10779,10.7658
025040107410003168d2a000a00000e2,2,2,26,322,276,640,509,1.00123,10757,10.7438
025040107410003168d2a000a00000e2,2,2,27,322,276,640,509,1.00123,10779,10.7658
025040107410003168d2a000a00000e2,2,2,28,322,276,640,509,1.00123,10750,10.7368
025040107410003168d2a000a00000e2,2,2,29,322,276,640,509,1.00123,10786,10.7728
025040107410003168d2a000a00000e2,2,2,30,322,276,640,509,1.00123,10773,10.7598
025040107410003168d2a000a00000e2,2,2,31,322,276,640,509,1.00123,10791,10.7778
025040107410003168d2a000a00000e2,2,2,32,322,276,640,509,1.00123,10751,10.7378
025040107410003168d2a000a00000e2,2,2,33,322,276,640,509,1.00123,10790,10.7768
025040107410003168d2a000a00000e2,2,2,34,322,276,640,509,1.00123,10759,10.7458
025040107410003168d2a000a00000e2,2,2,35,322,276,640,509,1.00123,10786,10.7728
025040107410003168d2a000a00000e2,2,2,36,322,276,640,509,1.00123,10770,10.7568
025040107410003168d2a000a00000e2,2,2,37,322,276,640,509,1.00123,10788,10.7748
025040107410003168d2a000a00000e2,2,2,38,322,276,640,509,1.00123,10783,10.7698
025040107410003168d2a000a00000e2,2,2,39,322,276,640,509,1.00123,10784,10.7708
025040107410003168d2a000a00000e2,2,2,40,322,276,640,509,1.00123,10768,10.7548
025040107410003168d2a000a00000e2,2,2,41,322,276,640,509,1.00123,10783,10.7698
025040107410003168d2a000a00000e2,2,2,42,322,276,640,509,1.00123,10764,10.7508
025040107410003168d2a000a00000e2,2,2,43,322,276,640,509,1.00123,10785,10.7718
025040107410003168d2a000a00000e2,2,2,44,322,276,640,509,1.00123,10727,10.7139
025040107410003168d2a000a00000e2,2,2,45,322,276,640,509,1.00123,10767,10.7538
025040107410003168d2a000a00000e2,2,2,46,322,276,640,509,1.00123,10747,10.7338
025040107410003168d2a000a00000e2,2,2,47,322,276,640,509,1.00123,10751,10.7378
025040107410003168d2a000a00000e2,2,2,48,322,276,640,509,1.00123,10747,10.7338
025040107410003168d2a000a00000e2,2,2,49,322,276,640,509,1.00123,10771,10.7578
025040107410003168d2a000a00000e2,2,2,50,322,276,640,509,1.00123,10743,10.7298
025040107410003168d2a000a00000e2,2,2,51,322,276,640,509,1.00123,10757,10.7438
025040107410003168d2a000a00000e2,2,2,52,322,276,640,509,1.00123,10733,10.7199
025040107410003168d2a000a00000e2,2,2,53,322,276,640,509,1.00123,10782,10.7688
025040107410003168d2a000a00000e2,2,2,54,322,276,640,509,1.00123,10743,10.7298
025040107410003168d2a000a00000e2,2,2,55,322,276,640,509,1.00123,10747,10.7338
025040107410003168d2a000a00000e2,2,2,56,322,276,640,509,1.00123,10758,10.7448
025040107410003168d2a000a00000e2,2,2,57,322,276,640,509,1.00123,10769,10.7558
025040107410003168d2a000a00000e2,2,2,58,322,276,640,509,1.00123,10748,10.7348
025040107410003168d2a000a00000e2,2,2,59,322,276,640,509,1.00123,10748,10.7348
025040107410003168d2a000a00000e2,2,2,60,322,276,640,509,1.00123,10737,10.7238
025040107410003168d2a000a00000e2,2,2,61,322,276,640,509,1.00123,10764,10.7508
025040107410003168d2a000a00000e2,2,2,62,322,276,640,509,1.00123,10688,10.6749
025040107410003168d2a000a00000e2,2,2,63,322,276,640,509,1.00123,10755,10.7418
025040107410003168d2a000a00000e2,2,2,0,322,276,641,510,1.00123,10762,10.7488
025040107410003168d2a000a00000e2,2,2,1,322,276,641,510,1.00123,10719,10.7059
025040107410003168d2a000a00000e2,2,2,2,322,276,641,510,1.00123,10767,10.7538
025040107410003168d2a000a00000e2,2,2,3,322,276,641,510,1.00123,10763,10.7498
025040107410003168d2a000a00000e2,2,2,4,322,276,641,510,1.00123,10742,10.7288
025040107410003168d2a000a00000e2,2,2,5,322,276,641,510,1.00123,10717,10.7039
025040107410003168d2a000a00000e2,2,2,6,322,276,641,510,1.00123,10728,10.7149
025040107410003168d2a000a00000e2,2,2,7,322,276,641,510,1.00123,10712,10.6989
025040107410003168d2a000a00000e2,2,2,8,322,276,641,510,1.00123,10744,10.7308
025040107410003168d2a000a00000e2,2,2,9,322,276,641,510,1.00123,10763,10.7498
025040107410003168d2a000a00000e2,2,2,10,322,276,641,510,1.00123,10760,10.7468
025040107410003168d2a000a00000e2,2,2,11,322,276,641,510,1.00123,10761,10.7478
025040107410003168d2a000a00000e2,2,2,12,322,276,641,510,1.00123,10743,10.7298
025040107410003168d2a000a00000e2,2,2,13,322,276,641,510,1.00123,10762,10.7488
025040107410003168d2a000a00000e2,2,2,14,322,276,641,510,1.00123,10755,10.7418
025040107410003168d2a000a00000e2,2,2,15,322,276,641,510,1.00123,10763,10.7498
025040107410003168d2a000a00000e2,2,2,16,322,276,641,510,1.00123,10760,10.7468
025040107410003168d2a000a00000e2,2,2,17,322,276,641,510,1.00123,10737,10.7238
025040107410003168d2a000a00000e2,2,2,18,322,276,641,510,1.00123,10746,10.7328
025040107410003168d2a000a00000e2,2,2,19,322,276,641,510,1.00123,10744,10.7308
025040107410003168d2a000a00000e2,2,2,20,322,276,641,510,1.00123,10765,10.7518
025040107410003168d2a000a00000e2,2,2,21,322,276,641,510,1.00123,10768,10.7548
025040107410003168d2a000a00000e2,2,2,22,322,276,641,510,1.00123,10765,10.7518
025040107410003168d2a000a00000e2,2,2,23,322,276,641,510,1.00123,10766,10.7528
025040107410003168d2a000a00000e2,2,2,24,322,276,641,510,1.00123,10730,10.7169
025040107410003168d2a000a00000e2,2,2,25,322,276,641,510,1.00123,10757,10.7438
025040107410003168d2a000a00000e2,2,2,26,322,276,641,510,1.00123,10736,10.7229
025040107410003168d2a000a00000e2,2,2,27,322,276,641,510,1.00123,10758,10.7448
025040107410003168d2a000a00000e2,2,2,28,322,276,641,510,1.00123,10728,10.7149
025040107410003168d2a000a00000e2,2,2,29,322,276,641,510,1.00123,10767,10.7538
025040107410003168d2a000a00000e2,2,2,30,322,276,641,510,1.00123,10759,10.7458
025040107410003168d2a000a00000e2,2,2,31,322,276,641,510,1.00123,10769,10.7558
025040107410003168d2a000a00000e2,2,2,32,322,276,641,510,1.00123,10729,10.7159
025040107410003168d2a000a00000e2,2,2,33,322,276,641,510,1.00123,10767,10.7538
025040107410003168d2a000a00000e2,2,2,34,322,276,641,510,1.00123,10738,10.7248
025040107410003168d2a000a00000e2,2,2,35,322,276,641,510,1.00123,10767,10.7538
025040107410003168d2a000a00000e2,2,2,36,322,276,641,510,1.00123,10751,10.7378
025040107410003168d2a000a00000e2,2,2,37,322,276,641,510,1.00123,10768,10.7548
025040107410003168d2a000a00000e2,2,2,38,322,276,641,510,1.00123,10762,10.7488
025040107410003168d2a000a00000e2,2,2,39,322,276,641,510,1.00123,10763,10.7498
025040107410003168d2a000a00000e2,2,2,40,322,276,641,510,1.00123,10746,10.7328
025040107410003168d2a000a00000e2,2,2,41,322,276,641,510,1.00123,10761,10.7478
025040107410003168d2a000a00000e2,2,2,42,322,276,641,510,1.00123,10745,10.7318
025040107410003168d2a000a00000e2,2,2,43,322,276,641,510,1.00123,10766,10.7528
025040107410003168d2a000a00000e2,2,2,44,322,276,641,510,1.00123,10697,10.6839
025040107410003168d2a000a00000e2,2,2,45,322,276,641,510,1.00123,10741,10.7278
025040107410003168d2a000a00000e2,2,2,46,322,276,641,510,1.00123,10724,10.7109
025040107410003168d2a000a00000e2,2,2,47,322,276,641,510,1.00123,10724,10.7109
025040107410003168d2a000a00000e2,2,2,48,322,276,641,510,1.00123,10727,10.7139
025040107410003168d2a000a00000e2,2,2,49,322,276,641,510,1.00123,10757,10.7438
025040107410003168d2a000a00000e2,2,2,50,322,276,641,510,1.00123,10716,10.7029
025040107410003168d2a000a00000e2,2,2,51,322,276,641,510,1.00123,10734,10.7209
025040107410003168d2a000a00000e2,2,2,52,322,276,641,510,1.00123,10701,10.6879
025040107410003168d2a000a00000e2,2,2,53,322,276,641,510,1.00123,10761,10.7478
025040107410003168d2a000a00000e2,2,2,54,322,276,641,510,1.00123,10716,10.7029
025040107410003168d2a000a00000e2,2,2,55,322,276,641,510,1.00123,10720,10.7069
025040107410003168d2a000a00000e2,2,2,56,322,276,641,510,1.00123,10734,10.7209
025040107410003168d2a000a00000e2,2,2,57,322,276,641,510,1.00123,10745,10.7318
025040107410003168d2a000a00000e2,2,2,58,322,276,641,510,1.00123,10724,10.7109
025040107410003168d2a000a00000e2,2,2,59,322,276,641,510,1.00123,10721,10.7079
025040107410003168d2a000a00000e2,2,2,60,322,276,641,510,1.00123,10705,10.6919
025040107410003168d2a000a00000e2,2,2,61,322,276,641,510,1.00123,10737,10.7238
025040107410003168d2a000a00000e2,2,2,62,322,276,641,510,1.00123,10645,10.632
025040107410003168d2a000a00000e2,2,2,63,322,276,641,510,1.00123,10732,10.7189
025040107410003168d2a000a00000e2,2,2,0,322,276,642,510,1.00123,10777,10.7638
025040107410003168d2a000a00000e2,2,2,1,322,276,642,510,1.00123,10752,10.7388
025040107410003168d2a000a00000e2,2,2,2,322,276,642,510,1.00123,10787,10.7738
025040107410003168d2a000a00000e2,2,2,3,322,276,642,510,1.00123,10783,10.7698
025040107410003168d2a000a00000e2,2,2,4,322,276,642,510,1.00123,10768,10.7548
025040107410003168d2a000a00000e2,2,2,5,322,276,642,510,1.00123,10752,10.7388
025040107410003168d2a000a00000e2,2,2,6,322,276,642,510,1.00123,10759,10.7458
025040107410003168d2a000a00000e2,2,2,7,322,276,642,510,1.00123,10745,10.7318
025040107410003168d2a000a00000e2,2,2,8,322,276,642,510,1.00123,10768,10.7548
025040107410003168d2a000a00000e2,2,2,9,322,276,642,510,1.00123,10782,10.7688
025040107410003168d2a000a00000e2,2,2,10,322,276,642,510,1.00123,10775,10.7618
025040107410003168d2a000a00000e2,2,2,11,322,276,642,510,1.00123,10778,10.7648
025040107410003168d2a000a00000e2,2,2,12,322,276,642,510,1.00123,10767,10.7538
025040107410003168d2a000a00000e2,2,2,13,322,276,642,510,1.00123,10777,10.7638
025040107410003168d2a000a00000e2,2,2,14,322,276,642,510,1.00123,10771,10.7578
025040107410003168d2a000a00000e2,2,2,15,322,276,642,510,1.00123,10780,10.7668
025040107410003168d2a000a00000e2,2,2,16,322,276,642,510,1.00123,10775,10.7618
025040107410003168d2a000a00000e2,2,2,17,322,276,642,510,1.00123,10766,10.7528
025040107410003168d2a000a00000e2,2,2,18,322,276,642,510,1.00123,10769,10.7558
025040107410003168d2a000a00000e2,2,2,19,322,276,642,510,1.00123,10768,10.7548
025040107410003168d2a000a00000e2,2,2,20,322,276,642,510,1.00123,10782,10.7688
025040107410003168d2a000a00000e2,2,2,21,322,276,642,510,1.00123,10787,10.7738
025040107410003168d2a000a00000e2,2,2,22,322,276,642,510,1.00123,10782,10.7688
025040107410003168d2a000a00000e2,2,2,23,322,276,642,510,1.00123,10784,10.7708
025040107410003168d2a000a00000e2,2,2,24,322,276,642,510,1.00123,10762,10.7488
025040107410003168d2a000a00000e2,2,2,25,322,276,642,510,1.00123,10773,10.7598
025040107410003168d2a000a00000e2,2,2,26,322,276,642,510,1.00123,10763,10.7498
025040107410003168d2a000a00000e2,2,2,27,322,276,642,510,1.00123,10773,10.7598
025040107410003168d2a000a00000e2,2,2,28,322,276,642,510,1.00123,10758,10.7448
025040107410003168d2a000a00000e2,2,2,29,322,276,642,510,1.00123,10783,10.7698
025040107410003168d2a000a00000e2,2,2,30,322,276,642,510,1.00123,10772,10.7588
025040107410003168d2a000a00000e2,2,2,31,322,276,642,510,1.00123,10788,10.7748
025040107410003168d2a000a00000e2,2,2,32,322,276,642,510,1.00123,10760,10.7468
025040107410003168d2a000a00000e2,2,2,33,322,276,642,510,1.00123,10786,10.7728
025040107410003168d2a000a00000e2,2,2,34,322,276,642,510,1.00123,10764,10.7508
025040107410003168d2a000a00000e2,2,2,35,322,276,642,510,1.00123,10781,10.7678
025040107410003168d2a000a00000e2,2,2,36,322,276,642,510,1.00123,10769,10.7558
025040107410003168d2a000a00000e2,2,2,37,322,276,642,510,1.00123,10786,10.7728
025040107410003168d2a000a00000e2,2,2,38,322,276,642,510,1.00123,10777,10.7638
025040107410003168d2a000a00000e2,2,2,39,322,276,642,510,1.00123,10777,10.7638
025040107410003168d2a000a00000e2,2,2,40,322,276,642,510,1.00123,10767,10.7538
025040107410003168d2a000a00000e2,2,2,41,322,276,642,510,1.00123,10775,10.7618
025040107410003168d2a000a00000e2,2,2,42,322,276,642,510,1.00123,10768,10.7548
025040107410003168d2a000a00000e2,2,2,43,322,276,642,510,1.00123,10782,10.7688
025040107410003168d2a000a00000e2,2,2,44,322,276,642,510,1.00123,10728,10.7149
025040107410003168d2a000a00000e2,2,2,45,322,276,642,510,1.00123,10766,10.7528
025040107410003168d2a000a00000e2,2,2,46,322,276,642,510,1.00123,10755,10.7418
025040107410003168d2a000a00000e2,2,2,47,322,276,642,510,1.00123,10754,10.7408
025040107410003168d2a000a00000e2,2,2,48,322,276,642,510,1.00123,10758,10.7448
025040107410003168d2a000a00000e2,2,2,49,322,276,642,510,1.00123,10770,10.7568
025040107410003168d2a000a00000e2,2,2,50,322,276,642,510,1.00123,10745,10.7318
025040107410003168d2a000a00000e2,2,2,51,322,276,642,510,1.00123,10762,10.7488
025040107410003168d2a000a00000e2,2,2,52,322,276,642,510,1.00123,10734,10.7209
025040107410003168d2a000a00000e2,2,2,53,322,276,642,510,1.00123,10775,10.7618
025040107410003168d2a000a00000e2,2,2,54,322,276,642,510,1.00123,10745,10.7318
025040107410003168d2a000a00000e2,2,2,55,322,276,642,510,1.00123,10751,10.7378
025040107410003168d2a000a00000e2,2,2,56,322,276,642,510,1.00123,10762,10.7488
025040107410003168d2a000a00000e2,2,2,57,322,276,642,510,1.00123,10769,10.7558
025040107410003168d2a000a00000e2,2,2,58,322,276,642,510,1.00123,10757,10.7438
025040107410003168d2a000a00000e2,2,2,59,322,276,642,510,1.00123,10752,10.7388
025040107410003168d2a000a00000e2,2,2,60,322,276,642,510,1.00123,10738,10.7248
025040107410003168d2a000a00000e2,2,2,61,322,276,642,510,1.00123,10762,10.7488
025040107410003168d2a000a00000e2,2,2,62,322,276,642,510,1.00123,10687,10.6739
025040107410003168d2a000a00000e2,2,2,63,322,276,642,510,1.00123,10760,10.7468
025040107410003168d2a000a00000e2,2,2,0,322,276,643,511,1.00123,10757,10.7438
025040107410003168d2a000a00000e2,2,2,1,322,276,643,511,1.00123,10725,10.7119
025040107410003168d2a000a00000e2,2,2,2,322,276,643,511,1.00123,10775,10.7618
025040107410003168d2a000a00000e2,2,2,3,322,276,643,511,1.00123,10762,10.7488
025040107410003168d2a000a00000e2,2,2,4,322,276,643,511,1.00123,10735,10.7219
025040107410003168d2a000a00000e2,2,2,5,322,276,643,511,1.00123,10723,10.7099
025040107410003168d2a000a00000e2,2,2,6,322,276,643,511,1.00123,10726,10.7129
025040107410003168d2a000a00000e2,2,2,7,322,276,643,511,1.00123,10719,10.7059
025040107410003168d2a000a00000e2,2,2,8,322,276,643,511,1.00123,10739,10.7258
025040107410003168d2a000a00000e2,2,2,9,322,276,643,511,1.00123,10765,10.7518
025040107410003168d2a000a00000e2,2,2,10,322,276,643,511,1.00123,10760,10.7468
025040107410003168d2a000a00000e2,2,2,11,322,276,643,511,1.00123,10760,10.7468
025040107410003168d2a000a00000e2,2,2,12,322,276,643,511,1.00123,10740,10.7268
025040107410003168d2a000a00000e2,2,2,13,322,276,643,511,1.00123,10760,10.7468
025040107410003168d2a000a00000e2,2,2,14,322,276,643,511,1.00123,10750,10.7368
025040107410003168d2a000a00000e2,2,2,15,322,276,643,511,1.00123,10762,10.7488
025040107410003168d2a000a00000e2,2,2,16,322,276,643,511,1.00123,10759,10.7458
025040107410003168d2a000a00000e2,2,2,17,322,276,643,511,1.00123,10737,10.7238
025040107410003168d2a000a00000e2,2,2,18,322,276,643,511,1.00123,10740,10.7268
025040107410003168d2a000a00000e2,2,2,19,322,276,643,511,1.00123,10744,10.7308
025040107410003168d2a000a00000e2,2,2,20,322,276,643,511,1.00123,10766,10.7528
025040107410003168d2a000a00000e2,2,2,21,322,276,643,511,1.00123,10774,10.7608
025040107410003168d2a000a00000e2,2,2,22,322,276,643,511,1.00123,10766,10.7528
025040107410003168d2a000a00000e2,2,2,23,322,276,643,511,1.00123,10767,10.7538
025040107410003168d2a000a00000e2,2,2,24,322,276,643,511,1.00123,10731,10.7179
025040107410003168d2a000a00000e2,2,2,25,322,276,643,511,1.00123,10751,10.7378
025040107410003168d2a000a00000e2,2,2,26,322,276,643,511,1.00123,10735,10.7219
025040107410003168d2a000a00000e2,2,2,27,322,276,643,511,1.00123,10755,10.7418
025040107410003168d2a000a00000e2,2,2,28,322,276,643,511,1.00123,10733,10.7199
025040107410003168d2a000a00000e2,2,2,29,322,276,643,511,1.00123,10768,10.7548
025040107410003168d2a000a00000e2,2,2,30,322,276,643,511,1.00123,10752,10.7388
025040107410003168d2a000a00000e2,2,2,31,322,276,643,511,1.00123,10774,10.7608
025040107410003168d2a000a00000e2,2,2,32,322,276,643,511,1.00123,10731,10.7179
025040107410003168d2a000a00000e2,2,2,33,322,276,643,511,1.00123,10770,10.7568
025040107410003168d2a000a00000e2,2,2,34,322,276,643,511,1.00123,10735,10.7219
025040107410003168d2a000a00000e2,2,2,35,322,276,643,511,1.00123,10763,10.7498
025040107410003168d2a000a00000e2,2,2,36,322,276,643,511,1.00123,10747,10.7338
025040107410003168d2a000a00000e2,2,2,37,322,276,643,511,1.00123,10769,10.7558
025040107410003168d2a000a00000e2,2,2,38,322,276,643,511,1.00123,10759,10.7458
025040107410003168d2a000a00000e2,2,2,39,322,276,643,511,1.00123,10760,10.7468
025040107410003168d2a000a00000e2,2,2,40,322,276,643,511,1.00123,10742,10.7288
025040107410003168d2a000a00000e2,2,2,41,322,276,643,511,1.00123,10757,10.7438
025040107410003168d2a000a00000e2,2,2,42,322,276,643,511,1.00123,10743,10.7298
025040107410003168d2a000a00000e2,2,2,43,322,276,643,511,1.00123,10766,10.7528
025040107410003168d2a000a00000e2,2,2,44,322,276,643,511,1.00123,10699,10.6859
025040107410003168d2a000a00000e2,2,2,45,322,276,643,511,1.00123,10737,10.7238
025040107410003168d2a000a00000e2,2,2,46,322,276,643,511,1.00123,10727,10.7139
025040107410003168d2a000a00000e2,2,2,47,322,276,643,511,1.00123,10726,10.7129
025040107410003168d2a000a00000e2,2,2,48,322,276,643,511,1.00123,10728,10.7149
025040107410003168d2a000a00000e2,2,2,49,322,276,643,511,1.00123,10748,10.7348
025040107410003168d2a000a00000e2,2,2,50,322,276,643,511,1.00123,10723,10.7099
025040107410003168d2a000a00000e2,2,2,51,322,276,643,511,1.00123,10729,10.7159
025040107410003168d2a000a00000e2,2,2,52,322,276,643,511,1.00123,10711,10.6979
025040107410003168d2a000a00000e2,2,2,53,322,276,643,511,1.00123,10757,10.7438
025040107410003168d2a000a00000e2,2,2,54,322,276,643,511,1.00123,10720,10.7069
025040107410003168d2a000a00000e2,2,2,55,322,276,643,511,1.00123,10725,10.7119
025040107410003168d2a000a00000e2,2,2,56,322,276,643,511,1.00123,10734,10.7209
025040107410003168d2a000a00000e2,2,2,57,322,276,643,511,1.00123,10741,10.7278
025040107410003168d2a000a00000e2,2,2,58,322,276,643,511,1.00123,10728,10.7149
025040107410003168d2a000a00000e2,2,2,59,322,276,643,511,1.00123,10724,10.7109
025040107410003168d2a000a00000e2,2,2,60,322,276,643,511,1.00123,10712,10.6989
025040107410003168d2a000a00000e2,2,2,61,322,276,643,511,1.00123,10736,10.7229
025040107410003168d2a000a00000e2,2,2,62,322,276,643,511,1.00123,10656,10.6429
025040107410003168d2a000a00000e2,2,2,63,322,276,643,511,1.00123,10729,10.7159
025040107410003168d2a000a00000e2,2,2,0,322,276,644,512,1.00123,10789,10.7758
025040107410003168d2a000a00000e2,2,2,1,322,276,644,512,1.00123,10775,10.7618
025040107410003168d2a000a00000e2,2,2,2,322,276,644,512,1.00123,10811,10.7978
025040107410003168d2a000a00000e2,2,2,3,322,276,644,512,1.00123,10807,10.7938
025040107410003168d2a000a00000e2,2,2,4,322,276,644,512,1.00123,10786,10.7728
025040107410003168d2a000a00000e2,2,2,5,322,276,644,512,1.00123,10777,10.7638
025040107410003168d2a000a00000e2,2,2,6,322,276,644,512,1.00123,10782,10.7688
025040107410003168d2a000a00000e2,2,2,7,322,276,644,512,1.00123,10772,10.7588
025040107410003168d2a000a00000e2,2,2,8,322,276,644,512,1.00123,10788,10.7748
025040107410003168d2a000a00000e2,2,2,9,322,276,644,512,1.00123,10808,10.7948
025040107410003168d2a000a00000e2,2,2,10,322,276,644,512,1.00123,10804,10.7908
025040107410003168d2a000a00000e2,2,2,11,322,276,644,512,1.00123,10801,10.7878
025040107410003168d2a000a00000e2,2,2,12,322,276,644,512,1.00123,10785,10.7718
025040107410003168d2a000a00000e2,2,2,13,322,276,644,512,1.00123,10802,10.7888
025040107410003168d2a000a00000e2,2,2,14,322,276,644,512,1.00123,10795,10.7818
025040107410003168d2a000a00000e2,2,2,15,322,276,644,512,1.00123,10802,10.7888
025040107410003168d2a000a00000e2,2,2,16,322,276,644,512,1.00123,10798,10.7848
025040107410003168d2a000a00000e2,2,2,17,322,276,644,512,1.00123,10784,10.7708
025040107410003168d2a000a00000e2,2,2,18,322,276,644,512,1.00123,10787,10.7738
025040107410003168d2a000a00000e2,2,2,19,322,276,644,512,1.00123,10788,10.7748
025040107410003168d2a000a00000e2,2,2,20,322,276,644,512,1.00123,10805,10.7918
025040107410003168d2a000a00000e2,2,2,21,322,276,644,512,1.00123,10811,10.7978
025040107410003168d2a000a00000e2,2,2,22,322,276,644,512,1.00123,10807,10.7938
025040107410003168d2a000a00000e2,2,2,23,322,276,644,512,1.00123,10808,10.7948
025040107410003168d2a000a00000e2,2,2,24,322,276,644,512,1.00123,10782,10.7688
025040107410003168d2a000a00000e2,2,2,25,322,276,644,512,1.00123,10794,10.7808
025040107410003168d2a000a00000e2,2,2,26,322,276,644,512,1.00123,10784,10.7708
025040107410003168d2a000a00000e2,2,2,27,322,276,644,512,1.00123,10796,10.7828
025040107410003168d2a000a00000e2,2,2,28,322,276,644,512,1.00123,10781,10.7678
025040107410003168d2a000a00000e2,2,2,29,322,276,644,512,1.00123,10809,10.7958
025040107410003168d2a000a00000e2,2,2,30,322,276,644,512,1.00123,10796,10.7828
025040107410003168d2a000a00000e2,2,2,31,322,276,644,512,1.00123,10812,10.7988
025040107410003168d2a000a00000e2,2,2,32,322,276,644,512,1.00123,10782,10.7688
025040107410003168d2a000a00000e2,2,2,33,322,276,644,512,1.00123,10811,10.7978
025040107410003168d2a000a00000e2,2,2,34,322,276,644,512,1.00123,10785,10.7718
025040107410003168d2a000a00000e2,2,2,35,322,276,644,512,1.00123,10804,10.7908
025040107410003168d2a000a00000e2,2,2,36,322,276,644,512,1.00123,10791,10.7778
025040107410003168d2a000a00000e2,2,2,37,322,276,644,512,1.00123,10811,10.7978
025040107410003168d2a000a00000e2,2,2,38,322,276,644,512,1.00123,10800,10.7868
025040107410003168d2a000a00000e2,2,2,39,322,276,644,512,1.00123,10800,10.7868
025040107410003168d2a000a00000e2,2,2,40,322,276,644,512,1.00123,10788,10.7748
025040107410003168d2a000a00000e2,2,2,41,322,276,644,512,1.00123,10799,10.7858
025040107410003168d2a000a00000e2,2,2,42,322,276,644,512,1.00123,10786,10.7728
025040107410003168d2a000a00000e2,2,2,43,322,276,644,512,1.00123,10808,10.7948
025040107410003168d2a000a00000e2,2,2,44,322,276,644,512,1.00123,10761,10.7478
025040107410003168d2a000a00000e2,2,2,45,322,276,644,512,1.00123,10785,10.7718
025040107410003168d2a000a00000e2,2,2,46,322,276,644,512,1.00123,10779,10.7658
025040107410003168d2a000a00000e2,2,2,47,322,276,644,512,1.00123,10779,10.7658
025040107410003168d2a000a00000e2,2,2,48,322,276,644,512,1.00123,10779,10.7658
025040107410003168d2a000a00000e2,2,2,49,322,276,644,512,1.00123,10792,10.7788
025040107410003168d2a000a00000e2,2,2,50,322,276,644,512,1.00123,10772,10.7588
025040107410003168d2a000a00000e2,2,2,51,322,276,644,512,1.00123,10783,10.7698
025040107410003168d2a000a00000e2,2,2,52,322,276,644,512,1.00123,10764,10.7508
025040107410003168d2a000a00000e2,2,2,53,322,276,644,512,1.00123,10800,10.7868
025040107410003168d2a000a00000e2,2,2,54,322,276,644,512,1.00123,10771,10.7578
025040107410003168d2a000a00000e2,2,2,55,322,276,644,512,1.00123,10777,10.7638
025040107410003168d2a000a00000e2,2,2,56,322,276,644,512,1.00123,10783,10.7698
025040107410003168d2a000a00000e2,2,2,57,322,276,644,512,1.00123,10789,10.7758
025040107410003168d2a000a00000e2,2,2,58,322,276,644,512,1.00123,10781,10.7678
025040107410003168d2a000a00000e2,2,2,59,322,276,644,512,1.00123,10776,10.7628
025040107410003168d2a000a00000e2,2,2,60,322,276,644,512,1.00123,10765,10.7518
025040107410003168d2a000a00000e2,2,2,61,322,276,644,512,1.00123,10785,10.7718
025040107410003168d2a000a00000e2,2,2,62,322,276,644,512,1.00123,10720,10.7069
025040107410003168d2a000a00000e2,2,2,63,322,276,644,512,1.00123,10779,10.7658
025040107410003168d2a000a00000e2,2,2,0,322,276,645,513,1.00123,10753,10.7398
025040107410003168d2a000a00000e2,2,2,1,322,276,645,513,1.00123,10773,10.7598
025040107410003168d2a000a00000e2,2,2,2,322,276,645,513,1.00123,10820,10.8067
025040107410003168d2a000a00000e2,2,2,3,322,276,645,513,1.00123,10809,10.7958
025040107410003168d2a000a00000e2,2,2,4,322,276,645,513,1.00123,10786,10.7728
025040107410003168d2a000a00000e2,2,2,5,322,276,645,513,1.00123,10774,10.7608
025040107410003168d2a000a00000e2,2,2,6,322,276,645,513,1.00123,10780,10.7668
025040107410003168d2a000a00000e2,2,2,7,322,276,645,513,1.00123,10770,10.7568
025040107410003168d2a000a00000e2,2,2,8,322,276,645,513,1.00123,10789,10.7758
025040107410003168d2a000a00000e2,2,2,9,322,276,645,513,1.00123,10810,10.7968
025040107410003168d2a000a00000e2,2,2,10,322,276,645,513,1.00123,10804,10.7908
025040107410003168d2a000a00000e2,2,2,11,322,276,645,513,1.00123,10803,10.7898
025040107410003168d2a000a00000e2,2,2,12,322,276,645,513,1.00123,10785,10.7718
025040107410003168d2a000a00000e2,2,2,13,322,276,645,513,1.00123,10802,10.7888
025040107410003168d2a000a00000e2,2,2,14,322,276,645,513,1.00123,10797,10.7838
025040107410003168d2a000a00000e2,2,2,15,322,276,645,513,1.00123,10805,10.7918
025040107410003168d2a000a00000e2,2,2,16,322,276,645,513,1.00123,10802,10.7888
025040107410003168d2a000a00000e2,2,2,17,322,276,645,513,1.00123,10786,10.7728
025040107410003168d2a000a00000e2,2,2,18,322,276,645,513,1.00123,10788,10.7748
025040107410003168d2a000a00000e2,2,2,19,322,276,645,513,1.00123,10786,10.7728
025040107410003168d2a000a00000e2,2,2,20,322,276,645,513,1.00123,10809,10.7958
025040107410003168d2a000a00000e2,2,2,21,322,276,645,513,1.00123,10815,10.8018
025040107410003168d2a000a00000e2,2,2,22,322,276,645,513,1.00123,10808,10.7948
025040107410003168d2a000a00000e2,2,2,23,322,276,645,513,1.00123,10811,10.7978
025040107410003168d2a000a00000e2,2,2,24,322,276,645,513,1.00123,10781,10.7678
025040107410003168d2a000a00000e2,2,2,25,322,276,645,513,1.00123,10795,10.7818
025040107410003168d2a000a00000e2,2,2,26,322,276,645,513,1.00123,10782,10.7688
025040107410003168d2a000a00000e2,2,2,27,322,276,645,513,1.00123,10801,10.7878
025040107410003168d2a000a00000e2,2,2,28,322,276,645,513,1.00123,10779,10.7658
025040107410003168d2a000a00000e2,2,2,29,322,276,645,513,1.00123,10812,10.7988
025040107410003168d2a000a00000e2,2,2,30,322,276,645,513,1.00123,10798,10.7848
025040107410003168d2a000a00000e2,2,2,31,322,276,645,513,1.00123,10820,10.8067
025040107410003168d2a000a00000e2,2,2,32,322,276,645,513,1.00123,10780,10.7668
025040107410003168d2a000a00000e2,2,2,33,322,276,645,513,1.00123,10812,10.7988
025040107410003168d2a000a00000e2,2,2,34,322,276,645,513,1.00123,10786,10.7728
025040107410003168d2a000a00000e2,2,2,35,322,276,645,513,1.00123,10807,10.7938
025040107410003168d2a000a00000e2,2,2,36,322,276,645,513,1.00123,10792,10.7788
025040107410003168d2a000a00000e2,2,2,37,322,276,645,513,1.00123,10813,10.7998
025040107410003168d2a000a00000e2,2,2,38,322,276,645,513,1.00123,10804,10.7908
025040107410003168d2a000a00000e2,2,2,39,322,276,645,513,1.00123,10804,10.7908
025040107410003168d2a000a00000e2,2,2,40,322,276,645,513,1.00123,10789,10.7758
025040107410003168d2a000a00000e2,2,2,41,322,276,645,513,1.00123,10801,10.7878
025040107410003168d2a000a00000e2,2,2,42,322,276,645,513,1.00123,10789,10.7758
025040107410003168d2a000a00000e2,2,2,43,322,276,645,513,1.00123,10812,10.7988
025040107410003168d2a000a00000e2,2,2,44,322,276,645,513,1.00123,10757,10.7438
025040107410003168d2a000a00000e2,2,2,45,322,276,645,513,1.00123,10784,10.7708
025040107410003168d2a000a00000e2,2,2,46,322,276,645,513,1.00123,10776,10.7628
025040107410003168d2a000a00000e2,2,2,47,322,276,645,513,1.00123,10777,10.7638
025040107410003168d2a000a00000e2,2,2,48,322,276,645,513,1.00123,10779,10.7658
025040107410003168d2a000a00000e2,2,2,49,322,276,645,513,1.00123,10794,10.7808
025040107410003168d2a000a00000e2,2,2,50,322,276,645,513,1.00123,10774,10.7608
025040107410003168d2a000a00000e2,2,2,51,322,276,645,513,1.00123,10782,10.7688
025040107410003168d2a000a00000e2,2,2,52,322,276,645,513,1.00123,10762,10.7488
025040107410003168d2a000a00000e2,2,2,53,322,276,645,513,1.00123,10800,10.7868
025040107410003168d2a000a00000e2,2,2,54,322,276,645,513,1.00123,10769,10.7558
025040107410003168d2a000a00000e2,2,2,55,322,276,645,513,1.00123,10776,10.7628
025040107410003168d2a000a00000e2,2,2,56,322,276,645,513,1.00123,10783,10.7698
025040107410003168d2a000a00000e2,2,2,57,322,276,645,513,1.00123,10790,10.7768
025040107410003168d2a000a00000e2,2,2,58,322,276,645,513,1.00123,10776,10.7628
025040107410003168d2a000a00000e2,2,2,59,322,276,645,513,1.00123,10776,10.7628
025040107410003168d2a000a00000e2,2,2,60,322,276,645,513,1.00123,10762,10.7488
025040107410003168d2a000a00000e2,2,2,61,322,276,645,513,1.00123,10782,10.7688
025040107410003168d2a000a00000e2,2,2,62,322,276,645,513,1.00123,10708,10.6949
025040107410003168d2a000a00000e2,2,2,63,322,276,645,513,1.00123,10780,10.7668
025040107410003168d2a000a00000e2,2,2,0,322,276,646,514,1.0027,10705,10.6762
025040107410003168d2a000a00000e2,2,2,1,322,276,646,514,1.0027,10791,10.7619
025040107410003168d2a000a00000e2,2,2,2,322,276,646,514,1.0027,10852,10.8228
025040107410003168d2a000a00000e2,2,2,3,322,276,646,514,1.0027,10838,10.8088
025040107410003168d2a000a00000e2,2,2,4,322,276,646,514,1.0027,10812,10.7829
025040107410003168d2a000a00000e2,2,2,5,322,276,646,514,1.0027,10791,10.7619
025040107410003168d2a000a00000e2,2,2,6,322,276,646,514,1.0027,10806,10.7769
025040107410003168d2a000a00000e2,2,2,7,322,276,646,514,1.0027,10784,10.755
025040107410003168d2a000a00000e2,2,2,8,322,276,646,514,1.0027,10815,10.7859
025040107410003168d2a000a00000e2,2,2,9,322,276,646,514,1.0027,10840,10.8108
025040107410003168d2a000a00000e2,2,2,10,322,276,646,514,1.0027,10831,10.8018
025040107410003168d2a000a00000e2,2,2,11,322,276,646,514,1.0027,10833,10.8038
025040107410003168d2a000a00000e2,2,2,12,322,276,646,514,1.0027,10812,10.7829
025040107410003168d2a000a00000e2,2,2,13,322,276,646,514,1.0027,10830,10.8008
025040107410003168d2a000a00000e2,2,2,14,322,276,646,514,1.0027,10821,10.7919
025040107410003168d2a000a00000e2,2,2,15,322,276,646,514,1.0027,10831,10.8018
025040107410003168d2a000a00000e2,2,2,16,322,276,646,514,1.0027,10828,10.7988
025040107410003168d2a000a00000e2,2,2,17,322,276,646,514,1.0027,10809,10.7799
025040107410003168d2a000a00000e2,2,2,18,322,276,646,514,1.0027,10815,10.7859
025040107410003168d2a000a00000e2,2,2,19,322,276,646,514,1.0027,10813,10.7839
025040107410003168d2a000a00000e2,2,2,20,322,276,646,514,1.0027,10835,10.8058
025040107410003168d2a000a00000e2,2,2,21,322,276,646,514,1.0027,10843,10.8138
025040107410003168d2a000a00000e2,2,2,22,322,276,646,514,1.0027,10835,10.8058
025040107410003168d2a000a00000e2,2,2,23,322,276,646,514,1.0027,10837,10.8078
025040107410003168d2a000a00000e2,2,2,24,322,276,646,514,1.0027,10808,10.7789
025040107410003168d2a000a00000e2,2,2,25,322,276,646,514,1.0027,10820,10.7909
025040107410003168d2a000a00000e2,2,2,26,322,276,646,514,1.0027,10813,10.7839
025040107410003168d2a000a00000e2,2,2,27,322,276,646,514,1.0027,10824,10.7948
025040107410003168d2a000a00000e2,2,2,28,322,276,646,514,1.0027,10808,10.7789
025040107410003168d2a000a00000e2,2,2,29,322,276,646,514,1.0027,10840,10.8108
025040107410003168d2a000a00000e2,2,2,30,322,276,646,514,1.0027,10825,10.7958
025040107410003168d2a000a00000e2,2,2,31,322,276,646,514,1.0027,10852,10.8228
025040107410003168d2a000a00000e2,2,2,32,322,276,646,514,1.0027,10808,10.7789
025040107410003168d2a000a00000e2,2,2,33,322,276,646,514,1.0027,10842,10.8128
025040107410003168d2a000a00000e2,2,2,34,322,276,646,514,1.0027,10813,10.7839
025040107410003168d2a000a00000e2,2,2,35,322,276,646,514,1.0027,10835,10.8058
025040107410003168d2a000a00000e2,2,2,36,322,276,646,514,1.0027,10820,10.7909
025040107410003168d2a000a00000e2,2,2,37,322,276,646,514,1.0027,10842,10.8128
025040107410003168d2a000a00000e2,2,2,38,322,276,646,514,1.0027,10831,10.8018
025040107410003168d2a000a00000e2,2,2,39,322,276,646,514,1.0027,10832,10.8028
025040107410003168d2a000a00000e2,2,2,40,322,276,646,514,1.0027,10817,10.7879
025040107410003168d2a000a00000e2,2,2,41,322,276,646,514,1.0027,10828,10.7988
025040107410003168d2a000a00000e2,2,2,42,322,276,646,514,1.0027,10815,10.7859
025040107410003168d2a000a00000e2,2,2,43,322,276,646,514,1.0027,10840,10.8108
025040107410003168d2a000a00000e2,2,2,44,322,276,646,514,1.0027,10770,10.741
025040107410003168d2a000a00000e2,2,2,45,322,276,646,514,1.0027,10810,10.7809
025040107410003168d2a000a00000e2,2,2,46,322,276,646,514,1.0027,10795,10.7659
025040107410003168d2a000a00000e2,2,2,47,322,276,646,514,1.0027,10797,10.7679
025040107410003168d2a000a00000e2,2,2,48,322,276,646,514,1.0027,10800,10.7709
025040107410003168d2a000a00000e2,2,2,49,322,276,646,514,1.0027,10817,10.7879
025040107410003168d2a000a00000e2,2,2,50,322,276,646,514,1.0027,10788,10.7589
025040107410003168d2a000a00000e2,2,2,51,322,276,646,514,1.0027,10806,10.7769
025040107410003168d2a000a00000e2,2,2,52,322,276,646,514,1.0027,10773,10.744
025040107410003168d2a000a00000e2,2,2,53,322,276,646,514,1.0027,10821,10.7919
025040107410003168d2a000a00000e2,2,2,54,322,276,646,514,1.0027,10783,10.754
025040107410003168d2a000a00000e2,2,2,55,322,276,646,514,1.0027,10792,10.7629
025040107410003168d2a000a00000e2,2,2,56,322,276,646,514,1.0027,10812,10.7829
025040107410003168d2a000a00000e2,2,2,57,322,276,646,514,1.0027,10813,10.7839
025040107410003168d2a000a00000e2,2,2,58,322,276,646,514,1.0027,10797,10.7679
025040107410003168d2a000a00000e2,2,2,59,322,276,646,514,1.0027,10795,10.7659
025040107410003168d2a000a00000e2,2,2,60,322,276,646,514,1.0027,10777,10.748
025040107410003168d2a000a00000e2,2,2,61,322,276,646,514,1.0027,10806,10.7769
025040107410003168d2a000a00000e2,2,2,62,322,276,646,514,1.0027,10717,10.6881
025040107410003168d2a000a00000e2,2,2,63,322,276,646,514,1.0027,10803,10.7739
025040107410003168d2a000a00000e2,2,2,0,322,276,647,514,1.0027,10498,10.4697
025040107410003168d2a000a00000e2,2,2,1,322,276,647,514,1.0027,10752,10.723
025040107410003168d2a000a00000e2,2,2,2,322,276,647,514,1.0027,10805,10.7759
025040107410003168d2a000a00000e2,2,2,3,322,276,647,514,1.0027,10790,10.7609
025040107410003168d2a000a00000e2,2,2,4,322,276,647,514,1.0027,10766,10.737
025040107410003168d2a000a00000e2,2,2,5,322,276,647,514,1.0027,10754,10.725
025040107410003168d2a000a00000e2,2,2,6,322,276,647,514,1.0027,10763,10.734
025040107410003168d2a000a00000e2,2,2,7,322,276,647,514,1.0027,10748,10.719
025040107410003168d2a000a00000e2,2,2,8,322,276,647,514,1.0027,10769,10.74
025040107410003168d2a000a00000e2,2,2,9,322,276,647,514,1.0027,10793,10.7639
025040107410003168d2a000a00000e2,2,2,10,322,276,647,514,1.0027,10785,10.756
025040107410003168d2a000a00000e2,2,2,11,322,276,647,514,1.0027,10785,10.756
025040107410003168d2a000a00000e2,2,2,12,322,276,647,514,1.0027,10765,10.736
025040107410003168d2a000a00000e2,2,2,13,322,276,647,514,1.0027,10780,10.751
025040107410003168d2a000a00000e2,2,2,14,322,276,647,514,1.0027,10775,10.746
025040107410003168d2a000a00000e2,2,2,15,322,276,647,514,1.0027,10785,10.756
025040107410003168d2a000a00000e2,2,2,16,322,276,647,514,1.0027,10779,10.75
025040107410003168d2a000a00000e2,2,2,17,322,276,647,514,1.0027,10767,10.738
025040107410003168d2a000a00000e2,2,2,18,322,276,647,514,1.0027,10770,10.741
025040107410003168d2a000a00000e2,2,2,19,322,276,647,514,1.0027,10767,10.738
025040107410003168d2a000a00000e2,2,2,20,322,276,647,514,1.0027,10787,10.7579
025040107410003168d2a000a00000e2,2,2,21,322,276,647,514,1.0027,10800,10.7709
025040107410003168d2a000a00000e2,2,2,22,322,276,647,514,1.0027,10787,10.7579
025040107410003168d2a000a00000e2,2,2,23,322,276,647,514,1.0027,10794,10.7649
025040107410003168d2a000a00000e2,2,2,24,322,276,647,514,1.0027,10765,10.736
025040107410003168d2a000a00000e2,2,2,25,322,276,647,514,1.0027,10776,10.747
025040107410003168d2a000a00000e2,2,2,26,322,276,647,514,1.0027,10766,10.737
025040107410003168d2a000a00000e2,2,2,27,322,276,647,514,1.0027,10777,10.748
025040107410003168d2a000a00000e2,2,2,28,322,276,647,514,1.0027,10763,10.734
025040107410003168d2a000a00000e2,2,2,29,322,276,647,514,1.0027,10795,10.7659
025040107410003168d2a000a00000e2,2,2,30,322,276,647,514,1.0027,10776,10.747
025040107410003168d2a000a00000e2,2,2,31,322,276,647,514,1.0027,10806,10.7769
025040107410003168d2a000a00000e2,2,2,32,322,276,647,514,1.0027,10764,10.735
025040107410003168d2a000a00000e2,2,2,33,322,276,647,514,1.0027,10798,10.7689
025040107410003168d2a000a00000e2,2,2,34,322,276,647,514,1.0027,10766,10.737
025040107410003168d2a000a00000e2,2,2,35,322,276,647,514,1.0027,10788,10.7589
025040107410003168d2a000a00000e2,2,2,36,322,276,647,514,1.0027,10774,10.745
025040107410003168d2a000a00000e2,2,2,37,322,276,647,514,1.0027,10797,10.7679
025040107410003168d2a000a00000e2,2,2,38,322,276,647,514,1.0027,10781,10.752
025040107410003168d2a000a00000e2,2,2,39,322,276,647,514,1.0027,10783,10.754
025040107410003168d2a000a00000e2,2,2,40,322,276,647,514,1.0027,10772,10.743
025040107410003168d2a000a00000e2,2,2,41,322,276,647,514,1.0027,10779,10.75
025040107410003168d2a000a00000e2,2,2,42,322,276,647,514,1.0027,10772,10.743
025040107410003168d2a000a00000e2,2,2,43,322,276,647,514,1.0027,10795,10.7659
025040107410003168d2a000a00000e2,2,2,44,322,276,647,514,1.0027,10731,10.7021
025040107410003168d2a000a00000e2,2,2,45,322,276,647,514,1.0027,10765,10.736
025040107410003168d2a000a00000e2,2,2,46,322,276,647,514,1.0027,10759,10.73
025040107410003168d2a000a00000e2,2,2,47,322,276,647,514,1.0027,10761,10.732
025040107410003168d2a000a00000e2,2,2,48,322,276,647,514,1.0027,10761,10.732
025040107410003168d2a000a00000e2,2,2,49,322,276,647,514,1.0027,10772,10.743
025040107410003168d2a000a00000e2,2,2,50,322,276,647,514,1.0027,10753,10.724
025040107410003168d2a000a00000e2,2,2,51,322,276,647,514,1.0027,10764,10.735
025040107410003168d2a000a00000e2,2,2,52,322,276,647,514,1.0027,10734,10.7051
025040107410003168d2a000a00000e2,2,2,53,322,276,647,514,1.0027,10778,10.749
025040107410003168d2a000a00000e2,2,2,54,322,276,647,514,1.0027,10749,10.72
025040107410003168d2a000a00000e2,2,2,55,322,276,647,514,1.0027,10757,10.728
025040107410003168d2a000a00000e2,2,2,56,322,276,647,514,1.0027,10766,10.737
025040107410003168d2a000a00000e2,2,2,57,322,276,647,514,1.0027,10769,10.74
025040107410003168d2a000a00000e2,2,2,58,322,276,647,514,1.0027,10759,10.73
025040107410003168d2a000a00000e2,2,2,59,322,276,647,514,1.0027,10757,10.728
025040107410003168d2a000a00000e2,2,2,60,322,276,647,514,1.0027,10734,10.7051
025040107410003168d2a000a00000e2,2,2,61,322,276,647,514,1.0027,10765,10.736
025040107410003168d2a000a00000e2,2,2,62,322,276,647,514,1.0027,10667,10.6383
025040107410003168d2a000a00000e2,2,2,63,322,276,647,514,1.0027,10764,10.735
025040107410003168d2a000a00000e2,2,2,0,322,276,648,515,1.00123,10161,10.1486
025040107410003168d2a000a00000e2,2,2,1,322,276,648,515,1.00123,10748,10.7348
025040107410003168d2a000a00000e2,2,2,2,322,276,648,515,1.00123,10818,10.8048
025040107410003168d2a000a00000e2,2,2,3,322,276,648,515,1.00123,10794,10.7808
025040107410003168d2a000a00000e2,2,2,4,322,276,648,515,1.00123,10771,10.7578
025040107410003168d2a000a00000e2,2,2,5,322,276,648,515,1.00123,10750,10.7368
025040107410003168d2a000a00000e2,2,2,6,322,276,648,515,1.00123,10764,10.7508
025040107410003168d2a000a00000e2,2,2,7,322,276,648,515,1.00123,10739,10.7258
025040107410003168d2a000a00000e2,2,2,8,322,276,648,515,1.00123,10774,10.7608
025040107410003168d2a000a00000e2,2,2,9,322,276,648,515,1.00123,10798,10.7848
025040107410003168d2a000a00000e2,2,2,10,322,276,648,515,1.00123,10793,10.7798
025040107410003168d2a000a00000e2,2,2,11,322,276,648,515,1.00123,10791,10.7778
025040107410003168d2a000a00000e2,2,2,12,322,276,648,515,1.00123,10773,10.7598
025040107410003168d2a000a00000e2,2,2,13,322,276,648,515,1.00123,10790,10.7768
025040107410003168d2a000a00000e2,2,2,14,322,276,648,515,1.00123,10786,10.7728
025040107410003168d2a000a00000e2,2,2,15,322,276,648,515,1.00123,10791,10.7778
025040107410003168d2a000a00000e2,2,2,16,322,276,648,515,1.00123,10788,10.7748
025040107410003168d2a000a00000e2,2,2,17,322,276,648,515,1.00123,10768,10.7548
025040107410003168d2a000a00000e2,2,2,18,322,276,648,515,1.00123,10779,10.7658
025040107410003168d2a000a00000e2,2,2,19,322,276,648,515,1.00123,10775,10.7618
025040107410003168d2a000a00000e2,2,2,20,322,276,648,515,1.00123,10798,10.7848
025040107410003168d2a000a00000e2,2,2,21,322,276,648,515,1.00123,10817,10.8038
025040107410003168d2a000a00000e2,2,2,22,322,276,648,515,1.00123,10799,10.7858
025040107410003168d2a000a00000e2,2,2,23,322,276,648,515,1.00123,10804,10.7908
025040107410003168d2a000a00000e2,2,2,24,322,276,648,515,1.00123,10770,10.7568
025040107410003168d2a000a00000e2,2,2,25,322,276,648,515,1.00123,10785,10.7718
025040107410003168d2a000a00000e2,2,2,26,322,276,648,515,1.00123,10769,10.7558
025040107410003168d2a000a00000e2,2,2,27,322,276,648,515,1.00123,10787,10.7738
025040107410003168d2a000a00000e2,2,2,28,322,276,648,515,1.00123,10770,10.7568
025040107410003168d2a000a00000e2,2,2,29,322,276,648,515,1.00123,10806,10.7928
025040107410003168d2a000a00000e2,2,2,30,322,276,648,515,1.00123,10789,10.7758
025040107410003168d2a000a00000e2,2,2,31,322,276,648,515,1.00123,10819,10.8057
025040107410003168d2a000a00000e2,2,2,32,322,276,648,515,1.00123,10770,10.7568
025040107410003168d2a000a00000e2,2,2,33,322,276,648,515,1.00123,10811,10.7978
025040107410003168d2a000a00000e2,2,2,34,322,276,648,515,1.00123,10770,10.7568
025040107410003168d2a000a00000e2,2,2,35,322,276,648,515,1.00123,10796,10.7828
025040107410003168d2a000a00000e2,2,2,36,322,276,648,515,1.00123,10786,10.7728
025040107410003168d2a000a00000e2,2,2,37,322,276,648,515,1.00123,10813,10.7998
025040107410003168d2a000a00000e2,2,2,38,322,276,648,515,1.00123,10791,10.7778
025040107410003168d2a000a00000e2,2,2,39,322,276,648,515,1.00123,10793,10.7798
025040107410003168d2a000a00000e2,2,2,40,322,276,648,515,1.00123,10784,10.7708
025040107410003168d2a000a00000e2,2,2,41,322,276,648,515,1.00123,10789,10.7758
025040107410003168d2a000a00000e2,2,2,42,322,276,648,515,1.00123,10781,10.7678
025040107410003168d2a000a00000e2,2,2,43,322,276,648,515,1.00123,10802,10.7888
025040107410003168d2a000a00000e2,2,2,44,322,276,648,515,1.00123,10727,10.7139
025040107410003168d2a000a00000e2,2,2,45,322,276,648,515,1.00123,10773,10.7598
025040107410003168d2a000a00000e2,2,2,46,322,276,648,515,1.00123,10764,10.7508
025040107410003168d2a000a00000e2,2,2,47,322,276,648,515,1.00123,10757,10.7438
025040107410003168d2a000a00000e2,2,2,48,322,276,648,515,1.00123,10766,10.7528
025040107410003168d2a000a00000e2,2,2,49,322,276,648,515,1.00123,10778,10.7648
025040107410003168d2a000a00000e2,2,2,50,322,276,648,515,1.00123,10748,10.7348
025040107410003168d2a000a00000e2,2,2,51,322,276,648,515,1.00123,10766,10.7528
025040107410003168d2a000a00000e2,2,2,52,322,276,648,515,1.00123,10732,10.7189
025040107410003168d2a000a00000e2,2,2,53,322,276,648,515,1.00123,10785,10.7718
025040107410003168d2a000a00000e2,2,2,54,322,276,648,515,1.00123,10744,10.7308
025040107410003168d2a000a00000e2,2,2,55,322,276,648,515,1.00123,10755,10.7418
025040107410003168d2a000a00000e2,2,2,56,322,276,648,515,1.00123,10769,10.7558
025040107410003168d2a000a00000e2,2,2,57,322,276,648,515,1.00123,10775,10.7618
025040107410003168d2a000a00000e2,2,2,58,322,276,648,515,1.00123,10761,10.7478
025040107410003168d2a000a00000e2,2,2,59,322,276,648,515,1.00123,10749,10.7358
025040107410003168d2a000a00000e2,2,2,60,322,276,648,515,1.00123,10733,10.7199
025040107410003168d2a000a00000e2,2,2,61,322,276,648,515,1.00123,10764,10.7508
025040107410003168d2a000a00000e2,2,2,62,322,276,648,515,1.00123,10666,10.6529
025040107410003168d2a000a00000e2,2,2,63,322,276,648,515,1.00123,10759,10.7458
025040107410003168d2a000a00000e2,2,2,0,322,276,649,516,1.0027,9644,9.61802
025040107410003168d2a000a00000e2,2,2,1,322,276,649,516,1.0027,10661,10.6323
025040107410003168d2a000a00000e2,2,2,2,322,276,649,516,1.0027,10736,10.7071
025040107410003168d2a000a00000e2,2,2,3,322,276,649,516,1.0027,10714,10.6851
025040107410003168d2a000a00000e2,2,2,4,322,276,649,516,1.0027,10686,10.6572
025040107410003168d2a000a00000e2,2,2,5,322,276,649,516,1.0027,10658,10.6293
025040107410003168d2a000a00000e2,2,2,6,322,276,649,516,1.0027,10676,10.6472
025040107410003168d2a000a00000e2,2,2,7,322,276,649,516,1.0027,10654,10.6253
025040107410003168d2a000a00000e2,2,2,8,322,276,649,516,1.0027,10684,10.6552
025040107410003168d2a000a00000e2,2,2,9,322,276,649,516,1.0027,10711,10.6821
025040107410003168d2a000a00000e2,2,2,10,322,276,649,516,1.0027,10704,10.6752
025040107410003168d2a000a00000e2,2,2,11,322,276,649,516,1.0027,10701,10.6722
025040107410003168d2a000a00000e2,2,2,12,322,276,649,516,1.0027,10685,10.6562
025040107410003168d2a000a00000e2,2,2,13,322,276,649,516,1.0027,10701,10.6722
025040107410003168d2a000a00000e2,2,2,14,322,276,649,516,1.0027,10693,10.6642
025040107410003168d2a000a00000e2,2,2,15,322,276,649,516,1.0027,10700,10.6712
025040107410003168d2a000a00000e2,2,2,16,322,276,649,516,1.0027,10700,10.6712
025040107410003168d2a000a00000e2,2,2,17,322,276,649,516,1.0027,10684,10.6552
025040107410003168d2a000a00000e2,2,2,18,322,276,649,516,1.0027,10691,10.6622
025040107410003168d2a000a00000e2,2,2,19,322,276,649,516,1.0027,10688,10.6592
025040107410003168d2a000a00000e2,2,2,20,322,276,649,516,1.0027,10709,10.6802
025040107410003168d2a000a00000e2,2,2,21,322,276,649,516,1.0027,10729,10.7001
025040107410003168d2a000a00000e2,2,2,22,322,276,649,516,1.0027,10711,10.6821
025040107410003168d2a000a00000e2,2,2,23,322,276,649,516,1.0027,10720,10.6911
025040107410003168d2a000a00000e2,2,2,24,322,276,649,516,1.0027,10685,10.6562
025040107410003168d2a000a00000e2,2,2,25,322,276,649,516,1.0027,10696,10.6672
025040107410003168d2a000a00000e2,2,2,26,322,276,649,516,1.0027,10686,10.6572
025040107410003168d2a000a00000e2,2,2,27,322,276,649,516,1.0027,10701,10.6722
025040107410003168d2a000a00000e2,2,2,28,322,276,649,516,1.0027,10684,10.6552
025040107410003168d2a000a00000e2,2,2,29,322,276,649,516,1.0027,10721,10.6921
025040107410003168d2a000a00000e2,2,2,30,322,276,649,516,1.0027,10695,10.6662
025040107410003168d2a000a00000e2,2,2,31,322,276,649,516,1.0027,10737,10.7081
025040107410003168d2a000a00000e2,2,2,32,322,276,649,516,1.0027,10682,10.6532
025040107410003168d2a000a00000e2,2,2,33,322,276,649,516,1.0027,10729,10.7001
025040107410003168d2a000a00000e2,2,2,34,322,276,649,516,1.0027,10689,10.6602
025040107410003168d2a000a00000e2,2,2,35,322,276,649,516,1.0027,10709,10.6802
025040107410003168d2a000a00000e2,2,2,36,322,276,649,516,1.0027,10695,10.6662
025040107410003168d2a000a00000e2,2,2,37,322,276,649,516,1.0027,10726,10.6971
025040107410003168d2a000a00000e2,2,2,38,322,276,649,516,1.0027,10707,10.6782
025040107410003168d2a000a00000e2,2,2,39,322,276,649,516,1.0027,10706,10.6772
025040107410003168d2a000a00000e2,2,2,40,322,276,649,516,1.0027,10693,10.6642
025040107410003168d2a000a00000e2,2,2,41,322,276,649,516,1.0027,10702,10.6732
025040107410003168d2a000a00000e2,2,2,42,322,276,649,516,1.0027,10693,10.6642
025040107410003168d2a000a00000e2,2,2,43,322,276,649,516,1.0027,10721,10.6921
025040107410003168d2a000a00000e2,2,2,44,322,276,649,516,1.0027,10645,10.6163
025040107410003168d2a000a00000e2,2,2,45,322,276,649,516,1.0027,10688,10.6592
025040107410003168d2a000a00000e2,2,2,46,322,276,649,516,1.0027,10674,10.6452
025040107410003168d2a000a00000e2,2,2,47,322,276,649,516,1.0027,10671,10.6423
025040107410003168d2a000a00000e2,2,2,48,322,276,649,516,1.0027,10678,10.6492
025040107410003168d2a000a00000e2,2,2,49,322,276,649,516,1.0027,10694,10.6652
025040107410003168d2a000a00000e2,2,2,50,322,276,649,516,1.0027,10668,10.6393
025040107410003168d2a000a00000e2,2,2,51,322,276,649,516,1.0027,10684,10.6552
025040107410003168d2a000a00000e2,2,2,52,322,276,649,516,1.0027,10652,10.6233
025040107410003168d2a000a00000e2,2,2,53,322,276,649,516,1.0027,10701,10.6722
025040107410003168d2a000a00000e2,2,2,54,322,276,649,516,1.0027,10662,10.6333
025040107410003168d2a000a00000e2,2,2,55,322,276,649,516,1.0027,10670,10.6413
025040107410003168d2a000a00000e2,2,2,56,322,276,649,516,1.0027,10688,10.6592
025040107410003168d2a000a00000e2,2,2,57,322,276,649,516,1.0027,10693,10.6642
025040107410003168d2a000a00000e2,2,2,58,322,276,649,516,1.0027,10675,10.6462
025040107410003168d2a000a00000e2,2,2,59,322,276,649,516,1.0027,10669,10.6403
025040107410003168d2a000a00000e2,2,2,60,322,276,649,516,1.0027,10653,10.6243
025040107410003168d2a000a00000e2,2,2,61,322,276,649,516,1.0027,10680,10.6512
025040107410003168d2a000a00000e2,2,2,62,322,276,649,516,1.0027,10555,10.5266
025040107410003168d2a000a00000e2,2,2,63,322,276,649,516,1.0027,10679,10.6502
025040107410003168d2a000a00000e2,2,2,0,322,276,650,517,1.00123,8976,8.96501
025040107410003168d2a000a00000e2,2,2,1,322,276,650,517,1.00123,10696,10.6829
025040107410003168d2a000a00000e2,2,2,2,322,276,650,517,1.00123,10766,10.7528
025040107410003168d2a000a00000e2,2,2,3,322,276,650,517,1.00123,10740,10.7268
025040107410003168d2a000a00000e2,2,2,4,322,276,650,517,1.00123,10722,10.7089
025040107410003168d2a000a00000e2,2,2,5,322,276,650,517,1.00123,10697,10.6839
025040107410003168d2a000a00000e2,2,2,6,322,276,650,517,1.00123,10713,10.6999
025040107410003168d2a000a00000e2,2,2,7,322,276,650,517,1.00123,10694,10.6809
025040107410003168d2a000a00000e2,2,2,8,322,276,650,517,1.00123,10722,10.7089
025040107410003168d2a000a00000e2,2,2,9,322,276,650,517,1.00123,10744,10.7308
025040107410003168d2a000a00000e2,2,2,10,322,276,650,517,1.00123,10735,10.7219
025040107410003168d2a000a00000e2,2,2,11,322,276,650,517,1.00123,10733,10.7199
025040107410003168d2a000a00000e2,2,2,12,322,276,650,517,1.00123,10722,10.7089
025040107410003168d2a000a00000e2,2,2,13,322,276,650,517,1.00123,10735,10.7219
025040107410003168d2a000a00000e2,2,2,14,322,276,650,517,1.00123,10732,10.7189
025040107410003168d2a000a00000e2,2,2,15,322,276,650,517,1.00123,10736,10.7229
025040107410003168d2a000a00000e2,2,2,16,322,276,650,517,1.00123,10736,10.7229
025040107410003168d2a000a00000e2,2,2,17,322,276,650,517,1.00123,10720,10.7069
025040107410003168d2a000a00000e2,2,2,18,322,276,650,517,1.00123,10728,10.7149
025040107410003168d2a000a00000e2,2,2,19,322,276,650,517,1.00123,10724,10.7109
025040107410003168d2a000a00000e2,2,2,20,322,276,650,517,1.00123,10740,10.7268
025040107410003168d2a000a00000e2,2,2,21,322,276,650,517,1.00123,10761,10.7478
025040107410003168d2a000a00000e2,2,2,22,322,276,650,517,1.00123,10740,10.7268
025040107410003168d2a000a00000e2,2,2,23,322,276,650,517,1.00123,10747,10.7338
025040107410003168d2a000a00000e2,2,2,24,322,276,650,517,1.00123,10718,10.7049
025040107410003168d2a000a00000e2,2,2,25,322,276,650,517,1.00123,10728,10.7149
025040107410003168d2a000a00000e2,2,2,26,322,276,650,517,1.00123,10722,10.7089
025040107410003168d2a000a00000e2,2,2,27,322,276,650,517,1.00123,10732,10.7189
025040107410003168d2a000a00000e2,2,2,28,322,276,650,517,1.00123,10718,10.7049
025040107410003168d2a000a00000e2,2,2,29,322,276,650,517,1.00123,10749,10.7358
025040107410003168d2a000a00000e2,2,2,30,322,276,650,517,1.00123,10733,10.7199
025040107410003168d2a000a00000e2,2,2,31,322,276,650,517,1.00123,10765,10.7518
025040107410003168d2a000a00000e2,2,2,32,322,276,650,517,1.00123,10718,10.7049
025040107410003168d2a000a00000e2,2,2,33,322,276,650,517,1.00123,10757,10.7438
025040107410003168d2a000a00000e2,2,2,34,322,276,650,517,1.00123,10722,10.7089
025040107410003168d2a000a00000e2,2,2,35,322,276,650,517,1.00123,10741,10.7278
025040107410003168d2a000a00000e2,2,2,36,322,276,650,517,1.00123,10732,10.7189
025040107410003168d2a000a00000e2,2,2,37,322,276,650,517,1.00123,10758,10.7448
025040107410003168d2a000a00000e2,2,2,38,322,276,650,517,1.00123,10739,10.7258
025040107410003168d2a000a00000e2,2,2,39,322,276,650,517,1.00123,10739,10.7258
025040107410003168d2a000a00000e2,2,2,40,322,276,650,517,1.00123,10727,10.7139
025040107410003168d2a000a00000e2,2,2,41,322,276,650,517,1.00123,10734,10.7209
025040107410003168d2a000a00000e2,2,2,42,322,276,650,517,1.00123,10728,10.7149
025040107410003168d2a000a00000e2,2,2,43,322,276,650,517,1.00123,10747,10.7338
025040107410003168d2a000a00000e2,2,2,44,322,276,650,517,1.00123,10686,10.6729
025040107410003168d2a000a00000e2,2,2,45,322,276,650,517,1.00123,10719,10.7059
025040107410003168d2a000a00000e2,2,2,46,322,276,650,517,1.00123,10709,10.6959
025040107410003168d2a000a00000e2,2,2,47,322,276,650,517,1.00123,10710,10.6969
025040107410003168d2a000a00000e2,2,2,48,322,276,650,517,1.00123,10716,10.7029
025040107410003168d2a000a00000e2,2,2,49,322,276,650,517,1.00123,10730,10.7169
025040107410003168d2a000a00000e2,2,2,50,322,276,650,517,1.00123,10704,10.6909
025040107410003168d2a000a00000e2,2,2,51,322,276,650,517,1.00123,10717,10.7039
025040107410003168d2a000a00000e2,2,2,52,322,276,650,517,1.00123,10691,10.6779
025040107410003168d2a000a00000e2,2,2,53,322,276,650,517,1.00123,10733,10.7199
025040107410003168d2a000a00000e2,2,2,54,322,276,650,517,1.00123,10702,10.6889
025040107410003168d2a000a00000e2,2,2,55,322,276,650,517,1.00123,10710,10.6969
025040107410003168d2a000a00000e2,2,2,56,322,276,650,517,1.00123,10725,10.7119
025040107410003168d2a000a00000e2,2,2,57,322,276,650,517,1.00123,10723,10.7099
025040107410003168d2a000a00000e2,2,2,58,322,276,650,517,1.00123,10713,10.6999
025040107410003168d2a000a00000e2,2,2,59,322,276,650,517,1.00123,10704,10.6909
025040107410003168d2a000a00000e2,2,2,60,322,276,650,517,1.00123,10689,10.6759
025040107410003168d2a000a00000e2,2,2,61,322,276,650,517,1.00123,10715,10.7019
025040107410003168d2a000a00000e2,2,2,62,322,276,650,517,1.00123,10587,10.574
025040107410003168d2a000a00000e2,2,2,63,322,276,650,517,1.00123,10711,10.6979
025040107410003168d2a000a00000e2,2,2,0,322,276,651,518,1.00123,8062,8.05213
025040107410003168d2a000a00000e2,2,2,1,322,276,651,518,1.00123,10710,10.6969
025040107410003168d2a000a00000e2,2,2,2,322,276,651,518,1.00123,10794,10.7808
025040107410003168d2a000a00000e2,2,2,3,322,276,651,518,1.00123,10760,10.7468
025040107410003168d2a000a00000e2,2,2,4,322,276,651,518,1.00123,10735,10.7219
025040107410003168d2a000a00000e2,2,2,5,322,276,651,518,1.00123,10712,10.6989
025040107410003168d2a000a00000e2,2,2,6,322,276,651,518,1.00123,10725,10.7119
025040107410003168d2a000a00000e2,2,2,7,322,276,651,518,1.00123,10709,10.6959
025040107410003168d2a000a00000e2,2,2,8,322,276,651,518,1.00123,10733,10.7199
025040107410003168d2a000a00000e2,2,2,9,322,276,651,518,1.00123,10762,10.7488
025040107410003168d2a000a00000e2,2,2,10,322,276,651,518,1.00123,10755,10.7418
025040107410003168d2a000a00000e2,2,2,11,322,276,651,518,1.00123,10752,10.7388
025040107410003168d2a000a00000e2,2,2,12,322,276,651,518,1.00123,10730,10.7169
025040107410003168d2a000a00000e2,2,2,13,322,276,651,518,1.00123,10749,10.7358
025040107410003168d2a000a00000e2,2,2,14,322,276,651,518,1.00123,10749,10.7358
025040107410003168d2a000a00000e2,2,2,15,322,276,651,518,1.00123,10752,10.7388
025040107410003168d2a000a00000e2,2,2,16,322,276,651,518,1.00123,10751,10.7378
025040107410003168d2a000a00000e2,2,2,17,322,276,651,518,1.00123,10729,10.7159
025040107410003168d2a000a00000e2,2,2,18,322,276,651,518,1.00123,10739,10.7258
025040107410003168d2a000a00000e2,2,2,19,322,276,651,518,1.00123,10735,10.7219
025040107410003168d2a000a00000e2,2,2,20,322,276,651,518,1.00123,10761,10.7478
025040107410003168d2a000a00000e2,2,2,21,322,276,651,518,1.00123,10784,10.7708
025040107410003168d2a000a00000e2,2,2,22,322,276,651,518,1.00123,10765,10.7518
025040107410003168d2a000a00000e2,2,2,23,322,276,651,518,1.00123,10765,10.7518
025040107410003168d2a000a00000e2,2,2,24,322,276,651,518,1.00123,10731,10.7179
025040107410003168d2a000a00000e2,2,2,25,322,276,651,518,1.00123,10745,10.7318
025040107410003168d2a000a00000e2,2,2,26,322,276,651,518,1.00123,10732,10.7189
025040107410003168d2a000a00000e2,2,2,27,322,276,651,518,1.00123,10751,10.7378
025040107410003168d2a000a00000e2,2,2,28,322,276,651,518,1.00123,10732,10.7189
025040107410003168d2a000a00000e2,2,2,29,322,276,651,518,1.00123,10767,10.7538
025040107410003168d2a000a00000e2,2,2,30,322,276,651,518,1.00123,10752,10.7388
025040107410003168d2a000a00000e2,2,2,31,322,276,651,518,1.00123,10793,10.7798
025040107410003168d2a000a00000e2,2,2,32,322,276,651,518,1.00123,10732,10.7189
025040107410003168d2a000a00000e2,2,2,33,322,276,651,518,1.00123,10772,10.7588
025040107410003168d2a000a00000e2,2,2,34,322,276,651,518,1.00123,10734,10.7209
025040107410003168d2a000a00000e2,2,2,35,322,276,651,518,1.00123,10762,10.7488
025040107410003168d2a000a00000e2,2,2,36,322,276,651,518,1.00123,10746,10.7328
025040107410003168d2a000a00000e2,2,2,37,322,276,651,518,1.00123,10773,10.7598
025040107410003168d2a000a00000e2,2,2,38,322,276,651,518,1.00123,10757,10.7438
025040107410003168d2a000a00000e2,2,2,39,322,276,651,518,1.00123,10758,10.7448
025040107410003168d2a000a00000e2,2,2,40,322,276,651,518,1.00123,10742,10.7288
025040107410003168d2a000a00000e2,2,2,41,322,276,651,518,1.00123,10753,10.7398
025040107410003168d2a000a00000e2,2,2,42,322,276,651,518,1.00123,10740,10.7268
025040107410003168d2a000a00000e2,2,2,43,322,276,651,518,1.00123,10767,10.7538
025040107410003168d2a000a00000e2,2,2,44,322,276,651,518,1.00123,10693,10.6799
025040107410003168d2a000a00000e2,2,2,45,322,276,651,518,1.00123,10733,10.7199
025040107410003168d2a000a00000e2,2,2,46,322,276,651,518,1.00123,10723,10.7099
025040107410003168d2a000a00000e2,2,2,47,322,276,651,518,1.00123,10721,10.7079
025040107410003168d2a000a00000e2,2,2,48,322,276,651,518,1.00123,10727,10.7139
025040107410003168d2a000a00000e2,2,2,49,322,276,651,518,1.00123,10742,10.7288
025040107410003168d2a000a00000e2,2,2,50,322,276,651,518,1.00123,10719,10.7059
025040107410003168d2a000a00000e2,2,2,51,322,276,651,518,1.00123,10729,10.7159
025040107410003168d2a000a00000e2,2,2,52,322,276,651,518,1.00123,10705,10.6919
025040107410003168d2a000a00000e2,2,2,53,322,276,651,518,1.00123,10747,10.7338
025040107410003168d2a000a00000e2,2,2,54,322,276,651,518,1.00123,10710,10.6969
025040107410003168d2a000a00000e2,2,2,55,322,276,651,518,1.00123,10720,10.7069
025040107410003168d2a000a00000e2,2,2,56,322,276,651,518,1.00123,10733,10.7199
025040107410003168d2a000a00000e2,2,2,57,322,276,651,518,1.00123,10736,10.7229
025040107410003168d2a000a00000e2,2,2,58,322,276,651,518,1.00123,10724,10.7109
025040107410003168d2a000a00000e2,2,2,59,322,276,651,518,1.00123,10716,10.7029
025040107410003168d2a000a00000e2,2,2,60,322,276,651,518,1.00123,10703,10.6899
025040107410003168d2a000a00000e2,2,2,61,322,276,651,518,1.00123,10727,10.7139
025040107410003168d2a000a00000e2,2,2,62,322,276,651,518,1.00123,10569,10.5561
025040107410003168d2a000a00000e2,2,2,63,322,276,651,518,1.00123,10723,10.7099
025040107410003168d2a000a00000e2,2,2,0,322,276,652,518,1.00123,6888,6.87956
025040107410003168d2a000a00000e2,2,2,1,322,276,652,518,1.00123,10725,10.7119
025040107410003168d2a000a00000e2,2,2,2,322,276,652,518,1.00123,10821,10.8077
025040107410003168d2a000a00000e2,2,2,3,322,276,652,518,1.00123,10780,10.7668
025040107410003168d2a000a00000e2,2,2,4,322,276,652,518,1.00123,10758,10.7448
025040107410003168d2a000a00000e2,2,2,5,322,276,652,518,1.00123,10722,10.7089
025040107410003168d2a000a00000e2,2,2,6,322,276,652,518,1.00123,10746,10.7328
025040107410003168d2a000a00000e2,2,2,7,322,276,652,518,1.00123,10725,10.7119
025040107410003168d2a000a00000e2,2,2,8,322,276,652,518,1.00123,10760,10.7468
025040107410003168d2a000a00000e2,2,2,9,322,276,652,518,1.00123,10783,10.7698
025040107410003168d2a000a00000e2,2,2,10,322,276,652,518,1.00123,10772,10.7588
025040107410003168d2a000a00000e2,2,2,11,322,276,652,518,1.00123,10774,10.7608
025040107410003168d2a000a00000e2,2,2,12,322,276,652,518,1.00123,10759,10.7458
025040107410003168d2a000a00000e2,2,2,13,322,276,652,518,1.00123,10770,10.7568
025040107410003168d2a000a00000e2,2,2,14,322,276,652,518,1.00123,10767,10.7538
025040107410003168d2a000a00000e2,2,2,15,322,276,652,518,1.00123,10772,10.7588
025040107410003168d2a000a00000e2,2,2,16,322,276,652,518,1.00123,10771,10.7578
025040107410003168d2a000a00000e2,2,2,17,322,276,652,518,1.00123,10755,10.7418
025040107410003168d2a000a00000e2,2,2,18,322,276,652,518,1.00123,10761,10.7478
025040107410003168d2a000a00000e2,2,2,19,322,276,652,518,1.00123,10757,10.7438
025040107410003168d2a000a00000e2,2,2,20,322,276,652,518,1.00123,10781,10.7678
025040107410003168d2a000a00000e2,2,2,21,322,276,652,518,1.00123,10801,10.7878
025040107410003168d2a000a00000e2,2,2,22,322,276,652,518,1.00123,10779,10.7658
025040107410003168d2a000a00000e2,2,2,23,322,276,652,518,1.00123,10785,10.7718
025040107410003168d2a000a00000e2,2,2,24,322,276,652,518,1.00123,10751,10.7378
025040107410003168d2a000a00000e2,2,2,25,322,276,652,518,1.00123,10764,10.7508
025040107410003168d2a000a00000e2,2,2,26,322,276,652,518,1.00123,10754,10.7408
025040107410003168d2a000a00000e2,2,2,27,322,276,652,518,1.00123,10770,10.7568
025040107410003168d2a000a00000e2,2,2,28,322,276,652,518,1.00123,10751,10.7378
025040107410003168d2a000a00000e2,2,2,29,322,276,652,518,1.00123,10788,10.7748
025040107410003168d2a000a00000e2,2,2,30,322,276,652,518,1.00123,10767,10.7538
025040107410003168d2a000a00000e2,2,2,31,322,276,652,518,1.00123,10815,10.8018
025040107410003168d2a000a00000e2,2,2,32,322,276,652,518,1.00123,10750,10.7368
025040107410003168d2a000a00000e2,2,2,33,322,276,652,518,1.00123,10792,10.7788
025040107410003168d2a000a00000e2,2,2,34,322,276,652,518,1.00123,10760,10.7468
025040107410003168d2a000a00000e2,2,2,35,322,276,652,518,1.00123,10778,10.7648
025040107410003168d2a000a00000e2,2,2,36,322,276,652,518,1.00123,10768,10.7548
025040107410003168d2a000a00000e2,2,2,37,322,276,652,518,1.00123,10790,10.7768
025040107410003168d2a000a00000e2,2,2,38,322,276,652,518,1.00123,10773,10.7598
025040107410003168d2a000a00000e2,2,2,39,322,276,652,518,1.00123,10776,10.7628
025040107410003168d2a000a00000e2,2,2,40,322,276,652,518,1.00123,10768,10.7548
025040107410003168d2a000a00000e2,2,2,41,322,276,652,518,1.00123,10769,10.7558
025040107410003168d2a000a00000e2,2,2,42,322,276,652,518,1.00123,10766,10.7528
025040107410003168d2a000a00000e2,2,2,43,322,276,652,518,1.00123,10787,10.7738
025040107410003168d2a000a00000e2,2,2,44,322,276,652,518,1.00123,10713,10.6999
025040107410003168d2a000a00000e2,2,2,45,322,276,652,518,1.00123,10752,10.7388
025040107410003168d2a000a00000e2,2,2,46,322,276,652,518,1.00123,10742,10.7288
025040107410003168d2a000a00000e2,2,2,47,322,276,652,518,1.00123,10738,10.7248
025040107410003168d2a000a00000e2,2,2,48,322,276,652,518,1.00123,10748,10.7348
025040107410003168d2a000a00000e2,2,2,49,322,276,652,518,1.00123,10763,10.7498
025040107410003168d2a000a00000e2,2,2,50,322,276,652,518,1.00123,10738,10.7248
025040107410003168d2a000a00000e2,2,2,51,322,276,652,518,1.00123,10747,10.7338
025040107410003168d2a000a00000e2,2,2,52,322,276,652,518,1.00123,10722,10.7089
025040107410003168d2a000a00000e2,2,2,53,322,276,652,518,1.00123,10767,10.7538
025040107410003168d2a000a00000e2,2,2,54,322,276,652,518,1.00123,10731,10.7179
025040107410003168d2a000a00000e2,2,2,55,322,276,652,518,1.00123,10738,10.7248
025040107410003168d2a000a00000e2,2,2,56,322,276,652,518,1.00123,10756,10.7428
025040107410003168d2a000a00000e2,2,2,57,322,276,652,518,1.00123,10759,10.7458
025040107410003168d2a000a00000e2,2,2,58,322,276,652,518,1.00123,10743,10.7298
025040107410003168d2a000a00000e2,2,2,59,322,276,652,518,1.00123,10730,10.7169
025040107410003168d2a000a00000e2,2,2,60,322,276,652,518,1.00123,10716,10.7029
025040107410003168d2a000a00000e2,2,2,61,322,276,652,518,1.00123,10745,10.7318
025040107410003168d2a000a00000e2,2,2,62,322,276,652,518,1.00123,10512,10.4991
025040107410003168d2a000a00000e2,2,2,63,322,276,652,518,1.00123,10742,10.7288
025040107410003168d2a000a00000e2,2,2,0,322,276,653,519,1.00123,5497,5.49027
025040107410003168d2a000a00000e2,2,2,1,322,276,653,519,1.00123,10725,10.7119
025040107410003168d2a000a00000e2,2,2,2,322,276,653,519,1.00123,10821,10.8077
025040107410003168d2a000a00000e2,2,2,3,322,276,653,519,1.00123,10786,10.7728
025040107410003168d2a000a00000e2,2,2,4,322,276,653,519,1.00123,10756,10.7428
025040107410003168d2a000a00000e2,2,2,5,322,276,653,519,1.00123,10723,10.7099
025040107410003168d2a000a00000e2,2,2,6,322,276,653,519,1.00123,10750,10.7368
025040107410003168d2a000a00000e2,2,2,7,322,276,653,519,1.00123,10722,10.7089
025040107410003168d2a000a00000e2,2,2,8,322,276,653,519,1.00123,10758,10.7448
025040107410003168d2a000a00000e2,2,2,9,322,276,653,519,1.00123,10790,10.7768
025040107410003168d2a000a00000e2,2,2,10,322,276,653,519,1.00123,10783,10.7698
025040107410003168d2a000a00000e2,2,2,11,322,276,653,519,1.00123,10778,10.7648
025040107410003168d2a000a00000e2,2,2,12,322,276,653,519,1.00123,10760,10.7468
025040107410003168d2a000a00000e2,2,2,13,322,276,653,519,1.00123,10780,10.7668
025040107410003168d2a000a00000e2,2,2,14,322,276,653,519,1.00123,10774,10.7608
025040107410003168d2a000a00000e2,2,2,15,322,276,653,519,1.00123,10780,10.7668
025040107410003168d2a000a00000e2,2,2,16,322,276,653,519,1.00123,10779,10.7658
025040107410003168d2a000a00000e2,2,2,17,322,276,653,519,1.00123,10756,10.7428
025040107410003168d2a000a00000e2,2,2,18,322,276,653,519,1.00123,10764,10.7508
025040107410003168d2a000a00000e2,2,2,19,322,276,653,519,1.00123,10758,10.7448
025040107410003168d2a000a00000e2,2,2,20,322,276,653,519,1.00123,10788,10.7748
025040107410003168d2a000a00000e2,2,2,21,322,276,653,519,1.00123,10809,10.7958
025040107410003168d2a000a00000e2,2,2,22,322,276,653,519,1.00123,10790,10.7768
025040107410003168d2a000a00000e2,2,2,23,322,276,653,519,1.00123,10796,10.7828
025040107410003168d2a000a00000e2,2,2,24,322,276,653,519,1.00123,10756,10.7428
025040107410003168d2a000a00000e2,2,2,25,322,276,653,519,1.00123,10769,10.7558
025040107410003168d2a000a00000e2,2,2,26,322,276,653,519,1.00123,10757,10.7438
025040107410003168d2a000a00000e2,2,2,27,322,276,653,519,1.00123,10777,10.7638
025040107410003168d2a000a00000e2,2,2,28,322,276,653,519,1.00123,10753,10.7398
025040107410003168d2a000a00000e2,2,2,29,322,276,653,519,1.00123,10798,10.7848
025040107410003168d2a000a00000e2,2,2,30,322,276,653,519,1.00123,10778,10.7648
025040107410003168d2a000a00000e2,2,2,31,322,276,653,519,1.00123,10820,10.8067
025040107410003168d2a000a00000e2,2,2,32,322,276,653,519,1.00123,10757,10.7438
025040107410003168d2a000a00000e2,2,2,33,322,276,653,519,1.00123,10801,10.7878
025040107410003168d2a000a00000e2,2,2,34,322,276,653,519,1.00123,10758,10.7448
025040107410003168d2a000a00000e2,2,2,35,322,276,653,519,1.00123,10789,10.7758
025040107410003168d2a000a00000e2,2,2,36,322,276,653,519,1.00123,10777,10.7638
025040107410003168d2a000a00000e2,2,2,37,322,276,653,519,1.00123,10802,10.7888
025040107410003168d2a000a00000e2,2,2,38,322,276,653,519,1.00123,10788,10.7748
025040107410003168d2a000a00000e2,2,2,39,322,276,653,519,1.00123,10785,10.7718
025040107410003168d2a000a00000e2,2,2,40,322,276,653,519,1.00123,10773,10.7598
025040107410003168d2a000a00000e2,2,2,41,322,276,653,519,1.00123,10779,10.7658
025040107410003168d2a000a00000e2,2,2,42,322,276,653,519,1.00123,10770,10.7568
025040107410003168d2a000a00000e2,2,2,43,322,276,653,519,1.00123,10794,10.7808
025040107410003168d2a000a00000e2,2,2,44,322,276,653,519,1.00123,10710,10.6969
025040107410003168d2a000a00000e2,2,2,45,322,276,653,519,1.00123,10757,10.7438
025040107410003168d2a000a00000e2,2,2,46,322,276,653,519,1.00123,10746,10.7328
025040107410003168d2a000a00000e2,2,2,47,322,276,653,519,1.00123,10744,10.7308
025040107410003168d2a000a00000e2,2,2,48,322,276,653,519,1.00123,10754,10.7408
025040107410003168d2a000a00000e2,2,2,49,322,276,653,519,1.00123,10766,10.7528
025040107410003168d2a000a00000e2,2,2,50,322,276,653,519,1.00123,10739,10.7258
025040107410003168d2a000a00000e2,2,2,51,322,276,653,519,1.00123,10752,10.7388
025040107410003168d2a000a00000e2,2,2,52,322,276,653,519,1.00123,10718,10.7049
025040107410003168d2a000a00000e2,2,2,53,322,276,653,519,1.00123,10771,10.7578
025040107410003168d2a000a00000e2,2,2,54,322,276,653,519,1.00123,10729,10.7159
025040107410003168d2a000a00000e2,2,2,55,322,276,653,519,1.00123,10741,10.7278
025040107410003168d2a000a00000e2,2,2,56,322,276,653,519,1.00123,10759,10.7458
025040107410003168d2a000a00000e2,2,2,57,322,276,653,519,1.00123,10756,10.7428
025040107410003168d2a000a00000e2,2,2,58,322,276,653,519,1.00123,10746,10.7328
025040107410003168d2a000a00000e2,2,2,59,322,276,653,519,1.00123,10739,10.7258
025040107410003168d2a000a00000e2,2,2,60,322,276,653,519,1.00123,10711,10.6979
025040107410003168d2a000a00000e2,2,2,61,322,276,653,519,1.00123,10748,10.7348
025040107410003168d2a000a00000e2,2,2,62,322,276,653,519,1.00123,10131,10.1186
025040107410003168d2a000a00000e2,2,2,63,322,276,653,519,1.00123,10748,10.7348
025040107410003168d2a000a00000e2,2,2,0,322,276,654,520,1.0027,4271,4.2595
025040107410003168d2a000a00000e2,2,2,1,322,276,654,520,1.0027,10722,10.6931
025040107410003168d2a000a00000e2,2,2,2,322,276,654,520,1.0027,10807,10.7779
025040107410003168d2a000a00000e2,2,2,3,322,276,654,520,1.0027,10773,10.744
025040107410003168d2a000a00000e2,2,2,4,322,276,654,520,1.0027,10753,10.724
025040107410003168d2a000a00000e2,2,2,5,322,276,654,520,1.0027,10720,10.6911
025040107410003168d2a000a00000e2,2,2,6,322,276,654,520,1.0027,10743,10.7141
025040107410003168d2a000a00000e2,2,2,7,322,276,654,520,1.0027,10723,10.6941
025040107410003168d2a000a00000e2,2,2,8,322,276,654,520,1.0027,10755,10.726
025040107410003168d2a000a00000e2,2,2,9,322,276,654,520,1.0027,10775,10.746
025040107410003168d2a000a00000e2,2,2,10,322,276,654,520,1.0027,10771,10.742
025040107410003168d2a000a00000e2,2,2,11,322,276,654,520,1.0027,10771,10.742
025040107410003168d2a000a00000e2,2,2,12,322,276,654,520,1.0027,10755,10.726
025040107410003168d2a000a00000e2,2,2,13,322,276,654,520,1.0027,10768,10.739
025040107410003168d2a000a00000e2,2,2,14,322,276,654,520,1.0027,10764,10.735
025040107410003168d2a000a00000e2,2,2,15,322,276,654,520,1.0027,10767,10.738
025040107410003168d2a000a00000e2,2,2,16,322,276,654,520,1.0027,10767,10.738
025040107410003168d2a000a00000e2,2,2,17,322,276,654,520,1.0027,10749,10.72
025040107410003168d2a000a00000e2,2,2,18,322,276,654,520,1.0027,10758,10.729
025040107410003168d2a000a00000e2,2,2,19,322,276,654,520,1.0027,10755,10.726
025040107410003168d2a000a00000e2,2,2,20,322,276,654,520,1.0027,10776,10.747
025040107410003168d2a000a00000e2,2,2,21,322,276,654,520,1.0027,10787,10.7579
025040107410003168d2a000a00000e2,2,2,22,322,276,654,520,1.0027,10775,10.746
025040107410003168d2a000a00000e2,2,2,23,322,276,654,520,1.0027,10778,10.749
025040107410003168d2a000a00000e2,2,2,24,322,276,654,520,1.0027,10749,10.72
025040107410003168d2a000a00000e2,2,2,25,322,276,654,520,1.0027,10760,10.731
025040107410003168d2a000a00000e2,2,2,26,322,276,654,520,1.0027,10753,10.724
025040107410003168d2a000a00000e2,2,2,27,322,276,654,520,1.0027,10766,10.737
025040107410003168d2a000a00000e2,2,2,28,322,276,654,520,1.0027,10747,10.7181
025040107410003168d2a000a00000e2,2,2,29,322,276,654,520,1.0027,10779,10.75
025040107410003168d2a000a00000e2,2,2,30,322,276,654,520,1.0027,10764,10.735
025040107410003168d2a000a00000e2,2,2,31,322,276,654,520,1.0027,10803,10.7739
025040107410003168d2a000a00000e2,2,2,32,322,276,654,520,1.0027,10747,10.7181
025040107410003168d2a000a00000e2,2,2,33,322,276,654,520,1.0027,10785,10.756
025040107410003168d2a000a00000e2,2,2,34,322,276,654,520,1.0027,10755,10.726
025040107410003168d2a000a00000e2,2,2,35,322,276,654,520,1.0027,10775,10.746
025040107410003168d2a000a00000e2,2,2,36,322,276,654,520,1.0027,10765,10.736
025040107410003168d2a000a00000e2,2,2,37,322,276,654,520,1.0027,10782,10.753
025040107410003168d2a000a00000e2,2,2,38,322,276,654,520,1.0027,10773,10.744
025040107410003168d2a000a00000e2,2,2,39,322,276,654,520,1.0027,10772,10.743
025040107410003168d2a000a00000e2,2,2,40,322,276,654,520,1.0027,10761,10.732
025040107410003168d2a000a00000e2,2,2,41,322,276,654,520,1.0027,10767,10.738
025040107410003168d2a000a00000e2,2,2,42,322,276,654,520,1.0027,10762,10.733
025040107410003168d2a000a00000e2,2,2,43,322,276,654,520,1.0027,10780,10.751
025040107410003168d2a000a00000e2,2,2,44,322,276,654,520,1.0027,10711,10.6821
025040107410003168d2a000a00000e2,2,2,45,322,276,654,520,1.0027,10752,10.723
025040107410003168d2a000a00000e2,2,2,46,322,276,654,520,1.0027,10741,10.7121
025040107410003168d2a000a00000e2,2,2,47,322,276,654,520,1.0027,10736,10.7071
025040107410003168d2a000a00000e2,2,2,48,322,276,654,520,1.0027,10745,10.7161
025040107410003168d2a000a00000e2,2,2,49,322,276,654,520,1.0027,10761,10.732
025040107410003168d2a000a00000e2,2,2,50,322,276,654,520,1.0027,10733,10.7041
025040107410003168d2a000a00000e2,2,2,51,322,276,654,520,1.0027,10745,10.7161
025040107410003168d2a000a00000e2,2,2,52,322,276,654,520,1.0027,10719,10.6901
025040107410003168d2a000a00000e2,2,2,53,322,276,654,520,1.0027,10764,10.735
025040107410003168d2a000a00000e2,2,2,54,322,276,654,520,1.0027,10726,10.6971
025040107410003168d2a000a00000e2,2,2,55,322,276,654,520,1.0027,10734,10.7051
025040107410003168d2a000a00000e2,2,2,56,322,276,654,520,1.0027,10756,10.727
025040107410003168d2a000a00000e2,2,2,57,322,276,654,520,1.0027,10754,10.725
025040107410003168d2a000a00000e2,2,2,58,322,276,654,520,1.0027,10742,10.7131
025040107410003168d2a000a00000e2,2,2,59,322,276,654,520,1.0027,10731,10.7021
025040107410003168d2a000a00000e2,2,2,60,322,276,654,520,1.0027,10714,10.6851
025040107410003168d2a000a00000e2,2,2,61,322,276,654,520,1.0027,10743,10.7141
025040107410003168d2a000a00000e2,2,2,62,322,276,654,520,1.0027,8919,8.89498
025040107410003168d2a000a00000e2,2,2,63,322,276,654,520,1.0027,10737,10.7081
025040107410003168d2a000a00000e2,2,2,0,322,276,655,521,1.00123,2894,2.89046
025040107410003168d2a000a00000e2,2,2,1,322,276,655,521,1.00123,10654,10.641
025040107410003168d2a000a00000e2,2,2,2,322,276,655,521,1.00123,10766,10.7528
025040107410003168d2a000a00000e2,2,2,3,322,276,655,521,1.00123,10725,10.7119
025040107410003168d2a000a00000e2,2,2,4,322,276,655,521,1.00123,10695,10.6819
025040107410003168d2a000a00000e2,2,2,5,322,276,655,521,1.00123,10661,10.6479
025040107410003168d2a000a00000e2,2,2,6,322,276,655,521,1.00123,10692,10.6789
025040107410003168d2a000a00000e2,2,2,7,322,276,655,521,1.00123,10662,10.6489
025040107410003168d2a000a00000e2,2,2,8,322,276,655,521,1.00123,10695,10.6819
025040107410003168d2a000a00000e2,2,2,9,322,276,655,521,1.00123,10726,10.7129
025040107410003168d2a000a00000e2,2,2,10,322,276,655,521,1.00123,10720,10.7069
025040107410003168d2a000a00000e2,2,2,11,322,276,655,521,1.00123,10720,10.7069
025040107410003168d2a000a00000e2,2,2,12,322,276,655,521,1.00123,10696,10.6829
025040107410003168d2a000a00000e2,2,2,13,322,276,655,521,1.00123,10716,10.7029
025040107410003168d2a000a00000e2,2,2,14,322,276,655,521,1.00123,10714,10.7009
025040107410003168d2a000a00000e2,2,2,15,322,276,655,521,1.00123,10718,10.7049
025040107410003168d2a000a00000e2,2,2,16,322,276,655,521,1.00123,10717,10.7039
025040107410003168d2a000a00000e2,2,2,17,322,276,655,521,1.00123,10693,10.6799
025040107410003168d2a000a00000e2,2,2,18,322,276,655,521,1.00123,10703,10.6899
025040107410003168d2a000a00000e2,2,2,19,322,276,655,521,1.00123,10698,10.6849
025040107410003168d2a000a00000e2,2,2,20,322,276,655,521,1.00123,10723,10.7099
025040107410003168d2a000a00000e2,2,2,21,322,276,655,521,1.00123,10738,10.7248
025040107410003168d2a000a00000e2,2,2,22,322,276,655,521,1.00123,10725,10.7119
025040107410003168d2a000a00000e2,2,2,23,322,276,655,521,1.00123,10728,10.7149
025040107410003168d2a000a00000e2,2,2,24,322,276,655,521,1.00123,10694,10.6809
025040107410003168d2a000a00000e2,2,2,25,322,276,655,521,1.00123,10704,10.6909
025040107410003168d2a000a00000e2,2,2,26,322,276,655,521,1.00123,10695,10.6819
025040107410003168d2a000a00000e2,2,2,27,322,276,655,521,1.00123,10714,10.7009
025040107410003168d2a000a00000e2,2,2,28,322,276,655,521,1.00123,10693,10.6799
025040107410003168d2a000a00000e2,2,2,29,322,276,655,521,1.00123,10727,10.7139
025040107410003168d2a000a00000e2,2,2,30,322,276,655,521,1.00123,10718,10.7049
025040107410003168d2a000a00000e2,2,2,31,322,276,655,521,1.00123,10757,10.7438
025040107410003168d2a000a00000e2,2,2,32,322,276,655,521,1.00123,10695,10.6819
025040107410003168d2a000a00000e2,2,2,33,322,276,655,521,1.00123,10731,10.7179
025040107410003168d2a000a00000e2,2,2,34,322,276,655,521,1.00123,10696,10.6829
025040107410003168d2a000a00000e2,2,2,35,322,276,655,521,1.00123,10720,10.7069
025040107410003168d2a000a00000e2,2,2,36,322,276,655,521,1.00123,10711,10.6979
025040107410003168d2a000a00000e2,2,2,37,322,276,655,521,1.00123,10730,10.7169
025040107410003168d2a000a00000e2,2,2,38,322,276,655,521,1.00123,10720,10.7069
025040107410003168d2a000a00000e2,2,2,39,322,276,655,521,1.00123,10720,10.7069
025040107410003168d2a000a00000e2,2,2,40,322,276,655,521,1.00123,10710,10.6969
025040107410003168d2a000a00000e2,2,2,41,322,276,655,521,1.00123,10713,10.6999
025040107410003168d2a000a00000e2,2,2,42,322,276,655,521,1.00123,10707,10.6939
025040107410003168d2a000a00000e2,2,2,43,322,276,655,521,1.00123,10726,10.7129
025040107410003168d2a000a00000e2,2,2,44,322,276,655,521,1.00123,10650,10.637
025040107410003168d2a000a00000e2,2,2,45,322,276,655,521,1.00123,10694,10.6809
025040107410003168d2a000a00000e2,2,2,46,322,276,655,521,1.00123,10690,10.6769
025040107410003168d2a000a00000e2,2,2,47,322,276,655,521,1.00123,10685,10.6719
025040107410003168d2a000a00000e2,2,2,48,322,276,655,521,1.00123,10694,10.6809
025040107410003168d2a000a00000e2,2,2,49,322,276,655,521,1.00123,10701,10.6879
025040107410003168d2a000a00000e2,2,2,50,322,276,655,521,1.00123,10686,10.6729
025040107410003168d2a000a00000e2,2,2,51,322,276,655,521,1.00123,10693,10.6799
025040107410003168d2a000a00000e2,2,2,52,322,276,655,521,1.00123,10660,10.6469
025040107410003168d2a000a00000e2,2,2,53,322,276,655,521,1.00123,10712,10.6989
025040107410003168d2a000a00000e2,2,2,54,322,276,655,521,1.00123,10676,10.6629
025040107410003168d2a000a00000e2,2,2,55,322,276,655,521,1.00123,10684,10.6709
025040107410003168d2a000a00000e2,2,2,56,322,276,655,521,1.00123,10702,10.6889
025040107410003168d2a000a00000e2,2,2,57,322,276,655,521,1.00123,10698,10.6849
025040107410003168d2a000a00000e2,2,2,58,322,276,655,521,1.00123,10691,10.6779
025040107410003168d2a000a00000e2,2,2,59,322,276,655,521,1.00123,10674,10.6609
025040107410003168d2a000a00000e2,2,2,60,322,276,655,521,1.00123,10657,10.6439
025040107410003168d2a000a00000e2,2,2,61,322,276,655,521,1.00123,10688,10.6749
025040107410003168d2a000a00000e2,2,2,62,322,276,655,521,1.00123,6169,6.16144
025040107410003168d2a000a00000e2,2,2,63,322,276,655,521,1.00123,10683,10.6699
025040107410003168d2a000a00000e2,2,2,0,322,276,656,522,1.00123,1917,1.91465
025040107410003168d2a000a00000e2,2,2,1,322,276,656,522,1.00123,10699,10.6859
025040107410003168d2a000a00000e2,2,2,2,322,276,656,522,1.00123,10847,10.8337
025040107410003168d2a000a00000e2,2,2,3,322,276,656,522,1.00123,10803,10.7898
025040107410003168d2a000a00000e2,2,2,4,322,276,656,522,1.00123,10764,10.7508
025040107410003168d2a000a00000e2,2,2,5,322,276,656,522,1.00123,10702,10.6889
025040107410003168d2a000a00000e2,2,2,6,322,276,656,522,1.00123,10750,10.7368
025040107410003168d2a000a00000e2,2,2,7,322,276,656,522,1.00123,10711,10.6979
025040107410003168d2a000a00000e2,2,2,8,322,276,656,522,1.00123,10764,10.7508
025040107410003168d2a000a00000e2,2,2,9,322,276,656,522,1.00123,10799,10.7858
025040107410003168d2a000a00000e2,2,2,10,322,276,656,522,1.00123,10794,10.7808
025040107410003168d2a000a00000e2,2,2,11,322,276,656,522,1.00123,10796,10.7828
025040107410003168d2a000a00000e2,2,2,12,322,276,656,522,1.00123,10765,10.7518
025040107410003168d2a000a00000e2,2,2,13,322,276,656,522,1.00123,10793,10.7798
025040107410003168d2a000a00000e2,2,2,14,322,276,656,522,1.00123,10789,10.7758
025040107410003168d2a000a00000e2,2,2,15,322,276,656,522,1.00123,10793,10.7798
025040107410003168d2a000a00000e2,2,2,16,322,276,656,522,1.00123,10794,10.7808
025040107410003168d2a000a00000e2,2,2,17,322,276,656,522,1.00123,10758,10.7448
025040107410003168d2a000a00000e2,2,2,18,322,276,656,522,1.00123,10770,10.7568
025040107410003168d2a000a00000e2,2,2,19,322,276,656,522,1.00123,10763,10.7498
025040107410003168d2a000a00000e2,2,2,20,322,276,656,522,1.00123,10801,10.7878
025040107410003168d2a000a00000e2,2,2,21,322,276,656,522,1.00123,10820,10.8067
025040107410003168d2a000a00000e2,2,2,22,322,276,656,522,1.00123,10803,10.7898
025040107410003168d2a000a00000e2,2,2,23,322,276,656,522,1.00123,10812,10.7988
025040107410003168d2a000a00000e2,2,2,24,322,276,656,522,1.00123,10763,10.7498
025040107410003168d2a000a00000e2,2,2,25,322,276,656,522,1.00123,10780,10.7668
025040107410003168d2a000a00000e2,2,2,26,322,276,656,522,1.00123,10764,10.7508
025040107410003168d2a000a00000e2,2,2,27,322,276,656,522,1.00123,10786,10.7728
025040107410003168d2a000a00000e2,2,2,28,322,276,656,522,1.00123,10759,10.7458
025040107410003168d2a000a00000e2,2,2,29,322,276,656,522,1.00123,10809,10.7958
025040107410003168d2a000a00000e2,2,2,30,322,276,656,522,1.00123,10791,10.7778
025040107410003168d2a000a00000e2,2,2,31,322,276,656,522,1.00123,10843,10.8297
025040107410003168d2a000a00000e2,2,2,32,322,276,656,522,1.00123,10761,10.7478
025040107410003168d2a000a00000e2,2,2,33,322,276,656,522,1.00123,10813,10.7998
025040107410003168d2a000a00000e2,2,2,34,322,276,656,522,1.00123,10764,10.7508
025040107410003168d2a000a00000e2,2,2,35,322,276,656,522,1.00123,10802,10.7888
025040107410003168d2a000a00000e2,2,2,36,322,276,656,522,1.00123,10786,10.7728
025040107410003168d2a000a00000e2,2,2,37,322,276,656,522,1.00123,10812,10.7988
025040107410003168d2a000a00000e2,2,2,38,322,276,656,522,1.00123,10797,10.7838
025040107410003168d2a000a00000e2,2,2,39,322,276,656,522,1.00123,10799,10.7858
025040107410003168d2a000a00000e2,2,2,40,322,276,656,522,1.00123,10784,10.7708
025040107410003168d2a000a00000e2,2,2,41,322,276,656,522,1.00123,10789,10.7758
025040107410003168d2a000a00000e2,2,2,42,322,276,656,522,1.00123,10776,10.7628
025040107410003168d2a000a00000e2,2,2,43,322,276,656,522,1.00123,10805,10.7918
025040107410003168d2a000a00000e2,2,2,44,322,276,656,522,1.00123,10713,10.6999
025040107410003168d2a000a00000e2,2,2,45,322,276,656,522,1.00123,10761,10.7478
025040107410003168d2a000a00000e2,2,2,46,322,276,656,522,1.00123,10744,10.7308
025040107410003168d2a000a00000e2,2,2,47,322,276,656,522,1.00123,10739,10.7258
025040107410003168d2a000a00000e2,2,2,48,322,276,656,522,1.00123,10751,10.7378
025040107410003168d2a000a00000e2,2,2,49,322,276,656,522,1.00123,10773,10.7598
025040107410003168d2a000a00000e2,2,2,50,322,276,656,522,1.00123,10735,10.7219
025040107410003168d2a000a00000e2,2,2,51,322,276,656,522,1.00123,10754,10.7408
025040107410003168d2a000a00000e2,2,2,52,322,276,656,522,1.00123,10723,10.7099
025040107410003168d2a000a00000e2,2,2,53,322,276,656,522,1.00123,10781,10.7678
025040107410003168d2a000a00000e2,2,2,54,322,276,656,522,1.00123,10730,10.7169
025040107410003168d2a000a00000e2,2,2,55,322,276,656,522,1.00123,10738,10.7248
025040107410003168d2a000a00000e2,2,2,56,322,276,656,522,1.00123,10767,10.7538
025040107410003168d2a000a00000e2,2,2,57,322,276,656,522,1.00123,10764,10.7508
025040107410003168d2a000a00000e2,2,2,58,322,276,656,522,1.00123,10748,10.7348
025040107410003168d2a000a00000e2,2,2,59,322,276,656,522,1.00123,10726,10.7129
025040107410003168d2a000a00000e2,2,2,60,322,276,656,522,1.00123,10707,10.6939
025040107410003168d2a000a00000e2,2,2,61,322,276,656,522,1.00123,10744,10.7308
025040107410003168d2a000a00000e2,2,2,62,322,276,656,522,1.00123,2926,2.92242
025040107410003168d2a000a00000e2,2,2,63,322,276,656,522,1.00123,10738,10.7248
025040107410003168d2a000a00000e2,2,2,0,322,276,657,522,1.0027,1202,1.19876
025040107410003168d2a000a00000e2,2,2,1,322,276,657,522,1.0027,10667,10.6383
025040107410003168d2a000a00000e2,2,2,2,322,276,657,522,1.0027,10807,10.7779
025040107410003168d2a000a00000e2,2,2,3,322,276,657,522,1.0027,10761,10.732
025040107410003168d2a000a00000e2,2,2,4,322,276,657,522,1.0027,10737,10.7081
025040107410003168d2a000a00000e2,2,2,5,322,276,657,522,1.0027,10661,10.6323
025040107410003168d2a000a00000e2,2,2,6,322,276,657,522,1.0027,10725,10.6961
025040107410003168d2a000a00000e2,2,2,7,322,276,657,522,1.0027,10685,10.6562
025040107410003168d2a000a00000e2,2,2,8,322,276,657,522,1.0027,10739,10.7101
025040107410003168d2a000a00000e2,2,2,9,322,276,657,522,1.0027,10762,10.733
025040107410003168d2a000a00000e2,2,2,10,322,276,657,522,1.0027,10761,10.732
025040107410003168d2a000a00000e2,2,2,11,322,276,657,522,1.0027,10760,10.731
025040107410003168d2a000a00000e2,2,2,12,322,276,657,522,1.0027,10739,10.7101
025040107410003168d2a000a00000e2,2,2,13,322,276,657,522,1.0027,10758,10.729
025040107410003168d2a000a00000e2,2,2,14,322,276,657,522,1.0027,10757,10.728
025040107410003168d2a000a00000e2,2,2,15,322,276,657,522,1.0027,10759,10.73
025040107410003168d2a000a00000e2,2,2,16,322,276,657,522,1.0027,10759,10.73
025040107410003168d2a000a00000e2,2,2,17,322,276,657,522,1.0027,10731,10.7021
025040107410003168d2a000a00000e2,2,2,18,322,276,657,522,1.0027,10745,10.7161
025040107410003168d2a000a00000e2,2,2,19,322,276,657,522,1.0027,10740,10.7111
025040107410003168d2a000a00000e2,2,2,20,322,276,657,522,1.0027,10762,10.733
025040107410003168d2a000a00000e2,2,2,21,322,276,657,522,1.0027,10775,10.746
025040107410003168d2a000a00000e2,2,2,22,322,276,657,522,1.0027,10763,10.734
025040107410003168d2a000a00000e2,2,2,23,322,276,657,522,1.0027,10768,10.739
025040107410003168d2a000a00000e2,2,2,24,322,276,657,522,1.0027,10732,10.7031
025040107410003168d2a000a00000e2,2,2,25,322,276,657,522,1.0027,10752,10.723
025040107410003168d2a000a00000e2,2,2,26,322,276,657,522,1.0027,10741,10.7121
025040107410003168d2a000a00000e2,2,2,27,322,276,657,522,1.0027,10757,10.728
025040107410003168d2a000a00000e2,2,2,28,322,276,657,522,1.0027,10732,10.7031
025040107410003168d2a000a00000e2,2,2,29,322,276,657,522,1.0027,10767,10.738
025040107410003168d2a000a00000e2,2,2,30,322,276,657,522,1.0027,10760,10.731
025040107410003168d2a000a00000e2,2,2,31,322,276,657,522,1.0027,10796,10.7669
025040107410003168d2a000a00000e2,2,2,32,322,276,657,522,1.0027,10736,10.7071
025040107410003168d2a000a00000e2,2,2,33,322,276,657,522,1.0027,10771,10.742
025040107410003168d2a000a00000e2,2,2,34,322,276,657,522,1.0027,10740,10.7111
025040107410003168d2a000a00000e2,2,2,35,322,276,657,522,1.0027,10762,10.733
025040107410003168d2a000a00000e2,2,2,36,322,276,657,522,1.0027,10757,10.728
025040107410003168d2a000a00000e2,2,2,37,322,276,657,522,1.0027,10769,10.74
025040107410003168d2a000a00000e2,2,2,38,322,276,657,522,1.0027,10761,10.732
025040107410003168d2a000a00000e2,2,2,39,322,276,657,522,1.0027,10761,10.732
025040107410003168d2a000a00000e2,2,2,40,322,276,657,522,1.0027,10754,10.725
025040107410003168d2a000a00000e2,2,2,41,322,276,657,522,1.0027,10758,10.729
025040107410003168d2a000a00000e2,2,2,42,322,276,657,522,1.0027,10753,10.724
025040107410003168d2a000a00000e2,2,2,43,322,276,657,522,1.0027,10765,10.736
025040107410003168d2a000a00000e2,2,2,44,322,276,657,522,1.0027,10689,10.6602
025040107410003168d2a000a00000e2,2,2,45,322,276,657,522,1.0027,10732,10.7031
025040107410003168d2a000a00000e2,2,2,46,322,276,657,522,1.0027,10719,10.6901
025040107410003168d2a000a00000e2,2,2,47,322,276,657,522,1.0027,10718,10.6891
025040107410003168d2a000a00000e2,2,2,48,322,276,657,522,1.0027,10728,10.6991
025040107410003168d2a000a00000e2,2,2,49,322,276,657,522,1.0027,10747,10.7181
025040107410003168d2a000a00000e2,2,2,50,322,276,657,522,1.0027,10714,10.6851
025040107410003168d2a000a00000e2,2,2,51,322,276,657,522,1.0027,10726,10.6971
025040107410003168d2a000a00000e2,2,2,52,322,276,657,522,1.0027,10696,10.6672
025040107410003168d2a000a00000e2,2,2,53,322,276,657,522,1.0027,10751,10.722
025040107410003168d2a000a00000e2,2,2,54,322,276,657,522,1.0027,10709,10.6802
025040107410003168d2a000a00000e2,2,2,55,322,276,657,522,1.0027,10712,10.6831
025040107410003168d2a000a00000e2,2,2,56,322,276,657,522,1.0027,10739,10.7101
025040107410003168d2a000a00000e2,2,2,57,322,276,657,522,1.0027,10737,10.7081
025040107410003168d2a000a00000e2,2,2,58,322,276,657,522,1.0027,10721,10.6921
025040107410003168d2a000a00000e2,2,2,59,322,276,657,522,1.0027,10710,10.6812
025040107410003168d2a000a00000e2,2,2,60,322,276,657,522,1.0027,10687,10.6582
025040107410003168d2a000a00000e2,2,2,61,322,276,657,522,1.0027,10720,10.6911
025040107410003168d2a000a00000e2,2,2,62,322,276,657,522,1.0027,1071,1.06812
025040107410003168d2a000a00000e2,2,2,63,322,276,657,522,1.0027,10716,10.6871
025040107410003168d2a000a00000e2,2,2,0,322,276,658,523,1.00123,679,0.678168
025040107410003168d2a000a00000e2,2,2,1,322,276,658,523,1.00123,10643,10.63
025040107410003168d2a000a00000e2,2,2,2,322,276,658,523,1.00123,10836,10.8227
025040107410003168d2a000a00000e2,2,2,3,322,276,658,523,1.00123,10790,10.7768
025040107410003168d2a000a00000e2,2,2,4,322,276,658,523,1.00123,10759,10.7458
025040107410003168d2a000a00000e2,2,2,5,322,276,658,523,1.00123,10649,10.636
025040107410003168d2a000a00000e2,2,2,6,322,276,658,523,1.00123,10747,10.7338
025040107410003168d2a000a00000e2,2,2,7,322,276,658,523,1.00123,10680,10.6669
025040107410003168d2a000a00000e2,2,2,8,322,276,658,523,1.00123,10760,10.7468
025040107410003168d2a000a00000e2,2,2,9,322,276,658,523,1.00123,10791,10.7778
025040107410003168d2a000a00000e2,2,2,10,322,276,658,523,1.00123,10784,10.7708
025040107410003168d2a000a00000e2,2,2,11,322,276,658,523,1.00123,10782,10.7688
025040107410003168d2a000a00000e2,2,2,12,322,276,658,523,1.00123,10763,10.7498
025040107410003168d2a000a00000e2,2,2,13,322,276,658,523,1.00123,10782,10.7688
025040107410003168d2a000a00000e2,2,2,14,322,276,658,523,1.00123,10780,10.7668
025040107410003168d2a000a00000e2,2,2,15,322,276,658,523,1.00123,10779,10.7658
025040107410003168d2a000a00000e2,2,2,16,322,276,658,523,1.00123,10781,10.7678
025040107410003168d2a000a00000e2,2,2,17,322,276,658,523,1.00123,10755,10.7418
025040107410003168d2a000a00000e2,2,2,18,322,276,658,523,1.00123,10767,10.7538
025040107410003168d2a000a00000e2,2,2,19,322,276,658,523,1.00123,10762,10.7488
025040107410003168d2a000a00000e2,2,2,20,322,276,658,523,1.00123,10791,10.7778
025040107410003168d2a000a00000e2,2,2,21,322,276,658,523,1.00123,10802,10.7888
025040107410003168d2a000a00000e2,2,2,22,322,276,658,523,1.00123,10793,10.7798
025040107410003168d2a000a00000e2,2,2,23,322,276,658,523,1.00123,10795,10.7818
025040107410003168d2a000a00000e2,2,2,24,322,276,658,523,1.00123,10756,10.7428
025040107410003168d2a000a00000e2,2,2,25,322,276,658,523,1.00123,10768,10.7548
025040107410003168d2a000a00000e2,2,2,26,322,276,658,523,1.00123,10763,10.7498
025040107410003168d2a000a00000e2,2,2,27,322,276,658,523,1.00123,10778,10.7648
025040107410003168d2a000a00000e2,2,2,28,322,276,658,523,1.00123,10755,10.7418
025040107410003168d2a000a00000e2,2,2,29,322,276,658,523,1.00123,10793,10.7798
025040107410003168d2a000a00000e2,2,2,30,322,276,658,523,1.00123,10780,10.7668
025040107410003168d2a000a00000e2,2,2,31,322,276,658,523,1.00123,10821,10.8077
025040107410003168d2a000a00000e2,2,2,32,322,276,658,523,1.00123,10759,10.7458
025040107410003168d2a000a00000e2,2,2,33,322,276,658,523,1.00123,10795,10.7818
025040107410003168d2a000a00000e2,2,2,34,322,276,658,523,1.00123,10761,10.7478
025040107410003168d2a000a00000e2,2,2,35,322,276,658,523,1.00123,10789,10.7758
025040107410003168d2a000a00000e2,2,2,36,322,276,658,523,1.00123,10776,10.7628
025040107410003168d2a000a00000e2,2,2,37,322,276,658,523,1.00123,10794,10.7808
025040107410003168d2a000a00000e2,2,2,38,322,276,658,523,1.00123,10785,10.7718
025040107410003168d2a000a00000e2,2,2,39,322,276,658,523,1.00123,10787,10.7738
025040107410003168d2a000a00000e2,2,2,40,322,276,658,523,1.00123,10773,10.7598
025040107410003168d2a000a00000e2,2,2,41,322,276,658,523,1.00123,10775,10.7618
025040107410003168d2a000a00000e2,2,2,42,322,276,658,523,1.00123,10771,10.7578
025040107410003168d2a000a00000e2,2,2,43,322,276,658,523,1.00123,10791,10.7778
025040107410003168d2a000a00000e2,2,2,44,322,276,658,523,1.00123,10690,10.6769
025040107410003168d2a000a00000e2,2,2,45,322,276,658,523,1.00123,10757,10.7438
025040107410003168d2a000a00000e2,2,2,46,322,276,658,523,1.00123,10744,10.7308
025040107410003168d2a000a00000e2,2,2,47,322,276,658,523,1.00123,10722,10.7089
025040107410003168d2a000a00000e2,2,2,48,322,276,658,523,1.00123,10749,10.7358
025040107410003168d2a000a00000e2,2,2,49,322,276,658,523,1.00123,10764,10.7508
025040107410003168d2a000a00000e2,2,2,50,322,276,658,523,1.00123,10739,10.7258
025040107410003168d2a000a00000e2,2,2,51,322,276,658,523,1.00123,10749,10.7358
025040107410003168d2a000a00000e2,2,2,52,322,276,658,523,1.00123,10710,10.6969
025040107410003168d2a000a00000e2,2,2,53,322,276,658,523,1.00123,10774,10.7608
025040107410003168d2a000a00000e2,2,2,54,322,276,658,523,1.00123,10722,10.7089
025040107410003168d2a000a00000e2,2,2,55,322,276,658,523,1.00123,10727,10.7139
025040107410003168d2a000a00000e2,2,2,56,322,276,658,523,1.00123,10759,10.7458
025040107410003168d2a000a00000e2,2,2,57,322,276,658,523,1.00123,10758,10.7448
025040107410003168d2a000a00000e2,2,2,58,322,276,658,523,1.00123,10742,10.7288
025040107410003168d2a000a00000e2,2,2,59,322,276,658,523,1.00123,10714,10.7009
025040107410003168d2a000a00000e2,2,2,60,322,276,658,523,1.00123,10685,10.6719
025040107410003168d2a000a00000e2,2,2,61,322,276,658,523,1.00123,10729,10.7159
025040107410003168d2a000a00000e2,2,2,62,322,276,658,523,1.00123,412,0.411495
025040107410003168d2a000a00000e2,2,2,63,322,276,658,523,1.00123,10718,10.7049
025040107410003168d2a000a00000e2,2,2,0,322,276,659,524,1.00123,355,0.354565
025040107410003168d2a000a00000e2,2,2,1,322,276,659,524,1.00123,10559,10.5461
025040107410003168d2a000a00000e2,2,2,2,322,276,659,524,1.00123,10822,10.8087
025040107410003168d2a000a00000e2,2,2,3,322,276,659,524,1.00123,10778,10.7648
025040107410003168d2a000a00000e2,2,2,4,322,276,659,524,1.00123,10742,10.7288
025040107410003168d2a000a00000e2,2,2,5,322,276,659,524,1.00123,10562,10.5491
025040107410003168d2a000a00000e2,2,2,6,322,276,659,524,1.00123,10735,10.7219
025040107410003168d2a000a00000e2,2,2,7,322,276,659,524,1.00123,10651,10.638
025040107410003168d2a000a00000e2,2,2,8,322,276,659,524,1.00123,10737,10.7238
025040107410003168d2a000a00000e2,2,2,9,322,276,659,524,1.00123,10780,10.7668
025040107410003168d2a000a00000e2,2,2,10,322,276,659,524,1.00123,10775,10.7618
025040107410003168d2a000a00000e2,2,2,11,322,276,659,524,1.00123,10773,10.7598
025040107410003168d2a000a00000e2,2,2,12,322,276,659,524,1.00123,10747,10.7338
025040107410003168d2a000a00000e2,2,2,13,322,276,659,524,1.00123,10772,10.7588
025040107410003168d2a000a00000e2,2,2,14,322,276,659,524,1.00123,10770,10.7568
025040107410003168d2a000a00000e2,2,2,15,322,276,659,524,1.00123,10769,10.7558
025040107410003168d2a000a00000e2,2,2,16,322,276,659,524,1.00123,10773,10.7598
025040107410003168d2a000a00000e2,2,2,17,322,276,659,524,1.00123,10742,10.7288
025040107410003168d2a000a00000e2,2,2,18,322,276,659,524,1.00123,10754,10.7408
025040107410003168d2a000a00000e2,2,2,19,322,276,659,524,1.00123,10747,10.7338
025040107410003168d2a000a00000e2,2,2,20,322,276,659,524,1.00123,10778,10.7648
025040107410003168d2a000a00000e2,2,2,21,322,276,659,524,1.00123,10788,10.7748
025040107410003168d2a000a00000e2,2,2,22,322,276,659,524,1.00123,10779,10.7658
025040107410003168d2a000a00000e2,2,2,23,322,276,659,524,1.00123,10781,10.7678
025040107410003168d2a000a00000e2,2,2,24,322,276,659,524,1.00123,10742,10.7288
025040107410003168d2a000a00000e2,2,2,25,322,276,659,524,1.00123,10758,10.7448
025040107410003168d2a000a00000e2,2,2,26,322,276,659,524,1.00123,10747,10.7338
025040107410003168d2a000a00000e2,2,2,27,322,276,659,524,1.00123,10766,10.7528
025040107410003168d2a000a00000e2,2,2,28,322,276,659,524,1.00123,10745,10.7318
025040107410003168d2a000a00000e2,2,2,29,322,276,659,524,1.00123,10782,10.7688
025040107410003168d2a000a00000e2,2,2,30,322,276,659,524,1.00123,10772,10.7588
025040107410003168d2a000a00000e2,2,2,31,322,276,659,524,1.00123,10808,10.7948
025040107410003168d2a000a00000e2,2,2,32,322,276,659,524,1.00123,10744,10.7308
025040107410003168d2a000a00000e2,2,2,33,322,276,659,524,1.00123,10782,10.7688
025040107410003168d2a000a00000e2,2,2,34,322,276,659,524,1.00123,10748,10.7348
025040107410003168d2a000a00000e2,2,2,35,322,276,659,524,1.00123,10776,10.7628
025040107410003168d2a000a00000e2,2,2,36,322,276,659,524,1.00123,10766,10.7528
025040107410003168d2a000a00000e2,2,2,37,322,276,659,524,1.00123,10782,10.7688
025040107410003168d2a000a00000e2,2,2,38,322,276,659,524,1.00123,10775,10.7618
025040107410003168d2a000a00000e2,2,2,39,322,276,659,524,1.00123,10775,10.7618
025040107410003168d2a000a00000e2,2,2,40,322,276,659,524,1.00123,10761,10.7478
025040107410003168d2a000a00000e2,2,2,41,322,276,659,524,1.00123,10767,10.7538
025040107410003168d2a000a00000e2,2,2,42,322,276,659,524,1.00123,10761,10.7478
025040107410003168d2a000a00000e2,2,2,43,322,276,659,524,1.00123,10780,10.7668
025040107410003168d2a000a00000e2,2,2,44,322,276,659,524,1.00123,10684,10.6709
025040107410003168d2a000a00000e2,2,2,45,322,276,659,524,1.00123,10739,10.7258
025040107410003168d2a000a00000e2,2,2,46,322,276,659,524,1.00123,10733,10.7199
025040107410003168d2a000a00000e2,2,2,47,322,276,659,524,1.00123,10710,10.6969
025040107410003168d2a000a00000e2,2,2,48,322,276,659,524,1.00123,10740,10.7268
025040107410003168d2a000a00000e2,2,2,49,322,276,659,524,1.00123,10754,10.7408
025040107410003168d2a000a00000e2,2,2,50,322,276,659,524,1.00123,10730,10.7169
025040107410003168d2a000a00000e2,2,2,51,322,276,659,524,1.00123,10734,10.7209
025040107410003168d2a000a00000e2,2,2,52,322,276,659,524,1.00123,10701,10.6879
025040107410003168d2a000a00000e2,2,2,53,322,276,659,524,1.00123,10759,10.7458
025040107410003168d2a000a00000e2,2,2,54,322,276,659,524,1.00123,10715,10.7019
025040107410003168d2a000a00000e2,2,2,55,322,276,659,524,1.00123,10707,10.6939
025040107410003168d2a000a00000e2,2,2,56,322,276,659,524,1.00123,10752,10.7388
025040107410003168d2a000a00000e2,2,2,57,322,276,659,524,1.00123,10740,10.7268
025040107410003168d2a000a00000e2,2,2,58,322,276,659,524,1.00123,10729,10.7159
025040107410003168d2a000a00000e2,2,2,59,322,276,659,524,1.00123,10696,10.6829
025040107410003168d2a000a00000e2,2,2,60,322,276,659,524,1.00123,10659,10.6459
025040107410003168d2a000a00000e2,2,2,61,322,276,659,524,1.00123,10709,10.6959
025040107410003168d2a000a00000e2,2,2,62,322,276,659,524,1.00123,203,0.202751
025040107410003168d2a000a00000e2,2,2,63,322,276,659,524,1.00123,10702,10.6889
025040107410003168d2a000a00000e2,2,2,0,322,276,660,525,1.0027,138,0.137628
025040107410003168d2a000a00000e2,2,2,1,322,276,660,525,1.0027,10338,10.3102
025040107410003168d2a000a00000e2,2,2,2,322,276,660,525,1.0027,10799,10.7699
025040107410003168d2a000a00000e2,2,2,3,322,276,660,525,1.0027,10737,10.7081
025040107410003168d2a000a00000e2,2,2,4,322,276,660,525,1.0027,10704,10.6752
025040107410003168d2a000a00000e2,2,2,5,322,276,660,525,1.0027,10329,10.3012
025040107410003168d2a000a00000e2,2,2,6,322,276,660,525,1.0027,10698,10.6692
025040107410003168d2a000a00000e2,2,2,7,322,276,660,525,1.0027,10596,10.5675
025040107410003168d2a000a00000e2,2,2,8,322,276,660,525,1.0027,10704,10.6752
025040107410003168d2a000a00000e2,2,2,9,322,276,660,525,1.0027,10740,10.7111
025040107410003168d2a000a00000e2,2,2,10,322,276,660,525,1.0027,10734,10.7051
025040107410003168d2a000a00000e2,2,2,11,322,276,660,525,1.0027,10734,10.7051
025040107410003168d2a000a00000e2,2,2,12,322,276,660,525,1.0027,10706,10.6772
025040107410003168d2a000a00000e2,2,2,13,322,276,660,525,1.0027,10727,10.6981
025040107410003168d2a000a00000e2,2,2,14,322,276,660,525,1.0027,10729,10.7001
025040107410003168d2a000a00000e2,2,2,15,322,276,660,525,1.0027,10732,10.7031
025040107410003168d2a000a00000e2,2,2,16,322,276,660,525,1.0027,10733,10.7041
025040107410003168d2a000a00000e2,2,2,17,322,276,660,525,1.0027,10703,10.6742
025040107410003168d2a000a00000e2,2,2,18,322,276,660,525,1.0027,10715,10.6861
025040107410003168d2a000a00000e2,2,2,19,322,276,660,525,1.0027,10705,10.6762
025040107410003168d2a000a00000e2,2,2,20,322,276,660,525,1.0027,10745,10.7161
025040107410003168d2a000a00000e2,2,2,21,322,276,660,525,1.0027,10758,10.729
025040107410003168d2a000a00000e2,2,2,22,322,276,660,525,1.0027,10745,10.7161
025040107410003168d2a000a00000e2,2,2,23,322,276,660,525,1.0027,10748,10.719
025040107410003168d2a000a00000e2,2,2,24,322,276,660,525,1.0027,10706,10.6772
025040107410003168d2a000a00000e2,2,2,25,322,276,660,525,1.0027,10718,10.6891
025040107410003168d2a000a00000e2,2,2,26,322,276,660,525,1.0027,10710,10.6812
025040107410003168d2a000a00000e2,2,2,27,322,276,660,525,1.0027,10730,10.7011
025040107410003168d2a000a00000e2,2,2,28,322,276,660,525,1.0027,10708,10.6792
025040107410003168d2a000a00000e2,2,2,29,322,276,660,525,1.0027,10749,10.72
025040107410003168d2a000a00000e2,2,2,30,322,276,660,525,1.0027,10733,10.7041
025040107410003168d2a000a00000e2,2,2,31,322,276,660,525,1.0027,10780,10.751
025040107410003168d2a000a00000e2,2,2,32,322,276,660,525,1.0027,10708,10.6792
025040107410003168d2a000a00000e2,2,2,33,322,276,660,525,1.0027,10750,10.721
025040107410003168d2a000a00000e2,2,2,34,322,276,660,525,1.0027,10711,10.6821
025040107410003168d2a000a00000e2,2,2,35,322,276,660,525,1.0027,10742,10.7131
025040107410003168d2a000a00000e2,2,2,36,322,276,660,525,1.0027,10727,10.6981
025040107410003168d2a000a00000e2,2,2,37,322,276,660,525,1.0027,10749,10.72
025040107410003168d2a000a00000e2,2,2,38,322,276,660,525,1.0027,10740,10.7111
025040107410003168d2a000a00000e2,2,2,39,322,276,660,525,1.0027,10741,10.7121
025040107410003168d2a000a00000e2,2,2,40,322,276,660,525,1.0027,10726,10.6971
025040107410003168d2a000a00000e2,2,2,41,322,276,660,525,1.0027,10728,10.6991
025040107410003168d2a000a00000e2,2,2,42,322,276,660,525,1.0027,10724,10.6951
025040107410003168d2a000a00000e2,2,2,43,322,276,660,525,1.0027,10746,10.7171
025040107410003168d2a000a00000e2,2,2,44,322,276,660,525,1.0027,10644,10.6153
025040107410003168d2a000a00000e2,2,2,45,322,276,660,525,1.0027,10701,10.6722
025040107410003168d2a000a00000e2,2,2,46,322,276,660,525,1.0027,10696,10.6672
025040107410003168d2a000a00000e2,2,2,47,322,276,660,525,1.0027,10666,10.6373
025040107410003168d2a000a00000e2,2,2,48,322,276,660,525,1.0027,10703,10.6742
025040107410003168d2a000a00000e2,2,2,49,322,276,660,525,1.0027,10710,10.6812
025040107410003168d2a000a00000e2,2,2,50,322,276,660,525,1.0027,10684,10.6552
025040107410003168d2a000a00000e2,2,2,51,322,276,660,525,1.0027,10700,10.6712
025040107410003168d2a000a00000e2,2,2,52,322,276,660,525,1.0027,10660,10.6313
025040107410003168d2a000a00000e2,2,2,53,322,276,660,525,1.0027,10717,10.6881
025040107410003168d2a000a00000e2,2,2,54,322,276,660,525,1.0027,10671,10.6423
025040107410003168d2a000a00000e2,2,2,55,322,276,660,525,1.0027,10673,10.6443
025040107410003168d2a000a00000e2,2,2,56,322,276,660,525,1.0027,10711,10.6821
025040107410003168d2a000a00000e2,2,2,57,322,276,660,525,1.0027,10703,10.6742
025040107410003168d2a000a00000e2,2,2,58,322,276,660,525,1.0027,10695,10.6662
025040107410003168d2a000a00000e2,2,2,59,322,276,660,525,1.0027,10651,10.6223
025040107410003168d2a000a00000e2,2,2,60,322,276,660,525,1.0027,10618,10.5894
025040107410003168d2a000a00000e2,2,2,61,322,276,660,525,1.0027,10661,10.6323
025040107410003168d2a000a00000e2,2,2,62,322,276,660,525,1.0027,179,0.178518
025040107410003168d2a000a00000e2,2,2,63,322,276,660,525,1.0027,10660,10.6313
025040107410003168d2a000a00000e2,2,2,0,322,276,661,526,1.00123,76,0.0759069
025040107410003168d2a000a00000e2,2,2,1,322,276,661,526,1.00123,9306,9.2946
025040107410003168d2a000a00000e2,2,2,2,322,276,661,526,1.00123,10811,10.7978
025040107410003168d2a000a00000e2,2,2,3,322,276,661,526,1.00123,10757,10.7438
025040107410003168d2a000a00000e2,2,2,4,322,276,661,526,1.00123,10718,10.7049
025040107410003168d2a000a00000e2,2,2,5,322,276,661,526,1.00123,9381,9.36951
025040107410003168d2a000a00000e2,2,2,6,322,276,661,526,1.00123,10709,10.6959
025040107410003168d2a000a00000e2,2,2,7,322,276,661,526,1.00123,10522,10.5091
025040107410003168d2a000a00000e2,2,2,8,322,276,661,526,1.00123,10712,10.6989
025040107410003168d2a000a00000e2,2,2,9,322,276,661,526,1.00123,10757,10.7438
025040107410003168d2a000a00000e2,2,2,10,322,276,661,526,1.00123,10747,10.7338
025040107410003168d2a000a00000e2,2,2,11,322,276,661,526,1.00123,10748,10.7348
025040107410003168d2a000a00000e2,2,2,12,322,276,661,526,1.00123,10720,10.7069
025040107410003168d2a000a00000e2,2,2,13,322,276,661,526,1.00123,10742,10.7288
025040107410003168d2a000a00000e2,2,2,14,322,276,661,526,1.00123,10744,10.7308
025040107410003168d2a000a00000e2,2,2,15,322,276,661,526,1.00123,10745,10.7318
025040107410003168d2a000a00000e2,2,2,16,322,276,661,526,1.00123,10747,10.7338
025040107410003168d2a000a00000e2,2,2,17,322,276,661,526,1.00123,10713,10.6999
025040107410003168d2a000a00000e2,2,2,18,322,276,661,526,1.00123,10729,10.7159
025040107410003168d2a000a00000e2,2,2,19,322,276,661,526,1.00123,10719,10.7059
025040107410003168d2a000a00000e2,2,2,20,322,276,661,526,1.00123,10759,10.7458
025040107410003168d2a000a00000e2,2,2,21,322,276,661,526,1.00123,10772,10.7588
025040107410003168d2a000a00000e2,2,2,22,322,276,661,526,1.00123,10760,10.7468
025040107410003168d2a000a00000e2,2,2,23,322,276,661,526,1.00123,10764,10.7508
025040107410003168d2a000a00000e2,2,2,24,322,276,661,526,1.00123,10716,10.7029
025040107410003168d2a000a00000e2,2,2,25,322,276,661,526,1.00123,10730,10.7169
025040107410003168d2a000a00000e2,2,2,26,322,276,661,526,1.00123,10722,10.7089
025040107410003168d2a000a00000e2,2,2,27,322,276,661,526,1.00123,10742,10.7288
025040107410003168d2a000a00000e2,2,2,28,322,276,661,526,1.00123,10720,10.7069
025040107410003168d2a000a00000e2,2,2,29,322,276,661,526,1.00123,10761,10.7478
025040107410003168d2a000a00000e2,2,2,30,322,276,661,526,1.00123,10743,10.7298
025040107410003168d2a000a00000e2,2,2,31,322,276,661,526,1.00123,10788,10.7748
025040107410003168d2a000a00000e2,2,2,32,322,276,661,526,1.00123,10720,10.7069
025040107410003168d2a000a00000e2,2,2,33,322,276,661,526,1.00123,10764,10.7508
025040107410003168d2a000a00000e2,2,2,34,322,276,661,526,1.00123,10725,10.7119
025040107410003168d2a000a00000e2,2,2,35,322,276,661,526,1.00123,10758,10.7448
025040107410003168d2a000a00000e2,2,2,36,322,276,661,526,1.00123,10741,10.7278
025040107410003168d2a000a00000e2,2,2,37,322,276,661,526,1.00123,10762,10.7488
025040107410003168d2a000a00000e2,2,2,38,322,276,661,526,1.00123,10756,10.7428
025040107410003168d2a000a00000e2,2,2,39,322,276,661,526,1.00123,10755,10.7418
025040107410003168d2a000a00000e2,2,2,40,322,276,661,526,1.00123,10738,10.7248
025040107410003168d2a000a00000e2,2,2,41,322,276,661,526,1.00123,10742,10.7288
025040107410003168d2a000a00000e2,2,2,42,322,276,661,526,1.00123,10737,10.7238
025040107410003168d2a000a00000e2,2,2,43,322,276,661,526,1.00123,10761,10.7478
025040107410003168d2a000a00000e2,2,2,44,322,276,661,526,1.00123,10637,10.624
025040107410003168d2a000a00000e2,2,2,45,322,276,661,526,1.00123,10715,10.7019
025040107410003168d2a000a00000e2,2,2,46,322,276,661,526,1.00123,10707,10.6939
025040107410003168d2a000a00000e2,2,2,47,322,276,661,526,1.00123,10669,10.6559
025040107410003168d2a000a00000e2,2,2,48,322,276,661,526,1.00123,10715,10.7019
025040107410003168d2a000a00000e2,2,2,49,322,276,661,526,1.00123,10725,10.7119
025040107410003168d2a000a00000e2,2,2,50,322,276,661,526,1.00123,10705,10.6919
025040107410003168d2a000a00000e2,2,2,51,322,276,661,526,1.00123,10709,10.6959
025040107410003168d2a000a00000e2,2,2,52,322,276,661,526,1.00123,10668,10.6549
025040107410003168d2a000a00000e2,2,2,53,322,276,661,526,1.00123,10734,10.7209
025040107410003168d2a000a00000e2,2,2,54,322,276,661,526,1.00123,10682,10.6689
025040107410003168d2a000a00000e2,2,2,55,322,276,661,526,1.00123,10682,10.6689
025040107410003168d2a000a00000e2,2,2,56,322,276,661,526,1.00123,10725,10.7119
025040107410003168d2a000a00000e2,2,2,57,322,276,661,526,1.00123,10711,10.6979
025040107410003168d2a000a00000e2,2,2,58,322,276,661,526,1.00123,10705,10.6919
025040107410003168d2a000a00000e2,2,2,59,322,276,661,526,1.00123,10654,10.641
025040107410003168d2a000a00000e2,2,2,60,322,276,661,526,1.00123,10592,10.579
025040107410003168d2a000a00000e2,2,2,61,322,276,661,526,1.00123,10655,10.642
025040107410003168d2a000a00000e2,2,2,62,322,276,661,526,1.00123,152,0.151814
025040107410003168d2a000a00000e2,2,2,63,322,276,661,526,1.00123,10653,10.64
025040107410003168d2a000a00000e2,2,2,0,322,276,662,527,1.00123,32,0.0319608
025040107410003168d2a000a00000e2,2,2,1,322,276,662,527,1.00123,6419,6.41114
025040107410003168d2a000a00000e2,2,2,2,322,276,662,527,1.00123,10820,10.8067
025040107410003168d2a000a00000e2,2,2,3,322,276,662,527,1.00123,10763,10.7498
025040107410003168d2a000a00000e2,2,2,4,322,276,662,527,1.00123,10718,10.7049
025040107410003168d2a000a00000e2,2,2,5,322,276,662,527,1.00123,6612,6.6039
025040107410003168d2a000a00000e2,2,2,6,322,276,662,527,1.00123,10700,10.6869
025040107410003168d2a000a00000e2,2,2,7,322,276,662,527,1.00123,10200,10.1875
025040107410003168d2a000a00000e2,2,2,8,322,276,662,527,1.00123,10714,10.7009
025040107410003168d2a000a00000e2,2,2,9,322,276,662,527,1.00123,10765,10.7518
025040107410003168d2a000a00000e2,2,2,10,322,276,662,527,1.00123,10758,10.7448
025040107410003168d2a000a00000e2,2,2,11,322,276,662,527,1.00123,10754,10.7408
025040107410003168d2a000a00000e2,2,2,12,322,276,662,527,1.00123,10726,10.7129
025040107410003168d2a000a00000e2,2,2,13,322,276,662,527,1.00123,10750,10.7368
025040107410003168d2a000a00000e2,2,2,14,322,276,662,527,1.00123,10755,10.7418
025040107410003168d2a000a00000e2,2,2,15,322,276,662,527,1.00123,10751,10.7378
025040107410003168d2a000a00000e2,2,2,16,322,276,662,527,1.00123,10754,10.7408
025040107410003168d2a000a00000e2,2,2,17,322,276,662,527,1.00123,10717,10.7039
025040107410003168d2a000a00000e2,2,2,18,322,276,662,527,1.00123,10735,10.7219
025040107410003168d2a000a00000e2,2,2,19,322,276,662,527,1.00123,10723,10.7099
025040107410003168d2a000a00000e2,2,2,20,322,276,662,527,1.00123,10766,10.7528
025040107410003168d2a000a00000e2,2,2,21,322,276,662,527,1.00123,10776,10.7628
025040107410003168d2a000a00000e2,2,2,22,322,276,662,527,1.00123,10767,10.7538
025040107410003168d2a000a00000e2,2,2,23,322,276,662,527,1.00123,10774,10.7608
025040107410003168d2a000a00000e2,2,2,24,322,276,662,527,1.00123,10729,10.7159
025040107410003168d2a000a00000e2,2,2,25,322,276,662,527,1.00123,10737,10.7238
025040107410003168d2a000a00000e2,2,2,26,322,276,662,527,1.00123,10730,10.7169
025040107410003168d2a000a00000e2,2,2,27,322,276,662,527,1.00123,10752,10.7388
025040107410003168d2a000a00000e2,2,2,28,322,276,662,527,1.00123,10729,10.7159
025040107410003168d2a000a00000e2,2,2,29,322,276,662,527,1.00123,10773,10.7598
025040107410003168d2a000a00000e2,2,2,30,322,276,662,527,1.00123,10756,10.7428
025040107410003168d2a000a00000e2,2,2,31,322,276,662,527,1.00123,10791,10.7778
025040107410003168d2a000a00000e2,2,2,32,322,276,662,527,1.00123,10727,10.7139
025040107410003168d2a000a00000e2,2,2,33,322,276,662,527,1.00123,10773,10.7598
025040107410003168d2a000a00000e2,2,2,34,322,276,662,527,1.00123,10733,10.7199
025040107410003168d2a000a00000e2,2,2,35,322,276,662,527,1.00123,10762,10.7488
025040107410003168d2a000a00000e2,2,2,36,322,276,662,527,1.00123,10752,10.7388
025040107410003168d2a000a00000e2,2,2,37,322,276,662,527,1.00123,10776,10.7628
025040107410003168d2a000a00000e2,2,2,38,322,276,662,527,1.00123,10761,10.7478
025040107410003168d2a000a00000e2,2,2,39,322,276,662,527,1.00123,10762,10.7488
025040107410003168d2a000a00000e2,2,2,40,322,276,662,527,1.00123,10748,10.7348
025040107410003168d2a000a00000e2,2,2,41,322,276,662,527,1.00123,10750,10.7368
025040107410003168d2a000a00000e2,2,2,42,322,276,662,527,1.00123,10747,10.7338
025040107410003168d2a000a00000e2,2,2,43,322,276,662,527,1.00123,10769,10.7558
025040107410003168d2a000a00000e2,2,2,44,322,276,662,527,1.00123,10640,10.627
025040107410003168d2a000a00000e2,2,2,45,322,276,662,527,1.00123,10711,10.6979
025040107410003168d2a000a00000e2,2,2,46,322,276,662,527,1.00123,10709,10.6959
025040107410003168d2a000a00000e2,2,2,47,322,276,662,527,1.00123,10674,10.6609
025040107410003168d2a000a00000e2,2,2,48,322,276,662,527,1.00123,10723,10.7099
025040107410003168d2a000a00000e2,2,2,49,322,276,662,527,1.00123,10730,10.7169
025040107410003168d2a000a00000e2,2,2,50,322,276,662,527,1.00123,10700,10.6869
025040107410003168d2a000a00000e2,2,2,51,322,276,662,527,1.00123,10708,10.6949
025040107410003168d2a000a00000e2,2,2,52,322,276,662,527,1.00123,10671,10.6579
025040107410003168d2a000a00000e2,2,2,53,322,276,662,527,1.00123,10737,10.7238
025040107410003168d2a000a00000e2,2,2,54,322,276,662,527,1.00123,10682,10.6689
025040107410003168d2a000a00000e2,2,2,55,322,276,662,527,1.00123,10685,10.6719
025040107410003168d2a000a00000e2,2,2,56,322,276,662,527,1.00123,10733,10.7199
025040107410003168d2a000a00000e2,2,2,57,322,276,662,527,1.00123,10711,10.6979
025040107410003168d2a000a00000e2,2,2,58,322,276,662,527,1.00123,10701,10.6879
025040107410003168d2a000a00000e2,2,2,59,322,276,662,527,1.00123,10645,10.632
025040107410003168d2a000a00000e2,2,2,60,322,276,662,527,1.00123,10487,10.4742
025040107410003168d2a000a00000e2,2,2,61,322,276,662,527,1.00123,10643,10.63
025040107410003168d2a000a00000e2,2,2,62,322,276,662,527,1.00123,126,0.125846
025040107410003168d2a000a00000e2,2,2,63,322,276,662,527,1.00123,10639,10.626
025040107410003168d2a000a00000e2,2,2,0,322,276,663,527,1.00123,18,0.017978
025040107410003168d2a000a00000e2,2,2,1,322,276,663,527,1.00123,3099,3.0952
025040107410003168d2a000a00000e2,2,2,2,322,276,663,527,1.00123,10823,10.8097
025040107410003168d2a000a00000e2,2,2,3,322,276,663,527,1.00123,10766,10.7528
025040107410003168d2a000a00000e2,2,2,4,322,276,663,527,1.00123,10713,10.6999
025040107410003168d2a000a00000e2,2,2,5,322,276,663,527,1.00123,3231,3.22704
025040107410003168d2a000a00000e2,2,2,6,322,276,663,527,1.00123,10693,10.6799
025040107410003168d2a000a00000e2,2,2,7,322,276,663,527,1.00123,8858,8.84715
025040107410003168d2a000a00000e2,2,2,8,322,276,663,527,1.00123,10713,10.6999
025040107410003168d2a000a00000e2,2,2,9,322,276,663,527,1.00123,10765,10.7518
025040107410003168d2a000a00000e2,2,2,10,322,276,663,527,1.00123,10764,10.7508
025040107410003168d2a000a00000e2,2,2,11,322,276,663,527,1.00123,10762,10.7488
025040107410003168d2a000a00000e2,2,2,12,322,276,663,527,1.00123,10728,10.7149
025040107410003168d2a000a00000e2,2,2,13,322,276,663,527,1.00123,10759,10.7458
025040107410003168d2a000a00000e2,2,2,14,322,276,663,527,1.00123,10757,10.7438
025040107410003168d2a000a00000e2,2,2,15,322,276,663,527,1.00123,10760,10.7468
025040107410003168d2a000a00000e2,2,2,16,322,276,663,527,1.00123,10762,10.7488
025040107410003168d2a000a00000e2,2,2,17,322,276,663,527,1.00123,10718,10.7049
025040107410003168d2a000a00000e2,2,2,18,322,276,663,527,1.00123,10739,10.7258
025040107410003168d2a000a00000e2,2,2,19,322,276,663,527,1.00123,10725,10.7119
025040107410003168d2a000a00000e2,2,2,20,322,276,663,527,1.00123,10767,10.7538
025040107410003168d2a000a00000e2,2,2,21,322,276,663,527,1.00123,10775,10.7618
025040107410003168d2a000a00000e2,2,2,22,322,276,663,527,1.00123,10769,10.7558
025040107410003168d2a000a00000e2,2,2,23,322,276,663,527,1.00123,10769,10.7558
025040107410003168d2a000a00000e2,2,2,24,322,276,663,527,1.00123,10725,10.7119
025040107410003168d2a000a00000e2,2,2,25,322,276,663,527,1.00123,10737,10.7238
025040107410003168d2a000a00000e2,2,2,26,322,276,663,527,1.00123,10732,10.7189
025040107410003168d2a000a00000e2,2,2,27,322,276,663,527,1.00123,10757,10.7438
025040107410003168d2a000a00000e2,2,2,28,322,276,663,527,1.00123,10729,10.7159
025040107410003168d2a000a00000e2,2,2,29,322,276,663,527,1.00123,10770,10.7568
025040107410003168d2a000a00000e2,2,2,30,322,276,663,527,1.00123,10758,10.7448
025040107410003168d2a000a00000e2,2,2,31,322,276,663,527,1.00123,10794,10.7808
025040107410003168d2a000a00000e2,2,2,32,322,276,663,527,1.00123,10731,10.7179
025040107410003168d2a000a00000e2,2,2,33,322,276,663,527,1.00123,10772,10.7588
025040107410003168d2a000a00000e2,2,2,34,322,276,663,527,1.00123,10733,10.7199
025040107410003168d2a000a00000e2,2,2,35,322,276,663,527,1.00123,10766,10.7528
025040107410003168d2a000a00000e2,2,2,36,322,276,663,527,1.00123,10756,10.7428
025040107410003168d2a000a00000e2,2,2,37,322,276,663,527,1.00123,10771,10.7578
025040107410003168d2a000a00000e2,2,2,38,322,276,663,527,1.00123,10765,10.7518
025040107410003168d2a000a00000e2,2,2,39,322,276,663,527,1.00123,10764,10.7508
025040107410003168d2a000a00000e2,2,2,40,322,276,663,527,1.00123,10753,10.7398
025040107410003168d2a000a00000e2,2,2,41,322,276,663,527,1.00123,10754,10.7408
025040107410003168d2a000a00000e2,2,2,42,322,276,663,527,1.00123,10751,10.7378
025040107410003168d2a000a00000e2,2,2,43,322,276,663,527,1.00123,10769,10.7558
025040107410003168d2a000a00000e2,2,2,44,322,276,663,527,1.00123,10587,10.574
025040107410003168d2a000a00000e2,2,2,45,322,276,663,527,1.00123,10711,10.6979
025040107410003168d2a000a00000e2,2,2,46,322,276,663,527,1.00123,10709,10.6959
025040107410003168d2a000a00000e2,2,2,47,322,276,663,527,1.00123,10620,10.607
025040107410003168d2a000a00000e2,2,2,48,322,276,663,527,1.00123,10724,10.7109
025040107410003168d2a000a00000e2,2,2,49,322,276,663,527,1.00123,10732,10.7189
025040107410003168d2a000a00000e2,2,2,50,322,276,663,527,1.00123,10703,10.6899
025040107410003168d2a000a00000e2,2,2,51,322,276,663,527,1.00123,10700,10.6869
025040107410003168d2a000a00000e2,2,2,52,322,276,663,527,1.00123,10639,10.626
025040107410003168d2a000a00000e2,2,2,53,322,276,663,527,1.00123,10738,10.7248
025040107410003168d2a000a00000e2,2,2,54,322,276,663,527,1.00123,10656,10.6429
025040107410003168d2a000a00000e2,2,2,55,322,276,663,527,1.00123,10655,10.642
025040107410003168d2a000a00000e2,2,2,56,322,276,663,527,1.00123,10743,10.7298
025040107410003168d2a000a00000e2,2,2,57,322,276,663,527,1.00123,10707,10.6939
025040107410003168d2a000a00000e2,2,2,58,322,276,663,527,1.00123,10687,10.6739
025040107410003168d2a000a00000e2,2,2,59,322,276,663,527,1.00123,10575,10.562
025040107410003168d2a000a00000e2,2,2,60,322,276,663,527,1.00123,10016,10.0037
025040107410003168d2a000a00000e2,2,2,61,322,276,663,527,1.00123,10513,10.5001
025040107410003168d2a000a00000e2,2,2,62,322,276,663,527,1.00123,123,0.122849
025040107410003168d2a000a00000e2,2,2,63,322,276,663,527,1.00123,10501,10.4881
025040107410003168d2a000a00000e2,2,2,0,322,276,664,528,1.00123,7,0.00699143
025040107410003168d2a000a00000e2,2,2,1,322,276,664,528,1.00123,942,0.940846
025040107410003168d2a000a00000e2,2,2,2,322,276,664,528,1.00123,10810,10.7968
025040107410003168d2a000a00000e2,2,2,3,322,276,664,528,1.00123,10744,10.7308
025040107410003168d2a000a00000e2,2,2,4,322,276,664,528,1.00123,10701,10.6879
025040107410003168d2a000a00000e2,2,2,5,322,276,664,528,1.00123,1073,1.07169
025040107410003168d2a000a00000e2,2,2,6,322,276,664,528,1.00123,10684,10.6709
025040107410003168d2a000a00000e2,2,2,7,322,276,664,528,1.00123,5543,5.53621
025040107410003168d2a000a00000e2,2,2,8,322,276,664,528,1.00123,10697,10.6839
025040107410003168d2a000a00000e2,2,2,9,322,276,664,528,1.00123,10744,10.7308
025040107410003168d2a000a00000e2,2,2,10,322,276,664,528,1.00123,10741,10.7278
025040107410003168d2a000a00000e2,2,2,11,322,276,664,528,1.00123,10739,10.7258
025040107410003168d2a000a00000e2,2,2,12,322,276,664,528,1.00123,10717,10.7039
025040107410003168d2a000a00000e2,2,2,13,322,276,664,528,1.00123,10734,10.7209
025040107410003168d2a000a00000e2,2,2,14,322,276,664,528,1.00123,10734,10.7209
025040107410003168d2a000a00000e2,2,2,15,322,276,664,528,1.00123,10736,10.7229
025040107410003168d2a000a00000e2,2,2,16,322,276,664,528,1.00123,10740,10.7268
025040107410003168d2a000a00000e2,2,2,17,322,276,664,528,1.00123,10707,10.6939
025040107410003168d2a000a00000e2,2,2,18,322,276,664,528,1.00123,10727,10.7139
025040107410003168d2a000a00000e2,2,2,19,322,276,664,528,1.00123,10715,10.7019
025040107410003168d2a000a00000e2,2,2,20,322,276,664,528,1.00123,10745,10.7318
025040107410003168d2a000a00000e2,2,2,21,322,276,664,528,1.00123,10761,10.7478
025040107410003168d2a000a00000e2,2,2,22,322,276,664,528,1.00123,10749,10.7358
025040107410003168d2a000a00000e2,2,2,23,322,276,664,528,1.00123,10752,10.7388
025040107410003168d2a000a00000e2,2,2,24,322,276,664,528,1.00123,10719,10.7059
025040107410003168d2a000a00000e2,2,2,25,322,276,664,528,1.00123,10727,10.7139
025040107410003168d2a000a00000e2,2,2,26,322,276,664,528,1.00123,10722,10.7089
025040107410003168d2a000a00000e2,2,2,27,322,276,664,528,1.00123,10735,10.7219
025040107410003168d2a000a00000e2,2,2,28,322,276,664,528,1.00123,10717,10.7039
025040107410003168d2a000a00000e2,2,2,29,322,276,664,528,1.00123,10750,10.7368
025040107410003168d2a000a00000e2,2,2,30,322,276,664,528,1.00123,10736,10.7229
025040107410003168d2a000a00000e2,2,2,31,322,276,664,528,1.00123,10777,10.7638
025040107410003168d2a000a00000e2,2,2,32,322,276,664,528,1.00123,10723,10.7099
025040107410003168d2a000a00000e2,2,2,33,322,276,664,528,1.00123,10752,10.7388
025040107410003168d2a000a00000e2,2,2,34,322,276,664,528,1.00123,10719,10.7059
025040107410003168d2a000a00000e2,2,2,35,322,276,664,528,1.00123,10746,10.7328
025040107410003168d2a000a00000e2,2,2,36,322,276,664,528,1.00123,10738,10.7248
025040107410003168d2a000a00000e2,2,2,37,322,276,664,528,1.00123,10754,10.7408
025040107410003168d2a000a00000e2,2,2,38,322,276,664,528,1.00123,10744,10.7308
025040107410003168d2a000a00000e2,2,2,39,322,276,664,528,1.00123,10742,10.7288
025040107410003168d2a000a00000e2,2,2,40,322,276,664,528,1.00123,10735,10.7219
025040107410003168d2a000a00000e2,2,2,41,322,276,664,528,1.00123,10734,10.7209
025040107410003168d2a000a00000e2,2,2,42,322,276,664,528,1.00123,10734,10.7209
025040107410003168d2a000a00000e2,2,2,43,322,276,664,528,1.00123,10749,10.7358
025040107410003168d2a000a00000e2,2,2,44,322,276,664,528,1.00123,10473,10.4602
025040107410003168d2a000a00000e2,2,2,45,322,276,664,528,1.00123,10700,10.6869
025040107410003168d2a000a00000e2,2,2,46,322,276,664,528,1.00123,10699,10.6859
025040107410003168d2a000a00000e2,2,2,47,322,276,664,528,1.00123,10514,10.5011
025040107410003168d2a000a00000e2,2,2,48,322,276,664,528,1.00123,10715,10.7019
025040107410003168d2a000a00000e2,2,2,49,322,276,664,528,1.00123,10720,10.7069
025040107410003168d2a000a00000e2,2,2,50,322,276,664,528,1.00123,10689,10.6759
025040107410003168d2a000a00000e2,2,2,51,322,276,664,528,1.00123,10694,10.6809
025040107410003168d2a000a00000e2,2,2,52,322,276,664,528,1.00123,10613,10.6
025040107410003168d2a000a00000e2,2,2,53,322,276,664,528,1.00123,10727,10.7139
025040107410003168d2a000a00000e2,2,2,54,322,276,664,528,1.00123,10629,10.616
025040107410003168d2a000a00000e2,2,2,55,322,276,664,528,1.00123,10619,10.606
025040107410003168d2a000a00000e2,2,2,56,322,276,664,528,1.00123,10723,10.7099
025040107410003168d2a000a00000e2,2,2,57,322,276,664,528,1.00123,10697,10.6839
025040107410003168d2a000a00000e2,2,2,58,322,276,664,528,1.00123,10683,10.6699
025040107410003168d2a000a00000e2,2,2,59,322,276,664,528,1.00123,10323,10.3104
025040107410003168d2a000a00000e2,2,2,60,322,276,664,528,1.00123,8157,8.14701
025040107410003168d2a000a00000e2,2,2,61,322,276,664,528,1.00123,10031,10.0187
025040107410003168d2a000a00000e2,2,2,62,322,276,664,528,1.00123,116,0.115858
025040107410003168d2a000a00000e2,2,2,63,322,276,664,528,1.00123,9950,9.93781
025040107410003168d2a000a00000e2,2,2,0,322,276,665,529,1.00123,2,0.00199755
025040107410003168d2a000a00000e2,2,2,1,322,276,665,529,1.00123,320,0.319608
025040107410003168d2a000a00000e2,2,2,2,322,276,665,529,1.00123,10836,10.8227
025040107410003168d2a000a00000e2,2,2,3,322,276,665,529,1.00123,10751,10.7378
025040107410003168d2a000a00000e2,2,2,4,322,276,665,529,1.00123,10688,10.6749
025040107410003168d2a000a00000e2,2,2,5,322,276,665,529,1.00123,318,0.317611
025040107410003168d2a000a00000e2,2,2,6,322,276,665,529,1.00123,10667,10.6539
025040107410003168d2a000a00000e2,2,2,7,322,276,665,529,1.00123,2406,2.40305
025040107410003168d2a000a00000e2,2,2,8,322,276,665,529,1.00123,10678,10.6649
025040107410003168d2a000a00000e2,2,2,9,322,276,665,529,1.00123,10753,10.7398
025040107410003168d2a000a00000e2,2,2,10,322,276,665,529,1.00123,10749,10.7358
025040107410003168d2a000a00000e2,2,2,11,322,276,665,529,1.00123,10745,10.7318
025040107410003168d2a000a00000e2,2,2,12,322,276,665,529,1.00123,10716,10.7029
025040107410003168d2a000a00000e2,2,2,13,322,276,665,529,1.00123,10741,10.7278
025040107410003168d2a000a00000e2,2,2,14,322,276,665,529,1.00123,10742,10.7288
025040107410003168d2a000a00000e2,2,2,15,322,276,665,529,1.00123,10743,10.7298
025040107410003168d2a000a00000e2,2,2,16,322,276,665,529,1.00123,10750,10.7368
025040107410003168d2a000a00000e2,2,2,17,322,276,665,529,1.00123,10697,10.6839
025040107410003168d2a000a00000e2,2,2,18,322,276,665,529,1.00123,10728,10.7149
025040107410003168d2a000a00000e2,2,2,19,322,276,665,529,1.00123,10708,10.6949
025040107410003168d2a000a00000e2,2,2,20,322,276,665,529,1.00123,10757,10.7438
025040107410003168d2a000a00000e2,2,2,21,322,276,665,529,1.00123,10773,10.7598
025040107410003168d2a000a00000e2,2,2,22,322,276,665,529,1.00123,10762,10.7488
025040107410003168d2a000a00000e2,2,2,23,322,276,665,529,1.00123,10767,10.7538
025040107410003168d2a000a00000e2,2,2,24,322,276,665,529,1.00123,10720,10.7069
025040107410003168d2a000a00000e2,2,2,25,322,276,665,529,1.00123,10726,10.7129
025040107410003168d2a000a00000e2,2,2,26,322,276,665,529,1.00123,10724,10.7109
025040107410003168d2a000a00000e2,2,2,27,322,276,665,529,1.00123,10740,10.7268
025040107410003168d2a000a00000e2,2,2,28,322,276,665,529,1.00123,10722,10.7089
025040107410003168d2a000a00000e2,2,2,29,322,276,665,529,1.00123,10767,10.7538
025040107410003168d2a000a00000e2,2,2,30,322,276,665,529,1.00123,10744,10.7308
025040107410003168d2a000a00000e2,2,2,31,322,276,665,529,1.00123,10794,10.7808
025040107410003168d2a000a00000e2,2,2,32,322,276,665,529,1.00123,10723,10.7099
025040107410003168d2a000a00000e2,2,2,33,322,276,665,529,1.00123,10768,10.7548
025040107410003168d2a000a00000e2,2,2,34,322,276,665,529,1.00123,10727,10.7139
025040107410003168d2a000a00000e2,2,2,35,322,276,665,529,1.00123,10758,10.7448
025040107410003168d2a000a00000e2,2,2,36,322,276,665,529,1.00123,10742,10.7288
025040107410003168d2a000a00000e2,2,2,37,322,276,665,529,1.00123,10768,10.7548
025040107410003168d2a000a00000e2,2,2,38,322,276,665,529,1.00123,10755,10.7418
025040107410003168d2a000a00000e2,2,2,39,322,276,665,529,1.00123,10753,10.7398
025040107410003168d2a000a00000e2,2,2,40,322,276,665,529,1.00123,10740,10.7268
025040107410003168d2a000a00000e2,2,2,41,322,276,665,529,1.00123,10740,10.7268
025040107410003168d2a000a00000e2,2,2,42,322,276,665,529,1.00123,10735,10.7219
025040107410003168d2a000a00000e2,2,2,43,322,276,665,529,1.00123,10765,10.7518
025040107410003168d2a000a00000e2,2,2,44,322,276,665,529,1.00123,10187,10.1745
025040107410003168d2a000a00000e2,2,2,45,322,276,665,529,1.00123,10696,10.6829
025040107410003168d2a000a00000e2,2,2,46,322,276,665,529,1.00123,10696,10.6829
025040107410003168d2a000a00000e2,2,2,47,322,276,665,529,1.00123,10156,10.1436
025040107410003168d2a000a00000e2,2,2,48,322,276,665,529,1.00123,10714,10.7009
025040107410003168d2a000a00000e2,2,2,49,322,276,665,529,1.00123,10715,10.7019
025040107410003168d2a000a00000e2,2,2,50,322,276,665,529,1.00123,10681,10.6679
025040107410003168d2a000a00000e2,2,2,51,322,276,665,529,1.00123,10676,10.6629
025040107410003168d2a000a00000e2,2,2,52,322,276,665,529,1.00123,10553,10.5401
025040107410003168d2a000a00000e2,2,2,53,322,276,665,529,1.00123,10723,10.7099
025040107410003168d2a000a00000e2,2,2,54,322,276,665,529,1.00123,10592,10.579
025040107410003168d2a000a00000e2,2,2,55,322,276,665,529,1.00123,10560,10.5471
025040107410003168d2a000a00000e2,2,2,56,322,276,665,529,1.00123,10728,10.7149
025040107410003168d2a000a00000e2,2,2,57,322,276,665,529,1.00123,10679,10.6659
025040107410003168d2a000a00000e2,2,2,58,322,276,665,529,1.00123,10669,10.6559
025040107410003168d2a000a00000e2,2,2,59,322,276,665,529,1.00123,9578,9.56627
025040107410003168d2a000a00000e2,2,2,60,322,276,665,529,1.00123,5168,5.16167
025040107410003168d2a000a00000e2,2,2,61,322,276,665,529,1.00123,8673,8.66238
025040107410003168d2a000a00000e2,2,2,62,322,276,665,529,1.00123,87,0.0868934
025040107410003168d2a000a00000e2,2,2,63,322,276,665,529,1.00123,8303,8.29283
025040107410003168d2a000a00000e2,2,2,0,322,276,666,530,1.0027,5,0.00498653
025040107410003168d2a000a00000e2,2,2,1,322,276,666,530,1.0027,161,0.160566
025040107410003168d2a000a00000e2,2,2,2,322,276,666,530,1.0027,10765,10.736
025040107410003168d2a000a00000e2,2,2,3,322,276,666,530,1.0027,10685,10.6562
025040107410003168d2a000a00000e2,2,2,4,322,276,666,530,1.0027,10605,10.5764
025040107410003168d2a000a00000e2,2,2,5,322,276,666,530,1.0027,162,0.161564
025040107410003168d2a000a00000e2,2,2,6,322,276,666,530,1.0027,10572,10.5435
025040107410003168d2a000a00000e2,2,2,7,322,276,666,530,1.0027,795,0.792859
025040107410003168d2a000a00000e2,2,2,8,322,276,666,530,1.0027,10593,10.5645
025040107410003168d2a000a00000e2,2,2,9,322,276,666,530,1.0027,10682,10.6532
025040107410003168d2a000a00000e2,2,2,10,322,276,666,530,1.0027,10678,10.6492
025040107410003168d2a000a00000e2,2,2,11,322,276,666,530,1.0027,10676,10.6472
025040107410003168d2a000a00000e2,2,2,12,322,276,666,530,1.0027,10631,10.6024
025040107410003168d2a000a00000e2,2,2,13,322,276,666,530,1.0027,10670,10.6413
025040107410003168d2a000a00000e2,2,2,14,322,276,666,530,1.0027,10674,10.6452
025040107410003168d2a000a00000e2,2,2,15,322,276,666,530,1.0027,10668,10.6393
025040107410003168d2a000a00000e2,2,2,16,322,276,666,530,1.0027,10676,10.6472
025040107410003168d2a000a00000e2,2,2,17,322,276,666,530,1.0027,10616,10.5874
025040107410003168d2a000a00000e2,2,2,18,322,276,666,530,1.0027,10653,10.6243
025040107410003168d2a000a00000e2,2,2,19,322,276,666,530,1.0027,10632,10.6034
025040107410003168d2a000a00000e2,2,2,20,322,276,666,530,1.0027,10687,10.6582
025040107410003168d2a000a00000e2,2,2,21,322,276,666,530,1.0027,10705,10.6762
025040107410003168d2a000a00000e2,2,2,22,322,276,666,530,1.0027,10694,10.6652
025040107410003168d2a000a00000e2,2,2,23,322,276,666,530,1.0027,10703,10.6742
025040107410003168d2a000a00000e2,2,2,24,322,276,666,530,1.0027,10641,10.6123
025040107410003168d2a000a00000e2,2,2,25,322,276,666,530,1.0027,10650,10.6213
025040107410003168d2a000a00000e2,2,2,26,322,276,666,530,1.0027,10649,10.6203
025040107410003168d2a000a00000e2,2,2,27,322,276,666,530,1.0027,10674,10.6452
025040107410003168d2a000a00000e2,2,2,28,322,276,666,530,1.0027,10644,10.6153
025040107410003168d2a000a00000e2,2,2,29,322,276,666,530,1.0027,10699,10.6702
025040107410003168d2a000a00000e2,2,2,30,322,276,666,530,1.0027,10681,10.6522
025040107410003168d2a000a00000e2,2,2,31,322,276,666,530,1.0027,10723,10.6941
025040107410003168d2a000a00000e2,2,2,32,322,276,666,530,1.0027,10649,10.6203
025040107410003168d2a000a00000e2,2,2,33,322,276,666,530,1.0027,10702,10.6732
025040107410003168d2a000a00000e2,2,2,34,322,276,666,530,1.0027,10648,10.6193
025040107410003168d2a000a00000e2,2,2,35,322,276,666,530,1.0027,10690,10.6612
025040107410003168d2a000a00000e2,2,2,36,322,276,666,530,1.0027,10677,10.6482
025040107410003168d2a000a00000e2,2,2,37,322,276,666,530,1.0027,10703,10.6742
025040107410003168d2a000a00000e2,2,2,38,322,276,666,530,1.0027,10690,10.6612
025040107410003168d2a000a00000e2,2,2,39,322,276,666,530,1.0027,10687,10.6582
025040107410003168d2a000a00000e2,2,2,40,322,276,666,530,1.0027,10673,10.6443
025040107410003168d2a000a00000e2,2,2,41,322,276,666,530,1.0027,10669,10.6403
025040107410003168d2a000a00000e2,2,2,42,322,276,666,530,1.0027,10672,10.6433
025040107410003168d2a000a00000e2,2,2,43,322,276,666,530,1.0027,10697,10.6682
025040107410003168d2a000a00000e2,2,2,44,322,276,666,530,1.0027,9095,9.0705
025040107410003168d2a000a00000e2,2,2,45,322,276,666,530,1.0027,10607,10.5784
025040107410003168d2a000a00000e2,2,2,46,322,276,666,530,1.0027,10599,10.5705
025040107410003168d2a000a00000e2,2,2,47,322,276,666,530,1.0027,8692,8.66859
025040107410003168d2a000a00000e2,2,2,48,322,276,666,530,1.0027,10638,10.6093
025040107410003168d2a000a00000e2,2,2,49,322,276,666,530,1.0027,10640,10.6113
025040107410003168d2a000a00000e2,2,2,50,322,276,666,530,1.0027,10594,10.5655
025040107410003168d2a000a00000e2,2,2,51,322,276,666,530,1.0027,10591,10.5625
025040107410003168d2a000a00000e2,2,2,52,322,276,666,530,1.0027,10363,10.3351
025040107410003168d2a000a00000e2,2,2,53,322,276,666,530,1.0027,10653,10.6243
025040107410003168d2a000a00000e2,2,2,54,322,276,666,530,1.0027,10378,10.35
025040107410003168d2a000a00000e2,2,2,55,322,276,666,530,1.0027,10252,10.2244
025040107410003168d2a000a00000e2,2,2,56,322,276,666,530,1.0027,10657,10.6283
025040107410003168d2a000a00000e2,2,2,57,322,276,666,530,1.0027,10576,10.5475
025040107410003168d2a000a00000e2,2,2,58,322,276,666,530,1.0027,10580,10.5515
025040107410003168d2a000a00000e2,2,2,59,322,276,666,530,1.0027,7163,7.14371
025040107410003168d2a000a00000e2,2,2,60,322,276,666,530,1.0027,2259,2.25292
025040107410003168d2a000a00000e2,2,2,61,322,276,666,530,1.0027,5442,5.42734
025040107410003168d2a000a00000e2,2,2,62,322,276,666,530,1.0027,84,0.0837737
025040107410003168d2a000a00000e2,2,2,63,322,276,666,530,1.0027,5004,4.99052
025040107410003168d2a000a00000e2,2,2,0,322,276,667,530,1.00123,2,0.00199755
025040107410003168d2a000a00000e2,2,2,1,322,276,667,530,1.00123,138,0.137831
025040107410003168d2a000a00000e2,2,2,2,322,276,667,530,1.00123,10757,10.7438
025040107410003168d2a000a00000e2,2,2,3,322,276,667,530,1.00123,10681,10.6679
025040107410003168d2a000a00000e2,2,2,4,322,276,667,530,1.00123,10592,10.579
025040107410003168d2a000a00000e2,2,2,5,322,276,667,530,1.00123,139,0.13883
025040107410003168d2a000a00000e2,2,2,6,322,276,667,530,1.00123,10545,10.5321
025040107410003168d2a000a00000e2,2,2,7,322,276,667,530,1.00123,288,0.287647
025040107410003168d2a000a00000e2,2,2,8,322,276,667,530,1.00123,10545,10.5321
025040107410003168d2a000a00000e2,2,2,9,322,276,667,530,1.00123,10682,10.6689
025040107410003168d2a000a00000e2,2,2,10,322,276,667,530,1.00123,10679,10.6659
025040107410003168d2a000a00000e2,2,2,11,322,276,667,530,1.00123,10679,10.6659
025040107410003168d2a000a00000e2,2,2,12,322,276,667,530,1.00123,10632,10.619
025040107410003168d2a000a00000e2,2,2,13,322,276,667,530,1.00123,10671,10.6579
025040107410003168d2a000a00000e2,2,2,14,322,276,667,530,1.00123,10680,10.6669
025040107410003168d2a000a00000e2,2,2,15,322,276,667,530,1.00123,10670,10.6569
025040107410003168d2a000a00000e2,2,2,16,322,276,667,530,1.00123,10682,10.6689
025040107410003168d2a000a00000e2,2,2,17,322,276,667,530,1.00123,10611,10.598
025040107410003168d2a000a00000e2,2,2,18,322,276,667,530,1.00123,10649,10.636
025040107410003168d2a000a00000e2,2,2,19,322,276,667,530,1.00123,10625,10.612
025040107410003168d2a000a00000e2,2,2,20,322,276,667,530,1.00123,10690,10.6769
025040107410003168d2a000a00000e2,2,2,21,322,276,667,530,1.00123,10702,10.6889
025040107410003168d2a000a00000e2,2,2,22,322,276,667,530,1.00123,10689,10.6759
025040107410003168d2a000a00000e2,2,2,23,322,276,667,530,1.00123,10695,10.6819
025040107410003168d2a000a00000e2,2,2,24,322,276,667,530,1.00123,10638,10.625
025040107410003168d2a000a00000e2,2,2,25,322,276,667,530,1.00123,10645,10.632
025040107410003168d2a000a00000e2,2,2,26,322,276,667,530,1.00123,10646,10.633
025040107410003168d2a000a00000e2,2,2,27,322,276,667,530,1.00123,10677,10.6639
025040107410003168d2a000a00000e2,2,2,28,322,276,667,530,1.00123,10645,10.632
025040107410003168d2a000a00000e2,2,2,29,322,276,667,530,1.00123,10694,10.6809
025040107410003168d2a000a00000e2,2,2,30,322,276,667,530,1.00123,10680,10.6669
025040107410003168d2a000a00000e2,2,2,31,322,276,667,530,1.00123,10722,10.7089
025040107410003168d2a000a00000e2,2,2,32,322,276,667,530,1.00123,10646,10.633
025040107410003168d2a000a00000e2,2,2,33,322,276,667,530,1.00123,10697,10.6839
025040107410003168d2a000a00000e2,2,2,34,322,276,667,530,1.00123,10649,10.636
025040107410003168d2a000a00000e2,2,2,35,322,276,667,530,1.00123,10687,10.6739
025040107410003168d2a000a00000e2,2,2,36,322,276,667,530,1.00123,10678,10.6649
025040107410003168d2a000a00000e2,2,2,37,322,276,667,530,1.00123,10694,10.6809
025040107410003168d2a000a00000e2,2,2,38,322,276,667,530,1.00123,10685,10.6719
025040107410003168d2a000a00000e2,2,2,39,322,276,667,530,1.00123,10686,10.6729
025040107410003168d2a000a00000e2,2,2,40,322,276,667,530,1.00123,10672,10.6589
025040107410003168d2a000a00000e2,2,2,41,322,276,667,530,1.00123,10672,10.6589
025040107410003168d2a000a00000e2,2,2,42,322,276,667,530,1.00123,10674,10.6609
025040107410003168d2a000a00000e2,2,2,43,322,276,667,530,1.00123,10690,10.6769
025040107410003168d2a000a00000e2,2,2,44,322,276,667,530,1.00123,6309,6.30127
025040107410003168d2a000a00000e2,2,2,45,322,276,667,530,1.00123,10585,10.572
025040107410003168d2a000a00000e2,2,2,46,322,276,667,530,1.00123,10595,10.582
025040107410003168d2a000a00000e2,2,2,47,322,276,667,530,1.00123,5784,5.77692
025040107410003168d2a000a00000e2,2,2,48,322,276,667,530,1.00123,10637,10.624
025040107410003168d2a000a00000e2,2,2,49,322,276,667,530,1.00123,10633,10.62
025040107410003168d2a000a00000e2,2,2,50,322,276,667,530,1.00123,10599,10.586
025040107410003168d2a000a00000e2,2,2,51,322,276,667,530,1.00123,10582,10.569
025040107410003168d2a000a00000e2,2,2,52,322,276,667,530,1.00123,9832,9.81996
025040107410003168d2a000a00000e2,2,2,53,322,276,667,530,1.00123,10646,10.633
025040107410003168d2a000a00000e2,2,2,54,322,276,667,530,1.00123,9934,9.92183
025040107410003168d2a000a00000e2,2,2,55,322,276,667,530,1.00123,9345,9.33355
025040107410003168d2a000a00000e2,2,2,56,322,276,667,530,1.00123,10655,10.642
025040107410003168d2a000a00000e2,2,2,57,322,276,667,530,1.00123,10533,10.5201
025040107410003168d2a000a00000e2,2,2,58,322,276,667,530,1.00123,10543,10.5301
025040107410003168d2a000a00000e2,2,2,59,322,276,667,530,1.00123,3853,3.84828
025040107410003168d2a000a00000e2,2,2,60,322,276,667,530,1.00123,691,0.690154
025040107410003168d2a000a00000e2,2,2,61,322,276,667,530,1.00123,2289,2.2862
025040107410003168d2a000a00000e2,2,2,62,322,276,667,530,1.00123,83,0.0828983
025040107410003168d2a000a00000e2,2,2,63,322,276,667,530,1.00123,2069,2.06647
025040107410003168d2a000a00000e2,2,2,0,322,276,668,531,1.0027,0,0
025040107410003168d2a000a00000e2,2,2,1,322,276,668,531,1.0027,122,0.121671
025040107410003168d2a000a00000e2,2,2,2,322,276,668,531,1.0027,10765,10.736
025040107410003168d2a000a00000e2,2,2,3,322,276,668,531,1.0027,10683,10.6542
025040107410003168d2a000a00000e2,2,2,4,322,276,668,531,1.0027,10532,10.5036
025040107410003168d2a000a00000e2,2,2,5,322,276,668,531,1.0027,122,0.121671
025040107410003168d2a000a00000e2,2,2,6,322,276,668,531,1.0027,10449,10.4209
025040107410003168d2a000a00000e2,2,2,7,322,276,668,531,1.0027,187,0.186496
025040107410003168d2a000a00000e2,2,2,8,322,276,668,531,1.0027,10412,10.384
025040107410003168d2a000a00000e2,2,2,9,322,276,668,531,1.0027,10680,10.6512
025040107410003168d2a000a00000e2,2,2,10,322,276,668,531,1.0027,10674,10.6452
025040107410003168d2a000a00000e2,2,2,11,322,276,668,531,1.0027,10674,10.6452
025040107410003168d2a000a00000e2,2,2,12,322,276,668,531,1.0027,10626,10.5974
025040107410003168d2a000a00000e2,2,2,13,322,276,668,531,1.0027,10665,10.6363
025040107410003168d2a000a00000e2,2,2,14,322,276,668,531,1.0027,10671,10.6423
025040107410003168d2a000a00000e2,2,2,15,322,276,668,531,1.0027,10666,10.6373
025040107410003168d2a000a00000e2,2,2,16,322,276,668,531,1.0027,10679,10.6502
025040107410003168d2a000a00000e2,2,2,17,322,276,668,531,1.0027,10589,10.5605
025040107410003168d2a000a00000e2,2,2,18,322,276,668,531,1.0027,10650,10.6213
025040107410003168d2a000a00000e2,2,2,19,322,276,668,531,1.0027,10610,10.5814
025040107410003168d2a000a00000e2,2,2,20,322,276,668,531,1.0027,10689,10.6602
025040107410003168d2a000a00000e2,2,2,21,322,276,668,531,1.0027,10710,10.6812
025040107410003168d2a000a00000e2,2,2,22,322,276,668,531,1.0027,10695,10.6662
025040107410003168d2a000a00000e2,2,2,23,322,276,668,531,1.0027,10706,10.6772
025040107410003168d2a000a00000e2,2,2,24,322,276,668,531,1.0027,10634,10.6054
025040107410003168d2a000a00000e2,2,2,25,322,276,668,531,1.0027,10640,10.6113
025040107410003168d2a000a00000e2,2,2,26,322,276,668,531,1.0027,10645,10.6163
025040107410003168d2a000a00000e2,2,2,27,322,276,668,531,1.0027,10673,10.6443
025040107410003168d2a000a00000e2,2,2,28,322,276,668,531,1.0027,10642,10.6133
025040107410003168d2a000a00000e2,2,2,29,322,276,668,531,1.0027,10699,10.6702
025040107410003168d2a000a00000e2,2,2,30,322,276,668,531,1.0027,10677,10.6482
025040107410003168d2a000a00000e2,2,2,31,322,276,668,531,1.0027,10733,10.7041
025040107410003168d2a000a00000e2,2,2,32,322,276,668,531,1.0027,10647,10.6183
025040107410003168d2a000a00000e2,2,2,33,322,276,668,531,1.0027,10703,10.6742
025040107410003168d2a000a00000e2,2,2,34,322,276,668,531,1.0027,10646,10.6173
025040107410003168d2a000a00000e2,2,2,35,322,276,668,531,1.0027,10688,10.6592
025040107410003168d2a000a00000e2,2,2,36,322,276,668,531,1.0027,10674,10.6452
025040107410003168d2a000a00000e2,2,2,37,322,276,668,531,1.0027,10703,10.6742
025040107410003168d2a000a00000e2,2,2,38,322,276,668,531,1.0027,10689,10.6602
025040107410003168d2a000a00000e2,2,2,39,322,276,668,531,1.0027,10686,10.6572
025040107410003168d2a000a00000e2,2,2,40,322,276,668,531,1.0027,10671,10.6423
025040107410003168d2a000a00000e2,2,2,41,322,276,668,531,1.0027,10665,10.6363
025040107410003168d2a000a00000e2,2,2,42,322,276,668,531,1.0027,10671,10.6423
025040107410003168d2a000a00000e2,2,2,43,322,276,668,531,1.0027,10697,10.6682
025040107410003168d2a000a00000e2,2,2,44,322,276,668,531,1.0027,2869,2.86127
025040107410003168d2a000a00000e2,2,2,45,322,276,668,531,1.0027,10539,10.5106
025040107410003168d2a000a00000e2,2,2,46,322,276,668,531,1.0027,10580,10.5515
025040107410003168d2a000a00000e2,2,2,47,322,276,668,531,1.0027,2566,2.55909
025040107410003168d2a000a00000e2,2,2,48,322,276,668,531,1.0027,10630,10.6014
025040107410003168d2a000a00000e2,2,2,49,322,276,668,531,1.0027,10624,10.5954
025040107410003168d2a000a00000e2,2,2,50,322,276,668,531,1.0027,10566,10.5375
025040107410003168d2a000a00000e2,2,2,51,322,276,668,531,1.0027,10524,10.4957
025040107410003168d2a000a00000e2,2,2,52,322,276,668,531,1.0027,8148,8.12605
025040107410003168d2a000a00000e2,2,2,53,322,276,668,531,1.0027,10643,10.6143
025040107410003168d2a000a00000e2,2,2,54,322,276,668,531,1.0027,8344,8.32153
025040107410003168d2a000a00000e2,2,2,55,322,276,668,531,1.0027,6781,6.76274
025040107410003168d2a000a00000e2,2,2,56,322,276,668,531,1.0027,10652,10.6233
025040107410003168d2a000a00000e2,2,2,57,322,276,668,531,1.0027,10352,10.3241
025040107410003168d2a000a00000e2,2,2,58,322,276,668,531,1.0027,10430,10.4019
025040107410003168d2a000a00000e2,2,2,59,322,276,668,531,1.0027,1399,1.39523
025040107410003168d2a000a00000e2,2,2,60,322,276,668,531,1.0027,305,0.304178
025040107410003168d2a000a00000e2,2,2,61,322,276,668,531,1.0027,729,0.727036
025040107410003168d2a000a00000e2,2,2,62,322,276,668,531,1.0027,82,0.0817791
025040107410003168d2a000a00000e2,2,2,63,322,276,668,531,1.0027,637,0.635284
025040107410003168d2a000a00000e2,2,2,0,322,276,669,532,1.00123,0,0
025040107410003168d2a000a00000e2,2,2,1,322,276,669,532,1.00123,102,0.101875
025040107410003168d2a000a00000e2,2,2,2,322,276,669,532,1.00123,10724,10.7109
025040107410003168d2a000a00000e2,2,2,3,322,276,669,532,1.00123,10655,10.642
025040107410003168d2a000a00000e2,2,2,4,322,276,669,532,1.00123,10375,10.3623
025040107410003168d2a000a00000e2,2,2,5,322,276,669,532,1.00123,95,0.0948836
025040107410003168d2a000a00000e2,2,2,6,322,276,669,532,1.00123,10055,10.0427
025040107410003168d2a000a00000e2,2,2,7,322,276,669,532,1.00123,146,0.145821
025040107410003168d2a000a00000e2,2,2,8,322,276,669,532,1.00123,9726,9.71409
025040107410003168d2a000a00000e2,2,2,9,322,276,669,532,1.00123,10655,10.642
025040107410003168d2a000a00000e2,2,2,10,322,276,669,532,1.00123,10648,10.635
025040107410003168d2a000a00000e2,2,2,11,322,276,669,532,1.00123,10649,10.636
025040107410003168d2a000a00000e2,2,2,12,322,276,669,532,1.00123,10583,10.57
025040107410003168d2a000a00000e2,2,2,13,322,276,669,532,1.00123,10639,10.626
025040107410003168d2a000a00000e2,2,2,14,322,276,669,532,1.00123,10647,10.634
025040107410003168d2a000a00000e2,2,2,15,322,276,669,532,1.00123,10640,10.627
025040107410003168d2a000a00000e2,2,2,16,322,276,669,532,1.00123,10653,10.64
025040107410003168d2a000a00000e2,2,2,17,322,276,669,532,1.00123,10539,10.5261
025040107410003168d2a000a00000e2,2,2,18,322,276,669,532,1.00123,10615,10.602
025040107410003168d2a000a00000e2,2,2,19,322,276,669,532,1.00123,10568,10.5551
025040107410003168d2a000a00000e2,2,2,20,322,276,669,532,1.00123,10664,10.6509
025040107410003168d2a000a00000e2,2,2,21,322,276,669,532,1.00123,10676,10.6629
025040107410003168d2a000a00000e2,2,2,22,322,276,669,532,1.00123,10665,10.6519
025040107410003168d2a000a00000e2,2,2,23,322,276,669,532,1.00123,10672,10.6589
025040107410003168d2a000a00000e2,2,2,24,322,276,669,532,1.00123,10599,10.586
025040107410003168d2a000a00000e2,2,2,25,322,276,669,532,1.00123,10608,10.595
025040107410003168d2a000a00000e2,2,2,26,322,276,669,532,1.00123,10612,10.599
025040107410003168d2a000a00000e2,2,2,27,322,276,669,532,1.00123,10650,10.637
025040107410003168d2a000a00000e2,2,2,28,322,276,669,532,1.00123,10608,10.595
025040107410003168d2a000a00000e2,2,2,29,322,276,669,532,1.00123,10667,10.6539
025040107410003168d2a000a00000e2,2,2,30,322,276,669,532,1.00123,10652,10.639
025040107410003168d2a000a00000e2,2,2,31,322,276,669,532,1.00123,10697,10.6839
025040107410003168d2a000a00000e2,2,2,32,322,276,669,532,1.00123,10612,10.599
025040107410003168d2a000a00000e2,2,2,33,322,276,669,532,1.00123,10672,10.6589
025040107410003168d2a000a00000e2,2,2,34,322,276,669,532,1.00123,10612,10.599
025040107410003168d2a000a00000e2,2,2,35,322,276,669,532,1.00123,10661,10.6479
025040107410003168d2a000a00000e2,2,2,36,322,276,669,532,1.00123,10647,10.634
025040107410003168d2a000a00000e2,2,2,37,322,276,669,532,1.00123,10670,10.6569
025040107410003168d2a000a00000e2,2,2,38,322,276,669,532,1.00123,10661,10.6479
025040107410003168d2a000a00000e2,2,2,39,322,276,669,532,1.00123,10658,10.6449
025040107410003168d2a000a00000e2,2,2,40,322,276,669,532,1.00123,10649,10.636
025040107410003168d2a000a00000e2,2,2,41,322,276,669,532,1.00123,10640,10.627
025040107410003168d2a000a00000e2,2,2,42,322,276,669,532,1.00123,10646,10.633
025040107410003168d2a000a00000e2,2,2,43,322,276,669,532,1.00123,10668,10.6549
025040107410003168d2a000a00000e2,2,2,44,322,276,669,532,1.00123,1000,0.998775
025040107410003168d2a000a00000e2,2,2,45,322,276,669,532,1.00123,10369,10.3563
025040107410003168d2a000a00000e2,2,2,46,322,276,669,532,1.00123,10515,10.5021
025040107410003168d2a000a00000e2,2,2,47,322,276,669,532,1.00123,783,0.782041
025040107410003168d2a000a00000e2,2,2,48,322,276,669,532,1.00123,10598,10.585
025040107410003168d2a000a00000e2,2,2,49,322,276,669,532,1.00123,10584,10.571
025040107410003168d2a000a00000e2,2,2,50,322,276,669,532,1.00123,10511,10.4981
025040107410003168d2a000a00000e2,2,2,51,322,276,669,532,1.00123,10375,10.3623
025040107410003168d2a000a00000e2,2,2,52,322,276,669,532,1.00123,4972,4.96591
025040107410003168d2a000a00000e2,2,2,53,322,276,669,532,1.00123,10605,10.592
025040107410003168d2a000a00000e2,2,2,54,322,276,669,532,1.00123,5231,5.22459
025040107410003168d2a000a00000e2,2,2,55,322,276,669,532,1.00123,3413,3.40882
025040107410003168d2a000a00000e2,2,2,56,322,276,669,532,1.00123,10619,10.606
025040107410003168d2a000a00000e2,2,2,57,322,276,669,532,1.00123,9700,9.68812
025040107410003168d2a000a00000e2,2,2,58,322,276,669,532,1.00123,9880,9.8679
025040107410003168d2a000a00000e2,2,2,59,322,276,669,532,1.00123,447,0.446453
025040107410003168d2a000a00000e2,2,2,60,322,276,669,532,1.00123,198,0.197758
025040107410003168d2a000a00000e2,2,2,61,322,276,669,532,1.00123,287,0.286649
025040107410003168d2a000a00000e2,2,2,62,322,276,669,532,1.00123,81,0.0809008
025040107410003168d2a000a00000e2,2,2,63,322,276,669,532,1.00123,271,0.270668
025040107410003168d2a000a00000e2,2,2,0,322,276,670,533,1.0027,0,0
025040107410003168d2a000a00000e2,2,2,1,322,276,670,533,1.0027,83,0.0827764
025040107410003168d2a000a00000e2,2,2,2,322,276,670,533,1.0027,10722,10.6931
025040107410003168d2a000a00000e2,2,2,3,322,276,670,533,1.0027,10670,10.6413
025040107410003168d2a000a00000e2,2,2,4,322,276,670,533,1.0027,9766,9.7397
025040107410003168d2a000a00000e2,2,2,5,322,276,670,533,1.0027,84,0.0837737
025040107410003168d2a000a00000e2,2,2,6,322,276,670,533,1.0027,8499,8.47611
025040107410003168d2a000a00000e2,2,2,7,322,276,670,533,1.0027,112,0.111698
025040107410003168d2a000a00000e2,2,2,8,322,276,670,533,1.0027,7643,7.62241
025040107410003168d2a000a00000e2,2,2,9,322,276,670,533,1.0027,10674,10.6452
025040107410003168d2a000a00000e2,2,2,10,322,276,670,533,1.0027,10664,10.6353
025040107410003168d2a000a00000e2,2,2,11,322,276,670,533,1.0027,10657,10.6283
025040107410003168d2a000a00000e2,2,2,12,322,276,670,533,1.0027,10578,10.5495
025040107410003168d2a000a00000e2,2,2,13,322,276,670,533,1.0027,10654,10.6253
025040107410003168d2a000a00000e2,2,2,14,322,276,670,533,1.0027,10664,10.6353
025040107410003168d2a000a00000e2,2,2,15,322,276,670,533,1.0027,10643,10.6143
025040107410003168d2a000a00000e2,2,2,16,322,276,670,533,1.0027,10671,10.6423
025040107410003168d2a000a00000e2,2,2,17,322,276,670,533,1.0027,10438,10.4099
025040107410003168d2a000a00000e2,2,2,18,322,276,670,533,1.0027,10616,10.5874
025040107410003168d2a000a00000e2,2,2,19,322,276,670,533,1.0027,10510,10.4817
025040107410003168d2a000a00000e2,2,2,20,322,276,670,533,1.0027,10688,10.6592
025040107410003168d2a000a00000e2,2,2,21,322,276,670,533,1.0027,10703,10.6742
025040107410003168d2a000a00000e2,2,2,22,322,276,670,533,1.0027,10687,10.6582
025040107410003168d2a000a00000e2,2,2,23,322,276,670,533,1.0027,10697,10.6682
025040107410003168d2a000a00000e2,2,2,24,322,276,670,533,1.0027,10607,10.5784
025040107410003168d2a000a00000e2,2,2,25,322,276,670,533,1.0027,10596,10.5675
025040107410003168d2a000a00000e2,2,2,26,322,276,670,533,1.0027,10616,10.5874
025040107410003168d2a000a00000e2,2,2,27,322,276,670,533,1.0027,10663,10.6343
025040107410003168d2a000a00000e2,2,2,28,322,276,670,533,1.0027,10616,10.5874
025040107410003168d2a000a00000e2,2,2,29,322,276,670,533,1.0027,10693,10.6642
025040107410003168d2a000a00000e2,2,2,30,322,276,670,533,1.0027,10670,10.6413
025040107410003168d2a000a00000e2,2,2,31,322,276,670,533,1.0027,10722,10.6931
025040107410003168d2a000a00000e2,2,2,32,322,276,670,533,1.0027,10623,10.5944
025040107410003168d2a000a00000e2,2,2,33,322,276,670,533,1.0027,10693,10.6642
025040107410003168d2a000a00000e2,2,2,34,322,276,670,533,1.0027,10618,10.5894
025040107410003168d2a000a00000e2,2,2,35,322,276,670,533,1.0027,10686,10.6572
025040107410003168d2a000a00000e2,2,2,36,322,276,670,533,1.0027,10666,10.6373
025040107410003168d2a000a00000e2,2,2,37,322,276,670,533,1.0027,10692,10.6632
025040107410003168d2a000a00000e2,2,2,38,322,276,670,533,1.0027,10686,10.6572
025040107410003168d2a000a00000e2,2,2,39,322,276,670,533,1.0027,10683,10.6542
025040107410003168d2a000a00000e2,2,2,40,322,276,670,533,1.0027,10664,10.6353
025040107410003168d2a000a00000e2,2,2,41,322,276,670,533,1.0027,10645,10.6163
025040107410003168d2a000a00000e2,2,2,42,322,276,670,533,1.0027,10664,10.6353
025040107410003168d2a000a00000e2,2,2,43,322,276,670,533,1.0027,10685,10.6562
025040107410003168d2a000a00000e2,2,2,44,322,276,670,533,1.0027,374,0.372993
025040107410003168d2a000a00000e2,2,2,45,322,276,670,533,1.0027,9830,9.80352
025040107410003168d2a000a00000e2,2,2,46,322,276,670,533,1.0027,10391,10.363
025040107410003168d2a000a00000e2,2,2,47,322,276,670,533,1.0027,287,0.286227
025040107410003168d2a000a00000e2,2,2,48,322,276,670,533,1.0027,10607,10.5784
025040107410003168d2a000a00000e2,2,2,49,322,276,670,533,1.0027,10562,10.5336
025040107410003168d2a000a00000e2,2,2,50,322,276,670,533,1.0027,10418,10.3899
025040107410003168d2a000a00000e2,2,2,51,322,276,670,533,1.0027,9856,9.82945
025040107410003168d2a000a00000e2,2,2,52,322,276,670,533,1.0027,2023,2.01755
025040107410003168d2a000a00000e2,2,2,53,322,276,670,533,1.0027,10589,10.5605
025040107410003168d2a000a00000e2,2,2,54,322,276,670,533,1.0027,2092,2.08637
025040107410003168d2a000a00000e2,2,2,55,322,276,670,533,1.0027,1131,1.12795
025040107410003168d2a000a00000e2,2,2,56,322,276,670,533,1.0027,10630,10.6014
025040107410003168d2a000a00000e2,2,2,57,322,276,670,533,1.0027,7651,7.63039
025040107410003168d2a000a00000e2,2,2,58,322,276,670,533,1.0027,7866,7.84481
025040107410003168d2a000a00000e2,2,2,59,322,276,670,533,1.0027,215,0.214421
025040107410003168d2a000a00000e2,2,2,60,322,276,670,533,1.0027,145,0.144609
025040107410003168d2a000a00000e2,2,2,61,322,276,670,533,1.0027,163,0.162561
025040107410003168d2a000a00000e2,2,2,62,322,276,670,533,1.0027,75,0.074798
025040107410003168d2a000a00000e2,2,2,63,322,276,670,533,1.0027,153,0.152588
025040107410003168d2a000a00000e2,2,2,0,322,276,671,534,1.0027,0,0
025040107410003168d2a000a00000e2,2,2,1,322,276,671,534,1.0027,84,0.0837737
025040107410003168d2a000a00000e2,2,2,2,322,276,671,534,1.0027,10798,10.7689
025040107410003168d2a000a00000e2,2,2,3,322,276,671,534,1.0027,10766,10.737
025040107410003168d2a000a00000e2,2,2,4,322,276,671,534,1.0027,8086,8.06422
025040107410003168d2a000a00000e2,2,2,5,322,276,671,534,1.0027,80,0.0797845
025040107410003168d2a000a00000e2,2,2,6,322,276,671,534,1.0027,5464,5.44928
025040107410003168d2a000a00000e2,2,2,7,322,276,671,534,1.0027,111,0.110701
025040107410003168d2a000a00000e2,2,2,8,322,276,671,534,1.0027,4566,4.5537
025040107410003168d2a000a00000e2,2,2,9,322,276,671,534,1.0027,10760,10.731
025040107410003168d2a000a00000e2,2,2,10,322,276,671,534,1.0027,10764,10.735
025040107410003168d2a000a00000e2,2,2,11,322,276,671,534,1.0027,10755,10.726
025040107410003168d2a000a00000e2,2,2,12,322,276,671,534,1.0027,10625,10.5964
025040107410003168d2a000a00000e2,2,2,13,322,276,671,534,1.0027,10744,10.7151
025040107410003168d2a000a00000e2,2,2,14,322,276,671,534,1.0027,10764,10.735
025040107410003168d2a000a00000e2,2,2,15,322,276,671,534,1.0027,10731,10.7021
025040107410003168d2a000a00000e2,2,2,16,322,276,671,534,1.0027,10764,10.735
025040107410003168d2a000a00000e2,2,2,17,322,276,671,534,1.0027,10226,10.1985
025040107410003168d2a000a00000e2,2,2,18,322,276,671,534,1.0027,10705,10.6762
025040107410003168d2a000a00000e2,2,2,19,322,276,671,534,1.0027,10486,10.4578
025040107410003168d2a000a00000e2,2,2,20,322,276,671,534,1.0027,10781,10.752
025040107410003168d2a000a00000e2,2,2,21,322,276,671,534,1.0027,10797,10.7679
025040107410003168d2a000a00000e2,2,2,22,322,276,671,534,1.0027,10783,10.754
025040107410003168d2a000a00000e2,2,2,23,322,276,671,534,1.0027,10791,10.7619
025040107410003168d2a000a00000e2,2,2,24,322,276,671,534,1.0027,10692,10.6632
025040107410003168d2a000a00000e2,2,2,25,322,276,671,534,1.0027,10671,10.6423
025040107410003168d2a000a00000e2,2,2,26,322,276,671,534,1.0027,10702,10.6732
025040107410003168d2a000a00000e2,2,2,27,322,276,671,534,1.0027,10760,10.731
025040107410003168d2a000a00000e2,2,2,28,322,276,671,534,1.0027,10699,10.6702
025040107410003168d2a000a00000e2,2,2,29,322,276,671,534,1.0027,10785,10.756
025040107410003168d2a000a00000e2,2,2,30,322,276,671,534,1.0027,10767,10.738
025040107410003168d2a000a00000e2,2,2,31,322,276,671,534,1.0027,10825,10.7958
025040107410003168d2a000a00000e2,2,2,32,322,276,671,534,1.0027,10710,10.6812
025040107410003168d2a000a00000e2,2,2,33,322,276,671,534,1.0027,10790,10.7609
025040107410003168d2a000a00000e2,2,2,34,322,276,671,534,1.0027,10706,10.6772
025040107410003168d2a000a00000e2,2,2,35,322,276,671,534,1.0027,10779,10.75
025040107410003168d2a000a00000e2,2,2,36,322,276,671,534,1.0027,10764,10.735
025040107410003168d2a000a00000e2,2,2,37,322,276,671,534,1.0027,10789,10.7599
025040107410003168d2a000a00000e2,2,2,38,322,276,671,534,1.0027,10779,10.75
025040107410003168d2a000a00000e2,2,2,39,322,276,671,534,1.0027,10775,10.746
025040107410003168d2a000a00000e2,2,2,40,322,276,671,534,1.0027,10758,10.729
025040107410003168d2a000a00000e2,2,2,41,322,276,671,534,1.0027,10737,10.7081
025040107410003168d2a000a00000e2,2,2,42,322,276,671,534,1.0027,10759,10.73
025040107410003168d2a000a00000e2,2,2,43,322,276,671,534,1.0027,10780,10.751
025040107410003168d2a000a00000e2,2,2,44,322,276,671,534,1.0027,227,0.226389
025040107410003168d2a000a00000e2,2,2,45,322,276,671,534,1.0027,8402,8.37937
025040107410003168d2a000a00000e2,2,2,46,322,276,671,534,1.0027,10091,10.0638
025040107410003168d2a000a00000e2,2,2,47,322,276,671,534,1.0027,185,0.184502
025040107410003168d2a000a00000e2,2,2,48,322,276,671,534,1.0027,10689,10.6602
025040107410003168d2a000a00000e2,2,2,49,322,276,671,534,1.0027,10580,10.5515
025040107410003168d2a000a00000e2,2,2,50,322,276,671,534,1.0027,10211,10.1835
025040107410003168d2a000a00000e2,2,2,51,322,276,671,534,1.0027,8350,8.32751
025040107410003168d2a000a00000e2,2,2,52,322,276,671,534,1.0027,708,0.706093
025040107410003168d2a000a00000e2,2,2,53,322,276,671,534,1.0027,10655,10.6263
025040107410003168d2a000a00000e2,2,2,54,322,276,671,534,1.0027,764,0.761942
025040107410003168d2a000a00000e2,2,2,55,322,276,671,534,1.0027,449,0.447791
025040107410003168d2a000a00000e2,2,2,56,322,276,671,534,1.0027,10717,10.6881
025040107410003168d2a000a00000e2,2,2,57,322,276,671,534,1.0027,4463,4.45098
025040107410003168d2a000a00000e2,2,2,58,322,276,671,534,1.0027,4980,4.96659
025040107410003168d2a000a00000e2,2,2,59,322,276,671,534,1.0027,153,0.152588
025040107410003168d2a000a00000e2,2,2,60,322,276,671,534,1.0027,127,0.126658
025040107410003168d2a000a00000e2,2,2,61,322,276,671,534,1.0027,125,0.124663
025040107410003168d2a000a00000e2,2,2,62,322,276,671,534,1.0027,76,0.0757953
025040107410003168d2a000a00000e2,2,2,63,322,276,671,534,1.0027,122,0.121671
025040107410003168d2a000a00000e2,2,2,0,322,276,672,534,1.0027,1,0.000997306
025040107410003168d2a000a00000e2,2,2,1,322,276,672,534,1.0027,64,0.0638276
025040107410003168d2a000a00000e2,2,2,2,322,276,672,534,1.0027,10561,10.5326
025040107410003168d2a000a00000e2,2,2,3,322,276,672,534,1.0027,10600,10.5714
025040107410003168d2a000a00000e2,2,2,4,322,276,672,534,1.0027,4933,4.91971
025040107410003168d2a000a00000e2,2,2,5,322,276,672,534,1.0027,62,0.061833
025040107410003168d2a000a00000e2,2,2,6,322,276,672,534,1.0027,2351,2.34467
025040107410003168d2a000a00000e2,2,2,7,322,276,672,534,1.0027,90,0.0897576
025040107410003168d2a000a00000e2,2,2,8,322,276,672,534,1.0027,1932,1.9268
025040107410003168d2a000a00000e2,2,2,9,322,276,672,534,1.0027,10596,10.5675
025040107410003168d2a000a00000e2,2,2,10,322,276,672,534,1.0027,10596,10.5675
025040107410003168d2a000a00000e2,2,2,11,322,276,672,534,1.0027,10589,10.5605
025040107410003168d2a000a00000e2,2,2,12,322,276,672,534,1.0027,10331,10.3032
025040107410003168d2a000a00000e2,2,2,13,322,276,672,534,1.0027,10577,10.5485
025040107410003168d2a000a00000e2,2,2,14,322,276,672,534,1.0027,10600,10.5714
025040107410003168d2a000a00000e2,2,2,15,322,276,672,534,1.0027,10572,10.5435
025040107410003168d2a000a00000e2,2,2,16,322,276,672,534,1.0027,10600,10.5714
025040107410003168d2a000a00000e2,2,2,17,322,276,672,534,1.0027,8847,8.82317
025040107410003168d2a000a00000e2,2,2,18,322,276,672,534,1.0027,10531,10.5026
025040107410003168d2a000a00000e2,2,2,19,322,276,672,534,1.0027,9836,9.80951
025040107410003168d2a000a00000e2,2,2,20,322,276,672,534,1.0027,10625,10.5964
025040107410003168d2a000a00000e2,2,2,21,322,276,672,534,1.0027,10638,10.6093
025040107410003168d2a000a00000e2,2,2,22,322,276,672,534,1.0027,10627,10.5984
025040107410003168d2a000a00000e2,2,2,23,322,276,672,534,1.0027,10633,10.6044
025040107410003168d2a000a00000e2,2,2,24,322,276,672,534,1.0027,10497,10.4687
025040107410003168d2a000a00000e2,2,2,25,322,276,672,534,1.0027,10463,10.4348
025040107410003168d2a000a00000e2,2,2,26,322,276,672,534,1.0027,10541,10.5126
025040107410003168d2a000a00000e2,2,2,27,322,276,672,534,1.0027,10594,10.5655
025040107410003168d2a000a00000e2,2,2,28,322,276,672,534,1.0027,10529,10.5006
025040107410003168d2a000a00000e2,2,2,29,322,276,672,534,1.0027,10626,10.5974
025040107410003168d2a000a00000e2,2,2,30,322,276,672,534,1.0027,10604,10.5754
025040107410003168d2a000a00000e2,2,2,31,322,276,672,534,1.0027,10661,10.6323
025040107410003168d2a000a00000e2,2,2,32,322,276,672,534,1.0027,10545,10.5166
025040107410003168d2a000a00000e2,2,2,33,322,276,672,534,1.0027,10629,10.6004
025040107410003168d2a000a00000e2,2,2,34,322,276,672,534,1.0027,10528,10.4996
025040107410003168d2a000a00000e2,2,2,35,322,276,672,534,1.0027,10620,10.5914
025040107410003168d2a000a00000e2,2,2,36,322,276,672,534,1.0027,10608,10.5794
025040107410003168d2a000a00000e2,2,2,37,322,276,672,534,1.0027,10631,10.6024
025040107410003168d2a000a00000e2,2,2,38,322,276,672,534,1.0027,10620,10.5914
025040107410003168d2a000a00000e2,2,2,39,322,276,672,534,1.0027,10617,10.5884
025040107410003168d2a000a00000e2,2,2,40,322,276,672,534,1.0027,10600,10.5714
025040107410003168d2a000a00000e2,2,2,41,322,276,672,534,1.0027,10573,10.5445
025040107410003168d2a000a00000e2,2,2,42,322,276,672,534,1.0027,10599,10.5705
025040107410003168d2a000a00000e2,2,2,43,322,276,672,534,1.0027,10625,10.5964
025040107410003168d2a000a00000e2,2,2,44,322,276,672,534,1.0027,176,0.175526
025040107410003168d2a000a00000e2,2,2,45,322,276,672,534,1.0027,5474,5.45926
025040107410003168d2a000a00000e2,2,2,46,322,276,672,534,1.0027,8697,8.67357
025040107410003168d2a000a00000e2,2,2,47,322,276,672,534,1.0027,128,0.127655
025040107410003168d2a000a00000e2,2,2,48,322,276,672,534,1.0027,10502,10.4737
025040107410003168d2a000a00000e2,2,2,49,322,276,672,534,1.0027,10163,10.1356
025040107410003168d2a000a00000e2,2,2,50,322,276,672,534,1.0027,9089,9.06452
025040107410003168d2a000a00000e2,2,2,51,322,276,672,534,1.0027,4968,4.95462
025040107410003168d2a000a00000e2,2,2,52,322,276,672,534,1.0027,319,0.318141
025040107410003168d2a000a00000e2,2,2,53,322,276,672,534,1.0027,10400,10.372
025040107410003168d2a000a00000e2,2,2,54,322,276,672,534,1.0027,304,0.303181
025040107410003168d2a000a00000e2,2,2,55,322,276,672,534,1.0027,221,0.220405
025040107410003168d2a000a00000e2,2,2,56,322,276,672,534,1.0027,10559,10.5306
025040107410003168d2a000a00000e2,2,2,57,322,276,672,534,1.0027,1994,1.98863
025040107410003168d2a000a00000e2,2,2,58,322,276,672,534,1.0027,2147,2.14122
025040107410003168d2a000a00000e2,2,2,59,322,276,672,534,1.0027,120,0.119677
025040107410003168d2a000a00000e2,2,2,60,322,276,672,534,1.0027,106,0.105714
025040107410003168d2a000a00000e2,2,2,61,322,276,672,534,1.0027,97,0.0967387
025040107410003168d2a000a00000e2,2,2,62,322,276,672,534,1.0027,65,0.0648249
025040107410003168d2a000a00000e2,2,2,63,322,276,672,534,1.0027,107,0.106712
025040107410003168d2a000a00000e2,2,2,0,322,276,673,535,1.00123,0,0
025040107410003168d2a000a00000e2,2,2,1,322,276,673,535,1.00123,67,0.0669179
025040107410003168d2a000a00000e2,2,2,2,322,276,673,535,1.00123,10400,10.3873
025040107410003168d2a000a00000e2,2,2,3,322,276,673,535,1.00123,10587,10.574
025040107410003168d2a000a00000e2,2,2,4,322,276,673,535,1.00123,1521,1.51914
025040107410003168d2a000a00000e2,2,2,5,322,276,673,535,1.00123,67,0.0669179
025040107410003168d2a000a00000e2,2,2,6,322,276,673,535,1.00123,632,0.631226
025040107410003168d2a000a00000e2,2,2,7,322,276,673,535,1.00123,86,0.0858947
025040107410003168d2a000a00000e2,2,2,8,322,276,673,535,1.00123,509,0.508377
025040107410003168d2a000a00000e2,2,2,9,322,276,673,535,1.00123,10588,10.575
025040107410003168d2a000a00000e2,2,2,10,322,276,673,535,1.00123,10591,10.578
025040107410003168d2a000a00000e2,2,2,11,322,276,673,535,1.00123,10580,10.567
025040107410003168d2a000a00000e2,2,2,12,322,276,673,535,1.00123,9712,9.70011
025040107410003168d2a000a00000e2,2,2,13,322,276,673,535,1.00123,10558,10.5451
025040107410003168d2a000a00000e2,2,2,14,322,276,673,535,1.00123,10588,10.575
025040107410003168d2a000a00000e2,2,2,15,322,276,673,535,1.00123,10519,10.5061
025040107410003168d2a000a00000e2,2,2,16,322,276,673,535,1.00123,10596,10.583
025040107410003168d2a000a00000e2,2,2,17,322,276,673,535,1.00123,5644,5.63709
025040107410003168d2a000a00000e2,2,2,18,322,276,673,535,1.00123,10460,10.4472
025040107410003168d2a000a00000e2,2,2,19,322,276,673,535,1.00123,7877,7.86735
025040107410003168d2a000a00000e2,2,2,20,322,276,673,535,1.00123,10613,10.6
025040107410003168d2a000a00000e2,2,2,21,322,276,673,535,1.00123,10629,10.616
025040107410003168d2a000a00000e2,2,2,22,322,276,673,535,1.00123,10618,10.605
025040107410003168d2a000a00000e2,2,2,23,322,276,673,535,1.00123,10622,10.609
025040107410003168d2a000a00000e2,2,2,24,322,276,673,535,1.00123,10390,10.3773
025040107410003168d2a000a00000e2,2,2,25,322,276,673,535,1.00123,10224,10.2115
025040107410003168d2a000a00000e2,2,2,26,322,276,673,535,1.00123,10485,10.4722
025040107410003168d2a000a00000e2,2,2,27,322,276,673,535,1.00123,10587,10.574
025040107410003168d2a000a00000e2,2,2,28,322,276,673,535,1.00123,10503,10.4901
025040107410003168d2a000a00000e2,2,2,29,322,276,673,535,1.00123,10620,10.607
025040107410003168d2a000a00000e2,2,2,30,322,276,673,535,1.00123,10599,10.586
025040107410003168d2a000a00000e2,2,2,31,322,276,673,535,1.00123,10668,10.6549
025040107410003168d2a000a00000e2,2,2,32,322,276,673,535,1.00123,10517,10.5041
025040107410003168d2a000a00000e2,2,2,33,322,276,673,535,1.00123,10618,10.605
025040107410003168d2a000a00000e2,2,2,34,322,276,673,535,1.00123,10467,10.4542
025040107410003168d2a000a00000e2,2,2,35,322,276,673,535,1.00123,10610,10.597
025040107410003168d2a000a00000e2,2,2,36,322,276,673,535,1.00123,10599,10.586
025040107410003168d2a000a00000e2,2,2,37,322,276,673,535,1.00123,10619,10.606
025040107410003168d2a000a00000e2,2,2,38,322,276,673,535,1.00123,10616,10.603
025040107410003168d2a000a00000e2,2,2,39,322,276,673,535,1.00123,10608,10.595
025040107410003168d2a000a00000e2,2,2,40,322,276,673,535,1.00123,10595,10.582
025040107410003168d2a000a00000e2,2,2,41,322,276,673,535,1.00123,10560,10.5471
025040107410003168d2a000a00000e2,2,2,42,322,276,673,535,1.00123,10591,10.578
025040107410003168d2a000a00000e2,2,2,43,322,276,673,535,1.00123,10612,10.599
025040107410003168d2a000a00000e2,2,2,44,322,276,673,535,1.00123,141,0.140827
025040107410003168d2a000a00000e2,2,2,45,322,276,673,535,1.00123,2208,2.2053
025040107410003168d2a000a00000e2,2,2,46,322,276,673,535,1.00123,5325,5.31848
025040107410003168d2a000a00000e2,2,2,47,322,276,673,535,1.00123,107,0.106869
025040107410003168d2a000a00000e2,2,2,48,322,276,673,535,1.00123,10453,10.4402
025040107410003168d2a000a00000e2,2,2,49,322,276,673,535,1.00123,8923,8.91207
025040107410003168d2a000a00000e2,2,2,50,322,276,673,535,1.00123,6021,6.01363
025040107410003168d2a000a00000e2,2,2,51,322,276,673,535,1.00123,1990,1.98756
025040107410003168d2a000a00000e2,2,2,52,322,276,673,535,1.00123,200,0.199755
025040107410003168d2a000a00000e2,2,2,53,322,276,673,535,1.00123,9906,9.89387
025040107410003168d2a000a00000e2,2,2,54,322,276,673,535,1.00123,187,0.186771
025040107410003168d2a000a00000e2,2,2,55,322,276,673,535,1.00123,150,0.149816
025040107410003168d2a000a00000e2,2,2,56,322,276,673,535,1.00123,10537,10.5241
025040107410003168d2a000a00000e2,2,2,57,322,276,673,535,1.00123,591,0.590276
025040107410003168d2a000a00000e2,2,2,58,322,276,673,535,1.00123,565,0.564308
025040107410003168d2a000a00000e2,2,2,59,322,276,673,535,1.00123,111,0.110864
025040107410003168d2a000a00000e2,2,2,60,322,276,673,535,1.00123,97,0.0968812
025040107410003168d2a000a00000e2,2,2,61,322,276,673,535,1.00123,90,0.0898898
025040107410003168d2a000a00000e2,2,2,62,322,276,673,535,1.00123,68,0.0679167
025040107410003168d2a000a00000e2,2,2,63,322,276,673,535,1.00123,92,0.0918873
025040107410003168d2a000a00000e2,2,2,0,322,276,674,536,1.00123,0,0
025040107410003168d2a000a00000e2,2,2,1,322,276,674,536,1.00123,57,0.0569302
025040107410003168d2a000a00000e2,2,2,2,322,276,674,536,1.00123,10197,10.1845
025040107410003168d2a000a00000e2,2,2,3,322,276,674,536,1.00123,10618,10.605
025040107410003168d2a000a00000e2,2,2,4,322,276,674,536,1.00123,525,0.524357
025040107410003168d2a000a00000e2,2,2,5,322,276,674,536,1.00123,57,0.0569302
025040107410003168d2a000a00000e2,2,2,6,322,276,674,536,1.00123,253,0.25269
025040107410003168d2a000a00000e2,2,2,7,322,276,674,536,1.00123,73,0.0729106
025040107410003168d2a000a00000e2,2,2,8,322,276,674,536,1.00123,208,0.207745
025040107410003168d2a000a00000e2,2,2,9,322,276,674,536,1.00123,10618,10.605
025040107410003168d2a000a00000e2,2,2,10,322,276,674,536,1.00123,10619,10.606
025040107410003168d2a000a00000e2,2,2,11,322,276,674,536,1.00123,10601,10.588
025040107410003168d2a000a00000e2,2,2,12,322,276,674,536,1.00123,7874,7.86436
025040107410003168d2a000a00000e2,2,2,13,322,276,674,536,1.00123,10589,10.576
025040107410003168d2a000a00000e2,2,2,14,322,276,674,536,1.00123,10622,10.609
025040107410003168d2a000a00000e2,2,2,15,322,276,674,536,1.00123,10526,10.5131
025040107410003168d2a000a00000e2,2,2,16,322,276,674,536,1.00123,10624,10.611
025040107410003168d2a000a00000e2,2,2,17,322,276,674,536,1.00123,2597,2.59382
025040107410003168d2a000a00000e2,2,2,18,322,276,674,536,1.00123,10341,10.3283
025040107410003168d2a000a00000e2,2,2,19,322,276,674,536,1.00123,4738,4.7322
025040107410003168d2a000a00000e2,2,2,20,322,276,674,536,1.00123,10644,10.631
025040107410003168d2a000a00000e2,2,2,21,322,276,674,536,1.00123,10658,10.6449
025040107410003168d2a000a00000e2,2,2,22,322,276,674,536,1.00123,10649,10.636
025040107410003168d2a000a00000e2,2,2,23,322,276,674,536,1.00123,10653,10.64
025040107410003168d2a000a00000e2,2,2,24,322,276,674,536,1.00123,10162,10.1496
025040107410003168d2a000a00000e2,2,2,25,322,276,674,536,1.00123,9534,9.52232
025040107410003168d2a000a00000e2,2,2,26,322,276,674,536,1.00123,10471,10.4582
025040107410003168d2a000a00000e2,2,2,27,322,276,674,536,1.00123,10615,10.602
025040107410003168d2a000a00000e2,2,2,28,322,276,674,536,1.00123,10505,10.4921
025040107410003168d2a000a00000e2,2,2,29,322,276,674,536,1.00123,10645,10.632
025040107410003168d2a000a00000e2,2,2,30,322,276,674,536,1.00123,10628,10.615
025040107410003168d2a000a00000e2,2,2,31,322,276,674,536,1.00123,10682,10.6689
025040107410003168d2a000a00000e2,2,2,32,322,276,674,536,1.00123,10533,10.5201
025040107410003168d2a000a00000e2,2,2,33,322,276,674,536,1.00123,10653,10.64
025040107410003168d2a000a00000e2,2,2,34,322,276,674,536,1.00123,10366,10.3533
025040107410003168d2a000a00000e2,2,2,35,322,276,674,536,1.00123,10645,10.632
025040107410003168d2a000a00000e2,2,2,36,322,276,674,536,1.00123,10629,10.616
025040107410003168d2a000a00000e2,2,2,37,322,276,674,536,1.00123,10648,10.635
025040107410003168d2a000a00000e2,2,2,38,322,276,674,536,1.00123,10648,10.635
025040107410003168d2a000a00000e2,2,2,39,322,276,674,536,1.00123,10639,10.626
025040107410003168d2a000a00000e2,2,2,40,322,276,674,536,1.00123,10624,10.611
025040107410003168d2a000a00000e2,2,2,41,322,276,674,536,1.00123,10576,10.563
025040107410003168d2a000a00000e2,2,2,42,322,276,674,536,1.00123,10621,10.608
025040107410003168d2a000a00000e2,2,2,43,322,276,674,536,1.00123,10645,10.632
025040107410003168d2a000a00000e2,2,2,44,322,276,674,536,1.00123,114,0.11386
025040107410003168d2a000a00000e2,2,2,45,322,276,674,536,1.00123,742,0.741091
025040107410003168d2a000a00000e2,2,2,46,322,276,674,536,1.00123,2512,2.50892
025040107410003168d2a000a00000e2,2,2,47,322,276,674,536,1.00123,91,0.0908885
025040107410003168d2a000a00000e2,2,2,48,322,276,674,536,1.00123,10355,10.3423
025040107410003168d2a000a00000e2,2,2,49,322,276,674,536,1.00123,6377,6.36919
025040107410003168d2a000a00000e2,2,2,50,322,276,674,536,1.00123,3076,3.07223
025040107410003168d2a000a00000e2,2,2,51,322,276,674,536,1.00123,718,0.717121
025040107410003168d2a000a00000e2,2,2,52,322,276,674,536,1.00123,148,0.147819
025040107410003168d2a000a00000e2,2,2,53,322,276,674,536,1.00123,8518,8.50757
025040107410003168d2a000a00000e2,2,2,54,322,276,674,536,1.00123,134,0.133836
025040107410003168d2a000a00000e2,2,2,55,322,276,674,536,1.00123,116,0.115858
025040107410003168d2a000a00000e2,2,2,56,322,276,674,536,1.00123,10554,10.5411
025040107410003168d2a000a00000e2,2,2,57,322,276,674,536,1.00123,253,0.25269
025040107410003168d2a000a00000e2,2,2,58,322,276,674,536,1.00123,246,0.245699
025040107410003168d2a000a00000e2,2,2,59,322,276,674,536,1.00123,87,0.0868934
025040107410003168d2a000a00000e2,2,2,60,322,276,674,536,1.00123,86,0.0858947
025040107410003168d2a000a00000e2,2,2,61,322,276,674,536,1.00123,73,0.0729106
025040107410003168d2a000a00000e2,2,2,62,322,276,674,536,1.00123,64,0.0639216
025040107410003168d2a000a00000e2,2,2,63,322,276,674,536,1.00123,79,0.0789032
025040107410003168d2a000a00000e2,2,2,0,322,276,675,537,1.00418,0,0
025040107410003168d2a000a00000e2,2,2,1,322,276,675,537,1.00418,51,0.0507879
025040107410003168d2a000a00000e2,2,2,2,322,276,675,537,1.00418,9835,9.79411
025040107410003168d2a000a00000e2,2,2,3,322,276,675,537,1.00418,10688,10.6436
025040107410003168d2a000a00000e2,2,2,4,322,276,675,537,1.00418,241,0.239998
025040107410003168d2a000a00000e2,2,2,5,322,276,675,537,1.00418,48,0.0478004
025040107410003168d2a000a00000e2,2,2,6,322,276,675,537,1.00418,169,0.168297
025040107410003168d2a000a00000e2,2,2,7,322,276,675,537,1.00418,55,0.0547713
025040107410003168d2a000a00000e2,2,2,8,322,276,675,537,1.00418,150,0.149376
025040107410003168d2a000a00000e2,2,2,9,322,276,675,537,1.00418,10686,10.6416
025040107410003168d2a000a00000e2,2,2,10,322,276,675,537,1.00418,10704,10.6595
025040107410003168d2a000a00000e2,2,2,11,322,276,675,537,1.00418,10675,10.6306
025040107410003168d2a000a00000e2,2,2,12,322,276,675,537,1.00418,4584,4.56494
025040107410003168d2a000a00000e2,2,2,13,322,276,675,537,1.00418,10617,10.5729
025040107410003168d2a000a00000e2,2,2,14,322,276,675,537,1.00418,10706,10.6615
025040107410003168d2a000a00000e2,2,2,15,322,276,675,537,1.00418,10454,10.4105
025040107410003168d2a000a00000e2,2,2,16,322,276,675,537,1.00418,10713,10.6685
025040107410003168d2a000a00000e2,2,2,17,322,276,675,537,1.00418,809,0.805636
025040107410003168d2a000a00000e2,2,2,18,322,276,675,537,1.00418,9857,9.81601
025040107410003168d2a000a00000e2,2,2,19,322,276,675,537,1.00418,1894,1.88612
025040107410003168d2a000a00000e2,2,2,20,322,276,675,537,1.00418,10739,10.6943
025040107410003168d2a000a00000e2,2,2,21,322,276,675,537,1.00418,10762,10.7173
025040107410003168d2a000a00000e2,2,2,22,322,276,675,537,1.00418,10747,10.7023
025040107410003168d2a000a00000e2,2,2,23,322,276,675,537,1.00418,10754,10.7093
025040107410003168d2a000a00000e2,2,2,24,322,276,675,537,1.00418,9233,9.19461
025040107410003168d2a000a00000e2,2,2,25,322,276,675,537,1.00418,7329,7.29853
025040107410003168d2a000a00000e2,2,2,26,322,276,675,537,1.00418,10351,10.308
025040107410003168d2a000a00000e2,2,2,27,322,276,675,537,1.00418,10694,10.6495
025040107410003168d2a000a00000e2,2,2,28,322,276,675,537,1.00418,10435,10.3916
025040107410003168d2a000a00000e2,2,2,29,322,276,675,537,1.00418,10748,10.7033
025040107410003168d2a000a00000e2,2,2,30,322,276,675,537,1.00418,10712,10.6675
025040107410003168d2a000a00000e2,2,2,31,322,276,675,537,1.00418,10791,10.7461
025040107410003168d2a000a00000e2,2,2,32,322,276,675,537,1.00418,10502,10.4583
025040107410003168d2a000a00000e2,2,2,33,322,276,675,537,1.00418,10752,10.7073
025040107410003168d2a000a00000e2,2,2,34,322,276,675,537,1.00418,9926,9.88473
025040107410003168d2a000a00000e2,2,2,35,322,276,675,537,1.00418,10733,10.6884
025040107410003168d2a000a00000e2,2,2,36,322,276,675,537,1.00418,10719,10.6744
025040107410003168d2a000a00000e2,2,2,37,322,276,675,537,1.00418,10749,10.7043
025040107410003168d2a000a00000e2,2,2,38,322,276,675,537,1.00418,10742,10.6973
025040107410003168d2a000a00000e2,2,2,39,322,276,675,537,1.00418,10738,10.6934
025040107410003168d2a000a00000e2,2,2,40,322,276,675,537,1.00418,10708,10.6635
025040107410003168d2a000a00000e2,2,2,41,322,276,675,537,1.00418,10615,10.5709
025040107410003168d2a000a00000e2,2,2,42,322,276,675,537,1.00418,10706,10.6615
025040107410003168d2a000a00000e2,2,2,43,322,276,675,537,1.00418,10737,10.6924
025040107410003168d2a000a00000e2,2,2,44,322,276,675,537,1.00418,110,0.109543
025040107410003168d2a000a00000e2,2,2,45,322,276,675,537,1.00418,258,0.256927
025040107410003168d2a000a00000e2,2,2,46,322,276,675,537,1.00418,813,0.80962
025040107410003168d2a000a00000e2,2,2,47,322,276,675,537,1.00418,78,0.0776757
025040107410003168d2a000a00000e2,2,2,48,322,276,675,537,1.00418,9894,9.85286
025040107410003168d2a000a00000e2,2,2,49,322,276,675,537,1.00418,3192,3.17873
025040107410003168d2a000a00000e2,2,2,50,322,276,675,537,1.00418,1137,1.13227
025040107410003168d2a000a00000e2,2,2,51,322,276,675,537,1.00418,297,0.295765
025040107410003168d2a000a00000e2,2,2,52,322,276,675,537,1.00418,131,0.130455
025040107410003168d2a000a00000e2,2,2,53,322,276,675,537,1.00418,5661,5.63746
025040107410003168d2a000a00000e2,2,2,54,322,276,675,537,1.00418,116,0.115518
025040107410003168d2a000a00000e2,2,2,55,322,276,675,537,1.00418,105,0.104563
025040107410003168d2a000a00000e2,2,2,56,322,276,675,537,1.00418,10566,10.5221
025040107410003168d2a000a00000e2,2,2,57,322,276,675,537,1.00418,163,0.162322
025040107410003168d2a000a00000e2,2,2,58,322,276,675,537,1.00418,159,0.158339
025040107410003168d2a000a00000e2,2,2,59,322,276,675,537,1.00418,84,0.0836507
025040107410003168d2a000a00000e2,2,2,60,322,276,675,537,1.00418,73,0.0726965
025040107410003168d2a000a00000e2,2,2,61,322,276,675,537,1.00418,58,0.0577588
025040107410003168d2a000a00000e2,2,2,62,322,276,675,537,1.00418,54,0.0537755
025040107410003168d2a000a00000e2,2,2,63,322,276,675,537,1.00418,62,0.0617422
025040107410003168d2a000a00000e2,2,2,0,322,276,676,538,1.00418,0,0
025040107410003168d2a000a00000e2,2,2,1,322,276,676,538,1.00418,54,0.0537755
025040107410003168d2a000a00000e2,2,2,2,322,276,676,538,1.00418,9148,9.10996
025040107410003168d2a000a00000e2,2,2,3,322,276,676,538,1.00418,10569,10.5251
025040107410003168d2a000a00000e2,2,2,4,322,276,676,538,1.00418,176,0.175268
025040107410003168d2a000a00000e2,2,2,5,322,276,676,538,1.00418,54,0.0537755
025040107410003168d2a000a00000e2,2,2,6,322,276,676,538,1.00418,151,0.150372
025040107410003168d2a000a00000e2,2,2,7,322,276,676,538,1.00418,66,0.0657256
025040107410003168d2a000a00000e2,2,2,8,322,276,676,538,1.00418,130,0.129459
025040107410003168d2a000a00000e2,2,2,9,322,276,676,538,1.00418,10567,10.5231
025040107410003168d2a000a00000e2,2,2,10,322,276,676,538,1.00418,10597,10.5529
025040107410003168d2a000a00000e2,2,2,11,322,276,676,538,1.00418,10518,10.4743
025040107410003168d2a000a00000e2,2,2,12,322,276,676,538,1.00418,1656,1.64911
025040107410003168d2a000a00000e2,2,2,13,322,276,676,538,1.00418,10383,10.3398
025040107410003168d2a000a00000e2,2,2,14,322,276,676,538,1.00418,10609,10.5649
025040107410003168d2a000a00000e2,2,2,15,322,276,676,538,1.00418,9632,9.59195
025040107410003168d2a000a00000e2,2,2,16,322,276,676,538,1.00418,10626,10.5818
025040107410003168d2a000a00000e2,2,2,17,322,276,676,538,1.00418,325,0.323649
025040107410003168d2a000a00000e2,2,2,18,322,276,676,538,1.00418,7737,7.70483
025040107410003168d2a000a00000e2,2,2,19,322,276,676,538,1.00418,569,0.566634
025040107410003168d2a000a00000e2,2,2,20,322,276,676,538,1.00418,10658,10.6137
025040107410003168d2a000a00000e2,2,2,21,322,276,676,538,1.00418,10682,10.6376
025040107410003168d2a000a00000e2,2,2,22,322,276,676,538,1.00418,10669,10.6246
025040107410003168d2a000a00000e2,2,2,23,322,276,676,538,1.00418,10673,10.6286
025040107410003168d2a000a00000e2,2,2,24,322,276,676,538,1.00418,6344,6.31762
025040107410003168d2a000a00000e2,2,2,25,322,276,676,538,1.00418,3760,3.74437
025040107410003168d2a000a00000e2,2,2,26,322,276,676,538,1.00418,9122,9.08407
025040107410003168d2a000a00000e2,2,2,27,322,276,676,538,1.00418,10607,10.5629
025040107410003168d2a000a00000e2,2,2,28,322,276,676,538,1.00418,9732,9.69153
025040107410003168d2a000a00000e2,2,2,29,322,276,676,538,1.00418,10665,10.6207
025040107410003168d2a000a00000e2,2,2,30,322,276,676,538,1.00418,10628,10.5838
025040107410003168d2a000a00000e2,2,2,31,322,276,676,538,1.00418,10705,10.6605
025040107410003168d2a000a00000e2,2,2,32,322,276,676,538,1.00418,9931,9.88971
025040107410003168d2a000a00000e2,2,2,33,322,276,676,538,1.00418,10666,10.6217
025040107410003168d2a000a00000e2,2,2,34,322,276,676,538,1.00418,7999,7.96574
025040107410003168d2a000a00000e2,2,2,35,322,276,676,538,1.00418,10652,10.6077
025040107410003168d2a000a00000e2,2,2,36,322,276,676,538,1.00418,10640,10.5958
025040107410003168d2a000a00000e2,2,2,37,322,276,676,538,1.00418,10669,10.6246
025040107410003168d2a000a00000e2,2,2,38,322,276,676,538,1.00418,10663,10.6187
025040107410003168d2a000a00000e2,2,2,39,322,276,676,538,1.00418,10656,10.6117
025040107410003168d2a000a00000e2,2,2,40,322,276,676,538,1.00418,10631,10.5868
025040107410003168d2a000a00000e2,2,2,41,322,276,676,538,1.00418,10313,10.2701
025040107410003168d2a000a00000e2,2,2,42,322,276,676,538,1.00418,10617,10.5729
025040107410003168d2a000a00000e2,2,2,43,322,276,676,538,1.00418,10657,10.6127
025040107410003168d2a000a00000e2,2,2,44,322,276,676,538,1.00418,114,0.113526
025040107410003168d2a000a00000e2,2,2,45,322,276,676,538,1.00418,176,0.175268
025040107410003168d2a000a00000e2,2,2,46,322,276,676,538,1.00418,326,0.324644
025040107410003168d2a000a00000e2,2,2,47,322,276,676,538,1.00418,82,0.081659
025040107410003168d2a000a00000e2,2,2,48,322,276,676,538,1.00418,7930,7.89703
025040107410003168d2a000a00000e2,2,2,49,322,276,676,538,1.00418,974,0.96995
025040107410003168d2a000a00000e2,2,2,50,322,276,676,538,1.00418,388,0.386387
025040107410003168d2a000a00000e2,2,2,51,322,276,676,538,1.00418,199,0.198173
025040107410003168d2a000a00000e2,2,2,52,322,276,676,538,1.00418,135,0.134439
025040107410003168d2a000a00000e2,2,2,53,322,276,676,538,1.00418,2363,2.35317
025040107410003168d2a000a00000e2,2,2,54,322,276,676,538,1.00418,118,0.117509
025040107410003168d2a000a00000e2,2,2,55,322,276,676,538,1.00418,109,0.108547
025040107410003168d2a000a00000e2,2,2,56,322,276,676,538,1.00418,10180,10.1377
025040107410003168d2a000a00000e2,2,2,57,322,276,676,538,1.00418,137,0.13643
025040107410003168d2a000a00000e2,2,2,58,322,276,676,538,1.00418,143,0.142405
025040107410003168d2a000a00000e2,2,2,59,322,276,676,538,1.00418,89,0.0886299
025040107410003168d2a000a00000e2,2,2,60,322,276,676,538,1.00418,87,0.0866383
025040107410003168d2a000a00000e2,2,2,61,322,276,676,538,1.00418,66,0.0657256
025040107410003168d2a000a00000e2,2,2,62,322,276,676,538,1.00418,60,0.0597505
025040107410003168d2a000a00000e2,2,2,63,322,276,676,538,1.00418,72,0.0717006
025040107410003168d2a000a00000e2,2,2,0,322,276,677,538,1.0027,0,0
025040107410003168d2a000a00000e2,2,2,1,322,276,677,538,1.0027,62,0.061833
025040107410003168d2a000a00000e2,2,2,2,322,276,677,538,1.0027,8122,8.10012
025040107410003168d2a000a00000e2,2,2,3,322,276,677,538,1.0027,10429,10.4009
025040107410003168d2a000a00000e2,2,2,4,322,276,677,538,1.0027,146,0.145607
025040107410003168d2a000a00000e2,2,2,5,322,276,677,538,1.0027,60,0.0598384
025040107410003168d2a000a00000e2,2,2,6,322,276,677,538,1.0027,133,0.132642
025040107410003168d2a000a00000e2,2,2,7,322,276,677,538,1.0027,68,0.0678168
025040107410003168d2a000a00000e2,2,2,8,322,276,677,538,1.0027,112,0.111698
025040107410003168d2a000a00000e2,2,2,9,322,276,677,538,1.0027,10424,10.3959
025040107410003168d2a000a00000e2,2,2,10,322,276,677,538,1.0027,10505,10.4767
025040107410003168d2a000a00000e2,2,2,11,322,276,677,538,1.0027,10315,10.2872
025040107410003168d2a000a00000e2,2,2,12,322,276,677,538,1.0027,490,0.48868
025040107410003168d2a000a00000e2,2,2,13,322,276,677,538,1.0027,9702,9.67587
025040107410003168d2a000a00000e2,2,2,14,322,276,677,538,1.0027,10531,10.5026
025040107410003168d2a000a00000e2,2,2,15,322,276,677,538,1.0027,7289,7.26937
025040107410003168d2a000a00000e2,2,2,16,322,276,677,538,1.0027,10559,10.5306
025040107410003168d2a000a00000e2,2,2,17,322,276,677,538,1.0027,205,0.204448
025040107410003168d2a000a00000e2,2,2,18,322,276,677,538,1.0027,4127,4.11588
025040107410003168d2a000a00000e2,2,2,19,322,276,677,538,1.0027,270,0.269273
025040107410003168d2a000a00000e2,2,2,20,322,276,677,538,1.0027,10585,10.5565
025040107410003168d2a000a00000e2,2,2,21,322,276,677,538,1.0027,10616,10.5874
025040107410003168d2a000a00000e2,2,2,22,322,276,677,538,1.0027,10600,10.5714
025040107410003168d2a000a00000e2,2,2,23,322,276,677,538,1.0027,10608,10.5794
025040107410003168d2a000a00000e2,2,2,24,322,276,677,538,1.0027,2860,2.8523
025040107410003168d2a000a00000e2,2,2,25,322,276,677,538,1.0027,1167,1.16386
025040107410003168d2a000a00000e2,2,2,26,322,276,677,538,1.0027,6318,6.30098
025040107410003168d2a000a00000e2,2,2,27,322,276,677,538,1.0027,10519,10.4907
025040107410003168d2a000a00000e2,2,2,28,322,276,677,538,1.0027,7812,7.79096
025040107410003168d2a000a00000e2,2,2,29,322,276,677,538,1.0027,10599,10.5705
025040107410003168d2a000a00000e2,2,2,30,322,276,677,538,1.0027,10547,10.5186
025040107410003168d2a000a00000e2,2,2,31,322,276,677,538,1.0027,10650,10.6213
025040107410003168d2a000a00000e2,2,2,32,322,276,677,538,1.0027,8256,8.23376
025040107410003168d2a000a00000e2,2,2,33,322,276,677,538,1.0027,10598,10.5695
025040107410003168d2a000a00000e2,2,2,34,322,276,677,538,1.0027,4848,4.83494
025040107410003168d2a000a00000e2,2,2,35,322,276,677,538,1.0027,10583,10.5545
025040107410003168d2a000a00000e2,2,2,36,322,276,677,538,1.0027,10558,10.5296
025040107410003168d2a000a00000e2,2,2,37,322,276,677,538,1.0027,10597,10.5685
025040107410003168d2a000a00000e2,2,2,38,322,276,677,538,1.0027,10594,10.5655
025040107410003168d2a000a00000e2,2,2,39,322,276,677,538,1.0027,10585,10.5565
025040107410003168d2a000a00000e2,2,2,40,322,276,677,538,1.0027,10556,10.5276
025040107410003168d2a000a00000e2,2,2,41,322,276,677,538,1.0027,9596,9.57015
025040107410003168d2a000a00000e2,2,2,42,322,276,677,538,1.0027,10539,10.5106
025040107410003168d2a000a00000e2,2,2,43,322,276,677,538,1.0027,10587,10.5585
025040107410003168d2a000a00000e2,2,2,44,322,276,677,538,1.0027,109,0.108706
025040107410003168d2a000a00000e2,2,2,45,322,276,677,538,1.0027,147,0.146604
025040107410003168d2a000a00000e2,2,2,46,322,276,677,538,1.0027,209,0.208437
025040107410003168d2a000a00000e2,2,2,47,322,276,677,538,1.0027,74,0.0738007
025040107410003168d2a000a00000e2,2,2,48,322,276,677,538,1.0027,4689,4.67637
025040107410003168d2a000a00000e2,2,2,49,322,276,677,538,1.0027,347,0.346065
025040107410003168d2a000a00000e2,2,2,50,322,276,677,538,1.0027,233,0.232372
025040107410003168d2a000a00000e2,2,2,51,322,276,677,538,1.0027,166,0.165553
025040107410003168d2a000a00000e2,2,2,52,322,276,677,538,1.0027,126,0.125661
025040107410003168d2a000a00000e2,2,2,53,322,276,677,538,1.0027,759,0.756956
025040107410003168d2a000a00000e2,2,2,54,322,276,677,538,1.0027,114,0.113693
025040107410003168d2a000a00000e2,2,2,55,322,276,677,538,1.0027,101,0.100728
025040107410003168d2a000a00000e2,2,2,56,322,276,677,538,1.0027,9026,9.00169
025040107410003168d2a000a00000e2,2,2,57,322,276,677,538,1.0027,114,0.113693
025040107410003168d2a000a00000e2,2,2,58,322,276,677,538,1.0027,120,0.119677
025040107410003168d2a000a00000e2,2,2,59,322,276,677,538,1.0027,79,0.0787872
025040107410003168d2a000a00000e2,2,2,60,322,276,677,538,1.0027,77,0.0767926
025040107410003168d2a000a00000e2,2,2,61,322,276,677,538,1.0027,67,0.0668195
025040107410003168d2a000a00000e2,2,2,62,322,276,677,538,1.0027,71,0.0708088
025040107410003168d2a000a00000e2,2,2,63,322,276,677,538,1.0027,70,0.0698115
025040107410003168d2a000a00000e2,2,2,0,322,276,678,539,1.00123,0,0
025040107410003168d2a000a00000e2,2,2,1,322,276,678,539,1.00123,54,0.0539339
025040107410003168d2a000a00000e2,2,2,2,322,276,678,539,1.00123,6860,6.8516
025040107410003168d2a000a00000e2,2,2,3,322,276,678,539,1.00123,10068,10.0557
025040107410003168d2a000a00000e2,2,2,4,322,276,678,539,1.00123,117,0.116857
025040107410003168d2a000a00000e2,2,2,5,322,276,678,539,1.00123,53,0.0529351
025040107410003168d2a000a00000e2,2,2,6,322,276,678,539,1.00123,108,0.107868
025040107410003168d2a000a00000e2,2,2,7,322,276,678,539,1.00123,62,0.0619241
025040107410003168d2a000a00000e2,2,2,8,322,276,678,539,1.00123,87,0.0868934
025040107410003168d2a000a00000e2,2,2,9,322,276,678,539,1.00123,10028,10.0157
025040107410003168d2a000a00000e2,2,2,10,322,276,678,539,1.00123,10411,10.3982
025040107410003168d2a000a00000e2,2,2,11,322,276,678,539,1.00123,9640,9.62819
025040107410003168d2a000a00000e2,2,2,12,322,276,678,539,1.00123,256,0.255686
025040107410003168d2a000a00000e2,2,2,13,322,276,678,539,1.00123,7661,7.65162
025040107410003168d2a000a00000e2,2,2,14,322,276,678,539,1.00123,10500,10.4871
025040107410003168d2a000a00000e2,2,2,15,322,276,678,539,1.00123,3834,3.8293
025040107410003168d2a000a00000e2,2,2,16,322,276,678,539,1.00123,10552,10.5391
025040107410003168d2a000a00000e2,2,2,17,322,276,678,539,1.00123,145,0.144822
025040107410003168d2a000a00000e2,2,2,18,322,276,678,539,1.00123,1506,1.50416
025040107410003168d2a000a00000e2,2,2,19,322,276,678,539,1.00123,170,0.169792
025040107410003168d2a000a00000e2,2,2,20,322,276,678,539,1.00123,10601,10.588
025040107410003168d2a000a00000e2,2,2,21,322,276,678,539,1.00123,10629,10.616
025040107410003168d2a000a00000e2,2,2,22,322,276,678,539,1.00123,10613,10.6
025040107410003168d2a000a00000e2,2,2,23,322,276,678,539,1.00123,10625,10.612
025040107410003168d2a000a00000e2,2,2,24,322,276,678,539,1.00123,994,0.992783
025040107410003168d2a000a00000e2,2,2,25,322,276,678,539,1.00123,400,0.39951
025040107410003168d2a000a00000e2,2,2,26,322,276,678,539,1.00123,2846,2.84251
025040107410003168d2a000a00000e2,2,2,27,322,276,678,539,1.00123,10469,10.4562
025040107410003168d2a000a00000e2,2,2,28,322,276,678,539,1.00123,4401,4.39561
025040107410003168d2a000a00000e2,2,2,29,322,276,678,539,1.00123,10611,10.598
025040107410003168d2a000a00000e2,2,2,30,322,276,678,539,1.00123,10549,10.5361
025040107410003168d2a000a00000e2,2,2,31,322,276,678,539,1.00123,10677,10.6639
025040107410003168d2a000a00000e2,2,2,32,322,276,678,539,1.00123,5030,5.02384
025040107410003168d2a000a00000e2,2,2,33,322,276,678,539,1.00123,10610,10.597
025040107410003168d2a000a00000e2,2,2,34,322,276,678,539,1.00123,1868,1.86571
025040107410003168d2a000a00000e2,2,2,35,322,276,678,539,1.00123,10597,10.584
025040107410003168d2a000a00000e2,2,2,36,322,276,678,539,1.00123,10577,10.564
025040107410003168d2a000a00000e2,2,2,37,322,276,678,539,1.00123,10608,10.595
025040107410003168d2a000a00000e2,2,2,38,322,276,678,539,1.00123,10607,10.594
025040107410003168d2a000a00000e2,2,2,39,322,276,678,539,1.00123,10597,10.584
025040107410003168d2a000a00000e2,2,2,40,322,276,678,539,1.00123,10567,10.5541
025040107410003168d2a000a00000e2,2,2,41,322,276,678,539,1.00123,7407,7.39793
025040107410003168d2a000a00000e2,2,2,42,322,276,678,539,1.00123,10536,10.5231
025040107410003168d2a000a00000e2,2,2,43,322,276,678,539,1.00123,10597,10.584
025040107410003168d2a000a00000e2,2,2,44,322,276,678,539,1.00123,90,0.0898898
025040107410003168d2a000a00000e2,2,2,45,322,276,678,539,1.00123,115,0.114859
025040107410003168d2a000a00000e2,2,2,46,322,276,678,539,1.00123,157,0.156808
025040107410003168d2a000a00000e2,2,2,47,322,276,678,539,1.00123,66,0.0659192
025040107410003168d2a000a00000e2,2,2,48,322,276,678,539,1.00123,1818,1.81577
025040107410003168d2a000a00000e2,2,2,49,322,276,678,539,1.00123,191,0.190766
025040107410003168d2a000a00000e2,2,2,50,322,276,678,539,1.00123,173,0.172788
025040107410003168d2a000a00000e2,2,2,51,322,276,678,539,1.00123,128,0.127843
025040107410003168d2a000a00000e2,2,2,52,322,276,678,539,1.00123,111,0.110864
025040107410003168d2a000a00000e2,2,2,53,322,276,678,539,1.00123,287,0.286649
025040107410003168d2a000a00000e2,2,2,54,322,276,678,539,1.00123,94,0.0938849
025040107410003168d2a000a00000e2,2,2,55,322,276,678,539,1.00123,85,0.0848959
025040107410003168d2a000a00000e2,2,2,56,322,276,678,539,1.00123,6472,6.46407
025040107410003168d2a000a00000e2,2,2,57,322,276,678,539,1.00123,97,0.0968812
025040107410003168d2a000a00000e2,2,2,58,322,276,678,539,1.00123,101,0.100876
025040107410003168d2a000a00000e2,2,2,59,322,276,678,539,1.00123,70,0.0699143
025040107410003168d2a000a00000e2,2,2,60,322,276,678,539,1.00123,73,0.0729106
025040107410003168d2a000a00000e2,2,2,61,322,276,678,539,1.00123,59,0.0589277
025040107410003168d2a000a00000e2,2,2,62,322,276,678,539,1.00123,60,0.0599265
025040107410003168d2a000a00000e2,2,2,63,322,276,678,539,1.00123,59,0.0589277
025040107410003168d2a000a00000e2,2,2,0,322,276,679,540,1.00418,0,0
025040107410003168d2a000a00000e2,2,2,1,322,276,679,540,1.00418,53,0.0527796
025040107410003168d2a000a00000e2,2,2,2,322,276,679,540,1.00418,5596,5.57273
025040107410003168d2a000a00000e2,2,2,3,322,276,679,540,1.00418,8765,8.72856
025040107410003168d2a000a00000e2,2,2,4,322,276,679,540,1.00418,104,0.103568
025040107410003168d2a000a00000e2,2,2,5,322,276,679,540,1.00418,53,0.0527796
025040107410003168d2a000a00000e2,2,2,6,322,276,679,540,1.00418,99,0.0985884
025040107410003168d2a000a00000e2,2,2,7,322,276,679,540,1.00418,66,0.0657256
025040107410003168d2a000a00000e2,2,2,8,322,276,679,540,1.00418,86,0.0856424
025040107410003168d2a000a00000e2,2,2,9,322,276,679,540,1.00418,8752,8.71561
025040107410003168d2a000a00000e2,2,2,10,322,276,679,540,1.00418,10112,10.07
025040107410003168d2a000a00000e2,2,2,11,322,276,679,540,1.00418,7631,7.59927
025040107410003168d2a000a00000e2,2,2,12,322,276,679,540,1.00418,183,0.182239
025040107410003168d2a000a00000e2,2,2,13,322,276,679,540,1.00418,4180,4.16262
025040107410003168d2a000a00000e2,2,2,14,322,276,679,540,1.00418,10486,10.4424
025040107410003168d2a000a00000e2,2,2,15,322,276,679,540,1.00418,1312,1.30654
025040107410003168d2a000a00000e2,2,2,16,322,276,679,540,1.00418,10595,10.5509
025040107410003168d2a000a00000e2,2,2,17,322,276,679,540,1.00418,126,0.125476
025040107410003168d2a000a00000e2,2,2,18,322,276,679,540,1.00418,485,0.482983
025040107410003168d2a000a00000e2,2,2,19,322,276,679,540,1.00418,151,0.150372
025040107410003168d2a000a00000e2,2,2,20,322,276,679,540,1.00418,10682,10.6376
025040107410003168d2a000a00000e2,2,2,21,322,276,679,540,1.00418,10714,10.6695
025040107410003168d2a000a00000e2,2,2,22,322,276,679,540,1.00418,10695,10.6505
025040107410003168d2a000a00000e2,2,2,23,322,276,679,540,1.00418,10703,10.6585
025040107410003168d2a000a00000e2,2,2,24,322,276,679,540,1.00418,362,0.360495
025040107410003168d2a000a00000e2,2,2,25,322,276,679,540,1.00418,222,0.221077
025040107410003168d2a000a00000e2,2,2,26,322,276,679,540,1.00418,974,0.96995
025040107410003168d2a000a00000e2,2,2,27,322,276,679,540,1.00418,10399,10.3558
025040107410003168d2a000a00000e2,2,2,28,322,276,679,540,1.00418,1723,1.71584
025040107410003168d2a000a00000e2,2,2,29,322,276,679,540,1.00418,10692,10.6475
025040107410003168d2a000a00000e2,2,2,30,322,276,679,540,1.00418,10586,10.542
025040107410003168d2a000a00000e2,2,2,31,322,276,679,540,1.00418,10761,10.7163
025040107410003168d2a000a00000e2,2,2,32,322,276,679,540,1.00418,2027,2.01857
025040107410003168d2a000a00000e2,2,2,33,322,276,679,540,1.00418,10691,10.6465
025040107410003168d2a000a00000e2,2,2,34,322,276,679,540,1.00418,596,0.593522
025040107410003168d2a000a00000e2,2,2,35,322,276,679,540,1.00418,10667,10.6226
025040107410003168d2a000a00000e2,2,2,36,322,276,679,540,1.00418,10639,10.5948
025040107410003168d2a000a00000e2,2,2,37,322,276,679,540,1.00418,10687,10.6426
025040107410003168d2a000a00000e2,2,2,38,322,276,679,540,1.00418,10690,10.6456
025040107410003168d2a000a00000e2,2,2,39,322,276,679,540,1.00418,10681,10.6366
025040107410003168d2a000a00000e2,2,2,40,322,276,679,540,1.00418,10618,10.5739
025040107410003168d2a000a00000e2,2,2,41,322,276,679,540,1.00418,4233,4.2154
025040107410003168d2a000a00000e2,2,2,42,322,276,679,540,1.00418,10576,10.532
025040107410003168d2a000a00000e2,2,2,43,322,276,679,540,1.00418,10673,10.6286
025040107410003168d2a000a00000e2,2,2,44,322,276,679,540,1.00418,98,0.0975925
025040107410003168d2a000a00000e2,2,2,45,322,276,679,540,1.00418,108,0.107551
025040107410003168d2a000a00000e2,2,2,46,322,276,679,540,1.00418,136,0.135435
025040107410003168d2a000a00000e2,2,2,47,322,276,679,540,1.00418,72,0.0717006
025040107410003168d2a000a00000e2,2,2,48,322,276,679,540,1.00418,580,0.577588
025040107410003168d2a000a00000e2,2,2,49,322,276,679,540,1.00418,155,0.154356
025040107410003168d2a000a00000e2,2,2,50,322,276,679,540,1.00418,155,0.154356
025040107410003168d2a000a00000e2,2,2,51,322,276,679,540,1.00418,107,0.106555
025040107410003168d2a000a00000e2,2,2,52,322,276,679,540,1.00418,108,0.107551
025040107410003168d2a000a00000e2,2,2,53,322,276,679,540,1.00418,179,0.178256
025040107410003168d2a000a00000e2,2,2,54,322,276,679,540,1.00418,96,0.0956008
025040107410003168d2a000a00000e2,2,2,55,322,276,679,540,1.00418,87,0.0866383
025040107410003168d2a000a00000e2,2,2,56,322,276,679,540,1.00418,3254,3.24047
025040107410003168d2a000a00000e2,2,2,57,322,276,679,540,1.00418,93,0.0926133
025040107410003168d2a000a00000e2,2,2,58,322,276,679,540,1.00418,97,0.0965967
025040107410003168d2a000a00000e2,2,2,59,322,276,679,540,1.00418,74,0.0736923
025040107410003168d2a000a00000e2,2,2,60,322,276,679,540,1.00418,75,0.0746882
025040107410003168d2a000a00000e2,2,2,61,322,276,679,540,1.00418,64,0.0637339
025040107410003168d2a000a00000e2,2,2,62,322,276,679,540,1.00418,64,0.0637339
025040107410003168d2a000a00000e2,2,2,63,322,276,679,540,1.00418,67,0.0667214
025040107410003168d2a000a00000e2,2,2,0,322,276,680,541,1.00565,0,0
025040107410003168d2a000a00000e2,2,2,1,322,276,680,541,1.00565,51,0.0507135
025040107410003168d2a000a00000e2,2,2,2,322,276,680,541,1.00565,4066,4.04316
025040107410003168d2a000a00000e2,2,2,3,322,276,680,541,1.00565,5342,5.31199
025040107410003168d2a000a00000e2,2,2,4,322,276,680,541,1.00565,96,0.0954607
025040107410003168d2a000a00000e2,2,2,5,322,276,680,541,1.00565,51,0.0507135
025040107410003168d2a000a00000e2,2,2,6,322,276,680,541,1.00565,92,0.0914831
025040107410003168d2a000a00000e2,2,2,7,322,276,680,541,1.00565,65,0.0646348
025040107410003168d2a000a00000e2,2,2,8,322,276,680,541,1.00565,78,0.0775618
025040107410003168d2a000a00000e2,2,2,9,322,276,680,541,1.00565,5255,5.22548
025040107410003168d2a000a00000e2,2,2,10,322,276,680,541,1.00565,8382,8.33491
025040107410003168d2a000a00000e2,2,2,11,322,276,680,541,1.00565,3750,3.72893
025040107410003168d2a000a00000e2,2,2,12,322,276,680,541,1.00565,136,0.135236
025040107410003168d2a000a00000e2,2,2,13,322,276,680,541,1.00565,1310,1.30264
025040107410003168d2a000a00000e2,2,2,14,322,276,680,541,1.00565,9911,9.85532
025040107410003168d2a000a00000e2,2,2,15,322,276,680,541,1.00565,405,0.402725
025040107410003168d2a000a00000e2,2,2,16,322,276,680,541,1.00565,10363,10.3048
025040107410003168d2a000a00000e2,2,2,17,322,276,680,541,1.00565,111,0.110376
025040107410003168d2a000a00000e2,2,2,18,322,276,680,541,1.00565,232,0.230697
025040107410003168d2a000a00000e2,2,2,19,322,276,680,541,1.00565,121,0.12032
025040107410003168d2a000a00000e2,2,2,20,322,276,680,541,1.00565,10674,10.614
025040107410003168d2a000a00000e2,2,2,21,322,276,680,541,1.00565,10714,10.6538
025040107410003168d2a000a00000e2,2,2,22,322,276,680,541,1.00565,10700,10.6399
025040107410003168d2a000a00000e2,2,2,23,322,276,680,541,1.00565,10719,10.6588
025040107410003168d2a000a00000e2,2,2,24,322,276,680,541,1.00565,209,0.207826
025040107410003168d2a000a00000e2,2,2,25,322,276,680,541,1.00565,156,0.155124
025040107410003168d2a000a00000e2,2,2,26,322,276,680,541,1.00565,333,0.331129
025040107410003168d2a000a00000e2,2,2,27,322,276,680,541,1.00565,9556,9.50231
025040107410003168d2a000a00000e2,2,2,28,322,276,680,541,1.00565,505,0.502163
025040107410003168d2a000a00000e2,2,2,29,322,276,680,541,1.00565,10695,10.6349
025040107410003168d2a000a00000e2,2,2,30,322,276,680,541,1.00565,10354,10.2958
025040107410003168d2a000a00000e2,2,2,31,322,276,680,541,1.00565,10764,10.7035
025040107410003168d2a000a00000e2,2,2,32,322,276,680,541,1.00565,565,0.561826
025040107410003168d2a000a00000e2,2,2,33,322,276,680,541,1.00565,10684,10.624
025040107410003168d2a000a00000e2,2,2,34,322,276,680,541,1.00565,263,0.261522
025040107410003168d2a000a00000e2,2,2,35,322,276,680,541,1.00565,10635,10.5753
025040107410003168d2a000a00000e2,2,2,36,322,276,680,541,1.00565,10600,10.5404
025040107410003168d2a000a00000e2,2,2,37,322,276,680,541,1.00565,10688,10.628
025040107410003168d2a000a00000e2,2,2,38,322,276,680,541,1.00565,10692,10.6319
025040107410003168d2a000a00000e2,2,2,39,322,276,680,541,1.00565,10680,10.62
025040107410003168d2a000a00000e2,2,2,40,322,276,680,541,1.00565,10554,10.4947
025040107410003168d2a000a00000e2,2,2,41,322,276,680,541,1.00565,1277,1.26983
025040107410003168d2a000a00000e2,2,2,42,322,276,680,541,1.00565,10408,10.3495
025040107410003168d2a000a00000e2,2,2,43,322,276,680,541,1.00565,10651,10.5912
025040107410003168d2a000a00000e2,2,2,44,322,276,680,541,1.00565,90,0.0894944
025040107410003168d2a000a00000e2,2,2,45,322,276,680,541,1.00565,92,0.0914831
025040107410003168d2a000a00000e2,2,2,46,322,276,680,541,1.00565,116,0.115348
025040107410003168d2a000a00000e2,2,2,47,322,276,680,541,1.00565,68,0.067618
025040107410003168d2a000a00000e2,2,2,48,322,276,680,541,1.00565,282,0.280416
025040107410003168d2a000a00000e2,2,2,49,322,276,680,541,1.00565,121,0.12032
025040107410003168d2a000a00000e2,2,2,50,322,276,680,541,1.00565,126,0.125292
025040107410003168d2a000a00000e2,2,2,51,322,276,680,541,1.00565,102,0.101427
025040107410003168d2a000a00000e2,2,2,52,322,276,680,541,1.00565,103,0.102421
025040107410003168d2a000a00000e2,2,2,53,322,276,680,541,1.00565,137,0.13623
025040107410003168d2a000a00000e2,2,2,54,322,276,680,541,1.00565,89,0.0885
025040107410003168d2a000a00000e2,2,2,55,322,276,680,541,1.00565,79,0.0785562
025040107410003168d2a000a00000e2,2,2,56,322,276,680,541,1.00565,966,0.960573
025040107410003168d2a000a00000e2,2,2,57,322,276,680,541,1.00565,81,0.0805449
025040107410003168d2a000a00000e2,2,2,58,322,276,680,541,1.00565,92,0.0914831
025040107410003168d2a000a00000e2,2,2,59,322,276,680,541,1.00565,68,0.067618
025040107410003168d2a000a00000e2,2,2,60,322,276,680,541,1.00565,75,0.0745786
025040107410003168d2a000a00000e2,2,2,61,322,276,680,541,1.00565,62,0.0616517
025040107410003168d2a000a00000e2,2,2,62,322,276,680,541,1.00565,65,0.0646348
025040107410003168d2a000a00000e2,2,2,63,322,276,680,541,1.00565,66,0.0656292
025040107410003168d2a000a00000e2,2,2,0,322,276,681,542,1.0027,0,0
025040107410003168d2a000a00000e2,2,2,1,322,276,681,542,1.0027,35,0.0349057
025040107410003168d2a000a00000e2,2,2,2,322,276,681,542,1.0027,2835,2.82736
025040107410003168d2a000a00000e2,2,2,3,322,276,681,542,1.0027,2260,2.25391
025040107410003168d2a000a00000e2,2,2,4,322,276,681,542,1.0027,68,0.0678168
025040107410003168d2a000a00000e2,2,2,5,322,276,681,542,1.0027,36,0.035903
025040107410003168d2a000a00000e2,2,2,6,322,276,681,542,1.0027,66,0.0658222
025040107410003168d2a000a00000e2,2,2,7,322,276,681,542,1.0027,46,0.0458761
025040107410003168d2a000a00000e2,2,2,8,322,276,681,542,1.0027,56,0.0558492
025040107410003168d2a000a00000e2,2,2,9,322,276,681,542,1.0027,2187,2.18111
025040107410003168d2a000a00000e2,2,2,10,322,276,681,542,1.0027,4917,4.90376
025040107410003168d2a000a00000e2,2,2,11,322,276,681,542,1.0027,1240,1.23666
025040107410003168d2a000a00000e2,2,2,12,322,276,681,542,1.0027,99,0.0987333
025040107410003168d2a000a00000e2,2,2,13,322,276,681,542,1.0027,418,0.416874
025040107410003168d2a000a00000e2,2,2,14,322,276,681,542,1.0027,7784,7.76303
025040107410003168d2a000a00000e2,2,2,15,322,276,681,542,1.0027,173,0.172534
025040107410003168d2a000a00000e2,2,2,16,322,276,681,542,1.0027,9369,9.34376
025040107410003168d2a000a00000e2,2,2,17,322,276,681,542,1.0027,80,0.0797845
025040107410003168d2a000a00000e2,2,2,18,322,276,681,542,1.0027,136,0.135634
025040107410003168d2a000a00000e2,2,2,19,322,276,681,542,1.0027,86,0.0857684
025040107410003168d2a000a00000e2,2,2,20,322,276,681,542,1.0027,10465,10.4368
025040107410003168d2a000a00000e2,2,2,21,322,276,681,542,1.0027,10563,10.5345
025040107410003168d2a000a00000e2,2,2,22,322,276,681,542,1.0027,10533,10.5046
025040107410003168d2a000a00000e2,2,2,23,322,276,681,542,1.0027,10568,10.5395
025040107410003168d2a000a00000e2,2,2,24,322,276,681,542,1.0027,132,0.131644
025040107410003168d2a000a00000e2,2,2,25,322,276,681,542,1.0027,103,0.102723
025040107410003168d2a000a00000e2,2,2,26,322,276,681,542,1.0027,184,0.183504
025040107410003168d2a000a00000e2,2,2,27,322,276,681,542,1.0027,7184,7.16465
025040107410003168d2a000a00000e2,2,2,28,322,276,681,542,1.0027,238,0.237359
025040107410003168d2a000a00000e2,2,2,29,322,276,681,542,1.0027,10510,10.4817
025040107410003168d2a000a00000e2,2,2,30,322,276,681,542,1.0027,9377,9.35174
025040107410003168d2a000a00000e2,2,2,31,322,276,681,542,1.0027,10633,10.6044
025040107410003168d2a000a00000e2,2,2,32,322,276,681,542,1.0027,242,0.241348
025040107410003168d2a000a00000e2,2,2,33,322,276,681,542,1.0027,10491,10.4627
025040107410003168d2a000a00000e2,2,2,34,322,276,681,542,1.0027,144,0.143612
025040107410003168d2a000a00000e2,2,2,35,322,276,681,542,1.0027,10406,10.378
025040107410003168d2a000a00000e2,2,2,36,322,276,681,542,1.0027,10272,10.2443
025040107410003168d2a000a00000e2,2,2,37,322,276,681,542,1.0027,10486,10.4578
025040107410003168d2a000a00000e2,2,2,38,322,276,681,542,1.0027,10530,10.5016
025040107410003168d2a000a00000e2,2,2,39,322,276,681,542,1.0027,10474,10.4458
025040107410003168d2a000a00000e2,2,2,40,322,276,681,542,1.0027,10125,10.0977
025040107410003168d2a000a00000e2,2,2,41,322,276,681,542,1.0027,427,0.42585
025040107410003168d2a000a00000e2,2,2,42,322,276,681,542,1.0027,9592,9.56616
025040107410003168d2a000a00000e2,2,2,43,322,276,681,542,1.0027,10384,10.356
025040107410003168d2a000a00000e2,2,2,44,322,276,681,542,1.0027,65,0.0648249
025040107410003168d2a000a00000e2,2,2,45,322,276,681,542,1.0027,73,0.0728034
025040107410003168d2a000a00000e2,2,2,46,322,276,681,542,1.0027,93,0.0927495
025040107410003168d2a000a00000e2,2,2,47,322,276,681,542,1.0027,50,0.0498653
025040107410003168d2a000a00000e2,2,2,48,322,276,681,542,1.0027,166,0.165553
025040107410003168d2a000a00000e2,2,2,49,322,276,681,542,1.0027,84,0.0837737
025040107410003168d2a000a00000e2,2,2,50,322,276,681,542,1.0027,101,0.100728
025040107410003168d2a000a00000e2,2,2,51,322,276,681,542,1.0027,78,0.0777899
025040107410003168d2a000a00000e2,2,2,52,322,276,681,542,1.0027,74,0.0738007
025040107410003168d2a000a00000e2,2,2,53,322,276,681,542,1.0027,89,0.0887603
025040107410003168d2a000a00000e2,2,2,54,322,276,681,542,1.0027,61,0.0608357
025040107410003168d2a000a00000e2,2,2,55,322,276,681,542,1.0027,58,0.0578438
025040107410003168d2a000a00000e2,2,2,56,322,276,681,542,1.0027,344,0.343073
025040107410003168d2a000a00000e2,2,2,57,322,276,681,542,1.0027,56,0.0558492
025040107410003168d2a000a00000e2,2,2,58,322,276,681,542,1.0027,62,0.061833
025040107410003168d2a000a00000e2,2,2,59,322,276,681,542,1.0027,50,0.0498653
025040107410003168d2a000a00000e2,2,2,60,322,276,681,542,1.0027,53,0.0528572
025040107410003168d2a000a00000e2,2,2,61,322,276,681,542,1.0027,44,0.0438815
025040107410003168d2a000a00000e2,2,2,62,322,276,681,542,1.0027,48,0.0478707
025040107410003168d2a000a00000e2,2,2,63,322,276,681,542,1.0027,47,0.0468734
025040107410003168d2a000a00000e2,2,2,0,322,276,682,542,1.0027,0,0
025040107410003168d2a000a00000e2,2,2,1,322,276,682,542,1.0027,53,0.0528572
025040107410003168d2a000a00000e2,2,2,2,322,276,682,542,1.0027,1853,1.84801
025040107410003168d2a000a00000e2,2,2,3,322,276,682,542,1.0027,716,0.714071
025040107410003168d2a000a00000e2,2,2,4,322,276,682,542,1.0027,82,0.0817791
025040107410003168d2a000a00000e2,2,2,5,322,276,682,542,1.0027,53,0.0528572
025040107410003168d2a000a00000e2,2,2,6,322,276,682,542,1.0027,84,0.0837737
025040107410003168d2a000a00000e2,2,2,7,322,276,682,542,1.0027,63,0.0628303
025040107410003168d2a000a00000e2,2,2,8,322,276,682,542,1.0027,72,0.0718061
025040107410003168d2a000a00000e2,2,2,9,322,276,682,542,1.0027,697,0.695123
025040107410003168d2a000a00000e2,2,2,10,322,276,682,542,1.0027,1982,1.97666
025040107410003168d2a000a00000e2,2,2,11,322,276,682,542,1.0027,474,0.472723
025040107410003168d2a000a00000e2,2,2,12,322,276,682,542,1.0027,123,0.122669
025040107410003168d2a000a00000e2,2,2,13,322,276,682,542,1.0027,251,0.250324
025040107410003168d2a000a00000e2,2,2,14,322,276,682,542,1.0027,4532,4.51979
025040107410003168d2a000a00000e2,2,2,15,322,276,682,542,1.0027,177,0.176523
025040107410003168d2a000a00000e2,2,2,16,322,276,682,542,1.0027,6893,6.87443
025040107410003168d2a000a00000e2,2,2,17,322,276,682,542,1.0027,101,0.100728
025040107410003168d2a000a00000e2,2,2,18,322,276,682,542,1.0027,148,0.147601
025040107410003168d2a000a00000e2,2,2,19,322,276,682,542,1.0027,109,0.108706
025040107410003168d2a000a00000e2,2,2,20,322,276,682,542,1.0027,10242,10.2144
025040107410003168d2a000a00000e2,2,2,21,322,276,682,542,1.0027,10416,10.3879
025040107410003168d2a000a00000e2,2,2,22,322,276,682,542,1.0027,10389,10.361
025040107410003168d2a000a00000e2,2,2,23,322,276,682,542,1.0027,10445,10.4169
025040107410003168d2a000a00000e2,2,2,24,322,276,682,542,1.0027,154,0.153585
025040107410003168d2a000a00000e2,2,2,25,322,276,682,542,1.0027,125,0.124663
025040107410003168d2a000a00000e2,2,2,26,322,276,682,542,1.0027,186,0.185499
025040107410003168d2a000a00000e2,2,2,27,322,276,682,542,1.0027,3725,3.71497
025040107410003168d2a000a00000e2,2,2,28,322,276,682,542,1.0027,197,0.196469
025040107410003168d2a000a00000e2,2,2,29,322,276,682,542,1.0027,10345,10.3171
025040107410003168d2a000a00000e2,2,2,30,322,276,682,542,1.0027,7066,7.04697
025040107410003168d2a000a00000e2,2,2,31,322,276,682,542,1.0027,10511,10.4827
025040107410003168d2a000a00000e2,2,2,32,322,276,682,542,1.0027,192,0.191483
025040107410003168d2a000a00000e2,2,2,33,322,276,682,542,1.0027,10286,10.2583
025040107410003168d2a000a00000e2,2,2,34,322,276,682,542,1.0027,153,0.152588
025040107410003168d2a000a00000e2,2,2,35,322,276,682,542,1.0027,9935,9.90824
025040107410003168d2a000a00000e2,2,2,36,322,276,682,542,1.0027,9595,9.56916
025040107410003168d2a000a00000e2,2,2,37,322,276,682,542,1.0027,10285,10.2573
025040107410003168d2a000a00000e2,2,2,38,322,276,682,542,1.0027,10367,10.3391
025040107410003168d2a000a00000e2,2,2,39,322,276,682,542,1.0027,10260,10.2324
025040107410003168d2a000a00000e2,2,2,40,322,276,682,542,1.0027,9104,9.07948
025040107410003168d2a000a00000e2,2,2,41,322,276,682,542,1.0027,232,0.231375
025040107410003168d2a000a00000e2,2,2,42,322,276,682,542,1.0027,7566,7.54562
025040107410003168d2a000a00000e2,2,2,43,322,276,682,542,1.0027,9952,9.92519
025040107410003168d2a000a00000e2,2,2,44,322,276,682,542,1.0027,85,0.0847711
025040107410003168d2a000a00000e2,2,2,45,322,276,682,542,1.0027,88,0.087763
025040107410003168d2a000a00000e2,2,2,46,322,276,682,542,1.0027,115,0.11469
025040107410003168d2a000a00000e2,2,2,47,322,276,682,542,1.0027,70,0.0698115
025040107410003168d2a000a00000e2,2,2,48,322,276,682,542,1.0027,170,0.169542
025040107410003168d2a000a00000e2,2,2,49,322,276,682,542,1.0027,114,0.113693
025040107410003168d2a000a00000e2,2,2,50,322,276,682,542,1.0027,128,0.127655
025040107410003168d2a000a00000e2,2,2,51,322,276,682,542,1.0027,94,0.0937468
025040107410003168d2a000a00000e2,2,2,52,322,276,682,542,1.0027,100,0.0997306
025040107410003168d2a000a00000e2,2,2,53,322,276,682,542,1.0027,114,0.113693
025040107410003168d2a000a00000e2,2,2,54,322,276,682,542,1.0027,81,0.0807818
025040107410003168d2a000a00000e2,2,2,55,322,276,682,542,1.0027,75,0.074798
025040107410003168d2a000a00000e2,2,2,56,322,276,682,542,1.0027,232,0.231375
025040107410003168d2a000a00000e2,2,2,57,322,276,682,542,1.0027,75,0.074798
025040107410003168d2a000a00000e2,2,2,58,322,276,682,542,1.0027,81,0.0807818
025040107410003168d2a000a00000e2,2,2,59,322,276,682,542,1.0027,71,0.0708088
025040107410003168d2a000a00000e2,2,2,60,322,276,682,542,1.0027,71,0.0708088
025040107410003168d2a000a00000e2,2,2,61,322,276,682,542,1.0027,61,0.0608357
025040107410003168d2a000a00000e2,2,2,62,322,276,682,542,1.0027,63,0.0628303
025040107410003168d2a000a00000e2,2,2,63,322,276,682,542,1.0027,66,0.0658222
025040107410003168d2a000a00000e2,2,2,0,322,276,683,543,1.00565,0,0
025040107410003168d2a000a00000e2,2,2,1,322,276,683,543,1.00565,51,0.0507135
025040107410003168d2a000a00000e2,2,2,2,322,276,683,543,1.00565,1174,1.1674
025040107410003168d2a000a00000e2,2,2,3,322,276,683,543,1.00565,322,0.320191
025040107410003168d2a000a00000e2,2,2,4,322,276,683,543,1.00565,84,0.0835281
025040107410003168d2a000a00000e2,2,2,5,322,276,683,543,1.00565,51,0.0507135
025040107410003168d2a000a00000e2,2,2,6,322,276,683,543,1.00565,82,0.0815393
025040107410003168d2a000a00000e2,2,2,7,322,276,683,543,1.00565,69,0.0686123
025040107410003168d2a000a00000e2,2,2,8,322,276,683,543,1.00565,77,0.0765674
025040107410003168d2a000a00000e2,2,2,9,322,276,683,543,1.00565,291,0.289365
025040107410003168d2a000a00000e2,2,2,10,322,276,683,543,1.00565,635,0.631432
025040107410003168d2a000a00000e2,2,2,11,322,276,683,543,1.00565,229,0.227713
025040107410003168d2a000a00000e2,2,2,12,322,276,683,543,1.00565,104,0.103416
025040107410003168d2a000a00000e2,2,2,13,322,276,683,543,1.00565,164,0.163079
025040107410003168d2a000a00000e2,2,2,14,322,276,683,543,1.00565,1643,1.63377
025040107410003168d2a000a00000e2,2,2,15,322,276,683,543,1.00565,132,0.131258
025040107410003168d2a000a00000e2,2,2,16,322,276,683,543,1.00565,3530,3.51017
025040107410003168d2a000a00000e2,2,2,17,322,276,683,543,1.00565,95,0.0944663
025040107410003168d2a000a00000e2,2,2,18,322,276,683,543,1.00565,127,0.126286
025040107410003168d2a000a00000e2,2,2,19,322,276,683,543,1.00565,100,0.0994382
025040107410003168d2a000a00000e2,2,2,20,322,276,683,543,1.00565,9811,9.75588
025040107410003168d2a000a00000e2,2,2,21,322,276,683,543,1.00565,10387,10.3286
025040107410003168d2a000a00000e2,2,2,22,322,276,683,543,1.00565,10336,10.2779
025040107410003168d2a000a00000e2,2,2,23,322,276,683,543,1.00565,10427,10.3684
025040107410003168d2a000a00000e2,2,2,24,322,276,683,543,1.00565,125,0.124298
025040107410003168d2a000a00000e2,2,2,25,322,276,683,543,1.00565,103,0.102421
025040107410003168d2a000a00000e2,2,2,26,322,276,683,543,1.00565,146,0.14518
025040107410003168d2a000a00000e2,2,2,27,322,276,683,543,1.00565,1399,1.39114
025040107410003168d2a000a00000e2,2,2,28,322,276,683,543,1.00565,161,0.160095
025040107410003168d2a000a00000e2,2,2,29,322,276,683,543,1.00565,10221,10.1636
025040107410003168d2a000a00000e2,2,2,30,322,276,683,543,1.00565,3823,3.80152
025040107410003168d2a000a00000e2,2,2,31,322,276,683,543,1.00565,10520,10.4609
025040107410003168d2a000a00000e2,2,2,32,322,276,683,543,1.00565,158,0.157112
025040107410003168d2a000a00000e2,2,2,33,322,276,683,543,1.00565,9970,9.91399
025040107410003168d2a000a00000e2,2,2,34,322,276,683,543,1.00565,129,0.128275
025040107410003168d2a000a00000e2,2,2,35,322,276,683,543,1.00565,8740,8.6909
025040107410003168d2a000a00000e2,2,2,36,322,276,683,543,1.00565,7971,7.92622
025040107410003168d2a000a00000e2,2,2,37,322,276,683,543,1.00565,9959,9.90305
025040107410003168d2a000a00000e2,2,2,38,322,276,683,543,1.00565,10293,10.2352
025040107410003168d2a000a00000e2,2,2,39,322,276,683,543,1.00565,9929,9.87322
025040107410003168d2a000a00000e2,2,2,40,322,276,683,543,1.00565,6655,6.61761
025040107410003168d2a000a00000e2,2,2,41,322,276,683,543,1.00565,160,0.159101
025040107410003168d2a000a00000e2,2,2,42,322,276,683,543,1.00565,4501,4.47571
025040107410003168d2a000a00000e2,2,2,43,322,276,683,543,1.00565,8776,8.72669
025040107410003168d2a000a00000e2,2,2,44,322,276,683,543,1.00565,86,0.0855168
025040107410003168d2a000a00000e2,2,2,45,322,276,683,543,1.00565,86,0.0855168
025040107410003168d2a000a00000e2,2,2,46,322,276,683,543,1.00565,108,0.107393
025040107410003168d2a000a00000e2,2,2,47,322,276,683,543,1.00565,70,0.0696067
025040107410003168d2a000a00000e2,2,2,48,322,276,683,543,1.00565,139,0.138219
025040107410003168d2a000a00000e2,2,2,49,322,276,683,543,1.00565,97,0.096455
025040107410003168d2a000a00000e2,2,2,50,322,276,683,543,1.00565,112,0.111371
025040107410003168d2a000a00000e2,2,2,51,322,276,683,543,1.00565,88,0.0875056
025040107410003168d2a000a00000e2,2,2,52,322,276,683,543,1.00565,94,0.0934719
025040107410003168d2a000a00000e2,2,2,53,322,276,683,543,1.00565,95,0.0944663
025040107410003168d2a000a00000e2,2,2,54,322,276,683,543,1.00565,81,0.0805449
025040107410003168d2a000a00000e2,2,2,55,322,276,683,543,1.00565,79,0.0785562
025040107410003168d2a000a00000e2,2,2,56,322,276,683,543,1.00565,170,0.169045
025040107410003168d2a000a00000e2,2,2,57,322,276,683,543,1.00565,80,0.0795505
025040107410003168d2a000a00000e2,2,2,58,322,276,683,543,1.00565,83,0.0825337
025040107410003168d2a000a00000e2,2,2,59,322,276,683,543,1.00565,73,0.0725899
025040107410003168d2a000a00000e2,2,2,60,322,276,683,543,1.00565,75,0.0745786
025040107410003168d2a000a00000e2,2,2,61,322,276,683,543,1.00565,61,0.0606573
025040107410003168d2a000a00000e2,2,2,62,322,276,683,543,1.00565,71,0.0706011
025040107410003168d2a000a00000e2,2,2,63,322,276,683,543,1.00565,69,0.0686123
025040107410003168d2a000a00000e2,2,2,0,322,276,684,544,1.00712,0,0
025040107410003168d2a000a00000e2,2,2,1,322,276,684,544,1.00712,31,0.0307807
025040107410003168d2a000a00000e2,2,2,2,322,276,684,544,1.00712,638,0.633487
025040107410003168d2a000a00000e2,2,2,3,322,276,684,544,1.00712,165,0.163833
025040107410003168d2a000a00000e2,2,2,4,322,276,684,544,1.00712,61,0.0605685
025040107410003168d2a000a00000e2,2,2,5,322,276,684,544,1.00712,30,0.0297878
025040107410003168d2a000a00000e2,2,2,6,322,276,684,544,1.00712,60,0.0595756
025040107410003168d2a000a00000e2,2,2,7,322,276,684,544,1.00712,43,0.0426958
025040107410003168d2a000a00000e2,2,2,8,322,276,684,544,1.00712,56,0.0556039
025040107410003168d2a000a00000e2,2,2,9,322,276,684,544,1.00712,169,0.167804
025040107410003168d2a000a00000e2,2,2,10,322,276,684,544,1.00712,263,0.26114
025040107410003168d2a000a00000e2,2,2,11,322,276,684,544,1.00712,156,0.154896
025040107410003168d2a000a00000e2,2,2,12,322,276,684,544,1.00712,84,0.0834058
025040107410003168d2a000a00000e2,2,2,13,322,276,684,544,1.00712,129,0.128087
025040107410003168d2a000a00000e2,2,2,14,322,276,684,544,1.00712,503,0.499442
025040107410003168d2a000a00000e2,2,2,15,322,276,684,544,1.00712,110,0.109222
025040107410003168d2a000a00000e2,2,2,16,322,276,684,544,1.00712,1048,1.04059
025040107410003168d2a000a00000e2,2,2,17,322,276,684,544,1.00712,68,0.067519
025040107410003168d2a000a00000e2,2,2,18,322,276,684,544,1.00712,102,0.101278
025040107410003168d2a000a00000e2,2,2,19,322,276,684,544,1.00712,69,0.0685119
025040107410003168d2a000a00000e2,2,2,20,322,276,684,544,1.00712,8150,8.09235
025040107410003168d2a000a00000e2,2,2,21,322,276,684,544,1.00712,10112,10.0405
025040107410003168d2a000a00000e2,2,2,22,322,276,684,544,1.00712,10020,9.94912
025040107410003168d2a000a00000e2,2,2,23,322,276,684,544,1.00712,10306,10.2331
025040107410003168d2a000a00000e2,2,2,24,322,276,684,544,1.00712,108,0.107236
025040107410003168d2a000a00000e2,2,2,25,322,276,684,544,1.00712,83,0.0824129
025040107410003168d2a000a00000e2,2,2,26,322,276,684,544,1.00712,125,0.124116
025040107410003168d2a000a00000e2,2,2,27,322,276,684,544,1.00712,419,0.416036
025040107410003168d2a000a00000e2,2,2,28,322,276,684,544,1.00712,137,0.136031
025040107410003168d2a000a00000e2,2,2,29,322,276,684,544,1.00712,9467,9.40003
025040107410003168d2a000a00000e2,2,2,30,322,276,684,544,1.00712,1209,1.20045
025040107410003168d2a000a00000e2,2,2,31,322,276,684,544,1.00712,10426,10.3522
025040107410003168d2a000a00000e2,2,2,32,322,276,684,544,1.00712,136,0.135038
025040107410003168d2a000a00000e2,2,2,33,322,276,684,544,1.00712,8504,8.44384
025040107410003168d2a000a00000e2,2,2,34,322,276,684,544,1.00712,104,0.103264
025040107410003168d2a000a00000e2,2,2,35,322,276,684,544,1.00712,5860,5.81855
025040107410003168d2a000a00000e2,2,2,36,322,276,684,544,1.00712,4427,4.39568
025040107410003168d2a000a00000e2,2,2,37,322,276,684,544,1.00712,8381,8.32171
025040107410003168d2a000a00000e2,2,2,38,322,276,684,544,1.00712,9804,9.73465
025040107410003168d2a000a00000e2,2,2,39,322,276,684,544,1.00712,8451,8.39122
025040107410003168d2a000a00000e2,2,2,40,322,276,684,544,1.00712,3405,3.38091
025040107410003168d2a000a00000e2,2,2,41,322,276,684,544,1.00712,125,0.124116
025040107410003168d2a000a00000e2,2,2,42,322,276,684,544,1.00712,1685,1.67308
025040107410003168d2a000a00000e2,2,2,43,322,276,684,544,1.00712,5934,5.89202
025040107410003168d2a000a00000e2,2,2,44,322,276,684,544,1.00712,65,0.0645402
025040107410003168d2a000a00000e2,2,2,45,322,276,684,544,1.00712,63,0.0625543
025040107410003168d2a000a00000e2,2,2,46,322,276,684,544,1.00712,86,0.0853916
025040107410003168d2a000a00000e2,2,2,47,322,276,684,544,1.00712,50,0.0496463
025040107410003168d2a000a00000e2,2,2,48,322,276,684,544,1.00712,123,0.12213
025040107410003168d2a000a00000e2,2,2,49,322,276,684,544,1.00712,71,0.0704977
025040107410003168d2a000a00000e2,2,2,50,322,276,684,544,1.00712,90,0.0893633
025040107410003168d2a000a00000e2,2,2,51,322,276,684,544,1.00712,69,0.0685119
025040107410003168d2a000a00000e2,2,2,52,322,276,684,544,1.00712,74,0.0734765
025040107410003168d2a000a00000e2,2,2,53,322,276,684,544,1.00712,71,0.0704977
025040107410003168d2a000a00000e2,2,2,54,322,276,684,544,1.00712,63,0.0625543
025040107410003168d2a000a00000e2,2,2,55,322,276,684,544,1.00712,60,0.0595756
025040107410003168d2a000a00000e2,2,2,56,322,276,684,544,1.00712,133,0.132059
025040107410003168d2a000a00000e2,2,2,57,322,276,684,544,1.00712,59,0.0585826
025040107410003168d2a000a00000e2,2,2,58,322,276,684,544,1.00712,61,0.0605685
025040107410003168d2a000a00000e2,2,2,59,322,276,684,544,1.00712,52,0.0516321
025040107410003168d2a000a00000e2,2,2,60,322,276,684,544,1.00712,56,0.0556039
025040107410003168d2a000a00000e2,2,2,61,322,276,684,544,1.00712,38,0.0377312
025040107410003168d2a000a00000e2,2,2,62,322,276,684,544,1.00712,44,0.0436887
025040107410003168d2a000a00000e2,2,2,63,322,276,684,544,1.00712,45,0.0446817
025040107410003168d2a000a00000e2,2,2,0,322,276,685,545,1.00418,0,0
025040107410003168d2a000a00000e2,2,2,1,322,276,685,545,1.00418,34,0.0338586
025040107410003168d2a000a00000e2,2,2,2,322,276,685,545,1.00418,320,0.318669
025040107410003168d2a000a00000e2,2,2,3,322,276,685,545,1.00418,130,0.129459
025040107410003168d2a000a00000e2,2,2,4,322,276,685,545,1.00418,57,0.056763
025040107410003168d2a000a00000e2,2,2,5,322,276,685,545,1.00418,32,0.0318669
025040107410003168d2a000a00000e2,2,2,6,322,276,685,545,1.00418,58,0.0577588
025040107410003168d2a000a00000e2,2,2,7,322,276,685,545,1.00418,44,0.043817
025040107410003168d2a000a00000e2,2,2,8,322,276,685,545,1.00418,52,0.0517838
025040107410003168d2a000a00000e2,2,2,9,322,276,685,545,1.00418,131,0.130455
025040107410003168d2a000a00000e2,2,2,10,322,276,685,545,1.00418,168,0.167301
025040107410003168d2a000a00000e2,2,2,11,322,276,685,545,1.00418,130,0.129459
025040107410003168d2a000a00000e2,2,2,12,322,276,685,545,1.00418,76,0.075684
025040107410003168d2a000a00000e2,2,2,13,322,276,685,545,1.00418,103,0.102572
025040107410003168d2a000a00000e2,2,2,14,322,276,685,545,1.00418,249,0.247965
025040107410003168d2a000a00000e2,2,2,15,322,276,685,545,1.00418,86,0.0856424
025040107410003168d2a000a00000e2,2,2,16,322,276,685,545,1.00418,362,0.360495
025040107410003168d2a000a00000e2,2,2,17,322,276,685,545,1.00418,60,0.0597505
025040107410003168d2a000a00000e2,2,2,18,322,276,685,545,1.00418,90,0.0896258
025040107410003168d2a000a00000e2,2,2,19,322,276,685,545,1.00418,61,0.0607464
025040107410003168d2a000a00000e2,2,2,20,322,276,685,545,1.00418,4878,4.85772
025040107410003168d2a000a00000e2,2,2,21,322,276,685,545,1.00418,9272,9.23345
025040107410003168d2a000a00000e2,2,2,22,322,276,685,545,1.00418,8746,8.70963
025040107410003168d2a000a00000e2,2,2,23,322,276,685,545,1.00418,10071,10.0291
025040107410003168d2a000a00000e2,2,2,24,322,276,685,545,1.00418,94,0.0936091
025040107410003168d2a000a00000e2,2,2,25,322,276,685,545,1.00418,71,0.0707048
025040107410003168d2a000a00000e2,2,2,26,322,276,685,545,1.00418,103,0.102572
025040107410003168d2a000a00000e2,2,2,27,322,276,685,545,1.00418,222,0.221077
025040107410003168d2a000a00000e2,2,2,28,322,276,685,545,1.00418,118,0.117509
025040107410003168d2a000a00000e2,2,2,29,322,276,685,545,1.00418,7352,7.32143
025040107410003168d2a000a00000e2,2,2,30,322,276,685,545,1.00418,416,0.41427
025040107410003168d2a000a00000e2,2,2,31,322,276,685,545,1.00418,10283,10.2402
025040107410003168d2a000a00000e2,2,2,32,322,276,685,545,1.00418,111,0.110538
025040107410003168d2a000a00000e2,2,2,33,322,276,685,545,1.00418,5352,5.32975
025040107410003168d2a000a00000e2,2,2,34,322,276,685,545,1.00418,92,0.0916175
025040107410003168d2a000a00000e2,2,2,35,322,276,685,545,1.00418,2652,2.64097
025040107410003168d2a000a00000e2,2,2,36,322,276,685,545,1.00418,1683,1.676
025040107410003168d2a000a00000e2,2,2,37,322,276,685,545,1.00418,5335,5.31282
025040107410003168d2a000a00000e2,2,2,38,322,276,685,545,1.00418,8313,8.27843
025040107410003168d2a000a00000e2,2,2,39,322,276,685,545,1.00418,5411,5.3885
025040107410003168d2a000a00000e2,2,2,40,322,276,685,545,1.00418,1151,1.14621
025040107410003168d2a000a00000e2,2,2,41,322,276,685,545,1.00418,107,0.106555
025040107410003168d2a000a00000e2,2,2,42,322,276,685,545,1.00418,555,0.552692
025040107410003168d2a000a00000e2,2,2,43,322,276,685,545,1.00418,2545,2.53442
025040107410003168d2a000a00000e2,2,2,44,322,276,685,545,1.00418,58,0.0577588
025040107410003168d2a000a00000e2,2,2,45,322,276,685,545,1.00418,56,0.0557672
025040107410003168d2a000a00000e2,2,2,46,322,276,685,545,1.00418,69,0.0687131
025040107410003168d2a000a00000e2,2,2,47,322,276,685,545,1.00418,47,0.0468046
025040107410003168d2a000a00000e2,2,2,48,322,276,685,545,1.00418,111,0.110538
025040107410003168d2a000a00000e2,2,2,49,322,276,685,545,1.00418,61,0.0607464
025040107410003168d2a000a00000e2,2,2,50,322,276,685,545,1.00418,79,0.0786715
025040107410003168d2a000a00000e2,2,2,51,322,276,685,545,1.00418,58,0.0577588
025040107410003168d2a000a00000e2,2,2,52,322,276,685,545,1.00418,60,0.0597505
025040107410003168d2a000a00000e2,2,2,53,322,276,685,545,1.00418,64,0.0637339
025040107410003168d2a000a00000e2,2,2,54,322,276,685,545,1.00418,58,0.0577588
025040107410003168d2a000a00000e2,2,2,55,322,276,685,545,1.00418,54,0.0537755
025040107410003168d2a000a00000e2,2,2,56,322,276,685,545,1.00418,106,0.105559
025040107410003168d2a000a00000e2,2,2,57,322,276,685,545,1.00418,51,0.0507879
025040107410003168d2a000a00000e2,2,2,58,322,276,685,545,1.00418,56,0.0557672
025040107410003168d2a000a00000e2,2,2,59,322,276,685,545,1.00418,49,0.0487963
025040107410003168d2a000a00000e2,2,2,60,322,276,685,545,1.00418,51,0.0507879
025040107410003168d2a000a00000e2,2,2,61,322,276,685,545,1.00418,35,0.0348545
025040107410003168d2a000a00000e2,2,2,62,322,276,685,545,1.00418,46,0.0458087
025040107410003168d2a000a00000e2,2,2,63,322,276,685,545,1.00418,43,0.0428212
025040107410003168d2a000a00000e2,2,2,0,322,276,686,546,1.00418,0,0
025040107410003168d2a000a00000e2,2,2,1,322,276,686,546,1.00418,35,0.0348545
025040107410003168d2a000a00000e2,2,2,2,322,276,686,546,1.00418,142,0.14141
025040107410003168d2a000a00000e2,2,2,3,322,276,686,546,1.00418,94,0.0936091
025040107410003168d2a000a00000e2,2,2,4,322,276,686,546,1.00418,57,0.056763
025040107410003168d2a000a00000e2,2,2,5,322,276,686,546,1.00418,35,0.0348545
025040107410003168d2a000a00000e2,2,2,6,322,276,686,546,1.00418,59,0.0587547
025040107410003168d2a000a00000e2,2,2,7,322,276,686,546,1.00418,40,0.0398337
025040107410003168d2a000a00000e2,2,2,8,322,276,686,546,1.00418,52,0.0517838
025040107410003168d2a000a00000e2,2,2,9,322,276,686,546,1.00418,104,0.103568
025040107410003168d2a000a00000e2,2,2,10,322,276,686,546,1.00418,125,0.12448
025040107410003168d2a000a00000e2,2,2,11,322,276,686,546,1.00418,102,0.101576
025040107410003168d2a000a00000e2,2,2,12,322,276,686,546,1.00418,74,0.0736923
025040107410003168d2a000a00000e2,2,2,13,322,276,686,546,1.00418,93,0.0926133
025040107410003168d2a000a00000e2,2,2,14,322,276,686,546,1.00418,155,0.154356
025040107410003168d2a000a00000e2,2,2,15,322,276,686,546,1.00418,83,0.0826549
025040107410003168d2a000a00000e2,2,2,16,322,276,686,546,1.00418,177,0.176264
025040107410003168d2a000a00000e2,2,2,17,322,276,686,546,1.00418,64,0.0637339
025040107410003168d2a000a00000e2,2,2,18,322,276,686,546,1.00418,84,0.0836507
025040107410003168d2a000a00000e2,2,2,19,322,276,686,546,1.00418,70,0.0697089
025040107410003168d2a000a00000e2,2,2,20,322,276,686,546,1.00418,1738,1.73077
025040107410003168d2a000a00000e2,2,2,21,322,276,686,546,1.00418,6335,6.30866
025040107410003168d2a000a00000e2,2,2,22,322,276,686,546,1.00418,5699,5.6753
025040107410003168d2a000a00000e2,2,2,23,322,276,686,546,1.00418,8954,8.91677
025040107410003168d2a000a00000e2,2,2,24,322,276,686,546,1.00418,91,0.0906216
025040107410003168d2a000a00000e2,2,2,25,322,276,686,546,1.00418,72,0.0717006
025040107410003168d2a000a00000e2,2,2,26,322,276,686,546,1.00418,99,0.0985884
025040107410003168d2a000a00000e2,2,2,27,322,276,686,546,1.00418,149,0.14838
025040107410003168d2a000a00000e2,2,2,28,322,276,686,546,1.00418,104,0.103568
025040107410003168d2a000a00000e2,2,2,29,322,276,686,546,1.00418,3810,3.79416
025040107410003168d2a000a00000e2,2,2,30,322,276,686,546,1.00418,190,0.18921
025040107410003168d2a000a00000e2,2,2,31,322,276,686,546,1.00418,9492,9.45253
025040107410003168d2a000a00000e2,2,2,32,322,276,686,546,1.00418,102,0.101576
025040107410003168d2a000a00000e2,2,2,33,322,276,686,546,1.00418,2149,2.14006
025040107410003168d2a000a00000e2,2,2,34,322,276,686,546,1.00418,84,0.0836507
025040107410003168d2a000a00000e2,2,2,35,322,276,686,546,1.00418,863,0.859412
025040107410003168d2a000a00000e2,2,2,36,322,276,686,546,1.00418,491,0.488958
025040107410003168d2a000a00000e2,2,2,37,322,276,686,546,1.00418,2175,2.16596
025040107410003168d2a000a00000e2,2,2,38,322,276,686,546,1.00418,5036,5.01506
025040107410003168d2a000a00000e2,2,2,39,322,276,686,546,1.00418,2171,2.16197
025040107410003168d2a000a00000e2,2,2,40,322,276,686,546,1.00418,372,0.370453
025040107410003168d2a000a00000e2,2,2,41,322,276,686,546,1.00418,95,0.094605
025040107410003168d2a000a00000e2,2,2,42,322,276,686,546,1.00418,232,0.231035
025040107410003168d2a000a00000e2,2,2,43,322,276,686,546,1.00418,805,0.801653
025040107410003168d2a000a00000e2,2,2,44,322,276,686,546,1.00418,65,0.0647297
025040107410003168d2a000a00000e2,2,2,45,322,276,686,546,1.00418,62,0.0617422
025040107410003168d2a000a00000e2,2,2,46,322,276,686,546,1.00418,77,0.0766798
025040107410003168d2a000a00000e2,2,2,47,322,276,686,546,1.00418,45,0.0448129
025040107410003168d2a000a00000e2,2,2,48,322,276,686,546,1.00418,101,0.10058
025040107410003168d2a000a00000e2,2,2,49,322,276,686,546,1.00418,69,0.0687131
025040107410003168d2a000a00000e2,2,2,50,322,276,686,546,1.00418,82,0.081659
025040107410003168d2a000a00000e2,2,2,51,322,276,686,546,1.00418,64,0.0637339
025040107410003168d2a000a00000e2,2,2,52,322,276,686,546,1.00418,70,0.0697089
025040107410003168d2a000a00000e2,2,2,53,322,276,686,546,1.00418,65,0.0647297
025040107410003168d2a000a00000e2,2,2,54,322,276,686,546,1.00418,62,0.0617422
025040107410003168d2a000a00000e2,2,2,55,322,276,686,546,1.00418,55,0.0547713
025040107410003168d2a000a00000e2,2,2,56,322,276,686,546,1.00418,102,0.101576
025040107410003168d2a000a00000e2,2,2,57,322,276,686,546,1.00418,51,0.0507879
025040107410003168d2a000a00000e2,2,2,58,322,276,686,546,1.00418,62,0.0617422
025040107410003168d2a000a00000e2,2,2,59,322,276,686,546,1.00418,49,0.0487963
025040107410003168d2a000a00000e2,2,2,60,322,276,686,546,1.00418,56,0.0557672
025040107410003168d2a000a00000e2,2,2,61,322,276,686,546,1.00418,40,0.0398337
025040107410003168d2a000a00000e2,2,2,62,322,276,686,546,1.00418,44,0.043817
025040107410003168d2a000a00000e2,2,2,63,322,276,686,546,1.00418,42,0.0418254
025040107410003168d2a000a00000e2,2,2,0,322,276,687,546,1.01597,0,0
025040107410003168d2a000a00000e2,2,2,1,322,276,687,546,1.01597,27,0.0265755
025040107410003168d2a000a00000e2,2,2,2,322,276,687,546,1.01597,64,0.0629939
025040107410003168d2a000a00000e2,2,2,3,322,276,687,546,1.01597,86,0.084648
025040107410003168d2a000a00000e2,2,2,4,322,276,687,546,1.01597,49,0.0482297
025040107410003168d2a000a00000e2,2,2,5,322,276,687,546,1.01597,27,0.0265755
025040107410003168d2a000a00000e2,2,2,6,322,276,687,546,1.01597,49,0.0482297
025040107410003168d2a000a00000e2,2,2,7,322,276,687,546,1.01597,36,0.0354341
025040107410003168d2a000a00000e2,2,2,8,322,276,687,546,1.01597,46,0.0452768
025040107410003168d2a000a00000e2,2,2,9,322,276,687,546,1.01597,86,0.084648
025040107410003168d2a000a00000e2,2,2,10,322,276,687,546,1.01597,106,0.104334
025040107410003168d2a000a00000e2,2,2,11,322,276,687,546,1.01597,89,0.0876009
025040107410003168d2a000a00000e2,2,2,12,322,276,687,546,1.01597,59,0.0580725
025040107410003168d2a000a00000e2,2,2,13,322,276,687,546,1.01597,82,0.0807109
025040107410003168d2a000a00000e2,2,2,14,322,276,687,546,1.01597,136,0.133862
025040107410003168d2a000a00000e2,2,2,15,322,276,687,546,1.01597,65,0.0639782
025040107410003168d2a000a00000e2,2,2,16,322,276,687,546,1.01597,147,0.144689
025040107410003168d2a000a00000e2,2,2,17,322,276,687,546,1.01597,52,0.0511825
025040107410003168d2a000a00000e2,2,2,18,322,276,687,546,1.01597,67,0.0659467
025040107410003168d2a000a00000e2,2,2,19,322,276,687,546,1.01597,53,0.0521668
025040107410003168d2a000a00000e2,2,2,20,322,276,687,546,1.01597,596,0.58663
025040107410003168d2a000a00000e2,2,2,21,322,276,687,546,1.01597,3545,3.48927
025040107410003168d2a000a00000e2,2,2,22,322,276,687,546,1.01597,3061,3.01288
025040107410003168d2a000a00000e2,2,2,23,322,276,687,546,1.01597,8291,8.16066
025040107410003168d2a000a00000e2,2,2,24,322,276,687,546,1.01597,77,0.0757895
025040107410003168d2a000a00000e2,2,2,25,322,276,687,546,1.01597,57,0.0561039
025040107410003168d2a000a00000e2,2,2,26,322,276,687,546,1.01597,89,0.0876009
025040107410003168d2a000a00000e2,2,2,27,322,276,687,546,1.01597,130,0.127956
025040107410003168d2a000a00000e2,2,2,28,322,276,687,546,1.01597,94,0.0925222
025040107410003168d2a000a00000e2,2,2,29,322,276,687,546,1.01597,1588,1.56304
025040107410003168d2a000a00000e2,2,2,30,322,276,687,546,1.01597,149,0.146658
025040107410003168d2a000a00000e2,2,2,31,322,276,687,546,1.01597,10036,9.87823
025040107410003168d2a000a00000e2,2,2,32,322,276,687,546,1.01597,94,0.0925222
025040107410003168d2a000a00000e2,2,2,33,322,276,687,546,1.01597,724,0.712618
025040107410003168d2a000a00000e2,2,2,34,322,276,687,546,1.01597,70,0.0688995
025040107410003168d2a000a00000e2,2,2,35,322,276,687,546,1.01597,343,0.337608
025040107410003168d2a000a00000e2,2,2,36,322,276,687,546,1.01597,255,0.250991
025040107410003168d2a000a00000e2,2,2,37,322,276,687,546,1.01597,730,0.718524
025040107410003168d2a000a00000e2,2,2,38,322,276,687,546,1.01597,2348,2.31109
025040107410003168d2a000a00000e2,2,2,39,322,276,687,546,1.01597,773,0.760848
025040107410003168d2a000a00000e2,2,2,40,322,276,687,546,1.01597,216,0.212604
025040107410003168d2a000a00000e2,2,2,41,322,276,687,546,1.01597,78,0.0767738
025040107410003168d2a000a00000e2,2,2,42,322,276,687,546,1.01597,176,0.173233
025040107410003168d2a000a00000e2,2,2,43,322,276,687,546,1.01597,310,0.305127
025040107410003168d2a000a00000e2,2,2,44,322,276,687,546,1.01597,55,0.0541354
025040107410003168d2a000a00000e2,2,2,45,322,276,687,546,1.01597,49,0.0482297
025040107410003168d2a000a00000e2,2,2,46,322,276,687,546,1.01597,62,0.0610253
025040107410003168d2a000a00000e2,2,2,47,322,276,687,546,1.01597,41,0.0403554
025040107410003168d2a000a00000e2,2,2,48,322,276,687,546,1.01597,94,0.0925222
025040107410003168d2a000a00000e2,2,2,49,322,276,687,546,1.01597,53,0.0521668
025040107410003168d2a000a00000e2,2,2,50,322,276,687,546,1.01597,66,0.0649624
025040107410003168d2a000a00000e2,2,2,51,322,276,687,546,1.01597,52,0.0511825
025040107410003168d2a000a00000e2,2,2,52,322,276,687,546,1.01597,59,0.0580725
025040107410003168d2a000a00000e2,2,2,53,322,276,687,546,1.01597,50,0.049214
025040107410003168d2a000a00000e2,2,2,54,322,276,687,546,1.01597,52,0.0511825
025040107410003168d2a000a00000e2,2,2,55,322,276,687,546,1.01597,49,0.0482297
025040107410003168d2a000a00000e2,2,2,56,322,276,687,546,1.01597,92,0.0905537
025040107410003168d2a000a00000e2,2,2,57,322,276,687,546,1.01597,45,0.0442926
025040107410003168d2a000a00000e2,2,2,58,322,276,687,546,1.01597,49,0.0482297
025040107410003168d2a000a00000e2,2,2,59,322,276,687,546,1.01597,41,0.0403554
025040107410003168d2a000a00000e2,2,2,60,322,276,687,546,1.01597,46,0.0452768
025040107410003168d2a000a00000e2,2,2,61,322,276,687,546,1.01597,29,0.0285441
025040107410003168d2a000a00000e2,2,2,62,322,276,687,546,1.01597,39,0.0383869
025040107410003168d2a000a00000e2,2,2,63,322,276,687,546,1.01597,34,0.0334655
025040107410003168d2a000a00000e2,2,2,0,322,276,688,547,1.10002,0,0
025040107410003168d2a000a00000e2,2,2,1,322,276,688,547,1.10002,45,0.0409083
025040107410003168d2a000a00000e2,2,2,2,322,276,688,547,1.10002,30,0.0272722
025040107410003168d2a000a00000e2,2,2,3,322,276,688,547,1.10002,108,0.0981799
025040107410003168d2a000a00000e2,2,2,4,322,276,688,547,1.10002,71,0.0645442
025040107410003168d2a000a00000e2,2,2,5,322,276,688,547,1.10002,42,0.0381811
025040107410003168d2a000a00000e2,2,2,6,322,276,688,547,1.10002,79,0.0718168
025040107410003168d2a000a00000e2,2,2,7,322,276,688,547,1.10002,55,0.049999
025040107410003168d2a000a00000e2,2,2,8,322,276,688,547,1.10002,64,0.0581807
025040107410003168d2a000a00000e2,2,2,9,322,276,688,547,1.10002,108,0.0981799
025040107410003168d2a000a00000e2,2,2,10,322,276,688,547,1.10002,127,0.115452
025040107410003168d2a000a00000e2,2,2,11,322,276,688,547,1.10002,109,0.0990889
025040107410003168d2a000a00000e2,2,2,12,322,276,688,547,1.10002,86,0.0781803
025040107410003168d2a000a00000e2,2,2,13,322,276,688,547,1.10002,96,0.087271
025040107410003168d2a000a00000e2,2,2,14,322,276,688,547,1.10002,147,0.133634
025040107410003168d2a000a00000e2,2,2,15,322,276,688,547,1.10002,88,0.0799984
025040107410003168d2a000a00000e2,2,2,16,322,276,688,547,1.10002,153,0.139088
025040107410003168d2a000a00000e2,2,2,17,322,276,688,547,1.10002,80,0.0727258
025040107410003168d2a000a00000e2,2,2,18,322,276,688,547,1.10002,90,0.0818166
025040107410003168d2a000a00000e2,2,2,19,322,276,688,547,1.10002,82,0.074544
025040107410003168d2a000a00000e2,2,2,20,322,276,688,547,1.10002,286,0.259995
025040107410003168d2a000a00000e2,2,2,21,322,276,688,547,1.10002,1288,1.17089
025040107410003168d2a000a00000e2,2,2,22,322,276,688,547,1.10002,1002,0.910891
025040107410003168d2a000a00000e2,2,2,23,322,276,688,547,1.10002,5792,5.26535
025040107410003168d2a000a00000e2,2,2,24,322,276,688,547,1.10002,93,0.0845438
025040107410003168d2a000a00000e2,2,2,25,322,276,688,547,1.10002,83,0.0754531
025040107410003168d2a000a00000e2,2,2,26,322,276,688,547,1.10002,105,0.0954527
025040107410003168d2a000a00000e2,2,2,27,322,276,688,547,1.10002,148,0.134543
025040107410003168d2a000a00000e2,2,2,28,322,276,688,547,1.10002,111,0.100907
025040107410003168d2a000a00000e2,2,2,29,322,276,688,547,1.10002,550,0.49999
025040107410003168d2a000a00000e2,2,2,30,322,276,688,547,1.10002,149,0.135452
025040107410003168d2a000a00000e2,2,2,31,322,276,688,547,1.10002,10105,9.18618
025040107410003168d2a000a00000e2,2,2,32,322,276,688,547,1.10002,112,0.101816
025040107410003168d2a000a00000e2,2,2,33,322,276,688,547,1.10002,319,0.289994
025040107410003168d2a000a00000e2,2,2,34,322,276,688,547,1.10002,93,0.0845438
025040107410003168d2a000a00000e2,2,2,35,322,276,688,547,1.10002,225,0.204541
025040107410003168d2a000a00000e2,2,2,36,322,276,688,547,1.10002,200,0.181815
025040107410003168d2a000a00000e2,2,2,37,322,276,688,547,1.10002,310,0.281813
025040107410003168d2a000a00000e2,2,2,38,322,276,688,547,1.10002,789,0.717259
025040107410003168d2a000a00000e2,2,2,39,322,276,688,547,1.10002,323,0.293631
025040107410003168d2a000a00000e2,2,2,40,322,276,688,547,1.10002,192,0.174542
025040107410003168d2a000a00000e2,2,2,41,322,276,688,547,1.10002,102,0.0927254
025040107410003168d2a000a00000e2,2,2,42,322,276,688,547,1.10002,177,0.160906
025040107410003168d2a000a00000e2,2,2,43,322,276,688,547,1.10002,203,0.184542
025040107410003168d2a000a00000e2,2,2,44,322,276,688,547,1.10002,83,0.0754531
025040107410003168d2a000a00000e2,2,2,45,322,276,688,547,1.10002,74,0.0672714
025040107410003168d2a000a00000e2,2,2,46,322,276,688,547,1.10002,88,0.0799984
025040107410003168d2a000a00000e2,2,2,47,322,276,688,547,1.10002,59,0.0536353
025040107410003168d2a000a00000e2,2,2,48,322,276,688,547,1.10002,109,0.0990889
025040107410003168d2a000a00000e2,2,2,49,322,276,688,547,1.10002,79,0.0718168
025040107410003168d2a000a00000e2,2,2,50,322,276,688,547,1.10002,90,0.0818166
025040107410003168d2a000a00000e2,2,2,51,322,276,688,547,1.10002,80,0.0727258
025040107410003168d2a000a00000e2,2,2,52,322,276,688,547,1.10002,87,0.0790893
025040107410003168d2a000a00000e2,2,2,53,322,276,688,547,1.10002,78,0.0709077
025040107410003168d2a000a00000e2,2,2,54,322,276,688,547,1.10002,80,0.0727258
025040107410003168d2a000a00000e2,2,2,55,322,276,688,547,1.10002,71,0.0645442
025040107410003168d2a000a00000e2,2,2,56,322,276,688,547,1.10002,105,0.0954527
025040107410003168d2a000a00000e2,2,2,57,322,276,688,547,1.10002,66,0.0599988
025040107410003168d2a000a00000e2,2,2,58,322,276,688,547,1.10002,81,0.0736349
025040107410003168d2a000a00000e2,2,2,59,322,276,688,547,1.10002,61,0.0554534
025040107410003168d2a000a00000e2,2,2,60,322,276,688,547,1.10002,68,0.061817
025040107410003168d2a000a00000e2,2,2,61,322,276,688,547,1.10002,50,0.0454536
025040107410003168d2a000a00000e2,2,2,62,322,276,688,547,1.10002,58,0.0527262
025040107410003168d2a000a00000e2,2,2,63,322,276,688,547,1.10002,51,0.0463627
025040107410003168d2a000a00000e2,2,2,0,322,276,689,548,1.07348,0,0
025040107410003168d2a000a00000e2,2,2,1,322,276,689,548,1.07348,33,0.0307412
025040107410003168d2a000a00000e2,2,2,2,322,276,689,548,1.07348,7,0.00652085
025040107410003168d2a000a00000e2,2,2,3,322,276,689,548,1.07348,77,0.0717294
025040107410003168d2a000a00000e2,2,2,4,322,276,689,548,1.07348,56,0.0521668
025040107410003168d2a000a00000e2,2,2,5,322,276,689,548,1.07348,34,0.0316727
025040107410003168d2a000a00000e2,2,2,6,322,276,689,548,1.07348,60,0.055893
025040107410003168d2a000a00000e2,2,2,7,322,276,689,548,1.07348,42,0.0391251
025040107410003168d2a000a00000e2,2,2,8,322,276,689,548,1.07348,51,0.0475091
025040107410003168d2a000a00000e2,2,2,9,322,276,689,548,1.07348,80,0.074524
025040107410003168d2a000a00000e2,2,2,10,322,276,689,548,1.07348,90,0.0838395
025040107410003168d2a000a00000e2,2,2,11,322,276,689,548,1.07348,82,0.0763871
025040107410003168d2a000a00000e2,2,2,12,322,276,689,548,1.07348,70,0.0652085
025040107410003168d2a000a00000e2,2,2,13,322,276,689,548,1.07348,77,0.0717294
025040107410003168d2a000a00000e2,2,2,14,322,276,689,548,1.07348,105,0.0978128
025040107410003168d2a000a00000e2,2,2,15,322,276,689,548,1.07348,72,0.0670716
025040107410003168d2a000a00000e2,2,2,16,322,276,689,548,1.07348,111,0.103402
025040107410003168d2a000a00000e2,2,2,17,322,276,689,548,1.07348,63,0.0586877
025040107410003168d2a000a00000e2,2,2,18,322,276,689,548,1.07348,74,0.0689347
025040107410003168d2a000a00000e2,2,2,19,322,276,689,548,1.07348,66,0.0614823
025040107410003168d2a000a00000e2,2,2,20,322,276,689,548,1.07348,156,0.145322
025040107410003168d2a000a00000e2,2,2,21,322,276,689,548,1.07348,401,0.373552
025040107410003168d2a000a00000e2,2,2,22,322,276,689,548,1.07348,329,0.30648
025040107410003168d2a000a00000e2,2,2,23,322,276,689,548,1.07348,2558,2.3829
025040107410003168d2a000a00000e2,2,2,24,322,276,689,548,1.07348,77,0.0717294
025040107410003168d2a000a00000e2,2,2,25,322,276,689,548,1.07348,66,0.0614823
025040107410003168d2a000a00000e2,2,2,26,322,276,689,548,1.07348,83,0.0773187
025040107410003168d2a000a00000e2,2,2,27,322,276,689,548,1.07348,104,0.0968812
025040107410003168d2a000a00000e2,2,2,28,322,276,689,548,1.07348,84,0.0782502
025040107410003168d2a000a00000e2,2,2,29,322,276,689,548,1.07348,232,0.21612
025040107410003168d2a000a00000e2,2,2,30,322,276,689,548,1.07348,110,0.102471
025040107410003168d2a000a00000e2,2,2,31,322,276,689,548,1.07348,9940,9.25961
025040107410003168d2a000a00000e2,2,2,32,322,276,689,548,1.07348,84,0.0782502
025040107410003168d2a000a00000e2,2,2,33,322,276,689,548,1.07348,158,0.147185
025040107410003168d2a000a00000e2,2,2,34,322,276,689,548,1.07348,76,0.0707978
025040107410003168d2a000a00000e2,2,2,35,322,276,689,548,1.07348,150,0.139733
025040107410003168d2a000a00000e2,2,2,36,322,276,689,548,1.07348,146,0.136006
025040107410003168d2a000a00000e2,2,2,37,322,276,689,548,1.07348,174,0.16209
025040107410003168d2a000a00000e2,2,2,38,322,276,689,548,1.07348,307,0.285986
025040107410003168d2a000a00000e2,2,2,39,322,276,689,548,1.07348,177,0.164884
025040107410003168d2a000a00000e2,2,2,40,322,276,689,548,1.07348,133,0.123896
025040107410003168d2a000a00000e2,2,2,41,322,276,689,548,1.07348,78,0.0726609
025040107410003168d2a000a00000e2,2,2,42,322,276,689,548,1.07348,122,0.113649
025040107410003168d2a000a00000e2,2,2,43,322,276,689,548,1.07348,134,0.124828
025040107410003168d2a000a00000e2,2,2,44,322,276,689,548,1.07348,69,0.064277
025040107410003168d2a000a00000e2,2,2,45,322,276,689,548,1.07348,57,0.0530984
025040107410003168d2a000a00000e2,2,2,46,322,276,689,548,1.07348,74,0.0689347
025040107410003168d2a000a00000e2,2,2,47,322,276,689,548,1.07348,46,0.0428513
025040107410003168d2a000a00000e2,2,2,48,322,276,689,548,1.07348,85,0.0791818
025040107410003168d2a000a00000e2,2,2,49,322,276,689,548,1.07348,64,0.0596192
025040107410003168d2a000a00000e2,2,2,50,322,276,689,548,1.07348,76,0.0707978
025040107410003168d2a000a00000e2,2,2,51,322,276,689,548,1.07348,65,0.0605508
025040107410003168d2a000a00000e2,2,2,52,322,276,689,548,1.07348,71,0.0661401
025040107410003168d2a000a00000e2,2,2,53,322,276,689,548,1.07348,59,0.0549615
025040107410003168d2a000a00000e2,2,2,54,322,276,689,548,1.07348,66,0.0614823
025040107410003168d2a000a00000e2,2,2,55,322,276,689,548,1.07348,56,0.0521668
025040107410003168d2a000a00000e2,2,2,56,322,276,689,548,1.07348,81,0.0754556
025040107410003168d2a000a00000e2,2,2,57,322,276,689,548,1.07348,53,0.0493722
025040107410003168d2a000a00000e2,2,2,58,322,276,689,548,1.07348,63,0.0586877
025040107410003168d2a000a00000e2,2,2,59,322,276,689,548,1.07348,47,0.0437829
025040107410003168d2a000a00000e2,2,2,60,322,276,689,548,1.07348,56,0.0521668
025040107410003168d2a000a00000e2,2,2,61,322,276,689,548,1.07348,40,0.037262
025040107410003168d2a000a00000e2,2,2,62,322,276,689,548,1.07348,50,0.0465775
025040107410003168d2a000a00000e2,2,2,63,322,276,689,548,1.07348,42,0.0391251
025040107410003168d2a000a00000e2,2,2,0,322,276,690,549,1.00565,0,0
025040107410003168d2a000a00000e2,2,2,1,322,276,690,549,1.00565,36,0.0357977
025040107410003168d2a000a00000e2,2,2,2,322,276,690,549,1.00565,6,0.00596629
025040107410003168d2a000a00000e2,2,2,3,322,276,690,549,1.00565,61,0.0606573
025040107410003168d2a000a00000e2,2,2,4,322,276,690,549,1.00565,53,0.0527022
025040107410003168d2a000a00000e2,2,2,5,322,276,690,549,1.00565,35,0.0348034
025040107410003168d2a000a00000e2,2,2,6,322,276,690,549,1.00565,55,0.054691
025040107410003168d2a000a00000e2,2,2,7,322,276,690,549,1.00565,39,0.0387809
025040107410003168d2a000a00000e2,2,2,8,322,276,690,549,1.00565,51,0.0507135
025040107410003168d2a000a00000e2,2,2,9,322,276,690,549,1.00565,66,0.0656292
025040107410003168d2a000a00000e2,2,2,10,322,276,690,549,1.00565,69,0.0686123
025040107410003168d2a000a00000e2,2,2,11,322,276,690,549,1.00565,61,0.0606573
025040107410003168d2a000a00000e2,2,2,12,322,276,690,549,1.00565,58,0.0576741
025040107410003168d2a000a00000e2,2,2,13,322,276,690,549,1.00565,62,0.0616517
025040107410003168d2a000a00000e2,2,2,14,322,276,690,549,1.00565,91,0.0904887
025040107410003168d2a000a00000e2,2,2,15,322,276,690,549,1.00565,59,0.0586685
025040107410003168d2a000a00000e2,2,2,16,322,276,690,549,1.00565,93,0.0924775
025040107410003168d2a000a00000e2,2,2,17,322,276,690,549,1.00565,56,0.0556854
025040107410003168d2a000a00000e2,2,2,18,322,276,690,549,1.00565,60,0.0596629
025040107410003168d2a000a00000e2,2,2,19,322,276,690,549,1.00565,54,0.0536966
025040107410003168d2a000a00000e2,2,2,20,322,276,690,549,1.00565,124,0.123303
025040107410003168d2a000a00000e2,2,2,21,322,276,690,549,1.00565,185,0.183961
025040107410003168d2a000a00000e2,2,2,22,322,276,690,549,1.00565,181,0.179983
025040107410003168d2a000a00000e2,2,2,23,322,276,690,549,1.00565,908,0.902899
025040107410003168d2a000a00000e2,2,2,24,322,276,690,549,1.00565,60,0.0596629
025040107410003168d2a000a00000e2,2,2,25,322,276,690,549,1.00565,57,0.0566798
025040107410003168d2a000a00000e2,2,2,26,322,276,690,549,1.00565,63,0.0626461
025040107410003168d2a000a00000e2,2,2,27,322,276,690,549,1.00565,89,0.0885
025040107410003168d2a000a00000e2,2,2,28,322,276,690,549,1.00565,68,0.067618
025040107410003168d2a000a00000e2,2,2,29,322,276,690,549,1.00565,146,0.14518
025040107410003168d2a000a00000e2,2,2,30,322,276,690,549,1.00565,92,0.0914831
025040107410003168d2a000a00000e2,2,2,31,322,276,690,549,1.00565,9996,9.93984
025040107410003168d2a000a00000e2,2,2,32,322,276,690,549,1.00565,65,0.0646348
025040107410003168d2a000a00000e2,2,2,33,322,276,690,549,1.00565,121,0.12032
025040107410003168d2a000a00000e2,2,2,34,322,276,690,549,1.00565,60,0.0596629
025040107410003168d2a000a00000e2,2,2,35,322,276,690,549,1.00565,111,0.110376
025040107410003168d2a000a00000e2,2,2,36,322,276,690,549,1.00565,110,0.109382
025040107410003168d2a000a00000e2,2,2,37,322,276,690,549,1.00565,122,0.121315
025040107410003168d2a000a00000e2,2,2,38,322,276,690,549,1.00565,156,0.155124
025040107410003168d2a000a00000e2,2,2,39,322,276,690,549,1.00565,131,0.130264
025040107410003168d2a000a00000e2,2,2,40,322,276,690,549,1.00565,107,0.106399
025040107410003168d2a000a00000e2,2,2,41,322,276,690,549,1.00565,61,0.0606573
025040107410003168d2a000a00000e2,2,2,42,322,276,690,549,1.00565,101,0.100433
025040107410003168d2a000a00000e2,2,2,43,322,276,690,549,1.00565,111,0.110376
025040107410003168d2a000a00000e2,2,2,44,322,276,690,549,1.00565,57,0.0566798
025040107410003168d2a000a00000e2,2,2,45,322,276,690,549,1.00565,52,0.0517079
025040107410003168d2a000a00000e2,2,2,46,322,276,690,549,1.00565,60,0.0596629
025040107410003168d2a000a00000e2,2,2,47,322,276,690,549,1.00565,43,0.0427584
025040107410003168d2a000a00000e2,2,2,48,322,276,690,549,1.00565,66,0.0656292
025040107410003168d2a000a00000e2,2,2,49,322,276,690,549,1.00565,54,0.0536966
025040107410003168d2a000a00000e2,2,2,50,322,276,690,549,1.00565,60,0.0596629
025040107410003168d2a000a00000e2,2,2,51,322,276,690,549,1.00565,53,0.0527022
025040107410003168d2a000a00000e2,2,2,52,322,276,690,549,1.00565,59,0.0586685
025040107410003168d2a000a00000e2,2,2,53,322,276,690,549,1.00565,52,0.0517079
025040107410003168d2a000a00000e2,2,2,54,322,276,690,549,1.00565,56,0.0556854
025040107410003168d2a000a00000e2,2,2,55,322,276,690,549,1.00565,50,0.0497191
025040107410003168d2a000a00000e2,2,2,56,322,276,690,549,1.00565,67,0.0666236
025040107410003168d2a000a00000e2,2,2,57,322,276,690,549,1.00565,47,0.0467359
025040107410003168d2a000a00000e2,2,2,58,322,276,690,549,1.00565,55,0.054691
025040107410003168d2a000a00000e2,2,2,59,322,276,690,549,1.00565,44,0.0437528
025040107410003168d2a000a00000e2,2,2,60,322,276,690,549,1.00565,51,0.0507135
025040107410003168d2a000a00000e2,2,2,61,322,276,690,549,1.00565,37,0.0367921
025040107410003168d2a000a00000e2,2,2,62,322,276,690,549,1.00565,42,0.041764
025040107410003168d2a000a00000e2,2,2,63,322,276,690,549,1.00565,39,0.0387809
025040107410003168d2a000a00000e2,2,2,0,322,276,691,549,1.08528,0,0
025040107410003168d2a000a00000e2,2,2,1,322,276,691,549,1.08528,19,0.0175071
025040107410003168d2a000a00000e2,2,2,2,322,276,691,549,1.08528,2,0.00184285
025040107410003168d2a000a00000e2,2,2,3,322,276,691,549,1.08528,40,0.036857
025040107410003168d2a000a00000e2,2,2,4,322,276,691,549,1.08528,33,0.030407
025040107410003168d2a000a00000e2,2,2,5,322,276,691,549,1.08528,18,0.0165856
025040107410003168d2a000a00000e2,2,2,6,322,276,691,549,1.08528,33,0.030407
025040107410003168d2a000a00000e2,2,2,7,322,276,691,549,1.08528,25,0.0230356
025040107410003168d2a000a00000e2,2,2,8,322,276,691,549,1.08528,31,0.0285642
025040107410003168d2a000a00000e2,2,2,9,322,276,691,549,1.08528,39,0.0359356
025040107410003168d2a000a00000e2,2,2,10,322,276,691,549,1.08528,46,0.0423855
025040107410003168d2a000a00000e2,2,2,11,322,276,691,549,1.08528,43,0.0396213
025040107410003168d2a000a00000e2,2,2,12,322,276,691,549,1.08528,36,0.0331713
025040107410003168d2a000a00000e2,2,2,13,322,276,691,549,1.08528,40,0.036857
025040107410003168d2a000a00000e2,2,2,14,322,276,691,549,1.08528,60,0.0552855
025040107410003168d2a000a00000e2,2,2,15,322,276,691,549,1.08528,36,0.0331713
025040107410003168d2a000a00000e2,2,2,16,322,276,691,549,1.08528,65,0.0598926
025040107410003168d2a000a00000e2,2,2,17,322,276,691,549,1.08528,35,0.0322499
025040107410003168d2a000a00000e2,2,2,18,322,276,691,549,1.08528,38,0.0350141
025040107410003168d2a000a00000e2,2,2,19,322,276,691,549,1.08528,35,0.0322499
025040107410003168d2a000a00000e2,2,2,20,322,276,691,549,1.08528,80,0.073714
025040107410003168d2a000a00000e2,2,2,21,322,276,691,549,1.08528,105,0.0967496
025040107410003168d2a000a00000e2,2,2,22,322,276,691,549,1.08528,101,0.0930639
025040107410003168d2a000a00000e2,2,2,23,322,276,691,549,1.08528,233,0.214692
025040107410003168d2a000a00000e2,2,2,24,322,276,691,549,1.08528,42,0.0386998
025040107410003168d2a000a00000e2,2,2,25,322,276,691,549,1.08528,35,0.0322499
025040107410003168d2a000a00000e2,2,2,26,322,276,691,549,1.08528,42,0.0386998
025040107410003168d2a000a00000e2,2,2,27,322,276,691,549,1.08528,63,0.0580497
025040107410003168d2a000a00000e2,2,2,28,322,276,691,549,1.08528,47,0.0433069
025040107410003168d2a000a00000e2,2,2,29,322,276,691,549,1.08528,89,0.0820068
025040107410003168d2a000a00000e2,2,2,30,322,276,691,549,1.08528,63,0.0580497
025040107410003168d2a000a00000e2,2,2,31,322,276,691,549,1.08528,8245,7.59714
025040107410003168d2a000a00000e2,2,2,32,322,276,691,549,1.08528,48,0.0442284
025040107410003168d2a000a00000e2,2,2,33,322,276,691,549,1.08528,76,0.0700283
025040107410003168d2a000a00000e2,2,2,34,322,276,691,549,1.08528,39,0.0359356
025040107410003168d2a000a00000e2,2,2,35,322,276,691,549,1.08528,78,0.0718711
025040107410003168d2a000a00000e2,2,2,36,322,276,691,549,1.08528,75,0.0691068
025040107410003168d2a000a00000e2,2,2,37,322,276,691,549,1.08528,73,0.067264
025040107410003168d2a000a00000e2,2,2,38,322,276,691,549,1.08528,99,0.091221
025040107410003168d2a000a00000e2,2,2,39,322,276,691,549,1.08528,87,0.0801639
025040107410003168d2a000a00000e2,2,2,40,322,276,691,549,1.08528,73,0.067264
025040107410003168d2a000a00000e2,2,2,41,322,276,691,549,1.08528,40,0.036857
025040107410003168d2a000a00000e2,2,2,42,322,276,691,549,1.08528,69,0.0635783
025040107410003168d2a000a00000e2,2,2,43,322,276,691,549,1.08528,72,0.0663426
025040107410003168d2a000a00000e2,2,2,44,322,276,691,549,1.08528,35,0.0322499
025040107410003168d2a000a00000e2,2,2,45,322,276,691,549,1.08528,34,0.0313284
025040107410003168d2a000a00000e2,2,2,46,322,276,691,549,1.08528,40,0.036857
025040107410003168d2a000a00000e2,2,2,47,322,276,691,549,1.08528,28,0.0257999
025040107410003168d2a000a00000e2,2,2,48,322,276,691,549,1.08528,44,0.0405427
025040107410003168d2a000a00000e2,2,2,49,322,276,691,549,1.08528,35,0.0322499
025040107410003168d2a000a00000e2,2,2,50,322,276,691,549,1.08528,41,0.0377784
025040107410003168d2a000a00000e2,2,2,51,322,276,691,549,1.08528,34,0.0313284
025040107410003168d2a000a00000e2,2,2,52,322,276,691,549,1.08528,39,0.0359356
025040107410003168d2a000a00000e2,2,2,53,322,276,691,549,1.08528,34,0.0313284
025040107410003168d2a000a00000e2,2,2,54,322,276,691,549,1.08528,35,0.0322499
025040107410003168d2a000a00000e2,2,2,55,322,276,691,549,1.08528,33,0.030407
025040107410003168d2a000a00000e2,2,2,56,322,276,691,549,1.08528,44,0.0405427
025040107410003168d2a000a00000e2,2,2,57,322,276,691,549,1.08528,30,0.0276427
025040107410003168d2a000a00000e2,2,2,58,322,276,691,549,1.08528,33,0.030407
025040107410003168d2a000a00000e2,2,2,59,322,276,691,549,1.08528,29,0.0267213
025040107410003168d2a000a00000e2,2,2,60,322,276,691,549,1.08528,31,0.0285642
025040107410003168d2a000a00000e2,2,2,61,322,276,691,549,1.08528,23,0.0211928
025040107410003168d2a000a00000e2,2,2,62,322,276,691,549,1.08528,28,0.0257999
025040107410003168d2a000a00000e2,2,2,63,322,276,691,549,1.08528,26,0.023957
025040107410003168d2a000a00000e2,2,2,0,322,276,692,550,1.00123,0,0
025040107410003168d2a000a00000e2,2,2,1,322,276,692,550,1.00123,25,0.0249694
025040107410003168d2a000a00000e2,2,2,2,322,276,692,550,1.00123,1,0.000998775
025040107410003168d2a000a00000e2,2,2,3,322,276,692,550,1.00123,49,0.04894
025040107410003168d2a000a00000e2,2,2,4,322,276,692,550,1.00123,41,0.0409498
025040107410003168d2a000a00000e2,2,2,5,322,276,692,550,1.00123,25,0.0249694
025040107410003168d2a000a00000e2,2,2,6,322,276,692,550,1.00123,40,0.039951
025040107410003168d2a000a00000e2,2,2,7,322,276,692,550,1.00123,29,0.0289645
025040107410003168d2a000a00000e2,2,2,8,322,276,692,550,1.00123,33,0.0329596
025040107410003168d2a000a00000e2,2,2,9,322,276,692,550,1.00123,50,0.0499388
025040107410003168d2a000a00000e2,2,2,10,322,276,692,550,1.00123,57,0.0569302
025040107410003168d2a000a00000e2,2,2,11,322,276,692,550,1.00123,51,0.0509375
025040107410003168d2a000a00000e2,2,2,12,322,276,692,550,1.00123,46,0.0459437
025040107410003168d2a000a00000e2,2,2,13,322,276,692,550,1.00123,48,0.0479412
025040107410003168d2a000a00000e2,2,2,14,322,276,692,550,1.00123,74,0.0739094
025040107410003168d2a000a00000e2,2,2,15,322,276,692,550,1.00123,46,0.0459437
025040107410003168d2a000a00000e2,2,2,16,322,276,692,550,1.00123,70,0.0699143
025040107410003168d2a000a00000e2,2,2,17,322,276,692,550,1.00123,43,0.0429473
025040107410003168d2a000a00000e2,2,2,18,322,276,692,550,1.00123,48,0.0479412
025040107410003168d2a000a00000e2,2,2,19,322,276,692,550,1.00123,44,0.0439461
025040107410003168d2a000a00000e2,2,2,20,322,276,692,550,1.00123,90,0.0898898
025040107410003168d2a000a00000e2,2,2,21,322,276,692,550,1.00123,102,0.101875
025040107410003168d2a000a00000e2,2,2,22,322,276,692,550,1.00123,103,0.102874
025040107410003168d2a000a00000e2,2,2,23,322,276,692,550,1.00123,162,0.161802
025040107410003168d2a000a00000e2,2,2,24,322,276,692,550,1.00123,55,0.0549326
025040107410003168d2a000a00000e2,2,2,25,322,276,692,550,1.00123,44,0.0439461
025040107410003168d2a000a00000e2,2,2,26,322,276,692,550,1.00123,57,0.0569302
025040107410003168d2a000a00000e2,2,2,27,322,276,692,550,1.00123,70,0.0699143
025040107410003168d2a000a00000e2,2,2,28,322,276,692,550,1.00123,59,0.0589277
025040107410003168d2a000a00000e2,2,2,29,322,276,692,550,1.00123,94,0.0938849
025040107410003168d2a000a00000e2,2,2,30,322,276,692,550,1.00123,74,0.0739094
025040107410003168d2a000a00000e2,2,2,31,322,276,692,550,1.00123,7877,7.86735
025040107410003168d2a000a00000e2,2,2,32,322,276,692,550,1.00123,60,0.0599265
025040107410003168d2a000a00000e2,2,2,33,322,276,692,550,1.00123,82,0.0818996
025040107410003168d2a000a00000e2,2,2,34,322,276,692,550,1.00123,50,0.0499388
025040107410003168d2a000a00000e2,2,2,35,322,276,692,550,1.00123,87,0.0868934
025040107410003168d2a000a00000e2,2,2,36,322,276,692,550,1.00123,88,0.0878922
025040107410003168d2a000a00000e2,2,2,37,322,276,692,550,1.00123,88,0.0878922
025040107410003168d2a000a00000e2,2,2,38,322,276,692,550,1.00123,105,0.104871
025040107410003168d2a000a00000e2,2,2,39,322,276,692,550,1.00123,96,0.0958824
025040107410003168d2a000a00000e2,2,2,40,322,276,692,550,1.00123,88,0.0878922
025040107410003168d2a000a00000e2,2,2,41,322,276,692,550,1.00123,48,0.0479412
025040107410003168d2a000a00000e2,2,2,42,322,276,692,550,1.00123,80,0.079902
025040107410003168d2a000a00000e2,2,2,43,322,276,692,550,1.00123,82,0.0818996
025040107410003168d2a000a00000e2,2,2,44,322,276,692,550,1.00123,48,0.0479412
025040107410003168d2a000a00000e2,2,2,45,322,276,692,550,1.00123,42,0.0419486
025040107410003168d2a000a00000e2,2,2,46,322,276,692,550,1.00123,51,0.0509375
025040107410003168d2a000a00000e2,2,2,47,322,276,692,550,1.00123,31,0.030962
025040107410003168d2a000a00000e2,2,2,48,322,276,692,550,1.00123,62,0.0619241
025040107410003168d2a000a00000e2,2,2,49,322,276,692,550,1.00123,43,0.0429473
025040107410003168d2a000a00000e2,2,2,50,322,276,692,550,1.00123,53,0.0529351
025040107410003168d2a000a00000e2,2,2,51,322,276,692,550,1.00123,43,0.0429473
025040107410003168d2a000a00000e2,2,2,52,322,276,692,550,1.00123,49,0.04894
025040107410003168d2a000a00000e2,2,2,53,322,276,692,550,1.00123,42,0.0419486
025040107410003168d2a000a00000e2,2,2,54,322,276,692,550,1.00123,46,0.0459437
025040107410003168d2a000a00000e2,2,2,55,322,276,692,550,1.00123,42,0.0419486
025040107410003168d2a000a00000e2,2,2,56,322,276,692,550,1.00123,56,0.0559314
025040107410003168d2a000a00000e2,2,2,57,322,276,692,550,1.00123,37,0.0369547
025040107410003168d2a000a00000e2,2,2,58,322,276,692,550,1.00123,43,0.0429473
025040107410003168d2a000a00000e2,2,2,59,322,276,692,550,1.00123,32,0.0319608
025040107410003168d2a000a00000e2,2,2,60,322,276,692,550,1.00123,38,0.0379535
025040107410003168d2a000a00000e2,2,2,61,322,276,692,550,1.00123,28,0.0279657
025040107410003168d2a000a00000e2,2,2,62,322,276,692,550,1.00123,33,0.0329596
025040107410003168d2a000a00000e2,2,2,63,322,276,692,550,1.00123,30,0.0299633
025040107410003168d2a000a00000e2,2,2,0,322,276,693,551,1.04841,0,0
025040107410003168d2a000a00000e2,2,2,1,322,276,693,551,1.04841,23,0.0219379
025040107410003168d2a000a00000e2,2,2,2,322,276,693,551,1.04841,0,0
025040107410003168d2a000a00000e2,2,2,3,322,276,693,551,1.04841,53,0.0505526
025040107410003168d2a000a00000e2,2,2,4,322,276,693,551,1.04841,42,0.0400606
025040107410003168d2a000a00000e2,2,2,5,322,276,693,551,1.04841,24,0.0228918
025040107410003168d2a000a00000e2,2,2,6,322,276,693,551,1.04841,44,0.0419682
025040107410003168d2a000a00000e2,2,2,7,322,276,693,551,1.04841,29,0.0276609
025040107410003168d2a000a00000e2,2,2,8,322,276,693,551,1.04841,36,0.0343376
025040107410003168d2a000a00000e2,2,2,9,322,276,693,551,1.04841,55,0.0524603
025040107410003168d2a000a00000e2,2,2,10,322,276,693,551,1.04841,56,0.0534141
025040107410003168d2a000a00000e2,2,2,11,322,276,693,551,1.04841,54,0.0515065
025040107410003168d2a000a00000e2,2,2,12,322,276,693,551,1.04841,52,0.0495988
025040107410003168d2a000a00000e2,2,2,13,322,276,693,551,1.04841,52,0.0495988
025040107410003168d2a000a00000e2,2,2,14,322,276,693,551,1.04841,64,0.0610447
025040107410003168d2a000a00000e2,2,2,15,322,276,693,551,1.04841,51,0.048645
025040107410003168d2a000a00000e2,2,2,16,322,276,693,551,1.04841,63,0.0600909
025040107410003168d2a000a00000e2,2,2,17,322,276,693,551,1.04841,48,0.0457835
025040107410003168d2a000a00000e2,2,2,18,322,276,693,551,1.04841,53,0.0505526
025040107410003168d2a000a00000e2,2,2,19,322,276,693,551,1.04841,51,0.048645
025040107410003168d2a000a00000e2,2,2,20,322,276,693,551,1.04841,74,0.0705829
025040107410003168d2a000a00000e2,2,2,21,322,276,693,551,1.04841,81,0.0772597
025040107410003168d2a000a00000e2,2,2,22,322,276,693,551,1.04841,88,0.0839365
025040107410003168d2a000a00000e2,2,2,23,322,276,693,551,1.04841,120,0.114459
025040107410003168d2a000a00000e2,2,2,24,322,276,693,551,1.04841,54,0.0515065
025040107410003168d2a000a00000e2,2,2,25,322,276,693,551,1.04841,50,0.0476912
025040107410003168d2a000a00000e2,2,2,26,322,276,693,551,1.04841,54,0.0515065
025040107410003168d2a000a00000e2,2,2,27,322,276,693,551,1.04841,64,0.0610447
025040107410003168d2a000a00000e2,2,2,28,322,276,693,551,1.04841,57,0.0543679
025040107410003168d2a000a00000e2,2,2,29,322,276,693,551,1.04841,75,0.0715368
025040107410003168d2a000a00000e2,2,2,30,322,276,693,551,1.04841,65,0.0619985
025040107410003168d2a000a00000e2,2,2,31,322,276,693,551,1.04841,9171,8.74751
025040107410003168d2a000a00000e2,2,2,32,322,276,693,551,1.04841,56,0.0534141
025040107410003168d2a000a00000e2,2,2,33,322,276,693,551,1.04841,70,0.0667676
025040107410003168d2a000a00000e2,2,2,34,322,276,693,551,1.04841,54,0.0515065
025040107410003168d2a000a00000e2,2,2,35,322,276,693,551,1.04841,74,0.0705829
025040107410003168d2a000a00000e2,2,2,36,322,276,693,551,1.04841,75,0.0715368
025040107410003168d2a000a00000e2,2,2,37,322,276,693,551,1.04841,69,0.0658138
025040107410003168d2a000a00000e2,2,2,38,322,276,693,551,1.04841,85,0.081075
025040107410003168d2a000a00000e2,2,2,39,322,276,693,551,1.04841,79,0.075352
025040107410003168d2a000a00000e2,2,2,40,322,276,693,551,1.04841,75,0.0715368
025040107410003168d2a000a00000e2,2,2,41,322,276,693,551,1.04841,56,0.0534141
025040107410003168d2a000a00000e2,2,2,42,322,276,693,551,1.04841,73,0.0696291
025040107410003168d2a000a00000e2,2,2,43,322,276,693,551,1.04841,68,0.06486
025040107410003168d2a000a00000e2,2,2,44,322,276,693,551,1.04841,52,0.0495988
025040107410003168d2a000a00000e2,2,2,45,322,276,693,551,1.04841,44,0.0419682
025040107410003168d2a000a00000e2,2,2,46,322,276,693,551,1.04841,54,0.0515065
025040107410003168d2a000a00000e2,2,2,47,322,276,693,551,1.04841,31,0.0295685
025040107410003168d2a000a00000e2,2,2,48,322,276,693,551,1.04841,56,0.0534141
025040107410003168d2a000a00000e2,2,2,49,322,276,693,551,1.04841,47,0.0448297
025040107410003168d2a000a00000e2,2,2,50,322,276,693,551,1.04841,55,0.0524603
025040107410003168d2a000a00000e2,2,2,51,322,276,693,551,1.04841,48,0.0457835
025040107410003168d2a000a00000e2,2,2,52,322,276,693,551,1.04841,54,0.0515065
025040107410003168d2a000a00000e2,2,2,53,322,276,693,551,1.04841,48,0.0457835
025040107410003168d2a000a00000e2,2,2,54,322,276,693,551,1.04841,50,0.0476912
025040107410003168d2a000a00000e2,2,2,55,322,276,693,551,1.04841,42,0.0400606
025040107410003168d2a000a00000e2,2,2,56,322,276,693,551,1.04841,56,0.0534141
025040107410003168d2a000a00000e2,2,2,57,322,276,693,551,1.04841,35,0.0333838
025040107410003168d2a000a00000e2,2,2,58,322,276,693,551,1.04841,48,0.0457835
025040107410003168d2a000a00000e2,2,2,59,322,276,693,551,1.04841,34,0.03243
025040107410003168d2a000a00000e2,2,2,60,322,276,693,551,1.04841,39,0.0371991
025040107410003168d2a000a00000e2,2,2,61,322,276,693,551,1.04841,26,0.0247994
025040107410003168d2a000a00000e2,2,2,62,322,276,693,551,1.04841,33,0.0314762
025040107410003168d2a000a00000e2,2,2,63,322,276,693,551,1.04841,27,0.0257532
025040107410003168d2a000a00000e2,2,2,0,322,276,694,552,1.02924,0,0
025040107410003168d2a000a00000e2,2,2,1,322,276,694,552,1.02924,19,0.0184602
025040107410003168d2a000a00000e2,2,2,2,322,276,694,552,1.02924,0,0
025040107410003168d2a000a00000e2,2,2,3,322,276,694,552,1.02924,36,0.0349772
025040107410003168d2a000a00000e2,2,2,4,322,276,694,552,1.02924,30,0.0291476
025040107410003168d2a000a00000e2,2,2,5,322,276,694,552,1.02924,18,0.0174886
025040107410003168d2a000a00000e2,2,2,6,322,276,694,552,1.02924,32,0.0310908
025040107410003168d2a000a00000e2,2,2,7,322,276,694,552,1.02924,24,0.0233181
025040107410003168d2a000a00000e2,2,2,8,322,276,694,552,1.02924,29,0.0281761
025040107410003168d2a000a00000e2,2,2,9,322,276,694,552,1.02924,37,0.0359488
025040107410003168d2a000a00000e2,2,2,10,322,276,694,552,1.02924,41,0.0398351
025040107410003168d2a000a00000e2,2,2,11,322,276,694,552,1.02924,38,0.0369203
025040107410003168d2a000a00000e2,2,2,12,322,276,694,552,1.02924,33,0.0320624
025040107410003168d2a000a00000e2,2,2,13,322,276,694,552,1.02924,36,0.0349772
025040107410003168d2a000a00000e2,2,2,14,322,276,694,552,1.02924,49,0.0476078
025040107410003168d2a000a00000e2,2,2,15,322,276,694,552,1.02924,35,0.0340056
025040107410003168d2a000a00000e2,2,2,16,322,276,694,552,1.02924,50,0.0485794
025040107410003168d2a000a00000e2,2,2,17,322,276,694,552,1.02924,32,0.0310908
025040107410003168d2a000a00000e2,2,2,18,322,276,694,552,1.02924,38,0.0369203
025040107410003168d2a000a00000e2,2,2,19,322,276,694,552,1.02924,32,0.0310908
025040107410003168d2a000a00000e2,2,2,20,322,276,694,552,1.02924,64,0.0621816
025040107410003168d2a000a00000e2,2,2,21,322,276,694,552,1.02924,69,0.0670396
025040107410003168d2a000a00000e2,2,2,22,322,276,694,552,1.02924,72,0.0699543
025040107410003168d2a000a00000e2,2,2,23,322,276,694,552,1.02924,97,0.094244
025040107410003168d2a000a00000e2,2,2,24,322,276,694,552,1.02924,40,0.0388635
025040107410003168d2a000a00000e2,2,2,25,322,276,694,552,1.02924,33,0.0320624
025040107410003168d2a000a00000e2,2,2,26,322,276,694,552,1.02924,40,0.0388635
025040107410003168d2a000a00000e2,2,2,27,322,276,694,552,1.02924,50,0.0485794
025040107410003168d2a000a00000e2,2,2,28,322,276,694,552,1.02924,40,0.0388635
025040107410003168d2a000a00000e2,2,2,29,322,276,694,552,1.02924,69,0.0670396
025040107410003168d2a000a00000e2,2,2,30,322,276,694,552,1.02924,51,0.049551
025040107410003168d2a000a00000e2,2,2,31,322,276,694,552,1.02924,7314,7.10619
025040107410003168d2a000a00000e2,2,2,32,322,276,694,552,1.02924,40,0.0388635
025040107410003168d2a000a00000e2,2,2,33,322,276,694,552,1.02924,58,0.0563521
025040107410003168d2a000a00000e2,2,2,34,322,276,694,552,1.02924,39,0.0378919
025040107410003168d2a000a00000e2,2,2,35,322,276,694,552,1.02924,63,0.06121
025040107410003168d2a000a00000e2,2,2,36,322,276,694,552,1.02924,63,0.06121
025040107410003168d2a000a00000e2,2,2,37,322,276,694,552,1.02924,59,0.0573237
025040107410003168d2a000a00000e2,2,2,38,322,276,694,552,1.02924,71,0.0689827
025040107410003168d2a000a00000e2,2,2,39,322,276,694,552,1.02924,72,0.0699543
025040107410003168d2a000a00000e2,2,2,40,322,276,694,552,1.02924,65,0.0631532
025040107410003168d2a000a00000e2,2,2,41,322,276,694,552,1.02924,37,0.0359488
025040107410003168d2a000a00000e2,2,2,42,322,276,694,552,1.02924,58,0.0563521
025040107410003168d2a000a00000e2,2,2,43,322,276,694,552,1.02924,58,0.0563521
025040107410003168d2a000a00000e2,2,2,44,322,276,694,552,1.02924,34,0.033034
025040107410003168d2a000a00000e2,2,2,45,322,276,694,552,1.02924,31,0.0301192
025040107410003168d2a000a00000e2,2,2,46,322,276,694,552,1.02924,37,0.0359488
025040107410003168d2a000a00000e2,2,2,47,322,276,694,552,1.02924,25,0.0242897
025040107410003168d2a000a00000e2,2,2,48,322,276,694,552,1.02924,40,0.0388635
025040107410003168d2a000a00000e2,2,2,49,322,276,694,552,1.02924,31,0.0301192
025040107410003168d2a000a00000e2,2,2,50,322,276,694,552,1.02924,39,0.0378919
025040107410003168d2a000a00000e2,2,2,51,322,276,694,552,1.02924,32,0.0310908
025040107410003168d2a000a00000e2,2,2,52,322,276,694,552,1.02924,34,0.033034
025040107410003168d2a000a00000e2,2,2,53,322,276,694,552,1.02924,31,0.0301192
025040107410003168d2a000a00000e2,2,2,54,322,276,694,552,1.02924,33,0.0320624
025040107410003168d2a000a00000e2,2,2,55,322,276,694,552,1.02924,31,0.0301192
025040107410003168d2a000a00000e2,2,2,56,322,276,694,552,1.02924,40,0.0388635
025040107410003168d2a000a00000e2,2,2,57,322,276,694,552,1.02924,28,0.0272045
025040107410003168d2a000a00000e2,2,2,58,322,276,694,552,1.02924,31,0.0301192
025040107410003168d2a000a00000e2,2,2,59,322,276,694,552,1.02924,27,0.0262329
025040107410003168d2a000a00000e2,2,2,60,322,276,694,552,1.02924,29,0.0281761
025040107410003168d2a000a00000e2,2,2,61,322,276,694,552,1.02924,23,0.0223465
025040107410003168d2a000a00000e2,2,2,62,322,276,694,552,1.02924,26,0.0252613
025040107410003168d2a000a00000e2,2,2,63,322,276,694,552,1.02924,24,0.0233181
025040107410003168d2a000a00000e2,2,2,0,322,276,695,553,1.01155,0,0
025040107410003168d2a000a00000e2,2,2,1,322,276,695,553,1.01155,11,0.0108744
025040107410003168d2a000a00000e2,2,2,2,322,276,695,553,1.01155,0,0
025040107410003168d2a000a00000e2,2,2,3,322,276,695,553,1.01155,33,0.0326233
025040107410003168d2a000a00000e2,2,2,4,322,276,695,553,1.01155,21,0.0207603
025040107410003168d2a000a00000e2,2,2,5,322,276,695,553,1.01155,13,0.0128516
025040107410003168d2a000a00000e2,2,2,6,322,276,695,553,1.01155,25,0.0247146
025040107410003168d2a000a00000e2,2,2,7,322,276,695,553,1.01155,16,0.0158173
025040107410003168d2a000a00000e2,2,2,8,322,276,695,553,1.01155,18,0.0177945
025040107410003168d2a000a00000e2,2,2,9,322,276,695,553,1.01155,36,0.035589
025040107410003168d2a000a00000e2,2,2,10,322,276,695,553,1.01155,38,0.0375662
025040107410003168d2a000a00000e2,2,2,11,322,276,695,553,1.01155,36,0.035589
025040107410003168d2a000a00000e2,2,2,12,322,276,695,553,1.01155,32,0.0316347
025040107410003168d2a000a00000e2,2,2,13,322,276,695,553,1.01155,35,0.0346004
025040107410003168d2a000a00000e2,2,2,14,322,276,695,553,1.01155,46,0.0454748
025040107410003168d2a000a00000e2,2,2,15,322,276,695,553,1.01155,32,0.0316347
025040107410003168d2a000a00000e2,2,2,16,322,276,695,553,1.01155,42,0.0415205
025040107410003168d2a000a00000e2,2,2,17,322,276,695,553,1.01155,27,0.0266918
025040107410003168d2a000a00000e2,2,2,18,322,276,695,553,1.01155,35,0.0346004
025040107410003168d2a000a00000e2,2,2,19,322,276,695,553,1.01155,29,0.0286689
025040107410003168d2a000a00000e2,2,2,20,322,276,695,553,1.01155,52,0.0514064
025040107410003168d2a000a00000e2,2,2,21,322,276,695,553,1.01155,53,0.0523949
025040107410003168d2a000a00000e2,2,2,22,322,276,695,553,1.01155,57,0.0563493
025040107410003168d2a000a00000e2,2,2,23,322,276,695,553,1.01155,79,0.0780981
025040107410003168d2a000a00000e2,2,2,24,322,276,695,553,1.01155,34,0.0336118
025040107410003168d2a000a00000e2,2,2,25,322,276,695,553,1.01155,27,0.0266918
025040107410003168d2a000a00000e2,2,2,26,322,276,695,553,1.01155,38,0.0375662
025040107410003168d2a000a00000e2,2,2,27,322,276,695,553,1.01155,43,0.0425091
025040107410003168d2a000a00000e2,2,2,28,322,276,695,553,1.01155,38,0.0375662
025040107410003168d2a000a00000e2,2,2,29,322,276,695,553,1.01155,54,0.0533835
025040107410003168d2a000a00000e2,2,2,30,322,276,695,553,1.01155,45,0.0444863
025040107410003168d2a000a00000e2,2,2,31,322,276,695,553,1.01155,4990,4.93303
025040107410003168d2a000a00000e2,2,2,32,322,276,695,553,1.01155,38,0.0375662
025040107410003168d2a000a00000e2,2,2,33,322,276,695,553,1.01155,45,0.0444863
025040107410003168d2a000a00000e2,2,2,34,322,276,695,553,1.01155,34,0.0336118
025040107410003168d2a000a00000e2,2,2,35,322,276,695,553,1.01155,50,0.0494292
025040107410003168d2a000a00000e2,2,2,36,322,276,695,553,1.01155,54,0.0533835
025040107410003168d2a000a00000e2,2,2,37,322,276,695,553,1.01155,46,0.0454748
025040107410003168d2a000a00000e2,2,2,38,322,276,695,553,1.01155,60,0.059315
025040107410003168d2a000a00000e2,2,2,39,322,276,695,553,1.01155,59,0.0583264
025040107410003168d2a000a00000e2,2,2,40,322,276,695,553,1.01155,53,0.0523949
025040107410003168d2a000a00000e2,2,2,41,322,276,695,553,1.01155,34,0.0336118
025040107410003168d2a000a00000e2,2,2,42,322,276,695,553,1.01155,51,0.0504178
025040107410003168d2a000a00000e2,2,2,43,322,276,695,553,1.01155,47,0.0464634
025040107410003168d2a000a00000e2,2,2,44,322,276,695,553,1.01155,32,0.0316347
025040107410003168d2a000a00000e2,2,2,45,322,276,695,553,1.01155,21,0.0207603
025040107410003168d2a000a00000e2,2,2,46,322,276,695,553,1.01155,35,0.0346004
025040107410003168d2a000a00000e2,2,2,47,322,276,695,553,1.01155,16,0.0158173
025040107410003168d2a000a00000e2,2,2,48,322,276,695,553,1.01155,38,0.0375662
025040107410003168d2a000a00000e2,2,2,49,322,276,695,553,1.01155,24,0.023726
025040107410003168d2a000a00000e2,2,2,50,322,276,695,553,1.01155,36,0.035589
025040107410003168d2a000a00000e2,2,2,51,322,276,695,553,1.01155,28,0.0276803
025040107410003168d2a000a00000e2,2,2,52,322,276,695,553,1.01155,33,0.0326233
025040107410003168d2a000a00000e2,2,2,53,322,276,695,553,1.01155,21,0.0207603
025040107410003168d2a000a00000e2,2,2,54,322,276,695,553,1.01155,29,0.0286689
025040107410003168d2a000a00000e2,2,2,55,322,276,695,553,1.01155,20,0.0197717
025040107410003168d2a000a00000e2,2,2,56,322,276,695,553,1.01155,37,0.0365776
025040107410003168d2a000a00000e2,2,2,57,322,276,695,553,1.01155,17,0.0168059
025040107410003168d2a000a00000e2,2,2,58,322,276,695,553,1.01155,24,0.023726
025040107410003168d2a000a00000e2,2,2,59,322,276,695,553,1.01155,17,0.0168059
025040107410003168d2a000a00000e2,2,2,60,322,276,695,553,1.01155,21,0.0207603
025040107410003168d2a000a00000e2,2,2,61,322,276,695,553,1.01155,13,0.0128516
025040107410003168d2a000a00000e2,2,2,62,322,276,695,553,1.01155,17,0.0168059
025040107410003168d2a000a00000e2,2,2,63,322,276,695,553,1.01155,16,0.0158173
025040107410003168d2a000a00000e2,2,2,0,322,276,696,554,1.04841,0,0
025040107410003168d2a000a00000e2,2,2,1,322,276,696,554,1.04841,19,0.0181226
025040107410003168d2a000a00000e2,2,2,2,322,276,696,554,1.04841,0,0
025040107410003168d2a000a00000e2,2,2,3,322,276,696,554,1.04841,38,0.0362453
025040107410003168d2a000a00000e2,2,2,4,322,276,696,554,1.04841,30,0.0286147
025040107410003168d2a000a00000e2,2,2,5,322,276,696,554,1.04841,18,0.0171688
025040107410003168d2a000a00000e2,2,2,6,322,276,696,554,1.04841,30,0.0286147
025040107410003168d2a000a00000e2,2,2,7,322,276,696,554,1.04841,25,0.0238456
025040107410003168d2a000a00000e2,2,2,8,322,276,696,554,1.04841,26,0.0247994
025040107410003168d2a000a00000e2,2,2,9,322,276,696,554,1.04841,39,0.0371991
025040107410003168d2a000a00000e2,2,2,10,322,276,696,554,1.04841,45,0.0429221
025040107410003168d2a000a00000e2,2,2,11,322,276,696,554,1.04841,40,0.0381529
025040107410003168d2a000a00000e2,2,2,12,322,276,696,554,1.04841,38,0.0362453
025040107410003168d2a000a00000e2,2,2,13,322,276,696,554,1.04841,38,0.0362453
025040107410003168d2a000a00000e2,2,2,14,322,276,696,554,1.04841,52,0.0495988
025040107410003168d2a000a00000e2,2,2,15,322,276,696,554,1.04841,37,0.0352915
025040107410003168d2a000a00000e2,2,2,16,322,276,696,554,1.04841,51,0.048645
025040107410003168d2a000a00000e2,2,2,17,322,276,696,554,1.04841,34,0.03243
025040107410003168d2a000a00000e2,2,2,18,322,276,696,554,1.04841,39,0.0371991
025040107410003168d2a000a00000e2,2,2,19,322,276,696,554,1.04841,35,0.0333838
025040107410003168d2a000a00000e2,2,2,20,322,276,696,554,1.04841,59,0.0562756
025040107410003168d2a000a00000e2,2,2,21,322,276,696,554,1.04841,62,0.059137
025040107410003168d2a000a00000e2,2,2,22,322,276,696,554,1.04841,70,0.0667676
025040107410003168d2a000a00000e2,2,2,23,322,276,696,554,1.04841,77,0.0734444
025040107410003168d2a000a00000e2,2,2,24,322,276,696,554,1.04841,44,0.0419682
025040107410003168d2a000a00000e2,2,2,25,322,276,696,554,1.04841,33,0.0314762
025040107410003168d2a000a00000e2,2,2,26,322,276,696,554,1.04841,47,0.0448297
025040107410003168d2a000a00000e2,2,2,27,322,276,696,554,1.04841,53,0.0505526
025040107410003168d2a000a00000e2,2,2,28,322,276,696,554,1.04841,51,0.048645
025040107410003168d2a000a00000e2,2,2,29,322,276,696,554,1.04841,67,0.0639062
025040107410003168d2a000a00000e2,2,2,30,322,276,696,554,1.04841,52,0.0495988
025040107410003168d2a000a00000e2,2,2,31,322,276,696,554,1.04841,2771,2.64304
025040107410003168d2a000a00000e2,2,2,32,322,276,696,554,1.04841,50,0.0476912
025040107410003168d2a000a00000e2,2,2,33,322,276,696,554,1.04841,54,0.0515065
025040107410003168d2a000a00000e2,2,2,34,322,276,696,554,1.04841,41,0.0391068
025040107410003168d2a000a00000e2,2,2,35,322,276,696,554,1.04841,58,0.0553218
025040107410003168d2a000a00000e2,2,2,36,322,276,696,554,1.04841,65,0.0619985
025040107410003168d2a000a00000e2,2,2,37,322,276,696,554,1.04841,58,0.0553218
025040107410003168d2a000a00000e2,2,2,38,322,276,696,554,1.04841,72,0.0686753
025040107410003168d2a000a00000e2,2,2,39,322,276,696,554,1.04841,67,0.0639062
025040107410003168d2a000a00000e2,2,2,40,322,276,696,554,1.04841,62,0.059137
025040107410003168d2a000a00000e2,2,2,41,322,276,696,554,1.04841,40,0.0381529
025040107410003168d2a000a00000e2,2,2,42,322,276,696,554,1.04841,63,0.0600909
025040107410003168d2a000a00000e2,2,2,43,322,276,696,554,1.04841,56,0.0534141
025040107410003168d2a000a00000e2,2,2,44,322,276,696,554,1.04841,39,0.0371991
025040107410003168d2a000a00000e2,2,2,45,322,276,696,554,1.04841,29,0.0276609
025040107410003168d2a000a00000e2,2,2,46,322,276,696,554,1.04841,42,0.0400606
025040107410003168d2a000a00000e2,2,2,47,322,276,696,554,1.04841,25,0.0238456
025040107410003168d2a000a00000e2,2,2,48,322,276,696,554,1.04841,48,0.0457835
025040107410003168d2a000a00000e2,2,2,49,322,276,696,554,1.04841,33,0.0314762
025040107410003168d2a000a00000e2,2,2,50,322,276,696,554,1.04841,44,0.0419682
025040107410003168d2a000a00000e2,2,2,51,322,276,696,554,1.04841,34,0.03243
025040107410003168d2a000a00000e2,2,2,52,322,276,696,554,1.04841,40,0.0381529
025040107410003168d2a000a00000e2,2,2,53,322,276,696,554,1.04841,31,0.0295685
025040107410003168d2a000a00000e2,2,2,54,322,276,696,554,1.04841,35,0.0333838
025040107410003168d2a000a00000e2,2,2,55,322,276,696,554,1.04841,29,0.0276609
025040107410003168d2a000a00000e2,2,2,56,322,276,696,554,1.04841,46,0.0438759
025040107410003168d2a000a00000e2,2,2,57,322,276,696,554,1.04841,26,0.0247994
025040107410003168d2a000a00000e2,2,2,58,322,276,696,554,1.04841,33,0.0314762
025040107410003168d2a000a00000e2,2,2,59,322,276,696,554,1.04841,25,0.0238456
025040107410003168d2a000a00000e2,2,2,60,322,276,696,554,1.04841,28,0.0267071
025040107410003168d2a000a00000e2,2,2,61,322,276,696,554,1.04841,23,0.0219379
025040107410003168d2a000a00000e2,2,2,62,322,276,696,554,1.04841,26,0.0247994
025040107410003168d2a000a00000e2,2,2,63,322,276,696,554,1.04841,25,0.0238456
025040107410003168d2a000a00000e2,2,2,0,322,276,697,554,1.04546,0,0
025040107410003168d2a000a00000e2,2,2,1,322,276,697,554,1.04546,15,0.0143477
025040107410003168d2a000a00000e2,2,2,2,322,276,697,554,1.04546,0,0
025040107410003168d2a000a00000e2,2,2,3,322,276,697,554,1.04546,32,0.0306084
025040107410003168d2a000a00000e2,2,2,4,322,276,697,554,1.04546,20,0.0191303
025040107410003168d2a000a00000e2,2,2,5,322,276,697,554,1.04546,14,0.0133912
025040107410003168d2a000a00000e2,2,2,6,322,276,697,554,1.04546,23,0.0219998
025040107410003168d2a000a00000e2,2,2,7,322,276,697,554,1.04546,17,0.0162607
025040107410003168d2a000a00000e2,2,2,8,322,276,697,554,1.04546,19,0.0181738
025040107410003168d2a000a00000e2,2,2,9,322,276,697,554,1.04546,33,0.031565
025040107410003168d2a000a00000e2,2,2,10,322,276,697,554,1.04546,36,0.0344345
025040107410003168d2a000a00000e2,2,2,11,322,276,697,554,1.04546,34,0.0325215
025040107410003168d2a000a00000e2,2,2,12,322,276,697,554,1.04546,30,0.0286954
025040107410003168d2a000a00000e2,2,2,13,322,276,697,554,1.04546,31,0.0296519
025040107410003168d2a000a00000e2,2,2,14,322,276,697,554,1.04546,44,0.0420866
025040107410003168d2a000a00000e2,2,2,15,322,276,697,554,1.04546,28,0.0267824
025040107410003168d2a000a00000e2,2,2,16,322,276,697,554,1.04546,44,0.0420866
025040107410003168d2a000a00000e2,2,2,17,322,276,697,554,1.04546,23,0.0219998
025040107410003168d2a000a00000e2,2,2,18,322,276,697,554,1.04546,31,0.0296519
025040107410003168d2a000a00000e2,2,2,19,322,276,697,554,1.04546,23,0.0219998
025040107410003168d2a000a00000e2,2,2,20,322,276,697,554,1.04546,46,0.0439996
025040107410003168d2a000a00000e2,2,2,21,322,276,697,554,1.04546,43,0.0411301
025040107410003168d2a000a00000e2,2,2,22,322,276,697,554,1.04546,54,0.0516518
025040107410003168d2a000a00000e2,2,2,23,322,276,697,554,1.04546,64,0.0612169
025040107410003168d2a000a00000e2,2,2,24,322,276,697,554,1.04546,34,0.0325215
025040107410003168d2a000a00000e2,2,2,25,322,276,697,554,1.04546,24,0.0229563
025040107410003168d2a000a00000e2,2,2,26,322,276,697,554,1.04546,41,0.0392171
025040107410003168d2a000a00000e2,2,2,27,322,276,697,554,1.04546,42,0.0401736
025040107410003168d2a000a00000e2,2,2,28,322,276,697,554,1.04546,42,0.0401736
025040107410003168d2a000a00000e2,2,2,29,322,276,697,554,1.04546,48,0.0459127
025040107410003168d2a000a00000e2,2,2,30,322,276,697,554,1.04546,43,0.0411301
025040107410003168d2a000a00000e2,2,2,31,322,276,697,554,1.04546,824,0.788168
025040107410003168d2a000a00000e2,2,2,32,322,276,697,554,1.04546,43,0.0411301
025040107410003168d2a000a00000e2,2,2,33,322,276,697,554,1.04546,40,0.0382606
025040107410003168d2a000a00000e2,2,2,34,322,276,697,554,1.04546,33,0.031565
025040107410003168d2a000a00000e2,2,2,35,322,276,697,554,1.04546,46,0.0439996
025040107410003168d2a000a00000e2,2,2,36,322,276,697,554,1.04546,48,0.0459127
025040107410003168d2a000a00000e2,2,2,37,322,276,697,554,1.04546,41,0.0392171
025040107410003168d2a000a00000e2,2,2,38,322,276,697,554,1.04546,56,0.0535648
025040107410003168d2a000a00000e2,2,2,39,322,276,697,554,1.04546,52,0.0497387
025040107410003168d2a000a00000e2,2,2,40,322,276,697,554,1.04546,52,0.0497387
025040107410003168d2a000a00000e2,2,2,41,322,276,697,554,1.04546,31,0.0296519
025040107410003168d2a000a00000e2,2,2,42,322,276,697,554,1.04546,46,0.0439996
025040107410003168d2a000a00000e2,2,2,43,322,276,697,554,1.04546,42,0.0401736
025040107410003168d2a000a00000e2,2,2,44,322,276,697,554,1.04546,29,0.0277389
025040107410003168d2a000a00000e2,2,2,45,322,276,697,554,1.04546,20,0.0191303
025040107410003168d2a000a00000e2,2,2,46,322,276,697,554,1.04546,33,0.031565
025040107410003168d2a000a00000e2,2,2,47,322,276,697,554,1.04546,18,0.0172173
025040107410003168d2a000a00000e2,2,2,48,322,276,697,554,1.04546,43,0.0411301
025040107410003168d2a000a00000e2,2,2,49,322,276,697,554,1.04546,22,0.0210433
025040107410003168d2a000a00000e2,2,2,50,322,276,697,554,1.04546,38,0.0363475
025040107410003168d2a000a00000e2,2,2,51,322,276,697,554,1.04546,23,0.0219998
025040107410003168d2a000a00000e2,2,2,52,322,276,697,554,1.04546,31,0.0296519
025040107410003168d2a000a00000e2,2,2,53,322,276,697,554,1.04546,21,0.0200868
025040107410003168d2a000a00000e2,2,2,54,322,276,697,554,1.04546,28,0.0267824
025040107410003168d2a000a00000e2,2,2,55,322,276,697,554,1.04546,19,0.0181738
025040107410003168d2a000a00000e2,2,2,56,322,276,697,554,1.04546,41,0.0392171
025040107410003168d2a000a00000e2,2,2,57,322,276,697,554,1.04546,18,0.0172173
025040107410003168d2a000a00000e2,2,2,58,322,276,697,554,1.04546,21,0.0200868
025040107410003168d2a000a00000e2,2,2,59,322,276,697,554,1.04546,18,0.0172173
025040107410003168d2a000a00000e2,2,2,60,322,276,697,554,1.04546,20,0.0191303
025040107410003168d2a000a00000e2,2,2,61,322,276,697,554,1.04546,16,0.0153042
025040107410003168d2a000a00000e2,2,2,62,322,276,697,554,1.04546,18,0.0172173
025040107410003168d2a000a00000e2,2,2,63,322,276,697,554,1.04546,16,0.0153042
025040107410003168d2a000a00000e2,2,2,0,322,276,698,555,1.22388,0,0
025040107410003168d2a000a00000e2,2,2,1,322,276,698,555,1.22388,17,0.0138902
025040107410003168d2a000a00000e2,2,2,2,322,276,698,555,1.22388,0,0
025040107410003168d2a000a00000e2,2,2,3,322,276,698,555,1.22388,34,0.0277804
025040107410003168d2a000a00000e2,2,2,4,322,276,698,555,1.22388,26,0.0212438
025040107410003168d2a000a00000e2,2,2,5,322,276,698,555,1.22388,17,0.0138902
025040107410003168d2a000a00000e2,2,2,6,322,276,698,555,1.22388,27,0.0220609
025040107410003168d2a000a00000e2,2,2,7,322,276,698,555,1.22388,21,0.0171585
025040107410003168d2a000a00000e2,2,2,8,322,276,698,555,1.22388,23,0.0187926
025040107410003168d2a000a00000e2,2,2,9,322,276,698,555,1.22388,35,0.0285975
025040107410003168d2a000a00000e2,2,2,10,322,276,698,555,1.22388,42,0.034317
025040107410003168d2a000a00000e2,2,2,11,322,276,698,555,1.22388,37,0.0302316
025040107410003168d2a000a00000e2,2,2,12,322,276,698,555,1.22388,33,0.0269633
025040107410003168d2a000a00000e2,2,2,13,322,276,698,555,1.22388,35,0.0285975
025040107410003168d2a000a00000e2,2,2,14,322,276,698,555,1.22388,48,0.0392194
025040107410003168d2a000a00000e2,2,2,15,322,276,698,555,1.22388,31,0.0253292
025040107410003168d2a000a00000e2,2,2,16,322,276,698,555,1.22388,48,0.0392194
025040107410003168d2a000a00000e2,2,2,17,322,276,698,555,1.22388,28,0.022878
025040107410003168d2a000a00000e2,2,2,18,322,276,698,555,1.22388,35,0.0285975
025040107410003168d2a000a00000e2,2,2,19,322,276,698,555,1.22388,27,0.0220609
025040107410003168d2a000a00000e2,2,2,20,322,276,698,555,1.22388,50,0.0408535
025040107410003168d2a000a00000e2,2,2,21,322,276,698,555,1.22388,49,0.0400364
025040107410003168d2a000a00000e2,2,2,22,322,276,698,555,1.22388,55,0.0449389
025040107410003168d2a000a00000e2,2,2,23,322,276,698,555,1.22388,61,0.0498413
025040107410003168d2a000a00000e2,2,2,24,322,276,698,555,1.22388,42,0.034317
025040107410003168d2a000a00000e2,2,2,25,322,276,698,555,1.22388,27,0.0220609
025040107410003168d2a000a00000e2,2,2,26,322,276,698,555,1.22388,45,0.0367682
025040107410003168d2a000a00000e2,2,2,27,322,276,698,555,1.22388,46,0.0375852
025040107410003168d2a000a00000e2,2,2,28,322,276,698,555,1.22388,47,0.0384023
025040107410003168d2a000a00000e2,2,2,29,322,276,698,555,1.22388,51,0.0416706
025040107410003168d2a000a00000e2,2,2,30,322,276,698,555,1.22388,48,0.0392194
025040107410003168d2a000a00000e2,2,2,31,322,276,698,555,1.22388,297,0.24267
025040107410003168d2a000a00000e2,2,2,32,322,276,698,555,1.22388,45,0.0367682
025040107410003168d2a000a00000e2,2,2,33,322,276,698,555,1.22388,47,0.0384023
025040107410003168d2a000a00000e2,2,2,34,322,276,698,555,1.22388,39,0.0318657
025040107410003168d2a000a00000e2,2,2,35,322,276,698,555,1.22388,51,0.0416706
025040107410003168d2a000a00000e2,2,2,36,322,276,698,555,1.22388,51,0.0416706
025040107410003168d2a000a00000e2,2,2,37,322,276,698,555,1.22388,45,0.0367682
025040107410003168d2a000a00000e2,2,2,38,322,276,698,555,1.22388,52,0.0424877
025040107410003168d2a000a00000e2,2,2,39,322,276,698,555,1.22388,54,0.0441218
025040107410003168d2a000a00000e2,2,2,40,322,276,698,555,1.22388,51,0.0416706
025040107410003168d2a000a00000e2,2,2,41,322,276,698,555,1.22388,36,0.0294145
025040107410003168d2a000a00000e2,2,2,42,322,276,698,555,1.22388,50,0.0408535
025040107410003168d2a000a00000e2,2,2,43,322,276,698,555,1.22388,46,0.0375852
025040107410003168d2a000a00000e2,2,2,44,322,276,698,555,1.22388,34,0.0277804
025040107410003168d2a000a00000e2,2,2,45,322,276,698,555,1.22388,26,0.0212438
025040107410003168d2a000a00000e2,2,2,46,322,276,698,555,1.22388,39,0.0318657
025040107410003168d2a000a00000e2,2,2,47,322,276,698,555,1.22388,21,0.0171585
025040107410003168d2a000a00000e2,2,2,48,322,276,698,555,1.22388,46,0.0375852
025040107410003168d2a000a00000e2,2,2,49,322,276,698,555,1.22388,27,0.0220609
025040107410003168d2a000a00000e2,2,2,50,322,276,698,555,1.22388,44,0.0359511
025040107410003168d2a000a00000e2,2,2,51,322,276,698,555,1.22388,29,0.023695
025040107410003168d2a000a00000e2,2,2,52,322,276,698,555,1.22388,37,0.0302316
025040107410003168d2a000a00000e2,2,2,53,322,276,698,555,1.22388,26,0.0212438
025040107410003168d2a000a00000e2,2,2,54,322,276,698,555,1.22388,31,0.0253292
025040107410003168d2a000a00000e2,2,2,55,322,276,698,555,1.22388,24,0.0196097
025040107410003168d2a000a00000e2,2,2,56,322,276,698,555,1.22388,45,0.0367682
025040107410003168d2a000a00000e2,2,2,57,322,276,698,555,1.22388,22,0.0179755
025040107410003168d2a000a00000e2,2,2,58,322,276,698,555,1.22388,27,0.0220609
025040107410003168d2a000a00000e2,2,2,59,322,276,698,555,1.22388,22,0.0179755
025040107410003168d2a000a00000e2,2,2,60,322,276,698,555,1.22388,24,0.0196097
025040107410003168d2a000a00000e2,2,2,61,322,276,698,555,1.22388,18,0.0147073
025040107410003168d2a000a00000e2,2,2,62,322,276,698,555,1.22388,23,0.0187926
025040107410003168d2a000a00000e2,2,2,63,322,276,698,555,1.22388,20,0.0163414
025040107410003168d2a000a00000e2,2,2,0,322,276,699,556,1.14868,0,0
025040107410003168d2a000a00000e2,2,2,1,322,276,699,556,1.14868,12,0.0104468
025040107410003168d2a000a00000e2,2,2,2,322,276,699,556,1.14868,0,0
025040107410003168d2a000a00000e2,2,2,3,322,276,699,556,1.14868,41,0.0356931
025040107410003168d2a000a00000e2,2,2,4,322,276,699,556,1.14868,30,0.0261169
025040107410003168d2a000a00000e2,2,2,5,322,276,699,556,1.14868,13,0.0113173
025040107410003168d2a000a00000e2,2,2,6,322,276,699,556,1.14868,31,0.0269874
025040107410003168d2a000a00000e2,2,2,7,322,276,699,556,1.14868,23,0.0200229
025040107410003168d2a000a00000e2,2,2,8,322,276,699,556,1.14868,29,0.0252463
025040107410003168d2a000a00000e2,2,2,9,322,276,699,556,1.14868,41,0.0356931
025040107410003168d2a000a00000e2,2,2,10,322,276,699,556,1.14868,41,0.0356931
025040107410003168d2a000a00000e2,2,2,11,322,276,699,556,1.14868,41,0.0356931
025040107410003168d2a000a00000e2,2,2,12,322,276,699,556,1.14868,39,0.0339519
025040107410003168d2a000a00000e2,2,2,13,322,276,699,556,1.14868,40,0.0348225
025040107410003168d2a000a00000e2,2,2,14,322,276,699,556,1.14868,45,0.0391753
025040107410003168d2a000a00000e2,2,2,15,322,276,699,556,1.14868,36,0.0313403
025040107410003168d2a000a00000e2,2,2,16,322,276,699,556,1.14868,44,0.0383048
025040107410003168d2a000a00000e2,2,2,17,322,276,699,556,1.14868,32,0.027858
025040107410003168d2a000a00000e2,2,2,18,322,276,699,556,1.14868,40,0.0348225
025040107410003168d2a000a00000e2,2,2,19,322,276,699,556,1.14868,35,0.0304697
025040107410003168d2a000a00000e2,2,2,20,322,276,699,556,1.14868,46,0.0400459
025040107410003168d2a000a00000e2,2,2,21,322,276,699,556,1.14868,45,0.0391753
025040107410003168d2a000a00000e2,2,2,22,322,276,699,556,1.14868,47,0.0409165
025040107410003168d2a000a00000e2,2,2,23,322,276,699,556,1.14868,57,0.0496221
025040107410003168d2a000a00000e2,2,2,24,322,276,699,556,1.14868,41,0.0356931
025040107410003168d2a000a00000e2,2,2,25,322,276,699,556,1.14868,33,0.0287286
025040107410003168d2a000a00000e2,2,2,26,322,276,699,556,1.14868,42,0.0365636
025040107410003168d2a000a00000e2,2,2,27,322,276,699,556,1.14868,46,0.0400459
025040107410003168d2a000a00000e2,2,2,28,322,276,699,556,1.14868,42,0.0365636
025040107410003168d2a000a00000e2,2,2,29,322,276,699,556,1.14868,46,0.0400459
025040107410003168d2a000a00000e2,2,2,30,322,276,699,556,1.14868,46,0.0400459
025040107410003168d2a000a00000e2,2,2,31,322,276,699,556,1.14868,169,0.147125
025040107410003168d2a000a00000e2,2,2,32,322,276,699,556,1.14868,44,0.0383048
025040107410003168d2a000a00000e2,2,2,33,322,276,699,556,1.14868,44,0.0383048
025040107410003168d2a000a00000e2,2,2,34,322,276,699,556,1.14868,41,0.0356931
025040107410003168d2a000a00000e2,2,2,35,322,276,699,556,1.14868,47,0.0409165
025040107410003168d2a000a00000e2,2,2,36,322,276,699,556,1.14868,47,0.0409165
025040107410003168d2a000a00000e2,2,2,37,322,276,699,556,1.14868,44,0.0383048
025040107410003168d2a000a00000e2,2,2,38,322,276,699,556,1.14868,50,0.0435281
025040107410003168d2a000a00000e2,2,2,39,322,276,699,556,1.14868,48,0.041787
025040107410003168d2a000a00000e2,2,2,40,322,276,699,556,1.14868,48,0.041787
025040107410003168d2a000a00000e2,2,2,41,322,276,699,556,1.14868,41,0.0356931
025040107410003168d2a000a00000e2,2,2,42,322,276,699,556,1.14868,47,0.0409165
025040107410003168d2a000a00000e2,2,2,43,322,276,699,556,1.14868,44,0.0383048
025040107410003168d2a000a00000e2,2,2,44,322,276,699,556,1.14868,41,0.0356931
025040107410003168d2a000a00000e2,2,2,45,322,276,699,556,1.14868,30,0.0261169
025040107410003168d2a000a00000e2,2,2,46,322,276,699,556,1.14868,41,0.0356931
025040107410003168d2a000a00000e2,2,2,47,322,276,699,556,1.14868,25,0.0217641
025040107410003168d2a000a00000e2,2,2,48,322,276,699,556,1.14868,44,0.0383048
025040107410003168d2a000a00000e2,2,2,49,322,276,699,556,1.14868,33,0.0287286
025040107410003168d2a000a00000e2,2,2,50,322,276,699,556,1.14868,41,0.0356931
025040107410003168d2a000a00000e2,2,2,51,322,276,699,556,1.14868,32,0.027858
025040107410003168d2a000a00000e2,2,2,52,322,276,699,556,1.14868,41,0.0356931
025040107410003168d2a000a00000e2,2,2,53,322,276,699,556,1.14868,30,0.0261169
025040107410003168d2a000a00000e2,2,2,54,322,276,699,556,1.14868,39,0.0339519
025040107410003168d2a000a00000e2,2,2,55,322,276,699,556,1.14868,30,0.0261169
025040107410003168d2a000a00000e2,2,2,56,322,276,699,556,1.14868,42,0.0365636
025040107410003168d2a000a00000e2,2,2,57,322,276,699,556,1.14868,29,0.0252463
025040107410003168d2a000a00000e2,2,2,58,322,276,699,556,1.14868,34,0.0295991
025040107410003168d2a000a00000e2,2,2,59,322,276,699,556,1.14868,26,0.0226346
025040107410003168d2a000a00000e2,2,2,60,322,276,699,556,1.14868,29,0.0252463
025040107410003168d2a000a00000e2,2,2,61,322,276,699,556,1.14868,18,0.0156701
025040107410003168d2a000a00000e2,2,2,62,322,276,699,556,1.14868,26,0.0226346
025040107410003168d2a000a00000e2,2,2,63,322,276,699,556,1.14868,21,0.0182818
025040107410003168d2a000a00000e2,2,2,0,322,276,700,557,1.36987,0,0
025040107410003168d2a000a00000e2,2,2,1,322,276,700,557,1.36987,4,0.00291999
025040107410003168d2a000a00000e2,2,2,2,322,276,700,557,1.36987,0,0
025040107410003168d2a000a00000e2,2,2,3,322,276,700,557,1.36987,13,0.00948998
025040107410003168d2a000a00000e2,2,2,4,322,276,700,557,1.36987,9,0.00656998
025040107410003168d2a000a00000e2,2,2,5,322,276,700,557,1.36987,5,0.00364999
025040107410003168d2a000a00000e2,2,2,6,322,276,700,557,1.36987,9,0.00656998
025040107410003168d2a000a00000e2,2,2,7,322,276,700,557,1.36987,8,0.00583999
025040107410003168d2a000a00000e2,2,2,8,322,276,700,557,1.36987,9,0.00656998
025040107410003168d2a000a00000e2,2,2,9,322,276,700,557,1.36987,14,0.01022
025040107410003168d2a000a00000e2,2,2,10,322,276,700,557,1.36987,15,0.01095
025040107410003168d2a000a00000e2,2,2,11,322,276,700,557,1.36987,14,0.01022
025040107410003168d2a000a00000e2,2,2,12,322,276,700,557,1.36987,13,0.00948998
025040107410003168d2a000a00000e2,2,2,13,322,276,700,557,1.36987,13,0.00948998
025040107410003168d2a000a00000e2,2,2,14,322,276,700,557,1.36987,17,0.01241
025040107410003168d2a000a00000e2,2,2,15,322,276,700,557,1.36987,11,0.00802998
025040107410003168d2a000a00000e2,2,2,16,322,276,700,557,1.36987,17,0.01241
025040107410003168d2a000a00000e2,2,2,17,322,276,700,557,1.36987,9,0.00656998
025040107410003168d2a000a00000e2,2,2,18,322,276,700,557,1.36987,14,0.01022
025040107410003168d2a000a00000e2,2,2,19,322,276,700,557,1.36987,8,0.00583999
025040107410003168d2a000a00000e2,2,2,20,322,276,700,557,1.36987,17,0.01241
025040107410003168d2a000a00000e2,2,2,21,322,276,700,557,1.36987,17,0.01241
025040107410003168d2a000a00000e2,2,2,22,322,276,700,557,1.36987,17,0.01241
025040107410003168d2a000a00000e2,2,2,23,322,276,700,557,1.36987,21,0.01533
025040107410003168d2a000a00000e2,2,2,24,322,276,700,557,1.36987,16,0.01168
025040107410003168d2a000a00000e2,2,2,25,322,276,700,557,1.36987,10,0.00729998
025040107410003168d2a000a00000e2,2,2,26,322,276,700,557,1.36987,16,0.01168
025040107410003168d2a000a00000e2,2,2,27,322,276,700,557,1.36987,16,0.01168
025040107410003168d2a000a00000e2,2,2,28,322,276,700,557,1.36987,17,0.01241
025040107410003168d2a000a00000e2,2,2,29,322,276,700,557,1.36987,17,0.01241
025040107410003168d2a000a00000e2,2,2,30,322,276,700,557,1.36987,17,0.01241
025040107410003168d2a000a00000e2,2,2,31,322,276,700,557,1.36987,41,0.0299299
025040107410003168d2a000a00000e2,2,2,32,322,276,700,557,1.36987,17,0.01241
025040107410003168d2a000a00000e2,2,2,33,322,276,700,557,1.36987,17,0.01241
025040107410003168d2a000a00000e2,2,2,34,322,276,700,557,1.36987,15,0.01095
025040107410003168d2a000a00000e2,2,2,35,322,276,700,557,1.36987,17,0.01241
025040107410003168d2a000a00000e2,2,2,36,322,276,700,557,1.36987,18,0.01314
025040107410003168d2a000a00000e2,2,2,37,322,276,700,557,1.36987,17,0.01241
025040107410003168d2a000a00000e2,2,2,38,322,276,700,557,1.36987,19,0.01387
025040107410003168d2a000a00000e2,2,2,39,322,276,700,557,1.36987,18,0.01314
025040107410003168d2a000a00000e2,2,2,40,322,276,700,557,1.36987,18,0.01314
025040107410003168d2a000a00000e2,2,2,41,322,276,700,557,1.36987,14,0.01022
025040107410003168d2a000a00000e2,2,2,42,322,276,700,557,1.36987,17,0.01241
025040107410003168d2a000a00000e2,2,2,43,322,276,700,557,1.36987,17,0.01241
025040107410003168d2a000a00000e2,2,2,44,322,276,700,557,1.36987,14,0.01022
025040107410003168d2a000a00000e2,2,2,45,322,276,700,557,1.36987,8,0.00583999
025040107410003168d2a000a00000e2,2,2,46,322,276,700,557,1.36987,15,0.01095
025040107410003168d2a000a00000e2,2,2,47,322,276,700,557,1.36987,8,0.00583999
025040107410003168d2a000a00000e2,2,2,48,322,276,700,557,1.36987,17,0.01241
025040107410003168d2a000a00000e2,2,2,49,322,276,700,557,1.36987,9,0.00656998
025040107410003168d2a000a00000e2,2,2,50,322,276,700,557,1.36987,16,0.01168
025040107410003168d2a000a00000e2,2,2,51,322,276,700,557,1.36987,8,0.00583999
025040107410003168d2a000a00000e2,2,2,52,322,276,700,557,1.36987,14,0.01022
025040107410003168d2a000a00000e2,2,2,53,322,276,700,557,1.36987,8,0.00583999
025040107410003168d2a000a00000e2,2,2,54,322,276,700,557,1.36987,13,0.00948998
025040107410003168d2a000a00000e2,2,2,55,322,276,700,557,1.36987,8,0.00583999
025040107410003168d2a000a00000e2,2,2,56,322,276,700,557,1.36987,16,0.01168
025040107410003168d2a000a00000e2,2,2,57,322,276,700,557,1.36987,8,0.00583999
025040107410003168d2a000a00000e2,2,2,58,322,276,700,557,1.36987,11,0.00802998
025040107410003168d2a000a00000e2,2,2,59,322,276,700,557,1.36987,8,0.00583999
025040107410003168d2a000a00000e2,2,2,60,322,276,700,557,1.36987,8,0.00583999
025040107410003168d2a000a00000e2,2,2,61,322,276,700,557,1.36987,5,0.00364999
025040107410003168d2a000a00000e2,2,2,62,322,276,700,557,1.36987,8,0.00583999
025040107410003168d2a000a00000e2,2,2,63,322,276,700,557,1.36987,6,0.00437999
025040107410003168d2a000a00000e2,2,2,0,322,276,701,557,1.44359,0,0
025040107410003168d2a000a00000e2,2,2,1,322,276,701,557,1.44359,8,0.00554172
025040107410003168d2a000a00000e2,2,2,2,322,276,701,557,1.44359,0,0
025040107410003168d2a000a00000e2,2,2,3,322,276,701,557,1.44359,24,0.0166252
025040107410003168d2a000a00000e2,2,2,4,322,276,701,557,1.44359,17,0.0117762
025040107410003168d2a000a00000e2,2,2,5,322,276,701,557,1.44359,9,0.00623444
025040107410003168d2a000a00000e2,2,2,6,322,276,701,557,1.44359,17,0.0117762
025040107410003168d2a000a00000e2,2,2,7,322,276,701,557,1.44359,12,0.00831259
025040107410003168d2a000a00000e2,2,2,8,322,276,701,557,1.44359,15,0.0103907
025040107410003168d2a000a00000e2,2,2,9,322,276,701,557,1.44359,25,0.0173179
025040107410003168d2a000a00000e2,2,2,10,322,276,701,557,1.44359,28,0.019396
025040107410003168d2a000a00000e2,2,2,11,322,276,701,557,1.44359,27,0.0187033
025040107410003168d2a000a00000e2,2,2,12,322,276,701,557,1.44359,23,0.0159325
025040107410003168d2a000a00000e2,2,2,13,322,276,701,557,1.44359,25,0.0173179
025040107410003168d2a000a00000e2,2,2,14,322,276,701,557,1.44359,33,0.0228596
025040107410003168d2a000a00000e2,2,2,15,322,276,701,557,1.44359,22,0.0152397
025040107410003168d2a000a00000e2,2,2,16,322,276,701,557,1.44359,32,0.0221669
025040107410003168d2a000a00000e2,2,2,17,322,276,701,557,1.44359,20,0.0138543
025040107410003168d2a000a00000e2,2,2,18,322,276,701,557,1.44359,26,0.0180106
025040107410003168d2a000a00000e2,2,2,19,322,276,701,557,1.44359,21,0.014547
025040107410003168d2a000a00000e2,2,2,20,322,276,701,557,1.44359,35,0.024245
025040107410003168d2a000a00000e2,2,2,21,322,276,701,557,1.44359,33,0.0228596
025040107410003168d2a000a00000e2,2,2,22,322,276,701,557,1.44359,37,0.0256305
025040107410003168d2a000a00000e2,2,2,23,322,276,701,557,1.44359,43,0.0297868
025040107410003168d2a000a00000e2,2,2,24,322,276,701,557,1.44359,28,0.019396
025040107410003168d2a000a00000e2,2,2,25,322,276,701,557,1.44359,19,0.0131616
025040107410003168d2a000a00000e2,2,2,26,322,276,701,557,1.44359,32,0.0221669
025040107410003168d2a000a00000e2,2,2,27,322,276,701,557,1.44359,32,0.0221669
025040107410003168d2a000a00000e2,2,2,28,322,276,701,557,1.44359,33,0.0228596
025040107410003168d2a000a00000e2,2,2,29,322,276,701,557,1.44359,37,0.0256305
025040107410003168d2a000a00000e2,2,2,30,322,276,701,557,1.44359,34,0.0235523
025040107410003168d2a000a00000e2,2,2,31,322,276,701,557,1.44359,83,0.0574954
025040107410003168d2a000a00000e2,2,2,32,322,276,701,557,1.44359,34,0.0235523
025040107410003168d2a000a00000e2,2,2,33,322,276,701,557,1.44359,33,0.0228596
025040107410003168d2a000a00000e2,2,2,34,322,276,701,557,1.44359,28,0.019396
025040107410003168d2a000a00000e2,2,2,35,322,276,701,557,1.44359,37,0.0256305
025040107410003168d2a000a00000e2,2,2,36,322,276,701,557,1.44359,39,0.0270159
025040107410003168d2a000a00000e2,2,2,37,322,276,701,557,1.44359,35,0.024245
025040107410003168d2a000a00000e2,2,2,38,322,276,701,557,1.44359,42,0.029094
025040107410003168d2a000a00000e2,2,2,39,322,276,701,557,1.44359,39,0.0270159
025040107410003168d2a000a00000e2,2,2,40,322,276,701,557,1.44359,39,0.0270159
025040107410003168d2a000a00000e2,2,2,41,322,276,701,557,1.44359,28,0.019396
025040107410003168d2a000a00000e2,2,2,42,322,276,701,557,1.44359,38,0.0263232
025040107410003168d2a000a00000e2,2,2,43,322,276,701,557,1.44359,34,0.0235523
025040107410003168d2a000a00000e2,2,2,44,322,276,701,557,1.44359,27,0.0187033
025040107410003168d2a000a00000e2,2,2,45,322,276,701,557,1.44359,18,0.0124689
025040107410003168d2a000a00000e2,2,2,46,322,276,701,557,1.44359,31,0.0214742
025040107410003168d2a000a00000e2,2,2,47,322,276,701,557,1.44359,15,0.0103907
025040107410003168d2a000a00000e2,2,2,48,322,276,701,557,1.44359,33,0.0228596
025040107410003168d2a000a00000e2,2,2,49,322,276,701,557,1.44359,19,0.0131616
025040107410003168d2a000a00000e2,2,2,50,322,276,701,557,1.44359,32,0.0221669
025040107410003168d2a000a00000e2,2,2,51,322,276,701,557,1.44359,21,0.014547
025040107410003168d2a000a00000e2,2,2,52,322,276,701,557,1.44359,29,0.0200887
025040107410003168d2a000a00000e2,2,2,53,322,276,701,557,1.44359,18,0.0124689
025040107410003168d2a000a00000e2,2,2,54,322,276,701,557,1.44359,24,0.0166252
025040107410003168d2a000a00000e2,2,2,55,322,276,701,557,1.44359,18,0.0124689
025040107410003168d2a000a00000e2,2,2,56,322,276,701,557,1.44359,33,0.0228596
025040107410003168d2a000a00000e2,2,2,57,322,276,701,557,1.44359,16,0.0110834
025040107410003168d2a000a00000e2,2,2,58,322,276,701,557,1.44359,22,0.0152397
025040107410003168d2a000a00000e2,2,2,59,322,276,701,557,1.44359,16,0.0110834
025040107410003168d2a000a00000e2,2,2,60,322,276,701,557,1.44359,18,0.0124689
025040107410003168d2a000a00000e2,2,2,61,322,276,701,557,1.44359,11,0.00761987
025040107410003168d2a000a00000e2,2,2,62,322,276,701,557,1.44359,17,0.0117762
025040107410003168d2a000a00000e2,2,2,63,322,276,701,557,1.44359,13,0.0090053
025040107410003168d2a000a00000e2,2,2,0,322,276,702,558,1.0838,0,0
025040107410003168d2a000a00000e2,2,2,1,322,276,702,558,1.0838,4,0.00369071
025040107410003168d2a000a00000e2,2,2,2,322,276,702,558,1.0838,0,0
025040107410003168d2a000a00000e2,2,2,3,322,276,702,558,1.0838,22,0.0202989
025040107410003168d2a000a00000e2,2,2,4,322,276,702,558,1.0838,17,0.0156855
025040107410003168d2a000a00000e2,2,2,5,322,276,702,558,1.0838,4,0.00369071
025040107410003168d2a000a00000e2,2,2,6,322,276,702,558,1.0838,18,0.0166082
025040107410003168d2a000a00000e2,2,2,7,322,276,702,558,1.0838,13,0.0119948
025040107410003168d2a000a00000e2,2,2,8,322,276,702,558,1.0838,15,0.0138402
025040107410003168d2a000a00000e2,2,2,9,322,276,702,558,1.0838,23,0.0212216
025040107410003168d2a000a00000e2,2,2,10,322,276,702,558,1.0838,24,0.0221443
025040107410003168d2a000a00000e2,2,2,11,322,276,702,558,1.0838,24,0.0221443
025040107410003168d2a000a00000e2,2,2,12,322,276,702,558,1.0838,22,0.0202989
025040107410003168d2a000a00000e2,2,2,13,322,276,702,558,1.0838,21,0.0193762
025040107410003168d2a000a00000e2,2,2,14,322,276,702,558,1.0838,31,0.028603
025040107410003168d2a000a00000e2,2,2,15,322,276,702,558,1.0838,20,0.0184536
025040107410003168d2a000a00000e2,2,2,16,322,276,702,558,1.0838,29,0.0267577
025040107410003168d2a000a00000e2,2,2,17,322,276,702,558,1.0838,19,0.0175309
025040107410003168d2a000a00000e2,2,2,18,322,276,702,558,1.0838,24,0.0221443
025040107410003168d2a000a00000e2,2,2,19,322,276,702,558,1.0838,19,0.0175309
025040107410003168d2a000a00000e2,2,2,20,322,276,702,558,1.0838,31,0.028603
025040107410003168d2a000a00000e2,2,2,21,322,276,702,558,1.0838,30,0.0276803
025040107410003168d2a000a00000e2,2,2,22,322,276,702,558,1.0838,31,0.028603
025040107410003168d2a000a00000e2,2,2,23,322,276,702,558,1.0838,32,0.0295257
025040107410003168d2a000a00000e2,2,2,24,322,276,702,558,1.0838,25,0.023067
025040107410003168d2a000a00000e2,2,2,25,322,276,702,558,1.0838,18,0.0166082
025040107410003168d2a000a00000e2,2,2,26,322,276,702,558,1.0838,28,0.025835
025040107410003168d2a000a00000e2,2,2,27,322,276,702,558,1.0838,30,0.0276803
025040107410003168d2a000a00000e2,2,2,28,322,276,702,558,1.0838,29,0.0267577
025040107410003168d2a000a00000e2,2,2,29,322,276,702,558,1.0838,31,0.028603
025040107410003168d2a000a00000e2,2,2,30,322,276,702,558,1.0838,31,0.028603
025040107410003168d2a000a00000e2,2,2,31,322,276,702,558,1.0838,48,0.0442885
025040107410003168d2a000a00000e2,2,2,32,322,276,702,558,1.0838,31,0.028603
025040107410003168d2a000a00000e2,2,2,33,322,276,702,558,1.0838,30,0.0276803
025040107410003168d2a000a00000e2,2,2,34,322,276,702,558,1.0838,24,0.0221443
025040107410003168d2a000a00000e2,2,2,35,322,276,702,558,1.0838,31,0.028603
025040107410003168d2a000a00000e2,2,2,36,322,276,702,558,1.0838,31,0.028603
025040107410003168d2a000a00000e2,2,2,37,322,276,702,558,1.0838,30,0.0276803
025040107410003168d2a000a00000e2,2,2,38,322,276,702,558,1.0838,31,0.028603
025040107410003168d2a000a00000e2,2,2,39,322,276,702,558,1.0838,30,0.0276803
025040107410003168d2a000a00000e2,2,2,40,322,276,702,558,1.0838,31,0.028603
025040107410003168d2a000a00000e2,2,2,41,322,276,702,558,1.0838,23,0.0212216
025040107410003168d2a000a00000e2,2,2,42,322,276,702,558,1.0838,31,0.028603
025040107410003168d2a000a00000e2,2,2,43,322,276,702,558,1.0838,30,0.0276803
025040107410003168d2a000a00000e2,2,2,44,322,276,702,558,1.0838,24,0.0221443
025040107410003168d2a000a00000e2,2,2,45,322,276,702,558,1.0838,15,0.0138402
025040107410003168d2a000a00000e2,2,2,46,322,276,702,558,1.0838,25,0.023067
025040107410003168d2a000a00000e2,2,2,47,322,276,702,558,1.0838,14,0.0129175
025040107410003168d2a000a00000e2,2,2,48,322,276,702,558,1.0838,29,0.0267577
025040107410003168d2a000a00000e2,2,2,49,322,276,702,558,1.0838,17,0.0156855
025040107410003168d2a000a00000e2,2,2,50,322,276,702,558,1.0838,27,0.0249123
025040107410003168d2a000a00000e2,2,2,51,322,276,702,558,1.0838,18,0.0166082
025040107410003168d2a000a00000e2,2,2,52,322,276,702,558,1.0838,26,0.0239896
025040107410003168d2a000a00000e2,2,2,53,322,276,702,558,1.0838,16,0.0147628
025040107410003168d2a000a00000e2,2,2,54,322,276,702,558,1.0838,21,0.0193762
025040107410003168d2a000a00000e2,2,2,55,322,276,702,558,1.0838,17,0.0156855
025040107410003168d2a000a00000e2,2,2,56,322,276,702,558,1.0838,28,0.025835
025040107410003168d2a000a00000e2,2,2,57,322,276,702,558,1.0838,15,0.0138402
025040107410003168d2a000a00000e2,2,2,58,322,276,702,558,1.0838,18,0.0166082
025040107410003168d2a000a00000e2,2,2,59,322,276,702,558,1.0838,15,0.0138402
025040107410003168d2a000a00000e2,2,2,60,322,276,702,558,1.0838,18,0.0166082
025040107410003168d2a000a00000e2,2,2,61,322,276,702,558,1.0838,8,0.00738142
025040107410003168d2a000a00000e2,2,2,62,322,276,702,558,1.0838,15,0.0138402
025040107410003168d2a000a00000e2,2,2,63,322,276,702,558,1.0838,11,0.0101495
025040107410003168d2a000a00000e2,2,2,0,322,276,703,559,1.0897,0,0
025040107410003168d2a000a00000e2,2,2,1,322,276,703,559,1.0897,16,0.0146829
025040107410003168d2a000a00000e2,2,2,2,322,276,703,559,1.0897,0,0
025040107410003168d2a000a00000e2,2,2,3,322,276,703,559,1.0897,35,0.0321189
025040107410003168d2a000a00000e2,2,2,4,322,276,703,559,1.0897,26,0.0238598
025040107410003168d2a000a00000e2,2,2,5,322,276,703,559,1.0897,19,0.017436
025040107410003168d2a000a00000e2,2,2,6,322,276,703,559,1.0897,29,0.0266128
025040107410003168d2a000a00000e2,2,2,7,322,276,703,559,1.0897,24,0.0220244
025040107410003168d2a000a00000e2,2,2,8,322,276,703,559,1.0897,26,0.0238598
025040107410003168d2a000a00000e2,2,2,9,322,276,703,559,1.0897,34,0.0312013
025040107410003168d2a000a00000e2,2,2,10,322,276,703,559,1.0897,42,0.0385427
025040107410003168d2a000a00000e2,2,2,11,322,276,703,559,1.0897,38,0.034872
025040107410003168d2a000a00000e2,2,2,12,322,276,703,559,1.0897,34,0.0312013
025040107410003168d2a000a00000e2,2,2,13,322,276,703,559,1.0897,34,0.0312013
025040107410003168d2a000a00000e2,2,2,14,322,276,703,559,1.0897,49,0.0449665
025040107410003168d2a000a00000e2,2,2,15,322,276,703,559,1.0897,30,0.0275305
025040107410003168d2a000a00000e2,2,2,16,322,276,703,559,1.0897,48,0.0440488
025040107410003168d2a000a00000e2,2,2,17,322,276,703,559,1.0897,29,0.0266128
025040107410003168d2a000a00000e2,2,2,18,322,276,703,559,1.0897,37,0.0339543
025040107410003168d2a000a00000e2,2,2,19,322,276,703,559,1.0897,29,0.0266128
025040107410003168d2a000a00000e2,2,2,20,322,276,703,559,1.0897,49,0.0449665
025040107410003168d2a000a00000e2,2,2,21,322,276,703,559,1.0897,48,0.0440488
025040107410003168d2a000a00000e2,2,2,22,322,276,703,559,1.0897,50,0.0458842
025040107410003168d2a000a00000e2,2,2,23,322,276,703,559,1.0897,52,0.0477196
025040107410003168d2a000a00000e2,2,2,24,322,276,703,559,1.0897,46,0.0422135
025040107410003168d2a000a00000e2,2,2,25,322,276,703,559,1.0897,28,0.0256951
025040107410003168d2a000a00000e2,2,2,26,322,276,703,559,1.0897,47,0.0431311
025040107410003168d2a000a00000e2,2,2,27,322,276,703,559,1.0897,49,0.0449665
025040107410003168d2a000a00000e2,2,2,28,322,276,703,559,1.0897,48,0.0440488
025040107410003168d2a000a00000e2,2,2,29,322,276,703,559,1.0897,49,0.0449665
025040107410003168d2a000a00000e2,2,2,30,322,276,703,559,1.0897,48,0.0440488
025040107410003168d2a000a00000e2,2,2,31,322,276,703,559,1.0897,78,0.0715793
025040107410003168d2a000a00000e2,2,2,32,322,276,703,559,1.0897,49,0.0449665
025040107410003168d2a000a00000e2,2,2,33,322,276,703,559,1.0897,47,0.0431311
025040107410003168d2a000a00000e2,2,2,34,322,276,703,559,1.0897,38,0.034872
025040107410003168d2a000a00000e2,2,2,35,322,276,703,559,1.0897,50,0.0458842
025040107410003168d2a000a00000e2,2,2,36,322,276,703,559,1.0897,50,0.0458842
025040107410003168d2a000a00000e2,2,2,37,322,276,703,559,1.0897,48,0.0440488
025040107410003168d2a000a00000e2,2,2,38,322,276,703,559,1.0897,50,0.0458842
025040107410003168d2a000a00000e2,2,2,39,322,276,703,559,1.0897,50,0.0458842
025040107410003168d2a000a00000e2,2,2,40,322,276,703,559,1.0897,50,0.0458842
025040107410003168d2a000a00000e2,2,2,41,322,276,703,559,1.0897,34,0.0312013
025040107410003168d2a000a00000e2,2,2,42,322,276,703,559,1.0897,50,0.0458842
025040107410003168d2a000a00000e2,2,2,43,322,276,703,559,1.0897,49,0.0449665
025040107410003168d2a000a00000e2,2,2,44,322,276,703,559,1.0897,38,0.034872
025040107410003168d2a000a00000e2,2,2,45,322,276,703,559,1.0897,27,0.0247775
025040107410003168d2a000a00000e2,2,2,46,322,276,703,559,1.0897,44,0.0403781
025040107410003168d2a000a00000e2,2,2,47,322,276,703,559,1.0897,26,0.0238598
025040107410003168d2a000a00000e2,2,2,48,322,276,703,559,1.0897,48,0.0440488
025040107410003168d2a000a00000e2,2,2,49,322,276,703,559,1.0897,28,0.0256951
025040107410003168d2a000a00000e2,2,2,50,322,276,703,559,1.0897,45,0.0412958
025040107410003168d2a000a00000e2,2,2,51,322,276,703,559,1.0897,29,0.0266128
025040107410003168d2a000a00000e2,2,2,52,322,276,703,559,1.0897,43,0.0394604
025040107410003168d2a000a00000e2,2,2,53,322,276,703,559,1.0897,27,0.0247775
025040107410003168d2a000a00000e2,2,2,54,322,276,703,559,1.0897,34,0.0312013
025040107410003168d2a000a00000e2,2,2,55,322,276,703,559,1.0897,27,0.0247775
025040107410003168d2a000a00000e2,2,2,56,322,276,703,559,1.0897,47,0.0431311
025040107410003168d2a000a00000e2,2,2,57,322,276,703,559,1.0897,26,0.0238598
025040107410003168d2a000a00000e2,2,2,58,322,276,703,559,1.0897,31,0.0284482
025040107410003168d2a000a00000e2,2,2,59,322,276,703,559,1.0897,26,0.0238598
025040107410003168d2a000a00000e2,2,2,60,322,276,703,559,1.0897,28,0.0256951
025040107410003168d2a000a00000e2,2,2,61,322,276,703,559,1.0897,18,0.0165183
025040107410003168d2a000a00000e2,2,2,62,322,276,703,559,1.0897,25,0.0229421
025040107410003168d2a000a00000e2,2,2,63,322,276,703,559,1.0897,19,0.017436
025040107410003168d2a000a00000e2,2,2,0,322,276,704,560,1.23421,0,0
025040107410003168d2a000a00000e2,2,2,1,322,276,704,560,1.23421,16,0.0129638
025040107410003168d2a000a00000e2,2,2,2,322,276,704,560,1.23421,0,0
025040107410003168d2a000a00000e2,2,2,3,322,276,704,560,1.23421,39,0.0315992
025040107410003168d2a000a00000e2,2,2,4,322,276,704,560,1.23421,32,0.0259276
025040107410003168d2a000a00000e2,2,2,5,322,276,704,560,1.23421,13,0.0105331
025040107410003168d2a000a00000e2,2,2,6,322,276,704,560,1.23421,32,0.0259276
025040107410003168d2a000a00000e2,2,2,7,322,276,704,560,1.23421,26,0.0210662
025040107410003168d2a000a00000e2,2,2,8,322,276,704,560,1.23421,29,0.0234969
025040107410003168d2a000a00000e2,2,2,9,322,276,704,560,1.23421,37,0.0299788
025040107410003168d2a000a00000e2,2,2,10,322,276,704,560,1.23421,43,0.0348402
025040107410003168d2a000a00000e2,2,2,11,322,276,704,560,1.23421,40,0.0324095
025040107410003168d2a000a00000e2,2,2,12,322,276,704,560,1.23421,36,0.0291685
025040107410003168d2a000a00000e2,2,2,13,322,276,704,560,1.23421,36,0.0291685
025040107410003168d2a000a00000e2,2,2,14,322,276,704,560,1.23421,49,0.0397016
025040107410003168d2a000a00000e2,2,2,15,322,276,704,560,1.23421,34,0.0275481
025040107410003168d2a000a00000e2,2,2,16,322,276,704,560,1.23421,49,0.0397016
025040107410003168d2a000a00000e2,2,2,17,322,276,704,560,1.23421,33,0.0267378
025040107410003168d2a000a00000e2,2,2,18,322,276,704,560,1.23421,40,0.0324095
025040107410003168d2a000a00000e2,2,2,19,322,276,704,560,1.23421,32,0.0259276
025040107410003168d2a000a00000e2,2,2,20,322,276,704,560,1.23421,53,0.0429426
025040107410003168d2a000a00000e2,2,2,21,322,276,704,560,1.23421,45,0.0364607
025040107410003168d2a000a00000e2,2,2,22,322,276,704,560,1.23421,54,0.0437528
025040107410003168d2a000a00000e2,2,2,23,322,276,704,560,1.23421,62,0.0502347
025040107410003168d2a000a00000e2,2,2,24,322,276,704,560,1.23421,45,0.0364607
025040107410003168d2a000a00000e2,2,2,25,322,276,704,560,1.23421,32,0.0259276
025040107410003168d2a000a00000e2,2,2,26,322,276,704,560,1.23421,46,0.0372709
025040107410003168d2a000a00000e2,2,2,27,322,276,704,560,1.23421,47,0.0380811
025040107410003168d2a000a00000e2,2,2,28,322,276,704,560,1.23421,46,0.0372709
025040107410003168d2a000a00000e2,2,2,29,322,276,704,560,1.23421,52,0.0421323
025040107410003168d2a000a00000e2,2,2,30,322,276,704,560,1.23421,48,0.0388914
025040107410003168d2a000a00000e2,2,2,31,322,276,704,560,1.23421,85,0.0688701
025040107410003168d2a000a00000e2,2,2,32,322,276,704,560,1.23421,46,0.0372709
025040107410003168d2a000a00000e2,2,2,33,322,276,704,560,1.23421,44,0.0356504
025040107410003168d2a000a00000e2,2,2,34,322,276,704,560,1.23421,40,0.0324095
025040107410003168d2a000a00000e2,2,2,35,322,276,704,560,1.23421,52,0.0421323
025040107410003168d2a000a00000e2,2,2,36,322,276,704,560,1.23421,56,0.0453733
025040107410003168d2a000a00000e2,2,2,37,322,276,704,560,1.23421,47,0.0380811
025040107410003168d2a000a00000e2,2,2,38,322,276,704,560,1.23421,58,0.0469937
025040107410003168d2a000a00000e2,2,2,39,322,276,704,560,1.23421,55,0.044563
025040107410003168d2a000a00000e2,2,2,40,322,276,704,560,1.23421,58,0.0469937
025040107410003168d2a000a00000e2,2,2,41,322,276,704,560,1.23421,36,0.0291685
025040107410003168d2a000a00000e2,2,2,42,322,276,704,560,1.23421,54,0.0437528
025040107410003168d2a000a00000e2,2,2,43,322,276,704,560,1.23421,47,0.0380811
025040107410003168d2a000a00000e2,2,2,44,322,276,704,560,1.23421,43,0.0348402
025040107410003168d2a000a00000e2,2,2,45,322,276,704,560,1.23421,32,0.0259276
025040107410003168d2a000a00000e2,2,2,46,322,276,704,560,1.23421,45,0.0364607
025040107410003168d2a000a00000e2,2,2,47,322,276,704,560,1.23421,28,0.0226866
025040107410003168d2a000a00000e2,2,2,48,322,276,704,560,1.23421,47,0.0380811
025040107410003168d2a000a00000e2,2,2,49,322,276,704,560,1.23421,32,0.0259276
025040107410003168d2a000a00000e2,2,2,50,322,276,704,560,1.23421,46,0.0372709
025040107410003168d2a000a00000e2,2,2,51,322,276,704,560,1.23421,33,0.0267378
025040107410003168d2a000a00000e2,2,2,52,322,276,704,560,1.23421,43,0.0348402
025040107410003168d2a000a00000e2,2,2,53,322,276,704,560,1.23421,32,0.0259276
025040107410003168d2a000a00000e2,2,2,54,322,276,704,560,1.23421,36,0.0291685
025040107410003168d2a000a00000e2,2,2,55,322,276,704,560,1.23421,32,0.0259276
025040107410003168d2a000a00000e2,2,2,56,322,276,704,560,1.23421,47,0.0380811
025040107410003168d2a000a00000e2,2,2,57,322,276,704,560,1.23421,30,0.0243071
025040107410003168d2a000a00000e2,2,2,58,322,276,704,560,1.23421,34,0.0275481
025040107410003168d2a000a00000e2,2,2,59,322,276,704,560,1.23421,30,0.0243071
025040107410003168d2a000a00000e2,2,2,60,322,276,704,560,1.23421,31,0.0251173
025040107410003168d2a000a00000e2,2,2,61,322,276,704,560,1.23421,20,0.0162047
025040107410003168d2a000a00000e2,2,2,62,322,276,704,560,1.23421,30,0.0243071
025040107410003168d2a000a00000e2,2,2,63,322,276,704,560,1.23421,23,0.0186355
025040107410003168d2a000a00000e2,2,2,0,322,276,705,561,1.26517,0,0
025040107410003168d2a000a00000e2,2,2,1,322,276,705,561,1.26517,5,0.00395203
025040107410003168d2a000a00000e2,2,2,2,322,276,705,561,1.26517,0,0
025040107410003168d2a000a00000e2,2,2,3,322,276,705,561,1.26517,12,0.00948487
025040107410003168d2a000a00000e2,2,2,4,322,276,705,561,1.26517,10,0.00790406
025040107410003168d2a000a00000e2,2,2,5,322,276,705,561,1.26517,3,0.00237122
025040107410003168d2a000a00000e2,2,2,6,322,276,705,561,1.26517,11,0.00869447
025040107410003168d2a000a00000e2,2,2,7,322,276,705,561,1.26517,7,0.00553284
025040107410003168d2a000a00000e2,2,2,8,322,276,705,561,1.26517,9,0.00711365
025040107410003168d2a000a00000e2,2,2,9,322,276,705,561,1.26517,12,0.00948487
025040107410003168d2a000a00000e2,2,2,10,322,276,705,561,1.26517,13,0.0102753
025040107410003168d2a000a00000e2,2,2,11,322,276,705,561,1.26517,12,0.00948487
025040107410003168d2a000a00000e2,2,2,12,322,276,705,561,1.26517,12,0.00948487
025040107410003168d2a000a00000e2,2,2,13,322,276,705,561,1.26517,12,0.00948487
025040107410003168d2a000a00000e2,2,2,14,322,276,705,561,1.26517,17,0.0134369
025040107410003168d2a000a00000e2,2,2,15,322,276,705,561,1.26517,12,0.00948487
025040107410003168d2a000a00000e2,2,2,16,322,276,705,561,1.26517,17,0.0134369
025040107410003168d2a000a00000e2,2,2,17,322,276,705,561,1.26517,12,0.00948487
025040107410003168d2a000a00000e2,2,2,18,322,276,705,561,1.26517,12,0.00948487
025040107410003168d2a000a00000e2,2,2,19,322,276,705,561,1.26517,12,0.00948487
025040107410003168d2a000a00000e2,2,2,20,322,276,705,561,1.26517,18,0.0142273
025040107410003168d2a000a00000e2,2,2,21,322,276,705,561,1.26517,16,0.0126465
025040107410003168d2a000a00000e2,2,2,22,322,276,705,561,1.26517,18,0.0142273
025040107410003168d2a000a00000e2,2,2,23,322,276,705,561,1.26517,18,0.0142273
025040107410003168d2a000a00000e2,2,2,24,322,276,705,561,1.26517,13,0.0102753
025040107410003168d2a000a00000e2,2,2,25,322,276,705,561,1.26517,12,0.00948487
025040107410003168d2a000a00000e2,2,2,26,322,276,705,561,1.26517,16,0.0126465
025040107410003168d2a000a00000e2,2,2,27,322,276,705,561,1.26517,16,0.0126465
025040107410003168d2a000a00000e2,2,2,28,322,276,705,561,1.26517,16,0.0126465
025040107410003168d2a000a00000e2,2,2,29,322,276,705,561,1.26517,18,0.0142273
025040107410003168d2a000a00000e2,2,2,30,322,276,705,561,1.26517,17,0.0134369
025040107410003168d2a000a00000e2,2,2,31,322,276,705,561,1.26517,20,0.0158081
025040107410003168d2a000a00000e2,2,2,32,322,276,705,561,1.26517,16,0.0126465
025040107410003168d2a000a00000e2,2,2,33,322,276,705,561,1.26517,15,0.0118561
025040107410003168d2a000a00000e2,2,2,34,322,276,705,561,1.26517,11,0.00869447
025040107410003168d2a000a00000e2,2,2,35,322,276,705,561,1.26517,16,0.0126465
025040107410003168d2a000a00000e2,2,2,36,322,276,705,561,1.26517,17,0.0134369
025040107410003168d2a000a00000e2,2,2,37,322,276,705,561,1.26517,15,0.0118561
025040107410003168d2a000a00000e2,2,2,38,322,276,705,561,1.26517,17,0.0134369
025040107410003168d2a000a00000e2,2,2,39,322,276,705,561,1.26517,17,0.0134369
025040107410003168d2a000a00000e2,2,2,40,322,276,705,561,1.26517,17,0.0134369
025040107410003168d2a000a00000e2,2,2,41,322,276,705,561,1.26517,11,0.00869447
025040107410003168d2a000a00000e2,2,2,42,322,276,705,561,1.26517,17,0.0134369
025040107410003168d2a000a00000e2,2,2,43,322,276,705,561,1.26517,15,0.0118561
025040107410003168d2a000a00000e2,2,2,44,322,276,705,561,1.26517,11,0.00869447
025040107410003168d2a000a00000e2,2,2,45,322,276,705,561,1.26517,9,0.00711365
025040107410003168d2a000a00000e2,2,2,46,322,276,705,561,1.26517,13,0.0102753
025040107410003168d2a000a00000e2,2,2,47,322,276,705,561,1.26517,7,0.00553284
025040107410003168d2a000a00000e2,2,2,48,322,276,705,561,1.26517,17,0.0134369
025040107410003168d2a000a00000e2,2,2,49,322,276,705,561,1.26517,10,0.00790406
025040107410003168d2a000a00000e2,2,2,50,322,276,705,561,1.26517,15,0.0118561
025040107410003168d2a000a00000e2,2,2,51,322,276,705,561,1.26517,10,0.00790406
025040107410003168d2a000a00000e2,2,2,52,322,276,705,561,1.26517,13,0.0102753
025040107410003168d2a000a00000e2,2,2,53,322,276,705,561,1.26517,10,0.00790406
025040107410003168d2a000a00000e2,2,2,54,322,276,705,561,1.26517,11,0.00869447
025040107410003168d2a000a00000e2,2,2,55,322,276,705,561,1.26517,10,0.00790406
025040107410003168d2a000a00000e2,2,2,56,322,276,705,561,1.26517,15,0.0118561
025040107410003168d2a000a00000e2,2,2,57,322,276,705,561,1.26517,8,0.00632325
025040107410003168d2a000a00000e2,2,2,58,322,276,705,561,1.26517,10,0.00790406
025040107410003168d2a000a00000e2,2,2,59,322,276,705,561,1.26517,8,0.00632325
025040107410003168d2a000a00000e2,2,2,60,322,276,705,561,1.26517,9,0.00711365
025040107410003168d2a000a00000e2,2,2,61,322,276,705,561,1.26517,6,0.00474244
025040107410003168d2a000a00000e2,2,2,62,322,276,705,561,1.26517,8,0.00632325
025040107410003168d2a000a00000e2,2,2,63,322,276,705,561,1.26517,6,0.00474244
025040107410003168d2a000a00000e2,2,2,0,322,276,706,562,1.11919,0,0
025040107410003168d2a000a00000e2,2,2,1,322,276,706,562,1.11919,9,0.00804152
025040107410003168d2a000a00000e2,2,2,2,322,276,706,562,1.11919,0,0
025040107410003168d2a000a00000e2,2,2,3,322,276,706,562,1.11919,18,0.016083
025040107410003168d2a000a00000e2,2,2,4,322,276,706,562,1.11919,18,0.016083
025040107410003168d2a000a00000e2,2,2,5,322,276,706,562,1.11919,7,0.00625452
025040107410003168d2a000a00000e2,2,2,6,322,276,706,562,1.11919,18,0.016083
025040107410003168d2a000a00000e2,2,2,7,322,276,706,562,1.11919,15,0.0134025
025040107410003168d2a000a00000e2,2,2,8,322,276,706,562,1.11919,16,0.014296
025040107410003168d2a000a00000e2,2,2,9,322,276,706,562,1.11919,18,0.016083
025040107410003168d2a000a00000e2,2,2,10,322,276,706,562,1.11919,23,0.0205506
025040107410003168d2a000a00000e2,2,2,11,322,276,706,562,1.11919,20,0.0178701
025040107410003168d2a000a00000e2,2,2,12,322,276,706,562,1.11919,18,0.016083
025040107410003168d2a000a00000e2,2,2,13,322,276,706,562,1.11919,18,0.016083
025040107410003168d2a000a00000e2,2,2,14,322,276,706,562,1.11919,31,0.0276986
025040107410003168d2a000a00000e2,2,2,15,322,276,706,562,1.11919,18,0.016083
025040107410003168d2a000a00000e2,2,2,16,322,276,706,562,1.11919,28,0.0250181
025040107410003168d2a000a00000e2,2,2,17,322,276,706,562,1.11919,18,0.016083
025040107410003168d2a000a00000e2,2,2,18,322,276,706,562,1.11919,18,0.016083
025040107410003168d2a000a00000e2,2,2,19,322,276,706,562,1.11919,18,0.016083
025040107410003168d2a000a00000e2,2,2,20,322,276,706,562,1.11919,32,0.0285921
025040107410003168d2a000a00000e2,2,2,21,322,276,706,562,1.11919,29,0.0259116
025040107410003168d2a000a00000e2,2,2,22,322,276,706,562,1.11919,34,0.0303791
025040107410003168d2a000a00000e2,2,2,23,322,276,706,562,1.11919,38,0.0339531
025040107410003168d2a000a00000e2,2,2,24,322,276,706,562,1.11919,24,0.0214441
025040107410003168d2a000a00000e2,2,2,25,322,276,706,562,1.11919,18,0.016083
025040107410003168d2a000a00000e2,2,2,26,322,276,706,562,1.11919,26,0.0232311
025040107410003168d2a000a00000e2,2,2,27,322,276,706,562,1.11919,27,0.0241246
025040107410003168d2a000a00000e2,2,2,28,322,276,706,562,1.11919,29,0.0259116
025040107410003168d2a000a00000e2,2,2,29,322,276,706,562,1.11919,32,0.0285921
025040107410003168d2a000a00000e2,2,2,30,322,276,706,562,1.11919,31,0.0276986
025040107410003168d2a000a00000e2,2,2,31,322,276,706,562,1.11919,44,0.0393141
025040107410003168d2a000a00000e2,2,2,32,322,276,706,562,1.11919,31,0.0276986
025040107410003168d2a000a00000e2,2,2,33,322,276,706,562,1.11919,23,0.0205506
025040107410003168d2a000a00000e2,2,2,34,322,276,706,562,1.11919,23,0.0205506
025040107410003168d2a000a00000e2,2,2,35,322,276,706,562,1.11919,30,0.0268051
025040107410003168d2a000a00000e2,2,2,36,322,276,706,562,1.11919,36,0.0321661
025040107410003168d2a000a00000e2,2,2,37,322,276,706,562,1.11919,26,0.0232311
025040107410003168d2a000a00000e2,2,2,38,322,276,706,562,1.11919,38,0.0339531
025040107410003168d2a000a00000e2,2,2,39,322,276,706,562,1.11919,33,0.0294856
025040107410003168d2a000a00000e2,2,2,40,322,276,706,562,1.11919,37,0.0330596
025040107410003168d2a000a00000e2,2,2,41,322,276,706,562,1.11919,19,0.0169765
025040107410003168d2a000a00000e2,2,2,42,322,276,706,562,1.11919,36,0.0321661
025040107410003168d2a000a00000e2,2,2,43,322,276,706,562,1.11919,28,0.0250181
025040107410003168d2a000a00000e2,2,2,44,322,276,706,562,1.11919,20,0.0178701
025040107410003168d2a000a00000e2,2,2,45,322,276,706,562,1.11919,18,0.016083
025040107410003168d2a000a00000e2,2,2,46,322,276,706,562,1.11919,25,0.0223376
025040107410003168d2a000a00000e2,2,2,47,322,276,706,562,1.11919,16,0.014296
025040107410003168d2a000a00000e2,2,2,48,322,276,706,562,1.11919,31,0.0276986
025040107410003168d2a000a00000e2,2,2,49,322,276,706,562,1.11919,18,0.016083
025040107410003168d2a000a00000e2,2,2,50,322,276,706,562,1.11919,27,0.0241246
025040107410003168d2a000a00000e2,2,2,51,322,276,706,562,1.11919,18,0.016083
025040107410003168d2a000a00000e2,2,2,52,322,276,706,562,1.11919,22,0.0196571
025040107410003168d2a000a00000e2,2,2,53,322,276,706,562,1.11919,18,0.016083
025040107410003168d2a000a00000e2,2,2,54,322,276,706,562,1.11919,18,0.016083
025040107410003168d2a000a00000e2,2,2,55,322,276,706,562,1.11919,18,0.016083
025040107410003168d2a000a00000e2,2,2,56,322,276,706,562,1.11919,30,0.0268051
025040107410003168d2a000a00000e2,2,2,57,322,276,706,562,1.11919,18,0.016083
025040107410003168d2a000a00000e2,2,2,58,322,276,706,562,1.11919,18,0.016083
025040107410003168d2a000a00000e2,2,2,59,322,276,706,562,1.11919,16,0.014296
025040107410003168d2a000a00000e2,2,2,60,322,276,706,562,1.11919,18,0.016083
025040107410003168d2a000a00000e2,2,2,61,322,276,706,562,1.11919,12,0.010722
025040107410003168d2a000a00000e2,2,2,62,322,276,706,562,1.11919,17,0.0151895
025040107410003168d2a000a00000e2,2,2,63,322,276,706,562,1.11919,15,0.0134025
025040107410003168d2a000a00000e2,2,2,0,322,276,707,562,1.47751,0,0
025040107410003168d2a000a00000e2,2,2,1,322,276,707,562,1.47751,4,0.00270726
025040107410003168d2a000a00000e2,2,2,2,322,276,707,562,1.47751,0,0
025040107410003168d2a000a00000e2,2,2,3,322,276,707,562,1.47751,15,0.0101522
025040107410003168d2a000a00000e2,2,2,4,322,276,707,562,1.47751,13,0.00879859
025040107410003168d2a000a00000e2,2,2,5,322,276,707,562,1.47751,3,0.00203044
025040107410003168d2a000a00000e2,2,2,6,322,276,707,562,1.47751,13,0.00879859
025040107410003168d2a000a00000e2,2,2,7,322,276,707,562,1.47751,10,0.00676815
025040107410003168d2a000a00000e2,2,2,8,322,276,707,562,1.47751,10,0.00676815
025040107410003168d2a000a00000e2,2,2,9,322,276,707,562,1.47751,14,0.00947541
025040107410003168d2a000a00000e2,2,2,10,322,276,707,562,1.47751,14,0.00947541
025040107410003168d2a000a00000e2,2,2,11,322,276,707,562,1.47751,14,0.00947541
025040107410003168d2a000a00000e2,2,2,12,322,276,707,562,1.47751,13,0.00879859
025040107410003168d2a000a00000e2,2,2,13,322,276,707,562,1.47751,14,0.00947541
025040107410003168d2a000a00000e2,2,2,14,322,276,707,562,1.47751,17,0.0115059
025040107410003168d2a000a00000e2,2,2,15,322,276,707,562,1.47751,14,0.00947541
025040107410003168d2a000a00000e2,2,2,16,322,276,707,562,1.47751,16,0.010829
025040107410003168d2a000a00000e2,2,2,17,322,276,707,562,1.47751,13,0.00879859
025040107410003168d2a000a00000e2,2,2,18,322,276,707,562,1.47751,14,0.00947541
025040107410003168d2a000a00000e2,2,2,19,322,276,707,562,1.47751,13,0.00879859
025040107410003168d2a000a00000e2,2,2,20,322,276,707,562,1.47751,17,0.0115059
025040107410003168d2a000a00000e2,2,2,21,322,276,707,562,1.47751,16,0.010829
025040107410003168d2a000a00000e2,2,2,22,322,276,707,562,1.47751,17,0.0115059
025040107410003168d2a000a00000e2,2,2,23,322,276,707,562,1.47751,18,0.0121827
025040107410003168d2a000a00000e2,2,2,24,322,276,707,562,1.47751,16,0.010829
025040107410003168d2a000a00000e2,2,2,25,322,276,707,562,1.47751,14,0.00947541
025040107410003168d2a000a00000e2,2,2,26,322,276,707,562,1.47751,17,0.0115059
025040107410003168d2a000a00000e2,2,2,27,322,276,707,562,1.47751,17,0.0115059
025040107410003168d2a000a00000e2,2,2,28,322,276,707,562,1.47751,18,0.0121827
025040107410003168d2a000a00000e2,2,2,29,322,276,707,562,1.47751,18,0.0121827
025040107410003168d2a000a00000e2,2,2,30,322,276,707,562,1.47751,18,0.0121827
025040107410003168d2a000a00000e2,2,2,31,322,276,707,562,1.47751,20,0.0135363
025040107410003168d2a000a00000e2,2,2,32,322,276,707,562,1.47751,18,0.0121827
025040107410003168d2a000a00000e2,2,2,33,322,276,707,562,1.47751,17,0.0115059
025040107410003168d2a000a00000e2,2,2,34,322,276,707,562,1.47751,15,0.0101522
025040107410003168d2a000a00000e2,2,2,35,322,276,707,562,1.47751,18,0.0121827
025040107410003168d2a000a00000e2,2,2,36,322,276,707,562,1.47751,18,0.0121827
025040107410003168d2a000a00000e2,2,2,37,322,276,707,562,1.47751,16,0.010829
025040107410003168d2a000a00000e2,2,2,38,322,276,707,562,1.47751,19,0.0128595
025040107410003168d2a000a00000e2,2,2,39,322,276,707,562,1.47751,19,0.0128595
025040107410003168d2a000a00000e2,2,2,40,322,276,707,562,1.47751,18,0.0121827
025040107410003168d2a000a00000e2,2,2,41,322,276,707,562,1.47751,15,0.0101522
025040107410003168d2a000a00000e2,2,2,42,322,276,707,562,1.47751,18,0.0121827
025040107410003168d2a000a00000e2,2,2,43,322,276,707,562,1.47751,17,0.0115059
025040107410003168d2a000a00000e2,2,2,44,322,276,707,562,1.47751,15,0.0101522
025040107410003168d2a000a00000e2,2,2,45,322,276,707,562,1.47751,14,0.00947541
025040107410003168d2a000a00000e2,2,2,46,322,276,707,562,1.47751,15,0.0101522
025040107410003168d2a000a00000e2,2,2,47,322,276,707,562,1.47751,10,0.00676815
025040107410003168d2a000a00000e2,2,2,48,322,276,707,562,1.47751,18,0.0121827
025040107410003168d2a000a00000e2,2,2,49,322,276,707,562,1.47751,14,0.00947541
025040107410003168d2a000a00000e2,2,2,50,322,276,707,562,1.47751,16,0.010829
025040107410003168d2a000a00000e2,2,2,51,322,276,707,562,1.47751,14,0.00947541
025040107410003168d2a000a00000e2,2,2,52,322,276,707,562,1.47751,15,0.0101522
025040107410003168d2a000a00000e2,2,2,53,322,276,707,562,1.47751,14,0.00947541
025040107410003168d2a000a00000e2,2,2,54,322,276,707,562,1.47751,14,0.00947541
025040107410003168d2a000a00000e2,2,2,55,322,276,707,562,1.47751,14,0.00947541
025040107410003168d2a000a00000e2,2,2,56,322,276,707,562,1.47751,17,0.0115059
025040107410003168d2a000a00000e2,2,2,57,322,276,707,562,1.47751,11,0.00744496
025040107410003168d2a000a00000e2,2,2,58,322,276,707,562,1.47751,14,0.00947541
025040107410003168d2a000a00000e2,2,2,59,322,276,707,562,1.47751,10,0.00676815
025040107410003168d2a000a00000e2,2,2,60,322,276,707,562,1.47751,13,0.00879859
025040107410003168d2a000a00000e2,2,2,61,322,276,707,562,1.47751,6,0.00406089
025040107410003168d2a000a00000e2,2,2,62,322,276,707,562,1.47751,10,0.00676815
025040107410003168d2a000a00000e2,2,2,63,322,276,707,562,1.47751,8,0.00541452
025040107410003168d2a000a00000e2,2,2,0,322,276,708,563,1.36397,0,0
025040107410003168d2a000a00000e2,2,2,1,322,276,708,563,1.36397,4,0.00293262
025040107410003168d2a000a00000e2,2,2,2,322,276,708,563,1.36397,0,0
025040107410003168d2a000a00000e2,2,2,3,322,276,708,563,1.36397,24,0.0175957
025040107410003168d2a000a00000e2,2,2,4,322,276,708,563,1.36397,20,0.0146631
025040107410003168d2a000a00000e2,2,2,5,322,276,708,563,1.36397,3,0.00219947
025040107410003168d2a000a00000e2,2,2,6,322,276,708,563,1.36397,21,0.0153963
025040107410003168d2a000a00000e2,2,2,7,322,276,708,563,1.36397,16,0.0117305
025040107410003168d2a000a00000e2,2,2,8,322,276,708,563,1.36397,18,0.0131968
025040107410003168d2a000a00000e2,2,2,9,322,276,708,563,1.36397,25,0.0183289
025040107410003168d2a000a00000e2,2,2,10,322,276,708,563,1.36397,28,0.0205283
025040107410003168d2a000a00000e2,2,2,11,322,276,708,563,1.36397,24,0.0175957
025040107410003168d2a000a00000e2,2,2,12,322,276,708,563,1.36397,24,0.0175957
025040107410003168d2a000a00000e2,2,2,13,322,276,708,563,1.36397,23,0.0168626
025040107410003168d2a000a00000e2,2,2,14,322,276,708,563,1.36397,45,0.032992
025040107410003168d2a000a00000e2,2,2,15,322,276,708,563,1.36397,22,0.0161294
025040107410003168d2a000a00000e2,2,2,16,322,276,708,563,1.36397,44,0.0322588
025040107410003168d2a000a00000e2,2,2,17,322,276,708,563,1.36397,22,0.0161294
025040107410003168d2a000a00000e2,2,2,18,322,276,708,563,1.36397,25,0.0183289
025040107410003168d2a000a00000e2,2,2,19,322,276,708,563,1.36397,21,0.0153963
025040107410003168d2a000a00000e2,2,2,20,322,276,708,563,1.36397,47,0.0344583
025040107410003168d2a000a00000e2,2,2,21,322,276,708,563,1.36397,37,0.0271267
025040107410003168d2a000a00000e2,2,2,22,322,276,708,563,1.36397,50,0.0366578
025040107410003168d2a000a00000e2,2,2,23,322,276,708,563,1.36397,53,0.0388572
025040107410003168d2a000a00000e2,2,2,24,322,276,708,563,1.36397,31,0.0227278
025040107410003168d2a000a00000e2,2,2,25,322,276,708,563,1.36397,21,0.0153963
025040107410003168d2a000a00000e2,2,2,26,322,276,708,563,1.36397,39,0.028593
025040107410003168d2a000a00000e2,2,2,27,322,276,708,563,1.36397,41,0.0300594
025040107410003168d2a000a00000e2,2,2,28,322,276,708,563,1.36397,44,0.0322588
025040107410003168d2a000a00000e2,2,2,29,322,276,708,563,1.36397,48,0.0351914
025040107410003168d2a000a00000e2,2,2,30,322,276,708,563,1.36397,46,0.0337251
025040107410003168d2a000a00000e2,2,2,31,322,276,708,563,1.36397,58,0.042523
025040107410003168d2a000a00000e2,2,2,32,322,276,708,563,1.36397,45,0.032992
025040107410003168d2a000a00000e2,2,2,33,322,276,708,563,1.36397,35,0.0256604
025040107410003168d2a000a00000e2,2,2,34,322,276,708,563,1.36397,27,0.0197952
025040107410003168d2a000a00000e2,2,2,35,322,276,708,563,1.36397,47,0.0344583
025040107410003168d2a000a00000e2,2,2,36,322,276,708,563,1.36397,52,0.0381241
025040107410003168d2a000a00000e2,2,2,37,322,276,708,563,1.36397,38,0.0278599
025040107410003168d2a000a00000e2,2,2,38,322,276,708,563,1.36397,56,0.0410567
025040107410003168d2a000a00000e2,2,2,39,322,276,708,563,1.36397,53,0.0388572
025040107410003168d2a000a00000e2,2,2,40,322,276,708,563,1.36397,55,0.0403235
025040107410003168d2a000a00000e2,2,2,41,322,276,708,563,1.36397,24,0.0175957
025040107410003168d2a000a00000e2,2,2,42,322,276,708,563,1.36397,51,0.0373909
025040107410003168d2a000a00000e2,2,2,43,322,276,708,563,1.36397,43,0.0315257
025040107410003168d2a000a00000e2,2,2,44,322,276,708,563,1.36397,27,0.0197952
025040107410003168d2a000a00000e2,2,2,45,322,276,708,563,1.36397,21,0.0153963
025040107410003168d2a000a00000e2,2,2,46,322,276,708,563,1.36397,30,0.0219947
025040107410003168d2a000a00000e2,2,2,47,322,276,708,563,1.36397,17,0.0124636
025040107410003168d2a000a00000e2,2,2,48,322,276,708,563,1.36397,46,0.0337251
025040107410003168d2a000a00000e2,2,2,49,322,276,708,563,1.36397,21,0.0153963
025040107410003168d2a000a00000e2,2,2,50,322,276,708,563,1.36397,37,0.0271267
025040107410003168d2a000a00000e2,2,2,51,322,276,708,563,1.36397,23,0.0168626
025040107410003168d2a000a00000e2,2,2,52,322,276,708,563,1.36397,29,0.0212615
025040107410003168d2a000a00000e2,2,2,53,322,276,708,563,1.36397,21,0.0153963
025040107410003168d2a000a00000e2,2,2,54,322,276,708,563,1.36397,25,0.0183289
025040107410003168d2a000a00000e2,2,2,55,322,276,708,563,1.36397,21,0.0153963
025040107410003168d2a000a00000e2,2,2,56,322,276,708,563,1.36397,42,0.0307925
025040107410003168d2a000a00000e2,2,2,57,322,276,708,563,1.36397,18,0.0131968
025040107410003168d2a000a00000e2,2,2,58,322,276,708,563,1.36397,24,0.0175957
025040107410003168d2a000a00000e2,2,2,59,322,276,708,563,1.36397,18,0.0131968
025040107410003168d2a000a00000e2,2,2,60,322,276,708,563,1.36397,23,0.0168626
025040107410003168d2a000a00000e2,2,2,61,322,276,708,563,1.36397,9,0.0065984
025040107410003168d2a000a00000e2,2,2,62,322,276,708,563,1.36397,18,0.0131968
025040107410003168d2a000a00000e2,2,2,63,322,276,708,563,1.36397,15,0.0109973
025040107410003168d2a000a00000e2,2,2,0,322,276,709,564,1.16048,0,0
025040107410003168d2a000a00000e2,2,2,1,322,276,709,564,1.16048,5,0.00430857
025040107410003168d2a000a00000e2,2,2,2,322,276,709,564,1.16048,0,0
025040107410003168d2a000a00000e2,2,2,3,322,276,709,564,1.16048,34,0.0292983
025040107410003168d2a000a00000e2,2,2,4,322,276,709,564,1.16048,23,0.0198194
025040107410003168d2a000a00000e2,2,2,5,322,276,709,564,1.16048,5,0.00430857
025040107410003168d2a000a00000e2,2,2,6,322,276,709,564,1.16048,28,0.024128
025040107410003168d2a000a00000e2,2,2,7,322,276,709,564,1.16048,18,0.0155108
025040107410003168d2a000a00000e2,2,2,8,322,276,709,564,1.16048,20,0.0172343
025040107410003168d2a000a00000e2,2,2,9,322,276,709,564,1.16048,34,0.0292983
025040107410003168d2a000a00000e2,2,2,10,322,276,709,564,1.16048,39,0.0336068
025040107410003168d2a000a00000e2,2,2,11,322,276,709,564,1.16048,37,0.0318834
025040107410003168d2a000a00000e2,2,2,12,322,276,709,564,1.16048,33,0.0284365
025040107410003168d2a000a00000e2,2,2,13,322,276,709,564,1.16048,33,0.0284365
025040107410003168d2a000a00000e2,2,2,14,322,276,709,564,1.16048,49,0.042224
025040107410003168d2a000a00000e2,2,2,15,322,276,709,564,1.16048,31,0.0267131
025040107410003168d2a000a00000e2,2,2,16,322,276,709,564,1.16048,43,0.0370537
025040107410003168d2a000a00000e2,2,2,17,322,276,709,564,1.16048,29,0.0249897
025040107410003168d2a000a00000e2,2,2,18,322,276,709,564,1.16048,36,0.0310217
025040107410003168d2a000a00000e2,2,2,19,322,276,709,564,1.16048,31,0.0267131
025040107410003168d2a000a00000e2,2,2,20,322,276,709,564,1.16048,48,0.0413622
025040107410003168d2a000a00000e2,2,2,21,322,276,709,564,1.16048,42,0.036192
025040107410003168d2a000a00000e2,2,2,22,322,276,709,564,1.16048,51,0.0439474
025040107410003168d2a000a00000e2,2,2,23,322,276,709,564,1.16048,57,0.0491177
025040107410003168d2a000a00000e2,2,2,24,322,276,709,564,1.16048,39,0.0336068
025040107410003168d2a000a00000e2,2,2,25,322,276,709,564,1.16048,27,0.0232663
025040107410003168d2a000a00000e2,2,2,26,322,276,709,564,1.16048,42,0.036192
025040107410003168d2a000a00000e2,2,2,27,322,276,709,564,1.16048,42,0.036192
025040107410003168d2a000a00000e2,2,2,28,322,276,709,564,1.16048,44,0.0379154
025040107410003168d2a000a00000e2,2,2,29,322,276,709,564,1.16048,49,0.042224
025040107410003168d2a000a00000e2,2,2,30,322,276,709,564,1.16048,46,0.0396388
025040107410003168d2a000a00000e2,2,2,31,322,276,709,564,1.16048,67,0.0577348
025040107410003168d2a000a00000e2,2,2,32,322,276,709,564,1.16048,46,0.0396388
025040107410003168d2a000a00000e2,2,2,33,322,276,709,564,1.16048,39,0.0336068
025040107410003168d2a000a00000e2,2,2,34,322,276,709,564,1.16048,38,0.0327451
025040107410003168d2a000a00000e2,2,2,35,322,276,709,564,1.16048,46,0.0396388
025040107410003168d2a000a00000e2,2,2,36,322,276,709,564,1.16048,56,0.0482559
025040107410003168d2a000a00000e2,2,2,37,322,276,709,564,1.16048,41,0.0353302
025040107410003168d2a000a00000e2,2,2,38,322,276,709,564,1.16048,57,0.0491177
025040107410003168d2a000a00000e2,2,2,39,322,276,709,564,1.16048,53,0.0456708
025040107410003168d2a000a00000e2,2,2,40,322,276,709,564,1.16048,56,0.0482559
025040107410003168d2a000a00000e2,2,2,41,322,276,709,564,1.16048,35,0.03016
025040107410003168d2a000a00000e2,2,2,42,322,276,709,564,1.16048,57,0.0491177
025040107410003168d2a000a00000e2,2,2,43,322,276,709,564,1.16048,41,0.0353302
025040107410003168d2a000a00000e2,2,2,44,322,276,709,564,1.16048,37,0.0318834
025040107410003168d2a000a00000e2,2,2,45,322,276,709,564,1.16048,25,0.0215428
025040107410003168d2a000a00000e2,2,2,46,322,276,709,564,1.16048,39,0.0336068
025040107410003168d2a000a00000e2,2,2,47,322,276,709,564,1.16048,19,0.0163726
025040107410003168d2a000a00000e2,2,2,48,322,276,709,564,1.16048,47,0.0405005
025040107410003168d2a000a00000e2,2,2,49,322,276,709,564,1.16048,28,0.024128
025040107410003168d2a000a00000e2,2,2,50,322,276,709,564,1.16048,41,0.0353302
025040107410003168d2a000a00000e2,2,2,51,322,276,709,564,1.16048,28,0.024128
025040107410003168d2a000a00000e2,2,2,52,322,276,709,564,1.16048,39,0.0336068
025040107410003168d2a000a00000e2,2,2,53,322,276,709,564,1.16048,22,0.0189577
025040107410003168d2a000a00000e2,2,2,54,322,276,709,564,1.16048,35,0.03016
025040107410003168d2a000a00000e2,2,2,55,322,276,709,564,1.16048,24,0.0206811
025040107410003168d2a000a00000e2,2,2,56,322,276,709,564,1.16048,44,0.0379154
025040107410003168d2a000a00000e2,2,2,57,322,276,709,564,1.16048,20,0.0172343
025040107410003168d2a000a00000e2,2,2,58,322,276,709,564,1.16048,30,0.0258514
025040107410003168d2a000a00000e2,2,2,59,322,276,709,564,1.16048,19,0.0163726
025040107410003168d2a000a00000e2,2,2,60,322,276,709,564,1.16048,27,0.0232663
025040107410003168d2a000a00000e2,2,2,61,322,276,709,564,1.16048,9,0.00775542
025040107410003168d2a000a00000e2,2,2,62,322,276,709,564,1.16048,22,0.0189577
025040107410003168d2a000a00000e2,2,2,63,322,276,709,564,1.16048,14,0.012064
025040107410003168d2a000a00000e2,2,2,0,322,276,710,565,1.17228,0,0
025040107410003168d2a000a00000e2,2,2,1,322,276,710,565,1.17228,1,0.000853042
025040107410003168d2a000a00000e2,2,2,2,322,276,710,565,1.17228,0,0
025040107410003168d2a000a00000e2,2,2,3,322,276,710,565,1.17228,20,0.0170608
025040107410003168d2a000a00000e2,2,2,4,322,276,710,565,1.17228,15,0.0127956
025040107410003168d2a000a00000e2,2,2,5,322,276,710,565,1.17228,2,0.00170608
025040107410003168d2a000a00000e2,2,2,6,322,276,710,565,1.17228,16,0.0136487
025040107410003168d2a000a00000e2,2,2,7,322,276,710,565,1.17228,12,0.0102365
025040107410003168d2a000a00000e2,2,2,8,322,276,710,565,1.17228,14,0.0119426
025040107410003168d2a000a00000e2,2,2,9,322,276,710,565,1.17228,18,0.0153548
025040107410003168d2a000a00000e2,2,2,10,322,276,710,565,1.17228,21,0.0179139
025040107410003168d2a000a00000e2,2,2,11,322,276,710,565,1.17228,19,0.0162078
025040107410003168d2a000a00000e2,2,2,12,322,276,710,565,1.17228,19,0.0162078
025040107410003168d2a000a00000e2,2,2,13,322,276,710,565,1.17228,18,0.0153548
025040107410003168d2a000a00000e2,2,2,14,322,276,710,565,1.17228,27,0.0230321
025040107410003168d2a000a00000e2,2,2,15,322,276,710,565,1.17228,16,0.0136487
025040107410003168d2a000a00000e2,2,2,16,322,276,710,565,1.17228,24,0.020473
025040107410003168d2a000a00000e2,2,2,17,322,276,710,565,1.17228,15,0.0127956
025040107410003168d2a000a00000e2,2,2,18,322,276,710,565,1.17228,20,0.0170608
025040107410003168d2a000a00000e2,2,2,19,322,276,710,565,1.17228,16,0.0136487
025040107410003168d2a000a00000e2,2,2,20,322,276,710,565,1.17228,27,0.0230321
025040107410003168d2a000a00000e2,2,2,21,322,276,710,565,1.17228,22,0.0187669
025040107410003168d2a000a00000e2,2,2,22,322,276,710,565,1.17228,31,0.0264443
025040107410003168d2a000a00000e2,2,2,23,322,276,710,565,1.17228,34,0.0290034
025040107410003168d2a000a00000e2,2,2,24,322,276,710,565,1.17228,21,0.0179139
025040107410003168d2a000a00000e2,2,2,25,322,276,710,565,1.17228,16,0.0136487
025040107410003168d2a000a00000e2,2,2,26,322,276,710,565,1.17228,24,0.020473
025040107410003168d2a000a00000e2,2,2,27,322,276,710,565,1.17228,24,0.020473
025040107410003168d2a000a00000e2,2,2,28,322,276,710,565,1.17228,26,0.0221791
025040107410003168d2a000a00000e2,2,2,29,322,276,710,565,1.17228,28,0.0238852
025040107410003168d2a000a00000e2,2,2,30,322,276,710,565,1.17228,26,0.0221791
025040107410003168d2a000a00000e2,2,2,31,322,276,710,565,1.17228,40,0.0341217
025040107410003168d2a000a00000e2,2,2,32,322,276,710,565,1.17228,25,0.0213261
025040107410003168d2a000a00000e2,2,2,33,322,276,710,565,1.17228,23,0.01962
025040107410003168d2a000a00000e2,2,2,34,322,276,710,565,1.17228,21,0.0179139
025040107410003168d2a000a00000e2,2,2,35,322,276,710,565,1.17228,27,0.0230321
025040107410003168d2a000a00000e2,2,2,36,322,276,710,565,1.17228,32,0.0272973
025040107410003168d2a000a00000e2,2,2,37,322,276,710,565,1.17228,22,0.0187669
025040107410003168d2a000a00000e2,2,2,38,322,276,710,565,1.17228,34,0.0290034
025040107410003168d2a000a00000e2,2,2,39,322,276,710,565,1.17228,32,0.0272973
025040107410003168d2a000a00000e2,2,2,40,322,276,710,565,1.17228,34,0.0290034
025040107410003168d2a000a00000e2,2,2,41,322,276,710,565,1.17228,20,0.0170608
025040107410003168d2a000a00000e2,2,2,42,322,276,710,565,1.17228,34,0.0290034
025040107410003168d2a000a00000e2,2,2,43,322,276,710,565,1.17228,24,0.020473
025040107410003168d2a000a00000e2,2,2,44,322,276,710,565,1.17228,20,0.0170608
025040107410003168d2a000a00000e2,2,2,45,322,276,710,565,1.17228,15,0.0127956
025040107410003168d2a000a00000e2,2,2,46,322,276,710,565,1.17228,22,0.0187669
025040107410003168d2a000a00000e2,2,2,47,322,276,710,565,1.17228,14,0.0119426
025040107410003168d2a000a00000e2,2,2,48,322,276,710,565,1.17228,26,0.0221791
025040107410003168d2a000a00000e2,2,2,49,322,276,710,565,1.17228,16,0.0136487
025040107410003168d2a000a00000e2,2,2,50,322,276,710,565,1.17228,23,0.01962
025040107410003168d2a000a00000e2,2,2,51,322,276,710,565,1.17228,16,0.0136487
025040107410003168d2a000a00000e2,2,2,52,322,276,710,565,1.17228,22,0.0187669
025040107410003168d2a000a00000e2,2,2,53,322,276,710,565,1.17228,14,0.0119426
025040107410003168d2a000a00000e2,2,2,54,322,276,710,565,1.17228,18,0.0153548
025040107410003168d2a000a00000e2,2,2,55,322,276,710,565,1.17228,15,0.0127956
025040107410003168d2a000a00000e2,2,2,56,322,276,710,565,1.17228,25,0.0213261
025040107410003168d2a000a00000e2,2,2,57,322,276,710,565,1.17228,14,0.0119426
025040107410003168d2a000a00000e2,2,2,58,322,276,710,565,1.17228,16,0.0136487
025040107410003168d2a000a00000e2,2,2,59,322,276,710,565,1.17228,14,0.0119426
025040107410003168d2a000a00000e2,2,2,60,322,276,710,565,1.17228,15,0.0127956
025040107410003168d2a000a00000e2,2,2,61,322,276,710,565,1.17228,5,0.00426521
025040107410003168d2a000a00000e2,2,2,62,322,276,710,565,1.17228,15,0.0127956
025040107410003168d2a000a00000e2,2,2,63,322,276,710,565,1.17228,9,0.00767738
025040107410003168d2a000a00000e2,2,2,0,322,276,711,565,1.13983,0,0
025040107410003168d2a000a00000e2,2,2,1,322,276,711,565,1.13983,2,0.00175464
025040107410003168d2a000a00000e2,2,2,2,322,276,711,565,1.13983,0,0
025040107410003168d2a000a00000e2,2,2,3,322,276,711,565,1.13983,19,0.0166691
025040107410003168d2a000a00000e2,2,2,4,322,276,711,565,1.13983,18,0.0157918
025040107410003168d2a000a00000e2,2,2,5,322,276,711,565,1.13983,2,0.00175464
025040107410003168d2a000a00000e2,2,2,6,322,276,711,565,1.13983,18,0.0157918
025040107410003168d2a000a00000e2,2,2,7,322,276,711,565,1.13983,10,0.0087732
025040107410003168d2a000a00000e2,2,2,8,322,276,711,565,1.13983,14,0.0122825
025040107410003168d2a000a00000e2,2,2,9,322,276,711,565,1.13983,19,0.0166691
025040107410003168d2a000a00000e2,2,2,10,322,276,711,565,1.13983,20,0.0175464
025040107410003168d2a000a00000e2,2,2,11,322,276,711,565,1.13983,19,0.0166691
025040107410003168d2a000a00000e2,2,2,12,322,276,711,565,1.13983,19,0.0166691
025040107410003168d2a000a00000e2,2,2,13,322,276,711,565,1.13983,19,0.0166691
025040107410003168d2a000a00000e2,2,2,14,322,276,711,565,1.13983,26,0.0228103
025040107410003168d2a000a00000e2,2,2,15,322,276,711,565,1.13983,18,0.0157918
025040107410003168d2a000a00000e2,2,2,16,322,276,711,565,1.13983,25,0.021933
025040107410003168d2a000a00000e2,2,2,17,322,276,711,565,1.13983,19,0.0166691
025040107410003168d2a000a00000e2,2,2,18,322,276,711,565,1.13983,19,0.0166691
025040107410003168d2a000a00000e2,2,2,19,322,276,711,565,1.13983,18,0.0157918
025040107410003168d2a000a00000e2,2,2,20,322,276,711,565,1.13983,26,0.0228103
025040107410003168d2a000a00000e2,2,2,21,322,276,711,565,1.13983,22,0.019301
025040107410003168d2a000a00000e2,2,2,22,322,276,711,565,1.13983,27,0.0236876
025040107410003168d2a000a00000e2,2,2,23,322,276,711,565,1.13983,29,0.0254423
025040107410003168d2a000a00000e2,2,2,24,322,276,711,565,1.13983,23,0.0201784
025040107410003168d2a000a00000e2,2,2,25,322,276,711,565,1.13983,18,0.0157918
025040107410003168d2a000a00000e2,2,2,26,322,276,711,565,1.13983,23,0.0201784
025040107410003168d2a000a00000e2,2,2,27,322,276,711,565,1.13983,25,0.021933
025040107410003168d2a000a00000e2,2,2,28,322,276,711,565,1.13983,24,0.0210557
025040107410003168d2a000a00000e2,2,2,29,322,276,711,565,1.13983,27,0.0236876
025040107410003168d2a000a00000e2,2,2,30,322,276,711,565,1.13983,24,0.0210557
025040107410003168d2a000a00000e2,2,2,31,322,276,711,565,1.13983,34,0.0298289
025040107410003168d2a000a00000e2,2,2,32,322,276,711,565,1.13983,23,0.0201784
025040107410003168d2a000a00000e2,2,2,33,322,276,711,565,1.13983,21,0.0184237
025040107410003168d2a000a00000e2,2,2,34,322,276,711,565,1.13983,21,0.0184237
025040107410003168d2a000a00000e2,2,2,35,322,276,711,565,1.13983,24,0.0210557
025040107410003168d2a000a00000e2,2,2,36,322,276,711,565,1.13983,29,0.0254423
025040107410003168d2a000a00000e2,2,2,37,322,276,711,565,1.13983,22,0.019301
025040107410003168d2a000a00000e2,2,2,38,322,276,711,565,1.13983,28,0.024565
025040107410003168d2a000a00000e2,2,2,39,322,276,711,565,1.13983,28,0.024565
025040107410003168d2a000a00000e2,2,2,40,322,276,711,565,1.13983,29,0.0254423
025040107410003168d2a000a00000e2,2,2,41,322,276,711,565,1.13983,19,0.0166691
025040107410003168d2a000a00000e2,2,2,42,322,276,711,565,1.13983,28,0.024565
025040107410003168d2a000a00000e2,2,2,43,322,276,711,565,1.13983,23,0.0201784
025040107410003168d2a000a00000e2,2,2,44,322,276,711,565,1.13983,19,0.0166691
025040107410003168d2a000a00000e2,2,2,45,322,276,711,565,1.13983,16,0.0140371
025040107410003168d2a000a00000e2,2,2,46,322,276,711,565,1.13983,22,0.019301
025040107410003168d2a000a00000e2,2,2,47,322,276,711,565,1.13983,14,0.0122825
025040107410003168d2a000a00000e2,2,2,48,322,276,711,565,1.13983,25,0.021933
025040107410003168d2a000a00000e2,2,2,49,322,276,711,565,1.13983,18,0.0157918
025040107410003168d2a000a00000e2,2,2,50,322,276,711,565,1.13983,23,0.0201784
025040107410003168d2a000a00000e2,2,2,51,322,276,711,565,1.13983,19,0.0166691
025040107410003168d2a000a00000e2,2,2,52,322,276,711,565,1.13983,21,0.0184237
025040107410003168d2a000a00000e2,2,2,53,322,276,711,565,1.13983,16,0.0140371
025040107410003168d2a000a00000e2,2,2,54,322,276,711,565,1.13983,20,0.0175464
025040107410003168d2a000a00000e2,2,2,55,322,276,711,565,1.13983,19,0.0166691
025040107410003168d2a000a00000e2,2,2,56,322,276,711,565,1.13983,24,0.0210557
025040107410003168d2a000a00000e2,2,2,57,322,276,711,565,1.13983,15,0.0131598
025040107410003168d2a000a00000e2,2,2,58,322,276,711,565,1.13983,20,0.0175464
025040107410003168d2a000a00000e2,2,2,59,322,276,711,565,1.13983,15,0.0131598
025040107410003168d2a000a00000e2,2,2,60,322,276,711,565,1.13983,19,0.0166691
025040107410003168d2a000a00000e2,2,2,61,322,276,711,565,1.13983,3,0.00263196
025040107410003168d2a000a00000e2,2,2,62,322,276,711,565,1.13983,16,0.0140371
025040107410003168d2a000a00000e2,2,2,63,322,276,711,565,1.13983,8,0.00701856
025040107410003168d2a000a00000e2,2,2,0,322,276,712,566,1.60137,0,0
025040107410003168d2a000a00000e2,2,2,1,322,276,712,566,1.60137,2,0.00124893
025040107410003168d2a000a00000e2,2,2,2,322,276,712,566,1.60137,0,0
025040107410003168d2a000a00000e2,2,2,3,322,276,712,566,1.60137,9,0.00562018
025040107410003168d2a000a00000e2,2,2,4,322,276,712,566,1.60137,7,0.00437125
025040107410003168d2a000a00000e2,2,2,5,322,276,712,566,1.60137,2,0.00124893
025040107410003168d2a000a00000e2,2,2,6,322,276,712,566,1.60137,7,0.00437125
025040107410003168d2a000a00000e2,2,2,7,322,276,712,566,1.60137,3,0.00187339
025040107410003168d2a000a00000e2,2,2,8,322,276,712,566,1.60137,5,0.00312232
025040107410003168d2a000a00000e2,2,2,9,322,276,712,566,1.60137,10,0.00624464
025040107410003168d2a000a00000e2,2,2,10,322,276,712,566,1.60137,10,0.00624464
025040107410003168d2a000a00000e2,2,2,11,322,276,712,566,1.60137,9,0.00562018
025040107410003168d2a000a00000e2,2,2,12,322,276,712,566,1.60137,9,0.00562018
025040107410003168d2a000a00000e2,2,2,13,322,276,712,566,1.60137,8,0.00499572
025040107410003168d2a000a00000e2,2,2,14,322,276,712,566,1.60137,14,0.0087425
025040107410003168d2a000a00000e2,2,2,15,322,276,712,566,1.60137,8,0.00499572
025040107410003168d2a000a00000e2,2,2,16,322,276,712,566,1.60137,13,0.00811804
025040107410003168d2a000a00000e2,2,2,17,322,276,712,566,1.60137,8,0.00499572
025040107410003168d2a000a00000e2,2,2,18,322,276,712,566,1.60137,10,0.00624464
025040107410003168d2a000a00000e2,2,2,19,322,276,712,566,1.60137,8,0.00499572
025040107410003168d2a000a00000e2,2,2,20,322,276,712,566,1.60137,13,0.00811804
025040107410003168d2a000a00000e2,2,2,21,322,276,712,566,1.60137,11,0.00686911
025040107410003168d2a000a00000e2,2,2,22,322,276,712,566,1.60137,14,0.0087425
025040107410003168d2a000a00000e2,2,2,23,322,276,712,566,1.60137,15,0.00936697
025040107410003168d2a000a00000e2,2,2,24,322,276,712,566,1.60137,11,0.00686911
025040107410003168d2a000a00000e2,2,2,25,322,276,712,566,1.60137,7,0.00437125
025040107410003168d2a000a00000e2,2,2,26,322,276,712,566,1.60137,13,0.00811804
025040107410003168d2a000a00000e2,2,2,27,322,276,712,566,1.60137,13,0.00811804
025040107410003168d2a000a00000e2,2,2,28,322,276,712,566,1.60137,14,0.0087425
025040107410003168d2a000a00000e2,2,2,29,322,276,712,566,1.60137,14,0.0087425
025040107410003168d2a000a00000e2,2,2,30,322,276,712,566,1.60137,14,0.0087425
025040107410003168d2a000a00000e2,2,2,31,322,276,712,566,1.60137,19,0.0118648
025040107410003168d2a000a00000e2,2,2,32,322,276,712,566,1.60137,14,0.0087425
025040107410003168d2a000a00000e2,2,2,33,322,276,712,566,1.60137,11,0.00686911
025040107410003168d2a000a00000e2,2,2,34,322,276,712,566,1.60137,11,0.00686911
025040107410003168d2a000a00000e2,2,2,35,322,276,712,566,1.60137,15,0.00936697
025040107410003168d2a000a00000e2,2,2,36,322,276,712,566,1.60137,16,0.00999143
025040107410003168d2a000a00000e2,2,2,37,322,276,712,566,1.60137,12,0.00749357
025040107410003168d2a000a00000e2,2,2,38,322,276,712,566,1.60137,17,0.0106159
025040107410003168d2a000a00000e2,2,2,39,322,276,712,566,1.60137,16,0.00999143
025040107410003168d2a000a00000e2,2,2,40,322,276,712,566,1.60137,17,0.0106159
025040107410003168d2a000a00000e2,2,2,41,322,276,712,566,1.60137,10,0.00624464
025040107410003168d2a000a00000e2,2,2,42,322,276,712,566,1.60137,16,0.00999143
025040107410003168d2a000a00000e2,2,2,43,322,276,712,566,1.60137,14,0.0087425
025040107410003168d2a000a00000e2,2,2,44,322,276,712,566,1.60137,11,0.00686911
025040107410003168d2a000a00000e2,2,2,45,322,276,712,566,1.60137,7,0.00437125
025040107410003168d2a000a00000e2,2,2,46,322,276,712,566,1.60137,12,0.00749357
025040107410003168d2a000a00000e2,2,2,47,322,276,712,566,1.60137,3,0.00187339
025040107410003168d2a000a00000e2,2,2,48,322,276,712,566,1.60137,14,0.0087425
025040107410003168d2a000a00000e2,2,2,49,322,276,712,566,1.60137,9,0.00562018
025040107410003168d2a000a00000e2,2,2,50,322,276,712,566,1.60137,12,0.00749357
025040107410003168d2a000a00000e2,2,2,51,322,276,712,566,1.60137,8,0.00499572
025040107410003168d2a000a00000e2,2,2,52,322,276,712,566,1.60137,12,0.00749357
025040107410003168d2a000a00000e2,2,2,53,322,276,712,566,1.60137,6,0.00374679
025040107410003168d2a000a00000e2,2,2,54,322,276,712,566,1.60137,11,0.00686911
025040107410003168d2a000a00000e2,2,2,55,322,276,712,566,1.60137,9,0.00562018
025040107410003168d2a000a00000e2,2,2,56,322,276,712,566,1.60137,14,0.0087425
025040107410003168d2a000a00000e2,2,2,57,322,276,712,566,1.60137,5,0.00312232
025040107410003168d2a000a00000e2,2,2,58,322,276,712,566,1.60137,9,0.00562018
025040107410003168d2a000a00000e2,2,2,59,322,276,712,566,1.60137,5,0.00312232
025040107410003168d2a000a00000e2,2,2,60,322,276,712,566,1.60137,9,0.00562018
025040107410003168d2a000a00000e2,2,2,61,322,276,712,566,1.60137,2,0.00124893
025040107410003168d2a000a00000e2,2,2,62,322,276,712,566,1.60137,8,0.00499572
025040107410003168d2a000a00000e2,2,2,63,322,276,712,566,1.60137,2,0.00124893
025040107410003168d2a000a00000e2,2,2,0,322,276,713,567,1.3448,0,0
025040107410003168d2a000a00000e2,2,2,1,322,276,713,567,1.3448,2,0.00148721
025040107410003168d2a000a00000e2,2,2,2,322,276,713,567,1.3448,0,0
025040107410003168d2a000a00000e2,2,2,3,322,276,713,567,1.3448,9,0.00669245
025040107410003168d2a000a00000e2,2,2,4,322,276,713,567,1.3448,9,0.00669245
025040107410003168d2a000a00000e2,2,2,5,322,276,713,567,1.3448,2,0.00148721
025040107410003168d2a000a00000e2,2,2,6,322,276,713,567,1.3448,9,0.00669245
025040107410003168d2a000a00000e2,2,2,7,322,276,713,567,1.3448,4,0.00297442
025040107410003168d2a000a00000e2,2,2,8,322,276,713,567,1.3448,8,0.00594885
025040107410003168d2a000a00000e2,2,2,9,322,276,713,567,1.3448,10,0.00743606
025040107410003168d2a000a00000e2,2,2,10,322,276,713,567,1.3448,12,0.00892327
025040107410003168d2a000a00000e2,2,2,11,322,276,713,567,1.3448,10,0.00743606
025040107410003168d2a000a00000e2,2,2,12,322,276,713,567,1.3448,10,0.00743606
025040107410003168d2a000a00000e2,2,2,13,322,276,713,567,1.3448,10,0.00743606
025040107410003168d2a000a00000e2,2,2,14,322,276,713,567,1.3448,16,0.0118977
025040107410003168d2a000a00000e2,2,2,15,322,276,713,567,1.3448,10,0.00743606
025040107410003168d2a000a00000e2,2,2,16,322,276,713,567,1.3448,13,0.00966687
025040107410003168d2a000a00000e2,2,2,17,322,276,713,567,1.3448,9,0.00669245
025040107410003168d2a000a00000e2,2,2,18,322,276,713,567,1.3448,10,0.00743606
025040107410003168d2a000a00000e2,2,2,19,322,276,713,567,1.3448,9,0.00669245
025040107410003168d2a000a00000e2,2,2,20,322,276,713,567,1.3448,16,0.0118977
025040107410003168d2a000a00000e2,2,2,21,322,276,713,567,1.3448,13,0.00966687
025040107410003168d2a000a00000e2,2,2,22,322,276,713,567,1.3448,16,0.0118977
025040107410003168d2a000a00000e2,2,2,23,322,276,713,567,1.3448,17,0.0126413
025040107410003168d2a000a00000e2,2,2,24,322,276,713,567,1.3448,12,0.00892327
025040107410003168d2a000a00000e2,2,2,25,322,276,713,567,1.3448,9,0.00669245
025040107410003168d2a000a00000e2,2,2,26,322,276,713,567,1.3448,12,0.00892327
025040107410003168d2a000a00000e2,2,2,27,322,276,713,567,1.3448,13,0.00966687
025040107410003168d2a000a00000e2,2,2,28,322,276,713,567,1.3448,15,0.0111541
025040107410003168d2a000a00000e2,2,2,29,322,276,713,567,1.3448,16,0.0118977
025040107410003168d2a000a00000e2,2,2,30,322,276,713,567,1.3448,15,0.0111541
025040107410003168d2a000a00000e2,2,2,31,322,276,713,567,1.3448,19,0.0141285
025040107410003168d2a000a00000e2,2,2,32,322,276,713,567,1.3448,15,0.0111541
025040107410003168d2a000a00000e2,2,2,33,322,276,713,567,1.3448,11,0.00817966
025040107410003168d2a000a00000e2,2,2,34,322,276,713,567,1.3448,10,0.00743606
025040107410003168d2a000a00000e2,2,2,35,322,276,713,567,1.3448,12,0.00892327
025040107410003168d2a000a00000e2,2,2,36,322,276,713,567,1.3448,15,0.0111541
025040107410003168d2a000a00000e2,2,2,37,322,276,713,567,1.3448,11,0.00817966
025040107410003168d2a000a00000e2,2,2,38,322,276,713,567,1.3448,17,0.0126413
025040107410003168d2a000a00000e2,2,2,39,322,276,713,567,1.3448,16,0.0118977
025040107410003168d2a000a00000e2,2,2,40,322,276,713,567,1.3448,16,0.0118977
025040107410003168d2a000a00000e2,2,2,41,322,276,713,567,1.3448,9,0.00669245
025040107410003168d2a000a00000e2,2,2,42,322,276,713,567,1.3448,16,0.0118977
025040107410003168d2a000a00000e2,2,2,43,322,276,713,567,1.3448,12,0.00892327
025040107410003168d2a000a00000e2,2,2,44,322,276,713,567,1.3448,10,0.00743606
025040107410003168d2a000a00000e2,2,2,45,322,276,713,567,1.3448,8,0.00594885
025040107410003168d2a000a00000e2,2,2,46,322,276,713,567,1.3448,11,0.00817966
025040107410003168d2a000a00000e2,2,2,47,322,276,713,567,1.3448,5,0.00371803
025040107410003168d2a000a00000e2,2,2,48,322,276,713,567,1.3448,13,0.00966687
025040107410003168d2a000a00000e2,2,2,49,322,276,713,567,1.3448,8,0.00594885
025040107410003168d2a000a00000e2,2,2,50,322,276,713,567,1.3448,11,0.00817966
025040107410003168d2a000a00000e2,2,2,51,322,276,713,567,1.3448,8,0.00594885
025040107410003168d2a000a00000e2,2,2,52,322,276,713,567,1.3448,11,0.00817966
025040107410003168d2a000a00000e2,2,2,53,322,276,713,567,1.3448,8,0.00594885
025040107410003168d2a000a00000e2,2,2,54,322,276,713,567,1.3448,9,0.00669245
025040107410003168d2a000a00000e2,2,2,55,322,276,713,567,1.3448,8,0.00594885
025040107410003168d2a000a00000e2,2,2,56,322,276,713,567,1.3448,12,0.00892327
025040107410003168d2a000a00000e2,2,2,57,322,276,713,567,1.3448,7,0.00520524
025040107410003168d2a000a00000e2,2,2,58,322,276,713,567,1.3448,8,0.00594885
025040107410003168d2a000a00000e2,2,2,59,322,276,713,567,1.3448,7,0.00520524
025040107410003168d2a000a00000e2,2,2,60,322,276,713,567,1.3448,8,0.00594885
025040107410003168d2a000a00000e2,2,2,61,322,276,713,567,1.3448,2,0.00148721
025040107410003168d2a000a00000e2,2,2,62,322,276,713,567,1.3448,7,0.00520524
025040107410003168d2a000a00000e2,2,2,63,322,276,713,567,1.3448,4,0.00297442
025040107410003168d2a000a00000e2,2,2,0,322,276,714,568,1.1826,0,0
025040107410003168d2a000a00000e2,2,2,1,322,276,714,568,1.1826,0,0
025040107410003168d2a000a00000e2,2,2,2,322,276,714,568,1.1826,0,0
025040107410003168d2a000a00000e2,2,2,3,322,276,714,568,1.1826,0,0
025040107410003168d2a000a00000e2,2,2,4,322,276,714,568,1.1826,0,0
025040107410003168d2a000a00000e2,2,2,5,322,276,714,568,1.1826,0,0
025040107410003168d2a000a00000e2,2,2,6,322,276,714,568,1.1826,0,0
025040107410003168d2a000a00000e2,2,2,7,322,276,714,568,1.1826,0,0
025040107410003168d2a000a00000e2,2,2,8,322,276,714,568,1.1826,0,0
025040107410003168d2a000a00000e2,2,2,9,322,276,714,568,1.1826,0,0
025040107410003168d2a000a00000e2,2,2,10,322,276,714,568,1.1826,0,0
025040107410003168d2a000a00000e2,2,2,11,322,276,714,568,1.1826,0,0
025040107410003168d2a000a00000e2,2,2,12,322,276,714,568,1.1826,0,0
025040107410003168d2a000a00000e2,2,2,13,322,276,714,568,1.1826,0,0
025040107410003168d2a000a00000e2,2,2,14,322,276,714,568,1.1826,0,0
025040107410003168d2a000a00000e2,2,2,15,322,276,714,568,1.1826,0,0
025040107410003168d2a000a00000e2,2,2,16,322,276,714,568,1.1826,0,0
025040107410003168d2a000a00000e2,2,2,17,322,276,714,568,1.1826,0,0
025040107410003168d2a000a00000e2,2,2,18,322,276,714,568,1.1826,0,0
025040107410003168d2a000a00000e2,2,2,19,322,276,714,568,1.1826,0,0
025040107410003168d2a000a00000e2,2,2,20,322,276,714,568,1.1826,0,0
025040107410003168d2a000a00000e2,2,2,21,322,276,714,568,1.1826,0,0
025040107410003168d2a000a00000e2,2,2,22,322,276,714,568,1.1826,0,0
025040107410003168d2a000a00000e2,2,2,23,322,276,714,568,1.1826,0,0
025040107410003168d2a000a00000e2,2,2,24,322,276,714,568,1.1826,0,0
025040107410003168d2a000a00000e2,2,2,25,322,276,714,568,1.1826,0,0
025040107410003168d2a000a00000e2,2,2,26,322,276,714,568,1.1826,0,0
025040107410003168d2a000a00000e2,2,2,27,322,276,714,568,1.1826,0,0
025040107410003168d2a000a00000e2,2,2,28,322,276,714,568,1.1826,0,0
025040107410003168d2a000a00000e2,2,2,29,322,276,714,568,1.1826,0,0
025040107410003168d2a000a00000e2,2,2,30,322,276,714,568,1.1826,0,0
025040107410003168d2a000a00000e2,2,2,31,322,276,714,568,1.1826,0,0
025040107410003168d2a000a00000e2,2,2,32,322,276,714,568,1.1826,0,0
025040107410003168d2a000a00000e2,2,2,33,322,276,714,568,1.1826,0,0
025040107410003168d2a000a00000e2,2,2,34,322,276,714,568,1.1826,0,0
025040107410003168d2a000a00000e2,2,2,35,322,276,714,568,1.1826,0,0
025040107410003168d2a000a00000e2,2,2,36,322,276,714,568,1.1826,0,0
025040107410003168d2a000a00000e2,2,2,37,322,276,714,568,1.1826,0,0
025040107410003168d2a000a00000e2,2,2,38,322,276,714,568,1.1826,0,0
025040107410003168d2a000a00000e2,2,2,39,322,276,714,568,1.1826,0,0
025040107410003168d2a000a00000e2,2,2,40,322,276,714,568,1.1826,0,0
025040107410003168d2a000a00000e2,2,2,41,322,276,714,568,1.1826,0,0
025040107410003168d2a000a00000e2,2,2,42,322,276,714,568,1.1826,0,0
025040107410003168d2a000a00000e2,2,2,43,322,276,714,568,1.1826,0,0
025040107410003168d2a000a00000e2,2,2,44,322,276,714,568,1.1826,0,0
025040107410003168d2a000a00000e2,2,2,45,322,276,714,568,1.1826,0,0
025040107410003168d2a000a00000e2,2,2,46,322,276,714,568,1.1826,0,0
025040107410003168d2a000a00000e2,2,2,47,322,276,714,568,1.1826,0,0
025040107410003168d2a000a00000e2,2,2,48,322,276,714,568,1.1826,0,0
025040107410003168d2a000a00000e2,2,2,49,322,276,714,568,1.1826,0,0
025040107410003168d2a000a00000e2,2,2,50,322,276,714,568,1.1826,0,0
025040107410003168d2a000a00000e2,2,2,51,322,276,714,568,1.1826,0,0
025040107410003168d2a000a00000e2,2,2,52,322,276,714,568,1.1826,0,0
025040107410003168d2a000a00000e2,2,2,53,322,276,714,568,1.1826,0,0
025040107410003168d2a000a00000e2,2,2,54,322,276,714,568,1.1826,0,0
025040107410003168d2a000a00000e2,2,2,55,322,276,714,568,1.1826,0,0
025040107410003168d2a000a00000e2,2,2,56,322,276,714,568,1.1826,0,0
025040107410003168d2a000a00000e2,2,2,57,322,276,714,568,1.1826,0,0
025040107410003168d2a000a00000e2,2,2,58,322,276,714,568,1.1826,0,0
025040107410003168d2a000a00000e2,2,2,59,322,276,714,568,1.1826,0,0
025040107410003168d2a000a00000e2,2,2,60,322,276,714,568,1.1826,0,0
025040107410003168d2a000a00000e2,2,2,61,322,276,714,568,1.1826,0,0
025040107410003168d2a000a00000e2,2,2,62,322,276,714,568,1.1826,0,0
025040107410003168d2a000a00000e2,2,2,63,322,276,714,568,1.1826,0,0
025040107410003168d2a000a00000e2,2,2,0,322,276,715,569,1.23273,0,0
025040107410003168d2a000a00000e2,2,2,1,322,276,715,569,1.23273,0,0
025040107410003168d2a000a00000e2,2,2,2,322,276,715,569,1.23273,0,0
025040107410003168d2a000a00000e2,2,2,3,322,276,715,569,1.23273,0,0
025040107410003168d2a000a00000e2,2,2,4,322,276,715,569,1.23273,0,0
025040107410003168d2a000a00000e2,2,2,5,322,276,715,569,1.23273,0,0
025040107410003168d2a000a00000e2,2,2,6,322,276,715,569,1.23273,0,0
025040107410003168d2a000a00000e2,2,2,7,322,276,715,569,1.23273,0,0
025040107410003168d2a000a00000e2,2,2,8,322,276,715,569,1.23273,0,0
025040107410003168d2a000a00000e2,2,2,9,322,276,715,569,1.23273,0,0
025040107410003168d2a000a00000e2,2,2,10,322,276,715,569,1.23273,0,0
025040107410003168d2a000a00000e2,2,2,11,322,276,715,569,1.23273,0,0
025040107410003168d2a000a00000e2,2,2,12,322,276,715,569,1.23273,0,0
025040107410003168d2a000a00000e2,2,2,13,322,276,715,569,1.23273,0,0
025040107410003168d2a000a00000e2,2,2,14,322,276,715,569,1.23273,0,0
025040107410003168d2a000a00000e2,2,2,15,322,276,715,569,1.23273,0,0
025040107410003168d2a000a00000e2,2,2,16,322,276,715,569,1.23273,0,0
025040107410003168d2a000a00000e2,2,2,17,322,276,715,569,1.23273,0,0
025040107410003168d2a000a00000e2,2,2,18,322,276,715,569,1.23273,0,0
025040107410003168d2a000a00000e2,2,2,19,322,276,715,569,1.23273,0,0
025040107410003168d2a000a00000e2,2,2,20,322,276,715,569,1.23273,0,0
025040107410003168d2a000a00000e2,2,2,21,322,276,715,569,1.23273,0,0
025040107410003168d2a000a00000e2,2,2,22,322,276,715,569,1.23273,0,0
025040107410003168d2a000a00000e2,2,2,23,322,276,715,569,1.23273,0,0
025040107410003168d2a000a00000e2,2,2,24,322,276,715,569,1.23273,0,0
025040107410003168d2a000a00000e2,2,2,25,322,276,715,569,1.23273,0,0
025040107410003168d2a000a00000e2,2,2,26,322,276,715,569,1.23273,0,0
025040107410003168d2a000a00000e2,2,2,27,322,276,715,569,1.23273,0,0
025040107410003168d2a000a00000e2,2,2,28,322,276,715,569,1.23273,0,0
025040107410003168d2a000a00000e2,2,2,29,322,276,715,569,1.23273,0,0
025040107410003168d2a000a00000e2,2,2,30,322,276,715,569,1.23273,0,0
025040107410003168d2a000a00000e2,2,2,31,322,276,715,569,1.23273,0,0
025040107410003168d2a000a00000e2,2,2,32,322,276,715,569,1.23273,0,0
025040107410003168d2a000a00000e2,2,2,33,322,276,715,569,1.23273,0,0
025040107410003168d2a000a00000e2,2,2,34,322,276,715,569,1.23273,0,0
025040107410003168d2a000a00000e2,2,2,35,322,276,715,569,1.23273,0,0
025040107410003168d2a000a00000e2,2,2,36,322,276,715,569,1.23273,0,0
025040107410003168d2a000a00000e2,2,2,37,322,276,715,569,1.23273,0,0
025040107410003168d2a000a00000e2,2,2,38,322,276,715,569,1.23273,0,0
025040107410003168d2a000a00000e2,2,2,39,322,276,715,569,1.23273,0,0
025040107410003168d2a000a00000e2,2,2,40,322,276,715,569,1.23273,0,0
025040107410003168d2a000a00000e2,2,2,41,322,276,715,569,1.23273,0,0
025040107410003168d2a000a00000e2,2,2,42,322,276,715,569,1.23273,0,0
025040107410003168d2a000a00000e2,2,2,43,322,276,715,569,1.23273,0,0
025040107410003168d2a000a00000e2,2,2,44,322,276,715,569,1.23273,0,0
025040107410003168d2a000a00000e2,2,2,45,322,276,715,569,1.23273,0,0
025040107410003168d2a000a00000e2,2,2,46,322,276,715,569,1.23273,0,0
025040107410003168d2a000a00000e2,2,2,47,322,276,715,569,1.23273,0,0
025040107410003168d2a000a00000e2,2,2,48,322,276,715,569,1.23273,0,0
025040107410003168d2a000a00000e2,2,2,49,322,276,715,569,1.23273,0,0
025040107410003168d2a000a00000e2,2,2,50,322,276,715,569,1.23273,0,0
025040107410003168d2a000a00000e2,2,2,51,322,276,715,569,1.23273,0,0
025040107410003168d2a000a00000e2,2,2,52,322,276,715,569,1.23273,0,0
025040107410003168d2a000a00000e2,2,2,53,322,276,715,569,1.23273,0,0
025040107410003168d2a000a00000e2,2,2,54,322,276,715,569,1.23273,0,0
025040107410003168d2a000a00000e2,2,2,55,322,276,715,569,1.23273,0,0
025040107410003168d2a000a00000e2,2,2,56,322,276,715,569,1.23273,0,0
025040107410003168d2a000a00000e2,2,2,57,322,276,715,569,1.23273,0,0
025040107410003168d2a000a00000e2,2,2,58,322,276,715,569,1.23273,0,0
025040107410003168d2a000a00000e2,2,2,59,322,276,715,569,1.23273,0,0
025040107410003168d2a000a00000e2,2,2,60,322,276,715,569,1.23273,0,0
025040107410003168d2a000a00000e2,2,2,61,322,276,715,569,1.23273,0,0
025040107410003168d2a000a00000e2,2,2,62,322,276,715,569,1.23273,0,0
025040107410003168d2a000a00000e2,2,2,63,322,276,715,569,1.23273,0,0
025040107410003168d2a000a00000e2,2,2,0,322,276,716,569,1.3271,0,0
025040107410003168d2a000a00000e2,2,2,1,322,276,716,569,1.3271,1,0.00075352
025040107410003168d2a000a00000e2,2,2,2,322,276,716,569,1.3271,0,0
025040107410003168d2a000a00000e2,2,2,3,322,276,716,569,1.3271,8,0.00602816
025040107410003168d2a000a00000e2,2,2,4,322,276,716,569,1.3271,6,0.00452112
025040107410003168d2a000a00000e2,2,2,5,322,276,716,569,1.3271,1,0.00075352
025040107410003168d2a000a00000e2,2,2,6,322,276,716,569,1.3271,7,0.00527464
025040107410003168d2a000a00000e2,2,2,7,322,276,716,569,1.3271,2,0.00150704
025040107410003168d2a000a00000e2,2,2,8,322,276,716,569,1.3271,4,0.00301408
025040107410003168d2a000a00000e2,2,2,9,322,276,716,569,1.3271,7,0.00527464
025040107410003168d2a000a00000e2,2,2,10,322,276,716,569,1.3271,9,0.00678168
025040107410003168d2a000a00000e2,2,2,11,322,276,716,569,1.3271,9,0.00678168
025040107410003168d2a000a00000e2,2,2,12,322,276,716,569,1.3271,7,0.00527464
025040107410003168d2a000a00000e2,2,2,13,322,276,716,569,1.3271,9,0.00678168
025040107410003168d2a000a00000e2,2,2,14,322,276,716,569,1.3271,12,0.00904225
025040107410003168d2a000a00000e2,2,2,15,322,276,716,569,1.3271,7,0.00527464
025040107410003168d2a000a00000e2,2,2,16,322,276,716,569,1.3271,12,0.00904225
025040107410003168d2a000a00000e2,2,2,17,322,276,716,569,1.3271,7,0.00527464
025040107410003168d2a000a00000e2,2,2,18,322,276,716,569,1.3271,9,0.00678168
025040107410003168d2a000a00000e2,2,2,19,322,276,716,569,1.3271,7,0.00527464
025040107410003168d2a000a00000e2,2,2,20,322,276,716,569,1.3271,12,0.00904225
025040107410003168d2a000a00000e2,2,2,21,322,276,716,569,1.3271,11,0.00828872
025040107410003168d2a000a00000e2,2,2,22,322,276,716,569,1.3271,12,0.00904225
025040107410003168d2a000a00000e2,2,2,23,322,276,716,569,1.3271,13,0.00979577
025040107410003168d2a000a00000e2,2,2,24,322,276,716,569,1.3271,10,0.0075352
025040107410003168d2a000a00000e2,2,2,25,322,276,716,569,1.3271,7,0.00527464
025040107410003168d2a000a00000e2,2,2,26,322,276,716,569,1.3271,12,0.00904225
025040107410003168d2a000a00000e2,2,2,27,322,276,716,569,1.3271,12,0.00904225
025040107410003168d2a000a00000e2,2,2,28,322,276,716,569,1.3271,12,0.00904225
025040107410003168d2a000a00000e2,2,2,29,322,276,716,569,1.3271,12,0.00904225
025040107410003168d2a000a00000e2,2,2,30,322,276,716,569,1.3271,12,0.00904225
025040107410003168d2a000a00000e2,2,2,31,322,276,716,569,1.3271,14,0.0105493
025040107410003168d2a000a00000e2,2,2,32,322,276,716,569,1.3271,12,0.00904225
025040107410003168d2a000a00000e2,2,2,33,322,276,716,569,1.3271,10,0.0075352
025040107410003168d2a000a00000e2,2,2,34,322,276,716,569,1.3271,9,0.00678168
025040107410003168d2a000a00000e2,2,2,35,322,276,716,569,1.3271,12,0.00904225
025040107410003168d2a000a00000e2,2,2,36,322,276,716,569,1.3271,12,0.00904225
025040107410003168d2a000a00000e2,2,2,37,322,276,716,569,1.3271,10,0.0075352
025040107410003168d2a000a00000e2,2,2,38,322,276,716,569,1.3271,12,0.00904225
025040107410003168d2a000a00000e2,2,2,39,322,276,716,569,1.3271,12,0.00904225
025040107410003168d2a000a00000e2,2,2,40,322,276,716,569,1.3271,12,0.00904225
025040107410003168d2a000a00000e2,2,2,41,322,276,716,569,1.3271,9,0.00678168
025040107410003168d2a000a00000e2,2,2,42,322,276,716,569,1.3271,12,0.00904225
025040107410003168d2a000a00000e2,2,2,43,322,276,716,569,1.3271,12,0.00904225
025040107410003168d2a000a00000e2,2,2,44,322,276,716,569,1.3271,9,0.00678168
025040107410003168d2a000a00000e2,2,2,45,322,276,716,569,1.3271,6,0.00452112
025040107410003168d2a000a00000e2,2,2,46,322,276,716,569,1.3271,10,0.0075352
025040107410003168d2a000a00000e2,2,2,47,322,276,716,569,1.3271,2,0.00150704
025040107410003168d2a000a00000e2,2,2,48,322,276,716,569,1.3271,12,0.00904225
025040107410003168d2a000a00000e2,2,2,49,322,276,716,569,1.3271,7,0.00527464
025040107410003168d2a000a00000e2,2,2,50,322,276,716,569,1.3271,12,0.00904225
025040107410003168d2a000a00000e2,2,2,51,322,276,716,569,1.3271,7,0.00527464
025040107410003168d2a000a00000e2,2,2,52,322,276,716,569,1.3271,9,0.00678168
025040107410003168d2a000a00000e2,2,2,53,322,276,716,569,1.3271,6,0.00452112
025040107410003168d2a000a00000e2,2,2,54,322,276,716,569,1.3271,9,0.00678168
025040107410003168d2a000a00000e2,2,2,55,322,276,716,569,1.3271,6,0.00452112
025040107410003168d2a000a00000e2,2,2,56,322,276,716,569,1.3271,12,0.00904225
025040107410003168d2a000a00000e2,2,2,57,322,276,716,569,1.3271,4,0.00301408
025040107410003168d2a000a00000e2,2,2,58,322,276,716,569,1.3271,7,0.00527464
025040107410003168d2a000a00000e2,2,2,59,322,276,716,569,1.3271,3,0.00226056
025040107410003168d2a000a00000e2,2,2,60,322,276,716,569,1.3271,6,0.00452112
025040107410003168d2a000a00000e2,2,2,61,322,276,716,569,1.3271,1,0.00075352
025040107410003168d2a000a00000e2,2,2,62,322,276,716,569,1.3271,6,0.00452112
025040107410003168d2a000a00000e2,2,2,63,322,276,716,569,1.3271,1,0.00075352
025040107410003168d2a000a00000e2,2,2,0,322,276,717,570,1.16343,0,0
025040107410003168d2a000a00000e2,2,2,1,322,276,717,570,1.16343,1,0.000859529
025040107410003168d2a000a00000e2,2,2,2,322,276,717,570,1.16343,0,0
025040107410003168d2a000a00000e2,2,2,3,322,276,717,570,1.16343,14,0.0120334
025040107410003168d2a000a00000e2,2,2,4,322,276,717,570,1.16343,13,0.0111739
025040107410003168d2a000a00000e2,2,2,5,322,276,717,570,1.16343,1,0.000859529
025040107410003168d2a000a00000e2,2,2,6,322,276,717,570,1.16343,14,0.0120334
025040107410003168d2a000a00000e2,2,2,7,322,276,717,570,1.16343,5,0.00429765
025040107410003168d2a000a00000e2,2,2,8,322,276,717,570,1.16343,9,0.00773576
025040107410003168d2a000a00000e2,2,2,9,322,276,717,570,1.16343,14,0.0120334
025040107410003168d2a000a00000e2,2,2,10,322,276,717,570,1.16343,16,0.0137525
025040107410003168d2a000a00000e2,2,2,11,322,276,717,570,1.16343,15,0.0128929
025040107410003168d2a000a00000e2,2,2,12,322,276,717,570,1.16343,14,0.0120334
025040107410003168d2a000a00000e2,2,2,13,322,276,717,570,1.16343,14,0.0120334
025040107410003168d2a000a00000e2,2,2,14,322,276,717,570,1.16343,16,0.0137525
025040107410003168d2a000a00000e2,2,2,15,322,276,717,570,1.16343,14,0.0120334
025040107410003168d2a000a00000e2,2,2,16,322,276,717,570,1.16343,16,0.0137525
025040107410003168d2a000a00000e2,2,2,17,322,276,717,570,1.16343,14,0.0120334
025040107410003168d2a000a00000e2,2,2,18,322,276,717,570,1.16343,14,0.0120334
025040107410003168d2a000a00000e2,2,2,19,322,276,717,570,1.16343,14,0.0120334
025040107410003168d2a000a00000e2,2,2,20,322,276,717,570,1.16343,17,0.014612
025040107410003168d2a000a00000e2,2,2,21,322,276,717,570,1.16343,16,0.0137525
025040107410003168d2a000a00000e2,2,2,22,322,276,717,570,1.16343,17,0.014612
025040107410003168d2a000a00000e2,2,2,23,322,276,717,570,1.16343,17,0.014612
025040107410003168d2a000a00000e2,2,2,24,322,276,717,570,1.16343,16,0.0137525
025040107410003168d2a000a00000e2,2,2,25,322,276,717,570,1.16343,14,0.0120334
025040107410003168d2a000a00000e2,2,2,26,322,276,717,570,1.16343,16,0.0137525
025040107410003168d2a000a00000e2,2,2,27,322,276,717,570,1.16343,16,0.0137525
025040107410003168d2a000a00000e2,2,2,28,322,276,717,570,1.16343,16,0.0137525
025040107410003168d2a000a00000e2,2,2,29,322,276,717,570,1.16343,17,0.014612
025040107410003168d2a000a00000e2,2,2,30,322,276,717,570,1.16343,17,0.014612
025040107410003168d2a000a00000e2,2,2,31,322,276,717,570,1.16343,18,0.0154715
025040107410003168d2a000a00000e2,2,2,32,322,276,717,570,1.16343,17,0.014612
025040107410003168d2a000a00000e2,2,2,33,322,276,717,570,1.16343,16,0.0137525
025040107410003168d2a000a00000e2,2,2,34,322,276,717,570,1.16343,15,0.0128929
025040107410003168d2a000a00000e2,2,2,35,322,276,717,570,1.16343,16,0.0137525
025040107410003168d2a000a00000e2,2,2,36,322,276,717,570,1.16343,18,0.0154715
025040107410003168d2a000a00000e2,2,2,37,322,276,717,570,1.16343,16,0.0137525
025040107410003168d2a000a00000e2,2,2,38,322,276,717,570,1.16343,18,0.0154715
025040107410003168d2a000a00000e2,2,2,39,322,276,717,570,1.16343,18,0.0154715
025040107410003168d2a000a00000e2,2,2,40,322,276,717,570,1.16343,19,0.0163311
025040107410003168d2a000a00000e2,2,2,41,322,276,717,570,1.16343,16,0.0137525
025040107410003168d2a000a00000e2,2,2,42,322,276,717,570,1.16343,19,0.0163311
025040107410003168d2a000a00000e2,2,2,43,322,276,717,570,1.16343,17,0.014612
025040107410003168d2a000a00000e2,2,2,44,322,276,717,570,1.16343,17,0.014612
025040107410003168d2a000a00000e2,2,2,45,322,276,717,570,1.16343,13,0.0111739
025040107410003168d2a000a00000e2,2,2,46,322,276,717,570,1.16343,17,0.014612
025040107410003168d2a000a00000e2,2,2,47,322,276,717,570,1.16343,7,0.0060167
025040107410003168d2a000a00000e2,2,2,48,322,276,717,570,1.16343,17,0.014612
025040107410003168d2a000a00000e2,2,2,49,322,276,717,570,1.16343,15,0.0128929
025040107410003168d2a000a00000e2,2,2,50,322,276,717,570,1.16343,17,0.014612
025040107410003168d2a000a00000e2,2,2,51,322,276,717,570,1.16343,15,0.0128929
025040107410003168d2a000a00000e2,2,2,52,322,276,717,570,1.16343,17,0.014612
025040107410003168d2a000a00000e2,2,2,53,322,276,717,570,1.16343,13,0.0111739
025040107410003168d2a000a00000e2,2,2,54,322,276,717,570,1.16343,15,0.0128929
025040107410003168d2a000a00000e2,2,2,55,322,276,717,570,1.16343,14,0.0120334
025040107410003168d2a000a00000e2,2,2,56,322,276,717,570,1.16343,17,0.014612
025040107410003168d2a000a00000e2,2,2,57,322,276,717,570,1.16343,10,0.00859529
025040107410003168d2a000a00000e2,2,2,58,322,276,717,570,1.16343,15,0.0128929
025040107410003168d2a000a00000e2,2,2,59,322,276,717,570,1.16343,10,0.00859529
025040107410003168d2a000a00000e2,2,2,60,322,276,717,570,1.16343,14,0.0120334
025040107410003168d2a000a00000e2,2,2,61,322,276,717,570,1.16343,3,0.00257859
025040107410003168d2a000a00000e2,2,2,62,322,276,717,570,1.16343,13,0.0111739
025040107410003168d2a000a00000e2,2,2,63,322,276,717,570,1.16343,5,0.00429765
025040107410003168d2a000a00000e2,2,2,0,322,276,718,571,1.05726,0,0
025040107410003168d2a000a00000e2,2,2,1,322,276,718,571,1.05726,0,0
025040107410003168d2a000a00000e2,2,2,2,322,276,718,571,1.05726,0,0
025040107410003168d2a000a00000e2,2,2,3,322,276,718,571,1.05726,6,0.00567505
025040107410003168d2a000a00000e2,2,2,4,322,276,718,571,1.05726,4,0.00378337
025040107410003168d2a000a00000e2,2,2,5,322,276,718,571,1.05726,0,0
025040107410003168d2a000a00000e2,2,2,6,322,276,718,571,1.05726,4,0.00378337
025040107410003168d2a000a00000e2,2,2,7,322,276,718,571,1.05726,0,0
025040107410003168d2a000a00000e2,2,2,8,322,276,718,571,1.05726,0,0
025040107410003168d2a000a00000e2,2,2,9,322,276,718,571,1.05726,7,0.00662089
025040107410003168d2a000a00000e2,2,2,10,322,276,718,571,1.05726,7,0.00662089
025040107410003168d2a000a00000e2,2,2,11,322,276,718,571,1.05726,7,0.00662089
025040107410003168d2a000a00000e2,2,2,12,322,276,718,571,1.05726,6,0.00567505
025040107410003168d2a000a00000e2,2,2,13,322,276,718,571,1.05726,6,0.00567505
025040107410003168d2a000a00000e2,2,2,14,322,276,718,571,1.05726,12,0.0113501
025040107410003168d2a000a00000e2,2,2,15,322,276,718,571,1.05726,6,0.00567505
025040107410003168d2a000a00000e2,2,2,16,322,276,718,571,1.05726,10,0.00945842
025040107410003168d2a000a00000e2,2,2,17,322,276,718,571,1.05726,5,0.00472921
025040107410003168d2a000a00000e2,2,2,18,322,276,718,571,1.05726,7,0.00662089
025040107410003168d2a000a00000e2,2,2,19,322,276,718,571,1.05726,6,0.00567505
025040107410003168d2a000a00000e2,2,2,20,322,276,718,571,1.05726,12,0.0113501
025040107410003168d2a000a00000e2,2,2,21,322,276,718,571,1.05726,9,0.00851257
025040107410003168d2a000a00000e2,2,2,22,322,276,718,571,1.05726,12,0.0113501
025040107410003168d2a000a00000e2,2,2,23,322,276,718,571,1.05726,13,0.0122959
025040107410003168d2a000a00000e2,2,2,24,322,276,718,571,1.05726,9,0.00851257
025040107410003168d2a000a00000e2,2,2,25,322,276,718,571,1.05726,4,0.00378337
025040107410003168d2a000a00000e2,2,2,26,322,276,718,571,1.05726,10,0.00945842
025040107410003168d2a000a00000e2,2,2,27,322,276,718,571,1.05726,9,0.00851257
025040107410003168d2a000a00000e2,2,2,28,322,276,718,571,1.05726,12,0.0113501
025040107410003168d2a000a00000e2,2,2,29,322,276,718,571,1.05726,11,0.0104043
025040107410003168d2a000a00000e2,2,2,30,322,276,718,571,1.05726,10,0.00945842
025040107410003168d2a000a00000e2,2,2,31,322,276,718,571,1.05726,16,0.0151335
025040107410003168d2a000a00000e2,2,2,32,322,276,718,571,1.05726,11,0.0104043
025040107410003168d2a000a00000e2,2,2,33,322,276,718,571,1.05726,7,0.00662089
025040107410003168d2a000a00000e2,2,2,34,322,276,718,571,1.05726,7,0.00662089
025040107410003168d2a000a00000e2,2,2,35,322,276,718,571,1.05726,9,0.00851257
025040107410003168d2a000a00000e2,2,2,36,322,276,718,571,1.05726,13,0.0122959
025040107410003168d2a000a00000e2,2,2,37,322,276,718,571,1.05726,8,0.00756673
025040107410003168d2a000a00000e2,2,2,38,322,276,718,571,1.05726,14,0.0132418
025040107410003168d2a000a00000e2,2,2,39,322,276,718,571,1.05726,13,0.0122959
025040107410003168d2a000a00000e2,2,2,40,322,276,718,571,1.05726,13,0.0122959
025040107410003168d2a000a00000e2,2,2,41,322,276,718,571,1.05726,6,0.00567505
025040107410003168d2a000a00000e2,2,2,42,322,276,718,571,1.05726,13,0.0122959
025040107410003168d2a000a00000e2,2,2,43,322,276,718,571,1.05726,10,0.00945842
025040107410003168d2a000a00000e2,2,2,44,322,276,718,571,1.05726,8,0.00756673
025040107410003168d2a000a00000e2,2,2,45,322,276,718,571,1.05726,4,0.00378337
025040107410003168d2a000a00000e2,2,2,46,322,276,718,571,1.05726,8,0.00756673
025040107410003168d2a000a00000e2,2,2,47,322,276,718,571,1.05726,0,0
025040107410003168d2a000a00000e2,2,2,48,322,276,718,571,1.05726,12,0.0113501
025040107410003168d2a000a00000e2,2,2,49,322,276,718,571,1.05726,4,0.00378337
025040107410003168d2a000a00000e2,2,2,50,322,276,718,571,1.05726,10,0.00945842
025040107410003168d2a000a00000e2,2,2,51,322,276,718,571,1.05726,4,0.00378337
025040107410003168d2a000a00000e2,2,2,52,322,276,718,571,1.05726,8,0.00756673
025040107410003168d2a000a00000e2,2,2,53,322,276,718,571,1.05726,3,0.00283752
025040107410003168d2a000a00000e2,2,2,54,322,276,718,571,1.05726,7,0.00662089
025040107410003168d2a000a00000e2,2,2,55,322,276,718,571,1.05726,4,0.00378337
025040107410003168d2a000a00000e2,2,2,56,322,276,718,571,1.05726,10,0.00945842
025040107410003168d2a000a00000e2,2,2,57,322,276,718,571,1.05726,0,0
025040107410003168d2a000a00000e2,2,2,58,322,276,718,571,1.05726,5,0.00472921
025040107410003168d2a000a00000e2,2,2,59,322,276,718,571,1.05726,0,0
025040107410003168d2a000a00000e2,2,2,60,322,276,718,571,1.05726,4,0.00378337
025040107410003168d2a000a00000e2,2,2,61,322,276,718,571,1.05726,0,0
025040107410003168d2a000a00000e2,2,2,62,322,276,718,571,1.05726,3,0.00283752
025040107410003168d2a000a00000e2,2,2,63,322,276,718,571,1.05726,0,0
025040107410003168d2a000a00000e2,2,2,0,322,276,719,572,1.38756,0,0
025040107410003168d2a000a00000e2,2,2,1,322,276,719,572,1.38756,0,0
025040107410003168d2a000a00000e2,2,2,2,322,276,719,572,1.38756,0,0
025040107410003168d2a000a00000e2,2,2,3,322,276,719,572,1.38756,0,0
025040107410003168d2a000a00000e2,2,2,4,322,276,719,572,1.38756,0,0
025040107410003168d2a000a00000e2,2,2,5,322,276,719,572,1.38756,0,0
025040107410003168d2a000a00000e2,2,2,6,322,276,719,572,1.38756,0,0
025040107410003168d2a000a00000e2,2,2,7,322,276,719,572,1.38756,0,0
025040107410003168d2a000a00000e2,2,2,8,322,276,719,572,1.38756,0,0
025040107410003168d2a000a00000e2,2,2,9,322,276,719,572,1.38756,0,0
025040107410003168d2a000a00000e2,2,2,10,322,276,719,572,1.38756,0,0
025040107410003168d2a000a00000e2,2,2,11,322,276,719,572,1.38756,0,0
025040107410003168d2a000a00000e2,2,2,12,322,276,719,572,1.38756,0,0
025040107410003168d2a000a00000e2,2,2,13,322,276,719,572,1.38756,0,0
025040107410003168d2a000a00000e2,2,2,14,322,276,719,572,1.38756,0,0
025040107410003168d2a000a00000e2,2,2,15,322,276,719,572,1.38756,0,0
025040107410003168d2a000a00000e2,2,2,16,322,276,719,572,1.38756,0,0
025040107410003168d2a000a00000e2,2,2,17,322,276,719,572,1.38756,0,0
025040107410003168d2a000a00000e2,2,2,18,322,276,719,572,1.38756,0,0
025040107410003168d2a000a00000e2,2,2,19,322,276,719,572,1.38756,0,0
025040107410003168d2a000a00000e2,2,2,20,322,276,719,572,1.38756,0,0
025040107410003168d2a000a00000e2,2,2,21,322,276,719,572,1.38756,0,0
025040107410003168d2a000a00000e2,2,2,22,322,276,719,572,1.38756,0,0
025040107410003168d2a000a00000e2,2,2,23,322,276,719,572,1.38756,0,0
025040107410003168d2a000a00000e2,2,2,24,322,276,719,572,1.38756,0,0
025040107410003168d2a000a00000e2,2,2,25,322,276,719,572,1.38756,0,0
025040107410003168d2a000a00000e2,2,2,26,322,276,719,572,1.38756,0,0
025040107410003168d2a000a00000e2,2,2,27,322,276,719,572,1.38756,0,0
025040107410003168d2a000a00000e2,2,2,28,322,276,719,572,1.38756,0,0
025040107410003168d2a000a00000e2,2,2,29,322,276,719,572,1.38756,0,0
025040107410003168d2a000a00000e2,2,2,30,322,276,719,572,1.38756,0,0
025040107410003168d2a000a00000e2,2,2,31,322,276,719,572,1.38756,0,0
025040107410003168d2a000a00000e2,2,2,32,322,276,719,572,1.38756,0,0
025040107410003168d2a000a00000e2,2,2,33,322,276,719,572,1.38756,0,0
025040107410003168d2a000a00000e2,2,2,34,322,276,719,572,1.38756,0,0
025040107410003168d2a000a00000e2,2,2,35,322,276,719,572,1.38756,0,0
025040107410003168d2a000a00000e2,2,2,36,322,276,719,572,1.38756,0,0
025040107410003168d2a000a00000e2,2,2,37,322,276,719,572,1.38756,0,0
025040107410003168d2a000a00000e2,2,2,38,322,276,719,572,1.38756,0,0
025040107410003168d2a000a00000e2,2,2,39,322,276,719,572,1.38756,0,0
025040107410003168d2a000a00000e2,2,2,40,322,276,719,572,1.38756,0,0
025040107410003168d2a000a00000e2,2,2,41,322,276,719,572,1.38756,0,0
025040107410003168d2a000a00000e2,2,2,42,322,276,719,572,1.38756,0,0
025040107410003168d2a000a00000e2,2,2,43,322,276,719,572,1.38756,0,0
025040107410003168d2a000a00000e2,2,2,44,322,276,719,572,1.38756,0,0
025040107410003168d2a000a00000e2,2,2,45,322,276,719,572,1.38756,0,0
025040107410003168d2a000a00000e2,2,2,46,322,276,719,572,1.38756,0,0
025040107410003168d2a000a00000e2,2,2,47,322,276,719,572,1.38756,0,0
025040107410003168d2a000a00000e2,2,2,48,322,276,719,572,1.38756,0,0
025040107410003168d2a000a00000e2,2,2,49,322,276,719,572,1.38756,0,0
025040107410003168d2a000a00000e2,2,2,50,322,276,719,572,1.38756,0,0
025040107410003168d2a000a00000e2,2,2,51,322,276,719,572,1.38756,0,0
025040107410003168d2a000a00000e2,2,2,52,322,276,719,572,1.38756,0,0
025040107410003168d2a000a00000e2,2,2,53,322,276,719,572,1.38756,0,0
025040107410003168d2a000a00000e2,2,2,54,322,276,719,572,1.38756,0,0
025040107410003168d2a000a00000e2,2,2,55,322,276,719,572,1.38756,0,0
025040107410003168d2a000a00000e2,2,2,56,322,276,719,572,1.38756,0,0
025040107410003168d2a000a00000e2,2,2,57,322,276,719,572,1.38756,0,0
025040107410003168d2a000a00000e2,2,2,58,322,276,719,572,1.38756,0,0
025040107410003168d2a000a00000e2,2,2,59,322,276,719,572,1.38756,0,0
025040107410003168d2a000a00000e2,2,2,60,322,276,719,572,1.38756,0,0
025040107410003168d2a000a00000e2,2,2,61,322,276,719,572,1.38756,0,0
025040107410003168d2a000a00000e2,2,2,62,322,276,719,572,1.38756,0,0
025040107410003168d2a000a00000e2,2,2,63,322,276,719,572,1.38756,0,0
025040107410003168d2a000a00000e2,2,2,0,322,276,720,573,1.06316,0,0
025040107410003168d2a000a00000e2,2,2,1,322,276,720,573,1.06316,0,0
025040107410003168d2a000a00000e2,2,2,2,322,276,720,573,1.06316,0,0
025040107410003168d2a000a00000e2,2,2,3,322,276,720,573,1.06316,7,0.00658416
025040107410003168d2a000a00000e2,2,2,4,322,276,720,573,1.06316,4,0.00376238
025040107410003168d2a000a00000e2,2,2,5,322,276,720,573,1.06316,0,0
025040107410003168d2a000a00000e2,2,2,6,322,276,720,573,1.06316,5,0.00470297
025040107410003168d2a000a00000e2,2,2,7,322,276,720,573,1.06316,1,0.000940594
025040107410003168d2a000a00000e2,2,2,8,322,276,720,573,1.06316,2,0.00188119
025040107410003168d2a000a00000e2,2,2,9,322,276,720,573,1.06316,7,0.00658416
025040107410003168d2a000a00000e2,2,2,10,322,276,720,573,1.06316,8,0.00752475
025040107410003168d2a000a00000e2,2,2,11,322,276,720,573,1.06316,7,0.00658416
025040107410003168d2a000a00000e2,2,2,12,322,276,720,573,1.06316,7,0.00658416
025040107410003168d2a000a00000e2,2,2,13,322,276,720,573,1.06316,7,0.00658416
025040107410003168d2a000a00000e2,2,2,14,322,276,720,573,1.06316,13,0.0122277
025040107410003168d2a000a00000e2,2,2,15,322,276,720,573,1.06316,7,0.00658416
025040107410003168d2a000a00000e2,2,2,16,322,276,720,573,1.06316,10,0.00940594
025040107410003168d2a000a00000e2,2,2,17,322,276,720,573,1.06316,7,0.00658416
025040107410003168d2a000a00000e2,2,2,18,322,276,720,573,1.06316,8,0.00752475
025040107410003168d2a000a00000e2,2,2,19,322,276,720,573,1.06316,7,0.00658416
025040107410003168d2a000a00000e2,2,2,20,322,276,720,573,1.06316,12,0.0112871
025040107410003168d2a000a00000e2,2,2,21,322,276,720,573,1.06316,10,0.00940594
025040107410003168d2a000a00000e2,2,2,22,322,276,720,573,1.06316,12,0.0112871
025040107410003168d2a000a00000e2,2,2,23,322,276,720,573,1.06316,15,0.0141089
025040107410003168d2a000a00000e2,2,2,24,322,276,720,573,1.06316,10,0.00940594
025040107410003168d2a000a00000e2,2,2,25,322,276,720,573,1.06316,5,0.00470297
025040107410003168d2a000a00000e2,2,2,26,322,276,720,573,1.06316,10,0.00940594
025040107410003168d2a000a00000e2,2,2,27,322,276,720,573,1.06316,10,0.00940594
025040107410003168d2a000a00000e2,2,2,28,322,276,720,573,1.06316,11,0.0103465
025040107410003168d2a000a00000e2,2,2,29,322,276,720,573,1.06316,13,0.0122277
025040107410003168d2a000a00000e2,2,2,30,322,276,720,573,1.06316,11,0.0103465
025040107410003168d2a000a00000e2,2,2,31,322,276,720,573,1.06316,18,0.0169307
025040107410003168d2a000a00000e2,2,2,32,322,276,720,573,1.06316,12,0.0112871
025040107410003168d2a000a00000e2,2,2,33,322,276,720,573,1.06316,9,0.00846535
025040107410003168d2a000a00000e2,2,2,34,322,276,720,573,1.06316,8,0.00752475
025040107410003168d2a000a00000e2,2,2,35,322,276,720,573,1.06316,10,0.00940594
025040107410003168d2a000a00000e2,2,2,36,322,276,720,573,1.06316,15,0.0141089
025040107410003168d2a000a00000e2,2,2,37,322,276,720,573,1.06316,9,0.00846535
025040107410003168d2a000a00000e2,2,2,38,322,276,720,573,1.06316,15,0.0141089
025040107410003168d2a000a00000e2,2,2,39,322,276,720,573,1.06316,14,0.0131683
025040107410003168d2a000a00000e2,2,2,40,322,276,720,573,1.06316,17,0.0159901
025040107410003168d2a000a00000e2,2,2,41,322,276,720,573,1.06316,7,0.00658416
025040107410003168d2a000a00000e2,2,2,42,322,276,720,573,1.06316,15,0.0141089
025040107410003168d2a000a00000e2,2,2,43,322,276,720,573,1.06316,10,0.00940594
025040107410003168d2a000a00000e2,2,2,44,322,276,720,573,1.06316,9,0.00846535
025040107410003168d2a000a00000e2,2,2,45,322,276,720,573,1.06316,3,0.00282178
025040107410003168d2a000a00000e2,2,2,46,322,276,720,573,1.06316,10,0.00940594
025040107410003168d2a000a00000e2,2,2,47,322,276,720,573,1.06316,1,0.000940594
025040107410003168d2a000a00000e2,2,2,48,322,276,720,573,1.06316,11,0.0103465
025040107410003168d2a000a00000e2,2,2,49,322,276,720,573,1.06316,5,0.00470297
025040107410003168d2a000a00000e2,2,2,50,322,276,720,573,1.06316,11,0.0103465
025040107410003168d2a000a00000e2,2,2,51,322,276,720,573,1.06316,6,0.00564357
025040107410003168d2a000a00000e2,2,2,52,322,276,720,573,1.06316,9,0.00846535
025040107410003168d2a000a00000e2,2,2,53,322,276,720,573,1.06316,3,0.00282178
025040107410003168d2a000a00000e2,2,2,54,322,276,720,573,1.06316,7,0.00658416
025040107410003168d2a000a00000e2,2,2,55,322,276,720,573,1.06316,4,0.00376238
025040107410003168d2a000a00000e2,2,2,56,322,276,720,573,1.06316,11,0.0103465
025040107410003168d2a000a00000e2,2,2,57,322,276,720,573,1.06316,2,0.00188119
025040107410003168d2a000a00000e2,2,2,58,322,276,720,573,1.06316,7,0.00658416
025040107410003168d2a000a00000e2,2,2,59,322,276,720,573,1.06316,2,0.00188119
025040107410003168d2a000a00000e2,2,2,60,322,276,720,573,1.06316,5,0.00470297
025040107410003168d2a000a00000e2,2,2,61,322,276,720,573,1.06316,0,0
025040107410003168d2a000a00000e2,2,2,62,322,276,720,573,1.06316,4,0.00376238
025040107410003168d2a000a00000e2,2,2,63,322,276,720,573,1.06316,0,0
025040107410003168d2a000a00000e2,2,2,0,322,276,721,573,1.57778,0,0
025040107410003168d2a000a00000e2,2,2,1,322,276,721,573,1.57778,0,0
025040107410003168d2a000a00000e2,2,2,2,322,276,721,573,1.57778,0,0
025040107410003168d2a000a00000e2,2,2,3,322,276,721,573,1.57778,10,0.00633802
025040107410003168d2a000a00000e2,2,2,4,322,276,721,573,1.57778,7,0.00443662
025040107410003168d2a000a00000e2,2,2,5,322,276,721,573,1.57778,0,0
025040107410003168d2a000a00000e2,2,2,6,322,276,721,573,1.57778,8,0.00507042
025040107410003168d2a000a00000e2,2,2,7,322,276,721,573,1.57778,2,0.0012676
025040107410003168d2a000a00000e2,2,2,8,322,276,721,573,1.57778,3,0.00190141
025040107410003168d2a000a00000e2,2,2,9,322,276,721,573,1.57778,11,0.00697182
025040107410003168d2a000a00000e2,2,2,10,322,276,721,573,1.57778,14,0.00887323
025040107410003168d2a000a00000e2,2,2,11,322,276,721,573,1.57778,14,0.00887323
025040107410003168d2a000a00000e2,2,2,12,322,276,721,573,1.57778,11,0.00697182
025040107410003168d2a000a00000e2,2,2,13,322,276,721,573,1.57778,11,0.00697182
025040107410003168d2a000a00000e2,2,2,14,322,276,721,573,1.57778,18,0.0114084
025040107410003168d2a000a00000e2,2,2,15,322,276,721,573,1.57778,10,0.00633802
025040107410003168d2a000a00000e2,2,2,16,322,276,721,573,1.57778,17,0.0107746
025040107410003168d2a000a00000e2,2,2,17,322,276,721,573,1.57778,8,0.00507042
025040107410003168d2a000a00000e2,2,2,18,322,276,721,573,1.57778,14,0.00887323
025040107410003168d2a000a00000e2,2,2,19,322,276,721,573,1.57778,10,0.00633802
025040107410003168d2a000a00000e2,2,2,20,322,276,721,573,1.57778,17,0.0107746
025040107410003168d2a000a00000e2,2,2,21,322,276,721,573,1.57778,14,0.00887323
025040107410003168d2a000a00000e2,2,2,22,322,276,721,573,1.57778,18,0.0114084
025040107410003168d2a000a00000e2,2,2,23,322,276,721,573,1.57778,18,0.0114084
025040107410003168d2a000a00000e2,2,2,24,322,276,721,573,1.57778,14,0.00887323
025040107410003168d2a000a00000e2,2,2,25,322,276,721,573,1.57778,8,0.00507042
025040107410003168d2a000a00000e2,2,2,26,322,276,721,573,1.57778,15,0.00950703
025040107410003168d2a000a00000e2,2,2,27,322,276,721,573,1.57778,16,0.0101408
025040107410003168d2a000a00000e2,2,2,28,322,276,721,573,1.57778,18,0.0114084
025040107410003168d2a000a00000e2,2,2,29,322,276,721,573,1.57778,17,0.0107746
025040107410003168d2a000a00000e2,2,2,30,322,276,721,573,1.57778,17,0.0107746
025040107410003168d2a000a00000e2,2,2,31,322,276,721,573,1.57778,21,0.0133098
025040107410003168d2a000a00000e2,2,2,32,322,276,721,573,1.57778,18,0.0114084
025040107410003168d2a000a00000e2,2,2,33,322,276,721,573,1.57778,15,0.00950703
025040107410003168d2a000a00000e2,2,2,34,322,276,721,573,1.57778,14,0.00887323
025040107410003168d2a000a00000e2,2,2,35,322,276,721,573,1.57778,17,0.0107746
025040107410003168d2a000a00000e2,2,2,36,322,276,721,573,1.57778,20,0.012676
025040107410003168d2a000a00000e2,2,2,37,322,276,721,573,1.57778,14,0.00887323
025040107410003168d2a000a00000e2,2,2,38,322,276,721,573,1.57778,21,0.0133098
025040107410003168d2a000a00000e2,2,2,39,322,276,721,573,1.57778,19,0.0120422
025040107410003168d2a000a00000e2,2,2,40,322,276,721,573,1.57778,21,0.0133098
025040107410003168d2a000a00000e2,2,2,41,322,276,721,573,1.57778,12,0.00760563
025040107410003168d2a000a00000e2,2,2,42,322,276,721,573,1.57778,20,0.012676
025040107410003168d2a000a00000e2,2,2,43,322,276,721,573,1.57778,16,0.0101408
025040107410003168d2a000a00000e2,2,2,44,322,276,721,573,1.57778,14,0.00887323
025040107410003168d2a000a00000e2,2,2,45,322,276,721,573,1.57778,7,0.00443662
025040107410003168d2a000a00000e2,2,2,46,322,276,721,573,1.57778,14,0.00887323
025040107410003168d2a000a00000e2,2,2,47,322,276,721,573,1.57778,2,0.0012676
025040107410003168d2a000a00000e2,2,2,48,322,276,721,573,1.57778,18,0.0114084
025040107410003168d2a000a00000e2,2,2,49,322,276,721,573,1.57778,8,0.00507042
025040107410003168d2a000a00000e2,2,2,50,322,276,721,573,1.57778,15,0.00950703
025040107410003168d2a000a00000e2,2,2,51,322,276,721,573,1.57778,9,0.00570422
025040107410003168d2a000a00000e2,2,2,52,322,276,721,573,1.57778,14,0.00887323
025040107410003168d2a000a00000e2,2,2,53,322,276,721,573,1.57778,6,0.00380281
025040107410003168d2a000a00000e2,2,2,54,322,276,721,573,1.57778,15,0.00950703
025040107410003168d2a000a00000e2,2,2,55,322,276,721,573,1.57778,8,0.00507042
025040107410003168d2a000a00000e2,2,2,56,322,276,721,573,1.57778,18,0.0114084
025040107410003168d2a000a00000e2,2,2,57,322,276,721,573,1.57778,3,0.00190141
025040107410003168d2a000a00000e2,2,2,58,322,276,721,573,1.57778,12,0.00760563
025040107410003168d2a000a00000e2,2,2,59,322,276,721,573,1.57778,5,0.00316901
025040107410003168d2a000a00000e2,2,2,60,322,276,721,573,1.57778,10,0.00633802
025040107410003168d2a000a00000e2,2,2,61,322,276,721,573,1.57778,0,0
025040107410003168d2a000a00000e2,2,2,62,322,276,721,573,1.57778,7,0.00443662
025040107410003168d2a000a00000e2,2,2,63,322,276,721,573,1.57778,2,0.0012676
025040107410003168d2a000a00000e2,2,2,0,322,276,722,574,1.66183,0,0
025040107410003168d2a000a00000e2,2,2,1,322,276,722,574,1.66183,0,0
025040107410003168d2a000a00000e2,2,2,2,322,276,722,574,1.66183,0,0
025040107410003168d2a000a00000e2,2,2,3,322,276,722,574,1.66183,0,0
025040107410003168d2a000a00000e2,2,2,4,322,276,722,574,1.66183,0,0
025040107410003168d2a000a00000e2,2,2,5,322,276,722,574,1.66183,0,0
025040107410003168d2a000a00000e2,2,2,6,322,276,722,574,1.66183,0,0
025040107410003168d2a000a00000e2,2,2,7,322,276,722,574,1.66183,0,0
025040107410003168d2a000a00000e2,2,2,8,322,276,722,574,1.66183,0,0
025040107410003168d2a000a00000e2,2,2,9,322,276,722,574,1.66183,0,0
025040107410003168d2a000a00000e2,2,2,10,322,276,722,574,1.66183,0,0
025040107410003168d2a000a00000e2,2,2,11,322,276,722,574,1.66183,0,0
025040107410003168d2a000a00000e2,2,2,12,322,276,722,574,1.66183,0,0
025040107410003168d2a000a00000e2,2,2,13,322,276,722,574,1.66183,0,0
025040107410003168d2a000a00000e2,2,2,14,322,276,722,574,1.66183,0,0
025040107410003168d2a000a00000e2,2,2,15,322,276,722,574,1.66183,0,0
025040107410003168d2a000a00000e2,2,2,16,322,276,722,574,1.66183,0,0
025040107410003168d2a000a00000e2,2,2,17,322,276,722,574,1.66183,0,0
025040107410003168d2a000a00000e2,2,2,18,322,276,722,574,1.66183,0,0
025040107410003168d2a000a00000e2,2,2,19,322,276,722,574,1.66183,0,0
025040107410003168d2a000a00000e2,2,2,20,322,276,722,574,1.66183,0,0
025040107410003168d2a000a00000e2,2,2,21,322,276,722,574,1.66183,0,0
025040107410003168d2a000a00000e2,2,2,22,322,276,722,574,1.66183,0,0
025040107410003168d2a000a00000e2,2,2,23,322,276,722,574,1.66183,0,0
025040107410003168d2a000a00000e2,2,2,24,322,276,722,574,1.66183,0,0
025040107410003168d2a000a00000e2,2,2,25,322,276,722,574,1.66183,0,0
025040107410003168d2a000a00000e2,2,2,26,322,276,722,574,1.66183,0,0
025040107410003168d2a000a00000e2,2,2,27,322,276,722,574,1.66183,0,0
025040107410003168d2a000a00000e2,2,2,28,322,276,722,574,1.66183,0,0
025040107410003168d2a000a00000e2,2,2,29,322,276,722,574,1.66183,0,0
025040107410003168d2a000a00000e2,2,2,30,322,276,722,574,1.66183,0,0
025040107410003168d2a000a00000e2,2,2,31,322,276,722,574,1.66183,0,0
025040107410003168d2a000a00000e2,2,2,32,322,276,722,574,1.66183,0,0
025040107410003168d2a000a00000e2,2,2,33,322,276,722,574,1.66183,0,0
025040107410003168d2a000a00000e2,2,2,34,322,276,722,574,1.66183,0,0
025040107410003168d2a000a00000e2,2,2,35,322,276,722,574,1.66183,1,0.000601747
025040107410003168d2a000a00000e2,2,2,36,322,276,722,574,1.66183,1,0.000601747
025040107410003168d2a000a00000e2,2,2,37,322,276,722,574,1.66183,1,0.000601747
025040107410003168d2a000a00000e2,2,2,38,322,276,722,574,1.66183,1,0.000601747
025040107410003168d2a000a00000e2,2,2,39,322,276,722,574,1.66183,1,0.000601747
025040107410003168d2a000a00000e2,2,2,40,322,276,722,574,1.66183,1,0.000601747
025040107410003168d2a000a00000e2,2,2,41,322,276,722,574,1.66183,1,0.000601747
025040107410003168d2a000a00000e2,2,2,42,322,276,722,574,1.66183,1,0.000601747
025040107410003168d2a000a00000e2,2,2,43,322,276,722,574,1.66183,1,0.000601747
025040107410003168d2a000a00000e2,2,2,44,322,276,722,574,1.66183,1,0.000601747
025040107410003168d2a000a00000e2,2,2,45,322,276,722,574,1.66183,1,0.000601747
025040107410003168d2a000a00000e2,2,2,46,322,276,722,574,1.66183,1,0.000601747
025040107410003168d2a000a00000e2,2,2,47,322,276,722,574,1.66183,0,0
025040107410003168d2a000a00000e2,2,2,48,322,276,722,574,1.66183,1,0.000601747
025040107410003168d2a000a00000e2,2,2,49,322,276,722,574,1.66183,1,0.000601747
025040107410003168d2a000a00000e2,2,2,50,322,276,722,574,1.66183,1,0.000601747
025040107410003168d2a000a00000e2,2,2,51,322,276,722,574,1.66183,1,0.000601747
025040107410003168d2a000a00000e2,2,2,52,322,276,722,574,1.66183,1,0.000601747
025040107410003168d2a000a00000e2,2,2,53,322,276,722,574,1.66183,1,0.000601747
025040107410003168d2a000a00000e2,2,2,54,322,276,722,574,1.66183,1,0.000601747
025040107410003168d2a000a00000e2,2,2,55,322,276,722,574,1.66183,1,0.000601747
025040107410003168d2a000a00000e2,2,2,56,322,276,722,574,1.66183,1,0.000601747
025040107410003168d2a000a00000e2,2,2,57,322,276,722,574,1.66183,0,0
025040107410003168d2a000a00000e2,2,2,58,322,276,722,574,1.66183,1,0.000601747
025040107410003168d2a000a00000e2,2,2,59,322,276,722,574,1.66183,0,0
025040107410003168d2a000a00000e2,2,2,60,322,276,722,574,1.66183,1,0.000601747
025040107410003168d2a000a00000e2,2,2,61,322,276,722,574,1.66183,0,0
025040107410003168d2a000a00000e2,2,2,62,322,276,722,574,1.66183,1,0.000601747
025040107410003168d2a000a00000e2,2,2,63,322,276,722,574,1.66183,0,0
025040107410003168d2a000a00000e2,2,2,0,322,276,723,575,1.06168,0,0
025040107410003168d2a000a00000e2,2,2,1,322,276,723,575,1.06168,0,0
025040107410003168d2a000a00000e2,2,2,2,322,276,723,575,1.06168,0,0
025040107410003168d2a000a00000e2,2,2,3,322,276,723,575,1.06168,0,0
025040107410003168d2a000a00000e2,2,2,4,322,276,723,575,1.06168,0,0
025040107410003168d2a000a00000e2,2,2,5,322,276,723,575,1.06168,0,0
025040107410003168d2a000a00000e2,2,2,6,322,276,723,575,1.06168,0,0
025040107410003168d2a000a00000e2,2,2,7,322,276,723,575,1.06168,0,0
025040107410003168d2a000a00000e2,2,2,8,322,276,723,575,1.06168,0,0
025040107410003168d2a000a00000e2,2,2,9,322,276,723,575,1.06168,0,0
025040107410003168d2a000a00000e2,2,2,10,322,276,723,575,1.06168,0,0
025040107410003168d2a000a00000e2,2,2,11,322,276,723,575,1.06168,0,0
025040107410003168d2a000a00000e2,2,2,12,322,276,723,575,1.06168,0,0
025040107410003168d2a000a00000e2,2,2,13,322,276,723,575,1.06168,0,0
025040107410003168d2a000a00000e2,2,2,14,322,276,723,575,1.06168,0,0
025040107410003168d2a000a00000e2,2,2,15,322,276,723,575,1.06168,0,0
025040107410003168d2a000a00000e2,2,2,16,322,276,723,575,1.06168,0,0
025040107410003168d2a000a00000e2,2,2,17,322,276,723,575,1.06168,0,0
025040107410003168d2a000a00000e2,2,2,18,322,276,723,575,1.06168,0,0
025040107410003168d2a000a00000e2,2,2,19,322,276,723,575,1.06168,0,0
025040107410003168d2a000a00000e2,2,2,20,322,276,723,575,1.06168,0,0
025040107410003168d2a000a00000e2,2,2,21,322,276,723,575,1.06168,0,0
025040107410003168d2a000a00000e2,2,2,22,322,276,723,575,1.06168,0,0
025040107410003168d2a000a00000e2,2,2,23,322,276,723,575,1.06168,0,0
025040107410003168d2a000a00000e2,2,2,24,322,276,723,575,1.06168,0,0
025040107410003168d2a000a00000e2,2,2,25,322,276,723,575,1.06168,0,0
025040107410003168d2a000a00000e2,2,2,26,322,276,723,575,1.06168,0,0
025040107410003168d2a000a00000e2,2,2,27,322,276,723,575,1.06168,0,0
025040107410003168d2a000a00000e2,2,2,28,322,276,723,575,1.06168,0,0
025040107410003168d2a000a00000e2,2,2,29,322,276,723,575,1.06168,0,0
025040107410003168d2a000a00000e2,2,2,30,322,276,723,575,1.06168,0,0
025040107410003168d2a000a00000e2,2,2,31,322,276,723,575,1.06168,0,0
025040107410003168d2a000a00000e2,2,2,32,322,276,723,575,1.06168,0,0
025040107410003168d2a000a00000e2,2,2,33,322,276,723,575,1.06168,0,0
025040107410003168d2a000a00000e2,2,2,34,322,276,723,575,1.06168,0,0
025040107410003168d2a000a00000e2,2,2,35,322,276,723,575,1.06168,0,0
025040107410003168d2a000a00000e2,2,2,36,322,276,723,575,1.06168,0,0
025040107410003168d2a000a00000e2,2,2,37,322,276,723,575,1.06168,0,0
025040107410003168d2a000a00000e2,2,2,38,322,276,723,575,1.06168,0,0
025040107410003168d2a000a00000e2,2,2,39,322,276,723,575,1.06168,0,0
025040107410003168d2a000a00000e2,2,2,40,322,276,723,575,1.06168,0,0
025040107410003168d2a000a00000e2,2,2,41,322,276,723,575,1.06168,0,0
025040107410003168d2a000a00000e2,2,2,42,322,276,723,575,1.06168,0,0
025040107410003168d2a000a00000e2,2,2,43,322,276,723,575,1.06168,0,0
025040107410003168d2a000a00000e2,2,2,44,322,276,723,575,1.06168,0,0
025040107410003168d2a000a00000e2,2,2,45,322,276,723,575,1.06168,0,0
025040107410003168d2a000a00000e2,2,2,46,322,276,723,575,1.06168,0,0
025040107410003168d2a000a00000e2,2,2,47,322,276,723,575,1.06168,0,0
025040107410003168d2a000a00000e2,2,2,48,322,276,723,575,1.06168,0,0
025040107410003168d2a000a00000e2,2,2,49,322,276,723,575,1.06168,0,0
025040107410003168d2a000a00000e2,2,2,50,322,276,723,575,1.06168,0,0
025040107410003168d2a000a00000e2,2,2,51,322,276,723,575,1.06168,0,0
025040107410003168d2a000a00000e2,2,2,52,322,276,723,575,1.06168,0,0
025040107410003168d2a000a00000e2,2,2,53,322,276,723,575,1.06168,0,0
025040107410003168d2a000a00000e2,2,2,54,322,276,723,575,1.06168,0,0
025040107410003168d2a000a00000e2,2,2,55,322,276,723,575,1.06168,0,0
025040107410003168d2a000a00000e2,2,2,56,322,276,723,575,1.06168,0,0
025040107410003168d2a000a00000e2,2,2,57,322,276,723,575,1.06168,0,0
025040107410003168d2a000a00000e2,2,2,58,322,276,723,575,1.06168,0,0
025040107410003168d2a000a00000e2,2,2,59,322,276,723,575,1.06168,0,0
025040107410003168d2a000a00000e2,2,2,60,322,276,723,575,1.06168,0,0
025040107410003168d2a000a00000e2,2,2,61,322,276,723,575,1.06168,0,0
025040107410003168d2a000a00000e2,2,2,62,322,276,723,575,1.06168,0,0
025040107410003168d2a000a00000e2,2,2,63,322,276,723,575,1.06168,0,0
025040107410003168d2a000a00000e2,2,2,0,322,276,724,576,1.36249,0,0
025040107410003168d2a000a00000e2,2,2,1,322,276,724,576,1.36249,0,0
025040107410003168d2a000a00000e2,2,2,2,322,276,724,576,1.36249,0,0
025040107410003168d2a000a00000e2,2,2,3,322,276,724,576,1.36249,9,0.00660554
025040107410003168d2a000a00000e2,2,2,4,322,276,724,576,1.36249,7,0.00513764
025040107410003168d2a000a00000e2,2,2,5,322,276,724,576,1.36249,0,0
025040107410003168d2a000a00000e2,2,2,6,322,276,724,576,1.36249,8,0.00587159
025040107410003168d2a000a00000e2,2,2,7,322,276,724,576,1.36249,1,0.000733948
025040107410003168d2a000a00000e2,2,2,8,322,276,724,576,1.36249,2,0.0014679
025040107410003168d2a000a00000e2,2,2,9,322,276,724,576,1.36249,8,0.00587159
025040107410003168d2a000a00000e2,2,2,10,322,276,724,576,1.36249,12,0.00880738
025040107410003168d2a000a00000e2,2,2,11,322,276,724,576,1.36249,10,0.00733948
025040107410003168d2a000a00000e2,2,2,12,322,276,724,576,1.36249,9,0.00660554
025040107410003168d2a000a00000e2,2,2,13,322,276,724,576,1.36249,9,0.00660554
025040107410003168d2a000a00000e2,2,2,14,322,276,724,576,1.36249,13,0.00954133
025040107410003168d2a000a00000e2,2,2,15,322,276,724,576,1.36249,8,0.00587159
025040107410003168d2a000a00000e2,2,2,16,322,276,724,576,1.36249,12,0.00880738
025040107410003168d2a000a00000e2,2,2,17,322,276,724,576,1.36249,8,0.00587159
025040107410003168d2a000a00000e2,2,2,18,322,276,724,576,1.36249,11,0.00807343
025040107410003168d2a000a00000e2,2,2,19,322,276,724,576,1.36249,8,0.00587159
025040107410003168d2a000a00000e2,2,2,20,322,276,724,576,1.36249,12,0.00880738
025040107410003168d2a000a00000e2,2,2,21,322,276,724,576,1.36249,12,0.00880738
025040107410003168d2a000a00000e2,2,2,22,322,276,724,576,1.36249,13,0.00954133
025040107410003168d2a000a00000e2,2,2,23,322,276,724,576,1.36249,14,0.0102753
025040107410003168d2a000a00000e2,2,2,24,322,276,724,576,1.36249,12,0.00880738
025040107410003168d2a000a00000e2,2,2,25,322,276,724,576,1.36249,7,0.00513764
025040107410003168d2a000a00000e2,2,2,26,322,276,724,576,1.36249,12,0.00880738
025040107410003168d2a000a00000e2,2,2,27,322,276,724,576,1.36249,12,0.00880738
025040107410003168d2a000a00000e2,2,2,28,322,276,724,576,1.36249,12,0.00880738
025040107410003168d2a000a00000e2,2,2,29,322,276,724,576,1.36249,12,0.00880738
025040107410003168d2a000a00000e2,2,2,30,322,276,724,576,1.36249,13,0.00954133
025040107410003168d2a000a00000e2,2,2,31,322,276,724,576,1.36249,15,0.0110092
025040107410003168d2a000a00000e2,2,2,32,322,276,724,576,1.36249,12,0.00880738
025040107410003168d2a000a00000e2,2,2,33,322,276,724,576,1.36249,11,0.00807343
025040107410003168d2a000a00000e2,2,2,34,322,276,724,576,1.36249,12,0.00880738
025040107410003168d2a000a00000e2,2,2,35,322,276,724,576,1.36249,12,0.00880738
025040107410003168d2a000a00000e2,2,2,36,322,276,724,576,1.36249,14,0.0102753
025040107410003168d2a000a00000e2,2,2,37,322,276,724,576,1.36249,12,0.00880738
025040107410003168d2a000a00000e2,2,2,38,322,276,724,576,1.36249,14,0.0102753
025040107410003168d2a000a00000e2,2,2,39,322,276,724,576,1.36249,13,0.00954133
025040107410003168d2a000a00000e2,2,2,40,322,276,724,576,1.36249,14,0.0102753
025040107410003168d2a000a00000e2,2,2,41,322,276,724,576,1.36249,10,0.00733948
025040107410003168d2a000a00000e2,2,2,42,322,276,724,576,1.36249,14,0.0102753
025040107410003168d2a000a00000e2,2,2,43,322,276,724,576,1.36249,12,0.00880738
025040107410003168d2a000a00000e2,2,2,44,322,276,724,576,1.36249,12,0.00880738
025040107410003168d2a000a00000e2,2,2,45,322,276,724,576,1.36249,5,0.00366974
025040107410003168d2a000a00000e2,2,2,46,322,276,724,576,1.36249,12,0.00880738
025040107410003168d2a000a00000e2,2,2,47,322,276,724,576,1.36249,2,0.0014679
025040107410003168d2a000a00000e2,2,2,48,322,276,724,576,1.36249,13,0.00954133
025040107410003168d2a000a00000e2,2,2,49,322,276,724,576,1.36249,8,0.00587159
025040107410003168d2a000a00000e2,2,2,50,322,276,724,576,1.36249,12,0.00880738
025040107410003168d2a000a00000e2,2,2,51,322,276,724,576,1.36249,7,0.00513764
025040107410003168d2a000a00000e2,2,2,52,322,276,724,576,1.36249,12,0.00880738
025040107410003168d2a000a00000e2,2,2,53,322,276,724,576,1.36249,3,0.00220185
025040107410003168d2a000a00000e2,2,2,54,322,276,724,576,1.36249,9,0.00660554
025040107410003168d2a000a00000e2,2,2,55,322,276,724,576,1.36249,7,0.00513764
025040107410003168d2a000a00000e2,2,2,56,322,276,724,576,1.36249,12,0.00880738
025040107410003168d2a000a00000e2,2,2,57,322,276,724,576,1.36249,2,0.0014679
025040107410003168d2a000a00000e2,2,2,58,322,276,724,576,1.36249,9,0.00660554
025040107410003168d2a000a00000e2,2,2,59,322,276,724,576,1.36249,2,0.0014679
025040107410003168d2a000a00000e2,2,2,60,322,276,724,576,1.36249,8,0.00587159
025040107410003168d2a000a00000e2,2,2,61,322,276,724,576,1.36249,0,0
025040107410003168d2a000a00000e2,2,2,62,322,276,724,576,1.36249,8,0.00587159
025040107410003168d2a000a00000e2,2,2,63,322,276,724,576,1.36249,0,0
025040107410003168d2a000a00000e2,2,2,0,322,276,725,576,1.10002,0,0
025040107410003168d2a000a00000e2,2,2,1,322,276,725,576,1.10002,0,0
025040107410003168d2a000a00000e2,2,2,2,322,276,725,576,1.10002,0,0
025040107410003168d2a000a00000e2,2,2,3,322,276,725,576,1.10002,0,0
025040107410003168d2a000a00000e2,2,2,4,322,276,725,576,1.10002,0,0
025040107410003168d2a000a00000e2,2,2,5,322,276,725,576,1.10002,0,0
025040107410003168d2a000a00000e2,2,2,6,322,276,725,576,1.10002,0,0
025040107410003168d2a000a00000e2,2,2,7,322,276,725,576,1.10002,0,0
025040107410003168d2a000a00000e2,2,2,8,322,276,725,576,1.10002,0,0
025040107410003168d2a000a00000e2,2,2,9,322,276,725,576,1.10002,0,0
025040107410003168d2a000a00000e2,2,2,10,322,276,725,576,1.10002,0,0
025040107410003168d2a000a00000e2,2,2,11,322,276,725,576,1.10002,0,0
025040107410003168d2a000a00000e2,2,2,12,322,276,725,576,1.10002,0,0
025040107410003168d2a000a00000e2,2,2,13,322,276,725,576,1.10002,0,0
025040107410003168d2a000a00000e2,2,2,14,322,276,725,576,1.10002,0,0
025040107410003168d2a000a00000e2,2,2,15,322,276,725,576,1.10002,0,0
025040107410003168d2a000a00000e2,2,2,16,322,276,725,576,1.10002,0,0
025040107410003168d2a000a00000e2,2,2,17,322,276,725,576,1.10002,0,0
025040107410003168d2a000a00000e2,2,2,18,322,276,725,576,1.10002,0,0
025040107410003168d2a000a00000e2,2,2,19,322,276,725,576,1.10002,0,0
025040107410003168d2a000a00000e2,2,2,20,322,276,725,576,1.10002,0,0
025040107410003168d2a000a00000e2,2,2,21,322,276,725,576,1.10002,0,0
025040107410003168d2a000a00000e2,2,2,22,322,276,725,576,1.10002,0,0
025040107410003168d2a000a00000e2,2,2,23,322,276,725,576,1.10002,0,0
025040107410003168d2a000a00000e2,2,2,24,322,276,725,576,1.10002,0,0
025040107410003168d2a000a00000e2,2,2,25,322,276,725,576,1.10002,0,0
025040107410003168d2a000a00000e2,2,2,26,322,276,725,576,1.10002,0,0
025040107410003168d2a000a00000e2,2,2,27,322,276,725,576,1.10002,0,0
025040107410003168d2a000a00000e2,2,2,28,322,276,725,576,1.10002,0,0
025040107410003168d2a000a00000e2,2,2,29,322,276,725,576,1.10002,0,0
025040107410003168d2a000a00000e2,2,2,30,322,276,725,576,1.10002,0,0
025040107410003168d2a000a00000e2,2,2,31,322,276,725,576,1.10002,0,0
025040107410003168d2a000a00000e2,2,2,32,322,276,725,576,1.10002,0,0
025040107410003168d2a000a00000e2,2,2,33,322,276,725,576,1.10002,0,0
025040107410003168d2a000a00000e2,2,2,34,322,276,725,576,1.10002,0,0
025040107410003168d2a000a00000e2,2,2,35,322,276,725,576,1.10002,0,0
025040107410003168d2a000a00000e2,2,2,36,322,276,725,576,1.10002,0,0
025040107410003168d2a000a00000e2,2,2,37,322,276,725,576,1.10002,0,0
025040107410003168d2a000a00000e2,2,2,38,322,276,725,576,1.10002,0,0
025040107410003168d2a000a00000e2,2,2,39,322,276,725,576,1.10002,0,0
025040107410003168d2a000a00000e2,2,2,40,322,276,725,576,1.10002,0,0
025040107410003168d2a000a00000e2,2,2,41,322,276,725,576,1.10002,0,0
025040107410003168d2a000a00000e2,2,2,42,322,276,725,576,1.10002,0,0
025040107410003168d2a000a00000e2,2,2,43,322,276,725,576,1.10002,0,0
025040107410003168d2a000a00000e2,2,2,44,322,276,725,576,1.10002,0,0
025040107410003168d2a000a00000e2,2,2,45,322,276,725,576,1.10002,0,0
025040107410003168d2a000a00000e2,2,2,46,322,276,725,576,1.10002,0,0
025040107410003168d2a000a00000e2,2,2,47,322,276,725,576,1.10002,0,0
025040107410003168d2a000a00000e2,2,2,48,322,276,725,576,1.10002,0,0
025040107410003168d2a000a00000e2,2,2,49,322,276,725,576,1.10002,0,0
025040107410003168d2a000a00000e2,2,2,50,322,276,725,576,1.10002,0,0
025040107410003168d2a000a00000e2,2,2,51,322,276,725,576,1.10002,0,0
025040107410003168d2a000a00000e2,2,2,52,322,276,725,576,1.10002,0,0
025040107410003168d2a000a00000e2,2,2,53,322,276,725,576,1.10002,0,0
025040107410003168d2a000a00000e2,2,2,54,322,276,725,576,1.10002,0,0
025040107410003168d2a000a00000e2,2,2,55,322,276,725,576,1.10002,0,0
025040107410003168d2a000a00000e2,2,2,56,322,276,725,576,1.10002,0,0
025040107410003168d2a000a00000e2,2,2,57,322,276,725,576,1.10002,0,0
025040107410003168d2a000a00000e2,2,2,58,322,276,725,576,1.10002,0,0
025040107410003168d2a000a00000e2,2,2,59,322,276,725,576,1.10002,0,0
025040107410003168d2a000a00000e2,2,2,60,322,276,725,576,1.10002,0,0
025040107410003168d2a000a00000e2,2,2,61,322,276,725,576,1.10002,0,0
025040107410003168d2a000a00000e2,2,2,62,322,276,725,576,1.10002,0,0
025040107410003168d2a000a00000e2,2,2,63,322,276,725,576,1.10002,0,0
025040107410003168d2a000a00000e2,2,2,0,322,276,726,577,1.09265,0,0
025040107410003168d2a000a00000e2,2,2,1,322,276,726,577,1.09265,0,0
025040107410003168d2a000a00000e2,2,2,2,322,276,726,577,1.09265,0,0
025040107410003168d2a000a00000e2,2,2,3,322,276,726,577,1.09265,0,0
025040107410003168d2a000a00000e2,2,2,4,322,276,726,577,1.09265,0,0
025040107410003168d2a000a00000e2,2,2,5,322,276,726,577,1.09265,0,0
025040107410003168d2a000a00000e2,2,2,6,322,276,726,577,1.09265,0,0
025040107410003168d2a000a00000e2,2,2,7,322,276,726,577,1.09265,0,0
025040107410003168d2a000a00000e2,2,2,8,322,276,726,577,1.09265,0,0
025040107410003168d2a000a00000e2,2,2,9,322,276,726,577,1.09265,0,0
025040107410003168d2a000a00000e2,2,2,10,322,276,726,577,1.09265,0,0
025040107410003168d2a000a00000e2,2,2,11,322,276,726,577,1.09265,0,0
025040107410003168d2a000a00000e2,2,2,12,322,276,726,577,1.09265,0,0
025040107410003168d2a000a00000e2,2,2,13,322,276,726,577,1.09265,0,0
025040107410003168d2a000a00000e2,2,2,14,322,276,726,577,1.09265,0,0
025040107410003168d2a000a00000e2,2,2,15,322,276,726,577,1.09265,0,0
025040107410003168d2a000a00000e2,2,2,16,322,276,726,577,1.09265,0,0
025040107410003168d2a000a00000e2,2,2,17,322,276,726,577,1.09265,0,0
025040107410003168d2a000a00000e2,2,2,18,322,276,726,577,1.09265,0,0
025040107410003168d2a000a00000e2,2,2,19,322,276,726,577,1.09265,0,0
025040107410003168d2a000a00000e2,2,2,20,322,276,726,577,1.09265,0,0
025040107410003168d2a000a00000e2,2,2,21,322,276,726,577,1.09265,0,0
025040107410003168d2a000a00000e2,2,2,22,322,276,726,577,1.09265,0,0
025040107410003168d2a000a00000e2,2,2,23,322,276,726,577,1.09265,0,0
025040107410003168d2a000a00000e2,2,2,24,322,276,726,577,1.09265,0,0
025040107410003168d2a000a00000e2,2,2,25,322,276,726,577,1.09265,0,0
025040107410003168d2a000a00000e2,2,2,26,322,276,726,577,1.09265,0,0
025040107410003168d2a000a00000e2,2,2,27,322,276,726,577,1.09265,0,0
025040107410003168d2a000a00000e2,2,2,28,322,276,726,577,1.09265,0,0
025040107410003168d2a000a00000e2,2,2,29,322,276,726,577,1.09265,0,0
025040107410003168d2a000a00000e2,2,2,30,322,276,726,577,1.09265,0,0
025040107410003168d2a000a00000e2,2,2,31,322,276,726,577,1.09265,0,0
025040107410003168d2a000a00000e2,2,2,32,322,276,726,577,1.09265,0,0
025040107410003168d2a000a00000e2,2,2,33,322,276,726,577,1.09265,0,0
025040107410003168d2a000a00000e2,2,2,34,322,276,726,577,1.09265,0,0
025040107410003168d2a000a00000e2,2,2,35,322,276,726,577,1.09265,0,0
025040107410003168d2a000a00000e2,2,2,36,322,276,726,577,1.09265,0,0
025040107410003168d2a000a00000e2,2,2,37,322,276,726,577,1.09265,0,0
025040107410003168d2a000a00000e2,2,2,38,322,276,726,577,1.09265,0,0
025040107410003168d2a000a00000e2,2,2,39,322,276,726,577,1.09265,0,0
025040107410003168d2a000a00000e2,2,2,40,322,276,726,577,1.09265,0,0
025040107410003168d2a000a00000e2,2,2,41,322,276,726,577,1.09265,0,0
025040107410003168d2a000a00000e2,2,2,42,322,276,726,577,1.09265,0,0
025040107410003168d2a000a00000e2,2,2,43,322,276,726,577,1.09265,0,0
025040107410003168d2a000a00000e2,2,2,44,322,276,726,577,1.09265,0,0
025040107410003168d2a000a00000e2,2,2,45,322,276,726,577,1.09265,0,0
025040107410003168d2a000a00000e2,2,2,46,322,276,726,577,1.09265,0,0
025040107410003168d2a000a00000e2,2,2,47,322,276,726,577,1.09265,0,0
025040107410003168d2a000a00000e2,2,2,48,322,276,726,577,1.09265,0,0
025040107410003168d2a000a00000e2,2,2,49,322,276,726,577,1.09265,0,0
025040107410003168d2a000a00000e2,2,2,50,322,276,726,577,1.09265,0,0
025040107410003168d2a000a00000e2,2,2,51,322,276,726,577,1.09265,0,0
025040107410003168d2a000a00000e2,2,2,52,322,276,726,577,1.09265,0,0
025040107410003168d2a000a00000e2,2,2,53,322,276,726,577,1.09265,0,0
025040107410003168d2a000a00000e2,2,2,54,322,276,726,577,1.09265,0,0
025040107410003168d2a000a00000e2,2,2,55,322,276,726,577,1.09265,0,0
025040107410003168d2a000a00000e2,2,2,56,322,276,726,577,1.09265,0,0
025040107410003168d2a000a00000e2,2,2,57,322,276,726,577,1.09265,0,0
025040107410003168d2a000a00000e2,2,2,58,322,276,726,577,1.09265,0,0
025040107410003168d2a000a00000e2,2,2,59,322,276,726,577,1.09265,0,0
025040107410003168d2a000a00000e2,2,2,60,322,276,726,577,1.09265,0,0
025040107410003168d2a000a00000e2,2,2,61,322,276,726,577,1.09265,0,0
025040107410003168d2a000a00000e2,2,2,62,322,276,726,577,1.09265,0,0
025040107410003168d2a000a00000e2,2,2,63,322,276,726,577,1.09265,0,0
025040107410003168d2a000a00000e2,2,2,0,322,276,727,578,1.52027,0,0
025040107410003168d2a000a00000e2,2,2,1,322,276,727,578,1.52027,0,0
025040107410003168d2a000a00000e2,2,2,2,322,276,727,578,1.52027,0,0
025040107410003168d2a000a00000e2,2,2,3,322,276,727,578,1.52027,1,0.000657777
025040107410003168d2a000a00000e2,2,2,4,322,276,727,578,1.52027,1,0.000657777
025040107410003168d2a000a00000e2,2,2,5,322,276,727,578,1.52027,0,0
025040107410003168d2a000a00000e2,2,2,6,322,276,727,578,1.52027,1,0.000657777
025040107410003168d2a000a00000e2,2,2,7,322,276,727,578,1.52027,0,0
025040107410003168d2a000a00000e2,2,2,8,322,276,727,578,1.52027,0,0
025040107410003168d2a000a00000e2,2,2,9,322,276,727,578,1.52027,2,0.00131555
025040107410003168d2a000a00000e2,2,2,10,322,276,727,578,1.52027,2,0.00131555
025040107410003168d2a000a00000e2,2,2,11,322,276,727,578,1.52027,2,0.00131555
025040107410003168d2a000a00000e2,2,2,12,322,276,727,578,1.52027,1,0.000657777
025040107410003168d2a000a00000e2,2,2,13,322,276,727,578,1.52027,2,0.00131555
025040107410003168d2a000a00000e2,2,2,14,322,276,727,578,1.52027,4,0.00263111
025040107410003168d2a000a00000e2,2,2,15,322,276,727,578,1.52027,1,0.000657777
025040107410003168d2a000a00000e2,2,2,16,322,276,727,578,1.52027,4,0.00263111
025040107410003168d2a000a00000e2,2,2,17,322,276,727,578,1.52027,1,0.000657777
025040107410003168d2a000a00000e2,2,2,18,322,276,727,578,1.52027,2,0.00131555
025040107410003168d2a000a00000e2,2,2,19,322,276,727,578,1.52027,1,0.000657777
025040107410003168d2a000a00000e2,2,2,20,322,276,727,578,1.52027,4,0.00263111
025040107410003168d2a000a00000e2,2,2,21,322,276,727,578,1.52027,4,0.00263111
025040107410003168d2a000a00000e2,2,2,22,322,276,727,578,1.52027,4,0.00263111
025040107410003168d2a000a00000e2,2,2,23,322,276,727,578,1.52027,4,0.00263111
025040107410003168d2a000a00000e2,2,2,24,322,276,727,578,1.52027,4,0.00263111
025040107410003168d2a000a00000e2,2,2,25,322,276,727,578,1.52027,1,0.000657777
025040107410003168d2a000a00000e2,2,2,26,322,276,727,578,1.52027,4,0.00263111
025040107410003168d2a000a00000e2,2,2,27,322,276,727,578,1.52027,4,0.00263111
025040107410003168d2a000a00000e2,2,2,28,322,276,727,578,1.52027,4,0.00263111
025040107410003168d2a000a00000e2,2,2,29,322,276,727,578,1.52027,4,0.00263111
025040107410003168d2a000a00000e2,2,2,30,322,276,727,578,1.52027,4,0.00263111
025040107410003168d2a000a00000e2,2,2,31,322,276,727,578,1.52027,4,0.00263111
025040107410003168d2a000a00000e2,2,2,32,322,276,727,578,1.52027,5,0.00328889
025040107410003168d2a000a00000e2,2,2,33,322,276,727,578,1.52027,3,0.00197333
025040107410003168d2a000a00000e2,2,2,34,322,276,727,578,1.52027,5,0.00328889
025040107410003168d2a000a00000e2,2,2,35,322,276,727,578,1.52027,5,0.00328889
025040107410003168d2a000a00000e2,2,2,36,322,276,727,578,1.52027,5,0.00328889
025040107410003168d2a000a00000e2,2,2,37,322,276,727,578,1.52027,3,0.00197333
025040107410003168d2a000a00000e2,2,2,38,322,276,727,578,1.52027,5,0.00328889
025040107410003168d2a000a00000e2,2,2,39,322,276,727,578,1.52027,5,0.00328889
025040107410003168d2a000a00000e2,2,2,40,322,276,727,578,1.52027,5,0.00328889
025040107410003168d2a000a00000e2,2,2,41,322,276,727,578,1.52027,3,0.00197333
025040107410003168d2a000a00000e2,2,2,42,322,276,727,578,1.52027,5,0.00328889
025040107410003168d2a000a00000e2,2,2,43,322,276,727,578,1.52027,5,0.00328889
025040107410003168d2a000a00000e2,2,2,44,322,276,727,578,1.52027,5,0.00328889
025040107410003168d2a000a00000e2,2,2,45,322,276,727,578,1.52027,1,0.000657777
025040107410003168d2a000a00000e2,2,2,46,322,276,727,578,1.52027,5,0.00328889
025040107410003168d2a000a00000e2,2,2,47,322,276,727,578,1.52027,0,0
025040107410003168d2a000a00000e2,2,2,48,322,276,727,578,1.52027,5,0.00328889
025040107410003168d2a000a00000e2,2,2,49,322,276,727,578,1.52027,1,0.000657777
025040107410003168d2a000a00000e2,2,2,50,322,276,727,578,1.52027,5,0.00328889
025040107410003168d2a000a00000e2,2,2,51,322,276,727,578,1.52027,1,0.000657777
025040107410003168d2a000a00000e2,2,2,52,322,276,727,578,1.52027,5,0.00328889
025040107410003168d2a000a00000e2,2,2,53,322,276,727,578,1.52027,0,0
025040107410003168d2a000a00000e2,2,2,54,322,276,727,578,1.52027,3,0.00197333
025040107410003168d2a000a00000e2,2,2,55,322,276,727,578,1.52027,1,0.000657777
025040107410003168d2a000a00000e2,2,2,56,322,276,727,578,1.52027,5,0.00328889
025040107410003168d2a000a00000e2,2,2,57,322,276,727,578,1.52027,0,0
025040107410003168d2a000a00000e2,2,2,58,322,276,727,578,1.52027,1,0.000657777
025040107410003168d2a000a00000e2,2,2,59,322,276,727,578,1.52027,0,0
025040107410003168d2a000a00000e2,2,2,60,322,276,727,578,1.52027,1,0.000657777
025040107410003168d2a000a00000e2,2,2,61,322,276,727,578,1.52027,0,0
025040107410003168d2a000a00000e2,2,2,62,322,276,727,578,1.52027,1,0.000657777
025040107410003168d2a000a00000e2,2,2,63,322,276,727,578,1.52027,0,0
025040107410003168d2a000a00000e2,2,2,0,322,276,728,579,1.12656,0,0
025040107410003168d2a000a00000e2,2,2,1,322,276,728,579,1.12656,0,0
025040107410003168d2a000a00000e2,2,2,2,322,276,728,579,1.12656,0,0
025040107410003168d2a000a00000e2,2,2,3,322,276,728,579,1.12656,0,0
025040107410003168d2a000a00000e2,2,2,4,322,276,728,579,1.12656,0,0
025040107410003168d2a000a00000e2,2,2,5,322,276,728,579,1.12656,0,0
025040107410003168d2a000a00000e2,2,2,6,322,276,728,579,1.12656,0,0
025040107410003168d2a000a00000e2,2,2,7,322,276,728,579,1.12656,0,0
025040107410003168d2a000a00000e2,2,2,8,322,276,728,579,1.12656,0,0
025040107410003168d2a000a00000e2,2,2,9,322,276,728,579,1.12656,0,0
025040107410003168d2a000a00000e2,2,2,10,322,276,728,579,1.12656,0,0
025040107410003168d2a000a00000e2,2,2,11,322,276,728,579,1.12656,0,0
025040107410003168d2a000a00000e2,2,2,12,322,276,728,579,1.12656,0,0
025040107410003168d2a000a00000e2,2,2,13,322,276,728,579,1.12656,0,0
025040107410003168d2a000a00000e2,2,2,14,322,276,728,579,1.12656,0,0
025040107410003168d2a000a00000e2,2,2,15,322,276,728,579,1.12656,0,0
025040107410003168d2a000a00000e2,2,2,16,322,276,728,579,1.12656,0,0
025040107410003168d2a000a00000e2,2,2,17,322,276,728,579,1.12656,0,0
025040107410003168d2a000a00000e2,2,2,18,322,276,728,579,1.12656,0,0
025040107410003168d2a000a00000e2,2,2,19,322,276,728,579,1.12656,0,0
025040107410003168d2a000a00000e2,2,2,20,322,276,728,579,1.12656,0,0
025040107410003168d2a000a00000e2,2,2,21,322,276,728,579,1.12656,0,0
025040107410003168d2a000a00000e2,2,2,22,322,276,728,579,1.12656,0,0
025040107410003168d2a000a00000e2,2,2,23,322,276,728,579,1.12656,0,0
025040107410003168d2a000a00000e2,2,2,24,322,276,728,579,1.12656,0,0
025040107410003168d2a000a00000e2,2,2,25,322,276,728,579,1.12656,0,0
025040107410003168d2a000a00000e2,2,2,26,322,276,728,579,1.12656,0,0
025040107410003168d2a000a00000e2,2,2,27,322,276,728,579,1.12656,0,0
025040107410003168d2a000a00000e2,2,2,28,322,276,728,579,1.12656,0,0
025040107410003168d2a000a00000e2,2,2,29,322,276,728,579,1.12656,0,0
025040107410003168d2a000a00000e2,2,2,30,322,276,728,579,1.12656,0,0
025040107410003168d2a000a00000e2,2,2,31,322,276,728,579,1.12656,0,0
025040107410003168d2a000a00000e2,2,2,32,322,276,728,579,1.12656,0,0
025040107410003168d2a000a00000e2,2,2,33,322,276,728,579,1.12656,0,0
025040107410003168d2a000a00000e2,2,2,34,322,276,728,579,1.12656,0,0
025040107410003168d2a000a00000e2,2,2,35,322,276,728,579,1.12656,0,0
025040107410003168d2a000a00000e2,2,2,36,322,276,728,579,1.12656,0,0
025040107410003168d2a000a00000e2,2,2,37,322,276,728,579,1.12656,0,0
025040107410003168d2a000a00000e2,2,2,38,322,276,728,579,1.12656,0,0
025040107410003168d2a000a00000e2,2,2,39,322,276,728,579,1.12656,0,0
025040107410003168d2a000a00000e2,2,2,40,322,276,728,579,1.12656,0,0
025040107410003168d2a000a00000e2,2,2,41,322,276,728,579,1.12656,0,0
025040107410003168d2a000a00000e2,2,2,42,322,276,728,579,1.12656,0,0
025040107410003168d2a000a00000e2,2,2,43,322,276,728,579,1.12656,0,0
025040107410003168d2a000a00000e2,2,2,44,322,276,728,579,1.12656,0,0
025040107410003168d2a000a00000e2,2,2,45,322,276,728,579,1.12656,0,0
025040107410003168d2a000a00000e2,2,2,46,322,276,728,579,1.12656,0,0
025040107410003168d2a000a00000e2,2,2,47,322,276,728,579,1.12656,0,0
025040107410003168d2a000a00000e2,2,2,48,322,276,728,579,1.12656,0,0
025040107410003168d2a000a00000e2,2,2,49,322,276,728,579,1.12656,0,0
025040107410003168d2a000a00000e2,2,2,50,322,276,728,579,1.12656,0,0
025040107410003168d2a000a00000e2,2,2,51,322,276,728,579,1.12656,0,0
025040107410003168d2a000a00000e2,2,2,52,322,276,728,579,1.12656,0,0
025040107410003168d2a000a00000e2,2,2,53,322,276,728,579,1.12656,0,0
025040107410003168d2a000a00000e2,2,2,54,322,276,728,579,1.12656,0,0
025040107410003168d2a000a00000e2,2,2,55,322,276,728,579,1.12656,0,0
025040107410003168d2a000a00000e2,2,2,56,322,276,728,579,1.12656,0,0
025040107410003168d2a000a00000e2,2,2,57,322,276,728,579,1.12656,0,0
025040107410003168d2a000a00000e2,2,2,58,322,276,728,579,1.12656,0,0
025040107410003168d2a000a00000e2,2,2,59,322,276,728,579,1.12656,0,0
025040107410003168d2a000a00000e2,2,2,60,322,276,728,579,1.12656,0,0
025040107410003168d2a000a00000e2,2,2,61,322,276,728,579,1.12656,0,0
025040107410003168d2a000a00000e2,2,2,62,322,276,728,579,1.12656,0,0
025040107410003168d2a000a00000e2,2,2,63,322,276,728,579,1.12656,0,0
025040107410003168d2a000a00000e2,2,2,0,322,276,729,580,1.1826,0,0
025040107410003168d2a000a00000e2,2,2,1,322,276,729,580,1.1826,0,0
025040107410003168d2a000a00000e2,2,2,2,322,276,729,580,1.1826,0,0
025040107410003168d2a000a00000e2,2,2,3,322,276,729,580,1.1826,14,0.0118384
025040107410003168d2a000a00000e2,2,2,4,322,276,729,580,1.1826,5,0.00422798
025040107410003168d2a000a00000e2,2,2,5,322,276,729,580,1.1826,0,0
025040107410003168d2a000a00000e2,2,2,6,322,276,729,580,1.1826,8,0.00676477
025040107410003168d2a000a00000e2,2,2,7,322,276,729,580,1.1826,1,0.000845597
025040107410003168d2a000a00000e2,2,2,8,322,276,729,580,1.1826,4,0.00338239
025040107410003168d2a000a00000e2,2,2,9,322,276,729,580,1.1826,15,0.0126839
025040107410003168d2a000a00000e2,2,2,10,322,276,729,580,1.1826,16,0.0135295
025040107410003168d2a000a00000e2,2,2,11,322,276,729,580,1.1826,15,0.0126839
025040107410003168d2a000a00000e2,2,2,12,322,276,729,580,1.1826,15,0.0126839
025040107410003168d2a000a00000e2,2,2,13,322,276,729,580,1.1826,13,0.0109928
025040107410003168d2a000a00000e2,2,2,14,322,276,729,580,1.1826,25,0.0211399
025040107410003168d2a000a00000e2,2,2,15,322,276,729,580,1.1826,10,0.00845597
025040107410003168d2a000a00000e2,2,2,16,322,276,729,580,1.1826,23,0.0194487
025040107410003168d2a000a00000e2,2,2,17,322,276,729,580,1.1826,8,0.00676477
025040107410003168d2a000a00000e2,2,2,18,322,276,729,580,1.1826,15,0.0126839
025040107410003168d2a000a00000e2,2,2,19,322,276,729,580,1.1826,10,0.00845597
025040107410003168d2a000a00000e2,2,2,20,322,276,729,580,1.1826,24,0.0202943
025040107410003168d2a000a00000e2,2,2,21,322,276,729,580,1.1826,17,0.0143751
025040107410003168d2a000a00000e2,2,2,22,322,276,729,580,1.1826,24,0.0202943
025040107410003168d2a000a00000e2,2,2,23,322,276,729,580,1.1826,26,0.0219855
025040107410003168d2a000a00000e2,2,2,24,322,276,729,580,1.1826,21,0.0177575
025040107410003168d2a000a00000e2,2,2,25,322,276,729,580,1.1826,7,0.00591918
025040107410003168d2a000a00000e2,2,2,26,322,276,729,580,1.1826,22,0.0186031
025040107410003168d2a000a00000e2,2,2,27,322,276,729,580,1.1826,23,0.0194487
025040107410003168d2a000a00000e2,2,2,28,322,276,729,580,1.1826,22,0.0186031
025040107410003168d2a000a00000e2,2,2,29,322,276,729,580,1.1826,24,0.0202943
025040107410003168d2a000a00000e2,2,2,30,322,276,729,580,1.1826,23,0.0194487
025040107410003168d2a000a00000e2,2,2,31,322,276,729,580,1.1826,28,0.0236767
025040107410003168d2a000a00000e2,2,2,32,322,276,729,580,1.1826,24,0.0202943
025040107410003168d2a000a00000e2,2,2,33,322,276,729,580,1.1826,16,0.0135295
025040107410003168d2a000a00000e2,2,2,34,322,276,729,580,1.1826,18,0.0152207
025040107410003168d2a000a00000e2,2,2,35,322,276,729,580,1.1826,22,0.0186031
025040107410003168d2a000a00000e2,2,2,36,322,276,729,580,1.1826,27,0.0228311
025040107410003168d2a000a00000e2,2,2,37,322,276,729,580,1.1826,18,0.0152207
025040107410003168d2a000a00000e2,2,2,38,322,276,729,580,1.1826,26,0.0219855
025040107410003168d2a000a00000e2,2,2,39,322,276,729,580,1.1826,25,0.0211399
025040107410003168d2a000a00000e2,2,2,40,322,276,729,580,1.1826,28,0.0236767
025040107410003168d2a000a00000e2,2,2,41,322,276,729,580,1.1826,14,0.0118384
025040107410003168d2a000a00000e2,2,2,42,322,276,729,580,1.1826,27,0.0228311
025040107410003168d2a000a00000e2,2,2,43,322,276,729,580,1.1826,22,0.0186031
025040107410003168d2a000a00000e2,2,2,44,322,276,729,580,1.1826,19,0.0160663
025040107410003168d2a000a00000e2,2,2,45,322,276,729,580,1.1826,6,0.00507358
025040107410003168d2a000a00000e2,2,2,46,322,276,729,580,1.1826,19,0.0160663
025040107410003168d2a000a00000e2,2,2,47,322,276,729,580,1.1826,3,0.00253679
025040107410003168d2a000a00000e2,2,2,48,322,276,729,580,1.1826,24,0.0202943
025040107410003168d2a000a00000e2,2,2,49,322,276,729,580,1.1826,7,0.00591918
025040107410003168d2a000a00000e2,2,2,50,322,276,729,580,1.1826,22,0.0186031
025040107410003168d2a000a00000e2,2,2,51,322,276,729,580,1.1826,8,0.00676477
025040107410003168d2a000a00000e2,2,2,52,322,276,729,580,1.1826,19,0.0160663
025040107410003168d2a000a00000e2,2,2,53,322,276,729,580,1.1826,4,0.00338239
025040107410003168d2a000a00000e2,2,2,54,322,276,729,580,1.1826,15,0.0126839
025040107410003168d2a000a00000e2,2,2,55,322,276,729,580,1.1826,7,0.00591918
025040107410003168d2a000a00000e2,2,2,56,322,276,729,580,1.1826,23,0.0194487
025040107410003168d2a000a00000e2,2,2,57,322,276,729,580,1.1826,4,0.00338239
025040107410003168d2a000a00000e2,2,2,58,322,276,729,580,1.1826,10,0.00845597
025040107410003168d2a000a00000e2,2,2,59,322,276,729,580,1.1826,4,0.00338239
025040107410003168d2a000a00000e2,2,2,60,322,276,729,580,1.1826,10,0.00845597
025040107410003168d2a000a00000e2,2,2,61,322,276,729,580,1.1826,0,0
025040107410003168d2a000a00000e2,2,2,62,322,276,729,580,1.1826,6,0.00507358
025040107410003168d2a000a00000e2,2,2,63,322,276,729,580,1.1826,0,0
025040107410003168d2a000a00000e2,2,2,0,322,276,730,581,1.59547,0,0
025040107410003168d2a000a00000e2,2,2,1,322,276,730,581,1.59547,0,0
025040107410003168d2a000a00000e2,2,2,2,322,276,730,581,1.59547,0,0
025040107410003168d2a000a00000e2,2,2,3,322,276,730,581,1.59547,3,0.00188032
025040107410003168d2a000a00000e2,2,2,4,322,276,730,581,1.59547,1,0.000626773
025040107410003168d2a000a00000e2,2,2,5,322,276,730,581,1.59547,0,0
025040107410003168d2a000a00000e2,2,2,6,322,276,730,581,1.59547,1,0.000626773
025040107410003168d2a000a00000e2,2,2,7,322,276,730,581,1.59547,0,0
025040107410003168d2a000a00000e2,2,2,8,322,276,730,581,1.59547,0,0
025040107410003168d2a000a00000e2,2,2,9,322,276,730,581,1.59547,4,0.00250709
025040107410003168d2a000a00000e2,2,2,10,322,276,730,581,1.59547,10,0.00626773
025040107410003168d2a000a00000e2,2,2,11,322,276,730,581,1.59547,9,0.00564096
025040107410003168d2a000a00000e2,2,2,12,322,276,730,581,1.59547,7,0.00438741
025040107410003168d2a000a00000e2,2,2,13,322,276,730,581,1.59547,2,0.00125355
025040107410003168d2a000a00000e2,2,2,14,322,276,730,581,1.59547,12,0.00752128
025040107410003168d2a000a00000e2,2,2,15,322,276,730,581,1.59547,1,0.000626773
025040107410003168d2a000a00000e2,2,2,16,322,276,730,581,1.59547,12,0.00752128
025040107410003168d2a000a00000e2,2,2,17,322,276,730,581,1.59547,1,0.000626773
025040107410003168d2a000a00000e2,2,2,18,322,276,730,581,1.59547,9,0.00564096
025040107410003168d2a000a00000e2,2,2,19,322,276,730,581,1.59547,1,0.000626773
025040107410003168d2a000a00000e2,2,2,20,322,276,730,581,1.59547,12,0.00752128
025040107410003168d2a000a00000e2,2,2,21,322,276,730,581,1.59547,11,0.0068945
025040107410003168d2a000a00000e2,2,2,22,322,276,730,581,1.59547,12,0.00752128
025040107410003168d2a000a00000e2,2,2,23,322,276,730,581,1.59547,12,0.00752128
025040107410003168d2a000a00000e2,2,2,24,322,276,730,581,1.59547,11,0.0068945
025040107410003168d2a000a00000e2,2,2,25,322,276,730,581,1.59547,1,0.000626773
025040107410003168d2a000a00000e2,2,2,26,322,276,730,581,1.59547,12,0.00752128
025040107410003168d2a000a00000e2,2,2,27,322,276,730,581,1.59547,12,0.00752128
025040107410003168d2a000a00000e2,2,2,28,322,276,730,581,1.59547,12,0.00752128
025040107410003168d2a000a00000e2,2,2,29,322,276,730,581,1.59547,12,0.00752128
025040107410003168d2a000a00000e2,2,2,30,322,276,730,581,1.59547,12,0.00752128
025040107410003168d2a000a00000e2,2,2,31,322,276,730,581,1.59547,13,0.00814805
025040107410003168d2a000a00000e2,2,2,32,322,276,730,581,1.59547,12,0.00752128
025040107410003168d2a000a00000e2,2,2,33,322,276,730,581,1.59547,12,0.00752128
025040107410003168d2a000a00000e2,2,2,34,322,276,730,581,1.59547,10,0.00626773
025040107410003168d2a000a00000e2,2,2,35,322,276,730,581,1.59547,12,0.00752128
025040107410003168d2a000a00000e2,2,2,36,322,276,730,581,1.59547,12,0.00752128
025040107410003168d2a000a00000e2,2,2,37,322,276,730,581,1.59547,11,0.0068945
025040107410003168d2a000a00000e2,2,2,38,322,276,730,581,1.59547,12,0.00752128
025040107410003168d2a000a00000e2,2,2,39,322,276,730,581,1.59547,12,0.00752128
025040107410003168d2a000a00000e2,2,2,40,322,276,730,581,1.59547,12,0.00752128
025040107410003168d2a000a00000e2,2,2,41,322,276,730,581,1.59547,7,0.00438741
025040107410003168d2a000a00000e2,2,2,42,322,276,730,581,1.59547,12,0.00752128
025040107410003168d2a000a00000e2,2,2,43,322,276,730,581,1.59547,12,0.00752128
025040107410003168d2a000a00000e2,2,2,44,322,276,730,581,1.59547,10,0.00626773
025040107410003168d2a000a00000e2,2,2,45,322,276,730,581,1.59547,1,0.000626773
025040107410003168d2a000a00000e2,2,2,46,322,276,730,581,1.59547,12,0.00752128
025040107410003168d2a000a00000e2,2,2,47,322,276,730,581,1.59547,0,0
025040107410003168d2a000a00000e2,2,2,48,322,276,730,581,1.59547,12,0.00752128
025040107410003168d2a000a00000e2,2,2,49,322,276,730,581,1.59547,1,0.000626773
025040107410003168d2a000a00000e2,2,2,50,322,276,730,581,1.59547,12,0.00752128
025040107410003168d2a000a00000e2,2,2,51,322,276,730,581,1.59547,1,0.000626773
025040107410003168d2a000a00000e2,2,2,52,322,276,730,581,1.59547,11,0.0068945
025040107410003168d2a000a00000e2,2,2,53,322,276,730,581,1.59547,1,0.000626773
025040107410003168d2a000a00000e2,2,2,54,322,276,730,581,1.59547,9,0.00564096
025040107410003168d2a000a00000e2,2,2,55,322,276,730,581,1.59547,1,0.000626773
025040107410003168d2a000a00000e2,2,2,56,322,276,730,581,1.59547,12,0.00752128
025040107410003168d2a000a00000e2,2,2,57,322,276,730,581,1.59547,0,0
025040107410003168d2a000a00000e2,2,2,58,322,276,730,581,1.59547,4,0.00250709
025040107410003168d2a000a00000e2,2,2,59,322,276,730,581,1.59547,0,0
025040107410003168d2a000a00000e2,2,2,60,322,276,730,581,1.59547,1,0.000626773
025040107410003168d2a000a00000e2,2,2,61,322,276,730,581,1.59547,0,0
025040107410003168d2a000a00000e2,2,2,62,322,276,730,581,1.59547,1,0.000626773
025040107410003168d2a000a00000e2,2,2,63,322,276,730,581,1.59547,0,0
025040107410003168d2a000a00000e2,2,2,0,322,276,731,581,1.16785,0,0
025040107410003168d2a000a00000e2,2,2,1,322,276,731,581,1.16785,0,0
025040107410003168d2a000a00000e2,2,2,2,322,276,731,581,1.16785,0,0
025040107410003168d2a000a00000e2,2,2,3,322,276,731,581,1.16785,0,0
025040107410003168d2a000a00000e2,2,2,4,322,276,731,581,1.16785,0,0
025040107410003168d2a000a00000e2,2,2,5,322,276,731,581,1.16785,0,0
025040107410003168d2a000a00000e2,2,2,6,322,276,731,581,1.16785,0,0
025040107410003168d2a000a00000e2,2,2,7,322,276,731,581,1.16785,0,0
025040107410003168d2a000a00000e2,2,2,8,322,276,731,581,1.16785,0,0
025040107410003168d2a000a00000e2,2,2,9,322,276,731,581,1.16785,0,0
025040107410003168d2a000a00000e2,2,2,10,322,276,731,581,1.16785,0,0
025040107410003168d2a000a00000e2,2,2,11,322,276,731,581,1.16785,0,0
025040107410003168d2a000a00000e2,2,2,12,322,276,731,581,1.16785,0,0
025040107410003168d2a000a00000e2,2,2,13,322,276,731,581,1.16785,0,0
025040107410003168d2a000a00000e2,2,2,14,322,276,731,581,1.16785,0,0
025040107410003168d2a000a00000e2,2,2,15,322,276,731,581,1.16785,0,0
025040107410003168d2a000a00000e2,2,2,16,322,276,731,581,1.16785,0,0
025040107410003168d2a000a00000e2,2,2,17,322,276,731,581,1.16785,0,0
025040107410003168d2a000a00000e2,2,2,18,322,276,731,581,1.16785,0,0
025040107410003168d2a000a00000e2,2,2,19,322,276,731,581,1.16785,0,0
025040107410003168d2a000a00000e2,2,2,20,322,276,731,581,1.16785,0,0
025040107410003168d2a000a00000e2,2,2,21,322,276,731,581,1.16785,0,0
025040107410003168d2a000a00000e2,2,2,22,322,276,731,581,1.16785,0,0
025040107410003168d2a000a00000e2,2,2,23,322,276,731,581,1.16785,0,0
025040107410003168d2a000a00000e2,2,2,24,322,276,731,581,1.16785,0,0
025040107410003168d2a000a00000e2,2,2,25,322,276,731,581,1.16785,0,0
025040107410003168d2a000a00000e2,2,2,26,322,276,731,581,1.16785,0,0
025040107410003168d2a000a00000e2,2,2,27,322,276,731,581,1.16785,0,0
025040107410003168d2a000a00000e2,2,2,28,322,276,731,581,1.16785,0,0
025040107410003168d2a000a00000e2,2,2,29,322,276,731,581,1.16785,0,0
025040107410003168d2a000a00000e2,2,2,30,322,276,731,581,1.16785,0,0
025040107410003168d2a000a00000e2,2,2,31,322,276,731,581,1.16785,0,0
025040107410003168d2a000a00000e2,2,2,32,322,276,731,581,1.16785,0,0
025040107410003168d2a000a00000e2,2,2,33,322,276,731,581,1.16785,0,0
025040107410003168d2a000a00000e2,2,2,34,322,276,731,581,1.16785,0,0
025040107410003168d2a000a00000e2,2,2,35,322,276,731,581,1.16785,0,0
025040107410003168d2a000a00000e2,2,2,36,322,276,731,581,1.16785,0,0
025040107410003168d2a000a00000e2,2,2,37,322,276,731,581,1.16785,0,0
025040107410003168d2a000a00000e2,2,2,38,322,276,731,581,1.16785,0,0
025040107410003168d2a000a00000e2,2,2,39,322,276,731,581,1.16785,0,0
025040107410003168d2a000a00000e2,2,2,40,322,276,731,581,1.16785,0,0
025040107410003168d2a000a00000e2,2,2,41,322,276,731,581,1.16785,0,0
025040107410003168d2a000a00000e2,2,2,42,322,276,731,581,1.16785,0,0
025040107410003168d2a000a00000e2,2,2,43,322,276,731,581,1.16785,0,0
025040107410003168d2a000a00000e2,2,2,44,322,276,731,581,1.16785,0,0
025040107410003168d2a000a00000e2,2,2,45,322,276,731,581,1.16785,0,0
025040107410003168d2a000a00000e2,2,2,46,322,276,731,581,1.16785,0,0
025040107410003168d2a000a00000e2,2,2,47,322,276,731,581,1.16785,0,0
025040107410003168d2a000a00000e2,2,2,48,322,276,731,581,1.16785,0,0
025040107410003168d2a000a00000e2,2,2,49,322,276,731,581,1.16785,0,0
025040107410003168d2a000a00000e2,2,2,50,322,276,731,581,1.16785,0,0
025040107410003168d2a000a00000e2,2,2,51,322,276,731,581,1.16785,0,0
025040107410003168d2a000a00000e2,2,2,52,322,276,731,581,1.16785,0,0
025040107410003168d2a000a00000e2,2,2,53,322,276,731,581,1.16785,0,0
025040107410003168d2a000a00000e2,2,2,54,322,276,731,581,1.16785,0,0
025040107410003168d2a000a00000e2,2,2,55,322,276,731,581,1.16785,0,0
025040107410003168d2a000a00000e2,2,2,56,322,276,731,581,1.16785,0,0
025040107410003168d2a000a00000e2,2,2,57,322,276,731,581,1.16785,0,0
025040107410003168d2a000a00000e2,2,2,58,322,276,731,581,1.16785,0,0
025040107410003168d2a000a00000e2,2,2,59,322,276,731,581,1.16785,0,0
025040107410003168d2a000a00000e2,2,2,60,322,276,731,581,1.16785,0,0
025040107410003168d2a000a00000e2,2,2,61,322,276,731,581,1.16785,0,0
025040107410003168d2a000a00000e2,2,2,62,322,276,731,581,1.16785,0,0
025040107410003168d2a000a00000e2,2,2,63,322,276,731,581,1.16785,0,0
025040107410003168d2a000a00000e2,2,2,0,322,276,732,582,1.69722,0,0
025040107410003168d2a000a00000e2,2,2,1,322,276,732,582,1.69722,0,0
025040107410003168d2a000a00000e2,2,2,2,322,276,732,582,1.69722,0,0
025040107410003168d2a000a00000e2,2,2,3,322,276,732,582,1.69722,2,0.0011784
025040107410003168d2a000a00000e2,2,2,4,322,276,732,582,1.69722,2,0.0011784
025040107410003168d2a000a00000e2,2,2,5,322,276,732,582,1.69722,0,0
025040107410003168d2a000a00000e2,2,2,6,322,276,732,582,1.69722,2,0.0011784
025040107410003168d2a000a00000e2,2,2,7,322,276,732,582,1.69722,0,0
025040107410003168d2a000a00000e2,2,2,8,322,276,732,582,1.69722,0,0
025040107410003168d2a000a00000e2,2,2,9,322,276,732,582,1.69722,2,0.0011784
025040107410003168d2a000a00000e2,2,2,10,322,276,732,582,1.69722,4,0.0023568
025040107410003168d2a000a00000e2,2,2,11,322,276,732,582,1.69722,3,0.0017676
025040107410003168d2a000a00000e2,2,2,12,322,276,732,582,1.69722,2,0.0011784
025040107410003168d2a000a00000e2,2,2,13,322,276,732,582,1.69722,2,0.0011784
025040107410003168d2a000a00000e2,2,2,14,322,276,732,582,1.69722,5,0.002946
025040107410003168d2a000a00000e2,2,2,15,322,276,732,582,1.69722,2,0.0011784
025040107410003168d2a000a00000e2,2,2,16,322,276,732,582,1.69722,5,0.002946
025040107410003168d2a000a00000e2,2,2,17,322,276,732,582,1.69722,2,0.0011784
025040107410003168d2a000a00000e2,2,2,18,322,276,732,582,1.69722,4,0.0023568
025040107410003168d2a000a00000e2,2,2,19,322,276,732,582,1.69722,2,0.0011784
025040107410003168d2a000a00000e2,2,2,20,322,276,732,582,1.69722,5,0.002946
025040107410003168d2a000a00000e2,2,2,21,322,276,732,582,1.69722,4,0.0023568
025040107410003168d2a000a00000e2,2,2,22,322,276,732,582,1.69722,6,0.0035352
025040107410003168d2a000a00000e2,2,2,23,322,276,732,582,1.69722,7,0.0041244
025040107410003168d2a000a00000e2,2,2,24,322,276,732,582,1.69722,5,0.002946
025040107410003168d2a000a00000e2,2,2,25,322,276,732,582,1.69722,2,0.0011784
025040107410003168d2a000a00000e2,2,2,26,322,276,732,582,1.69722,5,0.002946
025040107410003168d2a000a00000e2,2,2,27,322,276,732,582,1.69722,5,0.002946
025040107410003168d2a000a00000e2,2,2,28,322,276,732,582,1.69722,5,0.002946
025040107410003168d2a000a00000e2,2,2,29,322,276,732,582,1.69722,7,0.0041244
025040107410003168d2a000a00000e2,2,2,30,322,276,732,582,1.69722,5,0.002946
025040107410003168d2a000a00000e2,2,2,31,322,276,732,582,1.69722,8,0.00471359
025040107410003168d2a000a00000e2,2,2,32,322,276,732,582,1.69722,6,0.0035352
025040107410003168d2a000a00000e2,2,2,33,322,276,732,582,1.69722,4,0.0023568
025040107410003168d2a000a00000e2,2,2,34,322,276,732,582,1.69722,4,0.0023568
025040107410003168d2a000a00000e2,2,2,35,322,276,732,582,1.69722,5,0.002946
025040107410003168d2a000a00000e2,2,2,36,322,276,732,582,1.69722,8,0.00471359
025040107410003168d2a000a00000e2,2,2,37,322,276,732,582,1.69722,4,0.0023568
025040107410003168d2a000a00000e2,2,2,38,322,276,732,582,1.69722,8,0.00471359
025040107410003168d2a000a00000e2,2,2,39,322,276,732,582,1.69722,7,0.0041244
025040107410003168d2a000a00000e2,2,2,40,322,276,732,582,1.69722,8,0.00471359
025040107410003168d2a000a00000e2,2,2,41,322,276,732,582,1.69722,2,0.0011784
025040107410003168d2a000a00000e2,2,2,42,322,276,732,582,1.69722,8,0.00471359
025040107410003168d2a000a00000e2,2,2,43,322,276,732,582,1.69722,4,0.0023568
025040107410003168d2a000a00000e2,2,2,44,322,276,732,582,1.69722,4,0.0023568
025040107410003168d2a000a00000e2,2,2,45,322,276,732,582,1.69722,2,0.0011784
025040107410003168d2a000a00000e2,2,2,46,322,276,732,582,1.69722,4,0.0023568
025040107410003168d2a000a00000e2,2,2,47,322,276,732,582,1.69722,0,0
025040107410003168d2a000a00000e2,2,2,48,322,276,732,582,1.69722,4,0.0023568
025040107410003168d2a000a00000e2,2,2,49,322,276,732,582,1.69722,2,0.0011784
025040107410003168d2a000a00000e2,2,2,50,322,276,732,582,1.69722,4,0.0023568
025040107410003168d2a000a00000e2,2,2,51,322,276,732,582,1.69722,2,0.0011784
025040107410003168d2a000a00000e2,2,2,52,322,276,732,582,1.69722,4,0.0023568
025040107410003168d2a000a00000e2,2,2,53,322,276,732,582,1.69722,2,0.0011784
025040107410003168d2a000a00000e2,2,2,54,322,276,732,582,1.69722,3,0.0017676
025040107410003168d2a000a00000e2,2,2,55,322,276,732,582,1.69722,2,0.0011784
025040107410003168d2a000a00000e2,2,2,56,322,276,732,582,1.69722,4,0.0023568
025040107410003168d2a000a00000e2,2,2,57,322,276,732,582,1.69722,0,0
025040107410003168d2a000a00000e2,2,2,58,322,276,732,582,1.69722,2,0.0011784
025040107410003168d2a000a00000e2,2,2,59,322,276,732,582,1.69722,0,0
025040107410003168d2a000a00000e2,2,2,60,322,276,732,582,1.69722,2,0.0011784
025040107410003168d2a000a00000e2,2,2,61,322,276,732,582,1.69722,0,0
025040107410003168d2a000a00000e2,2,2,62,322,276,732,582,1.69722,2,0.0011784
025040107410003168d2a000a00000e2,2,2,63,322,276,732,582,1.69722,0,0
025040107410003168d2a000a00000e2,2,2,0,322,276,733,583,1.13983,0,0
025040107410003168d2a000a00000e2,2,2,1,322,276,733,583,1.13983,0,0
025040107410003168d2a000a00000e2,2,2,2,322,276,733,583,1.13983,0,0
025040107410003168d2a000a00000e2,2,2,3,322,276,733,583,1.13983,0,0
025040107410003168d2a000a00000e2,2,2,4,322,276,733,583,1.13983,0,0
025040107410003168d2a000a00000e2,2,2,5,322,276,733,583,1.13983,0,0
025040107410003168d2a000a00000e2,2,2,6,322,276,733,583,1.13983,0,0
025040107410003168d2a000a00000e2,2,2,7,322,276,733,583,1.13983,0,0
025040107410003168d2a000a00000e2,2,2,8,322,276,733,583,1.13983,0,0
025040107410003168d2a000a00000e2,2,2,9,322,276,733,583,1.13983,0,0
025040107410003168d2a000a00000e2,2,2,10,322,276,733,583,1.13983,0,0
025040107410003168d2a000a00000e2,2,2,11,322,276,733,583,1.13983,0,0
025040107410003168d2a000a00000e2,2,2,12,322,276,733,583,1.13983,0,0
025040107410003168d2a000a00000e2,2,2,13,322,276,733,583,1.13983,0,0
025040107410003168d2a000a00000e2,2,2,14,322,276,733,583,1.13983,0,0
025040107410003168d2a000a00000e2,2,2,15,322,276,733,583,1.13983,0,0
025040107410003168d2a000a00000e2,2,2,16,322,276,733,583,1.13983,0,0
025040107410003168d2a000a00000e2,2,2,17,322,276,733,583,1.13983,0,0
025040107410003168d2a000a00000e2,2,2,18,322,276,733,583,1.13983,0,0
025040107410003168d2a000a00000e2,2,2,19,322,276,733,583,1.13983,0,0
025040107410003168d2a000a00000e2,2,2,20,322,276,733,583,1.13983,0,0
025040107410003168d2a000a00000e2,2,2,21,322,276,733,583,1.13983,0,0
025040107410003168d2a000a00000e2,2,2,22,322,276,733,583,1.13983,0,0
025040107410003168d2a000a00000e2,2,2,23,322,276,733,583,1.13983,0,0
025040107410003168d2a000a00000e2,2,2,24,322,276,733,583,1.13983,0,0
025040107410003168d2a000a00000e2,2,2,25,322,276,733,583,1.13983,0,0
025040107410003168d2a000a00000e2,2,2,26,322,276,733,583,1.13983,0,0
025040107410003168d2a000a00000e2,2,2,27,322,276,733,583,1.13983,0,0
025040107410003168d2a000a00000e2,2,2,28,322,276,733,583,1.13983,0,0
025040107410003168d2a000a00000e2,2,2,29,322,276,733,583,1.13983,0,0
025040107410003168d2a000a00000e2,2,2,30,322,276,733,583,1.13983,0,0
025040107410003168d2a000a00000e2,2,2,31,322,276,733,583,1.13983,0,0
025040107410003168d2a000a00000e2,2,2,32,322,276,733,583,1.13983,0,0
025040107410003168d2a000a00000e2,2,2,33,322,276,733,583,1.13983,0,0
025040107410003168d2a000a00000e2,2,2,34,322,276,733,583,1.13983,0,0
025040107410003168d2a000a00000e2,2,2,35,322,276,733,583,1.13983,0,0
025040107410003168d2a000a00000e2,2,2,36,322,276,733,583,1.13983,0,0
025040107410003168d2a000a00000e2,2,2,37,322,276,733,583,1.13983,0,0
025040107410003168d2a000a00000e2,2,2,38,322,276,733,583,1.13983,0,0
025040107410003168d2a000a00000e2,2,2,39,322,276,733,583,1.13983,0,0
025040107410003168d2a000a00000e2,2,2,40,322,276,733,583,1.13983,0,0
025040107410003168d2a000a00000e2,2,2,41,322,276,733,583,1.13983,0,0
025040107410003168d2a000a00000e2,2,2,42,322,276,733,583,1.13983,0,0
025040107410003168d2a000a00000e2,2,2,43,322,276,733,583,1.13983,0,0
025040107410003168d2a000a00000e2,2,2,44,322,276,733,583,1.13983,0,0
025040107410003168d2a000a00000e2,2,2,45,322,276,733,583,1.13983,0,0
025040107410003168d2a000a00000e2,2,2,46,322,276,733,583,1.13983,0,0
025040107410003168d2a000a00000e2,2,2,47,322,276,733,583,1.13983,0,0
025040107410003168d2a000a00000e2,2,2,48,322,276,733,583,1.13983,0,0
025040107410003168d2a000a00000e2,2,2,49,322,276,733,583,1.13983,0,0
025040107410003168d2a000a00000e2,2,2,50,322,276,733,583,1.13983,0,0
025040107410003168d2a000a00000e2,2,2,51,322,276,733,583,1.13983,0,0
025040107410003168d2a000a00000e2,2,2,52,322,276,733,583,1.13983,0,0
025040107410003168d2a000a00000e2,2,2,53,322,276,733,583,1.13983,0,0
025040107410003168d2a000a00000e2,2,2,54,322,276,733,583,1.13983,0,0
025040107410003168d2a000a00000e2,2,2,55,322,276,733,583,1.13983,0,0
025040107410003168d2a000a00000e2,2,2,56,322,276,733,583,1.13983,0,0
025040107410003168d2a000a00000e2,2,2,57,322,276,733,583,1.13983,0,0
025040107410003168d2a000a00000e2,2,2,58,322,276,733,583,1.13983,0,0
025040107410003168d2a000a00000e2,2,2,59,322,276,733,583,1.13983,0,0
025040107410003168d2a000a00000e2,2,2,60,322,276,733,583,1.13983,0,0
025040107410003168d2a000a00000e2,2,2,61,322,276,733,583,1.13983,0,0
025040107410003168d2a000a00000e2,2,2,62,322,276,733,583,1.13983,0,0
025040107410003168d2a000a00000e2,2,2,63,322,276,733,583,1.13983,0,0
025040107410003168d2a000a00000e2,2,2,0,322,276,734,584,1.2578,0,0
025040107410003168d2a000a00000e2,2,2,1,322,276,734,584,1.2578,0,0
025040107410003168d2a000a00000e2,2,2,2,322,276,734,584,1.2578,0,0
025040107410003168d2a000a00000e2,2,2,3,322,276,734,584,1.2578,4,0.00318016
025040107410003168d2a000a00000e2,2,2,4,322,276,734,584,1.2578,2,0.00159008
025040107410003168d2a000a00000e2,2,2,5,322,276,734,584,1.2578,0,0
025040107410003168d2a000a00000e2,2,2,6,322,276,734,584,1.2578,2,0.00159008
025040107410003168d2a000a00000e2,2,2,7,322,276,734,584,1.2578,1,0.000795039
025040107410003168d2a000a00000e2,2,2,8,322,276,734,584,1.2578,1,0.000795039
025040107410003168d2a000a00000e2,2,2,9,322,276,734,584,1.2578,4,0.00318016
025040107410003168d2a000a00000e2,2,2,10,322,276,734,584,1.2578,7,0.00556527
025040107410003168d2a000a00000e2,2,2,11,322,276,734,584,1.2578,6,0.00477023
025040107410003168d2a000a00000e2,2,2,12,322,276,734,584,1.2578,3,0.00238512
025040107410003168d2a000a00000e2,2,2,13,322,276,734,584,1.2578,3,0.00238512
025040107410003168d2a000a00000e2,2,2,14,322,276,734,584,1.2578,9,0.00715535
025040107410003168d2a000a00000e2,2,2,15,322,276,734,584,1.2578,2,0.00159008
025040107410003168d2a000a00000e2,2,2,16,322,276,734,584,1.2578,9,0.00715535
025040107410003168d2a000a00000e2,2,2,17,322,276,734,584,1.2578,2,0.00159008
025040107410003168d2a000a00000e2,2,2,18,322,276,734,584,1.2578,7,0.00556527
025040107410003168d2a000a00000e2,2,2,19,322,276,734,584,1.2578,2,0.00159008
025040107410003168d2a000a00000e2,2,2,20,322,276,734,584,1.2578,9,0.00715535
025040107410003168d2a000a00000e2,2,2,21,322,276,734,584,1.2578,7,0.00556527
025040107410003168d2a000a00000e2,2,2,22,322,276,734,584,1.2578,9,0.00715535
025040107410003168d2a000a00000e2,2,2,23,322,276,734,584,1.2578,9,0.00715535
025040107410003168d2a000a00000e2,2,2,24,322,276,734,584,1.2578,9,0.00715535
025040107410003168d2a000a00000e2,2,2,25,322,276,734,584,1.2578,2,0.00159008
025040107410003168d2a000a00000e2,2,2,26,322,276,734,584,1.2578,9,0.00715535
025040107410003168d2a000a00000e2,2,2,27,322,276,734,584,1.2578,9,0.00715535
025040107410003168d2a000a00000e2,2,2,28,322,276,734,584,1.2578,9,0.00715535
025040107410003168d2a000a00000e2,2,2,29,322,276,734,584,1.2578,9,0.00715535
025040107410003168d2a000a00000e2,2,2,30,322,276,734,584,1.2578,9,0.00715535
025040107410003168d2a000a00000e2,2,2,31,322,276,734,584,1.2578,9,0.00715535
025040107410003168d2a000a00000e2,2,2,32,322,276,734,584,1.2578,9,0.00715535
025040107410003168d2a000a00000e2,2,2,33,322,276,734,584,1.2578,7,0.00556527
025040107410003168d2a000a00000e2,2,2,34,322,276,734,584,1.2578,8,0.00636031
025040107410003168d2a000a00000e2,2,2,35,322,276,734,584,1.2578,9,0.00715535
025040107410003168d2a000a00000e2,2,2,36,322,276,734,584,1.2578,9,0.00715535
025040107410003168d2a000a00000e2,2,2,37,322,276,734,584,1.2578,7,0.00556527
025040107410003168d2a000a00000e2,2,2,38,322,276,734,584,1.2578,9,0.00715535
025040107410003168d2a000a00000e2,2,2,39,322,276,734,584,1.2578,9,0.00715535
025040107410003168d2a000a00000e2,2,2,40,322,276,734,584,1.2578,9,0.00715535
025040107410003168d2a000a00000e2,2,2,41,322,276,734,584,1.2578,6,0.00477023
025040107410003168d2a000a00000e2,2,2,42,322,276,734,584,1.2578,9,0.00715535
025040107410003168d2a000a00000e2,2,2,43,322,276,734,584,1.2578,8,0.00636031
025040107410003168d2a000a00000e2,2,2,44,322,276,734,584,1.2578,8,0.00636031
025040107410003168d2a000a00000e2,2,2,45,322,276,734,584,1.2578,2,0.00159008
025040107410003168d2a000a00000e2,2,2,46,322,276,734,584,1.2578,9,0.00715535
025040107410003168d2a000a00000e2,2,2,47,322,276,734,584,1.2578,0,0
025040107410003168d2a000a00000e2,2,2,48,322,276,734,584,1.2578,9,0.00715535
025040107410003168d2a000a00000e2,2,2,49,322,276,734,584,1.2578,2,0.00159008
025040107410003168d2a000a00000e2,2,2,50,322,276,734,584,1.2578,9,0.00715535
025040107410003168d2a000a00000e2,2,2,51,322,276,734,584,1.2578,2,0.00159008
025040107410003168d2a000a00000e2,2,2,52,322,276,734,584,1.2578,9,0.00715535
025040107410003168d2a000a00000e2,2,2,53,322,276,734,584,1.2578,2,0.00159008
025040107410003168d2a000a00000e2,2,2,54,322,276,734,584,1.2578,6,0.00477023
025040107410003168d2a000a00000e2,2,2,55,322,276,734,584,1.2578,2,0.00159008
025040107410003168d2a000a00000e2,2,2,56,322,276,734,584,1.2578,9,0.00715535
025040107410003168d2a000a00000e2,2,2,57,322,276,734,584,1.2578,1,0.000795039
025040107410003168d2a000a00000e2,2,2,58,322,276,734,584,1.2578,4,0.00318016
025040107410003168d2a000a00000e2,2,2,59,322,276,734,584,1.2578,1,0.000795039
025040107410003168d2a000a00000e2,2,2,60,322,276,734,584,1.2578,2,0.00159008
025040107410003168d2a000a00000e2,2,2,61,322,276,734,584,1.2578,0,0
025040107410003168d2a000a00000e2,2,2,62,322,276,734,584,1.2578,2,0.00159008
025040107410003168d2a000a00000e2,2,2,63,322,276,734,584,1.2578,0,0
025040107410003168d2a000a00000e2,2,2,0,322,276,735,584,1.15016,0,0
025040107410003168d2a000a00000e2,2,2,1,322,276,735,584,1.15016,0,0
025040107410003168d2a000a00000e2,2,2,2,322,276,735,584,1.15016,0,0
025040107410003168d2a000a00000e2,2,2,3,322,276,735,584,1.15016,0,0
025040107410003168d2a000a00000e2,2,2,4,322,276,735,584,1.15016,0,0
025040107410003168d2a000a00000e2,2,2,5,322,276,735,584,1.15016,0,0
025040107410003168d2a000a00000e2,2,2,6,322,276,735,584,1.15016,0,0
025040107410003168d2a000a00000e2,2,2,7,322,276,735,584,1.15016,0,0
025040107410003168d2a000a00000e2,2,2,8,322,276,735,584,1.15016,0,0
025040107410003168d2a000a00000e2,2,2,9,322,276,735,584,1.15016,0,0
025040107410003168d2a000a00000e2,2,2,10,322,276,735,584,1.15016,0,0
025040107410003168d2a000a00000e2,2,2,11,322,276,735,584,1.15016,0,0
025040107410003168d2a000a00000e2,2,2,12,322,276,735,584,1.15016,0,0
025040107410003168d2a000a00000e2,2,2,13,322,276,735,584,1.15016,0,0
025040107410003168d2a000a00000e2,2,2,14,322,276,735,584,1.15016,0,0
025040107410003168d2a000a00000e2,2,2,15,322,276,735,584,1.15016,0,0
025040107410003168d2a000a00000e2,2,2,16,322,276,735,584,1.15016,0,0
025040107410003168d2a000a00000e2,2,2,17,322,276,735,584,1.15016,0,0
025040107410003168d2a000a00000e2,2,2,18,322,276,735,584,1.15016,0,0
025040107410003168d2a000a00000e2,2,2,19,322,276,735,584,1.15016,0,0
025040107410003168d2a000a00000e2,2,2,20,322,276,735,584,1.15016,0,0
025040107410003168d2a000a00000e2,2,2,21,322,276,735,584,1.15016,0,0
025040107410003168d2a000a00000e2,2,2,22,322,276,735,584,1.15016,0,0
025040107410003168d2a000a00000e2,2,2,23,322,276,735,584,1.15016,0,0
025040107410003168d2a000a00000e2,2,2,24,322,276,735,584,1.15016,0,0
025040107410003168d2a000a00000e2,2,2,25,322,276,735,584,1.15016,0,0
025040107410003168d2a000a00000e2,2,2,26,322,276,735,584,1.15016,0,0
025040107410003168d2a000a00000e2,2,2,27,322,276,735,584,1.15016,0,0
025040107410003168d2a000a00000e2,2,2,28,322,276,735,584,1.15016,0,0
025040107410003168d2a000a00000e2,2,2,29,322,276,735,584,1.15016,0,0
025040107410003168d2a000a00000e2,2,2,30,322,276,735,584,1.15016,0,0
025040107410003168d2a000a00000e2,2,2,31,322,276,735,584,1.15016,0,0
025040107410003168d2a000a00000e2,2,2,32,322,276,735,584,1.15016,0,0
025040107410003168d2a000a00000e2,2,2,33,322,276,735,584,1.15016,0,0
025040107410003168d2a000a00000e2,2,2,34,322,276,735,584,1.15016,0,0
025040107410003168d2a000a00000e2,2,2,35,322,276,735,584,1.15016,0,0
025040107410003168d2a000a00000e2,2,2,36,322,276,735,584,1.15016,0,0
025040107410003168d2a000a00000e2,2,2,37,322,276,735,584,1.15016,0,0
025040107410003168d2a000a00000e2,2,2,38,322,276,735,584,1.15016,0,0
025040107410003168d2a000a00000e2,2,2,39,322,276,735,584,1.15016,0,0
025040107410003168d2a000a00000e2,2,2,40,322,276,735,584,1.15016,0,0
025040107410003168d2a000a00000e2,2,2,41,322,276,735,584,1.15016,0,0
025040107410003168d2a000a00000e2,2,2,42,322,276,735,584,1.15016,0,0
025040107410003168d2a000a00000e2,2,2,43,322,276,735,584,1.15016,0,0
025040107410003168d2a000a00000e2,2,2,44,322,276,735,584,1.15016,0,0
025040107410003168d2a000a00000e2,2,2,45,322,276,735,584,1.15016,0,0
025040107410003168d2a000a00000e2,2,2,46,322,276,735,584,1.15016,0,0
025040107410003168d2a000a00000e2,2,2,47,322,276,735,584,1.15016,0,0
025040107410003168d2a000a00000e2,2,2,48,322,276,735,584,1.15016,0,0
025040107410003168d2a000a00000e2,2,2,49,322,276,735,584,1.15016,0,0
025040107410003168d2a000a00000e2,2,2,50,322,276,735,584,1.15016,0,0
025040107410003168d2a000a00000e2,2,2,51,322,276,735,584,1.15016,0,0
025040107410003168d2a000a00000e2,2,2,52,322,276,735,584,1.15016,0,0
025040107410003168d2a000a00000e2,2,2,53,322,276,735,584,1.15016,0,0
025040107410003168d2a000a00000e2,2,2,54,322,276,735,584,1.15016,0,0
025040107410003168d2a000a00000e2,2,2,55,322,276,735,584,1.15016,0,0
025040107410003168d2a000a00000e2,2,2,56,322,276,735,584,1.15016,0,0
025040107410003168d2a000a00000e2,2,2,57,322,276,735,584,1.15016,0,0
025040107410003168d2a000a00000e2,2,2,58,322,276,735,584,1.15016,0,0
025040107410003168d2a000a00000e2,2,2,59,322,276,735,584,1.15016,0,0
025040107410003168d2a000a00000e2,2,2,60,322,276,735,584,1.15016,0,0
025040107410003168d2a000a00000e2,2,2,61,322,276,735,584,1.15016,0,0
025040107410003168d2a000a00000e2,2,2,62,322,276,735,584,1.15016,0,0
025040107410003168d2a000a00000e2,2,2,63,322,276,735,584,1.15016,0,0
025040107410003168d2a000a00000e2,2,2,0,322,276,736,585,1.29614,0,0
025040107410003168d2a000a00000e2,2,2,1,322,276,736,585,1.29614,0,0
025040107410003168d2a000a00000e2,2,2,2,322,276,736,585,1.29614,0,0
025040107410003168d2a000a00000e2,2,2,3,322,276,736,585,1.29614,0,0
025040107410003168d2a000a00000e2,2,2,4,322,276,736,585,1.29614,0,0
025040107410003168d2a000a00000e2,2,2,5,322,276,736,585,1.29614,0,0
025040107410003168d2a000a00000e2,2,2,6,322,276,736,585,1.29614,0,0
025040107410003168d2a000a00000e2,2,2,7,322,276,736,585,1.29614,0,0
025040107410003168d2a000a00000e2,2,2,8,322,276,736,585,1.29614,0,0
025040107410003168d2a000a00000e2,2,2,9,322,276,736,585,1.29614,0,0
025040107410003168d2a000a00000e2,2,2,10,322,276,736,585,1.29614,0,0
025040107410003168d2a000a00000e2,2,2,11,322,276,736,585,1.29614,0,0
025040107410003168d2a000a00000e2,2,2,12,322,276,736,585,1.29614,0,0
025040107410003168d2a000a00000e2,2,2,13,322,276,736,585,1.29614,0,0
025040107410003168d2a000a00000e2,2,2,14,322,276,736,585,1.29614,0,0
025040107410003168d2a000a00000e2,2,2,15,322,276,736,585,1.29614,0,0
025040107410003168d2a000a00000e2,2,2,16,322,276,736,585,1.29614,0,0
025040107410003168d2a000a00000e2,2,2,17,322,276,736,585,1.29614,0,0
025040107410003168d2a000a00000e2,2,2,18,322,276,736,585,1.29614,0,0
025040107410003168d2a000a00000e2,2,2,19,322,276,736,585,1.29614,0,0
025040107410003168d2a000a00000e2,2,2,20,322,276,736,585,1.29614,0,0
025040107410003168d2a000a00000e2,2,2,21,322,276,736,585,1.29614,0,0
025040107410003168d2a000a00000e2,2,2,22,322,276,736,585,1.29614,0,0
025040107410003168d2a000a00000e2,2,2,23,322,276,736,585,1.29614,0,0
025040107410003168d2a000a00000e2,2,2,24,322,276,736,585,1.29614,0,0
025040107410003168d2a000a00000e2,2,2,25,322,276,736,585,1.29614,0,0
025040107410003168d2a000a00000e2,2,2,26,322,276,736,585,1.29614,0,0
025040107410003168d2a000a00000e2,2,2,27,322,276,736,585,1.29614,0,0
025040107410003168d2a000a00000e2,2,2,28,322,276,736,585,1.29614,0,0
025040107410003168d2a000a00000e2,2,2,29,322,276,736,585,1.29614,0,0
025040107410003168d2a000a00000e2,2,2,30,322,276,736,585,1.29614,0,0
025040107410003168d2a000a00000e2,2,2,31,322,276,736,585,1.29614,0,0
025040107410003168d2a000a00000e2,2,2,32,322,276,736,585,1.29614,0,0
025040107410003168d2a000a00000e2,2,2,33,322,276,736,585,1.29614,0,0
025040107410003168d2a000a00000e2,2,2,34,322,276,736,585,1.29614,0,0
025040107410003168d2a000a00000e2,2,2,35,322,276,736,585,1.29614,0,0
025040107410003168d2a000a00000e2,2,2,36,322,276,736,585,1.29614,0,0
025040107410003168d2a000a00000e2,2,2,37,322,276,736,585,1.29614,0,0
025040107410003168d2a000a00000e2,2,2,38,322,276,736,585,1.29614,0,0
025040107410003168d2a000a00000e2,2,2,39,322,276,736,585,1.29614,0,0
025040107410003168d2a000a00000e2,2,2,40,322,276,736,585,1.29614,0,0
025040107410003168d2a000a00000e2,2,2,41,322,276,736,585,1.29614,0,0
025040107410003168d2a000a00000e2,2,2,42,322,276,736,585,1.29614,0,0
025040107410003168d2a000a00000e2,2,2,43,322,276,736,585,1.29614,0,0
025040107410003168d2a000a00000e2,2,2,44,322,276,736,585,1.29614,0,0
025040107410003168d2a000a00000e2,2,2,45,322,276,736,585,1.29614,0,0
025040107410003168d2a000a00000e2,2,2,46,322,276,736,585,1.29614,0,0
025040107410003168d2a000a00000e2,2,2,47,322,276,736,585,1.29614,0,0
025040107410003168d2a000a00000e2,2,2,48,322,276,736,585,1.29614,0,0
025040107410003168d2a000a00000e2,2,2,49,322,276,736,585,1.29614,0,0
025040107410003168d2a000a00000e2,2,2,50,322,276,736,585,1.29614,0,0
025040107410003168d2a000a00000e2,2,2,51,322,276,736,585,1.29614,0,0
025040107410003168d2a000a00000e2,2,2,52,322,276,736,585,1.29614,0,0
025040107410003168d2a000a00000e2,2,2,53,322,276,736,585,1.29614,0,0
025040107410003168d2a000a00000e2,2,2,54,322,276,736,585,1.29614,0,0
025040107410003168d2a000a00000e2,2,2,55,322,276,736,585,1.29614,0,0
025040107410003168d2a000a00000e2,2,2,56,322,276,736,585,1.29614,0,0
025040107410003168d2a000a00000e2,2,2,57,322,276,736,585,1.29614,0,0
025040107410003168d2a000a00000e2,2,2,58,322,276,736,585,1.29614,0,0
025040107410003168d2a000a00000e2,2,2,59,322,276,736,585,1.29614,0,0
025040107410003168d2a000a00000e2,2,2,60,322,276,736,585,1.29614,0,0
025040107410003168d2a000a00000e2,2,2,61,322,276,736,585,1.29614,0,0
025040107410003168d2a000a00000e2,2,2,62,322,276,736,585,1.29614,0,0
025040107410003168d2a000a00000e2,2,2,63,322,276,736,585,1.29614,0,0
025040107410003168d2a000a00000e2,2,2,0,322,276,737,586,1.64119,0,0
025040107410003168d2a000a00000e2,2,2,1,322,276,737,586,1.64119,0,0
025040107410003168d2a000a00000e2,2,2,2,322,276,737,586,1.64119,0,0
025040107410003168d2a000a00000e2,2,2,3,322,276,737,586,1.64119,2,0.00121863
025040107410003168d2a000a00000e2,2,2,4,322,276,737,586,1.64119,0,0
025040107410003168d2a000a00000e2,2,2,5,322,276,737,586,1.64119,0,0
025040107410003168d2a000a00000e2,2,2,6,322,276,737,586,1.64119,0,0
025040107410003168d2a000a00000e2,2,2,7,322,276,737,586,1.64119,0,0
025040107410003168d2a000a00000e2,2,2,8,322,276,737,586,1.64119,0,0
025040107410003168d2a000a00000e2,2,2,9,322,276,737,586,1.64119,2,0.00121863
025040107410003168d2a000a00000e2,2,2,10,322,276,737,586,1.64119,5,0.00304658
025040107410003168d2a000a00000e2,2,2,11,322,276,737,586,1.64119,3,0.00182795
025040107410003168d2a000a00000e2,2,2,12,322,276,737,586,1.64119,2,0.00121863
025040107410003168d2a000a00000e2,2,2,13,322,276,737,586,1.64119,2,0.00121863
025040107410003168d2a000a00000e2,2,2,14,322,276,737,586,1.64119,10,0.00609316
025040107410003168d2a000a00000e2,2,2,15,322,276,737,586,1.64119,0,0
025040107410003168d2a000a00000e2,2,2,16,322,276,737,586,1.64119,8,0.00487453
025040107410003168d2a000a00000e2,2,2,17,322,276,737,586,1.64119,3,0.00182795
025040107410003168d2a000a00000e2,2,2,18,322,276,737,586,1.64119,4,0.00243726
025040107410003168d2a000a00000e2,2,2,19,322,276,737,586,1.64119,2,0.00121863
025040107410003168d2a000a00000e2,2,2,20,322,276,737,586,1.64119,9,0.00548384
025040107410003168d2a000a00000e2,2,2,21,322,276,737,586,1.64119,7,0.00426521
025040107410003168d2a000a00000e2,2,2,22,322,276,737,586,1.64119,9,0.00548384
025040107410003168d2a000a00000e2,2,2,23,322,276,737,586,1.64119,11,0.00670247
025040107410003168d2a000a00000e2,2,2,24,322,276,737,586,1.64119,8,0.00487453
025040107410003168d2a000a00000e2,2,2,25,322,276,737,586,1.64119,1,0.000609316
025040107410003168d2a000a00000e2,2,2,26,322,276,737,586,1.64119,9,0.00548384
025040107410003168d2a000a00000e2,2,2,27,322,276,737,586,1.64119,9,0.00548384
025040107410003168d2a000a00000e2,2,2,28,322,276,737,586,1.64119,9,0.00548384
025040107410003168d2a000a00000e2,2,2,29,322,276,737,586,1.64119,9,0.00548384
025040107410003168d2a000a00000e2,2,2,30,322,276,737,586,1.64119,9,0.00548384
025040107410003168d2a000a00000e2,2,2,31,322,276,737,586,1.64119,12,0.00731179
025040107410003168d2a000a00000e2,2,2,32,322,276,737,586,1.64119,11,0.00670247
025040107410003168d2a000a00000e2,2,2,33,322,276,737,586,1.64119,6,0.00365589
025040107410003168d2a000a00000e2,2,2,34,322,276,737,586,1.64119,7,0.00426521
025040107410003168d2a000a00000e2,2,2,35,322,276,737,586,1.64119,9,0.00548384
025040107410003168d2a000a00000e2,2,2,36,322,276,737,586,1.64119,11,0.00670247
025040107410003168d2a000a00000e2,2,2,37,322,276,737,586,1.64119,7,0.00426521
025040107410003168d2a000a00000e2,2,2,38,322,276,737,586,1.64119,11,0.00670247
025040107410003168d2a000a00000e2,2,2,39,322,276,737,586,1.64119,11,0.00670247
025040107410003168d2a000a00000e2,2,2,40,322,276,737,586,1.64119,12,0.00731179
025040107410003168d2a000a00000e2,2,2,41,322,276,737,586,1.64119,4,0.00243726
025040107410003168d2a000a00000e2,2,2,42,322,276,737,586,1.64119,12,0.00731179
025040107410003168d2a000a00000e2,2,2,43,322,276,737,586,1.64119,8,0.00487453
025040107410003168d2a000a00000e2,2,2,44,322,276,737,586,1.64119,8,0.00487453
025040107410003168d2a000a00000e2,2,2,45,322,276,737,586,1.64119,1,0.000609316
025040107410003168d2a000a00000e2,2,2,46,322,276,737,586,1.64119,8,0.00487453
025040107410003168d2a000a00000e2,2,2,47,322,276,737,586,1.64119,0,0
025040107410003168d2a000a00000e2,2,2,48,322,276,737,586,1.64119,9,0.00548384
025040107410003168d2a000a00000e2,2,2,49,322,276,737,586,1.64119,1,0.000609316
025040107410003168d2a000a00000e2,2,2,50,322,276,737,586,1.64119,9,0.00548384
025040107410003168d2a000a00000e2,2,2,51,322,276,737,586,1.64119,2,0.00121863
025040107410003168d2a000a00000e2,2,2,52,322,276,737,586,1.64119,8,0.00487453
025040107410003168d2a000a00000e2,2,2,53,322,276,737,586,1.64119,0,0
025040107410003168d2a000a00000e2,2,2,54,322,276,737,586,1.64119,4,0.00243726
025040107410003168d2a000a00000e2,2,2,55,322,276,737,586,1.64119,1,0.000609316
025040107410003168d2a000a00000e2,2,2,56,322,276,737,586,1.64119,9,0.00548384
025040107410003168d2a000a00000e2,2,2,57,322,276,737,586,1.64119,0,0
025040107410003168d2a000a00000e2,2,2,58,322,276,737,586,1.64119,3,0.00182795
025040107410003168d2a000a00000e2,2,2,59,322,276,737,586,1.64119,0,0
025040107410003168d2a000a00000e2,2,2,60,322,276,737,586,1.64119,1,0.000609316
025040107410003168d2a000a00000e2,2,2,61,322,276,737,586,1.64119,0,0
025040107410003168d2a000a00000e2,2,2,62,322,276,737,586,1.64119,1,0.000609316
025040107410003168d2a000a00000e2,2,2,63,322,276,737,586,1.64119,0,0
025040107410003168d2a000a00000e2,2,2,0,322,276,738,587,1.25485,0,0
025040107410003168d2a000a00000e2,2,2,1,322,276,738,587,1.25485,0,0
025040107410003168d2a000a00000e2,2,2,2,322,276,738,587,1.25485,0,0
025040107410003168d2a000a00000e2,2,2,3,322,276,738,587,1.25485,0,0
025040107410003168d2a000a00000e2,2,2,4,322,276,738,587,1.25485,0,0
025040107410003168d2a000a00000e2,2,2,5,322,276,738,587,1.25485,0,0
025040107410003168d2a000a00000e2,2,2,6,322,276,738,587,1.25485,0,0
025040107410003168d2a000a00000e2,2,2,7,322,276,738,587,1.25485,0,0
025040107410003168d2a000a00000e2,2,2,8,322,276,738,587,1.25485,0,0
025040107410003168d2a000a00000e2,2,2,9,322,276,738,587,1.25485,0,0
025040107410003168d2a000a00000e2,2,2,10,322,276,738,587,1.25485,0,0
025040107410003168d2a000a00000e2,2,2,11,322,276,738,587,1.25485,0,0
025040107410003168d2a000a00000e2,2,2,12,322,276,738,587,1.25485,0,0
025040107410003168d2a000a00000e2,2,2,13,322,276,738,587,1.25485,0,0
025040107410003168d2a000a00000e2,2,2,14,322,276,738,587,1.25485,0,0
025040107410003168d2a000a00000e2,2,2,15,322,276,738,587,1.25485,0,0
025040107410003168d2a000a00000e2,2,2,16,322,276,738,587,1.25485,0,0
025040107410003168d2a000a00000e2,2,2,17,322,276,738,587,1.25485,0,0
025040107410003168d2a000a00000e2,2,2,18,322,276,738,587,1.25485,0,0
025040107410003168d2a000a00000e2,2,2,19,322,276,738,587,1.25485,0,0
025040107410003168d2a000a00000e2,2,2,20,322,276,738,587,1.25485,0,0
025040107410003168d2a000a00000e2,2,2,21,322,276,738,587,1.25485,0,0
025040107410003168d2a000a00000e2,2,2,22,322,276,738,587,1.25485,0,0
025040107410003168d2a000a00000e2,2,2,23,322,276,738,587,1.25485,0,0
025040107410003168d2a000a00000e2,2,2,24,322,276,738,587,1.25485,0,0
025040107410003168d2a000a00000e2,2,2,25,322,276,738,587,1.25485,0,0
025040107410003168d2a000a00000e2,2,2,26,322,276,738,587,1.25485,0,0
025040107410003168d2a000a00000e2,2,2,27,322,276,738,587,1.25485,0,0
025040107410003168d2a000a00000e2,2,2,28,322,276,738,587,1.25485,0,0
025040107410003168d2a000a00000e2,2,2,29,322,276,738,587,1.25485,0,0
025040107410003168d2a000a00000e2,2,2,30,322,276,738,587,1.25485,0,0
025040107410003168d2a000a00000e2,2,2,31,322,276,738,587,1.25485,0,0
025040107410003168d2a000a00000e2,2,2,32,322,276,738,587,1.25485,0,0
025040107410003168d2a000a00000e2,2,2,33,322,276,738,587,1.25485,0,0
025040107410003168d2a000a00000e2,2,2,34,322,276,738,587,1.25485,0,0
025040107410003168d2a000a00000e2,2,2,35,322,276,738,587,1.25485,0,0
025040107410003168d2a000a00000e2,2,2,36,322,276,738,587,1.25485,0,0
025040107410003168d2a000a00000e2,2,2,37,322,276,738,587,1.25485,0,0
025040107410003168d2a000a00000e2,2,2,38,322,276,738,587,1.25485,0,0
025040107410003168d2a000a00000e2,2,2,39,322,276,738,587,1.25485,0,0
025040107410003168d2a000a00000e2,2,2,40,322,276,738,587,1.25485,0,0
025040107410003168d2a000a00000e2,2,2,41,322,276,738,587,1.25485,0,0
025040107410003168d2a000a00000e2,2,2,42,322,276,738,587,1.25485,0,0
025040107410003168d2a000a00000e2,2,2,43,322,276,738,587,1.25485,0,0
025040107410003168d2a000a00000e2,2,2,44,322,276,738,587,1.25485,0,0
025040107410003168d2a000a00000e2,2,2,45,322,276,738,587,1.25485,0,0
025040107410003168d2a000a00000e2,2,2,46,322,276,738,587,1.25485,0,0
025040107410003168d2a000a00000e2,2,2,47,322,276,738,587,1.25485,0,0
025040107410003168d2a000a00000e2,2,2,48,322,276,738,587,1.25485,0,0
025040107410003168d2a000a00000e2,2,2,49,322,276,738,587,1.25485,0,0
025040107410003168d2a000a00000e2,2,2,50,322,276,738,587,1.25485,0,0
025040107410003168d2a000a00000e2,2,2,51,322,276,738,587,1.25485,0,0
025040107410003168d2a000a00000e2,2,2,52,322,276,738,587,1.25485,0,0
025040107410003168d2a000a00000e2,2,2,53,322,276,738,587,1.25485,0,0
025040107410003168d2a000a00000e2,2,2,54,322,276,738,587,1.25485,0,0
025040107410003168d2a000a00000e2,2,2,55,322,276,738,587,1.25485,0,0
025040107410003168d2a000a00000e2,2,2,56,322,276,738,587,1.25485,0,0
025040107410003168d2a000a00000e2,2,2,57,322,276,738,587,1.25485,0,0
025040107410003168d2a000a00000e2,2,2,58,322,276,738,587,1.25485,0,0
025040107410003168d2a000a00000e2,2,2,59,322,276,738,587,1.25485,0,0
025040107410003168d2a000a00000e2,2,2,60,322,276,738,587,1.25485,0,0
025040107410003168d2a000a00000e2,2,2,61,322,276,738,587,1.25485,0,0
025040107410003168d2a000a00000e2,2,2,62,322,276,738,587,1.25485,0,0
025040107410003168d2a000a00000e2,2,2,63,322,276,738,587,1.25485,0,0
025040107410003168d2a000a00000e2,2,2,0,322,276,739,588,1.27402,0,0
025040107410003168d2a000a00000e2,2,2,1,322,276,739,588,1.27402,0,0
025040107410003168d2a000a00000e2,2,2,2,322,276,739,588,1.27402,0,0
025040107410003168d2a000a00000e2,2,2,3,322,276,739,588,1.27402,0,0
025040107410003168d2a000a00000e2,2,2,4,322,276,739,588,1.27402,0,0
025040107410003168d2a000a00000e2,2,2,5,322,276,739,588,1.27402,0,0
025040107410003168d2a000a00000e2,2,2,6,322,276,739,588,1.27402,0,0
025040107410003168d2a000a00000e2,2,2,7,322,276,739,588,1.27402,0,0
025040107410003168d2a000a00000e2,2,2,8,322,276,739,588,1.27402,0,0
025040107410003168d2a000a00000e2,2,2,9,322,276,739,588,1.27402,0,0
025040107410003168d2a000a00000e2,2,2,10,322,276,739,588,1.27402,0,0
025040107410003168d2a000a00000e2,2,2,11,322,276,739,588,1.27402,0,0
025040107410003168d2a000a00000e2,2,2,12,322,276,739,588,1.27402,0,0
025040107410003168d2a000a00000e2,2,2,13,322,276,739,588,1.27402,0,0
025040107410003168d2a000a00000e2,2,2,14,322,276,739,588,1.27402,0,0
025040107410003168d2a000a00000e2,2,2,15,322,276,739,588,1.27402,0,0
025040107410003168d2a000a00000e2,2,2,16,322,276,739,588,1.27402,0,0
025040107410003168d2a000a00000e2,2,2,17,322,276,739,588,1.27402,0,0
025040107410003168d2a000a00000e2,2,2,18,322,276,739,588,1.27402,0,0
025040107410003168d2a000a00000e2,2,2,19,322,276,739,588,1.27402,0,0
025040107410003168d2a000a00000e2,2,2,20,322,276,739,588,1.27402,0,0
025040107410003168d2a000a00000e2,2,2,21,322,276,739,588,1.27402,0,0
025040107410003168d2a000a00000e2,2,2,22,322,276,739,588,1.27402,0,0
025040107410003168d2a000a00000e2,2,2,23,322,276,739,588,1.27402,0,0
025040107410003168d2a000a00000e2,2,2,24,322,276,739,588,1.27402,0,0
025040107410003168d2a000a00000e2,2,2,25,322,276,739,588,1.27402,0,0
025040107410003168d2a000a00000e2,2,2,26,322,276,739,588,1.27402,0,0
025040107410003168d2a000a00000e2,2,2,27,322,276,739,588,1.27402,0,0
025040107410003168d2a000a00000e2,2,2,28,322,276,739,588,1.27402,0,0
025040107410003168d2a000a00000e2,2,2,29,322,276,739,588,1.27402,0,0
025040107410003168d2a000a00000e2,2,2,30,322,276,739,588,1.27402,0,0
025040107410003168d2a000a00000e2,2,2,31,322,276,739,588,1.27402,0,0
025040107410003168d2a000a00000e2,2,2,32,322,276,739,588,1.27402,0,0
025040107410003168d2a000a00000e2,2,2,33,322,276,739,588,1.27402,0,0
025040107410003168d2a000a00000e2,2,2,34,322,276,739,588,1.27402,0,0
025040107410003168d2a000a00000e2,2,2,35,322,276,739,588,1.27402,0,0
025040107410003168d2a000a00000e2,2,2,36,322,276,739,588,1.27402,0,0
025040107410003168d2a000a00000e2,2,2,37,322,276,739,588,1.27402,0,0
025040107410003168d2a000a00000e2,2,2,38,322,276,739,588,1.27402,0,0
025040107410003168d2a000a00000e2,2,2,39,322,276,739,588,1.27402,0,0
025040107410003168d2a000a00000e2,2,2,40,322,276,739,588,1.27402,0,0
025040107410003168d2a000a00000e2,2,2,41,322,276,739,588,1.27402,0,0
025040107410003168d2a000a00000e2,2,2,42,322,276,739,588,1.27402,0,0
025040107410003168d2a000a00000e2,2,2,43,322,276,739,588,1.27402,0,0
025040107410003168d2a000a00000e2,2,2,44,322,276,739,588,1.27402,0,0
025040107410003168d2a000a00000e2,2,2,45,322,276,739,588,1.27402,0,0
025040107410003168d2a000a00000e2,2,2,46,322,276,739,588,1.27402,0,0
025040107410003168d2a000a00000e2,2,2,47,322,276,739,588,1.27402,0,0
025040107410003168d2a000a00000e2,2,2,48,322,276,739,588,1.27402,0,0
025040107410003168d2a000a00000e2,2,2,49,322,276,739,588,1.27402,0,0
025040107410003168d2a000a00000e2,2,2,50,322,276,739,588,1.27402,0,0
025040107410003168d2a000a00000e2,2,2,51,322,276,739,588,1.27402,0,0
025040107410003168d2a000a00000e2,2,2,52,322,276,739,588,1.27402,0,0
025040107410003168d2a000a00000e2,2,2,53,322,276,739,588,1.27402,0,0
025040107410003168d2a000a00000e2,2,2,54,322,276,739,588,1.27402,0,0
025040107410003168d2a000a00000e2,2,2,55,322,276,739,588,1.27402,0,0
025040107410003168d2a000a00000e2,2,2,56,322,276,739,588,1.27402,0,0
025040107410003168d2a000a00000e2,2,2,57,322,276,739,588,1.27402,0,0
025040107410003168d2a000a00000e2,2,2,58,322,276,739,588,1.27402,0,0
025040107410003168d2a000a00000e2,2,2,59,322,276,739,588,1.27402,0,0
025040107410003168d2a000a00000e2,2,2,60,322,276,739,588,1.27402,0,0
025040107410003168d2a000a00000e2,2,2,61,322,276,739,588,1.27402,0,0
025040107410003168d2a000a00000e2,2,2,62,322,276,739,588,1.27402,0,0
025040107410003168d2a000a00000e2,2,2,63,322,276,739,588,1.27402,0,0
025040107410003168d2a000a00000e2,2,2,0,322,276,740,589,1.30499,0,0
025040107410003168d2a000a00000e2,2,2,1,322,276,740,589,1.30499,0,0
025040107410003168d2a000a00000e2,2,2,2,322,276,740,589,1.30499,0,0
025040107410003168d2a000a00000e2,2,2,3,322,276,740,589,1.30499,3,0.00229888
025040107410003168d2a000a00000e2,2,2,4,322,276,740,589,1.30499,1,0.000766292
025040107410003168d2a000a00000e2,2,2,5,322,276,740,589,1.30499,0,0
025040107410003168d2a000a00000e2,2,2,6,322,276,740,589,1.30499,2,0.00153258
025040107410003168d2a000a00000e2,2,2,7,322,276,740,589,1.30499,0,0
025040107410003168d2a000a00000e2,2,2,8,322,276,740,589,1.30499,0,0
025040107410003168d2a000a00000e2,2,2,9,322,276,740,589,1.30499,3,0.00229888
025040107410003168d2a000a00000e2,2,2,10,322,276,740,589,1.30499,4,0.00306517
025040107410003168d2a000a00000e2,2,2,11,322,276,740,589,1.30499,4,0.00306517
025040107410003168d2a000a00000e2,2,2,12,322,276,740,589,1.30499,3,0.00229888
025040107410003168d2a000a00000e2,2,2,13,322,276,740,589,1.30499,2,0.00153258
025040107410003168d2a000a00000e2,2,2,14,322,276,740,589,1.30499,10,0.00766292
025040107410003168d2a000a00000e2,2,2,15,322,276,740,589,1.30499,2,0.00153258
025040107410003168d2a000a00000e2,2,2,16,322,276,740,589,1.30499,6,0.00459775
025040107410003168d2a000a00000e2,2,2,17,322,276,740,589,1.30499,2,0.00153258
025040107410003168d2a000a00000e2,2,2,18,322,276,740,589,1.30499,4,0.00306517
025040107410003168d2a000a00000e2,2,2,19,322,276,740,589,1.30499,3,0.00229888
025040107410003168d2a000a00000e2,2,2,20,322,276,740,589,1.30499,8,0.00613034
025040107410003168d2a000a00000e2,2,2,21,322,276,740,589,1.30499,4,0.00306517
025040107410003168d2a000a00000e2,2,2,22,322,276,740,589,1.30499,8,0.00613034
025040107410003168d2a000a00000e2,2,2,23,322,276,740,589,1.30499,10,0.00766292
025040107410003168d2a000a00000e2,2,2,24,322,276,740,589,1.30499,6,0.00459775
025040107410003168d2a000a00000e2,2,2,25,322,276,740,589,1.30499,1,0.000766292
025040107410003168d2a000a00000e2,2,2,26,322,276,740,589,1.30499,7,0.00536404
025040107410003168d2a000a00000e2,2,2,27,322,276,740,589,1.30499,6,0.00459775
025040107410003168d2a000a00000e2,2,2,28,322,276,740,589,1.30499,9,0.00689663
025040107410003168d2a000a00000e2,2,2,29,322,276,740,589,1.30499,7,0.00536404
025040107410003168d2a000a00000e2,2,2,30,322,276,740,589,1.30499,9,0.00689663
025040107410003168d2a000a00000e2,2,2,31,322,276,740,589,1.30499,12,0.0091955
025040107410003168d2a000a00000e2,2,2,32,322,276,740,589,1.30499,10,0.00766292
025040107410003168d2a000a00000e2,2,2,33,322,276,740,589,1.30499,4,0.00306517
025040107410003168d2a000a00000e2,2,2,34,322,276,740,589,1.30499,4,0.00306517
025040107410003168d2a000a00000e2,2,2,35,322,276,740,589,1.30499,6,0.00459775
025040107410003168d2a000a00000e2,2,2,36,322,276,740,589,1.30499,11,0.00842921
025040107410003168d2a000a00000e2,2,2,37,322,276,740,589,1.30499,5,0.00383146
025040107410003168d2a000a00000e2,2,2,38,322,276,740,589,1.30499,11,0.00842921
025040107410003168d2a000a00000e2,2,2,39,322,276,740,589,1.30499,10,0.00766292
025040107410003168d2a000a00000e2,2,2,40,322,276,740,589,1.30499,13,0.0099618
025040107410003168d2a000a00000e2,2,2,41,322,276,740,589,1.30499,3,0.00229888
025040107410003168d2a000a00000e2,2,2,42,322,276,740,589,1.30499,11,0.00842921
025040107410003168d2a000a00000e2,2,2,43,322,276,740,589,1.30499,5,0.00383146
025040107410003168d2a000a00000e2,2,2,44,322,276,740,589,1.30499,5,0.00383146
025040107410003168d2a000a00000e2,2,2,45,322,276,740,589,1.30499,1,0.000766292
025040107410003168d2a000a00000e2,2,2,46,322,276,740,589,1.30499,5,0.00383146
025040107410003168d2a000a00000e2,2,2,47,322,276,740,589,1.30499,0,0
025040107410003168d2a000a00000e2,2,2,48,322,276,740,589,1.30499,9,0.00689663
025040107410003168d2a000a00000e2,2,2,49,322,276,740,589,1.30499,1,0.000766292
025040107410003168d2a000a00000e2,2,2,50,322,276,740,589,1.30499,8,0.00613034
025040107410003168d2a000a00000e2,2,2,51,322,276,740,589,1.30499,1,0.000766292
025040107410003168d2a000a00000e2,2,2,52,322,276,740,589,1.30499,6,0.00459775
025040107410003168d2a000a00000e2,2,2,53,322,276,740,589,1.30499,0,0
025040107410003168d2a000a00000e2,2,2,54,322,276,740,589,1.30499,4,0.00306517
025040107410003168d2a000a00000e2,2,2,55,322,276,740,589,1.30499,1,0.000766292
025040107410003168d2a000a00000e2,2,2,56,322,276,740,589,1.30499,8,0.00613034
025040107410003168d2a000a00000e2,2,2,57,322,276,740,589,1.30499,0,0
025040107410003168d2a000a00000e2,2,2,58,322,276,740,589,1.30499,3,0.00229888
025040107410003168d2a000a00000e2,2,2,59,322,276,740,589,1.30499,0,0
025040107410003168d2a000a00000e2,2,2,60,322,276,740,589,1.30499,2,0.00153258
025040107410003168d2a000a00000e2,2,2,61,322,276,740,589,1.30499,0,0
025040107410003168d2a000a00000e2,2,2,62,322,276,740,589,1.30499,1,0.000766292
025040107410003168d2a000a00000e2,2,2,63,322,276,740,589,1.30499,0,0
025040107410003168d2a000a00000e2,2,2,0,322,276,741,589,1.33595,0,0
025040107410003168d2a000a00000e2,2,2,1,322,276,741,589,1.33595,0,0
025040107410003168d2a000a00000e2,2,2,2,322,276,741,589,1.33595,0,0
025040107410003168d2a000a00000e2,2,2,3,322,276,741,589,1.33595,0,0
025040107410003168d2a000a00000e2,2,2,4,322,276,741,589,1.33595,0,0
025040107410003168d2a000a00000e2,2,2,5,322,276,741,589,1.33595,0,0
025040107410003168d2a000a00000e2,2,2,6,322,276,741,589,1.33595,0,0
025040107410003168d2a000a00000e2,2,2,7,322,276,741,589,1.33595,0,0
025040107410003168d2a000a00000e2,2,2,8,322,276,741,589,1.33595,0,0
025040107410003168d2a000a00000e2,2,2,9,322,276,741,589,1.33595,0,0
025040107410003168d2a000a00000e2,2,2,10,322,276,741,589,1.33595,0,0
025040107410003168d2a000a00000e2,2,2,11,322,276,741,589,1.33595,0,0
025040107410003168d2a000a00000e2,2,2,12,322,276,741,589,1.33595,0,0
025040107410003168d2a000a00000e2,2,2,13,322,276,741,589,1.33595,0,0
025040107410003168d2a000a00000e2,2,2,14,322,276,741,589,1.33595,0,0
025040107410003168d2a000a00000e2,2,2,15,322,276,741,589,1.33595,0,0
025040107410003168d2a000a00000e2,2,2,16,322,276,741,589,1.33595,0,0
025040107410003168d2a000a00000e2,2,2,17,322,276,741,589,1.33595,0,0
025040107410003168d2a000a00000e2,2,2,18,322,276,741,589,1.33595,0,0
025040107410003168d2a000a00000e2,2,2,19,322,276,741,589,1.33595,0,0
025040107410003168d2a000a00000e2,2,2,20,322,276,741,589,1.33595,0,0
025040107410003168d2a000a00000e2,2,2,21,322,276,741,589,1.33595,0,0
025040107410003168d2a000a00000e2,2,2,22,322,276,741,589,1.33595,0,0
025040107410003168d2a000a00000e2,2,2,23,322,276,741,589,1.33595,0,0
025040107410003168d2a000a00000e2,2,2,24,322,276,741,589,1.33595,0,0
025040107410003168d2a000a00000e2,2,2,25,322,276,741,589,1.33595,0,0
025040107410003168d2a000a00000e2,2,2,26,322,276,741,589,1.33595,0,0
025040107410003168d2a000a00000e2,2,2,27,322,276,741,589,1.33595,0,0
025040107410003168d2a000a00000e2,2,2,28,322,276,741,589,1.33595,0,0
025040107410003168d2a000a00000e2,2,2,29,322,276,741,589,1.33595,0,0
025040107410003168d2a000a00000e2,2,2,30,322,276,741,589,1.33595,0,0
025040107410003168d2a000a00000e2,2,2,31,322,276,741,589,1.33595,0,0
025040107410003168d2a000a00000e2,2,2,32,322,276,741,589,1.33595,0,0
025040107410003168d2a000a00000e2,2,2,33,322,276,741,589,1.33595,0,0
025040107410003168d2a000a00000e2,2,2,34,322,276,741,589,1.33595,0,0
025040107410003168d2a000a00000e2,2,2,35,322,276,741,589,1.33595,0,0
025040107410003168d2a000a00000e2,2,2,36,322,276,741,589,1.33595,0,0
025040107410003168d2a000a00000e2,2,2,37,322,276,741,589,1.33595,0,0
025040107410003168d2a000a00000e2,2,2,38,322,276,741,589,1.33595,0,0
025040107410003168d2a000a00000e2,2,2,39,322,276,741,589,1.33595,0,0
025040107410003168d2a000a00000e2,2,2,40,322,276,741,589,1.33595,0,0
025040107410003168d2a000a00000e2,2,2,41,322,276,741,589,1.33595,0,0
025040107410003168d2a000a00000e2,2,2,42,322,276,741,589,1.33595,0,0
025040107410003168d2a000a00000e2,2,2,43,322,276,741,589,1.33595,0,0
025040107410003168d2a000a00000e2,2,2,44,322,276,741,589,1.33595,0,0
025040107410003168d2a000a00000e2,2,2,45,322,276,741,589,1.33595,0,0
025040107410003168d2a000a00000e2,2,2,46,322,276,741,589,1.33595,0,0
025040107410003168d2a000a00000e2,2,2,47,322,276,741,589,1.33595,0,0
025040107410003168d2a000a00000e2,2,2,48,322,276,741,589,1.33595,0,0
025040107410003168d2a000a00000e2,2,2,49,322,276,741,589,1.33595,0,0
025040107410003168d2a000a00000e2,2,2,50,322,276,741,589,1.33595,0,0
025040107410003168d2a000a00000e2,2,2,51,322,276,741,589,1.33595,0,0
025040107410003168d2a000a00000e2,2,2,52,322,276,741,589,1.33595,0,0
025040107410003168d2a000a00000e2,2,2,53,322,276,741,589,1.33595,0,0
025040107410003168d2a000a00000e2,2,2,54,322,276,741,589,1.33595,0,0
025040107410003168d2a000a00000e2,2,2,55,322,276,741,589,1.33595,0,0
025040107410003168d2a000a00000e2,2,2,56,322,276,741,589,1.33595,0,0
025040107410003168d2a000a00000e2,2,2,57,322,276,741,589,1.33595,0,0
025040107410003168d2a000a00000e2,2,2,58,322,276,741,589,1.33595,0,0
025040107410003168d2a000a00000e2,2,2,59,322,276,741,589,1.33595,0,0
025040107410003168d2a000a00000e2,2,2,60,322,276,741,589,1.33595,0,0
025040107410003168d2a000a00000e2,2,2,61,322,276,741,589,1.33595,0,0
025040107410003168d2a000a00000e2,2,2,62,322,276,741,589,1.33595,0,0
025040107410003168d2a000a00000e2,2,2,63,322,276,741,589,1.33595,0,0
025040107410003168d2a000a00000e2,2,2,0,322,276,742,590,1.29909,0,0
025040107410003168d2a000a00000e2,2,2,1,322,276,742,590,1.29909,0,0
025040107410003168d2a000a00000e2,2,2,2,322,276,742,590,1.29909,0,0
025040107410003168d2a000a00000e2,2,2,3,322,276,742,590,1.29909,0,0
025040107410003168d2a000a00000e2,2,2,4,322,276,742,590,1.29909,0,0
025040107410003168d2a000a00000e2,2,2,5,322,276,742,590,1.29909,0,0
025040107410003168d2a000a00000e2,2,2,6,322,276,742,590,1.29909,0,0
025040107410003168d2a000a00000e2,2,2,7,322,276,742,590,1.29909,0,0
025040107410003168d2a000a00000e2,2,2,8,322,276,742,590,1.29909,0,0
025040107410003168d2a000a00000e2,2,2,9,322,276,742,590,1.29909,0,0
025040107410003168d2a000a00000e2,2,2,10,322,276,742,590,1.29909,0,0
025040107410003168d2a000a00000e2,2,2,11,322,276,742,590,1.29909,0,0
025040107410003168d2a000a00000e2,2,2,12,322,276,742,590,1.29909,0,0
025040107410003168d2a000a00000e2,2,2,13,322,276,742,590,1.29909,0,0
025040107410003168d2a000a00000e2,2,2,14,322,276,742,590,1.29909,0,0
025040107410003168d2a000a00000e2,2,2,15,322,276,742,590,1.29909,0,0
025040107410003168d2a000a00000e2,2,2,16,322,276,742,590,1.29909,0,0
025040107410003168d2a000a00000e2,2,2,17,322,276,742,590,1.29909,0,0
025040107410003168d2a000a00000e2,2,2,18,322,276,742,590,1.29909,0,0
025040107410003168d2a000a00000e2,2,2,19,322,276,742,590,1.29909,0,0
025040107410003168d2a000a00000e2,2,2,20,322,276,742,590,1.29909,0,0
025040107410003168d2a000a00000e2,2,2,21,322,276,742,590,1.29909,0,0
025040107410003168d2a000a00000e2,2,2,22,322,276,742,590,1.29909,0,0
025040107410003168d2a000a00000e2,2,2,23,322,276,742,590,1.29909,0,0
025040107410003168d2a000a00000e2,2,2,24,322,276,742,590,1.29909,0,0
025040107410003168d2a000a00000e2,2,2,25,322,276,742,590,1.29909,0,0
025040107410003168d2a000a00000e2,2,2,26,322,276,742,590,1.29909,0,0
025040107410003168d2a000a00000e2,2,2,27,322,276,742,590,1.29909,0,0
025040107410003168d2a000a00000e2,2,2,28,322,276,742,590,1.29909,0,0
025040107410003168d2a000a00000e2,2,2,29,322,276,742,590,1.29909,0,0
025040107410003168d2a000a00000e2,2,2,30,322,276,742,590,1.29909,0,0
025040107410003168d2a000a00000e2,2,2,31,322,276,742,590,1.29909,0,0
025040107410003168d2a000a00000e2,2,2,32,322,276,742,590,1.29909,0,0
025040107410003168d2a000a00000e2,2,2,33,322,276,742,590,1.29909,0,0
025040107410003168d2a000a00000e2,2,2,34,322,276,742,590,1.29909,0,0
025040107410003168d2a000a00000e2,2,2,35,322,276,742,590,1.29909,0,0
025040107410003168d2a000a00000e2,2,2,36,322,276,742,590,1.29909,0,0
025040107410003168d2a000a00000e2,2,2,37,322,276,742,590,1.29909,0,0
025040107410003168d2a000a00000e2,2,2,38,322,276,742,590,1.29909,0,0
025040107410003168d2a000a00000e2,2,2,39,322,276,742,590,1.29909,0,0
025040107410003168d2a000a00000e2,2,2,40,322,276,742,590,1.29909,0,0
025040107410003168d2a000a00000e2,2,2,41,322,276,742,590,1.29909,0,0
025040107410003168d2a000a00000e2,2,2,42,322,276,742,590,1.29909,0,0
025040107410003168d2a000a00000e2,2,2,43,322,276,742,590,1.29909,0,0
025040107410003168d2a000a00000e2,2,2,44,322,276,742,590,1.29909,0,0
025040107410003168d2a000a00000e2,2,2,45,322,276,742,590,1.29909,0,0
025040107410003168d2a000a00000e2,2,2,46,322,276,742,590,1.29909,0,0
025040107410003168d2a000a00000e2,2,2,47,322,276,742,590,1.29909,0,0
025040107410003168d2a000a00000e2,2,2,48,322,276,742,590,1.29909,0,0
025040107410003168d2a000a00000e2,2,2,49,322,276,742,590,1.29909,0,0
025040107410003168d2a000a00000e2,2,2,50,322,276,742,590,1.29909,0,0
025040107410003168d2a000a00000e2,2,2,51,322,276,742,590,1.29909,0,0
025040107410003168d2a000a00000e2,2,2,52,322,276,742,590,1.29909,0,0
025040107410003168d2a000a00000e2,2,2,53,322,276,742,590,1.29909,0,0
025040107410003168d2a000a00000e2,2,2,54,322,276,742,590,1.29909,0,0
025040107410003168d2a000a00000e2,2,2,55,322,276,742,590,1.29909,0,0
025040107410003168d2a000a00000e2,2,2,56,322,276,742,590,1.29909,0,0
025040107410003168d2a000a00000e2,2,2,57,322,276,742,590,1.29909,0,0
025040107410003168d2a000a00000e2,2,2,58,322,276,742,590,1.29909,0,0
025040107410003168d2a000a00000e2,2,2,59,322,276,742,590,1.29909,0,0
025040107410003168d2a000a00000e2,2,2,60,322,276,742,590,1.29909,0,0
025040107410003168d2a000a00000e2,2,2,61,322,276,742,590,1.29909,0,0
025040107410003168d2a000a00000e2,2,2,62,322,276,742,590,1.29909,0,0
025040107410003168d2a000a00000e2,2,2,63,322,276,742,590,1.29909,0,0
025040107410003168d2a000a00000e2,2,2,0,322,276,743,591,1.7562,0,0
025040107410003168d2a000a00000e2,2,2,1,322,276,743,591,1.7562,0,0
025040107410003168d2a000a00000e2,2,2,2,322,276,743,591,1.7562,0,0
025040107410003168d2a000a00000e2,2,2,3,322,276,743,591,1.7562,2,0.00113882
025040107410003168d2a000a00000e2,2,2,4,322,276,743,591,1.7562,0,0
025040107410003168d2a000a00000e2,2,2,5,322,276,743,591,1.7562,0,0
025040107410003168d2a000a00000e2,2,2,6,322,276,743,591,1.7562,1,0.000569411
025040107410003168d2a000a00000e2,2,2,7,322,276,743,591,1.7562,0,0
025040107410003168d2a000a00000e2,2,2,8,322,276,743,591,1.7562,0,0
025040107410003168d2a000a00000e2,2,2,9,322,276,743,591,1.7562,2,0.00113882
025040107410003168d2a000a00000e2,2,2,10,322,276,743,591,1.7562,2,0.00113882
025040107410003168d2a000a00000e2,2,2,11,322,276,743,591,1.7562,2,0.00113882
025040107410003168d2a000a00000e2,2,2,12,322,276,743,591,1.7562,2,0.00113882
025040107410003168d2a000a00000e2,2,2,13,322,276,743,591,1.7562,2,0.00113882
025040107410003168d2a000a00000e2,2,2,14,322,276,743,591,1.7562,10,0.00569411
025040107410003168d2a000a00000e2,2,2,15,322,276,743,591,1.7562,1,0.000569411
025040107410003168d2a000a00000e2,2,2,16,322,276,743,591,1.7562,9,0.0051247
025040107410003168d2a000a00000e2,2,2,17,322,276,743,591,1.7562,1,0.000569411
025040107410003168d2a000a00000e2,2,2,18,322,276,743,591,1.7562,2,0.00113882
025040107410003168d2a000a00000e2,2,2,19,322,276,743,591,1.7562,2,0.00113882
025040107410003168d2a000a00000e2,2,2,20,322,276,743,591,1.7562,10,0.00569411
025040107410003168d2a000a00000e2,2,2,21,322,276,743,591,1.7562,4,0.00227764
025040107410003168d2a000a00000e2,2,2,22,322,276,743,591,1.7562,10,0.00569411
025040107410003168d2a000a00000e2,2,2,23,322,276,743,591,1.7562,10,0.00569411
025040107410003168d2a000a00000e2,2,2,24,322,276,743,591,1.7562,8,0.00455529
025040107410003168d2a000a00000e2,2,2,25,322,276,743,591,1.7562,0,0
025040107410003168d2a000a00000e2,2,2,26,322,276,743,591,1.7562,10,0.00569411
025040107410003168d2a000a00000e2,2,2,27,322,276,743,591,1.7562,9,0.0051247
025040107410003168d2a000a00000e2,2,2,28,322,276,743,591,1.7562,10,0.00569411
025040107410003168d2a000a00000e2,2,2,29,322,276,743,591,1.7562,9,0.0051247
025040107410003168d2a000a00000e2,2,2,30,322,276,743,591,1.7562,10,0.00569411
025040107410003168d2a000a00000e2,2,2,31,322,276,743,591,1.7562,10,0.00569411
025040107410003168d2a000a00000e2,2,2,32,322,276,743,591,1.7562,10,0.00569411
025040107410003168d2a000a00000e2,2,2,33,322,276,743,591,1.7562,2,0.00113882
025040107410003168d2a000a00000e2,2,2,34,322,276,743,591,1.7562,5,0.00284705
025040107410003168d2a000a00000e2,2,2,35,322,276,743,591,1.7562,8,0.00455529
025040107410003168d2a000a00000e2,2,2,36,322,276,743,591,1.7562,10,0.00569411
025040107410003168d2a000a00000e2,2,2,37,322,276,743,591,1.7562,6,0.00341647
025040107410003168d2a000a00000e2,2,2,38,322,276,743,591,1.7562,10,0.00569411
025040107410003168d2a000a00000e2,2,2,39,322,276,743,591,1.7562,10,0.00569411
025040107410003168d2a000a00000e2,2,2,40,322,276,743,591,1.7562,9,0.0051247
025040107410003168d2a000a00000e2,2,2,41,322,276,743,591,1.7562,2,0.00113882
025040107410003168d2a000a00000e2,2,2,42,322,276,743,591,1.7562,9,0.0051247
025040107410003168d2a000a00000e2,2,2,43,322,276,743,591,1.7562,6,0.00341647
025040107410003168d2a000a00000e2,2,2,44,322,276,743,591,1.7562,6,0.00341647
025040107410003168d2a000a00000e2,2,2,45,322,276,743,591,1.7562,0,0
025040107410003168d2a000a00000e2,2,2,46,322,276,743,591,1.7562,6,0.00341647
025040107410003168d2a000a00000e2,2,2,47,322,276,743,591,1.7562,0,0
025040107410003168d2a000a00000e2,2,2,48,322,276,743,591,1.7562,9,0.0051247
025040107410003168d2a000a00000e2,2,2,49,322,276,743,591,1.7562,0,0
025040107410003168d2a000a00000e2,2,2,50,322,276,743,591,1.7562,9,0.0051247
025040107410003168d2a000a00000e2,2,2,51,322,276,743,591,1.7562,1,0.000569411
025040107410003168d2a000a00000e2,2,2,52,322,276,743,591,1.7562,5,0.00284705
025040107410003168d2a000a00000e2,2,2,53,322,276,743,591,1.7562,0,0
025040107410003168d2a000a00000e2,2,2,54,322,276,743,591,1.7562,2,0.00113882
025040107410003168d2a000a00000e2,2,2,55,322,276,743,591,1.7562,0,0
025040107410003168d2a000a00000e2,2,2,56,322,276,743,591,1.7562,8,0.00455529
025040107410003168d2a000a00000e2,2,2,57,322,276,743,591,1.7562,0,0
025040107410003168d2a000a00000e2,2,2,58,322,276,743,591,1.7562,2,0.00113882
025040107410003168d2a000a00000e2,2,2,59,322,276,743,591,1.7562,0,0
025040107410003168d2a000a00000e2,2,2,60,322,276,743,591,1.7562,1,0.000569411
025040107410003168d2a000a00000e2,2,2,61,322,276,743,591,1.7562,0,0
025040107410003168d2a000a00000e2,2,2,62,322,276,743,591,1.7562,0,0
025040107410003168d2a000a00000e2,2,2,63,322,276,743,591,1.7562,0,0
025040107410003168d2a000a00000e2,2,2,0,322,276,744,592,1.34627,0,0
025040107410003168d2a000a00000e2,2,2,1,322,276,744,592,1.34627,0,0
025040107410003168d2a000a00000e2,2,2,2,322,276,744,592,1.34627,0,0
025040107410003168d2a000a00000e2,2,2,3,322,276,744,592,1.34627,4,0.00297116
025040107410003168d2a000a00000e2,2,2,4,322,276,744,592,1.34627,0,0
025040107410003168d2a000a00000e2,2,2,5,322,276,744,592,1.34627,0,0
025040107410003168d2a000a00000e2,2,2,6,322,276,744,592,1.34627,1,0.000742791
025040107410003168d2a000a00000e2,2,2,7,322,276,744,592,1.34627,0,0
025040107410003168d2a000a00000e2,2,2,8,322,276,744,592,1.34627,0,0
025040107410003168d2a000a00000e2,2,2,9,322,276,744,592,1.34627,4,0.00297116
025040107410003168d2a000a00000e2,2,2,10,322,276,744,592,1.34627,8,0.00594233
025040107410003168d2a000a00000e2,2,2,11,322,276,744,592,1.34627,5,0.00371396
025040107410003168d2a000a00000e2,2,2,12,322,276,744,592,1.34627,4,0.00297116
025040107410003168d2a000a00000e2,2,2,13,322,276,744,592,1.34627,4,0.00297116
025040107410003168d2a000a00000e2,2,2,14,322,276,744,592,1.34627,23,0.0170842
025040107410003168d2a000a00000e2,2,2,15,322,276,744,592,1.34627,3,0.00222837
025040107410003168d2a000a00000e2,2,2,16,322,276,744,592,1.34627,16,0.0118847
025040107410003168d2a000a00000e2,2,2,17,322,276,744,592,1.34627,3,0.00222837
025040107410003168d2a000a00000e2,2,2,18,322,276,744,592,1.34627,6,0.00445675
025040107410003168d2a000a00000e2,2,2,19,322,276,744,592,1.34627,3,0.00222837
025040107410003168d2a000a00000e2,2,2,20,322,276,744,592,1.34627,17,0.0126275
025040107410003168d2a000a00000e2,2,2,21,322,276,744,592,1.34627,9,0.00668512
025040107410003168d2a000a00000e2,2,2,22,322,276,744,592,1.34627,21,0.0155986
025040107410003168d2a000a00000e2,2,2,23,322,276,744,592,1.34627,24,0.017827
025040107410003168d2a000a00000e2,2,2,24,322,276,744,592,1.34627,14,0.0103991
025040107410003168d2a000a00000e2,2,2,25,322,276,744,592,1.34627,0,0
025040107410003168d2a000a00000e2,2,2,26,322,276,744,592,1.34627,18,0.0133702
025040107410003168d2a000a00000e2,2,2,27,322,276,744,592,1.34627,14,0.0103991
025040107410003168d2a000a00000e2,2,2,28,322,276,744,592,1.34627,22,0.0163414
025040107410003168d2a000a00000e2,2,2,29,322,276,744,592,1.34627,19,0.014113
025040107410003168d2a000a00000e2,2,2,30,322,276,744,592,1.34627,20,0.0148558
025040107410003168d2a000a00000e2,2,2,31,322,276,744,592,1.34627,26,0.0193126
025040107410003168d2a000a00000e2,2,2,32,322,276,744,592,1.34627,24,0.017827
025040107410003168d2a000a00000e2,2,2,33,322,276,744,592,1.34627,7,0.00519954
025040107410003168d2a000a00000e2,2,2,34,322,276,744,592,1.34627,9,0.00668512
025040107410003168d2a000a00000e2,2,2,35,322,276,744,592,1.34627,15,0.0111419
025040107410003168d2a000a00000e2,2,2,36,322,276,744,592,1.34627,24,0.017827
025040107410003168d2a000a00000e2,2,2,37,322,276,744,592,1.34627,10,0.00742791
025040107410003168d2a000a00000e2,2,2,38,322,276,744,592,1.34627,24,0.017827
025040107410003168d2a000a00000e2,2,2,39,322,276,744,592,1.34627,23,0.0170842
025040107410003168d2a000a00000e2,2,2,40,322,276,744,592,1.34627,28,0.0207982
025040107410003168d2a000a00000e2,2,2,41,322,276,744,592,1.34627,4,0.00297116
025040107410003168d2a000a00000e2,2,2,42,322,276,744,592,1.34627,28,0.0207982
025040107410003168d2a000a00000e2,2,2,43,322,276,744,592,1.34627,13,0.00965629
025040107410003168d2a000a00000e2,2,2,44,322,276,744,592,1.34627,12,0.00891349
025040107410003168d2a000a00000e2,2,2,45,322,276,744,592,1.34627,0,0
025040107410003168d2a000a00000e2,2,2,46,322,276,744,592,1.34627,13,0.00965629
025040107410003168d2a000a00000e2,2,2,47,322,276,744,592,1.34627,0,0
025040107410003168d2a000a00000e2,2,2,48,322,276,744,592,1.34627,22,0.0163414
025040107410003168d2a000a00000e2,2,2,49,322,276,744,592,1.34627,0,0
025040107410003168d2a000a00000e2,2,2,50,322,276,744,592,1.34627,19,0.014113
025040107410003168d2a000a00000e2,2,2,51,322,276,744,592,1.34627,3,0.00222837
025040107410003168d2a000a00000e2,2,2,52,322,276,744,592,1.34627,14,0.0103991
025040107410003168d2a000a00000e2,2,2,53,322,276,744,592,1.34627,0,0
025040107410003168d2a000a00000e2,2,2,54,322,276,744,592,1.34627,6,0.00445675
025040107410003168d2a000a00000e2,2,2,55,322,276,744,592,1.34627,0,0
025040107410003168d2a000a00000e2,2,2,56,322,276,744,592,1.34627,20,0.0148558
025040107410003168d2a000a00000e2,2,2,57,322,276,744,592,1.34627,0,0
025040107410003168d2a000a00000e2,2,2,58,322,276,744,592,1.34627,4,0.00297116
025040107410003168d2a000a00000e2,2,2,59,322,276,744,592,1.34627,0,0
025040107410003168d2a000a00000e2,2,2,60,322,276,744,592,1.34627,3,0.00222837
025040107410003168d2a000a00000e2,2,2,61,322,276,744,592,1.34627,0,0
025040107410003168d2a000a00000e2,2,2,62,322,276,744,592,1.34627,1,0.000742791
025040107410003168d2a000a00000e2,2,2,63,322,276,744,592,1.34627,0,0
025040107410003168d2a000a00000e2,2,2,0,322,276,745,592,1.42885,0,0
025040107410003168d2a000a00000e2,2,2,1,322,276,745,592,1.42885,0,0
025040107410003168d2a000a00000e2,2,2,2,322,276,745,592,1.42885,0,0
025040107410003168d2a000a00000e2,2,2,3,322,276,745,592,1.42885,1,0.000699864
025040107410003168d2a000a00000e2,2,2,4,322,276,745,592,1.42885,0,0
025040107410003168d2a000a00000e2,2,2,5,322,276,745,592,1.42885,0,0
025040107410003168d2a000a00000e2,2,2,6,322,276,745,592,1.42885,1,0.000699864
025040107410003168d2a000a00000e2,2,2,7,322,276,745,592,1.42885,0,0
025040107410003168d2a000a00000e2,2,2,8,322,276,745,592,1.42885,0,0
025040107410003168d2a000a00000e2,2,2,9,322,276,745,592,1.42885,1,0.000699864
025040107410003168d2a000a00000e2,2,2,10,322,276,745,592,1.42885,1,0.000699864
025040107410003168d2a000a00000e2,2,2,11,322,276,745,592,1.42885,1,0.000699864
025040107410003168d2a000a00000e2,2,2,12,322,276,745,592,1.42885,1,0.000699864
025040107410003168d2a000a00000e2,2,2,13,322,276,745,592,1.42885,1,0.000699864
025040107410003168d2a000a00000e2,2,2,14,322,276,745,592,1.42885,7,0.00489905
025040107410003168d2a000a00000e2,2,2,15,322,276,745,592,1.42885,0,0
025040107410003168d2a000a00000e2,2,2,16,322,276,745,592,1.42885,4,0.00279946
025040107410003168d2a000a00000e2,2,2,17,322,276,745,592,1.42885,1,0.000699864
025040107410003168d2a000a00000e2,2,2,18,322,276,745,592,1.42885,1,0.000699864
025040107410003168d2a000a00000e2,2,2,19,322,276,745,592,1.42885,1,0.000699864
025040107410003168d2a000a00000e2,2,2,20,322,276,745,592,1.42885,5,0.00349932
025040107410003168d2a000a00000e2,2,2,21,322,276,745,592,1.42885,1,0.000699864
025040107410003168d2a000a00000e2,2,2,22,322,276,745,592,1.42885,6,0.00419919
025040107410003168d2a000a00000e2,2,2,23,322,276,745,592,1.42885,8,0.00559891
025040107410003168d2a000a00000e2,2,2,24,322,276,745,592,1.42885,4,0.00279946
025040107410003168d2a000a00000e2,2,2,25,322,276,745,592,1.42885,0,0
025040107410003168d2a000a00000e2,2,2,26,322,276,745,592,1.42885,5,0.00349932
025040107410003168d2a000a00000e2,2,2,27,322,276,745,592,1.42885,4,0.00279946
025040107410003168d2a000a00000e2,2,2,28,322,276,745,592,1.42885,7,0.00489905
025040107410003168d2a000a00000e2,2,2,29,322,276,745,592,1.42885,3,0.00209959
025040107410003168d2a000a00000e2,2,2,30,322,276,745,592,1.42885,4,0.00279946
025040107410003168d2a000a00000e2,2,2,31,322,276,745,592,1.42885,9,0.00629878
025040107410003168d2a000a00000e2,2,2,32,322,276,745,592,1.42885,6,0.00419919
025040107410003168d2a000a00000e2,2,2,33,322,276,745,592,1.42885,1,0.000699864
025040107410003168d2a000a00000e2,2,2,34,322,276,745,592,1.42885,1,0.000699864
025040107410003168d2a000a00000e2,2,2,35,322,276,745,592,1.42885,3,0.00209959
025040107410003168d2a000a00000e2,2,2,36,322,276,745,592,1.42885,10,0.00699864
025040107410003168d2a000a00000e2,2,2,37,322,276,745,592,1.42885,1,0.000699864
025040107410003168d2a000a00000e2,2,2,38,322,276,745,592,1.42885,10,0.00699864
025040107410003168d2a000a00000e2,2,2,39,322,276,745,592,1.42885,7,0.00489905
025040107410003168d2a000a00000e2,2,2,40,322,276,745,592,1.42885,13,0.00909823
025040107410003168d2a000a00000e2,2,2,41,322,276,745,592,1.42885,1,0.000699864
025040107410003168d2a000a00000e2,2,2,42,322,276,745,592,1.42885,12,0.00839837
025040107410003168d2a000a00000e2,2,2,43,322,276,745,592,1.42885,4,0.00279946
025040107410003168d2a000a00000e2,2,2,44,322,276,745,592,1.42885,4,0.00279946
025040107410003168d2a000a00000e2,2,2,45,322,276,745,592,1.42885,0,0
025040107410003168d2a000a00000e2,2,2,46,322,276,745,592,1.42885,4,0.00279946
025040107410003168d2a000a00000e2,2,2,47,322,276,745,592,1.42885,0,0
025040107410003168d2a000a00000e2,2,2,48,322,276,745,592,1.42885,7,0.00489905
025040107410003168d2a000a00000e2,2,2,49,322,276,745,592,1.42885,0,0
025040107410003168d2a000a00000e2,2,2,50,322,276,745,592,1.42885,6,0.00419919
025040107410003168d2a000a00000e2,2,2,51,322,276,745,592,1.42885,0,0
025040107410003168d2a000a00000e2,2,2,52,322,276,745,592,1.42885,5,0.00349932
025040107410003168d2a000a00000e2,2,2,53,322,276,745,592,1.42885,0,0
025040107410003168d2a000a00000e2,2,2,54,322,276,745,592,1.42885,1,0.000699864
025040107410003168d2a000a00000e2,2,2,55,322,276,745,592,1.42885,0,0
025040107410003168d2a000a00000e2,2,2,56,322,276,745,592,1.42885,6,0.00419919
025040107410003168d2a000a00000e2,2,2,57,322,276,745,592,1.42885,0,0
025040107410003168d2a000a00000e2,2,2,58,322,276,745,592,1.42885,1,0.000699864
025040107410003168d2a000a00000e2,2,2,59,322,276,745,592,1.42885,0,0
025040107410003168d2a000a00000e2,2,2,60,322,276,745,592,1.42885,0,0
025040107410003168d2a000a00000e2,2,2,61,322,276,745,592,1.42885,0,0
025040107410003168d2a000a00000e2,2,2,62,322,276,745,592,1.42885,0,0
025040107410003168d2a000a00000e2,2,2,63,322,276,745,592,1.42885,0,0
025040107410003168d2a000a00000e2,2,2,0,322,276,746,594,1.37429,0,0
025040107410003168d2a000a00000e2,2,2,1,322,276,746,594,1.37429,0,0
025040107410003168d2a000a00000e2,2,2,2,322,276,746,594,1.37429,0,0
025040107410003168d2a000a00000e2,2,2,3,322,276,746,594,1.37429,0,0
025040107410003168d2a000a00000e2,2,2,4,322,276,746,594,1.37429,0,0
025040107410003168d2a000a00000e2,2,2,5,322,276,746,594,1.37429,0,0
025040107410003168d2a000a00000e2,2,2,6,322,276,746,594,1.37429,0,0
025040107410003168d2a000a00000e2,2,2,7,322,276,746,594,1.37429,0,0
025040107410003168d2a000a00000e2,2,2,8,322,276,746,594,1.37429,0,0
025040107410003168d2a000a00000e2,2,2,9,322,276,746,594,1.37429,1,0.000727649
025040107410003168d2a000a00000e2,2,2,10,322,276,746,594,1.37429,1,0.000727649
025040107410003168d2a000a00000e2,2,2,11,322,276,746,594,1.37429,1,0.000727649
025040107410003168d2a000a00000e2,2,2,12,322,276,746,594,1.37429,0,0
025040107410003168d2a000a00000e2,2,2,13,322,276,746,594,1.37429,0,0
025040107410003168d2a000a00000e2,2,2,14,322,276,746,594,1.37429,8,0.00582119
025040107410003168d2a000a00000e2,2,2,15,322,276,746,594,1.37429,0,0
025040107410003168d2a000a00000e2,2,2,16,322,276,746,594,1.37429,8,0.00582119
025040107410003168d2a000a00000e2,2,2,17,322,276,746,594,1.37429,0,0
025040107410003168d2a000a00000e2,2,2,18,322,276,746,594,1.37429,1,0.000727649
025040107410003168d2a000a00000e2,2,2,19,322,276,746,594,1.37429,0,0
025040107410003168d2a000a00000e2,2,2,20,322,276,746,594,1.37429,8,0.00582119
025040107410003168d2a000a00000e2,2,2,21,322,276,746,594,1.37429,1,0.000727649
025040107410003168d2a000a00000e2,2,2,22,322,276,746,594,1.37429,8,0.00582119
025040107410003168d2a000a00000e2,2,2,23,322,276,746,594,1.37429,10,0.00727649
025040107410003168d2a000a00000e2,2,2,24,322,276,746,594,1.37429,7,0.00509354
025040107410003168d2a000a00000e2,2,2,25,322,276,746,594,1.37429,0,0
025040107410003168d2a000a00000e2,2,2,26,322,276,746,594,1.37429,8,0.00582119
025040107410003168d2a000a00000e2,2,2,27,322,276,746,594,1.37429,7,0.00509354
025040107410003168d2a000a00000e2,2,2,28,322,276,746,594,1.37429,8,0.00582119
025040107410003168d2a000a00000e2,2,2,29,322,276,746,594,1.37429,8,0.00582119
025040107410003168d2a000a00000e2,2,2,30,322,276,746,594,1.37429,8,0.00582119
025040107410003168d2a000a00000e2,2,2,31,322,276,746,594,1.37429,12,0.00873178
025040107410003168d2a000a00000e2,2,2,32,322,276,746,594,1.37429,8,0.00582119
025040107410003168d2a000a00000e2,2,2,33,322,276,746,594,1.37429,1,0.000727649
025040107410003168d2a000a00000e2,2,2,34,322,276,746,594,1.37429,2,0.0014553
025040107410003168d2a000a00000e2,2,2,35,322,276,746,594,1.37429,6,0.00436589
025040107410003168d2a000a00000e2,2,2,36,322,276,746,594,1.37429,11,0.00800413
025040107410003168d2a000a00000e2,2,2,37,322,276,746,594,1.37429,2,0.0014553
025040107410003168d2a000a00000e2,2,2,38,322,276,746,594,1.37429,11,0.00800413
025040107410003168d2a000a00000e2,2,2,39,322,276,746,594,1.37429,9,0.00654884
025040107410003168d2a000a00000e2,2,2,40,322,276,746,594,1.37429,14,0.0101871
025040107410003168d2a000a00000e2,2,2,41,322,276,746,594,1.37429,1,0.000727649
025040107410003168d2a000a00000e2,2,2,42,322,276,746,594,1.37429,14,0.0101871
025040107410003168d2a000a00000e2,2,2,43,322,276,746,594,1.37429,3,0.00218295
025040107410003168d2a000a00000e2,2,2,44,322,276,746,594,1.37429,4,0.00291059
025040107410003168d2a000a00000e2,2,2,45,322,276,746,594,1.37429,0,0
025040107410003168d2a000a00000e2,2,2,46,322,276,746,594,1.37429,6,0.00436589
025040107410003168d2a000a00000e2,2,2,47,322,276,746,594,1.37429,0,0
025040107410003168d2a000a00000e2,2,2,48,322,276,746,594,1.37429,8,0.00582119
025040107410003168d2a000a00000e2,2,2,49,322,276,746,594,1.37429,0,0
025040107410003168d2a000a00000e2,2,2,50,322,276,746,594,1.37429,8,0.00582119
025040107410003168d2a000a00000e2,2,2,51,322,276,746,594,1.37429,0,0
025040107410003168d2a000a00000e2,2,2,52,322,276,746,594,1.37429,6,0.00436589
025040107410003168d2a000a00000e2,2,2,53,322,276,746,594,1.37429,0,0
025040107410003168d2a000a00000e2,2,2,54,322,276,746,594,1.37429,1,0.000727649
025040107410003168d2a000a00000e2,2,2,55,322,276,746,594,1.37429,0,0
025040107410003168d2a000a00000e2,2,2,56,322,276,746,594,1.37429,8,0.00582119
025040107410003168d2a000a00000e2,2,2,57,322,276,746,594,1.37429,0,0
025040107410003168d2a000a00000e2,2,2,58,322,276,746,594,1.37429,0,0
025040107410003168d2a000a00000e2,2,2,59,322,276,746,594,1.37429,0,0
025040107410003168d2a000a00000e2,2,2,60,322,276,746,594,1.37429,0,0
025040107410003168d2a000a00000e2,2,2,61,322,276,746,594,1.37429,0,0
025040107410003168d2a000a00000e2,2,2,62,322,276,746,594,1.37429,0,0
025040107410003168d2a000a00000e2,2,2,63,322,276,746,594,1.37429,0,0
025040107410003168d2a000a00000e2,2,2,0,322,276,747,594,1.43327,0,0
025040107410003168d2a000a00000e2,2,2,1,322,276,747,594,1.43327,0,0
025040107410003168d2a000a00000e2,2,2,2,322,276,747,594,1.43327,0,0
025040107410003168d2a000a00000e2,2,2,3,322,276,747,594,1.43327,0,0
025040107410003168d2a000a00000e2,2,2,4,322,276,747,594,1.43327,0,0
025040107410003168d2a000a00000e2,2,2,5,322,276,747,594,1.43327,0,0
025040107410003168d2a000a00000e2,2,2,6,322,276,747,594,1.43327,0,0
025040107410003168d2a000a00000e2,2,2,7,322,276,747,594,1.43327,0,0
025040107410003168d2a000a00000e2,2,2,8,322,276,747,594,1.43327,0,0
025040107410003168d2a000a00000e2,2,2,9,322,276,747,594,1.43327,0,0
025040107410003168d2a000a00000e2,2,2,10,322,276,747,594,1.43327,0,0
025040107410003168d2a000a00000e2,2,2,11,322,276,747,594,1.43327,0,0
025040107410003168d2a000a00000e2,2,2,12,322,276,747,594,1.43327,0,0
025040107410003168d2a000a00000e2,2,2,13,322,276,747,594,1.43327,0,0
025040107410003168d2a000a00000e2,2,2,14,322,276,747,594,1.43327,0,0
025040107410003168d2a000a00000e2,2,2,15,322,276,747,594,1.43327,0,0
025040107410003168d2a000a00000e2,2,2,16,322,276,747,594,1.43327,0,0
025040107410003168d2a000a00000e2,2,2,17,322,276,747,594,1.43327,0,0
025040107410003168d2a000a00000e2,2,2,18,322,276,747,594,1.43327,0,0
025040107410003168d2a000a00000e2,2,2,19,322,276,747,594,1.43327,0,0
025040107410003168d2a000a00000e2,2,2,20,322,276,747,594,1.43327,0,0
025040107410003168d2a000a00000e2,2,2,21,322,276,747,594,1.43327,0,0
025040107410003168d2a000a00000e2,2,2,22,322,276,747,594,1.43327,0,0
025040107410003168d2a000a00000e2,2,2,23,322,276,747,594,1.43327,0,0
025040107410003168d2a000a00000e2,2,2,24,322,276,747,594,1.43327,0,0
025040107410003168d2a000a00000e2,2,2,25,322,276,747,594,1.43327,0,0
025040107410003168d2a000a00000e2,2,2,26,322,276,747,594,1.43327,0,0
025040107410003168d2a000a00000e2,2,2,27,322,276,747,594,1.43327,0,0
025040107410003168d2a000a00000e2,2,2,28,322,276,747,594,1.43327,0,0
025040107410003168d2a000a00000e2,2,2,29,322,276,747,594,1.43327,0,0
025040107410003168d2a000a00000e2,2,2,30,322,276,747,594,1.43327,0,0
025040107410003168d2a000a00000e2,2,2,31,322,276,747,594,1.43327,0,0
025040107410003168d2a000a00000e2,2,2,32,322,276,747,594,1.43327,0,0
025040107410003168d2a000a00000e2,2,2,33,322,276,747,594,1.43327,0,0
025040107410003168d2a000a00000e2,2,2,34,322,276,747,594,1.43327,0,0
025040107410003168d2a000a00000e2,2,2,35,322,276,747,594,1.43327,0,0
025040107410003168d2a000a00000e2,2,2,36,322,276,747,594,1.43327,0,0
025040107410003168d2a000a00000e2,2,2,37,322,276,747,594,1.43327,0,0
025040107410003168d2a000a00000e2,2,2,38,322,276,747,594,1.43327,0,0
025040107410003168d2a000a00000e2,2,2,39,322,276,747,594,1.43327,0,0
025040107410003168d2a000a00000e2,2,2,40,322,276,747,594,1.43327,0,0
025040107410003168d2a000a00000e2,2,2,41,322,276,747,594,1.43327,0,0
025040107410003168d2a000a00000e2,2,2,42,322,276,747,594,1.43327,0,0
025040107410003168d2a000a00000e2,2,2,43,322,276,747,594,1.43327,0,0
025040107410003168d2a000a00000e2,2,2,44,322,276,747,594,1.43327,0,0
025040107410003168d2a000a00000e2,2,2,45,322,276,747,594,1.43327,0,0
025040107410003168d2a000a00000e2,2,2,46,322,276,747,594,1.43327,0,0
025040107410003168d2a000a00000e2,2,2,47,322,276,747,594,1.43327,0,0
025040107410003168d2a000a00000e2,2,2,48,322,276,747,594,1.43327,0,0
025040107410003168d2a000a00000e2,2,2,49,322,276,747,594,1.43327,0,0
025040107410003168d2a000a00000e2,2,2,50,322,276,747,594,1.43327,0,0
025040107410003168d2a000a00000e2,2,2,51,322,276,747,594,1.43327,0,0
025040107410003168d2a000a00000e2,2,2,52,322,276,747,594,1.43327,0,0
025040107410003168d2a000a00000e2,2,2,53,322,276,747,594,1.43327,0,0
025040107410003168d2a000a00000e2,2,2,54,322,276,747,594,1.43327,0,0
025040107410003168d2a000a00000e2,2,2,55,322,276,747,594,1.43327,0,0
025040107410003168d2a000a00000e2,2,2,56,322,276,747,594,1.43327,0,0
025040107410003168d2a000a00000e2,2,2,57,322,276,747,594,1.43327,0,0
025040107410003168d2a000a00000e2,2,2,58,322,276,747,594,1.43327,0,0
025040107410003168d2a000a00000e2,2,2,59,322,276,747,594,1.43327,0,0
025040107410003168d2a000a00000e2,2,2,60,322,276,747,594,1.43327,0,0
025040107410003168d2a000a00000e2,2,2,61,322,276,747,594,1.43327,0,0
025040107410003168d2a000a00000e2,2,2,62,322,276,747,594,1.43327,0,0
025040107410003168d2a000a00000e2,2,2,63,322,276,747,594,1.43327,0,0
025040107410003168d2a000a00000e2,2,2,0,322,276,748,595,1.42737,0,0
025040107410003168d2a000a00000e2,2,2,1,322,276,748,595,1.42737,0,0
025040107410003168d2a000a00000e2,2,2,2,322,276,748,595,1.42737,0,0
025040107410003168d2a000a00000e2,2,2,3,322,276,748,595,1.42737,0,0
025040107410003168d2a000a00000e2,2,2,4,322,276,748,595,1.42737,0,0
025040107410003168d2a000a00000e2,2,2,5,322,276,748,595,1.42737,0,0
025040107410003168d2a000a00000e2,2,2,6,322,276,748,595,1.42737,0,0
025040107410003168d2a000a00000e2,2,2,7,322,276,748,595,1.42737,0,0
025040107410003168d2a000a00000e2,2,2,8,322,276,748,595,1.42737,0,0
025040107410003168d2a000a00000e2,2,2,9,322,276,748,595,1.42737,0,0
025040107410003168d2a000a00000e2,2,2,10,322,276,748,595,1.42737,0,0
025040107410003168d2a000a00000e2,2,2,11,322,276,748,595,1.42737,0,0
025040107410003168d2a000a00000e2,2,2,12,322,276,748,595,1.42737,0,0
025040107410003168d2a000a00000e2,2,2,13,322,276,748,595,1.42737,0,0
025040107410003168d2a000a00000e2,2,2,14,322,276,748,595,1.42737,0,0
025040107410003168d2a000a00000e2,2,2,15,322,276,748,595,1.42737,0,0
025040107410003168d2a000a00000e2,2,2,16,322,276,748,595,1.42737,0,0
025040107410003168d2a000a00000e2,2,2,17,322,276,748,595,1.42737,0,0
025040107410003168d2a000a00000e2,2,2,18,322,276,748,595,1.42737,0,0
025040107410003168d2a000a00000e2,2,2,19,322,276,748,595,1.42737,0,0
025040107410003168d2a000a00000e2,2,2,20,322,276,748,595,1.42737,0,0
025040107410003168d2a000a00000e2,2,2,21,322,276,748,595,1.42737,0,0
025040107410003168d2a000a00000e2,2,2,22,322,276,748,595,1.42737,0,0
025040107410003168d2a000a00000e2,2,2,23,322,276,748,595,1.42737,0,0
025040107410003168d2a000a00000e2,2,2,24,322,276,748,595,1.42737,0,0
025040107410003168d2a000a00000e2,2,2,25,322,276,748,595,1.42737,0,0
025040107410003168d2a000a00000e2,2,2,26,322,276,748,595,1.42737,0,0
025040107410003168d2a000a00000e2,2,2,27,322,276,748,595,1.42737,0,0
025040107410003168d2a000a00000e2,2,2,28,322,276,748,595,1.42737,0,0
025040107410003168d2a000a00000e2,2,2,29,322,276,748,595,1.42737,0,0
025040107410003168d2a000a00000e2,2,2,30,322,276,748,595,1.42737,0,0
025040107410003168d2a000a00000e2,2,2,31,322,276,748,595,1.42737,0,0
025040107410003168d2a000a00000e2,2,2,32,322,276,748,595,1.42737,0,0
025040107410003168d2a000a00000e2,2,2,33,322,276,748,595,1.42737,0,0
025040107410003168d2a000a00000e2,2,2,34,322,276,748,595,1.42737,0,0
025040107410003168d2a000a00000e2,2,2,35,322,276,748,595,1.42737,0,0
025040107410003168d2a000a00000e2,2,2,36,322,276,748,595,1.42737,0,0
025040107410003168d2a000a00000e2,2,2,37,322,276,748,595,1.42737,0,0
025040107410003168d2a000a00000e2,2,2,38,322,276,748,595,1.42737,0,0
025040107410003168d2a000a00000e2,2,2,39,322,276,748,595,1.42737,0,0
025040107410003168d2a000a00000e2,2,2,40,322,276,748,595,1.42737,0,0
025040107410003168d2a000a00000e2,2,2,41,322,276,748,595,1.42737,0,0
025040107410003168d2a000a00000e2,2,2,42,322,276,748,595,1.42737,0,0
025040107410003168d2a000a00000e2,2,2,43,322,276,748,595,1.42737,0,0
025040107410003168d2a000a00000e2,2,2,44,322,276,748,595,1.42737,0,0
025040107410003168d2a000a00000e2,2,2,45,322,276,748,595,1.42737,0,0
025040107410003168d2a000a00000e2,2,2,46,322,276,748,595,1.42737,0,0
025040107410003168d2a000a00000e2,2,2,47,322,276,748,595,1.42737,0,0
025040107410003168d2a000a00000e2,2,2,48,322,276,748,595,1.42737,0,0
025040107410003168d2a000a00000e2,2,2,49,322,276,748,595,1.42737,0,0
025040107410003168d2a000a00000e2,2,2,50,322,276,748,595,1.42737,0,0
025040107410003168d2a000a00000e2,2,2,51,322,276,748,595,1.42737,0,0
025040107410003168d2a000a00000e2,2,2,52,322,276,748,595,1.42737,0,0
025040107410003168d2a000a00000e2,2,2,53,322,276,748,595,1.42737,0,0
025040107410003168d2a000a00000e2,2,2,54,322,276,748,595,1.42737,0,0
025040107410003168d2a000a00000e2,2,2,55,322,276,748,595,1.42737,0,0
025040107410003168d2a000a00000e2,2,2,56,322,276,748,595,1.42737,0,0
025040107410003168d2a000a00000e2,2,2,57,322,276,748,595,1.42737,0,0
025040107410003168d2a000a00000e2,2,2,58,322,276,748,595,1.42737,0,0
025040107410003168d2a000a00000e2,2,2,59,322,276,748,595,1.42737,0,0
025040107410003168d2a000a00000e2,2,2,60,322,276,748,595,1.42737,0,0
025040107410003168d2a000a00000e2,2,2,61,322,276,748,595,1.42737,0,0
025040107410003168d2a000a00000e2,2,2,62,322,276,748,595,1.42737,0,0
025040107410003168d2a000a00000e2,2,2,63,322,276,748,595,1.42737,0,0
025040107410003168d2a000a00000e2,2,2,0,322,276,749,596,1.47751,0,0
025040107410003168d2a000a00000e2,2,2,1,322,276,749,596,1.47751,0,0
025040107410003168d2a000a00000e2,2,2,2,322,276,749,596,1.47751,0,0
025040107410003168d2a000a00000e2,2,2,3,322,276,749,596,1.47751,0,0
025040107410003168d2a000a00000e2,2,2,4,322,276,749,596,1.47751,0,0
025040107410003168d2a000a00000e2,2,2,5,322,276,749,596,1.47751,0,0
025040107410003168d2a000a00000e2,2,2,6,322,276,749,596,1.47751,0,0
025040107410003168d2a000a00000e2,2,2,7,322,276,749,596,1.47751,0,0
025040107410003168d2a000a00000e2,2,2,8,322,276,749,596,1.47751,0,0
025040107410003168d2a000a00000e2,2,2,9,322,276,749,596,1.47751,0,0
025040107410003168d2a000a00000e2,2,2,10,322,276,749,596,1.47751,0,0
025040107410003168d2a000a00000e2,2,2,11,322,276,749,596,1.47751,0,0
025040107410003168d2a000a00000e2,2,2,12,322,276,749,596,1.47751,0,0
025040107410003168d2a000a00000e2,2,2,13,322,276,749,596,1.47751,0,0
025040107410003168d2a000a00000e2,2,2,14,322,276,749,596,1.47751,0,0
025040107410003168d2a000a00000e2,2,2,15,322,276,749,596,1.47751,0,0
025040107410003168d2a000a00000e2,2,2,16,322,276,749,596,1.47751,0,0
025040107410003168d2a000a00000e2,2,2,17,322,276,749,596,1.47751,0,0
025040107410003168d2a000a00000e2,2,2,18,322,276,749,596,1.47751,0,0
025040107410003168d2a000a00000e2,2,2,19,322,276,749,596,1.47751,0,0
025040107410003168d2a000a00000e2,2,2,20,322,276,749,596,1.47751,0,0
025040107410003168d2a000a00000e2,2,2,21,322,276,749,596,1.47751,0,0
025040107410003168d2a000a00000e2,2,2,22,322,276,749,596,1.47751,0,0
025040107410003168d2a000a00000e2,2,2,23,322,276,749,596,1.47751,0,0
025040107410003168d2a000a00000e2,2,2,24,322,276,749,596,1.47751,0,0
025040107410003168d2a000a00000e2,2,2,25,322,276,749,596,1.47751,0,0
025040107410003168d2a000a00000e2,2,2,26,322,276,749,596,1.47751,0,0
025040107410003168d2a000a00000e2,2,2,27,322,276,749,596,1.47751,0,0
025040107410003168d2a000a00000e2,2,2,28,322,276,749,596,1.47751,0,0
025040107410003168d2a000a00000e2,2,2,29,322,276,749,596,1.47751,0,0
025040107410003168d2a000a00000e2,2,2,30,322,276,749,596,1.47751,0,0
025040107410003168d2a000a00000e2,2,2,31,322,276,749,596,1.47751,0,0
025040107410003168d2a000a00000e2,2,2,32,322,276,749,596,1.47751,0,0
025040107410003168d2a000a00000e2,2,2,33,322,276,749,596,1.47751,0,0
025040107410003168d2a000a00000e2,2,2,34,322,276,749,596,1.47751,0,0
025040107410003168d2a000a00000e2,2,2,35,322,276,749,596,1.47751,0,0
025040107410003168d2a000a00000e2,2,2,36,322,276,749,596,1.47751,0,0
025040107410003168d2a000a00000e2,2,2,37,322,276,749,596,1.47751,0,0
025040107410003168d2a000a00000e2,2,2,38,322,276,749,596,1.47751,0,0
025040107410003168d2a000a00000e2,2,2,39,322,276,749,596,1.47751,0,0
025040107410003168d2a000a00000e2,2,2,40,322,276,749,596,1.47751,0,0
025040107410003168d2a000a00000e2,2,2,41,322,276,749,596,1.47751,0,0
025040107410003168d2a000a00000e2,2,2,42,322,276,749,596,1.47751,0,0
025040107410003168d2a000a00000e2,2,2,43,322,276,749,596,1.47751,0,0
025040107410003168d2a000a00000e2,2,2,44,322,276,749,596,1.47751,0,0
025040107410003168d2a000a00000e2,2,2,45,322,276,749,596,1.47751,0,0
025040107410003168d2a000a00000e2,2,2,46,322,276,749,596,1.47751,0,0
025040107410003168d2a000a00000e2,2,2,47,322,276,749,596,1.47751,0,0
025040107410003168d2a000a00000e2,2,2,48,322,276,749,596,1.47751,0,0
025040107410003168d2a000a00000e2,2,2,49,322,276,749,596,1.47751,0,0
025040107410003168d2a000a00000e2,2,2,50,322,276,749,596,1.47751,0,0
025040107410003168d2a000a00000e2,2,2,51,322,276,749,596,1.47751,0,0
025040107410003168d2a000a00000e2,2,2,52,322,276,749,596,1.47751,0,0
025040107410003168d2a000a00000e2,2,2,53,322,276,749,596,1.47751,0,0
025040107410003168d2a000a00000e2,2,2,54,322,276,749,596,1.47751,0,0
025040107410003168d2a000a00000e2,2,2,55,322,276,749,596,1.47751,0,0
025040107410003168d2a000a00000e2,2,2,56,322,276,749,596,1.47751,0,0
025040107410003168d2a000a00000e2,2,2,57,322,276,749,596,1.47751,0,0
025040107410003168d2a000a00000e2,2,2,58,322,276,749,596,1.47751,0,0
025040107410003168d2a000a00000e2,2,2,59,322,276,749,596,1.47751,0,0
025040107410003168d2a000a00000e2,2,2,60,322,276,749,596,1.47751,0,0
025040107410003168d2a000a00000e2,2,2,61,322,276,749,596,1.47751,0,0
025040107410003168d2a000a00000e2,2,2,62,322,276,749,596,1.47751,0,0
025040107410003168d2a000a00000e2,2,2,63,322,276,749,596,1.47751,0,0
025040107410003168d2a000a00000e2,2,2,0,322,276,750,597,1.02187,0,0
025040107410003168d2a000a00000e2,2,2,1,322,276,750,597,1.02187,0,0
025040107410003168d2a000a00000e2,2,2,2,322,276,750,597,1.02187,0,0
025040107410003168d2a000a00000e2,2,2,3,322,276,750,597,1.02187,0,0
025040107410003168d2a000a00000e2,2,2,4,322,276,750,597,1.02187,0,0
025040107410003168d2a000a00000e2,2,2,5,322,276,750,597,1.02187,0,0
025040107410003168d2a000a00000e2,2,2,6,322,276,750,597,1.02187,0,0
025040107410003168d2a000a00000e2,2,2,7,322,276,750,597,1.02187,0,0
025040107410003168d2a000a00000e2,2,2,8,322,276,750,597,1.02187,0,0
025040107410003168d2a000a00000e2,2,2,9,322,276,750,597,1.02187,0,0
025040107410003168d2a000a00000e2,2,2,10,322,276,750,597,1.02187,0,0
025040107410003168d2a000a00000e2,2,2,11,322,276,750,597,1.02187,0,0
025040107410003168d2a000a00000e2,2,2,12,322,276,750,597,1.02187,0,0
025040107410003168d2a000a00000e2,2,2,13,322,276,750,597,1.02187,0,0
025040107410003168d2a000a00000e2,2,2,14,322,276,750,597,1.02187,0,0
025040107410003168d2a000a00000e2,2,2,15,322,276,750,597,1.02187,0,0
025040107410003168d2a000a00000e2,2,2,16,322,276,750,597,1.02187,0,0
025040107410003168d2a000a00000e2,2,2,17,322,276,750,597,1.02187,0,0
025040107410003168d2a000a00000e2,2,2,18,322,276,750,597,1.02187,0,0
025040107410003168d2a000a00000e2,2,2,19,322,276,750,597,1.02187,0,0
025040107410003168d2a000a00000e2,2,2,20,322,276,750,597,1.02187,0,0
025040107410003168d2a000a00000e2,2,2,21,322,276,750,597,1.02187,0,0
025040107410003168d2a000a00000e2,2,2,22,322,276,750,597,1.02187,0,0
025040107410003168d2a000a00000e2,2,2,23,322,276,750,597,1.02187,0,0
025040107410003168d2a000a00000e2,2,2,24,322,276,750,597,1.02187,0,0
025040107410003168d2a000a00000e2,2,2,25,322,276,750,597,1.02187,0,0
025040107410003168d2a000a00000e2,2,2,26,322,276,750,597,1.02187,0,0
025040107410003168d2a000a00000e2,2,2,27,322,276,750,597,1.02187,0,0
025040107410003168d2a000a00000e2,2,2,28,322,276,750,597,1.02187,0,0
025040107410003168d2a000a00000e2,2,2,29,322,276,750,597,1.02187,0,0
025040107410003168d2a000a00000e2,2,2,30,322,276,750,597,1.02187,0,0
025040107410003168d2a000a00000e2,2,2,31,322,276,750,597,1.02187,0,0
025040107410003168d2a000a00000e2,2,2,32,322,276,750,597,1.02187,0,0
025040107410003168d2a000a00000e2,2,2,33,322,276,750,597,1.02187,0,0
025040107410003168d2a000a00000e2,2,2,34,322,276,750,597,1.02187,0,0
025040107410003168d2a000a00000e2,2,2,35,322,276,750,597,1.02187,0,0
025040107410003168d2a000a00000e2,2,2,36,322,276,750,597,1.02187,0,0
025040107410003168d2a000a00000e2,2,2,37,322,276,750,597,1.02187,0,0
025040107410003168d2a000a00000e2,2,2,38,322,276,750,597,1.02187,0,0
025040107410003168d2a000a00000e2,2,2,39,322,276,750,597,1.02187,0,0
025040107410003168d2a000a00000e2,2,2,40,322,276,750,597,1.02187,0,0
025040107410003168d2a000a00000e2,2,2,41,322,276,750,597,1.02187,0,0
025040107410003168d2a000a00000e2,2,2,42,322,276,750,597,1.02187,0,0
025040107410003168d2a000a00000e2,2,2,43,322,276,750,597,1.02187,0,0
025040107410003168d2a000a00000e2,2,2,44,322,276,750,597,1.02187,0,0
025040107410003168d2a000a00000e2,2,2,45,322,276,750,597,1.02187,0,0
025040107410003168d2a000a00000e2,2,2,46,322,276,750,597,1.02187,0,0
025040107410003168d2a000a00000e2,2,2,47,322,276,750,597,1.02187,0,0
025040107410003168d2a000a00000e2,2,2,48,322,276,750,597,1.02187,0,0
025040107410003168d2a000a00000e2,2,2,49,322,276,750,597,1.02187,0,0
025040107410003168d2a000a00000e2,2,2,50,322,276,750,597,1.02187,0,0
025040107410003168d2a000a00000e2,2,2,51,322,276,750,597,1.02187,0,0
025040107410003168d2a000a00000e2,2,2,52,322,276,750,597,1.02187,0,0
025040107410003168d2a000a00000e2,2,2,53,322,276,750,597,1.02187,0,0
025040107410003168d2a000a00000e2,2,2,54,322,276,750,597,1.02187,0,0
025040107410003168d2a000a00000e2,2,2,55,322,276,750,597,1.02187,0,0
025040107410003168d2a000a00000e2,2,2,56,322,276,750,597,1.02187,0,0
025040107410003168d2a000a00000e2,2,2,57,322,276,750,597,1.02187,0,0
025040107410003168d2a000a00000e2,2,2,58,322,276,750,597,1.02187,0,0
025040107410003168d2a000a00000e2,2,2,59,322,276,750,597,1.02187,0,0
025040107410003168d2a000a00000e2,2,2,60,322,276,750,597,1.02187,0,0
025040107410003168d2a000a00000e2,2,2,61,322,276,750,597,1.02187,0,0
025040107410003168d2a000a00000e2,2,2,62,322,276,750,597,1.02187,0,0
025040107410003168d2a000a00000e2,2,2,63,322,276,750,597,1.02187,0,0
025040107410003168d2a000a00000e2,2,2,0,322,276,751,597,1.49963,0,0
025040107410003168d2a000a00000e2,2,2,1,322,276,751,597,1.49963,0,0
025040107410003168d2a000a00000e2,2,2,2,322,276,751,597,1.49963,0,0
025040107410003168d2a000a00000e2,2,2,3,322,276,751,597,1.49963,0,0
025040107410003168d2a000a00000e2,2,2,4,322,276,751,597,1.49963,0,0
025040107410003168d2a000a00000e2,2,2,5,322,276,751,597,1.49963,0,0
025040107410003168d2a000a00000e2,2,2,6,322,276,751,597,1.49963,0,0
025040107410003168d2a000a00000e2,2,2,7,322,276,751,597,1.49963,0,0
025040107410003168d2a000a00000e2,2,2,8,322,276,751,597,1.49963,0,0
025040107410003168d2a000a00000e2,2,2,9,322,276,751,597,1.49963,0,0
025040107410003168d2a000a00000e2,2,2,10,322,276,751,597,1.49963,0,0
025040107410003168d2a000a00000e2,2,2,11,322,276,751,597,1.49963,0,0
025040107410003168d2a000a00000e2,2,2,12,322,276,751,597,1.49963,0,0
025040107410003168d2a000a00000e2,2,2,13,322,276,751,597,1.49963,0,0
025040107410003168d2a000a00000e2,2,2,14,322,276,751,597,1.49963,0,0
025040107410003168d2a000a00000e2,2,2,15,322,276,751,597,1.49963,0,0
025040107410003168d2a000a00000e2,2,2,16,322,276,751,597,1.49963,0,0
025040107410003168d2a000a00000e2,2,2,17,322,276,751,597,1.49963,0,0
025040107410003168d2a000a00000e2,2,2,18,322,276,751,597,1.49963,0,0
025040107410003168d2a000a00000e2,2,2,19,322,276,751,597,1.49963,0,0
025040107410003168d2a000a00000e2,2,2,20,322,276,751,597,1.49963,0,0
025040107410003168d2a000a00000e2,2,2,21,322,276,751,597,1.49963,0,0
025040107410003168d2a000a00000e2,2,2,22,322,276,751,597,1.49963,0,0
025040107410003168d2a000a00000e2,2,2,23,322,276,751,597,1.49963,0,0
025040107410003168d2a000a00000e2,2,2,24,322,276,751,597,1.49963,0,0
025040107410003168d2a000a00000e2,2,2,25,322,276,751,597,1.49963,0,0
025040107410003168d2a000a00000e2,2,2,26,322,276,751,597,1.49963,0,0
025040107410003168d2a000a00000e2,2,2,27,322,276,751,597,1.49963,0,0
025040107410003168d2a000a00000e2,2,2,28,322,276,751,597,1.49963,0,0
025040107410003168d2a000a00000e2,2,2,29,322,276,751,597,1.49963,0,0
025040107410003168d2a000a00000e2,2,2,30,322,276,751,597,1.49963,0,0
025040107410003168d2a000a00000e2,2,2,31,322,276,751,597,1.49963,0,0
025040107410003168d2a000a00000e2,2,2,32,322,276,751,597,1.49963,0,0
025040107410003168d2a000a00000e2,2,2,33,322,276,751,597,1.49963,0,0
025040107410003168d2a000a00000e2,2,2,34,322,276,751,597,1.49963,0,0
025040107410003168d2a000a00000e2,2,2,35,322,276,751,597,1.49963,0,0
025040107410003168d2a000a00000e2,2,2,36,322,276,751,597,1.49963,0,0
025040107410003168d2a000a00000e2,2,2,37,322,276,751,597,1.49963,0,0
025040107410003168d2a000a00000e2,2,2,38,322,276,751,597,1.49963,0,0
025040107410003168d2a000a00000e2,2,2,39,322,276,751,597,1.49963,0,0
025040107410003168d2a000a00000e2,2,2,40,322,276,751,597,1.49963,0,0
025040107410003168d2a000a00000e2,2,2,41,322,276,751,597,1.49963,0,0
025040107410003168d2a000a00000e2,2,2,42,322,276,751,597,1.49963,0,0
025040107410003168d2a000a00000e2,2,2,43,322,276,751,597,1.49963,0,0
025040107410003168d2a000a00000e2,2,2,44,322,276,751,597,1.49963,0,0
025040107410003168d2a000a00000e2,2,2,45,322,276,751,597,1.49963,0,0
025040107410003168d2a000a00000e2,2,2,46,322,276,751,597,1.49963,0,0
025040107410003168d2a000a00000e2,2,2,47,322,276,751,597,1.49963,0,0
025040107410003168d2a000a00000e2,2,2,48,322,276,751,597,1.49963,0,0
025040107410003168d2a000a00000e2,2,2,49,322,276,751,597,1.49963,0,0
025040107410003168d2a000a00000e2,2,2,50,322,276,751,597,1.49963,0,0
025040107410003168d2a000a00000e2,2,2,51,322,276,751,597,1.49963,0,0
025040107410003168d2a000a00000e2,2,2,52,322,276,751,597,1.49963,0,0
025040107410003168d2a000a00000e2,2,2,53,322,276,751,597,1.49963,0,0
025040107410003168d2a000a00000e2,2,2,54,322,276,751,597,1.49963,0,0
025040107410003168d2a000a00000e2,2,2,55,322,276,751,597,1.49963,0,0
025040107410003168d2a000a00000e2,2,2,56,322,276,751,597,1.49963,0,0
025040107410003168d2a000a00000e2,2,2,57,322,276,751,597,1.49963,0,0
025040107410003168d2a000a00000e2,2,2,58,322,276,751,597,1.49963,0,0
025040107410003168d2a000a00000e2,2,2,59,322,276,751,597,1.49963,0,0
025040107410003168d2a000a00000e2,2,2,60,322,276,751,597,1.49963,0,0
025040107410003168d2a000a00000e2,2,2,61,322,276,751,597,1.49963,0,0
025040107410003168d2a000a00000e2,2,2,62,322,276,751,597,1.49963,0,0
025040107410003168d2a000a00000e2,2,2,63,322,276,751,597,1.49963,0,0
025040107410003168d2a000a00000e2,2,2,0,322,276,752,598,1.0204,0,0
025040107410003168d2a000a00000e2,2,2,1,322,276,752,598,1.0204,0,0
025040107410003168d2a000a00000e2,2,2,2,322,276,752,598,1.0204,0,0
025040107410003168d2a000a00000e2,2,2,3,322,276,752,598,1.0204,0,0
025040107410003168d2a000a00000e2,2,2,4,322,276,752,598,1.0204,0,0
025040107410003168d2a000a00000e2,2,2,5,322,276,752,598,1.0204,0,0
025040107410003168d2a000a00000e2,2,2,6,322,276,752,598,1.0204,0,0
025040107410003168d2a000a00000e2,2,2,7,322,276,752,598,1.0204,0,0
025040107410003168d2a000a00000e2,2,2,8,322,276,752,598,1.0204,0,0
025040107410003168d2a000a00000e2,2,2,9,322,276,752,598,1.0204,0,0
025040107410003168d2a000a00000e2,2,2,10,322,276,752,598,1.0204,0,0
025040107410003168d2a000a00000e2,2,2,11,322,276,752,598,1.0204,0,0
025040107410003168d2a000a00000e2,2,2,12,322,276,752,598,1.0204,0,0
025040107410003168d2a000a00000e2,2,2,13,322,276,752,598,1.0204,0,0
025040107410003168d2a000a00000e2,2,2,14,322,276,752,598,1.0204,0,0
025040107410003168d2a000a00000e2,2,2,15,322,276,752,598,1.0204,0,0
025040107410003168d2a000a00000e2,2,2,16,322,276,752,598,1.0204,0,0
025040107410003168d2a000a00000e2,2,2,17,322,276,752,598,1.0204,0,0
025040107410003168d2a000a00000e2,2,2,18,322,276,752,598,1.0204,0,0
025040107410003168d2a000a00000e2,2,2,19,322,276,752,598,1.0204,0,0
025040107410003168d2a000a00000e2,2,2,20,322,276,752,598,1.0204,0,0
025040107410003168d2a000a00000e2,2,2,21,322,276,752,598,1.0204,0,0
025040107410003168d2a000a00000e2,2,2,22,322,276,752,598,1.0204,0,0
025040107410003168d2a000a00000e2,2,2,23,322,276,752,598,1.0204,0,0
025040107410003168d2a000a00000e2,2,2,24,322,276,752,598,1.0204,0,0
025040107410003168d2a000a00000e2,2,2,25,322,276,752,598,1.0204,0,0
025040107410003168d2a000a00000e2,2,2,26,322,276,752,598,1.0204,0,0
025040107410003168d2a000a00000e2,2,2,27,322,276,752,598,1.0204,0,0
025040107410003168d2a000a00000e2,2,2,28,322,276,752,598,1.0204,0,0
025040107410003168d2a000a00000e2,2,2,29,322,276,752,598,1.0204,0,0
025040107410003168d2a000a00000e2,2,2,30,322,276,752,598,1.0204,0,0
025040107410003168d2a000a00000e2,2,2,31,322,276,752,598,1.0204,0,0
025040107410003168d2a000a00000e2,2,2,32,322,276,752,598,1.0204,0,0
025040107410003168d2a000a00000e2,2,2,33,322,276,752,598,1.0204,0,0
025040107410003168d2a000a00000e2,2,2,34,322,276,752,598,1.0204,0,0
025040107410003168d2a000a00000e2,2,2,35,322,276,752,598,1.0204,0,0
025040107410003168d2a000a00000e2,2,2,36,322,276,752,598,1.0204,0,0
025040107410003168d2a000a00000e2,2,2,37,322,276,752,598,1.0204,0,0
025040107410003168d2a000a00000e2,2,2,38,322,276,752,598,1.0204,0,0
025040107410003168d2a000a00000e2,2,2,39,322,276,752,598,1.0204,0,0
025040107410003168d2a000a00000e2,2,2,40,322,276,752,598,1.0204,0,0
025040107410003168d2a000a00000e2,2,2,41,322,276,752,598,1.0204,0,0
025040107410003168d2a000a00000e2,2,2,42,322,276,752,598,1.0204,0,0
025040107410003168d2a000a00000e2,2,2,43,322,276,752,598,1.0204,0,0
025040107410003168d2a000a00000e2,2,2,44,322,276,752,598,1.0204,0,0
025040107410003168d2a000a00000e2,2,2,45,322,276,752,598,1.0204,0,0
025040107410003168d2a000a00000e2,2,2,46,322,276,752,598,1.0204,0,0
025040107410003168d2a000a00000e2,2,2,47,322,276,752,598,1.0204,0,0
025040107410003168d2a000a00000e2,2,2,48,322,276,752,598,1.0204,0,0
025040107410003168d2a000a00000e2,2,2,49,322,276,752,598,1.0204,0,0
025040107410003168d2a000a00000e2,2,2,50,322,276,752,598,1.0204,0,0
025040107410003168d2a000a00000e2,2,2,51,322,276,752,598,1.0204,0,0
025040107410003168d2a000a00000e2,2,2,52,322,276,752,598,1.0204,0,0
025040107410003168d2a000a00000e2,2,2,53,322,276,752,598,1.0204,0,0
025040107410003168d2a000a00000e2,2,2,54,322,276,752,598,1.0204,0,0
025040107410003168d2a000a00000e2,2,2,55,322,276,752,598,1.0204,0,0
025040107410003168d2a000a00000e2,2,2,56,322,276,752,598,1.0204,0,0
025040107410003168d2a000a00000e2,2,2,57,322,276,752,598,1.0204,0,0
025040107410003168d2a000a00000e2,2,2,58,322,276,752,598,1.0204,0,0
025040107410003168d2a000a00000e2,2,2,59,322,276,752,598,1.0204,0,0
025040107410003168d2a000a00000e2,2,2,60,322,276,752,598,1.0204,0,0
025040107410003168d2a000a00000e2,2,2,61,322,276,752,598,1.0204,0,0
025040107410003168d2a000a00000e2,2,2,62,322,276,752,598,1.0204,0,0
025040107410003168d2a000a00000e2,2,2,63,322,276,752,598,1.0204,0,0
025040107410003168d2a000a00000e2,2,2,0,322,276,753,599,1.00565,0,0
025040107410003168d2a000a00000e2,2,2,1,322,276,753,599,1.00565,0,0
025040107410003168d2a000a00000e2,2,2,2,322,276,753,599,1.00565,0,0
025040107410003168d2a000a00000e2,2,2,3,322,276,753,599,1.00565,0,0
025040107410003168d2a000a00000e2,2,2,4,322,276,753,599,1.00565,0,0
025040107410003168d2a000a00000e2,2,2,5,322,276,753,599,1.00565,0,0
025040107410003168d2a000a00000e2,2,2,6,322,276,753,599,1.00565,0,0
025040107410003168d2a000a00000e2,2,2,7,322,276,753,599,1.00565,0,0
025040107410003168d2a000a00000e2,2,2,8,322,276,753,599,1.00565,0,0
025040107410003168d2a000a00000e2,2,2,9,322,276,753,599,1.00565,0,0
025040107410003168d2a000a00000e2,2,2,10,322,276,753,599,1.00565,0,0
025040107410003168d2a000a00000e2,2,2,11,322,276,753,599,1.00565,0,0
025040107410003168d2a000a00000e2,2,2,12,322,276,753,599,1.00565,0,0
025040107410003168d2a000a00000e2,2,2,13,322,276,753,599,1.00565,0,0
025040107410003168d2a000a00000e2,2,2,14,322,276,753,599,1.00565,6,0.00596629
025040107410003168d2a000a00000e2,2,2,15,322,276,753,599,1.00565,0,0
025040107410003168d2a000a00000e2,2,2,16,322,276,753,599,1.00565,3,0.00298315
025040107410003168d2a000a00000e2,2,2,17,322,276,753,599,1.00565,0,0
025040107410003168d2a000a00000e2,2,2,18,322,276,753,599,1.00565,0,0
025040107410003168d2a000a00000e2,2,2,19,322,276,753,599,1.00565,0,0
025040107410003168d2a000a00000e2,2,2,20,322,276,753,599,1.00565,3,0.00298315
025040107410003168d2a000a00000e2,2,2,21,322,276,753,599,1.00565,2,0.00198876
025040107410003168d2a000a00000e2,2,2,22,322,276,753,599,1.00565,4,0.00397753
025040107410003168d2a000a00000e2,2,2,23,322,276,753,599,1.00565,7,0.00696067
025040107410003168d2a000a00000e2,2,2,24,322,276,753,599,1.00565,2,0.00198876
025040107410003168d2a000a00000e2,2,2,25,322,276,753,599,1.00565,0,0
025040107410003168d2a000a00000e2,2,2,26,322,276,753,599,1.00565,3,0.00298315
025040107410003168d2a000a00000e2,2,2,27,322,276,753,599,1.00565,3,0.00298315
025040107410003168d2a000a00000e2,2,2,28,322,276,753,599,1.00565,3,0.00298315
025040107410003168d2a000a00000e2,2,2,29,322,276,753,599,1.00565,3,0.00298315
025040107410003168d2a000a00000e2,2,2,30,322,276,753,599,1.00565,3,0.00298315
025040107410003168d2a000a00000e2,2,2,31,322,276,753,599,1.00565,8,0.00795505
025040107410003168d2a000a00000e2,2,2,32,322,276,753,599,1.00565,7,0.00696067
025040107410003168d2a000a00000e2,2,2,33,322,276,753,599,1.00565,0,0
025040107410003168d2a000a00000e2,2,2,34,322,276,753,599,1.00565,1,0.000994382
025040107410003168d2a000a00000e2,2,2,35,322,276,753,599,1.00565,3,0.00298315
025040107410003168d2a000a00000e2,2,2,36,322,276,753,599,1.00565,9,0.00894944
025040107410003168d2a000a00000e2,2,2,37,322,276,753,599,1.00565,1,0.000994382
025040107410003168d2a000a00000e2,2,2,38,322,276,753,599,1.00565,9,0.00894944
025040107410003168d2a000a00000e2,2,2,39,322,276,753,599,1.00565,6,0.00596629
025040107410003168d2a000a00000e2,2,2,40,322,276,753,599,1.00565,10,0.00994382
025040107410003168d2a000a00000e2,2,2,41,322,276,753,599,1.00565,0,0
025040107410003168d2a000a00000e2,2,2,42,322,276,753,599,1.00565,9,0.00894944
025040107410003168d2a000a00000e2,2,2,43,322,276,753,599,1.00565,2,0.00198876
025040107410003168d2a000a00000e2,2,2,44,322,276,753,599,1.00565,2,0.00198876
025040107410003168d2a000a00000e2,2,2,45,322,276,753,599,1.00565,0,0
025040107410003168d2a000a00000e2,2,2,46,322,276,753,599,1.00565,3,0.00298315
025040107410003168d2a000a00000e2,2,2,47,322,276,753,599,1.00565,0,0
025040107410003168d2a000a00000e2,2,2,48,322,276,753,599,1.00565,4,0.00397753
025040107410003168d2a000a00000e2,2,2,49,322,276,753,599,1.00565,0,0
025040107410003168d2a000a00000e2,2,2,50,322,276,753,599,1.00565,3,0.00298315
025040107410003168d2a000a00000e2,2,2,51,322,276,753,599,1.00565,0,0
025040107410003168d2a000a00000e2,2,2,52,322,276,753,599,1.00565,3,0.00298315
025040107410003168d2a000a00000e2,2,2,53,322,276,753,599,1.00565,0,0
025040107410003168d2a000a00000e2,2,2,54,322,276,753,599,1.00565,0,0
025040107410003168d2a000a00000e2,2,2,55,322,276,753,599,1.00565,0,0
025040107410003168d2a000a00000e2,2,2,56,322,276,753,599,1.00565,3,0.00298315
025040107410003168d2a000a00000e2,2,2,57,322,276,753,599,1.00565,0,0
025040107410003168d2a000a00000e2,2,2,58,322,276,753,599,1.00565,0,0
025040107410003168d2a000a00000e2,2,2,59,322,276,753,599,1.00565,0,0
025040107410003168d2a000a00000e2,2,2,60,322,276,753,599,1.00565,0,0
025040107410003168d2a000a00000e2,2,2,61,322,276,753,599,1.00565,0,0
025040107410003168d2a000a00000e2,2,2,62,322,276,753,599,1.00565,0,0
025040107410003168d2a000a00000e2,2,2,63,322,276,753,599,1.00565,0,0
025040107410003168d2a000a00000e2,2,2,0,322,276,754,600,1.03367,0,0
025040107410003168d2a000a00000e2,2,2,1,322,276,754,600,1.03367,0,0
025040107410003168d2a000a00000e2,2,2,2,322,276,754,600,1.03367,0,0
025040107410003168d2a000a00000e2,2,2,3,322,276,754,600,1.03367,0,0
025040107410003168d2a000a00000e2,2,2,4,322,276,754,600,1.03367,0,0
025040107410003168d2a000a00000e2,2,2,5,322,276,754,600,1.03367,0,0
025040107410003168d2a000a00000e2,2,2,6,322,276,754,600,1.03367,0,0
025040107410003168d2a000a00000e2,2,2,7,322,276,754,600,1.03367,0,0
025040107410003168d2a000a00000e2,2,2,8,322,276,754,600,1.03367,0,0
025040107410003168d2a000a00000e2,2,2,9,322,276,754,600,1.03367,0,0
025040107410003168d2a000a00000e2,2,2,10,322,276,754,600,1.03367,0,0
025040107410003168d2a000a00000e2,2,2,11,322,276,754,600,1.03367,0,0
025040107410003168d2a000a00000e2,2,2,12,322,276,754,600,1.03367,0,0
025040107410003168d2a000a00000e2,2,2,13,322,276,754,600,1.03367,0,0
025040107410003168d2a000a00000e2,2,2,14,322,276,754,600,1.03367,0,0
025040107410003168d2a000a00000e2,2,2,15,322,276,754,600,1.03367,0,0
025040107410003168d2a000a00000e2,2,2,16,322,276,754,600,1.03367,0,0
025040107410003168d2a000a00000e2,2,2,17,322,276,754,600,1.03367,0,0
025040107410003168d2a000a00000e2,2,2,18,322,276,754,600,1.03367,0,0
025040107410003168d2a000a00000e2,2,2,19,322,276,754,600,1.03367,0,0
025040107410003168d2a000a00000e2,2,2,20,322,276,754,600,1.03367,0,0
025040107410003168d2a000a00000e2,2,2,21,322,276,754,600,1.03367,0,0
025040107410003168d2a000a00000e2,2,2,22,322,276,754,600,1.03367,0,0
025040107410003168d2a000a00000e2,2,2,23,322,276,754,600,1.03367,0,0
025040107410003168d2a000a00000e2,2,2,24,322,276,754,600,1.03367,0,0
025040107410003168d2a000a00000e2,2,2,25,322,276,754,600,1.03367,0,0
025040107410003168d2a000a00000e2,2,2,26,322,276,754,600,1.03367,0,0
025040107410003168d2a000a00000e2,2,2,27,322,276,754,600,1.03367,0,0
025040107410003168d2a000a00000e2,2,2,28,322,276,754,600,1.03367,0,0
025040107410003168d2a000a00000e2,2,2,29,322,276,754,600,1.03367,0,0
025040107410003168d2a000a00000e2,2,2,30,322,276,754,600,1.03367,0,0
025040107410003168d2a000a00000e2,2,2,31,322,276,754,600,1.03367,0,0
025040107410003168d2a000a00000e2,2,2,32,322,276,754,600,1.03367,0,0
025040107410003168d2a000a00000e2,2,2,33,322,276,754,600,1.03367,0,0
025040107410003168d2a000a00000e2,2,2,34,322,276,754,600,1.03367,0,0
025040107410003168d2a000a00000e2,2,2,35,322,276,754,600,1.03367,0,0
025040107410003168d2a000a00000e2,2,2,36,322,276,754,600,1.03367,0,0
025040107410003168d2a000a00000e2,2,2,37,322,276,754,600,1.03367,0,0
025040107410003168d2a000a00000e2,2,2,38,322,276,754,600,1.03367,0,0
025040107410003168d2a000a00000e2,2,2,39,322,276,754,600,1.03367,0,0
025040107410003168d2a000a00000e2,2,2,40,322,276,754,600,1.03367,0,0
025040107410003168d2a000a00000e2,2,2,41,322,276,754,600,1.03367,0,0
025040107410003168d2a000a00000e2,2,2,42,322,276,754,600,1.03367,0,0
025040107410003168d2a000a00000e2,2,2,43,322,276,754,600,1.03367,0,0
025040107410003168d2a000a00000e2,2,2,44,322,276,754,600,1.03367,0,0
025040107410003168d2a000a00000e2,2,2,45,322,276,754,600,1.03367,0,0
025040107410003168d2a000a00000e2,2,2,46,322,276,754,600,1.03367,0,0
025040107410003168d2a000a00000e2,2,2,47,322,276,754,600,1.03367,0,0
025040107410003168d2a000a00000e2,2,2,48,322,276,754,600,1.03367,0,0
025040107410003168d2a000a00000e2,2,2,49,322,276,754,600,1.03367,0,0
025040107410003168d2a000a00000e2,2,2,50,322,276,754,600,1.03367,0,0
025040107410003168d2a000a00000e2,2,2,51,322,276,754,600,1.03367,0,0
025040107410003168d2a000a00000e2,2,2,52,322,276,754,600,1.03367,0,0
025040107410003168d2a000a00000e2,2,2,53,322,276,754,600,1.03367,0,0
025040107410003168d2a000a00000e2,2,2,54,322,276,754,600,1.03367,0,0
025040107410003168d2a000a00000e2,2,2,55,322,276,754,600,1.03367,0,0
025040107410003168d2a000a00000e2,2,2,56,322,276,754,600,1.03367,0,0
025040107410003168d2a000a00000e2,2,2,57,322,276,754,600,1.03367,0,0
025040107410003168d2a000a00000e2,2,2,58,322,276,754,600,1.03367,0,0
025040107410003168d2a000a00000e2,2,2,59,322,276,754,600,1.03367,0,0
025040107410003168d2a000a00000e2,2,2,60,322,276,754,600,1.03367,0,0
025040107410003168d2a000a00000e2,2,2,61,322,276,754,600,1.03367,0,0
025040107410003168d2a000a00000e2,2,2,62,322,276,754,600,1.03367,0,0
025040107410003168d2a000a00000e2,2,2,63,322,276,754,600,1.03367,0,0
025040107410003168d2a000a00000e2,2,2,0,322,276,755,600,1.04989,0,0
025040107410003168d2a000a00000e2,2,2,1,322,276,755,600,1.04989,0,0
025040107410003168d2a000a00000e2,2,2,2,322,276,755,600,1.04989,0,0
025040107410003168d2a000a00000e2,2,2,3,322,276,755,600,1.04989,0,0
025040107410003168d2a000a00000e2,2,2,4,322,276,755,600,1.04989,0,0
025040107410003168d2a000a00000e2,2,2,5,322,276,755,600,1.04989,0,0
025040107410003168d2a000a00000e2,2,2,6,322,276,755,600,1.04989,0,0
025040107410003168d2a000a00000e2,2,2,7,322,276,755,600,1.04989,0,0
025040107410003168d2a000a00000e2,2,2,8,322,276,755,600,1.04989,0,0
025040107410003168d2a000a00000e2,2,2,9,322,276,755,600,1.04989,0,0
025040107410003168d2a000a00000e2,2,2,10,322,276,755,600,1.04989,0,0
025040107410003168d2a000a00000e2,2,2,11,322,276,755,600,1.04989,0,0
025040107410003168d2a000a00000e2,2,2,12,322,276,755,600,1.04989,0,0
025040107410003168d2a000a00000e2,2,2,13,322,276,755,600,1.04989,0,0
025040107410003168d2a000a00000e2,2,2,14,322,276,755,600,1.04989,0,0
025040107410003168d2a000a00000e2,2,2,15,322,276,755,600,1.04989,0,0
025040107410003168d2a000a00000e2,2,2,16,322,276,755,600,1.04989,0,0
025040107410003168d2a000a00000e2,2,2,17,322,276,755,600,1.04989,0,0
025040107410003168d2a000a00000e2,2,2,18,322,276,755,600,1.04989,0,0
025040107410003168d2a000a00000e2,2,2,19,322,276,755,600,1.04989,0,0
025040107410003168d2a000a00000e2,2,2,20,322,276,755,600,1.04989,0,0
025040107410003168d2a000a00000e2,2,2,21,322,276,755,600,1.04989,0,0
025040107410003168d2a000a00000e2,2,2,22,322,276,755,600,1.04989,0,0
025040107410003168d2a000a00000e2,2,2,23,322,276,755,600,1.04989,0,0
025040107410003168d2a000a00000e2,2,2,24,322,276,755,600,1.04989,0,0
025040107410003168d2a000a00000e2,2,2,25,322,276,755,600,1.04989,0,0
025040107410003168d2a000a00000e2,2,2,26,322,276,755,600,1.04989,0,0
025040107410003168d2a000a00000e2,2,2,27,322,276,755,600,1.04989,0,0
025040107410003168d2a000a00000e2,2,2,28,322,276,755,600,1.04989,0,0
025040107410003168d2a000a00000e2,2,2,29,322,276,755,600,1.04989,0,0
025040107410003168d2a000a00000e2,2,2,30,322,276,755,600,1.04989,0,0
025040107410003168d2a000a00000e2,2,2,31,322,276,755,600,1.04989,0,0
025040107410003168d2a000a00000e2,2,2,32,322,276,755,600,1.04989,0,0
025040107410003168d2a000a00000e2,2,2,33,322,276,755,600,1.04989,0,0
025040107410003168d2a000a00000e2,2,2,34,322,276,755,600,1.04989,0,0
025040107410003168d2a000a00000e2,2,2,35,322,276,755,600,1.04989,0,0
025040107410003168d2a000a00000e2,2,2,36,322,276,755,600,1.04989,0,0
025040107410003168d2a000a00000e2,2,2,37,322,276,755,600,1.04989,0,0
025040107410003168d2a000a00000e2,2,2,38,322,276,755,600,1.04989,0,0
025040107410003168d2a000a00000e2,2,2,39,322,276,755,600,1.04989,0,0
025040107410003168d2a000a00000e2,2,2,40,322,276,755,600,1.04989,0,0
025040107410003168d2a000a00000e2,2,2,41,322,276,755,600,1.04989,0,0
025040107410003168d2a000a00000e2,2,2,42,322,276,755,600,1.04989,0,0
025040107410003168d2a000a00000e2,2,2,43,322,276,755,600,1.04989,0,0
025040107410003168d2a000a00000e2,2,2,44,322,276,755,600,1.04989,0,0
025040107410003168d2a000a00000e2,2,2,45,322,276,755,600,1.04989,0,0
025040107410003168d2a000a00000e2,2,2,46,322,276,755,600,1.04989,0,0
025040107410003168d2a000a00000e2,2,2,47,322,276,755,600,1.04989,0,0
025040107410003168d2a000a00000e2,2,2,48,322,276,755,600,1.04989,0,0
025040107410003168d2a000a00000e2,2,2,49,322,276,755,600,1.04989,0,0
025040107410003168d2a000a00000e2,2,2,50,322,276,755,600,1.04989,0,0
025040107410003168d2a000a00000e2,2,2,51,322,276,755,600,1.04989,0,0
025040107410003168d2a000a00000e2,2,2,52,322,276,755,600,1.04989,0,0
025040107410003168d2a000a00000e2,2,2,53,322,276,755,600,1.04989,0,0
025040107410003168d2a000a00000e2,2,2,54,322,276,755,600,1.04989,0,0
025040107410003168d2a000a00000e2,2,2,55,322,276,755,600,1.04989,0,0
025040107410003168d2a000a00000e2,2,2,56,322,276,755,600,1.04989,0,0
025040107410003168d2a000a00000e2,2,2,57,322,276,755,600,1.04989,0,0
025040107410003168d2a000a00000e2,2,2,58,322,276,755,600,1.04989,0,0
025040107410003168d2a000a00000e2,2,2,59,322,276,755,600,1.04989,0,0
025040107410003168d2a000a00000e2,2,2,60,322,276,755,600,1.04989,0,0
025040107410003168d2a000a00000e2,2,2,61,322,276,755,600,1.04989,0,0
025040107410003168d2a000a00000e2,2,2,62,322,276,755,600,1.04989,0,0
025040107410003168d2a000a00000e2,2,2,63,322,276,755,600,1.04989,0,0
025040107410003168d2a000a00000e2,2,2,0,322,276,756,601,1.06611,0,0
025040107410003168d2a000a00000e2,2,2,1,322,276,756,601,1.06611,0,0
025040107410003168d2a000a00000e2,2,2,2,322,276,756,601,1.06611,0,0
025040107410003168d2a000a00000e2,2,2,3,322,276,756,601,1.06611,0,0
025040107410003168d2a000a00000e2,2,2,4,322,276,756,601,1.06611,0,0
025040107410003168d2a000a00000e2,2,2,5,322,276,756,601,1.06611,0,0
025040107410003168d2a000a00000e2,2,2,6,322,276,756,601,1.06611,0,0
025040107410003168d2a000a00000e2,2,2,7,322,276,756,601,1.06611,0,0
025040107410003168d2a000a00000e2,2,2,8,322,276,756,601,1.06611,0,0
025040107410003168d2a000a00000e2,2,2,9,322,276,756,601,1.06611,0,0
025040107410003168d2a000a00000e2,2,2,10,322,276,756,601,1.06611,0,0
025040107410003168d2a000a00000e2,2,2,11,322,276,756,601,1.06611,0,0
025040107410003168d2a000a00000e2,2,2,12,322,276,756,601,1.06611,0,0
025040107410003168d2a000a00000e2,2,2,13,322,276,756,601,1.06611,0,0
025040107410003168d2a000a00000e2,2,2,14,322,276,756,601,1.06611,0,0
025040107410003168d2a000a00000e2,2,2,15,322,276,756,601,1.06611,0,0
025040107410003168d2a000a00000e2,2,2,16,322,276,756,601,1.06611,0,0
025040107410003168d2a000a00000e2,2,2,17,322,276,756,601,1.06611,0,0
025040107410003168d2a000a00000e2,2,2,18,322,276,756,601,1.06611,0,0
025040107410003168d2a000a00000e2,2,2,19,322,276,756,601,1.06611,0,0
025040107410003168d2a000a00000e2,2,2,20,322,276,756,601,1.06611,0,0
025040107410003168d2a000a00000e2,2,2,21,322,276,756,601,1.06611,0,0
025040107410003168d2a000a00000e2,2,2,22,322,276,756,601,1.06611,0,0
025040107410003168d2a000a00000e2,2,2,23,322,276,756,601,1.06611,0,0
025040107410003168d2a000a00000e2,2,2,24,322,276,756,601,1.06611,0,0
025040107410003168d2a000a00000e2,2,2,25,322,276,756,601,1.06611,0,0
025040107410003168d2a000a00000e2,2,2,26,322,276,756,601,1.06611,0,0
025040107410003168d2a000a00000e2,2,2,27,322,276,756,601,1.06611,0,0
025040107410003168d2a000a00000e2,2,2,28,322,276,756,601,1.06611,0,0
025040107410003168d2a000a00000e2,2,2,29,322,276,756,601,1.06611,0,0
025040107410003168d2a000a00000e2,2,2,30,322,276,756,601,1.06611,0,0
025040107410003168d2a000a00000e2,2,2,31,322,276,756,601,1.06611,0,0
025040107410003168d2a000a00000e2,2,2,32,322,276,756,601,1.06611,0,0
025040107410003168d2a000a00000e2,2,2,33,322,276,756,601,1.06611,0,0
025040107410003168d2a000a00000e2,2,2,34,322,276,756,601,1.06611,0,0
025040107410003168d2a000a00000e2,2,2,35,322,276,756,601,1.06611,0,0
025040107410003168d2a000a00000e2,2,2,36,322,276,756,601,1.06611,0,0
025040107410003168d2a000a00000e2,2,2,37,322,276,756,601,1.06611,0,0
025040107410003168d2a000a00000e2,2,2,38,322,276,756,601,1.06611,0,0
025040107410003168d2a000a00000e2,2,2,39,322,276,756,601,1.06611,0,0
025040107410003168d2a000a00000e2,2,2,40,322,276,756,601,1.06611,0,0
025040107410003168d2a000a00000e2,2,2,41,322,276,756,601,1.06611,0,0
025040107410003168d2a000a00000e2,2,2,42,322,276,756,601,1.06611,0,0
025040107410003168d2a000a00000e2,2,2,43,322,276,756,601,1.06611,0,0
025040107410003168d2a000a00000e2,2,2,44,322,276,756,601,1.06611,0,0
025040107410003168d2a000a00000e2,2,2,45,322,276,756,601,1.06611,0,0
025040107410003168d2a000a00000e2,2,2,46,322,276,756,601,1.06611,0,0
025040107410003168d2a000a00000e2,2,2,47,322,276,756,601,1.06611,0,0
025040107410003168d2a000a00000e2,2,2,48,322,276,756,601,1.06611,0,0
025040107410003168d2a000a00000e2,2,2,49,322,276,756,601,1.06611,0,0
025040107410003168d2a000a00000e2,2,2,50,322,276,756,601,1.06611,0,0
025040107410003168d2a000a00000e2,2,2,51,322,276,756,601,1.06611,0,0
025040107410003168d2a000a00000e2,2,2,52,322,276,756,601,1.06611,0,0
025040107410003168d2a000a00000e2,2,2,53,322,276,756,601,1.06611,0,0
025040107410003168d2a000a00000e2,2,2,54,322,276,756,601,1.06611,0,0
025040107410003168d2a000a00000e2,2,2,55,322,276,756,601,1.06611,0,0
025040107410003168d2a000a00000e2,2,2,56,322,276,756,601,1.06611,0,0
025040107410003168d2a000a00000e2,2,2,57,322,276,756,601,1.06611,0,0
025040107410003168d2a000a00000e2,2,2,58,322,276,756,601,1.06611,0,0
025040107410003168d2a000a00000e2,2,2,59,322,276,756,601,1.06611,0,0
025040107410003168d2a000a00000e2,2,2,60,322,276,756,601,1.06611,0,0
025040107410003168d2a000a00000e2,2,2,61,322,276,756,601,1.06611,0,0
025040107410003168d2a000a00000e2,2,2,62,322,276,756,601,1.06611,0,0
025040107410003168d2a000a00000e2,2,2,63,322,276,756,601,1.06611,0,0
025040107410003168d2a000a00000e2,2,2,0,322,276,757,602,1.05726,0,0
025040107410003168d2a000a00000e2,2,2,1,322,276,757,602,1.05726,0,0
025040107410003168d2a000a00000e2,2,2,2,322,276,757,602,1.05726,0,0
025040107410003168d2a000a00000e2,2,2,3,322,276,757,602,1.05726,0,0
025040107410003168d2a000a00000e2,2,2,4,322,276,757,602,1.05726,0,0
025040107410003168d2a000a00000e2,2,2,5,322,276,757,602,1.05726,0,0
025040107410003168d2a000a00000e2,2,2,6,322,276,757,602,1.05726,0,0
025040107410003168d2a000a00000e2,2,2,7,322,276,757,602,1.05726,0,0
025040107410003168d2a000a00000e2,2,2,8,322,276,757,602,1.05726,0,0
025040107410003168d2a000a00000e2,2,2,9,322,276,757,602,1.05726,0,0
025040107410003168d2a000a00000e2,2,2,10,322,276,757,602,1.05726,0,0
025040107410003168d2a000a00000e2,2,2,11,322,276,757,602,1.05726,0,0
025040107410003168d2a000a00000e2,2,2,12,322,276,757,602,1.05726,0,0
025040107410003168d2a000a00000e2,2,2,13,322,276,757,602,1.05726,0,0
025040107410003168d2a000a00000e2,2,2,14,322,276,757,602,1.05726,0,0
025040107410003168d2a000a00000e2,2,2,15,322,276,757,602,1.05726,0,0
025040107410003168d2a000a00000e2,2,2,16,322,276,757,602,1.05726,0,0
025040107410003168d2a000a00000e2,2,2,17,322,276,757,602,1.05726,0,0
025040107410003168d2a000a00000e2,2,2,18,322,276,757,602,1.05726,0,0
025040107410003168d2a000a00000e2,2,2,19,322,276,757,602,1.05726,0,0
025040107410003168d2a000a00000e2,2,2,20,322,276,757,602,1.05726,0,0
025040107410003168d2a000a00000e2,2,2,21,322,276,757,602,1.05726,0,0
025040107410003168d2a000a00000e2,2,2,22,322,276,757,602,1.05726,0,0
025040107410003168d2a000a00000e2,2,2,23,322,276,757,602,1.05726,0,0
025040107410003168d2a000a00000e2,2,2,24,322,276,757,602,1.05726,0,0
025040107410003168d2a000a00000e2,2,2,25,322,276,757,602,1.05726,0,0
025040107410003168d2a000a00000e2,2,2,26,322,276,757,602,1.05726,0,0
025040107410003168d2a000a00000e2,2,2,27,322,276,757,602,1.05726,0,0
025040107410003168d2a000a00000e2,2,2,28,322,276,757,602,1.05726,0,0
025040107410003168d2a000a00000e2,2,2,29,322,276,757,602,1.05726,0,0
025040107410003168d2a000a00000e2,2,2,30,322,276,757,602,1.05726,0,0
025040107410003168d2a000a00000e2,2,2,31,322,276,757,602,1.05726,0,0
025040107410003168d2a000a00000e2,2,2,32,322,276,757,602,1.05726,0,0
025040107410003168d2a000a00000e2,2,2,33,322,276,757,602,1.05726,0,0
025040107410003168d2a000a00000e2,2,2,34,322,276,757,602,1.05726,0,0
025040107410003168d2a000a00000e2,2,2,35,322,276,757,602,1.05726,0,0
025040107410003168d2a000a00000e2,2,2,36,322,276,757,602,1.05726,0,0
025040107410003168d2a000a00000e2,2,2,37,322,276,757,602,1.05726,0,0
025040107410003168d2a000a00000e2,2,2,38,322,276,757,602,1.05726,0,0
025040107410003168d2a000a00000e2,2,2,39,322,276,757,602,1.05726,0,0
025040107410003168d2a000a00000e2,2,2,40,322,276,757,602,1.05726,0,0
025040107410003168d2a000a00000e2,2,2,41,322,276,757,602,1.05726,0,0
025040107410003168d2a000a00000e2,2,2,42,322,276,757,602,1.05726,0,0
025040107410003168d2a000a00000e2,2,2,43,322,276,757,602,1.05726,0,0
025040107410003168d2a000a00000e2,2,2,44,322,276,757,602,1.05726,0,0
025040107410003168d2a000a00000e2,2,2,45,322,276,757,602,1.05726,0,0
025040107410003168d2a000a00000e2,2,2,46,322,276,757,602,1.05726,0,0
025040107410003168d2a000a00000e2,2,2,47,322,276,757,602,1.05726,0,0
025040107410003168d2a000a00000e2,2,2,48,322,276,757,602,1.05726,0,0
025040107410003168d2a000a00000e2,2,2,49,322,276,757,602,1.05726,0,0
025040107410003168d2a000a00000e2,2,2,50,322,276,757,602,1.05726,0,0
025040107410003168d2a000a00000e2,2,2,51,322,276,757,602,1.05726,0,0
025040107410003168d2a000a00000e2,2,2,52,322,276,757,602,1.05726,0,0
025040107410003168d2a000a00000e2,2,2,53,322,276,757,602,1.05726,0,0
025040107410003168d2a000a00000e2,2,2,54,322,276,757,602,1.05726,0,0
025040107410003168d2a000a00000e2,2,2,55,322,276,757,602,1.05726,0,0
025040107410003168d2a000a00000e2,2,2,56,322,276,757,602,1.05726,0,0
025040107410003168d2a000a00000e2,2,2,57,322,276,757,602,1.05726,0,0
025040107410003168d2a000a00000e2,2,2,58,322,276,757,602,1.05726,0,0
025040107410003168d2a000a00000e2,2,2,59,322,276,757,602,1.05726,0,0
025040107410003168d2a000a00000e2,2,2,60,322,276,757,602,1.05726,0,0
025040107410003168d2a000a00000e2,2,2,61,322,276,757,602,1.05726,0,0
025040107410003168d2a000a00000e2,2,2,62,322,276,757,602,1.05726,0,0
025040107410003168d2a000a00000e2,2,2,63,322,276,757,602,1.05726,0,0
025040107410003168d2a000a00000e2,2,2,0,322,276,758,603,1.04841,0,0
025040107410003168d2a000a00000e2,2,2,1,322,276,758,603,1.04841,0,0
025040107410003168d2a000a00000e2,2,2,2,322,276,758,603,1.04841,0,0
025040107410003168d2a000a00000e2,2,2,3,322,276,758,603,1.04841,0,0
025040107410003168d2a000a00000e2,2,2,4,322,276,758,603,1.04841,0,0
025040107410003168d2a000a00000e2,2,2,5,322,276,758,603,1.04841,0,0
025040107410003168d2a000a00000e2,2,2,6,322,276,758,603,1.04841,0,0
025040107410003168d2a000a00000e2,2,2,7,322,276,758,603,1.04841,0,0
025040107410003168d2a000a00000e2,2,2,8,322,276,758,603,1.04841,0,0
025040107410003168d2a000a00000e2,2,2,9,322,276,758,603,1.04841,0,0
025040107410003168d2a000a00000e2,2,2,10,322,276,758,603,1.04841,0,0
025040107410003168d2a000a00000e2,2,2,11,322,276,758,603,1.04841,0,0
025040107410003168d2a000a00000e2,2,2,12,322,276,758,603,1.04841,0,0
025040107410003168d2a000a00000e2,2,2,13,322,276,758,603,1.04841,0,0
025040107410003168d2a000a00000e2,2,2,14,322,276,758,603,1.04841,0,0
025040107410003168d2a000a00000e2,2,2,15,322,276,758,603,1.04841,0,0
025040107410003168d2a000a00000e2,2,2,16,322,276,758,603,1.04841,0,0
025040107410003168d2a000a00000e2,2,2,17,322,276,758,603,1.04841,0,0
025040107410003168d2a000a00000e2,2,2,18,322,276,758,603,1.04841,0,0
025040107410003168d2a000a00000e2,2,2,19,322,276,758,603,1.04841,0,0
025040107410003168d2a000a00000e2,2,2,20,322,276,758,603,1.04841,0,0
025040107410003168d2a000a00000e2,2,2,21,322,276,758,603,1.04841,0,0
025040107410003168d2a000a00000e2,2,2,22,322,276,758,603,1.04841,0,0
025040107410003168d2a000a00000e2,2,2,23,322,276,758,603,1.04841,0,0
025040107410003168d2a000a00000e2,2,2,24,322,276,758,603,1.04841,0,0
025040107410003168d2a000a00000e2,2,2,25,322,276,758,603,1.04841,0,0
025040107410003168d2a000a00000e2,2,2,26,322,276,758,603,1.04841,0,0
025040107410003168d2a000a00000e2,2,2,27,322,276,758,603,1.04841,0,0
025040107410003168d2a000a00000e2,2,2,28,322,276,758,603,1.04841,0,0
025040107410003168d2a000a00000e2,2,2,29,322,276,758,603,1.04841,0,0
025040107410003168d2a000a00000e2,2,2,30,322,276,758,603,1.04841,0,0
025040107410003168d2a000a00000e2,2,2,31,322,276,758,603,1.04841,0,0
025040107410003168d2a000a00000e2,2,2,32,322,276,758,603,1.04841,0,0
025040107410003168d2a000a00000e2,2,2,33,322,276,758,603,1.04841,0,0
025040107410003168d2a000a00000e2,2,2,34,322,276,758,603,1.04841,0,0
025040107410003168d2a000a00000e2,2,2,35,322,276,758,603,1.04841,0,0
025040107410003168d2a000a00000e2,2,2,36,322,276,758,603,1.04841,0,0
025040107410003168d2a000a00000e2,2,2,37,322,276,758,603,1.04841,0,0
025040107410003168d2a000a00000e2,2,2,38,322,276,758,603,1.04841,0,0
025040107410003168d2a000a00000e2,2,2,39,322,276,758,603,1.04841,0,0
025040107410003168d2a000a00000e2,2,2,40,322,276,758,603,1.04841,0,0
025040107410003168d2a000a00000e2,2,2,41,322,276,758,603,1.04841,0,0
025040107410003168d2a000a00000e2,2,2,42,322,276,758,603,1.04841,0,0
025040107410003168d2a000a00000e2,2,2,43,322,276,758,603,1.04841,0,0
025040107410003168d2a000a00000e2,2,2,44,322,276,758,603,1.04841,0,0
025040107410003168d2a000a00000e2,2,2,45,322,276,758,603,1.04841,0,0
025040107410003168d2a000a00000e2,2,2,46,322,276,758,603,1.04841,0,0
025040107410003168d2a000a00000e2,2,2,47,322,276,758,603,1.04841,0,0
025040107410003168d2a000a00000e2,2,2,48,322,276,758,603,1.04841,0,0
025040107410003168d2a000a00000e2,2,2,49,322,276,758,603,1.04841,0,0
025040107410003168d2a000a00000e2,2,2,50,322,276,758,603,1.04841,0,0
025040107410003168d2a000a00000e2,2,2,51,322,276,758,603,1.04841,0,0
025040107410003168d2a000a00000e2,2,2,52,322,276,758,603,1.04841,0,0
025040107410003168d2a000a00000e2,2,2,53,322,276,758,603,1.04841,0,0
025040107410003168d2a000a00000e2,2,2,54,322,276,758,603,1.04841,0,0
025040107410003168d2a000a00000e2,2,2,55,322,276,758,603,1.04841,0,0
025040107410003168d2a000a00000e2,2,2,56,322,276,758,603,1.04841,0,0
025040107410003168d2a000a00000e2,2,2,57,322,276,758,603,1.04841,0,0
025040107410003168d2a000a00000e2,2,2,58,322,276,758,603,1.04841,0,0
025040107410003168d2a000a00000e2,2,2,59,322,276,758,603,1.04841,0,0
025040107410003168d2a000a00000e2,2,2,60,322,276,758,603,1.04841,0,0
025040107410003168d2a000a00000e2,2,2,61,322,276,758,603,1.04841,0,0
025040107410003168d2a000a00000e2,2,2,62,322,276,758,603,1.04841,0,0
025040107410003168d2a000a00000e2,2,2,63,322,276,758,603,1.04841,0,0
025040107410003168d2a000a00000e2,2,2,0,322,276,759,604,1.07201,0,0
025040107410003168d2a000a00000e2,2,2,1,322,276,759,604,1.07201,0,0
025040107410003168d2a000a00000e2,2,2,2,322,276,759,604,1.07201,0,0
025040107410003168d2a000a00000e2,2,2,3,322,276,759,604,1.07201,0,0
025040107410003168d2a000a00000e2,2,2,4,322,276,759,604,1.07201,0,0
025040107410003168d2a000a00000e2,2,2,5,322,276,759,604,1.07201,0,0
025040107410003168d2a000a00000e2,2,2,6,322,276,759,604,1.07201,0,0
025040107410003168d2a000a00000e2,2,2,7,322,276,759,604,1.07201,0,0
025040107410003168d2a000a00000e2,2,2,8,322,276,759,604,1.07201,0,0
025040107410003168d2a000a00000e2,2,2,9,322,276,759,604,1.07201,0,0
025040107410003168d2a000a00000e2,2,2,10,322,276,759,604,1.07201,0,0
025040107410003168d2a000a00000e2,2,2,11,322,276,759,604,1.07201,0,0
025040107410003168d2a000a00000e2,2,2,12,322,276,759,604,1.07201,0,0
025040107410003168d2a000a00000e2,2,2,13,322,276,759,604,1.07201,0,0
025040107410003168d2a000a00000e2,2,2,14,322,276,759,604,1.07201,0,0
025040107410003168d2a000a00000e2,2,2,15,322,276,759,604,1.07201,0,0
025040107410003168d2a000a00000e2,2,2,16,322,276,759,604,1.07201,0,0
025040107410003168d2a000a00000e2,2,2,17,322,276,759,604,1.07201,0,0
025040107410003168d2a000a00000e2,2,2,18,322,276,759,604,1.07201,0,0
025040107410003168d2a000a00000e2,2,2,19,322,276,759,604,1.07201,0,0
025040107410003168d2a000a00000e2,2,2,20,322,276,759,604,1.07201,0,0
025040107410003168d2a000a00000e2,2,2,21,322,276,759,604,1.07201,0,0
025040107410003168d2a000a00000e2,2,2,22,322,276,759,604,1.07201,0,0
025040107410003168d2a000a00000e2,2,2,23,322,276,759,604,1.07201,0,0
025040107410003168d2a000a00000e2,2,2,24,322,276,759,604,1.07201,0,0
025040107410003168d2a000a00000e2,2,2,25,322,276,759,604,1.07201,0,0
025040107410003168d2a000a00000e2,2,2,26,322,276,759,604,1.07201,0,0
025040107410003168d2a000a00000e2,2,2,27,322,276,759,604,1.07201,0,0
025040107410003168d2a000a00000e2,2,2,28,322,276,759,604,1.07201,0,0
025040107410003168d2a000a00000e2,2,2,29,322,276,759,604,1.07201,0,0
025040107410003168d2a000a00000e2,2,2,30,322,276,759,604,1.07201,0,0
025040107410003168d2a000a00000e2,2,2,31,322,276,759,604,1.07201,0,0
025040107410003168d2a000a00000e2,2,2,32,322,276,759,604,1.07201,0,0
025040107410003168d2a000a00000e2,2,2,33,322,276,759,604,1.07201,0,0
025040107410003168d2a000a00000e2,2,2,34,322,276,759,604,1.07201,0,0
025040107410003168d2a000a00000e2,2,2,35,322,276,759,604,1.07201,0,0
025040107410003168d2a000a00000e2,2,2,36,322,276,759,604,1.07201,0,0
025040107410003168d2a000a00000e2,2,2,37,322,276,759,604,1.07201,0,0
025040107410003168d2a000a00000e2,2,2,38,322,276,759,604,1.07201,0,0
025040107410003168d2a000a00000e2,2,2,39,322,276,759,604,1.07201,0,0
025040107410003168d2a000a00000e2,2,2,40,322,276,759,604,1.07201,0,0
025040107410003168d2a000a00000e2,2,2,41,322,276,759,604,1.07201,0,0
025040107410003168d2a000a00000e2,2,2,42,322,276,759,604,1.07201,0,0
025040107410003168d2a000a00000e2,2,2,43,322,276,759,604,1.07201,0,0
025040107410003168d2a000a00000e2,2,2,44,322,276,759,604,1.07201,0,0
025040107410003168d2a000a00000e2,2,2,45,322,276,759,604,1.07201,0,0
025040107410003168d2a000a00000e2,2,2,46,322,276,759,604,1.07201,0,0
025040107410003168d2a000a00000e2,2,2,47,322,276,759,604,1.07201,0,0
025040107410003168d2a000a00000e2,2,2,48,322,276,759,604,1.07201,0,0
025040107410003168d2a000a00000e2,2,2,49,322,276,759,604,1.07201,0,0
025040107410003168d2a000a00000e2,2,2,50,322,276,759,604,1.07201,0,0
025040107410003168d2a000a00000e2,2,2,51,322,276,759,604,1.07201,0,0
025040107410003168d2a000a00000e2,2,2,52,322,276,759,604,1.07201,0,0
025040107410003168d2a000a00000e2,2,2,53,322,276,759,604,1.07201,0,0
025040107410003168d2a000a00000e2,2,2,54,322,276,759,604,1.07201,0,0
025040107410003168d2a000a00000e2,2,2,55,322,276,759,604,1.07201,0,0
025040107410003168d2a000a00000e2,2,2,56,322,276,759,604,1.07201,0,0
025040107410003168d2a000a00000e2,2,2,57,322,276,759,604,1.07201,0,0
025040107410003168d2a000a00000e2,2,2,58,322,276,759,604,1.07201,0,0
025040107410003168d2a000a00000e2,2,2,59,322,276,759,604,1.07201,0,0
025040107410003168d2a000a00000e2,2,2,60,322,276,759,604,1.07201,0,0
025040107410003168d2a000a00000e2,2,2,61,322,276,759,604,1.07201,0,0
025040107410003168d2a000a00000e2,2,2,62,322,276,759,604,1.07201,0,0
025040107410003168d2a000a00000e2,2,2,63,322,276,759,604,1.07201,0,0
025040107410003168d2a000a00000e2,2,2,0,322,276,760,605,1.05873,0,0
025040107410003168d2a000a00000e2,2,2,1,322,276,760,605,1.05873,0,0
025040107410003168d2a000a00000e2,2,2,2,322,276,760,605,1.05873,0,0
025040107410003168d2a000a00000e2,2,2,3,322,276,760,605,1.05873,0,0
025040107410003168d2a000a00000e2,2,2,4,322,276,760,605,1.05873,0,0
025040107410003168d2a000a00000e2,2,2,5,322,276,760,605,1.05873,0,0
025040107410003168d2a000a00000e2,2,2,6,322,276,760,605,1.05873,0,0
025040107410003168d2a000a00000e2,2,2,7,322,276,760,605,1.05873,0,0
025040107410003168d2a000a00000e2,2,2,8,322,276,760,605,1.05873,0,0
025040107410003168d2a000a00000e2,2,2,9,322,276,760,605,1.05873,0,0
025040107410003168d2a000a00000e2,2,2,10,322,276,760,605,1.05873,0,0
025040107410003168d2a000a00000e2,2,2,11,322,276,760,605,1.05873,0,0
025040107410003168d2a000a00000e2,2,2,12,322,276,760,605,1.05873,0,0
025040107410003168d2a000a00000e2,2,2,13,322,276,760,605,1.05873,0,0
025040107410003168d2a000a00000e2,2,2,14,322,276,760,605,1.05873,0,0
025040107410003168d2a000a00000e2,2,2,15,322,276,760,605,1.05873,0,0
025040107410003168d2a000a00000e2,2,2,16,322,276,760,605,1.05873,0,0
025040107410003168d2a000a00000e2,2,2,17,322,276,760,605,1.05873,0,0
025040107410003168d2a000a00000e2,2,2,18,322,276,760,605,1.05873,0,0
025040107410003168d2a000a00000e2,2,2,19,322,276,760,605,1.05873,0,0
025040107410003168d2a000a00000e2,2,2,20,322,276,760,605,1.05873,0,0
025040107410003168d2a000a00000e2,2,2,21,322,276,760,605,1.05873,0,0
025040107410003168d2a000a00000e2,2,2,22,322,276,760,605,1.05873,0,0
025040107410003168d2a000a00000e2,2,2,23,322,276,760,605,1.05873,0,0
025040107410003168d2a000a00000e2,2,2,24,322,276,760,605,1.05873,0,0
025040107410003168d2a000a00000e2,2,2,25,322,276,760,605,1.05873,0,0
025040107410003168d2a000a00000e2,2,2,26,322,276,760,605,1.05873,0,0
025040107410003168d2a000a00000e2,2,2,27,322,276,760,605,1.05873,0,0
025040107410003168d2a000a00000e2,2,2,28,322,276,760,605,1.05873,0,0
025040107410003168d2a000a00000e2,2,2,29,322,276,760,605,1.05873,0,0
025040107410003168d2a000a00000e2,2,2,30,322,276,760,605,1.05873,0,0
025040107410003168d2a000a00000e2,2,2,31,322,276,760,605,1.05873,0,0
025040107410003168d2a000a00000e2,2,2,32,322,276,760,605,1.05873,0,0
025040107410003168d2a000a00000e2,2,2,33,322,276,760,605,1.05873,0,0
025040107410003168d2a000a00000e2,2,2,34,322,276,760,605,1.05873,0,0
025040107410003168d2a000a00000e2,2,2,35,322,276,760,605,1.05873,0,0
025040107410003168d2a000a00000e2,2,2,36,322,276,760,605,1.05873,0,0
025040107410003168d2a000a00000e2,2,2,37,322,276,760,605,1.05873,0,0
025040107410003168d2a000a00000e2,2,2,38,322,276,760,605,1.05873,0,0
025040107410003168d2a000a00000e2,2,2,39,322,276,760,605,1.05873,0,0
025040107410003168d2a000a00000e2,2,2,40,322,276,760,605,1.05873,0,0
025040107410003168d2a000a00000e2,2,2,41,322,276,760,605,1.05873,0,0
025040107410003168d2a000a00000e2,2,2,42,322,276,760,605,1.05873,0,0
025040107410003168d2a000a00000e2,2,2,43,322,276,760,605,1.05873,0,0
025040107410003168d2a000a00000e2,2,2,44,322,276,760,605,1.05873,0,0
025040107410003168d2a000a00000e2,2,2,45,322,276,760,605,1.05873,0,0
025040107410003168d2a000a00000e2,2,2,46,322,276,760,605,1.05873,0,0
025040107410003168d2a000a00000e2,2,2,47,322,276,760,605,1.05873,0,0
025040107410003168d2a000a00000e2,2,2,48,322,276,760,605,1.05873,0,0
025040107410003168d2a000a00000e2,2,2,49,322,276,760,605,1.05873,0,0
025040107410003168d2a000a00000e2,2,2,50,322,276,760,605,1.05873,0,0
025040107410003168d2a000a00000e2,2,2,51,322,276,760,605,1.05873,0,0
025040107410003168d2a000a00000e2,2,2,52,322,276,760,605,1.05873,0,0
025040107410003168d2a000a00000e2,2,2,53,322,276,760,605,1.05873,0,0
025040107410003168d2a000a00000e2,2,2,54,322,276,760,605,1.05873,0,0
025040107410003168d2a000a00000e2,2,2,55,322,276,760,605,1.05873,0,0
025040107410003168d2a000a00000e2,2,2,56,322,276,760,605,1.05873,0,0
025040107410003168d2a000a00000e2,2,2,57,322,276,760,605,1.05873,0,0
025040107410003168d2a000a00000e2,2,2,58,322,276,760,605,1.05873,0,0
025040107410003168d2a000a00000e2,2,2,59,322,276,760,605,1.05873,0,0
025040107410003168d2a000a00000e2,2,2,60,322,276,760,605,1.05873,0,0
025040107410003168d2a000a00000e2,2,2,61,322,276,760,605,1.05873,0,0
025040107410003168d2a000a00000e2,2,2,62,322,276,760,605,1.05873,0,0
025040107410003168d2a000a00000e2,2,2,63,322,276,760,605,1.05873,0,0
025040107410003168d2a000a00000e2,2,2,0,322,276,761,605,1.05431,0,0
025040107410003168d2a000a00000e2,2,2,1,322,276,761,605,1.05431,0,0
025040107410003168d2a000a00000e2,2,2,2,322,276,761,605,1.05431,0,0
025040107410003168d2a000a00000e2,2,2,3,322,276,761,605,1.05431,0,0
025040107410003168d2a000a00000e2,2,2,4,322,276,761,605,1.05431,0,0
025040107410003168d2a000a00000e2,2,2,5,322,276,761,605,1.05431,0,0
025040107410003168d2a000a00000e2,2,2,6,322,276,761,605,1.05431,0,0
025040107410003168d2a000a00000e2,2,2,7,322,276,761,605,1.05431,0,0
025040107410003168d2a000a00000e2,2,2,8,322,276,761,605,1.05431,0,0
025040107410003168d2a000a00000e2,2,2,9,322,276,761,605,1.05431,0,0
025040107410003168d2a000a00000e2,2,2,10,322,276,761,605,1.05431,0,0
025040107410003168d2a000a00000e2,2,2,11,322,276,761,605,1.05431,0,0
025040107410003168d2a000a00000e2,2,2,12,322,276,761,605,1.05431,0,0
025040107410003168d2a000a00000e2,2,2,13,322,276,761,605,1.05431,0,0
025040107410003168d2a000a00000e2,2,2,14,322,276,761,605,1.05431,0,0
025040107410003168d2a000a00000e2,2,2,15,322,276,761,605,1.05431,0,0
025040107410003168d2a000a00000e2,2,2,16,322,276,761,605,1.05431,0,0
025040107410003168d2a000a00000e2,2,2,17,322,276,761,605,1.05431,0,0
025040107410003168d2a000a00000e2,2,2,18,322,276,761,605,1.05431,0,0
025040107410003168d2a000a00000e2,2,2,19,322,276,761,605,1.05431,0,0
025040107410003168d2a000a00000e2,2,2,20,322,276,761,605,1.05431,0,0
025040107410003168d2a000a00000e2,2,2,21,322,276,761,605,1.05431,0,0
025040107410003168d2a000a00000e2,2,2,22,322,276,761,605,1.05431,0,0
025040107410003168d2a000a00000e2,2,2,23,322,276,761,605,1.05431,0,0
025040107410003168d2a000a00000e2,2,2,24,322,276,761,605,1.05431,0,0
025040107410003168d2a000a00000e2,2,2,25,322,276,761,605,1.05431,0,0
025040107410003168d2a000a00000e2,2,2,26,322,276,761,605,1.05431,0,0
025040107410003168d2a000a00000e2,2,2,27,322,276,761,605,1.05431,0,0
025040107410003168d2a000a00000e2,2,2,28,322,276,761,605,1.05431,0,0
025040107410003168d2a000a00000e2,2,2,29,322,276,761,605,1.05431,0,0
025040107410003168d2a000a00000e2,2,2,30,322,276,761,605,1.05431,0,0
025040107410003168d2a000a00000e2,2,2,31,322,276,761,605,1.05431,0,0
025040107410003168d2a000a00000e2,2,2,32,322,276,761,605,1.05431,0,0
025040107410003168d2a000a00000e2,2,2,33,322,276,761,605,1.05431,0,0
025040107410003168d2a000a00000e2,2,2,34,322,276,761,605,1.05431,0,0
025040107410003168d2a000a00000e2,2,2,35,322,276,761,605,1.05431,0,0
025040107410003168d2a000a00000e2,2,2,36,322,276,761,605,1.05431,0,0
025040107410003168d2a000a00000e2,2,2,37,322,276,761,605,1.05431,0,0
025040107410003168d2a000a00000e2,2,2,38,322,276,761,605,1.05431,0,0
025040107410003168d2a000a00000e2,2,2,39,322,276,761,605,1.05431,0,0
025040107410003168d2a000a00000e2,2,2,40,322,276,761,605,1.05431,0,0
025040107410003168d2a000a00000e2,2,2,41,322,276,761,605,1.05431,0,0
025040107410003168d2a000a00000e2,2,2,42,322,276,761,605,1.05431,0,0
025040107410003168d2a000a00000e2,2,2,43,322,276,761,605,1.05431,0,0
025040107410003168d2a000a00000e2,2,2,44,322,276,761,605,1.05431,0,0
025040107410003168d2a000a00000e2,2,2,45,322,276,761,605,1.05431,0,0
025040107410003168d2a000a00000e2,2,2,46,322,276,761,605,1.05431,0,0
025040107410003168d2a000a00000e2,2,2,47,322,276,761,605,1.05431,0,0
025040107410003168d2a000a00000e2,2,2,48,322,276,761,605,1.05431,0,0
025040107410003168d2a000a00000e2,2,2,49,322,276,761,605,1.05431,0,0
025040107410003168d2a000a00000e2,2,2,50,322,276,761,605,1.05431,0,0
025040107410003168d2a000a00000e2,2,2,51,322,276,761,605,1.05431,0,0
025040107410003168d2a000a00000e2,2,2,52,322,276,761,605,1.05431,0,0
025040107410003168d2a000a00000e2,2,2,53,322,276,761,605,1.05431,0,0
025040107410003168d2a000a00000e2,2,2,54,322,276,761,605,1.05431,0,0
025040107410003168d2a000a00000e2,2,2,55,322,276,761,605,1.05431,0,0
025040107410003168d2a000a00000e2,2,2,56,322,276,761,605,1.05431,0,0
025040107410003168d2a000a00000e2,2,2,57,322,276,761,605,1.05431,0,0
025040107410003168d2a000a00000e2,2,2,58,322,276,761,605,1.05431,0,0
025040107410003168d2a000a00000e2,2,2,59,322,276,761,605,1.05431,0,0
025040107410003168d2a000a00000e2,2,2,60,322,276,761,605,1.05431,0,0
025040107410003168d2a000a00000e2,2,2,61,322,276,761,605,1.05431,0,0
025040107410003168d2a000a00000e2,2,2,62,322,276,761,605,1.05431,0,0
025040107410003168d2a000a00000e2,2,2,63,322,276,761,605,1.05431,0,0
025040107410003168d2a000a00000e2,2,2,0,322,276,762,606,1.0779,0,0
025040107410003168d2a000a00000e2,2,2,1,322,276,762,606,1.0779,0,0
025040107410003168d2a000a00000e2,2,2,2,322,276,762,606,1.0779,0,0
025040107410003168d2a000a00000e2,2,2,3,322,276,762,606,1.0779,0,0
025040107410003168d2a000a00000e2,2,2,4,322,276,762,606,1.0779,0,0
025040107410003168d2a000a00000e2,2,2,5,322,276,762,606,1.0779,0,0
025040107410003168d2a000a00000e2,2,2,6,322,276,762,606,1.0779,0,0
025040107410003168d2a000a00000e2,2,2,7,322,276,762,606,1.0779,0,0
025040107410003168d2a000a00000e2,2,2,8,322,276,762,606,1.0779,0,0
025040107410003168d2a000a00000e2,2,2,9,322,276,762,606,1.0779,0,0
025040107410003168d2a000a00000e2,2,2,10,322,276,762,606,1.0779,0,0
025040107410003168d2a000a00000e2,2,2,11,322,276,762,606,1.0779,0,0
025040107410003168d2a000a00000e2,2,2,12,322,276,762,606,1.0779,0,0
025040107410003168d2a000a00000e2,2,2,13,322,276,762,606,1.0779,0,0
025040107410003168d2a000a00000e2,2,2,14,322,276,762,606,1.0779,0,0
025040107410003168d2a000a00000e2,2,2,15,322,276,762,606,1.0779,0,0
025040107410003168d2a000a00000e2,2,2,16,322,276,762,606,1.0779,0,0
025040107410003168d2a000a00000e2,2,2,17,322,276,762,606,1.0779,0,0
025040107410003168d2a000a00000e2,2,2,18,322,276,762,606,1.0779,0,0
025040107410003168d2a000a00000e2,2,2,19,322,276,762,606,1.0779,0,0
025040107410003168d2a000a00000e2,2,2,20,322,276,762,606,1.0779,0,0
025040107410003168d2a000a00000e2,2,2,21,322,276,762,606,1.0779,0,0
025040107410003168d2a000a00000e2,2,2,22,322,276,762,606,1.0779,0,0
025040107410003168d2a000a00000e2,2,2,23,322,276,762,606,1.0779,0,0
025040107410003168d2a000a00000e2,2,2,24,322,276,762,606,1.0779,0,0
025040107410003168d2a000a00000e2,2,2,25,322,276,762,606,1.0779,0,0
025040107410003168d2a000a00000e2,2,2,26,322,276,762,606,1.0779,0,0
025040107410003168d2a000a00000e2,2,2,27,322,276,762,606,1.0779,0,0
025040107410003168d2a000a00000e2,2,2,28,322,276,762,606,1.0779,0,0
025040107410003168d2a000a00000e2,2,2,29,322,276,762,606,1.0779,0,0
025040107410003168d2a000a00000e2,2,2,30,322,276,762,606,1.0779,0,0
025040107410003168d2a000a00000e2,2,2,31,322,276,762,606,1.0779,0,0
025040107410003168d2a000a00000e2,2,2,32,322,276,762,606,1.0779,0,0
025040107410003168d2a000a00000e2,2,2,33,322,276,762,606,1.0779,0,0
025040107410003168d2a000a00000e2,2,2,34,322,276,762,606,1.0779,0,0
025040107410003168d2a000a00000e2,2,2,35,322,276,762,606,1.0779,0,0
025040107410003168d2a000a00000e2,2,2,36,322,276,762,606,1.0779,0,0
025040107410003168d2a000a00000e2,2,2,37,322,276,762,606,1.0779,0,0
025040107410003168d2a000a00000e2,2,2,38,322,276,762,606,1.0779,0,0
025040107410003168d2a000a00000e2,2,2,39,322,276,762,606,1.0779,0,0
025040107410003168d2a000a00000e2,2,2,40,322,276,762,606,1.0779,0,0
025040107410003168d2a000a00000e2,2,2,41,322,276,762,606,1.0779,0,0
025040107410003168d2a000a00000e2,2,2,42,322,276,762,606,1.0779,0,0
025040107410003168d2a000a00000e2,2,2,43,322,276,762,606,1.0779,0,0
025040107410003168d2a000a00000e2,2,2,44,322,276,762,606,1.0779,0,0
025040107410003168d2a000a00000e2,2,2,45,322,276,762,606,1.0779,0,0
025040107410003168d2a000a00000e2,2,2,46,322,276,762,606,1.0779,0,0
025040107410003168d2a000a00000e2,2,2,47,322,276,762,606,1.0779,0,0
025040107410003168d2a000a00000e2,2,2,48,322,276,762,606,1.0779,0,0
025040107410003168d2a000a00000e2,2,2,49,322,276,762,606,1.0779,0,0
025040107410003168d2a000a00000e2,2,2,50,322,276,762,606,1.0779,0,0
025040107410003168d2a000a00000e2,2,2,51,322,276,762,606,1.0779,0,0
025040107410003168d2a000a00000e2,2,2,52,322,276,762,606,1.0779,0,0
025040107410003168d2a000a00000e2,2,2,53,322,276,762,606,1.0779,0,0
025040107410003168d2a000a00000e2,2,2,54,322,276,762,606,1.0779,0,0
025040107410003168d2a000a00000e2,2,2,55,322,276,762,606,1.0779,0,0
025040107410003168d2a000a00000e2,2,2,56,322,276,762,606,1.0779,0,0
025040107410003168d2a000a00000e2,2,2,57,322,276,762,606,1.0779,0,0
025040107410003168d2a000a00000e2,2,2,58,322,276,762,606,1.0779,0,0
025040107410003168d2a000a00000e2,2,2,59,322,276,762,606,1.0779,0,0
025040107410003168d2a000a00000e2,2,2,60,322,276,762,606,1.0779,0,0
025040107410003168d2a000a00000e2,2,2,61,322,276,762,606,1.0779,0,0
025040107410003168d2a000a00000e2,2,2,62,322,276,762,606,1.0779,0,0
025040107410003168d2a000a00000e2,2,2,63,322,276,762,606,1.0779,0,0
025040107410003168d2a000a00000e2,2,2,0,322,276,763,607,1.09117,0,0
025040107410003168d2a000a00000e2,2,2,1,322,276,763,607,1.09117,0,0
025040107410003168d2a000a00000e2,2,2,2,322,276,763,607,1.09117,0,0
025040107410003168d2a000a00000e2,2,2,3,322,276,763,607,1.09117,0,0
025040107410003168d2a000a00000e2,2,2,4,322,276,763,607,1.09117,0,0
025040107410003168d2a000a00000e2,2,2,5,322,276,763,607,1.09117,0,0
025040107410003168d2a000a00000e2,2,2,6,322,276,763,607,1.09117,0,0
025040107410003168d2a000a00000e2,2,2,7,322,276,763,607,1.09117,0,0
025040107410003168d2a000a00000e2,2,2,8,322,276,763,607,1.09117,0,0
025040107410003168d2a000a00000e2,2,2,9,322,276,763,607,1.09117,0,0
025040107410003168d2a000a00000e2,2,2,10,322,276,763,607,1.09117,0,0
025040107410003168d2a000a00000e2,2,2,11,322,276,763,607,1.09117,0,0
025040107410003168d2a000a00000e2,2,2,12,322,276,763,607,1.09117,0,0
025040107410003168d2a000a00000e2,2,2,13,322,276,763,607,1.09117,0,0
025040107410003168d2a000a00000e2,2,2,14,322,276,763,607,1.09117,0,0
025040107410003168d2a000a00000e2,2,2,15,322,276,763,607,1.09117,0,0
025040107410003168d2a000a00000e2,2,2,16,322,276,763,607,1.09117,0,0
025040107410003168d2a000a00000e2,2,2,17,322,276,763,607,1.09117,0,0
025040107410003168d2a000a00000e2,2,2,18,322,276,763,607,1.09117,0,0
025040107410003168d2a000a00000e2,2,2,19,322,276,763,607,1.09117,0,0
025040107410003168d2a000a00000e2,2,2,20,322,276,763,607,1.09117,0,0
025040107410003168d2a000a00000e2,2,2,21,322,276,763,607,1.09117,0,0
025040107410003168d2a000a00000e2,2,2,22,322,276,763,607,1.09117,0,0
025040107410003168d2a000a00000e2,2,2,23,322,276,763,607,1.09117,0,0
025040107410003168d2a000a00000e2,2,2,24,322,276,763,607,1.09117,0,0
025040107410003168d2a000a00000e2,2,2,25,322,276,763,607,1.09117,0,0
025040107410003168d2a000a00000e2,2,2,26,322,276,763,607,1.09117,0,0
025040107410003168d2a000a00000e2,2,2,27,322,276,763,607,1.09117,0,0
025040107410003168d2a000a00000e2,2,2,28,322,276,763,607,1.09117,0,0
025040107410003168d2a000a00000e2,2,2,29,322,276,763,607,1.09117,0,0
025040107410003168d2a000a00000e2,2,2,30,322,276,763,607,1.09117,0,0
025040107410003168d2a000a00000e2,2,2,31,322,276,763,607,1.09117,0,0
025040107410003168d2a000a00000e2,2,2,32,322,276,763,607,1.09117,0,0
025040107410003168d2a000a00000e2,2,2,33,322,276,763,607,1.09117,0,0
025040107410003168d2a000a00000e2,2,2,34,322,276,763,607,1.09117,0,0
025040107410003168d2a000a00000e2,2,2,35,322,276,763,607,1.09117,0,0
025040107410003168d2a000a00000e2,2,2,36,322,276,763,607,1.09117,0,0
025040107410003168d2a000a00000e2,2,2,37,322,276,763,607,1.09117,0,0
025040107410003168d2a000a00000e2,2,2,38,322,276,763,607,1.09117,0,0
025040107410003168d2a000a00000e2,2,2,39,322,276,763,607,1.09117,0,0
025040107410003168d2a000a00000e2,2,2,40,322,276,763,607,1.09117,0,0
025040107410003168d2a000a00000e2,2,2,41,322,276,763,607,1.09117,0,0
025040107410003168d2a000a00000e2,2,2,42,322,276,763,607,1.09117,0,0
025040107410003168d2a000a00000e2,2,2,43,322,276,763,607,1.09117,0,0
025040107410003168d2a000a00000e2,2,2,44,322,276,763,607,1.09117,0,0
025040107410003168d2a000a00000e2,2,2,45,322,276,763,607,1.09117,0,0
025040107410003168d2a000a00000e2,2,2,46,322,276,763,607,1.09117,0,0
025040107410003168d2a000a00000e2,2,2,47,322,276,763,607,1.09117,0,0
025040107410003168d2a000a00000e2,2,2,48,322,276,763,607,1.09117,0,0
025040107410003168d2a000a00000e2,2,2,49,322,276,763,607,1.09117,0,0
025040107410003168d2a000a00000e2,2,2,50,322,276,763,607,1.09117,0,0
025040107410003168d2a000a00000e2,2,2,51,322,276,763,607,1.09117,0,0
025040107410003168d2a000a00000e2,2,2,52,322,276,763,607,1.09117,0,0
025040107410003168d2a000a00000e2,2,2,53,322,276,763,607,1.09117,0,0
025040107410003168d2a000a00000e2,2,2,54,322,276,763,607,1.09117,0,0
025040107410003168d2a000a00000e2,2,2,55,322,276,763,607,1.09117,0,0
025040107410003168d2a000a00000e2,2,2,56,322,276,763,607,1.09117,0,0
025040107410003168d2a000a00000e2,2,2,57,322,276,763,607,1.09117,0,0
025040107410003168d2a000a00000e2,2,2,58,322,276,763,607,1.09117,0,0
025040107410003168d2a000a00000e2,2,2,59,322,276,763,607,1.09117,0,0
025040107410003168d2a000a00000e2,2,2,60,322,276,763,607,1.09117,0,0
025040107410003168d2a000a00000e2,2,2,61,322,276,763,607,1.09117,0,0
025040107410003168d2a000a00000e2,2,2,62,322,276,763,607,1.09117,0,0
025040107410003168d2a000a00000e2,2,2,63,322,276,763,607,1.09117,0,0
025040107410003168d2a000a00000e2,2,2,0,322,276,764,608,1.08675,0,0
025040107410003168d2a000a00000e2,2,2,1,322,276,764,608,1.08675,0,0
025040107410003168d2a000a00000e2,2,2,2,322,276,764,608,1.08675,0,0
025040107410003168d2a000a00000e2,2,2,3,322,276,764,608,1.08675,0,0
025040107410003168d2a000a00000e2,2,2,4,322,276,764,608,1.08675,0,0
025040107410003168d2a000a00000e2,2,2,5,322,276,764,608,1.08675,0,0
025040107410003168d2a000a00000e2,2,2,6,322,276,764,608,1.08675,0,0
025040107410003168d2a000a00000e2,2,2,7,322,276,764,608,1.08675,0,0
025040107410003168d2a000a00000e2,2,2,8,322,276,764,608,1.08675,0,0
025040107410003168d2a000a00000e2,2,2,9,322,276,764,608,1.08675,0,0
025040107410003168d2a000a00000e2,2,2,10,322,276,764,608,1.08675,0,0
025040107410003168d2a000a00000e2,2,2,11,322,276,764,608,1.08675,0,0
025040107410003168d2a000a00000e2,2,2,12,322,276,764,608,1.08675,0,0
025040107410003168d2a000a00000e2,2,2,13,322,276,764,608,1.08675,0,0
025040107410003168d2a000a00000e2,2,2,14,322,276,764,608,1.08675,0,0
025040107410003168d2a000a00000e2,2,2,15,322,276,764,608,1.08675,0,0
025040107410003168d2a000a00000e2,2,2,16,322,276,764,608,1.08675,0,0
025040107410003168d2a000a00000e2,2,2,17,322,276,764,608,1.08675,0,0
025040107410003168d2a000a00000e2,2,2,18,322,276,764,608,1.08675,0,0
025040107410003168d2a000a00000e2,2,2,19,322,276,764,608,1.08675,0,0
025040107410003168d2a000a00000e2,2,2,20,322,276,764,608,1.08675,0,0
025040107410003168d2a000a00000e2,2,2,21,322,276,764,608,1.08675,0,0
025040107410003168d2a000a00000e2,2,2,22,322,276,764,608,1.08675,0,0
025040107410003168d2a000a00000e2,2,2,23,322,276,764,608,1.08675,0,0
025040107410003168d2a000a00000e2,2,2,24,322,276,764,608,1.08675,0,0
025040107410003168d2a000a00000e2,2,2,25,322,276,764,608,1.08675,0,0
025040107410003168d2a000a00000e2,2,2,26,322,276,764,608,1.08675,0,0
025040107410003168d2a000a00000e2,2,2,27,322,276,764,608,1.08675,0,0
025040107410003168d2a000a00000e2,2,2,28,322,276,764,608,1.08675,0,0
025040107410003168d2a000a00000e2,2,2,29,322,276,764,608,1.08675,0,0
025040107410003168d2a000a00000e2,2,2,30,322,276,764,608,1.08675,0,0
025040107410003168d2a000a00000e2,2,2,31,322,276,764,608,1.08675,0,0
025040107410003168d2a000a00000e2,2,2,32,322,276,764,608,1.08675,0,0
025040107410003168d2a000a00000e2,2,2,33,322,276,764,608,1.08675,0,0
025040107410003168d2a000a00000e2,2,2,34,322,276,764,608,1.08675,0,0
025040107410003168d2a000a00000e2,2,2,35,322,276,764,608,1.08675,0,0
025040107410003168d2a000a00000e2,2,2,36,322,276,764,608,1.08675,0,0
025040107410003168d2a000a00000e2,2,2,37,322,276,764,608,1.08675,0,0
025040107410003168d2a000a00000e2,2,2,38,322,276,764,608,1.08675,0,0
025040107410003168d2a000a00000e2,2,2,39,322,276,764,608,1.08675,0,0
025040107410003168d2a000a00000e2,2,2,40,322,276,764,608,1.08675,0,0
025040107410003168d2a000a00000e2,2,2,41,322,276,764,608,1.08675,0,0
025040107410003168d2a000a00000e2,2,2,42,322,276,764,608,1.08675,0,0
025040107410003168d2a000a00000e2,2,2,43,322,276,764,608,1.08675,0,0
025040107410003168d2a000a00000e2,2,2,44,322,276,764,608,1.08675,0,0
025040107410003168d2a000a00000e2,2,2,45,322,276,764,608,1.08675,0,0
025040107410003168d2a000a00000e2,2,2,46,322,276,764,608,1.08675,0,0
025040107410003168d2a000a00000e2,2,2,47,322,276,764,608,1.08675,0,0
025040107410003168d2a000a00000e2,2,2,48,322,276,764,608,1.08675,0,0
025040107410003168d2a000a00000e2,2,2,49,322,276,764,608,1.08675,0,0
025040107410003168d2a000a00000e2,2,2,50,322,276,764,608,1.08675,0,0
025040107410003168d2a000a00000e2,2,2,51,322,276,764,608,1.08675,0,0
025040107410003168d2a000a00000e2,2,2,52,322,276,764,608,1.08675,0,0
025040107410003168d2a000a00000e2,2,2,53,322,276,764,608,1.08675,0,0
025040107410003168d2a000a00000e2,2,2,54,322,276,764,608,1.08675,0,0
025040107410003168d2a000a00000e2,2,2,55,322,276,764,608,1.08675,0,0
025040107410003168d2a000a00000e2,2,2,56,322,276,764,608,1.08675,0,0
025040107410003168d2a000a00000e2,2,2,57,322,276,764,608,1.08675,0,0
025040107410003168d2a000a00000e2,2,2,58,322,276,764,608,1.08675,0,0
025040107410003168d2a000a00000e2,2,2,59,322,276,764,608,1.08675,0,0
025040107410003168d2a000a00000e2,2,2,60,322,276,764,608,1.08675,0,0
025040107410003168d2a000a00000e2,2,2,61,322,276,764,608,1.08675,0,0
025040107410003168d2a000a00000e2,2,2,62,322,276,764,608,1.08675,0,0
025040107410003168d2a000a00000e2,2,2,63,322,276,764,608,1.08675,0,0
025040107410003168d2a000a00000e2,2,2,0,322,276,765,609,1.0838,0,0
025040107410003168d2a000a00000e2,2,2,1,322,276,765,609,1.0838,0,0
025040107410003168d2a000a00000e2,2,2,2,322,276,765,609,1.0838,0,0
025040107410003168d2a000a00000e2,2,2,3,322,276,765,609,1.0838,0,0
025040107410003168d2a000a00000e2,2,2,4,322,276,765,609,1.0838,0,0
025040107410003168d2a000a00000e2,2,2,5,322,276,765,609,1.0838,0,0
025040107410003168d2a000a00000e2,2,2,6,322,276,765,609,1.0838,0,0
025040107410003168d2a000a00000e2,2,2,7,322,276,765,609,1.0838,0,0
025040107410003168d2a000a00000e2,2,2,8,322,276,765,609,1.0838,0,0
025040107410003168d2a000a00000e2,2,2,9,322,276,765,609,1.0838,0,0
025040107410003168d2a000a00000e2,2,2,10,322,276,765,609,1.0838,0,0
025040107410003168d2a000a00000e2,2,2,11,322,276,765,609,1.0838,0,0
025040107410003168d2a000a00000e2,2,2,12,322,276,765,609,1.0838,0,0
025040107410003168d2a000a00000e2,2,2,13,322,276,765,609,1.0838,0,0
025040107410003168d2a000a00000e2,2,2,14,322,276,765,609,1.0838,0,0
025040107410003168d2a000a00000e2,2,2,15,322,276,765,609,1.0838,0,0
025040107410003168d2a000a00000e2,2,2,16,322,276,765,609,1.0838,0,0
025040107410003168d2a000a00000e2,2,2,17,322,276,765,609,1.0838,0,0
025040107410003168d2a000a00000e2,2,2,18,322,276,765,609,1.0838,0,0
025040107410003168d2a000a00000e2,2,2,19,322,276,765,609,1.0838,0,0
025040107410003168d2a000a00000e2,2,2,20,322,276,765,609,1.0838,0,0
025040107410003168d2a000a00000e2,2,2,21,322,276,765,609,1.0838,0,0
025040107410003168d2a000a00000e2,2,2,22,322,276,765,609,1.0838,0,0
025040107410003168d2a000a00000e2,2,2,23,322,276,765,609,1.0838,0,0
025040107410003168d2a000a00000e2,2,2,24,322,276,765,609,1.0838,0,0
025040107410003168d2a000a00000e2,2,2,25,322,276,765,609,1.0838,0,0
025040107410003168d2a000a00000e2,2,2,26,322,276,765,609,1.0838,0,0
025040107410003168d2a000a00000e2,2,2,27,322,276,765,609,1.0838,0,0
025040107410003168d2a000a00000e2,2,2,28,322,276,765,609,1.0838,0,0
025040107410003168d2a000a00000e2,2,2,29,322,276,765,609,1.0838,0,0
025040107410003168d2a000a00000e2,2,2,30,322,276,765,609,1.0838,0,0
025040107410003168d2a000a00000e2,2,2,31,322,276,765,609,1.0838,0,0
025040107410003168d2a000a00000e2,2,2,32,322,276,765,609,1.0838,0,0
025040107410003168d2a000a00000e2,2,2,33,322,276,765,609,1.0838,0,0
025040107410003168d2a000a00000e2,2,2,34,322,276,765,609,1.0838,0,0
025040107410003168d2a000a00000e2,2,2,35,322,276,765,609,1.0838,0,0
025040107410003168d2a000a00000e2,2,2,36,322,276,765,609,1.0838,0,0
025040107410003168d2a000a00000e2,2,2,37,322,276,765,609,1.0838,0,0
025040107410003168d2a000a00000e2,2,2,38,322,276,765,609,1.0838,0,0
025040107410003168d2a000a00000e2,2,2,39,322,276,765,609,1.0838,0,0
025040107410003168d2a000a00000e2,2,2,40,322,276,765,609,1.0838,0,0
025040107410003168d2a000a00000e2,2,2,41,322,276,765,609,1.0838,0,0
025040107410003168d2a000a00000e2,2,2,42,322,276,765,609,1.0838,0,0
025040107410003168d2a000a00000e2,2,2,43,322,276,765,609,1.0838,0,0
025040107410003168d2a000a00000e2,2,2,44,322,276,765,609,1.0838,0,0
025040107410003168d2a000a00000e2,2,2,45,322,276,765,609,1.0838,0,0
025040107410003168d2a000a00000e2,2,2,46,322,276,765,609,1.0838,0,0
025040107410003168d2a000a00000e2,2,2,47,322,276,765,609,1.0838,0,0
025040107410003168d2a000a00000e2,2,2,48,322,276,765,609,1.0838,0,0
025040107410003168d2a000a00000e2,2,2,49,322,276,765,609,1.0838,0,0
025040107410003168d2a000a00000e2,2,2,50,322,276,765,609,1.0838,0,0
025040107410003168d2a000a00000e2,2,2,51,322,276,765,609,1.0838,0,0
025040107410003168d2a000a00000e2,2,2,52,322,276,765,609,1.0838,0,0
025040107410003168d2a000a00000e2,2,2,53,322,276,765,609,1.0838,0,0
025040107410003168d2a000a00000e2,2,2,54,322,276,765,609,1.0838,0,0
025040107410003168d2a000a00000e2,2,2,55,322,276,765,609,1.0838,0,0
025040107410003168d2a000a00000e2,2,2,56,322,276,765,609,1.0838,0,0
025040107410003168d2a000a00000e2,2,2,57,322,276,765,609,1.0838,0,0
025040107410003168d2a000a00000e2,2,2,58,322,276,765,609,1.0838,0,0
025040107410003168d2a000a00000e2,2,2,59,322,276,765,609,1.0838,0,0
025040107410003168d2a000a00000e2,2,2,60,322,276,765,609,1.0838,0,0
025040107410003168d2a000a00000e2,2,2,61,322,276,765,609,1.0838,0,0
025040107410003168d2a000a00000e2,2,2,62,322,276,765,609,1.0838,0,0
025040107410003168d2a000a00000e2,2,2,63,322,276,765,609,1.0838,0,0
025040107410003168d2a000a00000e2,2,2,0,322,276,766,609,1.08528,0,0
025040107410003168d2a000a00000e2,2,2,1,322,276,766,609,1.08528,0,0
025040107410003168d2a000a00000e2,2,2,2,322,276,766,609,1.08528,0,0
025040107410003168d2a000a00000e2,2,2,3,322,276,766,609,1.08528,0,0
025040107410003168d2a000a00000e2,2,2,4,322,276,766,609,1.08528,0,0
025040107410003168d2a000a00000e2,2,2,5,322,276,766,609,1.08528,0,0
025040107410003168d2a000a00000e2,2,2,6,322,276,766,609,1.08528,0,0
025040107410003168d2a000a00000e2,2,2,7,322,276,766,609,1.08528,0,0
025040107410003168d2a000a00000e2,2,2,8,322,276,766,609,1.08528,0,0
025040107410003168d2a000a00000e2,2,2,9,322,276,766,609,1.08528,0,0
025040107410003168d2a000a00000e2,2,2,10,322,276,766,609,1.08528,0,0
025040107410003168d2a000a00000e2,2,2,11,322,276,766,609,1.08528,0,0
025040107410003168d2a000a00000e2,2,2,12,322,276,766,609,1.08528,0,0
025040107410003168d2a000a00000e2,2,2,13,322,276,766,609,1.08528,0,0
025040107410003168d2a000a00000e2,2,2,14,322,276,766,609,1.08528,0,0
025040107410003168d2a000a00000e2,2,2,15,322,276,766,609,1.08528,0,0
025040107410003168d2a000a00000e2,2,2,16,322,276,766,609,1.08528,0,0
025040107410003168d2a000a00000e2,2,2,17,322,276,766,609,1.08528,0,0
025040107410003168d2a000a00000e2,2,2,18,322,276,766,609,1.08528,0,0
025040107410003168d2a000a00000e2,2,2,19,322,276,766,609,1.08528,0,0
025040107410003168d2a000a00000e2,2,2,20,322,276,766,609,1.08528,0,0
025040107410003168d2a000a00000e2,2,2,21,322,276,766,609,1.08528,0,0
025040107410003168d2a000a00000e2,2,2,22,322,276,766,609,1.08528,0,0
025040107410003168d2a000a00000e2,2,2,23,322,276,766,609,1.08528,0,0
025040107410003168d2a000a00000e2,2,2,24,322,276,766,609,1.08528,0,0
025040107410003168d2a000a00000e2,2,2,25,322,276,766,609,1.08528,0,0
025040107410003168d2a000a00000e2,2,2,26,322,276,766,609,1.08528,0,0
025040107410003168d2a000a00000e2,2,2,27,322,276,766,609,1.08528,0,0
025040107410003168d2a000a00000e2,2,2,28,322,276,766,609,1.08528,0,0
025040107410003168d2a000a00000e2,2,2,29,322,276,766,609,1.08528,0,0
025040107410003168d2a000a00000e2,2,2,30,322,276,766,609,1.08528,0,0
025040107410003168d2a000a00000e2,2,2,31,322,276,766,609,1.08528,0,0
025040107410003168d2a000a00000e2,2,2,32,322,276,766,609,1.08528,0,0
025040107410003168d2a000a00000e2,2,2,33,322,276,766,609,1.08528,0,0
025040107410003168d2a000a00000e2,2,2,34,322,276,766,609,1.08528,0,0
025040107410003168d2a000a00000e2,2,2,35,322,276,766,609,1.08528,0,0
025040107410003168d2a000a00000e2,2,2,36,322,276,766,609,1.08528,0,0
025040107410003168d2a000a00000e2,2,2,37,322,276,766,609,1.08528,0,0
025040107410003168d2a000a00000e2,2,2,38,322,276,766,609,1.08528,0,0
025040107410003168d2a000a00000e2,2,2,39,322,276,766,609,1.08528,0,0
025040107410003168d2a000a00000e2,2,2,40,322,276,766,609,1.08528,0,0
025040107410003168d2a000a00000e2,2,2,41,322,276,766,609,1.08528,0,0
025040107410003168d2a000a00000e2,2,2,42,322,276,766,609,1.08528,0,0
025040107410003168d2a000a00000e2,2,2,43,322,276,766,609,1.08528,0,0
025040107410003168d2a000a00000e2,2,2,44,322,276,766,609,1.08528,0,0
025040107410003168d2a000a00000e2,2,2,45,322,276,766,609,1.08528,0,0
025040107410003168d2a000a00000e2,2,2,46,322,276,766,609,1.08528,0,0
025040107410003168d2a000a00000e2,2,2,47,322,276,766,609,1.08528,0,0
025040107410003168d2a000a00000e2,2,2,48,322,276,766,609,1.08528,0,0
025040107410003168d2a000a00000e2,2,2,49,322,276,766,609,1.08528,0,0
025040107410003168d2a000a00000e2,2,2,50,322,276,766,609,1.08528,0,0
025040107410003168d2a000a00000e2,2,2,51,322,276,766,609,1.08528,0,0
025040107410003168d2a000a00000e2,2,2,52,322,276,766,609,1.08528,0,0
025040107410003168d2a000a00000e2,2,2,53,322,276,766,609,1.08528,0,0
025040107410003168d2a000a00000e2,2,2,54,322,276,766,609,1.08528,0,0
025040107410003168d2a000a00000e2,2,2,55,322,276,766,609,1.08528,0,0
025040107410003168d2a000a00000e2,2,2,56,322,276,766,609,1.08528,0,0
025040107410003168d2a000a00000e2,2,2,57,322,276,766,609,1.08528,0,0
025040107410003168d2a000a00000e2,2,2,58,322,276,766,609,1.08528,0,0
025040107410003168d2a000a00000e2,2,2,59,322,276,766,609,1.08528,0,0
025040107410003168d2a000a00000e2,2,2,60,322,276,766,609,1.08528,0,0
025040107410003168d2a000a00000e2,2,2,61,322,276,766,609,1.08528,0,0
025040107410003168d2a000a00000e2,2,2,62,322,276,766,609,1.08528,0,0
025040107410003168d2a000a00000e2,2,2,63,322,276,766,609,1.08528,0,0
025040107410003168d2a000a00000e2,2,2,0,322,276,767,610,1.08675,0,0
025040107410003168d2a000a00000e2,2,2,1,322,276,767,610,1.08675,0,0
025040107410003168d2a000a00000e2,2,2,2,322,276,767,610,1.08675,0,0
025040107410003168d2a000a00000e2,2,2,3,322,276,767,610,1.08675,0,0
025040107410003168d2a000a00000e2,2,2,4,322,276,767,610,1.08675,0,0
025040107410003168d2a000a00000e2,2,2,5,322,276,767,610,1.08675,0,0
025040107410003168d2a000a00000e2,2,2,6,322,276,767,610,1.08675,0,0
025040107410003168d2a000a00000e2,2,2,7,322,276,767,610,1.08675,0,0
025040107410003168d2a000a00000e2,2,2,8,322,276,767,610,1.08675,0,0
025040107410003168d2a000a00000e2,2,2,9,322,276,767,610,1.08675,0,0
025040107410003168d2a000a00000e2,2,2,10,322,276,767,610,1.08675,0,0
025040107410003168d2a000a00000e2,2,2,11,322,276,767,610,1.08675,0,0
025040107410003168d2a000a00000e2,2,2,12,322,276,767,610,1.08675,0,0
025040107410003168d2a000a00000e2,2,2,13,322,276,767,610,1.08675,0,0
025040107410003168d2a000a00000e2,2,2,14,322,276,767,610,1.08675,0,0
025040107410003168d2a000a00000e2,2,2,15,322,276,767,610,1.08675,0,0
025040107410003168d2a000a00000e2,2,2,16,322,276,767,610,1.08675,0,0
025040107410003168d2a000a00000e2,2,2,17,322,276,767,610,1.08675,0,0
025040107410003168d2a000a00000e2,2,2,18,322,276,767,610,1.08675,0,0
025040107410003168d2a000a00000e2,2,2,19,322,276,767,610,1.08675,0,0
025040107410003168d2a000a00000e2,2,2,20,322,276,767,610,1.08675,0,0
025040107410003168d2a000a00000e2,2,2,21,322,276,767,610,1.08675,0,0
025040107410003168d2a000a00000e2,2,2,22,322,276,767,610,1.08675,0,0
025040107410003168d2a000a00000e2,2,2,23,322,276,767,610,1.08675,0,0
025040107410003168d2a000a00000e2,2,2,24,322,276,767,610,1.08675,0,0
025040107410003168d2a000a00000e2,2,2,25,322,276,767,610,1.08675,0,0
025040107410003168d2a000a00000e2,2,2,26,322,276,767,610,1.08675,0,0
025040107410003168d2a000a00000e2,2,2,27,322,276,767,610,1.08675,0,0
025040107410003168d2a000a00000e2,2,2,28,322,276,767,610,1.08675,0,0
025040107410003168d2a000a00000e2,2,2,29,322,276,767,610,1.08675,0,0
025040107410003168d2a000a00000e2,2,2,30,322,276,767,610,1.08675,0,0
025040107410003168d2a000a00000e2,2,2,31,322,276,767,610,1.08675,0,0
025040107410003168d2a000a00000e2,2,2,32,322,276,767,610,1.08675,0,0
025040107410003168d2a000a00000e2,2,2,33,322,276,767,610,1.08675,0,0
025040107410003168d2a000a00000e2,2,2,34,322,276,767,610,1.08675,0,0
025040107410003168d2a000a00000e2,2,2,35,322,276,767,610,1.08675,0,0
025040107410003168d2a000a00000e2,2,2,36,322,276,767,610,1.08675,0,0
025040107410003168d2a000a00000e2,2,2,37,322,276,767,610,1.08675,0,0
025040107410003168d2a000a00000e2,2,2,38,322,276,767,610,1.08675,0,0
025040107410003168d2a000a00000e2,2,2,39,322,276,767,610,1.08675,0,0
025040107410003168d2a000a00000e2,2,2,40,322,276,767,610,1.08675,0,0
025040107410003168d2a000a00000e2,2,2,41,322,276,767,610,1.08675,0,0
025040107410003168d2a000a00000e2,2,2,42,322,276,767,610,1.08675,0,0
025040107410003168d2a000a00000e2,2,2,43,322,276,767,610,1.08675,0,0
025040107410003168d2a000a00000e2,2,2,44,322,276,767,610,1.08675,0,0
025040107410003168d2a000a00000e2,2,2,45,322,276,767,610,1.08675,0,0
025040107410003168d2a000a00000e2,2,2,46,322,276,767,610,1.08675,0,0
025040107410003168d2a000a00000e2,2,2,47,322,276,767,610,1.08675,0,0
025040107410003168d2a000a00000e2,2,2,48,322,276,767,610,1.08675,0,0
025040107410003168d2a000a00000e2,2,2,49,322,276,767,610,1.08675,0,0
025040107410003168d2a000a00000e2,2,2,50,322,276,767,610,1.08675,0,0
025040107410003168d2a000a00000e2,2,2,51,322,276,767,610,1.08675,0,0
025040107410003168d2a000a00000e2,2,2,52,322,276,767,610,1.08675,0,0
025040107410003168d2a000a00000e2,2,2,53,322,276,767,610,1.08675,0,0
025040107410003168d2a000a00000e2,2,2,54,322,276,767,610,1.08675,0,0
025040107410003168d2a000a00000e2,2,2,55,322,276,767,610,1.08675,0,0
025040107410003168d2a000a00000e2,2,2,56,322,276,767,610,1.08675,0,0
025040107410003168d2a000a00000e2,2,2,57,322,276,767,610,1.08675,0,0
025040107410003168d2a000a00000e2,2,2,58,322,276,767,610,1.08675,0,0
025040107410003168d2a000a00000e2,2,2,59,322,276,767,610,1.08675,0,0
025040107410003168d2a000a00000e2,2,2,60,322,276,767,610,1.08675,0,0
025040107410003168d2a000a00000e2,2,2,61,322,276,767,610,1.08675,0,0
025040107410003168d2a000a00000e2,2,2,62,322,276,767,610,1.08675,0,0
025040107410003168d2a000a00000e2,2,2,63,322,276,767,610,1.08675,0,0
025040107410003168d2a000a00000e2,2,2,0,322,276,768,611,1.09117,0,0
025040107410003168d2a000a00000e2,2,2,1,322,276,768,611,1.09117,0,0
025040107410003168d2a000a00000e2,2,2,2,322,276,768,611,1.09117,0,0
025040107410003168d2a000a00000e2,2,2,3,322,276,768,611,1.09117,0,0
025040107410003168d2a000a00000e2,2,2,4,322,276,768,611,1.09117,0,0
025040107410003168d2a000a00000e2,2,2,5,322,276,768,611,1.09117,0,0
025040107410003168d2a000a00000e2,2,2,6,322,276,768,611,1.09117,0,0
025040107410003168d2a000a00000e2,2,2,7,322,276,768,611,1.09117,0,0
025040107410003168d2a000a00000e2,2,2,8,322,276,768,611,1.09117,0,0
025040107410003168d2a000a00000e2,2,2,9,322,276,768,611,1.09117,0,0
025040107410003168d2a000a00000e2,2,2,10,322,276,768,611,1.09117,0,0
025040107410003168d2a000a00000e2,2,2,11,322,276,768,611,1.09117,0,0
025040107410003168d2a000a00000e2,2,2,12,322,276,768,611,1.09117,0,0
025040107410003168d2a000a00000e2,2,2,13,322,276,768,611,1.09117,0,0
025040107410003168d2a000a00000e2,2,2,14,322,276,768,611,1.09117,0,0
025040107410003168d2a000a00000e2,2,2,15,322,276,768,611,1.09117,0,0
025040107410003168d2a000a00000e2,2,2,16,322,276,768,611,1.09117,0,0
025040107410003168d2a000a00000e2,2,2,17,322,276,768,611,1.09117,0,0
025040107410003168d2a000a00000e2,2,2,18,322,276,768,611,1.09117,0,0
025040107410003168d2a000a00000e2,2,2,19,322,276,768,611,1.09117,0,0
025040107410003168d2a000a00000e2,2,2,20,322,276,768,611,1.09117,0,0
025040107410003168d2a000a00000e2,2,2,21,322,276,768,611,1.09117,0,0
025040107410003168d2a000a00000e2,2,2,22,322,276,768,611,1.09117,0,0
025040107410003168d2a000a00000e2,2,2,23,322,276,768,611,1.09117,0,0
025040107410003168d2a000a00000e2,2,2,24,322,276,768,611,1.09117,0,0
025040107410003168d2a000a00000e2,2,2,25,322,276,768,611,1.09117,0,0
025040107410003168d2a000a00000e2,2,2,26,322,276,768,611,1.09117,0,0
025040107410003168d2a000a00000e2,2,2,27,322,276,768,611,1.09117,0,0
025040107410003168d2a000a00000e2,2,2,28,322,276,768,611,1.09117,0,0
025040107410003168d2a000a00000e2,2,2,29,322,276,768,611,1.09117,0,0
025040107410003168d2a000a00000e2,2,2,30,322,276,768,611,1.09117,0,0
025040107410003168d2a000a00000e2,2,2,31,322,276,768,611,1.09117,0,0
025040107410003168d2a000a00000e2,2,2,32,322,276,768,611,1.09117,0,0
025040107410003168d2a000a00000e2,2,2,33,322,276,768,611,1.09117,0,0
025040107410003168d2a000a00000e2,2,2,34,322,276,768,611,1.09117,0,0
025040107410003168d2a000a00000e2,2,2,35,322,276,768,611,1.09117,0,0
025040107410003168d2a000a00000e2,2,2,36,322,276,768,611,1.09117,0,0
025040107410003168d2a000a00000e2,2,2,37,322,276,768,611,1.09117,0,0
025040107410003168d2a000a00000e2,2,2,38,322,276,768,611,1.09117,0,0
025040107410003168d2a000a00000e2,2,2,39,322,276,768,611,1.09117,0,0
025040107410003168d2a000a00000e2,2,2,40,322,276,768,611,1.09117,0,0
025040107410003168d2a000a00000e2,2,2,41,322,276,768,611,1.09117,0,0
025040107410003168d2a000a00000e2,2,2,42,322,276,768,611,1.09117,0,0
025040107410003168d2a000a00000e2,2,2,43,322,276,768,611,1.09117,0,0
025040107410003168d2a000a00000e2,2,2,44,322,276,768,611,1.09117,0,0
025040107410003168d2a000a00000e2,2,2,45,322,276,768,611,1.09117,0,0
025040107410003168d2a000a00000e2,2,2,46,322,276,768,611,1.09117,0,0
025040107410003168d2a000a00000e2,2,2,47,322,276,768,611,1.09117,0,0
025040107410003168d2a000a00000e2,2,2,48,322,276,768,611,1.09117,0,0
025040107410003168d2a000a00000e2,2,2,49,322,276,768,611,1.09117,0,0
025040107410003168d2a000a00000e2,2,2,50,322,276,768,611,1.09117,0,0
025040107410003168d2a000a00000e2,2,2,51,322,276,768,611,1.09117,0,0
025040107410003168d2a000a00000e2,2,2,52,322,276,768,611,1.09117,0,0
025040107410003168d2a000a00000e2,2,2,53,322,276,768,611,1.09117,0,0
025040107410003168d2a000a00000e2,2,2,54,322,276,768,611,1.09117,0,0
025040107410003168d2a000a00000e2,2,2,55,322,276,768,611,1.09117,0,0
025040107410003168d2a000a00000e2,2,2,56,322,276,768,611,1.09117,0,0
025040107410003168d2a000a00000e2,2,2,57,322,276,768,611,1.09117,0,0
025040107410003168d2a000a00000e2,2,2,58,322,276,768,611,1.09117,0,0
025040107410003168d2a000a00000e2,2,2,59,322,276,768,611,1.09117,0,0
025040107410003168d2a000a00000e2,2,2,60,322,276,768,611,1.09117,0,0
025040107410003168d2a000a00000e2,2,2,61,322,276,768,611,1.09117,0,0
025040107410003168d2a000a00000e2,2,2,62,322,276,768,611,1.09117,0,0
025040107410003168d2a000a00000e2,2,2,63,322,276,768,611,1.09117,0,0
025040107410003168d2a000a00000e2,2,2,0,322,276,769,612,1.09117,0,0
025040107410003168d2a000a00000e2,2,2,1,322,276,769,612,1.09117,0,0
025040107410003168d2a000a00000e2,2,2,2,322,276,769,612,1.09117,0,0
025040107410003168d2a000a00000e2,2,2,3,322,276,769,612,1.09117,0,0
025040107410003168d2a000a00000e2,2,2,4,322,276,769,612,1.09117,0,0
025040107410003168d2a000a00000e2,2,2,5,322,276,769,612,1.09117,0,0
025040107410003168d2a000a00000e2,2,2,6,322,276,769,612,1.09117,0,0
025040107410003168d2a000a00000e2,2,2,7,322,276,769,612,1.09117,0,0
025040107410003168d2a000a00000e2,2,2,8,322,276,769,612,1.09117,0,0
025040107410003168d2a000a00000e2,2,2,9,322,276,769,612,1.09117,0,0
025040107410003168d2a000a00000e2,2,2,10,322,276,769,612,1.09117,0,0
025040107410003168d2a000a00000e2,2,2,11,322,276,769,612,1.09117,0,0
025040107410003168d2a000a00000e2,2,2,12,322,276,769,612,1.09117,0,0
025040107410003168d2a000a00000e2,2,2,13,322,276,769,612,1.09117,0,0
025040107410003168d2a000a00000e2,2,2,14,322,276,769,612,1.09117,0,0
025040107410003168d2a000a00000e2,2,2,15,322,276,769,612,1.09117,0,0
025040107410003168d2a000a00000e2,2,2,16,322,276,769,612,1.09117,0,0
025040107410003168d2a000a00000e2,2,2,17,322,276,769,612,1.09117,0,0
025040107410003168d2a000a00000e2,2,2,18,322,276,769,612,1.09117,0,0
025040107410003168d2a000a00000e2,2,2,19,322,276,769,612,1.09117,0,0
025040107410003168d2a000a00000e2,2,2,20,322,276,769,612,1.09117,0,0
025040107410003168d2a000a00000e2,2,2,21,322,276,769,612,1.09117,0,0
025040107410003168d2a000a00000e2,2,2,22,322,276,769,612,1.09117,0,0
025040107410003168d2a000a00000e2,2,2,23,322,276,769,612,1.09117,0,0
025040107410003168d2a000a00000e2,2,2,24,322,276,769,612,1.09117,0,0
025040107410003168d2a000a00000e2,2,2,25,322,276,769,612,1.09117,0,0
025040107410003168d2a000a00000e2,2,2,26,322,276,769,612,1.09117,0,0
025040107410003168d2a000a00000e2,2,2,27,322,276,769,612,1.09117,0,0
025040107410003168d2a000a00000e2,2,2,28,322,276,769,612,1.09117,0,0
025040107410003168d2a000a00000e2,2,2,29,322,276,769,612,1.09117,0,0
025040107410003168d2a000a00000e2,2,2,30,322,276,769,612,1.09117,0,0
025040107410003168d2a000a00000e2,2,2,31,322,276,769,612,1.09117,0,0
025040107410003168d2a000a00000e2,2,2,32,322,276,769,612,1.09117,0,0
025040107410003168d2a000a00000e2,2,2,33,322,276,769,612,1.09117,0,0
025040107410003168d2a000a00000e2,2,2,34,322,276,769,612,1.09117,0,0
025040107410003168d2a000a00000e2,2,2,35,322,276,769,612,1.09117,0,0
025040107410003168d2a000a00000e2,2,2,36,322,276,769,612,1.09117,0,0
025040107410003168d2a000a00000e2,2,2,37,322,276,769,612,1.09117,0,0
025040107410003168d2a000a00000e2,2,2,38,322,276,769,612,1.09117,0,0
025040107410003168d2a000a00000e2,2,2,39,322,276,769,612,1.09117,0,0
025040107410003168d2a000a00000e2,2,2,40,322,276,769,612,1.09117,0,0
025040107410003168d2a000a00000e2,2,2,41,322,276,769,612,1.09117,0,0
025040107410003168d2a000a00000e2,2,2,42,322,276,769,612,1.09117,0,0
025040107410003168d2a000a00000e2,2,2,43,322,276,769,612,1.09117,0,0
025040107410003168d2a000a00000e2,2,2,44,322,276,769,612,1.09117,0,0
025040107410003168d2a000a00000e2,2,2,45,322,276,769,612,1.09117,0,0
025040107410003168d2a000a00000e2,2,2,46,322,276,769,612,1.09117,0,0
025040107410003168d2a000a00000e2,2,2,47,322,276,769,612,1.09117,0,0
025040107410003168d2a000a00000e2,2,2,48,322,276,769,612,1.09117,0,0
025040107410003168d2a000a00000e2,2,2,49,322,276,769,612,1.09117,0,0
025040107410003168d2a000a00000e2,2,2,50,322,276,769,612,1.09117,0,0
025040107410003168d2a000a00000e2,2,2,51,322,276,769,612,1.09117,0,0
025040107410003168d2a000a00000e2,2,2,52,322,276,769,612,1.09117,0,0
025040107410003168d2a000a00000e2,2,2,53,322,276,769,612,1.09117,0,0
025040107410003168d2a000a00000e2,2,2,54,322,276,769,612,1.09117,0,0
025040107410003168d2a000a00000e2,2,2,55,322,276,769,612,1.09117,0,0
025040107410003168d2a000a00000e2,2,2,56,322,276,769,612,1.09117,0,0
025040107410003168d2a000a00000e2,2,2,57,322,276,769,612,1.09117,0,0
025040107410003168d2a000a00000e2,2,2,58,322,276,769,612,1.09117,0,0
025040107410003168d2a000a00000e2,2,2,59,322,276,769,612,1.09117,0,0
025040107410003168d2a000a00000e2,2,2,60,322,276,769,612,1.09117,0,0
025040107410003168d2a000a00000e2,2,2,61,322,276,769,612,1.09117,0,0
025040107410003168d2a000a00000e2,2,2,62,322,276,769,612,1.09117,0,0
025040107410003168d2a000a00000e2,2,2,63,322,276,769,612,1.09117,0,0
025040107410003168d2a000a00000e2,2,2,0,322,276,770,612,1.09117,0,0
025040107410003168d2a000a00000e2,2,2,1,322,276,770,612,1.09117,0,0
025040107410003168d2a000a00000e2,2,2,2,322,276,770,612,1.09117,0,0
025040107410003168d2a000a00000e2,2,2,3,322,276,770,612,1.09117,0,0
025040107410003168d2a000a00000e2,2,2,4,322,276,770,612,1.09117,0,0
025040107410003168d2a000a00000e2,2,2,5,322,276,770,612,1.09117,0,0
025040107410003168d2a000a00000e2,2,2,6,322,276,770,612,1.09117,0,0
025040107410003168d2a000a00000e2,2,2,7,322,276,770,612,1.09117,0,0
025040107410003168d2a000a00000e2,2,2,8,322,276,770,612,1.09117,0,0
025040107410003168d2a000a00000e2,2,2,9,322,276,770,612,1.09117,0,0
025040107410003168d2a000a00000e2,2,2,10,322,276,770,612,1.09117,0,0
025040107410003168d2a000a00000e2,2,2,11,322,276,770,612,1.09117,0,0
025040107410003168d2a000a00000e2,2,2,12,322,276,770,612,1.09117,0,0
025040107410003168d2a000a00000e2,2,2,13,322,276,770,612,1.09117,0,0
025040107410003168d2a000a00000e2,2,2,14,322,276,770,612,1.09117,0,0
025040107410003168d2a000a00000e2,2,2,15,322,276,770,612,1.09117,0,0
025040107410003168d2a000a00000e2,2,2,16,322,276,770,612,1.09117,0,0
025040107410003168d2a000a00000e2,2,2,17,322,276,770,612,1.09117,0,0
025040107410003168d2a000a00000e2,2,2,18,322,276,770,612,1.09117,0,0
025040107410003168d2a000a00000e2,2,2,19,322,276,770,612,1.09117,0,0
025040107410003168d2a000a00000e2,2,2,20,322,276,770,612,1.09117,0,0
025040107410003168d2a000a00000e2,2,2,21,322,276,770,612,1.09117,0,0
025040107410003168d2a000a00000e2,2,2,22,322,276,770,612,1.09117,0,0
025040107410003168d2a000a00000e2,2,2,23,322,276,770,612,1.09117,0,0
025040107410003168d2a000a00000e2,2,2,24,322,276,770,612,1.09117,0,0
025040107410003168d2a000a00000e2,2,2,25,322,276,770,612,1.09117,0,0
025040107410003168d2a000a00000e2,2,2,26,322,276,770,612,1.09117,0,0
025040107410003168d2a000a00000e2,2,2,27,322,276,770,612,1.09117,0,0
025040107410003168d2a000a00000e2,2,2,28,322,276,770,612,1.09117,0,0
025040107410003168d2a000a00000e2,2,2,29,322,276,770,612,1.09117,0,0
025040107410003168d2a000a00000e2,2,2,30,322,276,770,612,1.09117,0,0
025040107410003168d2a000a00000e2,2,2,31,322,276,770,612,1.09117,0,0
025040107410003168d2a000a00000e2,2,2,32,322,276,770,612,1.09117,0,0
025040107410003168d2a000a00000e2,2,2,33,322,276,770,612,1.09117,0,0
025040107410003168d2a000a00000e2,2,2,34,322,276,770,612,1.09117,0,0
025040107410003168d2a000a00000e2,2,2,35,322,276,770,612,1.09117,0,0
025040107410003168d2a000a00000e2,2,2,36,322,276,770,612,1.09117,0,0
025040107410003168d2a000a00000e2,2,2,37,322,276,770,612,1.09117,0,0
025040107410003168d2a000a00000e2,2,2,38,322,276,770,612,1.09117,0,0
025040107410003168d2a000a00000e2,2,2,39,322,276,770,612,1.09117,0,0
025040107410003168d2a000a00000e2,2,2,40,322,276,770,612,1.09117,0,0
025040107410003168d2a000a00000e2,2,2,41,322,276,770,612,1.09117,0,0
025040107410003168d2a000a00000e2,2,2,42,322,276,770,612,1.09117,0,0
025040107410003168d2a000a00000e2,2,2,43,322,276,770,612,1.09117,0,0
025040107410003168d2a000a00000e2,2,2,44,322,276,770,612,1.09117,0,0
025040107410003168d2a000a00000e2,2,2,45,322,276,770,612,1.09117,0,0
025040107410003168d2a000a00000e2,2,2,46,322,276,770,612,1.09117,0,0
025040107410003168d2a000a00000e2,2,2,47,322,276,770,612,1.09117,0,0
025040107410003168d2a000a00000e2,2,2,48,322,276,770,612,1.09117,0,0
025040107410003168d2a000a00000e2,2,2,49,322,276,770,612,1.09117,0,0
025040107410003168d2a000a00000e2,2,2,50,322,276,770,612,1.09117,0,0
025040107410003168d2a000a00000e2,2,2,51,322,276,770,612,1.09117,0,0
025040107410003168d2a000a00000e2,2,2,52,322,276,770,612,1.09117,0,0
025040107410003168d2a000a00000e2,2,2,53,322,276,770,612,1.09117,0,0
025040107410003168d2a000a00000e2,2,2,54,322,276,770,612,1.09117,0,0
025040107410003168d2a000a00000e2,2,2,55,322,276,770,612,1.09117,0,0
025040107410003168d2a000a00000e2,2,2,56,322,276,770,612,1.09117,0,0
025040107410003168d2a000a00000e2,2,2,57,322,276,770,612,1.09117,0,0
025040107410003168d2a000a00000e2,2,2,58,322,276,770,612,1.09117,0,0
025040107410003168d2a000a00000e2,2,2,59,322,276,770,612,1.09117,0,0
025040107410003168d2a000a00000e2,2,2,60,322,276,770,612,1.09117,0,0
025040107410003168d2a000a00000e2,2,2,61,322,276,770,612,1.09117,0,0
025040107410003168d2a000a00000e2,2,2,62,322,276,770,612,1.09117,0,0
025040107410003168d2a000a00000e2,2,2,63,322,276,770,612,1.09117,0,0
025040107410003168d2a000a00000e2,2,2,0,322,276,771,613,1.09855,0,0
025040107410003168d2a000a00000e2,2,2,1,322,276,771,613,1.09855,0,0
025040107410003168d2a000a00000e2,2,2,2,322,276,771,613,1.09855,0,0
025040107410003168d2a000a00000e2,2,2,3,322,276,771,613,1.09855,0,0
025040107410003168d2a000a00000e2,2,2,4,322,276,771,613,1.09855,0,0
025040107410003168d2a000a00000e2,2,2,5,322,276,771,613,1.09855,0,0
025040107410003168d2a000a00000e2,2,2,6,322,276,771,613,1.09855,0,0
025040107410003168d2a000a00000e2,2,2,7,322,276,771,613,1.09855,0,0
025040107410003168d2a000a00000e2,2,2,8,322,276,771,613,1.09855,0,0
025040107410003168d2a000a00000e2,2,2,9,322,276,771,613,1.09855,0,0
025040107410003168d2a000a00000e2,2,2,10,322,276,771,613,1.09855,0,0
025040107410003168d2a000a00000e2,2,2,11,322,276,771,613,1.09855,0,0
025040107410003168d2a000a00000e2,2,2,12,322,276,771,613,1.09855,0,0
025040107410003168d2a000a00000e2,2,2,13,322,276,771,613,1.09855,0,0
025040107410003168d2a000a00000e2,2,2,14,322,276,771,613,1.09855,0,0
025040107410003168d2a000a00000e2,2,2,15,322,276,771,613,1.09855,0,0
025040107410003168d2a000a00000e2,2,2,16,322,276,771,613,1.09855,0,0
025040107410003168d2a000a00000e2,2,2,17,322,276,771,613,1.09855,0,0
025040107410003168d2a000a00000e2,2,2,18,322,276,771,613,1.09855,0,0
025040107410003168d2a000a00000e2,2,2,19,322,276,771,613,1.09855,0,0
025040107410003168d2a000a00000e2,2,2,20,322,276,771,613,1.09855,0,0
025040107410003168d2a000a00000e2,2,2,21,322,276,771,613,1.09855,0,0
025040107410003168d2a000a00000e2,2,2,22,322,276,771,613,1.09855,0,0
025040107410003168d2a000a00000e2,2,2,23,322,276,771,613,1.09855,0,0
025040107410003168d2a000a00000e2,2,2,24,322,276,771,613,1.09855,0,0
025040107410003168d2a000a00000e2,2,2,25,322,276,771,613,1.09855,0,0
025040107410003168d2a000a00000e2,2,2,26,322,276,771,613,1.09855,0,0
025040107410003168d2a000a00000e2,2,2,27,322,276,771,613,1.09855,0,0
025040107410003168d2a000a00000e2,2,2,28,322,276,771,613,1.09855,0,0
025040107410003168d2a000a00000e2,2,2,29,322,276,771,613,1.09855,0,0
025040107410003168d2a000a00000e2,2,2,30,322,276,771,613,1.09855,0,0
025040107410003168d2a000a00000e2,2,2,31,322,276,771,613,1.09855,0,0
025040107410003168d2a000a00000e2,2,2,32,322,276,771,613,1.09855,0,0
025040107410003168d2a000a00000e2,2,2,33,322,276,771,613,1.09855,0,0
025040107410003168d2a000a00000e2,2,2,34,322,276,771,613,1.09855,0,0
025040107410003168d2a000a00000e2,2,2,35,322,276,771,613,1.09855,0,0
025040107410003168d2a000a00000e2,2,2,36,322,276,771,613,1.09855,0,0
025040107410003168d2a000a00000e2,2,2,37,322,276,771,613,1.09855,0,0
025040107410003168d2a000a00000e2,2,2,38,322,276,771,613,1.09855,0,0
025040107410003168d2a000a00000e2,2,2,39,322,276,771,613,1.09855,0,0
025040107410003168d2a000a00000e2,2,2,40,322,276,771,613,1.09855,0,0
025040107410003168d2a000a00000e2,2,2,41,322,276,771,613,1.09855,0,0
025040107410003168d2a000a00000e2,2,2,42,322,276,771,613,1.09855,0,0
025040107410003168d2a000a00000e2,2,2,43,322,276,771,613,1.09855,0,0
025040107410003168d2a000a00000e2,2,2,44,322,276,771,613,1.09855,0,0
025040107410003168d2a000a00000e2,2,2,45,322,276,771,613,1.09855,0,0
025040107410003168d2a000a00000e2,2,2,46,322,276,771,613,1.09855,0,0
025040107410003168d2a000a00000e2,2,2,47,322,276,771,613,1.09855,0,0
025040107410003168d2a000a00000e2,2,2,48,322,276,771,613,1.09855,0,0
025040107410003168d2a000a00000e2,2,2,49,322,276,771,613,1.09855,0,0
025040107410003168d2a000a00000e2,2,2,50,322,276,771,613,1.09855,0,0
025040107410003168d2a000a00000e2,2,2,51,322,276,771,613,1.09855,0,0
025040107410003168d2a000a00000e2,2,2,52,322,276,771,613,1.09855,0,0
025040107410003168d2a000a00000e2,2,2,53,322,276,771,613,1.09855,0,0
025040107410003168d2a000a00000e2,2,2,54,322,276,771,613,1.09855,0,0
025040107410003168d2a000a00000e2,2,2,55,322,276,771,613,1.09855,0,0
025040107410003168d2a000a00000e2,2,2,56,322,276,771,613,1.09855,0,0
025040107410003168d2a000a00000e2,2,2,57,322,276,771,613,1.09855,0,0
025040107410003168d2a000a00000e2,2,2,58,322,276,771,613,1.09855,0,0
025040107410003168d2a000a00000e2,2,2,59,322,276,771,613,1.09855,0,0
025040107410003168d2a000a00000e2,2,2,60,322,276,771,613,1.09855,0,0
025040107410003168d2a000a00000e2,2,2,61,322,276,771,613,1.09855,0,0
025040107410003168d2a000a00000e2,2,2,62,322,276,771,613,1.09855,0,0
025040107410003168d2a000a00000e2,2,2,63,322,276,771,613,1.09855,0,0
025040107410003168d2a000a00000e2,2,2,0,322,276,772,614,1.09855,0,0
025040107410003168d2a000a00000e2,2,2,1,322,276,772,614,1.09855,0,0
025040107410003168d2a000a00000e2,2,2,2,322,276,772,614,1.09855,0,0
025040107410003168d2a000a00000e2,2,2,3,322,276,772,614,1.09855,0,0
025040107410003168d2a000a00000e2,2,2,4,322,276,772,614,1.09855,0,0
025040107410003168d2a000a00000e2,2,2,5,322,276,772,614,1.09855,0,0
025040107410003168d2a000a00000e2,2,2,6,322,276,772,614,1.09855,0,0
025040107410003168d2a000a00000e2,2,2,7,322,276,772,614,1.09855,0,0
025040107410003168d2a000a00000e2,2,2,8,322,276,772,614,1.09855,0,0
025040107410003168d2a000a00000e2,2,2,9,322,276,772,614,1.09855,0,0
025040107410003168d2a000a00000e2,2,2,10,322,276,772,614,1.09855,0,0
025040107410003168d2a000a00000e2,2,2,11,322,276,772,614,1.09855,0,0
025040107410003168d2a000a00000e2,2,2,12,322,276,772,614,1.09855,0,0
025040107410003168d2a000a00000e2,2,2,13,322,276,772,614,1.09855,0,0
025040107410003168d2a000a00000e2,2,2,14,322,276,772,614,1.09855,0,0
025040107410003168d2a000a00000e2,2,2,15,322,276,772,614,1.09855,0,0
025040107410003168d2a000a00000e2,2,2,16,322,276,772,614,1.09855,0,0
025040107410003168d2a000a00000e2,2,2,17,322,276,772,614,1.09855,0,0
025040107410003168d2a000a00000e2,2,2,18,322,276,772,614,1.09855,0,0
025040107410003168d2a000a00000e2,2,2,19,322,276,772,614,1.09855,0,0
025040107410003168d2a000a00000e2,2,2,20,322,276,772,614,1.09855,0,0
025040107410003168d2a000a00000e2,2,2,21,322,276,772,614,1.09855,0,0
025040107410003168d2a000a00000e2,2,2,22,322,276,772,614,1.09855,0,0
025040107410003168d2a000a00000e2,2,2,23,322,276,772,614,1.09855,0,0
025040107410003168d2a000a00000e2,2,2,24,322,276,772,614,1.09855,0,0
025040107410003168d2a000a00000e2,2,2,25,322,276,772,614,1.09855,0,0
025040107410003168d2a000a00000e2,2,2,26,322,276,772,614,1.09855,0,0
025040107410003168d2a000a00000e2,2,2,27,322,276,772,614,1.09855,0,0
025040107410003168d2a000a00000e2,2,2,28,322,276,772,614,1.09855,0,0
025040107410003168d2a000a00000e2,2,2,29,322,276,772,614,1.09855,0,0
025040107410003168d2a000a00000e2,2,2,30,322,276,772,614,1.09855,0,0
025040107410003168d2a000a00000e2,2,2,31,322,276,772,614,1.09855,0,0
025040107410003168d2a000a00000e2,2,2,32,322,276,772,614,1.09855,0,0
025040107410003168d2a000a00000e2,2,2,33,322,276,772,614,1.09855,0,0
025040107410003168d2a000a00000e2,2,2,34,322,276,772,614,1.09855,0,0
025040107410003168d2a000a00000e2,2,2,35,322,276,772,614,1.09855,0,0
025040107410003168d2a000a00000e2,2,2,36,322,276,772,614,1.09855,0,0
025040107410003168d2a000a00000e2,2,2,37,322,276,772,614,1.09855,0,0
025040107410003168d2a000a00000e2,2,2,38,322,276,772,614,1.09855,0,0
025040107410003168d2a000a00000e2,2,2,39,322,276,772,614,1.09855,0,0
025040107410003168d2a000a00000e2,2,2,40,322,276,772,614,1.09855,0,0
025040107410003168d2a000a00000e2,2,2,41,322,276,772,614,1.09855,0,0
025040107410003168d2a000a00000e2,2,2,42,322,276,772,614,1.09855,0,0
025040107410003168d2a000a00000e2,2,2,43,322,276,772,614,1.09855,0,0
025040107410003168d2a000a00000e2,2,2,44,322,276,772,614,1.09855,0,0
025040107410003168d2a000a00000e2,2,2,45,322,276,772,614,1.09855,0,0
025040107410003168d2a000a00000e2,2,2,46,322,276,772,614,1.09855,0,0
025040107410003168d2a000a00000e2,2,2,47,322,276,772,614,1.09855,0,0
025040107410003168d2a000a00000e2,2,2,48,322,276,772,614,1.09855,0,0
025040107410003168d2a000a00000e2,2,2,49,322,276,772,614,1.09855,0,0
025040107410003168d2a000a00000e2,2,2,50,322,276,772,614,1.09855,0,0
025040107410003168d2a000a00000e2,2,2,51,322,276,772,614,1.09855,0,0
025040107410003168d2a000a00000e2,2,2,52,322,276,772,614,1.09855,0,0
025040107410003168d2a000a00000e2,2,2,53,322,276,772,614,1.09855,0,0
025040107410003168d2a000a00000e2,2,2,54,322,276,772,614,1.09855,0,0
025040107410003168d2a000a00000e2,2,2,55,322,276,772,614,1.09855,0,0
025040107410003168d2a000a00000e2,2,2,56,322,276,772,614,1.09855,0,0
025040107410003168d2a000a00000e2,2,2,57,322,276,772,614,1.09855,0,0
025040107410003168d2a000a00000e2,2,2,58,322,276,772,614,1.09855,0,0
025040107410003168d2a000a00000e2,2,2,59,322,276,772,614,1.09855,0,0
025040107410003168d2a000a00000e2,2,2,60,322,276,772,614,1.09855,0,0
025040107410003168d2a000a00000e2,2,2,61,322,276,772,614,1.09855,0,0
025040107410003168d2a000a00000e2,2,2,62,322,276,772,614,1.09855,0,0
025040107410003168d2a000a00000e2,2,2,63,322,276,772,614,1.09855,0,0
025040107410003168d2a000a00000e2,2,2,0,322,276,773,615,1.09707,0,0
025040107410003168d2a000a00000e2,2,2,1,322,276,773,615,1.09707,0,0
025040107410003168d2a000a00000e2,2,2,2,322,276,773,615,1.09707,0,0
025040107410003168d2a000a00000e2,2,2,3,322,276,773,615,1.09707,0,0
025040107410003168d2a000a00000e2,2,2,4,322,276,773,615,1.09707,0,0
025040107410003168d2a000a00000e2,2,2,5,322,276,773,615,1.09707,0,0
025040107410003168d2a000a00000e2,2,2,6,322,276,773,615,1.09707,0,0
025040107410003168d2a000a00000e2,2,2,7,322,276,773,615,1.09707,0,0
025040107410003168d2a000a00000e2,2,2,8,322,276,773,615,1.09707,0,0
025040107410003168d2a000a00000e2,2,2,9,322,276,773,615,1.09707,0,0
025040107410003168d2a000a00000e2,2,2,10,322,276,773,615,1.09707,0,0
025040107410003168d2a000a00000e2,2,2,11,322,276,773,615,1.09707,0,0
025040107410003168d2a000a00000e2,2,2,12,322,276,773,615,1.09707,0,0
025040107410003168d2a000a00000e2,2,2,13,322,276,773,615,1.09707,0,0
025040107410003168d2a000a00000e2,2,2,14,322,276,773,615,1.09707,0,0
025040107410003168d2a000a00000e2,2,2,15,322,276,773,615,1.09707,0,0
025040107410003168d2a000a00000e2,2,2,16,322,276,773,615,1.09707,0,0
025040107410003168d2a000a00000e2,2,2,17,322,276,773,615,1.09707,0,0
025040107410003168d2a000a00000e2,2,2,18,322,276,773,615,1.09707,0,0
025040107410003168d2a000a00000e2,2,2,19,322,276,773,615,1.09707,0,0
025040107410003168d2a000a00000e2,2,2,20,322,276,773,615,1.09707,0,0
025040107410003168d2a000a00000e2,2,2,21,322,276,773,615,1.09707,0,0
025040107410003168d2a000a00000e2,2,2,22,322,276,773,615,1.09707,0,0
025040107410003168d2a000a00000e2,2,2,23,322,276,773,615,1.09707,0,0
025040107410003168d2a000a00000e2,2,2,24,322,276,773,615,1.09707,0,0
025040107410003168d2a000a00000e2,2,2,25,322,276,773,615,1.09707,0,0
025040107410003168d2a000a00000e2,2,2,26,322,276,773,615,1.09707,0,0
025040107410003168d2a000a00000e2,2,2,27,322,276,773,615,1.09707,0,0
025040107410003168d2a000a00000e2,2,2,28,322,276,773,615,1.09707,0,0
025040107410003168d2a000a00000e2,2,2,29,322,276,773,615,1.09707,0,0
025040107410003168d2a000a00000e2,2,2,30,322,276,773,615,1.09707,0,0
025040107410003168d2a000a00000e2,2,2,31,322,276,773,615,1.09707,0,0
025040107410003168d2a000a00000e2,2,2,32,322,276,773,615,1.09707,0,0
025040107410003168d2a000a00000e2,2,2,33,322,276,773,615,1.09707,0,0
025040107410003168d2a000a00000e2,2,2,34,322,276,773,615,1.09707,0,0
025040107410003168d2a000a00000e2,2,2,35,322,276,773,615,1.09707,0,0
025040107410003168d2a000a00000e2,2,2,36,322,276,773,615,1.09707,0,0
025040107410003168d2a000a00000e2,2,2,37,322,276,773,615,1.09707,0,0
025040107410003168d2a000a00000e2,2,2,38,322,276,773,615,1.09707,0,0
025040107410003168d2a000a00000e2,2,2,39,322,276,773,615,1.09707,0,0
025040107410003168d2a000a00000e2,2,2,40,322,276,773,615,1.09707,0,0
025040107410003168d2a000a00000e2,2,2,41,322,276,773,615,1.09707,0,0
025040107410003168d2a000a00000e2,2,2,42,322,276,773,615,1.09707,0,0
025040107410003168d2a000a00000e2,2,2,43,322,276,773,615,1.09707,0,0
025040107410003168d2a000a00000e2,2,2,44,322,276,773,615,1.09707,0,0
025040107410003168d2a000a00000e2,2,2,45,322,276,773,615,1.09707,0,0
025040107410003168d2a000a00000e2,2,2,46,322,276,773,615,1.09707,0,0
025040107410003168d2a000a00000e2,2,2,47,322,276,773,615,1.09707,0,0
025040107410003168d2a000a00000e2,2,2,48,322,276,773,615,1.09707,0,0
025040107410003168d2a000a00000e2,2,2,49,322,276,773,615,1.09707,0,0
025040107410003168d2a000a00000e2,2,2,50,322,276,773,615,1.09707,0,0
025040107410003168d2a000a00000e2,2,2,51,322,276,773,615,1.09707,0,0
025040107410003168d2a000a00000e2,2,2,52,322,276,773,615,1.09707,0,0
025040107410003168d2a000a00000e2,2,2,53,322,276,773,615,1.09707,0,0
025040107410003168d2a000a00000e2,2,2,54,322,276,773,615,1.09707,0,0
025040107410003168d2a000a00000e2,2,2,55,322,276,773,615,1.09707,0,0
025040107410003168d2a000a00000e2,2,2,56,322,276,773,615,1.09707,0,0
025040107410003168d2a000a00000e2,2,2,57,322,276,773,615,1.09707,0,0
025040107410003168d2a000a00000e2,2,2,58,322,276,773,615,1.09707,0,0
025040107410003168d2a000a00000e2,2,2,59,322,276,773,615,1.09707,0,0
025040107410003168d2a000a00000e2,2,2,60,322,276,773,615,1.09707,0,0
025040107410003168d2a000a00000e2,2,2,61,322,276,773,615,1.09707,0,0
025040107410003168d2a000a00000e2,2,2,62,322,276,773,615,1.09707,0,0
025040107410003168d2a000a00000e2,2,2,63,322,276,773,615,1.09707,0,0
025040107410003168d2a000a00000e2,2,2,0,322,276,774,616,1.10002,0,0
025040107410003168d2a000a00000e2,2,2,1,322,276,774,616,1.10002,0,0
025040107410003168d2a000a00000e2,2,2,2,322,276,774,616,1.10002,0,0
025040107410003168d2a000a00000e2,2,2,3,322,276,774,616,1.10002,0,0
025040107410003168d2a000a00000e2,2,2,4,322,276,774,616,1.10002,0,0
025040107410003168d2a000a00000e2,2,2,5,322,276,774,616,1.10002,0,0
025040107410003168d2a000a00000e2,2,2,6,322,276,774,616,1.10002,0,0
025040107410003168d2a000a00000e2,2,2,7,322,276,774,616,1.10002,0,0
025040107410003168d2a000a00000e2,2,2,8,322,276,774,616,1.10002,0,0
025040107410003168d2a000a00000e2,2,2,9,322,276,774,616,1.10002,0,0
025040107410003168d2a000a00000e2,2,2,10,322,276,774,616,1.10002,0,0
025040107410003168d2a000a00000e2,2,2,11,322,276,774,616,1.10002,0,0
025040107410003168d2a000a00000e2,2,2,12,322,276,774,616,1.10002,0,0
025040107410003168d2a000a00000e2,2,2,13,322,276,774,616,1.10002,0,0
025040107410003168d2a000a00000e2,2,2,14,322,276,774,616,1.10002,0,0
025040107410003168d2a000a00000e2,2,2,15,322,276,774,616,1.10002,0,0
025040107410003168d2a000a00000e2,2,2,16,322,276,774,616,1.10002,0,0
025040107410003168d2a000a00000e2,2,2,17,322,276,774,616,1.10002,0,0
025040107410003168d2a000a00000e2,2,2,18,322,276,774,616,1.10002,0,0
025040107410003168d2a000a00000e2,2,2,19,322,276,774,616,1.10002,0,0
025040107410003168d2a000a00000e2,2,2,20,322,276,774,616,1.10002,0,0
025040107410003168d2a000a00000e2,2,2,21,322,276,774,616,1.10002,0,0
025040107410003168d2a000a00000e2,2,2,22,322,276,774,616,1.10002,0,0
025040107410003168d2a000a00000e2,2,2,23,322,276,774,616,1.10002,0,0
025040107410003168d2a000a00000e2,2,2,24,322,276,774,616,1.10002,0,0
025040107410003168d2a000a00000e2,2,2,25,322,276,774,616,1.10002,0,0
025040107410003168d2a000a00000e2,2,2,26,322,276,774,616,1.10002,0,0
025040107410003168d2a000a00000e2,2,2,27,322,276,774,616,1.10002,0,0
025040107410003168d2a000a00000e2,2,2,28,322,276,774,616,1.10002,0,0
025040107410003168d2a000a00000e2,2,2,29,322,276,774,616,1.10002,0,0
025040107410003168d2a000a00000e2,2,2,30,322,276,774,616,1.10002,0,0
025040107410003168d2a000a00000e2,2,2,31,322,276,774,616,1.10002,0,0
025040107410003168d2a000a00000e2,2,2,32,322,276,774,616,1.10002,0,0
025040107410003168d2a000a00000e2,2,2,33,322,276,774,616,1.10002,0,0
025040107410003168d2a000a00000e2,2,2,34,322,276,774,616,1.10002,0,0
025040107410003168d2a000a00000e2,2,2,35,322,276,774,616,1.10002,0,0
025040107410003168d2a000a00000e2,2,2,36,322,276,774,616,1.10002,0,0
025040107410003168d2a000a00000e2,2,2,37,322,276,774,616,1.10002,0,0
025040107410003168d2a000a00000e2,2,2,38,322,276,774,616,1.10002,0,0
025040107410003168d2a000a00000e2,2,2,39,322,276,774,616,1.10002,0,0
025040107410003168d2a000a00000e2,2,2,40,322,276,774,616,1.10002,0,0
025040107410003168d2a000a00000e2,2,2,41,322,276,774,616,1.10002,0,0
025040107410003168d2a000a00000e2,2,2,42,322,276,774,616,1.10002,0,0
025040107410003168d2a000a00000e2,2,2,43,322,276,774,616,1.10002,0,0
025040107410003168d2a000a00000e2,2,2,44,322,276,774,616,1.10002,0,0
025040107410003168d2a000a00000e2,2,2,45,322,276,774,616,1.10002,0,0
025040107410003168d2a000a00000e2,2,2,46,322,276,774,616,1.10002,0,0
025040107410003168d2a000a00000e2,2,2,47,322,276,774,616,1.10002,0,0
025040107410003168d2a000a00000e2,2,2,48,322,276,774,616,1.10002,0,0
025040107410003168d2a000a00000e2,2,2,49,322,276,774,616,1.10002,0,0
025040107410003168d2a000a00000e2,2,2,50,322,276,774,616,1.10002,0,0
025040107410003168d2a000a00000e2,2,2,51,322,276,774,616,1.10002,0,0
025040107410003168d2a000a00000e2,2,2,52,322,276,774,616,1.10002,0,0
025040107410003168d2a000a00000e2,2,2,53,322,276,774,616,1.10002,0,0
025040107410003168d2a000a00000e2,2,2,54,322,276,774,616,1.10002,0,0
025040107410003168d2a000a00000e2,2,2,55,322,276,774,616,1.10002,0,0
025040107410003168d2a000a00000e2,2,2,56,322,276,774,616,1.10002,0,0
025040107410003168d2a000a00000e2,2,2,57,322,276,774,616,1.10002,0,0
025040107410003168d2a000a00000e2,2,2,58,322,276,774,616,1.10002,0,0
025040107410003168d2a000a00000e2,2,2,59,322,276,774,616,1.10002,0,0
025040107410003168d2a000a00000e2,2,2,60,322,276,774,616,1.10002,0,0
025040107410003168d2a000a00000e2,2,2,61,322,276,774,616,1.10002,0,0
025040107410003168d2a000a00000e2,2,2,62,322,276,774,616,1.10002,0,0
025040107410003168d2a000a00000e2,2,2,63,322,276,774,616,1.10002,0,0
025040107410003168d2a000a00000e2,2,2,0,322,276,775,616,1.09855,0,0
025040107410003168d2a000a00000e2,2,2,1,322,276,775,616,1.09855,0,0
025040107410003168d2a000a00000e2,2,2,2,322,276,775,616,1.09855,0,0
025040107410003168d2a000a00000e2,2,2,3,322,276,775,616,1.09855,0,0
025040107410003168d2a000a00000e2,2,2,4,322,276,775,616,1.09855,0,0
025040107410003168d2a000a00000e2,2,2,5,322,276,775,616,1.09855,0,0
025040107410003168d2a000a00000e2,2,2,6,322,276,775,616,1.09855,0,0
025040107410003168d2a000a00000e2,2,2,7,322,276,775,616,1.09855,0,0
025040107410003168d2a000a00000e2,2,2,8,322,276,775,616,1.09855,0,0
025040107410003168d2a000a00000e2,2,2,9,322,276,775,616,1.09855,0,0
025040107410003168d2a000a00000e2,2,2,10,322,276,775,616,1.09855,0,0
025040107410003168d2a000a00000e2,2,2,11,322,276,775,616,1.09855,0,0
025040107410003168d2a000a00000e2,2,2,12,322,276,775,616,1.09855,0,0
025040107410003168d2a000a00000e2,2,2,13,322,276,775,616,1.09855,0,0
025040107410003168d2a000a00000e2,2,2,14,322,276,775,616,1.09855,0,0
025040107410003168d2a000a00000e2,2,2,15,322,276,775,616,1.09855,0,0
025040107410003168d2a000a00000e2,2,2,16,322,276,775,616,1.09855,0,0
025040107410003168d2a000a00000e2,2,2,17,322,276,775,616,1.09855,0,0
025040107410003168d2a000a00000e2,2,2,18,322,276,775,616,1.09855,0,0
025040107410003168d2a000a00000e2,2,2,19,322,276,775,616,1.09855,0,0
025040107410003168d2a000a00000e2,2,2,20,322,276,775,616,1.09855,0,0
025040107410003168d2a000a00000e2,2,2,21,322,276,775,616,1.09855,0,0
025040107410003168d2a000a00000e2,2,2,22,322,276,775,616,1.09855,0,0
025040107410003168d2a000a00000e2,2,2,23,322,276,775,616,1.09855,0,0
025040107410003168d2a000a00000e2,2,2,24,322,276,775,616,1.09855,0,0
025040107410003168d2a000a00000e2,2,2,25,322,276,775,616,1.09855,0,0
025040107410003168d2a000a00000e2,2,2,26,322,276,775,616,1.09855,0,0
025040107410003168d2a000a00000e2,2,2,27,322,276,775,616,1.09855,0,0
025040107410003168d2a000a00000e2,2,2,28,322,276,775,616,1.09855,0,0
025040107410003168d2a000a00000e2,2,2,29,322,276,775,616,1.09855,0,0
025040107410003168d2a000a00000e2,2,2,30,322,276,775,616,1.09855,0,0
025040107410003168d2a000a00000e2,2,2,31,322,276,775,616,1.09855,0,0
025040107410003168d2a000a00000e2,2,2,32,322,276,775,616,1.09855,0,0
025040107410003168d2a000a00000e2,2,2,33,322,276,775,616,1.09855,0,0
025040107410003168d2a000a00000e2,2,2,34,322,276,775,616,1.09855,0,0
025040107410003168d2a000a00000e2,2,2,35,322,276,775,616,1.09855,0,0
025040107410003168d2a000a00000e2,2,2,36,322,276,775,616,1.09855,0,0
025040107410003168d2a000a00000e2,2,2,37,322,276,775,616,1.09855,0,0
025040107410003168d2a000a00000e2,2,2,38,322,276,775,616,1.09855,0,0
025040107410003168d2a000a00000e2,2,2,39,322,276,775,616,1.09855,0,0
025040107410003168d2a000a00000e2,2,2,40,322,276,775,616,1.09855,0,0
025040107410003168d2a000a00000e2,2,2,41,322,276,775,616,1.09855,0,0
025040107410003168d2a000a00000e2,2,2,42,322,276,775,616,1.09855,0,0
025040107410003168d2a000a00000e2,2,2,43,322,276,775,616,1.09855,0,0
025040107410003168d2a000a00000e2,2,2,44,322,276,775,616,1.09855,0,0
025040107410003168d2a000a00000e2,2,2,45,322,276,775,616,1.09855,0,0
025040107410003168d2a000a00000e2,2,2,46,322,276,775,616,1.09855,0,0
025040107410003168d2a000a00000e2,2,2,47,322,276,775,616,1.09855,0,0
025040107410003168d2a000a00000e2,2,2,48,322,276,775,616,1.09855,0,0
025040107410003168d2a000a00000e2,2,2,49,322,276,775,616,1.09855,0,0
025040107410003168d2a000a00000e2,2,2,50,322,276,775,616,1.09855,0,0
025040107410003168d2a000a00000e2,2,2,51,322,276,775,616,1.09855,0,0
025040107410003168d2a000a00000e2,2,2,52,322,276,775,616,1.09855,0,0
025040107410003168d2a000a00000e2,2,2,53,322,276,775,616,1.09855,0,0
025040107410003168d2a000a00000e2,2,2,54,322,276,775,616,1.09855,0,0
025040107410003168d2a000a00000e2,2,2,55,322,276,775,616,1.09855,0,0
025040107410003168d2a000a00000e2,2,2,56,322,276,775,616,1.09855,0,0
025040107410003168d2a000a00000e2,2,2,57,322,276,775,616,1.09855,0,0
025040107410003168d2a000a00000e2,2,2,58,322,276,775,616,1.09855,0,0
025040107410003168d2a000a00000e2,2,2,59,322,276,775,616,1.09855,0,0
025040107410003168d2a000a00000e2,2,2,60,322,276,775,616,1.09855,0,0
025040107410003168d2a000a00000e2,2,2,61,322,276,775,616,1.09855,0,0
025040107410003168d2a000a00000e2,2,2,62,322,276,775,616,1.09855,0,0
025040107410003168d2a000a00000e2,2,2,63,322,276,775,616,1.09855,0,0
025040107410003168d2a000a00000e2,2,2,0,322,276,776,617,1.10002,0,0
025040107410003168d2a000a00000e2,2,2,1,322,276,776,617,1.10002,0,0
025040107410003168d2a000a00000e2,2,2,2,322,276,776,617,1.10002,0,0
025040107410003168d2a000a00000e2,2,2,3,322,276,776,617,1.10002,0,0
025040107410003168d2a000a00000e2,2,2,4,322,276,776,617,1.10002,0,0
025040107410003168d2a000a00000e2,2,2,5,322,276,776,617,1.10002,0,0
025040107410003168d2a000a00000e2,2,2,6,322,276,776,617,1.10002,0,0
025040107410003168d2a000a00000e2,2,2,7,322,276,776,617,1.10002,0,0
025040107410003168d2a000a00000e2,2,2,8,322,276,776,617,1.10002,0,0
025040107410003168d2a000a00000e2,2,2,9,322,276,776,617,1.10002,0,0
025040107410003168d2a000a00000e2,2,2,10,322,276,776,617,1.10002,0,0
025040107410003168d2a000a00000e2,2,2,11,322,276,776,617,1.10002,0,0
025040107410003168d2a000a00000e2,2,2,12,322,276,776,617,1.10002,0,0
025040107410003168d2a000a00000e2,2,2,13,322,276,776,617,1.10002,0,0
025040107410003168d2a000a00000e2,2,2,14,322,276,776,617,1.10002,0,0
025040107410003168d2a000a00000e2,2,2,15,322,276,776,617,1.10002,0,0
025040107410003168d2a000a00000e2,2,2,16,322,276,776,617,1.10002,0,0
025040107410003168d2a000a00000e2,2,2,17,322,276,776,617,1.10002,0,0
025040107410003168d2a000a00000e2,2,2,18,322,276,776,617,1.10002,0,0
025040107410003168d2a000a00000e2,2,2,19,322,276,776,617,1.10002,0,0
025040107410003168d2a000a00000e2,2,2,20,322,276,776,617,1.10002,0,0
025040107410003168d2a000a00000e2,2,2,21,322,276,776,617,1.10002,0,0
025040107410003168d2a000a00000e2,2,2,22,322,276,776,617,1.10002,0,0
025040107410003168d2a000a00000e2,2,2,23,322,276,776,617,1.10002,0,0
025040107410003168d2a000a00000e2,2,2,24,322,276,776,617,1.10002,0,0
025040107410003168d2a000a00000e2,2,2,25,322,276,776,617,1.10002,0,0
025040107410003168d2a000a00000e2,2,2,26,322,276,776,617,1.10002,0,0
025040107410003168d2a000a00000e2,2,2,27,322,276,776,617,1.10002,0,0
025040107410003168d2a000a00000e2,2,2,28,322,276,776,617,1.10002,0,0
025040107410003168d2a000a00000e2,2,2,29,322,276,776,617,1.10002,0,0
025040107410003168d2a000a00000e2,2,2,30,322,276,776,617,1.10002,0,0
025040107410003168d2a000a00000e2,2,2,31,322,276,776,617,1.10002,0,0
025040107410003168d2a000a00000e2,2,2,32,322,276,776,617,1.10002,0,0
025040107410003168d2a000a00000e2,2,2,33,322,276,776,617,1.10002,0,0
025040107410003168d2a000a00000e2,2,2,34,322,276,776,617,1.10002,0,0
025040107410003168d2a000a00000e2,2,2,35,322,276,776,617,1.10002,0,0
025040107410003168d2a000a00000e2,2,2,36,322,276,776,617,1.10002,0,0
025040107410003168d2a000a00000e2,2,2,37,322,276,776,617,1.10002,0,0
025040107410003168d2a000a00000e2,2,2,38,322,276,776,617,1.10002,0,0
025040107410003168d2a000a00000e2,2,2,39,322,276,776,617,1.10002,0,0
025040107410003168d2a000a00000e2,2,2,40,322,276,776,617,1.10002,0,0
025040107410003168d2a000a00000e2,2,2,41,322,276,776,617,1.10002,0,0
025040107410003168d2a000a00000e2,2,2,42,322,276,776,617,1.10002,0,0
025040107410003168d2a000a00000e2,2,2,43,322,276,776,617,1.10002,0,0
025040107410003168d2a000a00000e2,2,2,44,322,276,776,617,1.10002,0,0
025040107410003168d2a000a00000e2,2,2,45,322,276,776,617,1.10002,0,0
025040107410003168d2a000a00000e2,2,2,46,322,276,776,617,1.10002,0,0
025040107410003168d2a000a00000e2,2,2,47,322,276,776,617,1.10002,0,0
025040107410003168d2a000a00000e2,2,2,48,322,276,776,617,1.10002,0,0
025040107410003168d2a000a00000e2,2,2,49,322,276,776,617,1.10002,0,0
025040107410003168d2a000a00000e2,2,2,50,322,276,776,617,1.10002,0,0
025040107410003168d2a000a00000e2,2,2,51,322,276,776,617,1.10002,0,0
025040107410003168d2a000a00000e2,2,2,52,322,276,776,617,1.10002,0,0
025040107410003168d2a000a00000e2,2,2,53,322,276,776,617,1.10002,0,0
025040107410003168d2a000a00000e2,2,2,54,322,276,776,617,1.10002,0,0
025040107410003168d2a000a00000e2,2,2,55,322,276,776,617,1.10002,0,0
025040107410003168d2a000a00000e2,2,2,56,322,276,776,617,1.10002,0,0
025040107410003168d2a000a00000e2,2,2,57,322,276,776,617,1.10002,0,0
025040107410003168d2a000a00000e2,2,2,58,322,276,776,617,1.10002,0,0
025040107410003168d2a000a00000e2,2,2,59,322,276,776,617,1.10002,0,0
025040107410003168d2a000a00000e2,2,2,60,322,276,776,617,1.10002,0,0
025040107410003168d2a000a00000e2,2,2,61,322,276,776,617,1.10002,0,0
025040107410003168d2a000a00000e2,2,2,62,322,276,776,617,1.10002,0,0
025040107410003168d2a000a00000e2,2,2,63,322,276,776,617,1.10002,0,0
025040107410003168d2a000a00000e2,2,2,0,322,276,777,618,1.09855,0,0
025040107410003168d2a000a00000e2,2,2,1,322,276,777,618,1.09855,0,0
025040107410003168d2a000a00000e2,2,2,2,322,276,777,618,1.09855,0,0
025040107410003168d2a000a00000e2,2,2,3,322,276,777,618,1.09855,0,0
025040107410003168d2a000a00000e2,2,2,4,322,276,777,618,1.09855,0,0
025040107410003168d2a000a00000e2,2,2,5,322,276,777,618,1.09855,0,0
025040107410003168d2a000a00000e2,2,2,6,322,276,777,618,1.09855,0,0
025040107410003168d2a000a00000e2,2,2,7,322,276,777,618,1.09855,0,0
025040107410003168d2a000a00000e2,2,2,8,322,276,777,618,1.09855,0,0
025040107410003168d2a000a00000e2,2,2,9,322,276,777,618,1.09855,0,0
025040107410003168d2a000a00000e2,2,2,10,322,276,777,618,1.09855,0,0
025040107410003168d2a000a00000e2,2,2,11,322,276,777,618,1.09855,0,0
025040107410003168d2a000a00000e2,2,2,12,322,276,777,618,1.09855,0,0
025040107410003168d2a000a00000e2,2,2,13,322,276,777,618,1.09855,0,0
025040107410003168d2a000a00000e2,2,2,14,322,276,777,618,1.09855,0,0
025040107410003168d2a000a00000e2,2,2,15,322,276,777,618,1.09855,0,0
025040107410003168d2a000a00000e2,2,2,16,322,276,777,618,1.09855,0,0
025040107410003168d2a000a00000e2,2,2,17,322,276,777,618,1.09855,0,0
025040107410003168d2a000a00000e2,2,2,18,322,276,777,618,1.09855,0,0
025040107410003168d2a000a00000e2,2,2,19,322,276,777,618,1.09855,0,0
025040107410003168d2a000a00000e2,2,2,20,322,276,777,618,1.09855,0,0
025040107410003168d2a000a00000e2,2,2,21,322,276,777,618,1.09855,0,0
025040107410003168d2a000a00000e2,2,2,22,322,276,777,618,1.09855,0,0
025040107410003168d2a000a00000e2,2,2,23,322,276,777,618,1.09855,0,0
025040107410003168d2a000a00000e2,2,2,24,322,276,777,618,1.09855,0,0
025040107410003168d2a000a00000e2,2,2,25,322,276,777,618,1.09855,0,0
025040107410003168d2a000a00000e2,2,2,26,322,276,777,618,1.09855,0,0
025040107410003168d2a000a00000e2,2,2,27,322,276,777,618,1.09855,0,0
025040107410003168d2a000a00000e2,2,2,28,322,276,777,618,1.09855,0,0
025040107410003168d2a000a00000e2,2,2,29,322,276,777,618,1.09855,0,0
025040107410003168d2a000a00000e2,2,2,30,322,276,777,618,1.09855,0,0
025040107410003168d2a000a00000e2,2,2,31,322,276,777,618,1.09855,0,0
025040107410003168d2a000a00000e2,2,2,32,322,276,777,618,1.09855,0,0
025040107410003168d2a000a00000e2,2,2,33,322,276,777,618,1.09855,0,0
025040107410003168d2a000a00000e2,2,2,34,322,276,777,618,1.09855,0,0
025040107410003168d2a000a00000e2,2,2,35,322,276,777,618,1.09855,0,0
025040107410003168d2a000a00000e2,2,2,36,322,276,777,618,1.09855,0,0
025040107410003168d2a000a00000e2,2,2,37,322,276,777,618,1.09855,0,0
025040107410003168d2a000a00000e2,2,2,38,322,276,777,618,1.09855,0,0
025040107410003168d2a000a00000e2,2,2,39,322,276,777,618,1.09855,0,0
025040107410003168d2a000a00000e2,2,2,40,322,276,777,618,1.09855,0,0
025040107410003168d2a000a00000e2,2,2,41,322,276,777,618,1.09855,0,0
025040107410003168d2a000a00000e2,2,2,42,322,276,777,618,1.09855,0,0
025040107410003168d2a000a00000e2,2,2,43,322,276,777,618,1.09855,0,0
025040107410003168d2a000a00000e2,2,2,44,322,276,777,618,1.09855,0,0
025040107410003168d2a000a00000e2,2,2,45,322,276,777,618,1.09855,0,0
025040107410003168d2a000a00000e2,2,2,46,322,276,777,618,1.09855,0,0
025040107410003168d2a000a00000e2,2,2,47,322,276,777,618,1.09855,0,0
025040107410003168d2a000a00000e2,2,2,48,322,276,777,618,1.09855,0,0
025040107410003168d2a000a00000e2,2,2,49,322,276,777,618,1.09855,0,0
025040107410003168d2a000a00000e2,2,2,50,322,276,777,618,1.09855,0,0
025040107410003168d2a000a00000e2,2,2,51,322,276,777,618,1.09855,0,0
025040107410003168d2a000a00000e2,2,2,52,322,276,777,618,1.09855,0,0
025040107410003168d2a000a00000e2,2,2,53,322,276,777,618,1.09855,0,0
025040107410003168d2a000a00000e2,2,2,54,322,276,777,618,1.09855,0,0
025040107410003168d2a000a00000e2,2,2,55,322,276,777,618,1.09855,0,0
025040107410003168d2a000a00000e2,2,2,56,322,276,777,618,1.09855,0,0
025040107410003168d2a000a00000e2,2,2,57,322,276,777,618,1.09855,0,0
025040107410003168d2a000a00000e2,2,2,58,322,276,777,618,1.09855,0,0
025040107410003168d2a000a00000e2,2,2,59,322,276,777,618,1.09855,0,0
025040107410003168d2a000a00000e2,2,2,60,322,276,777,618,1.09855,0,0
025040107410003168d2a000a00000e2,2,2,61,322,276,777,618,1.09855,0,0
025040107410003168d2a000a00000e2,2,2,62,322,276,777,618,1.09855,0,0
025040107410003168d2a000a00000e2,2,2,63,322,276,777,618,1.09855,0,0
025040107410003168d2a000a00000e2,2,2,0,322,276,778,619,1.10002,0,0
025040107410003168d2a000a00000e2,2,2,1,322,276,778,619,1.10002,0,0
025040107410003168d2a000a00000e2,2,2,2,322,276,778,619,1.10002,0,0
025040107410003168d2a000a00000e2,2,2,3,322,276,778,619,1.10002,0,0
025040107410003168d2a000a00000e2,2,2,4,322,276,778,619,1.10002,0,0
025040107410003168d2a000a00000e2,2,2,5,322,276,778,619,1.10002,0,0
025040107410003168d2a000a00000e2,2,2,6,322,276,778,619,1.10002,0,0
025040107410003168d2a000a00000e2,2,2,7,322,276,778,619,1.10002,0,0
025040107410003168d2a000a00000e2,2,2,8,322,276,778,619,1.10002,0,0
025040107410003168d2a000a00000e2,2,2,9,322,276,778,619,1.10002,0,0
025040107410003168d2a000a00000e2,2,2,10,322,276,778,619,1.10002,0,0
025040107410003168d2a000a00000e2,2,2,11,322,276,778,619,1.10002,0,0
025040107410003168d2a000a00000e2,2,2,12,322,276,778,619,1.10002,0,0
025040107410003168d2a000a00000e2,2,2,13,322,276,778,619,1.10002,0,0
025040107410003168d2a000a00000e2,2,2,14,322,276,778,619,1.10002,0,0
025040107410003168d2a000a00000e2,2,2,15,322,276,778,619,1.10002,0,0
025040107410003168d2a000a00000e2,2,2,16,322,276,778,619,1.10002,0,0
025040107410003168d2a000a00000e2,2,2,17,322,276,778,619,1.10002,0,0
025040107410003168d2a000a00000e2,2,2,18,322,276,778,619,1.10002,0,0
025040107410003168d2a000a00000e2,2,2,19,322,276,778,619,1.10002,0,0
025040107410003168d2a000a00000e2,2,2,20,322,276,778,619,1.10002,0,0
025040107410003168d2a000a00000e2,2,2,21,322,276,778,619,1.10002,0,0
025040107410003168d2a000a00000e2,2,2,22,322,276,778,619,1.10002,0,0
025040107410003168d2a000a00000e2,2,2,23,322,276,778,619,1.10002,0,0
025040107410003168d2a000a00000e2,2,2,24,322,276,778,619,1.10002,0,0
025040107410003168d2a000a00000e2,2,2,25,322,276,778,619,1.10002,0,0
025040107410003168d2a000a00000e2,2,2,26,322,276,778,619,1.10002,0,0
025040107410003168d2a000a00000e2,2,2,27,322,276,778,619,1.10002,0,0
025040107410003168d2a000a00000e2,2,2,28,322,276,778,619,1.10002,0,0
025040107410003168d2a000a00000e2,2,2,29,322,276,778,619,1.10002,0,0
025040107410003168d2a000a00000e2,2,2,30,322,276,778,619,1.10002,0,0
025040107410003168d2a000a00000e2,2,2,31,322,276,778,619,1.10002,0,0
025040107410003168d2a000a00000e2,2,2,32,322,276,778,619,1.10002,0,0
025040107410003168d2a000a00000e2,2,2,33,322,276,778,619,1.10002,0,0
025040107410003168d2a000a00000e2,2,2,34,322,276,778,619,1.10002,0,0
025040107410003168d2a000a00000e2,2,2,35,322,276,778,619,1.10002,0,0
025040107410003168d2a000a00000e2,2,2,36,322,276,778,619,1.10002,0,0
025040107410003168d2a000a00000e2,2,2,37,322,276,778,619,1.10002,0,0
025040107410003168d2a000a00000e2,2,2,38,322,276,778,619,1.10002,0,0
025040107410003168d2a000a00000e2,2,2,39,322,276,778,619,1.10002,0,0
025040107410003168d2a000a00000e2,2,2,40,322,276,778,619,1.10002,0,0
025040107410003168d2a000a00000e2,2,2,41,322,276,778,619,1.10002,0,0
025040107410003168d2a000a00000e2,2,2,42,322,276,778,619,1.10002,0,0
025040107410003168d2a000a00000e2,2,2,43,322,276,778,619,1.10002,0,0
025040107410003168d2a000a00000e2,2,2,44,322,276,778,619,1.10002,0,0
025040107410003168d2a000a00000e2,2,2,45,322,276,778,619,1.10002,0,0
025040107410003168d2a000a00000e2,2,2,46,322,276,778,619,1.10002,0,0
025040107410003168d2a000a00000e2,2,2,47,322,276,778,619,1.10002,0,0
025040107410003168d2a000a00000e2,2,2,48,322,276,778,619,1.10002,0,0
025040107410003168d2a000a00000e2,2,2,49,322,276,778,619,1.10002,0,0
025040107410003168d2a000a00000e2,2,2,50,322,276,778,619,1.10002,0,0
025040107410003168d2a000a00000e2,2,2,51,322,276,778,619,1.10002,0,0
025040107410003168d2a000a00000e2,2,2,52,322,276,778,619,1.10002,0,0
025040107410003168d2a000a00000e2,2,2,53,322,276,778,619,1.10002,0,0
025040107410003168d2a000a00000e2,2,2,54,322,276,778,619,1.10002,0,0
025040107410003168d2a000a00000e2,2,2,55,322,276,778,619,1.10002,0,0
025040107410003168d2a000a00000e2,2,2,56,322,276,778,619,1.10002,0,0
025040107410003168d2a000a00000e2,2,2,57,322,276,778,619,1.10002,0,0
025040107410003168d2a000a00000e2,2,2,58,322,276,778,619,1.10002,0,0
025040107410003168d2a000a00000e2,2,2,59,322,276,778,619,1.10002,0,0
025040107410003168d2a000a00000e2,2,2,60,322,276,778,619,1.10002,0,0
025040107410003168d2a000a00000e2,2,2,61,322,276,778,619,1.10002,0,0
025040107410003168d2a000a00000e2,2,2,62,322,276,778,619,1.10002,0,0
025040107410003168d2a000a00000e2,2,2,63,322,276,778,619,1.10002,0,0
025040107410003168d2a000a00000e2,2,2,0,322,276,779,619,1.10002,0,0
025040107410003168d2a000a00000e2,2,2,1,322,276,779,619,1.10002,0,0
025040107410003168d2a000a00000e2,2,2,2,322,276,779,619,1.10002,0,0
025040107410003168d2a000a00000e2,2,2,3,322,276,779,619,1.10002,0,0
025040107410003168d2a000a00000e2,2,2,4,322,276,779,619,1.10002,0,0
025040107410003168d2a000a00000e2,2,2,5,322,276,779,619,1.10002,0,0
025040107410003168d2a000a00000e2,2,2,6,322,276,779,619,1.10002,0,0
025040107410003168d2a000a00000e2,2,2,7,322,276,779,619,1.10002,0,0
025040107410003168d2a000a00000e2,2,2,8,322,276,779,619,1.10002,0,0
025040107410003168d2a000a00000e2,2,2,9,322,276,779,619,1.10002,0,0
025040107410003168d2a000a00000e2,2,2,10,322,276,779,619,1.10002,0,0
025040107410003168d2a000a00000e2,2,2,11,322,276,779,619,1.10002,0,0
025040107410003168d2a000a00000e2,2,2,12,322,276,779,619,1.10002,0,0
025040107410003168d2a000a00000e2,2,2,13,322,276,779,619,1.10002,0,0
025040107410003168d2a000a00000e2,2,2,14,322,276,779,619,1.10002,0,0
025040107410003168d2a000a00000e2,2,2,15,322,276,779,619,1.10002,0,0
025040107410003168d2a000a00000e2,2,2,16,322,276,779,619,1.10002,0,0
025040107410003168d2a000a00000e2,2,2,17,322,276,779,619,1.10002,0,0
025040107410003168d2a000a00000e2,2,2,18,322,276,779,619,1.10002,0,0
025040107410003168d2a000a00000e2,2,2,19,322,276,779,619,1.10002,0,0
025040107410003168d2a000a00000e2,2,2,20,322,276,779,619,1.10002,0,0
025040107410003168d2a000a00000e2,2,2,21,322,276,779,619,1.10002,0,0
025040107410003168d2a000a00000e2,2,2,22,322,276,779,619,1.10002,0,0
025040107410003168d2a000a00000e2,2,2,23,322,276,779,619,1.10002,0,0
025040107410003168d2a000a00000e2,2,2,24,322,276,779,619,1.10002,0,0
025040107410003168d2a000a00000e2,2,2,25,322,276,779,619,1.10002,0,0
025040107410003168d2a000a00000e2,2,2,26,322,276,779,619,1.10002,0,0
025040107410003168d2a000a00000e2,2,2,27,322,276,779,619,1.10002,0,0
025040107410003168d2a000a00000e2,2,2,28,322,276,779,619,1.10002,0,0
025040107410003168d2a000a00000e2,2,2,29,322,276,779,619,1.10002,0,0
025040107410003168d2a000a00000e2,2,2,30,322,276,779,619,1.10002,0,0
025040107410003168d2a000a00000e2,2,2,31,322,276,779,619,1.10002,0,0
025040107410003168d2a000a00000e2,2,2,32,322,276,779,619,1.10002,0,0
025040107410003168d2a000a00000e2,2,2,33,322,276,779,619,1.10002,0,0
025040107410003168d2a000a00000e2,2,2,34,322,276,779,619,1.10002,0,0
025040107410003168d2a000a00000e2,2,2,35,322,276,779,619,1.10002,0,0
025040107410003168d2a000a00000e2,2,2,36,322,276,779,619,1.10002,0,0
025040107410003168d2a000a00000e2,2,2,37,322,276,779,619,1.10002,0,0
025040107410003168d2a000a00000e2,2,2,38,322,276,779,619,1.10002,0,0
025040107410003168d2a000a00000e2,2,2,39,322,276,779,619,1.10002,0,0
025040107410003168d2a000a00000e2,2,2,40,322,276,779,619,1.10002,0,0
025040107410003168d2a000a00000e2,2,2,41,322,276,779,619,1.10002,0,0
025040107410003168d2a000a00000e2,2,2,42,322,276,779,619,1.10002,0,0
025040107410003168d2a000a00000e2,2,2,43,322,276,779,619,1.10002,0,0
025040107410003168d2a000a00000e2,2,2,44,322,276,779,619,1.10002,0,0
025040107410003168d2a000a00000e2,2,2,45,322,276,779,619,1.10002,0,0
025040107410003168d2a000a00000e2,2,2,46,322,276,779,619,1.10002,0,0
025040107410003168d2a000a00000e2,2,2,47,322,276,779,619,1.10002,0,0
025040107410003168d2a000a00000e2,2,2,48,322,276,779,619,1.10002,0,0
025040107410003168d2a000a00000e2,2,2,49,322,276,779,619,1.10002,0,0
025040107410003168d2a000a00000e2,2,2,50,322,276,779,619,1.10002,0,0
025040107410003168d2a000a00000e2,2,2,51,322,276,779,619,1.10002,0,0
025040107410003168d2a000a00000e2,2,2,52,322,276,779,619,1.10002,0,0
025040107410003168d2a000a00000e2,2,2,53,322,276,779,619,1.10002,0,0
025040107410003168d2a000a00000e2,2,2,54,322,276,779,619,1.10002,0,0
025040107410003168d2a000a00000e2,2,2,55,322,276,779,619,1.10002,0,0
025040107410003168d2a000a00000e2,2,2,56,322,276,779,619,1.10002,0,0
025040107410003168d2a000a00000e2,2,2,57,322,276,779,619,1.10002,0,0
025040107410003168d2a000a00000e2,2,2,58,322,276,779,619,1.10002,0,0
025040107410003168d2a000a00000e2,2,2,59,322,276,779,619,1.10002,0,0
025040107410003168d2a000a00000e2,2,2,60,322,276,779,619,1.10002,0,0
025040107410003168d2a000a00000e2,2,2,61,322,276,779,619,1.10002,0,0
025040107410003168d2a000a00000e2,2,2,62,322,276,779,619,1.10002,0,0
025040107410003168d2a000a00000e2,2,2,63,322,276,779,619,1.10002,0,0
025040107410003168d2a000a00000e2,2,2,0,322,276,780,621,1.10002,0,0
025040107410003168d2a000a00000e2,2,2,1,322,276,780,621,1.10002,0,0
025040107410003168d2a000a00000e2,2,2,2,322,276,780,621,1.10002,0,0
025040107410003168d2a000a00000e2,2,2,3,322,276,780,621,1.10002,0,0
025040107410003168d2a000a00000e2,2,2,4,322,276,780,621,1.10002,0,0
025040107410003168d2a000a00000e2,2,2,5,322,276,780,621,1.10002,0,0
025040107410003168d2a000a00000e2,2,2,6,322,276,780,621,1.10002,0,0
025040107410003168d2a000a00000e2,2,2,7,322,276,780,621,1.10002,0,0
025040107410003168d2a000a00000e2,2,2,8,322,276,780,621,1.10002,0,0
025040107410003168d2a000a00000e2,2,2,9,322,276,780,621,1.10002,0,0
025040107410003168d2a000a00000e2,2,2,10,322,276,780,621,1.10002,0,0
025040107410003168d2a000a00000e2,2,2,11,322,276,780,621,1.10002,0,0
025040107410003168d2a000a00000e2,2,2,12,322,276,780,621,1.10002,0,0
025040107410003168d2a000a00000e2,2,2,13,322,276,780,621,1.10002,0,0
025040107410003168d2a000a00000e2,2,2,14,322,276,780,621,1.10002,0,0
025040107410003168d2a000a00000e2,2,2,15,322,276,780,621,1.10002,0,0
025040107410003168d2a000a00000e2,2,2,16,322,276,780,621,1.10002,0,0
025040107410003168d2a000a00000e2,2,2,17,322,276,780,621,1.10002,0,0
025040107410003168d2a000a00000e2,2,2,18,322,276,780,621,1.10002,0,0
025040107410003168d2a000a00000e2,2,2,19,322,276,780,621,1.10002,0,0
025040107410003168d2a000a00000e2,2,2,20,322,276,780,621,1.10002,0,0
025040107410003168d2a000a00000e2,2,2,21,322,276,780,621,1.10002,0,0
025040107410003168d2a000a00000e2,2,2,22,322,276,780,621,1.10002,0,0
025040107410003168d2a000a00000e2,2,2,23,322,276,780,621,1.10002,0,0
025040107410003168d2a000a00000e2,2,2,24,322,276,780,621,1.10002,0,0
025040107410003168d2a000a00000e2,2,2,25,322,276,780,621,1.10002,0,0
025040107410003168d2a000a00000e2,2,2,26,322,276,780,621,1.10002,0,0
025040107410003168d2a000a00000e2,2,2,27,322,276,780,621,1.10002,0,0
025040107410003168d2a000a00000e2,2,2,28,322,276,780,621,1.10002,0,0
025040107410003168d2a000a00000e2,2,2,29,322,276,780,621,1.10002,0,0
025040107410003168d2a000a00000e2,2,2,30,322,276,780,621,1.10002,0,0
025040107410003168d2a000a00000e2,2,2,31,322,276,780,621,1.10002,0,0
025040107410003168d2a000a00000e2,2,2,32,322,276,780,621,1.10002,0,0
025040107410003168d2a000a00000e2,2,2,33,322,276,780,621,1.10002,0,0
025040107410003168d2a000a00000e2,2,2,34,322,276,780,621,1.10002,0,0
025040107410003168d2a000a00000e2,2,2,35,322,276,780,621,1.10002,0,0
025040107410003168d2a000a00000e2,2,2,36,322,276,780,621,1.10002,0,0
025040107410003168d2a000a00000e2,2,2,37,322,276,780,621,1.10002,0,0
025040107410003168d2a000a00000e2,2,2,38,322,276,780,621,1.10002,0,0
025040107410003168d2a000a00000e2,2,2,39,322,276,780,621,1.10002,0,0
025040107410003168d2a000a00000e2,2,2,40,322,276,780,621,1.10002,0,0
025040107410003168d2a000a00000e2,2,2,41,322,276,780,621,1.10002,0,0
025040107410003168d2a000a00000e2,2,2,42,322,276,780,621,1.10002,0,0
025040107410003168d2a000a00000e2,2,2,43,322,276,780,621,1.10002,0,0
025040107410003168d2a000a00000e2,2,2,44,322,276,780,621,1.10002,0,0
025040107410003168d2a000a00000e2,2,2,45,322,276,780,621,1.10002,0,0
025040107410003168d2a000a00000e2,2,2,46,322,276,780,621,1.10002,0,0
025040107410003168d2a000a00000e2,2,2,47,322,276,780,621,1.10002,0,0
025040107410003168d2a000a00000e2,2,2,48,322,276,780,621,1.10002,0,0
025040107410003168d2a000a00000e2,2,2,49,322,276,780,621,1.10002,0,0
025040107410003168d2a000a00000e2,2,2,50,322,276,780,621,1.10002,0,0
025040107410003168d2a000a00000e2,2,2,51,322,276,780,621,1.10002,0,0
025040107410003168d2a000a00000e2,2,2,52,322,276,780,621,1.10002,0,0
025040107410003168d2a000a00000e2,2,2,53,322,276,780,621,1.10002,0,0
025040107410003168d2a000a00000e2,2,2,54,322,276,780,621,1.10002,0,0
025040107410003168d2a000a00000e2,2,2,55,322,276,780,621,1.10002,0,0
025040107410003168d2a000a00000e2,2,2,56,322,276,780,621,1.10002,0,0
025040107410003168d2a000a00000e2,2,2,57,322,276,780,621,1.10002,0,0
025040107410003168d2a000a00000e2,2,2,58,322,276,780,621,1.10002,0,0
025040107410003168d2a000a00000e2,2,2,59,322,276,780,621,1.10002,0,0
025040107410003168d2a000a00000e2,2,2,60,322,276,780,621,1.10002,0,0
025040107410003168d2a000a00000e2,2,2,61,322,276,780,621,1.10002,0,0
025040107410003168d2a000a00000e2,2,2,62,322,276,780,621,1.10002,0,0
025040107410003168d2a000a00000e2,2,2,63,322,276,780,621,1.10002,0,0
025040107410003168d2a000a00000e2,2,2,0,322,276,781,621,1.10002,0,0
025040107410003168d2a000a00000e2,2,2,1,322,276,781,621,1.10002,0,0
025040107410003168d2a000a00000e2,2,2,2,322,276,781,621,1.10002,0,0
025040107410003168d2a000a00000e2,2,2,3,322,276,781,621,1.10002,0,0
025040107410003168d2a000a00000e2,2,2,4,322,276,781,621,1.10002,0,0
025040107410003168d2a000a00000e2,2,2,5,322,276,781,621,1.10002,0,0
025040107410003168d2a000a00000e2,2,2,6,322,276,781,621,1.10002,0,0
025040107410003168d2a000a00000e2,2,2,7,322,276,781,621,1.10002,0,0
025040107410003168d2a000a00000e2,2,2,8,322,276,781,621,1.10002,0,0
025040107410003168d2a000a00000e2,2,2,9,322,276,781,621,1.10002,0,0
025040107410003168d2a000a00000e2,2,2,10,322,276,781,621,1.10002,0,0
025040107410003168d2a000a00000e2,2,2,11,322,276,781,621,1.10002,0,0
025040107410003168d2a000a00000e2,2,2,12,322,276,781,621,1.10002,0,0
025040107410003168d2a000a00000e2,2,2,13,322,276,781,621,1.10002,0,0
025040107410003168d2a000a00000e2,2,2,14,322,276,781,621,1.10002,0,0
025040107410003168d2a000a00000e2,2,2,15,322,276,781,621,1.10002,0,0
025040107410003168d2a000a00000e2,2,2,16,322,276,781,621,1.10002,0,0
025040107410003168d2a000a00000e2,2,2,17,322,276,781,621,1.10002,0,0
025040107410003168d2a000a00000e2,2,2,18,322,276,781,621,1.10002,0,0
025040107410003168d2a000a00000e2,2,2,19,322,276,781,621,1.10002,0,0
025040107410003168d2a000a00000e2,2,2,20,322,276,781,621,1.10002,0,0
025040107410003168d2a000a00000e2,2,2,21,322,276,781,621,1.10002,0,0
025040107410003168d2a000a00000e2,2,2,22,322,276,781,621,1.10002,0,0
025040107410003168d2a000a00000e2,2,2,23,322,276,781,621,1.10002,0,0
025040107410003168d2a000a00000e2,2,2,24,322,276,781,621,1.10002,0,0
025040107410003168d2a000a00000e2,2,2,25,322,276,781,621,1.10002,0,0
025040107410003168d2a000a00000e2,2,2,26,322,276,781,621,1.10002,0,0
025040107410003168d2a000a00000e2,2,2,27,322,276,781,621,1.10002,0,0
025040107410003168d2a000a00000e2,2,2,28,322,276,781,621,1.10002,0,0
025040107410003168d2a000a00000e2,2,2,29,322,276,781,621,1.10002,0,0
025040107410003168d2a000a00000e2,2,2,30,322,276,781,621,1.10002,0,0
025040107410003168d2a000a00000e2,2,2,31,322,276,781,621,1.10002,0,0
025040107410003168d2a000a00000e2,2,2,32,322,276,781,621,1.10002,0,0
025040107410003168d2a000a00000e2,2,2,33,322,276,781,621,1.10002,0,0
025040107410003168d2a000a00000e2,2,2,34,322,276,781,621,1.10002,0,0
025040107410003168d2a000a00000e2,2,2,35,322,276,781,621,1.10002,0,0
025040107410003168d2a000a00000e2,2,2,36,322,276,781,621,1.10002,0,0
025040107410003168d2a000a00000e2,2,2,37,322,276,781,621,1.10002,0,0
025040107410003168d2a000a00000e2,2,2,38,322,276,781,621,1.10002,0,0
025040107410003168d2a000a00000e2,2,2,39,322,276,781,621,1.10002,0,0
025040107410003168d2a000a00000e2,2,2,40,322,276,781,621,1.10002,0,0
025040107410003168d2a000a00000e2,2,2,41,322,276,781,621,1.10002,0,0
025040107410003168d2a000a00000e2,2,2,42,322,276,781,621,1.10002,0,0
025040107410003168d2a000a00000e2,2,2,43,322,276,781,621,1.10002,0,0
025040107410003168d2a000a00000e2,2,2,44,322,276,781,621,1.10002,0,0
025040107410003168d2a000a00000e2,2,2,45,322,276,781,621,1.10002,0,0
025040107410003168d2a000a00000e2,2,2,46,322,276,781,621,1.10002,0,0
025040107410003168d2a000a00000e2,2,2,47,322,276,781,621,1.10002,0,0
025040107410003168d2a000a00000e2,2,2,48,322,276,781,621,1.10002,0,0
025040107410003168d2a000a00000e2,2,2,49,322,276,781,621,1.10002,0,0
025040107410003168d2a000a00000e2,2,2,50,322,276,781,621,1.10002,0,0
025040107410003168d2a000a00000e2,2,2,51,322,276,781,621,1.10002,0,0
025040107410003168d2a000a00000e2,2,2,52,322,276,781,621,1.10002,0,0
025040107410003168d2a000a00000e2,2,2,53,322,276,781,621,1.10002,0,0
025040107410003168d2a000a00000e2,2,2,54,322,276,781,621,1.10002,0,0
025040107410003168d2a000a00000e2,2,2,55,322,276,781,621,1.10002,0,0
025040107410003168d2a000a00000e2,2,2,56,322,276,781,621,1.10002,0,0
025040107410003168d2a000a00000e2,2,2,57,322,276,781,621,1.10002,0,0
025040107410003168d2a000a00000e2,2,2,58,322,276,781,621,1.10002,0,0
025040107410003168d2a000a00000e2,2,2,59,322,276,781,621,1.10002,0,0
025040107410003168d2a000a00000e2,2,2,60,322,276,781,621,1.10002,0,0
025040107410003168d2a000a00000e2,2,2,61,322,276,781,621,1.10002,0,0
025040107410003168d2a000a00000e2,2,2,62,322,276,781,621,1.10002,0,0
025040107410003168d2a000a00000e2,2,2,63,322,276,781,621,1.10002,0,0
025040107410003168d2a000a00000e2,2,2,0,322,276,782,622,1.10002,0,0
025040107410003168d2a000a00000e2,2,2,1,322,276,782,622,1.10002,0,0
025040107410003168d2a000a00000e2,2,2,2,322,276,782,622,1.10002,0,0
025040107410003168d2a000a00000e2,2,2,3,322,276,782,622,1.10002,0,0
025040107410003168d2a000a00000e2,2,2,4,322,276,782,622,1.10002,0,0
025040107410003168d2a000a00000e2,2,2,5,322,276,782,622,1.10002,0,0
025040107410003168d2a000a00000e2,2,2,6,322,276,782,622,1.10002,0,0
025040107410003168d2a000a00000e2,2,2,7,322,276,782,622,1.10002,0,0
025040107410003168d2a000a00000e2,2,2,8,322,276,782,622,1.10002,0,0
025040107410003168d2a000a00000e2,2,2,9,322,276,782,622,1.10002,0,0
025040107410003168d2a000a00000e2,2,2,10,322,276,782,622,1.10002,0,0
025040107410003168d2a000a00000e2,2,2,11,322,276,782,622,1.10002,0,0
025040107410003168d2a000a00000e2,2,2,12,322,276,782,622,1.10002,0,0
025040107410003168d2a000a00000e2,2,2,13,322,276,782,622,1.10002,0,0
025040107410003168d2a000a00000e2,2,2,14,322,276,782,622,1.10002,0,0
025040107410003168d2a000a00000e2,2,2,15,322,276,782,622,1.10002,0,0
025040107410003168d2a000a00000e2,2,2,16,322,276,782,622,1.10002,0,0
025040107410003168d2a000a00000e2,2,2,17,322,276,782,622,1.10002,0,0
025040107410003168d2a000a00000e2,2,2,18,322,276,782,622,1.10002,0,0
025040107410003168d2a000a00000e2,2,2,19,322,276,782,622,1.10002,0,0
025040107410003168d2a000a00000e2,2,2,20,322,276,782,622,1.10002,0,0
025040107410003168d2a000a00000e2,2,2,21,322,276,782,622,1.10002,0,0
025040107410003168d2a000a00000e2,2,2,22,322,276,782,622,1.10002,0,0
025040107410003168d2a000a00000e2,2,2,23,322,276,782,622,1.10002,0,0
025040107410003168d2a000a00000e2,2,2,24,322,276,782,622,1.10002,0,0
025040107410003168d2a000a00000e2,2,2,25,322,276,782,622,1.10002,0,0
025040107410003168d2a000a00000e2,2,2,26,322,276,782,622,1.10002,0,0
025040107410003168d2a000a00000e2,2,2,27,322,276,782,622,1.10002,0,0
025040107410003168d2a000a00000e2,2,2,28,322,276,782,622,1.10002,0,0
025040107410003168d2a000a00000e2,2,2,29,322,276,782,622,1.10002,0,0
025040107410003168d2a000a00000e2,2,2,30,322,276,782,622,1.10002,0,0
025040107410003168d2a000a00000e2,2,2,31,322,276,782,622,1.10002,0,0
025040107410003168d2a000a00000e2,2,2,32,322,276,782,622,1.10002,0,0
025040107410003168d2a000a00000e2,2,2,33,322,276,782,622,1.10002,0,0
025040107410003168d2a000a00000e2,2,2,34,322,276,782,622,1.10002,0,0
025040107410003168d2a000a00000e2,2,2,35,322,276,782,622,1.10002,0,0
025040107410003168d2a000a00000e2,2,2,36,322,276,782,622,1.10002,0,0
025040107410003168d2a000a00000e2,2,2,37,322,276,782,622,1.10002,0,0
025040107410003168d2a000a00000e2,2,2,38,322,276,782,622,1.10002,0,0
025040107410003168d2a000a00000e2,2,2,39,322,276,782,622,1.10002,0,0
025040107410003168d2a000a00000e2,2,2,40,322,276,782,622,1.10002,0,0
025040107410003168d2a000a00000e2,2,2,41,322,276,782,622,1.10002,0,0
025040107410003168d2a000a00000e2,2,2,42,322,276,782,622,1.10002,0,0
025040107410003168d2a000a00000e2,2,2,43,322,276,782,622,1.10002,0,0
025040107410003168d2a000a00000e2,2,2,44,322,276,782,622,1.10002,0,0
025040107410003168d2a000a00000e2,2,2,45,322,276,782,622,1.10002,0,0
025040107410003168d2a000a00000e2,2,2,46,322,276,782,622,1.10002,0,0
025040107410003168d2a000a00000e2,2,2,47,322,276,782,622,1.10002,0,0
025040107410003168d2a000a00000e2,2,2,48,322,276,782,622,1.10002,0,0
025040107410003168d2a000a00000e2,2,2,49,322,276,782,622,1.10002,0,0
025040107410003168d2a000a00000e2,2,2,50,322,276,782,622,1.10002,0,0
025040107410003168d2a000a00000e2,2,2,51,322,276,782,622,1.10002,0,0
025040107410003168d2a000a00000e2,2,2,52,322,276,782,622,1.10002,0,0
025040107410003168d2a000a00000e2,2,2,53,322,276,782,622,1.10002,0,0
025040107410003168d2a000a00000e2,2,2,54,322,276,782,622,1.10002,0,0
025040107410003168d2a000a00000e2,2,2,55,322,276,782,622,1.10002,0,0
025040107410003168d2a000a00000e2,2,2,56,322,276,782,622,1.10002,0,0
025040107410003168d2a000a00000e2,2,2,57,322,276,782,622,1.10002,0,0
025040107410003168d2a000a00000e2,2,2,58,322,276,782,622,1.10002,0,0
025040107410003168d2a000a00000e2,2,2,59,322,276,782,622,1.10002,0,0
025040107410003168d2a000a00000e2,2,2,60,322,276,782,622,1.10002,0,0
025040107410003168d2a000a00000e2,2,2,61,322,276,782,622,1.10002,0,0
025040107410003168d2a000a00000e2,2,2,62,322,276,782,622,1.10002,0,0
025040107410003168d2a000a00000e2,2,2,63,322,276,782,622,1.10002,0,0
025040107410003168d2a000a00000e2,2,2,0,322,276,783,623,1.10002,0,0
025040107410003168d2a000a00000e2,2,2,1,322,276,783,623,1.10002,0,0
025040107410003168d2a000a00000e2,2,2,2,322,276,783,623,1.10002,0,0
025040107410003168d2a000a00000e2,2,2,3,322,276,783,623,1.10002,0,0
025040107410003168d2a000a00000e2,2,2,4,322,276,783,623,1.10002,0,0
025040107410003168d2a000a00000e2,2,2,5,322,276,783,623,1.10002,0,0
025040107410003168d2a000a00000e2,2,2,6,322,276,783,623,1.10002,0,0
025040107410003168d2a000a00000e2,2,2,7,322,276,783,623,1.10002,0,0
025040107410003168d2a000a00000e2,2,2,8,322,276,783,623,1.10002,0,0
025040107410003168d2a000a00000e2,2,2,9,322,276,783,623,1.10002,0,0
025040107410003168d2a000a00000e2,2,2,10,322,276,783,623,1.10002,0,0
025040107410003168d2a000a00000e2,2,2,11,322,276,783,623,1.10002,0,0
025040107410003168d2a000a00000e2,2,2,12,322,276,783,623,1.10002,0,0
025040107410003168d2a000a00000e2,2,2,13,322,276,783,623,1.10002,0,0
025040107410003168d2a000a00000e2,2,2,14,322,276,783,623,1.10002,0,0
025040107410003168d2a000a00000e2,2,2,15,322,276,783,623,1.10002,0,0
025040107410003168d2a000a00000e2,2,2,16,322,276,783,623,1.10002,0,0
025040107410003168d2a000a00000e2,2,2,17,322,276,783,623,1.10002,0,0
025040107410003168d2a000a00000e2,2,2,18,322,276,783,623,1.10002,0,0
025040107410003168d2a000a00000e2,2,2,19,322,276,783,623,1.10002,0,0
025040107410003168d2a000a00000e2,2,2,20,322,276,783,623,1.10002,0,0
025040107410003168d2a000a00000e2,2,2,21,322,276,783,623,1.10002,0,0
025040107410003168d2a000a00000e2,2,2,22,322,276,783,623,1.10002,0,0
025040107410003168d2a000a00000e2,2,2,23,322,276,783,623,1.10002,0,0
025040107410003168d2a000a00000e2,2,2,24,322,276,783,623,1.10002,0,0
025040107410003168d2a000a00000e2,2,2,25,322,276,783,623,1.10002,0,0
025040107410003168d2a000a00000e2,2,2,26,322,276,783,623,1.10002,0,0
025040107410003168d2a000a00000e2,2,2,27,322,276,783,623,1.10002,0,0
025040107410003168d2a000a00000e2,2,2,28,322,276,783,623,1.10002,0,0
025040107410003168d2a000a00000e2,2,2,29,322,276,783,623,1.10002,0,0
025040107410003168d2a000a00000e2,2,2,30,322,276,783,623,1.10002,0,0
025040107410003168d2a000a00000e2,2,2,31,322,276,783,623,1.10002,0,0
025040107410003168d2a000a00000e2,2,2,32,322,276,783,623,1.10002,0,0
025040107410003168d2a000a00000e2,2,2,33,322,276,783,623,1.10002,0,0
025040107410003168d2a000a00000e2,2,2,34,322,276,783,623,1.10002,0,0
025040107410003168d2a000a00000e2,2,2,35,322,276,783,623,1.10002,0,0
025040107410003168d2a000a00000e2,2,2,36,322,276,783,623,1.10002,0,0
025040107410003168d2a000a00000e2,2,2,37,322,276,783,623,1.10002,0,0
025040107410003168d2a000a00000e2,2,2,38,322,276,783,623,1.10002,0,0
025040107410003168d2a000a00000e2,2,2,39,322,276,783,623,1.10002,0,0
025040107410003168d2a000a00000e2,2,2,40,322,276,783,623,1.10002,0,0
025040107410003168d2a000a00000e2,2,2,41,322,276,783,623,1.10002,0,0
025040107410003168d2a000a00000e2,2,2,42,322,276,783,623,1.10002,0,0
025040107410003168d2a000a00000e2,2,2,43,322,276,783,623,1.10002,0,0
025040107410003168d2a000a00000e2,2,2,44,322,276,783,623,1.10002,0,0
025040107410003168d2a000a00000e2,2,2,45,322,276,783,623,1.10002,0,0
025040107410003168d2a000a00000e2,2,2,46,322,276,783,623,1.10002,0,0
025040107410003168d2a000a00000e2,2,2,47,322,276,783,623,1.10002,0,0
025040107410003168d2a000a00000e2,2,2,48,322,276,783,623,1.10002,0,0
025040107410003168d2a000a00000e2,2,2,49,322,276,783,623,1.10002,0,0
025040107410003168d2a000a00000e2,2,2,50,322,276,783,623,1.10002,0,0
025040107410003168d2a000a00000e2,2,2,51,322,276,783,623,1.10002,0,0
025040107410003168d2a000a00000e2,2,2,52,322,276,783,623,1.10002,0,0
025040107410003168d2a000a00000e2,2,2,53,322,276,783,623,1.10002,0,0
025040107410003168d2a000a00000e2,2,2,54,322,276,783,623,1.10002,0,0
025040107410003168d2a000a00000e2,2,2,55,322,276,783,623,1.10002,0,0
025040107410003168d2a000a00000e2,2,2,56,322,276,783,623,1.10002,0,0
025040107410003168d2a000a00000e2,2,2,57,322,276,783,623,1.10002,0,0
025040107410003168d2a000a00000e2,2,2,58,322,276,783,623,1.10002,0,0
025040107410003168d2a000a00000e2,2,2,59,322,276,783,623,1.10002,0,0
025040107410003168d2a000a00000e2,2,2,60,322,276,783,623,1.10002,0,0
025040107410003168d2a000a00000e2,2,2,61,322,276,783,623,1.10002,0,0
025040107410003168d2a000a00000e2,2,2,62,322,276,783,623,1.10002,0,0
025040107410003168d2a000a00000e2,2,2,63,322,276,783,623,1.10002,0,0
025040107410003168d2a000a00000e2,2,2,0,322,276,784,624,1.10002,0,0
025040107410003168d2a000a00000e2,2,2,1,322,276,784,624,1.10002,0,0
025040107410003168d2a000a00000e2,2,2,2,322,276,784,624,1.10002,0,0
025040107410003168d2a000a00000e2,2,2,3,322,276,784,624,1.10002,0,0
025040107410003168d2a000a00000e2,2,2,4,322,276,784,624,1.10002,0,0
025040107410003168d2a000a00000e2,2,2,5,322,276,784,624,1.10002,0,0
025040107410003168d2a000a00000e2,2,2,6,322,276,784,624,1.10002,0,0
025040107410003168d2a000a00000e2,2,2,7,322,276,784,624,1.10002,0,0
025040107410003168d2a000a00000e2,2,2,8,322,276,784,624,1.10002,0,0
025040107410003168d2a000a00000e2,2,2,9,322,276,784,624,1.10002,0,0
025040107410003168d2a000a00000e2,2,2,10,322,276,784,624,1.10002,0,0
025040107410003168d2a000a00000e2,2,2,11,322,276,784,624,1.10002,0,0
025040107410003168d2a000a00000e2,2,2,12,322,276,784,624,1.10002,0,0
025040107410003168d2a000a00000e2,2,2,13,322,276,784,624,1.10002,0,0
025040107410003168d2a000a00000e2,2,2,14,322,276,784,624,1.10002,0,0
025040107410003168d2a000a00000e2,2,2,15,322,276,784,624,1.10002,0,0
025040107410003168d2a000a00000e2,2,2,16,322,276,784,624,1.10002,0,0
025040107410003168d2a000a00000e2,2,2,17,322,276,784,624,1.10002,0,0
025040107410003168d2a000a00000e2,2,2,18,322,276,784,624,1.10002,0,0
025040107410003168d2a000a00000e2,2,2,19,322,276,784,624,1.10002,0,0
025040107410003168d2a000a00000e2,2,2,20,322,276,784,624,1.10002,0,0
025040107410003168d2a000a00000e2,2,2,21,322,276,784,624,1.10002,0,0
025040107410003168d2a000a00000e2,2,2,22,322,276,784,624,1.10002,0,0
025040107410003168d2a000a00000e2,2,2,23,322,276,784,624,1.10002,0,0
025040107410003168d2a000a00000e2,2,2,24,322,276,784,624,1.10002,0,0
025040107410003168d2a000a00000e2,2,2,25,322,276,784,624,1.10002,0,0
025040107410003168d2a000a00000e2,2,2,26,322,276,784,624,1.10002,0,0
025040107410003168d2a000a00000e2,2,2,27,322,276,784,624,1.10002,0,0
025040107410003168d2a000a00000e2,2,2,28,322,276,784,624,1.10002,0,0
025040107410003168d2a000a00000e2,2,2,29,322,276,784,624,1.10002,0,0
025040107410003168d2a000a00000e2,2,2,30,322,276,784,624,1.10002,0,0
025040107410003168d2a000a00000e2,2,2,31,322,276,784,624,1.10002,0,0
025040107410003168d2a000a00000e2,2,2,32,322,276,784,624,1.10002,0,0
025040107410003168d2a000a00000e2,2,2,33,322,276,784,624,1.10002,0,0
025040107410003168d2a000a00000e2,2,2,34,322,276,784,624,1.10002,0,0
025040107410003168d2a000a00000e2,2,2,35,322,276,784,624,1.10002,0,0
025040107410003168d2a000a00000e2,2,2,36,322,276,784,624,1.10002,0,0
025040107410003168d2a000a00000e2,2,2,37,322,276,784,624,1.10002,0,0
025040107410003168d2a000a00000e2,2,2,38,322,276,784,624,1.10002,0,0
025040107410003168d2a000a00000e2,2,2,39,322,276,784,624,1.10002,0,0
025040107410003168d2a000a00000e2,2,2,40,322,276,784,624,1.10002,0,0
025040107410003168d2a000a00000e2,2,2,41,322,276,784,624,1.10002,0,0
025040107410003168d2a000a00000e2,2,2,42,322,276,784,624,1.10002,0,0
025040107410003168d2a000a00000e2,2,2,43,322,276,784,624,1.10002,0,0
025040107410003168d2a000a00000e2,2,2,44,322,276,784,624,1.10002,0,0
025040107410003168d2a000a00000e2,2,2,45,322,276,784,624,1.10002,0,0
025040107410003168d2a000a00000e2,2,2,46,322,276,784,624,1.10002,0,0
025040107410003168d2a000a00000e2,2,2,47,322,276,784,624,1.10002,0,0
025040107410003168d2a000a00000e2,2,2,48,322,276,784,624,1.10002,0,0
025040107410003168d2a000a00000e2,2,2,49,322,276,784,624,1.10002,0,0
025040107410003168d2a000a00000e2,2,2,50,322,276,784,624,1.10002,0,0
025040107410003168d2a000a00000e2,2,2,51,322,276,784,624,1.10002,0,0
025040107410003168d2a000a00000e2,2,2,52,322,276,784,624,1.10002,0,0
025040107410003168d2a000a00000e2,2,2,53,322,276,784,624,1.10002,0,0
025040107410003168d2a000a00000e2,2,2,54,322,276,784,624,1.10002,0,0
025040107410003168d2a000a00000e2,2,2,55,322,276,784,624,1.10002,0,0
025040107410003168d2a000a00000e2,2,2,56,322,276,784,624,1.10002,0,0
025040107410003168d2a000a00000e2,2,2,57,322,276,784,624,1.10002,0,0
025040107410003168d2a000a00000e2,2,2,58,322,276,784,624,1.10002,0,0
025040107410003168d2a000a00000e2,2,2,59,322,276,784,624,1.10002,0,0
025040107410003168d2a000a00000e2,2,2,60,322,276,784,624,1.10002,0,0
025040107410003168d2a000a00000e2,2,2,61,322,276,784,624,1.10002,0,0
025040107410003168d2a000a00000e2,2,2,62,322,276,784,624,1.10002,0,0
025040107410003168d2a000a00000e2,2,2,63,322,276,784,624,1.10002,0,0
025040107410003168d2a000a00000e2,2,2,0,322,276,785,624,1.10002,0,0
025040107410003168d2a000a00000e2,2,2,1,322,276,785,624,1.10002,0,0
025040107410003168d2a000a00000e2,2,2,2,322,276,785,624,1.10002,0,0
025040107410003168d2a000a00000e2,2,2,3,322,276,785,624,1.10002,0,0
025040107410003168d2a000a00000e2,2,2,4,322,276,785,624,1.10002,0,0
025040107410003168d2a000a00000e2,2,2,5,322,276,785,624,1.10002,0,0
025040107410003168d2a000a00000e2,2,2,6,322,276,785,624,1.10002,0,0
025040107410003168d2a000a00000e2,2,2,7,322,276,785,624,1.10002,0,0
025040107410003168d2a000a00000e2,2,2,8,322,276,785,624,1.10002,0,0
025040107410003168d2a000a00000e2,2,2,9,322,276,785,624,1.10002,0,0
025040107410003168d2a000a00000e2,2,2,10,322,276,785,624,1.10002,0,0
025040107410003168d2a000a00000e2,2,2,11,322,276,785,624,1.10002,0,0
025040107410003168d2a000a00000e2,2,2,12,322,276,785,624,1.10002,0,0
025040107410003168d2a000a00000e2,2,2,13,322,276,785,624,1.10002,0,0
025040107410003168d2a000a00000e2,2,2,14,322,276,785,624,1.10002,0,0
025040107410003168d2a000a00000e2,2,2,15,322,276,785,624,1.10002,0,0
025040107410003168d2a000a00000e2,2,2,16,322,276,785,624,1.10002,0,0
025040107410003168d2a000a00000e2,2,2,17,322,276,785,624,1.10002,0,0
025040107410003168d2a000a00000e2,2,2,18,322,276,785,624,1.10002,0,0
025040107410003168d2a000a00000e2,2,2,19,322,276,785,624,1.10002,0,0
025040107410003168d2a000a00000e2,2,2,20,322,276,785,624,1.10002,0,0
025040107410003168d2a000a00000e2,2,2,21,322,276,785,624,1.10002,0,0
025040107410003168d2a000a00000e2,2,2,22,322,276,785,624,1.10002,0,0
025040107410003168d2a000a00000e2,2,2,23,322,276,785,624,1.10002,0,0
025040107410003168d2a000a00000e2,2,2,24,322,276,785,624,1.10002,0,0
025040107410003168d2a000a00000e2,2,2,25,322,276,785,624,1.10002,0,0
025040107410003168d2a000a00000e2,2,2,26,322,276,785,624,1.10002,0,0
025040107410003168d2a000a00000e2,2,2,27,322,276,785,624,1.10002,0,0
025040107410003168d2a000a00000e2,2,2,28,322,276,785,624,1.10002,0,0
025040107410003168d2a000a00000e2,2,2,29,322,276,785,624,1.10002,0,0
025040107410003168d2a000a00000e2,2,2,30,322,276,785,624,1.10002,0,0
025040107410003168d2a000a00000e2,2,2,31,322,276,785,624,1.10002,0,0
025040107410003168d2a000a00000e2,2,2,32,322,276,785,624,1.10002,0,0
025040107410003168d2a000a00000e2,2,2,33,322,276,785,624,1.10002,0,0
025040107410003168d2a000a00000e2,2,2,34,322,276,785,624,1.10002,0,0
025040107410003168d2a000a00000e2,2,2,35,322,276,785,624,1.10002,0,0
025040107410003168d2a000a00000e2,2,2,36,322,276,785,624,1.10002,0,0
025040107410003168d2a000a00000e2,2,2,37,322,276,785,624,1.10002,0,0
025040107410003168d2a000a00000e2,2,2,38,322,276,785,624,1.10002,0,0
025040107410003168d2a000a00000e2,2,2,39,322,276,785,624,1.10002,0,0
025040107410003168d2a000a00000e2,2,2,40,322,276,785,624,1.10002,0,0
025040107410003168d2a000a00000e2,2,2,41,322,276,785,624,1.10002,0,0
025040107410003168d2a000a00000e2,2,2,42,322,276,785,624,1.10002,0,0
025040107410003168d2a000a00000e2,2,2,43,322,276,785,624,1.10002,0,0
025040107410003168d2a000a00000e2,2,2,44,322,276,785,624,1.10002,0,0
025040107410003168d2a000a00000e2,2,2,45,322,276,785,624,1.10002,0,0
025040107410003168d2a000a00000e2,2,2,46,322,276,785,624,1.10002,0,0
025040107410003168d2a000a00000e2,2,2,47,322,276,785,624,1.10002,0,0
025040107410003168d2a000a00000e2,2,2,48,322,276,785,624,1.10002,0,0
025040107410003168d2a000a00000e2,2,2,49,322,276,785,624,1.10002,0,0
025040107410003168d2a000a00000e2,2,2,50,322,276,785,624,1.10002,0,0
025040107410003168d2a000a00000e2,2,2,51,322,276,785,624,1.10002,0,0
025040107410003168d2a000a00000e2,2,2,52,322,276,785,624,1.10002,0,0
025040107410003168d2a000a00000e2,2,2,53,322,276,785,624,1.10002,0,0
025040107410003168d2a000a00000e2,2,2,54,322,276,785,624,1.10002,0,0
025040107410003168d2a000a00000e2,2,2,55,322,276,785,624,1.10002,0,0
025040107410003168d2a000a00000e2,2,2,56,322,276,785,624,1.10002,0,0
025040107410003168d2a000a00000e2,2,2,57,322,276,785,624,1.10002,0,0
025040107410003168d2a000a00000e2,2,2,58,322,276,785,624,1.10002,0,0
025040107410003168d2a000a00000e2,2,2,59,322,276,785,624,1.10002,0,0
025040107410003168d2a000a00000e2,2,2,60,322,276,785,624,1.10002,0,0
025040107410003168d2a000a00000e2,2,2,61,322,276,785,624,1.10002,0,0
025040107410003168d2a000a00000e2,2,2,62,322,276,785,624,1.10002,0,0
025040107410003168d2a000a00000e2,2,2,63,322,276,785,624,1.10002,0,0
025040107410003168d2a000a00000e2,2,2,0,322,276,786,625,1.10002,0,0
025040107410003168d2a000a00000e2,2,2,1,322,276,786,625,1.10002,0,0
025040107410003168d2a000a00000e2,2,2,2,322,276,786,625,1.10002,0,0
025040107410003168d2a000a00000e2,2,2,3,322,276,786,625,1.10002,0,0
025040107410003168d2a000a00000e2,2,2,4,322,276,786,625,1.10002,0,0
025040107410003168d2a000a00000e2,2,2,5,322,276,786,625,1.10002,0,0
025040107410003168d2a000a00000e2,2,2,6,322,276,786,625,1.10002,0,0
025040107410003168d2a000a00000e2,2,2,7,322,276,786,625,1.10002,0,0
025040107410003168d2a000a00000e2,2,2,8,322,276,786,625,1.10002,0,0
025040107410003168d2a000a00000e2,2,2,9,322,276,786,625,1.10002,0,0
025040107410003168d2a000a00000e2,2,2,10,322,276,786,625,1.10002,0,0
025040107410003168d2a000a00000e2,2,2,11,322,276,786,625,1.10002,0,0
025040107410003168d2a000a00000e2,2,2,12,322,276,786,625,1.10002,0,0
025040107410003168d2a000a00000e2,2,2,13,322,276,786,625,1.10002,0,0
025040107410003168d2a000a00000e2,2,2,14,322,276,786,625,1.10002,0,0
025040107410003168d2a000a00000e2,2,2,15,322,276,786,625,1.10002,0,0
025040107410003168d2a000a00000e2,2,2,16,322,276,786,625,1.10002,0,0
025040107410003168d2a000a00000e2,2,2,17,322,276,786,625,1.10002,0,0
025040107410003168d2a000a00000e2,2,2,18,322,276,786,625,1.10002,0,0
025040107410003168d2a000a00000e2,2,2,19,322,276,786,625,1.10002,0,0
025040107410003168d2a000a00000e2,2,2,20,322,276,786,625,1.10002,0,0
025040107410003168d2a000a00000e2,2,2,21,322,276,786,625,1.10002,0,0
025040107410003168d2a000a00000e2,2,2,22,322,276,786,625,1.10002,0,0
025040107410003168d2a000a00000e2,2,2,23,322,276,786,625,1.10002,0,0
025040107410003168d2a000a00000e2,2,2,24,322,276,786,625,1.10002,0,0
025040107410003168d2a000a00000e2,2,2,25,322,276,786,625,1.10002,0,0
025040107410003168d2a000a00000e2,2,2,26,322,276,786,625,1.10002,0,0
025040107410003168d2a000a00000e2,2,2,27,322,276,786,625,1.10002,0,0
025040107410003168d2a000a00000e2,2,2,28,322,276,786,625,1.10002,0,0
025040107410003168d2a000a00000e2,2,2,29,322,276,786,625,1.10002,0,0
025040107410003168d2a000a00000e2,2,2,30,322,276,786,625,1.10002,0,0
025040107410003168d2a000a00000e2,2,2,31,322,276,786,625,1.10002,0,0
025040107410003168d2a000a00000e2,2,2,32,322,276,786,625,1.10002,0,0
025040107410003168d2a000a00000e2,2,2,33,322,276,786,625,1.10002,0,0
025040107410003168d2a000a00000e2,2,2,34,322,276,786,625,1.10002,0,0
025040107410003168d2a000a00000e2,2,2,35,322,276,786,625,1.10002,0,0
025040107410003168d2a000a00000e2,2,2,36,322,276,786,625,1.10002,0,0
025040107410003168d2a000a00000e2,2,2,37,322,276,786,625,1.10002,0,0
025040107410003168d2a000a00000e2,2,2,38,322,276,786,625,1.10002,0,0
025040107410003168d2a000a00000e2,2,2,39,322,276,786,625,1.10002,0,0
025040107410003168d2a000a00000e2,2,2,40,322,276,786,625,1.10002,0,0
025040107410003168d2a000a00000e2,2,2,41,322,276,786,625,1.10002,0,0
025040107410003168d2a000a00000e2,2,2,42,322,276,786,625,1.10002,0,0
025040107410003168d2a000a00000e2,2,2,43,322,276,786,625,1.10002,0,0
025040107410003168d2a000a00000e2,2,2,44,322,276,786,625,1.10002,0,0
025040107410003168d2a000a00000e2,2,2,45,322,276,786,625,1.10002,0,0
025040107410003168d2a000a00000e2,2,2,46,322,276,786,625,1.10002,0,0
025040107410003168d2a000a00000e2,2,2,47,322,276,786,625,1.10002,0,0
025040107410003168d2a000a00000e2,2,2,48,322,276,786,625,1.10002,0,0
025040107410003168d2a000a00000e2,2,2,49,322,276,786,625,1.10002,0,0
025040107410003168d2a000a00000e2,2,2,50,322,276,786,625,1.10002,0,0
025040107410003168d2a000a00000e2,2,2,51,322,276,786,625,1.10002,0,0
025040107410003168d2a000a00000e2,2,2,52,322,276,786,625,1.10002,0,0
025040107410003168d2a000a00000e2,2,2,53,322,276,786,625,1.10002,0,0
025040107410003168d2a000a00000e2,2,2,54,322,276,786,625,1.10002,0,0
025040107410003168d2a000a00000e2,2,2,55,322,276,786,625,1.10002,0,0
025040107410003168d2a000a00000e2,2,2,56,322,276,786,625,1.10002,0,0
025040107410003168d2a000a00000e2,2,2,57,322,276,786,625,1.10002,0,0
025040107410003168d2a000a00000e2,2,2,58,322,276,786,625,1.10002,0,0
025040107410003168d2a000a00000e2,2,2,59,322,276,786,625,1.10002,0,0
025040107410003168d2a000a00000e2,2,2,60,322,276,786,625,1.10002,0,0
025040107410003168d2a000a00000e2,2,2,61,322,276,786,625,1.10002,0,0
025040107410003168d2a000a00000e2,2,2,62,322,276,786,625,1.10002,0,0
025040107410003168d2a000a00000e2,2,2,63,322,276,786,625,1.10002,0,0
025040107410003168d2a000a00000e2,2,2,0,322,276,787,626,1.10002,0,0
025040107410003168d2a000a00000e2,2,2,1,322,276,787,626,1.10002,0,0
025040107410003168d2a000a00000e2,2,2,2,322,276,787,626,1.10002,0,0
025040107410003168d2a000a00000e2,2,2,3,322,276,787,626,1.10002,0,0
025040107410003168d2a000a00000e2,2,2,4,322,276,787,626,1.10002,0,0
025040107410003168d2a000a00000e2,2,2,5,322,276,787,626,1.10002,0,0
025040107410003168d2a000a00000e2,2,2,6,322,276,787,626,1.10002,0,0
025040107410003168d2a000a00000e2,2,2,7,322,276,787,626,1.10002,0,0
025040107410003168d2a000a00000e2,2,2,8,322,276,787,626,1.10002,0,0
025040107410003168d2a000a00000e2,2,2,9,322,276,787,626,1.10002,0,0
025040107410003168d2a000a00000e2,2,2,10,322,276,787,626,1.10002,0,0
025040107410003168d2a000a00000e2,2,2,11,322,276,787,626,1.10002,0,0
025040107410003168d2a000a00000e2,2,2,12,322,276,787,626,1.10002,0,0
025040107410003168d2a000a00000e2,2,2,13,322,276,787,626,1.10002,0,0
025040107410003168d2a000a00000e2,2,2,14,322,276,787,626,1.10002,0,0
025040107410003168d2a000a00000e2,2,2,15,322,276,787,626,1.10002,0,0
025040107410003168d2a000a00000e2,2,2,16,322,276,787,626,1.10002,0,0
025040107410003168d2a000a00000e2,2,2,17,322,276,787,626,1.10002,0,0
025040107410003168d2a000a00000e2,2,2,18,322,276,787,626,1.10002,0,0
025040107410003168d2a000a00000e2,2,2,19,322,276,787,626,1.10002,0,0
025040107410003168d2a000a00000e2,2,2,20,322,276,787,626,1.10002,0,0
025040107410003168d2a000a00000e2,2,2,21,322,276,787,626,1.10002,0,0
025040107410003168d2a000a00000e2,2,2,22,322,276,787,626,1.10002,0,0
025040107410003168d2a000a00000e2,2,2,23,322,276,787,626,1.10002,0,0
025040107410003168d2a000a00000e2,2,2,24,322,276,787,626,1.10002,0,0
025040107410003168d2a000a00000e2,2,2,25,322,276,787,626,1.10002,0,0
025040107410003168d2a000a00000e2,2,2,26,322,276,787,626,1.10002,0,0
025040107410003168d2a000a00000e2,2,2,27,322,276,787,626,1.10002,0,0
025040107410003168d2a000a00000e2,2,2,28,322,276,787,626,1.10002,0,0
025040107410003168d2a000a00000e2,2,2,29,322,276,787,626,1.10002,0,0
025040107410003168d2a000a00000e2,2,2,30,322,276,787,626,1.10002,0,0
025040107410003168d2a000a00000e2,2,2,31,322,276,787,626,1.10002,0,0
025040107410003168d2a000a00000e2,2,2,32,322,276,787,626,1.10002,0,0
025040107410003168d2a000a00000e2,2,2,33,322,276,787,626,1.10002,0,0
025040107410003168d2a000a00000e2,2,2,34,322,276,787,626,1.10002,0,0
025040107410003168d2a000a00000e2,2,2,35,322,276,787,626,1.10002,0,0
025040107410003168d2a000a00000e2,2,2,36,322,276,787,626,1.10002,0,0
025040107410003168d2a000a00000e2,2,2,37,322,276,787,626,1.10002,0,0
025040107410003168d2a000a00000e2,2,2,38,322,276,787,626,1.10002,0,0
025040107410003168d2a000a00000e2,2,2,39,322,276,787,626,1.10002,0,0
025040107410003168d2a000a00000e2,2,2,40,322,276,787,626,1.10002,0,0
025040107410003168d2a000a00000e2,2,2,41,322,276,787,626,1.10002,0,0
025040107410003168d2a000a00000e2,2,2,42,322,276,787,626,1.10002,0,0
025040107410003168d2a000a00000e2,2,2,43,322,276,787,626,1.10002,0,0
025040107410003168d2a000a00000e2,2,2,44,322,276,787,626,1.10002,0,0
025040107410003168d2a000a00000e2,2,2,45,322,276,787,626,1.10002,0,0
025040107410003168d2a000a00000e2,2,2,46,322,276,787,626,1.10002,0,0
025040107410003168d2a000a00000e2,2,2,47,322,276,787,626,1.10002,0,0
025040107410003168d2a000a00000e2,2,2,48,322,276,787,626,1.10002,0,0
025040107410003168d2a000a00000e2,2,2,49,322,276,787,626,1.10002,0,0
025040107410003168d2a000a00000e2,2,2,50,322,276,787,626,1.10002,0,0
025040107410003168d2a000a00000e2,2,2,51,322,276,787,626,1.10002,0,0
025040107410003168d2a000a00000e2,2,2,52,322,276,787,626,1.10002,0,0
025040107410003168d2a000a00000e2,2,2,53,322,276,787,626,1.10002,0,0
025040107410003168d2a000a00000e2,2,2,54,322,276,787,626,1.10002,0,0
025040107410003168d2a000a00000e2,2,2,55,322,276,787,626,1.10002,0,0
025040107410003168d2a000a00000e2,2,2,56,322,276,787,626,1.10002,0,0
025040107410003168d2a000a00000e2,2,2,57,322,276,787,626,1.10002,0,0
025040107410003168d2a000a00000e2,2,2,58,322,276,787,626,1.10002,0,0
025040107410003168d2a000a00000e2,2,2,59,322,276,787,626,1.10002,0,0
025040107410003168d2a000a00000e2,2,2,60,322,276,787,626,1.10002,0,0
025040107410003168d2a000a00000e2,2,2,61,322,276,787,626,1.10002,0,0
025040107410003168d2a000a00000e2,2,2,62,322,276,787,626,1.10002,0,0
025040107410003168d2a000a00000e2,2,2,63,322,276,787,626,1.10002,0,0
025040107410003168d2a000a00000e2,2,2,0,322,276,788,627,1.10002,0,0
025040107410003168d2a000a00000e2,2,2,1,322,276,788,627,1.10002,0,0
025040107410003168d2a000a00000e2,2,2,2,322,276,788,627,1.10002,0,0
025040107410003168d2a000a00000e2,2,2,3,322,276,788,627,1.10002,0,0
025040107410003168d2a000a00000e2,2,2,4,322,276,788,627,1.10002,0,0
025040107410003168d2a000a00000e2,2,2,5,322,276,788,627,1.10002,0,0
025040107410003168d2a000a00000e2,2,2,6,322,276,788,627,1.10002,0,0
025040107410003168d2a000a00000e2,2,2,7,322,276,788,627,1.10002,0,0
025040107410003168d2a000a00000e2,2,2,8,322,276,788,627,1.10002,0,0
025040107410003168d2a000a00000e2,2,2,9,322,276,788,627,1.10002,0,0
025040107410003168d2a000a00000e2,2,2,10,322,276,788,627,1.10002,0,0
025040107410003168d2a000a00000e2,2,2,11,322,276,788,627,1.10002,0,0
025040107410003168d2a000a00000e2,2,2,12,322,276,788,627,1.10002,0,0
025040107410003168d2a000a00000e2,2,2,13,322,276,788,627,1.10002,0,0
025040107410003168d2a000a00000e2,2,2,14,322,276,788,627,1.10002,0,0
025040107410003168d2a000a00000e2,2,2,15,322,276,788,627,1.10002,0,0
025040107410003168d2a000a00000e2,2,2,16,322,276,788,627,1.10002,0,0
025040107410003168d2a000a00000e2,2,2,17,322,276,788,627,1.10002,0,0
025040107410003168d2a000a00000e2,2,2,18,322,276,788,627,1.10002,0,0
025040107410003168d2a000a00000e2,2,2,19,322,276,788,627,1.10002,0,0
025040107410003168d2a000a00000e2,2,2,20,322,276,788,627,1.10002,0,0
025040107410003168d2a000a00000e2,2,2,21,322,276,788,627,1.10002,0,0
025040107410003168d2a000a00000e2,2,2,22,322,276,788,627,1.10002,0,0
025040107410003168d2a000a00000e2,2,2,23,322,276,788,627,1.10002,0,0
025040107410003168d2a000a00000e2,2,2,24,322,276,788,627,1.10002,0,0
025040107410003168d2a000a00000e2,2,2,25,322,276,788,627,1.10002,0,0
025040107410003168d2a000a00000e2,2,2,26,322,276,788,627,1.10002,0,0
025040107410003168d2a000a00000e2,2,2,27,322,276,788,627,1.10002,0,0
025040107410003168d2a000a00000e2,2,2,28,322,276,788,627,1.10002,0,0
025040107410003168d2a000a00000e2,2,2,29,322,276,788,627,1.10002,0,0
025040107410003168d2a000a00000e2,2,2,30,322,276,788,627,1.10002,0,0
025040107410003168d2a000a00000e2,2,2,31,322,276,788,627,1.10002,0,0
025040107410003168d2a000a00000e2,2,2,32,322,276,788,627,1.10002,0,0
025040107410003168d2a000a00000e2,2,2,33,322,276,788,627,1.10002,0,0
025040107410003168d2a000a00000e2,2,2,34,322,276,788,627,1.10002,0,0
025040107410003168d2a000a00000e2,2,2,35,322,276,788,627,1.10002,0,0
025040107410003168d2a000a00000e2,2,2,36,322,276,788,627,1.10002,0,0
025040107410003168d2a000a00000e2,2,2,37,322,276,788,627,1.10002,0,0
025040107410003168d2a000a00000e2,2,2,38,322,276,788,627,1.10002,0,0
025040107410003168d2a000a00000e2,2,2,39,322,276,788,627,1.10002,0,0
025040107410003168d2a000a00000e2,2,2,40,322,276,788,627,1.10002,0,0
025040107410003168d2a000a00000e2,2,2,41,322,276,788,627,1.10002,0,0
025040107410003168d2a000a00000e2,2,2,42,322,276,788,627,1.10002,0,0
025040107410003168d2a000a00000e2,2,2,43,322,276,788,627,1.10002,0,0
025040107410003168d2a000a00000e2,2,2,44,322,276,788,627,1.10002,0,0
025040107410003168d2a000a00000e2,2,2,45,322,276,788,627,1.10002,0,0
025040107410003168d2a000a00000e2,2,2,46,322,276,788,627,1.10002,0,0
025040107410003168d2a000a00000e2,2,2,47,322,276,788,627,1.10002,0,0
025040107410003168d2a000a00000e2,2,2,48,322,276,788,627,1.10002,0,0
025040107410003168d2a000a00000e2,2,2,49,322,276,788,627,1.10002,0,0
025040107410003168d2a000a00000e2,2,2,50,322,276,788,627,1.10002,0,0
025040107410003168d2a000a00000e2,2,2,51,322,276,788,627,1.10002,0,0
025040107410003168d2a000a00000e2,2,2,52,322,276,788,627,1.10002,0,0
025040107410003168d2a000a00000e2,2,2,53,322,276,788,627,1.10002,0,0
025040107410003168d2a000a00000e2,2,2,54,322,276,788,627,1.10002,0,0
025040107410003168d2a000a00000e2,2,2,55,322,276,788,627,1.10002,0,0
025040107410003168d2a000a00000e2,2,2,56,322,276,788,627,1.10002,0,0
025040107410003168d2a000a00000e2,2,2,57,322,276,788,627,1.10002,0,0
025040107410003168d2a000a00000e2,2,2,58,322,276,788,627,1.10002,0,0
025040107410003168d2a000a00000e2,2,2,59,322,276,788,627,1.10002,0,0
025040107410003168d2a000a00000e2,2,2,60,322,276,788,627,1.10002,0,0
025040107410003168d2a000a00000e2,2,2,61,322,276,788,627,1.10002,0,0
025040107410003168d2a000a00000e2,2,2,62,322,276,788,627,1.10002,0,0
025040107410003168d2a000a00000e2,2,2,63,322,276,788,627,1.10002,0,0
025040107410003168d2a000a00000e2,2,2,0,322,276,789,628,1.10002,0,0
025040107410003168d2a000a00000e2,2,2,1,322,276,789,628,1.10002,0,0
025040107410003168d2a000a00000e2,2,2,2,322,276,789,628,1.10002,0,0
025040107410003168d2a000a00000e2,2,2,3,322,276,789,628,1.10002,0,0
025040107410003168d2a000a00000e2,2,2,4,322,276,789,628,1.10002,0,0
025040107410003168d2a000a00000e2,2,2,5,322,276,789,628,1.10002,0,0
025040107410003168d2a000a00000e2,2,2,6,322,276,789,628,1.10002,0,0
025040107410003168d2a000a00000e2,2,2,7,322,276,789,628,1.10002,0,0
025040107410003168d2a000a00000e2,2,2,8,322,276,789,628,1.10002,0,0
025040107410003168d2a000a00000e2,2,2,9,322,276,789,628,1.10002,0,0
025040107410003168d2a000a00000e2,2,2,10,322,276,789,628,1.10002,0,0
025040107410003168d2a000a00000e2,2,2,11,322,276,789,628,1.10002,0,0
025040107410003168d2a000a00000e2,2,2,12,322,276,789,628,1.10002,0,0
025040107410003168d2a000a00000e2,2,2,13,322,276,789,628,1.10002,0,0
025040107410003168d2a000a00000e2,2,2,14,322,276,789,628,1.10002,0,0
025040107410003168d2a000a00000e2,2,2,15,322,276,789,628,1.10002,0,0
025040107410003168d2a000a00000e2,2,2,16,322,276,789,628,1.10002,0,0
025040107410003168d2a000a00000e2,2,2,17,322,276,789,628,1.10002,0,0
025040107410003168d2a000a00000e2,2,2,18,322,276,789,628,1.10002,0,0
025040107410003168d2a000a00000e2,2,2,19,322,276,789,628,1.10002,0,0
025040107410003168d2a000a00000e2,2,2,20,322,276,789,628,1.10002,0,0
025040107410003168d2a000a00000e2,2,2,21,322,276,789,628,1.10002,0,0
025040107410003168d2a000a00000e2,2,2,22,322,276,789,628,1.10002,0,0
025040107410003168d2a000a00000e2,2,2,23,322,276,789,628,1.10002,0,0
025040107410003168d2a000a00000e2,2,2,24,322,276,789,628,1.10002,0,0
025040107410003168d2a000a00000e2,2,2,25,322,276,789,628,1.10002,0,0
025040107410003168d2a000a00000e2,2,2,26,322,276,789,628,1.10002,0,0
025040107410003168d2a000a00000e2,2,2,27,322,276,789,628,1.10002,0,0
025040107410003168d2a000a00000e2,2,2,28,322,276,789,628,1.10002,0,0
025040107410003168d2a000a00000e2,2,2,29,322,276,789,628,1.10002,0,0
025040107410003168d2a000a00000e2,2,2,30,322,276,789,628,1.10002,0,0
025040107410003168d2a000a00000e2,2,2,31,322,276,789,628,1.10002,0,0
025040107410003168d2a000a00000e2,2,2,32,322,276,789,628,1.10002,0,0
025040107410003168d2a000a00000e2,2,2,33,322,276,789,628,1.10002,0,0
025040107410003168d2a000a00000e2,2,2,34,322,276,789,628,1.10002,0,0
025040107410003168d2a000a00000e2,2,2,35,322,276,789,628,1.10002,0,0
025040107410003168d2a000a00000e2,2,2,36,322,276,789,628,1.10002,0,0
025040107410003168d2a000a00000e2,2,2,37,322,276,789,628,1.10002,0,0
025040107410003168d2a000a00000e2,2,2,38,322,276,789,628,1.10002,0,0
025040107410003168d2a000a00000e2,2,2,39,322,276,789,628,1.10002,0,0
025040107410003168d2a000a00000e2,2,2,40,322,276,789,628,1.10002,0,0
025040107410003168d2a000a00000e2,2,2,41,322,276,789,628,1.10002,0,0
025040107410003168d2a000a00000e2,2,2,42,322,276,789,628,1.10002,0,0
025040107410003168d2a000a00000e2,2,2,43,322,276,789,628,1.10002,0,0
025040107410003168d2a000a00000e2,2,2,44,322,276,789,628,1.10002,0,0
025040107410003168d2a000a00000e2,2,2,45,322,276,789,628,1.10002,0,0
025040107410003168d2a000a00000e2,2,2,46,322,276,789,628,1.10002,0,0
025040107410003168d2a000a00000e2,2,2,47,322,276,789,628,1.10002,0,0
025040107410003168d2a000a00000e2,2,2,48,322,276,789,628,1.10002,0,0
025040107410003168d2a000a00000e2,2,2,49,322,276,789,628,1.10002,0,0
025040107410003168d2a000a00000e2,2,2,50,322,276,789,628,1.10002,0,0
025040107410003168d2a000a00000e2,2,2,51,322,276,789,628,1.10002,0,0
025040107410003168d2a000a00000e2,2,2,52,322,276,789,628,1.10002,0,0
025040107410003168d2a000a00000e2,2,2,53,322,276,789,628,1.10002,0,0
025040107410003168d2a000a00000e2,2,2,54,322,276,789,628,1.10002,0,0
025040107410003168d2a000a00000e2,2,2,55,322,276,789,628,1.10002,0,0
025040107410003168d2a000a00000e2,2,2,56,322,276,789,628,1.10002,0,0
025040107410003168d2a000a00000e2,2,2,57,322,276,789,628,1.10002,0,0
025040107410003168d2a000a00000e2,2,2,58,322,276,789,628,1.10002,0,0
025040107410003168d2a000a00000e2,2,2,59,322,276,789,628,1.10002,0,0
025040107410003168d2a000a00000e2,2,2,60,322,276,789,628,1.10002,0,0
025040107410003168d2a000a00000e2,2,2,61,322,276,789,628,1.10002,0,0
025040107410003168d2a000a00000e2,2,2,62,322,276,789,628,1.10002,0,0
025040107410003168d2a000a00000e2,2,2,63,322,276,789,628,1.10002,0,0
025040107410003168d2a000a00000e2,2,2,0,322,276,790,629,1.10002,0,0
025040107410003168d2a000a00000e2,2,2,1,322,276,790,629,1.10002,0,0
025040107410003168d2a000a00000e2,2,2,2,322,276,790,629,1.10002,0,0
025040107410003168d2a000a00000e2,2,2,3,322,276,790,629,1.10002,0,0
025040107410003168d2a000a00000e2,2,2,4,322,276,790,629,1.10002,0,0
025040107410003168d2a000a00000e2,2,2,5,322,276,790,629,1.10002,0,0
025040107410003168d2a000a00000e2,2,2,6,322,276,790,629,1.10002,0,0
025040107410003168d2a000a00000e2,2,2,7,322,276,790,629,1.10002,0,0
025040107410003168d2a000a00000e2,2,2,8,322,276,790,629,1.10002,0,0
025040107410003168d2a000a00000e2,2,2,9,322,276,790,629,1.10002,0,0
025040107410003168d2a000a00000e2,2,2,10,322,276,790,629,1.10002,0,0
025040107410003168d2a000a00000e2,2,2,11,322,276,790,629,1.10002,0,0
025040107410003168d2a000a00000e2,2,2,12,322,276,790,629,1.10002,0,0
025040107410003168d2a000a00000e2,2,2,13,322,276,790,629,1.10002,0,0
025040107410003168d2a000a00000e2,2,2,14,322,276,790,629,1.10002,0,0
025040107410003168d2a000a00000e2,2,2,15,322,276,790,629,1.10002,0,0
025040107410003168d2a000a00000e2,2,2,16,322,276,790,629,1.10002,0,0
025040107410003168d2a000a00000e2,2,2,17,322,276,790,629,1.10002,0,0
025040107410003168d2a000a00000e2,2,2,18,322,276,790,629,1.10002,0,0
025040107410003168d2a000a00000e2,2,2,19,322,276,790,629,1.10002,0,0
025040107410003168d2a000a00000e2,2,2,20,322,276,790,629,1.10002,0,0
025040107410003168d2a000a00000e2,2,2,21,322,276,790,629,1.10002,0,0
025040107410003168d2a000a00000e2,2,2,22,322,276,790,629,1.10002,0,0
025040107410003168d2a000a00000e2,2,2,23,322,276,790,629,1.10002,0,0
025040107410003168d2a000a00000e2,2,2,24,322,276,790,629,1.10002,0,0
025040107410003168d2a000a00000e2,2,2,25,322,276,790,629,1.10002,0,0
025040107410003168d2a000a00000e2,2,2,26,322,276,790,629,1.10002,0,0
025040107410003168d2a000a00000e2,2,2,27,322,276,790,629,1.10002,0,0
025040107410003168d2a000a00000e2,2,2,28,322,276,790,629,1.10002,0,0
025040107410003168d2a000a00000e2,2,2,29,322,276,790,629,1.10002,0,0
025040107410003168d2a000a00000e2,2,2,30,322,276,790,629,1.10002,0,0
025040107410003168d2a000a00000e2,2,2,31,322,276,790,629,1.10002,0,0
025040107410003168d2a000a00000e2,2,2,32,322,276,790,629,1.10002,0,0
025040107410003168d2a000a00000e2,2,2,33,322,276,790,629,1.10002,0,0
025040107410003168d2a000a00000e2,2,2,34,322,276,790,629,1.10002,0,0
025040107410003168d2a000a00000e2,2,2,35,322,276,790,629,1.10002,0,0
025040107410003168d2a000a00000e2,2,2,36,322,276,790,629,1.10002,0,0
025040107410003168d2a000a00000e2,2,2,37,322,276,790,629,1.10002,0,0
025040107410003168d2a000a00000e2,2,2,38,322,276,790,629,1.10002,0,0
025040107410003168d2a000a00000e2,2,2,39,322,276,790,629,1.10002,0,0
025040107410003168d2a000a00000e2,2,2,40,322,276,790,629,1.10002,0,0
025040107410003168d2a000a00000e2,2,2,41,322,276,790,629,1.10002,0,0
025040107410003168d2a000a00000e2,2,2,42,322,276,790,629,1.10002,0,0
025040107410003168d2a000a00000e2,2,2,43,322,276,790,629,1.10002,0,0
025040107410003168d2a000a00000e2,2,2,44,322,276,790,629,1.10002,0,0
025040107410003168d2a000a00000e2,2,2,45,322,276,790,629,1.10002,0,0
025040107410003168d2a000a00000e2,2,2,46,322,276,790,629,1.10002,0,0
025040107410003168d2a000a00000e2,2,2,47,322,276,790,629,1.10002,0,0
025040107410003168d2a000a00000e2,2,2,48,322,276,790,629,1.10002,0,0
025040107410003168d2a000a00000e2,2,2,49,322,276,790,629,1.10002,0,0
025040107410003168d2a000a00000e2,2,2,50,322,276,790,629,1.10002,0,0
025040107410003168d2a000a00000e2,2,2,51,322,276,790,629,1.10002,0,0
025040107410003168d2a000a00000e2,2,2,52,322,276,790,629,1.10002,0,0
025040107410003168d2a000a00000e2,2,2,53,322,276,790,629,1.10002,0,0
025040107410003168d2a000a00000e2,2,2,54,322,276,790,629,1.10002,0,0
025040107410003168d2a000a00000e2,2,2,55,322,276,790,629,1.10002,0,0
025040107410003168d2a000a00000e2,2,2,56,322,276,790,629,1.10002,0,0
025040107410003168d2a000a00000e2,2,2,57,322,276,790,629,1.10002,0,0
025040107410003168d2a000a00000e2,2,2,58,322,276,790,629,1.10002,0,0
025040107410003168d2a000a00000e2,2,2,59,322,276,790,629,1.10002,0,0
025040107410003168d2a000a00000e2,2,2,60,322,276,790,629,1.10002,0,0
025040107410003168d2a000a00000e2,2,2,61,322,276,790,629,1.10002,0,0
025040107410003168d2a000a00000e2,2,2,62,322,276,790,629,1.10002,0,0
025040107410003168d2a000a00000e2,2,2,63,322,276,790,629,1.10002,0,0
025040107410003168d2a000a00000e2,2,2,0,322,276,791,629,1.10002,0,0
025040107410003168d2a000a00000e2,2,2,1,322,276,791,629,1.10002,0,0
025040107410003168d2a000a00000e2,2,2,2,322,276,791,629,1.10002,0,0
025040107410003168d2a000a00000e2,2,2,3,322,276,791,629,1.10002,0,0
025040107410003168d2a000a00000e2,2,2,4,322,276,791,629,1.10002,0,0
025040107410003168d2a000a00000e2,2,2,5,322,276,791,629,1.10002,0,0
025040107410003168d2a000a00000e2,2,2,6,322,276,791,629,1.10002,0,0
025040107410003168d2a000a00000e2,2,2,7,322,276,791,629,1.10002,0,0
025040107410003168d2a000a00000e2,2,2,8,322,276,791,629,1.10002,0,0
025040107410003168d2a000a00000e2,2,2,9,322,276,791,629,1.10002,0,0
025040107410003168d2a000a00000e2,2,2,10,322,276,791,629,1.10002,0,0
025040107410003168d2a000a00000e2,2,2,11,322,276,791,629,1.10002,0,0
025040107410003168d2a000a00000e2,2,2,12,322,276,791,629,1.10002,0,0
025040107410003168d2a000a00000e2,2,2,13,322,276,791,629,1.10002,0,0
025040107410003168d2a000a00000e2,2,2,14,322,276,791,629,1.10002,0,0
025040107410003168d2a000a00000e2,2,2,15,322,276,791,629,1.10002,0,0
025040107410003168d2a000a00000e2,2,2,16,322,276,791,629,1.10002,0,0
025040107410003168d2a000a00000e2,2,2,17,322,276,791,629,1.10002,0,0
025040107410003168d2a000a00000e2,2,2,18,322,276,791,629,1.10002,0,0
025040107410003168d2a000a00000e2,2,2,19,322,276,791,629,1.10002,0,0
025040107410003168d2a000a00000e2,2,2,20,322,276,791,629,1.10002,0,0
025040107410003168d2a000a00000e2,2,2,21,322,276,791,629,1.10002,0,0
025040107410003168d2a000a00000e2,2,2,22,322,276,791,629,1.10002,0,0
025040107410003168d2a000a00000e2,2,2,23,322,276,791,629,1.10002,0,0
025040107410003168d2a000a00000e2,2,2,24,322,276,791,629,1.10002,0,0
025040107410003168d2a000a00000e2,2,2,25,322,276,791,629,1.10002,0,0
025040107410003168d2a000a00000e2,2,2,26,322,276,791,629,1.10002,0,0
025040107410003168d2a000a00000e2,2,2,27,322,276,791,629,1.10002,0,0
025040107410003168d2a000a00000e2,2,2,28,322,276,791,629,1.10002,0,0
025040107410003168d2a000a00000e2,2,2,29,322,276,791,629,1.10002,0,0
025040107410003168d2a000a00000e2,2,2,30,322,276,791,629,1.10002,0,0
025040107410003168d2a000a00000e2,2,2,31,322,276,791,629,1.10002,0,0
025040107410003168d2a000a00000e2,2,2,32,322,276,791,629,1.10002,0,0
025040107410003168d2a000a00000e2,2,2,33,322,276,791,629,1.10002,0,0
025040107410003168d2a000a00000e2,2,2,34,322,276,791,629,1.10002,0,0
025040107410003168d2a000a00000e2,2,2,35,322,276,791,629,1.10002,0,0
025040107410003168d2a000a00000e2,2,2,36,322,276,791,629,1.10002,0,0
025040107410003168d2a000a00000e2,2,2,37,322,276,791,629,1.10002,0,0
025040107410003168d2a000a00000e2,2,2,38,322,276,791,629,1.10002,0,0
025040107410003168d2a000a00000e2,2,2,39,322,276,791,629,1.10002,0,0
025040107410003168d2a000a00000e2,2,2,40,322,276,791,629,1.10002,0,0
025040107410003168d2a000a00000e2,2,2,41,322,276,791,629,1.10002,0,0
025040107410003168d2a000a00000e2,2,2,42,322,276,791,629,1.10002,0,0
025040107410003168d2a000a00000e2,2,2,43,322,276,791,629,1.10002,0,0
025040107410003168d2a000a00000e2,2,2,44,322,276,791,629,1.10002,0,0
025040107410003168d2a000a00000e2,2,2,45,322,276,791,629,1.10002,0,0
025040107410003168d2a000a00000e2,2,2,46,322,276,791,629,1.10002,0,0
025040107410003168d2a000a00000e2,2,2,47,322,276,791,629,1.10002,0,0
025040107410003168d2a000a00000e2,2,2,48,322,276,791,629,1.10002,0,0
025040107410003168d2a000a00000e2,2,2,49,322,276,791,629,1.10002,0,0
025040107410003168d2a000a00000e2,2,2,50,322,276,791,629,1.10002,0,0
025040107410003168d2a000a00000e2,2,2,51,322,276,791,629,1.10002,0,0
025040107410003168d2a000a00000e2,2,2,52,322,276,791,629,1.10002,0,0
025040107410003168d2a000a00000e2,2,2,53,322,276,791,629,1.10002,0,0
025040107410003168d2a000a00000e2,2,2,54,322,276,791,629,1.10002,0,0
025040107410003168d2a000a00000e2,2,2,55,322,276,791,629,1.10002,0,0
025040107410003168d2a000a00000e2,2,2,56,322,276,791,629,1.10002,0,0
025040107410003168d2a000a00000e2,2,2,57,322,276,791,629,1.10002,0,0
025040107410003168d2a000a00000e2,2,2,58,322,276,791,629,1.10002,0,0
025040107410003168d2a000a00000e2,2,2,59,322,276,791,629,1.10002,0,0
025040107410003168d2a000a00000e2,2,2,60,322,276,791,629,1.10002,0,0
025040107410003168d2a000a00000e2,2,2,61,322,276,791,629,1.10002,0,0
025040107410003168d2a000a00000e2,2,2,62,322,276,791,629,1.10002,0,0
025040107410003168d2a000a00000e2,2,2,63,322,276,791,629,1.10002,0,0
025040107410003168d2a000a00000e2,2,2,0,322,276,792,630,1.10002,0,0
025040107410003168d2a000a00000e2,2,2,1,322,276,792,630,1.10002,0,0
025040107410003168d2a000a00000e2,2,2,2,322,276,792,630,1.10002,0,0
025040107410003168d2a000a00000e2,2,2,3,322,276,792,630,1.10002,0,0
025040107410003168d2a000a00000e2,2,2,4,322,276,792,630,1.10002,0,0
025040107410003168d2a000a00000e2,2,2,5,322,276,792,630,1.10002,0,0
025040107410003168d2a000a00000e2,2,2,6,322,276,792,630,1.10002,0,0
025040107410003168d2a000a00000e2,2,2,7,322,276,792,630,1.10002,0,0
025040107410003168d2a000a00000e2,2,2,8,322,276,792,630,1.10002,0,0
025040107410003168d2a000a00000e2,2,2,9,322,276,792,630,1.10002,0,0
025040107410003168d2a000a00000e2,2,2,10,322,276,792,630,1.10002,0,0
025040107410003168d2a000a00000e2,2,2,11,322,276,792,630,1.10002,0,0
025040107410003168d2a000a00000e2,2,2,12,322,276,792,630,1.10002,0,0
025040107410003168d2a000a00000e2,2,2,13,322,276,792,630,1.10002,0,0
025040107410003168d2a000a00000e2,2,2,14,322,276,792,630,1.10002,0,0
025040107410003168d2a000a00000e2,2,2,15,322,276,792,630,1.10002,0,0
025040107410003168d2a000a00000e2,2,2,16,322,276,792,630,1.10002,0,0
025040107410003168d2a000a00000e2,2,2,17,322,276,792,630,1.10002,0,0
025040107410003168d2a000a00000e2,2,2,18,322,276,792,630,1.10002,0,0
025040107410003168d2a000a00000e2,2,2,19,322,276,792,630,1.10002,0,0
025040107410003168d2a000a00000e2,2,2,20,322,276,792,630,1.10002,0,0
025040107410003168d2a000a00000e2,2,2,21,322,276,792,630,1.10002,0,0
025040107410003168d2a000a00000e2,2,2,22,322,276,792,630,1.10002,0,0
025040107410003168d2a000a00000e2,2,2,23,322,276,792,630,1.10002,0,0
025040107410003168d2a000a00000e2,2,2,24,322,276,792,630,1.10002,0,0
025040107410003168d2a000a00000e2,2,2,25,322,276,792,630,1.10002,0,0
025040107410003168d2a000a00000e2,2,2,26,322,276,792,630,1.10002,0,0
025040107410003168d2a000a00000e2,2,2,27,322,276,792,630,1.10002,0,0
025040107410003168d2a000a00000e2,2,2,28,322,276,792,630,1.10002,0,0
025040107410003168d2a000a00000e2,2,2,29,322,276,792,630,1.10002,0,0
025040107410003168d2a000a00000e2,2,2,30,322,276,792,630,1.10002,0,0
025040107410003168d2a000a00000e2,2,2,31,322,276,792,630,1.10002,0,0
025040107410003168d2a000a00000e2,2,2,32,322,276,792,630,1.10002,0,0
025040107410003168d2a000a00000e2,2,2,33,322,276,792,630,1.10002,0,0
025040107410003168d2a000a00000e2,2,2,34,322,276,792,630,1.10002,0,0
025040107410003168d2a000a00000e2,2,2,35,322,276,792,630,1.10002,0,0
025040107410003168d2a000a00000e2,2,2,36,322,276,792,630,1.10002,0,0
025040107410003168d2a000a00000e2,2,2,37,322,276,792,630,1.10002,0,0
025040107410003168d2a000a00000e2,2,2,38,322,276,792,630,1.10002,0,0
025040107410003168d2a000a00000e2,2,2,39,322,276,792,630,1.10002,0,0
025040107410003168d2a000a00000e2,2,2,40,322,276,792,630,1.10002,0,0
025040107410003168d2a000a00000e2,2,2,41,322,276,792,630,1.10002,0,0
025040107410003168d2a000a00000e2,2,2,42,322,276,792,630,1.10002,0,0
025040107410003168d2a000a00000e2,2,2,43,322,276,792,630,1.10002,0,0
025040107410003168d2a000a00000e2,2,2,44,322,276,792,630,1.10002,0,0
025040107410003168d2a000a00000e2,2,2,45,322,276,792,630,1.10002,0,0
025040107410003168d2a000a00000e2,2,2,46,322,276,792,630,1.10002,0,0
025040107410003168d2a000a00000e2,2,2,47,322,276,792,630,1.10002,0,0
025040107410003168d2a000a00000e2,2,2,48,322,276,792,630,1.10002,0,0
025040107410003168d2a000a00000e2,2,2,49,322,276,792,630,1.10002,0,0
025040107410003168d2a000a00000e2,2,2,50,322,276,792,630,1.10002,0,0
025040107410003168d2a000a00000e2,2,2,51,322,276,792,630,1.10002,0,0
025040107410003168d2a000a00000e2,2,2,52,322,276,792,630,1.10002,0,0
025040107410003168d2a000a00000e2,2,2,53,322,276,792,630,1.10002,0,0
025040107410003168d2a000a00000e2,2,2,54,322,276,792,630,1.10002,0,0
025040107410003168d2a000a00000e2,2,2,55,322,276,792,630,1.10002,0,0
025040107410003168d2a000a00000e2,2,2,56,322,276,792,630,1.10002,0,0
025040107410003168d2a000a00000e2,2,2,57,322,276,792,630,1.10002,0,0
025040107410003168d2a000a00000e2,2,2,58,322,276,792,630,1.10002,0,0
025040107410003168d2a000a00000e2,2,2,59,322,276,792,630,1.10002,0,0
025040107410003168d2a000a00000e2,2,2,60,322,276,792,630,1.10002,0,0
025040107410003168d2a000a00000e2,2,2,61,322,276,792,630,1.10002,0,0
025040107410003168d2a000a00000e2,2,2,62,322,276,792,630,1.10002,0,0
025040107410003168d2a000a00000e2,2,2,63,322,276,792,630,1.10002,0,0
025040107410003168d2a000a00000e2,2,2,0,322,276,793,631,1.10002,0,0
025040107410003168d2a000a00000e2,2,2,1,322,276,793,631,1.10002,0,0
025040107410003168d2a000a00000e2,2,2,2,322,276,793,631,1.10002,0,0
025040107410003168d2a000a00000e2,2,2,3,322,276,793,631,1.10002,0,0
025040107410003168d2a000a00000e2,2,2,4,322,276,793,631,1.10002,0,0
025040107410003168d2a000a00000e2,2,2,5,322,276,793,631,1.10002,0,0
025040107410003168d2a000a00000e2,2,2,6,322,276,793,631,1.10002,0,0
025040107410003168d2a000a00000e2,2,2,7,322,276,793,631,1.10002,0,0
025040107410003168d2a000a00000e2,2,2,8,322,276,793,631,1.10002,0,0
025040107410003168d2a000a00000e2,2,2,9,322,276,793,631,1.10002,0,0
025040107410003168d2a000a00000e2,2,2,10,322,276,793,631,1.10002,0,0
025040107410003168d2a000a00000e2,2,2,11,322,276,793,631,1.10002,0,0
025040107410003168d2a000a00000e2,2,2,12,322,276,793,631,1.10002,0,0
025040107410003168d2a000a00000e2,2,2,13,322,276,793,631,1.10002,0,0
025040107410003168d2a000a00000e2,2,2,14,322,276,793,631,1.10002,0,0
025040107410003168d2a000a00000e2,2,2,15,322,276,793,631,1.10002,0,0
025040107410003168d2a000a00000e2,2,2,16,322,276,793,631,1.10002,0,0
025040107410003168d2a000a00000e2,2,2,17,322,276,793,631,1.10002,0,0
025040107410003168d2a000a00000e2,2,2,18,322,276,793,631,1.10002,0,0
025040107410003168d2a000a00000e2,2,2,19,322,276,793,631,1.10002,0,0
025040107410003168d2a000a00000e2,2,2,20,322,276,793,631,1.10002,0,0
025040107410003168d2a000a00000e2,2,2,21,322,276,793,631,1.10002,0,0
025040107410003168d2a000a00000e2,2,2,22,322,276,793,631,1.10002,0,0
025040107410003168d2a000a00000e2,2,2,23,322,276,793,631,1.10002,0,0
025040107410003168d2a000a00000e2,2,2,24,322,276,793,631,1.10002,0,0
025040107410003168d2a000a00000e2,2,2,25,322,276,793,631,1.10002,0,0
025040107410003168d2a000a00000e2,2,2,26,322,276,793,631,1.10002,0,0
025040107410003168d2a000a00000e2,2,2,27,322,276,793,631,1.10002,0,0
025040107410003168d2a000a00000e2,2,2,28,322,276,793,631,1.10002,0,0
025040107410003168d2a000a00000e2,2,2,29,322,276,793,631,1.10002,0,0
025040107410003168d2a000a00000e2,2,2,30,322,276,793,631,1.10002,0,0
025040107410003168d2a000a00000e2,2,2,31,322,276,793,631,1.10002,0,0
025040107410003168d2a000a00000e2,2,2,32,322,276,793,631,1.10002,0,0
025040107410003168d2a000a00000e2,2,2,33,322,276,793,631,1.10002,0,0
025040107410003168d2a000a00000e2,2,2,34,322,276,793,631,1.10002,0,0
025040107410003168d2a000a00000e2,2,2,35,322,276,793,631,1.10002,0,0
025040107410003168d2a000a00000e2,2,2,36,322,276,793,631,1.10002,0,0
025040107410003168d2a000a00000e2,2,2,37,322,276,793,631,1.10002,0,0
025040107410003168d2a000a00000e2,2,2,38,322,276,793,631,1.10002,0,0
025040107410003168d2a000a00000e2,2,2,39,322,276,793,631,1.10002,0,0
025040107410003168d2a000a00000e2,2,2,40,322,276,793,631,1.10002,0,0
025040107410003168d2a000a00000e2,2,2,41,322,276,793,631,1.10002,0,0
025040107410003168d2a000a00000e2,2,2,42,322,276,793,631,1.10002,0,0
025040107410003168d2a000a00000e2,2,2,43,322,276,793,631,1.10002,0,0
025040107410003168d2a000a00000e2,2,2,44,322,276,793,631,1.10002,0,0
025040107410003168d2a000a00000e2,2,2,45,322,276,793,631,1.10002,0,0
025040107410003168d2a000a00000e2,2,2,46,322,276,793,631,1.10002,0,0
025040107410003168d2a000a00000e2,2,2,47,322,276,793,631,1.10002,0,0
025040107410003168d2a000a00000e2,2,2,48,322,276,793,631,1.10002,0,0
025040107410003168d2a000a00000e2,2,2,49,322,276,793,631,1.10002,0,0
025040107410003168d2a000a00000e2,2,2,50,322,276,793,631,1.10002,0,0
025040107410003168d2a000a00000e2,2,2,51,322,276,793,631,1.10002,0,0
025040107410003168d2a000a00000e2,2,2,52,322,276,793,631,1.10002,0,0
025040107410003168d2a000a00000e2,2,2,53,322,276,793,631,1.10002,0,0
025040107410003168d2a000a00000e2,2,2,54,322,276,793,631,1.10002,0,0
025040107410003168d2a000a00000e2,2,2,55,322,276,793,631,1.10002,0,0
025040107410003168d2a000a00000e2,2,2,56,322,276,793,631,1.10002,0,0
025040107410003168d2a000a00000e2,2,2,57,322,276,793,631,1.10002,0,0
025040107410003168d2a000a00000e2,2,2,58,322,276,793,631,1.10002,0,0
025040107410003168d2a000a00000e2,2,2,59,322,276,793,631,1.10002,0,0
025040107410003168d2a000a00000e2,2,2,60,322,276,793,631,1.10002,0,0
025040107410003168d2a000a00000e2,2,2,61,322,276,793,631,1.10002,0,0
025040107410003168d2a000a00000e2,2,2,62,322,276,793,631,1.10002,0,0
025040107410003168d2a000a00000e2,2,2,63,322,276,793,631,1.10002,0,0
025040107410003168d2a000a00000e2,2,2,0,322,276,794,632,1.10002,0,0
025040107410003168d2a000a00000e2,2,2,1,322,276,794,632,1.10002,0,0
025040107410003168d2a000a00000e2,2,2,2,322,276,794,632,1.10002,0,0
025040107410003168d2a000a00000e2,2,2,3,322,276,794,632,1.10002,0,0
025040107410003168d2a000a00000e2,2,2,4,322,276,794,632,1.10002,0,0
025040107410003168d2a000a00000e2,2,2,5,322,276,794,632,1.10002,0,0
025040107410003168d2a000a00000e2,2,2,6,322,276,794,632,1.10002,0,0
025040107410003168d2a000a00000e2,2,2,7,322,276,794,632,1.10002,0,0
025040107410003168d2a000a00000e2,2,2,8,322,276,794,632,1.10002,0,0
025040107410003168d2a000a00000e2,2,2,9,322,276,794,632,1.10002,0,0
025040107410003168d2a000a00000e2,2,2,10,322,276,794,632,1.10002,0,0
025040107410003168d2a000a00000e2,2,2,11,322,276,794,632,1.10002,0,0
025040107410003168d2a000a00000e2,2,2,12,322,276,794,632,1.10002,0,0
025040107410003168d2a000a00000e2,2,2,13,322,276,794,632,1.10002,0,0
025040107410003168d2a000a00000e2,2,2,14,322,276,794,632,1.10002,0,0
025040107410003168d2a000a00000e2,2,2,15,322,276,794,632,1.10002,0,0
025040107410003168d2a000a00000e2,2,2,16,322,276,794,632,1.10002,0,0
025040107410003168d2a000a00000e2,2,2,17,322,276,794,632,1.10002,0,0
025040107410003168d2a000a00000e2,2,2,18,322,276,794,632,1.10002,0,0
025040107410003168d2a000a00000e2,2,2,19,322,276,794,632,1.10002,0,0
025040107410003168d2a000a00000e2,2,2,20,322,276,794,632,1.10002,0,0
025040107410003168d2a000a00000e2,2,2,21,322,276,794,632,1.10002,0,0
025040107410003168d2a000a00000e2,2,2,22,322,276,794,632,1.10002,0,0
025040107410003168d2a000a00000e2,2,2,23,322,276,794,632,1.10002,0,0
025040107410003168d2a000a00000e2,2,2,24,322,276,794,632,1.10002,0,0
025040107410003168d2a000a00000e2,2,2,25,322,276,794,632,1.10002,0,0
025040107410003168d2a000a00000e2,2,2,26,322,276,794,632,1.10002,0,0
025040107410003168d2a000a00000e2,2,2,27,322,276,794,632,1.10002,0,0
025040107410003168d2a000a00000e2,2,2,28,322,276,794,632,1.10002,0,0
025040107410003168d2a000a00000e2,2,2,29,322,276,794,632,1.10002,0,0
025040107410003168d2a000a00000e2,2,2,30,322,276,794,632,1.10002,0,0
025040107410003168d2a000a00000e2,2,2,31,322,276,794,632,1.10002,0,0
025040107410003168d2a000a00000e2,2,2,32,322,276,794,632,1.10002,0,0
025040107410003168d2a000a00000e2,2,2,33,322,276,794,632,1.10002,0,0
025040107410003168d2a000a00000e2,2,2,34,322,276,794,632,1.10002,0,0
025040107410003168d2a000a00000e2,2,2,35,322,276,794,632,1.10002,0,0
025040107410003168d2a000a00000e2,2,2,36,322,276,794,632,1.10002,0,0
025040107410003168d2a000a00000e2,2,2,37,322,276,794,632,1.10002,0,0
025040107410003168d2a000a00000e2,2,2,38,322,276,794,632,1.10002,0,0
025040107410003168d2a000a00000e2,2,2,39,322,276,794,632,1.10002,0,0
025040107410003168d2a000a00000e2,2,2,40,322,276,794,632,1.10002,0,0
025040107410003168d2a000a00000e2,2,2,41,322,276,794,632,1.10002,0,0
025040107410003168d2a000a00000e2,2,2,42,322,276,794,632,1.10002,0,0
025040107410003168d2a000a00000e2,2,2,43,322,276,794,632,1.10002,0,0
025040107410003168d2a000a00000e2,2,2,44,322,276,794,632,1.10002,0,0
025040107410003168d2a000a00000e2,2,2,45,322,276,794,632,1.10002,0,0
025040107410003168d2a000a00000e2,2,2,46,322,276,794,632,1.10002,0,0
025040107410003168d2a000a00000e2,2,2,47,322,276,794,632,1.10002,0,0
025040107410003168d2a000a00000e2,2,2,48,322,276,794,632,1.10002,0,0
025040107410003168d2a000a00000e2,2,2,49,322,276,794,632,1.10002,0,0
025040107410003168d2a000a00000e2,2,2,50,322,276,794,632,1.10002,0,0
025040107410003168d2a000a00000e2,2,2,51,322,276,794,632,1.10002,0,0
025040107410003168d2a000a00000e2,2,2,52,322,276,794,632,1.10002,0,0
025040107410003168d2a000a00000e2,2,2,53,322,276,794,632,1.10002,0,0
025040107410003168d2a000a00000e2,2,2,54,322,276,794,632,1.10002,0,0
025040107410003168d2a000a00000e2,2,2,55,322,276,794,632,1.10002,0,0
025040107410003168d2a000a00000e2,2,2,56,322,276,794,632,1.10002,0,0
025040107410003168d2a000a00000e2,2,2,57,322,276,794,632,1.10002,0,0
025040107410003168d2a000a00000e2,2,2,58,322,276,794,632,1.10002,0,0
025040107410003168d2a000a00000e2,2,2,59,322,276,794,632,1.10002,0,0
025040107410003168d2a000a00000e2,2,2,60,322,276,794,632,1.10002,0,0
025040107410003168d2a000a00000e2,2,2,61,322,276,794,632,1.10002,0,0
025040107410003168d2a000a00000e2,2,2,62,322,276,794,632,1.10002,0,0
025040107410003168d2a000a00000e2,2,2,63,322,276,794,632,1.10002,0,0
025040107410003168d2a000a00000e2,2,2,0,322,276,795,632,1.10002,0,0
025040107410003168d2a000a00000e2,2,2,1,322,276,795,632,1.10002,0,0
025040107410003168d2a000a00000e2,2,2,2,322,276,795,632,1.10002,0,0
025040107410003168d2a000a00000e2,2,2,3,322,276,795,632,1.10002,0,0
025040107410003168d2a000a00000e2,2,2,4,322,276,795,632,1.10002,0,0
025040107410003168d2a000a00000e2,2,2,5,322,276,795,632,1.10002,0,0
025040107410003168d2a000a00000e2,2,2,6,322,276,795,632,1.10002,0,0
025040107410003168d2a000a00000e2,2,2,7,322,276,795,632,1.10002,0,0
025040107410003168d2a000a00000e2,2,2,8,322,276,795,632,1.10002,0,0
025040107410003168d2a000a00000e2,2,2,9,322,276,795,632,1.10002,0,0
025040107410003168d2a000a00000e2,2,2,10,322,276,795,632,1.10002,0,0
025040107410003168d2a000a00000e2,2,2,11,322,276,795,632,1.10002,0,0
025040107410003168d2a000a00000e2,2,2,12,322,276,795,632,1.10002,0,0
025040107410003168d2a000a00000e2,2,2,13,322,276,795,632,1.10002,0,0
025040107410003168d2a000a00000e2,2,2,14,322,276,795,632,1.10002,0,0
025040107410003168d2a000a00000e2,2,2,15,322,276,795,632,1.10002,0,0
025040107410003168d2a000a00000e2,2,2,16,322,276,795,632,1.10002,0,0
025040107410003168d2a000a00000e2,2,2,17,322,276,795,632,1.10002,0,0
025040107410003168d2a000a00000e2,2,2,18,322,276,795,632,1.10002,0,0
025040107410003168d2a000a00000e2,2,2,19,322,276,795,632,1.10002,0,0
025040107410003168d2a000a00000e2,2,2,20,322,276,795,632,1.10002,0,0
025040107410003168d2a000a00000e2,2,2,21,322,276,795,632,1.10002,0,0
025040107410003168d2a000a00000e2,2,2,22,322,276,795,632,1.10002,0,0
025040107410003168d2a000a00000e2,2,2,23,322,276,795,632,1.10002,0,0
025040107410003168d2a000a00000e2,2,2,24,322,276,795,632,1.10002,0,0
025040107410003168d2a000a00000e2,2,2,25,322,276,795,632,1.10002,0,0
025040107410003168d2a000a00000e2,2,2,26,322,276,795,632,1.10002,0,0
025040107410003168d2a000a00000e2,2,2,27,322,276,795,632,1.10002,0,0
025040107410003168d2a000a00000e2,2,2,28,322,276,795,632,1.10002,0,0
025040107410003168d2a000a00000e2,2,2,29,322,276,795,632,1.10002,0,0
025040107410003168d2a000a00000e2,2,2,30,322,276,795,632,1.10002,0,0
025040107410003168d2a000a00000e2,2,2,31,322,276,795,632,1.10002,0,0
025040107410003168d2a000a00000e2,2,2,32,322,276,795,632,1.10002,0,0
025040107410003168d2a000a00000e2,2,2,33,322,276,795,632,1.10002,0,0
025040107410003168d2a000a00000e2,2,2,34,322,276,795,632,1.10002,0,0
025040107410003168d2a000a00000e2,2,2,35,322,276,795,632,1.10002,0,0
025040107410003168d2a000a00000e2,2,2,36,322,276,795,632,1.10002,0,0
025040107410003168d2a000a00000e2,2,2,37,322,276,795,632,1.10002,0,0
025040107410003168d2a000a00000e2,2,2,38,322,276,795,632,1.10002,0,0
025040107410003168d2a000a00000e2,2,2,39,322,276,795,632,1.10002,0,0
025040107410003168d2a000a00000e2,2,2,40,322,276,795,632,1.10002,0,0
025040107410003168d2a000a00000e2,2,2,41,322,276,795,632,1.10002,0,0
025040107410003168d2a000a00000e2,2,2,42,322,276,795,632,1.10002,0,0
025040107410003168d2a000a00000e2,2,2,43,322,276,795,632,1.10002,0,0
025040107410003168d2a000a00000e2,2,2,44,322,276,795,632,1.10002,0,0
025040107410003168d2a000a00000e2,2,2,45,322,276,795,632,1.10002,0,0
025040107410003168d2a000a00000e2,2,2,46,322,276,795,632,1.10002,0,0
025040107410003168d2a000a00000e2,2,2,47,322,276,795,632,1.10002,0,0
025040107410003168d2a000a00000e2,2,2,48,322,276,795,632,1.10002,0,0
025040107410003168d2a000a00000e2,2,2,49,322,276,795,632,1.10002,0,0
025040107410003168d2a000a00000e2,2,2,50,322,276,795,632,1.10002,0,0
025040107410003168d2a000a00000e2,2,2,51,322,276,795,632,1.10002,0,0
025040107410003168d2a000a00000e2,2,2,52,322,276,795,632,1.10002,0,0
025040107410003168d2a000a00000e2,2,2,53,322,276,795,632,1.10002,0,0
025040107410003168d2a000a00000e2,2,2,54,322,276,795,632,1.10002,0,0
025040107410003168d2a000a00000e2,2,2,55,322,276,795,632,1.10002,0,0
025040107410003168d2a000a00000e2,2,2,56,322,276,795,632,1.10002,0,0
025040107410003168d2a000a00000e2,2,2,57,322,276,795,632,1.10002,0,0
025040107410003168d2a000a00000e2,2,2,58,322,276,795,632,1.10002,0,0
025040107410003168d2a000a00000e2,2,2,59,322,276,795,632,1.10002,0,0
025040107410003168d2a000a00000e2,2,2,60,322,276,795,632,1.10002,0,0
025040107410003168d2a000a00000e2,2,2,61,322,276,795,632,1.10002,0,0
025040107410003168d2a000a00000e2,2,2,62,322,276,795,632,1.10002,0,0
025040107410003168d2a000a00000e2,2,2,63,322,276,795,632,1.10002,0,0
025040107410003168d2a000a00000e2,2,2,0,322,276,796,633,1.10002,0,0
025040107410003168d2a000a00000e2,2,2,1,322,276,796,633,1.10002,0,0
025040107410003168d2a000a00000e2,2,2,2,322,276,796,633,1.10002,0,0
025040107410003168d2a000a00000e2,2,2,3,322,276,796,633,1.10002,0,0
025040107410003168d2a000a00000e2,2,2,4,322,276,796,633,1.10002,0,0
025040107410003168d2a000a00000e2,2,2,5,322,276,796,633,1.10002,0,0
025040107410003168d2a000a00000e2,2,2,6,322,276,796,633,1.10002,0,0
025040107410003168d2a000a00000e2,2,2,7,322,276,796,633,1.10002,0,0
025040107410003168d2a000a00000e2,2,2,8,322,276,796,633,1.10002,0,0
025040107410003168d2a000a00000e2,2,2,9,322,276,796,633,1.10002,0,0
025040107410003168d2a000a00000e2,2,2,10,322,276,796,633,1.10002,0,0
025040107410003168d2a000a00000e2,2,2,11,322,276,796,633,1.10002,0,0
025040107410003168d2a000a00000e2,2,2,12,322,276,796,633,1.10002,0,0
025040107410003168d2a000a00000e2,2,2,13,322,276,796,633,1.10002,0,0
025040107410003168d2a000a00000e2,2,2,14,322,276,796,633,1.10002,0,0
025040107410003168d2a000a00000e2,2,2,15,322,276,796,633,1.10002,0,0
025040107410003168d2a000a00000e2,2,2,16,322,276,796,633,1.10002,0,0
025040107410003168d2a000a00000e2,2,2,17,322,276,796,633,1.10002,0,0
025040107410003168d2a000a00000e2,2,2,18,322,276,796,633,1.10002,0,0
025040107410003168d2a000a00000e2,2,2,19,322,276,796,633,1.10002,0,0
025040107410003168d2a000a00000e2,2,2,20,322,276,796,633,1.10002,0,0
025040107410003168d2a000a00000e2,2,2,21,322,276,796,633,1.10002,0,0
025040107410003168d2a000a00000e2,2,2,22,322,276,796,633,1.10002,0,0
025040107410003168d2a000a00000e2,2,2,23,322,276,796,633,1.10002,0,0
025040107410003168d2a000a00000e2,2,2,24,322,276,796,633,1.10002,0,0
025040107410003168d2a000a00000e2,2,2,25,322,276,796,633,1.10002,0,0
025040107410003168d2a000a00000e2,2,2,26,322,276,796,633,1.10002,0,0
025040107410003168d2a000a00000e2,2,2,27,322,276,796,633,1.10002,0,0
025040107410003168d2a000a00000e2,2,2,28,322,276,796,633,1.10002,0,0
025040107410003168d2a000a00000e2,2,2,29,322,276,796,633,1.10002,0,0
025040107410003168d2a000a00000e2,2,2,30,322,276,796,633,1.10002,0,0
025040107410003168d2a000a00000e2,2,2,31,322,276,796,633,1.10002,0,0
025040107410003168d2a000a00000e2,2,2,32,322,276,796,633,1.10002,0,0
025040107410003168d2a000a00000e2,2,2,33,322,276,796,633,1.10002,0,0
025040107410003168d2a000a00000e2,2,2,34,322,276,796,633,1.10002,0,0
025040107410003168d2a000a00000e2,2,2,35,322,276,796,633,1.10002,0,0
025040107410003168d2a000a00000e2,2,2,36,322,276,796,633,1.10002,0,0
025040107410003168d2a000a00000e2,2,2,37,322,276,796,633,1.10002,0,0
025040107410003168d2a000a00000e2,2,2,38,322,276,796,633,1.10002,0,0
025040107410003168d2a000a00000e2,2,2,39,322,276,796,633,1.10002,0,0
025040107410003168d2a000a00000e2,2,2,40,322,276,796,633,1.10002,0,0
025040107410003168d2a000a00000e2,2,2,41,322,276,796,633,1.10002,0,0
025040107410003168d2a000a00000e2,2,2,42,322,276,796,633,1.10002,0,0
025040107410003168d2a000a00000e2,2,2,43,322,276,796,633,1.10002,0,0
025040107410003168d2a000a00000e2,2,2,44,322,276,796,633,1.10002,0,0
025040107410003168d2a000a00000e2,2,2,45,322,276,796,633,1.10002,0,0
025040107410003168d2a000a00000e2,2,2,46,322,276,796,633,1.10002,0,0
025040107410003168d2a000a00000e2,2,2,47,322,276,796,633,1.10002,0,0
025040107410003168d2a000a00000e2,2,2,48,322,276,796,633,1.10002,0,0
025040107410003168d2a000a00000e2,2,2,49,322,276,796,633,1.10002,0,0
025040107410003168d2a000a00000e2,2,2,50,322,276,796,633,1.10002,0,0
025040107410003168d2a000a00000e2,2,2,51,322,276,796,633,1.10002,0,0
025040107410003168d2a000a00000e2,2,2,52,322,276,796,633,1.10002,0,0
025040107410003168d2a000a00000e2,2,2,53,322,276,796,633,1.10002,0,0
025040107410003168d2a000a00000e2,2,2,54,322,276,796,633,1.10002,0,0
025040107410003168d2a000a00000e2,2,2,55,322,276,796,633,1.10002,0,0
025040107410003168d2a000a00000e2,2,2,56,322,276,796,633,1.10002,0,0
025040107410003168d2a000a00000e2,2,2,57,322,276,796,633,1.10002,0,0
025040107410003168d2a000a00000e2,2,2,58,322,276,796,633,1.10002,0,0
025040107410003168d2a000a00000e2,2,2,59,322,276,796,633,1.10002,0,0
025040107410003168d2a000a00000e2,2,2,60,322,276,796,633,1.10002,0,0
025040107410003168d2a000a00000e2,2,2,61,322,276,796,633,1.10002,0,0
025040107410003168d2a000a00000e2,2,2,62,322,276,796,633,1.10002,0,0
025040107410003168d2a000a00000e2,2,2,63,322,276,796,633,1.10002,0,0
025040107410003168d2a000a00000e2,2,2,0,322,276,797,634,1.10002,0,0
025040107410003168d2a000a00000e2,2,2,1,322,276,797,634,1.10002,0,0
025040107410003168d2a000a00000e2,2,2,2,322,276,797,634,1.10002,0,0
025040107410003168d2a000a00000e2,2,2,3,322,276,797,634,1.10002,0,0
025040107410003168d2a000a00000e2,2,2,4,322,276,797,634,1.10002,0,0
025040107410003168d2a000a00000e2,2,2,5,322,276,797,634,1.10002,0,0
025040107410003168d2a000a00000e2,2,2,6,322,276,797,634,1.10002,0,0
025040107410003168d2a000a00000e2,2,2,7,322,276,797,634,1.10002,0,0
025040107410003168d2a000a00000e2,2,2,8,322,276,797,634,1.10002,0,0
025040107410003168d2a000a00000e2,2,2,9,322,276,797,634,1.10002,0,0
025040107410003168d2a000a00000e2,2,2,10,322,276,797,634,1.10002,0,0
025040107410003168d2a000a00000e2,2,2,11,322,276,797,634,1.10002,0,0
025040107410003168d2a000a00000e2,2,2,12,322,276,797,634,1.10002,0,0
025040107410003168d2a000a00000e2,2,2,13,322,276,797,634,1.10002,0,0
025040107410003168d2a000a00000e2,2,2,14,322,276,797,634,1.10002,0,0
025040107410003168d2a000a00000e2,2,2,15,322,276,797,634,1.10002,0,0
025040107410003168d2a000a00000e2,2,2,16,322,276,797,634,1.10002,0,0
025040107410003168d2a000a00000e2,2,2,17,322,276,797,634,1.10002,0,0
025040107410003168d2a000a00000e2,2,2,18,322,276,797,634,1.10002,0,0
025040107410003168d2a000a00000e2,2,2,19,322,276,797,634,1.10002,0,0
025040107410003168d2a000a00000e2,2,2,20,322,276,797,634,1.10002,0,0
025040107410003168d2a000a00000e2,2,2,21,322,276,797,634,1.10002,0,0
025040107410003168d2a000a00000e2,2,2,22,322,276,797,634,1.10002,0,0
025040107410003168d2a000a00000e2,2,2,23,322,276,797,634,1.10002,0,0
025040107410003168d2a000a00000e2,2,2,24,322,276,797,634,1.10002,0,0
025040107410003168d2a000a00000e2,2,2,25,322,276,797,634,1.10002,0,0
025040107410003168d2a000a00000e2,2,2,26,322,276,797,634,1.10002,0,0
025040107410003168d2a000a00000e2,2,2,27,322,276,797,634,1.10002,0,0
025040107410003168d2a000a00000e2,2,2,28,322,276,797,634,1.10002,0,0
025040107410003168d2a000a00000e2,2,2,29,322,276,797,634,1.10002,0,0
025040107410003168d2a000a00000e2,2,2,30,322,276,797,634,1.10002,0,0
025040107410003168d2a000a00000e2,2,2,31,322,276,797,634,1.10002,0,0
025040107410003168d2a000a00000e2,2,2,32,322,276,797,634,1.10002,0,0
025040107410003168d2a000a00000e2,2,2,33,322,276,797,634,1.10002,0,0
025040107410003168d2a000a00000e2,2,2,34,322,276,797,634,1.10002,0,0
025040107410003168d2a000a00000e2,2,2,35,322,276,797,634,1.10002,0,0
025040107410003168d2a000a00000e2,2,2,36,322,276,797,634,1.10002,0,0
025040107410003168d2a000a00000e2,2,2,37,322,276,797,634,1.10002,0,0
025040107410003168d2a000a00000e2,2,2,38,322,276,797,634,1.10002,0,0
025040107410003168d2a000a00000e2,2,2,39,322,276,797,634,1.10002,0,0
025040107410003168d2a000a00000e2,2,2,40,322,276,797,634,1.10002,0,0
025040107410003168d2a000a00000e2,2,2,41,322,276,797,634,1.10002,0,0
025040107410003168d2a000a00000e2,2,2,42,322,276,797,634,1.10002,0,0
025040107410003168d2a000a00000e2,2,2,43,322,276,797,634,1.10002,0,0
025040107410003168d2a000a00000e2,2,2,44,322,276,797,634,1.10002,0,0
025040107410003168d2a000a00000e2,2,2,45,322,276,797,634,1.10002,0,0
025040107410003168d2a000a00000e2,2,2,46,322,276,797,634,1.10002,0,0
025040107410003168d2a000a00000e2,2,2,47,322,276,797,634,1.10002,0,0
025040107410003168d2a000a00000e2,2,2,48,322,276,797,634,1.10002,0,0
025040107410003168d2a000a00000e2,2,2,49,322,276,797,634,1.10002,0,0
025040107410003168d2a000a00000e2,2,2,50,322,276,797,634,1.10002,0,0
025040107410003168d2a000a00000e2,2,2,51,322,276,797,634,1.10002,0,0
025040107410003168d2a000a00000e2,2,2,52,322,276,797,634,1.10002,0,0
025040107410003168d2a000a00000e2,2,2,53,322,276,797,634,1.10002,0,0
025040107410003168d2a000a00000e2,2,2,54,322,276,797,634,1.10002,0,0
025040107410003168d2a000a00000e2,2,2,55,322,276,797,634,1.10002,0,0
025040107410003168d2a000a00000e2,2,2,56,322,276,797,634,1.10002,0,0
025040107410003168d2a000a00000e2,2,2,57,322,276,797,634,1.10002,0,0
025040107410003168d2a000a00000e2,2,2,58,322,276,797,634,1.10002,0,0
025040107410003168d2a000a00000e2,2,2,59,322,276,797,634,1.10002,0,0
025040107410003168d2a000a00000e2,2,2,60,322,276,797,634,1.10002,0,0
025040107410003168d2a000a00000e2,2,2,61,322,276,797,634,1.10002,0,0
025040107410003168d2a000a00000e2,2,2,62,322,276,797,634,1.10002,0,0
025040107410003168d2a000a00000e2,2,2,63,322,276,797,634,1.10002,0,0
025040107410003168d2a000a00000e2,2,2,0,322,276,798,635,1.10002,0,0
025040107410003168d2a000a00000e2,2,2,1,322,276,798,635,1.10002,0,0
025040107410003168d2a000a00000e2,2,2,2,322,276,798,635,1.10002,0,0
025040107410003168d2a000a00000e2,2,2,3,322,276,798,635,1.10002,0,0
025040107410003168d2a000a00000e2,2,2,4,322,276,798,635,1.10002,0,0
025040107410003168d2a000a00000e2,2,2,5,322,276,798,635,1.10002,0,0
025040107410003168d2a000a00000e2,2,2,6,322,276,798,635,1.10002,0,0
025040107410003168d2a000a00000e2,2,2,7,322,276,798,635,1.10002,0,0
025040107410003168d2a000a00000e2,2,2,8,322,276,798,635,1.10002,0,0
025040107410003168d2a000a00000e2,2,2,9,322,276,798,635,1.10002,0,0
025040107410003168d2a000a00000e2,2,2,10,322,276,798,635,1.10002,0,0
025040107410003168d2a000a00000e2,2,2,11,322,276,798,635,1.10002,0,0
025040107410003168d2a000a00000e2,2,2,12,322,276,798,635,1.10002,0,0
025040107410003168d2a000a00000e2,2,2,13,322,276,798,635,1.10002,0,0
025040107410003168d2a000a00000e2,2,2,14,322,276,798,635,1.10002,0,0
025040107410003168d2a000a00000e2,2,2,15,322,276,798,635,1.10002,0,0
025040107410003168d2a000a00000e2,2,2,16,322,276,798,635,1.10002,0,0
025040107410003168d2a000a00000e2,2,2,17,322,276,798,635,1.10002,0,0
025040107410003168d2a000a00000e2,2,2,18,322,276,798,635,1.10002,0,0
025040107410003168d2a000a00000e2,2,2,19,322,276,798,635,1.10002,0,0
025040107410003168d2a000a00000e2,2,2,20,322,276,798,635,1.10002,0,0
025040107410003168d2a000a00000e2,2,2,21,322,276,798,635,1.10002,0,0
025040107410003168d2a000a00000e2,2,2,22,322,276,798,635,1.10002,0,0
025040107410003168d2a000a00000e2,2,2,23,322,276,798,635,1.10002,0,0
025040107410003168d2a000a00000e2,2,2,24,322,276,798,635,1.10002,0,0
025040107410003168d2a000a00000e2,2,2,25,322,276,798,635,1.10002,0,0
025040107410003168d2a000a00000e2,2,2,26,322,276,798,635,1.10002,0,0
025040107410003168d2a000a00000e2,2,2,27,322,276,798,635,1.10002,0,0
025040107410003168d2a000a00000e2,2,2,28,322,276,798,635,1.10002,0,0
025040107410003168d2a000a00000e2,2,2,29,322,276,798,635,1.10002,0,0
025040107410003168d2a000a00000e2,2,2,30,322,276,798,635,1.10002,0,0
025040107410003168d2a000a00000e2,2,2,31,322,276,798,635,1.10002,0,0
025040107410003168d2a000a00000e2,2,2,32,322,276,798,635,1.10002,0,0
025040107410003168d2a000a00000e2,2,2,33,322,276,798,635,1.10002,0,0
025040107410003168d2a000a00000e2,2,2,34,322,276,798,635,1.10002,0,0
025040107410003168d2a000a00000e2,2,2,35,322,276,798,635,1.10002,0,0
025040107410003168d2a000a00000e2,2,2,36,322,276,798,635,1.10002,0,0
025040107410003168d2a000a00000e2,2,2,37,322,276,798,635,1.10002,0,0
025040107410003168d2a000a00000e2,2,2,38,322,276,798,635,1.10002,0,0
025040107410003168d2a000a00000e2,2,2,39,322,276,798,635,1.10002,0,0
025040107410003168d2a000a00000e2,2,2,40,322,276,798,635,1.10002,0,0
025040107410003168d2a000a00000e2,2,2,41,322,276,798,635,1.10002,0,0
025040107410003168d2a000a00000e2,2,2,42,322,276,798,635,1.10002,0,0
025040107410003168d2a000a00000e2,2,2,43,322,276,798,635,1.10002,0,0
025040107410003168d2a000a00000e2,2,2,44,322,276,798,635,1.10002,0,0
025040107410003168d2a000a00000e2,2,2,45,322,276,798,635,1.10002,0,0
025040107410003168d2a000a00000e2,2,2,46,322,276,798,635,1.10002,0,0
025040107410003168d2a000a00000e2,2,2,47,322,276,798,635,1.10002,0,0
025040107410003168d2a000a00000e2,2,2,48,322,276,798,635,1.10002,0,0
025040107410003168d2a000a00000e2,2,2,49,322,276,798,635,1.10002,0,0
025040107410003168d2a000a00000e2,2,2,50,322,276,798,635,1.10002,0,0
025040107410003168d2a000a00000e2,2,2,51,322,276,798,635,1.10002,0,0
025040107410003168d2a000a00000e2,2,2,52,322,276,798,635,1.10002,0,0
025040107410003168d2a000a00000e2,2,2,53,322,276,798,635,1.10002,0,0
025040107410003168d2a000a00000e2,2,2,54,322,276,798,635,1.10002,0,0
025040107410003168d2a000a00000e2,2,2,55,322,276,798,635,1.10002,0,0
025040107410003168d2a000a00000e2,2,2,56,322,276,798,635,1.10002,0,0
025040107410003168d2a000a00000e2,2,2,57,322,276,798,635,1.10002,0,0
025040107410003168d2a000a00000e2,2,2,58,322,276,798,635,1.10002,0,0
025040107410003168d2a000a00000e2,2,2,59,322,276,798,635,1.10002,0,0
025040107410003168d2a000a00000e2,2,2,60,322,276,798,635,1.10002,0,0
025040107410003168d2a000a00000e2,2,2,61,322,276,798,635,1.10002,0,0
025040107410003168d2a000a00000e2,2,2,62,322,276,798,635,1.10002,0,0
025040107410003168d2a000a00000e2,2,2,63,322,276,798,635,1.10002,0,0
025040107410003168d2a000a00000e2,2,2,0,322,276,799,635,1.10002,0,0
025040107410003168d2a000a00000e2,2,2,1,322,276,799,635,1.10002,0,0
025040107410003168d2a000a00000e2,2,2,2,322,276,799,635,1.10002,0,0
025040107410003168d2a000a00000e2,2,2,3,322,276,799,635,1.10002,0,0
025040107410003168d2a000a00000e2,2,2,4,322,276,799,635,1.10002,0,0
025040107410003168d2a000a00000e2,2,2,5,322,276,799,635,1.10002,0,0
025040107410003168d2a000a00000e2,2,2,6,322,276,799,635,1.10002,0,0
025040107410003168d2a000a00000e2,2,2,7,322,276,799,635,1.10002,0,0
025040107410003168d2a000a00000e2,2,2,8,322,276,799,635,1.10002,0,0
025040107410003168d2a000a00000e2,2,2,9,322,276,799,635,1.10002,0,0
025040107410003168d2a000a00000e2,2,2,10,322,276,799,635,1.10002,0,0
025040107410003168d2a000a00000e2,2,2,11,322,276,799,635,1.10002,0,0
025040107410003168d2a000a00000e2,2,2,12,322,276,799,635,1.10002,0,0
025040107410003168d2a000a00000e2,2,2,13,322,276,799,635,1.10002,0,0
025040107410003168d2a000a00000e2,2,2,14,322,276,799,635,1.10002,0,0
025040107410003168d2a000a00000e2,2,2,15,322,276,799,635,1.10002,0,0
025040107410003168d2a000a00000e2,2,2,16,322,276,799,635,1.10002,0,0
025040107410003168d2a000a00000e2,2,2,17,322,276,799,635,1.10002,0,0
025040107410003168d2a000a00000e2,2,2,18,322,276,799,635,1.10002,0,0
025040107410003168d2a000a00000e2,2,2,19,322,276,799,635,1.10002,0,0
025040107410003168d2a000a00000e2,2,2,20,322,276,799,635,1.10002,0,0
025040107410003168d2a000a00000e2,2,2,21,322,276,799,635,1.10002,0,0
025040107410003168d2a000a00000e2,2,2,22,322,276,799,635,1.10002,0,0
025040107410003168d2a000a00000e2,2,2,23,322,276,799,635,1.10002,0,0
025040107410003168d2a000a00000e2,2,2,24,322,276,799,635,1.10002,0,0
025040107410003168d2a000a00000e2,2,2,25,322,276,799,635,1.10002,0,0
025040107410003168d2a000a00000e2,2,2,26,322,276,799,635,1.10002,0,0
025040107410003168d2a000a00000e2,2,2,27,322,276,799,635,1.10002,0,0
025040107410003168d2a000a00000e2,2,2,28,322,276,799,635,1.10002,0,0
025040107410003168d2a000a00000e2,2,2,29,322,276,799,635,1.10002,0,0
025040107410003168d2a000a00000e2,2,2,30,322,276,799,635,1.10002,0,0
025040107410003168d2a000a00000e2,2,2,31,322,276,799,635,1.10002,0,0
025040107410003168d2a000a00000e2,2,2,32,322,276,799,635,1.10002,0,0
025040107410003168d2a000a00000e2,2,2,33,322,276,799,635,1.10002,0,0
025040107410003168d2a000a00000e2,2,2,34,322,276,799,635,1.10002,0,0
025040107410003168d2a000a00000e2,2,2,35,322,276,799,635,1.10002,0,0
025040107410003168d2a000a00000e2,2,2,36,322,276,799,635,1.10002,0,0
025040107410003168d2a000a00000e2,2,2,37,322,276,799,635,1.10002,0,0
025040107410003168d2a000a00000e2,2,2,38,322,276,799,635,1.10002,0,0
025040107410003168d2a000a00000e2,2,2,39,322,276,799,635,1.10002,0,0
025040107410003168d2a000a00000e2,2,2,40,322,276,799,635,1.10002,0,0
025040107410003168d2a000a00000e2,2,2,41,322,276,799,635,1.10002,0,0
025040107410003168d2a000a00000e2,2,2,42,322,276,799,635,1.10002,0,0
025040107410003168d2a000a00000e2,2,2,43,322,276,799,635,1.10002,0,0
025040107410003168d2a000a00000e2,2,2,44,322,276,799,635,1.10002,0,0
025040107410003168d2a000a00000e2,2,2,45,322,276,799,635,1.10002,0,0
025040107410003168d2a000a00000e2,2,2,46,322,276,799,635,1.10002,0,0
025040107410003168d2a000a00000e2,2,2,47,322,276,799,635,1.10002,0,0
025040107410003168d2a000a00000e2,2,2,48,322,276,799,635,1.10002,0,0
025040107410003168d2a000a00000e2,2,2,49,322,276,799,635,1.10002,0,0
025040107410003168d2a000a00000e2,2,2,50,322,276,799,635,1.10002,0,0
025040107410003168d2a000a00000e2,2,2,51,322,276,799,635,1.10002,0,0
025040107410003168d2a000a00000e2,2,2,52,322,276,799,635,1.10002,0,0
025040107410003168d2a000a00000e2,2,2,53,322,276,799,635,1.10002,0,0
025040107410003168d2a000a00000e2,2,2,54,322,276,799,635,1.10002,0,0
025040107410003168d2a000a00000e2,2,2,55,322,276,799,635,1.10002,0,0
025040107410003168d2a000a00000e2,2,2,56,322,276,799,635,1.10002,0,0
025040107410003168d2a000a00000e2,2,2,57,322,276,799,635,1.10002,0,0
025040107410003168d2a000a00000e2,2,2,58,322,276,799,635,1.10002,0,0
025040107410003168d2a000a00000e2,2,2,59,322,276,799,635,1.10002,0,0
025040107410003168d2a000a00000e2,2,2,60,322,276,799,635,1.10002,0,0
025040107410003168d2a000a00000e2,2,2,61,322,276,799,635,1.10002,0,0
025040107410003168d2a000a00000e2,2,2,62,322,276,799,635,1.10002,0,0
025040107410003168d2a000a00000e2,2,2,63,322,276,799,635,1.10002,0,0
025040107410003168d2a000a00000e2,2,2,0,322,276,800,636,1.10002,0,0
025040107410003168d2a000a00000e2,2,2,1,322,276,800,636,1.10002,0,0
025040107410003168d2a000a00000e2,2,2,2,322,276,800,636,1.10002,0,0
025040107410003168d2a000a00000e2,2,2,3,322,276,800,636,1.10002,0,0
025040107410003168d2a000a00000e2,2,2,4,322,276,800,636,1.10002,0,0
025040107410003168d2a000a00000e2,2,2,5,322,276,800,636,1.10002,0,0
025040107410003168d2a000a00000e2,2,2,6,322,276,800,636,1.10002,0,0
025040107410003168d2a000a00000e2,2,2,7,322,276,800,636,1.10002,0,0
025040107410003168d2a000a00000e2,2,2,8,322,276,800,636,1.10002,0,0
025040107410003168d2a000a00000e2,2,2,9,322,276,800,636,1.10002,0,0
025040107410003168d2a000a00000e2,2,2,10,322,276,800,636,1.10002,0,0
025040107410003168d2a000a00000e2,2,2,11,322,276,800,636,1.10002,0,0
025040107410003168d2a000a00000e2,2,2,12,322,276,800,636,1.10002,0,0
025040107410003168d2a000a00000e2,2,2,13,322,276,800,636,1.10002,0,0
025040107410003168d2a000a00000e2,2,2,14,322,276,800,636,1.10002,0,0
025040107410003168d2a000a00000e2,2,2,15,322,276,800,636,1.10002,0,0
025040107410003168d2a000a00000e2,2,2,16,322,276,800,636,1.10002,0,0
025040107410003168d2a000a00000e2,2,2,17,322,276,800,636,1.10002,0,0
025040107410003168d2a000a00000e2,2,2,18,322,276,800,636,1.10002,0,0
025040107410003168d2a000a00000e2,2,2,19,322,276,800,636,1.10002,0,0
025040107410003168d2a000a00000e2,2,2,20,322,276,800,636,1.10002,0,0
025040107410003168d2a000a00000e2,2,2,21,322,276,800,636,1.10002,0,0
025040107410003168d2a000a00000e2,2,2,22,322,276,800,636,1.10002,0,0
025040107410003168d2a000a00000e2,2,2,23,322,276,800,636,1.10002,0,0
025040107410003168d2a000a00000e2,2,2,24,322,276,800,636,1.10002,0,0
025040107410003168d2a000a00000e2,2,2,25,322,276,800,636,1.10002,0,0
025040107410003168d2a000a00000e2,2,2,26,322,276,800,636,1.10002,0,0
025040107410003168d2a000a00000e2,2,2,27,322,276,800,636,1.10002,0,0
025040107410003168d2a000a00000e2,2,2,28,322,276,800,636,1.10002,0,0
025040107410003168d2a000a00000e2,2,2,29,322,276,800,636,1.10002,0,0
025040107410003168d2a000a00000e2,2,2,30,322,276,800,636,1.10002,0,0
025040107410003168d2a000a00000e2,2,2,31,322,276,800,636,1.10002,0,0
025040107410003168d2a000a00000e2,2,2,32,322,276,800,636,1.10002,0,0
025040107410003168d2a000a00000e2,2,2,33,322,276,800,636,1.10002,0,0
025040107410003168d2a000a00000e2,2,2,34,322,276,800,636,1.10002,0,0
025040107410003168d2a000a00000e2,2,2,35,322,276,800,636,1.10002,0,0
025040107410003168d2a000a00000e2,2,2,36,322,276,800,636,1.10002,0,0
025040107410003168d2a000a00000e2,2,2,37,322,276,800,636,1.10002,0,0
025040107410003168d2a000a00000e2,2,2,38,322,276,800,636,1.10002,0,0
025040107410003168d2a000a00000e2,2,2,39,322,276,800,636,1.10002,0,0
025040107410003168d2a000a00000e2,2,2,40,322,276,800,636,1.10002,0,0
025040107410003168d2a000a00000e2,2,2,41,322,276,800,636,1.10002,0,0
025040107410003168d2a000a00000e2,2,2,42,322,276,800,636,1.10002,0,0
025040107410003168d2a000a00000e2,2,2,43,322,276,800,636,1.10002,0,0
025040107410003168d2a000a00000e2,2,2,44,322,276,800,636,1.10002,0,0
025040107410003168d2a000a00000e2,2,2,45,322,276,800,636,1.10002,0,0
025040107410003168d2a000a00000e2,2,2,46,322,276,800,636,1.10002,0,0
025040107410003168d2a000a00000e2,2,2,47,322,276,800,636,1.10002,0,0
025040107410003168d2a000a00000e2,2,2,48,322,276,800,636,1.10002,0,0
025040107410003168d2a000a00000e2,2,2,49,322,276,800,636,1.10002,0,0
025040107410003168d2a000a00000e2,2,2,50,322,276,800,636,1.10002,0,0
025040107410003168d2a000a00000e2,2,2,51,322,276,800,636,1.10002,0,0
025040107410003168d2a000a00000e2,2,2,52,322,276,800,636,1.10002,0,0
025040107410003168d2a000a00000e2,2,2,53,322,276,800,636,1.10002,0,0
025040107410003168d2a000a00000e2,2,2,54,322,276,800,636,1.10002,0,0
025040107410003168d2a000a00000e2,2,2,55,322,276,800,636,1.10002,0,0
025040107410003168d2a000a00000e2,2,2,56,322,276,800,636,1.10002,0,0
025040107410003168d2a000a00000e2,2,2,57,322,276,800,636,1.10002,0,0
025040107410003168d2a000a00000e2,2,2,58,322,276,800,636,1.10002,0,0
025040107410003168d2a000a00000e2,2,2,59,322,276,800,636,1.10002,0,0
025040107410003168d2a000a00000e2,2,2,60,322,276,800,636,1.10002,0,0
025040107410003168d2a000a00000e2,2,2,61,322,276,800,636,1.10002,0,0
025040107410003168d2a000a00000e2,2,2,62,322,276,800,636,1.10002,0,0
025040107410003168d2a000a00000e2,2,2,63,322,276,800,636,1.10002,0,0
