hybrid_id, fec,vmm,ch,pulser_dac,pulser_mV,threshold_dac,threshold_mV,time,counts,rate
025040107410003168d2a000a00000e2,2,2,0,322,276,600,477,1.00123,10812,10.7988
025040107410003168d2a000a00000e2,2,2,1,322,276,600,477,1.00123,10812,10.7988
025040107410003168d2a000a00000e2,2,2,2,322,276,600,477,1.00123,10812,10.7988
025040107410003168d2a000a00000e2,2,2,3,322,276,600,477,1.00123,10812,10.7988
025040107410003168d2a000a00000e2,2,2,4,322,276,600,477,1.00123,10812,10.7988
025040107410003168d2a000a00000e2,2,2,5,322,276,600,477,1.00123,10812,10.7988
025040107410003168d2a000a00000e2,2,2,6,322,276,600,477,1.00123,10812,10.7988
025040107410003168d2a000a00000e2,2,2,7,322,276,600,477,1.00123,10812,10.7988
025040107410003168d2a000a00000e2,2,2,8,322,276,600,477,1.00123,10812,10.7988
025040107410003168d2a000a00000e2,2,2,9,322,276,600,477,1.00123,10812,10.7988
025040107410003168d2a000a00000e2,2,2,10,322,276,600,477,1.00123,10812,10.7988
025040107410003168d2a000a00000e2,2,2,11,322,276,600,477,1.00123,10812,10.7988
025040107410003168d2a000a00000e2,2,2,12,322,276,600,477,1.00123,10813,10.7998
025040107410003168d2a000a00000e2,2,2,13,322,276,600,477,1.00123,10813,10.7998
025040107410003168d2a000a00000e2,2,2,14,322,276,600,477,1.00123,10813,10.7998
025040107410003168d2a000a00000e2,2,2,15,322,276,600,477,1.00123,10813,10.7998
025040107410003168d2a000a00000e2,2,2,16,322,276,600,477,1.00123,10813,10.7998
025040107410003168d2a000a00000e2,2,2,17,322,276,600,477,1.00123,10813,10.7998
025040107410003168d2a000a00000e2,2,2,18,322,276,600,477,1.00123,10813,10.7998
025040107410003168d2a000a00000e2,2,2,19,322,276,600,477,1.00123,10813,10.7998
025040107410003168d2a000a00000e2,2,2,20,322,276,600,477,1.00123,10813,10.7998
025040107410003168d2a000a00000e2,2,2,21,322,276,600,477,1.00123,10813,10.7998
025040107410003168d2a000a00000e2,2,2,22,322,276,600,477,1.00123,10813,10.7998
025040107410003168d2a000a00000e2,2,2,23,322,276,600,477,1.00123,10813,10.7998
025040107410003168d2a000a00000e2,2,2,24,322,276,600,477,1.00123,10813,10.7998
025040107410003168d2a000a00000e2,2,2,25,322,276,600,477,1.00123,10813,10.7998
025040107410003168d2a000a00000e2,2,2,26,322,276,600,477,1.00123,10813,10.7998
025040107410003168d2a000a00000e2,2,2,27,322,276,600,477,1.00123,10813,10.7998
025040107410003168d2a000a00000e2,2,2,28,322,276,600,477,1.00123,10813,10.7998
025040107410003168d2a000a00000e2,2,2,29,322,276,600,477,1.00123,10813,10.7998
025040107410003168d2a000a00000e2,2,2,30,322,276,600,477,1.00123,10813,10.7998
025040107410003168d2a000a00000e2,2,2,31,322,276,600,477,1.00123,10813,10.7998
025040107410003168d2a000a00000e2,2,2,32,322,276,600,477,1.00123,10813,10.7998
025040107410003168d2a000a00000e2,2,2,33,322,276,600,477,1.00123,10813,10.7998
025040107410003168d2a000a00000e2,2,2,34,322,276,600,477,1.00123,10813,10.7998
025040107410003168d2a000a00000e2,2,2,35,322,276,600,477,1.00123,10813,10.7998
025040107410003168d2a000a00000e2,2,2,36,322,276,600,477,1.00123,10813,10.7998
025040107410003168d2a000a00000e2,2,2,37,322,276,600,477,1.00123,10813,10.7998
025040107410003168d2a000a00000e2,2,2,38,322,276,600,477,1.00123,10813,10.7998
025040107410003168d2a000a00000e2,2,2,39,322,276,600,477,1.00123,10813,10.7998
025040107410003168d2a000a00000e2,2,2,40,322,276,600,477,1.00123,10813,10.7998
025040107410003168d2a000a00000e2,2,2,41,322,276,600,477,1.00123,10813,10.7998
025040107410003168d2a000a00000e2,2,2,42,322,276,600,477,1.00123,10813,10.7998
025040107410003168d2a000a00000e2,2,2,43,322,276,600,477,1.00123,10813,10.7998
025040107410003168d2a000a00000e2,2,2,44,322,276,600,477,1.00123,10813,10.7998
025040107410003168d2a000a00000e2,2,2,45,322,276,600,477,1.00123,10813,10.7998
025040107410003168d2a000a00000e2,2,2,46,322,276,600,477,1.00123,10813,10.7998
025040107410003168d2a000a00000e2,2,2,47,322,276,600,477,1.00123,10813,10.7998
025040107410003168d2a000a00000e2,2,2,48,322,276,600,477,1.00123,10812,10.7988
025040107410003168d2a000a00000e2,2,2,49,322,276,600,477,1.00123,10812,10.7988
025040107410003168d2a000a00000e2,2,2,50,322,276,600,477,1.00123,10812,10.7988
025040107410003168d2a000a00000e2,2,2,51,322,276,600,477,1.00123,10812,10.7988
025040107410003168d2a000a00000e2,2,2,52,322,276,600,477,1.00123,10812,10.7988
025040107410003168d2a000a00000e2,2,2,53,322,276,600,477,1.00123,10812,10.7988
025040107410003168d2a000a00000e2,2,2,54,322,276,600,477,1.00123,10812,10.7988
025040107410003168d2a000a00000e2,2,2,55,322,276,600,477,1.00123,10812,10.7988
025040107410003168d2a000a00000e2,2,2,56,322,276,600,477,1.00123,10812,10.7988
025040107410003168d2a000a00000e2,2,2,57,322,276,600,477,1.00123,10812,10.7988
025040107410003168d2a000a00000e2,2,2,58,322,276,600,477,1.00123,10812,10.7988
025040107410003168d2a000a00000e2,2,2,59,322,276,600,477,1.00123,10812,10.7988
025040107410003168d2a000a00000e2,2,2,60,322,276,600,477,1.00123,10812,10.7988
025040107410003168d2a000a00000e2,2,2,61,322,276,600,477,1.00123,10812,10.7988
025040107410003168d2a000a00000e2,2,2,62,322,276,600,477,1.00123,10812,10.7988
025040107410003168d2a000a00000e2,2,2,63,322,276,600,477,1.00123,10812,10.7988
025040107410003168d2a000a00000e2,2,2,0,322,276,601,478,1.00123,10812,10.7988
025040107410003168d2a000a00000e2,2,2,1,322,276,601,478,1.00123,10812,10.7988
025040107410003168d2a000a00000e2,2,2,2,322,276,601,478,1.00123,10812,10.7988
025040107410003168d2a000a00000e2,2,2,3,322,276,601,478,1.00123,10812,10.7988
025040107410003168d2a000a00000e2,2,2,4,322,276,601,478,1.00123,10812,10.7988
025040107410003168d2a000a00000e2,2,2,5,322,276,601,478,1.00123,10812,10.7988
025040107410003168d2a000a00000e2,2,2,6,322,276,601,478,1.00123,10812,10.7988
025040107410003168d2a000a00000e2,2,2,7,322,276,601,478,1.00123,10812,10.7988
025040107410003168d2a000a00000e2,2,2,8,322,276,601,478,1.00123,10812,10.7988
025040107410003168d2a000a00000e2,2,2,9,322,276,601,478,1.00123,10812,10.7988
025040107410003168d2a000a00000e2,2,2,10,322,276,601,478,1.00123,10812,10.7988
025040107410003168d2a000a00000e2,2,2,11,322,276,601,478,1.00123,10812,10.7988
025040107410003168d2a000a00000e2,2,2,12,322,276,601,478,1.00123,10812,10.7988
025040107410003168d2a000a00000e2,2,2,13,322,276,601,478,1.00123,10812,10.7988
025040107410003168d2a000a00000e2,2,2,14,322,276,601,478,1.00123,10813,10.7998
025040107410003168d2a000a00000e2,2,2,15,322,276,601,478,1.00123,10813,10.7998
025040107410003168d2a000a00000e2,2,2,16,322,276,601,478,1.00123,10813,10.7998
025040107410003168d2a000a00000e2,2,2,17,322,276,601,478,1.00123,10813,10.7998
025040107410003168d2a000a00000e2,2,2,18,322,276,601,478,1.00123,10813,10.7998
025040107410003168d2a000a00000e2,2,2,19,322,276,601,478,1.00123,10813,10.7998
025040107410003168d2a000a00000e2,2,2,20,322,276,601,478,1.00123,10813,10.7998
025040107410003168d2a000a00000e2,2,2,21,322,276,601,478,1.00123,10813,10.7998
025040107410003168d2a000a00000e2,2,2,22,322,276,601,478,1.00123,10813,10.7998
025040107410003168d2a000a00000e2,2,2,23,322,276,601,478,1.00123,10813,10.7998
025040107410003168d2a000a00000e2,2,2,24,322,276,601,478,1.00123,10813,10.7998
025040107410003168d2a000a00000e2,2,2,25,322,276,601,478,1.00123,10813,10.7998
025040107410003168d2a000a00000e2,2,2,26,322,276,601,478,1.00123,10813,10.7998
025040107410003168d2a000a00000e2,2,2,27,322,276,601,478,1.00123,10813,10.7998
025040107410003168d2a000a00000e2,2,2,28,322,276,601,478,1.00123,10813,10.7998
025040107410003168d2a000a00000e2,2,2,29,322,276,601,478,1.00123,10813,10.7998
025040107410003168d2a000a00000e2,2,2,30,322,276,601,478,1.00123,10813,10.7998
025040107410003168d2a000a00000e2,2,2,31,322,276,601,478,1.00123,10813,10.7998
025040107410003168d2a000a00000e2,2,2,32,322,276,601,478,1.00123,10813,10.7998
025040107410003168d2a000a00000e2,2,2,33,322,276,601,478,1.00123,10813,10.7998
025040107410003168d2a000a00000e2,2,2,34,322,276,601,478,1.00123,10813,10.7998
025040107410003168d2a000a00000e2,2,2,35,322,276,601,478,1.00123,10813,10.7998
025040107410003168d2a000a00000e2,2,2,36,322,276,601,478,1.00123,10813,10.7998
025040107410003168d2a000a00000e2,2,2,37,322,276,601,478,1.00123,10813,10.7998
025040107410003168d2a000a00000e2,2,2,38,322,276,601,478,1.00123,10813,10.7998
025040107410003168d2a000a00000e2,2,2,39,322,276,601,478,1.00123,10814,10.8008
025040107410003168d2a000a00000e2,2,2,40,322,276,601,478,1.00123,10813,10.7998
025040107410003168d2a000a00000e2,2,2,41,322,276,601,478,1.00123,10814,10.8008
025040107410003168d2a000a00000e2,2,2,42,322,276,601,478,1.00123,10813,10.7998
025040107410003168d2a000a00000e2,2,2,43,322,276,601,478,1.00123,10813,10.7998
025040107410003168d2a000a00000e2,2,2,44,322,276,601,478,1.00123,10813,10.7998
025040107410003168d2a000a00000e2,2,2,45,322,276,601,478,1.00123,10813,10.7998
025040107410003168d2a000a00000e2,2,2,46,322,276,601,478,1.00123,10812,10.7988
025040107410003168d2a000a00000e2,2,2,47,322,276,601,478,1.00123,10812,10.7988
025040107410003168d2a000a00000e2,2,2,48,322,276,601,478,1.00123,10812,10.7988
025040107410003168d2a000a00000e2,2,2,49,322,276,601,478,1.00123,10812,10.7988
025040107410003168d2a000a00000e2,2,2,50,322,276,601,478,1.00123,10812,10.7988
025040107410003168d2a000a00000e2,2,2,51,322,276,601,478,1.00123,10812,10.7988
025040107410003168d2a000a00000e2,2,2,52,322,276,601,478,1.00123,10812,10.7988
025040107410003168d2a000a00000e2,2,2,53,322,276,601,478,1.00123,10812,10.7988
025040107410003168d2a000a00000e2,2,2,54,322,276,601,478,1.00123,10812,10.7988
025040107410003168d2a000a00000e2,2,2,55,322,276,601,478,1.00123,10812,10.7988
025040107410003168d2a000a00000e2,2,2,56,322,276,601,478,1.00123,10812,10.7988
025040107410003168d2a000a00000e2,2,2,57,322,276,601,478,1.00123,10812,10.7988
025040107410003168d2a000a00000e2,2,2,58,322,276,601,478,1.00123,10812,10.7988
025040107410003168d2a000a00000e2,2,2,59,322,276,601,478,1.00123,10812,10.7988
025040107410003168d2a000a00000e2,2,2,60,322,276,601,478,1.00123,10812,10.7988
025040107410003168d2a000a00000e2,2,2,61,322,276,601,478,1.00123,10812,10.7988
025040107410003168d2a000a00000e2,2,2,62,322,276,601,478,1.00123,10812,10.7988
025040107410003168d2a000a00000e2,2,2,63,322,276,601,478,1.00123,10812,10.7988
025040107410003168d2a000a00000e2,2,2,0,322,276,602,478,1.00123,10812,10.7988
025040107410003168d2a000a00000e2,2,2,1,322,276,602,478,1.00123,10812,10.7988
025040107410003168d2a000a00000e2,2,2,2,322,276,602,478,1.00123,10812,10.7988
025040107410003168d2a000a00000e2,2,2,3,322,276,602,478,1.00123,10812,10.7988
025040107410003168d2a000a00000e2,2,2,4,322,276,602,478,1.00123,10812,10.7988
025040107410003168d2a000a00000e2,2,2,5,322,276,602,478,1.00123,10812,10.7988
025040107410003168d2a000a00000e2,2,2,6,322,276,602,478,1.00123,10812,10.7988
025040107410003168d2a000a00000e2,2,2,7,322,276,602,478,1.00123,10812,10.7988
025040107410003168d2a000a00000e2,2,2,8,322,276,602,478,1.00123,10812,10.7988
025040107410003168d2a000a00000e2,2,2,9,322,276,602,478,1.00123,10812,10.7988
025040107410003168d2a000a00000e2,2,2,10,322,276,602,478,1.00123,10812,10.7988
025040107410003168d2a000a00000e2,2,2,11,322,276,602,478,1.00123,10812,10.7988
025040107410003168d2a000a00000e2,2,2,12,322,276,602,478,1.00123,10813,10.7998
025040107410003168d2a000a00000e2,2,2,13,322,276,602,478,1.00123,10813,10.7998
025040107410003168d2a000a00000e2,2,2,14,322,276,602,478,1.00123,10813,10.7998
025040107410003168d2a000a00000e2,2,2,15,322,276,602,478,1.00123,10813,10.7998
025040107410003168d2a000a00000e2,2,2,16,322,276,602,478,1.00123,10813,10.7998
025040107410003168d2a000a00000e2,2,2,17,322,276,602,478,1.00123,10813,10.7998
025040107410003168d2a000a00000e2,2,2,18,322,276,602,478,1.00123,10813,10.7998
025040107410003168d2a000a00000e2,2,2,19,322,276,602,478,1.00123,10813,10.7998
025040107410003168d2a000a00000e2,2,2,20,322,276,602,478,1.00123,10813,10.7998
025040107410003168d2a000a00000e2,2,2,21,322,276,602,478,1.00123,10813,10.7998
025040107410003168d2a000a00000e2,2,2,22,322,276,602,478,1.00123,10813,10.7998
025040107410003168d2a000a00000e2,2,2,23,322,276,602,478,1.00123,10813,10.7998
025040107410003168d2a000a00000e2,2,2,24,322,276,602,478,1.00123,10813,10.7998
025040107410003168d2a000a00000e2,2,2,25,322,276,602,478,1.00123,10813,10.7998
025040107410003168d2a000a00000e2,2,2,26,322,276,602,478,1.00123,10813,10.7998
025040107410003168d2a000a00000e2,2,2,27,322,276,602,478,1.00123,10813,10.7998
025040107410003168d2a000a00000e2,2,2,28,322,276,602,478,1.00123,10813,10.7998
025040107410003168d2a000a00000e2,2,2,29,322,276,602,478,1.00123,10813,10.7998
025040107410003168d2a000a00000e2,2,2,30,322,276,602,478,1.00123,10813,10.7998
025040107410003168d2a000a00000e2,2,2,31,322,276,602,478,1.00123,10813,10.7998
025040107410003168d2a000a00000e2,2,2,32,322,276,602,478,1.00123,10813,10.7998
025040107410003168d2a000a00000e2,2,2,33,322,276,602,478,1.00123,10813,10.7998
025040107410003168d2a000a00000e2,2,2,34,322,276,602,478,1.00123,10813,10.7998
025040107410003168d2a000a00000e2,2,2,35,322,276,602,478,1.00123,10813,10.7998
025040107410003168d2a000a00000e2,2,2,36,322,276,602,478,1.00123,10813,10.7998
025040107410003168d2a000a00000e2,2,2,37,322,276,602,478,1.00123,10813,10.7998
025040107410003168d2a000a00000e2,2,2,38,322,276,602,478,1.00123,10813,10.7998
025040107410003168d2a000a00000e2,2,2,39,322,276,602,478,1.00123,10813,10.7998
025040107410003168d2a000a00000e2,2,2,40,322,276,602,478,1.00123,10813,10.7998
025040107410003168d2a000a00000e2,2,2,41,322,276,602,478,1.00123,10813,10.7998
025040107410003168d2a000a00000e2,2,2,42,322,276,602,478,1.00123,10813,10.7998
025040107410003168d2a000a00000e2,2,2,43,322,276,602,478,1.00123,10813,10.7998
025040107410003168d2a000a00000e2,2,2,44,322,276,602,478,1.00123,10813,10.7998
025040107410003168d2a000a00000e2,2,2,45,322,276,602,478,1.00123,10813,10.7998
025040107410003168d2a000a00000e2,2,2,46,322,276,602,478,1.00123,10813,10.7998
025040107410003168d2a000a00000e2,2,2,47,322,276,602,478,1.00123,10813,10.7998
025040107410003168d2a000a00000e2,2,2,48,322,276,602,478,1.00123,10812,10.7988
025040107410003168d2a000a00000e2,2,2,49,322,276,602,478,1.00123,10812,10.7988
025040107410003168d2a000a00000e2,2,2,50,322,276,602,478,1.00123,10812,10.7988
025040107410003168d2a000a00000e2,2,2,51,322,276,602,478,1.00123,10812,10.7988
025040107410003168d2a000a00000e2,2,2,52,322,276,602,478,1.00123,10812,10.7988
025040107410003168d2a000a00000e2,2,2,53,322,276,602,478,1.00123,10812,10.7988
025040107410003168d2a000a00000e2,2,2,54,322,276,602,478,1.00123,10812,10.7988
025040107410003168d2a000a00000e2,2,2,55,322,276,602,478,1.00123,10812,10.7988
025040107410003168d2a000a00000e2,2,2,56,322,276,602,478,1.00123,10812,10.7988
025040107410003168d2a000a00000e2,2,2,57,322,276,602,478,1.00123,10812,10.7988
025040107410003168d2a000a00000e2,2,2,58,322,276,602,478,1.00123,10812,10.7988
025040107410003168d2a000a00000e2,2,2,59,322,276,602,478,1.00123,10812,10.7988
025040107410003168d2a000a00000e2,2,2,60,322,276,602,478,1.00123,10812,10.7988
025040107410003168d2a000a00000e2,2,2,61,322,276,602,478,1.00123,10812,10.7988
025040107410003168d2a000a00000e2,2,2,62,322,276,602,478,1.00123,10812,10.7988
025040107410003168d2a000a00000e2,2,2,63,322,276,602,478,1.00123,10812,10.7988
025040107410003168d2a000a00000e2,2,2,0,322,276,603,479,1.00123,10812,10.7988
025040107410003168d2a000a00000e2,2,2,1,322,276,603,479,1.00123,10812,10.7988
025040107410003168d2a000a00000e2,2,2,2,322,276,603,479,1.00123,10812,10.7988
025040107410003168d2a000a00000e2,2,2,3,322,276,603,479,1.00123,10812,10.7988
025040107410003168d2a000a00000e2,2,2,4,322,276,603,479,1.00123,10812,10.7988
025040107410003168d2a000a00000e2,2,2,5,322,276,603,479,1.00123,10812,10.7988
025040107410003168d2a000a00000e2,2,2,6,322,276,603,479,1.00123,10812,10.7988
025040107410003168d2a000a00000e2,2,2,7,322,276,603,479,1.00123,10812,10.7988
025040107410003168d2a000a00000e2,2,2,8,322,276,603,479,1.00123,10812,10.7988
025040107410003168d2a000a00000e2,2,2,9,322,276,603,479,1.00123,10812,10.7988
025040107410003168d2a000a00000e2,2,2,10,322,276,603,479,1.00123,10812,10.7988
025040107410003168d2a000a00000e2,2,2,11,322,276,603,479,1.00123,10812,10.7988
025040107410003168d2a000a00000e2,2,2,12,322,276,603,479,1.00123,10813,10.7998
025040107410003168d2a000a00000e2,2,2,13,322,276,603,479,1.00123,10813,10.7998
025040107410003168d2a000a00000e2,2,2,14,322,276,603,479,1.00123,10813,10.7998
025040107410003168d2a000a00000e2,2,2,15,322,276,603,479,1.00123,10813,10.7998
025040107410003168d2a000a00000e2,2,2,16,322,276,603,479,1.00123,10813,10.7998
025040107410003168d2a000a00000e2,2,2,17,322,276,603,479,1.00123,10813,10.7998
025040107410003168d2a000a00000e2,2,2,18,322,276,603,479,1.00123,10813,10.7998
025040107410003168d2a000a00000e2,2,2,19,322,276,603,479,1.00123,10813,10.7998
025040107410003168d2a000a00000e2,2,2,20,322,276,603,479,1.00123,10813,10.7998
025040107410003168d2a000a00000e2,2,2,21,322,276,603,479,1.00123,10813,10.7998
025040107410003168d2a000a00000e2,2,2,22,322,276,603,479,1.00123,10813,10.7998
025040107410003168d2a000a00000e2,2,2,23,322,276,603,479,1.00123,10813,10.7998
025040107410003168d2a000a00000e2,2,2,24,322,276,603,479,1.00123,10813,10.7998
025040107410003168d2a000a00000e2,2,2,25,322,276,603,479,1.00123,10813,10.7998
025040107410003168d2a000a00000e2,2,2,26,322,276,603,479,1.00123,10813,10.7998
025040107410003168d2a000a00000e2,2,2,27,322,276,603,479,1.00123,10813,10.7998
025040107410003168d2a000a00000e2,2,2,28,322,276,603,479,1.00123,10813,10.7998
025040107410003168d2a000a00000e2,2,2,29,322,276,603,479,1.00123,10813,10.7998
025040107410003168d2a000a00000e2,2,2,30,322,276,603,479,1.00123,10813,10.7998
025040107410003168d2a000a00000e2,2,2,31,322,276,603,479,1.00123,10813,10.7998
025040107410003168d2a000a00000e2,2,2,32,322,276,603,479,1.00123,10813,10.7998
025040107410003168d2a000a00000e2,2,2,33,322,276,603,479,1.00123,10813,10.7998
025040107410003168d2a000a00000e2,2,2,34,322,276,603,479,1.00123,10813,10.7998
025040107410003168d2a000a00000e2,2,2,35,322,276,603,479,1.00123,10813,10.7998
025040107410003168d2a000a00000e2,2,2,36,322,276,603,479,1.00123,10813,10.7998
025040107410003168d2a000a00000e2,2,2,37,322,276,603,479,1.00123,10813,10.7998
025040107410003168d2a000a00000e2,2,2,38,322,276,603,479,1.00123,10813,10.7998
025040107410003168d2a000a00000e2,2,2,39,322,276,603,479,1.00123,10813,10.7998
025040107410003168d2a000a00000e2,2,2,40,322,276,603,479,1.00123,10813,10.7998
025040107410003168d2a000a00000e2,2,2,41,322,276,603,479,1.00123,10813,10.7998
025040107410003168d2a000a00000e2,2,2,42,322,276,603,479,1.00123,10813,10.7998
025040107410003168d2a000a00000e2,2,2,43,322,276,603,479,1.00123,10813,10.7998
025040107410003168d2a000a00000e2,2,2,44,322,276,603,479,1.00123,10813,10.7998
025040107410003168d2a000a00000e2,2,2,45,322,276,603,479,1.00123,10813,10.7998
025040107410003168d2a000a00000e2,2,2,46,322,276,603,479,1.00123,10813,10.7998
025040107410003168d2a000a00000e2,2,2,47,322,276,603,479,1.00123,10813,10.7998
025040107410003168d2a000a00000e2,2,2,48,322,276,603,479,1.00123,10812,10.7988
025040107410003168d2a000a00000e2,2,2,49,322,276,603,479,1.00123,10812,10.7988
025040107410003168d2a000a00000e2,2,2,50,322,276,603,479,1.00123,10812,10.7988
025040107410003168d2a000a00000e2,2,2,51,322,276,603,479,1.00123,10812,10.7988
025040107410003168d2a000a00000e2,2,2,52,322,276,603,479,1.00123,10812,10.7988
025040107410003168d2a000a00000e2,2,2,53,322,276,603,479,1.00123,10812,10.7988
025040107410003168d2a000a00000e2,2,2,54,322,276,603,479,1.00123,10812,10.7988
025040107410003168d2a000a00000e2,2,2,55,322,276,603,479,1.00123,10812,10.7988
025040107410003168d2a000a00000e2,2,2,56,322,276,603,479,1.00123,10812,10.7988
025040107410003168d2a000a00000e2,2,2,57,322,276,603,479,1.00123,10812,10.7988
025040107410003168d2a000a00000e2,2,2,58,322,276,603,479,1.00123,10812,10.7988
025040107410003168d2a000a00000e2,2,2,59,322,276,603,479,1.00123,10812,10.7988
025040107410003168d2a000a00000e2,2,2,60,322,276,603,479,1.00123,10812,10.7988
025040107410003168d2a000a00000e2,2,2,61,322,276,603,479,1.00123,10812,10.7988
025040107410003168d2a000a00000e2,2,2,62,322,276,603,479,1.00123,10812,10.7988
025040107410003168d2a000a00000e2,2,2,63,322,276,603,479,1.00123,10812,10.7988
025040107410003168d2a000a00000e2,2,2,0,322,276,604,480,1.00123,10812,10.7988
025040107410003168d2a000a00000e2,2,2,1,322,276,604,480,1.00123,10812,10.7988
025040107410003168d2a000a00000e2,2,2,2,322,276,604,480,1.00123,10812,10.7988
025040107410003168d2a000a00000e2,2,2,3,322,276,604,480,1.00123,10812,10.7988
025040107410003168d2a000a00000e2,2,2,4,322,276,604,480,1.00123,10812,10.7988
025040107410003168d2a000a00000e2,2,2,5,322,276,604,480,1.00123,10812,10.7988
025040107410003168d2a000a00000e2,2,2,6,322,276,604,480,1.00123,10812,10.7988
025040107410003168d2a000a00000e2,2,2,7,322,276,604,480,1.00123,10812,10.7988
025040107410003168d2a000a00000e2,2,2,8,322,276,604,480,1.00123,10812,10.7988
025040107410003168d2a000a00000e2,2,2,9,322,276,604,480,1.00123,10812,10.7988
025040107410003168d2a000a00000e2,2,2,10,322,276,604,480,1.00123,10812,10.7988
025040107410003168d2a000a00000e2,2,2,11,322,276,604,480,1.00123,10812,10.7988
025040107410003168d2a000a00000e2,2,2,12,322,276,604,480,1.00123,10812,10.7988
025040107410003168d2a000a00000e2,2,2,13,322,276,604,480,1.00123,10813,10.7998
025040107410003168d2a000a00000e2,2,2,14,322,276,604,480,1.00123,10813,10.7998
025040107410003168d2a000a00000e2,2,2,15,322,276,604,480,1.00123,10813,10.7998
025040107410003168d2a000a00000e2,2,2,16,322,276,604,480,1.00123,10813,10.7998
025040107410003168d2a000a00000e2,2,2,17,322,276,604,480,1.00123,10813,10.7998
025040107410003168d2a000a00000e2,2,2,18,322,276,604,480,1.00123,10813,10.7998
025040107410003168d2a000a00000e2,2,2,19,322,276,604,480,1.00123,10813,10.7998
025040107410003168d2a000a00000e2,2,2,20,322,276,604,480,1.00123,10813,10.7998
025040107410003168d2a000a00000e2,2,2,21,322,276,604,480,1.00123,10813,10.7998
025040107410003168d2a000a00000e2,2,2,22,322,276,604,480,1.00123,10813,10.7998
025040107410003168d2a000a00000e2,2,2,23,322,276,604,480,1.00123,10813,10.7998
025040107410003168d2a000a00000e2,2,2,24,322,276,604,480,1.00123,10813,10.7998
025040107410003168d2a000a00000e2,2,2,25,322,276,604,480,1.00123,10813,10.7998
025040107410003168d2a000a00000e2,2,2,26,322,276,604,480,1.00123,10813,10.7998
025040107410003168d2a000a00000e2,2,2,27,322,276,604,480,1.00123,10813,10.7998
025040107410003168d2a000a00000e2,2,2,28,322,276,604,480,1.00123,10813,10.7998
025040107410003168d2a000a00000e2,2,2,29,322,276,604,480,1.00123,10813,10.7998
025040107410003168d2a000a00000e2,2,2,30,322,276,604,480,1.00123,10813,10.7998
025040107410003168d2a000a00000e2,2,2,31,322,276,604,480,1.00123,10813,10.7998
025040107410003168d2a000a00000e2,2,2,32,322,276,604,480,1.00123,10813,10.7998
025040107410003168d2a000a00000e2,2,2,33,322,276,604,480,1.00123,10813,10.7998
025040107410003168d2a000a00000e2,2,2,34,322,276,604,480,1.00123,10813,10.7998
025040107410003168d2a000a00000e2,2,2,35,322,276,604,480,1.00123,10813,10.7998
025040107410003168d2a000a00000e2,2,2,36,322,276,604,480,1.00123,10813,10.7998
025040107410003168d2a000a00000e2,2,2,37,322,276,604,480,1.00123,10813,10.7998
025040107410003168d2a000a00000e2,2,2,38,322,276,604,480,1.00123,10813,10.7998
025040107410003168d2a000a00000e2,2,2,39,322,276,604,480,1.00123,10813,10.7998
025040107410003168d2a000a00000e2,2,2,40,322,276,604,480,1.00123,10813,10.7998
025040107410003168d2a000a00000e2,2,2,41,322,276,604,480,1.00123,10813,10.7998
025040107410003168d2a000a00000e2,2,2,42,322,276,604,480,1.00123,10813,10.7998
025040107410003168d2a000a00000e2,2,2,43,322,276,604,480,1.00123,10813,10.7998
025040107410003168d2a000a00000e2,2,2,44,322,276,604,480,1.00123,10813,10.7998
025040107410003168d2a000a00000e2,2,2,45,322,276,604,480,1.00123,10813,10.7998
025040107410003168d2a000a00000e2,2,2,46,322,276,604,480,1.00123,10813,10.7998
025040107410003168d2a000a00000e2,2,2,47,322,276,604,480,1.00123,10813,10.7998
025040107410003168d2a000a00000e2,2,2,48,322,276,604,480,1.00123,10813,10.7998
025040107410003168d2a000a00000e2,2,2,49,322,276,604,480,1.00123,10812,10.7988
025040107410003168d2a000a00000e2,2,2,50,322,276,604,480,1.00123,10812,10.7988
025040107410003168d2a000a00000e2,2,2,51,322,276,604,480,1.00123,10812,10.7988
025040107410003168d2a000a00000e2,2,2,52,322,276,604,480,1.00123,10812,10.7988
025040107410003168d2a000a00000e2,2,2,53,322,276,604,480,1.00123,10812,10.7988
025040107410003168d2a000a00000e2,2,2,54,322,276,604,480,1.00123,10812,10.7988
025040107410003168d2a000a00000e2,2,2,55,322,276,604,480,1.00123,10812,10.7988
025040107410003168d2a000a00000e2,2,2,56,322,276,604,480,1.00123,10812,10.7988
025040107410003168d2a000a00000e2,2,2,57,322,276,604,480,1.00123,10812,10.7988
025040107410003168d2a000a00000e2,2,2,58,322,276,604,480,1.00123,10812,10.7988
025040107410003168d2a000a00000e2,2,2,59,322,276,604,480,1.00123,10812,10.7988
025040107410003168d2a000a00000e2,2,2,60,322,276,604,480,1.00123,10812,10.7988
025040107410003168d2a000a00000e2,2,2,61,322,276,604,480,1.00123,10812,10.7988
025040107410003168d2a000a00000e2,2,2,62,322,276,604,480,1.00123,10811,10.7978
025040107410003168d2a000a00000e2,2,2,63,322,276,604,480,1.00123,10812,10.7988
025040107410003168d2a000a00000e2,2,2,0,322,276,605,481,1.00123,10812,10.7988
025040107410003168d2a000a00000e2,2,2,1,322,276,605,481,1.00123,10812,10.7988
025040107410003168d2a000a00000e2,2,2,2,322,276,605,481,1.00123,10812,10.7988
025040107410003168d2a000a00000e2,2,2,3,322,276,605,481,1.00123,10812,10.7988
025040107410003168d2a000a00000e2,2,2,4,322,276,605,481,1.00123,10812,10.7988
025040107410003168d2a000a00000e2,2,2,5,322,276,605,481,1.00123,10812,10.7988
025040107410003168d2a000a00000e2,2,2,6,322,276,605,481,1.00123,10812,10.7988
025040107410003168d2a000a00000e2,2,2,7,322,276,605,481,1.00123,10812,10.7988
025040107410003168d2a000a00000e2,2,2,8,322,276,605,481,1.00123,10812,10.7988
025040107410003168d2a000a00000e2,2,2,9,322,276,605,481,1.00123,10812,10.7988
025040107410003168d2a000a00000e2,2,2,10,322,276,605,481,1.00123,10812,10.7988
025040107410003168d2a000a00000e2,2,2,11,322,276,605,481,1.00123,10812,10.7988
025040107410003168d2a000a00000e2,2,2,12,322,276,605,481,1.00123,10812,10.7988
025040107410003168d2a000a00000e2,2,2,13,322,276,605,481,1.00123,10812,10.7988
025040107410003168d2a000a00000e2,2,2,14,322,276,605,481,1.00123,10813,10.7998
025040107410003168d2a000a00000e2,2,2,15,322,276,605,481,1.00123,10813,10.7998
025040107410003168d2a000a00000e2,2,2,16,322,276,605,481,1.00123,10813,10.7998
025040107410003168d2a000a00000e2,2,2,17,322,276,605,481,1.00123,10813,10.7998
025040107410003168d2a000a00000e2,2,2,18,322,276,605,481,1.00123,10813,10.7998
025040107410003168d2a000a00000e2,2,2,19,322,276,605,481,1.00123,10813,10.7998
025040107410003168d2a000a00000e2,2,2,20,322,276,605,481,1.00123,10813,10.7998
025040107410003168d2a000a00000e2,2,2,21,322,276,605,481,1.00123,10813,10.7998
025040107410003168d2a000a00000e2,2,2,22,322,276,605,481,1.00123,10813,10.7998
025040107410003168d2a000a00000e2,2,2,23,322,276,605,481,1.00123,10813,10.7998
025040107410003168d2a000a00000e2,2,2,24,322,276,605,481,1.00123,10813,10.7998
025040107410003168d2a000a00000e2,2,2,25,322,276,605,481,1.00123,10813,10.7998
025040107410003168d2a000a00000e2,2,2,26,322,276,605,481,1.00123,10813,10.7998
025040107410003168d2a000a00000e2,2,2,27,322,276,605,481,1.00123,10813,10.7998
025040107410003168d2a000a00000e2,2,2,28,322,276,605,481,1.00123,10813,10.7998
025040107410003168d2a000a00000e2,2,2,29,322,276,605,481,1.00123,10813,10.7998
025040107410003168d2a000a00000e2,2,2,30,322,276,605,481,1.00123,10813,10.7998
025040107410003168d2a000a00000e2,2,2,31,322,276,605,481,1.00123,10813,10.7998
025040107410003168d2a000a00000e2,2,2,32,322,276,605,481,1.00123,10813,10.7998
025040107410003168d2a000a00000e2,2,2,33,322,276,605,481,1.00123,10813,10.7998
025040107410003168d2a000a00000e2,2,2,34,322,276,605,481,1.00123,10813,10.7998
025040107410003168d2a000a00000e2,2,2,35,322,276,605,481,1.00123,10813,10.7998
025040107410003168d2a000a00000e2,2,2,36,322,276,605,481,1.00123,10813,10.7998
025040107410003168d2a000a00000e2,2,2,37,322,276,605,481,1.00123,10813,10.7998
025040107410003168d2a000a00000e2,2,2,38,322,276,605,481,1.00123,10813,10.7998
025040107410003168d2a000a00000e2,2,2,39,322,276,605,481,1.00123,10813,10.7998
025040107410003168d2a000a00000e2,2,2,40,322,276,605,481,1.00123,10813,10.7998
025040107410003168d2a000a00000e2,2,2,41,322,276,605,481,1.00123,10813,10.7998
025040107410003168d2a000a00000e2,2,2,42,322,276,605,481,1.00123,10813,10.7998
025040107410003168d2a000a00000e2,2,2,43,322,276,605,481,1.00123,10813,10.7998
025040107410003168d2a000a00000e2,2,2,44,322,276,605,481,1.00123,10813,10.7998
025040107410003168d2a000a00000e2,2,2,45,322,276,605,481,1.00123,10813,10.7998
025040107410003168d2a000a00000e2,2,2,46,322,276,605,481,1.00123,10813,10.7998
025040107410003168d2a000a00000e2,2,2,47,322,276,605,481,1.00123,10813,10.7998
025040107410003168d2a000a00000e2,2,2,48,322,276,605,481,1.00123,10813,10.7998
025040107410003168d2a000a00000e2,2,2,49,322,276,605,481,1.00123,10813,10.7998
025040107410003168d2a000a00000e2,2,2,50,322,276,605,481,1.00123,10812,10.7988
025040107410003168d2a000a00000e2,2,2,51,322,276,605,481,1.00123,10812,10.7988
025040107410003168d2a000a00000e2,2,2,52,322,276,605,481,1.00123,10812,10.7988
025040107410003168d2a000a00000e2,2,2,53,322,276,605,481,1.00123,10812,10.7988
025040107410003168d2a000a00000e2,2,2,54,322,276,605,481,1.00123,10812,10.7988
025040107410003168d2a000a00000e2,2,2,55,322,276,605,481,1.00123,10812,10.7988
025040107410003168d2a000a00000e2,2,2,56,322,276,605,481,1.00123,10812,10.7988
025040107410003168d2a000a00000e2,2,2,57,322,276,605,481,1.00123,10812,10.7988
025040107410003168d2a000a00000e2,2,2,58,322,276,605,481,1.00123,10812,10.7988
025040107410003168d2a000a00000e2,2,2,59,322,276,605,481,1.00123,10812,10.7988
025040107410003168d2a000a00000e2,2,2,60,322,276,605,481,1.00123,10812,10.7988
025040107410003168d2a000a00000e2,2,2,61,322,276,605,481,1.00123,10812,10.7988
025040107410003168d2a000a00000e2,2,2,62,322,276,605,481,1.00123,10810,10.7968
025040107410003168d2a000a00000e2,2,2,63,322,276,605,481,1.00123,10812,10.7988
025040107410003168d2a000a00000e2,2,2,0,322,276,606,482,1.00123,10812,10.7988
025040107410003168d2a000a00000e2,2,2,1,322,276,606,482,1.00123,10812,10.7988
025040107410003168d2a000a00000e2,2,2,2,322,276,606,482,1.00123,10812,10.7988
025040107410003168d2a000a00000e2,2,2,3,322,276,606,482,1.00123,10812,10.7988
025040107410003168d2a000a00000e2,2,2,4,322,276,606,482,1.00123,10812,10.7988
025040107410003168d2a000a00000e2,2,2,5,322,276,606,482,1.00123,10812,10.7988
025040107410003168d2a000a00000e2,2,2,6,322,276,606,482,1.00123,10812,10.7988
025040107410003168d2a000a00000e2,2,2,7,322,276,606,482,1.00123,10812,10.7988
025040107410003168d2a000a00000e2,2,2,8,322,276,606,482,1.00123,10812,10.7988
025040107410003168d2a000a00000e2,2,2,9,322,276,606,482,1.00123,10812,10.7988
025040107410003168d2a000a00000e2,2,2,10,322,276,606,482,1.00123,10812,10.7988
025040107410003168d2a000a00000e2,2,2,11,322,276,606,482,1.00123,10812,10.7988
025040107410003168d2a000a00000e2,2,2,12,322,276,606,482,1.00123,10812,10.7988
025040107410003168d2a000a00000e2,2,2,13,322,276,606,482,1.00123,10813,10.7998
025040107410003168d2a000a00000e2,2,2,14,322,276,606,482,1.00123,10813,10.7998
025040107410003168d2a000a00000e2,2,2,15,322,276,606,482,1.00123,10813,10.7998
025040107410003168d2a000a00000e2,2,2,16,322,276,606,482,1.00123,10813,10.7998
025040107410003168d2a000a00000e2,2,2,17,322,276,606,482,1.00123,10813,10.7998
025040107410003168d2a000a00000e2,2,2,18,322,276,606,482,1.00123,10813,10.7998
025040107410003168d2a000a00000e2,2,2,19,322,276,606,482,1.00123,10813,10.7998
025040107410003168d2a000a00000e2,2,2,20,322,276,606,482,1.00123,10813,10.7998
025040107410003168d2a000a00000e2,2,2,21,322,276,606,482,1.00123,10813,10.7998
025040107410003168d2a000a00000e2,2,2,22,322,276,606,482,1.00123,10813,10.7998
025040107410003168d2a000a00000e2,2,2,23,322,276,606,482,1.00123,10813,10.7998
025040107410003168d2a000a00000e2,2,2,24,322,276,606,482,1.00123,10813,10.7998
025040107410003168d2a000a00000e2,2,2,25,322,276,606,482,1.00123,10813,10.7998
025040107410003168d2a000a00000e2,2,2,26,322,276,606,482,1.00123,10813,10.7998
025040107410003168d2a000a00000e2,2,2,27,322,276,606,482,1.00123,10813,10.7998
025040107410003168d2a000a00000e2,2,2,28,322,276,606,482,1.00123,10813,10.7998
025040107410003168d2a000a00000e2,2,2,29,322,276,606,482,1.00123,10813,10.7998
025040107410003168d2a000a00000e2,2,2,30,322,276,606,482,1.00123,10813,10.7998
025040107410003168d2a000a00000e2,2,2,31,322,276,606,482,1.00123,10813,10.7998
025040107410003168d2a000a00000e2,2,2,32,322,276,606,482,1.00123,10813,10.7998
025040107410003168d2a000a00000e2,2,2,33,322,276,606,482,1.00123,10813,10.7998
025040107410003168d2a000a00000e2,2,2,34,322,276,606,482,1.00123,10813,10.7998
025040107410003168d2a000a00000e2,2,2,35,322,276,606,482,1.00123,10813,10.7998
025040107410003168d2a000a00000e2,2,2,36,322,276,606,482,1.00123,10813,10.7998
025040107410003168d2a000a00000e2,2,2,37,322,276,606,482,1.00123,10813,10.7998
025040107410003168d2a000a00000e2,2,2,38,322,276,606,482,1.00123,10813,10.7998
025040107410003168d2a000a00000e2,2,2,39,322,276,606,482,1.00123,10813,10.7998
025040107410003168d2a000a00000e2,2,2,40,322,276,606,482,1.00123,10813,10.7998
025040107410003168d2a000a00000e2,2,2,41,322,276,606,482,1.00123,10813,10.7998
025040107410003168d2a000a00000e2,2,2,42,322,276,606,482,1.00123,10813,10.7998
025040107410003168d2a000a00000e2,2,2,43,322,276,606,482,1.00123,10813,10.7998
025040107410003168d2a000a00000e2,2,2,44,322,276,606,482,1.00123,10813,10.7998
025040107410003168d2a000a00000e2,2,2,45,322,276,606,482,1.00123,10813,10.7998
025040107410003168d2a000a00000e2,2,2,46,322,276,606,482,1.00123,10813,10.7998
025040107410003168d2a000a00000e2,2,2,47,322,276,606,482,1.00123,10813,10.7998
025040107410003168d2a000a00000e2,2,2,48,322,276,606,482,1.00123,10813,10.7998
025040107410003168d2a000a00000e2,2,2,49,322,276,606,482,1.00123,10813,10.7998
025040107410003168d2a000a00000e2,2,2,50,322,276,606,482,1.00123,10812,10.7988
025040107410003168d2a000a00000e2,2,2,51,322,276,606,482,1.00123,10812,10.7988
025040107410003168d2a000a00000e2,2,2,52,322,276,606,482,1.00123,10812,10.7988
025040107410003168d2a000a00000e2,2,2,53,322,276,606,482,1.00123,10812,10.7988
025040107410003168d2a000a00000e2,2,2,54,322,276,606,482,1.00123,10812,10.7988
025040107410003168d2a000a00000e2,2,2,55,322,276,606,482,1.00123,10812,10.7988
025040107410003168d2a000a00000e2,2,2,56,322,276,606,482,1.00123,10812,10.7988
025040107410003168d2a000a00000e2,2,2,57,322,276,606,482,1.00123,10812,10.7988
025040107410003168d2a000a00000e2,2,2,58,322,276,606,482,1.00123,10812,10.7988
025040107410003168d2a000a00000e2,2,2,59,322,276,606,482,1.00123,10812,10.7988
025040107410003168d2a000a00000e2,2,2,60,322,276,606,482,1.00123,10812,10.7988
025040107410003168d2a000a00000e2,2,2,61,322,276,606,482,1.00123,10812,10.7988
025040107410003168d2a000a00000e2,2,2,62,322,276,606,482,1.00123,10810,10.7968
025040107410003168d2a000a00000e2,2,2,63,322,276,606,482,1.00123,10812,10.7988
025040107410003168d2a000a00000e2,2,2,0,322,276,607,482,1.00123,10812,10.7988
025040107410003168d2a000a00000e2,2,2,1,322,276,607,482,1.00123,10812,10.7988
025040107410003168d2a000a00000e2,2,2,2,322,276,607,482,1.00123,10812,10.7988
025040107410003168d2a000a00000e2,2,2,3,322,276,607,482,1.00123,10812,10.7988
025040107410003168d2a000a00000e2,2,2,4,322,276,607,482,1.00123,10812,10.7988
025040107410003168d2a000a00000e2,2,2,5,322,276,607,482,1.00123,10812,10.7988
025040107410003168d2a000a00000e2,2,2,6,322,276,607,482,1.00123,10812,10.7988
025040107410003168d2a000a00000e2,2,2,7,322,276,607,482,1.00123,10812,10.7988
025040107410003168d2a000a00000e2,2,2,8,322,276,607,482,1.00123,10812,10.7988
025040107410003168d2a000a00000e2,2,2,9,322,276,607,482,1.00123,10812,10.7988
025040107410003168d2a000a00000e2,2,2,10,322,276,607,482,1.00123,10812,10.7988
025040107410003168d2a000a00000e2,2,2,11,322,276,607,482,1.00123,10812,10.7988
025040107410003168d2a000a00000e2,2,2,12,322,276,607,482,1.00123,10812,10.7988
025040107410003168d2a000a00000e2,2,2,13,322,276,607,482,1.00123,10812,10.7988
025040107410003168d2a000a00000e2,2,2,14,322,276,607,482,1.00123,10813,10.7998
025040107410003168d2a000a00000e2,2,2,15,322,276,607,482,1.00123,10813,10.7998
025040107410003168d2a000a00000e2,2,2,16,322,276,607,482,1.00123,10813,10.7998
025040107410003168d2a000a00000e2,2,2,17,322,276,607,482,1.00123,10813,10.7998
025040107410003168d2a000a00000e2,2,2,18,322,276,607,482,1.00123,10813,10.7998
025040107410003168d2a000a00000e2,2,2,19,322,276,607,482,1.00123,10813,10.7998
025040107410003168d2a000a00000e2,2,2,20,322,276,607,482,1.00123,10813,10.7998
025040107410003168d2a000a00000e2,2,2,21,322,276,607,482,1.00123,10813,10.7998
025040107410003168d2a000a00000e2,2,2,22,322,276,607,482,1.00123,10813,10.7998
025040107410003168d2a000a00000e2,2,2,23,322,276,607,482,1.00123,10813,10.7998
025040107410003168d2a000a00000e2,2,2,24,322,276,607,482,1.00123,10813,10.7998
025040107410003168d2a000a00000e2,2,2,25,322,276,607,482,1.00123,10813,10.7998
025040107410003168d2a000a00000e2,2,2,26,322,276,607,482,1.00123,10813,10.7998
025040107410003168d2a000a00000e2,2,2,27,322,276,607,482,1.00123,10813,10.7998
025040107410003168d2a000a00000e2,2,2,28,322,276,607,482,1.00123,10813,10.7998
025040107410003168d2a000a00000e2,2,2,29,322,276,607,482,1.00123,10813,10.7998
025040107410003168d2a000a00000e2,2,2,30,322,276,607,482,1.00123,10813,10.7998
025040107410003168d2a000a00000e2,2,2,31,322,276,607,482,1.00123,10813,10.7998
025040107410003168d2a000a00000e2,2,2,32,322,276,607,482,1.00123,10813,10.7998
025040107410003168d2a000a00000e2,2,2,33,322,276,607,482,1.00123,10813,10.7998
025040107410003168d2a000a00000e2,2,2,34,322,276,607,482,1.00123,10813,10.7998
025040107410003168d2a000a00000e2,2,2,35,322,276,607,482,1.00123,10813,10.7998
025040107410003168d2a000a00000e2,2,2,36,322,276,607,482,1.00123,10813,10.7998
025040107410003168d2a000a00000e2,2,2,37,322,276,607,482,1.00123,10813,10.7998
025040107410003168d2a000a00000e2,2,2,38,322,276,607,482,1.00123,10813,10.7998
025040107410003168d2a000a00000e2,2,2,39,322,276,607,482,1.00123,10813,10.7998
025040107410003168d2a000a00000e2,2,2,40,322,276,607,482,1.00123,10813,10.7998
025040107410003168d2a000a00000e2,2,2,41,322,276,607,482,1.00123,10813,10.7998
025040107410003168d2a000a00000e2,2,2,42,322,276,607,482,1.00123,10813,10.7998
025040107410003168d2a000a00000e2,2,2,43,322,276,607,482,1.00123,10813,10.7998
025040107410003168d2a000a00000e2,2,2,44,322,276,607,482,1.00123,10813,10.7998
025040107410003168d2a000a00000e2,2,2,45,322,276,607,482,1.00123,10813,10.7998
025040107410003168d2a000a00000e2,2,2,46,322,276,607,482,1.00123,10813,10.7998
025040107410003168d2a000a00000e2,2,2,47,322,276,607,482,1.00123,10813,10.7998
025040107410003168d2a000a00000e2,2,2,48,322,276,607,482,1.00123,10813,10.7998
025040107410003168d2a000a00000e2,2,2,49,322,276,607,482,1.00123,10813,10.7998
025040107410003168d2a000a00000e2,2,2,50,322,276,607,482,1.00123,10812,10.7988
025040107410003168d2a000a00000e2,2,2,51,322,276,607,482,1.00123,10812,10.7988
025040107410003168d2a000a00000e2,2,2,52,322,276,607,482,1.00123,10812,10.7988
025040107410003168d2a000a00000e2,2,2,53,322,276,607,482,1.00123,10812,10.7988
025040107410003168d2a000a00000e2,2,2,54,322,276,607,482,1.00123,10812,10.7988
025040107410003168d2a000a00000e2,2,2,55,322,276,607,482,1.00123,10812,10.7988
025040107410003168d2a000a00000e2,2,2,56,322,276,607,482,1.00123,10812,10.7988
025040107410003168d2a000a00000e2,2,2,57,322,276,607,482,1.00123,10812,10.7988
025040107410003168d2a000a00000e2,2,2,58,322,276,607,482,1.00123,10812,10.7988
025040107410003168d2a000a00000e2,2,2,59,322,276,607,482,1.00123,10812,10.7988
025040107410003168d2a000a00000e2,2,2,60,322,276,607,482,1.00123,10812,10.7988
025040107410003168d2a000a00000e2,2,2,61,322,276,607,482,1.00123,10812,10.7988
025040107410003168d2a000a00000e2,2,2,62,322,276,607,482,1.00123,10810,10.7968
025040107410003168d2a000a00000e2,2,2,63,322,276,607,482,1.00123,10812,10.7988
025040107410003168d2a000a00000e2,2,2,0,322,276,608,483,1.00123,10813,10.7998
025040107410003168d2a000a00000e2,2,2,1,322,276,608,483,1.00123,10813,10.7998
025040107410003168d2a000a00000e2,2,2,2,322,276,608,483,1.00123,10813,10.7998
025040107410003168d2a000a00000e2,2,2,3,322,276,608,483,1.00123,10813,10.7998
025040107410003168d2a000a00000e2,2,2,4,322,276,608,483,1.00123,10813,10.7998
025040107410003168d2a000a00000e2,2,2,5,322,276,608,483,1.00123,10813,10.7998
025040107410003168d2a000a00000e2,2,2,6,322,276,608,483,1.00123,10813,10.7998
025040107410003168d2a000a00000e2,2,2,7,322,276,608,483,1.00123,10813,10.7998
025040107410003168d2a000a00000e2,2,2,8,322,276,608,483,1.00123,10813,10.7998
025040107410003168d2a000a00000e2,2,2,9,322,276,608,483,1.00123,10813,10.7998
025040107410003168d2a000a00000e2,2,2,10,322,276,608,483,1.00123,10813,10.7998
025040107410003168d2a000a00000e2,2,2,11,322,276,608,483,1.00123,10813,10.7998
025040107410003168d2a000a00000e2,2,2,12,322,276,608,483,1.00123,10813,10.7998
025040107410003168d2a000a00000e2,2,2,13,322,276,608,483,1.00123,10814,10.8008
025040107410003168d2a000a00000e2,2,2,14,322,276,608,483,1.00123,10814,10.8008
025040107410003168d2a000a00000e2,2,2,15,322,276,608,483,1.00123,10814,10.8008
025040107410003168d2a000a00000e2,2,2,16,322,276,608,483,1.00123,10814,10.8008
025040107410003168d2a000a00000e2,2,2,17,322,276,608,483,1.00123,10814,10.8008
025040107410003168d2a000a00000e2,2,2,18,322,276,608,483,1.00123,10814,10.8008
025040107410003168d2a000a00000e2,2,2,19,322,276,608,483,1.00123,10814,10.8008
025040107410003168d2a000a00000e2,2,2,20,322,276,608,483,1.00123,10814,10.8008
025040107410003168d2a000a00000e2,2,2,21,322,276,608,483,1.00123,10814,10.8008
025040107410003168d2a000a00000e2,2,2,22,322,276,608,483,1.00123,10814,10.8008
025040107410003168d2a000a00000e2,2,2,23,322,276,608,483,1.00123,10814,10.8008
025040107410003168d2a000a00000e2,2,2,24,322,276,608,483,1.00123,10814,10.8008
025040107410003168d2a000a00000e2,2,2,25,322,276,608,483,1.00123,10814,10.8008
025040107410003168d2a000a00000e2,2,2,26,322,276,608,483,1.00123,10814,10.8008
025040107410003168d2a000a00000e2,2,2,27,322,276,608,483,1.00123,10814,10.8008
025040107410003168d2a000a00000e2,2,2,28,322,276,608,483,1.00123,10814,10.8008
025040107410003168d2a000a00000e2,2,2,29,322,276,608,483,1.00123,10814,10.8008
025040107410003168d2a000a00000e2,2,2,30,322,276,608,483,1.00123,10814,10.8008
025040107410003168d2a000a00000e2,2,2,31,322,276,608,483,1.00123,10814,10.8008
025040107410003168d2a000a00000e2,2,2,32,322,276,608,483,1.00123,10814,10.8008
025040107410003168d2a000a00000e2,2,2,33,322,276,608,483,1.00123,10814,10.8008
025040107410003168d2a000a00000e2,2,2,34,322,276,608,483,1.00123,10814,10.8008
025040107410003168d2a000a00000e2,2,2,35,322,276,608,483,1.00123,10814,10.8008
025040107410003168d2a000a00000e2,2,2,36,322,276,608,483,1.00123,10814,10.8008
025040107410003168d2a000a00000e2,2,2,37,322,276,608,483,1.00123,10814,10.8008
025040107410003168d2a000a00000e2,2,2,38,322,276,608,483,1.00123,10813,10.7998
025040107410003168d2a000a00000e2,2,2,39,322,276,608,483,1.00123,10813,10.7998
025040107410003168d2a000a00000e2,2,2,40,322,276,608,483,1.00123,10814,10.8008
025040107410003168d2a000a00000e2,2,2,41,322,276,608,483,1.00123,10813,10.7998
025040107410003168d2a000a00000e2,2,2,42,322,276,608,483,1.00123,10814,10.8008
025040107410003168d2a000a00000e2,2,2,43,322,276,608,483,1.00123,10813,10.7998
025040107410003168d2a000a00000e2,2,2,44,322,276,608,483,1.00123,10814,10.8008
025040107410003168d2a000a00000e2,2,2,45,322,276,608,483,1.00123,10813,10.7998
025040107410003168d2a000a00000e2,2,2,46,322,276,608,483,1.00123,10814,10.8008
025040107410003168d2a000a00000e2,2,2,47,322,276,608,483,1.00123,10813,10.7998
025040107410003168d2a000a00000e2,2,2,48,322,276,608,483,1.00123,10813,10.7998
025040107410003168d2a000a00000e2,2,2,49,322,276,608,483,1.00123,10813,10.7998
025040107410003168d2a000a00000e2,2,2,50,322,276,608,483,1.00123,10813,10.7998
025040107410003168d2a000a00000e2,2,2,51,322,276,608,483,1.00123,10813,10.7998
025040107410003168d2a000a00000e2,2,2,52,322,276,608,483,1.00123,10812,10.7988
025040107410003168d2a000a00000e2,2,2,53,322,276,608,483,1.00123,10813,10.7998
025040107410003168d2a000a00000e2,2,2,54,322,276,608,483,1.00123,10808,10.7948
025040107410003168d2a000a00000e2,2,2,55,322,276,608,483,1.00123,10813,10.7998
025040107410003168d2a000a00000e2,2,2,56,322,276,608,483,1.00123,10800,10.7868
025040107410003168d2a000a00000e2,2,2,57,322,276,608,483,1.00123,10813,10.7998
025040107410003168d2a000a00000e2,2,2,58,322,276,608,483,1.00123,10800,10.7868
025040107410003168d2a000a00000e2,2,2,59,322,276,608,483,1.00123,10814,10.8008
025040107410003168d2a000a00000e2,2,2,60,322,276,608,483,1.00123,10798,10.7848
025040107410003168d2a000a00000e2,2,2,61,322,276,608,483,1.00123,10813,10.7998
025040107410003168d2a000a00000e2,2,2,62,322,276,608,483,1.00123,10800,10.7868
025040107410003168d2a000a00000e2,2,2,63,322,276,608,483,1.00123,10814,10.8008
025040107410003168d2a000a00000e2,2,2,0,322,276,609,484,1.00123,10788,10.7748
025040107410003168d2a000a00000e2,2,2,1,322,276,609,484,1.00123,10788,10.7748
025040107410003168d2a000a00000e2,2,2,2,322,276,609,484,1.00123,10788,10.7748
025040107410003168d2a000a00000e2,2,2,3,322,276,609,484,1.00123,10788,10.7748
025040107410003168d2a000a00000e2,2,2,4,322,276,609,484,1.00123,10788,10.7748
025040107410003168d2a000a00000e2,2,2,5,322,276,609,484,1.00123,10788,10.7748
025040107410003168d2a000a00000e2,2,2,6,322,276,609,484,1.00123,10788,10.7748
025040107410003168d2a000a00000e2,2,2,7,322,276,609,484,1.00123,10788,10.7748
025040107410003168d2a000a00000e2,2,2,8,322,276,609,484,1.00123,10788,10.7748
025040107410003168d2a000a00000e2,2,2,9,322,276,609,484,1.00123,10788,10.7748
025040107410003168d2a000a00000e2,2,2,10,322,276,609,484,1.00123,10788,10.7748
025040107410003168d2a000a00000e2,2,2,11,322,276,609,484,1.00123,10788,10.7748
025040107410003168d2a000a00000e2,2,2,12,322,276,609,484,1.00123,10789,10.7758
025040107410003168d2a000a00000e2,2,2,13,322,276,609,484,1.00123,10789,10.7758
025040107410003168d2a000a00000e2,2,2,14,322,276,609,484,1.00123,10790,10.7768
025040107410003168d2a000a00000e2,2,2,15,322,276,609,484,1.00123,10790,10.7768
025040107410003168d2a000a00000e2,2,2,16,322,276,609,484,1.00123,10790,10.7768
025040107410003168d2a000a00000e2,2,2,17,322,276,609,484,1.00123,10790,10.7768
025040107410003168d2a000a00000e2,2,2,18,322,276,609,484,1.00123,10790,10.7768
025040107410003168d2a000a00000e2,2,2,19,322,276,609,484,1.00123,10790,10.7768
025040107410003168d2a000a00000e2,2,2,20,322,276,609,484,1.00123,10790,10.7768
025040107410003168d2a000a00000e2,2,2,21,322,276,609,484,1.00123,10790,10.7768
025040107410003168d2a000a00000e2,2,2,22,322,276,609,484,1.00123,10790,10.7768
025040107410003168d2a000a00000e2,2,2,23,322,276,609,484,1.00123,10790,10.7768
025040107410003168d2a000a00000e2,2,2,24,322,276,609,484,1.00123,10790,10.7768
025040107410003168d2a000a00000e2,2,2,25,322,276,609,484,1.00123,10790,10.7768
025040107410003168d2a000a00000e2,2,2,26,322,276,609,484,1.00123,10790,10.7768
025040107410003168d2a000a00000e2,2,2,27,322,276,609,484,1.00123,10790,10.7768
025040107410003168d2a000a00000e2,2,2,28,322,276,609,484,1.00123,10790,10.7768
025040107410003168d2a000a00000e2,2,2,29,322,276,609,484,1.00123,10790,10.7768
025040107410003168d2a000a00000e2,2,2,30,322,276,609,484,1.00123,10790,10.7768
025040107410003168d2a000a00000e2,2,2,31,322,276,609,484,1.00123,10790,10.7768
025040107410003168d2a000a00000e2,2,2,32,322,276,609,484,1.00123,10790,10.7768
025040107410003168d2a000a00000e2,2,2,33,322,276,609,484,1.00123,10790,10.7768
025040107410003168d2a000a00000e2,2,2,34,322,276,609,484,1.00123,10790,10.7768
025040107410003168d2a000a00000e2,2,2,35,322,276,609,484,1.00123,10790,10.7768
025040107410003168d2a000a00000e2,2,2,36,322,276,609,484,1.00123,10790,10.7768
025040107410003168d2a000a00000e2,2,2,37,322,276,609,484,1.00123,10790,10.7768
025040107410003168d2a000a00000e2,2,2,38,322,276,609,484,1.00123,10790,10.7768
025040107410003168d2a000a00000e2,2,2,39,322,276,609,484,1.00123,10790,10.7768
025040107410003168d2a000a00000e2,2,2,40,322,276,609,484,1.00123,10790,10.7768
025040107410003168d2a000a00000e2,2,2,41,322,276,609,484,1.00123,10790,10.7768
025040107410003168d2a000a00000e2,2,2,42,322,276,609,484,1.00123,10790,10.7768
025040107410003168d2a000a00000e2,2,2,43,322,276,609,484,1.00123,10790,10.7768
025040107410003168d2a000a00000e2,2,2,44,322,276,609,484,1.00123,10790,10.7768
025040107410003168d2a000a00000e2,2,2,45,322,276,609,484,1.00123,10790,10.7768
025040107410003168d2a000a00000e2,2,2,46,322,276,609,484,1.00123,10790,10.7768
025040107410003168d2a000a00000e2,2,2,47,322,276,609,484,1.00123,10790,10.7768
025040107410003168d2a000a00000e2,2,2,48,322,276,609,484,1.00123,10790,10.7768
025040107410003168d2a000a00000e2,2,2,49,322,276,609,484,1.00123,10790,10.7768
025040107410003168d2a000a00000e2,2,2,50,322,276,609,484,1.00123,10790,10.7768
025040107410003168d2a000a00000e2,2,2,51,322,276,609,484,1.00123,10790,10.7768
025040107410003168d2a000a00000e2,2,2,52,322,276,609,484,1.00123,10789,10.7758
025040107410003168d2a000a00000e2,2,2,53,322,276,609,484,1.00123,10789,10.7758
025040107410003168d2a000a00000e2,2,2,54,322,276,609,484,1.00123,10789,10.7758
025040107410003168d2a000a00000e2,2,2,55,322,276,609,484,1.00123,10789,10.7758
025040107410003168d2a000a00000e2,2,2,56,322,276,609,484,1.00123,10789,10.7758
025040107410003168d2a000a00000e2,2,2,57,322,276,609,484,1.00123,10789,10.7758
025040107410003168d2a000a00000e2,2,2,58,322,276,609,484,1.00123,10789,10.7758
025040107410003168d2a000a00000e2,2,2,59,322,276,609,484,1.00123,10789,10.7758
025040107410003168d2a000a00000e2,2,2,60,322,276,609,484,1.00123,10789,10.7758
025040107410003168d2a000a00000e2,2,2,61,322,276,609,484,1.00123,10789,10.7758
025040107410003168d2a000a00000e2,2,2,62,322,276,609,484,1.00123,10785,10.7718
025040107410003168d2a000a00000e2,2,2,63,322,276,609,484,1.00123,10789,10.7758
025040107410003168d2a000a00000e2,2,2,0,322,276,610,485,1.00123,10813,10.7998
025040107410003168d2a000a00000e2,2,2,1,322,276,610,485,1.00123,10812,10.7988
025040107410003168d2a000a00000e2,2,2,2,322,276,610,485,1.00123,10813,10.7998
025040107410003168d2a000a00000e2,2,2,3,322,276,610,485,1.00123,10813,10.7998
025040107410003168d2a000a00000e2,2,2,4,322,276,610,485,1.00123,10812,10.7988
025040107410003168d2a000a00000e2,2,2,5,322,276,610,485,1.00123,10812,10.7988
025040107410003168d2a000a00000e2,2,2,6,322,276,610,485,1.00123,10812,10.7988
025040107410003168d2a000a00000e2,2,2,7,322,276,610,485,1.00123,10812,10.7988
025040107410003168d2a000a00000e2,2,2,8,322,276,610,485,1.00123,10813,10.7998
025040107410003168d2a000a00000e2,2,2,9,322,276,610,485,1.00123,10813,10.7998
025040107410003168d2a000a00000e2,2,2,10,322,276,610,485,1.00123,10813,10.7998
025040107410003168d2a000a00000e2,2,2,11,322,276,610,485,1.00123,10813,10.7998
025040107410003168d2a000a00000e2,2,2,12,322,276,610,485,1.00123,10812,10.7988
025040107410003168d2a000a00000e2,2,2,13,322,276,610,485,1.00123,10813,10.7998
025040107410003168d2a000a00000e2,2,2,14,322,276,610,485,1.00123,10813,10.7998
025040107410003168d2a000a00000e2,2,2,15,322,276,610,485,1.00123,10814,10.8008
025040107410003168d2a000a00000e2,2,2,16,322,276,610,485,1.00123,10813,10.7998
025040107410003168d2a000a00000e2,2,2,17,322,276,610,485,1.00123,10813,10.7998
025040107410003168d2a000a00000e2,2,2,18,322,276,610,485,1.00123,10813,10.7998
025040107410003168d2a000a00000e2,2,2,19,322,276,610,485,1.00123,10813,10.7998
025040107410003168d2a000a00000e2,2,2,20,322,276,610,485,1.00123,10814,10.8008
025040107410003168d2a000a00000e2,2,2,21,322,276,610,485,1.00123,10814,10.8008
025040107410003168d2a000a00000e2,2,2,22,322,276,610,485,1.00123,10814,10.8008
025040107410003168d2a000a00000e2,2,2,23,322,276,610,485,1.00123,10814,10.8008
025040107410003168d2a000a00000e2,2,2,24,322,276,610,485,1.00123,10813,10.7998
025040107410003168d2a000a00000e2,2,2,25,322,276,610,485,1.00123,10814,10.8008
025040107410003168d2a000a00000e2,2,2,26,322,276,610,485,1.00123,10813,10.7998
025040107410003168d2a000a00000e2,2,2,27,322,276,610,485,1.00123,10813,10.7998
025040107410003168d2a000a00000e2,2,2,28,322,276,610,485,1.00123,10813,10.7998
025040107410003168d2a000a00000e2,2,2,29,322,276,610,485,1.00123,10813,10.7998
025040107410003168d2a000a00000e2,2,2,30,322,276,610,485,1.00123,10812,10.7988
025040107410003168d2a000a00000e2,2,2,31,322,276,610,485,1.00123,10813,10.7998
025040107410003168d2a000a00000e2,2,2,32,322,276,610,485,1.00123,10812,10.7988
025040107410003168d2a000a00000e2,2,2,33,322,276,610,485,1.00123,10813,10.7998
025040107410003168d2a000a00000e2,2,2,34,322,276,610,485,1.00123,10812,10.7988
025040107410003168d2a000a00000e2,2,2,35,322,276,610,485,1.00123,10813,10.7998
025040107410003168d2a000a00000e2,2,2,36,322,276,610,485,1.00123,10812,10.7988
025040107410003168d2a000a00000e2,2,2,37,322,276,610,485,1.00123,10813,10.7998
025040107410003168d2a000a00000e2,2,2,38,322,276,610,485,1.00123,10813,10.7998
025040107410003168d2a000a00000e2,2,2,39,322,276,610,485,1.00123,10813,10.7998
025040107410003168d2a000a00000e2,2,2,40,322,276,610,485,1.00123,10812,10.7988
025040107410003168d2a000a00000e2,2,2,41,322,276,610,485,1.00123,10813,10.7998
025040107410003168d2a000a00000e2,2,2,42,322,276,610,485,1.00123,10812,10.7988
025040107410003168d2a000a00000e2,2,2,43,322,276,610,485,1.00123,10813,10.7998
025040107410003168d2a000a00000e2,2,2,44,322,276,610,485,1.00123,10811,10.7978
025040107410003168d2a000a00000e2,2,2,45,322,276,610,485,1.00123,10812,10.7988
025040107410003168d2a000a00000e2,2,2,46,322,276,610,485,1.00123,10812,10.7988
025040107410003168d2a000a00000e2,2,2,47,322,276,610,485,1.00123,10812,10.7988
025040107410003168d2a000a00000e2,2,2,48,322,276,610,485,1.00123,10812,10.7988
025040107410003168d2a000a00000e2,2,2,49,322,276,610,485,1.00123,10812,10.7988
025040107410003168d2a000a00000e2,2,2,50,322,276,610,485,1.00123,10812,10.7988
025040107410003168d2a000a00000e2,2,2,51,322,276,610,485,1.00123,10812,10.7988
025040107410003168d2a000a00000e2,2,2,52,322,276,610,485,1.00123,10812,10.7988
025040107410003168d2a000a00000e2,2,2,53,322,276,610,485,1.00123,10813,10.7998
025040107410003168d2a000a00000e2,2,2,54,322,276,610,485,1.00123,10812,10.7988
025040107410003168d2a000a00000e2,2,2,55,322,276,610,485,1.00123,10812,10.7988
025040107410003168d2a000a00000e2,2,2,56,322,276,610,485,1.00123,10812,10.7988
025040107410003168d2a000a00000e2,2,2,57,322,276,610,485,1.00123,10813,10.7998
025040107410003168d2a000a00000e2,2,2,58,322,276,610,485,1.00123,10812,10.7988
025040107410003168d2a000a00000e2,2,2,59,322,276,610,485,1.00123,10812,10.7988
025040107410003168d2a000a00000e2,2,2,60,322,276,610,485,1.00123,10812,10.7988
025040107410003168d2a000a00000e2,2,2,61,322,276,610,485,1.00123,10813,10.7998
025040107410003168d2a000a00000e2,2,2,62,322,276,610,485,1.00123,10806,10.7928
025040107410003168d2a000a00000e2,2,2,63,322,276,610,485,1.00123,10812,10.7988
025040107410003168d2a000a00000e2,2,2,0,322,276,611,486,1.00123,10788,10.7748
025040107410003168d2a000a00000e2,2,2,1,322,276,611,486,1.00123,10788,10.7748
025040107410003168d2a000a00000e2,2,2,2,322,276,611,486,1.00123,10788,10.7748
025040107410003168d2a000a00000e2,2,2,3,322,276,611,486,1.00123,10788,10.7748
025040107410003168d2a000a00000e2,2,2,4,322,276,611,486,1.00123,10788,10.7748
025040107410003168d2a000a00000e2,2,2,5,322,276,611,486,1.00123,10788,10.7748
025040107410003168d2a000a00000e2,2,2,6,322,276,611,486,1.00123,10788,10.7748
025040107410003168d2a000a00000e2,2,2,7,322,276,611,486,1.00123,10788,10.7748
025040107410003168d2a000a00000e2,2,2,8,322,276,611,486,1.00123,10788,10.7748
025040107410003168d2a000a00000e2,2,2,9,322,276,611,486,1.00123,10788,10.7748
025040107410003168d2a000a00000e2,2,2,10,322,276,611,486,1.00123,10788,10.7748
025040107410003168d2a000a00000e2,2,2,11,322,276,611,486,1.00123,10788,10.7748
025040107410003168d2a000a00000e2,2,2,12,322,276,611,486,1.00123,10788,10.7748
025040107410003168d2a000a00000e2,2,2,13,322,276,611,486,1.00123,10789,10.7758
025040107410003168d2a000a00000e2,2,2,14,322,276,611,486,1.00123,10789,10.7758
025040107410003168d2a000a00000e2,2,2,15,322,276,611,486,1.00123,10790,10.7768
025040107410003168d2a000a00000e2,2,2,16,322,276,611,486,1.00123,10790,10.7768
025040107410003168d2a000a00000e2,2,2,17,322,276,611,486,1.00123,10790,10.7768
025040107410003168d2a000a00000e2,2,2,18,322,276,611,486,1.00123,10790,10.7768
025040107410003168d2a000a00000e2,2,2,19,322,276,611,486,1.00123,10790,10.7768
025040107410003168d2a000a00000e2,2,2,20,322,276,611,486,1.00123,10790,10.7768
025040107410003168d2a000a00000e2,2,2,21,322,276,611,486,1.00123,10790,10.7768
025040107410003168d2a000a00000e2,2,2,22,322,276,611,486,1.00123,10790,10.7768
025040107410003168d2a000a00000e2,2,2,23,322,276,611,486,1.00123,10790,10.7768
025040107410003168d2a000a00000e2,2,2,24,322,276,611,486,1.00123,10790,10.7768
025040107410003168d2a000a00000e2,2,2,25,322,276,611,486,1.00123,10790,10.7768
025040107410003168d2a000a00000e2,2,2,26,322,276,611,486,1.00123,10790,10.7768
025040107410003168d2a000a00000e2,2,2,27,322,276,611,486,1.00123,10790,10.7768
025040107410003168d2a000a00000e2,2,2,28,322,276,611,486,1.00123,10790,10.7768
025040107410003168d2a000a00000e2,2,2,29,322,276,611,486,1.00123,10790,10.7768
025040107410003168d2a000a00000e2,2,2,30,322,276,611,486,1.00123,10790,10.7768
025040107410003168d2a000a00000e2,2,2,31,322,276,611,486,1.00123,10790,10.7768
025040107410003168d2a000a00000e2,2,2,32,322,276,611,486,1.00123,10790,10.7768
025040107410003168d2a000a00000e2,2,2,33,322,276,611,486,1.00123,10790,10.7768
025040107410003168d2a000a00000e2,2,2,34,322,276,611,486,1.00123,10790,10.7768
025040107410003168d2a000a00000e2,2,2,35,322,276,611,486,1.00123,10790,10.7768
025040107410003168d2a000a00000e2,2,2,36,322,276,611,486,1.00123,10790,10.7768
025040107410003168d2a000a00000e2,2,2,37,322,276,611,486,1.00123,10790,10.7768
025040107410003168d2a000a00000e2,2,2,38,322,276,611,486,1.00123,10790,10.7768
025040107410003168d2a000a00000e2,2,2,39,322,276,611,486,1.00123,10790,10.7768
025040107410003168d2a000a00000e2,2,2,40,322,276,611,486,1.00123,10790,10.7768
025040107410003168d2a000a00000e2,2,2,41,322,276,611,486,1.00123,10790,10.7768
025040107410003168d2a000a00000e2,2,2,42,322,276,611,486,1.00123,10790,10.7768
025040107410003168d2a000a00000e2,2,2,43,322,276,611,486,1.00123,10790,10.7768
025040107410003168d2a000a00000e2,2,2,44,322,276,611,486,1.00123,10790,10.7768
025040107410003168d2a000a00000e2,2,2,45,322,276,611,486,1.00123,10790,10.7768
025040107410003168d2a000a00000e2,2,2,46,322,276,611,486,1.00123,10790,10.7768
025040107410003168d2a000a00000e2,2,2,47,322,276,611,486,1.00123,10790,10.7768
025040107410003168d2a000a00000e2,2,2,48,322,276,611,486,1.00123,10790,10.7768
025040107410003168d2a000a00000e2,2,2,49,322,276,611,486,1.00123,10790,10.7768
025040107410003168d2a000a00000e2,2,2,50,322,276,611,486,1.00123,10790,10.7768
025040107410003168d2a000a00000e2,2,2,51,322,276,611,486,1.00123,10790,10.7768
025040107410003168d2a000a00000e2,2,2,52,322,276,611,486,1.00123,10790,10.7768
025040107410003168d2a000a00000e2,2,2,53,322,276,611,486,1.00123,10789,10.7758
025040107410003168d2a000a00000e2,2,2,54,322,276,611,486,1.00123,10789,10.7758
025040107410003168d2a000a00000e2,2,2,55,322,276,611,486,1.00123,10789,10.7758
025040107410003168d2a000a00000e2,2,2,56,322,276,611,486,1.00123,10789,10.7758
025040107410003168d2a000a00000e2,2,2,57,322,276,611,486,1.00123,10789,10.7758
025040107410003168d2a000a00000e2,2,2,58,322,276,611,486,1.00123,10789,10.7758
025040107410003168d2a000a00000e2,2,2,59,322,276,611,486,1.00123,10789,10.7758
025040107410003168d2a000a00000e2,2,2,60,322,276,611,486,1.00123,10789,10.7758
025040107410003168d2a000a00000e2,2,2,61,322,276,611,486,1.00123,10789,10.7758
025040107410003168d2a000a00000e2,2,2,62,322,276,611,486,1.00123,10784,10.7708
025040107410003168d2a000a00000e2,2,2,63,322,276,611,486,1.00123,10789,10.7758
025040107410003168d2a000a00000e2,2,2,0,322,276,612,486,1.00123,10788,10.7748
025040107410003168d2a000a00000e2,2,2,1,322,276,612,486,1.00123,10788,10.7748
025040107410003168d2a000a00000e2,2,2,2,322,276,612,486,1.00123,10788,10.7748
025040107410003168d2a000a00000e2,2,2,3,322,276,612,486,1.00123,10788,10.7748
025040107410003168d2a000a00000e2,2,2,4,322,276,612,486,1.00123,10788,10.7748
025040107410003168d2a000a00000e2,2,2,5,322,276,612,486,1.00123,10788,10.7748
025040107410003168d2a000a00000e2,2,2,6,322,276,612,486,1.00123,10788,10.7748
025040107410003168d2a000a00000e2,2,2,7,322,276,612,486,1.00123,10788,10.7748
025040107410003168d2a000a00000e2,2,2,8,322,276,612,486,1.00123,10788,10.7748
025040107410003168d2a000a00000e2,2,2,9,322,276,612,486,1.00123,10788,10.7748
025040107410003168d2a000a00000e2,2,2,10,322,276,612,486,1.00123,10788,10.7748
025040107410003168d2a000a00000e2,2,2,11,322,276,612,486,1.00123,10788,10.7748
025040107410003168d2a000a00000e2,2,2,12,322,276,612,486,1.00123,10789,10.7758
025040107410003168d2a000a00000e2,2,2,13,322,276,612,486,1.00123,10789,10.7758
025040107410003168d2a000a00000e2,2,2,14,322,276,612,486,1.00123,10790,10.7768
025040107410003168d2a000a00000e2,2,2,15,322,276,612,486,1.00123,10790,10.7768
025040107410003168d2a000a00000e2,2,2,16,322,276,612,486,1.00123,10790,10.7768
025040107410003168d2a000a00000e2,2,2,17,322,276,612,486,1.00123,10790,10.7768
025040107410003168d2a000a00000e2,2,2,18,322,276,612,486,1.00123,10790,10.7768
025040107410003168d2a000a00000e2,2,2,19,322,276,612,486,1.00123,10790,10.7768
025040107410003168d2a000a00000e2,2,2,20,322,276,612,486,1.00123,10790,10.7768
025040107410003168d2a000a00000e2,2,2,21,322,276,612,486,1.00123,10790,10.7768
025040107410003168d2a000a00000e2,2,2,22,322,276,612,486,1.00123,10790,10.7768
025040107410003168d2a000a00000e2,2,2,23,322,276,612,486,1.00123,10790,10.7768
025040107410003168d2a000a00000e2,2,2,24,322,276,612,486,1.00123,10790,10.7768
025040107410003168d2a000a00000e2,2,2,25,322,276,612,486,1.00123,10790,10.7768
025040107410003168d2a000a00000e2,2,2,26,322,276,612,486,1.00123,10790,10.7768
025040107410003168d2a000a00000e2,2,2,27,322,276,612,486,1.00123,10790,10.7768
025040107410003168d2a000a00000e2,2,2,28,322,276,612,486,1.00123,10790,10.7768
025040107410003168d2a000a00000e2,2,2,29,322,276,612,486,1.00123,10790,10.7768
025040107410003168d2a000a00000e2,2,2,30,322,276,612,486,1.00123,10790,10.7768
025040107410003168d2a000a00000e2,2,2,31,322,276,612,486,1.00123,10790,10.7768
025040107410003168d2a000a00000e2,2,2,32,322,276,612,486,1.00123,10790,10.7768
025040107410003168d2a000a00000e2,2,2,33,322,276,612,486,1.00123,10790,10.7768
025040107410003168d2a000a00000e2,2,2,34,322,276,612,486,1.00123,10790,10.7768
025040107410003168d2a000a00000e2,2,2,35,322,276,612,486,1.00123,10790,10.7768
025040107410003168d2a000a00000e2,2,2,36,322,276,612,486,1.00123,10790,10.7768
025040107410003168d2a000a00000e2,2,2,37,322,276,612,486,1.00123,10790,10.7768
025040107410003168d2a000a00000e2,2,2,38,322,276,612,486,1.00123,10790,10.7768
025040107410003168d2a000a00000e2,2,2,39,322,276,612,486,1.00123,10790,10.7768
025040107410003168d2a000a00000e2,2,2,40,322,276,612,486,1.00123,10790,10.7768
025040107410003168d2a000a00000e2,2,2,41,322,276,612,486,1.00123,10790,10.7768
025040107410003168d2a000a00000e2,2,2,42,322,276,612,486,1.00123,10790,10.7768
025040107410003168d2a000a00000e2,2,2,43,322,276,612,486,1.00123,10790,10.7768
025040107410003168d2a000a00000e2,2,2,44,322,276,612,486,1.00123,10790,10.7768
025040107410003168d2a000a00000e2,2,2,45,322,276,612,486,1.00123,10790,10.7768
025040107410003168d2a000a00000e2,2,2,46,322,276,612,486,1.00123,10790,10.7768
025040107410003168d2a000a00000e2,2,2,47,322,276,612,486,1.00123,10790,10.7768
025040107410003168d2a000a00000e2,2,2,48,322,276,612,486,1.00123,10790,10.7768
025040107410003168d2a000a00000e2,2,2,49,322,276,612,486,1.00123,10790,10.7768
025040107410003168d2a000a00000e2,2,2,50,322,276,612,486,1.00123,10790,10.7768
025040107410003168d2a000a00000e2,2,2,51,322,276,612,486,1.00123,10790,10.7768
025040107410003168d2a000a00000e2,2,2,52,322,276,612,486,1.00123,10789,10.7758
025040107410003168d2a000a00000e2,2,2,53,322,276,612,486,1.00123,10789,10.7758
025040107410003168d2a000a00000e2,2,2,54,322,276,612,486,1.00123,10789,10.7758
025040107410003168d2a000a00000e2,2,2,55,322,276,612,486,1.00123,10789,10.7758
025040107410003168d2a000a00000e2,2,2,56,322,276,612,486,1.00123,10789,10.7758
025040107410003168d2a000a00000e2,2,2,57,322,276,612,486,1.00123,10789,10.7758
025040107410003168d2a000a00000e2,2,2,58,322,276,612,486,1.00123,10789,10.7758
025040107410003168d2a000a00000e2,2,2,59,322,276,612,486,1.00123,10789,10.7758
025040107410003168d2a000a00000e2,2,2,60,322,276,612,486,1.00123,10789,10.7758
025040107410003168d2a000a00000e2,2,2,61,322,276,612,486,1.00123,10789,10.7758
025040107410003168d2a000a00000e2,2,2,62,322,276,612,486,1.00123,10785,10.7718
025040107410003168d2a000a00000e2,2,2,63,322,276,612,486,1.00123,10789,10.7758
025040107410003168d2a000a00000e2,2,2,0,322,276,613,487,1.00123,10788,10.7748
025040107410003168d2a000a00000e2,2,2,1,322,276,613,487,1.00123,10788,10.7748
025040107410003168d2a000a00000e2,2,2,2,322,276,613,487,1.00123,10788,10.7748
025040107410003168d2a000a00000e2,2,2,3,322,276,613,487,1.00123,10788,10.7748
025040107410003168d2a000a00000e2,2,2,4,322,276,613,487,1.00123,10788,10.7748
025040107410003168d2a000a00000e2,2,2,5,322,276,613,487,1.00123,10788,10.7748
025040107410003168d2a000a00000e2,2,2,6,322,276,613,487,1.00123,10788,10.7748
025040107410003168d2a000a00000e2,2,2,7,322,276,613,487,1.00123,10788,10.7748
025040107410003168d2a000a00000e2,2,2,8,322,276,613,487,1.00123,10788,10.7748
025040107410003168d2a000a00000e2,2,2,9,322,276,613,487,1.00123,10788,10.7748
025040107410003168d2a000a00000e2,2,2,10,322,276,613,487,1.00123,10788,10.7748
025040107410003168d2a000a00000e2,2,2,11,322,276,613,487,1.00123,10788,10.7748
025040107410003168d2a000a00000e2,2,2,12,322,276,613,487,1.00123,10788,10.7748
025040107410003168d2a000a00000e2,2,2,13,322,276,613,487,1.00123,10789,10.7758
025040107410003168d2a000a00000e2,2,2,14,322,276,613,487,1.00123,10789,10.7758
025040107410003168d2a000a00000e2,2,2,15,322,276,613,487,1.00123,10790,10.7768
025040107410003168d2a000a00000e2,2,2,16,322,276,613,487,1.00123,10790,10.7768
025040107410003168d2a000a00000e2,2,2,17,322,276,613,487,1.00123,10790,10.7768
025040107410003168d2a000a00000e2,2,2,18,322,276,613,487,1.00123,10790,10.7768
025040107410003168d2a000a00000e2,2,2,19,322,276,613,487,1.00123,10790,10.7768
025040107410003168d2a000a00000e2,2,2,20,322,276,613,487,1.00123,10790,10.7768
025040107410003168d2a000a00000e2,2,2,21,322,276,613,487,1.00123,10790,10.7768
025040107410003168d2a000a00000e2,2,2,22,322,276,613,487,1.00123,10790,10.7768
025040107410003168d2a000a00000e2,2,2,23,322,276,613,487,1.00123,10790,10.7768
025040107410003168d2a000a00000e2,2,2,24,322,276,613,487,1.00123,10790,10.7768
025040107410003168d2a000a00000e2,2,2,25,322,276,613,487,1.00123,10790,10.7768
025040107410003168d2a000a00000e2,2,2,26,322,276,613,487,1.00123,10790,10.7768
025040107410003168d2a000a00000e2,2,2,27,322,276,613,487,1.00123,10790,10.7768
025040107410003168d2a000a00000e2,2,2,28,322,276,613,487,1.00123,10790,10.7768
025040107410003168d2a000a00000e2,2,2,29,322,276,613,487,1.00123,10790,10.7768
025040107410003168d2a000a00000e2,2,2,30,322,276,613,487,1.00123,10790,10.7768
025040107410003168d2a000a00000e2,2,2,31,322,276,613,487,1.00123,10790,10.7768
025040107410003168d2a000a00000e2,2,2,32,322,276,613,487,1.00123,10790,10.7768
025040107410003168d2a000a00000e2,2,2,33,322,276,613,487,1.00123,10790,10.7768
025040107410003168d2a000a00000e2,2,2,34,322,276,613,487,1.00123,10790,10.7768
025040107410003168d2a000a00000e2,2,2,35,322,276,613,487,1.00123,10790,10.7768
025040107410003168d2a000a00000e2,2,2,36,322,276,613,487,1.00123,10790,10.7768
025040107410003168d2a000a00000e2,2,2,37,322,276,613,487,1.00123,10790,10.7768
025040107410003168d2a000a00000e2,2,2,38,322,276,613,487,1.00123,10790,10.7768
025040107410003168d2a000a00000e2,2,2,39,322,276,613,487,1.00123,10790,10.7768
025040107410003168d2a000a00000e2,2,2,40,322,276,613,487,1.00123,10790,10.7768
025040107410003168d2a000a00000e2,2,2,41,322,276,613,487,1.00123,10790,10.7768
025040107410003168d2a000a00000e2,2,2,42,322,276,613,487,1.00123,10790,10.7768
025040107410003168d2a000a00000e2,2,2,43,322,276,613,487,1.00123,10790,10.7768
025040107410003168d2a000a00000e2,2,2,44,322,276,613,487,1.00123,10789,10.7758
025040107410003168d2a000a00000e2,2,2,45,322,276,613,487,1.00123,10790,10.7768
025040107410003168d2a000a00000e2,2,2,46,322,276,613,487,1.00123,10790,10.7768
025040107410003168d2a000a00000e2,2,2,47,322,276,613,487,1.00123,10790,10.7768
025040107410003168d2a000a00000e2,2,2,48,322,276,613,487,1.00123,10790,10.7768
025040107410003168d2a000a00000e2,2,2,49,322,276,613,487,1.00123,10790,10.7768
025040107410003168d2a000a00000e2,2,2,50,322,276,613,487,1.00123,10790,10.7768
025040107410003168d2a000a00000e2,2,2,51,322,276,613,487,1.00123,10790,10.7768
025040107410003168d2a000a00000e2,2,2,52,322,276,613,487,1.00123,10789,10.7758
025040107410003168d2a000a00000e2,2,2,53,322,276,613,487,1.00123,10790,10.7768
025040107410003168d2a000a00000e2,2,2,54,322,276,613,487,1.00123,10790,10.7768
025040107410003168d2a000a00000e2,2,2,55,322,276,613,487,1.00123,10789,10.7758
025040107410003168d2a000a00000e2,2,2,56,322,276,613,487,1.00123,10789,10.7758
025040107410003168d2a000a00000e2,2,2,57,322,276,613,487,1.00123,10789,10.7758
025040107410003168d2a000a00000e2,2,2,58,322,276,613,487,1.00123,10789,10.7758
025040107410003168d2a000a00000e2,2,2,59,322,276,613,487,1.00123,10789,10.7758
025040107410003168d2a000a00000e2,2,2,60,322,276,613,487,1.00123,10789,10.7758
025040107410003168d2a000a00000e2,2,2,61,322,276,613,487,1.00123,10789,10.7758
025040107410003168d2a000a00000e2,2,2,62,322,276,613,487,1.00123,10784,10.7708
025040107410003168d2a000a00000e2,2,2,63,322,276,613,487,1.00123,10789,10.7758
025040107410003168d2a000a00000e2,2,2,0,322,276,614,488,1.00123,10765,10.7518
025040107410003168d2a000a00000e2,2,2,1,322,276,614,488,1.00123,10765,10.7518
025040107410003168d2a000a00000e2,2,2,2,322,276,614,488,1.00123,10765,10.7518
025040107410003168d2a000a00000e2,2,2,3,322,276,614,488,1.00123,10765,10.7518
025040107410003168d2a000a00000e2,2,2,4,322,276,614,488,1.00123,10765,10.7518
025040107410003168d2a000a00000e2,2,2,5,322,276,614,488,1.00123,10765,10.7518
025040107410003168d2a000a00000e2,2,2,6,322,276,614,488,1.00123,10764,10.7508
025040107410003168d2a000a00000e2,2,2,7,322,276,614,488,1.00123,10764,10.7508
025040107410003168d2a000a00000e2,2,2,8,322,276,614,488,1.00123,10764,10.7508
025040107410003168d2a000a00000e2,2,2,9,322,276,614,488,1.00123,10764,10.7508
025040107410003168d2a000a00000e2,2,2,10,322,276,614,488,1.00123,10764,10.7508
025040107410003168d2a000a00000e2,2,2,11,322,276,614,488,1.00123,10764,10.7508
025040107410003168d2a000a00000e2,2,2,12,322,276,614,488,1.00123,10765,10.7518
025040107410003168d2a000a00000e2,2,2,13,322,276,614,488,1.00123,10766,10.7528
025040107410003168d2a000a00000e2,2,2,14,322,276,614,488,1.00123,10767,10.7538
025040107410003168d2a000a00000e2,2,2,15,322,276,614,488,1.00123,10767,10.7538
025040107410003168d2a000a00000e2,2,2,16,322,276,614,488,1.00123,10767,10.7538
025040107410003168d2a000a00000e2,2,2,17,322,276,614,488,1.00123,10767,10.7538
025040107410003168d2a000a00000e2,2,2,18,322,276,614,488,1.00123,10767,10.7538
025040107410003168d2a000a00000e2,2,2,19,322,276,614,488,1.00123,10767,10.7538
025040107410003168d2a000a00000e2,2,2,20,322,276,614,488,1.00123,10767,10.7538
025040107410003168d2a000a00000e2,2,2,21,322,276,614,488,1.00123,10767,10.7538
025040107410003168d2a000a00000e2,2,2,22,322,276,614,488,1.00123,10767,10.7538
025040107410003168d2a000a00000e2,2,2,23,322,276,614,488,1.00123,10767,10.7538
025040107410003168d2a000a00000e2,2,2,24,322,276,614,488,1.00123,10767,10.7538
025040107410003168d2a000a00000e2,2,2,25,322,276,614,488,1.00123,10767,10.7538
025040107410003168d2a000a00000e2,2,2,26,322,276,614,488,1.00123,10767,10.7538
025040107410003168d2a000a00000e2,2,2,27,322,276,614,488,1.00123,10767,10.7538
025040107410003168d2a000a00000e2,2,2,28,322,276,614,488,1.00123,10767,10.7538
025040107410003168d2a000a00000e2,2,2,29,322,276,614,488,1.00123,10767,10.7538
025040107410003168d2a000a00000e2,2,2,30,322,276,614,488,1.00123,10767,10.7538
025040107410003168d2a000a00000e2,2,2,31,322,276,614,488,1.00123,10767,10.7538
025040107410003168d2a000a00000e2,2,2,32,322,276,614,488,1.00123,10767,10.7538
025040107410003168d2a000a00000e2,2,2,33,322,276,614,488,1.00123,10767,10.7538
025040107410003168d2a000a00000e2,2,2,34,322,276,614,488,1.00123,10767,10.7538
025040107410003168d2a000a00000e2,2,2,35,322,276,614,488,1.00123,10767,10.7538
025040107410003168d2a000a00000e2,2,2,36,322,276,614,488,1.00123,10767,10.7538
025040107410003168d2a000a00000e2,2,2,37,322,276,614,488,1.00123,10767,10.7538
025040107410003168d2a000a00000e2,2,2,38,322,276,614,488,1.00123,10767,10.7538
025040107410003168d2a000a00000e2,2,2,39,322,276,614,488,1.00123,10767,10.7538
025040107410003168d2a000a00000e2,2,2,40,322,276,614,488,1.00123,10767,10.7538
025040107410003168d2a000a00000e2,2,2,41,322,276,614,488,1.00123,10767,10.7538
025040107410003168d2a000a00000e2,2,2,42,322,276,614,488,1.00123,10767,10.7538
025040107410003168d2a000a00000e2,2,2,43,322,276,614,488,1.00123,10767,10.7538
025040107410003168d2a000a00000e2,2,2,44,322,276,614,488,1.00123,10762,10.7488
025040107410003168d2a000a00000e2,2,2,45,322,276,614,488,1.00123,10767,10.7538
025040107410003168d2a000a00000e2,2,2,46,322,276,614,488,1.00123,10767,10.7538
025040107410003168d2a000a00000e2,2,2,47,322,276,614,488,1.00123,10767,10.7538
025040107410003168d2a000a00000e2,2,2,48,322,276,614,488,1.00123,10767,10.7538
025040107410003168d2a000a00000e2,2,2,49,322,276,614,488,1.00123,10767,10.7538
025040107410003168d2a000a00000e2,2,2,50,322,276,614,488,1.00123,10767,10.7538
025040107410003168d2a000a00000e2,2,2,51,322,276,614,488,1.00123,10767,10.7538
025040107410003168d2a000a00000e2,2,2,52,322,276,614,488,1.00123,10764,10.7508
025040107410003168d2a000a00000e2,2,2,53,322,276,614,488,1.00123,10767,10.7538
025040107410003168d2a000a00000e2,2,2,54,322,276,614,488,1.00123,10767,10.7538
025040107410003168d2a000a00000e2,2,2,55,322,276,614,488,1.00123,10767,10.7538
025040107410003168d2a000a00000e2,2,2,56,322,276,614,488,1.00123,10767,10.7538
025040107410003168d2a000a00000e2,2,2,57,322,276,614,488,1.00123,10767,10.7538
025040107410003168d2a000a00000e2,2,2,58,322,276,614,488,1.00123,10767,10.7538
025040107410003168d2a000a00000e2,2,2,59,322,276,614,488,1.00123,10767,10.7538
025040107410003168d2a000a00000e2,2,2,60,322,276,614,488,1.00123,10767,10.7538
025040107410003168d2a000a00000e2,2,2,61,322,276,614,488,1.00123,10767,10.7538
025040107410003168d2a000a00000e2,2,2,62,322,276,614,488,1.00123,10753,10.7398
025040107410003168d2a000a00000e2,2,2,63,322,276,614,488,1.00123,10767,10.7538
025040107410003168d2a000a00000e2,2,2,0,322,276,615,489,1.00123,10836,10.8227
025040107410003168d2a000a00000e2,2,2,1,322,276,615,489,1.00123,10836,10.8227
025040107410003168d2a000a00000e2,2,2,2,322,276,615,489,1.00123,10836,10.8227
025040107410003168d2a000a00000e2,2,2,3,322,276,615,489,1.00123,10836,10.8227
025040107410003168d2a000a00000e2,2,2,4,322,276,615,489,1.00123,10836,10.8227
025040107410003168d2a000a00000e2,2,2,5,322,276,615,489,1.00123,10836,10.8227
025040107410003168d2a000a00000e2,2,2,6,322,276,615,489,1.00123,10836,10.8227
025040107410003168d2a000a00000e2,2,2,7,322,276,615,489,1.00123,10836,10.8227
025040107410003168d2a000a00000e2,2,2,8,322,276,615,489,1.00123,10836,10.8227
025040107410003168d2a000a00000e2,2,2,9,322,276,615,489,1.00123,10836,10.8227
025040107410003168d2a000a00000e2,2,2,10,322,276,615,489,1.00123,10836,10.8227
025040107410003168d2a000a00000e2,2,2,11,322,276,615,489,1.00123,10836,10.8227
025040107410003168d2a000a00000e2,2,2,12,322,276,615,489,1.00123,10836,10.8227
025040107410003168d2a000a00000e2,2,2,13,322,276,615,489,1.00123,10836,10.8227
025040107410003168d2a000a00000e2,2,2,14,322,276,615,489,1.00123,10836,10.8227
025040107410003168d2a000a00000e2,2,2,15,322,276,615,489,1.00123,10836,10.8227
025040107410003168d2a000a00000e2,2,2,16,322,276,615,489,1.00123,10836,10.8227
025040107410003168d2a000a00000e2,2,2,17,322,276,615,489,1.00123,10836,10.8227
025040107410003168d2a000a00000e2,2,2,18,322,276,615,489,1.00123,10836,10.8227
025040107410003168d2a000a00000e2,2,2,19,322,276,615,489,1.00123,10836,10.8227
025040107410003168d2a000a00000e2,2,2,20,322,276,615,489,1.00123,10836,10.8227
025040107410003168d2a000a00000e2,2,2,21,322,276,615,489,1.00123,10836,10.8227
025040107410003168d2a000a00000e2,2,2,22,322,276,615,489,1.00123,10836,10.8227
025040107410003168d2a000a00000e2,2,2,23,322,276,615,489,1.00123,10836,10.8227
025040107410003168d2a000a00000e2,2,2,24,322,276,615,489,1.00123,10836,10.8227
025040107410003168d2a000a00000e2,2,2,25,322,276,615,489,1.00123,10836,10.8227
025040107410003168d2a000a00000e2,2,2,26,322,276,615,489,1.00123,10836,10.8227
025040107410003168d2a000a00000e2,2,2,27,322,276,615,489,1.00123,10836,10.8227
025040107410003168d2a000a00000e2,2,2,28,322,276,615,489,1.00123,10836,10.8227
025040107410003168d2a000a00000e2,2,2,29,322,276,615,489,1.00123,10836,10.8227
025040107410003168d2a000a00000e2,2,2,30,322,276,615,489,1.00123,10836,10.8227
025040107410003168d2a000a00000e2,2,2,31,322,276,615,489,1.00123,10836,10.8227
025040107410003168d2a000a00000e2,2,2,32,322,276,615,489,1.00123,10836,10.8227
025040107410003168d2a000a00000e2,2,2,33,322,276,615,489,1.00123,10836,10.8227
025040107410003168d2a000a00000e2,2,2,34,322,276,615,489,1.00123,10836,10.8227
025040107410003168d2a000a00000e2,2,2,35,322,276,615,489,1.00123,10836,10.8227
025040107410003168d2a000a00000e2,2,2,36,322,276,615,489,1.00123,10836,10.8227
025040107410003168d2a000a00000e2,2,2,37,322,276,615,489,1.00123,10836,10.8227
025040107410003168d2a000a00000e2,2,2,38,322,276,615,489,1.00123,10836,10.8227
025040107410003168d2a000a00000e2,2,2,39,322,276,615,489,1.00123,10836,10.8227
025040107410003168d2a000a00000e2,2,2,40,322,276,615,489,1.00123,10836,10.8227
025040107410003168d2a000a00000e2,2,2,41,322,276,615,489,1.00123,10836,10.8227
025040107410003168d2a000a00000e2,2,2,42,322,276,615,489,1.00123,10836,10.8227
025040107410003168d2a000a00000e2,2,2,43,322,276,615,489,1.00123,10836,10.8227
025040107410003168d2a000a00000e2,2,2,44,322,276,615,489,1.00123,10833,10.8197
025040107410003168d2a000a00000e2,2,2,45,322,276,615,489,1.00123,10836,10.8227
025040107410003168d2a000a00000e2,2,2,46,322,276,615,489,1.00123,10836,10.8227
025040107410003168d2a000a00000e2,2,2,47,322,276,615,489,1.00123,10836,10.8227
025040107410003168d2a000a00000e2,2,2,48,322,276,615,489,1.00123,10836,10.8227
025040107410003168d2a000a00000e2,2,2,49,322,276,615,489,1.00123,10836,10.8227
025040107410003168d2a000a00000e2,2,2,50,322,276,615,489,1.00123,10836,10.8227
025040107410003168d2a000a00000e2,2,2,51,322,276,615,489,1.00123,10836,10.8227
025040107410003168d2a000a00000e2,2,2,52,322,276,615,489,1.00123,10836,10.8227
025040107410003168d2a000a00000e2,2,2,53,322,276,615,489,1.00123,10836,10.8227
025040107410003168d2a000a00000e2,2,2,54,322,276,615,489,1.00123,10836,10.8227
025040107410003168d2a000a00000e2,2,2,55,322,276,615,489,1.00123,10836,10.8227
025040107410003168d2a000a00000e2,2,2,56,322,276,615,489,1.00123,10836,10.8227
025040107410003168d2a000a00000e2,2,2,57,322,276,615,489,1.00123,10836,10.8227
025040107410003168d2a000a00000e2,2,2,58,322,276,615,489,1.00123,10836,10.8227
025040107410003168d2a000a00000e2,2,2,59,322,276,615,489,1.00123,10836,10.8227
025040107410003168d2a000a00000e2,2,2,60,322,276,615,489,1.00123,10836,10.8227
025040107410003168d2a000a00000e2,2,2,61,322,276,615,489,1.00123,10836,10.8227
025040107410003168d2a000a00000e2,2,2,62,322,276,615,489,1.00123,10823,10.8097
025040107410003168d2a000a00000e2,2,2,63,322,276,615,489,1.00123,10836,10.8227
025040107410003168d2a000a00000e2,2,2,0,322,276,616,489,1.00123,10789,10.7758
025040107410003168d2a000a00000e2,2,2,1,322,276,616,489,1.00123,10789,10.7758
025040107410003168d2a000a00000e2,2,2,2,322,276,616,489,1.00123,10789,10.7758
025040107410003168d2a000a00000e2,2,2,3,322,276,616,489,1.00123,10789,10.7758
025040107410003168d2a000a00000e2,2,2,4,322,276,616,489,1.00123,10788,10.7748
025040107410003168d2a000a00000e2,2,2,5,322,276,616,489,1.00123,10788,10.7748
025040107410003168d2a000a00000e2,2,2,6,322,276,616,489,1.00123,10788,10.7748
025040107410003168d2a000a00000e2,2,2,7,322,276,616,489,1.00123,10788,10.7748
025040107410003168d2a000a00000e2,2,2,8,322,276,616,489,1.00123,10788,10.7748
025040107410003168d2a000a00000e2,2,2,9,322,276,616,489,1.00123,10788,10.7748
025040107410003168d2a000a00000e2,2,2,10,322,276,616,489,1.00123,10788,10.7748
025040107410003168d2a000a00000e2,2,2,11,322,276,616,489,1.00123,10788,10.7748
025040107410003168d2a000a00000e2,2,2,12,322,276,616,489,1.00123,10789,10.7758
025040107410003168d2a000a00000e2,2,2,13,322,276,616,489,1.00123,10789,10.7758
025040107410003168d2a000a00000e2,2,2,14,322,276,616,489,1.00123,10789,10.7758
025040107410003168d2a000a00000e2,2,2,15,322,276,616,489,1.00123,10790,10.7768
025040107410003168d2a000a00000e2,2,2,16,322,276,616,489,1.00123,10790,10.7768
025040107410003168d2a000a00000e2,2,2,17,322,276,616,489,1.00123,10790,10.7768
025040107410003168d2a000a00000e2,2,2,18,322,276,616,489,1.00123,10790,10.7768
025040107410003168d2a000a00000e2,2,2,19,322,276,616,489,1.00123,10790,10.7768
025040107410003168d2a000a00000e2,2,2,20,322,276,616,489,1.00123,10790,10.7768
025040107410003168d2a000a00000e2,2,2,21,322,276,616,489,1.00123,10790,10.7768
025040107410003168d2a000a00000e2,2,2,22,322,276,616,489,1.00123,10790,10.7768
025040107410003168d2a000a00000e2,2,2,23,322,276,616,489,1.00123,10790,10.7768
025040107410003168d2a000a00000e2,2,2,24,322,276,616,489,1.00123,10790,10.7768
025040107410003168d2a000a00000e2,2,2,25,322,276,616,489,1.00123,10790,10.7768
025040107410003168d2a000a00000e2,2,2,26,322,276,616,489,1.00123,10790,10.7768
025040107410003168d2a000a00000e2,2,2,27,322,276,616,489,1.00123,10790,10.7768
025040107410003168d2a000a00000e2,2,2,28,322,276,616,489,1.00123,10790,10.7768
025040107410003168d2a000a00000e2,2,2,29,322,276,616,489,1.00123,10790,10.7768
025040107410003168d2a000a00000e2,2,2,30,322,276,616,489,1.00123,10790,10.7768
025040107410003168d2a000a00000e2,2,2,31,322,276,616,489,1.00123,10790,10.7768
025040107410003168d2a000a00000e2,2,2,32,322,276,616,489,1.00123,10790,10.7768
025040107410003168d2a000a00000e2,2,2,33,322,276,616,489,1.00123,10790,10.7768
025040107410003168d2a000a00000e2,2,2,34,322,276,616,489,1.00123,10790,10.7768
025040107410003168d2a000a00000e2,2,2,35,322,276,616,489,1.00123,10790,10.7768
025040107410003168d2a000a00000e2,2,2,36,322,276,616,489,1.00123,10790,10.7768
025040107410003168d2a000a00000e2,2,2,37,322,276,616,489,1.00123,10790,10.7768
025040107410003168d2a000a00000e2,2,2,38,322,276,616,489,1.00123,10790,10.7768
025040107410003168d2a000a00000e2,2,2,39,322,276,616,489,1.00123,10790,10.7768
025040107410003168d2a000a00000e2,2,2,40,322,276,616,489,1.00123,10790,10.7768
025040107410003168d2a000a00000e2,2,2,41,322,276,616,489,1.00123,10790,10.7768
025040107410003168d2a000a00000e2,2,2,42,322,276,616,489,1.00123,10790,10.7768
025040107410003168d2a000a00000e2,2,2,43,322,276,616,489,1.00123,10790,10.7768
025040107410003168d2a000a00000e2,2,2,44,322,276,616,489,1.00123,10785,10.7718
025040107410003168d2a000a00000e2,2,2,45,322,276,616,489,1.00123,10790,10.7768
025040107410003168d2a000a00000e2,2,2,46,322,276,616,489,1.00123,10790,10.7768
025040107410003168d2a000a00000e2,2,2,47,322,276,616,489,1.00123,10790,10.7768
025040107410003168d2a000a00000e2,2,2,48,322,276,616,489,1.00123,10790,10.7768
025040107410003168d2a000a00000e2,2,2,49,322,276,616,489,1.00123,10790,10.7768
025040107410003168d2a000a00000e2,2,2,50,322,276,616,489,1.00123,10790,10.7768
025040107410003168d2a000a00000e2,2,2,51,322,276,616,489,1.00123,10790,10.7768
025040107410003168d2a000a00000e2,2,2,52,322,276,616,489,1.00123,10787,10.7738
025040107410003168d2a000a00000e2,2,2,53,322,276,616,489,1.00123,10790,10.7768
025040107410003168d2a000a00000e2,2,2,54,322,276,616,489,1.00123,10790,10.7768
025040107410003168d2a000a00000e2,2,2,55,322,276,616,489,1.00123,10790,10.7768
025040107410003168d2a000a00000e2,2,2,56,322,276,616,489,1.00123,10790,10.7768
025040107410003168d2a000a00000e2,2,2,57,322,276,616,489,1.00123,10790,10.7768
025040107410003168d2a000a00000e2,2,2,58,322,276,616,489,1.00123,10790,10.7768
025040107410003168d2a000a00000e2,2,2,59,322,276,616,489,1.00123,10790,10.7768
025040107410003168d2a000a00000e2,2,2,60,322,276,616,489,1.00123,10789,10.7758
025040107410003168d2a000a00000e2,2,2,61,322,276,616,489,1.00123,10790,10.7768
025040107410003168d2a000a00000e2,2,2,62,322,276,616,489,1.00123,10779,10.7658
025040107410003168d2a000a00000e2,2,2,63,322,276,616,489,1.00123,10790,10.7768
025040107410003168d2a000a00000e2,2,2,0,322,276,617,490,1.00123,10789,10.7758
025040107410003168d2a000a00000e2,2,2,1,322,276,617,490,1.00123,10789,10.7758
025040107410003168d2a000a00000e2,2,2,2,322,276,617,490,1.00123,10790,10.7768
025040107410003168d2a000a00000e2,2,2,3,322,276,617,490,1.00123,10789,10.7758
025040107410003168d2a000a00000e2,2,2,4,322,276,617,490,1.00123,10789,10.7758
025040107410003168d2a000a00000e2,2,2,5,322,276,617,490,1.00123,10789,10.7758
025040107410003168d2a000a00000e2,2,2,6,322,276,617,490,1.00123,10789,10.7758
025040107410003168d2a000a00000e2,2,2,7,322,276,617,490,1.00123,10789,10.7758
025040107410003168d2a000a00000e2,2,2,8,322,276,617,490,1.00123,10789,10.7758
025040107410003168d2a000a00000e2,2,2,9,322,276,617,490,1.00123,10789,10.7758
025040107410003168d2a000a00000e2,2,2,10,322,276,617,490,1.00123,10789,10.7758
025040107410003168d2a000a00000e2,2,2,11,322,276,617,490,1.00123,10789,10.7758
025040107410003168d2a000a00000e2,2,2,12,322,276,617,490,1.00123,10789,10.7758
025040107410003168d2a000a00000e2,2,2,13,322,276,617,490,1.00123,10789,10.7758
025040107410003168d2a000a00000e2,2,2,14,322,276,617,490,1.00123,10790,10.7768
025040107410003168d2a000a00000e2,2,2,15,322,276,617,490,1.00123,10790,10.7768
025040107410003168d2a000a00000e2,2,2,16,322,276,617,490,1.00123,10790,10.7768
025040107410003168d2a000a00000e2,2,2,17,322,276,617,490,1.00123,10790,10.7768
025040107410003168d2a000a00000e2,2,2,18,322,276,617,490,1.00123,10790,10.7768
025040107410003168d2a000a00000e2,2,2,19,322,276,617,490,1.00123,10790,10.7768
025040107410003168d2a000a00000e2,2,2,20,322,276,617,490,1.00123,10790,10.7768
025040107410003168d2a000a00000e2,2,2,21,322,276,617,490,1.00123,10790,10.7768
025040107410003168d2a000a00000e2,2,2,22,322,276,617,490,1.00123,10790,10.7768
025040107410003168d2a000a00000e2,2,2,23,322,276,617,490,1.00123,10790,10.7768
025040107410003168d2a000a00000e2,2,2,24,322,276,617,490,1.00123,10790,10.7768
025040107410003168d2a000a00000e2,2,2,25,322,276,617,490,1.00123,10790,10.7768
025040107410003168d2a000a00000e2,2,2,26,322,276,617,490,1.00123,10790,10.7768
025040107410003168d2a000a00000e2,2,2,27,322,276,617,490,1.00123,10790,10.7768
025040107410003168d2a000a00000e2,2,2,28,322,276,617,490,1.00123,10790,10.7768
025040107410003168d2a000a00000e2,2,2,29,322,276,617,490,1.00123,10790,10.7768
025040107410003168d2a000a00000e2,2,2,30,322,276,617,490,1.00123,10790,10.7768
025040107410003168d2a000a00000e2,2,2,31,322,276,617,490,1.00123,10791,10.7778
025040107410003168d2a000a00000e2,2,2,32,322,276,617,490,1.00123,10790,10.7768
025040107410003168d2a000a00000e2,2,2,33,322,276,617,490,1.00123,10790,10.7768
025040107410003168d2a000a00000e2,2,2,34,322,276,617,490,1.00123,10790,10.7768
025040107410003168d2a000a00000e2,2,2,35,322,276,617,490,1.00123,10790,10.7768
025040107410003168d2a000a00000e2,2,2,36,322,276,617,490,1.00123,10790,10.7768
025040107410003168d2a000a00000e2,2,2,37,322,276,617,490,1.00123,10790,10.7768
025040107410003168d2a000a00000e2,2,2,38,322,276,617,490,1.00123,10790,10.7768
025040107410003168d2a000a00000e2,2,2,39,322,276,617,490,1.00123,10790,10.7768
025040107410003168d2a000a00000e2,2,2,40,322,276,617,490,1.00123,10790,10.7768
025040107410003168d2a000a00000e2,2,2,41,322,276,617,490,1.00123,10790,10.7768
025040107410003168d2a000a00000e2,2,2,42,322,276,617,490,1.00123,10790,10.7768
025040107410003168d2a000a00000e2,2,2,43,322,276,617,490,1.00123,10790,10.7768
025040107410003168d2a000a00000e2,2,2,44,322,276,617,490,1.00123,10783,10.7698
025040107410003168d2a000a00000e2,2,2,45,322,276,617,490,1.00123,10790,10.7768
025040107410003168d2a000a00000e2,2,2,46,322,276,617,490,1.00123,10790,10.7768
025040107410003168d2a000a00000e2,2,2,47,322,276,617,490,1.00123,10790,10.7768
025040107410003168d2a000a00000e2,2,2,48,322,276,617,490,1.00123,10790,10.7768
025040107410003168d2a000a00000e2,2,2,49,322,276,617,490,1.00123,10790,10.7768
025040107410003168d2a000a00000e2,2,2,50,322,276,617,490,1.00123,10788,10.7748
025040107410003168d2a000a00000e2,2,2,51,322,276,617,490,1.00123,10790,10.7768
025040107410003168d2a000a00000e2,2,2,52,322,276,617,490,1.00123,10785,10.7718
025040107410003168d2a000a00000e2,2,2,53,322,276,617,490,1.00123,10790,10.7768
025040107410003168d2a000a00000e2,2,2,54,322,276,617,490,1.00123,10789,10.7758
025040107410003168d2a000a00000e2,2,2,55,322,276,617,490,1.00123,10789,10.7758
025040107410003168d2a000a00000e2,2,2,56,322,276,617,490,1.00123,10790,10.7768
025040107410003168d2a000a00000e2,2,2,57,322,276,617,490,1.00123,10790,10.7768
025040107410003168d2a000a00000e2,2,2,58,322,276,617,490,1.00123,10790,10.7768
025040107410003168d2a000a00000e2,2,2,59,322,276,617,490,1.00123,10790,10.7768
025040107410003168d2a000a00000e2,2,2,60,322,276,617,490,1.00123,10788,10.7748
025040107410003168d2a000a00000e2,2,2,61,322,276,617,490,1.00123,10790,10.7768
025040107410003168d2a000a00000e2,2,2,62,322,276,617,490,1.00123,10777,10.7638
025040107410003168d2a000a00000e2,2,2,63,322,276,617,490,1.00123,10790,10.7768
025040107410003168d2a000a00000e2,2,2,0,322,276,618,491,1.00123,10765,10.7518
025040107410003168d2a000a00000e2,2,2,1,322,276,618,491,1.00123,10765,10.7518
025040107410003168d2a000a00000e2,2,2,2,322,276,618,491,1.00123,10765,10.7518
025040107410003168d2a000a00000e2,2,2,3,322,276,618,491,1.00123,10765,10.7518
025040107410003168d2a000a00000e2,2,2,4,322,276,618,491,1.00123,10765,10.7518
025040107410003168d2a000a00000e2,2,2,5,322,276,618,491,1.00123,10765,10.7518
025040107410003168d2a000a00000e2,2,2,6,322,276,618,491,1.00123,10764,10.7508
025040107410003168d2a000a00000e2,2,2,7,322,276,618,491,1.00123,10763,10.7498
025040107410003168d2a000a00000e2,2,2,8,322,276,618,491,1.00123,10765,10.7518
025040107410003168d2a000a00000e2,2,2,9,322,276,618,491,1.00123,10765,10.7518
025040107410003168d2a000a00000e2,2,2,10,322,276,618,491,1.00123,10765,10.7518
025040107410003168d2a000a00000e2,2,2,11,322,276,618,491,1.00123,10765,10.7518
025040107410003168d2a000a00000e2,2,2,12,322,276,618,491,1.00123,10766,10.7528
025040107410003168d2a000a00000e2,2,2,13,322,276,618,491,1.00123,10767,10.7538
025040107410003168d2a000a00000e2,2,2,14,322,276,618,491,1.00123,10767,10.7538
025040107410003168d2a000a00000e2,2,2,15,322,276,618,491,1.00123,10768,10.7548
025040107410003168d2a000a00000e2,2,2,16,322,276,618,491,1.00123,10768,10.7548
025040107410003168d2a000a00000e2,2,2,17,322,276,618,491,1.00123,10768,10.7548
025040107410003168d2a000a00000e2,2,2,18,322,276,618,491,1.00123,10768,10.7548
025040107410003168d2a000a00000e2,2,2,19,322,276,618,491,1.00123,10768,10.7548
025040107410003168d2a000a00000e2,2,2,20,322,276,618,491,1.00123,10768,10.7548
025040107410003168d2a000a00000e2,2,2,21,322,276,618,491,1.00123,10768,10.7548
025040107410003168d2a000a00000e2,2,2,22,322,276,618,491,1.00123,10768,10.7548
025040107410003168d2a000a00000e2,2,2,23,322,276,618,491,1.00123,10768,10.7548
025040107410003168d2a000a00000e2,2,2,24,322,276,618,491,1.00123,10766,10.7528
025040107410003168d2a000a00000e2,2,2,25,322,276,618,491,1.00123,10768,10.7548
025040107410003168d2a000a00000e2,2,2,26,322,276,618,491,1.00123,10767,10.7538
025040107410003168d2a000a00000e2,2,2,27,322,276,618,491,1.00123,10768,10.7548
025040107410003168d2a000a00000e2,2,2,28,322,276,618,491,1.00123,10767,10.7538
025040107410003168d2a000a00000e2,2,2,29,322,276,618,491,1.00123,10768,10.7548
025040107410003168d2a000a00000e2,2,2,30,322,276,618,491,1.00123,10768,10.7548
025040107410003168d2a000a00000e2,2,2,31,322,276,618,491,1.00123,10768,10.7548
025040107410003168d2a000a00000e2,2,2,32,322,276,618,491,1.00123,10767,10.7538
025040107410003168d2a000a00000e2,2,2,33,322,276,618,491,1.00123,10768,10.7548
025040107410003168d2a000a00000e2,2,2,34,322,276,618,491,1.00123,10767,10.7538
025040107410003168d2a000a00000e2,2,2,35,322,276,618,491,1.00123,10768,10.7548
025040107410003168d2a000a00000e2,2,2,36,322,276,618,491,1.00123,10768,10.7548
025040107410003168d2a000a00000e2,2,2,37,322,276,618,491,1.00123,10768,10.7548
025040107410003168d2a000a00000e2,2,2,38,322,276,618,491,1.00123,10768,10.7548
025040107410003168d2a000a00000e2,2,2,39,322,276,618,491,1.00123,10768,10.7548
025040107410003168d2a000a00000e2,2,2,40,322,276,618,491,1.00123,10766,10.7528
025040107410003168d2a000a00000e2,2,2,41,322,276,618,491,1.00123,10767,10.7538
025040107410003168d2a000a00000e2,2,2,42,322,276,618,491,1.00123,10766,10.7528
025040107410003168d2a000a00000e2,2,2,43,322,276,618,491,1.00123,10767,10.7538
025040107410003168d2a000a00000e2,2,2,44,322,276,618,491,1.00123,10763,10.7498
025040107410003168d2a000a00000e2,2,2,45,322,276,618,491,1.00123,10767,10.7538
025040107410003168d2a000a00000e2,2,2,46,322,276,618,491,1.00123,10766,10.7528
025040107410003168d2a000a00000e2,2,2,47,322,276,618,491,1.00123,10766,10.7528
025040107410003168d2a000a00000e2,2,2,48,322,276,618,491,1.00123,10766,10.7528
025040107410003168d2a000a00000e2,2,2,49,322,276,618,491,1.00123,10767,10.7538
025040107410003168d2a000a00000e2,2,2,50,322,276,618,491,1.00123,10764,10.7508
025040107410003168d2a000a00000e2,2,2,51,322,276,618,491,1.00123,10765,10.7518
025040107410003168d2a000a00000e2,2,2,52,322,276,618,491,1.00123,10764,10.7508
025040107410003168d2a000a00000e2,2,2,53,322,276,618,491,1.00123,10767,10.7538
025040107410003168d2a000a00000e2,2,2,54,322,276,618,491,1.00123,10765,10.7518
025040107410003168d2a000a00000e2,2,2,55,322,276,618,491,1.00123,10765,10.7518
025040107410003168d2a000a00000e2,2,2,56,322,276,618,491,1.00123,10766,10.7528
025040107410003168d2a000a00000e2,2,2,57,322,276,618,491,1.00123,10767,10.7538
025040107410003168d2a000a00000e2,2,2,58,322,276,618,491,1.00123,10766,10.7528
025040107410003168d2a000a00000e2,2,2,59,322,276,618,491,1.00123,10765,10.7518
025040107410003168d2a000a00000e2,2,2,60,322,276,618,491,1.00123,10764,10.7508
025040107410003168d2a000a00000e2,2,2,61,322,276,618,491,1.00123,10767,10.7538
025040107410003168d2a000a00000e2,2,2,62,322,276,618,491,1.00123,10748,10.7348
025040107410003168d2a000a00000e2,2,2,63,322,276,618,491,1.00123,10767,10.7538
025040107410003168d2a000a00000e2,2,2,0,322,276,619,492,1.00123,10789,10.7758
025040107410003168d2a000a00000e2,2,2,1,322,276,619,492,1.00123,10789,10.7758
025040107410003168d2a000a00000e2,2,2,2,322,276,619,492,1.00123,10789,10.7758
025040107410003168d2a000a00000e2,2,2,3,322,276,619,492,1.00123,10789,10.7758
025040107410003168d2a000a00000e2,2,2,4,322,276,619,492,1.00123,10789,10.7758
025040107410003168d2a000a00000e2,2,2,5,322,276,619,492,1.00123,10789,10.7758
025040107410003168d2a000a00000e2,2,2,6,322,276,619,492,1.00123,10789,10.7758
025040107410003168d2a000a00000e2,2,2,7,322,276,619,492,1.00123,10789,10.7758
025040107410003168d2a000a00000e2,2,2,8,322,276,619,492,1.00123,10789,10.7758
025040107410003168d2a000a00000e2,2,2,9,322,276,619,492,1.00123,10789,10.7758
025040107410003168d2a000a00000e2,2,2,10,322,276,619,492,1.00123,10789,10.7758
025040107410003168d2a000a00000e2,2,2,11,322,276,619,492,1.00123,10789,10.7758
025040107410003168d2a000a00000e2,2,2,12,322,276,619,492,1.00123,10789,10.7758
025040107410003168d2a000a00000e2,2,2,13,322,276,619,492,1.00123,10789,10.7758
025040107410003168d2a000a00000e2,2,2,14,322,276,619,492,1.00123,10791,10.7778
025040107410003168d2a000a00000e2,2,2,15,322,276,619,492,1.00123,10791,10.7778
025040107410003168d2a000a00000e2,2,2,16,322,276,619,492,1.00123,10791,10.7778
025040107410003168d2a000a00000e2,2,2,17,322,276,619,492,1.00123,10791,10.7778
025040107410003168d2a000a00000e2,2,2,18,322,276,619,492,1.00123,10791,10.7778
025040107410003168d2a000a00000e2,2,2,19,322,276,619,492,1.00123,10791,10.7778
025040107410003168d2a000a00000e2,2,2,20,322,276,619,492,1.00123,10791,10.7778
025040107410003168d2a000a00000e2,2,2,21,322,276,619,492,1.00123,10790,10.7768
025040107410003168d2a000a00000e2,2,2,22,322,276,619,492,1.00123,10790,10.7768
025040107410003168d2a000a00000e2,2,2,23,322,276,619,492,1.00123,10790,10.7768
025040107410003168d2a000a00000e2,2,2,24,322,276,619,492,1.00123,10790,10.7768
025040107410003168d2a000a00000e2,2,2,25,322,276,619,492,1.00123,10790,10.7768
025040107410003168d2a000a00000e2,2,2,26,322,276,619,492,1.00123,10790,10.7768
025040107410003168d2a000a00000e2,2,2,27,322,276,619,492,1.00123,10790,10.7768
025040107410003168d2a000a00000e2,2,2,28,322,276,619,492,1.00123,10790,10.7768
025040107410003168d2a000a00000e2,2,2,29,322,276,619,492,1.00123,10790,10.7768
025040107410003168d2a000a00000e2,2,2,30,322,276,619,492,1.00123,10790,10.7768
025040107410003168d2a000a00000e2,2,2,31,322,276,619,492,1.00123,10790,10.7768
025040107410003168d2a000a00000e2,2,2,32,322,276,619,492,1.00123,10790,10.7768
025040107410003168d2a000a00000e2,2,2,33,322,276,619,492,1.00123,10790,10.7768
025040107410003168d2a000a00000e2,2,2,34,322,276,619,492,1.00123,10790,10.7768
025040107410003168d2a000a00000e2,2,2,35,322,276,619,492,1.00123,10790,10.7768
025040107410003168d2a000a00000e2,2,2,36,322,276,619,492,1.00123,10790,10.7768
025040107410003168d2a000a00000e2,2,2,37,322,276,619,492,1.00123,10790,10.7768
025040107410003168d2a000a00000e2,2,2,38,322,276,619,492,1.00123,10790,10.7768
025040107410003168d2a000a00000e2,2,2,39,322,276,619,492,1.00123,10790,10.7768
025040107410003168d2a000a00000e2,2,2,40,322,276,619,492,1.00123,10790,10.7768
025040107410003168d2a000a00000e2,2,2,41,322,276,619,492,1.00123,10790,10.7768
025040107410003168d2a000a00000e2,2,2,42,322,276,619,492,1.00123,10790,10.7768
025040107410003168d2a000a00000e2,2,2,43,322,276,619,492,1.00123,10790,10.7768
025040107410003168d2a000a00000e2,2,2,44,322,276,619,492,1.00123,10784,10.7708
025040107410003168d2a000a00000e2,2,2,45,322,276,619,492,1.00123,10790,10.7768
025040107410003168d2a000a00000e2,2,2,46,322,276,619,492,1.00123,10790,10.7768
025040107410003168d2a000a00000e2,2,2,47,322,276,619,492,1.00123,10790,10.7768
025040107410003168d2a000a00000e2,2,2,48,322,276,619,492,1.00123,10790,10.7768
025040107410003168d2a000a00000e2,2,2,49,322,276,619,492,1.00123,10790,10.7768
025040107410003168d2a000a00000e2,2,2,50,322,276,619,492,1.00123,10790,10.7768
025040107410003168d2a000a00000e2,2,2,51,322,276,619,492,1.00123,10790,10.7768
025040107410003168d2a000a00000e2,2,2,52,322,276,619,492,1.00123,10786,10.7728
025040107410003168d2a000a00000e2,2,2,53,322,276,619,492,1.00123,10790,10.7768
025040107410003168d2a000a00000e2,2,2,54,322,276,619,492,1.00123,10790,10.7768
025040107410003168d2a000a00000e2,2,2,55,322,276,619,492,1.00123,10790,10.7768
025040107410003168d2a000a00000e2,2,2,56,322,276,619,492,1.00123,10790,10.7768
025040107410003168d2a000a00000e2,2,2,57,322,276,619,492,1.00123,10790,10.7768
025040107410003168d2a000a00000e2,2,2,58,322,276,619,492,1.00123,10790,10.7768
025040107410003168d2a000a00000e2,2,2,59,322,276,619,492,1.00123,10790,10.7768
025040107410003168d2a000a00000e2,2,2,60,322,276,619,492,1.00123,10788,10.7748
025040107410003168d2a000a00000e2,2,2,61,322,276,619,492,1.00123,10790,10.7768
025040107410003168d2a000a00000e2,2,2,62,322,276,619,492,1.00123,10765,10.7518
025040107410003168d2a000a00000e2,2,2,63,322,276,619,492,1.00123,10790,10.7768
025040107410003168d2a000a00000e2,2,2,0,322,276,620,493,1.00123,10813,10.7998
025040107410003168d2a000a00000e2,2,2,1,322,276,620,493,1.00123,10813,10.7998
025040107410003168d2a000a00000e2,2,2,2,322,276,620,493,1.00123,10813,10.7998
025040107410003168d2a000a00000e2,2,2,3,322,276,620,493,1.00123,10813,10.7998
025040107410003168d2a000a00000e2,2,2,4,322,276,620,493,1.00123,10813,10.7998
025040107410003168d2a000a00000e2,2,2,5,322,276,620,493,1.00123,10813,10.7998
025040107410003168d2a000a00000e2,2,2,6,322,276,620,493,1.00123,10813,10.7998
025040107410003168d2a000a00000e2,2,2,7,322,276,620,493,1.00123,10813,10.7998
025040107410003168d2a000a00000e2,2,2,8,322,276,620,493,1.00123,10813,10.7998
025040107410003168d2a000a00000e2,2,2,9,322,276,620,493,1.00123,10813,10.7998
025040107410003168d2a000a00000e2,2,2,10,322,276,620,493,1.00123,10813,10.7998
025040107410003168d2a000a00000e2,2,2,11,322,276,620,493,1.00123,10813,10.7998
025040107410003168d2a000a00000e2,2,2,12,322,276,620,493,1.00123,10813,10.7998
025040107410003168d2a000a00000e2,2,2,13,322,276,620,493,1.00123,10813,10.7998
025040107410003168d2a000a00000e2,2,2,14,322,276,620,493,1.00123,10814,10.8008
025040107410003168d2a000a00000e2,2,2,15,322,276,620,493,1.00123,10813,10.7998
025040107410003168d2a000a00000e2,2,2,16,322,276,620,493,1.00123,10813,10.7998
025040107410003168d2a000a00000e2,2,2,17,322,276,620,493,1.00123,10813,10.7998
025040107410003168d2a000a00000e2,2,2,18,322,276,620,493,1.00123,10813,10.7998
025040107410003168d2a000a00000e2,2,2,19,322,276,620,493,1.00123,10813,10.7998
025040107410003168d2a000a00000e2,2,2,20,322,276,620,493,1.00123,10813,10.7998
025040107410003168d2a000a00000e2,2,2,21,322,276,620,493,1.00123,10813,10.7998
025040107410003168d2a000a00000e2,2,2,22,322,276,620,493,1.00123,10813,10.7998
025040107410003168d2a000a00000e2,2,2,23,322,276,620,493,1.00123,10813,10.7998
025040107410003168d2a000a00000e2,2,2,24,322,276,620,493,1.00123,10813,10.7998
025040107410003168d2a000a00000e2,2,2,25,322,276,620,493,1.00123,10813,10.7998
025040107410003168d2a000a00000e2,2,2,26,322,276,620,493,1.00123,10813,10.7998
025040107410003168d2a000a00000e2,2,2,27,322,276,620,493,1.00123,10813,10.7998
025040107410003168d2a000a00000e2,2,2,28,322,276,620,493,1.00123,10813,10.7998
025040107410003168d2a000a00000e2,2,2,29,322,276,620,493,1.00123,10813,10.7998
025040107410003168d2a000a00000e2,2,2,30,322,276,620,493,1.00123,10813,10.7998
025040107410003168d2a000a00000e2,2,2,31,322,276,620,493,1.00123,10813,10.7998
025040107410003168d2a000a00000e2,2,2,32,322,276,620,493,1.00123,10813,10.7998
025040107410003168d2a000a00000e2,2,2,33,322,276,620,493,1.00123,10813,10.7998
025040107410003168d2a000a00000e2,2,2,34,322,276,620,493,1.00123,10813,10.7998
025040107410003168d2a000a00000e2,2,2,35,322,276,620,493,1.00123,10813,10.7998
025040107410003168d2a000a00000e2,2,2,36,322,276,620,493,1.00123,10813,10.7998
025040107410003168d2a000a00000e2,2,2,37,322,276,620,493,1.00123,10813,10.7998
025040107410003168d2a000a00000e2,2,2,38,322,276,620,493,1.00123,10813,10.7998
025040107410003168d2a000a00000e2,2,2,39,322,276,620,493,1.00123,10813,10.7998
025040107410003168d2a000a00000e2,2,2,40,322,276,620,493,1.00123,10813,10.7998
025040107410003168d2a000a00000e2,2,2,41,322,276,620,493,1.00123,10813,10.7998
025040107410003168d2a000a00000e2,2,2,42,322,276,620,493,1.00123,10813,10.7998
025040107410003168d2a000a00000e2,2,2,43,322,276,620,493,1.00123,10813,10.7998
025040107410003168d2a000a00000e2,2,2,44,322,276,620,493,1.00123,10805,10.7918
025040107410003168d2a000a00000e2,2,2,45,322,276,620,493,1.00123,10813,10.7998
025040107410003168d2a000a00000e2,2,2,46,322,276,620,493,1.00123,10813,10.7998
025040107410003168d2a000a00000e2,2,2,47,322,276,620,493,1.00123,10813,10.7998
025040107410003168d2a000a00000e2,2,2,48,322,276,620,493,1.00123,10813,10.7998
025040107410003168d2a000a00000e2,2,2,49,322,276,620,493,1.00123,10813,10.7998
025040107410003168d2a000a00000e2,2,2,50,322,276,620,493,1.00123,10813,10.7998
025040107410003168d2a000a00000e2,2,2,51,322,276,620,493,1.00123,10813,10.7998
025040107410003168d2a000a00000e2,2,2,52,322,276,620,493,1.00123,10808,10.7948
025040107410003168d2a000a00000e2,2,2,53,322,276,620,493,1.00123,10813,10.7998
025040107410003168d2a000a00000e2,2,2,54,322,276,620,493,1.00123,10813,10.7998
025040107410003168d2a000a00000e2,2,2,55,322,276,620,493,1.00123,10813,10.7998
025040107410003168d2a000a00000e2,2,2,56,322,276,620,493,1.00123,10813,10.7998
025040107410003168d2a000a00000e2,2,2,57,322,276,620,493,1.00123,10813,10.7998
025040107410003168d2a000a00000e2,2,2,58,322,276,620,493,1.00123,10813,10.7998
025040107410003168d2a000a00000e2,2,2,59,322,276,620,493,1.00123,10813,10.7998
025040107410003168d2a000a00000e2,2,2,60,322,276,620,493,1.00123,10813,10.7998
025040107410003168d2a000a00000e2,2,2,61,322,276,620,493,1.00123,10813,10.7998
025040107410003168d2a000a00000e2,2,2,62,322,276,620,493,1.00123,10795,10.7818
025040107410003168d2a000a00000e2,2,2,63,322,276,620,493,1.00123,10813,10.7998
025040107410003168d2a000a00000e2,2,2,0,322,276,621,494,1.00123,10741,10.7278
025040107410003168d2a000a00000e2,2,2,1,322,276,621,494,1.00123,10741,10.7278
025040107410003168d2a000a00000e2,2,2,2,322,276,621,494,1.00123,10741,10.7278
025040107410003168d2a000a00000e2,2,2,3,322,276,621,494,1.00123,10741,10.7278
025040107410003168d2a000a00000e2,2,2,4,322,276,621,494,1.00123,10741,10.7278
025040107410003168d2a000a00000e2,2,2,5,322,276,621,494,1.00123,10741,10.7278
025040107410003168d2a000a00000e2,2,2,6,322,276,621,494,1.00123,10740,10.7268
025040107410003168d2a000a00000e2,2,2,7,322,276,621,494,1.00123,10739,10.7258
025040107410003168d2a000a00000e2,2,2,8,322,276,621,494,1.00123,10741,10.7278
025040107410003168d2a000a00000e2,2,2,9,322,276,621,494,1.00123,10741,10.7278
025040107410003168d2a000a00000e2,2,2,10,322,276,621,494,1.00123,10741,10.7278
025040107410003168d2a000a00000e2,2,2,11,322,276,621,494,1.00123,10741,10.7278
025040107410003168d2a000a00000e2,2,2,12,322,276,621,494,1.00123,10742,10.7288
025040107410003168d2a000a00000e2,2,2,13,322,276,621,494,1.00123,10742,10.7288
025040107410003168d2a000a00000e2,2,2,14,322,276,621,494,1.00123,10742,10.7288
025040107410003168d2a000a00000e2,2,2,15,322,276,621,494,1.00123,10745,10.7318
025040107410003168d2a000a00000e2,2,2,16,322,276,621,494,1.00123,10745,10.7318
025040107410003168d2a000a00000e2,2,2,17,322,276,621,494,1.00123,10745,10.7318
025040107410003168d2a000a00000e2,2,2,18,322,276,621,494,1.00123,10745,10.7318
025040107410003168d2a000a00000e2,2,2,19,322,276,621,494,1.00123,10745,10.7318
025040107410003168d2a000a00000e2,2,2,20,322,276,621,494,1.00123,10745,10.7318
025040107410003168d2a000a00000e2,2,2,21,322,276,621,494,1.00123,10745,10.7318
025040107410003168d2a000a00000e2,2,2,22,322,276,621,494,1.00123,10745,10.7318
025040107410003168d2a000a00000e2,2,2,23,322,276,621,494,1.00123,10745,10.7318
025040107410003168d2a000a00000e2,2,2,24,322,276,621,494,1.00123,10744,10.7308
025040107410003168d2a000a00000e2,2,2,25,322,276,621,494,1.00123,10745,10.7318
025040107410003168d2a000a00000e2,2,2,26,322,276,621,494,1.00123,10744,10.7308
025040107410003168d2a000a00000e2,2,2,27,322,276,621,494,1.00123,10745,10.7318
025040107410003168d2a000a00000e2,2,2,28,322,276,621,494,1.00123,10743,10.7298
025040107410003168d2a000a00000e2,2,2,29,322,276,621,494,1.00123,10745,10.7318
025040107410003168d2a000a00000e2,2,2,30,322,276,621,494,1.00123,10745,10.7318
025040107410003168d2a000a00000e2,2,2,31,322,276,621,494,1.00123,10745,10.7318
025040107410003168d2a000a00000e2,2,2,32,322,276,621,494,1.00123,10744,10.7308
025040107410003168d2a000a00000e2,2,2,33,322,276,621,494,1.00123,10745,10.7318
025040107410003168d2a000a00000e2,2,2,34,322,276,621,494,1.00123,10745,10.7318
025040107410003168d2a000a00000e2,2,2,35,322,276,621,494,1.00123,10745,10.7318
025040107410003168d2a000a00000e2,2,2,36,322,276,621,494,1.00123,10745,10.7318
025040107410003168d2a000a00000e2,2,2,37,322,276,621,494,1.00123,10745,10.7318
025040107410003168d2a000a00000e2,2,2,38,322,276,621,494,1.00123,10745,10.7318
025040107410003168d2a000a00000e2,2,2,39,322,276,621,494,1.00123,10745,10.7318
025040107410003168d2a000a00000e2,2,2,40,322,276,621,494,1.00123,10745,10.7318
025040107410003168d2a000a00000e2,2,2,41,322,276,621,494,1.00123,10745,10.7318
025040107410003168d2a000a00000e2,2,2,42,322,276,621,494,1.00123,10745,10.7318
025040107410003168d2a000a00000e2,2,2,43,322,276,621,494,1.00123,10745,10.7318
025040107410003168d2a000a00000e2,2,2,44,322,276,621,494,1.00123,10732,10.7189
025040107410003168d2a000a00000e2,2,2,45,322,276,621,494,1.00123,10745,10.7318
025040107410003168d2a000a00000e2,2,2,46,322,276,621,494,1.00123,10743,10.7298
025040107410003168d2a000a00000e2,2,2,47,322,276,621,494,1.00123,10744,10.7308
025040107410003168d2a000a00000e2,2,2,48,322,276,621,494,1.00123,10743,10.7298
025040107410003168d2a000a00000e2,2,2,49,322,276,621,494,1.00123,10745,10.7318
025040107410003168d2a000a00000e2,2,2,50,322,276,621,494,1.00123,10741,10.7278
025040107410003168d2a000a00000e2,2,2,51,322,276,621,494,1.00123,10743,10.7298
025040107410003168d2a000a00000e2,2,2,52,322,276,621,494,1.00123,10736,10.7229
025040107410003168d2a000a00000e2,2,2,53,322,276,621,494,1.00123,10745,10.7318
025040107410003168d2a000a00000e2,2,2,54,322,276,621,494,1.00123,10743,10.7298
025040107410003168d2a000a00000e2,2,2,55,322,276,621,494,1.00123,10743,10.7298
025040107410003168d2a000a00000e2,2,2,56,322,276,621,494,1.00123,10744,10.7308
025040107410003168d2a000a00000e2,2,2,57,322,276,621,494,1.00123,10745,10.7318
025040107410003168d2a000a00000e2,2,2,58,322,276,621,494,1.00123,10744,10.7308
025040107410003168d2a000a00000e2,2,2,59,322,276,621,494,1.00123,10743,10.7298
025040107410003168d2a000a00000e2,2,2,60,322,276,621,494,1.00123,10740,10.7268
025040107410003168d2a000a00000e2,2,2,61,322,276,621,494,1.00123,10744,10.7308
025040107410003168d2a000a00000e2,2,2,62,322,276,621,494,1.00123,10720,10.7069
025040107410003168d2a000a00000e2,2,2,63,322,276,621,494,1.00123,10745,10.7318
025040107410003168d2a000a00000e2,2,2,0,322,276,622,494,1.00123,10813,10.7998
025040107410003168d2a000a00000e2,2,2,1,322,276,622,494,1.00123,10813,10.7998
025040107410003168d2a000a00000e2,2,2,2,322,276,622,494,1.00123,10813,10.7998
025040107410003168d2a000a00000e2,2,2,3,322,276,622,494,1.00123,10813,10.7998
025040107410003168d2a000a00000e2,2,2,4,322,276,622,494,1.00123,10813,10.7998
025040107410003168d2a000a00000e2,2,2,5,322,276,622,494,1.00123,10813,10.7998
025040107410003168d2a000a00000e2,2,2,6,322,276,622,494,1.00123,10813,10.7998
025040107410003168d2a000a00000e2,2,2,7,322,276,622,494,1.00123,10813,10.7998
025040107410003168d2a000a00000e2,2,2,8,322,276,622,494,1.00123,10813,10.7998
025040107410003168d2a000a00000e2,2,2,9,322,276,622,494,1.00123,10813,10.7998
025040107410003168d2a000a00000e2,2,2,10,322,276,622,494,1.00123,10813,10.7998
025040107410003168d2a000a00000e2,2,2,11,322,276,622,494,1.00123,10813,10.7998
025040107410003168d2a000a00000e2,2,2,12,322,276,622,494,1.00123,10813,10.7998
025040107410003168d2a000a00000e2,2,2,13,322,276,622,494,1.00123,10813,10.7998
025040107410003168d2a000a00000e2,2,2,14,322,276,622,494,1.00123,10813,10.7998
025040107410003168d2a000a00000e2,2,2,15,322,276,622,494,1.00123,10813,10.7998
025040107410003168d2a000a00000e2,2,2,16,322,276,622,494,1.00123,10814,10.8008
025040107410003168d2a000a00000e2,2,2,17,322,276,622,494,1.00123,10814,10.8008
025040107410003168d2a000a00000e2,2,2,18,322,276,622,494,1.00123,10814,10.8008
025040107410003168d2a000a00000e2,2,2,19,322,276,622,494,1.00123,10814,10.8008
025040107410003168d2a000a00000e2,2,2,20,322,276,622,494,1.00123,10814,10.8008
025040107410003168d2a000a00000e2,2,2,21,322,276,622,494,1.00123,10814,10.8008
025040107410003168d2a000a00000e2,2,2,22,322,276,622,494,1.00123,10813,10.7998
025040107410003168d2a000a00000e2,2,2,23,322,276,622,494,1.00123,10813,10.7998
025040107410003168d2a000a00000e2,2,2,24,322,276,622,494,1.00123,10813,10.7998
025040107410003168d2a000a00000e2,2,2,25,322,276,622,494,1.00123,10813,10.7998
025040107410003168d2a000a00000e2,2,2,26,322,276,622,494,1.00123,10813,10.7998
025040107410003168d2a000a00000e2,2,2,27,322,276,622,494,1.00123,10813,10.7998
025040107410003168d2a000a00000e2,2,2,28,322,276,622,494,1.00123,10813,10.7998
025040107410003168d2a000a00000e2,2,2,29,322,276,622,494,1.00123,10813,10.7998
025040107410003168d2a000a00000e2,2,2,30,322,276,622,494,1.00123,10813,10.7998
025040107410003168d2a000a00000e2,2,2,31,322,276,622,494,1.00123,10813,10.7998
025040107410003168d2a000a00000e2,2,2,32,322,276,622,494,1.00123,10813,10.7998
025040107410003168d2a000a00000e2,2,2,33,322,276,622,494,1.00123,10813,10.7998
025040107410003168d2a000a00000e2,2,2,34,322,276,622,494,1.00123,10813,10.7998
025040107410003168d2a000a00000e2,2,2,35,322,276,622,494,1.00123,10813,10.7998
025040107410003168d2a000a00000e2,2,2,36,322,276,622,494,1.00123,10813,10.7998
025040107410003168d2a000a00000e2,2,2,37,322,276,622,494,1.00123,10813,10.7998
025040107410003168d2a000a00000e2,2,2,38,322,276,622,494,1.00123,10813,10.7998
025040107410003168d2a000a00000e2,2,2,39,322,276,622,494,1.00123,10813,10.7998
025040107410003168d2a000a00000e2,2,2,40,322,276,622,494,1.00123,10813,10.7998
025040107410003168d2a000a00000e2,2,2,41,322,276,622,494,1.00123,10813,10.7998
025040107410003168d2a000a00000e2,2,2,42,322,276,622,494,1.00123,10813,10.7998
025040107410003168d2a000a00000e2,2,2,43,322,276,622,494,1.00123,10813,10.7998
025040107410003168d2a000a00000e2,2,2,44,322,276,622,494,1.00123,10805,10.7918
025040107410003168d2a000a00000e2,2,2,45,322,276,622,494,1.00123,10813,10.7998
025040107410003168d2a000a00000e2,2,2,46,322,276,622,494,1.00123,10813,10.7998
025040107410003168d2a000a00000e2,2,2,47,322,276,622,494,1.00123,10813,10.7998
025040107410003168d2a000a00000e2,2,2,48,322,276,622,494,1.00123,10813,10.7998
025040107410003168d2a000a00000e2,2,2,49,322,276,622,494,1.00123,10813,10.7998
025040107410003168d2a000a00000e2,2,2,50,322,276,622,494,1.00123,10811,10.7978
025040107410003168d2a000a00000e2,2,2,51,322,276,622,494,1.00123,10813,10.7998
025040107410003168d2a000a00000e2,2,2,52,322,276,622,494,1.00123,10809,10.7958
025040107410003168d2a000a00000e2,2,2,53,322,276,622,494,1.00123,10813,10.7998
025040107410003168d2a000a00000e2,2,2,54,322,276,622,494,1.00123,10812,10.7988
025040107410003168d2a000a00000e2,2,2,55,322,276,622,494,1.00123,10813,10.7998
025040107410003168d2a000a00000e2,2,2,56,322,276,622,494,1.00123,10813,10.7998
025040107410003168d2a000a00000e2,2,2,57,322,276,622,494,1.00123,10813,10.7998
025040107410003168d2a000a00000e2,2,2,58,322,276,622,494,1.00123,10813,10.7998
025040107410003168d2a000a00000e2,2,2,59,322,276,622,494,1.00123,10813,10.7998
025040107410003168d2a000a00000e2,2,2,60,322,276,622,494,1.00123,10809,10.7958
025040107410003168d2a000a00000e2,2,2,61,322,276,622,494,1.00123,10813,10.7998
025040107410003168d2a000a00000e2,2,2,62,322,276,622,494,1.00123,10796,10.7828
025040107410003168d2a000a00000e2,2,2,63,322,276,622,494,1.00123,10813,10.7998
025040107410003168d2a000a00000e2,2,2,0,322,276,623,495,1.00123,10766,10.7528
025040107410003168d2a000a00000e2,2,2,1,322,276,623,495,1.00123,10766,10.7528
025040107410003168d2a000a00000e2,2,2,2,322,276,623,495,1.00123,10766,10.7528
025040107410003168d2a000a00000e2,2,2,3,322,276,623,495,1.00123,10765,10.7518
025040107410003168d2a000a00000e2,2,2,4,322,276,623,495,1.00123,10765,10.7518
025040107410003168d2a000a00000e2,2,2,5,322,276,623,495,1.00123,10765,10.7518
025040107410003168d2a000a00000e2,2,2,6,322,276,623,495,1.00123,10765,10.7518
025040107410003168d2a000a00000e2,2,2,7,322,276,623,495,1.00123,10762,10.7488
025040107410003168d2a000a00000e2,2,2,8,322,276,623,495,1.00123,10765,10.7518
025040107410003168d2a000a00000e2,2,2,9,322,276,623,495,1.00123,10765,10.7518
025040107410003168d2a000a00000e2,2,2,10,322,276,623,495,1.00123,10765,10.7518
025040107410003168d2a000a00000e2,2,2,11,322,276,623,495,1.00123,10765,10.7518
025040107410003168d2a000a00000e2,2,2,12,322,276,623,495,1.00123,10767,10.7538
025040107410003168d2a000a00000e2,2,2,13,322,276,623,495,1.00123,10767,10.7538
025040107410003168d2a000a00000e2,2,2,14,322,276,623,495,1.00123,10767,10.7538
025040107410003168d2a000a00000e2,2,2,15,322,276,623,495,1.00123,10768,10.7548
025040107410003168d2a000a00000e2,2,2,16,322,276,623,495,1.00123,10768,10.7548
025040107410003168d2a000a00000e2,2,2,17,322,276,623,495,1.00123,10768,10.7548
025040107410003168d2a000a00000e2,2,2,18,322,276,623,495,1.00123,10768,10.7548
025040107410003168d2a000a00000e2,2,2,19,322,276,623,495,1.00123,10768,10.7548
025040107410003168d2a000a00000e2,2,2,20,322,276,623,495,1.00123,10768,10.7548
025040107410003168d2a000a00000e2,2,2,21,322,276,623,495,1.00123,10768,10.7548
025040107410003168d2a000a00000e2,2,2,22,322,276,623,495,1.00123,10768,10.7548
025040107410003168d2a000a00000e2,2,2,23,322,276,623,495,1.00123,10768,10.7548
025040107410003168d2a000a00000e2,2,2,24,322,276,623,495,1.00123,10767,10.7538
025040107410003168d2a000a00000e2,2,2,25,322,276,623,495,1.00123,10768,10.7548
025040107410003168d2a000a00000e2,2,2,26,322,276,623,495,1.00123,10768,10.7548
025040107410003168d2a000a00000e2,2,2,27,322,276,623,495,1.00123,10768,10.7548
025040107410003168d2a000a00000e2,2,2,28,322,276,623,495,1.00123,10767,10.7538
025040107410003168d2a000a00000e2,2,2,29,322,276,623,495,1.00123,10768,10.7548
025040107410003168d2a000a00000e2,2,2,30,322,276,623,495,1.00123,10768,10.7548
025040107410003168d2a000a00000e2,2,2,31,322,276,623,495,1.00123,10768,10.7548
025040107410003168d2a000a00000e2,2,2,32,322,276,623,495,1.00123,10766,10.7528
025040107410003168d2a000a00000e2,2,2,33,322,276,623,495,1.00123,10768,10.7548
025040107410003168d2a000a00000e2,2,2,34,322,276,623,495,1.00123,10768,10.7548
025040107410003168d2a000a00000e2,2,2,35,322,276,623,495,1.00123,10768,10.7548
025040107410003168d2a000a00000e2,2,2,36,322,276,623,495,1.00123,10768,10.7548
025040107410003168d2a000a00000e2,2,2,37,322,276,623,495,1.00123,10768,10.7548
025040107410003168d2a000a00000e2,2,2,38,322,276,623,495,1.00123,10768,10.7548
025040107410003168d2a000a00000e2,2,2,39,322,276,623,495,1.00123,10768,10.7548
025040107410003168d2a000a00000e2,2,2,40,322,276,623,495,1.00123,10768,10.7548
025040107410003168d2a000a00000e2,2,2,41,322,276,623,495,1.00123,10768,10.7548
025040107410003168d2a000a00000e2,2,2,42,322,276,623,495,1.00123,10768,10.7548
025040107410003168d2a000a00000e2,2,2,43,322,276,623,495,1.00123,10768,10.7548
025040107410003168d2a000a00000e2,2,2,44,322,276,623,495,1.00123,10755,10.7418
025040107410003168d2a000a00000e2,2,2,45,322,276,623,495,1.00123,10768,10.7548
025040107410003168d2a000a00000e2,2,2,46,322,276,623,495,1.00123,10764,10.7508
025040107410003168d2a000a00000e2,2,2,47,322,276,623,495,1.00123,10768,10.7548
025040107410003168d2a000a00000e2,2,2,48,322,276,623,495,1.00123,10764,10.7508
025040107410003168d2a000a00000e2,2,2,49,322,276,623,495,1.00123,10768,10.7548
025040107410003168d2a000a00000e2,2,2,50,322,276,623,495,1.00123,10763,10.7498
025040107410003168d2a000a00000e2,2,2,51,322,276,623,495,1.00123,10768,10.7548
025040107410003168d2a000a00000e2,2,2,52,322,276,623,495,1.00123,10761,10.7478
025040107410003168d2a000a00000e2,2,2,53,322,276,623,495,1.00123,10768,10.7548
025040107410003168d2a000a00000e2,2,2,54,322,276,623,495,1.00123,10763,10.7498
025040107410003168d2a000a00000e2,2,2,55,322,276,623,495,1.00123,10767,10.7538
025040107410003168d2a000a00000e2,2,2,56,322,276,623,495,1.00123,10768,10.7548
025040107410003168d2a000a00000e2,2,2,57,322,276,623,495,1.00123,10768,10.7548
025040107410003168d2a000a00000e2,2,2,58,322,276,623,495,1.00123,10767,10.7538
025040107410003168d2a000a00000e2,2,2,59,322,276,623,495,1.00123,10768,10.7548
025040107410003168d2a000a00000e2,2,2,60,322,276,623,495,1.00123,10762,10.7488
025040107410003168d2a000a00000e2,2,2,61,322,276,623,495,1.00123,10768,10.7548
025040107410003168d2a000a00000e2,2,2,62,322,276,623,495,1.00123,10738,10.7248
025040107410003168d2a000a00000e2,2,2,63,322,276,623,495,1.00123,10768,10.7548
025040107410003168d2a000a00000e2,2,2,0,322,276,624,496,1.00123,10790,10.7768
025040107410003168d2a000a00000e2,2,2,1,322,276,624,496,1.00123,10789,10.7758
025040107410003168d2a000a00000e2,2,2,2,322,276,624,496,1.00123,10790,10.7768
025040107410003168d2a000a00000e2,2,2,3,322,276,624,496,1.00123,10790,10.7768
025040107410003168d2a000a00000e2,2,2,4,322,276,624,496,1.00123,10789,10.7758
025040107410003168d2a000a00000e2,2,2,5,322,276,624,496,1.00123,10789,10.7758
025040107410003168d2a000a00000e2,2,2,6,322,276,624,496,1.00123,10789,10.7758
025040107410003168d2a000a00000e2,2,2,7,322,276,624,496,1.00123,10788,10.7748
025040107410003168d2a000a00000e2,2,2,8,322,276,624,496,1.00123,10790,10.7768
025040107410003168d2a000a00000e2,2,2,9,322,276,624,496,1.00123,10790,10.7768
025040107410003168d2a000a00000e2,2,2,10,322,276,624,496,1.00123,10790,10.7768
025040107410003168d2a000a00000e2,2,2,11,322,276,624,496,1.00123,10790,10.7768
025040107410003168d2a000a00000e2,2,2,12,322,276,624,496,1.00123,10790,10.7768
025040107410003168d2a000a00000e2,2,2,13,322,276,624,496,1.00123,10789,10.7758
025040107410003168d2a000a00000e2,2,2,14,322,276,624,496,1.00123,10791,10.7778
025040107410003168d2a000a00000e2,2,2,15,322,276,624,496,1.00123,10791,10.7778
025040107410003168d2a000a00000e2,2,2,16,322,276,624,496,1.00123,10791,10.7778
025040107410003168d2a000a00000e2,2,2,17,322,276,624,496,1.00123,10791,10.7778
025040107410003168d2a000a00000e2,2,2,18,322,276,624,496,1.00123,10791,10.7778
025040107410003168d2a000a00000e2,2,2,19,322,276,624,496,1.00123,10791,10.7778
025040107410003168d2a000a00000e2,2,2,20,322,276,624,496,1.00123,10791,10.7778
025040107410003168d2a000a00000e2,2,2,21,322,276,624,496,1.00123,10791,10.7778
025040107410003168d2a000a00000e2,2,2,22,322,276,624,496,1.00123,10791,10.7778
025040107410003168d2a000a00000e2,2,2,23,322,276,624,496,1.00123,10791,10.7778
025040107410003168d2a000a00000e2,2,2,24,322,276,624,496,1.00123,10790,10.7768
025040107410003168d2a000a00000e2,2,2,25,322,276,624,496,1.00123,10791,10.7778
025040107410003168d2a000a00000e2,2,2,26,322,276,624,496,1.00123,10790,10.7768
025040107410003168d2a000a00000e2,2,2,27,322,276,624,496,1.00123,10791,10.7778
025040107410003168d2a000a00000e2,2,2,28,322,276,624,496,1.00123,10790,10.7768
025040107410003168d2a000a00000e2,2,2,29,322,276,624,496,1.00123,10791,10.7778
025040107410003168d2a000a00000e2,2,2,30,322,276,624,496,1.00123,10791,10.7778
025040107410003168d2a000a00000e2,2,2,31,322,276,624,496,1.00123,10791,10.7778
025040107410003168d2a000a00000e2,2,2,32,322,276,624,496,1.00123,10790,10.7768
025040107410003168d2a000a00000e2,2,2,33,322,276,624,496,1.00123,10791,10.7778
025040107410003168d2a000a00000e2,2,2,34,322,276,624,496,1.00123,10790,10.7768
025040107410003168d2a000a00000e2,2,2,35,322,276,624,496,1.00123,10791,10.7778
025040107410003168d2a000a00000e2,2,2,36,322,276,624,496,1.00123,10790,10.7768
025040107410003168d2a000a00000e2,2,2,37,322,276,624,496,1.00123,10791,10.7778
025040107410003168d2a000a00000e2,2,2,38,322,276,624,496,1.00123,10791,10.7778
025040107410003168d2a000a00000e2,2,2,39,322,276,624,496,1.00123,10791,10.7778
025040107410003168d2a000a00000e2,2,2,40,322,276,624,496,1.00123,10790,10.7768
025040107410003168d2a000a00000e2,2,2,41,322,276,624,496,1.00123,10791,10.7778
025040107410003168d2a000a00000e2,2,2,42,322,276,624,496,1.00123,10790,10.7768
025040107410003168d2a000a00000e2,2,2,43,322,276,624,496,1.00123,10791,10.7778
025040107410003168d2a000a00000e2,2,2,44,322,276,624,496,1.00123,10779,10.7658
025040107410003168d2a000a00000e2,2,2,45,322,276,624,496,1.00123,10791,10.7778
025040107410003168d2a000a00000e2,2,2,46,322,276,624,496,1.00123,10790,10.7768
025040107410003168d2a000a00000e2,2,2,47,322,276,624,496,1.00123,10790,10.7768
025040107410003168d2a000a00000e2,2,2,48,322,276,624,496,1.00123,10789,10.7758
025040107410003168d2a000a00000e2,2,2,49,322,276,624,496,1.00123,10791,10.7778
025040107410003168d2a000a00000e2,2,2,50,322,276,624,496,1.00123,10789,10.7758
025040107410003168d2a000a00000e2,2,2,51,322,276,624,496,1.00123,10791,10.7778
025040107410003168d2a000a00000e2,2,2,52,322,276,624,496,1.00123,10783,10.7698
025040107410003168d2a000a00000e2,2,2,53,322,276,624,496,1.00123,10791,10.7778
025040107410003168d2a000a00000e2,2,2,54,322,276,624,496,1.00123,10788,10.7748
025040107410003168d2a000a00000e2,2,2,55,322,276,624,496,1.00123,10790,10.7768
025040107410003168d2a000a00000e2,2,2,56,322,276,624,496,1.00123,10790,10.7768
025040107410003168d2a000a00000e2,2,2,57,322,276,624,496,1.00123,10791,10.7778
025040107410003168d2a000a00000e2,2,2,58,322,276,624,496,1.00123,10790,10.7768
025040107410003168d2a000a00000e2,2,2,59,322,276,624,496,1.00123,10790,10.7768
025040107410003168d2a000a00000e2,2,2,60,322,276,624,496,1.00123,10786,10.7728
025040107410003168d2a000a00000e2,2,2,61,322,276,624,496,1.00123,10791,10.7778
025040107410003168d2a000a00000e2,2,2,62,322,276,624,496,1.00123,10750,10.7368
025040107410003168d2a000a00000e2,2,2,63,322,276,624,496,1.00123,10791,10.7778
025040107410003168d2a000a00000e2,2,2,0,322,276,625,497,1.00123,10839,10.8257
025040107410003168d2a000a00000e2,2,2,1,322,276,625,497,1.00123,10838,10.8247
025040107410003168d2a000a00000e2,2,2,2,322,276,625,497,1.00123,10839,10.8257
025040107410003168d2a000a00000e2,2,2,3,322,276,625,497,1.00123,10839,10.8257
025040107410003168d2a000a00000e2,2,2,4,322,276,625,497,1.00123,10839,10.8257
025040107410003168d2a000a00000e2,2,2,5,322,276,625,497,1.00123,10838,10.8247
025040107410003168d2a000a00000e2,2,2,6,322,276,625,497,1.00123,10838,10.8247
025040107410003168d2a000a00000e2,2,2,7,322,276,625,497,1.00123,10833,10.8197
025040107410003168d2a000a00000e2,2,2,8,322,276,625,497,1.00123,10838,10.8247
025040107410003168d2a000a00000e2,2,2,9,322,276,625,497,1.00123,10838,10.8247
025040107410003168d2a000a00000e2,2,2,10,322,276,625,497,1.00123,10838,10.8247
025040107410003168d2a000a00000e2,2,2,11,322,276,625,497,1.00123,10838,10.8247
025040107410003168d2a000a00000e2,2,2,12,322,276,625,497,1.00123,10838,10.8247
025040107410003168d2a000a00000e2,2,2,13,322,276,625,497,1.00123,10838,10.8247
025040107410003168d2a000a00000e2,2,2,14,322,276,625,497,1.00123,10838,10.8247
025040107410003168d2a000a00000e2,2,2,15,322,276,625,497,1.00123,10838,10.8247
025040107410003168d2a000a00000e2,2,2,16,322,276,625,497,1.00123,10838,10.8247
025040107410003168d2a000a00000e2,2,2,17,322,276,625,497,1.00123,10837,10.8237
025040107410003168d2a000a00000e2,2,2,18,322,276,625,497,1.00123,10838,10.8247
025040107410003168d2a000a00000e2,2,2,19,322,276,625,497,1.00123,10837,10.8237
025040107410003168d2a000a00000e2,2,2,20,322,276,625,497,1.00123,10838,10.8247
025040107410003168d2a000a00000e2,2,2,21,322,276,625,497,1.00123,10838,10.8247
025040107410003168d2a000a00000e2,2,2,22,322,276,625,497,1.00123,10838,10.8247
025040107410003168d2a000a00000e2,2,2,23,322,276,625,497,1.00123,10838,10.8247
025040107410003168d2a000a00000e2,2,2,24,322,276,625,497,1.00123,10837,10.8237
025040107410003168d2a000a00000e2,2,2,25,322,276,625,497,1.00123,10838,10.8247
025040107410003168d2a000a00000e2,2,2,26,322,276,625,497,1.00123,10836,10.8227
025040107410003168d2a000a00000e2,2,2,27,322,276,625,497,1.00123,10838,10.8247
025040107410003168d2a000a00000e2,2,2,28,322,276,625,497,1.00123,10835,10.8217
025040107410003168d2a000a00000e2,2,2,29,322,276,625,497,1.00123,10838,10.8247
025040107410003168d2a000a00000e2,2,2,30,322,276,625,497,1.00123,10838,10.8247
025040107410003168d2a000a00000e2,2,2,31,322,276,625,497,1.00123,10838,10.8247
025040107410003168d2a000a00000e2,2,2,32,322,276,625,497,1.00123,10836,10.8227
025040107410003168d2a000a00000e2,2,2,33,322,276,625,497,1.00123,10838,10.8247
025040107410003168d2a000a00000e2,2,2,34,322,276,625,497,1.00123,10837,10.8237
025040107410003168d2a000a00000e2,2,2,35,322,276,625,497,1.00123,10838,10.8247
025040107410003168d2a000a00000e2,2,2,36,322,276,625,497,1.00123,10838,10.8247
025040107410003168d2a000a00000e2,2,2,37,322,276,625,497,1.00123,10838,10.8247
025040107410003168d2a000a00000e2,2,2,38,322,276,625,497,1.00123,10838,10.8247
025040107410003168d2a000a00000e2,2,2,39,322,276,625,497,1.00123,10838,10.8247
025040107410003168d2a000a00000e2,2,2,40,322,276,625,497,1.00123,10838,10.8247
025040107410003168d2a000a00000e2,2,2,41,322,276,625,497,1.00123,10838,10.8247
025040107410003168d2a000a00000e2,2,2,42,322,276,625,497,1.00123,10838,10.8247
025040107410003168d2a000a00000e2,2,2,43,322,276,625,497,1.00123,10838,10.8247
025040107410003168d2a000a00000e2,2,2,44,322,276,625,497,1.00123,10815,10.8018
025040107410003168d2a000a00000e2,2,2,45,322,276,625,497,1.00123,10838,10.8247
025040107410003168d2a000a00000e2,2,2,46,322,276,625,497,1.00123,10834,10.8207
025040107410003168d2a000a00000e2,2,2,47,322,276,625,497,1.00123,10837,10.8237
025040107410003168d2a000a00000e2,2,2,48,322,276,625,497,1.00123,10835,10.8217
025040107410003168d2a000a00000e2,2,2,49,322,276,625,497,1.00123,10838,10.8247
025040107410003168d2a000a00000e2,2,2,50,322,276,625,497,1.00123,10825,10.8117
025040107410003168d2a000a00000e2,2,2,51,322,276,625,497,1.00123,10837,10.8237
025040107410003168d2a000a00000e2,2,2,52,322,276,625,497,1.00123,10821,10.8077
025040107410003168d2a000a00000e2,2,2,53,322,276,625,497,1.00123,10838,10.8247
025040107410003168d2a000a00000e2,2,2,54,322,276,625,497,1.00123,10828,10.8147
025040107410003168d2a000a00000e2,2,2,55,322,276,625,497,1.00123,10836,10.8227
025040107410003168d2a000a00000e2,2,2,56,322,276,625,497,1.00123,10837,10.8237
025040107410003168d2a000a00000e2,2,2,57,322,276,625,497,1.00123,10838,10.8247
025040107410003168d2a000a00000e2,2,2,58,322,276,625,497,1.00123,10837,10.8237
025040107410003168d2a000a00000e2,2,2,59,322,276,625,497,1.00123,10837,10.8237
025040107410003168d2a000a00000e2,2,2,60,322,276,625,497,1.00123,10824,10.8107
025040107410003168d2a000a00000e2,2,2,61,322,276,625,497,1.00123,10837,10.8237
025040107410003168d2a000a00000e2,2,2,62,322,276,625,497,1.00123,10800,10.7868
025040107410003168d2a000a00000e2,2,2,63,322,276,625,497,1.00123,10837,10.8237
025040107410003168d2a000a00000e2,2,2,0,322,276,626,498,1.00123,10814,10.8008
025040107410003168d2a000a00000e2,2,2,1,322,276,626,498,1.00123,10814,10.8008
025040107410003168d2a000a00000e2,2,2,2,322,276,626,498,1.00123,10814,10.8008
025040107410003168d2a000a00000e2,2,2,3,322,276,626,498,1.00123,10814,10.8008
025040107410003168d2a000a00000e2,2,2,4,322,276,626,498,1.00123,10814,10.8008
025040107410003168d2a000a00000e2,2,2,5,322,276,626,498,1.00123,10814,10.8008
025040107410003168d2a000a00000e2,2,2,6,322,276,626,498,1.00123,10814,10.8008
025040107410003168d2a000a00000e2,2,2,7,322,276,626,498,1.00123,10813,10.7998
025040107410003168d2a000a00000e2,2,2,8,322,276,626,498,1.00123,10814,10.8008
025040107410003168d2a000a00000e2,2,2,9,322,276,626,498,1.00123,10814,10.8008
025040107410003168d2a000a00000e2,2,2,10,322,276,626,498,1.00123,10814,10.8008
025040107410003168d2a000a00000e2,2,2,11,322,276,626,498,1.00123,10814,10.8008
025040107410003168d2a000a00000e2,2,2,12,322,276,626,498,1.00123,10814,10.8008
025040107410003168d2a000a00000e2,2,2,13,322,276,626,498,1.00123,10814,10.8008
025040107410003168d2a000a00000e2,2,2,14,322,276,626,498,1.00123,10815,10.8018
025040107410003168d2a000a00000e2,2,2,15,322,276,626,498,1.00123,10815,10.8018
025040107410003168d2a000a00000e2,2,2,16,322,276,626,498,1.00123,10815,10.8018
025040107410003168d2a000a00000e2,2,2,17,322,276,626,498,1.00123,10815,10.8018
025040107410003168d2a000a00000e2,2,2,18,322,276,626,498,1.00123,10815,10.8018
025040107410003168d2a000a00000e2,2,2,19,322,276,626,498,1.00123,10815,10.8018
025040107410003168d2a000a00000e2,2,2,20,322,276,626,498,1.00123,10815,10.8018
025040107410003168d2a000a00000e2,2,2,21,322,276,626,498,1.00123,10815,10.8018
025040107410003168d2a000a00000e2,2,2,22,322,276,626,498,1.00123,10815,10.8018
025040107410003168d2a000a00000e2,2,2,23,322,276,626,498,1.00123,10815,10.8018
025040107410003168d2a000a00000e2,2,2,24,322,276,626,498,1.00123,10815,10.8018
025040107410003168d2a000a00000e2,2,2,25,322,276,626,498,1.00123,10815,10.8018
025040107410003168d2a000a00000e2,2,2,26,322,276,626,498,1.00123,10815,10.8018
025040107410003168d2a000a00000e2,2,2,27,322,276,626,498,1.00123,10815,10.8018
025040107410003168d2a000a00000e2,2,2,28,322,276,626,498,1.00123,10815,10.8018
025040107410003168d2a000a00000e2,2,2,29,322,276,626,498,1.00123,10815,10.8018
025040107410003168d2a000a00000e2,2,2,30,322,276,626,498,1.00123,10815,10.8018
025040107410003168d2a000a00000e2,2,2,31,322,276,626,498,1.00123,10815,10.8018
025040107410003168d2a000a00000e2,2,2,32,322,276,626,498,1.00123,10814,10.8008
025040107410003168d2a000a00000e2,2,2,33,322,276,626,498,1.00123,10815,10.8018
025040107410003168d2a000a00000e2,2,2,34,322,276,626,498,1.00123,10814,10.8008
025040107410003168d2a000a00000e2,2,2,35,322,276,626,498,1.00123,10814,10.8008
025040107410003168d2a000a00000e2,2,2,36,322,276,626,498,1.00123,10814,10.8008
025040107410003168d2a000a00000e2,2,2,37,322,276,626,498,1.00123,10814,10.8008
025040107410003168d2a000a00000e2,2,2,38,322,276,626,498,1.00123,10814,10.8008
025040107410003168d2a000a00000e2,2,2,39,322,276,626,498,1.00123,10814,10.8008
025040107410003168d2a000a00000e2,2,2,40,322,276,626,498,1.00123,10814,10.8008
025040107410003168d2a000a00000e2,2,2,41,322,276,626,498,1.00123,10814,10.8008
025040107410003168d2a000a00000e2,2,2,42,322,276,626,498,1.00123,10814,10.8008
025040107410003168d2a000a00000e2,2,2,43,322,276,626,498,1.00123,10814,10.8008
025040107410003168d2a000a00000e2,2,2,44,322,276,626,498,1.00123,10790,10.7768
025040107410003168d2a000a00000e2,2,2,45,322,276,626,498,1.00123,10814,10.8008
025040107410003168d2a000a00000e2,2,2,46,322,276,626,498,1.00123,10813,10.7998
025040107410003168d2a000a00000e2,2,2,47,322,276,626,498,1.00123,10814,10.8008
025040107410003168d2a000a00000e2,2,2,48,322,276,626,498,1.00123,10813,10.7998
025040107410003168d2a000a00000e2,2,2,49,322,276,626,498,1.00123,10814,10.8008
025040107410003168d2a000a00000e2,2,2,50,322,276,626,498,1.00123,10809,10.7958
025040107410003168d2a000a00000e2,2,2,51,322,276,626,498,1.00123,10814,10.8008
025040107410003168d2a000a00000e2,2,2,52,322,276,626,498,1.00123,10791,10.7778
025040107410003168d2a000a00000e2,2,2,53,322,276,626,498,1.00123,10814,10.8008
025040107410003168d2a000a00000e2,2,2,54,322,276,626,498,1.00123,10812,10.7988
025040107410003168d2a000a00000e2,2,2,55,322,276,626,498,1.00123,10814,10.8008
025040107410003168d2a000a00000e2,2,2,56,322,276,626,498,1.00123,10814,10.8008
025040107410003168d2a000a00000e2,2,2,57,322,276,626,498,1.00123,10814,10.8008
025040107410003168d2a000a00000e2,2,2,58,322,276,626,498,1.00123,10814,10.8008
025040107410003168d2a000a00000e2,2,2,59,322,276,626,498,1.00123,10814,10.8008
025040107410003168d2a000a00000e2,2,2,60,322,276,626,498,1.00123,10802,10.7888
025040107410003168d2a000a00000e2,2,2,61,322,276,626,498,1.00123,10814,10.8008
025040107410003168d2a000a00000e2,2,2,62,322,276,626,498,1.00123,10770,10.7568
025040107410003168d2a000a00000e2,2,2,63,322,276,626,498,1.00123,10814,10.8008
025040107410003168d2a000a00000e2,2,2,0,322,276,627,498,1.00123,10838,10.8247
025040107410003168d2a000a00000e2,2,2,1,322,276,627,498,1.00123,10838,10.8247
025040107410003168d2a000a00000e2,2,2,2,322,276,627,498,1.00123,10838,10.8247
025040107410003168d2a000a00000e2,2,2,3,322,276,627,498,1.00123,10838,10.8247
025040107410003168d2a000a00000e2,2,2,4,322,276,627,498,1.00123,10838,10.8247
025040107410003168d2a000a00000e2,2,2,5,322,276,627,498,1.00123,10838,10.8247
025040107410003168d2a000a00000e2,2,2,6,322,276,627,498,1.00123,10838,10.8247
025040107410003168d2a000a00000e2,2,2,7,322,276,627,498,1.00123,10834,10.8207
025040107410003168d2a000a00000e2,2,2,8,322,276,627,498,1.00123,10838,10.8247
025040107410003168d2a000a00000e2,2,2,9,322,276,627,498,1.00123,10838,10.8247
025040107410003168d2a000a00000e2,2,2,10,322,276,627,498,1.00123,10838,10.8247
025040107410003168d2a000a00000e2,2,2,11,322,276,627,498,1.00123,10838,10.8247
025040107410003168d2a000a00000e2,2,2,12,322,276,627,498,1.00123,10838,10.8247
025040107410003168d2a000a00000e2,2,2,13,322,276,627,498,1.00123,10838,10.8247
025040107410003168d2a000a00000e2,2,2,14,322,276,627,498,1.00123,10838,10.8247
025040107410003168d2a000a00000e2,2,2,15,322,276,627,498,1.00123,10838,10.8247
025040107410003168d2a000a00000e2,2,2,16,322,276,627,498,1.00123,10838,10.8247
025040107410003168d2a000a00000e2,2,2,17,322,276,627,498,1.00123,10838,10.8247
025040107410003168d2a000a00000e2,2,2,18,322,276,627,498,1.00123,10838,10.8247
025040107410003168d2a000a00000e2,2,2,19,322,276,627,498,1.00123,10838,10.8247
025040107410003168d2a000a00000e2,2,2,20,322,276,627,498,1.00123,10838,10.8247
025040107410003168d2a000a00000e2,2,2,21,322,276,627,498,1.00123,10838,10.8247
025040107410003168d2a000a00000e2,2,2,22,322,276,627,498,1.00123,10838,10.8247
025040107410003168d2a000a00000e2,2,2,23,322,276,627,498,1.00123,10838,10.8247
025040107410003168d2a000a00000e2,2,2,24,322,276,627,498,1.00123,10836,10.8227
025040107410003168d2a000a00000e2,2,2,25,322,276,627,498,1.00123,10838,10.8247
025040107410003168d2a000a00000e2,2,2,26,322,276,627,498,1.00123,10838,10.8247
025040107410003168d2a000a00000e2,2,2,27,322,276,627,498,1.00123,10838,10.8247
025040107410003168d2a000a00000e2,2,2,28,322,276,627,498,1.00123,10837,10.8237
025040107410003168d2a000a00000e2,2,2,29,322,276,627,498,1.00123,10838,10.8247
025040107410003168d2a000a00000e2,2,2,30,322,276,627,498,1.00123,10838,10.8247
025040107410003168d2a000a00000e2,2,2,31,322,276,627,498,1.00123,10838,10.8247
025040107410003168d2a000a00000e2,2,2,32,322,276,627,498,1.00123,10835,10.8217
025040107410003168d2a000a00000e2,2,2,33,322,276,627,498,1.00123,10838,10.8247
025040107410003168d2a000a00000e2,2,2,34,322,276,627,498,1.00123,10838,10.8247
025040107410003168d2a000a00000e2,2,2,35,322,276,627,498,1.00123,10838,10.8247
025040107410003168d2a000a00000e2,2,2,36,322,276,627,498,1.00123,10838,10.8247
025040107410003168d2a000a00000e2,2,2,37,322,276,627,498,1.00123,10838,10.8247
025040107410003168d2a000a00000e2,2,2,38,322,276,627,498,1.00123,10838,10.8247
025040107410003168d2a000a00000e2,2,2,39,322,276,627,498,1.00123,10838,10.8247
025040107410003168d2a000a00000e2,2,2,40,322,276,627,498,1.00123,10838,10.8247
025040107410003168d2a000a00000e2,2,2,41,322,276,627,498,1.00123,10838,10.8247
025040107410003168d2a000a00000e2,2,2,42,322,276,627,498,1.00123,10838,10.8247
025040107410003168d2a000a00000e2,2,2,43,322,276,627,498,1.00123,10838,10.8247
025040107410003168d2a000a00000e2,2,2,44,322,276,627,498,1.00123,10812,10.7988
025040107410003168d2a000a00000e2,2,2,45,322,276,627,498,1.00123,10838,10.8247
025040107410003168d2a000a00000e2,2,2,46,322,276,627,498,1.00123,10835,10.8217
025040107410003168d2a000a00000e2,2,2,47,322,276,627,498,1.00123,10838,10.8247
025040107410003168d2a000a00000e2,2,2,48,322,276,627,498,1.00123,10834,10.8207
025040107410003168d2a000a00000e2,2,2,49,322,276,627,498,1.00123,10838,10.8247
025040107410003168d2a000a00000e2,2,2,50,322,276,627,498,1.00123,10830,10.8167
025040107410003168d2a000a00000e2,2,2,51,322,276,627,498,1.00123,10838,10.8247
025040107410003168d2a000a00000e2,2,2,52,322,276,627,498,1.00123,10816,10.8028
025040107410003168d2a000a00000e2,2,2,53,322,276,627,498,1.00123,10838,10.8247
025040107410003168d2a000a00000e2,2,2,54,322,276,627,498,1.00123,10832,10.8187
025040107410003168d2a000a00000e2,2,2,55,322,276,627,498,1.00123,10836,10.8227
025040107410003168d2a000a00000e2,2,2,56,322,276,627,498,1.00123,10837,10.8237
025040107410003168d2a000a00000e2,2,2,57,322,276,627,498,1.00123,10838,10.8247
025040107410003168d2a000a00000e2,2,2,58,322,276,627,498,1.00123,10837,10.8237
025040107410003168d2a000a00000e2,2,2,59,322,276,627,498,1.00123,10838,10.8247
025040107410003168d2a000a00000e2,2,2,60,322,276,627,498,1.00123,10822,10.8087
025040107410003168d2a000a00000e2,2,2,61,322,276,627,498,1.00123,10838,10.8247
025040107410003168d2a000a00000e2,2,2,62,322,276,627,498,1.00123,10794,10.7808
025040107410003168d2a000a00000e2,2,2,63,322,276,627,498,1.00123,10837,10.8237
025040107410003168d2a000a00000e2,2,2,0,322,276,628,499,1.00123,10815,10.8018
025040107410003168d2a000a00000e2,2,2,1,322,276,628,499,1.00123,10812,10.7988
025040107410003168d2a000a00000e2,2,2,2,322,276,628,499,1.00123,10815,10.8018
025040107410003168d2a000a00000e2,2,2,3,322,276,628,499,1.00123,10815,10.8018
025040107410003168d2a000a00000e2,2,2,4,322,276,628,499,1.00123,10815,10.8018
025040107410003168d2a000a00000e2,2,2,5,322,276,628,499,1.00123,10813,10.7998
025040107410003168d2a000a00000e2,2,2,6,322,276,628,499,1.00123,10813,10.7998
025040107410003168d2a000a00000e2,2,2,7,322,276,628,499,1.00123,10809,10.7958
025040107410003168d2a000a00000e2,2,2,8,322,276,628,499,1.00123,10815,10.8018
025040107410003168d2a000a00000e2,2,2,9,322,276,628,499,1.00123,10815,10.8018
025040107410003168d2a000a00000e2,2,2,10,322,276,628,499,1.00123,10815,10.8018
025040107410003168d2a000a00000e2,2,2,11,322,276,628,499,1.00123,10815,10.8018
025040107410003168d2a000a00000e2,2,2,12,322,276,628,499,1.00123,10815,10.8018
025040107410003168d2a000a00000e2,2,2,13,322,276,628,499,1.00123,10815,10.8018
025040107410003168d2a000a00000e2,2,2,14,322,276,628,499,1.00123,10815,10.8018
025040107410003168d2a000a00000e2,2,2,15,322,276,628,499,1.00123,10815,10.8018
025040107410003168d2a000a00000e2,2,2,16,322,276,628,499,1.00123,10815,10.8018
025040107410003168d2a000a00000e2,2,2,17,322,276,628,499,1.00123,10815,10.8018
025040107410003168d2a000a00000e2,2,2,18,322,276,628,499,1.00123,10815,10.8018
025040107410003168d2a000a00000e2,2,2,19,322,276,628,499,1.00123,10816,10.8028
025040107410003168d2a000a00000e2,2,2,20,322,276,628,499,1.00123,10816,10.8028
025040107410003168d2a000a00000e2,2,2,21,322,276,628,499,1.00123,10816,10.8028
025040107410003168d2a000a00000e2,2,2,22,322,276,628,499,1.00123,10816,10.8028
025040107410003168d2a000a00000e2,2,2,23,322,276,628,499,1.00123,10816,10.8028
025040107410003168d2a000a00000e2,2,2,24,322,276,628,499,1.00123,10814,10.8008
025040107410003168d2a000a00000e2,2,2,25,322,276,628,499,1.00123,10816,10.8028
025040107410003168d2a000a00000e2,2,2,26,322,276,628,499,1.00123,10815,10.8018
025040107410003168d2a000a00000e2,2,2,27,322,276,628,499,1.00123,10816,10.8028
025040107410003168d2a000a00000e2,2,2,28,322,276,628,499,1.00123,10813,10.7998
025040107410003168d2a000a00000e2,2,2,29,322,276,628,499,1.00123,10816,10.8028
025040107410003168d2a000a00000e2,2,2,30,322,276,628,499,1.00123,10816,10.8028
025040107410003168d2a000a00000e2,2,2,31,322,276,628,499,1.00123,10816,10.8028
025040107410003168d2a000a00000e2,2,2,32,322,276,628,499,1.00123,10813,10.7998
025040107410003168d2a000a00000e2,2,2,33,322,276,628,499,1.00123,10816,10.8028
025040107410003168d2a000a00000e2,2,2,34,322,276,628,499,1.00123,10815,10.8018
025040107410003168d2a000a00000e2,2,2,35,322,276,628,499,1.00123,10816,10.8028
025040107410003168d2a000a00000e2,2,2,36,322,276,628,499,1.00123,10816,10.8028
025040107410003168d2a000a00000e2,2,2,37,322,276,628,499,1.00123,10816,10.8028
025040107410003168d2a000a00000e2,2,2,38,322,276,628,499,1.00123,10816,10.8028
025040107410003168d2a000a00000e2,2,2,39,322,276,628,499,1.00123,10816,10.8028
025040107410003168d2a000a00000e2,2,2,40,322,276,628,499,1.00123,10816,10.8028
025040107410003168d2a000a00000e2,2,2,41,322,276,628,499,1.00123,10816,10.8028
025040107410003168d2a000a00000e2,2,2,42,322,276,628,499,1.00123,10816,10.8028
025040107410003168d2a000a00000e2,2,2,43,322,276,628,499,1.00123,10816,10.8028
025040107410003168d2a000a00000e2,2,2,44,322,276,628,499,1.00123,10786,10.7728
025040107410003168d2a000a00000e2,2,2,45,322,276,628,499,1.00123,10816,10.8028
025040107410003168d2a000a00000e2,2,2,46,322,276,628,499,1.00123,10813,10.7998
025040107410003168d2a000a00000e2,2,2,47,322,276,628,499,1.00123,10813,10.7998
025040107410003168d2a000a00000e2,2,2,48,322,276,628,499,1.00123,10812,10.7988
025040107410003168d2a000a00000e2,2,2,49,322,276,628,499,1.00123,10816,10.8028
025040107410003168d2a000a00000e2,2,2,50,322,276,628,499,1.00123,10806,10.7928
025040107410003168d2a000a00000e2,2,2,51,322,276,628,499,1.00123,10816,10.8028
025040107410003168d2a000a00000e2,2,2,52,322,276,628,499,1.00123,10790,10.7768
025040107410003168d2a000a00000e2,2,2,53,322,276,628,499,1.00123,10816,10.8028
025040107410003168d2a000a00000e2,2,2,54,322,276,628,499,1.00123,10807,10.7938
025040107410003168d2a000a00000e2,2,2,55,322,276,628,499,1.00123,10812,10.7988
025040107410003168d2a000a00000e2,2,2,56,322,276,628,499,1.00123,10813,10.7998
025040107410003168d2a000a00000e2,2,2,57,322,276,628,499,1.00123,10815,10.8018
025040107410003168d2a000a00000e2,2,2,58,322,276,628,499,1.00123,10812,10.7988
025040107410003168d2a000a00000e2,2,2,59,322,276,628,499,1.00123,10811,10.7978
025040107410003168d2a000a00000e2,2,2,60,322,276,628,499,1.00123,10793,10.7798
025040107410003168d2a000a00000e2,2,2,61,322,276,628,499,1.00123,10815,10.8018
025040107410003168d2a000a00000e2,2,2,62,322,276,628,499,1.00123,10764,10.7508
025040107410003168d2a000a00000e2,2,2,63,322,276,628,499,1.00123,10815,10.8018
025040107410003168d2a000a00000e2,2,2,0,322,276,629,500,1.00123,10770,10.7568
025040107410003168d2a000a00000e2,2,2,1,322,276,629,500,1.00123,10763,10.7498
025040107410003168d2a000a00000e2,2,2,2,322,276,629,500,1.00123,10770,10.7568
025040107410003168d2a000a00000e2,2,2,3,322,276,629,500,1.00123,10770,10.7568
025040107410003168d2a000a00000e2,2,2,4,322,276,629,500,1.00123,10768,10.7548
025040107410003168d2a000a00000e2,2,2,5,322,276,629,500,1.00123,10764,10.7508
025040107410003168d2a000a00000e2,2,2,6,322,276,629,500,1.00123,10763,10.7498
025040107410003168d2a000a00000e2,2,2,7,322,276,629,500,1.00123,10760,10.7468
025040107410003168d2a000a00000e2,2,2,8,322,276,629,500,1.00123,10770,10.7568
025040107410003168d2a000a00000e2,2,2,9,322,276,629,500,1.00123,10770,10.7568
025040107410003168d2a000a00000e2,2,2,10,322,276,629,500,1.00123,10769,10.7558
025040107410003168d2a000a00000e2,2,2,11,322,276,629,500,1.00123,10770,10.7568
025040107410003168d2a000a00000e2,2,2,12,322,276,629,500,1.00123,10767,10.7538
025040107410003168d2a000a00000e2,2,2,13,322,276,629,500,1.00123,10770,10.7568
025040107410003168d2a000a00000e2,2,2,14,322,276,629,500,1.00123,10769,10.7558
025040107410003168d2a000a00000e2,2,2,15,322,276,629,500,1.00123,10773,10.7598
025040107410003168d2a000a00000e2,2,2,16,322,276,629,500,1.00123,10771,10.7578
025040107410003168d2a000a00000e2,2,2,17,322,276,629,500,1.00123,10769,10.7558
025040107410003168d2a000a00000e2,2,2,18,322,276,629,500,1.00123,10769,10.7558
025040107410003168d2a000a00000e2,2,2,19,322,276,629,500,1.00123,10770,10.7568
025040107410003168d2a000a00000e2,2,2,20,322,276,629,500,1.00123,10771,10.7578
025040107410003168d2a000a00000e2,2,2,21,322,276,629,500,1.00123,10772,10.7588
025040107410003168d2a000a00000e2,2,2,22,322,276,629,500,1.00123,10771,10.7578
025040107410003168d2a000a00000e2,2,2,23,322,276,629,500,1.00123,10771,10.7578
025040107410003168d2a000a00000e2,2,2,24,322,276,629,500,1.00123,10764,10.7508
025040107410003168d2a000a00000e2,2,2,25,322,276,629,500,1.00123,10770,10.7568
025040107410003168d2a000a00000e2,2,2,26,322,276,629,500,1.00123,10765,10.7518
025040107410003168d2a000a00000e2,2,2,27,322,276,629,500,1.00123,10770,10.7568
025040107410003168d2a000a00000e2,2,2,28,322,276,629,500,1.00123,10763,10.7498
025040107410003168d2a000a00000e2,2,2,29,322,276,629,500,1.00123,10772,10.7588
025040107410003168d2a000a00000e2,2,2,30,322,276,629,500,1.00123,10770,10.7568
025040107410003168d2a000a00000e2,2,2,31,322,276,629,500,1.00123,10772,10.7588
025040107410003168d2a000a00000e2,2,2,32,322,276,629,500,1.00123,10764,10.7508
025040107410003168d2a000a00000e2,2,2,33,322,276,629,500,1.00123,10772,10.7588
025040107410003168d2a000a00000e2,2,2,34,322,276,629,500,1.00123,10766,10.7528
025040107410003168d2a000a00000e2,2,2,35,322,276,629,500,1.00123,10771,10.7578
025040107410003168d2a000a00000e2,2,2,36,322,276,629,500,1.00123,10770,10.7568
025040107410003168d2a000a00000e2,2,2,37,322,276,629,500,1.00123,10772,10.7588
025040107410003168d2a000a00000e2,2,2,38,322,276,629,500,1.00123,10771,10.7578
025040107410003168d2a000a00000e2,2,2,39,322,276,629,500,1.00123,10771,10.7578
025040107410003168d2a000a00000e2,2,2,40,322,276,629,500,1.00123,10768,10.7548
025040107410003168d2a000a00000e2,2,2,41,322,276,629,500,1.00123,10771,10.7578
025040107410003168d2a000a00000e2,2,2,42,322,276,629,500,1.00123,10767,10.7538
025040107410003168d2a000a00000e2,2,2,43,322,276,629,500,1.00123,10772,10.7588
025040107410003168d2a000a00000e2,2,2,44,322,276,629,500,1.00123,10736,10.7229
025040107410003168d2a000a00000e2,2,2,45,322,276,629,500,1.00123,10770,10.7568
025040107410003168d2a000a00000e2,2,2,46,322,276,629,500,1.00123,10763,10.7498
025040107410003168d2a000a00000e2,2,2,47,322,276,629,500,1.00123,10764,10.7508
025040107410003168d2a000a00000e2,2,2,48,322,276,629,500,1.00123,10763,10.7498
025040107410003168d2a000a00000e2,2,2,49,322,276,629,500,1.00123,10770,10.7568
025040107410003168d2a000a00000e2,2,2,50,322,276,629,500,1.00123,10760,10.7468
025040107410003168d2a000a00000e2,2,2,51,322,276,629,500,1.00123,10767,10.7538
025040107410003168d2a000a00000e2,2,2,52,322,276,629,500,1.00123,10743,10.7298
025040107410003168d2a000a00000e2,2,2,53,322,276,629,500,1.00123,10772,10.7588
025040107410003168d2a000a00000e2,2,2,54,322,276,629,500,1.00123,10761,10.7478
025040107410003168d2a000a00000e2,2,2,55,322,276,629,500,1.00123,10764,10.7508
025040107410003168d2a000a00000e2,2,2,56,322,276,629,500,1.00123,10764,10.7508
025040107410003168d2a000a00000e2,2,2,57,322,276,629,500,1.00123,10770,10.7568
025040107410003168d2a000a00000e2,2,2,58,322,276,629,500,1.00123,10764,10.7508
025040107410003168d2a000a00000e2,2,2,59,322,276,629,500,1.00123,10764,10.7508
025040107410003168d2a000a00000e2,2,2,60,322,276,629,500,1.00123,10752,10.7388
025040107410003168d2a000a00000e2,2,2,61,322,276,629,500,1.00123,10771,10.7578
025040107410003168d2a000a00000e2,2,2,62,322,276,629,500,1.00123,10712,10.6989
025040107410003168d2a000a00000e2,2,2,63,322,276,629,500,1.00123,10768,10.7548
025040107410003168d2a000a00000e2,2,2,0,322,276,630,501,1.00123,10791,10.7778
025040107410003168d2a000a00000e2,2,2,1,322,276,630,501,1.00123,10790,10.7768
025040107410003168d2a000a00000e2,2,2,2,322,276,630,501,1.00123,10791,10.7778
025040107410003168d2a000a00000e2,2,2,3,322,276,630,501,1.00123,10791,10.7778
025040107410003168d2a000a00000e2,2,2,4,322,276,630,501,1.00123,10791,10.7778
025040107410003168d2a000a00000e2,2,2,5,322,276,630,501,1.00123,10790,10.7768
025040107410003168d2a000a00000e2,2,2,6,322,276,630,501,1.00123,10790,10.7768
025040107410003168d2a000a00000e2,2,2,7,322,276,630,501,1.00123,10786,10.7728
025040107410003168d2a000a00000e2,2,2,8,322,276,630,501,1.00123,10791,10.7778
025040107410003168d2a000a00000e2,2,2,9,322,276,630,501,1.00123,10791,10.7778
025040107410003168d2a000a00000e2,2,2,10,322,276,630,501,1.00123,10791,10.7778
025040107410003168d2a000a00000e2,2,2,11,322,276,630,501,1.00123,10791,10.7778
025040107410003168d2a000a00000e2,2,2,12,322,276,630,501,1.00123,10791,10.7778
025040107410003168d2a000a00000e2,2,2,13,322,276,630,501,1.00123,10792,10.7788
025040107410003168d2a000a00000e2,2,2,14,322,276,630,501,1.00123,10793,10.7798
025040107410003168d2a000a00000e2,2,2,15,322,276,630,501,1.00123,10793,10.7798
025040107410003168d2a000a00000e2,2,2,16,322,276,630,501,1.00123,10793,10.7798
025040107410003168d2a000a00000e2,2,2,17,322,276,630,501,1.00123,10792,10.7788
025040107410003168d2a000a00000e2,2,2,18,322,276,630,501,1.00123,10793,10.7798
025040107410003168d2a000a00000e2,2,2,19,322,276,630,501,1.00123,10793,10.7798
025040107410003168d2a000a00000e2,2,2,20,322,276,630,501,1.00123,10793,10.7798
025040107410003168d2a000a00000e2,2,2,21,322,276,630,501,1.00123,10793,10.7798
025040107410003168d2a000a00000e2,2,2,22,322,276,630,501,1.00123,10793,10.7798
025040107410003168d2a000a00000e2,2,2,23,322,276,630,501,1.00123,10793,10.7798
025040107410003168d2a000a00000e2,2,2,24,322,276,630,501,1.00123,10792,10.7788
025040107410003168d2a000a00000e2,2,2,25,322,276,630,501,1.00123,10793,10.7798
025040107410003168d2a000a00000e2,2,2,26,322,276,630,501,1.00123,10793,10.7798
025040107410003168d2a000a00000e2,2,2,27,322,276,630,501,1.00123,10793,10.7798
025040107410003168d2a000a00000e2,2,2,28,322,276,630,501,1.00123,10789,10.7758
025040107410003168d2a000a00000e2,2,2,29,322,276,630,501,1.00123,10793,10.7798
025040107410003168d2a000a00000e2,2,2,30,322,276,630,501,1.00123,10793,10.7798
025040107410003168d2a000a00000e2,2,2,31,322,276,630,501,1.00123,10793,10.7798
025040107410003168d2a000a00000e2,2,2,32,322,276,630,501,1.00123,10790,10.7768
025040107410003168d2a000a00000e2,2,2,33,322,276,630,501,1.00123,10793,10.7798
025040107410003168d2a000a00000e2,2,2,34,322,276,630,501,1.00123,10793,10.7798
025040107410003168d2a000a00000e2,2,2,35,322,276,630,501,1.00123,10793,10.7798
025040107410003168d2a000a00000e2,2,2,36,322,276,630,501,1.00123,10793,10.7798
025040107410003168d2a000a00000e2,2,2,37,322,276,630,501,1.00123,10793,10.7798
025040107410003168d2a000a00000e2,2,2,38,322,276,630,501,1.00123,10793,10.7798
025040107410003168d2a000a00000e2,2,2,39,322,276,630,501,1.00123,10793,10.7798
025040107410003168d2a000a00000e2,2,2,40,322,276,630,501,1.00123,10793,10.7798
025040107410003168d2a000a00000e2,2,2,41,322,276,630,501,1.00123,10793,10.7798
025040107410003168d2a000a00000e2,2,2,42,322,276,630,501,1.00123,10793,10.7798
025040107410003168d2a000a00000e2,2,2,43,322,276,630,501,1.00123,10793,10.7798
025040107410003168d2a000a00000e2,2,2,44,322,276,630,501,1.00123,10761,10.7478
025040107410003168d2a000a00000e2,2,2,45,322,276,630,501,1.00123,10793,10.7798
025040107410003168d2a000a00000e2,2,2,46,322,276,630,501,1.00123,10785,10.7718
025040107410003168d2a000a00000e2,2,2,47,322,276,630,501,1.00123,10791,10.7778
025040107410003168d2a000a00000e2,2,2,48,322,276,630,501,1.00123,10787,10.7738
025040107410003168d2a000a00000e2,2,2,49,322,276,630,501,1.00123,10792,10.7788
025040107410003168d2a000a00000e2,2,2,50,322,276,630,501,1.00123,10779,10.7658
025040107410003168d2a000a00000e2,2,2,51,322,276,630,501,1.00123,10791,10.7778
025040107410003168d2a000a00000e2,2,2,52,322,276,630,501,1.00123,10768,10.7548
025040107410003168d2a000a00000e2,2,2,53,322,276,630,501,1.00123,10792,10.7788
025040107410003168d2a000a00000e2,2,2,54,322,276,630,501,1.00123,10780,10.7668
025040107410003168d2a000a00000e2,2,2,55,322,276,630,501,1.00123,10790,10.7768
025040107410003168d2a000a00000e2,2,2,56,322,276,630,501,1.00123,10790,10.7768
025040107410003168d2a000a00000e2,2,2,57,322,276,630,501,1.00123,10792,10.7788
025040107410003168d2a000a00000e2,2,2,58,322,276,630,501,1.00123,10788,10.7748
025040107410003168d2a000a00000e2,2,2,59,322,276,630,501,1.00123,10790,10.7768
025040107410003168d2a000a00000e2,2,2,60,322,276,630,501,1.00123,10775,10.7618
025040107410003168d2a000a00000e2,2,2,61,322,276,630,501,1.00123,10792,10.7788
025040107410003168d2a000a00000e2,2,2,62,322,276,630,501,1.00123,10741,10.7278
025040107410003168d2a000a00000e2,2,2,63,322,276,630,501,1.00123,10792,10.7788
025040107410003168d2a000a00000e2,2,2,0,322,276,631,502,1.00123,10840,10.8267
025040107410003168d2a000a00000e2,2,2,1,322,276,631,502,1.00123,10836,10.8227
025040107410003168d2a000a00000e2,2,2,2,322,276,631,502,1.00123,10840,10.8267
025040107410003168d2a000a00000e2,2,2,3,322,276,631,502,1.00123,10840,10.8267
025040107410003168d2a000a00000e2,2,2,4,322,276,631,502,1.00123,10839,10.8257
025040107410003168d2a000a00000e2,2,2,5,322,276,631,502,1.00123,10837,10.8237
025040107410003168d2a000a00000e2,2,2,6,322,276,631,502,1.00123,10837,10.8237
025040107410003168d2a000a00000e2,2,2,7,322,276,631,502,1.00123,10833,10.8197
025040107410003168d2a000a00000e2,2,2,8,322,276,631,502,1.00123,10840,10.8267
025040107410003168d2a000a00000e2,2,2,9,322,276,631,502,1.00123,10840,10.8267
025040107410003168d2a000a00000e2,2,2,10,322,276,631,502,1.00123,10840,10.8267
025040107410003168d2a000a00000e2,2,2,11,322,276,631,502,1.00123,10840,10.8267
025040107410003168d2a000a00000e2,2,2,12,322,276,631,502,1.00123,10838,10.8247
025040107410003168d2a000a00000e2,2,2,13,322,276,631,502,1.00123,10840,10.8267
025040107410003168d2a000a00000e2,2,2,14,322,276,631,502,1.00123,10840,10.8267
025040107410003168d2a000a00000e2,2,2,15,322,276,631,502,1.00123,10840,10.8267
025040107410003168d2a000a00000e2,2,2,16,322,276,631,502,1.00123,10840,10.8267
025040107410003168d2a000a00000e2,2,2,17,322,276,631,502,1.00123,10838,10.8247
025040107410003168d2a000a00000e2,2,2,18,322,276,631,502,1.00123,10839,10.8257
025040107410003168d2a000a00000e2,2,2,19,322,276,631,502,1.00123,10839,10.8257
025040107410003168d2a000a00000e2,2,2,20,322,276,631,502,1.00123,10840,10.8267
025040107410003168d2a000a00000e2,2,2,21,322,276,631,502,1.00123,10840,10.8267
025040107410003168d2a000a00000e2,2,2,22,322,276,631,502,1.00123,10840,10.8267
025040107410003168d2a000a00000e2,2,2,23,322,276,631,502,1.00123,10840,10.8267
025040107410003168d2a000a00000e2,2,2,24,322,276,631,502,1.00123,10835,10.8217
025040107410003168d2a000a00000e2,2,2,25,322,276,631,502,1.00123,10840,10.8267
025040107410003168d2a000a00000e2,2,2,26,322,276,631,502,1.00123,10837,10.8237
025040107410003168d2a000a00000e2,2,2,27,322,276,631,502,1.00123,10840,10.8267
025040107410003168d2a000a00000e2,2,2,28,322,276,631,502,1.00123,10834,10.8207
025040107410003168d2a000a00000e2,2,2,29,322,276,631,502,1.00123,10840,10.8267
025040107410003168d2a000a00000e2,2,2,30,322,276,631,502,1.00123,10839,10.8257
025040107410003168d2a000a00000e2,2,2,31,322,276,631,502,1.00123,10839,10.8257
025040107410003168d2a000a00000e2,2,2,32,322,276,631,502,1.00123,10833,10.8197
025040107410003168d2a000a00000e2,2,2,33,322,276,631,502,1.00123,10839,10.8257
025040107410003168d2a000a00000e2,2,2,34,322,276,631,502,1.00123,10837,10.8237
025040107410003168d2a000a00000e2,2,2,35,322,276,631,502,1.00123,10839,10.8257
025040107410003168d2a000a00000e2,2,2,36,322,276,631,502,1.00123,10838,10.8247
025040107410003168d2a000a00000e2,2,2,37,322,276,631,502,1.00123,10839,10.8257
025040107410003168d2a000a00000e2,2,2,38,322,276,631,502,1.00123,10839,10.8257
025040107410003168d2a000a00000e2,2,2,39,322,276,631,502,1.00123,10839,10.8257
025040107410003168d2a000a00000e2,2,2,40,322,276,631,502,1.00123,10837,10.8237
025040107410003168d2a000a00000e2,2,2,41,322,276,631,502,1.00123,10839,10.8257
025040107410003168d2a000a00000e2,2,2,42,322,276,631,502,1.00123,10837,10.8237
025040107410003168d2a000a00000e2,2,2,43,322,276,631,502,1.00123,10839,10.8257
025040107410003168d2a000a00000e2,2,2,44,322,276,631,502,1.00123,10810,10.7968
025040107410003168d2a000a00000e2,2,2,45,322,276,631,502,1.00123,10837,10.8237
025040107410003168d2a000a00000e2,2,2,46,322,276,631,502,1.00123,10833,10.8197
025040107410003168d2a000a00000e2,2,2,47,322,276,631,502,1.00123,10836,10.8227
025040107410003168d2a000a00000e2,2,2,48,322,276,631,502,1.00123,10833,10.8197
025040107410003168d2a000a00000e2,2,2,49,322,276,631,502,1.00123,10839,10.8257
025040107410003168d2a000a00000e2,2,2,50,322,276,631,502,1.00123,10826,10.8127
025040107410003168d2a000a00000e2,2,2,51,322,276,631,502,1.00123,10837,10.8237
025040107410003168d2a000a00000e2,2,2,52,322,276,631,502,1.00123,10814,10.8008
025040107410003168d2a000a00000e2,2,2,53,322,276,631,502,1.00123,10839,10.8257
025040107410003168d2a000a00000e2,2,2,54,322,276,631,502,1.00123,10829,10.8157
025040107410003168d2a000a00000e2,2,2,55,322,276,631,502,1.00123,10833,10.8197
025040107410003168d2a000a00000e2,2,2,56,322,276,631,502,1.00123,10835,10.8217
025040107410003168d2a000a00000e2,2,2,57,322,276,631,502,1.00123,10839,10.8257
025040107410003168d2a000a00000e2,2,2,58,322,276,631,502,1.00123,10833,10.8197
025040107410003168d2a000a00000e2,2,2,59,322,276,631,502,1.00123,10834,10.8207
025040107410003168d2a000a00000e2,2,2,60,322,276,631,502,1.00123,10821,10.8077
025040107410003168d2a000a00000e2,2,2,61,322,276,631,502,1.00123,10838,10.8247
025040107410003168d2a000a00000e2,2,2,62,322,276,631,502,1.00123,10790,10.7768
025040107410003168d2a000a00000e2,2,2,63,322,276,631,502,1.00123,10837,10.8237
025040107410003168d2a000a00000e2,2,2,0,322,276,632,502,1.00123,10814,10.8008
025040107410003168d2a000a00000e2,2,2,1,322,276,632,502,1.00123,10813,10.7998
025040107410003168d2a000a00000e2,2,2,2,322,276,632,502,1.00123,10815,10.8018
025040107410003168d2a000a00000e2,2,2,3,322,276,632,502,1.00123,10815,10.8018
025040107410003168d2a000a00000e2,2,2,4,322,276,632,502,1.00123,10815,10.8018
025040107410003168d2a000a00000e2,2,2,5,322,276,632,502,1.00123,10814,10.8008
025040107410003168d2a000a00000e2,2,2,6,322,276,632,502,1.00123,10813,10.7998
025040107410003168d2a000a00000e2,2,2,7,322,276,632,502,1.00123,10806,10.7928
025040107410003168d2a000a00000e2,2,2,8,322,276,632,502,1.00123,10815,10.8018
025040107410003168d2a000a00000e2,2,2,9,322,276,632,502,1.00123,10815,10.8018
025040107410003168d2a000a00000e2,2,2,10,322,276,632,502,1.00123,10815,10.8018
025040107410003168d2a000a00000e2,2,2,11,322,276,632,502,1.00123,10815,10.8018
025040107410003168d2a000a00000e2,2,2,12,322,276,632,502,1.00123,10815,10.8018
025040107410003168d2a000a00000e2,2,2,13,322,276,632,502,1.00123,10816,10.8028
025040107410003168d2a000a00000e2,2,2,14,322,276,632,502,1.00123,10816,10.8028
025040107410003168d2a000a00000e2,2,2,15,322,276,632,502,1.00123,10816,10.8028
025040107410003168d2a000a00000e2,2,2,16,322,276,632,502,1.00123,10816,10.8028
025040107410003168d2a000a00000e2,2,2,17,322,276,632,502,1.00123,10815,10.8018
025040107410003168d2a000a00000e2,2,2,18,322,276,632,502,1.00123,10816,10.8028
025040107410003168d2a000a00000e2,2,2,19,322,276,632,502,1.00123,10816,10.8028
025040107410003168d2a000a00000e2,2,2,20,322,276,632,502,1.00123,10816,10.8028
025040107410003168d2a000a00000e2,2,2,21,322,276,632,502,1.00123,10816,10.8028
025040107410003168d2a000a00000e2,2,2,22,322,276,632,502,1.00123,10816,10.8028
025040107410003168d2a000a00000e2,2,2,23,322,276,632,502,1.00123,10816,10.8028
025040107410003168d2a000a00000e2,2,2,24,322,276,632,502,1.00123,10814,10.8008
025040107410003168d2a000a00000e2,2,2,25,322,276,632,502,1.00123,10816,10.8028
025040107410003168d2a000a00000e2,2,2,26,322,276,632,502,1.00123,10814,10.8008
025040107410003168d2a000a00000e2,2,2,27,322,276,632,502,1.00123,10816,10.8028
025040107410003168d2a000a00000e2,2,2,28,322,276,632,502,1.00123,10813,10.7998
025040107410003168d2a000a00000e2,2,2,29,322,276,632,502,1.00123,10816,10.8028
025040107410003168d2a000a00000e2,2,2,30,322,276,632,502,1.00123,10816,10.8028
025040107410003168d2a000a00000e2,2,2,31,322,276,632,502,1.00123,10816,10.8028
025040107410003168d2a000a00000e2,2,2,32,322,276,632,502,1.00123,10813,10.7998
025040107410003168d2a000a00000e2,2,2,33,322,276,632,502,1.00123,10816,10.8028
025040107410003168d2a000a00000e2,2,2,34,322,276,632,502,1.00123,10814,10.8008
025040107410003168d2a000a00000e2,2,2,35,322,276,632,502,1.00123,10816,10.8028
025040107410003168d2a000a00000e2,2,2,36,322,276,632,502,1.00123,10816,10.8028
025040107410003168d2a000a00000e2,2,2,37,322,276,632,502,1.00123,10816,10.8028
025040107410003168d2a000a00000e2,2,2,38,322,276,632,502,1.00123,10816,10.8028
025040107410003168d2a000a00000e2,2,2,39,322,276,632,502,1.00123,10816,10.8028
025040107410003168d2a000a00000e2,2,2,40,322,276,632,502,1.00123,10816,10.8028
025040107410003168d2a000a00000e2,2,2,41,322,276,632,502,1.00123,10816,10.8028
025040107410003168d2a000a00000e2,2,2,42,322,276,632,502,1.00123,10815,10.8018
025040107410003168d2a000a00000e2,2,2,43,322,276,632,502,1.00123,10816,10.8028
025040107410003168d2a000a00000e2,2,2,44,322,276,632,502,1.00123,10789,10.7758
025040107410003168d2a000a00000e2,2,2,45,322,276,632,502,1.00123,10816,10.8028
025040107410003168d2a000a00000e2,2,2,46,322,276,632,502,1.00123,10812,10.7988
025040107410003168d2a000a00000e2,2,2,47,322,276,632,502,1.00123,10814,10.8008
025040107410003168d2a000a00000e2,2,2,48,322,276,632,502,1.00123,10811,10.7978
025040107410003168d2a000a00000e2,2,2,49,322,276,632,502,1.00123,10816,10.8028
025040107410003168d2a000a00000e2,2,2,50,322,276,632,502,1.00123,10802,10.7888
025040107410003168d2a000a00000e2,2,2,51,322,276,632,502,1.00123,10815,10.8018
025040107410003168d2a000a00000e2,2,2,52,322,276,632,502,1.00123,10794,10.7808
025040107410003168d2a000a00000e2,2,2,53,322,276,632,502,1.00123,10816,10.8028
025040107410003168d2a000a00000e2,2,2,54,322,276,632,502,1.00123,10804,10.7908
025040107410003168d2a000a00000e2,2,2,55,322,276,632,502,1.00123,10810,10.7968
025040107410003168d2a000a00000e2,2,2,56,322,276,632,502,1.00123,10814,10.8008
025040107410003168d2a000a00000e2,2,2,57,322,276,632,502,1.00123,10816,10.8028
025040107410003168d2a000a00000e2,2,2,58,322,276,632,502,1.00123,10813,10.7998
025040107410003168d2a000a00000e2,2,2,59,322,276,632,502,1.00123,10813,10.7998
025040107410003168d2a000a00000e2,2,2,60,322,276,632,502,1.00123,10795,10.7818
025040107410003168d2a000a00000e2,2,2,61,322,276,632,502,1.00123,10815,10.8018
025040107410003168d2a000a00000e2,2,2,62,322,276,632,502,1.00123,10762,10.7488
025040107410003168d2a000a00000e2,2,2,63,322,276,632,502,1.00123,10814,10.8008
025040107410003168d2a000a00000e2,2,2,0,322,276,633,503,1.00123,10795,10.7818
025040107410003168d2a000a00000e2,2,2,1,322,276,633,503,1.00123,10789,10.7758
025040107410003168d2a000a00000e2,2,2,2,322,276,633,503,1.00123,10795,10.7818
025040107410003168d2a000a00000e2,2,2,3,322,276,633,503,1.00123,10795,10.7818
025040107410003168d2a000a00000e2,2,2,4,322,276,633,503,1.00123,10792,10.7788
025040107410003168d2a000a00000e2,2,2,5,322,276,633,503,1.00123,10789,10.7758
025040107410003168d2a000a00000e2,2,2,6,322,276,633,503,1.00123,10791,10.7778
025040107410003168d2a000a00000e2,2,2,7,322,276,633,503,1.00123,10778,10.7648
025040107410003168d2a000a00000e2,2,2,8,322,276,633,503,1.00123,10793,10.7798
025040107410003168d2a000a00000e2,2,2,9,322,276,633,503,1.00123,10795,10.7818
025040107410003168d2a000a00000e2,2,2,10,322,276,633,503,1.00123,10794,10.7808
025040107410003168d2a000a00000e2,2,2,11,322,276,633,503,1.00123,10794,10.7808
025040107410003168d2a000a00000e2,2,2,12,322,276,633,503,1.00123,10790,10.7768
025040107410003168d2a000a00000e2,2,2,13,322,276,633,503,1.00123,10795,10.7818
025040107410003168d2a000a00000e2,2,2,14,322,276,633,503,1.00123,10792,10.7788
025040107410003168d2a000a00000e2,2,2,15,322,276,633,503,1.00123,10796,10.7828
025040107410003168d2a000a00000e2,2,2,16,322,276,633,503,1.00123,10796,10.7828
025040107410003168d2a000a00000e2,2,2,17,322,276,633,503,1.00123,10792,10.7788
025040107410003168d2a000a00000e2,2,2,18,322,276,633,503,1.00123,10792,10.7788
025040107410003168d2a000a00000e2,2,2,19,322,276,633,503,1.00123,10792,10.7788
025040107410003168d2a000a00000e2,2,2,20,322,276,633,503,1.00123,10796,10.7828
025040107410003168d2a000a00000e2,2,2,21,322,276,633,503,1.00123,10796,10.7828
025040107410003168d2a000a00000e2,2,2,22,322,276,633,503,1.00123,10796,10.7828
025040107410003168d2a000a00000e2,2,2,23,322,276,633,503,1.00123,10796,10.7828
025040107410003168d2a000a00000e2,2,2,24,322,276,633,503,1.00123,10791,10.7778
025040107410003168d2a000a00000e2,2,2,25,322,276,633,503,1.00123,10796,10.7828
025040107410003168d2a000a00000e2,2,2,26,322,276,633,503,1.00123,10791,10.7778
025040107410003168d2a000a00000e2,2,2,27,322,276,633,503,1.00123,10795,10.7818
025040107410003168d2a000a00000e2,2,2,28,322,276,633,503,1.00123,10790,10.7768
025040107410003168d2a000a00000e2,2,2,29,322,276,633,503,1.00123,10796,10.7828
025040107410003168d2a000a00000e2,2,2,30,322,276,633,503,1.00123,10794,10.7808
025040107410003168d2a000a00000e2,2,2,31,322,276,633,503,1.00123,10796,10.7828
025040107410003168d2a000a00000e2,2,2,32,322,276,633,503,1.00123,10788,10.7748
025040107410003168d2a000a00000e2,2,2,33,322,276,633,503,1.00123,10796,10.7828
025040107410003168d2a000a00000e2,2,2,34,322,276,633,503,1.00123,10792,10.7788
025040107410003168d2a000a00000e2,2,2,35,322,276,633,503,1.00123,10796,10.7828
025040107410003168d2a000a00000e2,2,2,36,322,276,633,503,1.00123,10793,10.7798
025040107410003168d2a000a00000e2,2,2,37,322,276,633,503,1.00123,10796,10.7828
025040107410003168d2a000a00000e2,2,2,38,322,276,633,503,1.00123,10796,10.7828
025040107410003168d2a000a00000e2,2,2,39,322,276,633,503,1.00123,10796,10.7828
025040107410003168d2a000a00000e2,2,2,40,322,276,633,503,1.00123,10792,10.7788
025040107410003168d2a000a00000e2,2,2,41,322,276,633,503,1.00123,10795,10.7818
025040107410003168d2a000a00000e2,2,2,42,322,276,633,503,1.00123,10792,10.7788
025040107410003168d2a000a00000e2,2,2,43,322,276,633,503,1.00123,10796,10.7828
025040107410003168d2a000a00000e2,2,2,44,322,276,633,503,1.00123,10750,10.7368
025040107410003168d2a000a00000e2,2,2,45,322,276,633,503,1.00123,10793,10.7798
025040107410003168d2a000a00000e2,2,2,46,322,276,633,503,1.00123,10785,10.7718
025040107410003168d2a000a00000e2,2,2,47,322,276,633,503,1.00123,10791,10.7778
025040107410003168d2a000a00000e2,2,2,48,322,276,633,503,1.00123,10787,10.7738
025040107410003168d2a000a00000e2,2,2,49,322,276,633,503,1.00123,10794,10.7808
025040107410003168d2a000a00000e2,2,2,50,322,276,633,503,1.00123,10772,10.7588
025040107410003168d2a000a00000e2,2,2,51,322,276,633,503,1.00123,10791,10.7778
025040107410003168d2a000a00000e2,2,2,52,322,276,633,503,1.00123,10754,10.7408
025040107410003168d2a000a00000e2,2,2,53,322,276,633,503,1.00123,10796,10.7828
025040107410003168d2a000a00000e2,2,2,54,322,276,633,503,1.00123,10771,10.7578
025040107410003168d2a000a00000e2,2,2,55,322,276,633,503,1.00123,10787,10.7738
025040107410003168d2a000a00000e2,2,2,56,322,276,633,503,1.00123,10792,10.7788
025040107410003168d2a000a00000e2,2,2,57,322,276,633,503,1.00123,10795,10.7818
025040107410003168d2a000a00000e2,2,2,58,322,276,633,503,1.00123,10788,10.7748
025040107410003168d2a000a00000e2,2,2,59,322,276,633,503,1.00123,10790,10.7768
025040107410003168d2a000a00000e2,2,2,60,322,276,633,503,1.00123,10760,10.7468
025040107410003168d2a000a00000e2,2,2,61,322,276,633,503,1.00123,10794,10.7808
025040107410003168d2a000a00000e2,2,2,62,322,276,633,503,1.00123,10728,10.7149
025040107410003168d2a000a00000e2,2,2,63,322,276,633,503,1.00123,10792,10.7788
025040107410003168d2a000a00000e2,2,2,0,322,276,634,504,1.00123,10727,10.7139
025040107410003168d2a000a00000e2,2,2,1,322,276,634,504,1.00123,10709,10.6959
025040107410003168d2a000a00000e2,2,2,2,322,276,634,504,1.00123,10727,10.7139
025040107410003168d2a000a00000e2,2,2,3,322,276,634,504,1.00123,10726,10.7129
025040107410003168d2a000a00000e2,2,2,4,322,276,634,504,1.00123,10717,10.7039
025040107410003168d2a000a00000e2,2,2,5,322,276,634,504,1.00123,10709,10.6959
025040107410003168d2a000a00000e2,2,2,6,322,276,634,504,1.00123,10711,10.6979
025040107410003168d2a000a00000e2,2,2,7,322,276,634,504,1.00123,10701,10.6879
025040107410003168d2a000a00000e2,2,2,8,322,276,634,504,1.00123,10722,10.7089
025040107410003168d2a000a00000e2,2,2,9,322,276,634,504,1.00123,10726,10.7129
025040107410003168d2a000a00000e2,2,2,10,322,276,634,504,1.00123,10726,10.7129
025040107410003168d2a000a00000e2,2,2,11,322,276,634,504,1.00123,10726,10.7129
025040107410003168d2a000a00000e2,2,2,12,322,276,634,504,1.00123,10720,10.7069
025040107410003168d2a000a00000e2,2,2,13,322,276,634,504,1.00123,10729,10.7159
025040107410003168d2a000a00000e2,2,2,14,322,276,634,504,1.00123,10727,10.7139
025040107410003168d2a000a00000e2,2,2,15,322,276,634,504,1.00123,10731,10.7179
025040107410003168d2a000a00000e2,2,2,16,322,276,634,504,1.00123,10731,10.7179
025040107410003168d2a000a00000e2,2,2,17,322,276,634,504,1.00123,10722,10.7089
025040107410003168d2a000a00000e2,2,2,18,322,276,634,504,1.00123,10724,10.7109
025040107410003168d2a000a00000e2,2,2,19,322,276,634,504,1.00123,10723,10.7099
025040107410003168d2a000a00000e2,2,2,20,322,276,634,504,1.00123,10731,10.7179
025040107410003168d2a000a00000e2,2,2,21,322,276,634,504,1.00123,10731,10.7179
025040107410003168d2a000a00000e2,2,2,22,322,276,634,504,1.00123,10731,10.7179
025040107410003168d2a000a00000e2,2,2,23,322,276,634,504,1.00123,10731,10.7179
025040107410003168d2a000a00000e2,2,2,24,322,276,634,504,1.00123,10715,10.7019
025040107410003168d2a000a00000e2,2,2,25,322,276,634,504,1.00123,10730,10.7169
025040107410003168d2a000a00000e2,2,2,26,322,276,634,504,1.00123,10716,10.7029
025040107410003168d2a000a00000e2,2,2,27,322,276,634,504,1.00123,10730,10.7169
025040107410003168d2a000a00000e2,2,2,28,322,276,634,504,1.00123,10713,10.6999
025040107410003168d2a000a00000e2,2,2,29,322,276,634,504,1.00123,10731,10.7179
025040107410003168d2a000a00000e2,2,2,30,322,276,634,504,1.00123,10730,10.7169
025040107410003168d2a000a00000e2,2,2,31,322,276,634,504,1.00123,10732,10.7189
025040107410003168d2a000a00000e2,2,2,32,322,276,634,504,1.00123,10714,10.7009
025040107410003168d2a000a00000e2,2,2,33,322,276,634,504,1.00123,10731,10.7179
025040107410003168d2a000a00000e2,2,2,34,322,276,634,504,1.00123,10721,10.7079
025040107410003168d2a000a00000e2,2,2,35,322,276,634,504,1.00123,10731,10.7179
025040107410003168d2a000a00000e2,2,2,36,322,276,634,504,1.00123,10726,10.7129
025040107410003168d2a000a00000e2,2,2,37,322,276,634,504,1.00123,10731,10.7179
025040107410003168d2a000a00000e2,2,2,38,322,276,634,504,1.00123,10731,10.7179
025040107410003168d2a000a00000e2,2,2,39,322,276,634,504,1.00123,10731,10.7179
025040107410003168d2a000a00000e2,2,2,40,322,276,634,504,1.00123,10724,10.7109
025040107410003168d2a000a00000e2,2,2,41,322,276,634,504,1.00123,10731,10.7179
025040107410003168d2a000a00000e2,2,2,42,322,276,634,504,1.00123,10720,10.7069
025040107410003168d2a000a00000e2,2,2,43,322,276,634,504,1.00123,10731,10.7179
025040107410003168d2a000a00000e2,2,2,44,322,276,634,504,1.00123,10685,10.6719
025040107410003168d2a000a00000e2,2,2,45,322,276,634,504,1.00123,10723,10.7099
025040107410003168d2a000a00000e2,2,2,46,322,276,634,504,1.00123,10711,10.6979
025040107410003168d2a000a00000e2,2,2,47,322,276,634,504,1.00123,10717,10.7039
025040107410003168d2a000a00000e2,2,2,48,322,276,634,504,1.00123,10712,10.6989
025040107410003168d2a000a00000e2,2,2,49,322,276,634,504,1.00123,10728,10.7149
025040107410003168d2a000a00000e2,2,2,50,322,276,634,504,1.00123,10704,10.6909
025040107410003168d2a000a00000e2,2,2,51,322,276,634,504,1.00123,10718,10.7049
025040107410003168d2a000a00000e2,2,2,52,322,276,634,504,1.00123,10692,10.6789
025040107410003168d2a000a00000e2,2,2,53,322,276,634,504,1.00123,10731,10.7179
025040107410003168d2a000a00000e2,2,2,54,322,276,634,504,1.00123,10703,10.6899
025040107410003168d2a000a00000e2,2,2,55,322,276,634,504,1.00123,10710,10.6969
025040107410003168d2a000a00000e2,2,2,56,322,276,634,504,1.00123,10717,10.7039
025040107410003168d2a000a00000e2,2,2,57,322,276,634,504,1.00123,10727,10.7139
025040107410003168d2a000a00000e2,2,2,58,322,276,634,504,1.00123,10713,10.6999
025040107410003168d2a000a00000e2,2,2,59,322,276,634,504,1.00123,10709,10.6959
025040107410003168d2a000a00000e2,2,2,60,322,276,634,504,1.00123,10696,10.6829
025040107410003168d2a000a00000e2,2,2,61,322,276,634,504,1.00123,10720,10.7069
025040107410003168d2a000a00000e2,2,2,62,322,276,634,504,1.00123,10657,10.6439
025040107410003168d2a000a00000e2,2,2,63,322,276,634,504,1.00123,10717,10.7039
025040107410003168d2a000a00000e2,2,2,0,322,276,635,505,1.00123,10771,10.7578
025040107410003168d2a000a00000e2,2,2,1,322,276,635,505,1.00123,10763,10.7498
025040107410003168d2a000a00000e2,2,2,2,322,276,635,505,1.00123,10772,10.7588
025040107410003168d2a000a00000e2,2,2,3,322,276,635,505,1.00123,10771,10.7578
025040107410003168d2a000a00000e2,2,2,4,322,276,635,505,1.00123,10765,10.7518
025040107410003168d2a000a00000e2,2,2,5,322,276,635,505,1.00123,10761,10.7478
025040107410003168d2a000a00000e2,2,2,6,322,276,635,505,1.00123,10764,10.7508
025040107410003168d2a000a00000e2,2,2,7,322,276,635,505,1.00123,10756,10.7428
025040107410003168d2a000a00000e2,2,2,8,322,276,635,505,1.00123,10769,10.7558
025040107410003168d2a000a00000e2,2,2,9,322,276,635,505,1.00123,10771,10.7578
025040107410003168d2a000a00000e2,2,2,10,322,276,635,505,1.00123,10771,10.7578
025040107410003168d2a000a00000e2,2,2,11,322,276,635,505,1.00123,10770,10.7568
025040107410003168d2a000a00000e2,2,2,12,322,276,635,505,1.00123,10767,10.7538
025040107410003168d2a000a00000e2,2,2,13,322,276,635,505,1.00123,10773,10.7598
025040107410003168d2a000a00000e2,2,2,14,322,276,635,505,1.00123,10771,10.7578
025040107410003168d2a000a00000e2,2,2,15,322,276,635,505,1.00123,10773,10.7598
025040107410003168d2a000a00000e2,2,2,16,322,276,635,505,1.00123,10772,10.7588
025040107410003168d2a000a00000e2,2,2,17,322,276,635,505,1.00123,10766,10.7528
025040107410003168d2a000a00000e2,2,2,18,322,276,635,505,1.00123,10768,10.7548
025040107410003168d2a000a00000e2,2,2,19,322,276,635,505,1.00123,10768,10.7548
025040107410003168d2a000a00000e2,2,2,20,322,276,635,505,1.00123,10773,10.7598
025040107410003168d2a000a00000e2,2,2,21,322,276,635,505,1.00123,10773,10.7598
025040107410003168d2a000a00000e2,2,2,22,322,276,635,505,1.00123,10773,10.7598
025040107410003168d2a000a00000e2,2,2,23,322,276,635,505,1.00123,10773,10.7598
025040107410003168d2a000a00000e2,2,2,24,322,276,635,505,1.00123,10766,10.7528
025040107410003168d2a000a00000e2,2,2,25,322,276,635,505,1.00123,10771,10.7578
025040107410003168d2a000a00000e2,2,2,26,322,276,635,505,1.00123,10766,10.7528
025040107410003168d2a000a00000e2,2,2,27,322,276,635,505,1.00123,10771,10.7578
025040107410003168d2a000a00000e2,2,2,28,322,276,635,505,1.00123,10764,10.7508
025040107410003168d2a000a00000e2,2,2,29,322,276,635,505,1.00123,10773,10.7598
025040107410003168d2a000a00000e2,2,2,30,322,276,635,505,1.00123,10770,10.7568
025040107410003168d2a000a00000e2,2,2,31,322,276,635,505,1.00123,10773,10.7598
025040107410003168d2a000a00000e2,2,2,32,322,276,635,505,1.00123,10766,10.7528
025040107410003168d2a000a00000e2,2,2,33,322,276,635,505,1.00123,10773,10.7598
025040107410003168d2a000a00000e2,2,2,34,322,276,635,505,1.00123,10766,10.7528
025040107410003168d2a000a00000e2,2,2,35,322,276,635,505,1.00123,10773,10.7598
025040107410003168d2a000a00000e2,2,2,36,322,276,635,505,1.00123,10768,10.7548
025040107410003168d2a000a00000e2,2,2,37,322,276,635,505,1.00123,10773,10.7598
025040107410003168d2a000a00000e2,2,2,38,322,276,635,505,1.00123,10773,10.7598
025040107410003168d2a000a00000e2,2,2,39,322,276,635,505,1.00123,10773,10.7598
025040107410003168d2a000a00000e2,2,2,40,322,276,635,505,1.00123,10767,10.7538
025040107410003168d2a000a00000e2,2,2,41,322,276,635,505,1.00123,10772,10.7588
025040107410003168d2a000a00000e2,2,2,42,322,276,635,505,1.00123,10767,10.7538
025040107410003168d2a000a00000e2,2,2,43,322,276,635,505,1.00123,10773,10.7598
025040107410003168d2a000a00000e2,2,2,44,322,276,635,505,1.00123,10739,10.7258
025040107410003168d2a000a00000e2,2,2,45,322,276,635,505,1.00123,10768,10.7548
025040107410003168d2a000a00000e2,2,2,46,322,276,635,505,1.00123,10763,10.7498
025040107410003168d2a000a00000e2,2,2,47,322,276,635,505,1.00123,10766,10.7528
025040107410003168d2a000a00000e2,2,2,48,322,276,635,505,1.00123,10763,10.7498
025040107410003168d2a000a00000e2,2,2,49,322,276,635,505,1.00123,10771,10.7578
025040107410003168d2a000a00000e2,2,2,50,322,276,635,505,1.00123,10755,10.7418
025040107410003168d2a000a00000e2,2,2,51,322,276,635,505,1.00123,10766,10.7528
025040107410003168d2a000a00000e2,2,2,52,322,276,635,505,1.00123,10741,10.7278
025040107410003168d2a000a00000e2,2,2,53,322,276,635,505,1.00123,10773,10.7598
025040107410003168d2a000a00000e2,2,2,54,322,276,635,505,1.00123,10753,10.7398
025040107410003168d2a000a00000e2,2,2,55,322,276,635,505,1.00123,10764,10.7508
025040107410003168d2a000a00000e2,2,2,56,322,276,635,505,1.00123,10766,10.7528
025040107410003168d2a000a00000e2,2,2,57,322,276,635,505,1.00123,10770,10.7568
025040107410003168d2a000a00000e2,2,2,58,322,276,635,505,1.00123,10765,10.7518
025040107410003168d2a000a00000e2,2,2,59,322,276,635,505,1.00123,10763,10.7498
025040107410003168d2a000a00000e2,2,2,60,322,276,635,505,1.00123,10746,10.7328
025040107410003168d2a000a00000e2,2,2,61,322,276,635,505,1.00123,10766,10.7528
025040107410003168d2a000a00000e2,2,2,62,322,276,635,505,1.00123,10720,10.7069
025040107410003168d2a000a00000e2,2,2,63,322,276,635,505,1.00123,10766,10.7528
025040107410003168d2a000a00000e2,2,2,0,322,276,636,505,1.00123,10724,10.7109
025040107410003168d2a000a00000e2,2,2,1,322,276,636,505,1.00123,10712,10.6989
025040107410003168d2a000a00000e2,2,2,2,322,276,636,505,1.00123,10724,10.7109
025040107410003168d2a000a00000e2,2,2,3,322,276,636,505,1.00123,10724,10.7109
025040107410003168d2a000a00000e2,2,2,4,322,276,636,505,1.00123,10719,10.7059
025040107410003168d2a000a00000e2,2,2,5,322,276,636,505,1.00123,10710,10.6969
025040107410003168d2a000a00000e2,2,2,6,322,276,636,505,1.00123,10715,10.7019
025040107410003168d2a000a00000e2,2,2,7,322,276,636,505,1.00123,10700,10.6869
025040107410003168d2a000a00000e2,2,2,8,322,276,636,505,1.00123,10722,10.7089
025040107410003168d2a000a00000e2,2,2,9,322,276,636,505,1.00123,10724,10.7109
025040107410003168d2a000a00000e2,2,2,10,322,276,636,505,1.00123,10724,10.7109
025040107410003168d2a000a00000e2,2,2,11,322,276,636,505,1.00123,10724,10.7109
025040107410003168d2a000a00000e2,2,2,12,322,276,636,505,1.00123,10718,10.7049
025040107410003168d2a000a00000e2,2,2,13,322,276,636,505,1.00123,10725,10.7119
025040107410003168d2a000a00000e2,2,2,14,322,276,636,505,1.00123,10724,10.7109
025040107410003168d2a000a00000e2,2,2,15,322,276,636,505,1.00123,10727,10.7139
025040107410003168d2a000a00000e2,2,2,16,322,276,636,505,1.00123,10727,10.7139
025040107410003168d2a000a00000e2,2,2,17,322,276,636,505,1.00123,10722,10.7089
025040107410003168d2a000a00000e2,2,2,18,322,276,636,505,1.00123,10723,10.7099
025040107410003168d2a000a00000e2,2,2,19,322,276,636,505,1.00123,10724,10.7109
025040107410003168d2a000a00000e2,2,2,20,322,276,636,505,1.00123,10728,10.7149
025040107410003168d2a000a00000e2,2,2,21,322,276,636,505,1.00123,10728,10.7149
025040107410003168d2a000a00000e2,2,2,22,322,276,636,505,1.00123,10728,10.7149
025040107410003168d2a000a00000e2,2,2,23,322,276,636,505,1.00123,10728,10.7149
025040107410003168d2a000a00000e2,2,2,24,322,276,636,505,1.00123,10719,10.7059
025040107410003168d2a000a00000e2,2,2,25,322,276,636,505,1.00123,10726,10.7129
025040107410003168d2a000a00000e2,2,2,26,322,276,636,505,1.00123,10722,10.7089
025040107410003168d2a000a00000e2,2,2,27,322,276,636,505,1.00123,10727,10.7139
025040107410003168d2a000a00000e2,2,2,28,322,276,636,505,1.00123,10718,10.7049
025040107410003168d2a000a00000e2,2,2,29,322,276,636,505,1.00123,10728,10.7149
025040107410003168d2a000a00000e2,2,2,30,322,276,636,505,1.00123,10727,10.7139
025040107410003168d2a000a00000e2,2,2,31,322,276,636,505,1.00123,10729,10.7159
025040107410003168d2a000a00000e2,2,2,32,322,276,636,505,1.00123,10716,10.7029
025040107410003168d2a000a00000e2,2,2,33,322,276,636,505,1.00123,10728,10.7149
025040107410003168d2a000a00000e2,2,2,34,322,276,636,505,1.00123,10722,10.7089
025040107410003168d2a000a00000e2,2,2,35,322,276,636,505,1.00123,10728,10.7149
025040107410003168d2a000a00000e2,2,2,36,322,276,636,505,1.00123,10725,10.7119
025040107410003168d2a000a00000e2,2,2,37,322,276,636,505,1.00123,10728,10.7149
025040107410003168d2a000a00000e2,2,2,38,322,276,636,505,1.00123,10728,10.7149
025040107410003168d2a000a00000e2,2,2,39,322,276,636,505,1.00123,10728,10.7149
025040107410003168d2a000a00000e2,2,2,40,322,276,636,505,1.00123,10724,10.7109
025040107410003168d2a000a00000e2,2,2,41,322,276,636,505,1.00123,10728,10.7149
025040107410003168d2a000a00000e2,2,2,42,322,276,636,505,1.00123,10724,10.7109
025040107410003168d2a000a00000e2,2,2,43,322,276,636,505,1.00123,10728,10.7149
025040107410003168d2a000a00000e2,2,2,44,322,276,636,505,1.00123,10691,10.6779
025040107410003168d2a000a00000e2,2,2,45,322,276,636,505,1.00123,10723,10.7099
025040107410003168d2a000a00000e2,2,2,46,322,276,636,505,1.00123,10712,10.6989
025040107410003168d2a000a00000e2,2,2,47,322,276,636,505,1.00123,10718,10.7049
025040107410003168d2a000a00000e2,2,2,48,322,276,636,505,1.00123,10716,10.7029
025040107410003168d2a000a00000e2,2,2,49,322,276,636,505,1.00123,10725,10.7119
025040107410003168d2a000a00000e2,2,2,50,322,276,636,505,1.00123,10704,10.6909
025040107410003168d2a000a00000e2,2,2,51,322,276,636,505,1.00123,10720,10.7069
025040107410003168d2a000a00000e2,2,2,52,322,276,636,505,1.00123,10694,10.6809
025040107410003168d2a000a00000e2,2,2,53,322,276,636,505,1.00123,10728,10.7149
025040107410003168d2a000a00000e2,2,2,54,322,276,636,505,1.00123,10704,10.6909
025040107410003168d2a000a00000e2,2,2,55,322,276,636,505,1.00123,10712,10.6989
025040107410003168d2a000a00000e2,2,2,56,322,276,636,505,1.00123,10721,10.7079
025040107410003168d2a000a00000e2,2,2,57,322,276,636,505,1.00123,10725,10.7119
025040107410003168d2a000a00000e2,2,2,58,322,276,636,505,1.00123,10715,10.7019
025040107410003168d2a000a00000e2,2,2,59,322,276,636,505,1.00123,10714,10.7009
025040107410003168d2a000a00000e2,2,2,60,322,276,636,505,1.00123,10698,10.6849
025040107410003168d2a000a00000e2,2,2,61,322,276,636,505,1.00123,10723,10.7099
025040107410003168d2a000a00000e2,2,2,62,322,276,636,505,1.00123,10671,10.6579
025040107410003168d2a000a00000e2,2,2,63,322,276,636,505,1.00123,10721,10.7079
025040107410003168d2a000a00000e2,2,2,0,322,276,637,506,1.0027,10728,10.6991
025040107410003168d2a000a00000e2,2,2,1,322,276,637,506,1.0027,10704,10.6752
025040107410003168d2a000a00000e2,2,2,2,322,276,637,506,1.0027,10729,10.7001
025040107410003168d2a000a00000e2,2,2,3,322,276,637,506,1.0027,10727,10.6981
025040107410003168d2a000a00000e2,2,2,4,322,276,637,506,1.0027,10720,10.6911
025040107410003168d2a000a00000e2,2,2,5,322,276,637,506,1.0027,10707,10.6782
025040107410003168d2a000a00000e2,2,2,6,322,276,637,506,1.0027,10710,10.6812
025040107410003168d2a000a00000e2,2,2,7,322,276,637,506,1.0027,10697,10.6682
025040107410003168d2a000a00000e2,2,2,8,322,276,637,506,1.0027,10723,10.6941
025040107410003168d2a000a00000e2,2,2,9,322,276,637,506,1.0027,10728,10.6991
025040107410003168d2a000a00000e2,2,2,10,322,276,637,506,1.0027,10726,10.6971
025040107410003168d2a000a00000e2,2,2,11,322,276,637,506,1.0027,10726,10.6971
025040107410003168d2a000a00000e2,2,2,12,322,276,637,506,1.0027,10721,10.6921
025040107410003168d2a000a00000e2,2,2,13,322,276,637,506,1.0027,10729,10.7001
025040107410003168d2a000a00000e2,2,2,14,322,276,637,506,1.0027,10728,10.6991
025040107410003168d2a000a00000e2,2,2,15,322,276,637,506,1.0027,10732,10.7031
025040107410003168d2a000a00000e2,2,2,16,322,276,637,506,1.0027,10728,10.6991
025040107410003168d2a000a00000e2,2,2,17,322,276,637,506,1.0027,10721,10.6921
025040107410003168d2a000a00000e2,2,2,18,322,276,637,506,1.0027,10723,10.6941
025040107410003168d2a000a00000e2,2,2,19,322,276,637,506,1.0027,10723,10.6941
025040107410003168d2a000a00000e2,2,2,20,322,276,637,506,1.0027,10731,10.7021
025040107410003168d2a000a00000e2,2,2,21,322,276,637,506,1.0027,10733,10.7041
025040107410003168d2a000a00000e2,2,2,22,322,276,637,506,1.0027,10732,10.7031
025040107410003168d2a000a00000e2,2,2,23,322,276,637,506,1.0027,10732,10.7031
025040107410003168d2a000a00000e2,2,2,24,322,276,637,506,1.0027,10714,10.6851
025040107410003168d2a000a00000e2,2,2,25,322,276,637,506,1.0027,10729,10.7001
025040107410003168d2a000a00000e2,2,2,26,322,276,637,506,1.0027,10718,10.6891
025040107410003168d2a000a00000e2,2,2,27,322,276,637,506,1.0027,10730,10.7011
025040107410003168d2a000a00000e2,2,2,28,322,276,637,506,1.0027,10713,10.6841
025040107410003168d2a000a00000e2,2,2,29,322,276,637,506,1.0027,10733,10.7041
025040107410003168d2a000a00000e2,2,2,30,322,276,637,506,1.0027,10730,10.7011
025040107410003168d2a000a00000e2,2,2,31,322,276,637,506,1.0027,10733,10.7041
025040107410003168d2a000a00000e2,2,2,32,322,276,637,506,1.0027,10714,10.6851
025040107410003168d2a000a00000e2,2,2,33,322,276,637,506,1.0027,10732,10.7031
025040107410003168d2a000a00000e2,2,2,34,322,276,637,506,1.0027,10719,10.6901
025040107410003168d2a000a00000e2,2,2,35,322,276,637,506,1.0027,10732,10.7031
025040107410003168d2a000a00000e2,2,2,36,322,276,637,506,1.0027,10727,10.6981
025040107410003168d2a000a00000e2,2,2,37,322,276,637,506,1.0027,10732,10.7031
025040107410003168d2a000a00000e2,2,2,38,322,276,637,506,1.0027,10730,10.7011
025040107410003168d2a000a00000e2,2,2,39,322,276,637,506,1.0027,10731,10.7021
025040107410003168d2a000a00000e2,2,2,40,322,276,637,506,1.0027,10722,10.6931
025040107410003168d2a000a00000e2,2,2,41,322,276,637,506,1.0027,10729,10.7001
025040107410003168d2a000a00000e2,2,2,42,322,276,637,506,1.0027,10721,10.6921
025040107410003168d2a000a00000e2,2,2,43,322,276,637,506,1.0027,10733,10.7041
025040107410003168d2a000a00000e2,2,2,44,322,276,637,506,1.0027,10688,10.6592
025040107410003168d2a000a00000e2,2,2,45,322,276,637,506,1.0027,10725,10.6961
025040107410003168d2a000a00000e2,2,2,46,322,276,637,506,1.0027,10707,10.6782
025040107410003168d2a000a00000e2,2,2,47,322,276,637,506,1.0027,10715,10.6861
025040107410003168d2a000a00000e2,2,2,48,322,276,637,506,1.0027,10712,10.6831
025040107410003168d2a000a00000e2,2,2,49,322,276,637,506,1.0027,10729,10.7001
025040107410003168d2a000a00000e2,2,2,50,322,276,637,506,1.0027,10699,10.6702
025040107410003168d2a000a00000e2,2,2,51,322,276,637,506,1.0027,10718,10.6891
025040107410003168d2a000a00000e2,2,2,52,322,276,637,506,1.0027,10693,10.6642
025040107410003168d2a000a00000e2,2,2,53,322,276,637,506,1.0027,10731,10.7021
025040107410003168d2a000a00000e2,2,2,54,322,276,637,506,1.0027,10698,10.6692
025040107410003168d2a000a00000e2,2,2,55,322,276,637,506,1.0027,10709,10.6802
025040107410003168d2a000a00000e2,2,2,56,322,276,637,506,1.0027,10719,10.6901
025040107410003168d2a000a00000e2,2,2,57,322,276,637,506,1.0027,10726,10.6971
025040107410003168d2a000a00000e2,2,2,58,322,276,637,506,1.0027,10715,10.6861
025040107410003168d2a000a00000e2,2,2,59,322,276,637,506,1.0027,10707,10.6782
025040107410003168d2a000a00000e2,2,2,60,322,276,637,506,1.0027,10694,10.6652
025040107410003168d2a000a00000e2,2,2,61,322,276,637,506,1.0027,10725,10.6961
025040107410003168d2a000a00000e2,2,2,62,322,276,637,506,1.0027,10652,10.6233
025040107410003168d2a000a00000e2,2,2,63,322,276,637,506,1.0027,10718,10.6891
025040107410003168d2a000a00000e2,2,2,0,322,276,638,507,1.0027,10802,10.7729
025040107410003168d2a000a00000e2,2,2,1,322,276,638,507,1.0027,10777,10.748
025040107410003168d2a000a00000e2,2,2,2,322,276,638,507,1.0027,10803,10.7739
025040107410003168d2a000a00000e2,2,2,3,322,276,638,507,1.0027,10802,10.7729
025040107410003168d2a000a00000e2,2,2,4,322,276,638,507,1.0027,10793,10.7639
025040107410003168d2a000a00000e2,2,2,5,322,276,638,507,1.0027,10778,10.749
025040107410003168d2a000a00000e2,2,2,6,322,276,638,507,1.0027,10785,10.756
025040107410003168d2a000a00000e2,2,2,7,322,276,638,507,1.0027,10770,10.741
025040107410003168d2a000a00000e2,2,2,8,322,276,638,507,1.0027,10794,10.7649
025040107410003168d2a000a00000e2,2,2,9,322,276,638,507,1.0027,10802,10.7729
025040107410003168d2a000a00000e2,2,2,10,322,276,638,507,1.0027,10799,10.7699
025040107410003168d2a000a00000e2,2,2,11,322,276,638,507,1.0027,10797,10.7679
025040107410003168d2a000a00000e2,2,2,12,322,276,638,507,1.0027,10794,10.7649
025040107410003168d2a000a00000e2,2,2,13,322,276,638,507,1.0027,10799,10.7699
025040107410003168d2a000a00000e2,2,2,14,322,276,638,507,1.0027,10796,10.7669
025040107410003168d2a000a00000e2,2,2,15,322,276,638,507,1.0027,10799,10.7699
025040107410003168d2a000a00000e2,2,2,16,322,276,638,507,1.0027,10796,10.7669
025040107410003168d2a000a00000e2,2,2,17,322,276,638,507,1.0027,10791,10.7619
025040107410003168d2a000a00000e2,2,2,18,322,276,638,507,1.0027,10795,10.7659
025040107410003168d2a000a00000e2,2,2,19,322,276,638,507,1.0027,10792,10.7629
025040107410003168d2a000a00000e2,2,2,20,322,276,638,507,1.0027,10801,10.7719
025040107410003168d2a000a00000e2,2,2,21,322,276,638,507,1.0027,10803,10.7739
025040107410003168d2a000a00000e2,2,2,22,322,276,638,507,1.0027,10801,10.7719
025040107410003168d2a000a00000e2,2,2,23,322,276,638,507,1.0027,10803,10.7739
025040107410003168d2a000a00000e2,2,2,24,322,276,638,507,1.0027,10784,10.755
025040107410003168d2a000a00000e2,2,2,25,322,276,638,507,1.0027,10797,10.7679
025040107410003168d2a000a00000e2,2,2,26,322,276,638,507,1.0027,10788,10.7589
025040107410003168d2a000a00000e2,2,2,27,322,276,638,507,1.0027,10798,10.7689
025040107410003168d2a000a00000e2,2,2,28,322,276,638,507,1.0027,10783,10.754
025040107410003168d2a000a00000e2,2,2,29,322,276,638,507,1.0027,10803,10.7739
025040107410003168d2a000a00000e2,2,2,30,322,276,638,507,1.0027,10795,10.7659
025040107410003168d2a000a00000e2,2,2,31,322,276,638,507,1.0027,10804,10.7749
025040107410003168d2a000a00000e2,2,2,32,322,276,638,507,1.0027,10782,10.753
025040107410003168d2a000a00000e2,2,2,33,322,276,638,507,1.0027,10803,10.7739
025040107410003168d2a000a00000e2,2,2,34,322,276,638,507,1.0027,10790,10.7609
025040107410003168d2a000a00000e2,2,2,35,322,276,638,507,1.0027,10800,10.7709
025040107410003168d2a000a00000e2,2,2,36,322,276,638,507,1.0027,10795,10.7659
025040107410003168d2a000a00000e2,2,2,37,322,276,638,507,1.0027,10803,10.7739
025040107410003168d2a000a00000e2,2,2,38,322,276,638,507,1.0027,10799,10.7699
025040107410003168d2a000a00000e2,2,2,39,322,276,638,507,1.0027,10799,10.7699
025040107410003168d2a000a00000e2,2,2,40,322,276,638,507,1.0027,10794,10.7649
025040107410003168d2a000a00000e2,2,2,41,322,276,638,507,1.0027,10797,10.7679
025040107410003168d2a000a00000e2,2,2,42,322,276,638,507,1.0027,10795,10.7659
025040107410003168d2a000a00000e2,2,2,43,322,276,638,507,1.0027,10803,10.7739
025040107410003168d2a000a00000e2,2,2,44,322,276,638,507,1.0027,10757,10.728
025040107410003168d2a000a00000e2,2,2,45,322,276,638,507,1.0027,10791,10.7619
025040107410003168d2a000a00000e2,2,2,46,322,276,638,507,1.0027,10777,10.748
025040107410003168d2a000a00000e2,2,2,47,322,276,638,507,1.0027,10780,10.751
025040107410003168d2a000a00000e2,2,2,48,322,276,638,507,1.0027,10779,10.75
025040107410003168d2a000a00000e2,2,2,49,322,276,638,507,1.0027,10794,10.7649
025040107410003168d2a000a00000e2,2,2,50,322,276,638,507,1.0027,10772,10.743
025040107410003168d2a000a00000e2,2,2,51,322,276,638,507,1.0027,10786,10.7569
025040107410003168d2a000a00000e2,2,2,52,322,276,638,507,1.0027,10762,10.733
025040107410003168d2a000a00000e2,2,2,53,322,276,638,507,1.0027,10799,10.7699
025040107410003168d2a000a00000e2,2,2,54,322,276,638,507,1.0027,10769,10.74
025040107410003168d2a000a00000e2,2,2,55,322,276,638,507,1.0027,10777,10.748
025040107410003168d2a000a00000e2,2,2,56,322,276,638,507,1.0027,10788,10.7589
025040107410003168d2a000a00000e2,2,2,57,322,276,638,507,1.0027,10792,10.7629
025040107410003168d2a000a00000e2,2,2,58,322,276,638,507,1.0027,10781,10.752
025040107410003168d2a000a00000e2,2,2,59,322,276,638,507,1.0027,10777,10.748
025040107410003168d2a000a00000e2,2,2,60,322,276,638,507,1.0027,10764,10.735
025040107410003168d2a000a00000e2,2,2,61,322,276,638,507,1.0027,10791,10.7619
025040107410003168d2a000a00000e2,2,2,62,322,276,638,507,1.0027,10726,10.6971
025040107410003168d2a000a00000e2,2,2,63,322,276,638,507,1.0027,10788,10.7589
025040107410003168d2a000a00000e2,2,2,0,322,276,639,508,1.0027,10803,10.7739
025040107410003168d2a000a00000e2,2,2,1,322,276,639,508,1.0027,10770,10.741
025040107410003168d2a000a00000e2,2,2,2,322,276,639,508,1.0027,10807,10.7779
025040107410003168d2a000a00000e2,2,2,3,322,276,639,508,1.0027,10805,10.7759
025040107410003168d2a000a00000e2,2,2,4,322,276,639,508,1.0027,10790,10.7609
025040107410003168d2a000a00000e2,2,2,5,322,276,639,508,1.0027,10772,10.743
025040107410003168d2a000a00000e2,2,2,6,322,276,639,508,1.0027,10780,10.751
025040107410003168d2a000a00000e2,2,2,7,322,276,639,508,1.0027,10763,10.734
025040107410003168d2a000a00000e2,2,2,8,322,276,639,508,1.0027,10792,10.7629
025040107410003168d2a000a00000e2,2,2,9,322,276,639,508,1.0027,10805,10.7759
025040107410003168d2a000a00000e2,2,2,10,322,276,639,508,1.0027,10802,10.7729
025040107410003168d2a000a00000e2,2,2,11,322,276,639,508,1.0027,10803,10.7739
025040107410003168d2a000a00000e2,2,2,12,322,276,639,508,1.0027,10791,10.7619
025040107410003168d2a000a00000e2,2,2,13,322,276,639,508,1.0027,10802,10.7729
025040107410003168d2a000a00000e2,2,2,14,322,276,639,508,1.0027,10799,10.7699
025040107410003168d2a000a00000e2,2,2,15,322,276,639,508,1.0027,10804,10.7749
025040107410003168d2a000a00000e2,2,2,16,322,276,639,508,1.0027,10801,10.7719
025040107410003168d2a000a00000e2,2,2,17,322,276,639,508,1.0027,10790,10.7609
025040107410003168d2a000a00000e2,2,2,18,322,276,639,508,1.0027,10794,10.7649
025040107410003168d2a000a00000e2,2,2,19,322,276,639,508,1.0027,10792,10.7629
025040107410003168d2a000a00000e2,2,2,20,322,276,639,508,1.0027,10804,10.7749
025040107410003168d2a000a00000e2,2,2,21,322,276,639,508,1.0027,10808,10.7789
025040107410003168d2a000a00000e2,2,2,22,322,276,639,508,1.0027,10806,10.7769
025040107410003168d2a000a00000e2,2,2,23,322,276,639,508,1.0027,10808,10.7789
025040107410003168d2a000a00000e2,2,2,24,322,276,639,508,1.0027,10782,10.753
025040107410003168d2a000a00000e2,2,2,25,322,276,639,508,1.0027,10800,10.7709
025040107410003168d2a000a00000e2,2,2,26,322,276,639,508,1.0027,10785,10.756
025040107410003168d2a000a00000e2,2,2,27,322,276,639,508,1.0027,10802,10.7729
025040107410003168d2a000a00000e2,2,2,28,322,276,639,508,1.0027,10778,10.749
025040107410003168d2a000a00000e2,2,2,29,322,276,639,508,1.0027,10808,10.7789
025040107410003168d2a000a00000e2,2,2,30,322,276,639,508,1.0027,10801,10.7719
025040107410003168d2a000a00000e2,2,2,31,322,276,639,508,1.0027,10808,10.7789
025040107410003168d2a000a00000e2,2,2,32,322,276,639,508,1.0027,10782,10.753
025040107410003168d2a000a00000e2,2,2,33,322,276,639,508,1.0027,10807,10.7779
025040107410003168d2a000a00000e2,2,2,34,322,276,639,508,1.0027,10786,10.7569
025040107410003168d2a000a00000e2,2,2,35,322,276,639,508,1.0027,10806,10.7769
025040107410003168d2a000a00000e2,2,2,36,322,276,639,508,1.0027,10796,10.7669
025040107410003168d2a000a00000e2,2,2,37,322,276,639,508,1.0027,10807,10.7779
025040107410003168d2a000a00000e2,2,2,38,322,276,639,508,1.0027,10802,10.7729
025040107410003168d2a000a00000e2,2,2,39,322,276,639,508,1.0027,10803,10.7739
025040107410003168d2a000a00000e2,2,2,40,322,276,639,508,1.0027,10795,10.7659
025040107410003168d2a000a00000e2,2,2,41,322,276,639,508,1.0027,10802,10.7729
025040107410003168d2a000a00000e2,2,2,42,322,276,639,508,1.0027,10794,10.7649
025040107410003168d2a000a00000e2,2,2,43,322,276,639,508,1.0027,10808,10.7789
025040107410003168d2a000a00000e2,2,2,44,322,276,639,508,1.0027,10749,10.72
025040107410003168d2a000a00000e2,2,2,45,322,276,639,508,1.0027,10790,10.7609
025040107410003168d2a000a00000e2,2,2,46,322,276,639,508,1.0027,10776,10.747
025040107410003168d2a000a00000e2,2,2,47,322,276,639,508,1.0027,10779,10.75
025040107410003168d2a000a00000e2,2,2,48,322,276,639,508,1.0027,10778,10.749
025040107410003168d2a000a00000e2,2,2,49,322,276,639,508,1.0027,10797,10.7679
025040107410003168d2a000a00000e2,2,2,50,322,276,639,508,1.0027,10764,10.735
025040107410003168d2a000a00000e2,2,2,51,322,276,639,508,1.0027,10786,10.7569
025040107410003168d2a000a00000e2,2,2,52,322,276,639,508,1.0027,10755,10.726
025040107410003168d2a000a00000e2,2,2,53,322,276,639,508,1.0027,10802,10.7729
025040107410003168d2a000a00000e2,2,2,54,322,276,639,508,1.0027,10764,10.735
025040107410003168d2a000a00000e2,2,2,55,322,276,639,508,1.0027,10773,10.744
025040107410003168d2a000a00000e2,2,2,56,322,276,639,508,1.0027,10786,10.7569
025040107410003168d2a000a00000e2,2,2,57,322,276,639,508,1.0027,10793,10.7639
025040107410003168d2a000a00000e2,2,2,58,322,276,639,508,1.0027,10777,10.748
025040107410003168d2a000a00000e2,2,2,59,322,276,639,508,1.0027,10770,10.741
025040107410003168d2a000a00000e2,2,2,60,322,276,639,508,1.0027,10755,10.726
025040107410003168d2a000a00000e2,2,2,61,322,276,639,508,1.0027,10786,10.7569
025040107410003168d2a000a00000e2,2,2,62,322,276,639,508,1.0027,10712,10.6831
025040107410003168d2a000a00000e2,2,2,63,322,276,639,508,1.0027,10780,10.751
025040107410003168d2a000a00000e2,2,2,0,322,276,640,509,1.0027,10853,10.8238
025040107410003168d2a000a00000e2,2,2,1,322,276,640,509,1.0027,10815,10.7859
025040107410003168d2a000a00000e2,2,2,2,322,276,640,509,1.0027,10855,10.8258
025040107410003168d2a000a00000e2,2,2,3,322,276,640,509,1.0027,10850,10.8208
025040107410003168d2a000a00000e2,2,2,4,322,276,640,509,1.0027,10837,10.8078
025040107410003168d2a000a00000e2,2,2,5,322,276,640,509,1.0027,10821,10.7919
025040107410003168d2a000a00000e2,2,2,6,322,276,640,509,1.0027,10829,10.7998
025040107410003168d2a000a00000e2,2,2,7,322,276,640,509,1.0027,10810,10.7809
025040107410003168d2a000a00000e2,2,2,8,322,276,640,509,1.0027,10841,10.8118
025040107410003168d2a000a00000e2,2,2,9,322,276,640,509,1.0027,10852,10.8228
025040107410003168d2a000a00000e2,2,2,10,322,276,640,509,1.0027,10849,10.8198
025040107410003168d2a000a00000e2,2,2,11,322,276,640,509,1.0027,10848,10.8188
025040107410003168d2a000a00000e2,2,2,12,322,276,640,509,1.0027,10836,10.8068
025040107410003168d2a000a00000e2,2,2,13,322,276,640,509,1.0027,10848,10.8188
025040107410003168d2a000a00000e2,2,2,14,322,276,640,509,1.0027,10845,10.8158
025040107410003168d2a000a00000e2,2,2,15,322,276,640,509,1.0027,10849,10.8198
025040107410003168d2a000a00000e2,2,2,16,322,276,640,509,1.0027,10848,10.8188
025040107410003168d2a000a00000e2,2,2,17,322,276,640,509,1.0027,10835,10.8058
025040107410003168d2a000a00000e2,2,2,18,322,276,640,509,1.0027,10837,10.8078
025040107410003168d2a000a00000e2,2,2,19,322,276,640,509,1.0027,10841,10.8118
025040107410003168d2a000a00000e2,2,2,20,322,276,640,509,1.0027,10849,10.8198
025040107410003168d2a000a00000e2,2,2,21,322,276,640,509,1.0027,10855,10.8258
025040107410003168d2a000a00000e2,2,2,22,322,276,640,509,1.0027,10850,10.8208
025040107410003168d2a000a00000e2,2,2,23,322,276,640,509,1.0027,10853,10.8238
025040107410003168d2a000a00000e2,2,2,24,322,276,640,509,1.0027,10828,10.7988
025040107410003168d2a000a00000e2,2,2,25,322,276,640,509,1.0027,10844,10.8148
025040107410003168d2a000a00000e2,2,2,26,322,276,640,509,1.0027,10833,10.8038
025040107410003168d2a000a00000e2,2,2,27,322,276,640,509,1.0027,10847,10.8178
025040107410003168d2a000a00000e2,2,2,28,322,276,640,509,1.0027,10826,10.7968
025040107410003168d2a000a00000e2,2,2,29,322,276,640,509,1.0027,10851,10.8218
025040107410003168d2a000a00000e2,2,2,30,322,276,640,509,1.0027,10845,10.8158
025040107410003168d2a000a00000e2,2,2,31,322,276,640,509,1.0027,10855,10.8258
025040107410003168d2a000a00000e2,2,2,32,322,276,640,509,1.0027,10828,10.7988
025040107410003168d2a000a00000e2,2,2,33,322,276,640,509,1.0027,10855,10.8258
025040107410003168d2a000a00000e2,2,2,34,322,276,640,509,1.0027,10833,10.8038
025040107410003168d2a000a00000e2,2,2,35,322,276,640,509,1.0027,10850,10.8208
025040107410003168d2a000a00000e2,2,2,36,322,276,640,509,1.0027,10843,10.8138
025040107410003168d2a000a00000e2,2,2,37,322,276,640,509,1.0027,10855,10.8258
025040107410003168d2a000a00000e2,2,2,38,322,276,640,509,1.0027,10848,10.8188
025040107410003168d2a000a00000e2,2,2,39,322,276,640,509,1.0027,10848,10.8188
025040107410003168d2a000a00000e2,2,2,40,322,276,640,509,1.0027,10840,10.8108
025040107410003168d2a000a00000e2,2,2,41,322,276,640,509,1.0027,10847,10.8178
025040107410003168d2a000a00000e2,2,2,42,322,276,640,509,1.0027,10837,10.8078
025040107410003168d2a000a00000e2,2,2,43,322,276,640,509,1.0027,10852,10.8228
025040107410003168d2a000a00000e2,2,2,44,322,276,640,509,1.0027,10795,10.7659
025040107410003168d2a000a00000e2,2,2,45,322,276,640,509,1.0027,10838,10.8088
025040107410003168d2a000a00000e2,2,2,46,322,276,640,509,1.0027,10822,10.7929
025040107410003168d2a000a00000e2,2,2,47,322,276,640,509,1.0027,10824,10.7948
025040107410003168d2a000a00000e2,2,2,48,322,276,640,509,1.0027,10824,10.7948
025040107410003168d2a000a00000e2,2,2,49,322,276,640,509,1.0027,10842,10.8128
025040107410003168d2a000a00000e2,2,2,50,322,276,640,509,1.0027,10812,10.7829
025040107410003168d2a000a00000e2,2,2,51,322,276,640,509,1.0027,10830,10.8008
025040107410003168d2a000a00000e2,2,2,52,322,276,640,509,1.0027,10802,10.7729
025040107410003168d2a000a00000e2,2,2,53,322,276,640,509,1.0027,10846,10.8168
025040107410003168d2a000a00000e2,2,2,54,322,276,640,509,1.0027,10812,10.7829
025040107410003168d2a000a00000e2,2,2,55,322,276,640,509,1.0027,10821,10.7919
025040107410003168d2a000a00000e2,2,2,56,322,276,640,509,1.0027,10832,10.8028
025040107410003168d2a000a00000e2,2,2,57,322,276,640,509,1.0027,10839,10.8098
025040107410003168d2a000a00000e2,2,2,58,322,276,640,509,1.0027,10823,10.7938
025040107410003168d2a000a00000e2,2,2,59,322,276,640,509,1.0027,10821,10.7919
025040107410003168d2a000a00000e2,2,2,60,322,276,640,509,1.0027,10804,10.7749
025040107410003168d2a000a00000e2,2,2,61,322,276,640,509,1.0027,10836,10.8068
025040107410003168d2a000a00000e2,2,2,62,322,276,640,509,1.0027,10761,10.732
025040107410003168d2a000a00000e2,2,2,63,322,276,640,509,1.0027,10829,10.7998
025040107410003168d2a000a00000e2,2,2,0,322,276,641,510,1.00123,10786,10.7728
025040107410003168d2a000a00000e2,2,2,1,322,276,641,510,1.00123,10743,10.7298
025040107410003168d2a000a00000e2,2,2,2,322,276,641,510,1.00123,10793,10.7798
025040107410003168d2a000a00000e2,2,2,3,322,276,641,510,1.00123,10787,10.7738
025040107410003168d2a000a00000e2,2,2,4,322,276,641,510,1.00123,10762,10.7488
025040107410003168d2a000a00000e2,2,2,5,322,276,641,510,1.00123,10741,10.7278
025040107410003168d2a000a00000e2,2,2,6,322,276,641,510,1.00123,10750,10.7368
025040107410003168d2a000a00000e2,2,2,7,322,276,641,510,1.00123,10732,10.7189
025040107410003168d2a000a00000e2,2,2,8,322,276,641,510,1.00123,10772,10.7588
025040107410003168d2a000a00000e2,2,2,9,322,276,641,510,1.00123,10787,10.7738
025040107410003168d2a000a00000e2,2,2,10,322,276,641,510,1.00123,10785,10.7718
025040107410003168d2a000a00000e2,2,2,11,322,276,641,510,1.00123,10785,10.7718
025040107410003168d2a000a00000e2,2,2,12,322,276,641,510,1.00123,10763,10.7498
025040107410003168d2a000a00000e2,2,2,13,322,276,641,510,1.00123,10785,10.7718
025040107410003168d2a000a00000e2,2,2,14,322,276,641,510,1.00123,10782,10.7688
025040107410003168d2a000a00000e2,2,2,15,322,276,641,510,1.00123,10785,10.7718
025040107410003168d2a000a00000e2,2,2,16,322,276,641,510,1.00123,10784,10.7708
025040107410003168d2a000a00000e2,2,2,17,322,276,641,510,1.00123,10760,10.7468
025040107410003168d2a000a00000e2,2,2,18,322,276,641,510,1.00123,10770,10.7568
025040107410003168d2a000a00000e2,2,2,19,322,276,641,510,1.00123,10766,10.7528
025040107410003168d2a000a00000e2,2,2,20,322,276,641,510,1.00123,10786,10.7728
025040107410003168d2a000a00000e2,2,2,21,322,276,641,510,1.00123,10790,10.7768
025040107410003168d2a000a00000e2,2,2,22,322,276,641,510,1.00123,10787,10.7738
025040107410003168d2a000a00000e2,2,2,23,322,276,641,510,1.00123,10789,10.7758
025040107410003168d2a000a00000e2,2,2,24,322,276,641,510,1.00123,10754,10.7408
025040107410003168d2a000a00000e2,2,2,25,322,276,641,510,1.00123,10784,10.7708
025040107410003168d2a000a00000e2,2,2,26,322,276,641,510,1.00123,10756,10.7428
025040107410003168d2a000a00000e2,2,2,27,322,276,641,510,1.00123,10786,10.7728
025040107410003168d2a000a00000e2,2,2,28,322,276,641,510,1.00123,10751,10.7378
025040107410003168d2a000a00000e2,2,2,29,322,276,641,510,1.00123,10788,10.7748
025040107410003168d2a000a00000e2,2,2,30,322,276,641,510,1.00123,10785,10.7718
025040107410003168d2a000a00000e2,2,2,31,322,276,641,510,1.00123,10792,10.7788
025040107410003168d2a000a00000e2,2,2,32,322,276,641,510,1.00123,10751,10.7378
025040107410003168d2a000a00000e2,2,2,33,322,276,641,510,1.00123,10791,10.7778
025040107410003168d2a000a00000e2,2,2,34,322,276,641,510,1.00123,10755,10.7418
025040107410003168d2a000a00000e2,2,2,35,322,276,641,510,1.00123,10787,10.7738
025040107410003168d2a000a00000e2,2,2,36,322,276,641,510,1.00123,10775,10.7618
025040107410003168d2a000a00000e2,2,2,37,322,276,641,510,1.00123,10790,10.7768
025040107410003168d2a000a00000e2,2,2,38,322,276,641,510,1.00123,10787,10.7738
025040107410003168d2a000a00000e2,2,2,39,322,276,641,510,1.00123,10787,10.7738
025040107410003168d2a000a00000e2,2,2,40,322,276,641,510,1.00123,10770,10.7568
025040107410003168d2a000a00000e2,2,2,41,322,276,641,510,1.00123,10787,10.7738
025040107410003168d2a000a00000e2,2,2,42,322,276,641,510,1.00123,10767,10.7538
025040107410003168d2a000a00000e2,2,2,43,322,276,641,510,1.00123,10789,10.7758
025040107410003168d2a000a00000e2,2,2,44,322,276,641,510,1.00123,10713,10.6999
025040107410003168d2a000a00000e2,2,2,45,322,276,641,510,1.00123,10763,10.7498
025040107410003168d2a000a00000e2,2,2,46,322,276,641,510,1.00123,10745,10.7318
025040107410003168d2a000a00000e2,2,2,47,322,276,641,510,1.00123,10746,10.7328
025040107410003168d2a000a00000e2,2,2,48,322,276,641,510,1.00123,10749,10.7358
025040107410003168d2a000a00000e2,2,2,49,322,276,641,510,1.00123,10779,10.7658
025040107410003168d2a000a00000e2,2,2,50,322,276,641,510,1.00123,10742,10.7288
025040107410003168d2a000a00000e2,2,2,51,322,276,641,510,1.00123,10757,10.7438
025040107410003168d2a000a00000e2,2,2,52,322,276,641,510,1.00123,10722,10.7089
025040107410003168d2a000a00000e2,2,2,53,322,276,641,510,1.00123,10787,10.7738
025040107410003168d2a000a00000e2,2,2,54,322,276,641,510,1.00123,10736,10.7229
025040107410003168d2a000a00000e2,2,2,55,322,276,641,510,1.00123,10744,10.7308
025040107410003168d2a000a00000e2,2,2,56,322,276,641,510,1.00123,10755,10.7418
025040107410003168d2a000a00000e2,2,2,57,322,276,641,510,1.00123,10770,10.7568
025040107410003168d2a000a00000e2,2,2,58,322,276,641,510,1.00123,10748,10.7348
025040107410003168d2a000a00000e2,2,2,59,322,276,641,510,1.00123,10746,10.7328
025040107410003168d2a000a00000e2,2,2,60,322,276,641,510,1.00123,10726,10.7129
025040107410003168d2a000a00000e2,2,2,61,322,276,641,510,1.00123,10761,10.7478
025040107410003168d2a000a00000e2,2,2,62,322,276,641,510,1.00123,10678,10.6649
025040107410003168d2a000a00000e2,2,2,63,322,276,641,510,1.00123,10754,10.7408
025040107410003168d2a000a00000e2,2,2,0,322,276,642,510,1.00123,10783,10.7698
025040107410003168d2a000a00000e2,2,2,1,322,276,642,510,1.00123,10748,10.7348
025040107410003168d2a000a00000e2,2,2,2,322,276,642,510,1.00123,10785,10.7718
025040107410003168d2a000a00000e2,2,2,3,322,276,642,510,1.00123,10782,10.7688
025040107410003168d2a000a00000e2,2,2,4,322,276,642,510,1.00123,10762,10.7488
025040107410003168d2a000a00000e2,2,2,5,322,276,642,510,1.00123,10749,10.7358
025040107410003168d2a000a00000e2,2,2,6,322,276,642,510,1.00123,10758,10.7448
025040107410003168d2a000a00000e2,2,2,7,322,276,642,510,1.00123,10746,10.7328
025040107410003168d2a000a00000e2,2,2,8,322,276,642,510,1.00123,10768,10.7548
025040107410003168d2a000a00000e2,2,2,9,322,276,642,510,1.00123,10783,10.7698
025040107410003168d2a000a00000e2,2,2,10,322,276,642,510,1.00123,10780,10.7668
025040107410003168d2a000a00000e2,2,2,11,322,276,642,510,1.00123,10780,10.7668
025040107410003168d2a000a00000e2,2,2,12,322,276,642,510,1.00123,10763,10.7498
025040107410003168d2a000a00000e2,2,2,13,322,276,642,510,1.00123,10782,10.7688
025040107410003168d2a000a00000e2,2,2,14,322,276,642,510,1.00123,10779,10.7658
025040107410003168d2a000a00000e2,2,2,15,322,276,642,510,1.00123,10783,10.7698
025040107410003168d2a000a00000e2,2,2,16,322,276,642,510,1.00123,10781,10.7678
025040107410003168d2a000a00000e2,2,2,17,322,276,642,510,1.00123,10763,10.7498
025040107410003168d2a000a00000e2,2,2,18,322,276,642,510,1.00123,10768,10.7548
025040107410003168d2a000a00000e2,2,2,19,322,276,642,510,1.00123,10763,10.7498
025040107410003168d2a000a00000e2,2,2,20,322,276,642,510,1.00123,10782,10.7688
025040107410003168d2a000a00000e2,2,2,21,322,276,642,510,1.00123,10786,10.7728
025040107410003168d2a000a00000e2,2,2,22,322,276,642,510,1.00123,10782,10.7688
025040107410003168d2a000a00000e2,2,2,23,322,276,642,510,1.00123,10784,10.7708
025040107410003168d2a000a00000e2,2,2,24,322,276,642,510,1.00123,10758,10.7448
025040107410003168d2a000a00000e2,2,2,25,322,276,642,510,1.00123,10773,10.7598
025040107410003168d2a000a00000e2,2,2,26,322,276,642,510,1.00123,10760,10.7468
025040107410003168d2a000a00000e2,2,2,27,322,276,642,510,1.00123,10778,10.7648
025040107410003168d2a000a00000e2,2,2,28,322,276,642,510,1.00123,10757,10.7438
025040107410003168d2a000a00000e2,2,2,29,322,276,642,510,1.00123,10783,10.7698
025040107410003168d2a000a00000e2,2,2,30,322,276,642,510,1.00123,10776,10.7628
025040107410003168d2a000a00000e2,2,2,31,322,276,642,510,1.00123,10786,10.7728
025040107410003168d2a000a00000e2,2,2,32,322,276,642,510,1.00123,10757,10.7438
025040107410003168d2a000a00000e2,2,2,33,322,276,642,510,1.00123,10785,10.7718
025040107410003168d2a000a00000e2,2,2,34,322,276,642,510,1.00123,10761,10.7478
025040107410003168d2a000a00000e2,2,2,35,322,276,642,510,1.00123,10782,10.7688
025040107410003168d2a000a00000e2,2,2,36,322,276,642,510,1.00123,10773,10.7598
025040107410003168d2a000a00000e2,2,2,37,322,276,642,510,1.00123,10785,10.7718
025040107410003168d2a000a00000e2,2,2,38,322,276,642,510,1.00123,10780,10.7668
025040107410003168d2a000a00000e2,2,2,39,322,276,642,510,1.00123,10782,10.7688
025040107410003168d2a000a00000e2,2,2,40,322,276,642,510,1.00123,10770,10.7568
025040107410003168d2a000a00000e2,2,2,41,322,276,642,510,1.00123,10780,10.7668
025040107410003168d2a000a00000e2,2,2,42,322,276,642,510,1.00123,10765,10.7518
025040107410003168d2a000a00000e2,2,2,43,322,276,642,510,1.00123,10784,10.7708
025040107410003168d2a000a00000e2,2,2,44,322,276,642,510,1.00123,10730,10.7169
025040107410003168d2a000a00000e2,2,2,45,322,276,642,510,1.00123,10763,10.7498
025040107410003168d2a000a00000e2,2,2,46,322,276,642,510,1.00123,10753,10.7398
025040107410003168d2a000a00000e2,2,2,47,322,276,642,510,1.00123,10752,10.7388
025040107410003168d2a000a00000e2,2,2,48,322,276,642,510,1.00123,10754,10.7408
025040107410003168d2a000a00000e2,2,2,49,322,276,642,510,1.00123,10774,10.7608
025040107410003168d2a000a00000e2,2,2,50,322,276,642,510,1.00123,10747,10.7338
025040107410003168d2a000a00000e2,2,2,51,322,276,642,510,1.00123,10759,10.7458
025040107410003168d2a000a00000e2,2,2,52,322,276,642,510,1.00123,10732,10.7189
025040107410003168d2a000a00000e2,2,2,53,322,276,642,510,1.00123,10780,10.7668
025040107410003168d2a000a00000e2,2,2,54,322,276,642,510,1.00123,10745,10.7318
025040107410003168d2a000a00000e2,2,2,55,322,276,642,510,1.00123,10752,10.7388
025040107410003168d2a000a00000e2,2,2,56,322,276,642,510,1.00123,10760,10.7468
025040107410003168d2a000a00000e2,2,2,57,322,276,642,510,1.00123,10767,10.7538
025040107410003168d2a000a00000e2,2,2,58,322,276,642,510,1.00123,10751,10.7378
025040107410003168d2a000a00000e2,2,2,59,322,276,642,510,1.00123,10749,10.7358
025040107410003168d2a000a00000e2,2,2,60,322,276,642,510,1.00123,10736,10.7229
025040107410003168d2a000a00000e2,2,2,61,322,276,642,510,1.00123,10761,10.7478
025040107410003168d2a000a00000e2,2,2,62,322,276,642,510,1.00123,10691,10.6779
025040107410003168d2a000a00000e2,2,2,63,322,276,642,510,1.00123,10757,10.7438
025040107410003168d2a000a00000e2,2,2,0,322,276,643,511,1.00123,10799,10.7858
025040107410003168d2a000a00000e2,2,2,1,322,276,643,511,1.00123,10768,10.7548
025040107410003168d2a000a00000e2,2,2,2,322,276,643,511,1.00123,10811,10.7978
025040107410003168d2a000a00000e2,2,2,3,322,276,643,511,1.00123,10807,10.7938
025040107410003168d2a000a00000e2,2,2,4,322,276,643,511,1.00123,10785,10.7718
025040107410003168d2a000a00000e2,2,2,5,322,276,643,511,1.00123,10769,10.7558
025040107410003168d2a000a00000e2,2,2,6,322,276,643,511,1.00123,10776,10.7628
025040107410003168d2a000a00000e2,2,2,7,322,276,643,511,1.00123,10763,10.7498
025040107410003168d2a000a00000e2,2,2,8,322,276,643,511,1.00123,10794,10.7808
025040107410003168d2a000a00000e2,2,2,9,322,276,643,511,1.00123,10810,10.7968
025040107410003168d2a000a00000e2,2,2,10,322,276,643,511,1.00123,10807,10.7938
025040107410003168d2a000a00000e2,2,2,11,322,276,643,511,1.00123,10806,10.7928
025040107410003168d2a000a00000e2,2,2,12,322,276,643,511,1.00123,10786,10.7728
025040107410003168d2a000a00000e2,2,2,13,322,276,643,511,1.00123,10805,10.7918
025040107410003168d2a000a00000e2,2,2,14,322,276,643,511,1.00123,10799,10.7858
025040107410003168d2a000a00000e2,2,2,15,322,276,643,511,1.00123,10806,10.7928
025040107410003168d2a000a00000e2,2,2,16,322,276,643,511,1.00123,10805,10.7918
025040107410003168d2a000a00000e2,2,2,17,322,276,643,511,1.00123,10788,10.7748
025040107410003168d2a000a00000e2,2,2,18,322,276,643,511,1.00123,10792,10.7788
025040107410003168d2a000a00000e2,2,2,19,322,276,643,511,1.00123,10790,10.7768
025040107410003168d2a000a00000e2,2,2,20,322,276,643,511,1.00123,10808,10.7948
025040107410003168d2a000a00000e2,2,2,21,322,276,643,511,1.00123,10812,10.7988
025040107410003168d2a000a00000e2,2,2,22,322,276,643,511,1.00123,10808,10.7948
025040107410003168d2a000a00000e2,2,2,23,322,276,643,511,1.00123,10809,10.7958
025040107410003168d2a000a00000e2,2,2,24,322,276,643,511,1.00123,10780,10.7668
025040107410003168d2a000a00000e2,2,2,25,322,276,643,511,1.00123,10799,10.7858
025040107410003168d2a000a00000e2,2,2,26,322,276,643,511,1.00123,10786,10.7728
025040107410003168d2a000a00000e2,2,2,27,322,276,643,511,1.00123,10804,10.7908
025040107410003168d2a000a00000e2,2,2,28,322,276,643,511,1.00123,10779,10.7658
025040107410003168d2a000a00000e2,2,2,29,322,276,643,511,1.00123,10811,10.7978
025040107410003168d2a000a00000e2,2,2,30,322,276,643,511,1.00123,10801,10.7878
025040107410003168d2a000a00000e2,2,2,31,322,276,643,511,1.00123,10812,10.7988
025040107410003168d2a000a00000e2,2,2,32,322,276,643,511,1.00123,10782,10.7688
025040107410003168d2a000a00000e2,2,2,33,322,276,643,511,1.00123,10811,10.7978
025040107410003168d2a000a00000e2,2,2,34,322,276,643,511,1.00123,10786,10.7728
025040107410003168d2a000a00000e2,2,2,35,322,276,643,511,1.00123,10809,10.7958
025040107410003168d2a000a00000e2,2,2,36,322,276,643,511,1.00123,10797,10.7838
025040107410003168d2a000a00000e2,2,2,37,322,276,643,511,1.00123,10812,10.7988
025040107410003168d2a000a00000e2,2,2,38,322,276,643,511,1.00123,10805,10.7918
025040107410003168d2a000a00000e2,2,2,39,322,276,643,511,1.00123,10806,10.7928
025040107410003168d2a000a00000e2,2,2,40,322,276,643,511,1.00123,10792,10.7788
025040107410003168d2a000a00000e2,2,2,41,322,276,643,511,1.00123,10804,10.7908
025040107410003168d2a000a00000e2,2,2,42,322,276,643,511,1.00123,10794,10.7808
025040107410003168d2a000a00000e2,2,2,43,322,276,643,511,1.00123,10810,10.7968
025040107410003168d2a000a00000e2,2,2,44,322,276,643,511,1.00123,10748,10.7348
025040107410003168d2a000a00000e2,2,2,45,322,276,643,511,1.00123,10788,10.7748
025040107410003168d2a000a00000e2,2,2,46,322,276,643,511,1.00123,10772,10.7588
025040107410003168d2a000a00000e2,2,2,47,322,276,643,511,1.00123,10772,10.7588
025040107410003168d2a000a00000e2,2,2,48,322,276,643,511,1.00123,10773,10.7598
025040107410003168d2a000a00000e2,2,2,49,322,276,643,511,1.00123,10796,10.7828
025040107410003168d2a000a00000e2,2,2,50,322,276,643,511,1.00123,10764,10.7508
025040107410003168d2a000a00000e2,2,2,51,322,276,643,511,1.00123,10783,10.7698
025040107410003168d2a000a00000e2,2,2,52,322,276,643,511,1.00123,10753,10.7398
025040107410003168d2a000a00000e2,2,2,53,322,276,643,511,1.00123,10802,10.7888
025040107410003168d2a000a00000e2,2,2,54,322,276,643,511,1.00123,10763,10.7498
025040107410003168d2a000a00000e2,2,2,55,322,276,643,511,1.00123,10771,10.7578
025040107410003168d2a000a00000e2,2,2,56,322,276,643,511,1.00123,10787,10.7738
025040107410003168d2a000a00000e2,2,2,57,322,276,643,511,1.00123,10790,10.7768
025040107410003168d2a000a00000e2,2,2,58,322,276,643,511,1.00123,10773,10.7598
025040107410003168d2a000a00000e2,2,2,59,322,276,643,511,1.00123,10770,10.7568
025040107410003168d2a000a00000e2,2,2,60,322,276,643,511,1.00123,10756,10.7428
025040107410003168d2a000a00000e2,2,2,61,322,276,643,511,1.00123,10779,10.7658
025040107410003168d2a000a00000e2,2,2,62,322,276,643,511,1.00123,10710,10.6969
025040107410003168d2a000a00000e2,2,2,63,322,276,643,511,1.00123,10778,10.7648
025040107410003168d2a000a00000e2,2,2,0,322,276,644,512,1.00123,10754,10.7408
025040107410003168d2a000a00000e2,2,2,1,322,276,644,512,1.00123,10745,10.7318
025040107410003168d2a000a00000e2,2,2,2,322,276,644,512,1.00123,10789,10.7758
025040107410003168d2a000a00000e2,2,2,3,322,276,644,512,1.00123,10785,10.7718
025040107410003168d2a000a00000e2,2,2,4,322,276,644,512,1.00123,10767,10.7538
025040107410003168d2a000a00000e2,2,2,5,322,276,644,512,1.00123,10746,10.7328
025040107410003168d2a000a00000e2,2,2,6,322,276,644,512,1.00123,10756,10.7428
025040107410003168d2a000a00000e2,2,2,7,322,276,644,512,1.00123,10743,10.7298
025040107410003168d2a000a00000e2,2,2,8,322,276,644,512,1.00123,10769,10.7558
025040107410003168d2a000a00000e2,2,2,9,322,276,644,512,1.00123,10785,10.7718
025040107410003168d2a000a00000e2,2,2,10,322,276,644,512,1.00123,10782,10.7688
025040107410003168d2a000a00000e2,2,2,11,322,276,644,512,1.00123,10783,10.7698
025040107410003168d2a000a00000e2,2,2,12,322,276,644,512,1.00123,10767,10.7538
025040107410003168d2a000a00000e2,2,2,13,322,276,644,512,1.00123,10782,10.7688
025040107410003168d2a000a00000e2,2,2,14,322,276,644,512,1.00123,10777,10.7638
025040107410003168d2a000a00000e2,2,2,15,322,276,644,512,1.00123,10784,10.7708
025040107410003168d2a000a00000e2,2,2,16,322,276,644,512,1.00123,10781,10.7678
025040107410003168d2a000a00000e2,2,2,17,322,276,644,512,1.00123,10764,10.7508
025040107410003168d2a000a00000e2,2,2,18,322,276,644,512,1.00123,10769,10.7558
025040107410003168d2a000a00000e2,2,2,19,322,276,644,512,1.00123,10770,10.7568
025040107410003168d2a000a00000e2,2,2,20,322,276,644,512,1.00123,10785,10.7718
025040107410003168d2a000a00000e2,2,2,21,322,276,644,512,1.00123,10787,10.7738
025040107410003168d2a000a00000e2,2,2,22,322,276,644,512,1.00123,10784,10.7708
025040107410003168d2a000a00000e2,2,2,23,322,276,644,512,1.00123,10786,10.7728
025040107410003168d2a000a00000e2,2,2,24,322,276,644,512,1.00123,10754,10.7408
025040107410003168d2a000a00000e2,2,2,25,322,276,644,512,1.00123,10777,10.7638
025040107410003168d2a000a00000e2,2,2,26,322,276,644,512,1.00123,10761,10.7478
025040107410003168d2a000a00000e2,2,2,27,322,276,644,512,1.00123,10779,10.7658
025040107410003168d2a000a00000e2,2,2,28,322,276,644,512,1.00123,10756,10.7428
025040107410003168d2a000a00000e2,2,2,29,322,276,644,512,1.00123,10786,10.7728
025040107410003168d2a000a00000e2,2,2,30,322,276,644,512,1.00123,10777,10.7638
025040107410003168d2a000a00000e2,2,2,31,322,276,644,512,1.00123,10788,10.7748
025040107410003168d2a000a00000e2,2,2,32,322,276,644,512,1.00123,10758,10.7448
025040107410003168d2a000a00000e2,2,2,33,322,276,644,512,1.00123,10786,10.7728
025040107410003168d2a000a00000e2,2,2,34,322,276,644,512,1.00123,10764,10.7508
025040107410003168d2a000a00000e2,2,2,35,322,276,644,512,1.00123,10785,10.7718
025040107410003168d2a000a00000e2,2,2,36,322,276,644,512,1.00123,10774,10.7608
025040107410003168d2a000a00000e2,2,2,37,322,276,644,512,1.00123,10786,10.7728
025040107410003168d2a000a00000e2,2,2,38,322,276,644,512,1.00123,10783,10.7698
025040107410003168d2a000a00000e2,2,2,39,322,276,644,512,1.00123,10783,10.7698
025040107410003168d2a000a00000e2,2,2,40,322,276,644,512,1.00123,10769,10.7558
025040107410003168d2a000a00000e2,2,2,41,322,276,644,512,1.00123,10783,10.7698
025040107410003168d2a000a00000e2,2,2,42,322,276,644,512,1.00123,10767,10.7538
025040107410003168d2a000a00000e2,2,2,43,322,276,644,512,1.00123,10786,10.7728
025040107410003168d2a000a00000e2,2,2,44,322,276,644,512,1.00123,10723,10.7099
025040107410003168d2a000a00000e2,2,2,45,322,276,644,512,1.00123,10764,10.7508
025040107410003168d2a000a00000e2,2,2,46,322,276,644,512,1.00123,10750,10.7368
025040107410003168d2a000a00000e2,2,2,47,322,276,644,512,1.00123,10750,10.7368
025040107410003168d2a000a00000e2,2,2,48,322,276,644,512,1.00123,10751,10.7378
025040107410003168d2a000a00000e2,2,2,49,322,276,644,512,1.00123,10774,10.7608
025040107410003168d2a000a00000e2,2,2,50,322,276,644,512,1.00123,10745,10.7318
025040107410003168d2a000a00000e2,2,2,51,322,276,644,512,1.00123,10760,10.7468
025040107410003168d2a000a00000e2,2,2,52,322,276,644,512,1.00123,10732,10.7189
025040107410003168d2a000a00000e2,2,2,53,322,276,644,512,1.00123,10782,10.7688
025040107410003168d2a000a00000e2,2,2,54,322,276,644,512,1.00123,10745,10.7318
025040107410003168d2a000a00000e2,2,2,55,322,276,644,512,1.00123,10748,10.7348
025040107410003168d2a000a00000e2,2,2,56,322,276,644,512,1.00123,10762,10.7488
025040107410003168d2a000a00000e2,2,2,57,322,276,644,512,1.00123,10769,10.7558
025040107410003168d2a000a00000e2,2,2,58,322,276,644,512,1.00123,10749,10.7358
025040107410003168d2a000a00000e2,2,2,59,322,276,644,512,1.00123,10747,10.7338
025040107410003168d2a000a00000e2,2,2,60,322,276,644,512,1.00123,10736,10.7229
025040107410003168d2a000a00000e2,2,2,61,322,276,644,512,1.00123,10762,10.7488
025040107410003168d2a000a00000e2,2,2,62,322,276,644,512,1.00123,10680,10.6669
025040107410003168d2a000a00000e2,2,2,63,322,276,644,512,1.00123,10755,10.7418
025040107410003168d2a000a00000e2,2,2,0,322,276,645,513,1.00123,10725,10.7119
025040107410003168d2a000a00000e2,2,2,1,322,276,645,513,1.00123,10740,10.7268
025040107410003168d2a000a00000e2,2,2,2,322,276,645,513,1.00123,10796,10.7828
025040107410003168d2a000a00000e2,2,2,3,322,276,645,513,1.00123,10790,10.7768
025040107410003168d2a000a00000e2,2,2,4,322,276,645,513,1.00123,10766,10.7528
025040107410003168d2a000a00000e2,2,2,5,322,276,645,513,1.00123,10742,10.7288
025040107410003168d2a000a00000e2,2,2,6,322,276,645,513,1.00123,10754,10.7408
025040107410003168d2a000a00000e2,2,2,7,322,276,645,513,1.00123,10736,10.7229
025040107410003168d2a000a00000e2,2,2,8,322,276,645,513,1.00123,10766,10.7528
025040107410003168d2a000a00000e2,2,2,9,322,276,645,513,1.00123,10791,10.7778
025040107410003168d2a000a00000e2,2,2,10,322,276,645,513,1.00123,10787,10.7738
025040107410003168d2a000a00000e2,2,2,11,322,276,645,513,1.00123,10787,10.7738
025040107410003168d2a000a00000e2,2,2,12,322,276,645,513,1.00123,10763,10.7498
025040107410003168d2a000a00000e2,2,2,13,322,276,645,513,1.00123,10783,10.7698
025040107410003168d2a000a00000e2,2,2,14,322,276,645,513,1.00123,10774,10.7608
025040107410003168d2a000a00000e2,2,2,15,322,276,645,513,1.00123,10786,10.7728
025040107410003168d2a000a00000e2,2,2,16,322,276,645,513,1.00123,10783,10.7698
025040107410003168d2a000a00000e2,2,2,17,322,276,645,513,1.00123,10759,10.7458
025040107410003168d2a000a00000e2,2,2,18,322,276,645,513,1.00123,10769,10.7558
025040107410003168d2a000a00000e2,2,2,19,322,276,645,513,1.00123,10767,10.7538
025040107410003168d2a000a00000e2,2,2,20,322,276,645,513,1.00123,10791,10.7778
025040107410003168d2a000a00000e2,2,2,21,322,276,645,513,1.00123,10796,10.7828
025040107410003168d2a000a00000e2,2,2,22,322,276,645,513,1.00123,10792,10.7788
025040107410003168d2a000a00000e2,2,2,23,322,276,645,513,1.00123,10793,10.7798
025040107410003168d2a000a00000e2,2,2,24,322,276,645,513,1.00123,10757,10.7438
025040107410003168d2a000a00000e2,2,2,25,322,276,645,513,1.00123,10775,10.7618
025040107410003168d2a000a00000e2,2,2,26,322,276,645,513,1.00123,10759,10.7458
025040107410003168d2a000a00000e2,2,2,27,322,276,645,513,1.00123,10779,10.7658
025040107410003168d2a000a00000e2,2,2,28,322,276,645,513,1.00123,10757,10.7438
025040107410003168d2a000a00000e2,2,2,29,322,276,645,513,1.00123,10793,10.7798
025040107410003168d2a000a00000e2,2,2,30,322,276,645,513,1.00123,10780,10.7668
025040107410003168d2a000a00000e2,2,2,31,322,276,645,513,1.00123,10798,10.7848
025040107410003168d2a000a00000e2,2,2,32,322,276,645,513,1.00123,10756,10.7428
025040107410003168d2a000a00000e2,2,2,33,322,276,645,513,1.00123,10795,10.7818
025040107410003168d2a000a00000e2,2,2,34,322,276,645,513,1.00123,10764,10.7508
025040107410003168d2a000a00000e2,2,2,35,322,276,645,513,1.00123,10791,10.7778
025040107410003168d2a000a00000e2,2,2,36,322,276,645,513,1.00123,10775,10.7618
025040107410003168d2a000a00000e2,2,2,37,322,276,645,513,1.00123,10793,10.7798
025040107410003168d2a000a00000e2,2,2,38,322,276,645,513,1.00123,10787,10.7738
025040107410003168d2a000a00000e2,2,2,39,322,276,645,513,1.00123,10789,10.7758
025040107410003168d2a000a00000e2,2,2,40,322,276,645,513,1.00123,10771,10.7578
025040107410003168d2a000a00000e2,2,2,41,322,276,645,513,1.00123,10786,10.7728
025040107410003168d2a000a00000e2,2,2,42,322,276,645,513,1.00123,10770,10.7568
025040107410003168d2a000a00000e2,2,2,43,322,276,645,513,1.00123,10791,10.7778
025040107410003168d2a000a00000e2,2,2,44,322,276,645,513,1.00123,10724,10.7109
025040107410003168d2a000a00000e2,2,2,45,322,276,645,513,1.00123,10758,10.7448
025040107410003168d2a000a00000e2,2,2,46,322,276,645,513,1.00123,10749,10.7358
025040107410003168d2a000a00000e2,2,2,47,322,276,645,513,1.00123,10747,10.7338
025040107410003168d2a000a00000e2,2,2,48,322,276,645,513,1.00123,10753,10.7398
025040107410003168d2a000a00000e2,2,2,49,322,276,645,513,1.00123,10769,10.7558
025040107410003168d2a000a00000e2,2,2,50,322,276,645,513,1.00123,10744,10.7308
025040107410003168d2a000a00000e2,2,2,51,322,276,645,513,1.00123,10758,10.7448
025040107410003168d2a000a00000e2,2,2,52,322,276,645,513,1.00123,10731,10.7179
025040107410003168d2a000a00000e2,2,2,53,322,276,645,513,1.00123,10784,10.7708
025040107410003168d2a000a00000e2,2,2,54,322,276,645,513,1.00123,10739,10.7258
025040107410003168d2a000a00000e2,2,2,55,322,276,645,513,1.00123,10746,10.7328
025040107410003168d2a000a00000e2,2,2,56,322,276,645,513,1.00123,10761,10.7478
025040107410003168d2a000a00000e2,2,2,57,322,276,645,513,1.00123,10767,10.7538
025040107410003168d2a000a00000e2,2,2,58,322,276,645,513,1.00123,10750,10.7368
025040107410003168d2a000a00000e2,2,2,59,322,276,645,513,1.00123,10745,10.7318
025040107410003168d2a000a00000e2,2,2,60,322,276,645,513,1.00123,10727,10.7139
025040107410003168d2a000a00000e2,2,2,61,322,276,645,513,1.00123,10756,10.7428
025040107410003168d2a000a00000e2,2,2,62,322,276,645,513,1.00123,10662,10.6489
025040107410003168d2a000a00000e2,2,2,63,322,276,645,513,1.00123,10751,10.7378
025040107410003168d2a000a00000e2,2,2,0,322,276,646,513,1.00123,10652,10.639
025040107410003168d2a000a00000e2,2,2,1,322,276,646,513,1.00123,10768,10.7548
025040107410003168d2a000a00000e2,2,2,2,322,276,646,513,1.00123,10818,10.8048
025040107410003168d2a000a00000e2,2,2,3,322,276,646,513,1.00123,10809,10.7958
025040107410003168d2a000a00000e2,2,2,4,322,276,646,513,1.00123,10790,10.7768
025040107410003168d2a000a00000e2,2,2,5,322,276,646,513,1.00123,10766,10.7528
025040107410003168d2a000a00000e2,2,2,6,322,276,646,513,1.00123,10780,10.7668
025040107410003168d2a000a00000e2,2,2,7,322,276,646,513,1.00123,10763,10.7498
025040107410003168d2a000a00000e2,2,2,8,322,276,646,513,1.00123,10794,10.7808
025040107410003168d2a000a00000e2,2,2,9,322,276,646,513,1.00123,10812,10.7988
025040107410003168d2a000a00000e2,2,2,10,322,276,646,513,1.00123,10807,10.7938
025040107410003168d2a000a00000e2,2,2,11,322,276,646,513,1.00123,10808,10.7948
025040107410003168d2a000a00000e2,2,2,12,322,276,646,513,1.00123,10793,10.7798
025040107410003168d2a000a00000e2,2,2,13,322,276,646,513,1.00123,10807,10.7938
025040107410003168d2a000a00000e2,2,2,14,322,276,646,513,1.00123,10799,10.7858
025040107410003168d2a000a00000e2,2,2,15,322,276,646,513,1.00123,10807,10.7938
025040107410003168d2a000a00000e2,2,2,16,322,276,646,513,1.00123,10805,10.7918
025040107410003168d2a000a00000e2,2,2,17,322,276,646,513,1.00123,10789,10.7758
025040107410003168d2a000a00000e2,2,2,18,322,276,646,513,1.00123,10795,10.7818
025040107410003168d2a000a00000e2,2,2,19,322,276,646,513,1.00123,10794,10.7808
025040107410003168d2a000a00000e2,2,2,20,322,276,646,513,1.00123,10810,10.7968
025040107410003168d2a000a00000e2,2,2,21,322,276,646,513,1.00123,10818,10.8048
025040107410003168d2a000a00000e2,2,2,22,322,276,646,513,1.00123,10813,10.7998
025040107410003168d2a000a00000e2,2,2,23,322,276,646,513,1.00123,10813,10.7998
025040107410003168d2a000a00000e2,2,2,24,322,276,646,513,1.00123,10784,10.7708
025040107410003168d2a000a00000e2,2,2,25,322,276,646,513,1.00123,10800,10.7868
025040107410003168d2a000a00000e2,2,2,26,322,276,646,513,1.00123,10787,10.7738
025040107410003168d2a000a00000e2,2,2,27,322,276,646,513,1.00123,10803,10.7898
025040107410003168d2a000a00000e2,2,2,28,322,276,646,513,1.00123,10781,10.7678
025040107410003168d2a000a00000e2,2,2,29,322,276,646,513,1.00123,10814,10.8008
025040107410003168d2a000a00000e2,2,2,30,322,276,646,513,1.00123,10803,10.7898
025040107410003168d2a000a00000e2,2,2,31,322,276,646,513,1.00123,10819,10.8057
025040107410003168d2a000a00000e2,2,2,32,322,276,646,513,1.00123,10785,10.7718
025040107410003168d2a000a00000e2,2,2,33,322,276,646,513,1.00123,10814,10.8008
025040107410003168d2a000a00000e2,2,2,34,322,276,646,513,1.00123,10789,10.7758
025040107410003168d2a000a00000e2,2,2,35,322,276,646,513,1.00123,10811,10.7978
025040107410003168d2a000a00000e2,2,2,36,322,276,646,513,1.00123,10799,10.7858
025040107410003168d2a000a00000e2,2,2,37,322,276,646,513,1.00123,10814,10.8008
025040107410003168d2a000a00000e2,2,2,38,322,276,646,513,1.00123,10808,10.7948
025040107410003168d2a000a00000e2,2,2,39,322,276,646,513,1.00123,10806,10.7928
025040107410003168d2a000a00000e2,2,2,40,322,276,646,513,1.00123,10798,10.7848
025040107410003168d2a000a00000e2,2,2,41,322,276,646,513,1.00123,10807,10.7938
025040107410003168d2a000a00000e2,2,2,42,322,276,646,513,1.00123,10795,10.7818
025040107410003168d2a000a00000e2,2,2,43,322,276,646,513,1.00123,10812,10.7988
025040107410003168d2a000a00000e2,2,2,44,322,276,646,513,1.00123,10750,10.7368
025040107410003168d2a000a00000e2,2,2,45,322,276,646,513,1.00123,10790,10.7768
025040107410003168d2a000a00000e2,2,2,46,322,276,646,513,1.00123,10776,10.7628
025040107410003168d2a000a00000e2,2,2,47,322,276,646,513,1.00123,10776,10.7628
025040107410003168d2a000a00000e2,2,2,48,322,276,646,513,1.00123,10776,10.7628
025040107410003168d2a000a00000e2,2,2,49,322,276,646,513,1.00123,10799,10.7858
025040107410003168d2a000a00000e2,2,2,50,322,276,646,513,1.00123,10771,10.7578
025040107410003168d2a000a00000e2,2,2,51,322,276,646,513,1.00123,10784,10.7708
025040107410003168d2a000a00000e2,2,2,52,322,276,646,513,1.00123,10757,10.7438
025040107410003168d2a000a00000e2,2,2,53,322,276,646,513,1.00123,10805,10.7918
025040107410003168d2a000a00000e2,2,2,54,322,276,646,513,1.00123,10769,10.7558
025040107410003168d2a000a00000e2,2,2,55,322,276,646,513,1.00123,10772,10.7588
025040107410003168d2a000a00000e2,2,2,56,322,276,646,513,1.00123,10788,10.7748
025040107410003168d2a000a00000e2,2,2,57,322,276,646,513,1.00123,10795,10.7818
025040107410003168d2a000a00000e2,2,2,58,322,276,646,513,1.00123,10775,10.7618
025040107410003168d2a000a00000e2,2,2,59,322,276,646,513,1.00123,10771,10.7578
025040107410003168d2a000a00000e2,2,2,60,322,276,646,513,1.00123,10757,10.7438
025040107410003168d2a000a00000e2,2,2,61,322,276,646,513,1.00123,10788,10.7748
025040107410003168d2a000a00000e2,2,2,62,322,276,646,513,1.00123,10694,10.6809
025040107410003168d2a000a00000e2,2,2,63,322,276,646,513,1.00123,10779,10.7658
025040107410003168d2a000a00000e2,2,2,0,322,276,647,514,1.00123,10465,10.4522
025040107410003168d2a000a00000e2,2,2,1,322,276,647,514,1.00123,10744,10.7308
025040107410003168d2a000a00000e2,2,2,2,322,276,647,514,1.00123,10812,10.7988
025040107410003168d2a000a00000e2,2,2,3,322,276,647,514,1.00123,10799,10.7858
025040107410003168d2a000a00000e2,2,2,4,322,276,647,514,1.00123,10766,10.7528
025040107410003168d2a000a00000e2,2,2,5,322,276,647,514,1.00123,10742,10.7288
025040107410003168d2a000a00000e2,2,2,6,322,276,647,514,1.00123,10757,10.7438
025040107410003168d2a000a00000e2,2,2,7,322,276,647,514,1.00123,10739,10.7258
025040107410003168d2a000a00000e2,2,2,8,322,276,647,514,1.00123,10769,10.7558
025040107410003168d2a000a00000e2,2,2,9,322,276,647,514,1.00123,10800,10.7868
025040107410003168d2a000a00000e2,2,2,10,322,276,647,514,1.00123,10792,10.7788
025040107410003168d2a000a00000e2,2,2,11,322,276,647,514,1.00123,10793,10.7798
025040107410003168d2a000a00000e2,2,2,12,322,276,647,514,1.00123,10767,10.7538
025040107410003168d2a000a00000e2,2,2,13,322,276,647,514,1.00123,10791,10.7778
025040107410003168d2a000a00000e2,2,2,14,322,276,647,514,1.00123,10779,10.7658
025040107410003168d2a000a00000e2,2,2,15,322,276,647,514,1.00123,10791,10.7778
025040107410003168d2a000a00000e2,2,2,16,322,276,647,514,1.00123,10788,10.7748
025040107410003168d2a000a00000e2,2,2,17,322,276,647,514,1.00123,10766,10.7528
025040107410003168d2a000a00000e2,2,2,18,322,276,647,514,1.00123,10769,10.7558
025040107410003168d2a000a00000e2,2,2,19,322,276,647,514,1.00123,10767,10.7538
025040107410003168d2a000a00000e2,2,2,20,322,276,647,514,1.00123,10797,10.7838
025040107410003168d2a000a00000e2,2,2,21,322,276,647,514,1.00123,10809,10.7958
025040107410003168d2a000a00000e2,2,2,22,322,276,647,514,1.00123,10797,10.7838
025040107410003168d2a000a00000e2,2,2,23,322,276,647,514,1.00123,10801,10.7878
025040107410003168d2a000a00000e2,2,2,24,322,276,647,514,1.00123,10763,10.7498
025040107410003168d2a000a00000e2,2,2,25,322,276,647,514,1.00123,10778,10.7648
025040107410003168d2a000a00000e2,2,2,26,322,276,647,514,1.00123,10766,10.7528
025040107410003168d2a000a00000e2,2,2,27,322,276,647,514,1.00123,10788,10.7748
025040107410003168d2a000a00000e2,2,2,28,322,276,647,514,1.00123,10763,10.7498
025040107410003168d2a000a00000e2,2,2,29,322,276,647,514,1.00123,10801,10.7878
025040107410003168d2a000a00000e2,2,2,30,322,276,647,514,1.00123,10783,10.7698
025040107410003168d2a000a00000e2,2,2,31,322,276,647,514,1.00123,10813,10.7998
025040107410003168d2a000a00000e2,2,2,32,322,276,647,514,1.00123,10764,10.7508
025040107410003168d2a000a00000e2,2,2,33,322,276,647,514,1.00123,10807,10.7938
025040107410003168d2a000a00000e2,2,2,34,322,276,647,514,1.00123,10768,10.7548
025040107410003168d2a000a00000e2,2,2,35,322,276,647,514,1.00123,10797,10.7838
025040107410003168d2a000a00000e2,2,2,36,322,276,647,514,1.00123,10778,10.7648
025040107410003168d2a000a00000e2,2,2,37,322,276,647,514,1.00123,10809,10.7958
025040107410003168d2a000a00000e2,2,2,38,322,276,647,514,1.00123,10795,10.7818
025040107410003168d2a000a00000e2,2,2,39,322,276,647,514,1.00123,10796,10.7828
025040107410003168d2a000a00000e2,2,2,40,322,276,647,514,1.00123,10774,10.7608
025040107410003168d2a000a00000e2,2,2,41,322,276,647,514,1.00123,10788,10.7748
025040107410003168d2a000a00000e2,2,2,42,322,276,647,514,1.00123,10771,10.7578
025040107410003168d2a000a00000e2,2,2,43,322,276,647,514,1.00123,10802,10.7888
025040107410003168d2a000a00000e2,2,2,44,322,276,647,514,1.00123,10729,10.7159
025040107410003168d2a000a00000e2,2,2,45,322,276,647,514,1.00123,10767,10.7538
025040107410003168d2a000a00000e2,2,2,46,322,276,647,514,1.00123,10756,10.7428
025040107410003168d2a000a00000e2,2,2,47,322,276,647,514,1.00123,10752,10.7388
025040107410003168d2a000a00000e2,2,2,48,322,276,647,514,1.00123,10759,10.7458
025040107410003168d2a000a00000e2,2,2,49,322,276,647,514,1.00123,10772,10.7588
025040107410003168d2a000a00000e2,2,2,50,322,276,647,514,1.00123,10744,10.7308
025040107410003168d2a000a00000e2,2,2,51,322,276,647,514,1.00123,10760,10.7468
025040107410003168d2a000a00000e2,2,2,52,322,276,647,514,1.00123,10732,10.7189
025040107410003168d2a000a00000e2,2,2,53,322,276,647,514,1.00123,10782,10.7688
025040107410003168d2a000a00000e2,2,2,54,322,276,647,514,1.00123,10742,10.7288
025040107410003168d2a000a00000e2,2,2,55,322,276,647,514,1.00123,10750,10.7368
025040107410003168d2a000a00000e2,2,2,56,322,276,647,514,1.00123,10766,10.7528
025040107410003168d2a000a00000e2,2,2,57,322,276,647,514,1.00123,10767,10.7538
025040107410003168d2a000a00000e2,2,2,58,322,276,647,514,1.00123,10753,10.7398
025040107410003168d2a000a00000e2,2,2,59,322,276,647,514,1.00123,10749,10.7358
025040107410003168d2a000a00000e2,2,2,60,322,276,647,514,1.00123,10732,10.7189
025040107410003168d2a000a00000e2,2,2,61,322,276,647,514,1.00123,10756,10.7428
025040107410003168d2a000a00000e2,2,2,62,322,276,647,514,1.00123,10656,10.6429
025040107410003168d2a000a00000e2,2,2,63,322,276,647,514,1.00123,10754,10.7408
025040107410003168d2a000a00000e2,2,2,0,322,276,648,515,1.00123,10184,10.1715
025040107410003168d2a000a00000e2,2,2,1,322,276,648,515,1.00123,10753,10.7398
025040107410003168d2a000a00000e2,2,2,2,322,276,648,515,1.00123,10810,10.7968
025040107410003168d2a000a00000e2,2,2,3,322,276,648,515,1.00123,10800,10.7868
025040107410003168d2a000a00000e2,2,2,4,322,276,648,515,1.00123,10776,10.7628
025040107410003168d2a000a00000e2,2,2,5,322,276,648,515,1.00123,10750,10.7368
025040107410003168d2a000a00000e2,2,2,6,322,276,648,515,1.00123,10760,10.7468
025040107410003168d2a000a00000e2,2,2,7,322,276,648,515,1.00123,10747,10.7338
025040107410003168d2a000a00000e2,2,2,8,322,276,648,515,1.00123,10775,10.7618
025040107410003168d2a000a00000e2,2,2,9,322,276,648,515,1.00123,10799,10.7858
025040107410003168d2a000a00000e2,2,2,10,322,276,648,515,1.00123,10794,10.7808
025040107410003168d2a000a00000e2,2,2,11,322,276,648,515,1.00123,10795,10.7818
025040107410003168d2a000a00000e2,2,2,12,322,276,648,515,1.00123,10774,10.7608
025040107410003168d2a000a00000e2,2,2,13,322,276,648,515,1.00123,10791,10.7778
025040107410003168d2a000a00000e2,2,2,14,322,276,648,515,1.00123,10785,10.7718
025040107410003168d2a000a00000e2,2,2,15,322,276,648,515,1.00123,10791,10.7778
025040107410003168d2a000a00000e2,2,2,16,322,276,648,515,1.00123,10792,10.7788
025040107410003168d2a000a00000e2,2,2,17,322,276,648,515,1.00123,10768,10.7548
025040107410003168d2a000a00000e2,2,2,18,322,276,648,515,1.00123,10778,10.7648
025040107410003168d2a000a00000e2,2,2,19,322,276,648,515,1.00123,10774,10.7608
025040107410003168d2a000a00000e2,2,2,20,322,276,648,515,1.00123,10798,10.7848
025040107410003168d2a000a00000e2,2,2,21,322,276,648,515,1.00123,10806,10.7928
025040107410003168d2a000a00000e2,2,2,22,322,276,648,515,1.00123,10798,10.7848
025040107410003168d2a000a00000e2,2,2,23,322,276,648,515,1.00123,10800,10.7868
025040107410003168d2a000a00000e2,2,2,24,322,276,648,515,1.00123,10764,10.7508
025040107410003168d2a000a00000e2,2,2,25,322,276,648,515,1.00123,10784,10.7708
025040107410003168d2a000a00000e2,2,2,26,322,276,648,515,1.00123,10769,10.7558
025040107410003168d2a000a00000e2,2,2,27,322,276,648,515,1.00123,10789,10.7758
025040107410003168d2a000a00000e2,2,2,28,322,276,648,515,1.00123,10764,10.7508
025040107410003168d2a000a00000e2,2,2,29,322,276,648,515,1.00123,10801,10.7878
025040107410003168d2a000a00000e2,2,2,30,322,276,648,515,1.00123,10787,10.7738
025040107410003168d2a000a00000e2,2,2,31,322,276,648,515,1.00123,10808,10.7948
025040107410003168d2a000a00000e2,2,2,32,322,276,648,515,1.00123,10765,10.7518
025040107410003168d2a000a00000e2,2,2,33,322,276,648,515,1.00123,10806,10.7928
025040107410003168d2a000a00000e2,2,2,34,322,276,648,515,1.00123,10770,10.7568
025040107410003168d2a000a00000e2,2,2,35,322,276,648,515,1.00123,10797,10.7838
025040107410003168d2a000a00000e2,2,2,36,322,276,648,515,1.00123,10786,10.7728
025040107410003168d2a000a00000e2,2,2,37,322,276,648,515,1.00123,10804,10.7908
025040107410003168d2a000a00000e2,2,2,38,322,276,648,515,1.00123,10795,10.7818
025040107410003168d2a000a00000e2,2,2,39,322,276,648,515,1.00123,10794,10.7808
025040107410003168d2a000a00000e2,2,2,40,322,276,648,515,1.00123,10781,10.7678
025040107410003168d2a000a00000e2,2,2,41,322,276,648,515,1.00123,10788,10.7748
025040107410003168d2a000a00000e2,2,2,42,322,276,648,515,1.00123,10781,10.7678
025040107410003168d2a000a00000e2,2,2,43,322,276,648,515,1.00123,10800,10.7868
025040107410003168d2a000a00000e2,2,2,44,322,276,648,515,1.00123,10736,10.7229
025040107410003168d2a000a00000e2,2,2,45,322,276,648,515,1.00123,10768,10.7548
025040107410003168d2a000a00000e2,2,2,46,322,276,648,515,1.00123,10759,10.7458
025040107410003168d2a000a00000e2,2,2,47,322,276,648,515,1.00123,10758,10.7448
025040107410003168d2a000a00000e2,2,2,48,322,276,648,515,1.00123,10760,10.7468
025040107410003168d2a000a00000e2,2,2,49,322,276,648,515,1.00123,10781,10.7678
025040107410003168d2a000a00000e2,2,2,50,322,276,648,515,1.00123,10750,10.7368
025040107410003168d2a000a00000e2,2,2,51,322,276,648,515,1.00123,10763,10.7498
025040107410003168d2a000a00000e2,2,2,52,322,276,648,515,1.00123,10740,10.7268
025040107410003168d2a000a00000e2,2,2,53,322,276,648,515,1.00123,10786,10.7728
025040107410003168d2a000a00000e2,2,2,54,322,276,648,515,1.00123,10750,10.7368
025040107410003168d2a000a00000e2,2,2,55,322,276,648,515,1.00123,10756,10.7428
025040107410003168d2a000a00000e2,2,2,56,322,276,648,515,1.00123,10769,10.7558
025040107410003168d2a000a00000e2,2,2,57,322,276,648,515,1.00123,10774,10.7608
025040107410003168d2a000a00000e2,2,2,58,322,276,648,515,1.00123,10758,10.7448
025040107410003168d2a000a00000e2,2,2,59,322,276,648,515,1.00123,10758,10.7448
025040107410003168d2a000a00000e2,2,2,60,322,276,648,515,1.00123,10740,10.7268
025040107410003168d2a000a00000e2,2,2,61,322,276,648,515,1.00123,10767,10.7538
025040107410003168d2a000a00000e2,2,2,62,322,276,648,515,1.00123,10656,10.6429
025040107410003168d2a000a00000e2,2,2,63,322,276,648,515,1.00123,10761,10.7478
025040107410003168d2a000a00000e2,2,2,0,322,276,649,516,1.00123,9612,9.60023
025040107410003168d2a000a00000e2,2,2,1,322,276,649,516,1.00123,10704,10.6909
025040107410003168d2a000a00000e2,2,2,2,322,276,649,516,1.00123,10786,10.7728
025040107410003168d2a000a00000e2,2,2,3,322,276,649,516,1.00123,10766,10.7528
025040107410003168d2a000a00000e2,2,2,4,322,276,649,516,1.00123,10729,10.7159
025040107410003168d2a000a00000e2,2,2,5,322,276,649,516,1.00123,10702,10.6889
025040107410003168d2a000a00000e2,2,2,6,322,276,649,516,1.00123,10720,10.7069
025040107410003168d2a000a00000e2,2,2,7,322,276,649,516,1.00123,10699,10.6859
025040107410003168d2a000a00000e2,2,2,8,322,276,649,516,1.00123,10729,10.7159
025040107410003168d2a000a00000e2,2,2,9,322,276,649,516,1.00123,10768,10.7548
025040107410003168d2a000a00000e2,2,2,10,322,276,649,516,1.00123,10761,10.7478
025040107410003168d2a000a00000e2,2,2,11,322,276,649,516,1.00123,10759,10.7458
025040107410003168d2a000a00000e2,2,2,12,322,276,649,516,1.00123,10728,10.7149
025040107410003168d2a000a00000e2,2,2,13,322,276,649,516,1.00123,10755,10.7418
025040107410003168d2a000a00000e2,2,2,14,322,276,649,516,1.00123,10748,10.7348
025040107410003168d2a000a00000e2,2,2,15,322,276,649,516,1.00123,10758,10.7448
025040107410003168d2a000a00000e2,2,2,16,322,276,649,516,1.00123,10753,10.7398
025040107410003168d2a000a00000e2,2,2,17,322,276,649,516,1.00123,10725,10.7119
025040107410003168d2a000a00000e2,2,2,18,322,276,649,516,1.00123,10734,10.7209
025040107410003168d2a000a00000e2,2,2,19,322,276,649,516,1.00123,10731,10.7179
025040107410003168d2a000a00000e2,2,2,20,322,276,649,516,1.00123,10767,10.7538
025040107410003168d2a000a00000e2,2,2,21,322,276,649,516,1.00123,10781,10.7678
025040107410003168d2a000a00000e2,2,2,22,322,276,649,516,1.00123,10767,10.7538
025040107410003168d2a000a00000e2,2,2,23,322,276,649,516,1.00123,10774,10.7608
025040107410003168d2a000a00000e2,2,2,24,322,276,649,516,1.00123,10726,10.7129
025040107410003168d2a000a00000e2,2,2,25,322,276,649,516,1.00123,10741,10.7278
025040107410003168d2a000a00000e2,2,2,26,322,276,649,516,1.00123,10728,10.7149
025040107410003168d2a000a00000e2,2,2,27,322,276,649,516,1.00123,10754,10.7408
025040107410003168d2a000a00000e2,2,2,28,322,276,649,516,1.00123,10725,10.7119
025040107410003168d2a000a00000e2,2,2,29,322,276,649,516,1.00123,10775,10.7618
025040107410003168d2a000a00000e2,2,2,30,322,276,649,516,1.00123,10755,10.7418
025040107410003168d2a000a00000e2,2,2,31,322,276,649,516,1.00123,10787,10.7738
025040107410003168d2a000a00000e2,2,2,32,322,276,649,516,1.00123,10727,10.7139
025040107410003168d2a000a00000e2,2,2,33,322,276,649,516,1.00123,10779,10.7658
025040107410003168d2a000a00000e2,2,2,34,322,276,649,516,1.00123,10729,10.7159
025040107410003168d2a000a00000e2,2,2,35,322,276,649,516,1.00123,10764,10.7508
025040107410003168d2a000a00000e2,2,2,36,322,276,649,516,1.00123,10744,10.7308
025040107410003168d2a000a00000e2,2,2,37,322,276,649,516,1.00123,10778,10.7648
025040107410003168d2a000a00000e2,2,2,38,322,276,649,516,1.00123,10762,10.7488
025040107410003168d2a000a00000e2,2,2,39,322,276,649,516,1.00123,10762,10.7488
025040107410003168d2a000a00000e2,2,2,40,322,276,649,516,1.00123,10741,10.7278
025040107410003168d2a000a00000e2,2,2,41,322,276,649,516,1.00123,10750,10.7368
025040107410003168d2a000a00000e2,2,2,42,322,276,649,516,1.00123,10737,10.7238
025040107410003168d2a000a00000e2,2,2,43,322,276,649,516,1.00123,10775,10.7618
025040107410003168d2a000a00000e2,2,2,44,322,276,649,516,1.00123,10692,10.6789
025040107410003168d2a000a00000e2,2,2,45,322,276,649,516,1.00123,10727,10.7139
025040107410003168d2a000a00000e2,2,2,46,322,276,649,516,1.00123,10721,10.7079
025040107410003168d2a000a00000e2,2,2,47,322,276,649,516,1.00123,10720,10.7069
025040107410003168d2a000a00000e2,2,2,48,322,276,649,516,1.00123,10724,10.7109
025040107410003168d2a000a00000e2,2,2,49,322,276,649,516,1.00123,10737,10.7238
025040107410003168d2a000a00000e2,2,2,50,322,276,649,516,1.00123,10710,10.6969
025040107410003168d2a000a00000e2,2,2,51,322,276,649,516,1.00123,10722,10.7089
025040107410003168d2a000a00000e2,2,2,52,322,276,649,516,1.00123,10699,10.6859
025040107410003168d2a000a00000e2,2,2,53,322,276,649,516,1.00123,10749,10.7358
025040107410003168d2a000a00000e2,2,2,54,322,276,649,516,1.00123,10706,10.6929
025040107410003168d2a000a00000e2,2,2,55,322,276,649,516,1.00123,10715,10.7019
025040107410003168d2a000a00000e2,2,2,56,322,276,649,516,1.00123,10727,10.7139
025040107410003168d2a000a00000e2,2,2,57,322,276,649,516,1.00123,10729,10.7159
025040107410003168d2a000a00000e2,2,2,58,322,276,649,516,1.00123,10719,10.7059
025040107410003168d2a000a00000e2,2,2,59,322,276,649,516,1.00123,10710,10.6969
025040107410003168d2a000a00000e2,2,2,60,322,276,649,516,1.00123,10697,10.6839
025040107410003168d2a000a00000e2,2,2,61,322,276,649,516,1.00123,10719,10.7059
025040107410003168d2a000a00000e2,2,2,62,322,276,649,516,1.00123,10608,10.595
025040107410003168d2a000a00000e2,2,2,63,322,276,649,516,1.00123,10716,10.7029
025040107410003168d2a000a00000e2,2,2,0,322,276,650,517,1.00123,8934,8.92306
025040107410003168d2a000a00000e2,2,2,1,322,276,650,517,1.00123,10742,10.7288
025040107410003168d2a000a00000e2,2,2,2,322,276,650,517,1.00123,10814,10.8008
025040107410003168d2a000a00000e2,2,2,3,322,276,650,517,1.00123,10795,10.7818
025040107410003168d2a000a00000e2,2,2,4,322,276,650,517,1.00123,10771,10.7578
025040107410003168d2a000a00000e2,2,2,5,322,276,650,517,1.00123,10740,10.7268
025040107410003168d2a000a00000e2,2,2,6,322,276,650,517,1.00123,10761,10.7478
025040107410003168d2a000a00000e2,2,2,7,322,276,650,517,1.00123,10738,10.7248
025040107410003168d2a000a00000e2,2,2,8,322,276,650,517,1.00123,10772,10.7588
025040107410003168d2a000a00000e2,2,2,9,322,276,650,517,1.00123,10798,10.7848
025040107410003168d2a000a00000e2,2,2,10,322,276,650,517,1.00123,10792,10.7788
025040107410003168d2a000a00000e2,2,2,11,322,276,650,517,1.00123,10788,10.7748
025040107410003168d2a000a00000e2,2,2,12,322,276,650,517,1.00123,10769,10.7558
025040107410003168d2a000a00000e2,2,2,13,322,276,650,517,1.00123,10789,10.7758
025040107410003168d2a000a00000e2,2,2,14,322,276,650,517,1.00123,10784,10.7708
025040107410003168d2a000a00000e2,2,2,15,322,276,650,517,1.00123,10789,10.7758
025040107410003168d2a000a00000e2,2,2,16,322,276,650,517,1.00123,10785,10.7718
025040107410003168d2a000a00000e2,2,2,17,322,276,650,517,1.00123,10769,10.7558
025040107410003168d2a000a00000e2,2,2,18,322,276,650,517,1.00123,10776,10.7628
025040107410003168d2a000a00000e2,2,2,19,322,276,650,517,1.00123,10770,10.7568
025040107410003168d2a000a00000e2,2,2,20,322,276,650,517,1.00123,10796,10.7828
025040107410003168d2a000a00000e2,2,2,21,322,276,650,517,1.00123,10805,10.7918
025040107410003168d2a000a00000e2,2,2,22,322,276,650,517,1.00123,10796,10.7828
025040107410003168d2a000a00000e2,2,2,23,322,276,650,517,1.00123,10799,10.7858
025040107410003168d2a000a00000e2,2,2,24,322,276,650,517,1.00123,10767,10.7538
025040107410003168d2a000a00000e2,2,2,25,322,276,650,517,1.00123,10781,10.7678
025040107410003168d2a000a00000e2,2,2,26,322,276,650,517,1.00123,10769,10.7558
025040107410003168d2a000a00000e2,2,2,27,322,276,650,517,1.00123,10785,10.7718
025040107410003168d2a000a00000e2,2,2,28,322,276,650,517,1.00123,10766,10.7528
025040107410003168d2a000a00000e2,2,2,29,322,276,650,517,1.00123,10802,10.7888
025040107410003168d2a000a00000e2,2,2,30,322,276,650,517,1.00123,10785,10.7718
025040107410003168d2a000a00000e2,2,2,31,322,276,650,517,1.00123,10813,10.7998
025040107410003168d2a000a00000e2,2,2,32,322,276,650,517,1.00123,10767,10.7538
025040107410003168d2a000a00000e2,2,2,33,322,276,650,517,1.00123,10805,10.7918
025040107410003168d2a000a00000e2,2,2,34,322,276,650,517,1.00123,10770,10.7568
025040107410003168d2a000a00000e2,2,2,35,322,276,650,517,1.00123,10798,10.7848
025040107410003168d2a000a00000e2,2,2,36,322,276,650,517,1.00123,10781,10.7678
025040107410003168d2a000a00000e2,2,2,37,322,276,650,517,1.00123,10803,10.7898
025040107410003168d2a000a00000e2,2,2,38,322,276,650,517,1.00123,10789,10.7758
025040107410003168d2a000a00000e2,2,2,39,322,276,650,517,1.00123,10791,10.7778
025040107410003168d2a000a00000e2,2,2,40,322,276,650,517,1.00123,10780,10.7668
025040107410003168d2a000a00000e2,2,2,41,322,276,650,517,1.00123,10785,10.7718
025040107410003168d2a000a00000e2,2,2,42,322,276,650,517,1.00123,10779,10.7658
025040107410003168d2a000a00000e2,2,2,43,322,276,650,517,1.00123,10800,10.7868
025040107410003168d2a000a00000e2,2,2,44,322,276,650,517,1.00123,10724,10.7109
025040107410003168d2a000a00000e2,2,2,45,322,276,650,517,1.00123,10769,10.7558
025040107410003168d2a000a00000e2,2,2,46,322,276,650,517,1.00123,10755,10.7418
025040107410003168d2a000a00000e2,2,2,47,322,276,650,517,1.00123,10749,10.7358
025040107410003168d2a000a00000e2,2,2,48,322,276,650,517,1.00123,10761,10.7478
025040107410003168d2a000a00000e2,2,2,49,322,276,650,517,1.00123,10778,10.7648
025040107410003168d2a000a00000e2,2,2,50,322,276,650,517,1.00123,10751,10.7378
025040107410003168d2a000a00000e2,2,2,51,322,276,650,517,1.00123,10763,10.7498
025040107410003168d2a000a00000e2,2,2,52,322,276,650,517,1.00123,10731,10.7179
025040107410003168d2a000a00000e2,2,2,53,322,276,650,517,1.00123,10784,10.7708
025040107410003168d2a000a00000e2,2,2,54,322,276,650,517,1.00123,10741,10.7278
025040107410003168d2a000a00000e2,2,2,55,322,276,650,517,1.00123,10748,10.7348
025040107410003168d2a000a00000e2,2,2,56,322,276,650,517,1.00123,10769,10.7558
025040107410003168d2a000a00000e2,2,2,57,322,276,650,517,1.00123,10772,10.7588
025040107410003168d2a000a00000e2,2,2,58,322,276,650,517,1.00123,10756,10.7428
025040107410003168d2a000a00000e2,2,2,59,322,276,650,517,1.00123,10743,10.7298
025040107410003168d2a000a00000e2,2,2,60,322,276,650,517,1.00123,10728,10.7149
025040107410003168d2a000a00000e2,2,2,61,322,276,650,517,1.00123,10759,10.7458
025040107410003168d2a000a00000e2,2,2,62,322,276,650,517,1.00123,10624,10.611
025040107410003168d2a000a00000e2,2,2,63,322,276,650,517,1.00123,10751,10.7378
025040107410003168d2a000a00000e2,2,2,0,322,276,651,518,1.00123,7870,7.86036
025040107410003168d2a000a00000e2,2,2,1,322,276,651,518,1.00123,10736,10.7229
025040107410003168d2a000a00000e2,2,2,2,322,276,651,518,1.00123,10813,10.7998
025040107410003168d2a000a00000e2,2,2,3,322,276,651,518,1.00123,10791,10.7778
025040107410003168d2a000a00000e2,2,2,4,322,276,651,518,1.00123,10765,10.7518
025040107410003168d2a000a00000e2,2,2,5,322,276,651,518,1.00123,10738,10.7248
025040107410003168d2a000a00000e2,2,2,6,322,276,651,518,1.00123,10753,10.7398
025040107410003168d2a000a00000e2,2,2,7,322,276,651,518,1.00123,10735,10.7219
025040107410003168d2a000a00000e2,2,2,8,322,276,651,518,1.00123,10764,10.7508
025040107410003168d2a000a00000e2,2,2,9,322,276,651,518,1.00123,10791,10.7778
025040107410003168d2a000a00000e2,2,2,10,322,276,651,518,1.00123,10783,10.7698
025040107410003168d2a000a00000e2,2,2,11,322,276,651,518,1.00123,10781,10.7678
025040107410003168d2a000a00000e2,2,2,12,322,276,651,518,1.00123,10763,10.7498
025040107410003168d2a000a00000e2,2,2,13,322,276,651,518,1.00123,10777,10.7638
025040107410003168d2a000a00000e2,2,2,14,322,276,651,518,1.00123,10776,10.7628
025040107410003168d2a000a00000e2,2,2,15,322,276,651,518,1.00123,10778,10.7648
025040107410003168d2a000a00000e2,2,2,16,322,276,651,518,1.00123,10780,10.7668
025040107410003168d2a000a00000e2,2,2,17,322,276,651,518,1.00123,10762,10.7488
025040107410003168d2a000a00000e2,2,2,18,322,276,651,518,1.00123,10769,10.7558
025040107410003168d2a000a00000e2,2,2,19,322,276,651,518,1.00123,10767,10.7538
025040107410003168d2a000a00000e2,2,2,20,322,276,651,518,1.00123,10787,10.7738
025040107410003168d2a000a00000e2,2,2,21,322,276,651,518,1.00123,10806,10.7928
025040107410003168d2a000a00000e2,2,2,22,322,276,651,518,1.00123,10790,10.7768
025040107410003168d2a000a00000e2,2,2,23,322,276,651,518,1.00123,10796,10.7828
025040107410003168d2a000a00000e2,2,2,24,322,276,651,518,1.00123,10757,10.7438
025040107410003168d2a000a00000e2,2,2,25,322,276,651,518,1.00123,10773,10.7598
025040107410003168d2a000a00000e2,2,2,26,322,276,651,518,1.00123,10763,10.7498
025040107410003168d2a000a00000e2,2,2,27,322,276,651,518,1.00123,10778,10.7648
025040107410003168d2a000a00000e2,2,2,28,322,276,651,518,1.00123,10758,10.7448
025040107410003168d2a000a00000e2,2,2,29,322,276,651,518,1.00123,10794,10.7808
025040107410003168d2a000a00000e2,2,2,30,322,276,651,518,1.00123,10778,10.7648
025040107410003168d2a000a00000e2,2,2,31,322,276,651,518,1.00123,10813,10.7998
025040107410003168d2a000a00000e2,2,2,32,322,276,651,518,1.00123,10758,10.7448
025040107410003168d2a000a00000e2,2,2,33,322,276,651,518,1.00123,10802,10.7888
025040107410003168d2a000a00000e2,2,2,34,322,276,651,518,1.00123,10766,10.7528
025040107410003168d2a000a00000e2,2,2,35,322,276,651,518,1.00123,10787,10.7738
025040107410003168d2a000a00000e2,2,2,36,322,276,651,518,1.00123,10775,10.7618
025040107410003168d2a000a00000e2,2,2,37,322,276,651,518,1.00123,10802,10.7888
025040107410003168d2a000a00000e2,2,2,38,322,276,651,518,1.00123,10783,10.7698
025040107410003168d2a000a00000e2,2,2,39,322,276,651,518,1.00123,10783,10.7698
025040107410003168d2a000a00000e2,2,2,40,322,276,651,518,1.00123,10774,10.7608
025040107410003168d2a000a00000e2,2,2,41,322,276,651,518,1.00123,10778,10.7648
025040107410003168d2a000a00000e2,2,2,42,322,276,651,518,1.00123,10775,10.7618
025040107410003168d2a000a00000e2,2,2,43,322,276,651,518,1.00123,10797,10.7838
025040107410003168d2a000a00000e2,2,2,44,322,276,651,518,1.00123,10717,10.7039
025040107410003168d2a000a00000e2,2,2,45,322,276,651,518,1.00123,10761,10.7478
025040107410003168d2a000a00000e2,2,2,46,322,276,651,518,1.00123,10748,10.7348
025040107410003168d2a000a00000e2,2,2,47,322,276,651,518,1.00123,10747,10.7338
025040107410003168d2a000a00000e2,2,2,48,322,276,651,518,1.00123,10753,10.7398
025040107410003168d2a000a00000e2,2,2,49,322,276,651,518,1.00123,10766,10.7528
025040107410003168d2a000a00000e2,2,2,50,322,276,651,518,1.00123,10743,10.7298
025040107410003168d2a000a00000e2,2,2,51,322,276,651,518,1.00123,10754,10.7408
025040107410003168d2a000a00000e2,2,2,52,322,276,651,518,1.00123,10727,10.7139
025040107410003168d2a000a00000e2,2,2,53,322,276,651,518,1.00123,10771,10.7578
025040107410003168d2a000a00000e2,2,2,54,322,276,651,518,1.00123,10738,10.7248
025040107410003168d2a000a00000e2,2,2,55,322,276,651,518,1.00123,10742,10.7288
025040107410003168d2a000a00000e2,2,2,56,322,276,651,518,1.00123,10766,10.7528
025040107410003168d2a000a00000e2,2,2,57,322,276,651,518,1.00123,10764,10.7508
025040107410003168d2a000a00000e2,2,2,58,322,276,651,518,1.00123,10749,10.7358
025040107410003168d2a000a00000e2,2,2,59,322,276,651,518,1.00123,10740,10.7268
025040107410003168d2a000a00000e2,2,2,60,322,276,651,518,1.00123,10723,10.7099
025040107410003168d2a000a00000e2,2,2,61,322,276,651,518,1.00123,10754,10.7408
025040107410003168d2a000a00000e2,2,2,62,322,276,651,518,1.00123,10568,10.5551
025040107410003168d2a000a00000e2,2,2,63,322,276,651,518,1.00123,10747,10.7338
025040107410003168d2a000a00000e2,2,2,0,322,276,652,518,1.00123,6603,6.59491
025040107410003168d2a000a00000e2,2,2,1,322,276,652,518,1.00123,10739,10.7258
025040107410003168d2a000a00000e2,2,2,2,322,276,652,518,1.00123,10840,10.8267
025040107410003168d2a000a00000e2,2,2,3,322,276,652,518,1.00123,10821,10.8077
025040107410003168d2a000a00000e2,2,2,4,322,276,652,518,1.00123,10780,10.7668
025040107410003168d2a000a00000e2,2,2,5,322,276,652,518,1.00123,10738,10.7248
025040107410003168d2a000a00000e2,2,2,6,322,276,652,518,1.00123,10772,10.7588
025040107410003168d2a000a00000e2,2,2,7,322,276,652,518,1.00123,10737,10.7238
025040107410003168d2a000a00000e2,2,2,8,322,276,652,518,1.00123,10784,10.7708
025040107410003168d2a000a00000e2,2,2,9,322,276,652,518,1.00123,10823,10.8097
025040107410003168d2a000a00000e2,2,2,10,322,276,652,518,1.00123,10819,10.8057
025040107410003168d2a000a00000e2,2,2,11,322,276,652,518,1.00123,10815,10.8018
025040107410003168d2a000a00000e2,2,2,12,322,276,652,518,1.00123,10781,10.7678
025040107410003168d2a000a00000e2,2,2,13,322,276,652,518,1.00123,10810,10.7968
025040107410003168d2a000a00000e2,2,2,14,322,276,652,518,1.00123,10805,10.7918
025040107410003168d2a000a00000e2,2,2,15,322,276,652,518,1.00123,10811,10.7978
025040107410003168d2a000a00000e2,2,2,16,322,276,652,518,1.00123,10809,10.7958
025040107410003168d2a000a00000e2,2,2,17,322,276,652,518,1.00123,10778,10.7648
025040107410003168d2a000a00000e2,2,2,18,322,276,652,518,1.00123,10789,10.7758
025040107410003168d2a000a00000e2,2,2,19,322,276,652,518,1.00123,10780,10.7668
025040107410003168d2a000a00000e2,2,2,20,322,276,652,518,1.00123,10824,10.8107
025040107410003168d2a000a00000e2,2,2,21,322,276,652,518,1.00123,10833,10.8197
025040107410003168d2a000a00000e2,2,2,22,322,276,652,518,1.00123,10824,10.8107
025040107410003168d2a000a00000e2,2,2,23,322,276,652,518,1.00123,10825,10.8117
025040107410003168d2a000a00000e2,2,2,24,322,276,652,518,1.00123,10777,10.7638
025040107410003168d2a000a00000e2,2,2,25,322,276,652,518,1.00123,10798,10.7848
025040107410003168d2a000a00000e2,2,2,26,322,276,652,518,1.00123,10781,10.7678
025040107410003168d2a000a00000e2,2,2,27,322,276,652,518,1.00123,10808,10.7948
025040107410003168d2a000a00000e2,2,2,28,322,276,652,518,1.00123,10779,10.7658
025040107410003168d2a000a00000e2,2,2,29,322,276,652,518,1.00123,10824,10.8107
025040107410003168d2a000a00000e2,2,2,30,322,276,652,518,1.00123,10809,10.7958
025040107410003168d2a000a00000e2,2,2,31,322,276,652,518,1.00123,10838,10.8247
025040107410003168d2a000a00000e2,2,2,32,322,276,652,518,1.00123,10778,10.7648
025040107410003168d2a000a00000e2,2,2,33,322,276,652,518,1.00123,10828,10.8147
025040107410003168d2a000a00000e2,2,2,34,322,276,652,518,1.00123,10779,10.7658
025040107410003168d2a000a00000e2,2,2,35,322,276,652,518,1.00123,10821,10.8077
025040107410003168d2a000a00000e2,2,2,36,322,276,652,518,1.00123,10803,10.7898
025040107410003168d2a000a00000e2,2,2,37,322,276,652,518,1.00123,10825,10.8117
025040107410003168d2a000a00000e2,2,2,38,322,276,652,518,1.00123,10818,10.8048
025040107410003168d2a000a00000e2,2,2,39,322,276,652,518,1.00123,10820,10.8067
025040107410003168d2a000a00000e2,2,2,40,322,276,652,518,1.00123,10797,10.7838
025040107410003168d2a000a00000e2,2,2,41,322,276,652,518,1.00123,10807,10.7938
025040107410003168d2a000a00000e2,2,2,42,322,276,652,518,1.00123,10796,10.7828
025040107410003168d2a000a00000e2,2,2,43,322,276,652,518,1.00123,10823,10.8097
025040107410003168d2a000a00000e2,2,2,44,322,276,652,518,1.00123,10728,10.7149
025040107410003168d2a000a00000e2,2,2,45,322,276,652,518,1.00123,10777,10.7638
025040107410003168d2a000a00000e2,2,2,46,322,276,652,518,1.00123,10765,10.7518
025040107410003168d2a000a00000e2,2,2,47,322,276,652,518,1.00123,10760,10.7468
025040107410003168d2a000a00000e2,2,2,48,322,276,652,518,1.00123,10773,10.7598
025040107410003168d2a000a00000e2,2,2,49,322,276,652,518,1.00123,10790,10.7768
025040107410003168d2a000a00000e2,2,2,50,322,276,652,518,1.00123,10756,10.7428
025040107410003168d2a000a00000e2,2,2,51,322,276,652,518,1.00123,10773,10.7598
025040107410003168d2a000a00000e2,2,2,52,322,276,652,518,1.00123,10736,10.7229
025040107410003168d2a000a00000e2,2,2,53,322,276,652,518,1.00123,10796,10.7828
025040107410003168d2a000a00000e2,2,2,54,322,276,652,518,1.00123,10747,10.7338
025040107410003168d2a000a00000e2,2,2,55,322,276,652,518,1.00123,10754,10.7408
025040107410003168d2a000a00000e2,2,2,56,322,276,652,518,1.00123,10782,10.7688
025040107410003168d2a000a00000e2,2,2,57,322,276,652,518,1.00123,10779,10.7658
025040107410003168d2a000a00000e2,2,2,58,322,276,652,518,1.00123,10770,10.7568
025040107410003168d2a000a00000e2,2,2,59,322,276,652,518,1.00123,10754,10.7408
025040107410003168d2a000a00000e2,2,2,60,322,276,652,518,1.00123,10727,10.7139
025040107410003168d2a000a00000e2,2,2,61,322,276,652,518,1.00123,10764,10.7508
025040107410003168d2a000a00000e2,2,2,62,322,276,652,518,1.00123,10497,10.4841
025040107410003168d2a000a00000e2,2,2,63,322,276,652,518,1.00123,10762,10.7488
025040107410003168d2a000a00000e2,2,2,0,322,276,653,519,1.00123,5330,5.32347
025040107410003168d2a000a00000e2,2,2,1,322,276,653,519,1.00123,10675,10.6619
025040107410003168d2a000a00000e2,2,2,2,322,276,653,519,1.00123,10784,10.7708
025040107410003168d2a000a00000e2,2,2,3,322,276,653,519,1.00123,10742,10.7288
025040107410003168d2a000a00000e2,2,2,4,322,276,653,519,1.00123,10713,10.6999
025040107410003168d2a000a00000e2,2,2,5,322,276,653,519,1.00123,10672,10.6589
025040107410003168d2a000a00000e2,2,2,6,322,276,653,519,1.00123,10709,10.6959
025040107410003168d2a000a00000e2,2,2,7,322,276,653,519,1.00123,10671,10.6579
025040107410003168d2a000a00000e2,2,2,8,322,276,653,519,1.00123,10715,10.7019
025040107410003168d2a000a00000e2,2,2,9,322,276,653,519,1.00123,10745,10.7318
025040107410003168d2a000a00000e2,2,2,10,322,276,653,519,1.00123,10739,10.7258
025040107410003168d2a000a00000e2,2,2,11,322,276,653,519,1.00123,10736,10.7229
025040107410003168d2a000a00000e2,2,2,12,322,276,653,519,1.00123,10717,10.7039
025040107410003168d2a000a00000e2,2,2,13,322,276,653,519,1.00123,10733,10.7199
025040107410003168d2a000a00000e2,2,2,14,322,276,653,519,1.00123,10728,10.7149
025040107410003168d2a000a00000e2,2,2,15,322,276,653,519,1.00123,10733,10.7199
025040107410003168d2a000a00000e2,2,2,16,322,276,653,519,1.00123,10735,10.7219
025040107410003168d2a000a00000e2,2,2,17,322,276,653,519,1.00123,10716,10.7029
025040107410003168d2a000a00000e2,2,2,18,322,276,653,519,1.00123,10718,10.7049
025040107410003168d2a000a00000e2,2,2,19,322,276,653,519,1.00123,10717,10.7039
025040107410003168d2a000a00000e2,2,2,20,322,276,653,519,1.00123,10744,10.7308
025040107410003168d2a000a00000e2,2,2,21,322,276,653,519,1.00123,10765,10.7518
025040107410003168d2a000a00000e2,2,2,22,322,276,653,519,1.00123,10745,10.7318
025040107410003168d2a000a00000e2,2,2,23,322,276,653,519,1.00123,10751,10.7378
025040107410003168d2a000a00000e2,2,2,24,322,276,653,519,1.00123,10713,10.6999
025040107410003168d2a000a00000e2,2,2,25,322,276,653,519,1.00123,10723,10.7099
025040107410003168d2a000a00000e2,2,2,26,322,276,653,519,1.00123,10719,10.7059
025040107410003168d2a000a00000e2,2,2,27,322,276,653,519,1.00123,10731,10.7179
025040107410003168d2a000a00000e2,2,2,28,322,276,653,519,1.00123,10715,10.7019
025040107410003168d2a000a00000e2,2,2,29,322,276,653,519,1.00123,10752,10.7388
025040107410003168d2a000a00000e2,2,2,30,322,276,653,519,1.00123,10732,10.7189
025040107410003168d2a000a00000e2,2,2,31,322,276,653,519,1.00123,10783,10.7698
025040107410003168d2a000a00000e2,2,2,32,322,276,653,519,1.00123,10714,10.7009
025040107410003168d2a000a00000e2,2,2,33,322,276,653,519,1.00123,10759,10.7458
025040107410003168d2a000a00000e2,2,2,34,322,276,653,519,1.00123,10718,10.7049
025040107410003168d2a000a00000e2,2,2,35,322,276,653,519,1.00123,10745,10.7318
025040107410003168d2a000a00000e2,2,2,36,322,276,653,519,1.00123,10731,10.7179
025040107410003168d2a000a00000e2,2,2,37,322,276,653,519,1.00123,10758,10.7448
025040107410003168d2a000a00000e2,2,2,38,322,276,653,519,1.00123,10743,10.7298
025040107410003168d2a000a00000e2,2,2,39,322,276,653,519,1.00123,10742,10.7288
025040107410003168d2a000a00000e2,2,2,40,322,276,653,519,1.00123,10727,10.7139
025040107410003168d2a000a00000e2,2,2,41,322,276,653,519,1.00123,10731,10.7179
025040107410003168d2a000a00000e2,2,2,42,322,276,653,519,1.00123,10725,10.7119
025040107410003168d2a000a00000e2,2,2,43,322,276,653,519,1.00123,10748,10.7348
025040107410003168d2a000a00000e2,2,2,44,322,276,653,519,1.00123,10668,10.6549
025040107410003168d2a000a00000e2,2,2,45,322,276,653,519,1.00123,10715,10.7019
025040107410003168d2a000a00000e2,2,2,46,322,276,653,519,1.00123,10704,10.6909
025040107410003168d2a000a00000e2,2,2,47,322,276,653,519,1.00123,10697,10.6839
025040107410003168d2a000a00000e2,2,2,48,322,276,653,519,1.00123,10708,10.6949
025040107410003168d2a000a00000e2,2,2,49,322,276,653,519,1.00123,10719,10.7059
025040107410003168d2a000a00000e2,2,2,50,322,276,653,519,1.00123,10698,10.6849
025040107410003168d2a000a00000e2,2,2,51,322,276,653,519,1.00123,10710,10.6969
025040107410003168d2a000a00000e2,2,2,52,322,276,653,519,1.00123,10677,10.6639
025040107410003168d2a000a00000e2,2,2,53,322,276,653,519,1.00123,10724,10.7109
025040107410003168d2a000a00000e2,2,2,54,322,276,653,519,1.00123,10689,10.6759
025040107410003168d2a000a00000e2,2,2,55,322,276,653,519,1.00123,10695,10.6819
025040107410003168d2a000a00000e2,2,2,56,322,276,653,519,1.00123,10715,10.7019
025040107410003168d2a000a00000e2,2,2,57,322,276,653,519,1.00123,10714,10.7009
025040107410003168d2a000a00000e2,2,2,58,322,276,653,519,1.00123,10705,10.6919
025040107410003168d2a000a00000e2,2,2,59,322,276,653,519,1.00123,10691,10.6779
025040107410003168d2a000a00000e2,2,2,60,322,276,653,519,1.00123,10667,10.6539
025040107410003168d2a000a00000e2,2,2,61,322,276,653,519,1.00123,10702,10.6889
025040107410003168d2a000a00000e2,2,2,62,322,276,653,519,1.00123,10049,10.0367
025040107410003168d2a000a00000e2,2,2,63,322,276,653,519,1.00123,10699,10.6859
025040107410003168d2a000a00000e2,2,2,0,322,276,654,520,1.0027,3956,3.94534
025040107410003168d2a000a00000e2,2,2,1,322,276,654,520,1.0027,10686,10.6572
025040107410003168d2a000a00000e2,2,2,2,322,276,654,520,1.0027,10805,10.7759
025040107410003168d2a000a00000e2,2,2,3,322,276,654,520,1.0027,10771,10.742
025040107410003168d2a000a00000e2,2,2,4,322,276,654,520,1.0027,10732,10.7031
025040107410003168d2a000a00000e2,2,2,5,322,276,654,520,1.0027,10683,10.6542
025040107410003168d2a000a00000e2,2,2,6,322,276,654,520,1.0027,10722,10.6931
025040107410003168d2a000a00000e2,2,2,7,322,276,654,520,1.0027,10685,10.6562
025040107410003168d2a000a00000e2,2,2,8,322,276,654,520,1.0027,10735,10.7061
025040107410003168d2a000a00000e2,2,2,9,322,276,654,520,1.0027,10774,10.745
025040107410003168d2a000a00000e2,2,2,10,322,276,654,520,1.0027,10766,10.737
025040107410003168d2a000a00000e2,2,2,11,322,276,654,520,1.0027,10766,10.737
025040107410003168d2a000a00000e2,2,2,12,322,276,654,520,1.0027,10740,10.7111
025040107410003168d2a000a00000e2,2,2,13,322,276,654,520,1.0027,10761,10.732
025040107410003168d2a000a00000e2,2,2,14,322,276,654,520,1.0027,10756,10.727
025040107410003168d2a000a00000e2,2,2,15,322,276,654,520,1.0027,10760,10.731
025040107410003168d2a000a00000e2,2,2,16,322,276,654,520,1.0027,10761,10.732
025040107410003168d2a000a00000e2,2,2,17,322,276,654,520,1.0027,10731,10.7021
025040107410003168d2a000a00000e2,2,2,18,322,276,654,520,1.0027,10743,10.7141
025040107410003168d2a000a00000e2,2,2,19,322,276,654,520,1.0027,10738,10.7091
025040107410003168d2a000a00000e2,2,2,20,322,276,654,520,1.0027,10772,10.743
025040107410003168d2a000a00000e2,2,2,21,322,276,654,520,1.0027,10791,10.7619
025040107410003168d2a000a00000e2,2,2,22,322,276,654,520,1.0027,10776,10.747
025040107410003168d2a000a00000e2,2,2,23,322,276,654,520,1.0027,10781,10.752
025040107410003168d2a000a00000e2,2,2,24,322,276,654,520,1.0027,10731,10.7021
025040107410003168d2a000a00000e2,2,2,25,322,276,654,520,1.0027,10747,10.7181
025040107410003168d2a000a00000e2,2,2,26,322,276,654,520,1.0027,10735,10.7061
025040107410003168d2a000a00000e2,2,2,27,322,276,654,520,1.0027,10759,10.73
025040107410003168d2a000a00000e2,2,2,28,322,276,654,520,1.0027,10730,10.7011
025040107410003168d2a000a00000e2,2,2,29,322,276,654,520,1.0027,10780,10.751
025040107410003168d2a000a00000e2,2,2,30,322,276,654,520,1.0027,10759,10.73
025040107410003168d2a000a00000e2,2,2,31,322,276,654,520,1.0027,10798,10.7689
025040107410003168d2a000a00000e2,2,2,32,322,276,654,520,1.0027,10733,10.7041
025040107410003168d2a000a00000e2,2,2,33,322,276,654,520,1.0027,10785,10.756
025040107410003168d2a000a00000e2,2,2,34,322,276,654,520,1.0027,10739,10.7101
025040107410003168d2a000a00000e2,2,2,35,322,276,654,520,1.0027,10773,10.744
025040107410003168d2a000a00000e2,2,2,36,322,276,654,520,1.0027,10758,10.729
025040107410003168d2a000a00000e2,2,2,37,322,276,654,520,1.0027,10786,10.7569
025040107410003168d2a000a00000e2,2,2,38,322,276,654,520,1.0027,10768,10.739
025040107410003168d2a000a00000e2,2,2,39,322,276,654,520,1.0027,10767,10.738
025040107410003168d2a000a00000e2,2,2,40,322,276,654,520,1.0027,10756,10.727
025040107410003168d2a000a00000e2,2,2,41,322,276,654,520,1.0027,10758,10.729
025040107410003168d2a000a00000e2,2,2,42,322,276,654,520,1.0027,10751,10.722
025040107410003168d2a000a00000e2,2,2,43,322,276,654,520,1.0027,10777,10.748
025040107410003168d2a000a00000e2,2,2,44,322,276,654,520,1.0027,10683,10.6542
025040107410003168d2a000a00000e2,2,2,45,322,276,654,520,1.0027,10733,10.7041
025040107410003168d2a000a00000e2,2,2,46,322,276,654,520,1.0027,10720,10.6911
025040107410003168d2a000a00000e2,2,2,47,322,276,654,520,1.0027,10712,10.6831
025040107410003168d2a000a00000e2,2,2,48,322,276,654,520,1.0027,10729,10.7001
025040107410003168d2a000a00000e2,2,2,49,322,276,654,520,1.0027,10746,10.7171
025040107410003168d2a000a00000e2,2,2,50,322,276,654,520,1.0027,10714,10.6851
025040107410003168d2a000a00000e2,2,2,51,322,276,654,520,1.0027,10721,10.6921
025040107410003168d2a000a00000e2,2,2,52,322,276,654,520,1.0027,10691,10.6622
025040107410003168d2a000a00000e2,2,2,53,322,276,654,520,1.0027,10752,10.723
025040107410003168d2a000a00000e2,2,2,54,322,276,654,520,1.0027,10703,10.6742
025040107410003168d2a000a00000e2,2,2,55,322,276,654,520,1.0027,10708,10.6792
025040107410003168d2a000a00000e2,2,2,56,322,276,654,520,1.0027,10739,10.7101
025040107410003168d2a000a00000e2,2,2,57,322,276,654,520,1.0027,10733,10.7041
025040107410003168d2a000a00000e2,2,2,58,322,276,654,520,1.0027,10716,10.6871
025040107410003168d2a000a00000e2,2,2,59,322,276,654,520,1.0027,10702,10.6732
025040107410003168d2a000a00000e2,2,2,60,322,276,654,520,1.0027,10683,10.6542
025040107410003168d2a000a00000e2,2,2,61,322,276,654,520,1.0027,10711,10.6821
025040107410003168d2a000a00000e2,2,2,62,322,276,654,520,1.0027,8623,8.59977
025040107410003168d2a000a00000e2,2,2,63,322,276,654,520,1.0027,10708,10.6792
025040107410003168d2a000a00000e2,2,2,0,322,276,655,521,1.0027,2797,2.78947
025040107410003168d2a000a00000e2,2,2,1,322,276,655,521,1.0027,10713,10.6841
025040107410003168d2a000a00000e2,2,2,2,322,276,655,521,1.0027,10853,10.8238
025040107410003168d2a000a00000e2,2,2,3,322,276,655,521,1.0027,10806,10.7769
025040107410003168d2a000a00000e2,2,2,4,322,276,655,521,1.0027,10777,10.748
025040107410003168d2a000a00000e2,2,2,5,322,276,655,521,1.0027,10715,10.6861
025040107410003168d2a000a00000e2,2,2,6,322,276,655,521,1.0027,10768,10.739
025040107410003168d2a000a00000e2,2,2,7,322,276,655,521,1.0027,10717,10.6881
025040107410003168d2a000a00000e2,2,2,8,322,276,655,521,1.0027,10777,10.748
025040107410003168d2a000a00000e2,2,2,9,322,276,655,521,1.0027,10809,10.7799
025040107410003168d2a000a00000e2,2,2,10,322,276,655,521,1.0027,10801,10.7719
025040107410003168d2a000a00000e2,2,2,11,322,276,655,521,1.0027,10803,10.7739
025040107410003168d2a000a00000e2,2,2,12,322,276,655,521,1.0027,10783,10.754
025040107410003168d2a000a00000e2,2,2,13,322,276,655,521,1.0027,10800,10.7709
025040107410003168d2a000a00000e2,2,2,14,322,276,655,521,1.0027,10798,10.7689
025040107410003168d2a000a00000e2,2,2,15,322,276,655,521,1.0027,10802,10.7729
025040107410003168d2a000a00000e2,2,2,16,322,276,655,521,1.0027,10802,10.7729
025040107410003168d2a000a00000e2,2,2,17,322,276,655,521,1.0027,10775,10.746
025040107410003168d2a000a00000e2,2,2,18,322,276,655,521,1.0027,10787,10.7579
025040107410003168d2a000a00000e2,2,2,19,322,276,655,521,1.0027,10778,10.749
025040107410003168d2a000a00000e2,2,2,20,322,276,655,521,1.0027,10809,10.7799
025040107410003168d2a000a00000e2,2,2,21,322,276,655,521,1.0027,10829,10.7998
025040107410003168d2a000a00000e2,2,2,22,322,276,655,521,1.0027,10807,10.7779
025040107410003168d2a000a00000e2,2,2,23,322,276,655,521,1.0027,10818,10.7889
025040107410003168d2a000a00000e2,2,2,24,322,276,655,521,1.0027,10777,10.748
025040107410003168d2a000a00000e2,2,2,25,322,276,655,521,1.0027,10791,10.7619
025040107410003168d2a000a00000e2,2,2,26,322,276,655,521,1.0027,10780,10.751
025040107410003168d2a000a00000e2,2,2,27,322,276,655,521,1.0027,10796,10.7669
025040107410003168d2a000a00000e2,2,2,28,322,276,655,521,1.0027,10775,10.746
025040107410003168d2a000a00000e2,2,2,29,322,276,655,521,1.0027,10817,10.7879
025040107410003168d2a000a00000e2,2,2,30,322,276,655,521,1.0027,10797,10.7679
025040107410003168d2a000a00000e2,2,2,31,322,276,655,521,1.0027,10843,10.8138
025040107410003168d2a000a00000e2,2,2,32,322,276,655,521,1.0027,10780,10.751
025040107410003168d2a000a00000e2,2,2,33,322,276,655,521,1.0027,10820,10.7909
025040107410003168d2a000a00000e2,2,2,34,322,276,655,521,1.0027,10783,10.754
025040107410003168d2a000a00000e2,2,2,35,322,276,655,521,1.0027,10806,10.7769
025040107410003168d2a000a00000e2,2,2,36,322,276,655,521,1.0027,10795,10.7659
025040107410003168d2a000a00000e2,2,2,37,322,276,655,521,1.0027,10817,10.7879
025040107410003168d2a000a00000e2,2,2,38,322,276,655,521,1.0027,10801,10.7719
025040107410003168d2a000a00000e2,2,2,39,322,276,655,521,1.0027,10804,10.7749
025040107410003168d2a000a00000e2,2,2,40,322,276,655,521,1.0027,10793,10.7639
025040107410003168d2a000a00000e2,2,2,41,322,276,655,521,1.0027,10798,10.7689
025040107410003168d2a000a00000e2,2,2,42,322,276,655,521,1.0027,10791,10.7619
025040107410003168d2a000a00000e2,2,2,43,322,276,655,521,1.0027,10816,10.7869
025040107410003168d2a000a00000e2,2,2,44,322,276,655,521,1.0027,10720,10.6911
025040107410003168d2a000a00000e2,2,2,45,322,276,655,521,1.0027,10772,10.743
025040107410003168d2a000a00000e2,2,2,46,322,276,655,521,1.0027,10759,10.73
025040107410003168d2a000a00000e2,2,2,47,322,276,655,521,1.0027,10750,10.721
025040107410003168d2a000a00000e2,2,2,48,322,276,655,521,1.0027,10768,10.739
025040107410003168d2a000a00000e2,2,2,49,322,276,655,521,1.0027,10785,10.756
025040107410003168d2a000a00000e2,2,2,50,322,276,655,521,1.0027,10747,10.7181
025040107410003168d2a000a00000e2,2,2,51,322,276,655,521,1.0027,10764,10.735
025040107410003168d2a000a00000e2,2,2,52,322,276,655,521,1.0027,10726,10.6971
025040107410003168d2a000a00000e2,2,2,53,322,276,655,521,1.0027,10792,10.7629
025040107410003168d2a000a00000e2,2,2,54,322,276,655,521,1.0027,10741,10.7121
025040107410003168d2a000a00000e2,2,2,55,322,276,655,521,1.0027,10751,10.722
025040107410003168d2a000a00000e2,2,2,56,322,276,655,521,1.0027,10782,10.753
025040107410003168d2a000a00000e2,2,2,57,322,276,655,521,1.0027,10770,10.741
025040107410003168d2a000a00000e2,2,2,58,322,276,655,521,1.0027,10761,10.732
025040107410003168d2a000a00000e2,2,2,59,322,276,655,521,1.0027,10741,10.7121
025040107410003168d2a000a00000e2,2,2,60,322,276,655,521,1.0027,10715,10.6861
025040107410003168d2a000a00000e2,2,2,61,322,276,655,521,1.0027,10753,10.724
025040107410003168d2a000a00000e2,2,2,62,322,276,655,521,1.0027,5865,5.8492
025040107410003168d2a000a00000e2,2,2,63,322,276,655,521,1.0027,10750,10.721
025040107410003168d2a000a00000e2,2,2,0,322,276,656,521,1.00123,1786,1.78381
025040107410003168d2a000a00000e2,2,2,1,322,276,656,521,1.00123,10673,10.6599
025040107410003168d2a000a00000e2,2,2,2,322,276,656,521,1.00123,10816,10.8028
025040107410003168d2a000a00000e2,2,2,3,322,276,656,521,1.00123,10776,10.7628
025040107410003168d2a000a00000e2,2,2,4,322,276,656,521,1.00123,10748,10.7348
025040107410003168d2a000a00000e2,2,2,5,322,276,656,521,1.00123,10675,10.6619
025040107410003168d2a000a00000e2,2,2,6,322,276,656,521,1.00123,10734,10.7209
025040107410003168d2a000a00000e2,2,2,7,322,276,656,521,1.00123,10683,10.6699
025040107410003168d2a000a00000e2,2,2,8,322,276,656,521,1.00123,10749,10.7358
025040107410003168d2a000a00000e2,2,2,9,322,276,656,521,1.00123,10780,10.7668
025040107410003168d2a000a00000e2,2,2,10,322,276,656,521,1.00123,10774,10.7608
025040107410003168d2a000a00000e2,2,2,11,322,276,656,521,1.00123,10772,10.7588
025040107410003168d2a000a00000e2,2,2,12,322,276,656,521,1.00123,10749,10.7358
025040107410003168d2a000a00000e2,2,2,13,322,276,656,521,1.00123,10767,10.7538
025040107410003168d2a000a00000e2,2,2,14,322,276,656,521,1.00123,10765,10.7518
025040107410003168d2a000a00000e2,2,2,15,322,276,656,521,1.00123,10767,10.7538
025040107410003168d2a000a00000e2,2,2,16,322,276,656,521,1.00123,10769,10.7558
025040107410003168d2a000a00000e2,2,2,17,322,276,656,521,1.00123,10744,10.7308
025040107410003168d2a000a00000e2,2,2,18,322,276,656,521,1.00123,10754,10.7408
025040107410003168d2a000a00000e2,2,2,19,322,276,656,521,1.00123,10749,10.7358
025040107410003168d2a000a00000e2,2,2,20,322,276,656,521,1.00123,10779,10.7658
025040107410003168d2a000a00000e2,2,2,21,322,276,656,521,1.00123,10796,10.7828
025040107410003168d2a000a00000e2,2,2,22,322,276,656,521,1.00123,10780,10.7668
025040107410003168d2a000a00000e2,2,2,23,322,276,656,521,1.00123,10785,10.7718
025040107410003168d2a000a00000e2,2,2,24,322,276,656,521,1.00123,10746,10.7328
025040107410003168d2a000a00000e2,2,2,25,322,276,656,521,1.00123,10757,10.7438
025040107410003168d2a000a00000e2,2,2,26,322,276,656,521,1.00123,10750,10.7368
025040107410003168d2a000a00000e2,2,2,27,322,276,656,521,1.00123,10767,10.7538
025040107410003168d2a000a00000e2,2,2,28,322,276,656,521,1.00123,10742,10.7288
025040107410003168d2a000a00000e2,2,2,29,322,276,656,521,1.00123,10785,10.7718
025040107410003168d2a000a00000e2,2,2,30,322,276,656,521,1.00123,10768,10.7548
025040107410003168d2a000a00000e2,2,2,31,322,276,656,521,1.00123,10807,10.7938
025040107410003168d2a000a00000e2,2,2,32,322,276,656,521,1.00123,10744,10.7308
025040107410003168d2a000a00000e2,2,2,33,322,276,656,521,1.00123,10793,10.7798
025040107410003168d2a000a00000e2,2,2,34,322,276,656,521,1.00123,10747,10.7338
025040107410003168d2a000a00000e2,2,2,35,322,276,656,521,1.00123,10778,10.7648
025040107410003168d2a000a00000e2,2,2,36,322,276,656,521,1.00123,10766,10.7528
025040107410003168d2a000a00000e2,2,2,37,322,276,656,521,1.00123,10789,10.7758
025040107410003168d2a000a00000e2,2,2,38,322,276,656,521,1.00123,10777,10.7638
025040107410003168d2a000a00000e2,2,2,39,322,276,656,521,1.00123,10775,10.7618
025040107410003168d2a000a00000e2,2,2,40,322,276,656,521,1.00123,10761,10.7478
025040107410003168d2a000a00000e2,2,2,41,322,276,656,521,1.00123,10766,10.7528
025040107410003168d2a000a00000e2,2,2,42,322,276,656,521,1.00123,10759,10.7458
025040107410003168d2a000a00000e2,2,2,43,322,276,656,521,1.00123,10782,10.7688
025040107410003168d2a000a00000e2,2,2,44,322,276,656,521,1.00123,10686,10.6729
025040107410003168d2a000a00000e2,2,2,45,322,276,656,521,1.00123,10739,10.7258
025040107410003168d2a000a00000e2,2,2,46,322,276,656,521,1.00123,10731,10.7179
025040107410003168d2a000a00000e2,2,2,47,322,276,656,521,1.00123,10720,10.7069
025040107410003168d2a000a00000e2,2,2,48,322,276,656,521,1.00123,10736,10.7229
025040107410003168d2a000a00000e2,2,2,49,322,276,656,521,1.00123,10749,10.7358
025040107410003168d2a000a00000e2,2,2,50,322,276,656,521,1.00123,10723,10.7099
025040107410003168d2a000a00000e2,2,2,51,322,276,656,521,1.00123,10730,10.7169
025040107410003168d2a000a00000e2,2,2,52,322,276,656,521,1.00123,10701,10.6879
025040107410003168d2a000a00000e2,2,2,53,322,276,656,521,1.00123,10760,10.7468
025040107410003168d2a000a00000e2,2,2,54,322,276,656,521,1.00123,10712,10.6989
025040107410003168d2a000a00000e2,2,2,55,322,276,656,521,1.00123,10717,10.7039
025040107410003168d2a000a00000e2,2,2,56,322,276,656,521,1.00123,10750,10.7368
025040107410003168d2a000a00000e2,2,2,57,322,276,656,521,1.00123,10747,10.7338
025040107410003168d2a000a00000e2,2,2,58,322,276,656,521,1.00123,10730,10.7169
025040107410003168d2a000a00000e2,2,2,59,322,276,656,521,1.00123,10709,10.6959
025040107410003168d2a000a00000e2,2,2,60,322,276,656,521,1.00123,10690,10.6769
025040107410003168d2a000a00000e2,2,2,61,322,276,656,521,1.00123,10723,10.7099
025040107410003168d2a000a00000e2,2,2,62,322,276,656,521,1.00123,2863,2.85949
025040107410003168d2a000a00000e2,2,2,63,322,276,656,521,1.00123,10717,10.7039
025040107410003168d2a000a00000e2,2,2,0,322,276,657,522,1.00123,1074,1.07268
025040107410003168d2a000a00000e2,2,2,1,322,276,657,522,1.00123,10651,10.638
025040107410003168d2a000a00000e2,2,2,2,322,276,657,522,1.00123,10812,10.7988
025040107410003168d2a000a00000e2,2,2,3,322,276,657,522,1.00123,10773,10.7598
025040107410003168d2a000a00000e2,2,2,4,322,276,657,522,1.00123,10742,10.7288
025040107410003168d2a000a00000e2,2,2,5,322,276,657,522,1.00123,10644,10.631
025040107410003168d2a000a00000e2,2,2,6,322,276,657,522,1.00123,10726,10.7129
025040107410003168d2a000a00000e2,2,2,7,322,276,657,522,1.00123,10660,10.6469
025040107410003168d2a000a00000e2,2,2,8,322,276,657,522,1.00123,10744,10.7308
025040107410003168d2a000a00000e2,2,2,9,322,276,657,522,1.00123,10773,10.7598
025040107410003168d2a000a00000e2,2,2,10,322,276,657,522,1.00123,10770,10.7568
025040107410003168d2a000a00000e2,2,2,11,322,276,657,522,1.00123,10770,10.7568
025040107410003168d2a000a00000e2,2,2,12,322,276,657,522,1.00123,10746,10.7328
025040107410003168d2a000a00000e2,2,2,13,322,276,657,522,1.00123,10767,10.7538
025040107410003168d2a000a00000e2,2,2,14,322,276,657,522,1.00123,10765,10.7518
025040107410003168d2a000a00000e2,2,2,15,322,276,657,522,1.00123,10766,10.7528
025040107410003168d2a000a00000e2,2,2,16,322,276,657,522,1.00123,10768,10.7548
025040107410003168d2a000a00000e2,2,2,17,322,276,657,522,1.00123,10742,10.7288
025040107410003168d2a000a00000e2,2,2,18,322,276,657,522,1.00123,10752,10.7388
025040107410003168d2a000a00000e2,2,2,19,322,276,657,522,1.00123,10747,10.7338
025040107410003168d2a000a00000e2,2,2,20,322,276,657,522,1.00123,10776,10.7628
025040107410003168d2a000a00000e2,2,2,21,322,276,657,522,1.00123,10789,10.7758
025040107410003168d2a000a00000e2,2,2,22,322,276,657,522,1.00123,10775,10.7618
025040107410003168d2a000a00000e2,2,2,23,322,276,657,522,1.00123,10778,10.7648
025040107410003168d2a000a00000e2,2,2,24,322,276,657,522,1.00123,10744,10.7308
025040107410003168d2a000a00000e2,2,2,25,322,276,657,522,1.00123,10757,10.7438
025040107410003168d2a000a00000e2,2,2,26,322,276,657,522,1.00123,10746,10.7328
025040107410003168d2a000a00000e2,2,2,27,322,276,657,522,1.00123,10766,10.7528
025040107410003168d2a000a00000e2,2,2,28,322,276,657,522,1.00123,10744,10.7308
025040107410003168d2a000a00000e2,2,2,29,322,276,657,522,1.00123,10779,10.7658
025040107410003168d2a000a00000e2,2,2,30,322,276,657,522,1.00123,10766,10.7528
025040107410003168d2a000a00000e2,2,2,31,322,276,657,522,1.00123,10806,10.7928
025040107410003168d2a000a00000e2,2,2,32,322,276,657,522,1.00123,10744,10.7308
025040107410003168d2a000a00000e2,2,2,33,322,276,657,522,1.00123,10780,10.7668
025040107410003168d2a000a00000e2,2,2,34,322,276,657,522,1.00123,10748,10.7348
025040107410003168d2a000a00000e2,2,2,35,322,276,657,522,1.00123,10773,10.7598
025040107410003168d2a000a00000e2,2,2,36,322,276,657,522,1.00123,10762,10.7488
025040107410003168d2a000a00000e2,2,2,37,322,276,657,522,1.00123,10782,10.7688
025040107410003168d2a000a00000e2,2,2,38,322,276,657,522,1.00123,10771,10.7578
025040107410003168d2a000a00000e2,2,2,39,322,276,657,522,1.00123,10773,10.7598
025040107410003168d2a000a00000e2,2,2,40,322,276,657,522,1.00123,10763,10.7498
025040107410003168d2a000a00000e2,2,2,41,322,276,657,522,1.00123,10765,10.7518
025040107410003168d2a000a00000e2,2,2,42,322,276,657,522,1.00123,10761,10.7478
025040107410003168d2a000a00000e2,2,2,43,322,276,657,522,1.00123,10777,10.7638
025040107410003168d2a000a00000e2,2,2,44,322,276,657,522,1.00123,10670,10.6569
025040107410003168d2a000a00000e2,2,2,45,322,276,657,522,1.00123,10738,10.7248
025040107410003168d2a000a00000e2,2,2,46,322,276,657,522,1.00123,10721,10.7079
025040107410003168d2a000a00000e2,2,2,47,322,276,657,522,1.00123,10698,10.6849
025040107410003168d2a000a00000e2,2,2,48,322,276,657,522,1.00123,10736,10.7229
025040107410003168d2a000a00000e2,2,2,49,322,276,657,522,1.00123,10757,10.7438
025040107410003168d2a000a00000e2,2,2,50,322,276,657,522,1.00123,10716,10.7029
025040107410003168d2a000a00000e2,2,2,51,322,276,657,522,1.00123,10727,10.7139
025040107410003168d2a000a00000e2,2,2,52,322,276,657,522,1.00123,10684,10.6709
025040107410003168d2a000a00000e2,2,2,53,322,276,657,522,1.00123,10760,10.7468
025040107410003168d2a000a00000e2,2,2,54,322,276,657,522,1.00123,10698,10.6849
025040107410003168d2a000a00000e2,2,2,55,322,276,657,522,1.00123,10703,10.6899
025040107410003168d2a000a00000e2,2,2,56,322,276,657,522,1.00123,10749,10.7358
025040107410003168d2a000a00000e2,2,2,57,322,276,657,522,1.00123,10739,10.7258
025040107410003168d2a000a00000e2,2,2,58,322,276,657,522,1.00123,10721,10.7079
025040107410003168d2a000a00000e2,2,2,59,322,276,657,522,1.00123,10689,10.6759
025040107410003168d2a000a00000e2,2,2,60,322,276,657,522,1.00123,10665,10.6519
025040107410003168d2a000a00000e2,2,2,61,322,276,657,522,1.00123,10704,10.6909
025040107410003168d2a000a00000e2,2,2,62,322,276,657,522,1.00123,1003,1.00177
025040107410003168d2a000a00000e2,2,2,63,322,276,657,522,1.00123,10695,10.6819
025040107410003168d2a000a00000e2,2,2,0,322,276,658,523,1.00123,623,0.622237
025040107410003168d2a000a00000e2,2,2,1,322,276,658,523,1.00123,10637,10.624
025040107410003168d2a000a00000e2,2,2,2,322,276,658,523,1.00123,10832,10.8187
025040107410003168d2a000a00000e2,2,2,3,322,276,658,523,1.00123,10787,10.7738
025040107410003168d2a000a00000e2,2,2,4,322,276,658,523,1.00123,10759,10.7458
025040107410003168d2a000a00000e2,2,2,5,322,276,658,523,1.00123,10651,10.638
025040107410003168d2a000a00000e2,2,2,6,322,276,658,523,1.00123,10753,10.7398
025040107410003168d2a000a00000e2,2,2,7,322,276,658,523,1.00123,10690,10.6769
025040107410003168d2a000a00000e2,2,2,8,322,276,658,523,1.00123,10758,10.7448
025040107410003168d2a000a00000e2,2,2,9,322,276,658,523,1.00123,10790,10.7768
025040107410003168d2a000a00000e2,2,2,10,322,276,658,523,1.00123,10784,10.7708
025040107410003168d2a000a00000e2,2,2,11,322,276,658,523,1.00123,10783,10.7698
025040107410003168d2a000a00000e2,2,2,12,322,276,658,523,1.00123,10761,10.7478
025040107410003168d2a000a00000e2,2,2,13,322,276,658,523,1.00123,10780,10.7668
025040107410003168d2a000a00000e2,2,2,14,322,276,658,523,1.00123,10778,10.7648
025040107410003168d2a000a00000e2,2,2,15,322,276,658,523,1.00123,10782,10.7688
025040107410003168d2a000a00000e2,2,2,16,322,276,658,523,1.00123,10783,10.7698
025040107410003168d2a000a00000e2,2,2,17,322,276,658,523,1.00123,10757,10.7438
025040107410003168d2a000a00000e2,2,2,18,322,276,658,523,1.00123,10767,10.7538
025040107410003168d2a000a00000e2,2,2,19,322,276,658,523,1.00123,10762,10.7488
025040107410003168d2a000a00000e2,2,2,20,322,276,658,523,1.00123,10792,10.7788
025040107410003168d2a000a00000e2,2,2,21,322,276,658,523,1.00123,10801,10.7878
025040107410003168d2a000a00000e2,2,2,22,322,276,658,523,1.00123,10794,10.7808
025040107410003168d2a000a00000e2,2,2,23,322,276,658,523,1.00123,10796,10.7828
025040107410003168d2a000a00000e2,2,2,24,322,276,658,523,1.00123,10761,10.7478
025040107410003168d2a000a00000e2,2,2,25,322,276,658,523,1.00123,10770,10.7568
025040107410003168d2a000a00000e2,2,2,26,322,276,658,523,1.00123,10764,10.7508
025040107410003168d2a000a00000e2,2,2,27,322,276,658,523,1.00123,10779,10.7658
025040107410003168d2a000a00000e2,2,2,28,322,276,658,523,1.00123,10762,10.7488
025040107410003168d2a000a00000e2,2,2,29,322,276,658,523,1.00123,10797,10.7838
025040107410003168d2a000a00000e2,2,2,30,322,276,658,523,1.00123,10777,10.7638
025040107410003168d2a000a00000e2,2,2,31,322,276,658,523,1.00123,10822,10.8087
025040107410003168d2a000a00000e2,2,2,32,322,276,658,523,1.00123,10762,10.7488
025040107410003168d2a000a00000e2,2,2,33,322,276,658,523,1.00123,10797,10.7838
025040107410003168d2a000a00000e2,2,2,34,322,276,658,523,1.00123,10762,10.7488
025040107410003168d2a000a00000e2,2,2,35,322,276,658,523,1.00123,10791,10.7778
025040107410003168d2a000a00000e2,2,2,36,322,276,658,523,1.00123,10776,10.7628
025040107410003168d2a000a00000e2,2,2,37,322,276,658,523,1.00123,10797,10.7838
025040107410003168d2a000a00000e2,2,2,38,322,276,658,523,1.00123,10786,10.7728
025040107410003168d2a000a00000e2,2,2,39,322,276,658,523,1.00123,10786,10.7728
025040107410003168d2a000a00000e2,2,2,40,322,276,658,523,1.00123,10773,10.7598
025040107410003168d2a000a00000e2,2,2,41,322,276,658,523,1.00123,10779,10.7658
025040107410003168d2a000a00000e2,2,2,42,322,276,658,523,1.00123,10771,10.7578
025040107410003168d2a000a00000e2,2,2,43,322,276,658,523,1.00123,10795,10.7818
025040107410003168d2a000a00000e2,2,2,44,322,276,658,523,1.00123,10692,10.6789
025040107410003168d2a000a00000e2,2,2,45,322,276,658,523,1.00123,10757,10.7438
025040107410003168d2a000a00000e2,2,2,46,322,276,658,523,1.00123,10750,10.7368
025040107410003168d2a000a00000e2,2,2,47,322,276,658,523,1.00123,10731,10.7179
025040107410003168d2a000a00000e2,2,2,48,322,276,658,523,1.00123,10759,10.7458
025040107410003168d2a000a00000e2,2,2,49,322,276,658,523,1.00123,10763,10.7498
025040107410003168d2a000a00000e2,2,2,50,322,276,658,523,1.00123,10742,10.7288
025040107410003168d2a000a00000e2,2,2,51,322,276,658,523,1.00123,10754,10.7408
025040107410003168d2a000a00000e2,2,2,52,322,276,658,523,1.00123,10715,10.7019
025040107410003168d2a000a00000e2,2,2,53,322,276,658,523,1.00123,10773,10.7598
025040107410003168d2a000a00000e2,2,2,54,322,276,658,523,1.00123,10728,10.7149
025040107410003168d2a000a00000e2,2,2,55,322,276,658,523,1.00123,10730,10.7169
025040107410003168d2a000a00000e2,2,2,56,322,276,658,523,1.00123,10763,10.7498
025040107410003168d2a000a00000e2,2,2,57,322,276,658,523,1.00123,10758,10.7448
025040107410003168d2a000a00000e2,2,2,58,322,276,658,523,1.00123,10748,10.7348
025040107410003168d2a000a00000e2,2,2,59,322,276,658,523,1.00123,10720,10.7069
025040107410003168d2a000a00000e2,2,2,60,322,276,658,523,1.00123,10687,10.6739
025040107410003168d2a000a00000e2,2,2,61,322,276,658,523,1.00123,10732,10.7189
025040107410003168d2a000a00000e2,2,2,62,322,276,658,523,1.00123,345,0.344577
025040107410003168d2a000a00000e2,2,2,63,322,276,658,523,1.00123,10731,10.7179
025040107410003168d2a000a00000e2,2,2,0,322,276,659,524,1.00123,270,0.269669
025040107410003168d2a000a00000e2,2,2,1,322,276,659,524,1.00123,10571,10.5581
025040107410003168d2a000a00000e2,2,2,2,322,276,659,524,1.00123,10843,10.8297
025040107410003168d2a000a00000e2,2,2,3,322,276,659,524,1.00123,10804,10.7908
025040107410003168d2a000a00000e2,2,2,4,322,276,659,524,1.00123,10767,10.7538
025040107410003168d2a000a00000e2,2,2,5,322,276,659,524,1.00123,10598,10.585
025040107410003168d2a000a00000e2,2,2,6,322,276,659,524,1.00123,10755,10.7418
025040107410003168d2a000a00000e2,2,2,7,322,276,659,524,1.00123,10680,10.6669
025040107410003168d2a000a00000e2,2,2,8,322,276,659,524,1.00123,10772,10.7588
025040107410003168d2a000a00000e2,2,2,9,322,276,659,524,1.00123,10805,10.7918
025040107410003168d2a000a00000e2,2,2,10,322,276,659,524,1.00123,10800,10.7868
025040107410003168d2a000a00000e2,2,2,11,322,276,659,524,1.00123,10799,10.7858
025040107410003168d2a000a00000e2,2,2,12,322,276,659,524,1.00123,10771,10.7578
025040107410003168d2a000a00000e2,2,2,13,322,276,659,524,1.00123,10795,10.7818
025040107410003168d2a000a00000e2,2,2,14,322,276,659,524,1.00123,10794,10.7808
025040107410003168d2a000a00000e2,2,2,15,322,276,659,524,1.00123,10795,10.7818
025040107410003168d2a000a00000e2,2,2,16,322,276,659,524,1.00123,10797,10.7838
025040107410003168d2a000a00000e2,2,2,17,322,276,659,524,1.00123,10766,10.7528
025040107410003168d2a000a00000e2,2,2,18,322,276,659,524,1.00123,10778,10.7648
025040107410003168d2a000a00000e2,2,2,19,322,276,659,524,1.00123,10771,10.7578
025040107410003168d2a000a00000e2,2,2,20,322,276,659,524,1.00123,10804,10.7908
025040107410003168d2a000a00000e2,2,2,21,322,276,659,524,1.00123,10818,10.8048
025040107410003168d2a000a00000e2,2,2,22,322,276,659,524,1.00123,10805,10.7918
025040107410003168d2a000a00000e2,2,2,23,322,276,659,524,1.00123,10807,10.7938
025040107410003168d2a000a00000e2,2,2,24,322,276,659,524,1.00123,10769,10.7558
025040107410003168d2a000a00000e2,2,2,25,322,276,659,524,1.00123,10783,10.7698
025040107410003168d2a000a00000e2,2,2,26,322,276,659,524,1.00123,10773,10.7598
025040107410003168d2a000a00000e2,2,2,27,322,276,659,524,1.00123,10795,10.7818
025040107410003168d2a000a00000e2,2,2,28,322,276,659,524,1.00123,10769,10.7558
025040107410003168d2a000a00000e2,2,2,29,322,276,659,524,1.00123,10806,10.7928
025040107410003168d2a000a00000e2,2,2,30,322,276,659,524,1.00123,10792,10.7788
025040107410003168d2a000a00000e2,2,2,31,322,276,659,524,1.00123,10836,10.8227
025040107410003168d2a000a00000e2,2,2,32,322,276,659,524,1.00123,10770,10.7568
025040107410003168d2a000a00000e2,2,2,33,322,276,659,524,1.00123,10809,10.7958
025040107410003168d2a000a00000e2,2,2,34,322,276,659,524,1.00123,10775,10.7618
025040107410003168d2a000a00000e2,2,2,35,322,276,659,524,1.00123,10802,10.7888
025040107410003168d2a000a00000e2,2,2,36,322,276,659,524,1.00123,10792,10.7788
025040107410003168d2a000a00000e2,2,2,37,322,276,659,524,1.00123,10808,10.7948
025040107410003168d2a000a00000e2,2,2,38,322,276,659,524,1.00123,10801,10.7878
025040107410003168d2a000a00000e2,2,2,39,322,276,659,524,1.00123,10802,10.7888
025040107410003168d2a000a00000e2,2,2,40,322,276,659,524,1.00123,10790,10.7768
025040107410003168d2a000a00000e2,2,2,41,322,276,659,524,1.00123,10793,10.7798
025040107410003168d2a000a00000e2,2,2,42,322,276,659,524,1.00123,10788,10.7748
025040107410003168d2a000a00000e2,2,2,43,322,276,659,524,1.00123,10805,10.7918
025040107410003168d2a000a00000e2,2,2,44,322,276,659,524,1.00123,10710,10.6969
025040107410003168d2a000a00000e2,2,2,45,322,276,659,524,1.00123,10765,10.7518
025040107410003168d2a000a00000e2,2,2,46,322,276,659,524,1.00123,10756,10.7428
025040107410003168d2a000a00000e2,2,2,47,322,276,659,524,1.00123,10735,10.7219
025040107410003168d2a000a00000e2,2,2,48,322,276,659,524,1.00123,10764,10.7508
025040107410003168d2a000a00000e2,2,2,49,322,276,659,524,1.00123,10776,10.7628
025040107410003168d2a000a00000e2,2,2,50,322,276,659,524,1.00123,10750,10.7368
025040107410003168d2a000a00000e2,2,2,51,322,276,659,524,1.00123,10759,10.7458
025040107410003168d2a000a00000e2,2,2,52,322,276,659,524,1.00123,10725,10.7119
025040107410003168d2a000a00000e2,2,2,53,322,276,659,524,1.00123,10788,10.7748
025040107410003168d2a000a00000e2,2,2,54,322,276,659,524,1.00123,10731,10.7179
025040107410003168d2a000a00000e2,2,2,55,322,276,659,524,1.00123,10741,10.7278
025040107410003168d2a000a00000e2,2,2,56,322,276,659,524,1.00123,10776,10.7628
025040107410003168d2a000a00000e2,2,2,57,322,276,659,524,1.00123,10764,10.7508
025040107410003168d2a000a00000e2,2,2,58,322,276,659,524,1.00123,10750,10.7368
025040107410003168d2a000a00000e2,2,2,59,322,276,659,524,1.00123,10722,10.7089
025040107410003168d2a000a00000e2,2,2,60,322,276,659,524,1.00123,10690,10.6769
025040107410003168d2a000a00000e2,2,2,61,322,276,659,524,1.00123,10733,10.7199
025040107410003168d2a000a00000e2,2,2,62,322,276,659,524,1.00123,197,0.196759
025040107410003168d2a000a00000e2,2,2,63,322,276,659,524,1.00123,10731,10.7179
025040107410003168d2a000a00000e2,2,2,0,322,276,660,525,1.0027,141,0.14062
025040107410003168d2a000a00000e2,2,2,1,322,276,660,525,1.0027,10165,10.1376
025040107410003168d2a000a00000e2,2,2,2,322,276,660,525,1.0027,10705,10.6762
025040107410003168d2a000a00000e2,2,2,3,322,276,660,525,1.0027,10644,10.6153
025040107410003168d2a000a00000e2,2,2,4,322,276,660,525,1.0027,10611,10.5824
025040107410003168d2a000a00000e2,2,2,5,322,276,660,525,1.0027,10139,10.1117
025040107410003168d2a000a00000e2,2,2,6,322,276,660,525,1.0027,10601,10.5724
025040107410003168d2a000a00000e2,2,2,7,322,276,660,525,1.0027,10488,10.4598
025040107410003168d2a000a00000e2,2,2,8,322,276,660,525,1.0027,10615,10.5864
025040107410003168d2a000a00000e2,2,2,9,322,276,660,525,1.0027,10647,10.6183
025040107410003168d2a000a00000e2,2,2,10,322,276,660,525,1.0027,10640,10.6113
025040107410003168d2a000a00000e2,2,2,11,322,276,660,525,1.0027,10642,10.6133
025040107410003168d2a000a00000e2,2,2,12,322,276,660,525,1.0027,10623,10.5944
025040107410003168d2a000a00000e2,2,2,13,322,276,660,525,1.0027,10636,10.6074
025040107410003168d2a000a00000e2,2,2,14,322,276,660,525,1.0027,10637,10.6083
025040107410003168d2a000a00000e2,2,2,15,322,276,660,525,1.0027,10639,10.6103
025040107410003168d2a000a00000e2,2,2,16,322,276,660,525,1.0027,10639,10.6103
025040107410003168d2a000a00000e2,2,2,17,322,276,660,525,1.0027,10614,10.5854
025040107410003168d2a000a00000e2,2,2,18,322,276,660,525,1.0027,10625,10.5964
025040107410003168d2a000a00000e2,2,2,19,322,276,660,525,1.0027,10618,10.5894
025040107410003168d2a000a00000e2,2,2,20,322,276,660,525,1.0027,10644,10.6153
025040107410003168d2a000a00000e2,2,2,21,322,276,660,525,1.0027,10658,10.6293
025040107410003168d2a000a00000e2,2,2,22,322,276,660,525,1.0027,10644,10.6153
025040107410003168d2a000a00000e2,2,2,23,322,276,660,525,1.0027,10648,10.6193
025040107410003168d2a000a00000e2,2,2,24,322,276,660,525,1.0027,10620,10.5914
025040107410003168d2a000a00000e2,2,2,25,322,276,660,525,1.0027,10630,10.6014
025040107410003168d2a000a00000e2,2,2,26,322,276,660,525,1.0027,10623,10.5944
025040107410003168d2a000a00000e2,2,2,27,322,276,660,525,1.0027,10638,10.6093
025040107410003168d2a000a00000e2,2,2,28,322,276,660,525,1.0027,10622,10.5934
025040107410003168d2a000a00000e2,2,2,29,322,276,660,525,1.0027,10646,10.6173
025040107410003168d2a000a00000e2,2,2,30,322,276,660,525,1.0027,10638,10.6093
025040107410003168d2a000a00000e2,2,2,31,322,276,660,525,1.0027,10689,10.6602
025040107410003168d2a000a00000e2,2,2,32,322,276,660,525,1.0027,10621,10.5924
025040107410003168d2a000a00000e2,2,2,33,322,276,660,525,1.0027,10650,10.6213
025040107410003168d2a000a00000e2,2,2,34,322,276,660,525,1.0027,10626,10.5974
025040107410003168d2a000a00000e2,2,2,35,322,276,660,525,1.0027,10645,10.6163
025040107410003168d2a000a00000e2,2,2,36,322,276,660,525,1.0027,10637,10.6083
025040107410003168d2a000a00000e2,2,2,37,322,276,660,525,1.0027,10649,10.6203
025040107410003168d2a000a00000e2,2,2,38,322,276,660,525,1.0027,10642,10.6133
025040107410003168d2a000a00000e2,2,2,39,322,276,660,525,1.0027,10642,10.6133
025040107410003168d2a000a00000e2,2,2,40,322,276,660,525,1.0027,10634,10.6054
025040107410003168d2a000a00000e2,2,2,41,322,276,660,525,1.0027,10637,10.6083
025040107410003168d2a000a00000e2,2,2,42,322,276,660,525,1.0027,10633,10.6044
025040107410003168d2a000a00000e2,2,2,43,322,276,660,525,1.0027,10647,10.6183
025040107410003168d2a000a00000e2,2,2,44,322,276,660,525,1.0027,10550,10.5216
025040107410003168d2a000a00000e2,2,2,45,322,276,660,525,1.0027,10613,10.5844
025040107410003168d2a000a00000e2,2,2,46,322,276,660,525,1.0027,10603,10.5744
025040107410003168d2a000a00000e2,2,2,47,322,276,660,525,1.0027,10580,10.5515
025040107410003168d2a000a00000e2,2,2,48,322,276,660,525,1.0027,10615,10.5864
025040107410003168d2a000a00000e2,2,2,49,322,276,660,525,1.0027,10627,10.5984
025040107410003168d2a000a00000e2,2,2,50,322,276,660,525,1.0027,10600,10.5714
025040107410003168d2a000a00000e2,2,2,51,322,276,660,525,1.0027,10603,10.5744
025040107410003168d2a000a00000e2,2,2,52,322,276,660,525,1.0027,10567,10.5385
025040107410003168d2a000a00000e2,2,2,53,322,276,660,525,1.0027,10632,10.6034
025040107410003168d2a000a00000e2,2,2,54,322,276,660,525,1.0027,10580,10.5515
025040107410003168d2a000a00000e2,2,2,55,322,276,660,525,1.0027,10581,10.5525
025040107410003168d2a000a00000e2,2,2,56,322,276,660,525,1.0027,10625,10.5964
025040107410003168d2a000a00000e2,2,2,57,322,276,660,525,1.0027,10610,10.5814
025040107410003168d2a000a00000e2,2,2,58,322,276,660,525,1.0027,10599,10.5705
025040107410003168d2a000a00000e2,2,2,59,322,276,660,525,1.0027,10564,10.5355
025040107410003168d2a000a00000e2,2,2,60,322,276,660,525,1.0027,10514,10.4857
025040107410003168d2a000a00000e2,2,2,61,322,276,660,525,1.0027,10567,10.5385
025040107410003168d2a000a00000e2,2,2,62,322,276,660,525,1.0027,155,0.154583
025040107410003168d2a000a00000e2,2,2,63,322,276,660,525,1.0027,10564,10.5355
025040107410003168d2a000a00000e2,2,2,0,322,276,661,525,1.00123,91,0.0908885
025040107410003168d2a000a00000e2,2,2,1,322,276,661,525,1.00123,9232,9.22069
025040107410003168d2a000a00000e2,2,2,2,322,276,661,525,1.00123,10817,10.8038
025040107410003168d2a000a00000e2,2,2,3,322,276,661,525,1.00123,10764,10.7508
025040107410003168d2a000a00000e2,2,2,4,322,276,661,525,1.00123,10721,10.7079
025040107410003168d2a000a00000e2,2,2,5,322,276,661,525,1.00123,9084,9.07287
025040107410003168d2a000a00000e2,2,2,6,322,276,661,525,1.00123,10705,10.6919
025040107410003168d2a000a00000e2,2,2,7,322,276,661,525,1.00123,10465,10.4522
025040107410003168d2a000a00000e2,2,2,8,322,276,661,525,1.00123,10721,10.7079
025040107410003168d2a000a00000e2,2,2,9,322,276,661,525,1.00123,10765,10.7518
025040107410003168d2a000a00000e2,2,2,10,322,276,661,525,1.00123,10762,10.7488
025040107410003168d2a000a00000e2,2,2,11,322,276,661,525,1.00123,10761,10.7478
025040107410003168d2a000a00000e2,2,2,12,322,276,661,525,1.00123,10736,10.7229
025040107410003168d2a000a00000e2,2,2,13,322,276,661,525,1.00123,10757,10.7438
025040107410003168d2a000a00000e2,2,2,14,322,276,661,525,1.00123,10758,10.7448
025040107410003168d2a000a00000e2,2,2,15,322,276,661,525,1.00123,10759,10.7458
025040107410003168d2a000a00000e2,2,2,16,322,276,661,525,1.00123,10762,10.7488
025040107410003168d2a000a00000e2,2,2,17,322,276,661,525,1.00123,10728,10.7149
025040107410003168d2a000a00000e2,2,2,18,322,276,661,525,1.00123,10742,10.7288
025040107410003168d2a000a00000e2,2,2,19,322,276,661,525,1.00123,10733,10.7199
025040107410003168d2a000a00000e2,2,2,20,322,276,661,525,1.00123,10766,10.7528
025040107410003168d2a000a00000e2,2,2,21,322,276,661,525,1.00123,10785,10.7718
025040107410003168d2a000a00000e2,2,2,22,322,276,661,525,1.00123,10765,10.7518
025040107410003168d2a000a00000e2,2,2,23,322,276,661,525,1.00123,10772,10.7588
025040107410003168d2a000a00000e2,2,2,24,322,276,661,525,1.00123,10729,10.7159
025040107410003168d2a000a00000e2,2,2,25,322,276,661,525,1.00123,10745,10.7318
025040107410003168d2a000a00000e2,2,2,26,322,276,661,525,1.00123,10738,10.7248
025040107410003168d2a000a00000e2,2,2,27,322,276,661,525,1.00123,10757,10.7438
025040107410003168d2a000a00000e2,2,2,28,322,276,661,525,1.00123,10735,10.7219
025040107410003168d2a000a00000e2,2,2,29,322,276,661,525,1.00123,10771,10.7578
025040107410003168d2a000a00000e2,2,2,30,322,276,661,525,1.00123,10758,10.7448
025040107410003168d2a000a00000e2,2,2,31,322,276,661,525,1.00123,10804,10.7908
025040107410003168d2a000a00000e2,2,2,32,322,276,661,525,1.00123,10734,10.7209
025040107410003168d2a000a00000e2,2,2,33,322,276,661,525,1.00123,10775,10.7618
025040107410003168d2a000a00000e2,2,2,34,322,276,661,525,1.00123,10739,10.7258
025040107410003168d2a000a00000e2,2,2,35,322,276,661,525,1.00123,10764,10.7508
025040107410003168d2a000a00000e2,2,2,36,322,276,661,525,1.00123,10756,10.7428
025040107410003168d2a000a00000e2,2,2,37,322,276,661,525,1.00123,10773,10.7598
025040107410003168d2a000a00000e2,2,2,38,322,276,661,525,1.00123,10764,10.7508
025040107410003168d2a000a00000e2,2,2,39,322,276,661,525,1.00123,10761,10.7478
025040107410003168d2a000a00000e2,2,2,40,322,276,661,525,1.00123,10755,10.7418
025040107410003168d2a000a00000e2,2,2,41,322,276,661,525,1.00123,10756,10.7428
025040107410003168d2a000a00000e2,2,2,42,322,276,661,525,1.00123,10753,10.7398
025040107410003168d2a000a00000e2,2,2,43,322,276,661,525,1.00123,10768,10.7548
025040107410003168d2a000a00000e2,2,2,44,322,276,661,525,1.00123,10634,10.621
025040107410003168d2a000a00000e2,2,2,45,322,276,661,525,1.00123,10719,10.7059
025040107410003168d2a000a00000e2,2,2,46,322,276,661,525,1.00123,10713,10.6999
025040107410003168d2a000a00000e2,2,2,47,322,276,661,525,1.00123,10672,10.6589
025040107410003168d2a000a00000e2,2,2,48,322,276,661,525,1.00123,10725,10.7119
025040107410003168d2a000a00000e2,2,2,49,322,276,661,525,1.00123,10738,10.7248
025040107410003168d2a000a00000e2,2,2,50,322,276,661,525,1.00123,10706,10.6929
025040107410003168d2a000a00000e2,2,2,51,322,276,661,525,1.00123,10710,10.6969
025040107410003168d2a000a00000e2,2,2,52,322,276,661,525,1.00123,10662,10.6489
025040107410003168d2a000a00000e2,2,2,53,322,276,661,525,1.00123,10745,10.7318
025040107410003168d2a000a00000e2,2,2,54,322,276,661,525,1.00123,10676,10.6629
025040107410003168d2a000a00000e2,2,2,55,322,276,661,525,1.00123,10675,10.6619
025040107410003168d2a000a00000e2,2,2,56,322,276,661,525,1.00123,10738,10.7248
025040107410003168d2a000a00000e2,2,2,57,322,276,661,525,1.00123,10717,10.7039
025040107410003168d2a000a00000e2,2,2,58,322,276,661,525,1.00123,10703,10.6899
025040107410003168d2a000a00000e2,2,2,59,322,276,661,525,1.00123,10642,10.629
025040107410003168d2a000a00000e2,2,2,60,322,276,661,525,1.00123,10560,10.5471
025040107410003168d2a000a00000e2,2,2,61,322,276,661,525,1.00123,10654,10.641
025040107410003168d2a000a00000e2,2,2,62,322,276,661,525,1.00123,132,0.131838
025040107410003168d2a000a00000e2,2,2,63,322,276,661,525,1.00123,10648,10.635
025040107410003168d2a000a00000e2,2,2,0,322,276,662,526,1.00123,37,0.0369547
025040107410003168d2a000a00000e2,2,2,1,322,276,662,526,1.00123,6610,6.6019
025040107410003168d2a000a00000e2,2,2,2,322,276,662,526,1.00123,10822,10.8087
025040107410003168d2a000a00000e2,2,2,3,322,276,662,526,1.00123,10771,10.7578
025040107410003168d2a000a00000e2,2,2,4,322,276,662,526,1.00123,10717,10.7039
025040107410003168d2a000a00000e2,2,2,5,322,276,662,526,1.00123,6383,6.37518
025040107410003168d2a000a00000e2,2,2,6,322,276,662,526,1.00123,10699,10.6859
025040107410003168d2a000a00000e2,2,2,7,322,276,662,526,1.00123,10029,10.0167
025040107410003168d2a000a00000e2,2,2,8,322,276,662,526,1.00123,10718,10.7049
025040107410003168d2a000a00000e2,2,2,9,322,276,662,526,1.00123,10773,10.7598
025040107410003168d2a000a00000e2,2,2,10,322,276,662,526,1.00123,10768,10.7548
025040107410003168d2a000a00000e2,2,2,11,322,276,662,526,1.00123,10766,10.7528
025040107410003168d2a000a00000e2,2,2,12,322,276,662,526,1.00123,10733,10.7199
025040107410003168d2a000a00000e2,2,2,13,322,276,662,526,1.00123,10761,10.7478
025040107410003168d2a000a00000e2,2,2,14,322,276,662,526,1.00123,10766,10.7528
025040107410003168d2a000a00000e2,2,2,15,322,276,662,526,1.00123,10759,10.7458
025040107410003168d2a000a00000e2,2,2,16,322,276,662,526,1.00123,10769,10.7558
025040107410003168d2a000a00000e2,2,2,17,322,276,662,526,1.00123,10723,10.7099
025040107410003168d2a000a00000e2,2,2,18,322,276,662,526,1.00123,10748,10.7348
025040107410003168d2a000a00000e2,2,2,19,322,276,662,526,1.00123,10736,10.7229
025040107410003168d2a000a00000e2,2,2,20,322,276,662,526,1.00123,10781,10.7678
025040107410003168d2a000a00000e2,2,2,21,322,276,662,526,1.00123,10785,10.7718
025040107410003168d2a000a00000e2,2,2,22,322,276,662,526,1.00123,10778,10.7648
025040107410003168d2a000a00000e2,2,2,23,322,276,662,526,1.00123,10781,10.7678
025040107410003168d2a000a00000e2,2,2,24,322,276,662,526,1.00123,10734,10.7209
025040107410003168d2a000a00000e2,2,2,25,322,276,662,526,1.00123,10747,10.7338
025040107410003168d2a000a00000e2,2,2,26,322,276,662,526,1.00123,10744,10.7308
025040107410003168d2a000a00000e2,2,2,27,322,276,662,526,1.00123,10763,10.7498
025040107410003168d2a000a00000e2,2,2,28,322,276,662,526,1.00123,10732,10.7189
025040107410003168d2a000a00000e2,2,2,29,322,276,662,526,1.00123,10782,10.7688
025040107410003168d2a000a00000e2,2,2,30,322,276,662,526,1.00123,10766,10.7528
025040107410003168d2a000a00000e2,2,2,31,322,276,662,526,1.00123,10806,10.7928
025040107410003168d2a000a00000e2,2,2,32,322,276,662,526,1.00123,10737,10.7238
025040107410003168d2a000a00000e2,2,2,33,322,276,662,526,1.00123,10782,10.7688
025040107410003168d2a000a00000e2,2,2,34,322,276,662,526,1.00123,10741,10.7278
025040107410003168d2a000a00000e2,2,2,35,322,276,662,526,1.00123,10777,10.7638
025040107410003168d2a000a00000e2,2,2,36,322,276,662,526,1.00123,10765,10.7518
025040107410003168d2a000a00000e2,2,2,37,322,276,662,526,1.00123,10782,10.7688
025040107410003168d2a000a00000e2,2,2,38,322,276,662,526,1.00123,10776,10.7628
025040107410003168d2a000a00000e2,2,2,39,322,276,662,526,1.00123,10775,10.7618
025040107410003168d2a000a00000e2,2,2,40,322,276,662,526,1.00123,10762,10.7488
025040107410003168d2a000a00000e2,2,2,41,322,276,662,526,1.00123,10761,10.7478
025040107410003168d2a000a00000e2,2,2,42,322,276,662,526,1.00123,10761,10.7478
025040107410003168d2a000a00000e2,2,2,43,322,276,662,526,1.00123,10781,10.7678
025040107410003168d2a000a00000e2,2,2,44,322,276,662,526,1.00123,10614,10.601
025040107410003168d2a000a00000e2,2,2,45,322,276,662,526,1.00123,10711,10.6979
025040107410003168d2a000a00000e2,2,2,46,322,276,662,526,1.00123,10707,10.6939
025040107410003168d2a000a00000e2,2,2,47,322,276,662,526,1.00123,10658,10.6449
025040107410003168d2a000a00000e2,2,2,48,322,276,662,526,1.00123,10723,10.7099
025040107410003168d2a000a00000e2,2,2,49,322,276,662,526,1.00123,10744,10.7308
025040107410003168d2a000a00000e2,2,2,50,322,276,662,526,1.00123,10704,10.6909
025040107410003168d2a000a00000e2,2,2,51,322,276,662,526,1.00123,10701,10.6879
025040107410003168d2a000a00000e2,2,2,52,322,276,662,526,1.00123,10655,10.642
025040107410003168d2a000a00000e2,2,2,53,322,276,662,526,1.00123,10751,10.7378
025040107410003168d2a000a00000e2,2,2,54,322,276,662,526,1.00123,10675,10.6619
025040107410003168d2a000a00000e2,2,2,55,322,276,662,526,1.00123,10666,10.6529
025040107410003168d2a000a00000e2,2,2,56,322,276,662,526,1.00123,10741,10.7278
025040107410003168d2a000a00000e2,2,2,57,322,276,662,526,1.00123,10710,10.6969
025040107410003168d2a000a00000e2,2,2,58,322,276,662,526,1.00123,10694,10.6809
025040107410003168d2a000a00000e2,2,2,59,322,276,662,526,1.00123,10619,10.606
025040107410003168d2a000a00000e2,2,2,60,322,276,662,526,1.00123,10414,10.4012
025040107410003168d2a000a00000e2,2,2,61,322,276,662,526,1.00123,10612,10.599
025040107410003168d2a000a00000e2,2,2,62,322,276,662,526,1.00123,119,0.118854
025040107410003168d2a000a00000e2,2,2,63,322,276,662,526,1.00123,10603,10.59
025040107410003168d2a000a00000e2,2,2,0,322,276,663,527,1.00123,13,0.0129841
025040107410003168d2a000a00000e2,2,2,1,322,276,663,527,1.00123,2968,2.96436
025040107410003168d2a000a00000e2,2,2,2,322,276,663,527,1.00123,10835,10.8217
025040107410003168d2a000a00000e2,2,2,3,322,276,663,527,1.00123,10768,10.7548
025040107410003168d2a000a00000e2,2,2,4,322,276,663,527,1.00123,10703,10.6899
025040107410003168d2a000a00000e2,2,2,5,322,276,663,527,1.00123,2983,2.97935
025040107410003168d2a000a00000e2,2,2,6,322,276,663,527,1.00123,10687,10.6739
025040107410003168d2a000a00000e2,2,2,7,322,276,663,527,1.00123,8385,8.37473
025040107410003168d2a000a00000e2,2,2,8,322,276,663,527,1.00123,10698,10.6849
025040107410003168d2a000a00000e2,2,2,9,322,276,663,527,1.00123,10768,10.7548
025040107410003168d2a000a00000e2,2,2,10,322,276,663,527,1.00123,10761,10.7478
025040107410003168d2a000a00000e2,2,2,11,322,276,663,527,1.00123,10761,10.7478
025040107410003168d2a000a00000e2,2,2,12,322,276,663,527,1.00123,10723,10.7099
025040107410003168d2a000a00000e2,2,2,13,322,276,663,527,1.00123,10755,10.7418
025040107410003168d2a000a00000e2,2,2,14,322,276,663,527,1.00123,10754,10.7408
025040107410003168d2a000a00000e2,2,2,15,322,276,663,527,1.00123,10754,10.7408
025040107410003168d2a000a00000e2,2,2,16,322,276,663,527,1.00123,10760,10.7468
025040107410003168d2a000a00000e2,2,2,17,322,276,663,527,1.00123,10707,10.6939
025040107410003168d2a000a00000e2,2,2,18,322,276,663,527,1.00123,10735,10.7219
025040107410003168d2a000a00000e2,2,2,19,322,276,663,527,1.00123,10717,10.7039
025040107410003168d2a000a00000e2,2,2,20,322,276,663,527,1.00123,10771,10.7578
025040107410003168d2a000a00000e2,2,2,21,322,276,663,527,1.00123,10785,10.7718
025040107410003168d2a000a00000e2,2,2,22,322,276,663,527,1.00123,10772,10.7588
025040107410003168d2a000a00000e2,2,2,23,322,276,663,527,1.00123,10778,10.7648
025040107410003168d2a000a00000e2,2,2,24,322,276,663,527,1.00123,10720,10.7069
025040107410003168d2a000a00000e2,2,2,25,322,276,663,527,1.00123,10736,10.7229
025040107410003168d2a000a00000e2,2,2,26,322,276,663,527,1.00123,10730,10.7169
025040107410003168d2a000a00000e2,2,2,27,322,276,663,527,1.00123,10756,10.7428
025040107410003168d2a000a00000e2,2,2,28,322,276,663,527,1.00123,10725,10.7119
025040107410003168d2a000a00000e2,2,2,29,322,276,663,527,1.00123,10775,10.7618
025040107410003168d2a000a00000e2,2,2,30,322,276,663,527,1.00123,10757,10.7438
025040107410003168d2a000a00000e2,2,2,31,322,276,663,527,1.00123,10807,10.7938
025040107410003168d2a000a00000e2,2,2,32,322,276,663,527,1.00123,10726,10.7129
025040107410003168d2a000a00000e2,2,2,33,322,276,663,527,1.00123,10779,10.7658
025040107410003168d2a000a00000e2,2,2,34,322,276,663,527,1.00123,10725,10.7119
025040107410003168d2a000a00000e2,2,2,35,322,276,663,527,1.00123,10769,10.7558
025040107410003168d2a000a00000e2,2,2,36,322,276,663,527,1.00123,10754,10.7408
025040107410003168d2a000a00000e2,2,2,37,322,276,663,527,1.00123,10779,10.7658
025040107410003168d2a000a00000e2,2,2,38,322,276,663,527,1.00123,10767,10.7538
025040107410003168d2a000a00000e2,2,2,39,322,276,663,527,1.00123,10767,10.7538
025040107410003168d2a000a00000e2,2,2,40,322,276,663,527,1.00123,10748,10.7348
025040107410003168d2a000a00000e2,2,2,41,322,276,663,527,1.00123,10749,10.7358
025040107410003168d2a000a00000e2,2,2,42,322,276,663,527,1.00123,10747,10.7338
025040107410003168d2a000a00000e2,2,2,43,322,276,663,527,1.00123,10774,10.7608
025040107410003168d2a000a00000e2,2,2,44,322,276,663,527,1.00123,10561,10.5481
025040107410003168d2a000a00000e2,2,2,45,322,276,663,527,1.00123,10698,10.6849
025040107410003168d2a000a00000e2,2,2,46,322,276,663,527,1.00123,10698,10.6849
025040107410003168d2a000a00000e2,2,2,47,322,276,663,527,1.00123,10603,10.59
025040107410003168d2a000a00000e2,2,2,48,322,276,663,527,1.00123,10716,10.7029
025040107410003168d2a000a00000e2,2,2,49,322,276,663,527,1.00123,10727,10.7139
025040107410003168d2a000a00000e2,2,2,50,322,276,663,527,1.00123,10688,10.6749
025040107410003168d2a000a00000e2,2,2,51,322,276,663,527,1.00123,10689,10.6759
025040107410003168d2a000a00000e2,2,2,52,322,276,663,527,1.00123,10637,10.624
025040107410003168d2a000a00000e2,2,2,53,322,276,663,527,1.00123,10735,10.7219
025040107410003168d2a000a00000e2,2,2,54,322,276,663,527,1.00123,10648,10.635
025040107410003168d2a000a00000e2,2,2,55,322,276,663,527,1.00123,10645,10.632
025040107410003168d2a000a00000e2,2,2,56,322,276,663,527,1.00123,10732,10.7189
025040107410003168d2a000a00000e2,2,2,57,322,276,663,527,1.00123,10699,10.6859
025040107410003168d2a000a00000e2,2,2,58,322,276,663,527,1.00123,10683,10.6699
025040107410003168d2a000a00000e2,2,2,59,322,276,663,527,1.00123,10537,10.5241
025040107410003168d2a000a00000e2,2,2,60,322,276,663,527,1.00123,9731,9.71908
025040107410003168d2a000a00000e2,2,2,61,322,276,663,527,1.00123,10473,10.4602
025040107410003168d2a000a00000e2,2,2,62,322,276,663,527,1.00123,116,0.115858
025040107410003168d2a000a00000e2,2,2,63,322,276,663,527,1.00123,10424,10.4112
025040107410003168d2a000a00000e2,2,2,0,322,276,664,528,1.0027,9,0.00897576
025040107410003168d2a000a00000e2,2,2,1,322,276,664,528,1.0027,889,0.886605
025040107410003168d2a000a00000e2,2,2,2,322,276,664,528,1.0027,10802,10.7729
025040107410003168d2a000a00000e2,2,2,3,322,276,664,528,1.0027,10725,10.6961
025040107410003168d2a000a00000e2,2,2,4,322,276,664,528,1.0027,10678,10.6492
025040107410003168d2a000a00000e2,2,2,5,322,276,664,528,1.0027,834,0.831754
025040107410003168d2a000a00000e2,2,2,6,322,276,664,528,1.0027,10661,10.6323
025040107410003168d2a000a00000e2,2,2,7,322,276,664,528,1.0027,5053,5.03939
025040107410003168d2a000a00000e2,2,2,8,322,276,664,528,1.0027,10669,10.6403
025040107410003168d2a000a00000e2,2,2,9,322,276,664,528,1.0027,10728,10.6991
025040107410003168d2a000a00000e2,2,2,10,322,276,664,528,1.0027,10726,10.6971
025040107410003168d2a000a00000e2,2,2,11,322,276,664,528,1.0027,10723,10.6941
025040107410003168d2a000a00000e2,2,2,12,322,276,664,528,1.0027,10698,10.6692
025040107410003168d2a000a00000e2,2,2,13,322,276,664,528,1.0027,10721,10.6921
025040107410003168d2a000a00000e2,2,2,14,322,276,664,528,1.0027,10722,10.6931
025040107410003168d2a000a00000e2,2,2,15,322,276,664,528,1.0027,10721,10.6921
025040107410003168d2a000a00000e2,2,2,16,322,276,664,528,1.0027,10725,10.6961
025040107410003168d2a000a00000e2,2,2,17,322,276,664,528,1.0027,10684,10.6552
025040107410003168d2a000a00000e2,2,2,18,322,276,664,528,1.0027,10709,10.6802
025040107410003168d2a000a00000e2,2,2,19,322,276,664,528,1.0027,10694,10.6652
025040107410003168d2a000a00000e2,2,2,20,322,276,664,528,1.0027,10737,10.7081
025040107410003168d2a000a00000e2,2,2,21,322,276,664,528,1.0027,10756,10.727
025040107410003168d2a000a00000e2,2,2,22,322,276,664,528,1.0027,10741,10.7121
025040107410003168d2a000a00000e2,2,2,23,322,276,664,528,1.0027,10745,10.7161
025040107410003168d2a000a00000e2,2,2,24,322,276,664,528,1.0027,10698,10.6692
025040107410003168d2a000a00000e2,2,2,25,322,276,664,528,1.0027,10709,10.6802
025040107410003168d2a000a00000e2,2,2,26,322,276,664,528,1.0027,10709,10.6802
025040107410003168d2a000a00000e2,2,2,27,322,276,664,528,1.0027,10720,10.6911
025040107410003168d2a000a00000e2,2,2,28,322,276,664,528,1.0027,10700,10.6712
025040107410003168d2a000a00000e2,2,2,29,322,276,664,528,1.0027,10747,10.7181
025040107410003168d2a000a00000e2,2,2,30,322,276,664,528,1.0027,10722,10.6931
025040107410003168d2a000a00000e2,2,2,31,322,276,664,528,1.0027,10777,10.748
025040107410003168d2a000a00000e2,2,2,32,322,276,664,528,1.0027,10706,10.6772
025040107410003168d2a000a00000e2,2,2,33,322,276,664,528,1.0027,10747,10.7181
025040107410003168d2a000a00000e2,2,2,34,322,276,664,528,1.0027,10702,10.6732
025040107410003168d2a000a00000e2,2,2,35,322,276,664,528,1.0027,10732,10.7031
025040107410003168d2a000a00000e2,2,2,36,322,276,664,528,1.0027,10723,10.6941
025040107410003168d2a000a00000e2,2,2,37,322,276,664,528,1.0027,10747,10.7181
025040107410003168d2a000a00000e2,2,2,38,322,276,664,528,1.0027,10732,10.7031
025040107410003168d2a000a00000e2,2,2,39,322,276,664,528,1.0027,10731,10.7021
025040107410003168d2a000a00000e2,2,2,40,322,276,664,528,1.0027,10717,10.6881
025040107410003168d2a000a00000e2,2,2,41,322,276,664,528,1.0027,10718,10.6891
025040107410003168d2a000a00000e2,2,2,42,322,276,664,528,1.0027,10719,10.6901
025040107410003168d2a000a00000e2,2,2,43,322,276,664,528,1.0027,10740,10.7111
025040107410003168d2a000a00000e2,2,2,44,322,276,664,528,1.0027,10414,10.3859
025040107410003168d2a000a00000e2,2,2,45,322,276,664,528,1.0027,10682,10.6532
025040107410003168d2a000a00000e2,2,2,46,322,276,664,528,1.0027,10676,10.6472
025040107410003168d2a000a00000e2,2,2,47,322,276,664,528,1.0027,10475,10.4468
025040107410003168d2a000a00000e2,2,2,48,322,276,664,528,1.0027,10700,10.6712
025040107410003168d2a000a00000e2,2,2,49,322,276,664,528,1.0027,10702,10.6732
025040107410003168d2a000a00000e2,2,2,50,322,276,664,528,1.0027,10667,10.6383
025040107410003168d2a000a00000e2,2,2,51,322,276,664,528,1.0027,10669,10.6403
025040107410003168d2a000a00000e2,2,2,52,322,276,664,528,1.0027,10592,10.5635
025040107410003168d2a000a00000e2,2,2,53,322,276,664,528,1.0027,10707,10.6782
025040107410003168d2a000a00000e2,2,2,54,322,276,664,528,1.0027,10600,10.5714
025040107410003168d2a000a00000e2,2,2,55,322,276,664,528,1.0027,10602,10.5734
025040107410003168d2a000a00000e2,2,2,56,322,276,664,528,1.0027,10708,10.6792
025040107410003168d2a000a00000e2,2,2,57,322,276,664,528,1.0027,10670,10.6413
025040107410003168d2a000a00000e2,2,2,58,322,276,664,528,1.0027,10666,10.6373
025040107410003168d2a000a00000e2,2,2,59,322,276,664,528,1.0027,10149,10.1217
025040107410003168d2a000a00000e2,2,2,60,322,276,664,528,1.0027,7698,7.67727
025040107410003168d2a000a00000e2,2,2,61,322,276,664,528,1.0027,9759,9.73271
025040107410003168d2a000a00000e2,2,2,62,322,276,664,528,1.0027,102,0.101725
025040107410003168d2a000a00000e2,2,2,63,322,276,664,528,1.0027,9597,9.57115
025040107410003168d2a000a00000e2,2,2,0,322,276,665,529,1.0027,6,0.00598384
025040107410003168d2a000a00000e2,2,2,1,322,276,665,529,1.0027,330,0.329111
025040107410003168d2a000a00000e2,2,2,2,322,276,665,529,1.0027,10829,10.7998
025040107410003168d2a000a00000e2,2,2,3,322,276,665,529,1.0027,10765,10.736
025040107410003168d2a000a00000e2,2,2,4,322,276,665,529,1.0027,10696,10.6672
025040107410003168d2a000a00000e2,2,2,5,322,276,665,529,1.0027,339,0.338087
025040107410003168d2a000a00000e2,2,2,6,322,276,665,529,1.0027,10681,10.6522
025040107410003168d2a000a00000e2,2,2,7,322,276,665,529,1.0027,2131,2.12526
025040107410003168d2a000a00000e2,2,2,8,322,276,665,529,1.0027,10688,10.6592
025040107410003168d2a000a00000e2,2,2,9,322,276,665,529,1.0027,10766,10.737
025040107410003168d2a000a00000e2,2,2,10,322,276,665,529,1.0027,10761,10.732
025040107410003168d2a000a00000e2,2,2,11,322,276,665,529,1.0027,10761,10.732
025040107410003168d2a000a00000e2,2,2,12,322,276,665,529,1.0027,10727,10.6981
025040107410003168d2a000a00000e2,2,2,13,322,276,665,529,1.0027,10757,10.728
025040107410003168d2a000a00000e2,2,2,14,322,276,665,529,1.0027,10760,10.731
025040107410003168d2a000a00000e2,2,2,15,322,276,665,529,1.0027,10754,10.725
025040107410003168d2a000a00000e2,2,2,16,322,276,665,529,1.0027,10761,10.732
025040107410003168d2a000a00000e2,2,2,17,322,276,665,529,1.0027,10708,10.6792
025040107410003168d2a000a00000e2,2,2,18,322,276,665,529,1.0027,10737,10.7081
025040107410003168d2a000a00000e2,2,2,19,322,276,665,529,1.0027,10721,10.6921
025040107410003168d2a000a00000e2,2,2,20,322,276,665,529,1.0027,10771,10.742
025040107410003168d2a000a00000e2,2,2,21,322,276,665,529,1.0027,10778,10.749
025040107410003168d2a000a00000e2,2,2,22,322,276,665,529,1.0027,10772,10.743
025040107410003168d2a000a00000e2,2,2,23,322,276,665,529,1.0027,10775,10.746
025040107410003168d2a000a00000e2,2,2,24,322,276,665,529,1.0027,10725,10.6961
025040107410003168d2a000a00000e2,2,2,25,322,276,665,529,1.0027,10738,10.7091
025040107410003168d2a000a00000e2,2,2,26,322,276,665,529,1.0027,10732,10.7031
025040107410003168d2a000a00000e2,2,2,27,322,276,665,529,1.0027,10757,10.728
025040107410003168d2a000a00000e2,2,2,28,322,276,665,529,1.0027,10731,10.7021
025040107410003168d2a000a00000e2,2,2,29,322,276,665,529,1.0027,10772,10.743
025040107410003168d2a000a00000e2,2,2,30,322,276,665,529,1.0027,10758,10.729
025040107410003168d2a000a00000e2,2,2,31,322,276,665,529,1.0027,10799,10.7699
025040107410003168d2a000a00000e2,2,2,32,322,276,665,529,1.0027,10734,10.7051
025040107410003168d2a000a00000e2,2,2,33,322,276,665,529,1.0027,10774,10.745
025040107410003168d2a000a00000e2,2,2,34,322,276,665,529,1.0027,10733,10.7041
025040107410003168d2a000a00000e2,2,2,35,322,276,665,529,1.0027,10767,10.738
025040107410003168d2a000a00000e2,2,2,36,322,276,665,529,1.0027,10759,10.73
025040107410003168d2a000a00000e2,2,2,37,322,276,665,529,1.0027,10776,10.747
025040107410003168d2a000a00000e2,2,2,38,322,276,665,529,1.0027,10765,10.736
025040107410003168d2a000a00000e2,2,2,39,322,276,665,529,1.0027,10766,10.737
025040107410003168d2a000a00000e2,2,2,40,322,276,665,529,1.0027,10758,10.729
025040107410003168d2a000a00000e2,2,2,41,322,276,665,529,1.0027,10754,10.725
025040107410003168d2a000a00000e2,2,2,42,322,276,665,529,1.0027,10758,10.729
025040107410003168d2a000a00000e2,2,2,43,322,276,665,529,1.0027,10772,10.743
025040107410003168d2a000a00000e2,2,2,44,322,276,665,529,1.0027,10015,9.98802
025040107410003168d2a000a00000e2,2,2,45,322,276,665,529,1.0027,10697,10.6682
025040107410003168d2a000a00000e2,2,2,46,322,276,665,529,1.0027,10703,10.6742
025040107410003168d2a000a00000e2,2,2,47,322,276,665,529,1.0027,10011,9.98404
025040107410003168d2a000a00000e2,2,2,48,322,276,665,529,1.0027,10727,10.6981
025040107410003168d2a000a00000e2,2,2,49,322,276,665,529,1.0027,10729,10.7001
025040107410003168d2a000a00000e2,2,2,50,322,276,665,529,1.0027,10688,10.6592
025040107410003168d2a000a00000e2,2,2,51,322,276,665,529,1.0027,10686,10.6572
025040107410003168d2a000a00000e2,2,2,52,322,276,665,529,1.0027,10545,10.5166
025040107410003168d2a000a00000e2,2,2,53,322,276,665,529,1.0027,10735,10.7061
025040107410003168d2a000a00000e2,2,2,54,322,276,665,529,1.0027,10568,10.5395
025040107410003168d2a000a00000e2,2,2,55,322,276,665,529,1.0027,10530,10.5016
025040107410003168d2a000a00000e2,2,2,56,322,276,665,529,1.0027,10739,10.7101
025040107410003168d2a000a00000e2,2,2,57,322,276,665,529,1.0027,10677,10.6482
025040107410003168d2a000a00000e2,2,2,58,322,276,665,529,1.0027,10678,10.6492
025040107410003168d2a000a00000e2,2,2,59,322,276,665,529,1.0027,9023,8.9987
025040107410003168d2a000a00000e2,2,2,60,322,276,665,529,1.0027,4427,4.41508
025040107410003168d2a000a00000e2,2,2,61,322,276,665,529,1.0027,7779,7.75805
025040107410003168d2a000a00000e2,2,2,62,322,276,665,529,1.0027,105,0.104717
025040107410003168d2a000a00000e2,2,2,63,322,276,665,529,1.0027,7644,7.62341
025040107410003168d2a000a00000e2,2,2,0,322,276,666,530,1.00123,0,0
025040107410003168d2a000a00000e2,2,2,1,322,276,666,530,1.00123,187,0.186771
025040107410003168d2a000a00000e2,2,2,2,322,276,666,530,1.00123,10835,10.8217
025040107410003168d2a000a00000e2,2,2,3,322,276,666,530,1.00123,10750,10.7368
025040107410003168d2a000a00000e2,2,2,4,322,276,666,530,1.00123,10670,10.6569
025040107410003168d2a000a00000e2,2,2,5,322,276,666,530,1.00123,181,0.180778
025040107410003168d2a000a00000e2,2,2,6,322,276,666,530,1.00123,10650,10.637
025040107410003168d2a000a00000e2,2,2,7,322,276,666,530,1.00123,654,0.653199
025040107410003168d2a000a00000e2,2,2,8,322,276,666,530,1.00123,10659,10.6459
025040107410003168d2a000a00000e2,2,2,9,322,276,666,530,1.00123,10750,10.7368
025040107410003168d2a000a00000e2,2,2,10,322,276,666,530,1.00123,10743,10.7298
025040107410003168d2a000a00000e2,2,2,11,322,276,666,530,1.00123,10737,10.7238
025040107410003168d2a000a00000e2,2,2,12,322,276,666,530,1.00123,10711,10.6979
025040107410003168d2a000a00000e2,2,2,13,322,276,666,530,1.00123,10736,10.7229
025040107410003168d2a000a00000e2,2,2,14,322,276,666,530,1.00123,10737,10.7238
025040107410003168d2a000a00000e2,2,2,15,322,276,666,530,1.00123,10739,10.7258
025040107410003168d2a000a00000e2,2,2,16,322,276,666,530,1.00123,10744,10.7308
025040107410003168d2a000a00000e2,2,2,17,322,276,666,530,1.00123,10692,10.6789
025040107410003168d2a000a00000e2,2,2,18,322,276,666,530,1.00123,10722,10.7089
025040107410003168d2a000a00000e2,2,2,19,322,276,666,530,1.00123,10701,10.6879
025040107410003168d2a000a00000e2,2,2,20,322,276,666,530,1.00123,10760,10.7468
025040107410003168d2a000a00000e2,2,2,21,322,276,666,530,1.00123,10778,10.7648
025040107410003168d2a000a00000e2,2,2,22,322,276,666,530,1.00123,10762,10.7488
025040107410003168d2a000a00000e2,2,2,23,322,276,666,530,1.00123,10772,10.7588
025040107410003168d2a000a00000e2,2,2,24,322,276,666,530,1.00123,10712,10.6989
025040107410003168d2a000a00000e2,2,2,25,322,276,666,530,1.00123,10719,10.7059
025040107410003168d2a000a00000e2,2,2,26,322,276,666,530,1.00123,10722,10.7089
025040107410003168d2a000a00000e2,2,2,27,322,276,666,530,1.00123,10738,10.7248
025040107410003168d2a000a00000e2,2,2,28,322,276,666,530,1.00123,10716,10.7029
025040107410003168d2a000a00000e2,2,2,29,322,276,666,530,1.00123,10765,10.7518
025040107410003168d2a000a00000e2,2,2,30,322,276,666,530,1.00123,10741,10.7278
025040107410003168d2a000a00000e2,2,2,31,322,276,666,530,1.00123,10803,10.7898
025040107410003168d2a000a00000e2,2,2,32,322,276,666,530,1.00123,10722,10.7089
025040107410003168d2a000a00000e2,2,2,33,322,276,666,530,1.00123,10769,10.7558
025040107410003168d2a000a00000e2,2,2,34,322,276,666,530,1.00123,10716,10.7029
025040107410003168d2a000a00000e2,2,2,35,322,276,666,530,1.00123,10760,10.7468
025040107410003168d2a000a00000e2,2,2,36,322,276,666,530,1.00123,10742,10.7288
025040107410003168d2a000a00000e2,2,2,37,322,276,666,530,1.00123,10768,10.7548
025040107410003168d2a000a00000e2,2,2,38,322,276,666,530,1.00123,10757,10.7438
025040107410003168d2a000a00000e2,2,2,39,322,276,666,530,1.00123,10753,10.7398
025040107410003168d2a000a00000e2,2,2,40,322,276,666,530,1.00123,10735,10.7219
025040107410003168d2a000a00000e2,2,2,41,322,276,666,530,1.00123,10734,10.7209
025040107410003168d2a000a00000e2,2,2,42,322,276,666,530,1.00123,10736,10.7229
025040107410003168d2a000a00000e2,2,2,43,322,276,666,530,1.00123,10763,10.7498
025040107410003168d2a000a00000e2,2,2,44,322,276,666,530,1.00123,8455,8.44464
025040107410003168d2a000a00000e2,2,2,45,322,276,666,530,1.00123,10682,10.6689
025040107410003168d2a000a00000e2,2,2,46,322,276,666,530,1.00123,10678,10.6649
025040107410003168d2a000a00000e2,2,2,47,322,276,666,530,1.00123,8432,8.42167
025040107410003168d2a000a00000e2,2,2,48,322,276,666,530,1.00123,10711,10.6979
025040107410003168d2a000a00000e2,2,2,49,322,276,666,530,1.00123,10711,10.6979
025040107410003168d2a000a00000e2,2,2,50,322,276,666,530,1.00123,10675,10.6619
025040107410003168d2a000a00000e2,2,2,51,322,276,666,530,1.00123,10666,10.6529
025040107410003168d2a000a00000e2,2,2,52,322,276,666,530,1.00123,10399,10.3863
025040107410003168d2a000a00000e2,2,2,53,322,276,666,530,1.00123,10718,10.7049
025040107410003168d2a000a00000e2,2,2,54,322,276,666,530,1.00123,10393,10.3803
025040107410003168d2a000a00000e2,2,2,55,322,276,666,530,1.00123,10186,10.1735
025040107410003168d2a000a00000e2,2,2,56,322,276,666,530,1.00123,10722,10.7089
025040107410003168d2a000a00000e2,2,2,57,322,276,666,530,1.00123,10649,10.636
025040107410003168d2a000a00000e2,2,2,58,322,276,666,530,1.00123,10647,10.634
025040107410003168d2a000a00000e2,2,2,59,322,276,666,530,1.00123,6514,6.50602
025040107410003168d2a000a00000e2,2,2,60,322,276,666,530,1.00123,1866,1.86371
025040107410003168d2a000a00000e2,2,2,61,322,276,666,530,1.00123,4594,4.58837
025040107410003168d2a000a00000e2,2,2,62,322,276,666,530,1.00123,95,0.0948836
025040107410003168d2a000a00000e2,2,2,63,322,276,666,530,1.00123,4453,4.44755
025040107410003168d2a000a00000e2,2,2,0,322,276,667,530,1.00123,1,0.000998775
025040107410003168d2a000a00000e2,2,2,1,322,276,667,530,1.00123,136,0.135833
025040107410003168d2a000a00000e2,2,2,2,322,276,667,530,1.00123,10786,10.7728
025040107410003168d2a000a00000e2,2,2,3,322,276,667,530,1.00123,10716,10.7029
025040107410003168d2a000a00000e2,2,2,4,322,276,667,530,1.00123,10620,10.607
025040107410003168d2a000a00000e2,2,2,5,322,276,667,530,1.00123,125,0.124847
025040107410003168d2a000a00000e2,2,2,6,322,276,667,530,1.00123,10562,10.5491
025040107410003168d2a000a00000e2,2,2,7,322,276,667,530,1.00123,263,0.262678
025040107410003168d2a000a00000e2,2,2,8,322,276,667,530,1.00123,10576,10.563
025040107410003168d2a000a00000e2,2,2,9,322,276,667,530,1.00123,10717,10.7039
025040107410003168d2a000a00000e2,2,2,10,322,276,667,530,1.00123,10712,10.6989
025040107410003168d2a000a00000e2,2,2,11,322,276,667,530,1.00123,10706,10.6929
025040107410003168d2a000a00000e2,2,2,12,322,276,667,530,1.00123,10666,10.6529
025040107410003168d2a000a00000e2,2,2,13,322,276,667,530,1.00123,10701,10.6879
025040107410003168d2a000a00000e2,2,2,14,322,276,667,530,1.00123,10708,10.6949
025040107410003168d2a000a00000e2,2,2,15,322,276,667,530,1.00123,10701,10.6879
025040107410003168d2a000a00000e2,2,2,16,322,276,667,530,1.00123,10711,10.6979
025040107410003168d2a000a00000e2,2,2,17,322,276,667,530,1.00123,10651,10.638
025040107410003168d2a000a00000e2,2,2,18,322,276,667,530,1.00123,10682,10.6689
025040107410003168d2a000a00000e2,2,2,19,322,276,667,530,1.00123,10660,10.6469
025040107410003168d2a000a00000e2,2,2,20,322,276,667,530,1.00123,10726,10.7129
025040107410003168d2a000a00000e2,2,2,21,322,276,667,530,1.00123,10745,10.7318
025040107410003168d2a000a00000e2,2,2,22,322,276,667,530,1.00123,10730,10.7169
025040107410003168d2a000a00000e2,2,2,23,322,276,667,530,1.00123,10735,10.7219
025040107410003168d2a000a00000e2,2,2,24,322,276,667,530,1.00123,10672,10.6589
025040107410003168d2a000a00000e2,2,2,25,322,276,667,530,1.00123,10671,10.6579
025040107410003168d2a000a00000e2,2,2,26,322,276,667,530,1.00123,10679,10.6659
025040107410003168d2a000a00000e2,2,2,27,322,276,667,530,1.00123,10707,10.6939
025040107410003168d2a000a00000e2,2,2,28,322,276,667,530,1.00123,10676,10.6629
025040107410003168d2a000a00000e2,2,2,29,322,276,667,530,1.00123,10732,10.7189
025040107410003168d2a000a00000e2,2,2,30,322,276,667,530,1.00123,10708,10.6949
025040107410003168d2a000a00000e2,2,2,31,322,276,667,530,1.00123,10762,10.7488
025040107410003168d2a000a00000e2,2,2,32,322,276,667,530,1.00123,10680,10.6669
025040107410003168d2a000a00000e2,2,2,33,322,276,667,530,1.00123,10731,10.7179
025040107410003168d2a000a00000e2,2,2,34,322,276,667,530,1.00123,10678,10.6649
025040107410003168d2a000a00000e2,2,2,35,322,276,667,530,1.00123,10724,10.7109
025040107410003168d2a000a00000e2,2,2,36,322,276,667,530,1.00123,10709,10.6959
025040107410003168d2a000a00000e2,2,2,37,322,276,667,530,1.00123,10734,10.7209
025040107410003168d2a000a00000e2,2,2,38,322,276,667,530,1.00123,10720,10.7069
025040107410003168d2a000a00000e2,2,2,39,322,276,667,530,1.00123,10721,10.7079
025040107410003168d2a000a00000e2,2,2,40,322,276,667,530,1.00123,10706,10.6929
025040107410003168d2a000a00000e2,2,2,41,322,276,667,530,1.00123,10697,10.6839
025040107410003168d2a000a00000e2,2,2,42,322,276,667,530,1.00123,10708,10.6949
025040107410003168d2a000a00000e2,2,2,43,322,276,667,530,1.00123,10727,10.7139
025040107410003168d2a000a00000e2,2,2,44,322,276,667,530,1.00123,5564,5.55719
025040107410003168d2a000a00000e2,2,2,45,322,276,667,530,1.00123,10621,10.608
025040107410003168d2a000a00000e2,2,2,46,322,276,667,530,1.00123,10634,10.621
025040107410003168d2a000a00000e2,2,2,47,322,276,667,530,1.00123,5334,5.32747
025040107410003168d2a000a00000e2,2,2,48,322,276,667,530,1.00123,10665,10.6519
025040107410003168d2a000a00000e2,2,2,49,322,276,667,530,1.00123,10667,10.6539
025040107410003168d2a000a00000e2,2,2,50,322,276,667,530,1.00123,10625,10.612
025040107410003168d2a000a00000e2,2,2,51,322,276,667,530,1.00123,10612,10.599
025040107410003168d2a000a00000e2,2,2,52,322,276,667,530,1.00123,9785,9.77302
025040107410003168d2a000a00000e2,2,2,53,322,276,667,530,1.00123,10680,10.6669
025040107410003168d2a000a00000e2,2,2,54,322,276,667,530,1.00123,9660,9.64817
025040107410003168d2a000a00000e2,2,2,55,322,276,667,530,1.00123,9129,9.11782
025040107410003168d2a000a00000e2,2,2,56,322,276,667,530,1.00123,10689,10.6759
025040107410003168d2a000a00000e2,2,2,57,322,276,667,530,1.00123,10561,10.5481
025040107410003168d2a000a00000e2,2,2,58,322,276,667,530,1.00123,10567,10.5541
025040107410003168d2a000a00000e2,2,2,59,322,276,667,530,1.00123,3258,3.25401
025040107410003168d2a000a00000e2,2,2,60,322,276,667,530,1.00123,608,0.607255
025040107410003168d2a000a00000e2,2,2,61,322,276,667,530,1.00123,1938,1.93563
025040107410003168d2a000a00000e2,2,2,62,322,276,667,530,1.00123,77,0.0769057
025040107410003168d2a000a00000e2,2,2,63,322,276,667,530,1.00123,1762,1.75984
025040107410003168d2a000a00000e2,2,2,0,322,276,668,531,1.00123,1,0.000998775
025040107410003168d2a000a00000e2,2,2,1,322,276,668,531,1.00123,110,0.109865
025040107410003168d2a000a00000e2,2,2,2,322,276,668,531,1.00123,10834,10.8207
025040107410003168d2a000a00000e2,2,2,3,322,276,668,531,1.00123,10751,10.7378
025040107410003168d2a000a00000e2,2,2,4,322,276,668,531,1.00123,10584,10.571
025040107410003168d2a000a00000e2,2,2,5,322,276,668,531,1.00123,115,0.114859
025040107410003168d2a000a00000e2,2,2,6,322,276,668,531,1.00123,10452,10.4392
025040107410003168d2a000a00000e2,2,2,7,322,276,668,531,1.00123,169,0.168793
025040107410003168d2a000a00000e2,2,2,8,322,276,668,531,1.00123,10441,10.4282
025040107410003168d2a000a00000e2,2,2,9,322,276,668,531,1.00123,10750,10.7368
025040107410003168d2a000a00000e2,2,2,10,322,276,668,531,1.00123,10746,10.7328
025040107410003168d2a000a00000e2,2,2,11,322,276,668,531,1.00123,10741,10.7278
025040107410003168d2a000a00000e2,2,2,12,322,276,668,531,1.00123,10696,10.6829
025040107410003168d2a000a00000e2,2,2,13,322,276,668,531,1.00123,10735,10.7219
025040107410003168d2a000a00000e2,2,2,14,322,276,668,531,1.00123,10743,10.7298
025040107410003168d2a000a00000e2,2,2,15,322,276,668,531,1.00123,10733,10.7199
025040107410003168d2a000a00000e2,2,2,16,322,276,668,531,1.00123,10746,10.7328
025040107410003168d2a000a00000e2,2,2,17,322,276,668,531,1.00123,10652,10.639
025040107410003168d2a000a00000e2,2,2,18,322,276,668,531,1.00123,10714,10.7009
025040107410003168d2a000a00000e2,2,2,19,322,276,668,531,1.00123,10675,10.6619
025040107410003168d2a000a00000e2,2,2,20,322,276,668,531,1.00123,10762,10.7488
025040107410003168d2a000a00000e2,2,2,21,322,276,668,531,1.00123,10780,10.7668
025040107410003168d2a000a00000e2,2,2,22,322,276,668,531,1.00123,10765,10.7518
025040107410003168d2a000a00000e2,2,2,23,322,276,668,531,1.00123,10769,10.7558
025040107410003168d2a000a00000e2,2,2,24,322,276,668,531,1.00123,10702,10.6889
025040107410003168d2a000a00000e2,2,2,25,322,276,668,531,1.00123,10705,10.6919
025040107410003168d2a000a00000e2,2,2,26,322,276,668,531,1.00123,10707,10.6939
025040107410003168d2a000a00000e2,2,2,27,322,276,668,531,1.00123,10742,10.7288
025040107410003168d2a000a00000e2,2,2,28,322,276,668,531,1.00123,10708,10.6949
025040107410003168d2a000a00000e2,2,2,29,322,276,668,531,1.00123,10769,10.7558
025040107410003168d2a000a00000e2,2,2,30,322,276,668,531,1.00123,10745,10.7318
025040107410003168d2a000a00000e2,2,2,31,322,276,668,531,1.00123,10805,10.7918
025040107410003168d2a000a00000e2,2,2,32,322,276,668,531,1.00123,10713,10.6999
025040107410003168d2a000a00000e2,2,2,33,322,276,668,531,1.00123,10772,10.7588
025040107410003168d2a000a00000e2,2,2,34,322,276,668,531,1.00123,10709,10.6959
025040107410003168d2a000a00000e2,2,2,35,322,276,668,531,1.00123,10757,10.7438
025040107410003168d2a000a00000e2,2,2,36,322,276,668,531,1.00123,10744,10.7308
025040107410003168d2a000a00000e2,2,2,37,322,276,668,531,1.00123,10770,10.7568
025040107410003168d2a000a00000e2,2,2,38,322,276,668,531,1.00123,10756,10.7428
025040107410003168d2a000a00000e2,2,2,39,322,276,668,531,1.00123,10754,10.7408
025040107410003168d2a000a00000e2,2,2,40,322,276,668,531,1.00123,10740,10.7268
025040107410003168d2a000a00000e2,2,2,41,322,276,668,531,1.00123,10731,10.7179
025040107410003168d2a000a00000e2,2,2,42,322,276,668,531,1.00123,10738,10.7248
025040107410003168d2a000a00000e2,2,2,43,322,276,668,531,1.00123,10765,10.7518
025040107410003168d2a000a00000e2,2,2,44,322,276,668,531,1.00123,2366,2.3631
025040107410003168d2a000a00000e2,2,2,45,322,276,668,531,1.00123,10589,10.576
025040107410003168d2a000a00000e2,2,2,46,322,276,668,531,1.00123,10633,10.62
025040107410003168d2a000a00000e2,2,2,47,322,276,668,531,1.00123,2228,2.22527
025040107410003168d2a000a00000e2,2,2,48,322,276,668,531,1.00123,10694,10.6809
025040107410003168d2a000a00000e2,2,2,49,322,276,668,531,1.00123,10691,10.6779
025040107410003168d2a000a00000e2,2,2,50,322,276,668,531,1.00123,10629,10.616
025040107410003168d2a000a00000e2,2,2,51,322,276,668,531,1.00123,10580,10.567
025040107410003168d2a000a00000e2,2,2,52,322,276,668,531,1.00123,7796,7.78645
025040107410003168d2a000a00000e2,2,2,53,322,276,668,531,1.00123,10701,10.6879
025040107410003168d2a000a00000e2,2,2,54,322,276,668,531,1.00123,7841,7.8314
025040107410003168d2a000a00000e2,2,2,55,322,276,668,531,1.00123,6170,6.16244
025040107410003168d2a000a00000e2,2,2,56,322,276,668,531,1.00123,10717,10.7039
025040107410003168d2a000a00000e2,2,2,57,322,276,668,531,1.00123,10339,10.3263
025040107410003168d2a000a00000e2,2,2,58,322,276,668,531,1.00123,10390,10.3773
025040107410003168d2a000a00000e2,2,2,59,322,276,668,531,1.00123,1030,1.02874
025040107410003168d2a000a00000e2,2,2,60,322,276,668,531,1.00123,248,0.247696
025040107410003168d2a000a00000e2,2,2,61,322,276,668,531,1.00123,540,0.539339
025040107410003168d2a000a00000e2,2,2,62,322,276,668,531,1.00123,79,0.0789032
025040107410003168d2a000a00000e2,2,2,63,322,276,668,531,1.00123,488,0.487402
025040107410003168d2a000a00000e2,2,2,0,322,276,669,532,1.0027,2,0.00199461
025040107410003168d2a000a00000e2,2,2,1,322,276,669,532,1.0027,95,0.0947441
025040107410003168d2a000a00000e2,2,2,2,322,276,669,532,1.0027,10691,10.6622
025040107410003168d2a000a00000e2,2,2,3,322,276,669,532,1.0027,10620,10.5914
025040107410003168d2a000a00000e2,2,2,4,322,276,669,532,1.0027,10295,10.2673
025040107410003168d2a000a00000e2,2,2,5,322,276,669,532,1.0027,95,0.0947441
025040107410003168d2a000a00000e2,2,2,6,322,276,669,532,1.0027,9832,9.80552
025040107410003168d2a000a00000e2,2,2,7,322,276,669,532,1.0027,133,0.132642
025040107410003168d2a000a00000e2,2,2,8,322,276,669,532,1.0027,9713,9.68684
025040107410003168d2a000a00000e2,2,2,9,322,276,669,532,1.0027,10621,10.5924
025040107410003168d2a000a00000e2,2,2,10,322,276,669,532,1.0027,10611,10.5824
025040107410003168d2a000a00000e2,2,2,11,322,276,669,532,1.0027,10610,10.5814
025040107410003168d2a000a00000e2,2,2,12,322,276,669,532,1.0027,10551,10.5226
025040107410003168d2a000a00000e2,2,2,13,322,276,669,532,1.0027,10598,10.5695
025040107410003168d2a000a00000e2,2,2,14,322,276,669,532,1.0027,10609,10.5804
025040107410003168d2a000a00000e2,2,2,15,322,276,669,532,1.0027,10595,10.5665
025040107410003168d2a000a00000e2,2,2,16,322,276,669,532,1.0027,10614,10.5854
025040107410003168d2a000a00000e2,2,2,17,322,276,669,532,1.0027,10496,10.4677
025040107410003168d2a000a00000e2,2,2,18,322,276,669,532,1.0027,10579,10.5505
025040107410003168d2a000a00000e2,2,2,19,322,276,669,532,1.0027,10525,10.4967
025040107410003168d2a000a00000e2,2,2,20,322,276,669,532,1.0027,10630,10.6014
025040107410003168d2a000a00000e2,2,2,21,322,276,669,532,1.0027,10645,10.6163
025040107410003168d2a000a00000e2,2,2,22,322,276,669,532,1.0027,10637,10.6083
025040107410003168d2a000a00000e2,2,2,23,322,276,669,532,1.0027,10640,10.6113
025040107410003168d2a000a00000e2,2,2,24,322,276,669,532,1.0027,10569,10.5405
025040107410003168d2a000a00000e2,2,2,25,322,276,669,532,1.0027,10571,10.5425
025040107410003168d2a000a00000e2,2,2,26,322,276,669,532,1.0027,10584,10.5555
025040107410003168d2a000a00000e2,2,2,27,322,276,669,532,1.0027,10612,10.5834
025040107410003168d2a000a00000e2,2,2,28,322,276,669,532,1.0027,10579,10.5505
025040107410003168d2a000a00000e2,2,2,29,322,276,669,532,1.0027,10637,10.6083
025040107410003168d2a000a00000e2,2,2,30,322,276,669,532,1.0027,10614,10.5854
025040107410003168d2a000a00000e2,2,2,31,322,276,669,532,1.0027,10667,10.6383
025040107410003168d2a000a00000e2,2,2,32,322,276,669,532,1.0027,10579,10.5505
025040107410003168d2a000a00000e2,2,2,33,322,276,669,532,1.0027,10641,10.6123
025040107410003168d2a000a00000e2,2,2,34,322,276,669,532,1.0027,10582,10.5535
025040107410003168d2a000a00000e2,2,2,35,322,276,669,532,1.0027,10628,10.5994
025040107410003168d2a000a00000e2,2,2,36,322,276,669,532,1.0027,10612,10.5834
025040107410003168d2a000a00000e2,2,2,37,322,276,669,532,1.0027,10639,10.6103
025040107410003168d2a000a00000e2,2,2,38,322,276,669,532,1.0027,10630,10.6014
025040107410003168d2a000a00000e2,2,2,39,322,276,669,532,1.0027,10626,10.5974
025040107410003168d2a000a00000e2,2,2,40,322,276,669,532,1.0027,10610,10.5814
025040107410003168d2a000a00000e2,2,2,41,322,276,669,532,1.0027,10601,10.5724
025040107410003168d2a000a00000e2,2,2,42,322,276,669,532,1.0027,10609,10.5804
025040107410003168d2a000a00000e2,2,2,43,322,276,669,532,1.0027,10634,10.6054
025040107410003168d2a000a00000e2,2,2,44,322,276,669,532,1.0027,753,0.750972
025040107410003168d2a000a00000e2,2,2,45,322,276,669,532,1.0027,10331,10.3032
025040107410003168d2a000a00000e2,2,2,46,322,276,669,532,1.0027,10487,10.4588
025040107410003168d2a000a00000e2,2,2,47,322,276,669,532,1.0027,705,0.703101
025040107410003168d2a000a00000e2,2,2,48,322,276,669,532,1.0027,10568,10.5395
025040107410003168d2a000a00000e2,2,2,49,322,276,669,532,1.0027,10548,10.5196
025040107410003168d2a000a00000e2,2,2,50,322,276,669,532,1.0027,10464,10.4358
025040107410003168d2a000a00000e2,2,2,51,322,276,669,532,1.0027,10306,10.2782
025040107410003168d2a000a00000e2,2,2,52,322,276,669,532,1.0027,4650,4.63748
025040107410003168d2a000a00000e2,2,2,53,322,276,669,532,1.0027,10575,10.5465
025040107410003168d2a000a00000e2,2,2,54,322,276,669,532,1.0027,4634,4.62152
025040107410003168d2a000a00000e2,2,2,55,322,276,669,532,1.0027,3069,3.06073
025040107410003168d2a000a00000e2,2,2,56,322,276,669,532,1.0027,10595,10.5665
025040107410003168d2a000a00000e2,2,2,57,322,276,669,532,1.0027,9340,9.31484
025040107410003168d2a000a00000e2,2,2,58,322,276,669,532,1.0027,9576,9.55021
025040107410003168d2a000a00000e2,2,2,59,322,276,669,532,1.0027,330,0.329111
025040107410003168d2a000a00000e2,2,2,60,322,276,669,532,1.0027,167,0.16655
025040107410003168d2a000a00000e2,2,2,61,322,276,669,532,1.0027,219,0.21841
025040107410003168d2a000a00000e2,2,2,62,322,276,669,532,1.0027,68,0.0678168
025040107410003168d2a000a00000e2,2,2,63,322,276,669,532,1.0027,222,0.221402
025040107410003168d2a000a00000e2,2,2,0,322,276,670,532,1.0027,1,0.000997306
025040107410003168d2a000a00000e2,2,2,1,322,276,670,532,1.0027,89,0.0887603
025040107410003168d2a000a00000e2,2,2,2,322,276,670,532,1.0027,10790,10.7609
025040107410003168d2a000a00000e2,2,2,3,322,276,670,532,1.0027,10721,10.6921
025040107410003168d2a000a00000e2,2,2,4,322,276,670,532,1.0027,9732,9.70579
025040107410003168d2a000a00000e2,2,2,5,322,276,670,532,1.0027,88,0.087763
025040107410003168d2a000a00000e2,2,2,6,322,276,670,532,1.0027,7996,7.97446
025040107410003168d2a000a00000e2,2,2,7,322,276,670,532,1.0027,118,0.117682
025040107410003168d2a000a00000e2,2,2,8,322,276,670,532,1.0027,7916,7.89468
025040107410003168d2a000a00000e2,2,2,9,322,276,670,532,1.0027,10722,10.6931
025040107410003168d2a000a00000e2,2,2,10,322,276,670,532,1.0027,10721,10.6921
025040107410003168d2a000a00000e2,2,2,11,322,276,670,532,1.0027,10712,10.6831
025040107410003168d2a000a00000e2,2,2,12,322,276,670,532,1.0027,10629,10.6004
025040107410003168d2a000a00000e2,2,2,13,322,276,670,532,1.0027,10702,10.6732
025040107410003168d2a000a00000e2,2,2,14,322,276,670,532,1.0027,10719,10.6901
025040107410003168d2a000a00000e2,2,2,15,322,276,670,532,1.0027,10700,10.6712
025040107410003168d2a000a00000e2,2,2,16,322,276,670,532,1.0027,10726,10.6971
025040107410003168d2a000a00000e2,2,2,17,322,276,670,532,1.0027,10492,10.4637
025040107410003168d2a000a00000e2,2,2,18,322,276,670,532,1.0027,10677,10.6482
025040107410003168d2a000a00000e2,2,2,19,322,276,670,532,1.0027,10586,10.5575
025040107410003168d2a000a00000e2,2,2,20,322,276,670,532,1.0027,10739,10.7101
025040107410003168d2a000a00000e2,2,2,21,322,276,670,532,1.0027,10750,10.721
025040107410003168d2a000a00000e2,2,2,22,322,276,670,532,1.0027,10741,10.7121
025040107410003168d2a000a00000e2,2,2,23,322,276,670,532,1.0027,10747,10.7181
025040107410003168d2a000a00000e2,2,2,24,322,276,670,532,1.0027,10664,10.6353
025040107410003168d2a000a00000e2,2,2,25,322,276,670,532,1.0027,10666,10.6373
025040107410003168d2a000a00000e2,2,2,26,322,276,670,532,1.0027,10682,10.6532
025040107410003168d2a000a00000e2,2,2,27,322,276,670,532,1.0027,10718,10.6891
025040107410003168d2a000a00000e2,2,2,28,322,276,670,532,1.0027,10673,10.6443
025040107410003168d2a000a00000e2,2,2,29,322,276,670,532,1.0027,10743,10.7141
025040107410003168d2a000a00000e2,2,2,30,322,276,670,532,1.0027,10719,10.6901
025040107410003168d2a000a00000e2,2,2,31,322,276,670,532,1.0027,10782,10.753
025040107410003168d2a000a00000e2,2,2,32,322,276,670,532,1.0027,10680,10.6512
025040107410003168d2a000a00000e2,2,2,33,322,276,670,532,1.0027,10747,10.7181
025040107410003168d2a000a00000e2,2,2,34,322,276,670,532,1.0027,10672,10.6433
025040107410003168d2a000a00000e2,2,2,35,322,276,670,532,1.0027,10730,10.7011
025040107410003168d2a000a00000e2,2,2,36,322,276,670,532,1.0027,10718,10.6891
025040107410003168d2a000a00000e2,2,2,37,322,276,670,532,1.0027,10744,10.7151
025040107410003168d2a000a00000e2,2,2,38,322,276,670,532,1.0027,10734,10.7051
025040107410003168d2a000a00000e2,2,2,39,322,276,670,532,1.0027,10732,10.7031
025040107410003168d2a000a00000e2,2,2,40,322,276,670,532,1.0027,10719,10.6901
025040107410003168d2a000a00000e2,2,2,41,322,276,670,532,1.0027,10698,10.6692
025040107410003168d2a000a00000e2,2,2,42,322,276,670,532,1.0027,10714,10.6851
025040107410003168d2a000a00000e2,2,2,43,322,276,670,532,1.0027,10742,10.7131
025040107410003168d2a000a00000e2,2,2,44,322,276,670,532,1.0027,353,0.352049
025040107410003168d2a000a00000e2,2,2,45,322,276,670,532,1.0027,9889,9.86236
025040107410003168d2a000a00000e2,2,2,46,322,276,670,532,1.0027,10501,10.4727
025040107410003168d2a000a00000e2,2,2,47,322,276,670,532,1.0027,275,0.274259
025040107410003168d2a000a00000e2,2,2,48,322,276,670,532,1.0027,10657,10.6283
025040107410003168d2a000a00000e2,2,2,49,322,276,670,532,1.0027,10623,10.5944
025040107410003168d2a000a00000e2,2,2,50,322,276,670,532,1.0027,10468,10.4398
025040107410003168d2a000a00000e2,2,2,51,322,276,670,532,1.0027,9866,9.83943
025040107410003168d2a000a00000e2,2,2,52,322,276,670,532,1.0027,2056,2.05046
025040107410003168d2a000a00000e2,2,2,53,322,276,670,532,1.0027,10642,10.6133
025040107410003168d2a000a00000e2,2,2,54,322,276,670,532,1.0027,2004,1.9986
025040107410003168d2a000a00000e2,2,2,55,322,276,670,532,1.0027,1075,1.0721
025040107410003168d2a000a00000e2,2,2,56,322,276,670,532,1.0027,10687,10.6582
025040107410003168d2a000a00000e2,2,2,57,322,276,670,532,1.0027,7290,7.27036
025040107410003168d2a000a00000e2,2,2,58,322,276,670,532,1.0027,7642,7.62142
025040107410003168d2a000a00000e2,2,2,59,322,276,670,532,1.0027,206,0.205445
025040107410003168d2a000a00000e2,2,2,60,322,276,670,532,1.0027,140,0.139623
025040107410003168d2a000a00000e2,2,2,61,322,276,670,532,1.0027,149,0.148599
025040107410003168d2a000a00000e2,2,2,62,322,276,670,532,1.0027,73,0.0728034
025040107410003168d2a000a00000e2,2,2,63,322,276,670,532,1.0027,153,0.152588
025040107410003168d2a000a00000e2,2,2,0,322,276,671,533,1.0027,2,0.00199461
025040107410003168d2a000a00000e2,2,2,1,322,276,671,533,1.0027,69,0.0688141
025040107410003168d2a000a00000e2,2,2,2,322,276,671,533,1.0027,10650,10.6213
025040107410003168d2a000a00000e2,2,2,3,322,276,671,533,1.0027,10645,10.6163
025040107410003168d2a000a00000e2,2,2,4,322,276,671,533,1.0027,7577,7.55659
025040107410003168d2a000a00000e2,2,2,5,322,276,671,533,1.0027,70,0.0698115
025040107410003168d2a000a00000e2,2,2,6,322,276,671,533,1.0027,4595,4.58262
025040107410003168d2a000a00000e2,2,2,7,322,276,671,533,1.0027,92,0.0917522
025040107410003168d2a000a00000e2,2,2,8,322,276,671,533,1.0027,4469,4.45696
025040107410003168d2a000a00000e2,2,2,9,322,276,671,533,1.0027,10644,10.6153
025040107410003168d2a000a00000e2,2,2,10,322,276,671,533,1.0027,10639,10.6103
025040107410003168d2a000a00000e2,2,2,11,322,276,671,533,1.0027,10631,10.6024
025040107410003168d2a000a00000e2,2,2,12,322,276,671,533,1.0027,10514,10.4857
025040107410003168d2a000a00000e2,2,2,13,322,276,671,533,1.0027,10617,10.5884
025040107410003168d2a000a00000e2,2,2,14,322,276,671,533,1.0027,10638,10.6093
025040107410003168d2a000a00000e2,2,2,15,322,276,671,533,1.0027,10613,10.5844
025040107410003168d2a000a00000e2,2,2,16,322,276,671,533,1.0027,10646,10.6173
025040107410003168d2a000a00000e2,2,2,17,322,276,671,533,1.0027,10016,9.98902
025040107410003168d2a000a00000e2,2,2,18,322,276,671,533,1.0027,10586,10.5575
025040107410003168d2a000a00000e2,2,2,19,322,276,671,533,1.0027,10354,10.3261
025040107410003168d2a000a00000e2,2,2,20,322,276,671,533,1.0027,10660,10.6313
025040107410003168d2a000a00000e2,2,2,21,322,276,671,533,1.0027,10675,10.6462
025040107410003168d2a000a00000e2,2,2,22,322,276,671,533,1.0027,10667,10.6383
025040107410003168d2a000a00000e2,2,2,23,322,276,671,533,1.0027,10669,10.6403
025040107410003168d2a000a00000e2,2,2,24,322,276,671,533,1.0027,10574,10.5455
025040107410003168d2a000a00000e2,2,2,25,322,276,671,533,1.0027,10561,10.5326
025040107410003168d2a000a00000e2,2,2,26,322,276,671,533,1.0027,10591,10.5625
025040107410003168d2a000a00000e2,2,2,27,322,276,671,533,1.0027,10630,10.6014
025040107410003168d2a000a00000e2,2,2,28,322,276,671,533,1.0027,10589,10.5605
025040107410003168d2a000a00000e2,2,2,29,322,276,671,533,1.0027,10665,10.6363
025040107410003168d2a000a00000e2,2,2,30,322,276,671,533,1.0027,10644,10.6153
025040107410003168d2a000a00000e2,2,2,31,322,276,671,533,1.0027,10700,10.6712
025040107410003168d2a000a00000e2,2,2,32,322,276,671,533,1.0027,10597,10.5685
025040107410003168d2a000a00000e2,2,2,33,322,276,671,533,1.0027,10672,10.6433
025040107410003168d2a000a00000e2,2,2,34,322,276,671,533,1.0027,10589,10.5605
025040107410003168d2a000a00000e2,2,2,35,322,276,671,533,1.0027,10659,10.6303
025040107410003168d2a000a00000e2,2,2,36,322,276,671,533,1.0027,10643,10.6143
025040107410003168d2a000a00000e2,2,2,37,322,276,671,533,1.0027,10670,10.6413
025040107410003168d2a000a00000e2,2,2,38,322,276,671,533,1.0027,10665,10.6363
025040107410003168d2a000a00000e2,2,2,39,322,276,671,533,1.0027,10658,10.6293
025040107410003168d2a000a00000e2,2,2,40,322,276,671,533,1.0027,10643,10.6143
025040107410003168d2a000a00000e2,2,2,41,322,276,671,533,1.0027,10618,10.5894
025040107410003168d2a000a00000e2,2,2,42,322,276,671,533,1.0027,10642,10.6133
025040107410003168d2a000a00000e2,2,2,43,322,276,671,533,1.0027,10663,10.6343
025040107410003168d2a000a00000e2,2,2,44,322,276,671,533,1.0027,197,0.196469
025040107410003168d2a000a00000e2,2,2,45,322,276,671,533,1.0027,8015,7.99341
025040107410003168d2a000a00000e2,2,2,46,322,276,671,533,1.0027,9905,9.87832
025040107410003168d2a000a00000e2,2,2,47,322,276,671,533,1.0027,151,0.150593
025040107410003168d2a000a00000e2,2,2,48,322,276,671,533,1.0027,10576,10.5475
025040107410003168d2a000a00000e2,2,2,49,322,276,671,533,1.0027,10439,10.4109
025040107410003168d2a000a00000e2,2,2,50,322,276,671,533,1.0027,9933,9.90625
025040107410003168d2a000a00000e2,2,2,51,322,276,671,533,1.0027,8104,8.08217
025040107410003168d2a000a00000e2,2,2,52,322,276,671,533,1.0027,675,0.673182
025040107410003168d2a000a00000e2,2,2,53,322,276,671,533,1.0027,10528,10.4996
025040107410003168d2a000a00000e2,2,2,54,322,276,671,533,1.0027,638,0.636282
025040107410003168d2a000a00000e2,2,2,55,322,276,671,533,1.0027,340,0.339084
025040107410003168d2a000a00000e2,2,2,56,322,276,671,533,1.0027,10608,10.5794
025040107410003168d2a000a00000e2,2,2,57,322,276,671,533,1.0027,3842,3.83165
025040107410003168d2a000a00000e2,2,2,58,322,276,671,533,1.0027,4134,4.12286
025040107410003168d2a000a00000e2,2,2,59,322,276,671,533,1.0027,129,0.128653
025040107410003168d2a000a00000e2,2,2,60,322,276,671,533,1.0027,109,0.108706
025040107410003168d2a000a00000e2,2,2,61,322,276,671,533,1.0027,110,0.109704
025040107410003168d2a000a00000e2,2,2,62,322,276,671,533,1.0027,65,0.0648249
025040107410003168d2a000a00000e2,2,2,63,322,276,671,533,1.0027,112,0.111698
025040107410003168d2a000a00000e2,2,2,0,322,276,672,534,1.00123,1,0.000998775
025040107410003168d2a000a00000e2,2,2,1,322,276,672,534,1.00123,79,0.0789032
025040107410003168d2a000a00000e2,2,2,2,322,276,672,534,1.00123,10571,10.5581
025040107410003168d2a000a00000e2,2,2,3,322,276,672,534,1.00123,10636,10.623
025040107410003168d2a000a00000e2,2,2,4,322,276,672,534,1.00123,4096,4.09098
025040107410003168d2a000a00000e2,2,2,5,322,276,672,534,1.00123,78,0.0779045
025040107410003168d2a000a00000e2,2,2,6,322,276,672,534,1.00123,1706,1.70391
025040107410003168d2a000a00000e2,2,2,7,322,276,672,534,1.00123,107,0.106869
025040107410003168d2a000a00000e2,2,2,8,322,276,672,534,1.00123,1829,1.82676
025040107410003168d2a000a00000e2,2,2,9,322,276,672,534,1.00123,10633,10.62
025040107410003168d2a000a00000e2,2,2,10,322,276,672,534,1.00123,10632,10.619
025040107410003168d2a000a00000e2,2,2,11,322,276,672,534,1.00123,10629,10.616
025040107410003168d2a000a00000e2,2,2,12,322,276,672,534,1.00123,10313,10.3004
025040107410003168d2a000a00000e2,2,2,13,322,276,672,534,1.00123,10609,10.596
025040107410003168d2a000a00000e2,2,2,14,322,276,672,534,1.00123,10635,10.622
025040107410003168d2a000a00000e2,2,2,15,322,276,672,534,1.00123,10609,10.596
025040107410003168d2a000a00000e2,2,2,16,322,276,672,534,1.00123,10634,10.621
025040107410003168d2a000a00000e2,2,2,17,322,276,672,534,1.00123,8609,8.59846
025040107410003168d2a000a00000e2,2,2,18,322,276,672,534,1.00123,10551,10.5381
025040107410003168d2a000a00000e2,2,2,19,322,276,672,534,1.00123,9638,9.6262
025040107410003168d2a000a00000e2,2,2,20,322,276,672,534,1.00123,10657,10.6439
025040107410003168d2a000a00000e2,2,2,21,322,276,672,534,1.00123,10679,10.6659
025040107410003168d2a000a00000e2,2,2,22,322,276,672,534,1.00123,10661,10.6479
025040107410003168d2a000a00000e2,2,2,23,322,276,672,534,1.00123,10668,10.6549
025040107410003168d2a000a00000e2,2,2,24,322,276,672,534,1.00123,10527,10.5141
025040107410003168d2a000a00000e2,2,2,25,322,276,672,534,1.00123,10474,10.4612
025040107410003168d2a000a00000e2,2,2,26,322,276,672,534,1.00123,10572,10.5591
025040107410003168d2a000a00000e2,2,2,27,322,276,672,534,1.00123,10631,10.618
025040107410003168d2a000a00000e2,2,2,28,322,276,672,534,1.00123,10571,10.5581
025040107410003168d2a000a00000e2,2,2,29,322,276,672,534,1.00123,10666,10.6529
025040107410003168d2a000a00000e2,2,2,30,322,276,672,534,1.00123,10643,10.63
025040107410003168d2a000a00000e2,2,2,31,322,276,672,534,1.00123,10707,10.6939
025040107410003168d2a000a00000e2,2,2,32,322,276,672,534,1.00123,10589,10.576
025040107410003168d2a000a00000e2,2,2,33,322,276,672,534,1.00123,10668,10.6549
025040107410003168d2a000a00000e2,2,2,34,322,276,672,534,1.00123,10558,10.5451
025040107410003168d2a000a00000e2,2,2,35,322,276,672,534,1.00123,10654,10.641
025040107410003168d2a000a00000e2,2,2,36,322,276,672,534,1.00123,10638,10.625
025040107410003168d2a000a00000e2,2,2,37,322,276,672,534,1.00123,10665,10.6519
025040107410003168d2a000a00000e2,2,2,38,322,276,672,534,1.00123,10656,10.6429
025040107410003168d2a000a00000e2,2,2,39,322,276,672,534,1.00123,10653,10.64
025040107410003168d2a000a00000e2,2,2,40,322,276,672,534,1.00123,10633,10.62
025040107410003168d2a000a00000e2,2,2,41,322,276,672,534,1.00123,10606,10.593
025040107410003168d2a000a00000e2,2,2,42,322,276,672,534,1.00123,10629,10.616
025040107410003168d2a000a00000e2,2,2,43,322,276,672,534,1.00123,10658,10.6449
025040107410003168d2a000a00000e2,2,2,44,322,276,672,534,1.00123,180,0.17978
025040107410003168d2a000a00000e2,2,2,45,322,276,672,534,1.00123,4900,4.894
025040107410003168d2a000a00000e2,2,2,46,322,276,672,534,1.00123,8348,8.33778
025040107410003168d2a000a00000e2,2,2,47,322,276,672,534,1.00123,137,0.136832
025040107410003168d2a000a00000e2,2,2,48,322,276,672,534,1.00123,10534,10.5211
025040107410003168d2a000a00000e2,2,2,49,322,276,672,534,1.00123,10047,10.0347
025040107410003168d2a000a00000e2,2,2,50,322,276,672,534,1.00123,8624,8.61344
025040107410003168d2a000a00000e2,2,2,51,322,276,672,534,1.00123,5092,5.08576
025040107410003168d2a000a00000e2,2,2,52,322,276,672,534,1.00123,330,0.329596
025040107410003168d2a000a00000e2,2,2,53,322,276,672,534,1.00123,10367,10.3543
025040107410003168d2a000a00000e2,2,2,54,322,276,672,534,1.00123,271,0.270668
025040107410003168d2a000a00000e2,2,2,55,322,276,672,534,1.00123,208,0.207745
025040107410003168d2a000a00000e2,2,2,56,322,276,672,534,1.00123,10588,10.575
025040107410003168d2a000a00000e2,2,2,57,322,276,672,534,1.00123,1650,1.64798
025040107410003168d2a000a00000e2,2,2,58,322,276,672,534,1.00123,1637,1.635
025040107410003168d2a000a00000e2,2,2,59,322,276,672,534,1.00123,133,0.132837
025040107410003168d2a000a00000e2,2,2,60,322,276,672,534,1.00123,116,0.115858
025040107410003168d2a000a00000e2,2,2,61,322,276,672,534,1.00123,115,0.114859
025040107410003168d2a000a00000e2,2,2,62,322,276,672,534,1.00123,74,0.0739094
025040107410003168d2a000a00000e2,2,2,63,322,276,672,534,1.00123,119,0.118854
025040107410003168d2a000a00000e2,2,2,0,322,276,673,535,1.00123,3,0.00299633
025040107410003168d2a000a00000e2,2,2,1,322,276,673,535,1.00123,78,0.0779045
025040107410003168d2a000a00000e2,2,2,2,322,276,673,535,1.00123,10476,10.4632
025040107410003168d2a000a00000e2,2,2,3,322,276,673,535,1.00123,10709,10.6959
025040107410003168d2a000a00000e2,2,2,4,322,276,673,535,1.00123,1635,1.633
025040107410003168d2a000a00000e2,2,2,5,322,276,673,535,1.00123,79,0.0789032
025040107410003168d2a000a00000e2,2,2,6,322,276,673,535,1.00123,610,0.609253
025040107410003168d2a000a00000e2,2,2,7,322,276,673,535,1.00123,95,0.0948836
025040107410003168d2a000a00000e2,2,2,8,322,276,673,535,1.00123,563,0.56231
025040107410003168d2a000a00000e2,2,2,9,322,276,673,535,1.00123,10704,10.6909
025040107410003168d2a000a00000e2,2,2,10,322,276,673,535,1.00123,10703,10.6899
025040107410003168d2a000a00000e2,2,2,11,322,276,673,535,1.00123,10690,10.6769
025040107410003168d2a000a00000e2,2,2,12,322,276,673,535,1.00123,9734,9.72208
025040107410003168d2a000a00000e2,2,2,13,322,276,673,535,1.00123,10667,10.6539
025040107410003168d2a000a00000e2,2,2,14,322,276,673,535,1.00123,10708,10.6949
025040107410003168d2a000a00000e2,2,2,15,322,276,673,535,1.00123,10652,10.639
025040107410003168d2a000a00000e2,2,2,16,322,276,673,535,1.00123,10722,10.7089
025040107410003168d2a000a00000e2,2,2,17,322,276,673,535,1.00123,5677,5.67005
025040107410003168d2a000a00000e2,2,2,18,322,276,673,535,1.00123,10559,10.5461
025040107410003168d2a000a00000e2,2,2,19,322,276,673,535,1.00123,7600,7.59069
025040107410003168d2a000a00000e2,2,2,20,322,276,673,535,1.00123,10737,10.7238
025040107410003168d2a000a00000e2,2,2,21,322,276,673,535,1.00123,10752,10.7388
025040107410003168d2a000a00000e2,2,2,22,322,276,673,535,1.00123,10743,10.7298
025040107410003168d2a000a00000e2,2,2,23,322,276,673,535,1.00123,10751,10.7378
025040107410003168d2a000a00000e2,2,2,24,322,276,673,535,1.00123,10495,10.4821
025040107410003168d2a000a00000e2,2,2,25,322,276,673,535,1.00123,10296,10.2834
025040107410003168d2a000a00000e2,2,2,26,322,276,673,535,1.00123,10615,10.602
025040107410003168d2a000a00000e2,2,2,27,322,276,673,535,1.00123,10703,10.6899
025040107410003168d2a000a00000e2,2,2,28,322,276,673,535,1.00123,10616,10.603
025040107410003168d2a000a00000e2,2,2,29,322,276,673,535,1.00123,10746,10.7328
025040107410003168d2a000a00000e2,2,2,30,322,276,673,535,1.00123,10717,10.7039
025040107410003168d2a000a00000e2,2,2,31,322,276,673,535,1.00123,10786,10.7728
025040107410003168d2a000a00000e2,2,2,32,322,276,673,535,1.00123,10640,10.627
025040107410003168d2a000a00000e2,2,2,33,322,276,673,535,1.00123,10747,10.7338
025040107410003168d2a000a00000e2,2,2,34,322,276,673,535,1.00123,10565,10.5521
025040107410003168d2a000a00000e2,2,2,35,322,276,673,535,1.00123,10731,10.7179
025040107410003168d2a000a00000e2,2,2,36,322,276,673,535,1.00123,10717,10.7039
025040107410003168d2a000a00000e2,2,2,37,322,276,673,535,1.00123,10748,10.7348
025040107410003168d2a000a00000e2,2,2,38,322,276,673,535,1.00123,10738,10.7248
025040107410003168d2a000a00000e2,2,2,39,322,276,673,535,1.00123,10732,10.7189
025040107410003168d2a000a00000e2,2,2,40,322,276,673,535,1.00123,10715,10.7019
025040107410003168d2a000a00000e2,2,2,41,322,276,673,535,1.00123,10669,10.6559
025040107410003168d2a000a00000e2,2,2,42,322,276,673,535,1.00123,10711,10.6979
025040107410003168d2a000a00000e2,2,2,43,322,276,673,535,1.00123,10736,10.7229
025040107410003168d2a000a00000e2,2,2,44,322,276,673,535,1.00123,159,0.158805
025040107410003168d2a000a00000e2,2,2,45,322,276,673,535,1.00123,2084,2.08145
025040107410003168d2a000a00000e2,2,2,46,322,276,673,535,1.00123,5497,5.49027
025040107410003168d2a000a00000e2,2,2,47,322,276,673,535,1.00123,124,0.123848
025040107410003168d2a000a00000e2,2,2,48,322,276,673,535,1.00123,10550,10.5371
025040107410003168d2a000a00000e2,2,2,49,322,276,673,535,1.00123,8887,8.87612
025040107410003168d2a000a00000e2,2,2,50,322,276,673,535,1.00123,6103,6.09553
025040107410003168d2a000a00000e2,2,2,51,322,276,673,535,1.00123,2211,2.20829
025040107410003168d2a000a00000e2,2,2,52,322,276,673,535,1.00123,232,0.231716
025040107410003168d2a000a00000e2,2,2,53,322,276,673,535,1.00123,9839,9.82695
025040107410003168d2a000a00000e2,2,2,54,322,276,673,535,1.00123,211,0.210742
025040107410003168d2a000a00000e2,2,2,55,322,276,673,535,1.00123,183,0.182776
025040107410003168d2a000a00000e2,2,2,56,322,276,673,535,1.00123,10641,10.628
025040107410003168d2a000a00000e2,2,2,57,322,276,673,535,1.00123,535,0.534345
025040107410003168d2a000a00000e2,2,2,58,322,276,673,535,1.00123,562,0.561312
025040107410003168d2a000a00000e2,2,2,59,322,276,673,535,1.00123,122,0.121851
025040107410003168d2a000a00000e2,2,2,60,322,276,673,535,1.00123,110,0.109865
025040107410003168d2a000a00000e2,2,2,61,322,276,673,535,1.00123,105,0.104871
025040107410003168d2a000a00000e2,2,2,62,322,276,673,535,1.00123,77,0.0769057
025040107410003168d2a000a00000e2,2,2,63,322,276,673,535,1.00123,106,0.10587
025040107410003168d2a000a00000e2,2,2,0,322,276,674,536,1.0027,3,0.00299192
025040107410003168d2a000a00000e2,2,2,1,322,276,674,536,1.0027,67,0.0668195
025040107410003168d2a000a00000e2,2,2,2,322,276,674,536,1.0027,10071,10.0439
025040107410003168d2a000a00000e2,2,2,3,322,276,674,536,1.0027,10541,10.5126
025040107410003168d2a000a00000e2,2,2,4,322,276,674,536,1.0027,454,0.452777
025040107410003168d2a000a00000e2,2,2,5,322,276,674,536,1.0027,68,0.0678168
025040107410003168d2a000a00000e2,2,2,6,322,276,674,536,1.0027,238,0.237359
025040107410003168d2a000a00000e2,2,2,7,322,276,674,536,1.0027,85,0.0847711
025040107410003168d2a000a00000e2,2,2,8,322,276,674,536,1.0027,231,0.230378
025040107410003168d2a000a00000e2,2,2,9,322,276,674,536,1.0027,10535,10.5066
025040107410003168d2a000a00000e2,2,2,10,322,276,674,536,1.0027,10540,10.5116
025040107410003168d2a000a00000e2,2,2,11,322,276,674,536,1.0027,10531,10.5026
025040107410003168d2a000a00000e2,2,2,12,322,276,674,536,1.0027,7521,7.50074
025040107410003168d2a000a00000e2,2,2,13,322,276,674,536,1.0027,10482,10.4538
025040107410003168d2a000a00000e2,2,2,14,322,276,674,536,1.0027,10541,10.5126
025040107410003168d2a000a00000e2,2,2,15,322,276,674,536,1.0027,10415,10.3869
025040107410003168d2a000a00000e2,2,2,16,322,276,674,536,1.0027,10552,10.5236
025040107410003168d2a000a00000e2,2,2,17,322,276,674,536,1.0027,2495,2.48828
025040107410003168d2a000a00000e2,2,2,18,322,276,674,536,1.0027,10172,10.1446
025040107410003168d2a000a00000e2,2,2,19,322,276,674,536,1.0027,4220,4.20863
025040107410003168d2a000a00000e2,2,2,20,322,276,674,536,1.0027,10578,10.5495
025040107410003168d2a000a00000e2,2,2,21,322,276,674,536,1.0027,10600,10.5714
025040107410003168d2a000a00000e2,2,2,22,322,276,674,536,1.0027,10590,10.5615
025040107410003168d2a000a00000e2,2,2,23,322,276,674,536,1.0027,10596,10.5675
025040107410003168d2a000a00000e2,2,2,24,322,276,674,536,1.0027,9996,9.96908
025040107410003168d2a000a00000e2,2,2,25,322,276,674,536,1.0027,9179,9.15428
025040107410003168d2a000a00000e2,2,2,26,322,276,674,536,1.0027,10384,10.356
025040107410003168d2a000a00000e2,2,2,27,322,276,674,536,1.0027,10540,10.5116
025040107410003168d2a000a00000e2,2,2,28,322,276,674,536,1.0027,10407,10.379
025040107410003168d2a000a00000e2,2,2,29,322,276,674,536,1.0027,10592,10.5635
025040107410003168d2a000a00000e2,2,2,30,322,276,674,536,1.0027,10556,10.5276
025040107410003168d2a000a00000e2,2,2,31,322,276,674,536,1.0027,10645,10.6163
025040107410003168d2a000a00000e2,2,2,32,322,276,674,536,1.0027,10445,10.4169
025040107410003168d2a000a00000e2,2,2,33,322,276,674,536,1.0027,10592,10.5635
025040107410003168d2a000a00000e2,2,2,34,322,276,674,536,1.0027,10264,10.2364
025040107410003168d2a000a00000e2,2,2,35,322,276,674,536,1.0027,10573,10.5445
025040107410003168d2a000a00000e2,2,2,36,322,276,674,536,1.0027,10553,10.5246
025040107410003168d2a000a00000e2,2,2,37,322,276,674,536,1.0027,10591,10.5625
025040107410003168d2a000a00000e2,2,2,38,322,276,674,536,1.0027,10582,10.5535
025040107410003168d2a000a00000e2,2,2,39,322,276,674,536,1.0027,10573,10.5445
025040107410003168d2a000a00000e2,2,2,40,322,276,674,536,1.0027,10551,10.5226
025040107410003168d2a000a00000e2,2,2,41,322,276,674,536,1.0027,10492,10.4637
025040107410003168d2a000a00000e2,2,2,42,322,276,674,536,1.0027,10545,10.5166
025040107410003168d2a000a00000e2,2,2,43,322,276,674,536,1.0027,10577,10.5485
025040107410003168d2a000a00000e2,2,2,44,322,276,674,536,1.0027,130,0.12965
025040107410003168d2a000a00000e2,2,2,45,322,276,674,536,1.0027,675,0.673182
025040107410003168d2a000a00000e2,2,2,46,322,276,674,536,1.0027,2229,2.223
025040107410003168d2a000a00000e2,2,2,47,322,276,674,536,1.0027,99,0.0987333
025040107410003168d2a000a00000e2,2,2,48,322,276,674,536,1.0027,10223,10.1955
025040107410003168d2a000a00000e2,2,2,49,322,276,674,536,1.0027,5978,5.9619
025040107410003168d2a000a00000e2,2,2,50,322,276,674,536,1.0027,2793,2.78548
025040107410003168d2a000a00000e2,2,2,51,322,276,674,536,1.0027,660,0.658222
025040107410003168d2a000a00000e2,2,2,52,322,276,674,536,1.0027,161,0.160566
025040107410003168d2a000a00000e2,2,2,53,322,276,674,536,1.0027,7939,7.91762
025040107410003168d2a000a00000e2,2,2,54,322,276,674,536,1.0027,147,0.146604
025040107410003168d2a000a00000e2,2,2,55,322,276,674,536,1.0027,129,0.128653
025040107410003168d2a000a00000e2,2,2,56,322,276,674,536,1.0027,10466,10.4378
025040107410003168d2a000a00000e2,2,2,57,322,276,674,536,1.0027,209,0.208437
025040107410003168d2a000a00000e2,2,2,58,322,276,674,536,1.0027,221,0.220405
025040107410003168d2a000a00000e2,2,2,59,322,276,674,536,1.0027,100,0.0997306
025040107410003168d2a000a00000e2,2,2,60,322,276,674,536,1.0027,95,0.0947441
025040107410003168d2a000a00000e2,2,2,61,322,276,674,536,1.0027,88,0.087763
025040107410003168d2a000a00000e2,2,2,62,322,276,674,536,1.0027,67,0.0668195
025040107410003168d2a000a00000e2,2,2,63,322,276,674,536,1.0027,88,0.087763
025040107410003168d2a000a00000e2,2,2,0,322,276,675,537,1.00123,0,0
025040107410003168d2a000a00000e2,2,2,1,322,276,675,537,1.00123,82,0.0818996
025040107410003168d2a000a00000e2,2,2,2,322,276,675,537,1.00123,9772,9.76003
025040107410003168d2a000a00000e2,2,2,3,322,276,675,537,1.00123,10639,10.626
025040107410003168d2a000a00000e2,2,2,4,322,276,675,537,1.00123,264,0.263677
025040107410003168d2a000a00000e2,2,2,5,322,276,675,537,1.00123,82,0.0818996
025040107410003168d2a000a00000e2,2,2,6,322,276,675,537,1.00123,202,0.201753
025040107410003168d2a000a00000e2,2,2,7,322,276,675,537,1.00123,101,0.100876
025040107410003168d2a000a00000e2,2,2,8,322,276,675,537,1.00123,183,0.182776
025040107410003168d2a000a00000e2,2,2,9,322,276,675,537,1.00123,10635,10.622
025040107410003168d2a000a00000e2,2,2,10,322,276,675,537,1.00123,10651,10.638
025040107410003168d2a000a00000e2,2,2,11,322,276,675,537,1.00123,10625,10.612
025040107410003168d2a000a00000e2,2,2,12,322,276,675,537,1.00123,4544,4.53843
025040107410003168d2a000a00000e2,2,2,13,322,276,675,537,1.00123,10566,10.5531
025040107410003168d2a000a00000e2,2,2,14,322,276,675,537,1.00123,10653,10.64
025040107410003168d2a000a00000e2,2,2,15,322,276,675,537,1.00123,10414,10.4012
025040107410003168d2a000a00000e2,2,2,16,322,276,675,537,1.00123,10667,10.6539
025040107410003168d2a000a00000e2,2,2,17,322,276,675,537,1.00123,857,0.85595
025040107410003168d2a000a00000e2,2,2,18,322,276,675,537,1.00123,9557,9.5453
025040107410003168d2a000a00000e2,2,2,19,322,276,675,537,1.00123,1764,1.76184
025040107410003168d2a000a00000e2,2,2,20,322,276,675,537,1.00123,10689,10.6759
025040107410003168d2a000a00000e2,2,2,21,322,276,675,537,1.00123,10715,10.7019
025040107410003168d2a000a00000e2,2,2,22,322,276,675,537,1.00123,10698,10.6849
025040107410003168d2a000a00000e2,2,2,23,322,276,675,537,1.00123,10702,10.6889
025040107410003168d2a000a00000e2,2,2,24,322,276,675,537,1.00123,9075,9.06389
025040107410003168d2a000a00000e2,2,2,25,322,276,675,537,1.00123,6971,6.96246
025040107410003168d2a000a00000e2,2,2,26,322,276,675,537,1.00123,10271,10.2584
025040107410003168d2a000a00000e2,2,2,27,322,276,675,537,1.00123,10652,10.639
025040107410003168d2a000a00000e2,2,2,28,322,276,675,537,1.00123,10387,10.3743
025040107410003168d2a000a00000e2,2,2,29,322,276,675,537,1.00123,10695,10.6819
025040107410003168d2a000a00000e2,2,2,30,322,276,675,537,1.00123,10665,10.6519
025040107410003168d2a000a00000e2,2,2,31,322,276,675,537,1.00123,10753,10.7398
025040107410003168d2a000a00000e2,2,2,32,322,276,675,537,1.00123,10473,10.4602
025040107410003168d2a000a00000e2,2,2,33,322,276,675,537,1.00123,10695,10.6819
025040107410003168d2a000a00000e2,2,2,34,322,276,675,537,1.00123,9707,9.69511
025040107410003168d2a000a00000e2,2,2,35,322,276,675,537,1.00123,10685,10.6719
025040107410003168d2a000a00000e2,2,2,36,322,276,675,537,1.00123,10672,10.6589
025040107410003168d2a000a00000e2,2,2,37,322,276,675,537,1.00123,10698,10.6849
025040107410003168d2a000a00000e2,2,2,38,322,276,675,537,1.00123,10693,10.6799
025040107410003168d2a000a00000e2,2,2,39,322,276,675,537,1.00123,10683,10.6699
025040107410003168d2a000a00000e2,2,2,40,322,276,675,537,1.00123,10664,10.6509
025040107410003168d2a000a00000e2,2,2,41,322,276,675,537,1.00123,10557,10.5441
025040107410003168d2a000a00000e2,2,2,42,322,276,675,537,1.00123,10656,10.6429
025040107410003168d2a000a00000e2,2,2,43,322,276,675,537,1.00123,10684,10.6709
025040107410003168d2a000a00000e2,2,2,44,322,276,675,537,1.00123,151,0.150815
025040107410003168d2a000a00000e2,2,2,45,322,276,675,537,1.00123,308,0.307623
025040107410003168d2a000a00000e2,2,2,46,322,276,675,537,1.00123,855,0.853953
025040107410003168d2a000a00000e2,2,2,47,322,276,675,537,1.00123,117,0.116857
025040107410003168d2a000a00000e2,2,2,48,322,276,675,537,1.00123,9788,9.77601
025040107410003168d2a000a00000e2,2,2,49,322,276,675,537,1.00123,3002,2.99832
025040107410003168d2a000a00000e2,2,2,50,322,276,675,537,1.00123,1165,1.16357
025040107410003168d2a000a00000e2,2,2,51,322,276,675,537,1.00123,331,0.330595
025040107410003168d2a000a00000e2,2,2,52,322,276,675,537,1.00123,173,0.172788
025040107410003168d2a000a00000e2,2,2,53,322,276,675,537,1.00123,4922,4.91597
025040107410003168d2a000a00000e2,2,2,54,322,276,675,537,1.00123,160,0.159804
025040107410003168d2a000a00000e2,2,2,55,322,276,675,537,1.00123,148,0.147819
025040107410003168d2a000a00000e2,2,2,56,322,276,675,537,1.00123,10497,10.4841
025040107410003168d2a000a00000e2,2,2,57,322,276,675,537,1.00123,189,0.188769
025040107410003168d2a000a00000e2,2,2,58,322,276,675,537,1.00123,192,0.191765
025040107410003168d2a000a00000e2,2,2,59,322,276,675,537,1.00123,121,0.120852
025040107410003168d2a000a00000e2,2,2,60,322,276,675,537,1.00123,115,0.114859
025040107410003168d2a000a00000e2,2,2,61,322,276,675,537,1.00123,99,0.0988788
025040107410003168d2a000a00000e2,2,2,62,322,276,675,537,1.00123,87,0.0868934
025040107410003168d2a000a00000e2,2,2,63,322,276,675,537,1.00123,105,0.104871
025040107410003168d2a000a00000e2,2,2,0,322,276,676,538,1.00418,1,0.000995842
025040107410003168d2a000a00000e2,2,2,1,322,276,676,538,1.00418,62,0.0617422
025040107410003168d2a000a00000e2,2,2,2,322,276,676,538,1.00418,8951,8.91378
025040107410003168d2a000a00000e2,2,2,3,322,276,676,538,1.00418,10537,10.4932
025040107410003168d2a000a00000e2,2,2,4,322,276,676,538,1.00418,165,0.164314
025040107410003168d2a000a00000e2,2,2,5,322,276,676,538,1.00418,58,0.0577588
025040107410003168d2a000a00000e2,2,2,6,322,276,676,538,1.00418,143,0.142405
025040107410003168d2a000a00000e2,2,2,7,322,276,676,538,1.00418,73,0.0726965
025040107410003168d2a000a00000e2,2,2,8,322,276,676,538,1.00418,126,0.125476
025040107410003168d2a000a00000e2,2,2,9,322,276,676,538,1.00418,10502,10.4583
025040107410003168d2a000a00000e2,2,2,10,322,276,676,538,1.00418,10555,10.5111
025040107410003168d2a000a00000e2,2,2,11,322,276,676,538,1.00418,10485,10.4414
025040107410003168d2a000a00000e2,2,2,12,322,276,676,538,1.00418,1521,1.51468
025040107410003168d2a000a00000e2,2,2,13,322,276,676,538,1.00418,10266,10.2233
025040107410003168d2a000a00000e2,2,2,14,322,276,676,538,1.00418,10552,10.5081
025040107410003168d2a000a00000e2,2,2,15,322,276,676,538,1.00418,9475,9.4356
025040107410003168d2a000a00000e2,2,2,16,322,276,676,538,1.00418,10574,10.53
025040107410003168d2a000a00000e2,2,2,17,322,276,676,538,1.00418,319,0.317674
025040107410003168d2a000a00000e2,2,2,18,322,276,676,538,1.00418,6982,6.95297
025040107410003168d2a000a00000e2,2,2,19,322,276,676,538,1.00418,525,0.522817
025040107410003168d2a000a00000e2,2,2,20,322,276,676,538,1.00418,10601,10.5569
025040107410003168d2a000a00000e2,2,2,21,322,276,676,538,1.00418,10631,10.5868
025040107410003168d2a000a00000e2,2,2,22,322,276,676,538,1.00418,10613,10.5689
025040107410003168d2a000a00000e2,2,2,23,322,276,676,538,1.00418,10623,10.5788
025040107410003168d2a000a00000e2,2,2,24,322,276,676,538,1.00418,6198,6.17223
025040107410003168d2a000a00000e2,2,2,25,322,276,676,538,1.00418,3352,3.33806
025040107410003168d2a000a00000e2,2,2,26,322,276,676,538,1.00418,9115,9.0771
025040107410003168d2a000a00000e2,2,2,27,322,276,676,538,1.00418,10548,10.5041
025040107410003168d2a000a00000e2,2,2,28,322,276,676,538,1.00418,9675,9.63477
025040107410003168d2a000a00000e2,2,2,29,322,276,676,538,1.00418,10608,10.5639
025040107410003168d2a000a00000e2,2,2,30,322,276,676,538,1.00418,10575,10.531
025040107410003168d2a000a00000e2,2,2,31,322,276,676,538,1.00418,10657,10.6127
025040107410003168d2a000a00000e2,2,2,32,322,276,676,538,1.00418,9813,9.7722
025040107410003168d2a000a00000e2,2,2,33,322,276,676,538,1.00418,10609,10.5649
025040107410003168d2a000a00000e2,2,2,34,322,276,676,538,1.00418,7628,7.59628
025040107410003168d2a000a00000e2,2,2,35,322,276,676,538,1.00418,10595,10.5509
025040107410003168d2a000a00000e2,2,2,36,322,276,676,538,1.00418,10573,10.529
025040107410003168d2a000a00000e2,2,2,37,322,276,676,538,1.00418,10610,10.5659
025040107410003168d2a000a00000e2,2,2,38,322,276,676,538,1.00418,10606,10.5619
025040107410003168d2a000a00000e2,2,2,39,322,276,676,538,1.00418,10598,10.5539
025040107410003168d2a000a00000e2,2,2,40,322,276,676,538,1.00418,10577,10.533
025040107410003168d2a000a00000e2,2,2,41,322,276,676,538,1.00418,10246,10.2034
025040107410003168d2a000a00000e2,2,2,42,322,276,676,538,1.00418,10569,10.5251
025040107410003168d2a000a00000e2,2,2,43,322,276,676,538,1.00418,10602,10.5579
025040107410003168d2a000a00000e2,2,2,44,322,276,676,538,1.00418,117,0.116514
025040107410003168d2a000a00000e2,2,2,45,322,276,676,538,1.00418,170,0.169293
025040107410003168d2a000a00000e2,2,2,46,322,276,676,538,1.00418,312,0.310703
025040107410003168d2a000a00000e2,2,2,47,322,276,676,538,1.00418,87,0.0866383
025040107410003168d2a000a00000e2,2,2,48,322,276,676,538,1.00418,7776,7.74367
025040107410003168d2a000a00000e2,2,2,49,322,276,676,538,1.00418,977,0.972938
025040107410003168d2a000a00000e2,2,2,50,322,276,676,538,1.00418,388,0.386387
025040107410003168d2a000a00000e2,2,2,51,322,276,676,538,1.00418,178,0.17726
025040107410003168d2a000a00000e2,2,2,52,322,276,676,538,1.00418,140,0.139418
025040107410003168d2a000a00000e2,2,2,53,322,276,676,538,1.00418,2091,2.08231
025040107410003168d2a000a00000e2,2,2,54,322,276,676,538,1.00418,119,0.118505
025040107410003168d2a000a00000e2,2,2,55,322,276,676,538,1.00418,111,0.110538
025040107410003168d2a000a00000e2,2,2,56,322,276,676,538,1.00418,9995,9.95344
025040107410003168d2a000a00000e2,2,2,57,322,276,676,538,1.00418,122,0.121493
025040107410003168d2a000a00000e2,2,2,58,322,276,676,538,1.00418,132,0.131451
025040107410003168d2a000a00000e2,2,2,59,322,276,676,538,1.00418,90,0.0896258
025040107410003168d2a000a00000e2,2,2,60,322,276,676,538,1.00418,86,0.0856424
025040107410003168d2a000a00000e2,2,2,61,322,276,676,538,1.00418,72,0.0717006
025040107410003168d2a000a00000e2,2,2,62,322,276,676,538,1.00418,67,0.0667214
025040107410003168d2a000a00000e2,2,2,63,322,276,676,538,1.00418,80,0.0796674
025040107410003168d2a000a00000e2,2,2,0,322,276,677,538,1.00418,1,0.000995842
025040107410003168d2a000a00000e2,2,2,1,322,276,677,538,1.00418,54,0.0537755
025040107410003168d2a000a00000e2,2,2,2,322,276,677,538,1.00418,7980,7.94682
025040107410003168d2a000a00000e2,2,2,3,322,276,677,538,1.00418,10457,10.4135
025040107410003168d2a000a00000e2,2,2,4,322,276,677,538,1.00418,131,0.130455
025040107410003168d2a000a00000e2,2,2,5,322,276,677,538,1.00418,55,0.0547713
025040107410003168d2a000a00000e2,2,2,6,322,276,677,538,1.00418,121,0.120497
025040107410003168d2a000a00000e2,2,2,7,322,276,677,538,1.00418,68,0.0677173
025040107410003168d2a000a00000e2,2,2,8,322,276,677,538,1.00418,104,0.103568
025040107410003168d2a000a00000e2,2,2,9,322,276,677,538,1.00418,10423,10.3797
025040107410003168d2a000a00000e2,2,2,10,322,276,677,538,1.00418,10524,10.4802
025040107410003168d2a000a00000e2,2,2,11,322,276,677,538,1.00418,10345,10.302
025040107410003168d2a000a00000e2,2,2,12,322,276,677,538,1.00418,498,0.495929
025040107410003168d2a000a00000e2,2,2,13,322,276,677,538,1.00418,9463,9.42365
025040107410003168d2a000a00000e2,2,2,14,322,276,677,538,1.00418,10545,10.5012
025040107410003168d2a000a00000e2,2,2,15,322,276,677,538,1.00418,7244,7.21388
025040107410003168d2a000a00000e2,2,2,16,322,276,677,538,1.00418,10564,10.5201
025040107410003168d2a000a00000e2,2,2,17,322,276,677,538,1.00418,191,0.190206
025040107410003168d2a000a00000e2,2,2,18,322,276,677,538,1.00418,3758,3.74237
025040107410003168d2a000a00000e2,2,2,19,322,276,677,538,1.00418,259,0.257923
025040107410003168d2a000a00000e2,2,2,20,322,276,677,538,1.00418,10604,10.5599
025040107410003168d2a000a00000e2,2,2,21,322,276,677,538,1.00418,10628,10.5838
025040107410003168d2a000a00000e2,2,2,22,322,276,677,538,1.00418,10613,10.5689
025040107410003168d2a000a00000e2,2,2,23,322,276,677,538,1.00418,10622,10.5778
025040107410003168d2a000a00000e2,2,2,24,322,276,677,538,1.00418,2948,2.93574
025040107410003168d2a000a00000e2,2,2,25,322,276,677,538,1.00418,1192,1.18704
025040107410003168d2a000a00000e2,2,2,26,322,276,677,538,1.00418,6540,6.51281
025040107410003168d2a000a00000e2,2,2,27,322,276,677,538,1.00418,10526,10.4822
025040107410003168d2a000a00000e2,2,2,28,322,276,677,538,1.00418,7787,7.75462
025040107410003168d2a000a00000e2,2,2,29,322,276,677,538,1.00418,10613,10.5689
025040107410003168d2a000a00000e2,2,2,30,322,276,677,538,1.00418,10569,10.5251
025040107410003168d2a000a00000e2,2,2,31,322,276,677,538,1.00418,10669,10.6246
025040107410003168d2a000a00000e2,2,2,32,322,276,677,538,1.00418,8221,8.18682
025040107410003168d2a000a00000e2,2,2,33,322,276,677,538,1.00418,10610,10.5659
025040107410003168d2a000a00000e2,2,2,34,322,276,677,538,1.00418,4440,4.42154
025040107410003168d2a000a00000e2,2,2,35,322,276,677,538,1.00418,10595,10.5509
025040107410003168d2a000a00000e2,2,2,36,322,276,677,538,1.00418,10579,10.535
025040107410003168d2a000a00000e2,2,2,37,322,276,677,538,1.00418,10607,10.5629
025040107410003168d2a000a00000e2,2,2,38,322,276,677,538,1.00418,10609,10.5649
025040107410003168d2a000a00000e2,2,2,39,322,276,677,538,1.00418,10599,10.5549
025040107410003168d2a000a00000e2,2,2,40,322,276,677,538,1.00418,10580,10.536
025040107410003168d2a000a00000e2,2,2,41,322,276,677,538,1.00418,9402,9.36291
025040107410003168d2a000a00000e2,2,2,42,322,276,677,538,1.00418,10563,10.5191
025040107410003168d2a000a00000e2,2,2,43,322,276,677,538,1.00418,10595,10.5509
025040107410003168d2a000a00000e2,2,2,44,322,276,677,538,1.00418,102,0.101576
025040107410003168d2a000a00000e2,2,2,45,322,276,677,538,1.00418,140,0.139418
025040107410003168d2a000a00000e2,2,2,46,322,276,677,538,1.00418,201,0.200164
025040107410003168d2a000a00000e2,2,2,47,322,276,677,538,1.00418,77,0.0766798
025040107410003168d2a000a00000e2,2,2,48,322,276,677,538,1.00418,4539,4.52013
025040107410003168d2a000a00000e2,2,2,49,322,276,677,538,1.00418,352,0.350536
025040107410003168d2a000a00000e2,2,2,50,322,276,677,538,1.00418,218,0.217094
025040107410003168d2a000a00000e2,2,2,51,322,276,677,538,1.00418,147,0.146389
025040107410003168d2a000a00000e2,2,2,52,322,276,677,538,1.00418,120,0.119501
025040107410003168d2a000a00000e2,2,2,53,322,276,677,538,1.00418,691,0.688127
025040107410003168d2a000a00000e2,2,2,54,322,276,677,538,1.00418,107,0.106555
025040107410003168d2a000a00000e2,2,2,55,322,276,677,538,1.00418,98,0.0975925
025040107410003168d2a000a00000e2,2,2,56,322,276,677,538,1.00418,8721,8.68474
025040107410003168d2a000a00000e2,2,2,57,322,276,677,538,1.00418,110,0.109543
025040107410003168d2a000a00000e2,2,2,58,322,276,677,538,1.00418,115,0.114522
025040107410003168d2a000a00000e2,2,2,59,322,276,677,538,1.00418,80,0.0796674
025040107410003168d2a000a00000e2,2,2,60,322,276,677,538,1.00418,78,0.0776757
025040107410003168d2a000a00000e2,2,2,61,322,276,677,538,1.00418,67,0.0667214
025040107410003168d2a000a00000e2,2,2,62,322,276,677,538,1.00418,63,0.062738
025040107410003168d2a000a00000e2,2,2,63,322,276,677,538,1.00418,69,0.0687131
025040107410003168d2a000a00000e2,2,2,0,322,276,678,539,1.00418,0,0
025040107410003168d2a000a00000e2,2,2,1,322,276,678,539,1.00418,42,0.0418254
025040107410003168d2a000a00000e2,2,2,2,322,276,678,539,1.00418,6739,6.71098
025040107410003168d2a000a00000e2,2,2,3,322,276,678,539,1.00418,10008,9.96639
025040107410003168d2a000a00000e2,2,2,4,322,276,678,539,1.00418,101,0.10058
025040107410003168d2a000a00000e2,2,2,5,322,276,678,539,1.00418,41,0.0408295
025040107410003168d2a000a00000e2,2,2,6,322,276,678,539,1.00418,92,0.0916175
025040107410003168d2a000a00000e2,2,2,7,322,276,678,539,1.00418,53,0.0527796
025040107410003168d2a000a00000e2,2,2,8,322,276,678,539,1.00418,90,0.0896258
025040107410003168d2a000a00000e2,2,2,9,322,276,678,539,1.00418,9883,9.84191
025040107410003168d2a000a00000e2,2,2,10,322,276,678,539,1.00418,10303,10.2602
025040107410003168d2a000a00000e2,2,2,11,322,276,678,539,1.00418,9653,9.61286
025040107410003168d2a000a00000e2,2,2,12,322,276,678,539,1.00418,218,0.217094
025040107410003168d2a000a00000e2,2,2,13,322,276,678,539,1.00418,7008,6.97886
025040107410003168d2a000a00000e2,2,2,14,322,276,678,539,1.00418,10418,10.3747
025040107410003168d2a000a00000e2,2,2,15,322,276,678,539,1.00418,3678,3.66271
025040107410003168d2a000a00000e2,2,2,16,322,276,678,539,1.00418,10451,10.4075
025040107410003168d2a000a00000e2,2,2,17,322,276,678,539,1.00418,124,0.123484
025040107410003168d2a000a00000e2,2,2,18,322,276,678,539,1.00418,1209,1.20397
025040107410003168d2a000a00000e2,2,2,19,322,276,678,539,1.00418,134,0.133443
025040107410003168d2a000a00000e2,2,2,20,322,276,678,539,1.00418,10527,10.4832
025040107410003168d2a000a00000e2,2,2,21,322,276,678,539,1.00418,10564,10.5201
025040107410003168d2a000a00000e2,2,2,22,322,276,678,539,1.00418,10546,10.5021
025040107410003168d2a000a00000e2,2,2,23,322,276,678,539,1.00418,10554,10.5101
025040107410003168d2a000a00000e2,2,2,24,322,276,678,539,1.00418,931,0.927129
025040107410003168d2a000a00000e2,2,2,25,322,276,678,539,1.00418,370,0.368462
025040107410003168d2a000a00000e2,2,2,26,322,276,678,539,1.00418,2952,2.93973
025040107410003168d2a000a00000e2,2,2,27,322,276,678,539,1.00418,10364,10.3209
025040107410003168d2a000a00000e2,2,2,28,322,276,678,539,1.00418,4505,4.48627
025040107410003168d2a000a00000e2,2,2,29,322,276,678,539,1.00418,10540,10.4962
025040107410003168d2a000a00000e2,2,2,30,322,276,678,539,1.00418,10454,10.4105
025040107410003168d2a000a00000e2,2,2,31,322,276,678,539,1.00418,10617,10.5729
025040107410003168d2a000a00000e2,2,2,32,322,276,678,539,1.00418,4941,4.92046
025040107410003168d2a000a00000e2,2,2,33,322,276,678,539,1.00418,10541,10.4972
025040107410003168d2a000a00000e2,2,2,34,322,276,678,539,1.00418,1719,1.71185
025040107410003168d2a000a00000e2,2,2,35,322,276,678,539,1.00418,10516,10.4723
025040107410003168d2a000a00000e2,2,2,36,322,276,678,539,1.00418,10492,10.4484
025040107410003168d2a000a00000e2,2,2,37,322,276,678,539,1.00418,10539,10.4952
025040107410003168d2a000a00000e2,2,2,38,322,276,678,539,1.00418,10533,10.4892
025040107410003168d2a000a00000e2,2,2,39,322,276,678,539,1.00418,10519,10.4753
025040107410003168d2a000a00000e2,2,2,40,322,276,678,539,1.00418,10479,10.4354
025040107410003168d2a000a00000e2,2,2,41,322,276,678,539,1.00418,7026,6.99679
025040107410003168d2a000a00000e2,2,2,42,322,276,678,539,1.00418,10451,10.4075
025040107410003168d2a000a00000e2,2,2,43,322,276,678,539,1.00418,10519,10.4753
025040107410003168d2a000a00000e2,2,2,44,322,276,678,539,1.00418,90,0.0896258
025040107410003168d2a000a00000e2,2,2,45,322,276,678,539,1.00418,100,0.0995842
025040107410003168d2a000a00000e2,2,2,46,322,276,678,539,1.00418,129,0.128464
025040107410003168d2a000a00000e2,2,2,47,322,276,678,539,1.00418,64,0.0637339
025040107410003168d2a000a00000e2,2,2,48,322,276,678,539,1.00418,1851,1.8433
025040107410003168d2a000a00000e2,2,2,49,322,276,678,539,1.00418,167,0.166306
025040107410003168d2a000a00000e2,2,2,50,322,276,678,539,1.00418,148,0.147385
025040107410003168d2a000a00000e2,2,2,51,322,276,678,539,1.00418,105,0.104563
025040107410003168d2a000a00000e2,2,2,52,322,276,678,539,1.00418,94,0.0936091
025040107410003168d2a000a00000e2,2,2,53,322,276,678,539,1.00418,239,0.238006
025040107410003168d2a000a00000e2,2,2,54,322,276,678,539,1.00418,89,0.0886299
025040107410003168d2a000a00000e2,2,2,55,322,276,678,539,1.00418,86,0.0856424
025040107410003168d2a000a00000e2,2,2,56,322,276,678,539,1.00418,5932,5.90733
025040107410003168d2a000a00000e2,2,2,57,322,276,678,539,1.00418,90,0.0896258
025040107410003168d2a000a00000e2,2,2,58,322,276,678,539,1.00418,93,0.0926133
025040107410003168d2a000a00000e2,2,2,59,322,276,678,539,1.00418,65,0.0647297
025040107410003168d2a000a00000e2,2,2,60,322,276,678,539,1.00418,63,0.062738
025040107410003168d2a000a00000e2,2,2,61,322,276,678,539,1.00418,53,0.0527796
025040107410003168d2a000a00000e2,2,2,62,322,276,678,539,1.00418,50,0.0497921
025040107410003168d2a000a00000e2,2,2,63,322,276,678,539,1.00418,53,0.0527796
025040107410003168d2a000a00000e2,2,2,0,322,276,679,540,1.00418,0,0
025040107410003168d2a000a00000e2,2,2,1,322,276,679,540,1.00418,52,0.0517838
025040107410003168d2a000a00000e2,2,2,2,322,276,679,540,1.00418,5495,5.47215
025040107410003168d2a000a00000e2,2,2,3,322,276,679,540,1.00418,8877,8.84009
025040107410003168d2a000a00000e2,2,2,4,322,276,679,540,1.00418,111,0.110538
025040107410003168d2a000a00000e2,2,2,5,322,276,679,540,1.00418,49,0.0487963
025040107410003168d2a000a00000e2,2,2,6,322,276,679,540,1.00418,114,0.113526
025040107410003168d2a000a00000e2,2,2,7,322,276,679,540,1.00418,65,0.0647297
025040107410003168d2a000a00000e2,2,2,8,322,276,679,540,1.00418,95,0.094605
025040107410003168d2a000a00000e2,2,2,9,322,276,679,540,1.00418,8473,8.43777
025040107410003168d2a000a00000e2,2,2,10,322,276,679,540,1.00418,9968,9.92655
025040107410003168d2a000a00000e2,2,2,11,322,276,679,540,1.00418,7750,7.71778
025040107410003168d2a000a00000e2,2,2,12,322,276,679,540,1.00418,186,0.185227
025040107410003168d2a000a00000e2,2,2,13,322,276,679,540,1.00418,3576,3.56113
025040107410003168d2a000a00000e2,2,2,14,322,276,679,540,1.00418,10369,10.3259
025040107410003168d2a000a00000e2,2,2,15,322,276,679,540,1.00418,1440,1.43401
025040107410003168d2a000a00000e2,2,2,16,322,276,679,540,1.00418,10483,10.4394
025040107410003168d2a000a00000e2,2,2,17,322,276,679,540,1.00418,134,0.133443
025040107410003168d2a000a00000e2,2,2,18,322,276,679,540,1.00418,477,0.475017
025040107410003168d2a000a00000e2,2,2,19,322,276,679,540,1.00418,143,0.142405
025040107410003168d2a000a00000e2,2,2,20,322,276,679,540,1.00418,10601,10.5569
025040107410003168d2a000a00000e2,2,2,21,322,276,679,540,1.00418,10646,10.6017
025040107410003168d2a000a00000e2,2,2,22,322,276,679,540,1.00418,10622,10.5778
025040107410003168d2a000a00000e2,2,2,23,322,276,679,540,1.00418,10643,10.5987
025040107410003168d2a000a00000e2,2,2,24,322,276,679,540,1.00418,357,0.355516
025040107410003168d2a000a00000e2,2,2,25,322,276,679,540,1.00418,218,0.217094
025040107410003168d2a000a00000e2,2,2,26,322,276,679,540,1.00418,1060,1.05559
025040107410003168d2a000a00000e2,2,2,27,322,276,679,540,1.00418,10238,10.1954
025040107410003168d2a000a00000e2,2,2,28,322,276,679,540,1.00418,1907,1.89907
025040107410003168d2a000a00000e2,2,2,29,322,276,679,540,1.00418,10618,10.5739
025040107410003168d2a000a00000e2,2,2,30,322,276,679,540,1.00418,10473,10.4295
025040107410003168d2a000a00000e2,2,2,31,322,276,679,540,1.00418,10700,10.6555
025040107410003168d2a000a00000e2,2,2,32,322,276,679,540,1.00418,2067,2.05841
025040107410003168d2a000a00000e2,2,2,33,322,276,679,540,1.00418,10615,10.5709
025040107410003168d2a000a00000e2,2,2,34,322,276,679,540,1.00418,587,0.584559
025040107410003168d2a000a00000e2,2,2,35,322,276,679,540,1.00418,10586,10.542
025040107410003168d2a000a00000e2,2,2,36,322,276,679,540,1.00418,10554,10.5101
025040107410003168d2a000a00000e2,2,2,37,322,276,679,540,1.00418,10615,10.5709
025040107410003168d2a000a00000e2,2,2,38,322,276,679,540,1.00418,10616,10.5719
025040107410003168d2a000a00000e2,2,2,39,322,276,679,540,1.00418,10597,10.5529
025040107410003168d2a000a00000e2,2,2,40,322,276,679,540,1.00418,10543,10.4992
025040107410003168d2a000a00000e2,2,2,41,322,276,679,540,1.00418,3670,3.65474
025040107410003168d2a000a00000e2,2,2,42,322,276,679,540,1.00418,10473,10.4295
025040107410003168d2a000a00000e2,2,2,43,322,276,679,540,1.00418,10585,10.541
025040107410003168d2a000a00000e2,2,2,44,322,276,679,540,1.00418,107,0.106555
025040107410003168d2a000a00000e2,2,2,45,322,276,679,540,1.00418,115,0.114522
025040107410003168d2a000a00000e2,2,2,46,322,276,679,540,1.00418,139,0.138422
025040107410003168d2a000a00000e2,2,2,47,322,276,679,540,1.00418,71,0.0707048
025040107410003168d2a000a00000e2,2,2,48,322,276,679,540,1.00418,598,0.595514
025040107410003168d2a000a00000e2,2,2,49,322,276,679,540,1.00418,157,0.156347
025040107410003168d2a000a00000e2,2,2,50,322,276,679,540,1.00418,150,0.149376
025040107410003168d2a000a00000e2,2,2,51,322,276,679,540,1.00418,120,0.119501
025040107410003168d2a000a00000e2,2,2,52,322,276,679,540,1.00418,115,0.114522
025040107410003168d2a000a00000e2,2,2,53,322,276,679,540,1.00418,184,0.183235
025040107410003168d2a000a00000e2,2,2,54,322,276,679,540,1.00418,104,0.103568
025040107410003168d2a000a00000e2,2,2,55,322,276,679,540,1.00418,95,0.094605
025040107410003168d2a000a00000e2,2,2,56,322,276,679,540,1.00418,2859,2.84711
025040107410003168d2a000a00000e2,2,2,57,322,276,679,540,1.00418,97,0.0965967
025040107410003168d2a000a00000e2,2,2,58,322,276,679,540,1.00418,106,0.105559
025040107410003168d2a000a00000e2,2,2,59,322,276,679,540,1.00418,72,0.0717006
025040107410003168d2a000a00000e2,2,2,60,322,276,679,540,1.00418,77,0.0766798
025040107410003168d2a000a00000e2,2,2,61,322,276,679,540,1.00418,61,0.0607464
025040107410003168d2a000a00000e2,2,2,62,322,276,679,540,1.00418,61,0.0607464
025040107410003168d2a000a00000e2,2,2,63,322,276,679,540,1.00418,64,0.0637339
025040107410003168d2a000a00000e2,2,2,0,322,276,680,541,1.00712,0,0
025040107410003168d2a000a00000e2,2,2,1,322,276,680,541,1.00712,37,0.0367383
025040107410003168d2a000a00000e2,2,2,2,322,276,680,541,1.00712,4169,4.13951
025040107410003168d2a000a00000e2,2,2,3,322,276,680,541,1.00712,5977,5.93472
025040107410003168d2a000a00000e2,2,2,4,322,276,680,541,1.00712,87,0.0863846
025040107410003168d2a000a00000e2,2,2,5,322,276,680,541,1.00712,38,0.0377312
025040107410003168d2a000a00000e2,2,2,6,322,276,680,541,1.00712,85,0.0843987
025040107410003168d2a000a00000e2,2,2,7,322,276,680,541,1.00712,50,0.0496463
025040107410003168d2a000a00000e2,2,2,8,322,276,680,541,1.00712,73,0.0724836
025040107410003168d2a000a00000e2,2,2,9,322,276,680,541,1.00712,5423,5.38464
025040107410003168d2a000a00000e2,2,2,10,322,276,680,541,1.00712,8280,8.22143
025040107410003168d2a000a00000e2,2,2,11,322,276,680,541,1.00712,4354,4.3232
025040107410003168d2a000a00000e2,2,2,12,322,276,680,541,1.00712,130,0.12908
025040107410003168d2a000a00000e2,2,2,13,322,276,680,541,1.00712,1123,1.11506
025040107410003168d2a000a00000e2,2,2,14,322,276,680,541,1.00712,9708,9.63932
025040107410003168d2a000a00000e2,2,2,15,322,276,680,541,1.00712,415,0.412064
025040107410003168d2a000a00000e2,2,2,16,322,276,680,541,1.00712,10222,10.1497
025040107410003168d2a000a00000e2,2,2,17,322,276,680,541,1.00712,109,0.108229
025040107410003168d2a000a00000e2,2,2,18,322,276,680,541,1.00712,225,0.223408
025040107410003168d2a000a00000e2,2,2,19,322,276,680,541,1.00712,113,0.112201
025040107410003168d2a000a00000e2,2,2,20,322,276,680,541,1.00712,10537,10.4625
025040107410003168d2a000a00000e2,2,2,21,322,276,680,541,1.00712,10578,10.5032
025040107410003168d2a000a00000e2,2,2,22,322,276,680,541,1.00712,10565,10.4903
025040107410003168d2a000a00000e2,2,2,23,322,276,680,541,1.00712,10580,10.5052
025040107410003168d2a000a00000e2,2,2,24,322,276,680,541,1.00712,204,0.202557
025040107410003168d2a000a00000e2,2,2,25,322,276,680,541,1.00712,157,0.155889
025040107410003168d2a000a00000e2,2,2,26,322,276,680,541,1.00712,370,0.367383
025040107410003168d2a000a00000e2,2,2,27,322,276,680,541,1.00712,9390,9.32357
025040107410003168d2a000a00000e2,2,2,28,322,276,680,541,1.00712,588,0.58384
025040107410003168d2a000a00000e2,2,2,29,322,276,680,541,1.00712,10554,10.4793
025040107410003168d2a000a00000e2,2,2,30,322,276,680,541,1.00712,10190,10.1179
025040107410003168d2a000a00000e2,2,2,31,322,276,680,541,1.00712,10629,10.5538
025040107410003168d2a000a00000e2,2,2,32,322,276,680,541,1.00712,653,0.648381
025040107410003168d2a000a00000e2,2,2,33,322,276,680,541,1.00712,10545,10.4704
025040107410003168d2a000a00000e2,2,2,34,322,276,680,541,1.00712,254,0.252203
025040107410003168d2a000a00000e2,2,2,35,322,276,680,541,1.00712,10505,10.4307
025040107410003168d2a000a00000e2,2,2,36,322,276,680,541,1.00712,10461,10.387
025040107410003168d2a000a00000e2,2,2,37,322,276,680,541,1.00712,10552,10.4774
025040107410003168d2a000a00000e2,2,2,38,322,276,680,541,1.00712,10552,10.4774
025040107410003168d2a000a00000e2,2,2,39,322,276,680,541,1.00712,10534,10.4595
025040107410003168d2a000a00000e2,2,2,40,322,276,680,541,1.00712,10444,10.3701
025040107410003168d2a000a00000e2,2,2,41,322,276,680,541,1.00712,1357,1.3474
025040107410003168d2a000a00000e2,2,2,42,322,276,680,541,1.00712,10237,10.1646
025040107410003168d2a000a00000e2,2,2,43,322,276,680,541,1.00712,10504,10.4297
025040107410003168d2a000a00000e2,2,2,44,322,276,680,541,1.00712,87,0.0863846
025040107410003168d2a000a00000e2,2,2,45,322,276,680,541,1.00712,92,0.0913492
025040107410003168d2a000a00000e2,2,2,46,322,276,680,541,1.00712,121,0.120144
025040107410003168d2a000a00000e2,2,2,47,322,276,680,541,1.00712,54,0.053618
025040107410003168d2a000a00000e2,2,2,48,322,276,680,541,1.00712,271,0.269083
025040107410003168d2a000a00000e2,2,2,49,322,276,680,541,1.00712,111,0.110215
025040107410003168d2a000a00000e2,2,2,50,322,276,680,541,1.00712,130,0.12908
025040107410003168d2a000a00000e2,2,2,51,322,276,680,541,1.00712,96,0.0953209
025040107410003168d2a000a00000e2,2,2,52,322,276,680,541,1.00712,99,0.0982997
025040107410003168d2a000a00000e2,2,2,53,322,276,680,541,1.00712,125,0.124116
025040107410003168d2a000a00000e2,2,2,54,322,276,680,541,1.00712,85,0.0843987
025040107410003168d2a000a00000e2,2,2,55,322,276,680,541,1.00712,77,0.0764553
025040107410003168d2a000a00000e2,2,2,56,322,276,680,541,1.00712,997,0.989947
025040107410003168d2a000a00000e2,2,2,57,322,276,680,541,1.00712,74,0.0734765
025040107410003168d2a000a00000e2,2,2,58,322,276,680,541,1.00712,84,0.0834058
025040107410003168d2a000a00000e2,2,2,59,322,276,680,541,1.00712,53,0.0526251
025040107410003168d2a000a00000e2,2,2,60,322,276,680,541,1.00712,58,0.0575897
025040107410003168d2a000a00000e2,2,2,61,322,276,680,541,1.00712,49,0.0486534
025040107410003168d2a000a00000e2,2,2,62,322,276,680,541,1.00712,48,0.0476604
025040107410003168d2a000a00000e2,2,2,63,322,276,680,541,1.00712,50,0.0496463
025040107410003168d2a000a00000e2,2,2,0,322,276,681,541,1.0027,1,0.000997306
025040107410003168d2a000a00000e2,2,2,1,322,276,681,541,1.0027,47,0.0468734
025040107410003168d2a000a00000e2,2,2,2,322,276,681,541,1.0027,2830,2.82238
025040107410003168d2a000a00000e2,2,2,3,322,276,681,541,1.0027,2615,2.60796
025040107410003168d2a000a00000e2,2,2,4,322,276,681,541,1.0027,84,0.0837737
025040107410003168d2a000a00000e2,2,2,5,322,276,681,541,1.0027,45,0.0448788
025040107410003168d2a000a00000e2,2,2,6,322,276,681,541,1.0027,83,0.0827764
025040107410003168d2a000a00000e2,2,2,7,322,276,681,541,1.0027,54,0.0538545
025040107410003168d2a000a00000e2,2,2,8,322,276,681,541,1.0027,70,0.0698115
025040107410003168d2a000a00000e2,2,2,9,322,276,681,541,1.0027,2072,2.06642
025040107410003168d2a000a00000e2,2,2,10,322,276,681,541,1.0027,5010,4.99651
025040107410003168d2a000a00000e2,2,2,11,322,276,681,541,1.0027,1636,1.63159
025040107410003168d2a000a00000e2,2,2,12,322,276,681,541,1.0027,121,0.120674
025040107410003168d2a000a00000e2,2,2,13,322,276,681,541,1.0027,365,0.364017
025040107410003168d2a000a00000e2,2,2,14,322,276,681,541,1.0027,7881,7.85977
025040107410003168d2a000a00000e2,2,2,15,322,276,681,541,1.0027,213,0.212426
025040107410003168d2a000a00000e2,2,2,16,322,276,681,541,1.0027,9308,9.28293
025040107410003168d2a000a00000e2,2,2,17,322,276,681,541,1.0027,92,0.0917522
025040107410003168d2a000a00000e2,2,2,18,322,276,681,541,1.0027,156,0.15558
025040107410003168d2a000a00000e2,2,2,19,322,276,681,541,1.0027,102,0.101725
025040107410003168d2a000a00000e2,2,2,20,322,276,681,541,1.0027,10477,10.4488
025040107410003168d2a000a00000e2,2,2,21,322,276,681,541,1.0027,10588,10.5595
025040107410003168d2a000a00000e2,2,2,22,322,276,681,541,1.0027,10566,10.5375
025040107410003168d2a000a00000e2,2,2,23,322,276,681,541,1.0027,10595,10.5665
025040107410003168d2a000a00000e2,2,2,24,322,276,681,541,1.0027,155,0.154583
025040107410003168d2a000a00000e2,2,2,25,322,276,681,541,1.0027,124,0.123666
025040107410003168d2a000a00000e2,2,2,26,322,276,681,541,1.0027,218,0.217413
025040107410003168d2a000a00000e2,2,2,27,322,276,681,541,1.0027,7035,7.01605
025040107410003168d2a000a00000e2,2,2,28,322,276,681,541,1.0027,277,0.276254
025040107410003168d2a000a00000e2,2,2,29,322,276,681,541,1.0027,10544,10.5156
025040107410003168d2a000a00000e2,2,2,30,322,276,681,541,1.0027,9292,9.26697
025040107410003168d2a000a00000e2,2,2,31,322,276,681,541,1.0027,10657,10.6283
025040107410003168d2a000a00000e2,2,2,32,322,276,681,541,1.0027,278,0.277251
025040107410003168d2a000a00000e2,2,2,33,322,276,681,541,1.0027,10524,10.4957
025040107410003168d2a000a00000e2,2,2,34,322,276,681,541,1.0027,163,0.162561
025040107410003168d2a000a00000e2,2,2,35,322,276,681,541,1.0027,10418,10.3899
025040107410003168d2a000a00000e2,2,2,36,322,276,681,541,1.0027,10306,10.2782
025040107410003168d2a000a00000e2,2,2,37,322,276,681,541,1.0027,10520,10.4917
025040107410003168d2a000a00000e2,2,2,38,322,276,681,541,1.0027,10548,10.5196
025040107410003168d2a000a00000e2,2,2,39,322,276,681,541,1.0027,10492,10.4637
025040107410003168d2a000a00000e2,2,2,40,322,276,681,541,1.0027,10265,10.2374
025040107410003168d2a000a00000e2,2,2,41,322,276,681,541,1.0027,417,0.415877
025040107410003168d2a000a00000e2,2,2,42,322,276,681,541,1.0027,9511,9.48538
025040107410003168d2a000a00000e2,2,2,43,322,276,681,541,1.0027,10416,10.3879
025040107410003168d2a000a00000e2,2,2,44,322,276,681,541,1.0027,77,0.0767926
025040107410003168d2a000a00000e2,2,2,45,322,276,681,541,1.0027,85,0.0847711
025040107410003168d2a000a00000e2,2,2,46,322,276,681,541,1.0027,103,0.102723
025040107410003168d2a000a00000e2,2,2,47,322,276,681,541,1.0027,58,0.0578438
025040107410003168d2a000a00000e2,2,2,48,322,276,681,541,1.0027,175,0.174529
025040107410003168d2a000a00000e2,2,2,49,322,276,681,541,1.0027,103,0.102723
025040107410003168d2a000a00000e2,2,2,50,322,276,681,541,1.0027,110,0.109704
025040107410003168d2a000a00000e2,2,2,51,322,276,681,541,1.0027,87,0.0867657
025040107410003168d2a000a00000e2,2,2,52,322,276,681,541,1.0027,89,0.0887603
025040107410003168d2a000a00000e2,2,2,53,322,276,681,541,1.0027,106,0.105714
025040107410003168d2a000a00000e2,2,2,54,322,276,681,541,1.0027,79,0.0787872
025040107410003168d2a000a00000e2,2,2,55,322,276,681,541,1.0027,73,0.0728034
025040107410003168d2a000a00000e2,2,2,56,322,276,681,541,1.0027,340,0.339084
025040107410003168d2a000a00000e2,2,2,57,322,276,681,541,1.0027,73,0.0728034
025040107410003168d2a000a00000e2,2,2,58,322,276,681,541,1.0027,77,0.0767926
025040107410003168d2a000a00000e2,2,2,59,322,276,681,541,1.0027,61,0.0608357
025040107410003168d2a000a00000e2,2,2,60,322,276,681,541,1.0027,62,0.061833
025040107410003168d2a000a00000e2,2,2,61,322,276,681,541,1.0027,51,0.0508626
025040107410003168d2a000a00000e2,2,2,62,322,276,681,541,1.0027,54,0.0538545
025040107410003168d2a000a00000e2,2,2,63,322,276,681,541,1.0027,55,0.0548519
025040107410003168d2a000a00000e2,2,2,0,322,276,682,542,1.00565,0,0
025040107410003168d2a000a00000e2,2,2,1,322,276,682,542,1.00565,53,0.0527022
025040107410003168d2a000a00000e2,2,2,2,322,276,682,542,1.00565,1827,1.81674
025040107410003168d2a000a00000e2,2,2,3,322,276,682,542,1.00565,856,0.851191
025040107410003168d2a000a00000e2,2,2,4,322,276,682,542,1.00565,95,0.0944663
025040107410003168d2a000a00000e2,2,2,5,322,276,682,542,1.00565,53,0.0527022
025040107410003168d2a000a00000e2,2,2,6,322,276,682,542,1.00565,96,0.0954607
025040107410003168d2a000a00000e2,2,2,7,322,276,682,542,1.00565,67,0.0666236
025040107410003168d2a000a00000e2,2,2,8,322,276,682,542,1.00565,85,0.0845225
025040107410003168d2a000a00000e2,2,2,9,322,276,682,542,1.00565,696,0.69209
025040107410003168d2a000a00000e2,2,2,10,322,276,682,542,1.00565,2044,2.03252
025040107410003168d2a000a00000e2,2,2,11,322,276,682,542,1.00565,540,0.536966
025040107410003168d2a000a00000e2,2,2,12,322,276,682,542,1.00565,121,0.12032
025040107410003168d2a000a00000e2,2,2,13,322,276,682,542,1.00565,224,0.222742
025040107410003168d2a000a00000e2,2,2,14,322,276,682,542,1.00565,4559,4.53339
025040107410003168d2a000a00000e2,2,2,15,322,276,682,542,1.00565,165,0.164073
025040107410003168d2a000a00000e2,2,2,16,322,276,682,542,1.00565,6833,6.79461
025040107410003168d2a000a00000e2,2,2,17,322,276,682,542,1.00565,106,0.105404
025040107410003168d2a000a00000e2,2,2,18,322,276,682,542,1.00565,141,0.140208
025040107410003168d2a000a00000e2,2,2,19,322,276,682,542,1.00565,111,0.110376
025040107410003168d2a000a00000e2,2,2,20,322,276,682,542,1.00565,10319,10.261
025040107410003168d2a000a00000e2,2,2,21,322,276,682,542,1.00565,10558,10.4987
025040107410003168d2a000a00000e2,2,2,22,322,276,682,542,1.00565,10530,10.4708
025040107410003168d2a000a00000e2,2,2,23,322,276,682,542,1.00565,10584,10.5245
025040107410003168d2a000a00000e2,2,2,24,322,276,682,542,1.00565,146,0.14518
025040107410003168d2a000a00000e2,2,2,25,322,276,682,542,1.00565,120,0.119326
025040107410003168d2a000a00000e2,2,2,26,322,276,682,542,1.00565,178,0.177
025040107410003168d2a000a00000e2,2,2,27,322,276,682,542,1.00565,3538,3.51812
025040107410003168d2a000a00000e2,2,2,28,322,276,682,542,1.00565,205,0.203848
025040107410003168d2a000a00000e2,2,2,29,322,276,682,542,1.00565,10450,10.3913
025040107410003168d2a000a00000e2,2,2,30,322,276,682,542,1.00565,6799,6.7608
025040107410003168d2a000a00000e2,2,2,31,322,276,682,542,1.00565,10665,10.6051
025040107410003168d2a000a00000e2,2,2,32,322,276,682,542,1.00565,207,0.205837
025040107410003168d2a000a00000e2,2,2,33,322,276,682,542,1.00565,10406,10.3475
025040107410003168d2a000a00000e2,2,2,34,322,276,682,542,1.00565,148,0.147169
025040107410003168d2a000a00000e2,2,2,35,322,276,682,542,1.00565,9976,9.91995
025040107410003168d2a000a00000e2,2,2,36,322,276,682,542,1.00565,9646,9.59181
025040107410003168d2a000a00000e2,2,2,37,322,276,682,542,1.00565,10378,10.3197
025040107410003168d2a000a00000e2,2,2,38,322,276,682,542,1.00565,10491,10.4321
025040107410003168d2a000a00000e2,2,2,39,322,276,682,542,1.00565,10364,10.3058
025040107410003168d2a000a00000e2,2,2,40,322,276,682,542,1.00565,9586,9.53214
025040107410003168d2a000a00000e2,2,2,41,322,276,682,542,1.00565,228,0.226719
025040107410003168d2a000a00000e2,2,2,42,322,276,682,542,1.00565,7447,7.40516
025040107410003168d2a000a00000e2,2,2,43,322,276,682,542,1.00565,9964,9.90802
025040107410003168d2a000a00000e2,2,2,44,322,276,682,542,1.00565,96,0.0954607
025040107410003168d2a000a00000e2,2,2,45,322,276,682,542,1.00565,97,0.096455
025040107410003168d2a000a00000e2,2,2,46,322,276,682,542,1.00565,118,0.117337
025040107410003168d2a000a00000e2,2,2,47,322,276,682,542,1.00565,71,0.0706011
025040107410003168d2a000a00000e2,2,2,48,322,276,682,542,1.00565,173,0.172028
025040107410003168d2a000a00000e2,2,2,49,322,276,682,542,1.00565,111,0.110376
025040107410003168d2a000a00000e2,2,2,50,322,276,682,542,1.00565,125,0.124298
025040107410003168d2a000a00000e2,2,2,51,322,276,682,542,1.00565,105,0.10441
025040107410003168d2a000a00000e2,2,2,52,322,276,682,542,1.00565,104,0.103416
025040107410003168d2a000a00000e2,2,2,53,322,276,682,542,1.00565,113,0.112365
025040107410003168d2a000a00000e2,2,2,54,322,276,682,542,1.00565,92,0.0914831
025040107410003168d2a000a00000e2,2,2,55,322,276,682,542,1.00565,87,0.0865112
025040107410003168d2a000a00000e2,2,2,56,322,276,682,542,1.00565,226,0.22473
025040107410003168d2a000a00000e2,2,2,57,322,276,682,542,1.00565,87,0.0865112
025040107410003168d2a000a00000e2,2,2,58,322,276,682,542,1.00565,94,0.0934719
025040107410003168d2a000a00000e2,2,2,59,322,276,682,542,1.00565,74,0.0735843
025040107410003168d2a000a00000e2,2,2,60,322,276,682,542,1.00565,79,0.0785562
025040107410003168d2a000a00000e2,2,2,61,322,276,682,542,1.00565,62,0.0616517
025040107410003168d2a000a00000e2,2,2,62,322,276,682,542,1.00565,69,0.0686123
025040107410003168d2a000a00000e2,2,2,63,322,276,682,542,1.00565,68,0.067618
025040107410003168d2a000a00000e2,2,2,0,322,276,683,543,1.0027,0,0
025040107410003168d2a000a00000e2,2,2,1,322,276,683,543,1.0027,35,0.0349057
025040107410003168d2a000a00000e2,2,2,2,322,276,683,543,1.0027,1129,1.12596
025040107410003168d2a000a00000e2,2,2,3,322,276,683,543,1.0027,308,0.30717
025040107410003168d2a000a00000e2,2,2,4,322,276,683,543,1.0027,77,0.0767926
025040107410003168d2a000a00000e2,2,2,5,322,276,683,543,1.0027,37,0.0369003
025040107410003168d2a000a00000e2,2,2,6,322,276,683,543,1.0027,76,0.0757953
025040107410003168d2a000a00000e2,2,2,7,322,276,683,543,1.0027,51,0.0508626
025040107410003168d2a000a00000e2,2,2,8,322,276,683,543,1.0027,68,0.0678168
025040107410003168d2a000a00000e2,2,2,9,322,276,683,543,1.0027,280,0.279246
025040107410003168d2a000a00000e2,2,2,10,322,276,683,543,1.0027,628,0.626308
025040107410003168d2a000a00000e2,2,2,11,322,276,683,543,1.0027,241,0.240351
025040107410003168d2a000a00000e2,2,2,12,322,276,683,543,1.0027,101,0.100728
025040107410003168d2a000a00000e2,2,2,13,322,276,683,543,1.0027,154,0.153585
025040107410003168d2a000a00000e2,2,2,14,322,276,683,543,1.0027,1645,1.64057
025040107410003168d2a000a00000e2,2,2,15,322,276,683,543,1.0027,118,0.117682
025040107410003168d2a000a00000e2,2,2,16,322,276,683,543,1.0027,3513,3.50354
025040107410003168d2a000a00000e2,2,2,17,322,276,683,543,1.0027,86,0.0857684
025040107410003168d2a000a00000e2,2,2,18,322,276,683,543,1.0027,121,0.120674
025040107410003168d2a000a00000e2,2,2,19,322,276,683,543,1.0027,91,0.0907549
025040107410003168d2a000a00000e2,2,2,20,322,276,683,543,1.0027,9508,9.48239
025040107410003168d2a000a00000e2,2,2,21,322,276,683,543,1.0027,10223,10.1955
025040107410003168d2a000a00000e2,2,2,22,322,276,683,543,1.0027,10186,10.1586
025040107410003168d2a000a00000e2,2,2,23,322,276,683,543,1.0027,10275,10.2473
025040107410003168d2a000a00000e2,2,2,24,322,276,683,543,1.0027,119,0.118679
025040107410003168d2a000a00000e2,2,2,25,322,276,683,543,1.0027,97,0.0967387
025040107410003168d2a000a00000e2,2,2,26,322,276,683,543,1.0027,146,0.145607
025040107410003168d2a000a00000e2,2,2,27,322,276,683,543,1.0027,1210,1.20674
025040107410003168d2a000a00000e2,2,2,28,322,276,683,543,1.0027,156,0.15558
025040107410003168d2a000a00000e2,2,2,29,322,276,683,543,1.0027,10033,10.006
025040107410003168d2a000a00000e2,2,2,30,322,276,683,543,1.0027,3556,3.54642
025040107410003168d2a000a00000e2,2,2,31,322,276,683,543,1.0027,10381,10.353
025040107410003168d2a000a00000e2,2,2,32,322,276,683,543,1.0027,157,0.156577
025040107410003168d2a000a00000e2,2,2,33,322,276,683,543,1.0027,9760,9.73371
025040107410003168d2a000a00000e2,2,2,34,322,276,683,543,1.0027,118,0.117682
025040107410003168d2a000a00000e2,2,2,35,322,276,683,543,1.0027,8433,8.41029
025040107410003168d2a000a00000e2,2,2,36,322,276,683,543,1.0027,7761,7.7401
025040107410003168d2a000a00000e2,2,2,37,322,276,683,543,1.0027,9723,9.69681
025040107410003168d2a000a00000e2,2,2,38,322,276,683,543,1.0027,10133,10.1057
025040107410003168d2a000a00000e2,2,2,39,322,276,683,543,1.0027,9729,9.70279
025040107410003168d2a000a00000e2,2,2,40,322,276,683,543,1.0027,7464,7.4439
025040107410003168d2a000a00000e2,2,2,41,322,276,683,543,1.0027,156,0.15558
025040107410003168d2a000a00000e2,2,2,42,322,276,683,543,1.0027,4312,4.30039
025040107410003168d2a000a00000e2,2,2,43,322,276,683,543,1.0027,8446,8.42325
025040107410003168d2a000a00000e2,2,2,44,322,276,683,543,1.0027,79,0.0787872
025040107410003168d2a000a00000e2,2,2,45,322,276,683,543,1.0027,75,0.074798
025040107410003168d2a000a00000e2,2,2,46,322,276,683,543,1.0027,94,0.0937468
025040107410003168d2a000a00000e2,2,2,47,322,276,683,543,1.0027,57,0.0568465
025040107410003168d2a000a00000e2,2,2,48,322,276,683,543,1.0027,137,0.136631
025040107410003168d2a000a00000e2,2,2,49,322,276,683,543,1.0027,90,0.0897576
025040107410003168d2a000a00000e2,2,2,50,322,276,683,543,1.0027,102,0.101725
025040107410003168d2a000a00000e2,2,2,51,322,276,683,543,1.0027,83,0.0827764
025040107410003168d2a000a00000e2,2,2,52,322,276,683,543,1.0027,84,0.0837737
025040107410003168d2a000a00000e2,2,2,53,322,276,683,543,1.0027,88,0.087763
025040107410003168d2a000a00000e2,2,2,54,322,276,683,543,1.0027,75,0.074798
025040107410003168d2a000a00000e2,2,2,55,322,276,683,543,1.0027,68,0.0678168
025040107410003168d2a000a00000e2,2,2,56,322,276,683,543,1.0027,157,0.156577
025040107410003168d2a000a00000e2,2,2,57,322,276,683,543,1.0027,69,0.0688141
025040107410003168d2a000a00000e2,2,2,58,322,276,683,543,1.0027,73,0.0728034
025040107410003168d2a000a00000e2,2,2,59,322,276,683,543,1.0027,60,0.0598384
025040107410003168d2a000a00000e2,2,2,60,322,276,683,543,1.0027,62,0.061833
025040107410003168d2a000a00000e2,2,2,61,322,276,683,543,1.0027,44,0.0438815
025040107410003168d2a000a00000e2,2,2,62,322,276,683,543,1.0027,50,0.0498653
025040107410003168d2a000a00000e2,2,2,63,322,276,683,543,1.0027,49,0.048868
025040107410003168d2a000a00000e2,2,2,0,322,276,684,544,1.00418,0,0
025040107410003168d2a000a00000e2,2,2,1,322,276,684,544,1.00418,32,0.0318669
025040107410003168d2a000a00000e2,2,2,2,322,276,684,544,1.00418,630,0.62738
025040107410003168d2a000a00000e2,2,2,3,322,276,684,544,1.00418,175,0.174272
025040107410003168d2a000a00000e2,2,2,4,322,276,684,544,1.00418,60,0.0597505
025040107410003168d2a000a00000e2,2,2,5,322,276,684,544,1.00418,32,0.0318669
025040107410003168d2a000a00000e2,2,2,6,322,276,684,544,1.00418,64,0.0637339
025040107410003168d2a000a00000e2,2,2,7,322,276,684,544,1.00418,40,0.0398337
025040107410003168d2a000a00000e2,2,2,8,322,276,684,544,1.00418,51,0.0507879
025040107410003168d2a000a00000e2,2,2,9,322,276,684,544,1.00418,156,0.155351
025040107410003168d2a000a00000e2,2,2,10,322,276,684,544,1.00418,247,0.245973
025040107410003168d2a000a00000e2,2,2,11,322,276,684,544,1.00418,148,0.147385
025040107410003168d2a000a00000e2,2,2,12,322,276,684,544,1.00418,84,0.0836507
025040107410003168d2a000a00000e2,2,2,13,322,276,684,544,1.00418,116,0.115518
025040107410003168d2a000a00000e2,2,2,14,322,276,684,544,1.00418,496,0.493938
025040107410003168d2a000a00000e2,2,2,15,322,276,684,544,1.00418,98,0.0975925
025040107410003168d2a000a00000e2,2,2,16,322,276,684,544,1.00418,1134,1.12928
025040107410003168d2a000a00000e2,2,2,17,322,276,684,544,1.00418,72,0.0717006
025040107410003168d2a000a00000e2,2,2,18,322,276,684,544,1.00418,96,0.0956008
025040107410003168d2a000a00000e2,2,2,19,322,276,684,544,1.00418,72,0.0717006
025040107410003168d2a000a00000e2,2,2,20,322,276,684,544,1.00418,7978,7.94483
025040107410003168d2a000a00000e2,2,2,21,322,276,684,544,1.00418,10341,10.298
025040107410003168d2a000a00000e2,2,2,22,322,276,684,544,1.00418,10211,10.1685
025040107410003168d2a000a00000e2,2,2,23,322,276,684,544,1.00418,10528,10.4842
025040107410003168d2a000a00000e2,2,2,24,322,276,684,544,1.00418,98,0.0975925
025040107410003168d2a000a00000e2,2,2,25,322,276,684,544,1.00418,81,0.0806632
025040107410003168d2a000a00000e2,2,2,26,322,276,684,544,1.00418,112,0.111534
025040107410003168d2a000a00000e2,2,2,27,322,276,684,544,1.00418,391,0.389374
025040107410003168d2a000a00000e2,2,2,28,322,276,684,544,1.00418,117,0.116514
025040107410003168d2a000a00000e2,2,2,29,322,276,684,544,1.00418,9505,9.46548
025040107410003168d2a000a00000e2,2,2,30,322,276,684,544,1.00418,1232,1.22688
025040107410003168d2a000a00000e2,2,2,31,322,276,684,544,1.00418,10671,10.6266
025040107410003168d2a000a00000e2,2,2,32,322,276,684,544,1.00418,115,0.114522
025040107410003168d2a000a00000e2,2,2,33,322,276,684,544,1.00418,8516,8.48059
025040107410003168d2a000a00000e2,2,2,34,322,276,684,544,1.00418,97,0.0965967
025040107410003168d2a000a00000e2,2,2,35,322,276,684,544,1.00418,5668,5.64443
025040107410003168d2a000a00000e2,2,2,36,322,276,684,544,1.00418,4518,4.49921
025040107410003168d2a000a00000e2,2,2,37,322,276,684,544,1.00418,8458,8.42283
025040107410003168d2a000a00000e2,2,2,38,322,276,684,544,1.00418,10093,10.051
025040107410003168d2a000a00000e2,2,2,39,322,276,684,544,1.00418,8460,8.42482
025040107410003168d2a000a00000e2,2,2,40,322,276,684,544,1.00418,4335,4.31698
025040107410003168d2a000a00000e2,2,2,41,322,276,684,544,1.00418,119,0.118505
025040107410003168d2a000a00000e2,2,2,42,322,276,684,544,1.00418,1691,1.68397
025040107410003168d2a000a00000e2,2,2,43,322,276,684,544,1.00418,5604,5.5807
025040107410003168d2a000a00000e2,2,2,44,322,276,684,544,1.00418,64,0.0637339
025040107410003168d2a000a00000e2,2,2,45,322,276,684,544,1.00418,64,0.0637339
025040107410003168d2a000a00000e2,2,2,46,322,276,684,544,1.00418,82,0.081659
025040107410003168d2a000a00000e2,2,2,47,322,276,684,544,1.00418,43,0.0428212
025040107410003168d2a000a00000e2,2,2,48,322,276,684,544,1.00418,109,0.108547
025040107410003168d2a000a00000e2,2,2,49,322,276,684,544,1.00418,76,0.075684
025040107410003168d2a000a00000e2,2,2,50,322,276,684,544,1.00418,84,0.0836507
025040107410003168d2a000a00000e2,2,2,51,322,276,684,544,1.00418,68,0.0677173
025040107410003168d2a000a00000e2,2,2,52,322,276,684,544,1.00418,68,0.0677173
025040107410003168d2a000a00000e2,2,2,53,322,276,684,544,1.00418,74,0.0736923
025040107410003168d2a000a00000e2,2,2,54,322,276,684,544,1.00418,63,0.062738
025040107410003168d2a000a00000e2,2,2,55,322,276,684,544,1.00418,54,0.0537755
025040107410003168d2a000a00000e2,2,2,56,322,276,684,544,1.00418,116,0.115518
025040107410003168d2a000a00000e2,2,2,57,322,276,684,544,1.00418,55,0.0547713
025040107410003168d2a000a00000e2,2,2,58,322,276,684,544,1.00418,62,0.0617422
025040107410003168d2a000a00000e2,2,2,59,322,276,684,544,1.00418,43,0.0428212
025040107410003168d2a000a00000e2,2,2,60,322,276,684,544,1.00418,49,0.0487963
025040107410003168d2a000a00000e2,2,2,61,322,276,684,544,1.00418,33,0.0328628
025040107410003168d2a000a00000e2,2,2,62,322,276,684,544,1.00418,41,0.0408295
025040107410003168d2a000a00000e2,2,2,63,322,276,684,544,1.00418,38,0.037842
025040107410003168d2a000a00000e2,2,2,0,322,276,685,545,1.01007,0,0
025040107410003168d2a000a00000e2,2,2,1,322,276,685,545,1.01007,37,0.036631
025040107410003168d2a000a00000e2,2,2,2,322,276,685,545,1.01007,306,0.302948
025040107410003168d2a000a00000e2,2,2,3,322,276,685,545,1.01007,126,0.124743
025040107410003168d2a000a00000e2,2,2,4,322,276,685,545,1.01007,61,0.0603916
025040107410003168d2a000a00000e2,2,2,5,322,276,685,545,1.01007,35,0.0346509
025040107410003168d2a000a00000e2,2,2,6,322,276,685,545,1.01007,61,0.0603916
025040107410003168d2a000a00000e2,2,2,7,322,276,685,545,1.01007,46,0.0455412
025040107410003168d2a000a00000e2,2,2,8,322,276,685,545,1.01007,57,0.0564315
025040107410003168d2a000a00000e2,2,2,9,322,276,685,545,1.01007,123,0.121773
025040107410003168d2a000a00000e2,2,2,10,322,276,685,545,1.01007,157,0.155434
025040107410003168d2a000a00000e2,2,2,11,322,276,685,545,1.01007,127,0.125733
025040107410003168d2a000a00000e2,2,2,12,322,276,685,545,1.01007,84,0.0831623
025040107410003168d2a000a00000e2,2,2,13,322,276,685,545,1.01007,103,0.101973
025040107410003168d2a000a00000e2,2,2,14,322,276,685,545,1.01007,232,0.229686
025040107410003168d2a000a00000e2,2,2,15,322,276,685,545,1.01007,94,0.0930625
025040107410003168d2a000a00000e2,2,2,16,322,276,685,545,1.01007,370,0.36631
025040107410003168d2a000a00000e2,2,2,17,322,276,685,545,1.01007,74,0.073262
025040107410003168d2a000a00000e2,2,2,18,322,276,685,545,1.01007,95,0.0940526
025040107410003168d2a000a00000e2,2,2,19,322,276,685,545,1.01007,74,0.073262
025040107410003168d2a000a00000e2,2,2,20,322,276,685,545,1.01007,4477,4.43235
025040107410003168d2a000a00000e2,2,2,21,322,276,685,545,1.01007,9612,9.51614
025040107410003168d2a000a00000e2,2,2,22,322,276,685,545,1.01007,9244,9.15181
025040107410003168d2a000a00000e2,2,2,23,322,276,685,545,1.01007,10414,10.3101
025040107410003168d2a000a00000e2,2,2,24,322,276,685,545,1.01007,109,0.107913
025040107410003168d2a000a00000e2,2,2,25,322,276,685,545,1.01007,81,0.0801922
025040107410003168d2a000a00000e2,2,2,26,322,276,685,545,1.01007,112,0.110883
025040107410003168d2a000a00000e2,2,2,27,322,276,685,545,1.01007,207,0.204936
025040107410003168d2a000a00000e2,2,2,28,322,276,685,545,1.01007,115,0.113853
025040107410003168d2a000a00000e2,2,2,29,322,276,685,545,1.01007,7320,7.247
025040107410003168d2a000a00000e2,2,2,30,322,276,685,545,1.01007,408,0.403931
025040107410003168d2a000a00000e2,2,2,31,322,276,685,545,1.01007,10669,10.5626
025040107410003168d2a000a00000e2,2,2,32,322,276,685,545,1.01007,113,0.111873
025040107410003168d2a000a00000e2,2,2,33,322,276,685,545,1.01007,5719,5.66196
025040107410003168d2a000a00000e2,2,2,34,322,276,685,545,1.01007,103,0.101973
025040107410003168d2a000a00000e2,2,2,35,322,276,685,545,1.01007,2658,2.63149
025040107410003168d2a000a00000e2,2,2,36,322,276,685,545,1.01007,1703,1.68602
025040107410003168d2a000a00000e2,2,2,37,322,276,685,545,1.01007,5467,5.41248
025040107410003168d2a000a00000e2,2,2,38,322,276,685,545,1.01007,8704,8.61719
025040107410003168d2a000a00000e2,2,2,39,322,276,685,545,1.01007,5608,5.55207
025040107410003168d2a000a00000e2,2,2,40,322,276,685,545,1.01007,1675,1.65829
025040107410003168d2a000a00000e2,2,2,41,322,276,685,545,1.01007,109,0.107913
025040107410003168d2a000a00000e2,2,2,42,322,276,685,545,1.01007,558,0.552435
025040107410003168d2a000a00000e2,2,2,43,322,276,685,545,1.01007,2476,2.45131
025040107410003168d2a000a00000e2,2,2,44,322,276,685,545,1.01007,66,0.0653418
025040107410003168d2a000a00000e2,2,2,45,322,276,685,545,1.01007,62,0.0613817
025040107410003168d2a000a00000e2,2,2,46,322,276,685,545,1.01007,84,0.0831623
025040107410003168d2a000a00000e2,2,2,47,322,276,685,545,1.01007,49,0.0485113
025040107410003168d2a000a00000e2,2,2,48,322,276,685,545,1.01007,114,0.112863
025040107410003168d2a000a00000e2,2,2,49,322,276,685,545,1.01007,69,0.0683119
025040107410003168d2a000a00000e2,2,2,50,322,276,685,545,1.01007,94,0.0930625
025040107410003168d2a000a00000e2,2,2,51,322,276,685,545,1.01007,67,0.0663318
025040107410003168d2a000a00000e2,2,2,52,322,276,685,545,1.01007,73,0.072272
025040107410003168d2a000a00000e2,2,2,53,322,276,685,545,1.01007,72,0.0712819
025040107410003168d2a000a00000e2,2,2,54,322,276,685,545,1.01007,61,0.0603916
025040107410003168d2a000a00000e2,2,2,55,322,276,685,545,1.01007,58,0.0574216
025040107410003168d2a000a00000e2,2,2,56,322,276,685,545,1.01007,115,0.113853
025040107410003168d2a000a00000e2,2,2,57,322,276,685,545,1.01007,57,0.0564315
025040107410003168d2a000a00000e2,2,2,58,322,276,685,545,1.01007,63,0.0623717
025040107410003168d2a000a00000e2,2,2,59,322,276,685,545,1.01007,52,0.0514814
025040107410003168d2a000a00000e2,2,2,60,322,276,685,545,1.01007,56,0.0554415
025040107410003168d2a000a00000e2,2,2,61,322,276,685,545,1.01007,43,0.0425712
025040107410003168d2a000a00000e2,2,2,62,322,276,685,545,1.01007,49,0.0485113
025040107410003168d2a000a00000e2,2,2,63,322,276,685,545,1.01007,45,0.0445512
025040107410003168d2a000a00000e2,2,2,0,322,276,686,545,1.00418,0,0
025040107410003168d2a000a00000e2,2,2,1,322,276,686,545,1.00418,30,0.0298753
025040107410003168d2a000a00000e2,2,2,2,322,276,686,545,1.00418,140,0.139418
025040107410003168d2a000a00000e2,2,2,3,322,276,686,545,1.00418,108,0.107551
025040107410003168d2a000a00000e2,2,2,4,322,276,686,545,1.00418,62,0.0617422
025040107410003168d2a000a00000e2,2,2,5,322,276,686,545,1.00418,31,0.0308711
025040107410003168d2a000a00000e2,2,2,6,322,276,686,545,1.00418,62,0.0617422
025040107410003168d2a000a00000e2,2,2,7,322,276,686,545,1.00418,37,0.0368462
025040107410003168d2a000a00000e2,2,2,8,322,276,686,545,1.00418,53,0.0527796
025040107410003168d2a000a00000e2,2,2,9,322,276,686,545,1.00418,114,0.113526
025040107410003168d2a000a00000e2,2,2,10,322,276,686,545,1.00418,140,0.139418
025040107410003168d2a000a00000e2,2,2,11,322,276,686,545,1.00418,116,0.115518
025040107410003168d2a000a00000e2,2,2,12,322,276,686,545,1.00418,76,0.075684
025040107410003168d2a000a00000e2,2,2,13,322,276,686,545,1.00418,96,0.0956008
025040107410003168d2a000a00000e2,2,2,14,322,276,686,545,1.00418,168,0.167301
025040107410003168d2a000a00000e2,2,2,15,322,276,686,545,1.00418,89,0.0886299
025040107410003168d2a000a00000e2,2,2,16,322,276,686,545,1.00418,205,0.204148
025040107410003168d2a000a00000e2,2,2,17,322,276,686,545,1.00418,67,0.0667214
025040107410003168d2a000a00000e2,2,2,18,322,276,686,545,1.00418,90,0.0896258
025040107410003168d2a000a00000e2,2,2,19,322,276,686,545,1.00418,68,0.0677173
025040107410003168d2a000a00000e2,2,2,20,322,276,686,545,1.00418,1667,1.66007
025040107410003168d2a000a00000e2,2,2,21,322,276,686,545,1.00418,7144,7.1143
025040107410003168d2a000a00000e2,2,2,22,322,276,686,545,1.00418,6396,6.36941
025040107410003168d2a000a00000e2,2,2,23,322,276,686,545,1.00418,9674,9.63378
025040107410003168d2a000a00000e2,2,2,24,322,276,686,545,1.00418,96,0.0956008
025040107410003168d2a000a00000e2,2,2,25,322,276,686,545,1.00418,72,0.0717006
025040107410003168d2a000a00000e2,2,2,26,322,276,686,545,1.00418,105,0.104563
025040107410003168d2a000a00000e2,2,2,27,322,276,686,545,1.00418,162,0.161326
025040107410003168d2a000a00000e2,2,2,28,322,276,686,545,1.00418,115,0.114522
025040107410003168d2a000a00000e2,2,2,29,322,276,686,545,1.00418,3840,3.82403
025040107410003168d2a000a00000e2,2,2,30,322,276,686,545,1.00418,219,0.218089
025040107410003168d2a000a00000e2,2,2,31,322,276,686,545,1.00418,10280,10.2373
025040107410003168d2a000a00000e2,2,2,32,322,276,686,545,1.00418,108,0.107551
025040107410003168d2a000a00000e2,2,2,33,322,276,686,545,1.00418,2391,2.38106
025040107410003168d2a000a00000e2,2,2,34,322,276,686,545,1.00418,86,0.0856424
025040107410003168d2a000a00000e2,2,2,35,322,276,686,545,1.00418,848,0.844474
025040107410003168d2a000a00000e2,2,2,36,322,276,686,545,1.00418,552,0.549705
025040107410003168d2a000a00000e2,2,2,37,322,276,686,545,1.00418,2203,2.19384
025040107410003168d2a000a00000e2,2,2,38,322,276,686,545,1.00418,5508,5.4851
025040107410003168d2a000a00000e2,2,2,39,322,276,686,545,1.00418,2366,2.35616
025040107410003168d2a000a00000e2,2,2,40,322,276,686,545,1.00418,530,0.527796
025040107410003168d2a000a00000e2,2,2,41,322,276,686,545,1.00418,96,0.0956008
025040107410003168d2a000a00000e2,2,2,42,322,276,686,545,1.00418,267,0.26589
025040107410003168d2a000a00000e2,2,2,43,322,276,686,545,1.00418,805,0.801653
025040107410003168d2a000a00000e2,2,2,44,322,276,686,545,1.00418,66,0.0657256
025040107410003168d2a000a00000e2,2,2,45,322,276,686,545,1.00418,62,0.0617422
025040107410003168d2a000a00000e2,2,2,46,322,276,686,545,1.00418,77,0.0766798
025040107410003168d2a000a00000e2,2,2,47,322,276,686,545,1.00418,44,0.043817
025040107410003168d2a000a00000e2,2,2,48,322,276,686,545,1.00418,109,0.108547
025040107410003168d2a000a00000e2,2,2,49,322,276,686,545,1.00418,69,0.0687131
025040107410003168d2a000a00000e2,2,2,50,322,276,686,545,1.00418,80,0.0796674
025040107410003168d2a000a00000e2,2,2,51,322,276,686,545,1.00418,66,0.0657256
025040107410003168d2a000a00000e2,2,2,52,322,276,686,545,1.00418,67,0.0667214
025040107410003168d2a000a00000e2,2,2,53,322,276,686,545,1.00418,65,0.0647297
025040107410003168d2a000a00000e2,2,2,54,322,276,686,545,1.00418,66,0.0657256
025040107410003168d2a000a00000e2,2,2,55,322,276,686,545,1.00418,59,0.0587547
025040107410003168d2a000a00000e2,2,2,56,322,276,686,545,1.00418,108,0.107551
025040107410003168d2a000a00000e2,2,2,57,322,276,686,545,1.00418,54,0.0537755
025040107410003168d2a000a00000e2,2,2,58,322,276,686,545,1.00418,64,0.0637339
025040107410003168d2a000a00000e2,2,2,59,322,276,686,545,1.00418,48,0.0478004
025040107410003168d2a000a00000e2,2,2,60,322,276,686,545,1.00418,56,0.0557672
025040107410003168d2a000a00000e2,2,2,61,322,276,686,545,1.00418,33,0.0328628
025040107410003168d2a000a00000e2,2,2,62,322,276,686,545,1.00418,42,0.0418254
025040107410003168d2a000a00000e2,2,2,63,322,276,686,545,1.00418,37,0.0368462
025040107410003168d2a000a00000e2,2,2,0,322,276,687,546,1.01155,0,0
025040107410003168d2a000a00000e2,2,2,1,322,276,687,546,1.01155,29,0.0286689
025040107410003168d2a000a00000e2,2,2,2,322,276,687,546,1.01155,64,0.0632694
025040107410003168d2a000a00000e2,2,2,3,322,276,687,546,1.01155,94,0.0929269
025040107410003168d2a000a00000e2,2,2,4,322,276,687,546,1.01155,47,0.0464634
025040107410003168d2a000a00000e2,2,2,5,322,276,687,546,1.01155,30,0.0296575
025040107410003168d2a000a00000e2,2,2,6,322,276,687,546,1.01155,48,0.047452
025040107410003168d2a000a00000e2,2,2,7,322,276,687,546,1.01155,36,0.035589
025040107410003168d2a000a00000e2,2,2,8,322,276,687,546,1.01155,41,0.0405319
025040107410003168d2a000a00000e2,2,2,9,322,276,687,546,1.01155,93,0.0919383
025040107410003168d2a000a00000e2,2,2,10,322,276,687,546,1.01155,114,0.112699
025040107410003168d2a000a00000e2,2,2,11,322,276,687,546,1.01155,97,0.0958926
025040107410003168d2a000a00000e2,2,2,12,322,276,687,546,1.01155,67,0.0662351
025040107410003168d2a000a00000e2,2,2,13,322,276,687,546,1.01155,84,0.083041
025040107410003168d2a000a00000e2,2,2,14,322,276,687,546,1.01155,138,0.136425
025040107410003168d2a000a00000e2,2,2,15,322,276,687,546,1.01155,74,0.0731552
025040107410003168d2a000a00000e2,2,2,16,322,276,687,546,1.01155,152,0.150265
025040107410003168d2a000a00000e2,2,2,17,322,276,687,546,1.01155,50,0.0494292
025040107410003168d2a000a00000e2,2,2,18,322,276,687,546,1.01155,75,0.0741438
025040107410003168d2a000a00000e2,2,2,19,322,276,687,546,1.01155,57,0.0563493
025040107410003168d2a000a00000e2,2,2,20,322,276,687,546,1.01155,530,0.523949
025040107410003168d2a000a00000e2,2,2,21,322,276,687,546,1.01155,3733,3.69038
025040107410003168d2a000a00000e2,2,2,22,322,276,687,546,1.01155,2898,2.86492
025040107410003168d2a000a00000e2,2,2,23,322,276,687,546,1.01155,7815,7.72578
025040107410003168d2a000a00000e2,2,2,24,322,276,687,546,1.01155,81,0.0800753
025040107410003168d2a000a00000e2,2,2,25,322,276,687,546,1.01155,60,0.059315
025040107410003168d2a000a00000e2,2,2,26,322,276,687,546,1.01155,91,0.0899611
025040107410003168d2a000a00000e2,2,2,27,322,276,687,546,1.01155,129,0.127527
025040107410003168d2a000a00000e2,2,2,28,322,276,687,546,1.01155,99,0.0978698
025040107410003168d2a000a00000e2,2,2,29,322,276,687,546,1.01155,1356,1.34052
025040107410003168d2a000a00000e2,2,2,30,322,276,687,546,1.01155,153,0.151253
025040107410003168d2a000a00000e2,2,2,31,322,276,687,546,1.01155,9643,9.53291
025040107410003168d2a000a00000e2,2,2,32,322,276,687,546,1.01155,100,0.0988584
025040107410003168d2a000a00000e2,2,2,33,322,276,687,546,1.01155,694,0.686077
025040107410003168d2a000a00000e2,2,2,34,322,276,687,546,1.01155,70,0.0692009
025040107410003168d2a000a00000e2,2,2,35,322,276,687,546,1.01155,326,0.322278
025040107410003168d2a000a00000e2,2,2,36,322,276,687,546,1.01155,248,0.245169
025040107410003168d2a000a00000e2,2,2,37,322,276,687,546,1.01155,650,0.642579
025040107410003168d2a000a00000e2,2,2,38,322,276,687,546,1.01155,2248,2.22234
025040107410003168d2a000a00000e2,2,2,39,322,276,687,546,1.01155,706,0.69794
025040107410003168d2a000a00000e2,2,2,40,322,276,687,546,1.01155,245,0.242203
025040107410003168d2a000a00000e2,2,2,41,322,276,687,546,1.01155,86,0.0850182
025040107410003168d2a000a00000e2,2,2,42,322,276,687,546,1.01155,170,0.168059
025040107410003168d2a000a00000e2,2,2,43,322,276,687,546,1.01155,272,0.268895
025040107410003168d2a000a00000e2,2,2,44,322,276,687,546,1.01155,54,0.0533835
025040107410003168d2a000a00000e2,2,2,45,322,276,687,546,1.01155,48,0.047452
025040107410003168d2a000a00000e2,2,2,46,322,276,687,546,1.01155,62,0.0612922
025040107410003168d2a000a00000e2,2,2,47,322,276,687,546,1.01155,40,0.0395433
025040107410003168d2a000a00000e2,2,2,48,322,276,687,546,1.01155,93,0.0919383
025040107410003168d2a000a00000e2,2,2,49,322,276,687,546,1.01155,53,0.0523949
025040107410003168d2a000a00000e2,2,2,50,322,276,687,546,1.01155,69,0.0682123
025040107410003168d2a000a00000e2,2,2,51,322,276,687,546,1.01155,51,0.0504178
025040107410003168d2a000a00000e2,2,2,52,322,276,687,546,1.01155,56,0.0553607
025040107410003168d2a000a00000e2,2,2,53,322,276,687,546,1.01155,54,0.0533835
025040107410003168d2a000a00000e2,2,2,54,322,276,687,546,1.01155,50,0.0494292
025040107410003168d2a000a00000e2,2,2,55,322,276,687,546,1.01155,45,0.0444863
025040107410003168d2a000a00000e2,2,2,56,322,276,687,546,1.01155,94,0.0929269
025040107410003168d2a000a00000e2,2,2,57,322,276,687,546,1.01155,41,0.0405319
025040107410003168d2a000a00000e2,2,2,58,322,276,687,546,1.01155,49,0.0484406
025040107410003168d2a000a00000e2,2,2,59,322,276,687,546,1.01155,40,0.0395433
025040107410003168d2a000a00000e2,2,2,60,322,276,687,546,1.01155,40,0.0395433
025040107410003168d2a000a00000e2,2,2,61,322,276,687,546,1.01155,32,0.0316347
025040107410003168d2a000a00000e2,2,2,62,322,276,687,546,1.01155,36,0.035589
025040107410003168d2a000a00000e2,2,2,63,322,276,687,546,1.01155,36,0.035589
025040107410003168d2a000a00000e2,2,2,0,322,276,688,547,1.05136,0,0
025040107410003168d2a000a00000e2,2,2,1,322,276,688,547,1.05136,21,0.0199741
025040107410003168d2a000a00000e2,2,2,2,322,276,688,547,1.05136,14,0.0133161
025040107410003168d2a000a00000e2,2,2,3,322,276,688,547,1.05136,72,0.0684826
025040107410003168d2a000a00000e2,2,2,4,322,276,688,547,1.05136,45,0.0428017
025040107410003168d2a000a00000e2,2,2,5,322,276,688,547,1.05136,22,0.0209253
025040107410003168d2a000a00000e2,2,2,6,322,276,688,547,1.05136,45,0.0428017
025040107410003168d2a000a00000e2,2,2,7,322,276,688,547,1.05136,29,0.0275833
025040107410003168d2a000a00000e2,2,2,8,322,276,688,547,1.05136,42,0.0399482
025040107410003168d2a000a00000e2,2,2,9,322,276,688,547,1.05136,69,0.0656292
025040107410003168d2a000a00000e2,2,2,10,322,276,688,547,1.05136,84,0.0798964
025040107410003168d2a000a00000e2,2,2,11,322,276,688,547,1.05136,75,0.0713361
025040107410003168d2a000a00000e2,2,2,12,322,276,688,547,1.05136,54,0.051362
025040107410003168d2a000a00000e2,2,2,13,322,276,688,547,1.05136,67,0.0637269
025040107410003168d2a000a00000e2,2,2,14,322,276,688,547,1.05136,100,0.0951148
025040107410003168d2a000a00000e2,2,2,15,322,276,688,547,1.05136,57,0.0542154
025040107410003168d2a000a00000e2,2,2,16,322,276,688,547,1.05136,108,0.102724
025040107410003168d2a000a00000e2,2,2,17,322,276,688,547,1.05136,49,0.0466062
025040107410003168d2a000a00000e2,2,2,18,322,276,688,547,1.05136,63,0.0599223
025040107410003168d2a000a00000e2,2,2,19,322,276,688,547,1.05136,49,0.0466062
025040107410003168d2a000a00000e2,2,2,20,322,276,688,547,1.05136,218,0.20735
025040107410003168d2a000a00000e2,2,2,21,322,276,688,547,1.05136,1327,1.26217
025040107410003168d2a000a00000e2,2,2,22,322,276,688,547,1.05136,951,0.904542
025040107410003168d2a000a00000e2,2,2,23,322,276,688,547,1.05136,5302,5.04299
025040107410003168d2a000a00000e2,2,2,24,322,276,688,547,1.05136,63,0.0599223
025040107410003168d2a000a00000e2,2,2,25,322,276,688,547,1.05136,53,0.0504108
025040107410003168d2a000a00000e2,2,2,26,322,276,688,547,1.05136,72,0.0684826
025040107410003168d2a000a00000e2,2,2,27,322,276,688,547,1.05136,95,0.090359
025040107410003168d2a000a00000e2,2,2,28,322,276,688,547,1.05136,75,0.0713361
025040107410003168d2a000a00000e2,2,2,29,322,276,688,547,1.05136,470,0.447039
025040107410003168d2a000a00000e2,2,2,30,322,276,688,547,1.05136,120,0.114138
025040107410003168d2a000a00000e2,2,2,31,322,276,688,547,1.05136,9597,9.12817
025040107410003168d2a000a00000e2,2,2,32,322,276,688,547,1.05136,77,0.0732384
025040107410003168d2a000a00000e2,2,2,33,322,276,688,547,1.05136,272,0.258712
025040107410003168d2a000a00000e2,2,2,34,322,276,688,547,1.05136,62,0.0589712
025040107410003168d2a000a00000e2,2,2,35,322,276,688,547,1.05136,172,0.163597
025040107410003168d2a000a00000e2,2,2,36,322,276,688,547,1.05136,159,0.151233
025040107410003168d2a000a00000e2,2,2,37,322,276,688,547,1.05136,264,0.251103
025040107410003168d2a000a00000e2,2,2,38,322,276,688,547,1.05136,760,0.722872
025040107410003168d2a000a00000e2,2,2,39,322,276,688,547,1.05136,272,0.258712
025040107410003168d2a000a00000e2,2,2,40,322,276,688,547,1.05136,155,0.147428
025040107410003168d2a000a00000e2,2,2,41,322,276,688,547,1.05136,66,0.0627758
025040107410003168d2a000a00000e2,2,2,42,322,276,688,547,1.05136,128,0.121747
025040107410003168d2a000a00000e2,2,2,43,322,276,688,547,1.05136,166,0.157891
025040107410003168d2a000a00000e2,2,2,44,322,276,688,547,1.05136,56,0.0532643
025040107410003168d2a000a00000e2,2,2,45,322,276,688,547,1.05136,46,0.0437528
025040107410003168d2a000a00000e2,2,2,46,322,276,688,547,1.05136,58,0.0551666
025040107410003168d2a000a00000e2,2,2,47,322,276,688,547,1.05136,31,0.0294856
025040107410003168d2a000a00000e2,2,2,48,322,276,688,547,1.05136,77,0.0732384
025040107410003168d2a000a00000e2,2,2,49,322,276,688,547,1.05136,52,0.0494597
025040107410003168d2a000a00000e2,2,2,50,322,276,688,547,1.05136,60,0.0570689
025040107410003168d2a000a00000e2,2,2,51,322,276,688,547,1.05136,49,0.0466062
025040107410003168d2a000a00000e2,2,2,52,322,276,688,547,1.05136,59,0.0561177
025040107410003168d2a000a00000e2,2,2,53,322,276,688,547,1.05136,48,0.0456551
025040107410003168d2a000a00000e2,2,2,54,322,276,688,547,1.05136,53,0.0504108
025040107410003168d2a000a00000e2,2,2,55,322,276,688,547,1.05136,45,0.0428017
025040107410003168d2a000a00000e2,2,2,56,322,276,688,547,1.05136,75,0.0713361
025040107410003168d2a000a00000e2,2,2,57,322,276,688,547,1.05136,41,0.0389971
025040107410003168d2a000a00000e2,2,2,58,322,276,688,547,1.05136,50,0.0475574
025040107410003168d2a000a00000e2,2,2,59,322,276,688,547,1.05136,36,0.0342413
025040107410003168d2a000a00000e2,2,2,60,322,276,688,547,1.05136,44,0.0418505
025040107410003168d2a000a00000e2,2,2,61,322,276,688,547,1.05136,26,0.0247298
025040107410003168d2a000a00000e2,2,2,62,322,276,688,547,1.05136,31,0.0294856
025040107410003168d2a000a00000e2,2,2,63,322,276,688,547,1.05136,29,0.0275833
025040107410003168d2a000a00000e2,2,2,0,322,276,689,548,1.01745,0,0
025040107410003168d2a000a00000e2,2,2,1,322,276,689,548,1.01745,27,0.026537
025040107410003168d2a000a00000e2,2,2,2,322,276,689,548,1.01745,4,0.00393141
025040107410003168d2a000a00000e2,2,2,3,322,276,689,548,1.01745,62,0.0609369
025040107410003168d2a000a00000e2,2,2,4,322,276,689,548,1.01745,41,0.040297
025040107410003168d2a000a00000e2,2,2,5,322,276,689,548,1.01745,25,0.0245713
025040107410003168d2a000a00000e2,2,2,6,322,276,689,548,1.01745,43,0.0422627
025040107410003168d2a000a00000e2,2,2,7,322,276,689,548,1.01745,33,0.0324341
025040107410003168d2a000a00000e2,2,2,8,322,276,689,548,1.01745,41,0.040297
025040107410003168d2a000a00000e2,2,2,9,322,276,689,548,1.01745,64,0.0629026
025040107410003168d2a000a00000e2,2,2,10,322,276,689,548,1.01745,71,0.0697825
025040107410003168d2a000a00000e2,2,2,11,322,276,689,548,1.01745,65,0.0638854
025040107410003168d2a000a00000e2,2,2,12,322,276,689,548,1.01745,51,0.0501255
025040107410003168d2a000a00000e2,2,2,13,322,276,689,548,1.01745,62,0.0609369
025040107410003168d2a000a00000e2,2,2,14,322,276,689,548,1.01745,87,0.0855082
025040107410003168d2a000a00000e2,2,2,15,322,276,689,548,1.01745,53,0.0520912
025040107410003168d2a000a00000e2,2,2,16,322,276,689,548,1.01745,91,0.0894396
025040107410003168d2a000a00000e2,2,2,17,322,276,689,548,1.01745,46,0.0452112
025040107410003168d2a000a00000e2,2,2,18,322,276,689,548,1.01745,54,0.053074
025040107410003168d2a000a00000e2,2,2,19,322,276,689,548,1.01745,49,0.0481598
025040107410003168d2a000a00000e2,2,2,20,322,276,689,548,1.01745,128,0.125805
025040107410003168d2a000a00000e2,2,2,21,322,276,689,548,1.01745,360,0.353827
025040107410003168d2a000a00000e2,2,2,22,322,276,689,548,1.01745,303,0.297804
025040107410003168d2a000a00000e2,2,2,23,322,276,689,548,1.01745,2250,2.21142
025040107410003168d2a000a00000e2,2,2,24,322,276,689,548,1.01745,61,0.059954
025040107410003168d2a000a00000e2,2,2,25,322,276,689,548,1.01745,49,0.0481598
025040107410003168d2a000a00000e2,2,2,26,322,276,689,548,1.01745,70,0.0687997
025040107410003168d2a000a00000e2,2,2,27,322,276,689,548,1.01745,85,0.0835425
025040107410003168d2a000a00000e2,2,2,28,322,276,689,548,1.01745,70,0.0687997
025040107410003168d2a000a00000e2,2,2,29,322,276,689,548,1.01745,185,0.181828
025040107410003168d2a000a00000e2,2,2,30,322,276,689,548,1.01745,89,0.0874739
025040107410003168d2a000a00000e2,2,2,31,322,276,689,548,1.01745,8752,8.60193
025040107410003168d2a000a00000e2,2,2,32,322,276,689,548,1.01745,71,0.0697825
025040107410003168d2a000a00000e2,2,2,33,322,276,689,548,1.01745,138,0.135634
025040107410003168d2a000a00000e2,2,2,34,322,276,689,548,1.01745,56,0.0550398
025040107410003168d2a000a00000e2,2,2,35,322,276,689,548,1.01745,112,0.11008
025040107410003168d2a000a00000e2,2,2,36,322,276,689,548,1.01745,110,0.108114
025040107410003168d2a000a00000e2,2,2,37,322,276,689,548,1.01745,133,0.130719
025040107410003168d2a000a00000e2,2,2,38,322,276,689,548,1.01745,238,0.233919
025040107410003168d2a000a00000e2,2,2,39,322,276,689,548,1.01745,141,0.138582
025040107410003168d2a000a00000e2,2,2,40,322,276,689,548,1.01745,119,0.116959
025040107410003168d2a000a00000e2,2,2,41,322,276,689,548,1.01745,61,0.059954
025040107410003168d2a000a00000e2,2,2,42,322,276,689,548,1.01745,96,0.0943539
025040107410003168d2a000a00000e2,2,2,43,322,276,689,548,1.01745,112,0.11008
025040107410003168d2a000a00000e2,2,2,44,322,276,689,548,1.01745,50,0.0491426
025040107410003168d2a000a00000e2,2,2,45,322,276,689,548,1.01745,41,0.040297
025040107410003168d2a000a00000e2,2,2,46,322,276,689,548,1.01745,55,0.0540569
025040107410003168d2a000a00000e2,2,2,47,322,276,689,548,1.01745,34,0.033417
025040107410003168d2a000a00000e2,2,2,48,322,276,689,548,1.01745,68,0.066834
025040107410003168d2a000a00000e2,2,2,49,322,276,689,548,1.01745,48,0.0471769
025040107410003168d2a000a00000e2,2,2,50,322,276,689,548,1.01745,56,0.0550398
025040107410003168d2a000a00000e2,2,2,51,322,276,689,548,1.01745,44,0.0432455
025040107410003168d2a000a00000e2,2,2,52,322,276,689,548,1.01745,52,0.0511083
025040107410003168d2a000a00000e2,2,2,53,322,276,689,548,1.01745,44,0.0432455
025040107410003168d2a000a00000e2,2,2,54,322,276,689,548,1.01745,48,0.0471769
025040107410003168d2a000a00000e2,2,2,55,322,276,689,548,1.01745,42,0.0412798
025040107410003168d2a000a00000e2,2,2,56,322,276,689,548,1.01745,69,0.0678168
025040107410003168d2a000a00000e2,2,2,57,322,276,689,548,1.01745,40,0.0393141
025040107410003168d2a000a00000e2,2,2,58,322,276,689,548,1.01745,44,0.0432455
025040107410003168d2a000a00000e2,2,2,59,322,276,689,548,1.01745,34,0.033417
025040107410003168d2a000a00000e2,2,2,60,322,276,689,548,1.01745,39,0.0383313
025040107410003168d2a000a00000e2,2,2,61,322,276,689,548,1.01745,28,0.0275199
025040107410003168d2a000a00000e2,2,2,62,322,276,689,548,1.01745,35,0.0343998
025040107410003168d2a000a00000e2,2,2,63,322,276,689,548,1.01745,31,0.0304684
025040107410003168d2a000a00000e2,2,2,0,322,276,690,548,1.06758,0,0
025040107410003168d2a000a00000e2,2,2,1,322,276,690,548,1.06758,29,0.0271642
025040107410003168d2a000a00000e2,2,2,2,322,276,690,548,1.06758,2,0.00187339
025040107410003168d2a000a00000e2,2,2,3,322,276,690,548,1.06758,68,0.0636954
025040107410003168d2a000a00000e2,2,2,4,322,276,690,548,1.06758,49,0.0458981
025040107410003168d2a000a00000e2,2,2,5,322,276,690,548,1.06758,27,0.0252908
025040107410003168d2a000a00000e2,2,2,6,322,276,690,548,1.06758,50,0.0468348
025040107410003168d2a000a00000e2,2,2,7,322,276,690,548,1.06758,33,0.030911
025040107410003168d2a000a00000e2,2,2,8,322,276,690,548,1.06758,44,0.0412147
025040107410003168d2a000a00000e2,2,2,9,322,276,690,548,1.06758,70,0.0655688
025040107410003168d2a000a00000e2,2,2,10,322,276,690,548,1.06758,79,0.073999
025040107410003168d2a000a00000e2,2,2,11,322,276,690,548,1.06758,72,0.0674422
025040107410003168d2a000a00000e2,2,2,12,322,276,690,548,1.06758,58,0.0543284
025040107410003168d2a000a00000e2,2,2,13,322,276,690,548,1.06758,62,0.0580752
025040107410003168d2a000a00000e2,2,2,14,322,276,690,548,1.06758,93,0.0871128
025040107410003168d2a000a00000e2,2,2,15,322,276,690,548,1.06758,59,0.0552651
025040107410003168d2a000a00000e2,2,2,16,322,276,690,548,1.06758,93,0.0871128
025040107410003168d2a000a00000e2,2,2,17,322,276,690,548,1.06758,53,0.0496449
025040107410003168d2a000a00000e2,2,2,18,322,276,690,548,1.06758,61,0.0571385
025040107410003168d2a000a00000e2,2,2,19,322,276,690,548,1.06758,54,0.0505816
025040107410003168d2a000a00000e2,2,2,20,322,276,690,548,1.06758,118,0.11053
025040107410003168d2a000a00000e2,2,2,21,322,276,690,548,1.06758,184,0.172352
025040107410003168d2a000a00000e2,2,2,22,322,276,690,548,1.06758,173,0.162049
025040107410003168d2a000a00000e2,2,2,23,322,276,690,548,1.06758,789,0.739054
025040107410003168d2a000a00000e2,2,2,24,322,276,690,548,1.06758,63,0.0590119
025040107410003168d2a000a00000e2,2,2,25,322,276,690,548,1.06758,54,0.0505816
025040107410003168d2a000a00000e2,2,2,26,322,276,690,548,1.06758,72,0.0674422
025040107410003168d2a000a00000e2,2,2,27,322,276,690,548,1.06758,91,0.0852394
025040107410003168d2a000a00000e2,2,2,28,322,276,690,548,1.06758,78,0.0730623
025040107410003168d2a000a00000e2,2,2,29,322,276,690,548,1.06758,135,0.126454
025040107410003168d2a000a00000e2,2,2,30,322,276,690,548,1.06758,92,0.0861761
025040107410003168d2a000a00000e2,2,2,31,322,276,690,548,1.06758,8959,8.39187
025040107410003168d2a000a00000e2,2,2,32,322,276,690,548,1.06758,77,0.0721256
025040107410003168d2a000a00000e2,2,2,33,322,276,690,548,1.06758,116,0.108657
025040107410003168d2a000a00000e2,2,2,34,322,276,690,548,1.06758,62,0.0580752
025040107410003168d2a000a00000e2,2,2,35,322,276,690,548,1.06758,112,0.10491
025040107410003168d2a000a00000e2,2,2,36,322,276,690,548,1.06758,114,0.106783
025040107410003168d2a000a00000e2,2,2,37,322,276,690,548,1.06758,120,0.112404
025040107410003168d2a000a00000e2,2,2,38,322,276,690,548,1.06758,154,0.144251
025040107410003168d2a000a00000e2,2,2,39,322,276,690,548,1.06758,130,0.121771
025040107410003168d2a000a00000e2,2,2,40,322,276,690,548,1.06758,110,0.103037
025040107410003168d2a000a00000e2,2,2,41,322,276,690,548,1.06758,63,0.0590119
025040107410003168d2a000a00000e2,2,2,42,322,276,690,548,1.06758,100,0.0936697
025040107410003168d2a000a00000e2,2,2,43,322,276,690,548,1.06758,106,0.0992898
025040107410003168d2a000a00000e2,2,2,44,322,276,690,548,1.06758,57,0.0533917
025040107410003168d2a000a00000e2,2,2,45,322,276,690,548,1.06758,49,0.0458981
025040107410003168d2a000a00000e2,2,2,46,322,276,690,548,1.06758,59,0.0552651
025040107410003168d2a000a00000e2,2,2,47,322,276,690,548,1.06758,38,0.0355945
025040107410003168d2a000a00000e2,2,2,48,322,276,690,548,1.06758,72,0.0674422
025040107410003168d2a000a00000e2,2,2,49,322,276,690,548,1.06758,54,0.0505816
025040107410003168d2a000a00000e2,2,2,50,322,276,690,548,1.06758,60,0.0562018
025040107410003168d2a000a00000e2,2,2,51,322,276,690,548,1.06758,51,0.0477715
025040107410003168d2a000a00000e2,2,2,52,322,276,690,548,1.06758,58,0.0543284
025040107410003168d2a000a00000e2,2,2,53,322,276,690,548,1.06758,51,0.0477715
025040107410003168d2a000a00000e2,2,2,54,322,276,690,548,1.06758,52,0.0487082
025040107410003168d2a000a00000e2,2,2,55,322,276,690,548,1.06758,47,0.0440247
025040107410003168d2a000a00000e2,2,2,56,322,276,690,548,1.06758,73,0.0683789
025040107410003168d2a000a00000e2,2,2,57,322,276,690,548,1.06758,43,0.040278
025040107410003168d2a000a00000e2,2,2,58,322,276,690,548,1.06758,50,0.0468348
025040107410003168d2a000a00000e2,2,2,59,322,276,690,548,1.06758,40,0.0374679
025040107410003168d2a000a00000e2,2,2,60,322,276,690,548,1.06758,47,0.0440247
025040107410003168d2a000a00000e2,2,2,61,322,276,690,548,1.06758,32,0.0299743
025040107410003168d2a000a00000e2,2,2,62,322,276,690,548,1.06758,35,0.0327844
025040107410003168d2a000a00000e2,2,2,63,322,276,690,548,1.06758,33,0.030911
025040107410003168d2a000a00000e2,2,2,0,322,276,691,549,1.07938,0,0
025040107410003168d2a000a00000e2,2,2,1,322,276,691,549,1.07938,25,0.0231615
025040107410003168d2a000a00000e2,2,2,2,322,276,691,549,1.07938,0,0
025040107410003168d2a000a00000e2,2,2,3,322,276,691,549,1.07938,62,0.0574405
025040107410003168d2a000a00000e2,2,2,4,322,276,691,549,1.07938,46,0.0426171
025040107410003168d2a000a00000e2,2,2,5,322,276,691,549,1.07938,25,0.0231615
025040107410003168d2a000a00000e2,2,2,6,322,276,691,549,1.07938,46,0.0426171
025040107410003168d2a000a00000e2,2,2,7,322,276,691,549,1.07938,32,0.0296467
025040107410003168d2a000a00000e2,2,2,8,322,276,691,549,1.07938,43,0.0398378
025040107410003168d2a000a00000e2,2,2,9,322,276,691,549,1.07938,66,0.0611463
025040107410003168d2a000a00000e2,2,2,10,322,276,691,549,1.07938,77,0.0713374
025040107410003168d2a000a00000e2,2,2,11,322,276,691,549,1.07938,66,0.0611463
025040107410003168d2a000a00000e2,2,2,12,322,276,691,549,1.07938,54,0.0500288
025040107410003168d2a000a00000e2,2,2,13,322,276,691,549,1.07938,60,0.0555876
025040107410003168d2a000a00000e2,2,2,14,322,276,691,549,1.07938,91,0.0843078
025040107410003168d2a000a00000e2,2,2,15,322,276,691,549,1.07938,55,0.0509553
025040107410003168d2a000a00000e2,2,2,16,322,276,691,549,1.07938,92,0.0852343
025040107410003168d2a000a00000e2,2,2,17,322,276,691,549,1.07938,50,0.046323
025040107410003168d2a000a00000e2,2,2,18,322,276,691,549,1.07938,56,0.0518817
025040107410003168d2a000a00000e2,2,2,19,322,276,691,549,1.07938,52,0.0481759
025040107410003168d2a000a00000e2,2,2,20,322,276,691,549,1.07938,114,0.105616
025040107410003168d2a000a00000e2,2,2,21,322,276,691,549,1.07938,153,0.141748
025040107410003168d2a000a00000e2,2,2,22,322,276,691,549,1.07938,159,0.147307
025040107410003168d2a000a00000e2,2,2,23,322,276,691,549,1.07938,339,0.31407
025040107410003168d2a000a00000e2,2,2,24,322,276,691,549,1.07938,60,0.0555876
025040107410003168d2a000a00000e2,2,2,25,322,276,691,549,1.07938,52,0.0481759
025040107410003168d2a000a00000e2,2,2,26,322,276,691,549,1.07938,68,0.0629993
025040107410003168d2a000a00000e2,2,2,27,322,276,691,549,1.07938,91,0.0843078
025040107410003168d2a000a00000e2,2,2,28,322,276,691,549,1.07938,77,0.0713374
025040107410003168d2a000a00000e2,2,2,29,322,276,691,549,1.07938,133,0.123219
025040107410003168d2a000a00000e2,2,2,30,322,276,691,549,1.07938,94,0.0870872
025040107410003168d2a000a00000e2,2,2,31,322,276,691,549,1.07938,10635,9.8529
025040107410003168d2a000a00000e2,2,2,32,322,276,691,549,1.07938,76,0.0704109
025040107410003168d2a000a00000e2,2,2,33,322,276,691,549,1.07938,104,0.0963518
025040107410003168d2a000a00000e2,2,2,34,322,276,691,549,1.07938,57,0.0528082
025040107410003168d2a000a00000e2,2,2,35,322,276,691,549,1.07938,108,0.100058
025040107410003168d2a000a00000e2,2,2,36,322,276,691,549,1.07938,110,0.101911
025040107410003168d2a000a00000e2,2,2,37,322,276,691,549,1.07938,106,0.0982047
025040107410003168d2a000a00000e2,2,2,38,322,276,691,549,1.07938,149,0.138042
025040107410003168d2a000a00000e2,2,2,39,322,276,691,549,1.07938,133,0.123219
025040107410003168d2a000a00000e2,2,2,40,322,276,691,549,1.07938,120,0.111175
025040107410003168d2a000a00000e2,2,2,41,322,276,691,549,1.07938,63,0.058367
025040107410003168d2a000a00000e2,2,2,42,322,276,691,549,1.07938,107,0.0991312
025040107410003168d2a000a00000e2,2,2,43,322,276,691,549,1.07938,105,0.0972783
025040107410003168d2a000a00000e2,2,2,44,322,276,691,549,1.07938,55,0.0509553
025040107410003168d2a000a00000e2,2,2,45,322,276,691,549,1.07938,48,0.0444701
025040107410003168d2a000a00000e2,2,2,46,322,276,691,549,1.07938,57,0.0528082
025040107410003168d2a000a00000e2,2,2,47,322,276,691,549,1.07938,36,0.0333525
025040107410003168d2a000a00000e2,2,2,48,322,276,691,549,1.07938,75,0.0694845
025040107410003168d2a000a00000e2,2,2,49,322,276,691,549,1.07938,49,0.0453965
025040107410003168d2a000a00000e2,2,2,50,322,276,691,549,1.07938,59,0.0546611
025040107410003168d2a000a00000e2,2,2,51,322,276,691,549,1.07938,49,0.0453965
025040107410003168d2a000a00000e2,2,2,52,322,276,691,549,1.07938,56,0.0518817
025040107410003168d2a000a00000e2,2,2,53,322,276,691,549,1.07938,49,0.0453965
025040107410003168d2a000a00000e2,2,2,54,322,276,691,549,1.07938,51,0.0472494
025040107410003168d2a000a00000e2,2,2,55,322,276,691,549,1.07938,47,0.0435436
025040107410003168d2a000a00000e2,2,2,56,322,276,691,549,1.07938,70,0.0648522
025040107410003168d2a000a00000e2,2,2,57,322,276,691,549,1.07938,39,0.0361319
025040107410003168d2a000a00000e2,2,2,58,322,276,691,549,1.07938,47,0.0435436
025040107410003168d2a000a00000e2,2,2,59,322,276,691,549,1.07938,37,0.034279
025040107410003168d2a000a00000e2,2,2,60,322,276,691,549,1.07938,42,0.0389113
025040107410003168d2a000a00000e2,2,2,61,322,276,691,549,1.07938,32,0.0296467
025040107410003168d2a000a00000e2,2,2,62,322,276,691,549,1.07938,36,0.0333525
025040107410003168d2a000a00000e2,2,2,63,322,276,691,549,1.07938,32,0.0296467
025040107410003168d2a000a00000e2,2,2,0,322,276,692,550,1.07495,0,0
025040107410003168d2a000a00000e2,2,2,1,322,276,692,550,1.07495,13,0.0120935
025040107410003168d2a000a00000e2,2,2,2,322,276,692,550,1.07495,0,0
025040107410003168d2a000a00000e2,2,2,3,322,276,692,550,1.07495,35,0.0325595
025040107410003168d2a000a00000e2,2,2,4,322,276,692,550,1.07495,25,0.0232568
025040107410003168d2a000a00000e2,2,2,5,322,276,692,550,1.07495,13,0.0120935
025040107410003168d2a000a00000e2,2,2,6,322,276,692,550,1.07495,28,0.0260476
025040107410003168d2a000a00000e2,2,2,7,322,276,692,550,1.07495,16,0.0148844
025040107410003168d2a000a00000e2,2,2,8,322,276,692,550,1.07495,21,0.0195357
025040107410003168d2a000a00000e2,2,2,9,322,276,692,550,1.07495,36,0.0334898
025040107410003168d2a000a00000e2,2,2,10,322,276,692,550,1.07495,44,0.040932
025040107410003168d2a000a00000e2,2,2,11,322,276,692,550,1.07495,39,0.0362806
025040107410003168d2a000a00000e2,2,2,12,322,276,692,550,1.07495,31,0.0288384
025040107410003168d2a000a00000e2,2,2,13,322,276,692,550,1.07495,33,0.030699
025040107410003168d2a000a00000e2,2,2,14,322,276,692,550,1.07495,53,0.0493044
025040107410003168d2a000a00000e2,2,2,15,322,276,692,550,1.07495,33,0.030699
025040107410003168d2a000a00000e2,2,2,16,322,276,692,550,1.07495,55,0.051165
025040107410003168d2a000a00000e2,2,2,17,322,276,692,550,1.07495,29,0.0269779
025040107410003168d2a000a00000e2,2,2,18,322,276,692,550,1.07495,34,0.0316293
025040107410003168d2a000a00000e2,2,2,19,322,276,692,550,1.07495,29,0.0269779
025040107410003168d2a000a00000e2,2,2,20,322,276,692,550,1.07495,62,0.0576769
025040107410003168d2a000a00000e2,2,2,21,322,276,692,550,1.07495,73,0.0679099
025040107410003168d2a000a00000e2,2,2,22,322,276,692,550,1.07495,77,0.071631
025040107410003168d2a000a00000e2,2,2,23,322,276,692,550,1.07495,138,0.128378
025040107410003168d2a000a00000e2,2,2,24,322,276,692,550,1.07495,37,0.0344201
025040107410003168d2a000a00000e2,2,2,25,322,276,692,550,1.07495,29,0.0269779
025040107410003168d2a000a00000e2,2,2,26,322,276,692,550,1.07495,42,0.0390714
025040107410003168d2a000a00000e2,2,2,27,322,276,692,550,1.07495,49,0.0455833
025040107410003168d2a000a00000e2,2,2,28,322,276,692,550,1.07495,43,0.0400017
025040107410003168d2a000a00000e2,2,2,29,322,276,692,550,1.07495,69,0.0641888
025040107410003168d2a000a00000e2,2,2,30,322,276,692,550,1.07495,52,0.0483742
025040107410003168d2a000a00000e2,2,2,31,322,276,692,550,1.07495,8683,8.07755
025040107410003168d2a000a00000e2,2,2,32,322,276,692,550,1.07495,44,0.040932
025040107410003168d2a000a00000e2,2,2,33,322,276,692,550,1.07495,59,0.0548861
025040107410003168d2a000a00000e2,2,2,34,322,276,692,550,1.07495,35,0.0325595
025040107410003168d2a000a00000e2,2,2,35,322,276,692,550,1.07495,61,0.0567466
025040107410003168d2a000a00000e2,2,2,36,322,276,692,550,1.07495,66,0.061398
025040107410003168d2a000a00000e2,2,2,37,322,276,692,550,1.07495,62,0.0576769
025040107410003168d2a000a00000e2,2,2,38,322,276,692,550,1.07495,75,0.0697704
025040107410003168d2a000a00000e2,2,2,39,322,276,692,550,1.07495,68,0.0632585
025040107410003168d2a000a00000e2,2,2,40,322,276,692,550,1.07495,66,0.061398
025040107410003168d2a000a00000e2,2,2,41,322,276,692,550,1.07495,34,0.0316293
025040107410003168d2a000a00000e2,2,2,42,322,276,692,550,1.07495,61,0.0567466
025040107410003168d2a000a00000e2,2,2,43,322,276,692,550,1.07495,56,0.0520952
025040107410003168d2a000a00000e2,2,2,44,322,276,692,550,1.07495,33,0.030699
025040107410003168d2a000a00000e2,2,2,45,322,276,692,550,1.07495,26,0.0241871
025040107410003168d2a000a00000e2,2,2,46,322,276,692,550,1.07495,34,0.0316293
025040107410003168d2a000a00000e2,2,2,47,322,276,692,550,1.07495,20,0.0186054
025040107410003168d2a000a00000e2,2,2,48,322,276,692,550,1.07495,43,0.0400017
025040107410003168d2a000a00000e2,2,2,49,322,276,692,550,1.07495,28,0.0260476
025040107410003168d2a000a00000e2,2,2,50,322,276,692,550,1.07495,35,0.0325595
025040107410003168d2a000a00000e2,2,2,51,322,276,692,550,1.07495,28,0.0260476
025040107410003168d2a000a00000e2,2,2,52,322,276,692,550,1.07495,33,0.030699
025040107410003168d2a000a00000e2,2,2,53,322,276,692,550,1.07495,28,0.0260476
025040107410003168d2a000a00000e2,2,2,54,322,276,692,550,1.07495,31,0.0288384
025040107410003168d2a000a00000e2,2,2,55,322,276,692,550,1.07495,25,0.0232568
025040107410003168d2a000a00000e2,2,2,56,322,276,692,550,1.07495,42,0.0390714
025040107410003168d2a000a00000e2,2,2,57,322,276,692,550,1.07495,20,0.0186054
025040107410003168d2a000a00000e2,2,2,58,322,276,692,550,1.07495,30,0.0279082
025040107410003168d2a000a00000e2,2,2,59,322,276,692,550,1.07495,20,0.0186054
025040107410003168d2a000a00000e2,2,2,60,322,276,692,550,1.07495,24,0.0223265
025040107410003168d2a000a00000e2,2,2,61,322,276,692,550,1.07495,17,0.0158146
025040107410003168d2a000a00000e2,2,2,62,322,276,692,550,1.07495,19,0.0176752
025040107410003168d2a000a00000e2,2,2,63,322,276,692,550,1.07495,17,0.0158146
025040107410003168d2a000a00000e2,2,2,0,322,276,693,551,1.09265,0,0
025040107410003168d2a000a00000e2,2,2,1,322,276,693,551,1.09265,17,0.0155585
025040107410003168d2a000a00000e2,2,2,2,322,276,693,551,1.09265,0,0
025040107410003168d2a000a00000e2,2,2,3,322,276,693,551,1.09265,53,0.048506
025040107410003168d2a000a00000e2,2,2,4,322,276,693,551,1.09265,39,0.0356931
025040107410003168d2a000a00000e2,2,2,5,322,276,693,551,1.09265,16,0.0146433
025040107410003168d2a000a00000e2,2,2,6,322,276,693,551,1.09265,41,0.0375235
025040107410003168d2a000a00000e2,2,2,7,322,276,693,551,1.09265,26,0.0237954
025040107410003168d2a000a00000e2,2,2,8,322,276,693,551,1.09265,31,0.0283714
025040107410003168d2a000a00000e2,2,2,9,322,276,693,551,1.09265,55,0.0503364
025040107410003168d2a000a00000e2,2,2,10,322,276,693,551,1.09265,61,0.0558276
025040107410003168d2a000a00000e2,2,2,11,322,276,693,551,1.09265,56,0.0512516
025040107410003168d2a000a00000e2,2,2,12,322,276,693,551,1.09265,49,0.0448451
025040107410003168d2a000a00000e2,2,2,13,322,276,693,551,1.09265,51,0.0466756
025040107410003168d2a000a00000e2,2,2,14,322,276,693,551,1.09265,69,0.0631493
025040107410003168d2a000a00000e2,2,2,15,322,276,693,551,1.09265,49,0.0448451
025040107410003168d2a000a00000e2,2,2,16,322,276,693,551,1.09265,68,0.0622341
025040107410003168d2a000a00000e2,2,2,17,322,276,693,551,1.09265,46,0.0420995
025040107410003168d2a000a00000e2,2,2,18,322,276,693,551,1.09265,52,0.0475908
025040107410003168d2a000a00000e2,2,2,19,322,276,693,551,1.09265,47,0.0430147
025040107410003168d2a000a00000e2,2,2,20,322,276,693,551,1.09265,76,0.0695557
025040107410003168d2a000a00000e2,2,2,21,322,276,693,551,1.09265,85,0.0777926
025040107410003168d2a000a00000e2,2,2,22,322,276,693,551,1.09265,90,0.0823686
025040107410003168d2a000a00000e2,2,2,23,322,276,693,551,1.09265,122,0.111655
025040107410003168d2a000a00000e2,2,2,24,322,276,693,551,1.09265,56,0.0512516
025040107410003168d2a000a00000e2,2,2,25,322,276,693,551,1.09265,46,0.0420995
025040107410003168d2a000a00000e2,2,2,26,322,276,693,551,1.09265,59,0.0539972
025040107410003168d2a000a00000e2,2,2,27,322,276,693,551,1.09265,69,0.0631493
025040107410003168d2a000a00000e2,2,2,28,322,276,693,551,1.09265,61,0.0558276
025040107410003168d2a000a00000e2,2,2,29,322,276,693,551,1.09265,82,0.075047
025040107410003168d2a000a00000e2,2,2,30,322,276,693,551,1.09265,67,0.0613189
025040107410003168d2a000a00000e2,2,2,31,322,276,693,551,1.09265,7689,7.03703
025040107410003168d2a000a00000e2,2,2,32,322,276,693,551,1.09265,61,0.0558276
025040107410003168d2a000a00000e2,2,2,33,322,276,693,551,1.09265,76,0.0695557
025040107410003168d2a000a00000e2,2,2,34,322,276,693,551,1.09265,51,0.0466756
025040107410003168d2a000a00000e2,2,2,35,322,276,693,551,1.09265,78,0.0713861
025040107410003168d2a000a00000e2,2,2,36,322,276,693,551,1.09265,79,0.0723014
025040107410003168d2a000a00000e2,2,2,37,322,276,693,551,1.09265,78,0.0713861
025040107410003168d2a000a00000e2,2,2,38,322,276,693,551,1.09265,95,0.0869447
025040107410003168d2a000a00000e2,2,2,39,322,276,693,551,1.09265,82,0.075047
025040107410003168d2a000a00000e2,2,2,40,322,276,693,551,1.09265,83,0.0759622
025040107410003168d2a000a00000e2,2,2,41,322,276,693,551,1.09265,51,0.0466756
025040107410003168d2a000a00000e2,2,2,42,322,276,693,551,1.09265,75,0.0686405
025040107410003168d2a000a00000e2,2,2,43,322,276,693,551,1.09265,71,0.0649797
025040107410003168d2a000a00000e2,2,2,44,322,276,693,551,1.09265,49,0.0448451
025040107410003168d2a000a00000e2,2,2,45,322,276,693,551,1.09265,41,0.0375235
025040107410003168d2a000a00000e2,2,2,46,322,276,693,551,1.09265,53,0.048506
025040107410003168d2a000a00000e2,2,2,47,322,276,693,551,1.09265,27,0.0247106
025040107410003168d2a000a00000e2,2,2,48,322,276,693,551,1.09265,61,0.0558276
025040107410003168d2a000a00000e2,2,2,49,322,276,693,551,1.09265,44,0.0402691
025040107410003168d2a000a00000e2,2,2,50,322,276,693,551,1.09265,55,0.0503364
025040107410003168d2a000a00000e2,2,2,51,322,276,693,551,1.09265,44,0.0402691
025040107410003168d2a000a00000e2,2,2,52,322,276,693,551,1.09265,51,0.0466756
025040107410003168d2a000a00000e2,2,2,53,322,276,693,551,1.09265,39,0.0356931
025040107410003168d2a000a00000e2,2,2,54,322,276,693,551,1.09265,46,0.0420995
025040107410003168d2a000a00000e2,2,2,55,322,276,693,551,1.09265,37,0.0338627
025040107410003168d2a000a00000e2,2,2,56,322,276,693,551,1.09265,59,0.0539972
025040107410003168d2a000a00000e2,2,2,57,322,276,693,551,1.09265,33,0.0302018
025040107410003168d2a000a00000e2,2,2,58,322,276,693,551,1.09265,44,0.0402691
025040107410003168d2a000a00000e2,2,2,59,322,276,693,551,1.09265,29,0.026541
025040107410003168d2a000a00000e2,2,2,60,322,276,693,551,1.09265,36,0.0329475
025040107410003168d2a000a00000e2,2,2,61,322,276,693,551,1.09265,22,0.0201346
025040107410003168d2a000a00000e2,2,2,62,322,276,693,551,1.09265,28,0.0256258
025040107410003168d2a000a00000e2,2,2,63,322,276,693,551,1.09265,26,0.0237954
025040107410003168d2a000a00000e2,2,2,0,322,276,694,552,1.0086,0,0
025040107410003168d2a000a00000e2,2,2,1,322,276,694,552,1.0086,26,0.0257783
025040107410003168d2a000a00000e2,2,2,2,322,276,694,552,1.0086,0,0
025040107410003168d2a000a00000e2,2,2,3,322,276,694,552,1.0086,52,0.0515567
025040107410003168d2a000a00000e2,2,2,4,322,276,694,552,1.0086,41,0.0406504
025040107410003168d2a000a00000e2,2,2,5,322,276,694,552,1.0086,26,0.0257783
025040107410003168d2a000a00000e2,2,2,6,322,276,694,552,1.0086,43,0.0426334
025040107410003168d2a000a00000e2,2,2,7,322,276,694,552,1.0086,36,0.0356931
025040107410003168d2a000a00000e2,2,2,8,322,276,694,552,1.0086,39,0.0386675
025040107410003168d2a000a00000e2,2,2,9,322,276,694,552,1.0086,53,0.0525481
025040107410003168d2a000a00000e2,2,2,10,322,276,694,552,1.0086,57,0.056514
025040107410003168d2a000a00000e2,2,2,11,322,276,694,552,1.0086,53,0.0525481
025040107410003168d2a000a00000e2,2,2,12,322,276,694,552,1.0086,51,0.0505652
025040107410003168d2a000a00000e2,2,2,13,322,276,694,552,1.0086,52,0.0515567
025040107410003168d2a000a00000e2,2,2,14,322,276,694,552,1.0086,70,0.0694032
025040107410003168d2a000a00000e2,2,2,15,322,276,694,552,1.0086,51,0.0505652
025040107410003168d2a000a00000e2,2,2,16,322,276,694,552,1.0086,71,0.0703947
025040107410003168d2a000a00000e2,2,2,17,322,276,694,552,1.0086,51,0.0505652
025040107410003168d2a000a00000e2,2,2,18,322,276,694,552,1.0086,53,0.0525481
025040107410003168d2a000a00000e2,2,2,19,322,276,694,552,1.0086,48,0.0475908
025040107410003168d2a000a00000e2,2,2,20,322,276,694,552,1.0086,82,0.0813009
025040107410003168d2a000a00000e2,2,2,21,322,276,694,552,1.0086,83,0.0822924
025040107410003168d2a000a00000e2,2,2,22,322,276,694,552,1.0086,87,0.0862583
025040107410003168d2a000a00000e2,2,2,23,322,276,694,552,1.0086,104,0.103113
025040107410003168d2a000a00000e2,2,2,24,322,276,694,552,1.0086,56,0.0555226
025040107410003168d2a000a00000e2,2,2,25,322,276,694,552,1.0086,48,0.0475908
025040107410003168d2a000a00000e2,2,2,26,322,276,694,552,1.0086,60,0.0594885
025040107410003168d2a000a00000e2,2,2,27,322,276,694,552,1.0086,71,0.0703947
025040107410003168d2a000a00000e2,2,2,28,322,276,694,552,1.0086,60,0.0594885
025040107410003168d2a000a00000e2,2,2,29,322,276,694,552,1.0086,86,0.0852668
025040107410003168d2a000a00000e2,2,2,30,322,276,694,552,1.0086,72,0.0713861
025040107410003168d2a000a00000e2,2,2,31,322,276,694,552,1.0086,7666,7.60064
025040107410003168d2a000a00000e2,2,2,32,322,276,694,552,1.0086,61,0.0604799
025040107410003168d2a000a00000e2,2,2,33,322,276,694,552,1.0086,73,0.0723776
025040107410003168d2a000a00000e2,2,2,34,322,276,694,552,1.0086,54,0.0535396
025040107410003168d2a000a00000e2,2,2,35,322,276,694,552,1.0086,83,0.0822924
025040107410003168d2a000a00000e2,2,2,36,322,276,694,552,1.0086,84,0.0832838
025040107410003168d2a000a00000e2,2,2,37,322,276,694,552,1.0086,79,0.0783265
025040107410003168d2a000a00000e2,2,2,38,322,276,694,552,1.0086,88,0.0872497
025040107410003168d2a000a00000e2,2,2,39,322,276,694,552,1.0086,89,0.0882412
025040107410003168d2a000a00000e2,2,2,40,322,276,694,552,1.0086,85,0.0842753
025040107410003168d2a000a00000e2,2,2,41,322,276,694,552,1.0086,52,0.0515567
025040107410003168d2a000a00000e2,2,2,42,322,276,694,552,1.0086,81,0.0803094
025040107410003168d2a000a00000e2,2,2,43,322,276,694,552,1.0086,78,0.077335
025040107410003168d2a000a00000e2,2,2,44,322,276,694,552,1.0086,51,0.0505652
025040107410003168d2a000a00000e2,2,2,45,322,276,694,552,1.0086,42,0.0416419
025040107410003168d2a000a00000e2,2,2,46,322,276,694,552,1.0086,57,0.056514
025040107410003168d2a000a00000e2,2,2,47,322,276,694,552,1.0086,37,0.0366845
025040107410003168d2a000a00000e2,2,2,48,322,276,694,552,1.0086,61,0.0604799
025040107410003168d2a000a00000e2,2,2,49,322,276,694,552,1.0086,48,0.0475908
025040107410003168d2a000a00000e2,2,2,50,322,276,694,552,1.0086,58,0.0575055
025040107410003168d2a000a00000e2,2,2,51,322,276,694,552,1.0086,46,0.0456078
025040107410003168d2a000a00000e2,2,2,52,322,276,694,552,1.0086,54,0.0535396
025040107410003168d2a000a00000e2,2,2,53,322,276,694,552,1.0086,45,0.0446163
025040107410003168d2a000a00000e2,2,2,54,322,276,694,552,1.0086,48,0.0475908
025040107410003168d2a000a00000e2,2,2,55,322,276,694,552,1.0086,43,0.0426334
025040107410003168d2a000a00000e2,2,2,56,322,276,694,552,1.0086,58,0.0575055
025040107410003168d2a000a00000e2,2,2,57,322,276,694,552,1.0086,39,0.0386675
025040107410003168d2a000a00000e2,2,2,58,322,276,694,552,1.0086,45,0.0446163
025040107410003168d2a000a00000e2,2,2,59,322,276,694,552,1.0086,38,0.037676
025040107410003168d2a000a00000e2,2,2,60,322,276,694,552,1.0086,38,0.037676
025040107410003168d2a000a00000e2,2,2,61,322,276,694,552,1.0086,31,0.0307357
025040107410003168d2a000a00000e2,2,2,62,322,276,694,552,1.0086,38,0.037676
025040107410003168d2a000a00000e2,2,2,63,322,276,694,552,1.0086,34,0.0337101
025040107410003168d2a000a00000e2,2,2,0,322,276,695,552,1.09265,0,0
025040107410003168d2a000a00000e2,2,2,1,322,276,695,552,1.09265,26,0.0237954
025040107410003168d2a000a00000e2,2,2,2,322,276,695,552,1.09265,0,0
025040107410003168d2a000a00000e2,2,2,3,322,276,695,552,1.09265,54,0.0494212
025040107410003168d2a000a00000e2,2,2,4,322,276,695,552,1.09265,43,0.0393539
025040107410003168d2a000a00000e2,2,2,5,322,276,695,552,1.09265,25,0.0228802
025040107410003168d2a000a00000e2,2,2,6,322,276,695,552,1.09265,46,0.0420995
025040107410003168d2a000a00000e2,2,2,7,322,276,695,552,1.09265,33,0.0302018
025040107410003168d2a000a00000e2,2,2,8,322,276,695,552,1.09265,38,0.0347779
025040107410003168d2a000a00000e2,2,2,9,322,276,695,552,1.09265,54,0.0494212
025040107410003168d2a000a00000e2,2,2,10,322,276,695,552,1.09265,58,0.053082
025040107410003168d2a000a00000e2,2,2,11,322,276,695,552,1.09265,56,0.0512516
025040107410003168d2a000a00000e2,2,2,12,322,276,695,552,1.09265,52,0.0475908
025040107410003168d2a000a00000e2,2,2,13,322,276,695,552,1.09265,54,0.0494212
025040107410003168d2a000a00000e2,2,2,14,322,276,695,552,1.09265,64,0.0585732
025040107410003168d2a000a00000e2,2,2,15,322,276,695,552,1.09265,51,0.0466756
025040107410003168d2a000a00000e2,2,2,16,322,276,695,552,1.09265,64,0.0585732
025040107410003168d2a000a00000e2,2,2,17,322,276,695,552,1.09265,48,0.0439299
025040107410003168d2a000a00000e2,2,2,18,322,276,695,552,1.09265,55,0.0503364
025040107410003168d2a000a00000e2,2,2,19,322,276,695,552,1.09265,49,0.0448451
025040107410003168d2a000a00000e2,2,2,20,322,276,695,552,1.09265,76,0.0695557
025040107410003168d2a000a00000e2,2,2,21,322,276,695,552,1.09265,77,0.0704709
025040107410003168d2a000a00000e2,2,2,22,322,276,695,552,1.09265,85,0.0777926
025040107410003168d2a000a00000e2,2,2,23,322,276,695,552,1.09265,97,0.0887751
025040107410003168d2a000a00000e2,2,2,24,322,276,695,552,1.09265,58,0.053082
025040107410003168d2a000a00000e2,2,2,25,322,276,695,552,1.09265,49,0.0448451
025040107410003168d2a000a00000e2,2,2,26,322,276,695,552,1.09265,59,0.0539972
025040107410003168d2a000a00000e2,2,2,27,322,276,695,552,1.09265,63,0.057658
025040107410003168d2a000a00000e2,2,2,28,322,276,695,552,1.09265,60,0.0549124
025040107410003168d2a000a00000e2,2,2,29,322,276,695,552,1.09265,85,0.0777926
025040107410003168d2a000a00000e2,2,2,30,322,276,695,552,1.09265,66,0.0604037
025040107410003168d2a000a00000e2,2,2,31,322,276,695,552,1.09265,6140,5.61937
025040107410003168d2a000a00000e2,2,2,32,322,276,695,552,1.09265,60,0.0549124
025040107410003168d2a000a00000e2,2,2,33,322,276,695,552,1.09265,71,0.0649797
025040107410003168d2a000a00000e2,2,2,34,322,276,695,552,1.09265,57,0.0521668
025040107410003168d2a000a00000e2,2,2,35,322,276,695,552,1.09265,75,0.0686405
025040107410003168d2a000a00000e2,2,2,36,322,276,695,552,1.09265,84,0.0768774
025040107410003168d2a000a00000e2,2,2,37,322,276,695,552,1.09265,74,0.0677253
025040107410003168d2a000a00000e2,2,2,38,322,276,695,552,1.09265,86,0.0787078
025040107410003168d2a000a00000e2,2,2,39,322,276,695,552,1.09265,84,0.0768774
025040107410003168d2a000a00000e2,2,2,40,322,276,695,552,1.09265,84,0.0768774
025040107410003168d2a000a00000e2,2,2,41,322,276,695,552,1.09265,55,0.0503364
025040107410003168d2a000a00000e2,2,2,42,322,276,695,552,1.09265,78,0.0713861
025040107410003168d2a000a00000e2,2,2,43,322,276,695,552,1.09265,73,0.0668101
025040107410003168d2a000a00000e2,2,2,44,322,276,695,552,1.09265,54,0.0494212
025040107410003168d2a000a00000e2,2,2,45,322,276,695,552,1.09265,45,0.0411843
025040107410003168d2a000a00000e2,2,2,46,322,276,695,552,1.09265,56,0.0512516
025040107410003168d2a000a00000e2,2,2,47,322,276,695,552,1.09265,36,0.0329475
025040107410003168d2a000a00000e2,2,2,48,322,276,695,552,1.09265,59,0.0539972
025040107410003168d2a000a00000e2,2,2,49,322,276,695,552,1.09265,48,0.0439299
025040107410003168d2a000a00000e2,2,2,50,322,276,695,552,1.09265,58,0.053082
025040107410003168d2a000a00000e2,2,2,51,322,276,695,552,1.09265,49,0.0448451
025040107410003168d2a000a00000e2,2,2,52,322,276,695,552,1.09265,55,0.0503364
025040107410003168d2a000a00000e2,2,2,53,322,276,695,552,1.09265,44,0.0402691
025040107410003168d2a000a00000e2,2,2,54,322,276,695,552,1.09265,52,0.0475908
025040107410003168d2a000a00000e2,2,2,55,322,276,695,552,1.09265,45,0.0411843
025040107410003168d2a000a00000e2,2,2,56,322,276,695,552,1.09265,59,0.0539972
025040107410003168d2a000a00000e2,2,2,57,322,276,695,552,1.09265,38,0.0347779
025040107410003168d2a000a00000e2,2,2,58,322,276,695,552,1.09265,48,0.0439299
025040107410003168d2a000a00000e2,2,2,59,322,276,695,552,1.09265,36,0.0329475
025040107410003168d2a000a00000e2,2,2,60,322,276,695,552,1.09265,41,0.0375235
025040107410003168d2a000a00000e2,2,2,61,322,276,695,552,1.09265,31,0.0283714
025040107410003168d2a000a00000e2,2,2,62,322,276,695,552,1.09265,37,0.0338627
025040107410003168d2a000a00000e2,2,2,63,322,276,695,552,1.09265,34,0.031117
025040107410003168d2a000a00000e2,2,2,0,322,276,696,553,1.11919,0,0
025040107410003168d2a000a00000e2,2,2,1,322,276,696,553,1.11919,5,0.00446751
025040107410003168d2a000a00000e2,2,2,2,322,276,696,553,1.11919,0,0
025040107410003168d2a000a00000e2,2,2,3,322,276,696,553,1.11919,25,0.0223376
025040107410003168d2a000a00000e2,2,2,4,322,276,696,553,1.11919,16,0.014296
025040107410003168d2a000a00000e2,2,2,5,322,276,696,553,1.11919,5,0.00446751
025040107410003168d2a000a00000e2,2,2,6,322,276,696,553,1.11919,19,0.0169765
025040107410003168d2a000a00000e2,2,2,7,322,276,696,553,1.11919,9,0.00804152
025040107410003168d2a000a00000e2,2,2,8,322,276,696,553,1.11919,12,0.010722
025040107410003168d2a000a00000e2,2,2,9,322,276,696,553,1.11919,27,0.0241246
025040107410003168d2a000a00000e2,2,2,10,322,276,696,553,1.11919,31,0.0276986
025040107410003168d2a000a00000e2,2,2,11,322,276,696,553,1.11919,27,0.0241246
025040107410003168d2a000a00000e2,2,2,12,322,276,696,553,1.11919,24,0.0214441
025040107410003168d2a000a00000e2,2,2,13,322,276,696,553,1.11919,25,0.0223376
025040107410003168d2a000a00000e2,2,2,14,322,276,696,553,1.11919,37,0.0330596
025040107410003168d2a000a00000e2,2,2,15,322,276,696,553,1.11919,23,0.0205506
025040107410003168d2a000a00000e2,2,2,16,322,276,696,553,1.11919,37,0.0330596
025040107410003168d2a000a00000e2,2,2,17,322,276,696,553,1.11919,20,0.0178701
025040107410003168d2a000a00000e2,2,2,18,322,276,696,553,1.11919,26,0.0232311
025040107410003168d2a000a00000e2,2,2,19,322,276,696,553,1.11919,20,0.0178701
025040107410003168d2a000a00000e2,2,2,20,322,276,696,553,1.11919,44,0.0393141
025040107410003168d2a000a00000e2,2,2,21,322,276,696,553,1.11919,45,0.0402076
025040107410003168d2a000a00000e2,2,2,22,322,276,696,553,1.11919,55,0.0491426
025040107410003168d2a000a00000e2,2,2,23,322,276,696,553,1.11919,68,0.0607582
025040107410003168d2a000a00000e2,2,2,24,322,276,696,553,1.11919,30,0.0268051
025040107410003168d2a000a00000e2,2,2,25,322,276,696,553,1.11919,22,0.0196571
025040107410003168d2a000a00000e2,2,2,26,322,276,696,553,1.11919,34,0.0303791
025040107410003168d2a000a00000e2,2,2,27,322,276,696,553,1.11919,36,0.0321661
025040107410003168d2a000a00000e2,2,2,28,322,276,696,553,1.11919,34,0.0303791
025040107410003168d2a000a00000e2,2,2,29,322,276,696,553,1.11919,52,0.0464621
025040107410003168d2a000a00000e2,2,2,30,322,276,696,553,1.11919,37,0.0330596
025040107410003168d2a000a00000e2,2,2,31,322,276,696,553,1.11919,2415,2.15781
025040107410003168d2a000a00000e2,2,2,32,322,276,696,553,1.11919,34,0.0303791
025040107410003168d2a000a00000e2,2,2,33,322,276,696,553,1.11919,39,0.0348466
025040107410003168d2a000a00000e2,2,2,34,322,276,696,553,1.11919,28,0.0250181
025040107410003168d2a000a00000e2,2,2,35,322,276,696,553,1.11919,43,0.0384206
025040107410003168d2a000a00000e2,2,2,36,322,276,696,553,1.11919,50,0.0446751
025040107410003168d2a000a00000e2,2,2,37,322,276,696,553,1.11919,41,0.0366336
025040107410003168d2a000a00000e2,2,2,38,322,276,696,553,1.11919,59,0.0527166
025040107410003168d2a000a00000e2,2,2,39,322,276,696,553,1.11919,57,0.0509296
025040107410003168d2a000a00000e2,2,2,40,322,276,696,553,1.11919,53,0.0473556
025040107410003168d2a000a00000e2,2,2,41,322,276,696,553,1.11919,28,0.0250181
025040107410003168d2a000a00000e2,2,2,42,322,276,696,553,1.11919,42,0.0375271
025040107410003168d2a000a00000e2,2,2,43,322,276,696,553,1.11919,42,0.0375271
025040107410003168d2a000a00000e2,2,2,44,322,276,696,553,1.11919,26,0.0232311
025040107410003168d2a000a00000e2,2,2,45,322,276,696,553,1.11919,17,0.0151895
025040107410003168d2a000a00000e2,2,2,46,322,276,696,553,1.11919,30,0.0268051
025040107410003168d2a000a00000e2,2,2,47,322,276,696,553,1.11919,9,0.00804152
025040107410003168d2a000a00000e2,2,2,48,322,276,696,553,1.11919,34,0.0303791
025040107410003168d2a000a00000e2,2,2,49,322,276,696,553,1.11919,21,0.0187636
025040107410003168d2a000a00000e2,2,2,50,322,276,696,553,1.11919,31,0.0276986
025040107410003168d2a000a00000e2,2,2,51,322,276,696,553,1.11919,20,0.0178701
025040107410003168d2a000a00000e2,2,2,52,322,276,696,553,1.11919,25,0.0223376
025040107410003168d2a000a00000e2,2,2,53,322,276,696,553,1.11919,19,0.0169765
025040107410003168d2a000a00000e2,2,2,54,322,276,696,553,1.11919,25,0.0223376
025040107410003168d2a000a00000e2,2,2,55,322,276,696,553,1.11919,17,0.0151895
025040107410003168d2a000a00000e2,2,2,56,322,276,696,553,1.11919,34,0.0303791
025040107410003168d2a000a00000e2,2,2,57,322,276,696,553,1.11919,12,0.010722
025040107410003168d2a000a00000e2,2,2,58,322,276,696,553,1.11919,21,0.0187636
025040107410003168d2a000a00000e2,2,2,59,322,276,696,553,1.11919,11,0.00982853
025040107410003168d2a000a00000e2,2,2,60,322,276,696,553,1.11919,15,0.0134025
025040107410003168d2a000a00000e2,2,2,61,322,276,696,553,1.11919,8,0.00714802
025040107410003168d2a000a00000e2,2,2,62,322,276,696,553,1.11919,11,0.00982853
025040107410003168d2a000a00000e2,2,2,63,322,276,696,553,1.11919,9,0.00804152
025040107410003168d2a000a00000e2,2,2,0,322,276,697,554,1.09412,0,0
025040107410003168d2a000a00000e2,2,2,1,322,276,697,554,1.09412,24,0.0219354
025040107410003168d2a000a00000e2,2,2,2,322,276,697,554,1.09412,0,0
025040107410003168d2a000a00000e2,2,2,3,322,276,697,554,1.09412,49,0.0447847
025040107410003168d2a000a00000e2,2,2,4,322,276,697,554,1.09412,40,0.0365589
025040107410003168d2a000a00000e2,2,2,5,322,276,697,554,1.09412,25,0.0228493
025040107410003168d2a000a00000e2,2,2,6,322,276,697,554,1.09412,40,0.0365589
025040107410003168d2a000a00000e2,2,2,7,322,276,697,554,1.09412,34,0.0310751
025040107410003168d2a000a00000e2,2,2,8,322,276,697,554,1.09412,38,0.034731
025040107410003168d2a000a00000e2,2,2,9,322,276,697,554,1.09412,49,0.0447847
025040107410003168d2a000a00000e2,2,2,10,322,276,697,554,1.09412,53,0.0484406
025040107410003168d2a000a00000e2,2,2,11,322,276,697,554,1.09412,52,0.0475266
025040107410003168d2a000a00000e2,2,2,12,322,276,697,554,1.09412,47,0.0429568
025040107410003168d2a000a00000e2,2,2,13,322,276,697,554,1.09412,48,0.0438707
025040107410003168d2a000a00000e2,2,2,14,322,276,697,554,1.09412,57,0.0520965
025040107410003168d2a000a00000e2,2,2,15,322,276,697,554,1.09412,46,0.0420428
025040107410003168d2a000a00000e2,2,2,16,322,276,697,554,1.09412,58,0.0530105
025040107410003168d2a000a00000e2,2,2,17,322,276,697,554,1.09412,43,0.0393009
025040107410003168d2a000a00000e2,2,2,18,322,276,697,554,1.09412,50,0.0456987
025040107410003168d2a000a00000e2,2,2,19,322,276,697,554,1.09412,46,0.0420428
025040107410003168d2a000a00000e2,2,2,20,322,276,697,554,1.09412,61,0.0557524
025040107410003168d2a000a00000e2,2,2,21,322,276,697,554,1.09412,61,0.0557524
025040107410003168d2a000a00000e2,2,2,22,322,276,697,554,1.09412,70,0.0639782
025040107410003168d2a000a00000e2,2,2,23,322,276,697,554,1.09412,79,0.0722039
025040107410003168d2a000a00000e2,2,2,24,322,276,697,554,1.09412,53,0.0484406
025040107410003168d2a000a00000e2,2,2,25,322,276,697,554,1.09412,42,0.0383869
025040107410003168d2a000a00000e2,2,2,26,322,276,697,554,1.09412,53,0.0484406
025040107410003168d2a000a00000e2,2,2,27,322,276,697,554,1.09412,56,0.0511825
025040107410003168d2a000a00000e2,2,2,28,322,276,697,554,1.09412,54,0.0493546
025040107410003168d2a000a00000e2,2,2,29,322,276,697,554,1.09412,64,0.0584943
025040107410003168d2a000a00000e2,2,2,30,322,276,697,554,1.09412,57,0.0520965
025040107410003168d2a000a00000e2,2,2,31,322,276,697,554,1.09412,974,0.89021
025040107410003168d2a000a00000e2,2,2,32,322,276,697,554,1.09412,54,0.0493546
025040107410003168d2a000a00000e2,2,2,33,322,276,697,554,1.09412,57,0.0520965
025040107410003168d2a000a00000e2,2,2,34,322,276,697,554,1.09412,50,0.0456987
025040107410003168d2a000a00000e2,2,2,35,322,276,697,554,1.09412,61,0.0557524
025040107410003168d2a000a00000e2,2,2,36,322,276,697,554,1.09412,64,0.0584943
025040107410003168d2a000a00000e2,2,2,37,322,276,697,554,1.09412,58,0.0530105
025040107410003168d2a000a00000e2,2,2,38,322,276,697,554,1.09412,71,0.0648921
025040107410003168d2a000a00000e2,2,2,39,322,276,697,554,1.09412,68,0.0621502
025040107410003168d2a000a00000e2,2,2,40,322,276,697,554,1.09412,63,0.0575803
025040107410003168d2a000a00000e2,2,2,41,322,276,697,554,1.09412,50,0.0456987
025040107410003168d2a000a00000e2,2,2,42,322,276,697,554,1.09412,61,0.0557524
025040107410003168d2a000a00000e2,2,2,43,322,276,697,554,1.09412,57,0.0520965
025040107410003168d2a000a00000e2,2,2,44,322,276,697,554,1.09412,48,0.0438707
025040107410003168d2a000a00000e2,2,2,45,322,276,697,554,1.09412,40,0.0365589
025040107410003168d2a000a00000e2,2,2,46,322,276,697,554,1.09412,49,0.0447847
025040107410003168d2a000a00000e2,2,2,47,322,276,697,554,1.09412,35,0.0319891
025040107410003168d2a000a00000e2,2,2,48,322,276,697,554,1.09412,54,0.0493546
025040107410003168d2a000a00000e2,2,2,49,322,276,697,554,1.09412,43,0.0393009
025040107410003168d2a000a00000e2,2,2,50,322,276,697,554,1.09412,50,0.0456987
025040107410003168d2a000a00000e2,2,2,51,322,276,697,554,1.09412,42,0.0383869
025040107410003168d2a000a00000e2,2,2,52,322,276,697,554,1.09412,50,0.0456987
025040107410003168d2a000a00000e2,2,2,53,322,276,697,554,1.09412,39,0.035645
025040107410003168d2a000a00000e2,2,2,54,322,276,697,554,1.09412,45,0.0411288
025040107410003168d2a000a00000e2,2,2,55,322,276,697,554,1.09412,39,0.035645
025040107410003168d2a000a00000e2,2,2,56,322,276,697,554,1.09412,52,0.0475266
025040107410003168d2a000a00000e2,2,2,57,322,276,697,554,1.09412,36,0.032903
025040107410003168d2a000a00000e2,2,2,58,322,276,697,554,1.09412,43,0.0393009
025040107410003168d2a000a00000e2,2,2,59,322,276,697,554,1.09412,36,0.032903
025040107410003168d2a000a00000e2,2,2,60,322,276,697,554,1.09412,39,0.035645
025040107410003168d2a000a00000e2,2,2,61,322,276,697,554,1.09412,28,0.0255913
025040107410003168d2a000a00000e2,2,2,62,322,276,697,554,1.09412,38,0.034731
025040107410003168d2a000a00000e2,2,2,63,322,276,697,554,1.09412,31,0.0283332
025040107410003168d2a000a00000e2,2,2,0,322,276,698,555,1.19439,0,0
025040107410003168d2a000a00000e2,2,2,1,322,276,698,555,1.19439,10,0.00837245
025040107410003168d2a000a00000e2,2,2,2,322,276,698,555,1.19439,0,0
025040107410003168d2a000a00000e2,2,2,3,322,276,698,555,1.19439,33,0.0276291
025040107410003168d2a000a00000e2,2,2,4,322,276,698,555,1.19439,20,0.0167449
025040107410003168d2a000a00000e2,2,2,5,322,276,698,555,1.19439,11,0.00920969
025040107410003168d2a000a00000e2,2,2,6,322,276,698,555,1.19439,20,0.0167449
025040107410003168d2a000a00000e2,2,2,7,322,276,698,555,1.19439,17,0.0142332
025040107410003168d2a000a00000e2,2,2,8,322,276,698,555,1.19439,19,0.0159077
025040107410003168d2a000a00000e2,2,2,9,322,276,698,555,1.19439,33,0.0276291
025040107410003168d2a000a00000e2,2,2,10,322,276,698,555,1.19439,38,0.0318153
025040107410003168d2a000a00000e2,2,2,11,322,276,698,555,1.19439,35,0.0293036
025040107410003168d2a000a00000e2,2,2,12,322,276,698,555,1.19439,28,0.0234429
025040107410003168d2a000a00000e2,2,2,13,322,276,698,555,1.19439,31,0.0259546
025040107410003168d2a000a00000e2,2,2,14,322,276,698,555,1.19439,45,0.037676
025040107410003168d2a000a00000e2,2,2,15,322,276,698,555,1.19439,27,0.0226056
025040107410003168d2a000a00000e2,2,2,16,322,276,698,555,1.19439,44,0.0368388
025040107410003168d2a000a00000e2,2,2,17,322,276,698,555,1.19439,25,0.0209311
025040107410003168d2a000a00000e2,2,2,18,322,276,698,555,1.19439,35,0.0293036
025040107410003168d2a000a00000e2,2,2,19,322,276,698,555,1.19439,25,0.0209311
025040107410003168d2a000a00000e2,2,2,20,322,276,698,555,1.19439,49,0.041025
025040107410003168d2a000a00000e2,2,2,21,322,276,698,555,1.19439,45,0.037676
025040107410003168d2a000a00000e2,2,2,22,322,276,698,555,1.19439,55,0.0460485
025040107410003168d2a000a00000e2,2,2,23,322,276,698,555,1.19439,72,0.0602816
025040107410003168d2a000a00000e2,2,2,24,322,276,698,555,1.19439,39,0.0326526
025040107410003168d2a000a00000e2,2,2,25,322,276,698,555,1.19439,25,0.0209311
025040107410003168d2a000a00000e2,2,2,26,322,276,698,555,1.19439,41,0.034327
025040107410003168d2a000a00000e2,2,2,27,322,276,698,555,1.19439,45,0.037676
025040107410003168d2a000a00000e2,2,2,28,322,276,698,555,1.19439,44,0.0368388
025040107410003168d2a000a00000e2,2,2,29,322,276,698,555,1.19439,49,0.041025
025040107410003168d2a000a00000e2,2,2,30,322,276,698,555,1.19439,46,0.0385133
025040107410003168d2a000a00000e2,2,2,31,322,276,698,555,1.19439,325,0.272105
025040107410003168d2a000a00000e2,2,2,32,322,276,698,555,1.19439,44,0.0368388
025040107410003168d2a000a00000e2,2,2,33,322,276,698,555,1.19439,41,0.034327
025040107410003168d2a000a00000e2,2,2,34,322,276,698,555,1.19439,38,0.0318153
025040107410003168d2a000a00000e2,2,2,35,322,276,698,555,1.19439,46,0.0385133
025040107410003168d2a000a00000e2,2,2,36,322,276,698,555,1.19439,52,0.0435367
025040107410003168d2a000a00000e2,2,2,37,322,276,698,555,1.19439,44,0.0368388
025040107410003168d2a000a00000e2,2,2,38,322,276,698,555,1.19439,55,0.0460485
025040107410003168d2a000a00000e2,2,2,39,322,276,698,555,1.19439,54,0.0452112
025040107410003168d2a000a00000e2,2,2,40,322,276,698,555,1.19439,52,0.0435367
025040107410003168d2a000a00000e2,2,2,41,322,276,698,555,1.19439,33,0.0276291
025040107410003168d2a000a00000e2,2,2,42,322,276,698,555,1.19439,49,0.041025
025040107410003168d2a000a00000e2,2,2,43,322,276,698,555,1.19439,45,0.037676
025040107410003168d2a000a00000e2,2,2,44,322,276,698,555,1.19439,32,0.0267918
025040107410003168d2a000a00000e2,2,2,45,322,276,698,555,1.19439,20,0.0167449
025040107410003168d2a000a00000e2,2,2,46,322,276,698,555,1.19439,38,0.0318153
025040107410003168d2a000a00000e2,2,2,47,322,276,698,555,1.19439,18,0.0150704
025040107410003168d2a000a00000e2,2,2,48,322,276,698,555,1.19439,44,0.0368388
025040107410003168d2a000a00000e2,2,2,49,322,276,698,555,1.19439,23,0.0192566
025040107410003168d2a000a00000e2,2,2,50,322,276,698,555,1.19439,39,0.0326526
025040107410003168d2a000a00000e2,2,2,51,322,276,698,555,1.19439,24,0.0200939
025040107410003168d2a000a00000e2,2,2,52,322,276,698,555,1.19439,35,0.0293036
025040107410003168d2a000a00000e2,2,2,53,322,276,698,555,1.19439,20,0.0167449
025040107410003168d2a000a00000e2,2,2,54,322,276,698,555,1.19439,30,0.0251173
025040107410003168d2a000a00000e2,2,2,55,322,276,698,555,1.19439,20,0.0167449
025040107410003168d2a000a00000e2,2,2,56,322,276,698,555,1.19439,41,0.034327
025040107410003168d2a000a00000e2,2,2,57,322,276,698,555,1.19439,19,0.0159077
025040107410003168d2a000a00000e2,2,2,58,322,276,698,555,1.19439,24,0.0200939
025040107410003168d2a000a00000e2,2,2,59,322,276,698,555,1.19439,17,0.0142332
025040107410003168d2a000a00000e2,2,2,60,322,276,698,555,1.19439,20,0.0167449
025040107410003168d2a000a00000e2,2,2,61,322,276,698,555,1.19439,13,0.0108842
025040107410003168d2a000a00000e2,2,2,62,322,276,698,555,1.19439,19,0.0159077
025040107410003168d2a000a00000e2,2,2,63,322,276,698,555,1.19439,16,0.0133959
025040107410003168d2a000a00000e2,2,2,0,322,276,699,556,1.1708,0,0
025040107410003168d2a000a00000e2,2,2,1,322,276,699,556,1.1708,12,0.0102494
025040107410003168d2a000a00000e2,2,2,2,322,276,699,556,1.1708,0,0
025040107410003168d2a000a00000e2,2,2,3,322,276,699,556,1.1708,24,0.0204988
025040107410003168d2a000a00000e2,2,2,4,322,276,699,556,1.1708,20,0.0170823
025040107410003168d2a000a00000e2,2,2,5,322,276,699,556,1.1708,13,0.0111035
025040107410003168d2a000a00000e2,2,2,6,322,276,699,556,1.1708,20,0.0170823
025040107410003168d2a000a00000e2,2,2,7,322,276,699,556,1.1708,19,0.0162282
025040107410003168d2a000a00000e2,2,2,8,322,276,699,556,1.1708,20,0.0170823
025040107410003168d2a000a00000e2,2,2,9,322,276,699,556,1.1708,26,0.022207
025040107410003168d2a000a00000e2,2,2,10,322,276,699,556,1.1708,28,0.0239153
025040107410003168d2a000a00000e2,2,2,11,322,276,699,556,1.1708,28,0.0239153
025040107410003168d2a000a00000e2,2,2,12,322,276,699,556,1.1708,24,0.0204988
025040107410003168d2a000a00000e2,2,2,13,322,276,699,556,1.1708,26,0.022207
025040107410003168d2a000a00000e2,2,2,14,322,276,699,556,1.1708,31,0.0264776
025040107410003168d2a000a00000e2,2,2,15,322,276,699,556,1.1708,23,0.0196447
025040107410003168d2a000a00000e2,2,2,16,322,276,699,556,1.1708,30,0.0256235
025040107410003168d2a000a00000e2,2,2,17,322,276,699,556,1.1708,23,0.0196447
025040107410003168d2a000a00000e2,2,2,18,322,276,699,556,1.1708,27,0.0230611
025040107410003168d2a000a00000e2,2,2,19,322,276,699,556,1.1708,22,0.0187906
025040107410003168d2a000a00000e2,2,2,20,322,276,699,556,1.1708,32,0.0273317
025040107410003168d2a000a00000e2,2,2,21,322,276,699,556,1.1708,30,0.0256235
025040107410003168d2a000a00000e2,2,2,22,322,276,699,556,1.1708,33,0.0281858
025040107410003168d2a000a00000e2,2,2,23,322,276,699,556,1.1708,40,0.0341647
025040107410003168d2a000a00000e2,2,2,24,322,276,699,556,1.1708,28,0.0239153
025040107410003168d2a000a00000e2,2,2,25,322,276,699,556,1.1708,23,0.0196447
025040107410003168d2a000a00000e2,2,2,26,322,276,699,556,1.1708,28,0.0239153
025040107410003168d2a000a00000e2,2,2,27,322,276,699,556,1.1708,29,0.0247694
025040107410003168d2a000a00000e2,2,2,28,322,276,699,556,1.1708,29,0.0247694
025040107410003168d2a000a00000e2,2,2,29,322,276,699,556,1.1708,32,0.0273317
025040107410003168d2a000a00000e2,2,2,30,322,276,699,556,1.1708,32,0.0273317
025040107410003168d2a000a00000e2,2,2,31,322,276,699,556,1.1708,103,0.087974
025040107410003168d2a000a00000e2,2,2,32,322,276,699,556,1.1708,29,0.0247694
025040107410003168d2a000a00000e2,2,2,33,322,276,699,556,1.1708,30,0.0256235
025040107410003168d2a000a00000e2,2,2,34,322,276,699,556,1.1708,27,0.0230611
025040107410003168d2a000a00000e2,2,2,35,322,276,699,556,1.1708,31,0.0264776
025040107410003168d2a000a00000e2,2,2,36,322,276,699,556,1.1708,32,0.0273317
025040107410003168d2a000a00000e2,2,2,37,322,276,699,556,1.1708,29,0.0247694
025040107410003168d2a000a00000e2,2,2,38,322,276,699,556,1.1708,36,0.0307482
025040107410003168d2a000a00000e2,2,2,39,322,276,699,556,1.1708,34,0.02904
025040107410003168d2a000a00000e2,2,2,40,322,276,699,556,1.1708,33,0.0281858
025040107410003168d2a000a00000e2,2,2,41,322,276,699,556,1.1708,25,0.0213529
025040107410003168d2a000a00000e2,2,2,42,322,276,699,556,1.1708,32,0.0273317
025040107410003168d2a000a00000e2,2,2,43,322,276,699,556,1.1708,32,0.0273317
025040107410003168d2a000a00000e2,2,2,44,322,276,699,556,1.1708,26,0.022207
025040107410003168d2a000a00000e2,2,2,45,322,276,699,556,1.1708,21,0.0179364
025040107410003168d2a000a00000e2,2,2,46,322,276,699,556,1.1708,26,0.022207
025040107410003168d2a000a00000e2,2,2,47,322,276,699,556,1.1708,20,0.0170823
025040107410003168d2a000a00000e2,2,2,48,322,276,699,556,1.1708,29,0.0247694
025040107410003168d2a000a00000e2,2,2,49,322,276,699,556,1.1708,23,0.0196447
025040107410003168d2a000a00000e2,2,2,50,322,276,699,556,1.1708,28,0.0239153
025040107410003168d2a000a00000e2,2,2,51,322,276,699,556,1.1708,22,0.0187906
025040107410003168d2a000a00000e2,2,2,52,322,276,699,556,1.1708,27,0.0230611
025040107410003168d2a000a00000e2,2,2,53,322,276,699,556,1.1708,22,0.0187906
025040107410003168d2a000a00000e2,2,2,54,322,276,699,556,1.1708,23,0.0196447
025040107410003168d2a000a00000e2,2,2,55,322,276,699,556,1.1708,21,0.0179364
025040107410003168d2a000a00000e2,2,2,56,322,276,699,556,1.1708,28,0.0239153
025040107410003168d2a000a00000e2,2,2,57,322,276,699,556,1.1708,21,0.0179364
025040107410003168d2a000a00000e2,2,2,58,322,276,699,556,1.1708,23,0.0196447
025040107410003168d2a000a00000e2,2,2,59,322,276,699,556,1.1708,20,0.0170823
025040107410003168d2a000a00000e2,2,2,60,322,276,699,556,1.1708,21,0.0179364
025040107410003168d2a000a00000e2,2,2,61,322,276,699,556,1.1708,18,0.0153741
025040107410003168d2a000a00000e2,2,2,62,322,276,699,556,1.1708,21,0.0179364
025040107410003168d2a000a00000e2,2,2,63,322,276,699,556,1.1708,19,0.0162282
025040107410003168d2a000a00000e2,2,2,0,322,276,700,556,1.04989,0,0
025040107410003168d2a000a00000e2,2,2,1,322,276,700,556,1.04989,10,0.00952484
025040107410003168d2a000a00000e2,2,2,2,322,276,700,556,1.04989,0,0
025040107410003168d2a000a00000e2,2,2,3,322,276,700,556,1.04989,34,0.0323844
025040107410003168d2a000a00000e2,2,2,4,322,276,700,556,1.04989,26,0.0247646
025040107410003168d2a000a00000e2,2,2,5,322,276,700,556,1.04989,9,0.00857235
025040107410003168d2a000a00000e2,2,2,6,322,276,700,556,1.04989,27,0.0257171
025040107410003168d2a000a00000e2,2,2,7,322,276,700,556,1.04989,15,0.0142873
025040107410003168d2a000a00000e2,2,2,8,322,276,700,556,1.04989,21,0.0200022
025040107410003168d2a000a00000e2,2,2,9,322,276,700,556,1.04989,37,0.0352419
025040107410003168d2a000a00000e2,2,2,10,322,276,700,556,1.04989,41,0.0390518
025040107410003168d2a000a00000e2,2,2,11,322,276,700,556,1.04989,39,0.0371469
025040107410003168d2a000a00000e2,2,2,12,322,276,700,556,1.04989,31,0.029527
025040107410003168d2a000a00000e2,2,2,13,322,276,700,556,1.04989,34,0.0323844
025040107410003168d2a000a00000e2,2,2,14,322,276,700,556,1.04989,48,0.0457192
025040107410003168d2a000a00000e2,2,2,15,322,276,700,556,1.04989,32,0.0304795
025040107410003168d2a000a00000e2,2,2,16,322,276,700,556,1.04989,47,0.0447667
025040107410003168d2a000a00000e2,2,2,17,322,276,700,556,1.04989,28,0.0266695
025040107410003168d2a000a00000e2,2,2,18,322,276,700,556,1.04989,38,0.0361944
025040107410003168d2a000a00000e2,2,2,19,322,276,700,556,1.04989,28,0.0266695
025040107410003168d2a000a00000e2,2,2,20,322,276,700,556,1.04989,50,0.0476242
025040107410003168d2a000a00000e2,2,2,21,322,276,700,556,1.04989,50,0.0476242
025040107410003168d2a000a00000e2,2,2,22,322,276,700,556,1.04989,55,0.0523866
025040107410003168d2a000a00000e2,2,2,23,322,276,700,556,1.04989,65,0.0619114
025040107410003168d2a000a00000e2,2,2,24,322,276,700,556,1.04989,41,0.0390518
025040107410003168d2a000a00000e2,2,2,25,322,276,700,556,1.04989,27,0.0257171
025040107410003168d2a000a00000e2,2,2,26,322,276,700,556,1.04989,44,0.0419093
025040107410003168d2a000a00000e2,2,2,27,322,276,700,556,1.04989,46,0.0438143
025040107410003168d2a000a00000e2,2,2,28,322,276,700,556,1.04989,45,0.0428618
025040107410003168d2a000a00000e2,2,2,29,322,276,700,556,1.04989,52,0.0495292
025040107410003168d2a000a00000e2,2,2,30,322,276,700,556,1.04989,47,0.0447667
025040107410003168d2a000a00000e2,2,2,31,322,276,700,556,1.04989,113,0.107631
025040107410003168d2a000a00000e2,2,2,32,322,276,700,556,1.04989,47,0.0447667
025040107410003168d2a000a00000e2,2,2,33,322,276,700,556,1.04989,44,0.0419093
025040107410003168d2a000a00000e2,2,2,34,322,276,700,556,1.04989,38,0.0361944
025040107410003168d2a000a00000e2,2,2,35,322,276,700,556,1.04989,50,0.0476242
025040107410003168d2a000a00000e2,2,2,36,322,276,700,556,1.04989,53,0.0504816
025040107410003168d2a000a00000e2,2,2,37,322,276,700,556,1.04989,45,0.0428618
025040107410003168d2a000a00000e2,2,2,38,322,276,700,556,1.04989,55,0.0523866
025040107410003168d2a000a00000e2,2,2,39,322,276,700,556,1.04989,54,0.0514341
025040107410003168d2a000a00000e2,2,2,40,322,276,700,556,1.04989,55,0.0523866
025040107410003168d2a000a00000e2,2,2,41,322,276,700,556,1.04989,36,0.0342894
025040107410003168d2a000a00000e2,2,2,42,322,276,700,556,1.04989,51,0.0485767
025040107410003168d2a000a00000e2,2,2,43,322,276,700,556,1.04989,48,0.0457192
025040107410003168d2a000a00000e2,2,2,44,322,276,700,556,1.04989,34,0.0323844
025040107410003168d2a000a00000e2,2,2,45,322,276,700,556,1.04989,24,0.0228596
025040107410003168d2a000a00000e2,2,2,46,322,276,700,556,1.04989,40,0.0380993
025040107410003168d2a000a00000e2,2,2,47,322,276,700,556,1.04989,18,0.0171447
025040107410003168d2a000a00000e2,2,2,48,322,276,700,556,1.04989,47,0.0447667
025040107410003168d2a000a00000e2,2,2,49,322,276,700,556,1.04989,26,0.0247646
025040107410003168d2a000a00000e2,2,2,50,322,276,700,556,1.04989,41,0.0390518
025040107410003168d2a000a00000e2,2,2,51,322,276,700,556,1.04989,26,0.0247646
025040107410003168d2a000a00000e2,2,2,52,322,276,700,556,1.04989,38,0.0361944
025040107410003168d2a000a00000e2,2,2,53,322,276,700,556,1.04989,25,0.0238121
025040107410003168d2a000a00000e2,2,2,54,322,276,700,556,1.04989,30,0.0285745
025040107410003168d2a000a00000e2,2,2,55,322,276,700,556,1.04989,26,0.0247646
025040107410003168d2a000a00000e2,2,2,56,322,276,700,556,1.04989,44,0.0419093
025040107410003168d2a000a00000e2,2,2,57,322,276,700,556,1.04989,19,0.0180972
025040107410003168d2a000a00000e2,2,2,58,322,276,700,556,1.04989,30,0.0285745
025040107410003168d2a000a00000e2,2,2,59,322,276,700,556,1.04989,19,0.0180972
025040107410003168d2a000a00000e2,2,2,60,322,276,700,556,1.04989,24,0.0228596
025040107410003168d2a000a00000e2,2,2,61,322,276,700,556,1.04989,14,0.0133348
025040107410003168d2a000a00000e2,2,2,62,322,276,700,556,1.04989,19,0.0180972
025040107410003168d2a000a00000e2,2,2,63,322,276,700,556,1.04989,14,0.0133348
025040107410003168d2a000a00000e2,2,2,0,322,276,701,557,1.0779,0,0
025040107410003168d2a000a00000e2,2,2,1,322,276,701,557,1.0779,4,0.00371091
025040107410003168d2a000a00000e2,2,2,2,322,276,701,557,1.0779,0,0
025040107410003168d2a000a00000e2,2,2,3,322,276,701,557,1.0779,12,0.0111327
025040107410003168d2a000a00000e2,2,2,4,322,276,701,557,1.0779,6,0.00556636
025040107410003168d2a000a00000e2,2,2,5,322,276,701,557,1.0779,4,0.00371091
025040107410003168d2a000a00000e2,2,2,6,322,276,701,557,1.0779,6,0.00556636
025040107410003168d2a000a00000e2,2,2,7,322,276,701,557,1.0779,4,0.00371091
025040107410003168d2a000a00000e2,2,2,8,322,276,701,557,1.0779,5,0.00463863
025040107410003168d2a000a00000e2,2,2,9,322,276,701,557,1.0779,11,0.010205
025040107410003168d2a000a00000e2,2,2,10,322,276,701,557,1.0779,13,0.0120605
025040107410003168d2a000a00000e2,2,2,11,322,276,701,557,1.0779,12,0.0111327
025040107410003168d2a000a00000e2,2,2,12,322,276,701,557,1.0779,9,0.00834954
025040107410003168d2a000a00000e2,2,2,13,322,276,701,557,1.0779,11,0.010205
025040107410003168d2a000a00000e2,2,2,14,322,276,701,557,1.0779,15,0.0139159
025040107410003168d2a000a00000e2,2,2,15,322,276,701,557,1.0779,8,0.00742182
025040107410003168d2a000a00000e2,2,2,16,322,276,701,557,1.0779,13,0.0120605
025040107410003168d2a000a00000e2,2,2,17,322,276,701,557,1.0779,7,0.00649409
025040107410003168d2a000a00000e2,2,2,18,322,276,701,557,1.0779,12,0.0111327
025040107410003168d2a000a00000e2,2,2,19,322,276,701,557,1.0779,8,0.00742182
025040107410003168d2a000a00000e2,2,2,20,322,276,701,557,1.0779,15,0.0139159
025040107410003168d2a000a00000e2,2,2,21,322,276,701,557,1.0779,14,0.0129882
025040107410003168d2a000a00000e2,2,2,22,322,276,701,557,1.0779,16,0.0148436
025040107410003168d2a000a00000e2,2,2,23,322,276,701,557,1.0779,15,0.0139159
025040107410003168d2a000a00000e2,2,2,24,322,276,701,557,1.0779,13,0.0120605
025040107410003168d2a000a00000e2,2,2,25,322,276,701,557,1.0779,7,0.00649409
025040107410003168d2a000a00000e2,2,2,26,322,276,701,557,1.0779,13,0.0120605
025040107410003168d2a000a00000e2,2,2,27,322,276,701,557,1.0779,14,0.0129882
025040107410003168d2a000a00000e2,2,2,28,322,276,701,557,1.0779,14,0.0129882
025040107410003168d2a000a00000e2,2,2,29,322,276,701,557,1.0779,14,0.0129882
025040107410003168d2a000a00000e2,2,2,30,322,276,701,557,1.0779,14,0.0129882
025040107410003168d2a000a00000e2,2,2,31,322,276,701,557,1.0779,26,0.0241209
025040107410003168d2a000a00000e2,2,2,32,322,276,701,557,1.0779,14,0.0129882
025040107410003168d2a000a00000e2,2,2,33,322,276,701,557,1.0779,13,0.0120605
025040107410003168d2a000a00000e2,2,2,34,322,276,701,557,1.0779,13,0.0120605
025040107410003168d2a000a00000e2,2,2,35,322,276,701,557,1.0779,15,0.0139159
025040107410003168d2a000a00000e2,2,2,36,322,276,701,557,1.0779,17,0.0157714
025040107410003168d2a000a00000e2,2,2,37,322,276,701,557,1.0779,13,0.0120605
025040107410003168d2a000a00000e2,2,2,38,322,276,701,557,1.0779,17,0.0157714
025040107410003168d2a000a00000e2,2,2,39,322,276,701,557,1.0779,14,0.0129882
025040107410003168d2a000a00000e2,2,2,40,322,276,701,557,1.0779,17,0.0157714
025040107410003168d2a000a00000e2,2,2,41,322,276,701,557,1.0779,12,0.0111327
025040107410003168d2a000a00000e2,2,2,42,322,276,701,557,1.0779,17,0.0157714
025040107410003168d2a000a00000e2,2,2,43,322,276,701,557,1.0779,14,0.0129882
025040107410003168d2a000a00000e2,2,2,44,322,276,701,557,1.0779,12,0.0111327
025040107410003168d2a000a00000e2,2,2,45,322,276,701,557,1.0779,5,0.00463863
025040107410003168d2a000a00000e2,2,2,46,322,276,701,557,1.0779,12,0.0111327
025040107410003168d2a000a00000e2,2,2,47,322,276,701,557,1.0779,4,0.00371091
025040107410003168d2a000a00000e2,2,2,48,322,276,701,557,1.0779,15,0.0139159
025040107410003168d2a000a00000e2,2,2,49,322,276,701,557,1.0779,6,0.00556636
025040107410003168d2a000a00000e2,2,2,50,322,276,701,557,1.0779,13,0.0120605
025040107410003168d2a000a00000e2,2,2,51,322,276,701,557,1.0779,6,0.00556636
025040107410003168d2a000a00000e2,2,2,52,322,276,701,557,1.0779,12,0.0111327
025040107410003168d2a000a00000e2,2,2,53,322,276,701,557,1.0779,5,0.00463863
025040107410003168d2a000a00000e2,2,2,54,322,276,701,557,1.0779,9,0.00834954
025040107410003168d2a000a00000e2,2,2,55,322,276,701,557,1.0779,5,0.00463863
025040107410003168d2a000a00000e2,2,2,56,322,276,701,557,1.0779,14,0.0129882
025040107410003168d2a000a00000e2,2,2,57,322,276,701,557,1.0779,5,0.00463863
025040107410003168d2a000a00000e2,2,2,58,322,276,701,557,1.0779,7,0.00649409
025040107410003168d2a000a00000e2,2,2,59,322,276,701,557,1.0779,4,0.00371091
025040107410003168d2a000a00000e2,2,2,60,322,276,701,557,1.0779,6,0.00556636
025040107410003168d2a000a00000e2,2,2,61,322,276,701,557,1.0779,4,0.00371091
025040107410003168d2a000a00000e2,2,2,62,322,276,701,557,1.0779,5,0.00463863
025040107410003168d2a000a00000e2,2,2,63,322,276,701,557,1.0779,4,0.00371091
025040107410003168d2a000a00000e2,2,2,0,322,276,702,558,1.05136,0,0
025040107410003168d2a000a00000e2,2,2,1,322,276,702,558,1.05136,7,0.00665803
025040107410003168d2a000a00000e2,2,2,2,322,276,702,558,1.05136,0,0
025040107410003168d2a000a00000e2,2,2,3,322,276,702,558,1.05136,24,0.0228275
025040107410003168d2a000a00000e2,2,2,4,322,276,702,558,1.05136,20,0.019023
025040107410003168d2a000a00000e2,2,2,5,322,276,702,558,1.05136,6,0.00570689
025040107410003168d2a000a00000e2,2,2,6,322,276,702,558,1.05136,21,0.0199741
025040107410003168d2a000a00000e2,2,2,7,322,276,702,558,1.05136,12,0.0114138
025040107410003168d2a000a00000e2,2,2,8,322,276,702,558,1.05136,15,0.0142672
025040107410003168d2a000a00000e2,2,2,9,322,276,702,558,1.05136,25,0.0237787
025040107410003168d2a000a00000e2,2,2,10,322,276,702,558,1.05136,28,0.0266321
025040107410003168d2a000a00000e2,2,2,11,322,276,702,558,1.05136,26,0.0247298
025040107410003168d2a000a00000e2,2,2,12,322,276,702,558,1.05136,24,0.0228275
025040107410003168d2a000a00000e2,2,2,13,322,276,702,558,1.05136,25,0.0237787
025040107410003168d2a000a00000e2,2,2,14,322,276,702,558,1.05136,33,0.0313879
025040107410003168d2a000a00000e2,2,2,15,322,276,702,558,1.05136,23,0.0218764
025040107410003168d2a000a00000e2,2,2,16,322,276,702,558,1.05136,33,0.0313879
025040107410003168d2a000a00000e2,2,2,17,322,276,702,558,1.05136,22,0.0209253
025040107410003168d2a000a00000e2,2,2,18,322,276,702,558,1.05136,27,0.025681
025040107410003168d2a000a00000e2,2,2,19,322,276,702,558,1.05136,22,0.0209253
025040107410003168d2a000a00000e2,2,2,20,322,276,702,558,1.05136,33,0.0313879
025040107410003168d2a000a00000e2,2,2,21,322,276,702,558,1.05136,33,0.0313879
025040107410003168d2a000a00000e2,2,2,22,322,276,702,558,1.05136,36,0.0342413
025040107410003168d2a000a00000e2,2,2,23,322,276,702,558,1.05136,41,0.0389971
025040107410003168d2a000a00000e2,2,2,24,322,276,702,558,1.05136,30,0.0285344
025040107410003168d2a000a00000e2,2,2,25,322,276,702,558,1.05136,22,0.0209253
025040107410003168d2a000a00000e2,2,2,26,322,276,702,558,1.05136,31,0.0294856
025040107410003168d2a000a00000e2,2,2,27,322,276,702,558,1.05136,32,0.0304367
025040107410003168d2a000a00000e2,2,2,28,322,276,702,558,1.05136,33,0.0313879
025040107410003168d2a000a00000e2,2,2,29,322,276,702,558,1.05136,34,0.032339
025040107410003168d2a000a00000e2,2,2,30,322,276,702,558,1.05136,33,0.0313879
025040107410003168d2a000a00000e2,2,2,31,322,276,702,558,1.05136,61,0.05802
025040107410003168d2a000a00000e2,2,2,32,322,276,702,558,1.05136,33,0.0313879
025040107410003168d2a000a00000e2,2,2,33,322,276,702,558,1.05136,32,0.0304367
025040107410003168d2a000a00000e2,2,2,34,322,276,702,558,1.05136,28,0.0266321
025040107410003168d2a000a00000e2,2,2,35,322,276,702,558,1.05136,34,0.032339
025040107410003168d2a000a00000e2,2,2,36,322,276,702,558,1.05136,36,0.0342413
025040107410003168d2a000a00000e2,2,2,37,322,276,702,558,1.05136,32,0.0304367
025040107410003168d2a000a00000e2,2,2,38,322,276,702,558,1.05136,36,0.0342413
025040107410003168d2a000a00000e2,2,2,39,322,276,702,558,1.05136,37,0.0351925
025040107410003168d2a000a00000e2,2,2,40,322,276,702,558,1.05136,36,0.0342413
025040107410003168d2a000a00000e2,2,2,41,322,276,702,558,1.05136,25,0.0237787
025040107410003168d2a000a00000e2,2,2,42,322,276,702,558,1.05136,36,0.0342413
025040107410003168d2a000a00000e2,2,2,43,322,276,702,558,1.05136,33,0.0313879
025040107410003168d2a000a00000e2,2,2,44,322,276,702,558,1.05136,26,0.0247298
025040107410003168d2a000a00000e2,2,2,45,322,276,702,558,1.05136,18,0.0171207
025040107410003168d2a000a00000e2,2,2,46,322,276,702,558,1.05136,28,0.0266321
025040107410003168d2a000a00000e2,2,2,47,322,276,702,558,1.05136,13,0.0123649
025040107410003168d2a000a00000e2,2,2,48,322,276,702,558,1.05136,32,0.0304367
025040107410003168d2a000a00000e2,2,2,49,322,276,702,558,1.05136,21,0.0199741
025040107410003168d2a000a00000e2,2,2,50,322,276,702,558,1.05136,28,0.0266321
025040107410003168d2a000a00000e2,2,2,51,322,276,702,558,1.05136,20,0.019023
025040107410003168d2a000a00000e2,2,2,52,322,276,702,558,1.05136,27,0.025681
025040107410003168d2a000a00000e2,2,2,53,322,276,702,558,1.05136,16,0.0152184
025040107410003168d2a000a00000e2,2,2,54,322,276,702,558,1.05136,23,0.0218764
025040107410003168d2a000a00000e2,2,2,55,322,276,702,558,1.05136,19,0.0180718
025040107410003168d2a000a00000e2,2,2,56,322,276,702,558,1.05136,31,0.0294856
025040107410003168d2a000a00000e2,2,2,57,322,276,702,558,1.05136,14,0.0133161
025040107410003168d2a000a00000e2,2,2,58,322,276,702,558,1.05136,21,0.0199741
025040107410003168d2a000a00000e2,2,2,59,322,276,702,558,1.05136,13,0.0123649
025040107410003168d2a000a00000e2,2,2,60,322,276,702,558,1.05136,20,0.019023
025040107410003168d2a000a00000e2,2,2,61,322,276,702,558,1.05136,9,0.00856033
025040107410003168d2a000a00000e2,2,2,62,322,276,702,558,1.05136,17,0.0161695
025040107410003168d2a000a00000e2,2,2,63,322,276,702,558,1.05136,11,0.0104626
025040107410003168d2a000a00000e2,2,2,0,322,276,703,559,1.14573,0,0
025040107410003168d2a000a00000e2,2,2,1,322,276,703,559,1.14573,11,0.00960084
025040107410003168d2a000a00000e2,2,2,2,322,276,703,559,1.14573,0,0
025040107410003168d2a000a00000e2,2,2,3,322,276,703,559,1.14573,29,0.0253113
025040107410003168d2a000a00000e2,2,2,4,322,276,703,559,1.14573,27,0.0235657
025040107410003168d2a000a00000e2,2,2,5,322,276,703,559,1.14573,10,0.00872804
025040107410003168d2a000a00000e2,2,2,6,322,276,703,559,1.14573,28,0.0244385
025040107410003168d2a000a00000e2,2,2,7,322,276,703,559,1.14573,18,0.0157105
025040107410003168d2a000a00000e2,2,2,8,322,276,703,559,1.14573,23,0.0200745
025040107410003168d2a000a00000e2,2,2,9,322,276,703,559,1.14573,30,0.0261841
025040107410003168d2a000a00000e2,2,2,10,322,276,703,559,1.14573,35,0.0305481
025040107410003168d2a000a00000e2,2,2,11,322,276,703,559,1.14573,32,0.0279297
025040107410003168d2a000a00000e2,2,2,12,322,276,703,559,1.14573,30,0.0261841
025040107410003168d2a000a00000e2,2,2,13,322,276,703,559,1.14573,30,0.0261841
025040107410003168d2a000a00000e2,2,2,14,322,276,703,559,1.14573,44,0.0384034
025040107410003168d2a000a00000e2,2,2,15,322,276,703,559,1.14573,29,0.0253113
025040107410003168d2a000a00000e2,2,2,16,322,276,703,559,1.14573,41,0.0357849
025040107410003168d2a000a00000e2,2,2,17,322,276,703,559,1.14573,29,0.0253113
025040107410003168d2a000a00000e2,2,2,18,322,276,703,559,1.14573,31,0.0270569
025040107410003168d2a000a00000e2,2,2,19,322,276,703,559,1.14573,29,0.0253113
025040107410003168d2a000a00000e2,2,2,20,322,276,703,559,1.14573,44,0.0384034
025040107410003168d2a000a00000e2,2,2,21,322,276,703,559,1.14573,43,0.0375306
025040107410003168d2a000a00000e2,2,2,22,322,276,703,559,1.14573,47,0.0410218
025040107410003168d2a000a00000e2,2,2,23,322,276,703,559,1.14573,49,0.0427674
025040107410003168d2a000a00000e2,2,2,24,322,276,703,559,1.14573,36,0.0314209
025040107410003168d2a000a00000e2,2,2,25,322,276,703,559,1.14573,29,0.0253113
025040107410003168d2a000a00000e2,2,2,26,322,276,703,559,1.14573,41,0.0357849
025040107410003168d2a000a00000e2,2,2,27,322,276,703,559,1.14573,41,0.0357849
025040107410003168d2a000a00000e2,2,2,28,322,276,703,559,1.14573,42,0.0366578
025040107410003168d2a000a00000e2,2,2,29,322,276,703,559,1.14573,44,0.0384034
025040107410003168d2a000a00000e2,2,2,30,322,276,703,559,1.14573,42,0.0366578
025040107410003168d2a000a00000e2,2,2,31,322,276,703,559,1.14573,78,0.0680787
025040107410003168d2a000a00000e2,2,2,32,322,276,703,559,1.14573,40,0.0349121
025040107410003168d2a000a00000e2,2,2,33,322,276,703,559,1.14573,38,0.0331665
025040107410003168d2a000a00000e2,2,2,34,322,276,703,559,1.14573,33,0.0288025
025040107410003168d2a000a00000e2,2,2,35,322,276,703,559,1.14573,43,0.0375306
025040107410003168d2a000a00000e2,2,2,36,322,276,703,559,1.14573,46,0.040149
025040107410003168d2a000a00000e2,2,2,37,322,276,703,559,1.14573,38,0.0331665
025040107410003168d2a000a00000e2,2,2,38,322,276,703,559,1.14573,49,0.0427674
025040107410003168d2a000a00000e2,2,2,39,322,276,703,559,1.14573,46,0.040149
025040107410003168d2a000a00000e2,2,2,40,322,276,703,559,1.14573,48,0.0418946
025040107410003168d2a000a00000e2,2,2,41,322,276,703,559,1.14573,30,0.0261841
025040107410003168d2a000a00000e2,2,2,42,322,276,703,559,1.14573,46,0.040149
025040107410003168d2a000a00000e2,2,2,43,322,276,703,559,1.14573,38,0.0331665
025040107410003168d2a000a00000e2,2,2,44,322,276,703,559,1.14573,31,0.0270569
025040107410003168d2a000a00000e2,2,2,45,322,276,703,559,1.14573,26,0.0226929
025040107410003168d2a000a00000e2,2,2,46,322,276,703,559,1.14573,34,0.0296753
025040107410003168d2a000a00000e2,2,2,47,322,276,703,559,1.14573,20,0.0174561
025040107410003168d2a000a00000e2,2,2,48,322,276,703,559,1.14573,42,0.0366578
025040107410003168d2a000a00000e2,2,2,49,322,276,703,559,1.14573,28,0.0244385
025040107410003168d2a000a00000e2,2,2,50,322,276,703,559,1.14573,38,0.0331665
025040107410003168d2a000a00000e2,2,2,51,322,276,703,559,1.14573,29,0.0253113
025040107410003168d2a000a00000e2,2,2,52,322,276,703,559,1.14573,34,0.0296753
025040107410003168d2a000a00000e2,2,2,53,322,276,703,559,1.14573,27,0.0235657
025040107410003168d2a000a00000e2,2,2,54,322,276,703,559,1.14573,29,0.0253113
025040107410003168d2a000a00000e2,2,2,55,322,276,703,559,1.14573,27,0.0235657
025040107410003168d2a000a00000e2,2,2,56,322,276,703,559,1.14573,41,0.0357849
025040107410003168d2a000a00000e2,2,2,57,322,276,703,559,1.14573,23,0.0200745
025040107410003168d2a000a00000e2,2,2,58,322,276,703,559,1.14573,28,0.0244385
025040107410003168d2a000a00000e2,2,2,59,322,276,703,559,1.14573,21,0.0183289
025040107410003168d2a000a00000e2,2,2,60,322,276,703,559,1.14573,27,0.0235657
025040107410003168d2a000a00000e2,2,2,61,322,276,703,559,1.14573,14,0.0122193
025040107410003168d2a000a00000e2,2,2,62,322,276,703,559,1.14573,25,0.0218201
025040107410003168d2a000a00000e2,2,2,63,322,276,703,559,1.14573,18,0.0157105
025040107410003168d2a000a00000e2,2,2,0,322,276,704,559,1.06316,0,0
025040107410003168d2a000a00000e2,2,2,1,322,276,704,559,1.06316,7,0.00658416
025040107410003168d2a000a00000e2,2,2,2,322,276,704,559,1.06316,0,0
025040107410003168d2a000a00000e2,2,2,3,322,276,704,559,1.06316,25,0.0235149
025040107410003168d2a000a00000e2,2,2,4,322,276,704,559,1.06316,16,0.0150495
025040107410003168d2a000a00000e2,2,2,5,322,276,704,559,1.06316,5,0.00470297
025040107410003168d2a000a00000e2,2,2,6,322,276,704,559,1.06316,17,0.0159901
025040107410003168d2a000a00000e2,2,2,7,322,276,704,559,1.06316,10,0.00940594
025040107410003168d2a000a00000e2,2,2,8,322,276,704,559,1.06316,15,0.0141089
025040107410003168d2a000a00000e2,2,2,9,322,276,704,559,1.06316,23,0.0216337
025040107410003168d2a000a00000e2,2,2,10,322,276,704,559,1.06316,29,0.0272772
025040107410003168d2a000a00000e2,2,2,11,322,276,704,559,1.06316,26,0.0244554
025040107410003168d2a000a00000e2,2,2,12,322,276,704,559,1.06316,21,0.0197525
025040107410003168d2a000a00000e2,2,2,13,322,276,704,559,1.06316,23,0.0216337
025040107410003168d2a000a00000e2,2,2,14,322,276,704,559,1.06316,37,0.034802
025040107410003168d2a000a00000e2,2,2,15,322,276,704,559,1.06316,19,0.0178713
025040107410003168d2a000a00000e2,2,2,16,322,276,704,559,1.06316,37,0.034802
025040107410003168d2a000a00000e2,2,2,17,322,276,704,559,1.06316,18,0.0169307
025040107410003168d2a000a00000e2,2,2,18,322,276,704,559,1.06316,25,0.0235149
025040107410003168d2a000a00000e2,2,2,19,322,276,704,559,1.06316,19,0.0178713
025040107410003168d2a000a00000e2,2,2,20,322,276,704,559,1.06316,37,0.034802
025040107410003168d2a000a00000e2,2,2,21,322,276,704,559,1.06316,36,0.0338614
025040107410003168d2a000a00000e2,2,2,22,322,276,704,559,1.06316,37,0.034802
025040107410003168d2a000a00000e2,2,2,23,322,276,704,559,1.06316,39,0.0366832
025040107410003168d2a000a00000e2,2,2,24,322,276,704,559,1.06316,28,0.0263366
025040107410003168d2a000a00000e2,2,2,25,322,276,704,559,1.06316,17,0.0159901
025040107410003168d2a000a00000e2,2,2,26,322,276,704,559,1.06316,35,0.0329208
025040107410003168d2a000a00000e2,2,2,27,322,276,704,559,1.06316,37,0.034802
025040107410003168d2a000a00000e2,2,2,28,322,276,704,559,1.06316,36,0.0338614
025040107410003168d2a000a00000e2,2,2,29,322,276,704,559,1.06316,37,0.034802
025040107410003168d2a000a00000e2,2,2,30,322,276,704,559,1.06316,37,0.034802
025040107410003168d2a000a00000e2,2,2,31,322,276,704,559,1.06316,47,0.0442079
025040107410003168d2a000a00000e2,2,2,32,322,276,704,559,1.06316,35,0.0329208
025040107410003168d2a000a00000e2,2,2,33,322,276,704,559,1.06316,36,0.0338614
025040107410003168d2a000a00000e2,2,2,34,322,276,704,559,1.06316,27,0.025396
025040107410003168d2a000a00000e2,2,2,35,322,276,704,559,1.06316,37,0.034802
025040107410003168d2a000a00000e2,2,2,36,322,276,704,559,1.06316,37,0.034802
025040107410003168d2a000a00000e2,2,2,37,322,276,704,559,1.06316,37,0.034802
025040107410003168d2a000a00000e2,2,2,38,322,276,704,559,1.06316,38,0.0357426
025040107410003168d2a000a00000e2,2,2,39,322,276,704,559,1.06316,38,0.0357426
025040107410003168d2a000a00000e2,2,2,40,322,276,704,559,1.06316,38,0.0357426
025040107410003168d2a000a00000e2,2,2,41,322,276,704,559,1.06316,23,0.0216337
025040107410003168d2a000a00000e2,2,2,42,322,276,704,559,1.06316,38,0.0357426
025040107410003168d2a000a00000e2,2,2,43,322,276,704,559,1.06316,37,0.034802
025040107410003168d2a000a00000e2,2,2,44,322,276,704,559,1.06316,25,0.0235149
025040107410003168d2a000a00000e2,2,2,45,322,276,704,559,1.06316,15,0.0141089
025040107410003168d2a000a00000e2,2,2,46,322,276,704,559,1.06316,27,0.025396
025040107410003168d2a000a00000e2,2,2,47,322,276,704,559,1.06316,11,0.0103465
025040107410003168d2a000a00000e2,2,2,48,322,276,704,559,1.06316,36,0.0338614
025040107410003168d2a000a00000e2,2,2,49,322,276,704,559,1.06316,16,0.0150495
025040107410003168d2a000a00000e2,2,2,50,322,276,704,559,1.06316,31,0.0291584
025040107410003168d2a000a00000e2,2,2,51,322,276,704,559,1.06316,18,0.0169307
025040107410003168d2a000a00000e2,2,2,52,322,276,704,559,1.06316,26,0.0244554
025040107410003168d2a000a00000e2,2,2,53,322,276,704,559,1.06316,15,0.0141089
025040107410003168d2a000a00000e2,2,2,54,322,276,704,559,1.06316,20,0.0188119
025040107410003168d2a000a00000e2,2,2,55,322,276,704,559,1.06316,17,0.0159901
025040107410003168d2a000a00000e2,2,2,56,322,276,704,559,1.06316,36,0.0338614
025040107410003168d2a000a00000e2,2,2,57,322,276,704,559,1.06316,16,0.0150495
025040107410003168d2a000a00000e2,2,2,58,322,276,704,559,1.06316,18,0.0169307
025040107410003168d2a000a00000e2,2,2,59,322,276,704,559,1.06316,15,0.0141089
025040107410003168d2a000a00000e2,2,2,60,322,276,704,559,1.06316,17,0.0159901
025040107410003168d2a000a00000e2,2,2,61,322,276,704,559,1.06316,9,0.00846535
025040107410003168d2a000a00000e2,2,2,62,322,276,704,559,1.06316,16,0.0150495
025040107410003168d2a000a00000e2,2,2,63,322,276,704,559,1.06316,10,0.00940594
025040107410003168d2a000a00000e2,2,2,0,322,276,705,560,1.47456,0,0
025040107410003168d2a000a00000e2,2,2,1,322,276,705,560,1.47456,2,0.00135634
025040107410003168d2a000a00000e2,2,2,2,322,276,705,560,1.47456,0,0
025040107410003168d2a000a00000e2,2,2,3,322,276,705,560,1.47456,8,0.00542535
025040107410003168d2a000a00000e2,2,2,4,322,276,705,560,1.47456,6,0.00406901
025040107410003168d2a000a00000e2,2,2,5,322,276,705,560,1.47456,2,0.00135634
025040107410003168d2a000a00000e2,2,2,6,322,276,705,560,1.47456,6,0.00406901
025040107410003168d2a000a00000e2,2,2,7,322,276,705,560,1.47456,4,0.00271267
025040107410003168d2a000a00000e2,2,2,8,322,276,705,560,1.47456,4,0.00271267
025040107410003168d2a000a00000e2,2,2,9,322,276,705,560,1.47456,8,0.00542535
025040107410003168d2a000a00000e2,2,2,10,322,276,705,560,1.47456,11,0.00745985
025040107410003168d2a000a00000e2,2,2,11,322,276,705,560,1.47456,9,0.00610352
025040107410003168d2a000a00000e2,2,2,12,322,276,705,560,1.47456,6,0.00406901
025040107410003168d2a000a00000e2,2,2,13,322,276,705,560,1.47456,7,0.00474718
025040107410003168d2a000a00000e2,2,2,14,322,276,705,560,1.47456,17,0.0115289
025040107410003168d2a000a00000e2,2,2,15,322,276,705,560,1.47456,6,0.00406901
025040107410003168d2a000a00000e2,2,2,16,322,276,705,560,1.47456,15,0.0101725
025040107410003168d2a000a00000e2,2,2,17,322,276,705,560,1.47456,6,0.00406901
025040107410003168d2a000a00000e2,2,2,18,322,276,705,560,1.47456,9,0.00610352
025040107410003168d2a000a00000e2,2,2,19,322,276,705,560,1.47456,6,0.00406901
025040107410003168d2a000a00000e2,2,2,20,322,276,705,560,1.47456,17,0.0115289
025040107410003168d2a000a00000e2,2,2,21,322,276,705,560,1.47456,15,0.0101725
025040107410003168d2a000a00000e2,2,2,22,322,276,705,560,1.47456,18,0.012207
025040107410003168d2a000a00000e2,2,2,23,322,276,705,560,1.47456,18,0.012207
025040107410003168d2a000a00000e2,2,2,24,322,276,705,560,1.47456,12,0.00813802
025040107410003168d2a000a00000e2,2,2,25,322,276,705,560,1.47456,6,0.00406901
025040107410003168d2a000a00000e2,2,2,26,322,276,705,560,1.47456,16,0.0108507
025040107410003168d2a000a00000e2,2,2,27,322,276,705,560,1.47456,15,0.0101725
025040107410003168d2a000a00000e2,2,2,28,322,276,705,560,1.47456,15,0.0101725
025040107410003168d2a000a00000e2,2,2,29,322,276,705,560,1.47456,17,0.0115289
025040107410003168d2a000a00000e2,2,2,30,322,276,705,560,1.47456,15,0.0101725
025040107410003168d2a000a00000e2,2,2,31,322,276,705,560,1.47456,23,0.0155979
025040107410003168d2a000a00000e2,2,2,32,322,276,705,560,1.47456,16,0.0108507
025040107410003168d2a000a00000e2,2,2,33,322,276,705,560,1.47456,13,0.00881619
025040107410003168d2a000a00000e2,2,2,34,322,276,705,560,1.47456,11,0.00745985
025040107410003168d2a000a00000e2,2,2,35,322,276,705,560,1.47456,15,0.0101725
025040107410003168d2a000a00000e2,2,2,36,322,276,705,560,1.47456,18,0.012207
025040107410003168d2a000a00000e2,2,2,37,322,276,705,560,1.47456,15,0.0101725
025040107410003168d2a000a00000e2,2,2,38,322,276,705,560,1.47456,19,0.0128852
025040107410003168d2a000a00000e2,2,2,39,322,276,705,560,1.47456,18,0.012207
025040107410003168d2a000a00000e2,2,2,40,322,276,705,560,1.47456,19,0.0128852
025040107410003168d2a000a00000e2,2,2,41,322,276,705,560,1.47456,8,0.00542535
025040107410003168d2a000a00000e2,2,2,42,322,276,705,560,1.47456,17,0.0115289
025040107410003168d2a000a00000e2,2,2,43,322,276,705,560,1.47456,15,0.0101725
025040107410003168d2a000a00000e2,2,2,44,322,276,705,560,1.47456,9,0.00610352
025040107410003168d2a000a00000e2,2,2,45,322,276,705,560,1.47456,5,0.00339084
025040107410003168d2a000a00000e2,2,2,46,322,276,705,560,1.47456,13,0.00881619
025040107410003168d2a000a00000e2,2,2,47,322,276,705,560,1.47456,4,0.00271267
025040107410003168d2a000a00000e2,2,2,48,322,276,705,560,1.47456,16,0.0108507
025040107410003168d2a000a00000e2,2,2,49,322,276,705,560,1.47456,6,0.00406901
025040107410003168d2a000a00000e2,2,2,50,322,276,705,560,1.47456,15,0.0101725
025040107410003168d2a000a00000e2,2,2,51,322,276,705,560,1.47456,6,0.00406901
025040107410003168d2a000a00000e2,2,2,52,322,276,705,560,1.47456,11,0.00745985
025040107410003168d2a000a00000e2,2,2,53,322,276,705,560,1.47456,4,0.00271267
025040107410003168d2a000a00000e2,2,2,54,322,276,705,560,1.47456,7,0.00474718
025040107410003168d2a000a00000e2,2,2,55,322,276,705,560,1.47456,5,0.00339084
025040107410003168d2a000a00000e2,2,2,56,322,276,705,560,1.47456,14,0.00949436
025040107410003168d2a000a00000e2,2,2,57,322,276,705,560,1.47456,4,0.00271267
025040107410003168d2a000a00000e2,2,2,58,322,276,705,560,1.47456,6,0.00406901
025040107410003168d2a000a00000e2,2,2,59,322,276,705,560,1.47456,4,0.00271267
025040107410003168d2a000a00000e2,2,2,60,322,276,705,560,1.47456,6,0.00406901
025040107410003168d2a000a00000e2,2,2,61,322,276,705,560,1.47456,2,0.00135634
025040107410003168d2a000a00000e2,2,2,62,322,276,705,560,1.47456,5,0.00339084
025040107410003168d2a000a00000e2,2,2,63,322,276,705,560,1.47456,3,0.00203451
025040107410003168d2a000a00000e2,2,2,0,322,276,706,561,1.17965,0,0
025040107410003168d2a000a00000e2,2,2,1,322,276,706,561,1.17965,4,0.00339084
025040107410003168d2a000a00000e2,2,2,2,322,276,706,561,1.17965,0,0
025040107410003168d2a000a00000e2,2,2,3,322,276,706,561,1.17965,20,0.0169542
025040107410003168d2a000a00000e2,2,2,4,322,276,706,561,1.17965,14,0.0118679
025040107410003168d2a000a00000e2,2,2,5,322,276,706,561,1.17965,2,0.00169542
025040107410003168d2a000a00000e2,2,2,6,322,276,706,561,1.17965,16,0.0135634
025040107410003168d2a000a00000e2,2,2,7,322,276,706,561,1.17965,7,0.00593397
025040107410003168d2a000a00000e2,2,2,8,322,276,706,561,1.17965,9,0.00762939
025040107410003168d2a000a00000e2,2,2,9,322,276,706,561,1.17965,19,0.0161065
025040107410003168d2a000a00000e2,2,2,10,322,276,706,561,1.17965,21,0.0178019
025040107410003168d2a000a00000e2,2,2,11,322,276,706,561,1.17965,20,0.0169542
025040107410003168d2a000a00000e2,2,2,12,322,276,706,561,1.17965,19,0.0161065
025040107410003168d2a000a00000e2,2,2,13,322,276,706,561,1.17965,20,0.0169542
025040107410003168d2a000a00000e2,2,2,14,322,276,706,561,1.17965,33,0.0279744
025040107410003168d2a000a00000e2,2,2,15,322,276,706,561,1.17965,17,0.0144111
025040107410003168d2a000a00000e2,2,2,16,322,276,706,561,1.17965,31,0.026279
025040107410003168d2a000a00000e2,2,2,17,322,276,706,561,1.17965,16,0.0135634
025040107410003168d2a000a00000e2,2,2,18,322,276,706,561,1.17965,20,0.0169542
025040107410003168d2a000a00000e2,2,2,19,322,276,706,561,1.17965,17,0.0144111
025040107410003168d2a000a00000e2,2,2,20,322,276,706,561,1.17965,35,0.0296699
025040107410003168d2a000a00000e2,2,2,21,322,276,706,561,1.17965,29,0.0245836
025040107410003168d2a000a00000e2,2,2,22,322,276,706,561,1.17965,36,0.0305176
025040107410003168d2a000a00000e2,2,2,23,322,276,706,561,1.17965,37,0.0313653
025040107410003168d2a000a00000e2,2,2,24,322,276,706,561,1.17965,24,0.0203451
025040107410003168d2a000a00000e2,2,2,25,322,276,706,561,1.17965,16,0.0135634
025040107410003168d2a000a00000e2,2,2,26,322,276,706,561,1.17965,28,0.0237359
025040107410003168d2a000a00000e2,2,2,27,322,276,706,561,1.17965,31,0.026279
025040107410003168d2a000a00000e2,2,2,28,322,276,706,561,1.17965,33,0.0279744
025040107410003168d2a000a00000e2,2,2,29,322,276,706,561,1.17965,34,0.0288222
025040107410003168d2a000a00000e2,2,2,30,322,276,706,561,1.17965,35,0.0296699
025040107410003168d2a000a00000e2,2,2,31,322,276,706,561,1.17965,53,0.0449287
025040107410003168d2a000a00000e2,2,2,32,322,276,706,561,1.17965,32,0.0271267
025040107410003168d2a000a00000e2,2,2,33,322,276,706,561,1.17965,26,0.0220405
025040107410003168d2a000a00000e2,2,2,34,322,276,706,561,1.17965,21,0.0178019
025040107410003168d2a000a00000e2,2,2,35,322,276,706,561,1.17965,35,0.0296699
025040107410003168d2a000a00000e2,2,2,36,322,276,706,561,1.17965,36,0.0305176
025040107410003168d2a000a00000e2,2,2,37,322,276,706,561,1.17965,28,0.0237359
025040107410003168d2a000a00000e2,2,2,38,322,276,706,561,1.17965,37,0.0313653
025040107410003168d2a000a00000e2,2,2,39,322,276,706,561,1.17965,35,0.0296699
025040107410003168d2a000a00000e2,2,2,40,322,276,706,561,1.17965,36,0.0305176
025040107410003168d2a000a00000e2,2,2,41,322,276,706,561,1.17965,20,0.0169542
025040107410003168d2a000a00000e2,2,2,42,322,276,706,561,1.17965,36,0.0305176
025040107410003168d2a000a00000e2,2,2,43,322,276,706,561,1.17965,29,0.0245836
025040107410003168d2a000a00000e2,2,2,44,322,276,706,561,1.17965,21,0.0178019
025040107410003168d2a000a00000e2,2,2,45,322,276,706,561,1.17965,15,0.0127157
025040107410003168d2a000a00000e2,2,2,46,322,276,706,561,1.17965,23,0.0194973
025040107410003168d2a000a00000e2,2,2,47,322,276,706,561,1.17965,9,0.00762939
025040107410003168d2a000a00000e2,2,2,48,322,276,706,561,1.17965,31,0.026279
025040107410003168d2a000a00000e2,2,2,49,322,276,706,561,1.17965,16,0.0135634
025040107410003168d2a000a00000e2,2,2,50,322,276,706,561,1.17965,25,0.0211928
025040107410003168d2a000a00000e2,2,2,51,322,276,706,561,1.17965,16,0.0135634
025040107410003168d2a000a00000e2,2,2,52,322,276,706,561,1.17965,22,0.0186496
025040107410003168d2a000a00000e2,2,2,53,322,276,706,561,1.17965,14,0.0118679
025040107410003168d2a000a00000e2,2,2,54,322,276,706,561,1.17965,19,0.0161065
025040107410003168d2a000a00000e2,2,2,55,322,276,706,561,1.17965,16,0.0135634
025040107410003168d2a000a00000e2,2,2,56,322,276,706,561,1.17965,26,0.0220405
025040107410003168d2a000a00000e2,2,2,57,322,276,706,561,1.17965,10,0.00847711
025040107410003168d2a000a00000e2,2,2,58,322,276,706,561,1.17965,18,0.0152588
025040107410003168d2a000a00000e2,2,2,59,322,276,706,561,1.17965,9,0.00762939
025040107410003168d2a000a00000e2,2,2,60,322,276,706,561,1.17965,16,0.0135634
025040107410003168d2a000a00000e2,2,2,61,322,276,706,561,1.17965,4,0.00339084
025040107410003168d2a000a00000e2,2,2,62,322,276,706,561,1.17965,12,0.0101725
025040107410003168d2a000a00000e2,2,2,63,322,276,706,561,1.17965,7,0.00593397
025040107410003168d2a000a00000e2,2,2,0,322,276,707,562,1.21061,0,0
025040107410003168d2a000a00000e2,2,2,1,322,276,707,562,1.21061,1,0.000826027
025040107410003168d2a000a00000e2,2,2,2,322,276,707,562,1.21061,0,0
025040107410003168d2a000a00000e2,2,2,3,322,276,707,562,1.21061,12,0.00991233
025040107410003168d2a000a00000e2,2,2,4,322,276,707,562,1.21061,8,0.00660822
025040107410003168d2a000a00000e2,2,2,5,322,276,707,562,1.21061,1,0.000826027
025040107410003168d2a000a00000e2,2,2,6,322,276,707,562,1.21061,9,0.00743425
025040107410003168d2a000a00000e2,2,2,7,322,276,707,562,1.21061,4,0.00330411
025040107410003168d2a000a00000e2,2,2,8,322,276,707,562,1.21061,6,0.00495616
025040107410003168d2a000a00000e2,2,2,9,322,276,707,562,1.21061,11,0.0090863
025040107410003168d2a000a00000e2,2,2,10,322,276,707,562,1.21061,12,0.00991233
025040107410003168d2a000a00000e2,2,2,11,322,276,707,562,1.21061,12,0.00991233
025040107410003168d2a000a00000e2,2,2,12,322,276,707,562,1.21061,11,0.0090863
025040107410003168d2a000a00000e2,2,2,13,322,276,707,562,1.21061,11,0.0090863
025040107410003168d2a000a00000e2,2,2,14,322,276,707,562,1.21061,14,0.0115644
025040107410003168d2a000a00000e2,2,2,15,322,276,707,562,1.21061,11,0.0090863
025040107410003168d2a000a00000e2,2,2,16,322,276,707,562,1.21061,14,0.0115644
025040107410003168d2a000a00000e2,2,2,17,322,276,707,562,1.21061,10,0.00826027
025040107410003168d2a000a00000e2,2,2,18,322,276,707,562,1.21061,12,0.00991233
025040107410003168d2a000a00000e2,2,2,19,322,276,707,562,1.21061,10,0.00826027
025040107410003168d2a000a00000e2,2,2,20,322,276,707,562,1.21061,14,0.0115644
025040107410003168d2a000a00000e2,2,2,21,322,276,707,562,1.21061,14,0.0115644
025040107410003168d2a000a00000e2,2,2,22,322,276,707,562,1.21061,15,0.0123904
025040107410003168d2a000a00000e2,2,2,23,322,276,707,562,1.21061,15,0.0123904
025040107410003168d2a000a00000e2,2,2,24,322,276,707,562,1.21061,12,0.00991233
025040107410003168d2a000a00000e2,2,2,25,322,276,707,562,1.21061,9,0.00743425
025040107410003168d2a000a00000e2,2,2,26,322,276,707,562,1.21061,14,0.0115644
025040107410003168d2a000a00000e2,2,2,27,322,276,707,562,1.21061,13,0.0107384
025040107410003168d2a000a00000e2,2,2,28,322,276,707,562,1.21061,14,0.0115644
025040107410003168d2a000a00000e2,2,2,29,322,276,707,562,1.21061,14,0.0115644
025040107410003168d2a000a00000e2,2,2,30,322,276,707,562,1.21061,14,0.0115644
025040107410003168d2a000a00000e2,2,2,31,322,276,707,562,1.21061,19,0.0156945
025040107410003168d2a000a00000e2,2,2,32,322,276,707,562,1.21061,14,0.0115644
025040107410003168d2a000a00000e2,2,2,33,322,276,707,562,1.21061,14,0.0115644
025040107410003168d2a000a00000e2,2,2,34,322,276,707,562,1.21061,12,0.00991233
025040107410003168d2a000a00000e2,2,2,35,322,276,707,562,1.21061,14,0.0115644
025040107410003168d2a000a00000e2,2,2,36,322,276,707,562,1.21061,15,0.0123904
025040107410003168d2a000a00000e2,2,2,37,322,276,707,562,1.21061,14,0.0115644
025040107410003168d2a000a00000e2,2,2,38,322,276,707,562,1.21061,15,0.0123904
025040107410003168d2a000a00000e2,2,2,39,322,276,707,562,1.21061,15,0.0123904
025040107410003168d2a000a00000e2,2,2,40,322,276,707,562,1.21061,15,0.0123904
025040107410003168d2a000a00000e2,2,2,41,322,276,707,562,1.21061,11,0.0090863
025040107410003168d2a000a00000e2,2,2,42,322,276,707,562,1.21061,15,0.0123904
025040107410003168d2a000a00000e2,2,2,43,322,276,707,562,1.21061,14,0.0115644
025040107410003168d2a000a00000e2,2,2,44,322,276,707,562,1.21061,11,0.0090863
025040107410003168d2a000a00000e2,2,2,45,322,276,707,562,1.21061,8,0.00660822
025040107410003168d2a000a00000e2,2,2,46,322,276,707,562,1.21061,12,0.00991233
025040107410003168d2a000a00000e2,2,2,47,322,276,707,562,1.21061,6,0.00495616
025040107410003168d2a000a00000e2,2,2,48,322,276,707,562,1.21061,14,0.0115644
025040107410003168d2a000a00000e2,2,2,49,322,276,707,562,1.21061,11,0.0090863
025040107410003168d2a000a00000e2,2,2,50,322,276,707,562,1.21061,15,0.0123904
025040107410003168d2a000a00000e2,2,2,51,322,276,707,562,1.21061,10,0.00826027
025040107410003168d2a000a00000e2,2,2,52,322,276,707,562,1.21061,13,0.0107384
025040107410003168d2a000a00000e2,2,2,53,322,276,707,562,1.21061,9,0.00743425
025040107410003168d2a000a00000e2,2,2,54,322,276,707,562,1.21061,12,0.00991233
025040107410003168d2a000a00000e2,2,2,55,322,276,707,562,1.21061,10,0.00826027
025040107410003168d2a000a00000e2,2,2,56,322,276,707,562,1.21061,15,0.0123904
025040107410003168d2a000a00000e2,2,2,57,322,276,707,562,1.21061,7,0.00578219
025040107410003168d2a000a00000e2,2,2,58,322,276,707,562,1.21061,10,0.00826027
025040107410003168d2a000a00000e2,2,2,59,322,276,707,562,1.21061,7,0.00578219
025040107410003168d2a000a00000e2,2,2,60,322,276,707,562,1.21061,9,0.00743425
025040107410003168d2a000a00000e2,2,2,61,322,276,707,562,1.21061,2,0.00165205
025040107410003168d2a000a00000e2,2,2,62,322,276,707,562,1.21061,8,0.00660822
025040107410003168d2a000a00000e2,2,2,63,322,276,707,562,1.21061,4,0.00330411
025040107410003168d2a000a00000e2,2,2,0,322,276,708,563,1.00418,0,0
025040107410003168d2a000a00000e2,2,2,1,322,276,708,563,1.00418,2,0.00199168
025040107410003168d2a000a00000e2,2,2,2,322,276,708,563,1.00418,0,0
025040107410003168d2a000a00000e2,2,2,3,322,276,708,563,1.00418,10,0.00995842
025040107410003168d2a000a00000e2,2,2,4,322,276,708,563,1.00418,6,0.00597505
025040107410003168d2a000a00000e2,2,2,5,322,276,708,563,1.00418,1,0.000995842
025040107410003168d2a000a00000e2,2,2,6,322,276,708,563,1.00418,7,0.00697089
025040107410003168d2a000a00000e2,2,2,7,322,276,708,563,1.00418,2,0.00199168
025040107410003168d2a000a00000e2,2,2,8,322,276,708,563,1.00418,3,0.00298753
025040107410003168d2a000a00000e2,2,2,9,322,276,708,563,1.00418,10,0.00995842
025040107410003168d2a000a00000e2,2,2,10,322,276,708,563,1.00418,11,0.0109543
025040107410003168d2a000a00000e2,2,2,11,322,276,708,563,1.00418,11,0.0109543
025040107410003168d2a000a00000e2,2,2,12,322,276,708,563,1.00418,8,0.00796674
025040107410003168d2a000a00000e2,2,2,13,322,276,708,563,1.00418,9,0.00896258
025040107410003168d2a000a00000e2,2,2,14,322,276,708,563,1.00418,16,0.0159335
025040107410003168d2a000a00000e2,2,2,15,322,276,708,563,1.00418,8,0.00796674
025040107410003168d2a000a00000e2,2,2,16,322,276,708,563,1.00418,13,0.0129459
025040107410003168d2a000a00000e2,2,2,17,322,276,708,563,1.00418,8,0.00796674
025040107410003168d2a000a00000e2,2,2,18,322,276,708,563,1.00418,11,0.0109543
025040107410003168d2a000a00000e2,2,2,19,322,276,708,563,1.00418,8,0.00796674
025040107410003168d2a000a00000e2,2,2,20,322,276,708,563,1.00418,14,0.0139418
025040107410003168d2a000a00000e2,2,2,21,322,276,708,563,1.00418,13,0.0129459
025040107410003168d2a000a00000e2,2,2,22,322,276,708,563,1.00418,15,0.0149376
025040107410003168d2a000a00000e2,2,2,23,322,276,708,563,1.00418,17,0.0169293
025040107410003168d2a000a00000e2,2,2,24,322,276,708,563,1.00418,12,0.0119501
025040107410003168d2a000a00000e2,2,2,25,322,276,708,563,1.00418,7,0.00697089
025040107410003168d2a000a00000e2,2,2,26,322,276,708,563,1.00418,13,0.0129459
025040107410003168d2a000a00000e2,2,2,27,322,276,708,563,1.00418,13,0.0129459
025040107410003168d2a000a00000e2,2,2,28,322,276,708,563,1.00418,13,0.0129459
025040107410003168d2a000a00000e2,2,2,29,322,276,708,563,1.00418,15,0.0149376
025040107410003168d2a000a00000e2,2,2,30,322,276,708,563,1.00418,14,0.0139418
025040107410003168d2a000a00000e2,2,2,31,322,276,708,563,1.00418,21,0.0209127
025040107410003168d2a000a00000e2,2,2,32,322,276,708,563,1.00418,13,0.0129459
025040107410003168d2a000a00000e2,2,2,33,322,276,708,563,1.00418,12,0.0119501
025040107410003168d2a000a00000e2,2,2,34,322,276,708,563,1.00418,11,0.0109543
025040107410003168d2a000a00000e2,2,2,35,322,276,708,563,1.00418,14,0.0139418
025040107410003168d2a000a00000e2,2,2,36,322,276,708,563,1.00418,18,0.0179252
025040107410003168d2a000a00000e2,2,2,37,322,276,708,563,1.00418,13,0.0129459
025040107410003168d2a000a00000e2,2,2,38,322,276,708,563,1.00418,17,0.0169293
025040107410003168d2a000a00000e2,2,2,39,322,276,708,563,1.00418,18,0.0179252
025040107410003168d2a000a00000e2,2,2,40,322,276,708,563,1.00418,18,0.0179252
025040107410003168d2a000a00000e2,2,2,41,322,276,708,563,1.00418,9,0.00896258
025040107410003168d2a000a00000e2,2,2,42,322,276,708,563,1.00418,17,0.0169293
025040107410003168d2a000a00000e2,2,2,43,322,276,708,563,1.00418,14,0.0139418
025040107410003168d2a000a00000e2,2,2,44,322,276,708,563,1.00418,11,0.0109543
025040107410003168d2a000a00000e2,2,2,45,322,276,708,563,1.00418,7,0.00697089
025040107410003168d2a000a00000e2,2,2,46,322,276,708,563,1.00418,11,0.0109543
025040107410003168d2a000a00000e2,2,2,47,322,276,708,563,1.00418,4,0.00398337
025040107410003168d2a000a00000e2,2,2,48,322,276,708,563,1.00418,13,0.0129459
025040107410003168d2a000a00000e2,2,2,49,322,276,708,563,1.00418,8,0.00796674
025040107410003168d2a000a00000e2,2,2,50,322,276,708,563,1.00418,12,0.0119501
025040107410003168d2a000a00000e2,2,2,51,322,276,708,563,1.00418,8,0.00796674
025040107410003168d2a000a00000e2,2,2,52,322,276,708,563,1.00418,11,0.0109543
025040107410003168d2a000a00000e2,2,2,53,322,276,708,563,1.00418,7,0.00697089
025040107410003168d2a000a00000e2,2,2,54,322,276,708,563,1.00418,10,0.00995842
025040107410003168d2a000a00000e2,2,2,55,322,276,708,563,1.00418,7,0.00697089
025040107410003168d2a000a00000e2,2,2,56,322,276,708,563,1.00418,13,0.0129459
025040107410003168d2a000a00000e2,2,2,57,322,276,708,563,1.00418,4,0.00398337
025040107410003168d2a000a00000e2,2,2,58,322,276,708,563,1.00418,8,0.00796674
025040107410003168d2a000a00000e2,2,2,59,322,276,708,563,1.00418,3,0.00298753
025040107410003168d2a000a00000e2,2,2,60,322,276,708,563,1.00418,6,0.00597505
025040107410003168d2a000a00000e2,2,2,61,322,276,708,563,1.00418,2,0.00199168
025040107410003168d2a000a00000e2,2,2,62,322,276,708,563,1.00418,4,0.00398337
025040107410003168d2a000a00000e2,2,2,63,322,276,708,563,1.00418,2,0.00199168
025040107410003168d2a000a00000e2,2,2,0,322,276,709,564,1.51142,0,0
025040107410003168d2a000a00000e2,2,2,1,322,276,709,564,1.51142,2,0.00132326
025040107410003168d2a000a00000e2,2,2,2,322,276,709,564,1.51142,0,0
025040107410003168d2a000a00000e2,2,2,3,322,276,709,564,1.51142,11,0.0072779
025040107410003168d2a000a00000e2,2,2,4,322,276,709,564,1.51142,7,0.00463139
025040107410003168d2a000a00000e2,2,2,5,322,276,709,564,1.51142,2,0.00132326
025040107410003168d2a000a00000e2,2,2,6,322,276,709,564,1.51142,8,0.00529302
025040107410003168d2a000a00000e2,2,2,7,322,276,709,564,1.51142,6,0.00396977
025040107410003168d2a000a00000e2,2,2,8,322,276,709,564,1.51142,6,0.00396977
025040107410003168d2a000a00000e2,2,2,9,322,276,709,564,1.51142,10,0.00661628
025040107410003168d2a000a00000e2,2,2,10,322,276,709,564,1.51142,13,0.00860116
025040107410003168d2a000a00000e2,2,2,11,322,276,709,564,1.51142,11,0.0072779
025040107410003168d2a000a00000e2,2,2,12,322,276,709,564,1.51142,11,0.0072779
025040107410003168d2a000a00000e2,2,2,13,322,276,709,564,1.51142,11,0.0072779
025040107410003168d2a000a00000e2,2,2,14,322,276,709,564,1.51142,17,0.0112477
025040107410003168d2a000a00000e2,2,2,15,322,276,709,564,1.51142,10,0.00661628
025040107410003168d2a000a00000e2,2,2,16,322,276,709,564,1.51142,18,0.0119093
025040107410003168d2a000a00000e2,2,2,17,322,276,709,564,1.51142,9,0.00595465
025040107410003168d2a000a00000e2,2,2,18,322,276,709,564,1.51142,12,0.00793953
025040107410003168d2a000a00000e2,2,2,19,322,276,709,564,1.51142,10,0.00661628
025040107410003168d2a000a00000e2,2,2,20,322,276,709,564,1.51142,18,0.0119093
025040107410003168d2a000a00000e2,2,2,21,322,276,709,564,1.51142,16,0.010586
025040107410003168d2a000a00000e2,2,2,22,322,276,709,564,1.51142,18,0.0119093
025040107410003168d2a000a00000e2,2,2,23,322,276,709,564,1.51142,22,0.0145558
025040107410003168d2a000a00000e2,2,2,24,322,276,709,564,1.51142,14,0.00926279
025040107410003168d2a000a00000e2,2,2,25,322,276,709,564,1.51142,8,0.00529302
025040107410003168d2a000a00000e2,2,2,26,322,276,709,564,1.51142,17,0.0112477
025040107410003168d2a000a00000e2,2,2,27,322,276,709,564,1.51142,17,0.0112477
025040107410003168d2a000a00000e2,2,2,28,322,276,709,564,1.51142,18,0.0119093
025040107410003168d2a000a00000e2,2,2,29,322,276,709,564,1.51142,18,0.0119093
025040107410003168d2a000a00000e2,2,2,30,322,276,709,564,1.51142,19,0.0125709
025040107410003168d2a000a00000e2,2,2,31,322,276,709,564,1.51142,25,0.0165407
025040107410003168d2a000a00000e2,2,2,32,322,276,709,564,1.51142,18,0.0119093
025040107410003168d2a000a00000e2,2,2,33,322,276,709,564,1.51142,17,0.0112477
025040107410003168d2a000a00000e2,2,2,34,322,276,709,564,1.51142,15,0.00992442
025040107410003168d2a000a00000e2,2,2,35,322,276,709,564,1.51142,18,0.0119093
025040107410003168d2a000a00000e2,2,2,36,322,276,709,564,1.51142,20,0.0132326
025040107410003168d2a000a00000e2,2,2,37,322,276,709,564,1.51142,18,0.0119093
025040107410003168d2a000a00000e2,2,2,38,322,276,709,564,1.51142,20,0.0132326
025040107410003168d2a000a00000e2,2,2,39,322,276,709,564,1.51142,20,0.0132326
025040107410003168d2a000a00000e2,2,2,40,322,276,709,564,1.51142,21,0.0138942
025040107410003168d2a000a00000e2,2,2,41,322,276,709,564,1.51142,13,0.00860116
025040107410003168d2a000a00000e2,2,2,42,322,276,709,564,1.51142,20,0.0132326
025040107410003168d2a000a00000e2,2,2,43,322,276,709,564,1.51142,19,0.0125709
025040107410003168d2a000a00000e2,2,2,44,322,276,709,564,1.51142,14,0.00926279
025040107410003168d2a000a00000e2,2,2,45,322,276,709,564,1.51142,8,0.00529302
025040107410003168d2a000a00000e2,2,2,46,322,276,709,564,1.51142,15,0.00992442
025040107410003168d2a000a00000e2,2,2,47,322,276,709,564,1.51142,7,0.00463139
025040107410003168d2a000a00000e2,2,2,48,322,276,709,564,1.51142,19,0.0125709
025040107410003168d2a000a00000e2,2,2,49,322,276,709,564,1.51142,9,0.00595465
025040107410003168d2a000a00000e2,2,2,50,322,276,709,564,1.51142,19,0.0125709
025040107410003168d2a000a00000e2,2,2,51,322,276,709,564,1.51142,8,0.00529302
025040107410003168d2a000a00000e2,2,2,52,322,276,709,564,1.51142,15,0.00992442
025040107410003168d2a000a00000e2,2,2,53,322,276,709,564,1.51142,7,0.00463139
025040107410003168d2a000a00000e2,2,2,54,322,276,709,564,1.51142,12,0.00793953
025040107410003168d2a000a00000e2,2,2,55,322,276,709,564,1.51142,8,0.00529302
025040107410003168d2a000a00000e2,2,2,56,322,276,709,564,1.51142,19,0.0125709
025040107410003168d2a000a00000e2,2,2,57,322,276,709,564,1.51142,7,0.00463139
025040107410003168d2a000a00000e2,2,2,58,322,276,709,564,1.51142,10,0.00661628
025040107410003168d2a000a00000e2,2,2,59,322,276,709,564,1.51142,6,0.00396977
025040107410003168d2a000a00000e2,2,2,60,322,276,709,564,1.51142,8,0.00529302
025040107410003168d2a000a00000e2,2,2,61,322,276,709,564,1.51142,3,0.00198488
025040107410003168d2a000a00000e2,2,2,62,322,276,709,564,1.51142,7,0.00463139
025040107410003168d2a000a00000e2,2,2,63,322,276,709,564,1.51142,3,0.00198488
025040107410003168d2a000a00000e2,2,2,0,322,276,710,564,1.04251,0,0
025040107410003168d2a000a00000e2,2,2,1,322,276,710,564,1.04251,2,0.00191844
025040107410003168d2a000a00000e2,2,2,2,322,276,710,564,1.04251,0,0
025040107410003168d2a000a00000e2,2,2,3,322,276,710,564,1.04251,13,0.0124699
025040107410003168d2a000a00000e2,2,2,4,322,276,710,564,1.04251,9,0.00863298
025040107410003168d2a000a00000e2,2,2,5,322,276,710,564,1.04251,2,0.00191844
025040107410003168d2a000a00000e2,2,2,6,322,276,710,564,1.04251,11,0.0105514
025040107410003168d2a000a00000e2,2,2,7,322,276,710,564,1.04251,7,0.00671454
025040107410003168d2a000a00000e2,2,2,8,322,276,710,564,1.04251,8,0.00767376
025040107410003168d2a000a00000e2,2,2,9,322,276,710,564,1.04251,13,0.0124699
025040107410003168d2a000a00000e2,2,2,10,322,276,710,564,1.04251,14,0.0134291
025040107410003168d2a000a00000e2,2,2,11,322,276,710,564,1.04251,13,0.0124699
025040107410003168d2a000a00000e2,2,2,12,322,276,710,564,1.04251,12,0.0115106
025040107410003168d2a000a00000e2,2,2,13,322,276,710,564,1.04251,12,0.0115106
025040107410003168d2a000a00000e2,2,2,14,322,276,710,564,1.04251,16,0.0153475
025040107410003168d2a000a00000e2,2,2,15,322,276,710,564,1.04251,11,0.0105514
025040107410003168d2a000a00000e2,2,2,16,322,276,710,564,1.04251,15,0.0143883
025040107410003168d2a000a00000e2,2,2,17,322,276,710,564,1.04251,11,0.0105514
025040107410003168d2a000a00000e2,2,2,18,322,276,710,564,1.04251,14,0.0134291
025040107410003168d2a000a00000e2,2,2,19,322,276,710,564,1.04251,11,0.0105514
025040107410003168d2a000a00000e2,2,2,20,322,276,710,564,1.04251,16,0.0153475
025040107410003168d2a000a00000e2,2,2,21,322,276,710,564,1.04251,16,0.0153475
025040107410003168d2a000a00000e2,2,2,22,322,276,710,564,1.04251,17,0.0163067
025040107410003168d2a000a00000e2,2,2,23,322,276,710,564,1.04251,19,0.0182252
025040107410003168d2a000a00000e2,2,2,24,322,276,710,564,1.04251,14,0.0134291
025040107410003168d2a000a00000e2,2,2,25,322,276,710,564,1.04251,10,0.0095922
025040107410003168d2a000a00000e2,2,2,26,322,276,710,564,1.04251,16,0.0153475
025040107410003168d2a000a00000e2,2,2,27,322,276,710,564,1.04251,16,0.0153475
025040107410003168d2a000a00000e2,2,2,28,322,276,710,564,1.04251,16,0.0153475
025040107410003168d2a000a00000e2,2,2,29,322,276,710,564,1.04251,17,0.0163067
025040107410003168d2a000a00000e2,2,2,30,322,276,710,564,1.04251,16,0.0153475
025040107410003168d2a000a00000e2,2,2,31,322,276,710,564,1.04251,22,0.0211028
025040107410003168d2a000a00000e2,2,2,32,322,276,710,564,1.04251,15,0.0143883
025040107410003168d2a000a00000e2,2,2,33,322,276,710,564,1.04251,15,0.0143883
025040107410003168d2a000a00000e2,2,2,34,322,276,710,564,1.04251,14,0.0134291
025040107410003168d2a000a00000e2,2,2,35,322,276,710,564,1.04251,16,0.0153475
025040107410003168d2a000a00000e2,2,2,36,322,276,710,564,1.04251,19,0.0182252
025040107410003168d2a000a00000e2,2,2,37,322,276,710,564,1.04251,15,0.0143883
025040107410003168d2a000a00000e2,2,2,38,322,276,710,564,1.04251,20,0.0191844
025040107410003168d2a000a00000e2,2,2,39,322,276,710,564,1.04251,18,0.017266
025040107410003168d2a000a00000e2,2,2,40,322,276,710,564,1.04251,18,0.017266
025040107410003168d2a000a00000e2,2,2,41,322,276,710,564,1.04251,13,0.0124699
025040107410003168d2a000a00000e2,2,2,42,322,276,710,564,1.04251,18,0.017266
025040107410003168d2a000a00000e2,2,2,43,322,276,710,564,1.04251,15,0.0143883
025040107410003168d2a000a00000e2,2,2,44,322,276,710,564,1.04251,14,0.0134291
025040107410003168d2a000a00000e2,2,2,45,322,276,710,564,1.04251,10,0.0095922
025040107410003168d2a000a00000e2,2,2,46,322,276,710,564,1.04251,14,0.0134291
025040107410003168d2a000a00000e2,2,2,47,322,276,710,564,1.04251,7,0.00671454
025040107410003168d2a000a00000e2,2,2,48,322,276,710,564,1.04251,17,0.0163067
025040107410003168d2a000a00000e2,2,2,49,322,276,710,564,1.04251,10,0.0095922
025040107410003168d2a000a00000e2,2,2,50,322,276,710,564,1.04251,16,0.0153475
025040107410003168d2a000a00000e2,2,2,51,322,276,710,564,1.04251,11,0.0105514
025040107410003168d2a000a00000e2,2,2,52,322,276,710,564,1.04251,14,0.0134291
025040107410003168d2a000a00000e2,2,2,53,322,276,710,564,1.04251,9,0.00863298
025040107410003168d2a000a00000e2,2,2,54,322,276,710,564,1.04251,13,0.0124699
025040107410003168d2a000a00000e2,2,2,55,322,276,710,564,1.04251,9,0.00863298
025040107410003168d2a000a00000e2,2,2,56,322,276,710,564,1.04251,15,0.0143883
025040107410003168d2a000a00000e2,2,2,57,322,276,710,564,1.04251,8,0.00767376
025040107410003168d2a000a00000e2,2,2,58,322,276,710,564,1.04251,11,0.0105514
025040107410003168d2a000a00000e2,2,2,59,322,276,710,564,1.04251,7,0.00671454
025040107410003168d2a000a00000e2,2,2,60,322,276,710,564,1.04251,10,0.0095922
025040107410003168d2a000a00000e2,2,2,61,322,276,710,564,1.04251,3,0.00287766
025040107410003168d2a000a00000e2,2,2,62,322,276,710,564,1.04251,9,0.00863298
025040107410003168d2a000a00000e2,2,2,63,322,276,710,564,1.04251,5,0.0047961
025040107410003168d2a000a00000e2,2,2,0,322,276,711,565,1.66035,0,0
025040107410003168d2a000a00000e2,2,2,1,322,276,711,565,1.66035,0,0
025040107410003168d2a000a00000e2,2,2,2,322,276,711,565,1.66035,0,0
025040107410003168d2a000a00000e2,2,2,3,322,276,711,565,1.66035,7,0.00421597
025040107410003168d2a000a00000e2,2,2,4,322,276,711,565,1.66035,5,0.0030114
025040107410003168d2a000a00000e2,2,2,5,322,276,711,565,1.66035,0,0
025040107410003168d2a000a00000e2,2,2,6,322,276,711,565,1.66035,6,0.00361369
025040107410003168d2a000a00000e2,2,2,7,322,276,711,565,1.66035,0,0
025040107410003168d2a000a00000e2,2,2,8,322,276,711,565,1.66035,3,0.00180684
025040107410003168d2a000a00000e2,2,2,9,322,276,711,565,1.66035,7,0.00421597
025040107410003168d2a000a00000e2,2,2,10,322,276,711,565,1.66035,9,0.00542053
025040107410003168d2a000a00000e2,2,2,11,322,276,711,565,1.66035,7,0.00421597
025040107410003168d2a000a00000e2,2,2,12,322,276,711,565,1.66035,7,0.00421597
025040107410003168d2a000a00000e2,2,2,13,322,276,711,565,1.66035,7,0.00421597
025040107410003168d2a000a00000e2,2,2,14,322,276,711,565,1.66035,11,0.00662509
025040107410003168d2a000a00000e2,2,2,15,322,276,711,565,1.66035,7,0.00421597
025040107410003168d2a000a00000e2,2,2,16,322,276,711,565,1.66035,10,0.00602281
025040107410003168d2a000a00000e2,2,2,17,322,276,711,565,1.66035,7,0.00421597
025040107410003168d2a000a00000e2,2,2,18,322,276,711,565,1.66035,8,0.00481825
025040107410003168d2a000a00000e2,2,2,19,322,276,711,565,1.66035,7,0.00421597
025040107410003168d2a000a00000e2,2,2,20,322,276,711,565,1.66035,10,0.00602281
025040107410003168d2a000a00000e2,2,2,21,322,276,711,565,1.66035,10,0.00602281
025040107410003168d2a000a00000e2,2,2,22,322,276,711,565,1.66035,11,0.00662509
025040107410003168d2a000a00000e2,2,2,23,322,276,711,565,1.66035,16,0.0096365
025040107410003168d2a000a00000e2,2,2,24,322,276,711,565,1.66035,9,0.00542053
025040107410003168d2a000a00000e2,2,2,25,322,276,711,565,1.66035,5,0.0030114
025040107410003168d2a000a00000e2,2,2,26,322,276,711,565,1.66035,9,0.00542053
025040107410003168d2a000a00000e2,2,2,27,322,276,711,565,1.66035,10,0.00602281
025040107410003168d2a000a00000e2,2,2,28,322,276,711,565,1.66035,9,0.00542053
025040107410003168d2a000a00000e2,2,2,29,322,276,711,565,1.66035,11,0.00662509
025040107410003168d2a000a00000e2,2,2,30,322,276,711,565,1.66035,12,0.00722737
025040107410003168d2a000a00000e2,2,2,31,322,276,711,565,1.66035,19,0.0114433
025040107410003168d2a000a00000e2,2,2,32,322,276,711,565,1.66035,9,0.00542053
025040107410003168d2a000a00000e2,2,2,33,322,276,711,565,1.66035,8,0.00481825
025040107410003168d2a000a00000e2,2,2,34,322,276,711,565,1.66035,7,0.00421597
025040107410003168d2a000a00000e2,2,2,35,322,276,711,565,1.66035,10,0.00602281
025040107410003168d2a000a00000e2,2,2,36,322,276,711,565,1.66035,13,0.00782965
025040107410003168d2a000a00000e2,2,2,37,322,276,711,565,1.66035,8,0.00481825
025040107410003168d2a000a00000e2,2,2,38,322,276,711,565,1.66035,15,0.00903421
025040107410003168d2a000a00000e2,2,2,39,322,276,711,565,1.66035,13,0.00782965
025040107410003168d2a000a00000e2,2,2,40,322,276,711,565,1.66035,17,0.0102388
025040107410003168d2a000a00000e2,2,2,41,322,276,711,565,1.66035,6,0.00361369
025040107410003168d2a000a00000e2,2,2,42,322,276,711,565,1.66035,14,0.00843193
025040107410003168d2a000a00000e2,2,2,43,322,276,711,565,1.66035,9,0.00542053
025040107410003168d2a000a00000e2,2,2,44,322,276,711,565,1.66035,8,0.00481825
025040107410003168d2a000a00000e2,2,2,45,322,276,711,565,1.66035,4,0.00240912
025040107410003168d2a000a00000e2,2,2,46,322,276,711,565,1.66035,9,0.00542053
025040107410003168d2a000a00000e2,2,2,47,322,276,711,565,1.66035,2,0.00120456
025040107410003168d2a000a00000e2,2,2,48,322,276,711,565,1.66035,11,0.00662509
025040107410003168d2a000a00000e2,2,2,49,322,276,711,565,1.66035,5,0.0030114
025040107410003168d2a000a00000e2,2,2,50,322,276,711,565,1.66035,9,0.00542053
025040107410003168d2a000a00000e2,2,2,51,322,276,711,565,1.66035,6,0.00361369
025040107410003168d2a000a00000e2,2,2,52,322,276,711,565,1.66035,9,0.00542053
025040107410003168d2a000a00000e2,2,2,53,322,276,711,565,1.66035,4,0.00240912
025040107410003168d2a000a00000e2,2,2,54,322,276,711,565,1.66035,6,0.00361369
025040107410003168d2a000a00000e2,2,2,55,322,276,711,565,1.66035,5,0.0030114
025040107410003168d2a000a00000e2,2,2,56,322,276,711,565,1.66035,9,0.00542053
025040107410003168d2a000a00000e2,2,2,57,322,276,711,565,1.66035,4,0.00240912
025040107410003168d2a000a00000e2,2,2,58,322,276,711,565,1.66035,5,0.0030114
025040107410003168d2a000a00000e2,2,2,59,322,276,711,565,1.66035,3,0.00180684
025040107410003168d2a000a00000e2,2,2,60,322,276,711,565,1.66035,5,0.0030114
025040107410003168d2a000a00000e2,2,2,61,322,276,711,565,1.66035,0,0
025040107410003168d2a000a00000e2,2,2,62,322,276,711,565,1.66035,4,0.00240912
025040107410003168d2a000a00000e2,2,2,63,322,276,711,565,1.66035,0,0
025040107410003168d2a000a00000e2,2,2,0,322,276,712,566,1.28729,0,0
025040107410003168d2a000a00000e2,2,2,1,322,276,712,566,1.28729,0,0
025040107410003168d2a000a00000e2,2,2,2,322,276,712,566,1.28729,0,0
025040107410003168d2a000a00000e2,2,2,3,322,276,712,566,1.28729,11,0.00854508
025040107410003168d2a000a00000e2,2,2,4,322,276,712,566,1.28729,10,0.00776825
025040107410003168d2a000a00000e2,2,2,5,322,276,712,566,1.28729,1,0.000776825
025040107410003168d2a000a00000e2,2,2,6,322,276,712,566,1.28729,10,0.00776825
025040107410003168d2a000a00000e2,2,2,7,322,276,712,566,1.28729,7,0.00543778
025040107410003168d2a000a00000e2,2,2,8,322,276,712,566,1.28729,7,0.00543778
025040107410003168d2a000a00000e2,2,2,9,322,276,712,566,1.28729,11,0.00854508
025040107410003168d2a000a00000e2,2,2,10,322,276,712,566,1.28729,13,0.0100987
025040107410003168d2a000a00000e2,2,2,11,322,276,712,566,1.28729,13,0.0100987
025040107410003168d2a000a00000e2,2,2,12,322,276,712,566,1.28729,11,0.00854508
025040107410003168d2a000a00000e2,2,2,13,322,276,712,566,1.28729,11,0.00854508
025040107410003168d2a000a00000e2,2,2,14,322,276,712,566,1.28729,13,0.0100987
025040107410003168d2a000a00000e2,2,2,15,322,276,712,566,1.28729,11,0.00854508
025040107410003168d2a000a00000e2,2,2,16,322,276,712,566,1.28729,13,0.0100987
025040107410003168d2a000a00000e2,2,2,17,322,276,712,566,1.28729,10,0.00776825
025040107410003168d2a000a00000e2,2,2,18,322,276,712,566,1.28729,13,0.0100987
025040107410003168d2a000a00000e2,2,2,19,322,276,712,566,1.28729,11,0.00854508
025040107410003168d2a000a00000e2,2,2,20,322,276,712,566,1.28729,13,0.0100987
025040107410003168d2a000a00000e2,2,2,21,322,276,712,566,1.28729,13,0.0100987
025040107410003168d2a000a00000e2,2,2,22,322,276,712,566,1.28729,13,0.0100987
025040107410003168d2a000a00000e2,2,2,23,322,276,712,566,1.28729,14,0.0108756
025040107410003168d2a000a00000e2,2,2,24,322,276,712,566,1.28729,13,0.0100987
025040107410003168d2a000a00000e2,2,2,25,322,276,712,566,1.28729,11,0.00854508
025040107410003168d2a000a00000e2,2,2,26,322,276,712,566,1.28729,13,0.0100987
025040107410003168d2a000a00000e2,2,2,27,322,276,712,566,1.28729,13,0.0100987
025040107410003168d2a000a00000e2,2,2,28,322,276,712,566,1.28729,13,0.0100987
025040107410003168d2a000a00000e2,2,2,29,322,276,712,566,1.28729,14,0.0108756
025040107410003168d2a000a00000e2,2,2,30,322,276,712,566,1.28729,13,0.0100987
025040107410003168d2a000a00000e2,2,2,31,322,276,712,566,1.28729,14,0.0108756
025040107410003168d2a000a00000e2,2,2,32,322,276,712,566,1.28729,13,0.0100987
025040107410003168d2a000a00000e2,2,2,33,322,276,712,566,1.28729,13,0.0100987
025040107410003168d2a000a00000e2,2,2,34,322,276,712,566,1.28729,13,0.0100987
025040107410003168d2a000a00000e2,2,2,35,322,276,712,566,1.28729,13,0.0100987
025040107410003168d2a000a00000e2,2,2,36,322,276,712,566,1.28729,14,0.0108756
025040107410003168d2a000a00000e2,2,2,37,322,276,712,566,1.28729,13,0.0100987
025040107410003168d2a000a00000e2,2,2,38,322,276,712,566,1.28729,14,0.0108756
025040107410003168d2a000a00000e2,2,2,39,322,276,712,566,1.28729,14,0.0108756
025040107410003168d2a000a00000e2,2,2,40,322,276,712,566,1.28729,14,0.0108756
025040107410003168d2a000a00000e2,2,2,41,322,276,712,566,1.28729,12,0.0093219
025040107410003168d2a000a00000e2,2,2,42,322,276,712,566,1.28729,14,0.0108756
025040107410003168d2a000a00000e2,2,2,43,322,276,712,566,1.28729,13,0.0100987
025040107410003168d2a000a00000e2,2,2,44,322,276,712,566,1.28729,13,0.0100987
025040107410003168d2a000a00000e2,2,2,45,322,276,712,566,1.28729,10,0.00776825
025040107410003168d2a000a00000e2,2,2,46,322,276,712,566,1.28729,13,0.0100987
025040107410003168d2a000a00000e2,2,2,47,322,276,712,566,1.28729,7,0.00543778
025040107410003168d2a000a00000e2,2,2,48,322,276,712,566,1.28729,13,0.0100987
025040107410003168d2a000a00000e2,2,2,49,322,276,712,566,1.28729,11,0.00854508
025040107410003168d2a000a00000e2,2,2,50,322,276,712,566,1.28729,13,0.0100987
025040107410003168d2a000a00000e2,2,2,51,322,276,712,566,1.28729,10,0.00776825
025040107410003168d2a000a00000e2,2,2,52,322,276,712,566,1.28729,13,0.0100987
025040107410003168d2a000a00000e2,2,2,53,322,276,712,566,1.28729,9,0.00699143
025040107410003168d2a000a00000e2,2,2,54,322,276,712,566,1.28729,12,0.0093219
025040107410003168d2a000a00000e2,2,2,55,322,276,712,566,1.28729,10,0.00776825
025040107410003168d2a000a00000e2,2,2,56,322,276,712,566,1.28729,13,0.0100987
025040107410003168d2a000a00000e2,2,2,57,322,276,712,566,1.28729,7,0.00543778
025040107410003168d2a000a00000e2,2,2,58,322,276,712,566,1.28729,11,0.00854508
025040107410003168d2a000a00000e2,2,2,59,322,276,712,566,1.28729,7,0.00543778
025040107410003168d2a000a00000e2,2,2,60,322,276,712,566,1.28729,10,0.00776825
025040107410003168d2a000a00000e2,2,2,61,322,276,712,566,1.28729,4,0.0031073
025040107410003168d2a000a00000e2,2,2,62,322,276,712,566,1.28729,9,0.00699143
025040107410003168d2a000a00000e2,2,2,63,322,276,712,566,1.28729,7,0.00543778
025040107410003168d2a000a00000e2,2,2,0,322,276,713,567,1.08823,0,0
025040107410003168d2a000a00000e2,2,2,1,322,276,713,567,1.08823,0,0
025040107410003168d2a000a00000e2,2,2,2,322,276,713,567,1.08823,0,0
025040107410003168d2a000a00000e2,2,2,3,322,276,713,567,1.08823,8,0.00735142
025040107410003168d2a000a00000e2,2,2,4,322,276,713,567,1.08823,6,0.00551356
025040107410003168d2a000a00000e2,2,2,5,322,276,713,567,1.08823,0,0
025040107410003168d2a000a00000e2,2,2,6,322,276,713,567,1.08823,6,0.00551356
025040107410003168d2a000a00000e2,2,2,7,322,276,713,567,1.08823,1,0.000918927
025040107410003168d2a000a00000e2,2,2,8,322,276,713,567,1.08823,4,0.00367571
025040107410003168d2a000a00000e2,2,2,9,322,276,713,567,1.08823,8,0.00735142
025040107410003168d2a000a00000e2,2,2,10,322,276,713,567,1.08823,9,0.00827035
025040107410003168d2a000a00000e2,2,2,11,322,276,713,567,1.08823,9,0.00827035
025040107410003168d2a000a00000e2,2,2,12,322,276,713,567,1.08823,7,0.00643249
025040107410003168d2a000a00000e2,2,2,13,322,276,713,567,1.08823,7,0.00643249
025040107410003168d2a000a00000e2,2,2,14,322,276,713,567,1.08823,13,0.0119461
025040107410003168d2a000a00000e2,2,2,15,322,276,713,567,1.08823,6,0.00551356
025040107410003168d2a000a00000e2,2,2,16,322,276,713,567,1.08823,11,0.0101082
025040107410003168d2a000a00000e2,2,2,17,322,276,713,567,1.08823,6,0.00551356
025040107410003168d2a000a00000e2,2,2,18,322,276,713,567,1.08823,9,0.00827035
025040107410003168d2a000a00000e2,2,2,19,322,276,713,567,1.08823,7,0.00643249
025040107410003168d2a000a00000e2,2,2,20,322,276,713,567,1.08823,13,0.0119461
025040107410003168d2a000a00000e2,2,2,21,322,276,713,567,1.08823,12,0.0110271
025040107410003168d2a000a00000e2,2,2,22,322,276,713,567,1.08823,15,0.0137839
025040107410003168d2a000a00000e2,2,2,23,322,276,713,567,1.08823,19,0.0174596
025040107410003168d2a000a00000e2,2,2,24,322,276,713,567,1.08823,10,0.00918927
025040107410003168d2a000a00000e2,2,2,25,322,276,713,567,1.08823,6,0.00551356
025040107410003168d2a000a00000e2,2,2,26,322,276,713,567,1.08823,13,0.0119461
025040107410003168d2a000a00000e2,2,2,27,322,276,713,567,1.08823,13,0.0119461
025040107410003168d2a000a00000e2,2,2,28,322,276,713,567,1.08823,13,0.0119461
025040107410003168d2a000a00000e2,2,2,29,322,276,713,567,1.08823,15,0.0137839
025040107410003168d2a000a00000e2,2,2,30,322,276,713,567,1.08823,14,0.012865
025040107410003168d2a000a00000e2,2,2,31,322,276,713,567,1.08823,23,0.0211353
025040107410003168d2a000a00000e2,2,2,32,322,276,713,567,1.08823,13,0.0119461
025040107410003168d2a000a00000e2,2,2,33,322,276,713,567,1.08823,10,0.00918927
025040107410003168d2a000a00000e2,2,2,34,322,276,713,567,1.08823,9,0.00827035
025040107410003168d2a000a00000e2,2,2,35,322,276,713,567,1.08823,13,0.0119461
025040107410003168d2a000a00000e2,2,2,36,322,276,713,567,1.08823,16,0.0147028
025040107410003168d2a000a00000e2,2,2,37,322,276,713,567,1.08823,10,0.00918927
025040107410003168d2a000a00000e2,2,2,38,322,276,713,567,1.08823,18,0.0165407
025040107410003168d2a000a00000e2,2,2,39,322,276,713,567,1.08823,15,0.0137839
025040107410003168d2a000a00000e2,2,2,40,322,276,713,567,1.08823,18,0.0165407
025040107410003168d2a000a00000e2,2,2,41,322,276,713,567,1.08823,8,0.00735142
025040107410003168d2a000a00000e2,2,2,42,322,276,713,567,1.08823,17,0.0156218
025040107410003168d2a000a00000e2,2,2,43,322,276,713,567,1.08823,13,0.0119461
025040107410003168d2a000a00000e2,2,2,44,322,276,713,567,1.08823,9,0.00827035
025040107410003168d2a000a00000e2,2,2,45,322,276,713,567,1.08823,6,0.00551356
025040107410003168d2a000a00000e2,2,2,46,322,276,713,567,1.08823,10,0.00918927
025040107410003168d2a000a00000e2,2,2,47,322,276,713,567,1.08823,3,0.00275678
025040107410003168d2a000a00000e2,2,2,48,322,276,713,567,1.08823,13,0.0119461
025040107410003168d2a000a00000e2,2,2,49,322,276,713,567,1.08823,6,0.00551356
025040107410003168d2a000a00000e2,2,2,50,322,276,713,567,1.08823,11,0.0101082
025040107410003168d2a000a00000e2,2,2,51,322,276,713,567,1.08823,6,0.00551356
025040107410003168d2a000a00000e2,2,2,52,322,276,713,567,1.08823,9,0.00827035
025040107410003168d2a000a00000e2,2,2,53,322,276,713,567,1.08823,6,0.00551356
025040107410003168d2a000a00000e2,2,2,54,322,276,713,567,1.08823,8,0.00735142
025040107410003168d2a000a00000e2,2,2,55,322,276,713,567,1.08823,6,0.00551356
025040107410003168d2a000a00000e2,2,2,56,322,276,713,567,1.08823,11,0.0101082
025040107410003168d2a000a00000e2,2,2,57,322,276,713,567,1.08823,4,0.00367571
025040107410003168d2a000a00000e2,2,2,58,322,276,713,567,1.08823,7,0.00643249
025040107410003168d2a000a00000e2,2,2,59,322,276,713,567,1.08823,4,0.00367571
025040107410003168d2a000a00000e2,2,2,60,322,276,713,567,1.08823,6,0.00551356
025040107410003168d2a000a00000e2,2,2,61,322,276,713,567,1.08823,1,0.000918927
025040107410003168d2a000a00000e2,2,2,62,322,276,713,567,1.08823,5,0.00459464
025040107410003168d2a000a00000e2,2,2,63,322,276,713,567,1.08823,1,0.000918927
025040107410003168d2a000a00000e2,2,2,0,322,276,714,568,1.38904,0,0
025040107410003168d2a000a00000e2,2,2,1,322,276,714,568,1.38904,1,0.000719924
025040107410003168d2a000a00000e2,2,2,2,322,276,714,568,1.38904,0,0
025040107410003168d2a000a00000e2,2,2,3,322,276,714,568,1.38904,9,0.00647932
025040107410003168d2a000a00000e2,2,2,4,322,276,714,568,1.38904,8,0.00575939
025040107410003168d2a000a00000e2,2,2,5,322,276,714,568,1.38904,0,0
025040107410003168d2a000a00000e2,2,2,6,322,276,714,568,1.38904,8,0.00575939
025040107410003168d2a000a00000e2,2,2,7,322,276,714,568,1.38904,2,0.00143985
025040107410003168d2a000a00000e2,2,2,8,322,276,714,568,1.38904,6,0.00431954
025040107410003168d2a000a00000e2,2,2,9,322,276,714,568,1.38904,10,0.00719924
025040107410003168d2a000a00000e2,2,2,10,322,276,714,568,1.38904,11,0.00791916
025040107410003168d2a000a00000e2,2,2,11,322,276,714,568,1.38904,10,0.00719924
025040107410003168d2a000a00000e2,2,2,12,322,276,714,568,1.38904,10,0.00719924
025040107410003168d2a000a00000e2,2,2,13,322,276,714,568,1.38904,10,0.00719924
025040107410003168d2a000a00000e2,2,2,14,322,276,714,568,1.38904,16,0.0115188
025040107410003168d2a000a00000e2,2,2,15,322,276,714,568,1.38904,8,0.00575939
025040107410003168d2a000a00000e2,2,2,16,322,276,714,568,1.38904,13,0.00935901
025040107410003168d2a000a00000e2,2,2,17,322,276,714,568,1.38904,8,0.00575939
025040107410003168d2a000a00000e2,2,2,18,322,276,714,568,1.38904,10,0.00719924
025040107410003168d2a000a00000e2,2,2,19,322,276,714,568,1.38904,9,0.00647932
025040107410003168d2a000a00000e2,2,2,20,322,276,714,568,1.38904,15,0.0107989
025040107410003168d2a000a00000e2,2,2,21,322,276,714,568,1.38904,12,0.00863909
025040107410003168d2a000a00000e2,2,2,22,322,276,714,568,1.38904,17,0.0122387
025040107410003168d2a000a00000e2,2,2,23,322,276,714,568,1.38904,19,0.0136786
025040107410003168d2a000a00000e2,2,2,24,322,276,714,568,1.38904,13,0.00935901
025040107410003168d2a000a00000e2,2,2,25,322,276,714,568,1.38904,8,0.00575939
025040107410003168d2a000a00000e2,2,2,26,322,276,714,568,1.38904,13,0.00935901
025040107410003168d2a000a00000e2,2,2,27,322,276,714,568,1.38904,14,0.0100789
025040107410003168d2a000a00000e2,2,2,28,322,276,714,568,1.38904,14,0.0100789
025040107410003168d2a000a00000e2,2,2,29,322,276,714,568,1.38904,14,0.0100789
025040107410003168d2a000a00000e2,2,2,30,322,276,714,568,1.38904,14,0.0100789
025040107410003168d2a000a00000e2,2,2,31,322,276,714,568,1.38904,22,0.0158383
025040107410003168d2a000a00000e2,2,2,32,322,276,714,568,1.38904,14,0.0100789
025040107410003168d2a000a00000e2,2,2,33,322,276,714,568,1.38904,12,0.00863909
025040107410003168d2a000a00000e2,2,2,34,322,276,714,568,1.38904,10,0.00719924
025040107410003168d2a000a00000e2,2,2,35,322,276,714,568,1.38904,14,0.0100789
025040107410003168d2a000a00000e2,2,2,36,322,276,714,568,1.38904,19,0.0136786
025040107410003168d2a000a00000e2,2,2,37,322,276,714,568,1.38904,12,0.00863909
025040107410003168d2a000a00000e2,2,2,38,322,276,714,568,1.38904,19,0.0136786
025040107410003168d2a000a00000e2,2,2,39,322,276,714,568,1.38904,19,0.0136786
025040107410003168d2a000a00000e2,2,2,40,322,276,714,568,1.38904,19,0.0136786
025040107410003168d2a000a00000e2,2,2,41,322,276,714,568,1.38904,10,0.00719924
025040107410003168d2a000a00000e2,2,2,42,322,276,714,568,1.38904,18,0.0129586
025040107410003168d2a000a00000e2,2,2,43,322,276,714,568,1.38904,12,0.00863909
025040107410003168d2a000a00000e2,2,2,44,322,276,714,568,1.38904,11,0.00791916
025040107410003168d2a000a00000e2,2,2,45,322,276,714,568,1.38904,8,0.00575939
025040107410003168d2a000a00000e2,2,2,46,322,276,714,568,1.38904,11,0.00791916
025040107410003168d2a000a00000e2,2,2,47,322,276,714,568,1.38904,4,0.0028797
025040107410003168d2a000a00000e2,2,2,48,322,276,714,568,1.38904,15,0.0107989
025040107410003168d2a000a00000e2,2,2,49,322,276,714,568,1.38904,8,0.00575939
025040107410003168d2a000a00000e2,2,2,50,322,276,714,568,1.38904,13,0.00935901
025040107410003168d2a000a00000e2,2,2,51,322,276,714,568,1.38904,8,0.00575939
025040107410003168d2a000a00000e2,2,2,52,322,276,714,568,1.38904,11,0.00791916
025040107410003168d2a000a00000e2,2,2,53,322,276,714,568,1.38904,7,0.00503947
025040107410003168d2a000a00000e2,2,2,54,322,276,714,568,1.38904,10,0.00719924
025040107410003168d2a000a00000e2,2,2,55,322,276,714,568,1.38904,8,0.00575939
025040107410003168d2a000a00000e2,2,2,56,322,276,714,568,1.38904,13,0.00935901
025040107410003168d2a000a00000e2,2,2,57,322,276,714,568,1.38904,4,0.0028797
025040107410003168d2a000a00000e2,2,2,58,322,276,714,568,1.38904,9,0.00647932
025040107410003168d2a000a00000e2,2,2,59,322,276,714,568,1.38904,4,0.0028797
025040107410003168d2a000a00000e2,2,2,60,322,276,714,568,1.38904,8,0.00575939
025040107410003168d2a000a00000e2,2,2,61,322,276,714,568,1.38904,1,0.000719924
025040107410003168d2a000a00000e2,2,2,62,322,276,714,568,1.38904,8,0.00575939
025040107410003168d2a000a00000e2,2,2,63,322,276,714,568,1.38904,1,0.000719924
025040107410003168d2a000a00000e2,2,2,0,322,276,715,568,1.18407,0,0
025040107410003168d2a000a00000e2,2,2,1,322,276,715,568,1.18407,2,0.00168909
025040107410003168d2a000a00000e2,2,2,2,322,276,715,568,1.18407,0,0
025040107410003168d2a000a00000e2,2,2,3,322,276,715,568,1.18407,13,0.0109791
025040107410003168d2a000a00000e2,2,2,4,322,276,715,568,1.18407,9,0.00760089
025040107410003168d2a000a00000e2,2,2,5,322,276,715,568,1.18407,2,0.00168909
025040107410003168d2a000a00000e2,2,2,6,322,276,715,568,1.18407,10,0.00844543
025040107410003168d2a000a00000e2,2,2,7,322,276,715,568,1.18407,3,0.00253363
025040107410003168d2a000a00000e2,2,2,8,322,276,715,568,1.18407,5,0.00422272
025040107410003168d2a000a00000e2,2,2,9,322,276,715,568,1.18407,14,0.0118236
025040107410003168d2a000a00000e2,2,2,10,322,276,715,568,1.18407,16,0.0135127
025040107410003168d2a000a00000e2,2,2,11,322,276,715,568,1.18407,15,0.0126682
025040107410003168d2a000a00000e2,2,2,12,322,276,715,568,1.18407,13,0.0109791
025040107410003168d2a000a00000e2,2,2,13,322,276,715,568,1.18407,13,0.0109791
025040107410003168d2a000a00000e2,2,2,14,322,276,715,568,1.18407,17,0.0143572
025040107410003168d2a000a00000e2,2,2,15,322,276,715,568,1.18407,10,0.00844543
025040107410003168d2a000a00000e2,2,2,16,322,276,715,568,1.18407,17,0.0143572
025040107410003168d2a000a00000e2,2,2,17,322,276,715,568,1.18407,12,0.0101345
025040107410003168d2a000a00000e2,2,2,18,322,276,715,568,1.18407,16,0.0135127
025040107410003168d2a000a00000e2,2,2,19,322,276,715,568,1.18407,10,0.00844543
025040107410003168d2a000a00000e2,2,2,20,322,276,715,568,1.18407,17,0.0143572
025040107410003168d2a000a00000e2,2,2,21,322,276,715,568,1.18407,17,0.0143572
025040107410003168d2a000a00000e2,2,2,22,322,276,715,568,1.18407,17,0.0143572
025040107410003168d2a000a00000e2,2,2,23,322,276,715,568,1.18407,18,0.0152018
025040107410003168d2a000a00000e2,2,2,24,322,276,715,568,1.18407,16,0.0135127
025040107410003168d2a000a00000e2,2,2,25,322,276,715,568,1.18407,9,0.00760089
025040107410003168d2a000a00000e2,2,2,26,322,276,715,568,1.18407,16,0.0135127
025040107410003168d2a000a00000e2,2,2,27,322,276,715,568,1.18407,17,0.0143572
025040107410003168d2a000a00000e2,2,2,28,322,276,715,568,1.18407,17,0.0143572
025040107410003168d2a000a00000e2,2,2,29,322,276,715,568,1.18407,17,0.0143572
025040107410003168d2a000a00000e2,2,2,30,322,276,715,568,1.18407,17,0.0143572
025040107410003168d2a000a00000e2,2,2,31,322,276,715,568,1.18407,21,0.0177354
025040107410003168d2a000a00000e2,2,2,32,322,276,715,568,1.18407,17,0.0143572
025040107410003168d2a000a00000e2,2,2,33,322,276,715,568,1.18407,16,0.0135127
025040107410003168d2a000a00000e2,2,2,34,322,276,715,568,1.18407,16,0.0135127
025040107410003168d2a000a00000e2,2,2,35,322,276,715,568,1.18407,17,0.0143572
025040107410003168d2a000a00000e2,2,2,36,322,276,715,568,1.18407,18,0.0152018
025040107410003168d2a000a00000e2,2,2,37,322,276,715,568,1.18407,17,0.0143572
025040107410003168d2a000a00000e2,2,2,38,322,276,715,568,1.18407,17,0.0143572
025040107410003168d2a000a00000e2,2,2,39,322,276,715,568,1.18407,17,0.0143572
025040107410003168d2a000a00000e2,2,2,40,322,276,715,568,1.18407,18,0.0152018
025040107410003168d2a000a00000e2,2,2,41,322,276,715,568,1.18407,15,0.0126682
025040107410003168d2a000a00000e2,2,2,42,322,276,715,568,1.18407,18,0.0152018
025040107410003168d2a000a00000e2,2,2,43,322,276,715,568,1.18407,17,0.0143572
025040107410003168d2a000a00000e2,2,2,44,322,276,715,568,1.18407,16,0.0135127
025040107410003168d2a000a00000e2,2,2,45,322,276,715,568,1.18407,8,0.00675635
025040107410003168d2a000a00000e2,2,2,46,322,276,715,568,1.18407,16,0.0135127
025040107410003168d2a000a00000e2,2,2,47,322,276,715,568,1.18407,4,0.00337817
025040107410003168d2a000a00000e2,2,2,48,322,276,715,568,1.18407,17,0.0143572
025040107410003168d2a000a00000e2,2,2,49,322,276,715,568,1.18407,9,0.00760089
025040107410003168d2a000a00000e2,2,2,50,322,276,715,568,1.18407,16,0.0135127
025040107410003168d2a000a00000e2,2,2,51,322,276,715,568,1.18407,10,0.00844543
025040107410003168d2a000a00000e2,2,2,52,322,276,715,568,1.18407,16,0.0135127
025040107410003168d2a000a00000e2,2,2,53,322,276,715,568,1.18407,7,0.0059118
025040107410003168d2a000a00000e2,2,2,54,322,276,715,568,1.18407,15,0.0126682
025040107410003168d2a000a00000e2,2,2,55,322,276,715,568,1.18407,9,0.00760089
025040107410003168d2a000a00000e2,2,2,56,322,276,715,568,1.18407,16,0.0135127
025040107410003168d2a000a00000e2,2,2,57,322,276,715,568,1.18407,5,0.00422272
025040107410003168d2a000a00000e2,2,2,58,322,276,715,568,1.18407,12,0.0101345
025040107410003168d2a000a00000e2,2,2,59,322,276,715,568,1.18407,5,0.00422272
025040107410003168d2a000a00000e2,2,2,60,322,276,715,568,1.18407,10,0.00844543
025040107410003168d2a000a00000e2,2,2,61,322,276,715,568,1.18407,2,0.00168909
025040107410003168d2a000a00000e2,2,2,62,322,276,715,568,1.18407,8,0.00675635
025040107410003168d2a000a00000e2,2,2,63,322,276,715,568,1.18407,3,0.00253363
025040107410003168d2a000a00000e2,2,2,0,322,276,716,569,1.29319,0,0
025040107410003168d2a000a00000e2,2,2,1,322,276,716,569,1.29319,2,0.00154656
025040107410003168d2a000a00000e2,2,2,2,322,276,716,569,1.29319,0,0
025040107410003168d2a000a00000e2,2,2,3,322,276,716,569,1.29319,20,0.0154656
025040107410003168d2a000a00000e2,2,2,4,322,276,716,569,1.29319,17,0.0131458
025040107410003168d2a000a00000e2,2,2,5,322,276,716,569,1.29319,1,0.000773282
025040107410003168d2a000a00000e2,2,2,6,322,276,716,569,1.29319,19,0.0146924
025040107410003168d2a000a00000e2,2,2,7,322,276,716,569,1.29319,4,0.00309313
025040107410003168d2a000a00000e2,2,2,8,322,276,716,569,1.29319,9,0.00695954
025040107410003168d2a000a00000e2,2,2,9,322,276,716,569,1.29319,21,0.0162389
025040107410003168d2a000a00000e2,2,2,10,322,276,716,569,1.29319,22,0.0170122
025040107410003168d2a000a00000e2,2,2,11,322,276,716,569,1.29319,22,0.0170122
025040107410003168d2a000a00000e2,2,2,12,322,276,716,569,1.29319,20,0.0154656
025040107410003168d2a000a00000e2,2,2,13,322,276,716,569,1.29319,20,0.0154656
025040107410003168d2a000a00000e2,2,2,14,322,276,716,569,1.29319,28,0.0216519
025040107410003168d2a000a00000e2,2,2,15,322,276,716,569,1.29319,21,0.0162389
025040107410003168d2a000a00000e2,2,2,16,322,276,716,569,1.29319,28,0.0216519
025040107410003168d2a000a00000e2,2,2,17,322,276,716,569,1.29319,19,0.0146924
025040107410003168d2a000a00000e2,2,2,18,322,276,716,569,1.29319,22,0.0170122
025040107410003168d2a000a00000e2,2,2,19,322,276,716,569,1.29319,20,0.0154656
025040107410003168d2a000a00000e2,2,2,20,322,276,716,569,1.29319,28,0.0216519
025040107410003168d2a000a00000e2,2,2,21,322,276,716,569,1.29319,22,0.0170122
025040107410003168d2a000a00000e2,2,2,22,322,276,716,569,1.29319,30,0.0231985
025040107410003168d2a000a00000e2,2,2,23,322,276,716,569,1.29319,33,0.0255183
025040107410003168d2a000a00000e2,2,2,24,322,276,716,569,1.29319,22,0.0170122
025040107410003168d2a000a00000e2,2,2,25,322,276,716,569,1.29319,19,0.0146924
025040107410003168d2a000a00000e2,2,2,26,322,276,716,569,1.29319,27,0.0208786
025040107410003168d2a000a00000e2,2,2,27,322,276,716,569,1.29319,24,0.0185588
025040107410003168d2a000a00000e2,2,2,28,322,276,716,569,1.29319,28,0.0216519
025040107410003168d2a000a00000e2,2,2,29,322,276,716,569,1.29319,27,0.0208786
025040107410003168d2a000a00000e2,2,2,30,322,276,716,569,1.29319,28,0.0216519
025040107410003168d2a000a00000e2,2,2,31,322,276,716,569,1.29319,48,0.0371175
025040107410003168d2a000a00000e2,2,2,32,322,276,716,569,1.29319,28,0.0216519
025040107410003168d2a000a00000e2,2,2,33,322,276,716,569,1.29319,22,0.0170122
025040107410003168d2a000a00000e2,2,2,34,322,276,716,569,1.29319,22,0.0170122
025040107410003168d2a000a00000e2,2,2,35,322,276,716,569,1.29319,26,0.0201053
025040107410003168d2a000a00000e2,2,2,36,322,276,716,569,1.29319,35,0.0270649
025040107410003168d2a000a00000e2,2,2,37,322,276,716,569,1.29319,23,0.0177855
025040107410003168d2a000a00000e2,2,2,38,322,276,716,569,1.29319,35,0.0270649
025040107410003168d2a000a00000e2,2,2,39,322,276,716,569,1.29319,33,0.0255183
025040107410003168d2a000a00000e2,2,2,40,322,276,716,569,1.29319,38,0.0293847
025040107410003168d2a000a00000e2,2,2,41,322,276,716,569,1.29319,22,0.0170122
025040107410003168d2a000a00000e2,2,2,42,322,276,716,569,1.29319,36,0.0278382
025040107410003168d2a000a00000e2,2,2,43,322,276,716,569,1.29319,24,0.0185588
025040107410003168d2a000a00000e2,2,2,44,322,276,716,569,1.29319,22,0.0170122
025040107410003168d2a000a00000e2,2,2,45,322,276,716,569,1.29319,16,0.0123725
025040107410003168d2a000a00000e2,2,2,46,322,276,716,569,1.29319,23,0.0177855
025040107410003168d2a000a00000e2,2,2,47,322,276,716,569,1.29319,7,0.00541297
025040107410003168d2a000a00000e2,2,2,48,322,276,716,569,1.29319,30,0.0231985
025040107410003168d2a000a00000e2,2,2,49,322,276,716,569,1.29319,20,0.0154656
025040107410003168d2a000a00000e2,2,2,50,322,276,716,569,1.29319,26,0.0201053
025040107410003168d2a000a00000e2,2,2,51,322,276,716,569,1.29319,20,0.0154656
025040107410003168d2a000a00000e2,2,2,52,322,276,716,569,1.29319,25,0.0193321
025040107410003168d2a000a00000e2,2,2,53,322,276,716,569,1.29319,13,0.0100527
025040107410003168d2a000a00000e2,2,2,54,322,276,716,569,1.29319,21,0.0162389
025040107410003168d2a000a00000e2,2,2,55,322,276,716,569,1.29319,20,0.0154656
025040107410003168d2a000a00000e2,2,2,56,322,276,716,569,1.29319,28,0.0216519
025040107410003168d2a000a00000e2,2,2,57,322,276,716,569,1.29319,11,0.0085061
025040107410003168d2a000a00000e2,2,2,58,322,276,716,569,1.29319,21,0.0162389
025040107410003168d2a000a00000e2,2,2,59,322,276,716,569,1.29319,10,0.00773282
025040107410003168d2a000a00000e2,2,2,60,322,276,716,569,1.29319,19,0.0146924
025040107410003168d2a000a00000e2,2,2,61,322,276,716,569,1.29319,4,0.00309313
025040107410003168d2a000a00000e2,2,2,62,322,276,716,569,1.29319,16,0.0123725
025040107410003168d2a000a00000e2,2,2,63,322,276,716,569,1.29319,4,0.00309313
025040107410003168d2a000a00000e2,2,2,0,322,276,717,570,1.34038,0,0
025040107410003168d2a000a00000e2,2,2,1,322,276,717,570,1.34038,0,0
025040107410003168d2a000a00000e2,2,2,2,322,276,717,570,1.34038,0,0
025040107410003168d2a000a00000e2,2,2,3,322,276,717,570,1.34038,18,0.0134291
025040107410003168d2a000a00000e2,2,2,4,322,276,717,570,1.34038,12,0.00895272
025040107410003168d2a000a00000e2,2,2,5,322,276,717,570,1.34038,1,0.00074606
025040107410003168d2a000a00000e2,2,2,6,322,276,717,570,1.34038,13,0.00969878
025040107410003168d2a000a00000e2,2,2,7,322,276,717,570,1.34038,7,0.00522242
025040107410003168d2a000a00000e2,2,2,8,322,276,717,570,1.34038,7,0.00522242
025040107410003168d2a000a00000e2,2,2,9,322,276,717,570,1.34038,18,0.0134291
025040107410003168d2a000a00000e2,2,2,10,322,276,717,570,1.34038,20,0.0149212
025040107410003168d2a000a00000e2,2,2,11,322,276,717,570,1.34038,18,0.0134291
025040107410003168d2a000a00000e2,2,2,12,322,276,717,570,1.34038,18,0.0134291
025040107410003168d2a000a00000e2,2,2,13,322,276,717,570,1.34038,18,0.0134291
025040107410003168d2a000a00000e2,2,2,14,322,276,717,570,1.34038,26,0.0193976
025040107410003168d2a000a00000e2,2,2,15,322,276,717,570,1.34038,16,0.011937
025040107410003168d2a000a00000e2,2,2,16,322,276,717,570,1.34038,24,0.0179054
025040107410003168d2a000a00000e2,2,2,17,322,276,717,570,1.34038,14,0.0104448
025040107410003168d2a000a00000e2,2,2,18,322,276,717,570,1.34038,19,0.0141751
025040107410003168d2a000a00000e2,2,2,19,322,276,717,570,1.34038,17,0.012683
025040107410003168d2a000a00000e2,2,2,20,322,276,717,570,1.34038,25,0.0186515
025040107410003168d2a000a00000e2,2,2,21,322,276,717,570,1.34038,23,0.0171594
025040107410003168d2a000a00000e2,2,2,22,322,276,717,570,1.34038,26,0.0193976
025040107410003168d2a000a00000e2,2,2,23,322,276,717,570,1.34038,29,0.0216357
025040107410003168d2a000a00000e2,2,2,24,322,276,717,570,1.34038,22,0.0164133
025040107410003168d2a000a00000e2,2,2,25,322,276,717,570,1.34038,13,0.00969878
025040107410003168d2a000a00000e2,2,2,26,322,276,717,570,1.34038,24,0.0179054
025040107410003168d2a000a00000e2,2,2,27,322,276,717,570,1.34038,24,0.0179054
025040107410003168d2a000a00000e2,2,2,28,322,276,717,570,1.34038,25,0.0186515
025040107410003168d2a000a00000e2,2,2,29,322,276,717,570,1.34038,26,0.0193976
025040107410003168d2a000a00000e2,2,2,30,322,276,717,570,1.34038,26,0.0193976
025040107410003168d2a000a00000e2,2,2,31,322,276,717,570,1.34038,35,0.0261121
025040107410003168d2a000a00000e2,2,2,32,322,276,717,570,1.34038,26,0.0193976
025040107410003168d2a000a00000e2,2,2,33,322,276,717,570,1.34038,20,0.0149212
025040107410003168d2a000a00000e2,2,2,34,322,276,717,570,1.34038,19,0.0141751
025040107410003168d2a000a00000e2,2,2,35,322,276,717,570,1.34038,26,0.0193976
025040107410003168d2a000a00000e2,2,2,36,322,276,717,570,1.34038,29,0.0216357
025040107410003168d2a000a00000e2,2,2,37,322,276,717,570,1.34038,24,0.0179054
025040107410003168d2a000a00000e2,2,2,38,322,276,717,570,1.34038,28,0.0208897
025040107410003168d2a000a00000e2,2,2,39,322,276,717,570,1.34038,26,0.0193976
025040107410003168d2a000a00000e2,2,2,40,322,276,717,570,1.34038,30,0.0223818
025040107410003168d2a000a00000e2,2,2,41,322,276,717,570,1.34038,18,0.0134291
025040107410003168d2a000a00000e2,2,2,42,322,276,717,570,1.34038,27,0.0201436
025040107410003168d2a000a00000e2,2,2,43,322,276,717,570,1.34038,25,0.0186515
025040107410003168d2a000a00000e2,2,2,44,322,276,717,570,1.34038,19,0.0141751
025040107410003168d2a000a00000e2,2,2,45,322,276,717,570,1.34038,12,0.00895272
025040107410003168d2a000a00000e2,2,2,46,322,276,717,570,1.34038,22,0.0164133
025040107410003168d2a000a00000e2,2,2,47,322,276,717,570,1.34038,6,0.00447636
025040107410003168d2a000a00000e2,2,2,48,322,276,717,570,1.34038,25,0.0186515
025040107410003168d2a000a00000e2,2,2,49,322,276,717,570,1.34038,13,0.00969878
025040107410003168d2a000a00000e2,2,2,50,322,276,717,570,1.34038,24,0.0179054
025040107410003168d2a000a00000e2,2,2,51,322,276,717,570,1.34038,14,0.0104448
025040107410003168d2a000a00000e2,2,2,52,322,276,717,570,1.34038,24,0.0179054
025040107410003168d2a000a00000e2,2,2,53,322,276,717,570,1.34038,13,0.00969878
025040107410003168d2a000a00000e2,2,2,54,322,276,717,570,1.34038,20,0.0149212
025040107410003168d2a000a00000e2,2,2,55,322,276,717,570,1.34038,13,0.00969878
025040107410003168d2a000a00000e2,2,2,56,322,276,717,570,1.34038,25,0.0186515
025040107410003168d2a000a00000e2,2,2,57,322,276,717,570,1.34038,8,0.00596848
025040107410003168d2a000a00000e2,2,2,58,322,276,717,570,1.34038,15,0.0111909
025040107410003168d2a000a00000e2,2,2,59,322,276,717,570,1.34038,9,0.00671454
025040107410003168d2a000a00000e2,2,2,60,322,276,717,570,1.34038,12,0.00895272
025040107410003168d2a000a00000e2,2,2,61,322,276,717,570,1.34038,3,0.00223818
025040107410003168d2a000a00000e2,2,2,62,322,276,717,570,1.34038,11,0.00820666
025040107410003168d2a000a00000e2,2,2,63,322,276,717,570,1.34038,4,0.00298424
025040107410003168d2a000a00000e2,2,2,0,322,276,718,571,1.05136,0,0
025040107410003168d2a000a00000e2,2,2,1,322,276,718,571,1.05136,0,0
025040107410003168d2a000a00000e2,2,2,2,322,276,718,571,1.05136,0,0
025040107410003168d2a000a00000e2,2,2,3,322,276,718,571,1.05136,14,0.0133161
025040107410003168d2a000a00000e2,2,2,4,322,276,718,571,1.05136,11,0.0104626
025040107410003168d2a000a00000e2,2,2,5,322,276,718,571,1.05136,0,0
025040107410003168d2a000a00000e2,2,2,6,322,276,718,571,1.05136,11,0.0104626
025040107410003168d2a000a00000e2,2,2,7,322,276,718,571,1.05136,1,0.000951148
025040107410003168d2a000a00000e2,2,2,8,322,276,718,571,1.05136,4,0.00380459
025040107410003168d2a000a00000e2,2,2,9,322,276,718,571,1.05136,14,0.0133161
025040107410003168d2a000a00000e2,2,2,10,322,276,718,571,1.05136,20,0.019023
025040107410003168d2a000a00000e2,2,2,11,322,276,718,571,1.05136,15,0.0142672
025040107410003168d2a000a00000e2,2,2,12,322,276,718,571,1.05136,14,0.0133161
025040107410003168d2a000a00000e2,2,2,13,322,276,718,571,1.05136,14,0.0133161
025040107410003168d2a000a00000e2,2,2,14,322,276,718,571,1.05136,26,0.0247298
025040107410003168d2a000a00000e2,2,2,15,322,276,718,571,1.05136,12,0.0114138
025040107410003168d2a000a00000e2,2,2,16,322,276,718,571,1.05136,24,0.0228275
025040107410003168d2a000a00000e2,2,2,17,322,276,718,571,1.05136,11,0.0104626
025040107410003168d2a000a00000e2,2,2,18,322,276,718,571,1.05136,19,0.0180718
025040107410003168d2a000a00000e2,2,2,19,322,276,718,571,1.05136,12,0.0114138
025040107410003168d2a000a00000e2,2,2,20,322,276,718,571,1.05136,26,0.0247298
025040107410003168d2a000a00000e2,2,2,21,322,276,718,571,1.05136,22,0.0209253
025040107410003168d2a000a00000e2,2,2,22,322,276,718,571,1.05136,26,0.0247298
025040107410003168d2a000a00000e2,2,2,23,322,276,718,571,1.05136,28,0.0266321
025040107410003168d2a000a00000e2,2,2,24,322,276,718,571,1.05136,21,0.0199741
025040107410003168d2a000a00000e2,2,2,25,322,276,718,571,1.05136,11,0.0104626
025040107410003168d2a000a00000e2,2,2,26,322,276,718,571,1.05136,24,0.0228275
025040107410003168d2a000a00000e2,2,2,27,322,276,718,571,1.05136,23,0.0218764
025040107410003168d2a000a00000e2,2,2,28,322,276,718,571,1.05136,24,0.0228275
025040107410003168d2a000a00000e2,2,2,29,322,276,718,571,1.05136,25,0.0237787
025040107410003168d2a000a00000e2,2,2,30,322,276,718,571,1.05136,25,0.0237787
025040107410003168d2a000a00000e2,2,2,31,322,276,718,571,1.05136,30,0.0285344
025040107410003168d2a000a00000e2,2,2,32,322,276,718,571,1.05136,26,0.0247298
025040107410003168d2a000a00000e2,2,2,33,322,276,718,571,1.05136,21,0.0199741
025040107410003168d2a000a00000e2,2,2,34,322,276,718,571,1.05136,19,0.0180718
025040107410003168d2a000a00000e2,2,2,35,322,276,718,571,1.05136,25,0.0237787
025040107410003168d2a000a00000e2,2,2,36,322,276,718,571,1.05136,27,0.025681
025040107410003168d2a000a00000e2,2,2,37,322,276,718,571,1.05136,21,0.0199741
025040107410003168d2a000a00000e2,2,2,38,322,276,718,571,1.05136,28,0.0266321
025040107410003168d2a000a00000e2,2,2,39,322,276,718,571,1.05136,28,0.0266321
025040107410003168d2a000a00000e2,2,2,40,322,276,718,571,1.05136,28,0.0266321
025040107410003168d2a000a00000e2,2,2,41,322,276,718,571,1.05136,14,0.0133161
025040107410003168d2a000a00000e2,2,2,42,322,276,718,571,1.05136,28,0.0266321
025040107410003168d2a000a00000e2,2,2,43,322,276,718,571,1.05136,22,0.0209253
025040107410003168d2a000a00000e2,2,2,44,322,276,718,571,1.05136,20,0.019023
025040107410003168d2a000a00000e2,2,2,45,322,276,718,571,1.05136,11,0.0104626
025040107410003168d2a000a00000e2,2,2,46,322,276,718,571,1.05136,22,0.0209253
025040107410003168d2a000a00000e2,2,2,47,322,276,718,571,1.05136,1,0.000951148
025040107410003168d2a000a00000e2,2,2,48,322,276,718,571,1.05136,25,0.0237787
025040107410003168d2a000a00000e2,2,2,49,322,276,718,571,1.05136,11,0.0104626
025040107410003168d2a000a00000e2,2,2,50,322,276,718,571,1.05136,24,0.0228275
025040107410003168d2a000a00000e2,2,2,51,322,276,718,571,1.05136,11,0.0104626
025040107410003168d2a000a00000e2,2,2,52,322,276,718,571,1.05136,21,0.0199741
025040107410003168d2a000a00000e2,2,2,53,322,276,718,571,1.05136,10,0.00951148
025040107410003168d2a000a00000e2,2,2,54,322,276,718,571,1.05136,15,0.0142672
025040107410003168d2a000a00000e2,2,2,55,322,276,718,571,1.05136,11,0.0104626
025040107410003168d2a000a00000e2,2,2,56,322,276,718,571,1.05136,24,0.0228275
025040107410003168d2a000a00000e2,2,2,57,322,276,718,571,1.05136,5,0.00475574
025040107410003168d2a000a00000e2,2,2,58,322,276,718,571,1.05136,13,0.0123649
025040107410003168d2a000a00000e2,2,2,59,322,276,718,571,1.05136,6,0.00570689
025040107410003168d2a000a00000e2,2,2,60,322,276,718,571,1.05136,12,0.0114138
025040107410003168d2a000a00000e2,2,2,61,322,276,718,571,1.05136,0,0
025040107410003168d2a000a00000e2,2,2,62,322,276,718,571,1.05136,10,0.00951148
025040107410003168d2a000a00000e2,2,2,63,322,276,718,571,1.05136,1,0.000951148
025040107410003168d2a000a00000e2,2,2,0,322,276,719,572,1.29024,0,0
025040107410003168d2a000a00000e2,2,2,1,322,276,719,572,1.29024,0,0
025040107410003168d2a000a00000e2,2,2,2,322,276,719,572,1.29024,0,0
025040107410003168d2a000a00000e2,2,2,3,322,276,719,572,1.29024,15,0.0116257
025040107410003168d2a000a00000e2,2,2,4,322,276,719,572,1.29024,7,0.00542535
025040107410003168d2a000a00000e2,2,2,5,322,276,719,572,1.29024,0,0
025040107410003168d2a000a00000e2,2,2,6,322,276,719,572,1.29024,11,0.00852555
025040107410003168d2a000a00000e2,2,2,7,322,276,719,572,1.29024,3,0.00232515
025040107410003168d2a000a00000e2,2,2,8,322,276,719,572,1.29024,4,0.0031002
025040107410003168d2a000a00000e2,2,2,9,322,276,719,572,1.29024,15,0.0116257
025040107410003168d2a000a00000e2,2,2,10,322,276,719,572,1.29024,16,0.0124008
025040107410003168d2a000a00000e2,2,2,11,322,276,719,572,1.29024,15,0.0116257
025040107410003168d2a000a00000e2,2,2,12,322,276,719,572,1.29024,15,0.0116257
025040107410003168d2a000a00000e2,2,2,13,322,276,719,572,1.29024,15,0.0116257
025040107410003168d2a000a00000e2,2,2,14,322,276,719,572,1.29024,17,0.0131758
025040107410003168d2a000a00000e2,2,2,15,322,276,719,572,1.29024,14,0.0108507
025040107410003168d2a000a00000e2,2,2,16,322,276,719,572,1.29024,15,0.0116257
025040107410003168d2a000a00000e2,2,2,17,322,276,719,572,1.29024,13,0.0100756
025040107410003168d2a000a00000e2,2,2,18,322,276,719,572,1.29024,15,0.0116257
025040107410003168d2a000a00000e2,2,2,19,322,276,719,572,1.29024,14,0.0108507
025040107410003168d2a000a00000e2,2,2,20,322,276,719,572,1.29024,17,0.0131758
025040107410003168d2a000a00000e2,2,2,21,322,276,719,572,1.29024,16,0.0124008
025040107410003168d2a000a00000e2,2,2,22,322,276,719,572,1.29024,18,0.0139509
025040107410003168d2a000a00000e2,2,2,23,322,276,719,572,1.29024,18,0.0139509
025040107410003168d2a000a00000e2,2,2,24,322,276,719,572,1.29024,16,0.0124008
025040107410003168d2a000a00000e2,2,2,25,322,276,719,572,1.29024,12,0.0093006
025040107410003168d2a000a00000e2,2,2,26,322,276,719,572,1.29024,16,0.0124008
025040107410003168d2a000a00000e2,2,2,27,322,276,719,572,1.29024,17,0.0131758
025040107410003168d2a000a00000e2,2,2,28,322,276,719,572,1.29024,17,0.0131758
025040107410003168d2a000a00000e2,2,2,29,322,276,719,572,1.29024,17,0.0131758
025040107410003168d2a000a00000e2,2,2,30,322,276,719,572,1.29024,17,0.0131758
025040107410003168d2a000a00000e2,2,2,31,322,276,719,572,1.29024,19,0.0147259
025040107410003168d2a000a00000e2,2,2,32,322,276,719,572,1.29024,17,0.0131758
025040107410003168d2a000a00000e2,2,2,33,322,276,719,572,1.29024,15,0.0116257
025040107410003168d2a000a00000e2,2,2,34,322,276,719,572,1.29024,15,0.0116257
025040107410003168d2a000a00000e2,2,2,35,322,276,719,572,1.29024,17,0.0131758
025040107410003168d2a000a00000e2,2,2,36,322,276,719,572,1.29024,18,0.0139509
025040107410003168d2a000a00000e2,2,2,37,322,276,719,572,1.29024,16,0.0124008
025040107410003168d2a000a00000e2,2,2,38,322,276,719,572,1.29024,18,0.0139509
025040107410003168d2a000a00000e2,2,2,39,322,276,719,572,1.29024,18,0.0139509
025040107410003168d2a000a00000e2,2,2,40,322,276,719,572,1.29024,18,0.0139509
025040107410003168d2a000a00000e2,2,2,41,322,276,719,572,1.29024,14,0.0108507
025040107410003168d2a000a00000e2,2,2,42,322,276,719,572,1.29024,18,0.0139509
025040107410003168d2a000a00000e2,2,2,43,322,276,719,572,1.29024,17,0.0131758
025040107410003168d2a000a00000e2,2,2,44,322,276,719,572,1.29024,15,0.0116257
025040107410003168d2a000a00000e2,2,2,45,322,276,719,572,1.29024,7,0.00542535
025040107410003168d2a000a00000e2,2,2,46,322,276,719,572,1.29024,15,0.0116257
025040107410003168d2a000a00000e2,2,2,47,322,276,719,572,1.29024,3,0.00232515
025040107410003168d2a000a00000e2,2,2,48,322,276,719,572,1.29024,17,0.0131758
025040107410003168d2a000a00000e2,2,2,49,322,276,719,572,1.29024,12,0.0093006
025040107410003168d2a000a00000e2,2,2,50,322,276,719,572,1.29024,15,0.0116257
025040107410003168d2a000a00000e2,2,2,51,322,276,719,572,1.29024,11,0.00852555
025040107410003168d2a000a00000e2,2,2,52,322,276,719,572,1.29024,15,0.0116257
025040107410003168d2a000a00000e2,2,2,53,322,276,719,572,1.29024,7,0.00542535
025040107410003168d2a000a00000e2,2,2,54,322,276,719,572,1.29024,14,0.0108507
025040107410003168d2a000a00000e2,2,2,55,322,276,719,572,1.29024,8,0.0062004
025040107410003168d2a000a00000e2,2,2,56,322,276,719,572,1.29024,17,0.0131758
025040107410003168d2a000a00000e2,2,2,57,322,276,719,572,1.29024,4,0.0031002
025040107410003168d2a000a00000e2,2,2,58,322,276,719,572,1.29024,12,0.0093006
025040107410003168d2a000a00000e2,2,2,59,322,276,719,572,1.29024,3,0.00232515
025040107410003168d2a000a00000e2,2,2,60,322,276,719,572,1.29024,10,0.0077505
025040107410003168d2a000a00000e2,2,2,61,322,276,719,572,1.29024,1,0.00077505
025040107410003168d2a000a00000e2,2,2,62,322,276,719,572,1.29024,6,0.0046503
025040107410003168d2a000a00000e2,2,2,63,322,276,719,572,1.29024,2,0.0015501
025040107410003168d2a000a00000e2,2,2,0,322,276,720,572,1.15163,0,0
025040107410003168d2a000a00000e2,2,2,1,322,276,720,572,1.15163,1,0.000868333
025040107410003168d2a000a00000e2,2,2,2,322,276,720,572,1.15163,0,0
025040107410003168d2a000a00000e2,2,2,3,322,276,720,572,1.15163,6,0.00521
025040107410003168d2a000a00000e2,2,2,4,322,276,720,572,1.15163,4,0.00347333
025040107410003168d2a000a00000e2,2,2,5,322,276,720,572,1.15163,0,0
025040107410003168d2a000a00000e2,2,2,6,322,276,720,572,1.15163,4,0.00347333
025040107410003168d2a000a00000e2,2,2,7,322,276,720,572,1.15163,2,0.00173667
025040107410003168d2a000a00000e2,2,2,8,322,276,720,572,1.15163,3,0.002605
025040107410003168d2a000a00000e2,2,2,9,322,276,720,572,1.15163,6,0.00521
025040107410003168d2a000a00000e2,2,2,10,322,276,720,572,1.15163,7,0.00607833
025040107410003168d2a000a00000e2,2,2,11,322,276,720,572,1.15163,6,0.00521
025040107410003168d2a000a00000e2,2,2,12,322,276,720,572,1.15163,6,0.00521
025040107410003168d2a000a00000e2,2,2,13,322,276,720,572,1.15163,6,0.00521
025040107410003168d2a000a00000e2,2,2,14,322,276,720,572,1.15163,8,0.00694667
025040107410003168d2a000a00000e2,2,2,15,322,276,720,572,1.15163,6,0.00521
025040107410003168d2a000a00000e2,2,2,16,322,276,720,572,1.15163,7,0.00607833
025040107410003168d2a000a00000e2,2,2,17,322,276,720,572,1.15163,4,0.00347333
025040107410003168d2a000a00000e2,2,2,18,322,276,720,572,1.15163,6,0.00521
025040107410003168d2a000a00000e2,2,2,19,322,276,720,572,1.15163,5,0.00434167
025040107410003168d2a000a00000e2,2,2,20,322,276,720,572,1.15163,8,0.00694667
025040107410003168d2a000a00000e2,2,2,21,322,276,720,572,1.15163,7,0.00607833
025040107410003168d2a000a00000e2,2,2,22,322,276,720,572,1.15163,9,0.007815
025040107410003168d2a000a00000e2,2,2,23,322,276,720,572,1.15163,11,0.00955167
025040107410003168d2a000a00000e2,2,2,24,322,276,720,572,1.15163,7,0.00607833
025040107410003168d2a000a00000e2,2,2,25,322,276,720,572,1.15163,5,0.00434167
025040107410003168d2a000a00000e2,2,2,26,322,276,720,572,1.15163,8,0.00694667
025040107410003168d2a000a00000e2,2,2,27,322,276,720,572,1.15163,8,0.00694667
025040107410003168d2a000a00000e2,2,2,28,322,276,720,572,1.15163,8,0.00694667
025040107410003168d2a000a00000e2,2,2,29,322,276,720,572,1.15163,8,0.00694667
025040107410003168d2a000a00000e2,2,2,30,322,276,720,572,1.15163,8,0.00694667
025040107410003168d2a000a00000e2,2,2,31,322,276,720,572,1.15163,13,0.0112883
025040107410003168d2a000a00000e2,2,2,32,322,276,720,572,1.15163,8,0.00694667
025040107410003168d2a000a00000e2,2,2,33,322,276,720,572,1.15163,7,0.00607833
025040107410003168d2a000a00000e2,2,2,34,322,276,720,572,1.15163,7,0.00607833
025040107410003168d2a000a00000e2,2,2,35,322,276,720,572,1.15163,8,0.00694667
025040107410003168d2a000a00000e2,2,2,36,322,276,720,572,1.15163,11,0.00955167
025040107410003168d2a000a00000e2,2,2,37,322,276,720,572,1.15163,8,0.00694667
025040107410003168d2a000a00000e2,2,2,38,322,276,720,572,1.15163,10,0.00868333
025040107410003168d2a000a00000e2,2,2,39,322,276,720,572,1.15163,10,0.00868333
025040107410003168d2a000a00000e2,2,2,40,322,276,720,572,1.15163,12,0.01042
025040107410003168d2a000a00000e2,2,2,41,322,276,720,572,1.15163,6,0.00521
025040107410003168d2a000a00000e2,2,2,42,322,276,720,572,1.15163,11,0.00955167
025040107410003168d2a000a00000e2,2,2,43,322,276,720,572,1.15163,8,0.00694667
025040107410003168d2a000a00000e2,2,2,44,322,276,720,572,1.15163,7,0.00607833
025040107410003168d2a000a00000e2,2,2,45,322,276,720,572,1.15163,4,0.00347333
025040107410003168d2a000a00000e2,2,2,46,322,276,720,572,1.15163,7,0.00607833
025040107410003168d2a000a00000e2,2,2,47,322,276,720,572,1.15163,2,0.00173667
025040107410003168d2a000a00000e2,2,2,48,322,276,720,572,1.15163,8,0.00694667
025040107410003168d2a000a00000e2,2,2,49,322,276,720,572,1.15163,5,0.00434167
025040107410003168d2a000a00000e2,2,2,50,322,276,720,572,1.15163,7,0.00607833
025040107410003168d2a000a00000e2,2,2,51,322,276,720,572,1.15163,4,0.00347333
025040107410003168d2a000a00000e2,2,2,52,322,276,720,572,1.15163,7,0.00607833
025040107410003168d2a000a00000e2,2,2,53,322,276,720,572,1.15163,4,0.00347333
025040107410003168d2a000a00000e2,2,2,54,322,276,720,572,1.15163,6,0.00521
025040107410003168d2a000a00000e2,2,2,55,322,276,720,572,1.15163,4,0.00347333
025040107410003168d2a000a00000e2,2,2,56,322,276,720,572,1.15163,7,0.00607833
025040107410003168d2a000a00000e2,2,2,57,322,276,720,572,1.15163,4,0.00347333
025040107410003168d2a000a00000e2,2,2,58,322,276,720,572,1.15163,5,0.00434167
025040107410003168d2a000a00000e2,2,2,59,322,276,720,572,1.15163,3,0.002605
025040107410003168d2a000a00000e2,2,2,60,322,276,720,572,1.15163,5,0.00434167
025040107410003168d2a000a00000e2,2,2,61,322,276,720,572,1.15163,1,0.000868333
025040107410003168d2a000a00000e2,2,2,62,322,276,720,572,1.15163,4,0.00347333
025040107410003168d2a000a00000e2,2,2,63,322,276,720,572,1.15163,2,0.00173667
025040107410003168d2a000a00000e2,2,2,0,322,276,721,573,1.08528,0,0
025040107410003168d2a000a00000e2,2,2,1,322,276,721,573,1.08528,0,0
025040107410003168d2a000a00000e2,2,2,2,322,276,721,573,1.08528,0,0
025040107410003168d2a000a00000e2,2,2,3,322,276,721,573,1.08528,0,0
025040107410003168d2a000a00000e2,2,2,4,322,276,721,573,1.08528,0,0
025040107410003168d2a000a00000e2,2,2,5,322,276,721,573,1.08528,0,0
025040107410003168d2a000a00000e2,2,2,6,322,276,721,573,1.08528,0,0
025040107410003168d2a000a00000e2,2,2,7,322,276,721,573,1.08528,0,0
025040107410003168d2a000a00000e2,2,2,8,322,276,721,573,1.08528,0,0
025040107410003168d2a000a00000e2,2,2,9,322,276,721,573,1.08528,0,0
025040107410003168d2a000a00000e2,2,2,10,322,276,721,573,1.08528,0,0
025040107410003168d2a000a00000e2,2,2,11,322,276,721,573,1.08528,0,0
025040107410003168d2a000a00000e2,2,2,12,322,276,721,573,1.08528,0,0
025040107410003168d2a000a00000e2,2,2,13,322,276,721,573,1.08528,0,0
025040107410003168d2a000a00000e2,2,2,14,322,276,721,573,1.08528,0,0
025040107410003168d2a000a00000e2,2,2,15,322,276,721,573,1.08528,0,0
025040107410003168d2a000a00000e2,2,2,16,322,276,721,573,1.08528,0,0
025040107410003168d2a000a00000e2,2,2,17,322,276,721,573,1.08528,0,0
025040107410003168d2a000a00000e2,2,2,18,322,276,721,573,1.08528,0,0
025040107410003168d2a000a00000e2,2,2,19,322,276,721,573,1.08528,0,0
025040107410003168d2a000a00000e2,2,2,20,322,276,721,573,1.08528,0,0
025040107410003168d2a000a00000e2,2,2,21,322,276,721,573,1.08528,0,0
025040107410003168d2a000a00000e2,2,2,22,322,276,721,573,1.08528,0,0
025040107410003168d2a000a00000e2,2,2,23,322,276,721,573,1.08528,0,0
025040107410003168d2a000a00000e2,2,2,24,322,276,721,573,1.08528,0,0
025040107410003168d2a000a00000e2,2,2,25,322,276,721,573,1.08528,0,0
025040107410003168d2a000a00000e2,2,2,26,322,276,721,573,1.08528,0,0
025040107410003168d2a000a00000e2,2,2,27,322,276,721,573,1.08528,0,0
025040107410003168d2a000a00000e2,2,2,28,322,276,721,573,1.08528,0,0
025040107410003168d2a000a00000e2,2,2,29,322,276,721,573,1.08528,0,0
025040107410003168d2a000a00000e2,2,2,30,322,276,721,573,1.08528,0,0
025040107410003168d2a000a00000e2,2,2,31,322,276,721,573,1.08528,0,0
025040107410003168d2a000a00000e2,2,2,32,322,276,721,573,1.08528,0,0
025040107410003168d2a000a00000e2,2,2,33,322,276,721,573,1.08528,0,0
025040107410003168d2a000a00000e2,2,2,34,322,276,721,573,1.08528,0,0
025040107410003168d2a000a00000e2,2,2,35,322,276,721,573,1.08528,0,0
025040107410003168d2a000a00000e2,2,2,36,322,276,721,573,1.08528,0,0
025040107410003168d2a000a00000e2,2,2,37,322,276,721,573,1.08528,0,0
025040107410003168d2a000a00000e2,2,2,38,322,276,721,573,1.08528,0,0
025040107410003168d2a000a00000e2,2,2,39,322,276,721,573,1.08528,0,0
025040107410003168d2a000a00000e2,2,2,40,322,276,721,573,1.08528,0,0
025040107410003168d2a000a00000e2,2,2,41,322,276,721,573,1.08528,0,0
025040107410003168d2a000a00000e2,2,2,42,322,276,721,573,1.08528,0,0
025040107410003168d2a000a00000e2,2,2,43,322,276,721,573,1.08528,0,0
025040107410003168d2a000a00000e2,2,2,44,322,276,721,573,1.08528,0,0
025040107410003168d2a000a00000e2,2,2,45,322,276,721,573,1.08528,0,0
025040107410003168d2a000a00000e2,2,2,46,322,276,721,573,1.08528,0,0
025040107410003168d2a000a00000e2,2,2,47,322,276,721,573,1.08528,0,0
025040107410003168d2a000a00000e2,2,2,48,322,276,721,573,1.08528,0,0
025040107410003168d2a000a00000e2,2,2,49,322,276,721,573,1.08528,0,0
025040107410003168d2a000a00000e2,2,2,50,322,276,721,573,1.08528,0,0
025040107410003168d2a000a00000e2,2,2,51,322,276,721,573,1.08528,0,0
025040107410003168d2a000a00000e2,2,2,52,322,276,721,573,1.08528,0,0
025040107410003168d2a000a00000e2,2,2,53,322,276,721,573,1.08528,0,0
025040107410003168d2a000a00000e2,2,2,54,322,276,721,573,1.08528,0,0
025040107410003168d2a000a00000e2,2,2,55,322,276,721,573,1.08528,0,0
025040107410003168d2a000a00000e2,2,2,56,322,276,721,573,1.08528,0,0
025040107410003168d2a000a00000e2,2,2,57,322,276,721,573,1.08528,0,0
025040107410003168d2a000a00000e2,2,2,58,322,276,721,573,1.08528,0,0
025040107410003168d2a000a00000e2,2,2,59,322,276,721,573,1.08528,0,0
025040107410003168d2a000a00000e2,2,2,60,322,276,721,573,1.08528,0,0
025040107410003168d2a000a00000e2,2,2,61,322,276,721,573,1.08528,0,0
025040107410003168d2a000a00000e2,2,2,62,322,276,721,573,1.08528,0,0
025040107410003168d2a000a00000e2,2,2,63,322,276,721,573,1.08528,0,0
025040107410003168d2a000a00000e2,2,2,0,322,276,722,574,1.32268,0,0
025040107410003168d2a000a00000e2,2,2,1,322,276,722,574,1.32268,0,0
025040107410003168d2a000a00000e2,2,2,2,322,276,722,574,1.32268,0,0
025040107410003168d2a000a00000e2,2,2,3,322,276,722,574,1.32268,23,0.0173889
025040107410003168d2a000a00000e2,2,2,4,322,276,722,574,1.32268,13,0.00982853
025040107410003168d2a000a00000e2,2,2,5,322,276,722,574,1.32268,0,0
025040107410003168d2a000a00000e2,2,2,6,322,276,722,574,1.32268,20,0.0151208
025040107410003168d2a000a00000e2,2,2,7,322,276,722,574,1.32268,6,0.00453624
025040107410003168d2a000a00000e2,2,2,8,322,276,722,574,1.32268,8,0.00604832
025040107410003168d2a000a00000e2,2,2,9,322,276,722,574,1.32268,23,0.0173889
025040107410003168d2a000a00000e2,2,2,10,322,276,722,574,1.32268,28,0.0211691
025040107410003168d2a000a00000e2,2,2,11,322,276,722,574,1.32268,23,0.0173889
025040107410003168d2a000a00000e2,2,2,12,322,276,722,574,1.32268,23,0.0173889
025040107410003168d2a000a00000e2,2,2,13,322,276,722,574,1.32268,23,0.0173889
025040107410003168d2a000a00000e2,2,2,14,322,276,722,574,1.32268,32,0.0241933
025040107410003168d2a000a00000e2,2,2,15,322,276,722,574,1.32268,20,0.0151208
025040107410003168d2a000a00000e2,2,2,16,322,276,722,574,1.32268,31,0.0234373
025040107410003168d2a000a00000e2,2,2,17,322,276,722,574,1.32268,21,0.0158769
025040107410003168d2a000a00000e2,2,2,18,322,276,722,574,1.32268,26,0.0196571
025040107410003168d2a000a00000e2,2,2,19,322,276,722,574,1.32268,21,0.0158769
025040107410003168d2a000a00000e2,2,2,20,322,276,722,574,1.32268,32,0.0241933
025040107410003168d2a000a00000e2,2,2,21,322,276,722,574,1.32268,29,0.0219252
025040107410003168d2a000a00000e2,2,2,22,322,276,722,574,1.32268,32,0.0241933
025040107410003168d2a000a00000e2,2,2,23,322,276,722,574,1.32268,34,0.0257054
025040107410003168d2a000a00000e2,2,2,24,322,276,722,574,1.32268,30,0.0226812
025040107410003168d2a000a00000e2,2,2,25,322,276,722,574,1.32268,16,0.0120966
025040107410003168d2a000a00000e2,2,2,26,322,276,722,574,1.32268,31,0.0234373
025040107410003168d2a000a00000e2,2,2,27,322,276,722,574,1.32268,31,0.0234373
025040107410003168d2a000a00000e2,2,2,28,322,276,722,574,1.32268,32,0.0241933
025040107410003168d2a000a00000e2,2,2,29,322,276,722,574,1.32268,33,0.0249493
025040107410003168d2a000a00000e2,2,2,30,322,276,722,574,1.32268,32,0.0241933
025040107410003168d2a000a00000e2,2,2,31,322,276,722,574,1.32268,38,0.0287295
025040107410003168d2a000a00000e2,2,2,32,322,276,722,574,1.32268,31,0.0234373
025040107410003168d2a000a00000e2,2,2,33,322,276,722,574,1.32268,28,0.0211691
025040107410003168d2a000a00000e2,2,2,34,322,276,722,574,1.32268,27,0.0204131
025040107410003168d2a000a00000e2,2,2,35,322,276,722,574,1.32268,29,0.0219252
025040107410003168d2a000a00000e2,2,2,36,322,276,722,574,1.32268,35,0.0264614
025040107410003168d2a000a00000e2,2,2,37,322,276,722,574,1.32268,29,0.0219252
025040107410003168d2a000a00000e2,2,2,38,322,276,722,574,1.32268,34,0.0257054
025040107410003168d2a000a00000e2,2,2,39,322,276,722,574,1.32268,33,0.0249493
025040107410003168d2a000a00000e2,2,2,40,322,276,722,574,1.32268,35,0.0264614
025040107410003168d2a000a00000e2,2,2,41,322,276,722,574,1.32268,23,0.0173889
025040107410003168d2a000a00000e2,2,2,42,322,276,722,574,1.32268,34,0.0257054
025040107410003168d2a000a00000e2,2,2,43,322,276,722,574,1.32268,29,0.0219252
025040107410003168d2a000a00000e2,2,2,44,322,276,722,574,1.32268,27,0.0204131
025040107410003168d2a000a00000e2,2,2,45,322,276,722,574,1.32268,13,0.00982853
025040107410003168d2a000a00000e2,2,2,46,322,276,722,574,1.32268,27,0.0204131
025040107410003168d2a000a00000e2,2,2,47,322,276,722,574,1.32268,6,0.00453624
025040107410003168d2a000a00000e2,2,2,48,322,276,722,574,1.32268,31,0.0234373
025040107410003168d2a000a00000e2,2,2,49,322,276,722,574,1.32268,15,0.0113406
025040107410003168d2a000a00000e2,2,2,50,322,276,722,574,1.32268,30,0.0226812
025040107410003168d2a000a00000e2,2,2,51,322,276,722,574,1.32268,20,0.0151208
025040107410003168d2a000a00000e2,2,2,52,322,276,722,574,1.32268,28,0.0211691
025040107410003168d2a000a00000e2,2,2,53,322,276,722,574,1.32268,12,0.00907249
025040107410003168d2a000a00000e2,2,2,54,322,276,722,574,1.32268,23,0.0173889
025040107410003168d2a000a00000e2,2,2,55,322,276,722,574,1.32268,15,0.0113406
025040107410003168d2a000a00000e2,2,2,56,322,276,722,574,1.32268,30,0.0226812
025040107410003168d2a000a00000e2,2,2,57,322,276,722,574,1.32268,8,0.00604832
025040107410003168d2a000a00000e2,2,2,58,322,276,722,574,1.32268,22,0.0166329
025040107410003168d2a000a00000e2,2,2,59,322,276,722,574,1.32268,8,0.00604832
025040107410003168d2a000a00000e2,2,2,60,322,276,722,574,1.32268,18,0.0136087
025040107410003168d2a000a00000e2,2,2,61,322,276,722,574,1.32268,0,0
025040107410003168d2a000a00000e2,2,2,62,322,276,722,574,1.32268,14,0.0105846
025040107410003168d2a000a00000e2,2,2,63,322,276,722,574,1.32268,6,0.00453624
025040107410003168d2a000a00000e2,2,2,0,322,276,723,575,1.53207,0,0
025040107410003168d2a000a00000e2,2,2,1,322,276,723,575,1.53207,0,0
025040107410003168d2a000a00000e2,2,2,2,322,276,723,575,1.53207,0,0
025040107410003168d2a000a00000e2,2,2,3,322,276,723,575,1.53207,8,0.0052217
025040107410003168d2a000a00000e2,2,2,4,322,276,723,575,1.53207,5,0.00326356
025040107410003168d2a000a00000e2,2,2,5,322,276,723,575,1.53207,0,0
025040107410003168d2a000a00000e2,2,2,6,322,276,723,575,1.53207,5,0.00326356
025040107410003168d2a000a00000e2,2,2,7,322,276,723,575,1.53207,1,0.000652713
025040107410003168d2a000a00000e2,2,2,8,322,276,723,575,1.53207,2,0.00130543
025040107410003168d2a000a00000e2,2,2,9,322,276,723,575,1.53207,7,0.00456899
025040107410003168d2a000a00000e2,2,2,10,322,276,723,575,1.53207,10,0.00652713
025040107410003168d2a000a00000e2,2,2,11,322,276,723,575,1.53207,10,0.00652713
025040107410003168d2a000a00000e2,2,2,12,322,276,723,575,1.53207,7,0.00456899
025040107410003168d2a000a00000e2,2,2,13,322,276,723,575,1.53207,7,0.00456899
025040107410003168d2a000a00000e2,2,2,14,322,276,723,575,1.53207,11,0.00717984
025040107410003168d2a000a00000e2,2,2,15,322,276,723,575,1.53207,6,0.00391628
025040107410003168d2a000a00000e2,2,2,16,322,276,723,575,1.53207,11,0.00717984
025040107410003168d2a000a00000e2,2,2,17,322,276,723,575,1.53207,6,0.00391628
025040107410003168d2a000a00000e2,2,2,18,322,276,723,575,1.53207,9,0.00587441
025040107410003168d2a000a00000e2,2,2,19,322,276,723,575,1.53207,6,0.00391628
025040107410003168d2a000a00000e2,2,2,20,322,276,723,575,1.53207,12,0.00783255
025040107410003168d2a000a00000e2,2,2,21,322,276,723,575,1.53207,11,0.00717984
025040107410003168d2a000a00000e2,2,2,22,322,276,723,575,1.53207,12,0.00783255
025040107410003168d2a000a00000e2,2,2,23,322,276,723,575,1.53207,12,0.00783255
025040107410003168d2a000a00000e2,2,2,24,322,276,723,575,1.53207,11,0.00717984
025040107410003168d2a000a00000e2,2,2,25,322,276,723,575,1.53207,5,0.00326356
025040107410003168d2a000a00000e2,2,2,26,322,276,723,575,1.53207,12,0.00783255
025040107410003168d2a000a00000e2,2,2,27,322,276,723,575,1.53207,12,0.00783255
025040107410003168d2a000a00000e2,2,2,28,322,276,723,575,1.53207,12,0.00783255
025040107410003168d2a000a00000e2,2,2,29,322,276,723,575,1.53207,12,0.00783255
025040107410003168d2a000a00000e2,2,2,30,322,276,723,575,1.53207,12,0.00783255
025040107410003168d2a000a00000e2,2,2,31,322,276,723,575,1.53207,12,0.00783255
025040107410003168d2a000a00000e2,2,2,32,322,276,723,575,1.53207,12,0.00783255
025040107410003168d2a000a00000e2,2,2,33,322,276,723,575,1.53207,11,0.00717984
025040107410003168d2a000a00000e2,2,2,34,322,276,723,575,1.53207,11,0.00717984
025040107410003168d2a000a00000e2,2,2,35,322,276,723,575,1.53207,12,0.00783255
025040107410003168d2a000a00000e2,2,2,36,322,276,723,575,1.53207,12,0.00783255
025040107410003168d2a000a00000e2,2,2,37,322,276,723,575,1.53207,11,0.00717984
025040107410003168d2a000a00000e2,2,2,38,322,276,723,575,1.53207,12,0.00783255
025040107410003168d2a000a00000e2,2,2,39,322,276,723,575,1.53207,12,0.00783255
025040107410003168d2a000a00000e2,2,2,40,322,276,723,575,1.53207,12,0.00783255
025040107410003168d2a000a00000e2,2,2,41,322,276,723,575,1.53207,8,0.0052217
025040107410003168d2a000a00000e2,2,2,42,322,276,723,575,1.53207,12,0.00783255
025040107410003168d2a000a00000e2,2,2,43,322,276,723,575,1.53207,12,0.00783255
025040107410003168d2a000a00000e2,2,2,44,322,276,723,575,1.53207,11,0.00717984
025040107410003168d2a000a00000e2,2,2,45,322,276,723,575,1.53207,5,0.00326356
025040107410003168d2a000a00000e2,2,2,46,322,276,723,575,1.53207,11,0.00717984
025040107410003168d2a000a00000e2,2,2,47,322,276,723,575,1.53207,2,0.00130543
025040107410003168d2a000a00000e2,2,2,48,322,276,723,575,1.53207,12,0.00783255
025040107410003168d2a000a00000e2,2,2,49,322,276,723,575,1.53207,5,0.00326356
025040107410003168d2a000a00000e2,2,2,50,322,276,723,575,1.53207,12,0.00783255
025040107410003168d2a000a00000e2,2,2,51,322,276,723,575,1.53207,6,0.00391628
025040107410003168d2a000a00000e2,2,2,52,322,276,723,575,1.53207,11,0.00717984
025040107410003168d2a000a00000e2,2,2,53,322,276,723,575,1.53207,4,0.00261085
025040107410003168d2a000a00000e2,2,2,54,322,276,723,575,1.53207,11,0.00717984
025040107410003168d2a000a00000e2,2,2,55,322,276,723,575,1.53207,5,0.00326356
025040107410003168d2a000a00000e2,2,2,56,322,276,723,575,1.53207,12,0.00783255
025040107410003168d2a000a00000e2,2,2,57,322,276,723,575,1.53207,3,0.00195814
025040107410003168d2a000a00000e2,2,2,58,322,276,723,575,1.53207,6,0.00391628
025040107410003168d2a000a00000e2,2,2,59,322,276,723,575,1.53207,3,0.00195814
025040107410003168d2a000a00000e2,2,2,60,322,276,723,575,1.53207,5,0.00326356
025040107410003168d2a000a00000e2,2,2,61,322,276,723,575,1.53207,0,0
025040107410003168d2a000a00000e2,2,2,62,322,276,723,575,1.53207,4,0.00261085
025040107410003168d2a000a00000e2,2,2,63,322,276,723,575,1.53207,1,0.000652713
025040107410003168d2a000a00000e2,2,2,0,322,276,724,576,1.19882,0,0
025040107410003168d2a000a00000e2,2,2,1,322,276,724,576,1.19882,0,0
025040107410003168d2a000a00000e2,2,2,2,322,276,724,576,1.19882,0,0
025040107410003168d2a000a00000e2,2,2,3,322,276,724,576,1.19882,0,0
025040107410003168d2a000a00000e2,2,2,4,322,276,724,576,1.19882,0,0
025040107410003168d2a000a00000e2,2,2,5,322,276,724,576,1.19882,0,0
025040107410003168d2a000a00000e2,2,2,6,322,276,724,576,1.19882,0,0
025040107410003168d2a000a00000e2,2,2,7,322,276,724,576,1.19882,0,0
025040107410003168d2a000a00000e2,2,2,8,322,276,724,576,1.19882,0,0
025040107410003168d2a000a00000e2,2,2,9,322,276,724,576,1.19882,0,0
025040107410003168d2a000a00000e2,2,2,10,322,276,724,576,1.19882,0,0
025040107410003168d2a000a00000e2,2,2,11,322,276,724,576,1.19882,0,0
025040107410003168d2a000a00000e2,2,2,12,322,276,724,576,1.19882,0,0
025040107410003168d2a000a00000e2,2,2,13,322,276,724,576,1.19882,0,0
025040107410003168d2a000a00000e2,2,2,14,322,276,724,576,1.19882,0,0
025040107410003168d2a000a00000e2,2,2,15,322,276,724,576,1.19882,0,0
025040107410003168d2a000a00000e2,2,2,16,322,276,724,576,1.19882,0,0
025040107410003168d2a000a00000e2,2,2,17,322,276,724,576,1.19882,0,0
025040107410003168d2a000a00000e2,2,2,18,322,276,724,576,1.19882,0,0
025040107410003168d2a000a00000e2,2,2,19,322,276,724,576,1.19882,0,0
025040107410003168d2a000a00000e2,2,2,20,322,276,724,576,1.19882,0,0
025040107410003168d2a000a00000e2,2,2,21,322,276,724,576,1.19882,0,0
025040107410003168d2a000a00000e2,2,2,22,322,276,724,576,1.19882,0,0
025040107410003168d2a000a00000e2,2,2,23,322,276,724,576,1.19882,0,0
025040107410003168d2a000a00000e2,2,2,24,322,276,724,576,1.19882,0,0
025040107410003168d2a000a00000e2,2,2,25,322,276,724,576,1.19882,0,0
025040107410003168d2a000a00000e2,2,2,26,322,276,724,576,1.19882,0,0
025040107410003168d2a000a00000e2,2,2,27,322,276,724,576,1.19882,0,0
025040107410003168d2a000a00000e2,2,2,28,322,276,724,576,1.19882,0,0
025040107410003168d2a000a00000e2,2,2,29,322,276,724,576,1.19882,0,0
025040107410003168d2a000a00000e2,2,2,30,322,276,724,576,1.19882,0,0
025040107410003168d2a000a00000e2,2,2,31,322,276,724,576,1.19882,0,0
025040107410003168d2a000a00000e2,2,2,32,322,276,724,576,1.19882,0,0
025040107410003168d2a000a00000e2,2,2,33,322,276,724,576,1.19882,0,0
025040107410003168d2a000a00000e2,2,2,34,322,276,724,576,1.19882,0,0
025040107410003168d2a000a00000e2,2,2,35,322,276,724,576,1.19882,0,0
025040107410003168d2a000a00000e2,2,2,36,322,276,724,576,1.19882,0,0
025040107410003168d2a000a00000e2,2,2,37,322,276,724,576,1.19882,0,0
025040107410003168d2a000a00000e2,2,2,38,322,276,724,576,1.19882,0,0
025040107410003168d2a000a00000e2,2,2,39,322,276,724,576,1.19882,0,0
025040107410003168d2a000a00000e2,2,2,40,322,276,724,576,1.19882,0,0
025040107410003168d2a000a00000e2,2,2,41,322,276,724,576,1.19882,0,0
025040107410003168d2a000a00000e2,2,2,42,322,276,724,576,1.19882,0,0
025040107410003168d2a000a00000e2,2,2,43,322,276,724,576,1.19882,0,0
025040107410003168d2a000a00000e2,2,2,44,322,276,724,576,1.19882,0,0
025040107410003168d2a000a00000e2,2,2,45,322,276,724,576,1.19882,0,0
025040107410003168d2a000a00000e2,2,2,46,322,276,724,576,1.19882,0,0
025040107410003168d2a000a00000e2,2,2,47,322,276,724,576,1.19882,0,0
025040107410003168d2a000a00000e2,2,2,48,322,276,724,576,1.19882,0,0
025040107410003168d2a000a00000e2,2,2,49,322,276,724,576,1.19882,0,0
025040107410003168d2a000a00000e2,2,2,50,322,276,724,576,1.19882,0,0
025040107410003168d2a000a00000e2,2,2,51,322,276,724,576,1.19882,0,0
025040107410003168d2a000a00000e2,2,2,52,322,276,724,576,1.19882,0,0
025040107410003168d2a000a00000e2,2,2,53,322,276,724,576,1.19882,0,0
025040107410003168d2a000a00000e2,2,2,54,322,276,724,576,1.19882,0,0
025040107410003168d2a000a00000e2,2,2,55,322,276,724,576,1.19882,0,0
025040107410003168d2a000a00000e2,2,2,56,322,276,724,576,1.19882,0,0
025040107410003168d2a000a00000e2,2,2,57,322,276,724,576,1.19882,0,0
025040107410003168d2a000a00000e2,2,2,58,322,276,724,576,1.19882,0,0
025040107410003168d2a000a00000e2,2,2,59,322,276,724,576,1.19882,0,0
025040107410003168d2a000a00000e2,2,2,60,322,276,724,576,1.19882,0,0
025040107410003168d2a000a00000e2,2,2,61,322,276,724,576,1.19882,0,0
025040107410003168d2a000a00000e2,2,2,62,322,276,724,576,1.19882,0,0
025040107410003168d2a000a00000e2,2,2,63,322,276,724,576,1.19882,0,0
025040107410003168d2a000a00000e2,2,2,0,322,276,725,576,1.21946,0,0
025040107410003168d2a000a00000e2,2,2,1,322,276,725,576,1.21946,0,0
025040107410003168d2a000a00000e2,2,2,2,322,276,725,576,1.21946,0,0
025040107410003168d2a000a00000e2,2,2,3,322,276,725,576,1.21946,10,0.00820034
025040107410003168d2a000a00000e2,2,2,4,322,276,725,576,1.21946,3,0.0024601
025040107410003168d2a000a00000e2,2,2,5,322,276,725,576,1.21946,0,0
025040107410003168d2a000a00000e2,2,2,6,322,276,725,576,1.21946,5,0.00410017
025040107410003168d2a000a00000e2,2,2,7,322,276,725,576,1.21946,1,0.000820034
025040107410003168d2a000a00000e2,2,2,8,322,276,725,576,1.21946,1,0.000820034
025040107410003168d2a000a00000e2,2,2,9,322,276,725,576,1.21946,9,0.00738031
025040107410003168d2a000a00000e2,2,2,10,322,276,725,576,1.21946,13,0.0106604
025040107410003168d2a000a00000e2,2,2,11,322,276,725,576,1.21946,11,0.00902038
025040107410003168d2a000a00000e2,2,2,12,322,276,725,576,1.21946,10,0.00820034
025040107410003168d2a000a00000e2,2,2,13,322,276,725,576,1.21946,10,0.00820034
025040107410003168d2a000a00000e2,2,2,14,322,276,725,576,1.21946,23,0.0188608
025040107410003168d2a000a00000e2,2,2,15,322,276,725,576,1.21946,8,0.00656027
025040107410003168d2a000a00000e2,2,2,16,322,276,725,576,1.21946,22,0.0180408
025040107410003168d2a000a00000e2,2,2,17,322,276,725,576,1.21946,8,0.00656027
025040107410003168d2a000a00000e2,2,2,18,322,276,725,576,1.21946,12,0.00984041
025040107410003168d2a000a00000e2,2,2,19,322,276,725,576,1.21946,7,0.00574024
025040107410003168d2a000a00000e2,2,2,20,322,276,725,576,1.21946,23,0.0188608
025040107410003168d2a000a00000e2,2,2,21,322,276,725,576,1.21946,18,0.0147606
025040107410003168d2a000a00000e2,2,2,22,322,276,725,576,1.21946,23,0.0188608
025040107410003168d2a000a00000e2,2,2,23,322,276,725,576,1.21946,24,0.0196808
025040107410003168d2a000a00000e2,2,2,24,322,276,725,576,1.21946,20,0.0164007
025040107410003168d2a000a00000e2,2,2,25,322,276,725,576,1.21946,3,0.0024601
025040107410003168d2a000a00000e2,2,2,26,322,276,725,576,1.21946,23,0.0188608
025040107410003168d2a000a00000e2,2,2,27,322,276,725,576,1.21946,21,0.0172207
025040107410003168d2a000a00000e2,2,2,28,322,276,725,576,1.21946,22,0.0180408
025040107410003168d2a000a00000e2,2,2,29,322,276,725,576,1.21946,23,0.0188608
025040107410003168d2a000a00000e2,2,2,30,322,276,725,576,1.21946,23,0.0188608
025040107410003168d2a000a00000e2,2,2,31,322,276,725,576,1.21946,28,0.022961
025040107410003168d2a000a00000e2,2,2,32,322,276,725,576,1.21946,23,0.0188608
025040107410003168d2a000a00000e2,2,2,33,322,276,725,576,1.21946,15,0.0123005
025040107410003168d2a000a00000e2,2,2,34,322,276,725,576,1.21946,16,0.0131205
025040107410003168d2a000a00000e2,2,2,35,322,276,725,576,1.21946,23,0.0188608
025040107410003168d2a000a00000e2,2,2,36,322,276,725,576,1.21946,24,0.0196808
025040107410003168d2a000a00000e2,2,2,37,322,276,725,576,1.21946,18,0.0147606
025040107410003168d2a000a00000e2,2,2,38,322,276,725,576,1.21946,24,0.0196808
025040107410003168d2a000a00000e2,2,2,39,322,276,725,576,1.21946,23,0.0188608
025040107410003168d2a000a00000e2,2,2,40,322,276,725,576,1.21946,25,0.0205009
025040107410003168d2a000a00000e2,2,2,41,322,276,725,576,1.21946,11,0.00902038
025040107410003168d2a000a00000e2,2,2,42,322,276,725,576,1.21946,24,0.0196808
025040107410003168d2a000a00000e2,2,2,43,322,276,725,576,1.21946,21,0.0172207
025040107410003168d2a000a00000e2,2,2,44,322,276,725,576,1.21946,15,0.0123005
025040107410003168d2a000a00000e2,2,2,45,322,276,725,576,1.21946,3,0.0024601
025040107410003168d2a000a00000e2,2,2,46,322,276,725,576,1.21946,19,0.0155807
025040107410003168d2a000a00000e2,2,2,47,322,276,725,576,1.21946,1,0.000820034
025040107410003168d2a000a00000e2,2,2,48,322,276,725,576,1.21946,23,0.0188608
025040107410003168d2a000a00000e2,2,2,49,322,276,725,576,1.21946,5,0.00410017
025040107410003168d2a000a00000e2,2,2,50,322,276,725,576,1.21946,22,0.0180408
025040107410003168d2a000a00000e2,2,2,51,322,276,725,576,1.21946,5,0.00410017
025040107410003168d2a000a00000e2,2,2,52,322,276,725,576,1.21946,19,0.0155807
025040107410003168d2a000a00000e2,2,2,53,322,276,725,576,1.21946,2,0.00164007
025040107410003168d2a000a00000e2,2,2,54,322,276,725,576,1.21946,12,0.00984041
025040107410003168d2a000a00000e2,2,2,55,322,276,725,576,1.21946,4,0.00328014
025040107410003168d2a000a00000e2,2,2,56,322,276,725,576,1.21946,22,0.0180408
025040107410003168d2a000a00000e2,2,2,57,322,276,725,576,1.21946,1,0.000820034
025040107410003168d2a000a00000e2,2,2,58,322,276,725,576,1.21946,10,0.00820034
025040107410003168d2a000a00000e2,2,2,59,322,276,725,576,1.21946,1,0.000820034
025040107410003168d2a000a00000e2,2,2,60,322,276,725,576,1.21946,5,0.00410017
025040107410003168d2a000a00000e2,2,2,61,322,276,725,576,1.21946,0,0
025040107410003168d2a000a00000e2,2,2,62,322,276,725,576,1.21946,3,0.0024601
025040107410003168d2a000a00000e2,2,2,63,322,276,725,576,1.21946,0,0
025040107410003168d2a000a00000e2,2,2,0,322,276,726,577,1.24453,0,0
025040107410003168d2a000a00000e2,2,2,1,322,276,726,577,1.24453,0,0
025040107410003168d2a000a00000e2,2,2,2,322,276,726,577,1.24453,0,0
025040107410003168d2a000a00000e2,2,2,3,322,276,726,577,1.24453,0,0
025040107410003168d2a000a00000e2,2,2,4,322,276,726,577,1.24453,0,0
025040107410003168d2a000a00000e2,2,2,5,322,276,726,577,1.24453,0,0
025040107410003168d2a000a00000e2,2,2,6,322,276,726,577,1.24453,0,0
025040107410003168d2a000a00000e2,2,2,7,322,276,726,577,1.24453,0,0
025040107410003168d2a000a00000e2,2,2,8,322,276,726,577,1.24453,0,0
025040107410003168d2a000a00000e2,2,2,9,322,276,726,577,1.24453,0,0
025040107410003168d2a000a00000e2,2,2,10,322,276,726,577,1.24453,0,0
025040107410003168d2a000a00000e2,2,2,11,322,276,726,577,1.24453,0,0
025040107410003168d2a000a00000e2,2,2,12,322,276,726,577,1.24453,0,0
025040107410003168d2a000a00000e2,2,2,13,322,276,726,577,1.24453,0,0
025040107410003168d2a000a00000e2,2,2,14,322,276,726,577,1.24453,0,0
025040107410003168d2a000a00000e2,2,2,15,322,276,726,577,1.24453,0,0
025040107410003168d2a000a00000e2,2,2,16,322,276,726,577,1.24453,0,0
025040107410003168d2a000a00000e2,2,2,17,322,276,726,577,1.24453,0,0
025040107410003168d2a000a00000e2,2,2,18,322,276,726,577,1.24453,0,0
025040107410003168d2a000a00000e2,2,2,19,322,276,726,577,1.24453,0,0
025040107410003168d2a000a00000e2,2,2,20,322,276,726,577,1.24453,0,0
025040107410003168d2a000a00000e2,2,2,21,322,276,726,577,1.24453,0,0
025040107410003168d2a000a00000e2,2,2,22,322,276,726,577,1.24453,0,0
025040107410003168d2a000a00000e2,2,2,23,322,276,726,577,1.24453,0,0
025040107410003168d2a000a00000e2,2,2,24,322,276,726,577,1.24453,0,0
025040107410003168d2a000a00000e2,2,2,25,322,276,726,577,1.24453,0,0
025040107410003168d2a000a00000e2,2,2,26,322,276,726,577,1.24453,0,0
025040107410003168d2a000a00000e2,2,2,27,322,276,726,577,1.24453,0,0
025040107410003168d2a000a00000e2,2,2,28,322,276,726,577,1.24453,0,0
025040107410003168d2a000a00000e2,2,2,29,322,276,726,577,1.24453,0,0
025040107410003168d2a000a00000e2,2,2,30,322,276,726,577,1.24453,0,0
025040107410003168d2a000a00000e2,2,2,31,322,276,726,577,1.24453,0,0
025040107410003168d2a000a00000e2,2,2,32,322,276,726,577,1.24453,0,0
025040107410003168d2a000a00000e2,2,2,33,322,276,726,577,1.24453,0,0
025040107410003168d2a000a00000e2,2,2,34,322,276,726,577,1.24453,0,0
025040107410003168d2a000a00000e2,2,2,35,322,276,726,577,1.24453,0,0
025040107410003168d2a000a00000e2,2,2,36,322,276,726,577,1.24453,0,0
025040107410003168d2a000a00000e2,2,2,37,322,276,726,577,1.24453,0,0
025040107410003168d2a000a00000e2,2,2,38,322,276,726,577,1.24453,0,0
025040107410003168d2a000a00000e2,2,2,39,322,276,726,577,1.24453,0,0
025040107410003168d2a000a00000e2,2,2,40,322,276,726,577,1.24453,0,0
025040107410003168d2a000a00000e2,2,2,41,322,276,726,577,1.24453,0,0
025040107410003168d2a000a00000e2,2,2,42,322,276,726,577,1.24453,0,0
025040107410003168d2a000a00000e2,2,2,43,322,276,726,577,1.24453,0,0
025040107410003168d2a000a00000e2,2,2,44,322,276,726,577,1.24453,0,0
025040107410003168d2a000a00000e2,2,2,45,322,276,726,577,1.24453,0,0
025040107410003168d2a000a00000e2,2,2,46,322,276,726,577,1.24453,0,0
025040107410003168d2a000a00000e2,2,2,47,322,276,726,577,1.24453,0,0
025040107410003168d2a000a00000e2,2,2,48,322,276,726,577,1.24453,0,0
025040107410003168d2a000a00000e2,2,2,49,322,276,726,577,1.24453,0,0
025040107410003168d2a000a00000e2,2,2,50,322,276,726,577,1.24453,0,0
025040107410003168d2a000a00000e2,2,2,51,322,276,726,577,1.24453,0,0
025040107410003168d2a000a00000e2,2,2,52,322,276,726,577,1.24453,0,0
025040107410003168d2a000a00000e2,2,2,53,322,276,726,577,1.24453,0,0
025040107410003168d2a000a00000e2,2,2,54,322,276,726,577,1.24453,0,0
025040107410003168d2a000a00000e2,2,2,55,322,276,726,577,1.24453,0,0
025040107410003168d2a000a00000e2,2,2,56,322,276,726,577,1.24453,0,0
025040107410003168d2a000a00000e2,2,2,57,322,276,726,577,1.24453,0,0
025040107410003168d2a000a00000e2,2,2,58,322,276,726,577,1.24453,0,0
025040107410003168d2a000a00000e2,2,2,59,322,276,726,577,1.24453,0,0
025040107410003168d2a000a00000e2,2,2,60,322,276,726,577,1.24453,0,0
025040107410003168d2a000a00000e2,2,2,61,322,276,726,577,1.24453,0,0
025040107410003168d2a000a00000e2,2,2,62,322,276,726,577,1.24453,0,0
025040107410003168d2a000a00000e2,2,2,63,322,276,726,577,1.24453,0,0
025040107410003168d2a000a00000e2,2,2,0,322,276,727,578,1.56008,0,0
025040107410003168d2a000a00000e2,2,2,1,322,276,727,578,1.56008,0,0
025040107410003168d2a000a00000e2,2,2,2,322,276,727,578,1.56008,0,0
025040107410003168d2a000a00000e2,2,2,3,322,276,727,578,1.56008,2,0.00128198
025040107410003168d2a000a00000e2,2,2,4,322,276,727,578,1.56008,2,0.00128198
025040107410003168d2a000a00000e2,2,2,5,322,276,727,578,1.56008,0,0
025040107410003168d2a000a00000e2,2,2,6,322,276,727,578,1.56008,2,0.00128198
025040107410003168d2a000a00000e2,2,2,7,322,276,727,578,1.56008,0,0
025040107410003168d2a000a00000e2,2,2,8,322,276,727,578,1.56008,1,0.000640991
025040107410003168d2a000a00000e2,2,2,9,322,276,727,578,1.56008,2,0.00128198
025040107410003168d2a000a00000e2,2,2,10,322,276,727,578,1.56008,2,0.00128198
025040107410003168d2a000a00000e2,2,2,11,322,276,727,578,1.56008,2,0.00128198
025040107410003168d2a000a00000e2,2,2,12,322,276,727,578,1.56008,2,0.00128198
025040107410003168d2a000a00000e2,2,2,13,322,276,727,578,1.56008,2,0.00128198
025040107410003168d2a000a00000e2,2,2,14,322,276,727,578,1.56008,4,0.00256396
025040107410003168d2a000a00000e2,2,2,15,322,276,727,578,1.56008,2,0.00128198
025040107410003168d2a000a00000e2,2,2,16,322,276,727,578,1.56008,4,0.00256396
025040107410003168d2a000a00000e2,2,2,17,322,276,727,578,1.56008,2,0.00128198
025040107410003168d2a000a00000e2,2,2,18,322,276,727,578,1.56008,2,0.00128198
025040107410003168d2a000a00000e2,2,2,19,322,276,727,578,1.56008,2,0.00128198
025040107410003168d2a000a00000e2,2,2,20,322,276,727,578,1.56008,4,0.00256396
025040107410003168d2a000a00000e2,2,2,21,322,276,727,578,1.56008,4,0.00256396
025040107410003168d2a000a00000e2,2,2,22,322,276,727,578,1.56008,4,0.00256396
025040107410003168d2a000a00000e2,2,2,23,322,276,727,578,1.56008,4,0.00256396
025040107410003168d2a000a00000e2,2,2,24,322,276,727,578,1.56008,3,0.00192297
025040107410003168d2a000a00000e2,2,2,25,322,276,727,578,1.56008,2,0.00128198
025040107410003168d2a000a00000e2,2,2,26,322,276,727,578,1.56008,4,0.00256396
025040107410003168d2a000a00000e2,2,2,27,322,276,727,578,1.56008,4,0.00256396
025040107410003168d2a000a00000e2,2,2,28,322,276,727,578,1.56008,4,0.00256396
025040107410003168d2a000a00000e2,2,2,29,322,276,727,578,1.56008,4,0.00256396
025040107410003168d2a000a00000e2,2,2,30,322,276,727,578,1.56008,5,0.00320495
025040107410003168d2a000a00000e2,2,2,31,322,276,727,578,1.56008,7,0.00448694
025040107410003168d2a000a00000e2,2,2,32,322,276,727,578,1.56008,5,0.00320495
025040107410003168d2a000a00000e2,2,2,33,322,276,727,578,1.56008,3,0.00192297
025040107410003168d2a000a00000e2,2,2,34,322,276,727,578,1.56008,3,0.00192297
025040107410003168d2a000a00000e2,2,2,35,322,276,727,578,1.56008,5,0.00320495
025040107410003168d2a000a00000e2,2,2,36,322,276,727,578,1.56008,6,0.00384595
025040107410003168d2a000a00000e2,2,2,37,322,276,727,578,1.56008,4,0.00256396
025040107410003168d2a000a00000e2,2,2,38,322,276,727,578,1.56008,5,0.00320495
025040107410003168d2a000a00000e2,2,2,39,322,276,727,578,1.56008,5,0.00320495
025040107410003168d2a000a00000e2,2,2,40,322,276,727,578,1.56008,7,0.00448694
025040107410003168d2a000a00000e2,2,2,41,322,276,727,578,1.56008,3,0.00192297
025040107410003168d2a000a00000e2,2,2,42,322,276,727,578,1.56008,7,0.00448694
025040107410003168d2a000a00000e2,2,2,43,322,276,727,578,1.56008,5,0.00320495
025040107410003168d2a000a00000e2,2,2,44,322,276,727,578,1.56008,4,0.00256396
025040107410003168d2a000a00000e2,2,2,45,322,276,727,578,1.56008,3,0.00192297
025040107410003168d2a000a00000e2,2,2,46,322,276,727,578,1.56008,4,0.00256396
025040107410003168d2a000a00000e2,2,2,47,322,276,727,578,1.56008,1,0.000640991
025040107410003168d2a000a00000e2,2,2,48,322,276,727,578,1.56008,5,0.00320495
025040107410003168d2a000a00000e2,2,2,49,322,276,727,578,1.56008,2,0.00128198
025040107410003168d2a000a00000e2,2,2,50,322,276,727,578,1.56008,5,0.00320495
025040107410003168d2a000a00000e2,2,2,51,322,276,727,578,1.56008,2,0.00128198
025040107410003168d2a000a00000e2,2,2,52,322,276,727,578,1.56008,4,0.00256396
025040107410003168d2a000a00000e2,2,2,53,322,276,727,578,1.56008,2,0.00128198
025040107410003168d2a000a00000e2,2,2,54,322,276,727,578,1.56008,3,0.00192297
025040107410003168d2a000a00000e2,2,2,55,322,276,727,578,1.56008,2,0.00128198
025040107410003168d2a000a00000e2,2,2,56,322,276,727,578,1.56008,5,0.00320495
025040107410003168d2a000a00000e2,2,2,57,322,276,727,578,1.56008,1,0.000640991
025040107410003168d2a000a00000e2,2,2,58,322,276,727,578,1.56008,3,0.00192297
025040107410003168d2a000a00000e2,2,2,59,322,276,727,578,1.56008,2,0.00128198
025040107410003168d2a000a00000e2,2,2,60,322,276,727,578,1.56008,3,0.00192297
025040107410003168d2a000a00000e2,2,2,61,322,276,727,578,1.56008,0,0
025040107410003168d2a000a00000e2,2,2,62,322,276,727,578,1.56008,2,0.00128198
025040107410003168d2a000a00000e2,2,2,63,322,276,727,578,1.56008,0,0
025040107410003168d2a000a00000e2,2,2,0,322,276,728,579,1.14868,0,0
025040107410003168d2a000a00000e2,2,2,1,322,276,728,579,1.14868,0,0
025040107410003168d2a000a00000e2,2,2,2,322,276,728,579,1.14868,0,0
025040107410003168d2a000a00000e2,2,2,3,322,276,728,579,1.14868,0,0
025040107410003168d2a000a00000e2,2,2,4,322,276,728,579,1.14868,0,0
025040107410003168d2a000a00000e2,2,2,5,322,276,728,579,1.14868,0,0
025040107410003168d2a000a00000e2,2,2,6,322,276,728,579,1.14868,0,0
025040107410003168d2a000a00000e2,2,2,7,322,276,728,579,1.14868,0,0
025040107410003168d2a000a00000e2,2,2,8,322,276,728,579,1.14868,0,0
025040107410003168d2a000a00000e2,2,2,9,322,276,728,579,1.14868,0,0
025040107410003168d2a000a00000e2,2,2,10,322,276,728,579,1.14868,0,0
025040107410003168d2a000a00000e2,2,2,11,322,276,728,579,1.14868,0,0
025040107410003168d2a000a00000e2,2,2,12,322,276,728,579,1.14868,0,0
025040107410003168d2a000a00000e2,2,2,13,322,276,728,579,1.14868,0,0
025040107410003168d2a000a00000e2,2,2,14,322,276,728,579,1.14868,0,0
025040107410003168d2a000a00000e2,2,2,15,322,276,728,579,1.14868,0,0
025040107410003168d2a000a00000e2,2,2,16,322,276,728,579,1.14868,0,0
025040107410003168d2a000a00000e2,2,2,17,322,276,728,579,1.14868,0,0
025040107410003168d2a000a00000e2,2,2,18,322,276,728,579,1.14868,0,0
025040107410003168d2a000a00000e2,2,2,19,322,276,728,579,1.14868,0,0
025040107410003168d2a000a00000e2,2,2,20,322,276,728,579,1.14868,0,0
025040107410003168d2a000a00000e2,2,2,21,322,276,728,579,1.14868,0,0
025040107410003168d2a000a00000e2,2,2,22,322,276,728,579,1.14868,0,0
025040107410003168d2a000a00000e2,2,2,23,322,276,728,579,1.14868,0,0
025040107410003168d2a000a00000e2,2,2,24,322,276,728,579,1.14868,0,0
025040107410003168d2a000a00000e2,2,2,25,322,276,728,579,1.14868,0,0
025040107410003168d2a000a00000e2,2,2,26,322,276,728,579,1.14868,0,0
025040107410003168d2a000a00000e2,2,2,27,322,276,728,579,1.14868,0,0
025040107410003168d2a000a00000e2,2,2,28,322,276,728,579,1.14868,0,0
025040107410003168d2a000a00000e2,2,2,29,322,276,728,579,1.14868,0,0
025040107410003168d2a000a00000e2,2,2,30,322,276,728,579,1.14868,0,0
025040107410003168d2a000a00000e2,2,2,31,322,276,728,579,1.14868,0,0
025040107410003168d2a000a00000e2,2,2,32,322,276,728,579,1.14868,0,0
025040107410003168d2a000a00000e2,2,2,33,322,276,728,579,1.14868,0,0
025040107410003168d2a000a00000e2,2,2,34,322,276,728,579,1.14868,0,0
025040107410003168d2a000a00000e2,2,2,35,322,276,728,579,1.14868,0,0
025040107410003168d2a000a00000e2,2,2,36,322,276,728,579,1.14868,0,0
025040107410003168d2a000a00000e2,2,2,37,322,276,728,579,1.14868,0,0
025040107410003168d2a000a00000e2,2,2,38,322,276,728,579,1.14868,0,0
025040107410003168d2a000a00000e2,2,2,39,322,276,728,579,1.14868,0,0
025040107410003168d2a000a00000e2,2,2,40,322,276,728,579,1.14868,0,0
025040107410003168d2a000a00000e2,2,2,41,322,276,728,579,1.14868,0,0
025040107410003168d2a000a00000e2,2,2,42,322,276,728,579,1.14868,0,0
025040107410003168d2a000a00000e2,2,2,43,322,276,728,579,1.14868,0,0
025040107410003168d2a000a00000e2,2,2,44,322,276,728,579,1.14868,0,0
025040107410003168d2a000a00000e2,2,2,45,322,276,728,579,1.14868,0,0
025040107410003168d2a000a00000e2,2,2,46,322,276,728,579,1.14868,0,0
025040107410003168d2a000a00000e2,2,2,47,322,276,728,579,1.14868,0,0
025040107410003168d2a000a00000e2,2,2,48,322,276,728,579,1.14868,0,0
025040107410003168d2a000a00000e2,2,2,49,322,276,728,579,1.14868,0,0
025040107410003168d2a000a00000e2,2,2,50,322,276,728,579,1.14868,0,0
025040107410003168d2a000a00000e2,2,2,51,322,276,728,579,1.14868,0,0
025040107410003168d2a000a00000e2,2,2,52,322,276,728,579,1.14868,0,0
025040107410003168d2a000a00000e2,2,2,53,322,276,728,579,1.14868,0,0
025040107410003168d2a000a00000e2,2,2,54,322,276,728,579,1.14868,0,0
025040107410003168d2a000a00000e2,2,2,55,322,276,728,579,1.14868,0,0
025040107410003168d2a000a00000e2,2,2,56,322,276,728,579,1.14868,0,0
025040107410003168d2a000a00000e2,2,2,57,322,276,728,579,1.14868,0,0
025040107410003168d2a000a00000e2,2,2,58,322,276,728,579,1.14868,0,0
025040107410003168d2a000a00000e2,2,2,59,322,276,728,579,1.14868,0,0
025040107410003168d2a000a00000e2,2,2,60,322,276,728,579,1.14868,0,0
025040107410003168d2a000a00000e2,2,2,61,322,276,728,579,1.14868,0,0
025040107410003168d2a000a00000e2,2,2,62,322,276,728,579,1.14868,0,0
025040107410003168d2a000a00000e2,2,2,63,322,276,728,579,1.14868,0,0
025040107410003168d2a000a00000e2,2,2,0,322,276,729,580,1.16343,0,0
025040107410003168d2a000a00000e2,2,2,1,322,276,729,580,1.16343,0,0
025040107410003168d2a000a00000e2,2,2,2,322,276,729,580,1.16343,0,0
025040107410003168d2a000a00000e2,2,2,3,322,276,729,580,1.16343,0,0
025040107410003168d2a000a00000e2,2,2,4,322,276,729,580,1.16343,0,0
025040107410003168d2a000a00000e2,2,2,5,322,276,729,580,1.16343,0,0
025040107410003168d2a000a00000e2,2,2,6,322,276,729,580,1.16343,0,0
025040107410003168d2a000a00000e2,2,2,7,322,276,729,580,1.16343,0,0
025040107410003168d2a000a00000e2,2,2,8,322,276,729,580,1.16343,0,0
025040107410003168d2a000a00000e2,2,2,9,322,276,729,580,1.16343,0,0
025040107410003168d2a000a00000e2,2,2,10,322,276,729,580,1.16343,0,0
025040107410003168d2a000a00000e2,2,2,11,322,276,729,580,1.16343,0,0
025040107410003168d2a000a00000e2,2,2,12,322,276,729,580,1.16343,0,0
025040107410003168d2a000a00000e2,2,2,13,322,276,729,580,1.16343,0,0
025040107410003168d2a000a00000e2,2,2,14,322,276,729,580,1.16343,0,0
025040107410003168d2a000a00000e2,2,2,15,322,276,729,580,1.16343,0,0
025040107410003168d2a000a00000e2,2,2,16,322,276,729,580,1.16343,0,0
025040107410003168d2a000a00000e2,2,2,17,322,276,729,580,1.16343,0,0
025040107410003168d2a000a00000e2,2,2,18,322,276,729,580,1.16343,0,0
025040107410003168d2a000a00000e2,2,2,19,322,276,729,580,1.16343,0,0
025040107410003168d2a000a00000e2,2,2,20,322,276,729,580,1.16343,0,0
025040107410003168d2a000a00000e2,2,2,21,322,276,729,580,1.16343,0,0
025040107410003168d2a000a00000e2,2,2,22,322,276,729,580,1.16343,0,0
025040107410003168d2a000a00000e2,2,2,23,322,276,729,580,1.16343,0,0
025040107410003168d2a000a00000e2,2,2,24,322,276,729,580,1.16343,0,0
025040107410003168d2a000a00000e2,2,2,25,322,276,729,580,1.16343,0,0
025040107410003168d2a000a00000e2,2,2,26,322,276,729,580,1.16343,0,0
025040107410003168d2a000a00000e2,2,2,27,322,276,729,580,1.16343,0,0
025040107410003168d2a000a00000e2,2,2,28,322,276,729,580,1.16343,0,0
025040107410003168d2a000a00000e2,2,2,29,322,276,729,580,1.16343,0,0
025040107410003168d2a000a00000e2,2,2,30,322,276,729,580,1.16343,0,0
025040107410003168d2a000a00000e2,2,2,31,322,276,729,580,1.16343,0,0
025040107410003168d2a000a00000e2,2,2,32,322,276,729,580,1.16343,0,0
025040107410003168d2a000a00000e2,2,2,33,322,276,729,580,1.16343,0,0
025040107410003168d2a000a00000e2,2,2,34,322,276,729,580,1.16343,0,0
025040107410003168d2a000a00000e2,2,2,35,322,276,729,580,1.16343,0,0
025040107410003168d2a000a00000e2,2,2,36,322,276,729,580,1.16343,0,0
025040107410003168d2a000a00000e2,2,2,37,322,276,729,580,1.16343,0,0
025040107410003168d2a000a00000e2,2,2,38,322,276,729,580,1.16343,0,0
025040107410003168d2a000a00000e2,2,2,39,322,276,729,580,1.16343,0,0
025040107410003168d2a000a00000e2,2,2,40,322,276,729,580,1.16343,0,0
025040107410003168d2a000a00000e2,2,2,41,322,276,729,580,1.16343,0,0
025040107410003168d2a000a00000e2,2,2,42,322,276,729,580,1.16343,0,0
025040107410003168d2a000a00000e2,2,2,43,322,276,729,580,1.16343,0,0
025040107410003168d2a000a00000e2,2,2,44,322,276,729,580,1.16343,0,0
025040107410003168d2a000a00000e2,2,2,45,322,276,729,580,1.16343,0,0
025040107410003168d2a000a00000e2,2,2,46,322,276,729,580,1.16343,0,0
025040107410003168d2a000a00000e2,2,2,47,322,276,729,580,1.16343,0,0
025040107410003168d2a000a00000e2,2,2,48,322,276,729,580,1.16343,0,0
025040107410003168d2a000a00000e2,2,2,49,322,276,729,580,1.16343,0,0
025040107410003168d2a000a00000e2,2,2,50,322,276,729,580,1.16343,0,0
025040107410003168d2a000a00000e2,2,2,51,322,276,729,580,1.16343,0,0
025040107410003168d2a000a00000e2,2,2,52,322,276,729,580,1.16343,0,0
025040107410003168d2a000a00000e2,2,2,53,322,276,729,580,1.16343,0,0
025040107410003168d2a000a00000e2,2,2,54,322,276,729,580,1.16343,0,0
025040107410003168d2a000a00000e2,2,2,55,322,276,729,580,1.16343,0,0
025040107410003168d2a000a00000e2,2,2,56,322,276,729,580,1.16343,0,0
025040107410003168d2a000a00000e2,2,2,57,322,276,729,580,1.16343,0,0
025040107410003168d2a000a00000e2,2,2,58,322,276,729,580,1.16343,0,0
025040107410003168d2a000a00000e2,2,2,59,322,276,729,580,1.16343,0,0
025040107410003168d2a000a00000e2,2,2,60,322,276,729,580,1.16343,0,0
025040107410003168d2a000a00000e2,2,2,61,322,276,729,580,1.16343,0,0
025040107410003168d2a000a00000e2,2,2,62,322,276,729,580,1.16343,0,0
025040107410003168d2a000a00000e2,2,2,63,322,276,729,580,1.16343,0,0
025040107410003168d2a000a00000e2,2,2,0,322,276,730,580,1.20914,0,0
025040107410003168d2a000a00000e2,2,2,1,322,276,730,580,1.20914,0,0
025040107410003168d2a000a00000e2,2,2,2,322,276,730,580,1.20914,0,0
025040107410003168d2a000a00000e2,2,2,3,322,276,730,580,1.20914,0,0
025040107410003168d2a000a00000e2,2,2,4,322,276,730,580,1.20914,0,0
025040107410003168d2a000a00000e2,2,2,5,322,276,730,580,1.20914,0,0
025040107410003168d2a000a00000e2,2,2,6,322,276,730,580,1.20914,0,0
025040107410003168d2a000a00000e2,2,2,7,322,276,730,580,1.20914,0,0
025040107410003168d2a000a00000e2,2,2,8,322,276,730,580,1.20914,0,0
025040107410003168d2a000a00000e2,2,2,9,322,276,730,580,1.20914,0,0
025040107410003168d2a000a00000e2,2,2,10,322,276,730,580,1.20914,0,0
025040107410003168d2a000a00000e2,2,2,11,322,276,730,580,1.20914,0,0
025040107410003168d2a000a00000e2,2,2,12,322,276,730,580,1.20914,0,0
025040107410003168d2a000a00000e2,2,2,13,322,276,730,580,1.20914,0,0
025040107410003168d2a000a00000e2,2,2,14,322,276,730,580,1.20914,0,0
025040107410003168d2a000a00000e2,2,2,15,322,276,730,580,1.20914,0,0
025040107410003168d2a000a00000e2,2,2,16,322,276,730,580,1.20914,0,0
025040107410003168d2a000a00000e2,2,2,17,322,276,730,580,1.20914,0,0
025040107410003168d2a000a00000e2,2,2,18,322,276,730,580,1.20914,0,0
025040107410003168d2a000a00000e2,2,2,19,322,276,730,580,1.20914,0,0
025040107410003168d2a000a00000e2,2,2,20,322,276,730,580,1.20914,0,0
025040107410003168d2a000a00000e2,2,2,21,322,276,730,580,1.20914,0,0
025040107410003168d2a000a00000e2,2,2,22,322,276,730,580,1.20914,0,0
025040107410003168d2a000a00000e2,2,2,23,322,276,730,580,1.20914,0,0
025040107410003168d2a000a00000e2,2,2,24,322,276,730,580,1.20914,0,0
025040107410003168d2a000a00000e2,2,2,25,322,276,730,580,1.20914,0,0
025040107410003168d2a000a00000e2,2,2,26,322,276,730,580,1.20914,0,0
025040107410003168d2a000a00000e2,2,2,27,322,276,730,580,1.20914,0,0
025040107410003168d2a000a00000e2,2,2,28,322,276,730,580,1.20914,0,0
025040107410003168d2a000a00000e2,2,2,29,322,276,730,580,1.20914,0,0
025040107410003168d2a000a00000e2,2,2,30,322,276,730,580,1.20914,0,0
025040107410003168d2a000a00000e2,2,2,31,322,276,730,580,1.20914,0,0
025040107410003168d2a000a00000e2,2,2,32,322,276,730,580,1.20914,0,0
025040107410003168d2a000a00000e2,2,2,33,322,276,730,580,1.20914,0,0
025040107410003168d2a000a00000e2,2,2,34,322,276,730,580,1.20914,0,0
025040107410003168d2a000a00000e2,2,2,35,322,276,730,580,1.20914,0,0
025040107410003168d2a000a00000e2,2,2,36,322,276,730,580,1.20914,0,0
025040107410003168d2a000a00000e2,2,2,37,322,276,730,580,1.20914,0,0
025040107410003168d2a000a00000e2,2,2,38,322,276,730,580,1.20914,0,0
025040107410003168d2a000a00000e2,2,2,39,322,276,730,580,1.20914,0,0
025040107410003168d2a000a00000e2,2,2,40,322,276,730,580,1.20914,0,0
025040107410003168d2a000a00000e2,2,2,41,322,276,730,580,1.20914,0,0
025040107410003168d2a000a00000e2,2,2,42,322,276,730,580,1.20914,0,0
025040107410003168d2a000a00000e2,2,2,43,322,276,730,580,1.20914,0,0
025040107410003168d2a000a00000e2,2,2,44,322,276,730,580,1.20914,0,0
025040107410003168d2a000a00000e2,2,2,45,322,276,730,580,1.20914,0,0
025040107410003168d2a000a00000e2,2,2,46,322,276,730,580,1.20914,0,0
025040107410003168d2a000a00000e2,2,2,47,322,276,730,580,1.20914,0,0
025040107410003168d2a000a00000e2,2,2,48,322,276,730,580,1.20914,0,0
025040107410003168d2a000a00000e2,2,2,49,322,276,730,580,1.20914,0,0
025040107410003168d2a000a00000e2,2,2,50,322,276,730,580,1.20914,0,0
025040107410003168d2a000a00000e2,2,2,51,322,276,730,580,1.20914,0,0
025040107410003168d2a000a00000e2,2,2,52,322,276,730,580,1.20914,0,0
025040107410003168d2a000a00000e2,2,2,53,322,276,730,580,1.20914,0,0
025040107410003168d2a000a00000e2,2,2,54,322,276,730,580,1.20914,0,0
025040107410003168d2a000a00000e2,2,2,55,322,276,730,580,1.20914,0,0
025040107410003168d2a000a00000e2,2,2,56,322,276,730,580,1.20914,0,0
025040107410003168d2a000a00000e2,2,2,57,322,276,730,580,1.20914,0,0
025040107410003168d2a000a00000e2,2,2,58,322,276,730,580,1.20914,0,0
025040107410003168d2a000a00000e2,2,2,59,322,276,730,580,1.20914,0,0
025040107410003168d2a000a00000e2,2,2,60,322,276,730,580,1.20914,0,0
025040107410003168d2a000a00000e2,2,2,61,322,276,730,580,1.20914,0,0
025040107410003168d2a000a00000e2,2,2,62,322,276,730,580,1.20914,0,0
025040107410003168d2a000a00000e2,2,2,63,322,276,730,580,1.20914,0,0
025040107410003168d2a000a00000e2,2,2,0,322,276,731,581,1.5999,0,0
025040107410003168d2a000a00000e2,2,2,1,322,276,731,581,1.5999,0,0
025040107410003168d2a000a00000e2,2,2,2,322,276,731,581,1.5999,0,0
025040107410003168d2a000a00000e2,2,2,3,322,276,731,581,1.5999,4,0.00250016
025040107410003168d2a000a00000e2,2,2,4,322,276,731,581,1.5999,1,0.00062504
025040107410003168d2a000a00000e2,2,2,5,322,276,731,581,1.5999,0,0
025040107410003168d2a000a00000e2,2,2,6,322,276,731,581,1.5999,4,0.00250016
025040107410003168d2a000a00000e2,2,2,7,322,276,731,581,1.5999,0,0
025040107410003168d2a000a00000e2,2,2,8,322,276,731,581,1.5999,0,0
025040107410003168d2a000a00000e2,2,2,9,322,276,731,581,1.5999,4,0.00250016
025040107410003168d2a000a00000e2,2,2,10,322,276,731,581,1.5999,10,0.0062504
025040107410003168d2a000a00000e2,2,2,11,322,276,731,581,1.5999,8,0.00500032
025040107410003168d2a000a00000e2,2,2,12,322,276,731,581,1.5999,4,0.00250016
025040107410003168d2a000a00000e2,2,2,13,322,276,731,581,1.5999,4,0.00250016
025040107410003168d2a000a00000e2,2,2,14,322,276,731,581,1.5999,14,0.00875056
025040107410003168d2a000a00000e2,2,2,15,322,276,731,581,1.5999,5,0.0031252
025040107410003168d2a000a00000e2,2,2,16,322,276,731,581,1.5999,15,0.0093756
025040107410003168d2a000a00000e2,2,2,17,322,276,731,581,1.5999,5,0.0031252
025040107410003168d2a000a00000e2,2,2,18,322,276,731,581,1.5999,11,0.00687544
025040107410003168d2a000a00000e2,2,2,19,322,276,731,581,1.5999,5,0.0031252
025040107410003168d2a000a00000e2,2,2,20,322,276,731,581,1.5999,15,0.0093756
025040107410003168d2a000a00000e2,2,2,21,322,276,731,581,1.5999,12,0.00750048
025040107410003168d2a000a00000e2,2,2,22,322,276,731,581,1.5999,15,0.0093756
025040107410003168d2a000a00000e2,2,2,23,322,276,731,581,1.5999,15,0.0093756
025040107410003168d2a000a00000e2,2,2,24,322,276,731,581,1.5999,12,0.00750048
025040107410003168d2a000a00000e2,2,2,25,322,276,731,581,1.5999,3,0.00187512
025040107410003168d2a000a00000e2,2,2,26,322,276,731,581,1.5999,12,0.00750048
025040107410003168d2a000a00000e2,2,2,27,322,276,731,581,1.5999,12,0.00750048
025040107410003168d2a000a00000e2,2,2,28,322,276,731,581,1.5999,14,0.00875056
025040107410003168d2a000a00000e2,2,2,29,322,276,731,581,1.5999,14,0.00875056
025040107410003168d2a000a00000e2,2,2,30,322,276,731,581,1.5999,13,0.00812552
025040107410003168d2a000a00000e2,2,2,31,322,276,731,581,1.5999,16,0.0100006
025040107410003168d2a000a00000e2,2,2,32,322,276,731,581,1.5999,14,0.00875056
025040107410003168d2a000a00000e2,2,2,33,322,276,731,581,1.5999,12,0.00750048
025040107410003168d2a000a00000e2,2,2,34,322,276,731,581,1.5999,12,0.00750048
025040107410003168d2a000a00000e2,2,2,35,322,276,731,581,1.5999,13,0.00812552
025040107410003168d2a000a00000e2,2,2,36,322,276,731,581,1.5999,17,0.0106257
025040107410003168d2a000a00000e2,2,2,37,322,276,731,581,1.5999,12,0.00750048
025040107410003168d2a000a00000e2,2,2,38,322,276,731,581,1.5999,17,0.0106257
025040107410003168d2a000a00000e2,2,2,39,322,276,731,581,1.5999,14,0.00875056
025040107410003168d2a000a00000e2,2,2,40,322,276,731,581,1.5999,17,0.0106257
025040107410003168d2a000a00000e2,2,2,41,322,276,731,581,1.5999,8,0.00500032
025040107410003168d2a000a00000e2,2,2,42,322,276,731,581,1.5999,17,0.0106257
025040107410003168d2a000a00000e2,2,2,43,322,276,731,581,1.5999,12,0.00750048
025040107410003168d2a000a00000e2,2,2,44,322,276,731,581,1.5999,12,0.00750048
025040107410003168d2a000a00000e2,2,2,45,322,276,731,581,1.5999,2,0.00125008
025040107410003168d2a000a00000e2,2,2,46,322,276,731,581,1.5999,12,0.00750048
025040107410003168d2a000a00000e2,2,2,47,322,276,731,581,1.5999,0,0
025040107410003168d2a000a00000e2,2,2,48,322,276,731,581,1.5999,15,0.0093756
025040107410003168d2a000a00000e2,2,2,49,322,276,731,581,1.5999,3,0.00187512
025040107410003168d2a000a00000e2,2,2,50,322,276,731,581,1.5999,13,0.00812552
025040107410003168d2a000a00000e2,2,2,51,322,276,731,581,1.5999,3,0.00187512
025040107410003168d2a000a00000e2,2,2,52,322,276,731,581,1.5999,13,0.00812552
025040107410003168d2a000a00000e2,2,2,53,322,276,731,581,1.5999,2,0.00125008
025040107410003168d2a000a00000e2,2,2,54,322,276,731,581,1.5999,10,0.0062504
025040107410003168d2a000a00000e2,2,2,55,322,276,731,581,1.5999,3,0.00187512
025040107410003168d2a000a00000e2,2,2,56,322,276,731,581,1.5999,13,0.00812552
025040107410003168d2a000a00000e2,2,2,57,322,276,731,581,1.5999,0,0
025040107410003168d2a000a00000e2,2,2,58,322,276,731,581,1.5999,5,0.0031252
025040107410003168d2a000a00000e2,2,2,59,322,276,731,581,1.5999,0,0
025040107410003168d2a000a00000e2,2,2,60,322,276,731,581,1.5999,5,0.0031252
025040107410003168d2a000a00000e2,2,2,61,322,276,731,581,1.5999,0,0
025040107410003168d2a000a00000e2,2,2,62,322,276,731,581,1.5999,5,0.0031252
025040107410003168d2a000a00000e2,2,2,63,322,276,731,581,1.5999,0,0
025040107410003168d2a000a00000e2,2,2,0,322,276,732,582,1.40083,0,0
025040107410003168d2a000a00000e2,2,2,1,322,276,732,582,1.40083,0,0
025040107410003168d2a000a00000e2,2,2,2,322,276,732,582,1.40083,0,0
025040107410003168d2a000a00000e2,2,2,3,322,276,732,582,1.40083,0,0
025040107410003168d2a000a00000e2,2,2,4,322,276,732,582,1.40083,0,0
025040107410003168d2a000a00000e2,2,2,5,322,276,732,582,1.40083,0,0
025040107410003168d2a000a00000e2,2,2,6,322,276,732,582,1.40083,0,0
025040107410003168d2a000a00000e2,2,2,7,322,276,732,582,1.40083,0,0
025040107410003168d2a000a00000e2,2,2,8,322,276,732,582,1.40083,0,0
025040107410003168d2a000a00000e2,2,2,9,322,276,732,582,1.40083,0,0
025040107410003168d2a000a00000e2,2,2,10,322,276,732,582,1.40083,0,0
025040107410003168d2a000a00000e2,2,2,11,322,276,732,582,1.40083,0,0
025040107410003168d2a000a00000e2,2,2,12,322,276,732,582,1.40083,0,0
025040107410003168d2a000a00000e2,2,2,13,322,276,732,582,1.40083,0,0
025040107410003168d2a000a00000e2,2,2,14,322,276,732,582,1.40083,0,0
025040107410003168d2a000a00000e2,2,2,15,322,276,732,582,1.40083,0,0
025040107410003168d2a000a00000e2,2,2,16,322,276,732,582,1.40083,0,0
025040107410003168d2a000a00000e2,2,2,17,322,276,732,582,1.40083,0,0
025040107410003168d2a000a00000e2,2,2,18,322,276,732,582,1.40083,0,0
025040107410003168d2a000a00000e2,2,2,19,322,276,732,582,1.40083,0,0
025040107410003168d2a000a00000e2,2,2,20,322,276,732,582,1.40083,0,0
025040107410003168d2a000a00000e2,2,2,21,322,276,732,582,1.40083,0,0
025040107410003168d2a000a00000e2,2,2,22,322,276,732,582,1.40083,0,0
025040107410003168d2a000a00000e2,2,2,23,322,276,732,582,1.40083,0,0
025040107410003168d2a000a00000e2,2,2,24,322,276,732,582,1.40083,0,0
025040107410003168d2a000a00000e2,2,2,25,322,276,732,582,1.40083,0,0
025040107410003168d2a000a00000e2,2,2,26,322,276,732,582,1.40083,0,0
025040107410003168d2a000a00000e2,2,2,27,322,276,732,582,1.40083,0,0
025040107410003168d2a000a00000e2,2,2,28,322,276,732,582,1.40083,0,0
025040107410003168d2a000a00000e2,2,2,29,322,276,732,582,1.40083,0,0
025040107410003168d2a000a00000e2,2,2,30,322,276,732,582,1.40083,0,0
025040107410003168d2a000a00000e2,2,2,31,322,276,732,582,1.40083,0,0
025040107410003168d2a000a00000e2,2,2,32,322,276,732,582,1.40083,0,0
025040107410003168d2a000a00000e2,2,2,33,322,276,732,582,1.40083,0,0
025040107410003168d2a000a00000e2,2,2,34,322,276,732,582,1.40083,0,0
025040107410003168d2a000a00000e2,2,2,35,322,276,732,582,1.40083,0,0
025040107410003168d2a000a00000e2,2,2,36,322,276,732,582,1.40083,0,0
025040107410003168d2a000a00000e2,2,2,37,322,276,732,582,1.40083,0,0
025040107410003168d2a000a00000e2,2,2,38,322,276,732,582,1.40083,0,0
025040107410003168d2a000a00000e2,2,2,39,322,276,732,582,1.40083,0,0
025040107410003168d2a000a00000e2,2,2,40,322,276,732,582,1.40083,0,0
025040107410003168d2a000a00000e2,2,2,41,322,276,732,582,1.40083,0,0
025040107410003168d2a000a00000e2,2,2,42,322,276,732,582,1.40083,0,0
025040107410003168d2a000a00000e2,2,2,43,322,276,732,582,1.40083,0,0
025040107410003168d2a000a00000e2,2,2,44,322,276,732,582,1.40083,0,0
025040107410003168d2a000a00000e2,2,2,45,322,276,732,582,1.40083,0,0
025040107410003168d2a000a00000e2,2,2,46,322,276,732,582,1.40083,0,0
025040107410003168d2a000a00000e2,2,2,47,322,276,732,582,1.40083,0,0
025040107410003168d2a000a00000e2,2,2,48,322,276,732,582,1.40083,0,0
025040107410003168d2a000a00000e2,2,2,49,322,276,732,582,1.40083,0,0
025040107410003168d2a000a00000e2,2,2,50,322,276,732,582,1.40083,0,0
025040107410003168d2a000a00000e2,2,2,51,322,276,732,582,1.40083,0,0
025040107410003168d2a000a00000e2,2,2,52,322,276,732,582,1.40083,0,0
025040107410003168d2a000a00000e2,2,2,53,322,276,732,582,1.40083,0,0
025040107410003168d2a000a00000e2,2,2,54,322,276,732,582,1.40083,0,0
025040107410003168d2a000a00000e2,2,2,55,322,276,732,582,1.40083,0,0
025040107410003168d2a000a00000e2,2,2,56,322,276,732,582,1.40083,0,0
025040107410003168d2a000a00000e2,2,2,57,322,276,732,582,1.40083,0,0
025040107410003168d2a000a00000e2,2,2,58,322,276,732,582,1.40083,0,0
025040107410003168d2a000a00000e2,2,2,59,322,276,732,582,1.40083,0,0
025040107410003168d2a000a00000e2,2,2,60,322,276,732,582,1.40083,0,0
025040107410003168d2a000a00000e2,2,2,61,322,276,732,582,1.40083,0,0
025040107410003168d2a000a00000e2,2,2,62,322,276,732,582,1.40083,0,0
025040107410003168d2a000a00000e2,2,2,63,322,276,732,582,1.40083,0,0
025040107410003168d2a000a00000e2,2,2,0,322,276,733,583,1.29761,0,0
025040107410003168d2a000a00000e2,2,2,1,322,276,733,583,1.29761,0,0
025040107410003168d2a000a00000e2,2,2,2,322,276,733,583,1.29761,0,0
025040107410003168d2a000a00000e2,2,2,3,322,276,733,583,1.29761,0,0
025040107410003168d2a000a00000e2,2,2,4,322,276,733,583,1.29761,0,0
025040107410003168d2a000a00000e2,2,2,5,322,276,733,583,1.29761,0,0
025040107410003168d2a000a00000e2,2,2,6,322,276,733,583,1.29761,0,0
025040107410003168d2a000a00000e2,2,2,7,322,276,733,583,1.29761,0,0
025040107410003168d2a000a00000e2,2,2,8,322,276,733,583,1.29761,0,0
025040107410003168d2a000a00000e2,2,2,9,322,276,733,583,1.29761,0,0
025040107410003168d2a000a00000e2,2,2,10,322,276,733,583,1.29761,0,0
025040107410003168d2a000a00000e2,2,2,11,322,276,733,583,1.29761,0,0
025040107410003168d2a000a00000e2,2,2,12,322,276,733,583,1.29761,0,0
025040107410003168d2a000a00000e2,2,2,13,322,276,733,583,1.29761,0,0
025040107410003168d2a000a00000e2,2,2,14,322,276,733,583,1.29761,0,0
025040107410003168d2a000a00000e2,2,2,15,322,276,733,583,1.29761,0,0
025040107410003168d2a000a00000e2,2,2,16,322,276,733,583,1.29761,0,0
025040107410003168d2a000a00000e2,2,2,17,322,276,733,583,1.29761,0,0
025040107410003168d2a000a00000e2,2,2,18,322,276,733,583,1.29761,0,0
025040107410003168d2a000a00000e2,2,2,19,322,276,733,583,1.29761,0,0
025040107410003168d2a000a00000e2,2,2,20,322,276,733,583,1.29761,0,0
025040107410003168d2a000a00000e2,2,2,21,322,276,733,583,1.29761,0,0
025040107410003168d2a000a00000e2,2,2,22,322,276,733,583,1.29761,0,0
025040107410003168d2a000a00000e2,2,2,23,322,276,733,583,1.29761,0,0
025040107410003168d2a000a00000e2,2,2,24,322,276,733,583,1.29761,0,0
025040107410003168d2a000a00000e2,2,2,25,322,276,733,583,1.29761,0,0
025040107410003168d2a000a00000e2,2,2,26,322,276,733,583,1.29761,0,0
025040107410003168d2a000a00000e2,2,2,27,322,276,733,583,1.29761,0,0
025040107410003168d2a000a00000e2,2,2,28,322,276,733,583,1.29761,0,0
025040107410003168d2a000a00000e2,2,2,29,322,276,733,583,1.29761,0,0
025040107410003168d2a000a00000e2,2,2,30,322,276,733,583,1.29761,0,0
025040107410003168d2a000a00000e2,2,2,31,322,276,733,583,1.29761,0,0
025040107410003168d2a000a00000e2,2,2,32,322,276,733,583,1.29761,0,0
025040107410003168d2a000a00000e2,2,2,33,322,276,733,583,1.29761,0,0
025040107410003168d2a000a00000e2,2,2,34,322,276,733,583,1.29761,0,0
025040107410003168d2a000a00000e2,2,2,35,322,276,733,583,1.29761,0,0
025040107410003168d2a000a00000e2,2,2,36,322,276,733,583,1.29761,0,0
025040107410003168d2a000a00000e2,2,2,37,322,276,733,583,1.29761,0,0
025040107410003168d2a000a00000e2,2,2,38,322,276,733,583,1.29761,0,0
025040107410003168d2a000a00000e2,2,2,39,322,276,733,583,1.29761,0,0
025040107410003168d2a000a00000e2,2,2,40,322,276,733,583,1.29761,0,0
025040107410003168d2a000a00000e2,2,2,41,322,276,733,583,1.29761,0,0
025040107410003168d2a000a00000e2,2,2,42,322,276,733,583,1.29761,0,0
025040107410003168d2a000a00000e2,2,2,43,322,276,733,583,1.29761,0,0
025040107410003168d2a000a00000e2,2,2,44,322,276,733,583,1.29761,0,0
025040107410003168d2a000a00000e2,2,2,45,322,276,733,583,1.29761,0,0
025040107410003168d2a000a00000e2,2,2,46,322,276,733,583,1.29761,0,0
025040107410003168d2a000a00000e2,2,2,47,322,276,733,583,1.29761,0,0
025040107410003168d2a000a00000e2,2,2,48,322,276,733,583,1.29761,0,0
025040107410003168d2a000a00000e2,2,2,49,322,276,733,583,1.29761,0,0
025040107410003168d2a000a00000e2,2,2,50,322,276,733,583,1.29761,0,0
025040107410003168d2a000a00000e2,2,2,51,322,276,733,583,1.29761,0,0
025040107410003168d2a000a00000e2,2,2,52,322,276,733,583,1.29761,0,0
025040107410003168d2a000a00000e2,2,2,53,322,276,733,583,1.29761,0,0
025040107410003168d2a000a00000e2,2,2,54,322,276,733,583,1.29761,0,0
025040107410003168d2a000a00000e2,2,2,55,322,276,733,583,1.29761,0,0
025040107410003168d2a000a00000e2,2,2,56,322,276,733,583,1.29761,0,0
025040107410003168d2a000a00000e2,2,2,57,322,276,733,583,1.29761,0,0
025040107410003168d2a000a00000e2,2,2,58,322,276,733,583,1.29761,0,0
025040107410003168d2a000a00000e2,2,2,59,322,276,733,583,1.29761,0,0
025040107410003168d2a000a00000e2,2,2,60,322,276,733,583,1.29761,0,0
025040107410003168d2a000a00000e2,2,2,61,322,276,733,583,1.29761,0,0
025040107410003168d2a000a00000e2,2,2,62,322,276,733,583,1.29761,0,0
025040107410003168d2a000a00000e2,2,2,63,322,276,733,583,1.29761,0,0
025040107410003168d2a000a00000e2,2,2,0,322,276,734,584,1.2696,0,0
025040107410003168d2a000a00000e2,2,2,1,322,276,734,584,1.2696,0,0
025040107410003168d2a000a00000e2,2,2,2,322,276,734,584,1.2696,0,0
025040107410003168d2a000a00000e2,2,2,3,322,276,734,584,1.2696,0,0
025040107410003168d2a000a00000e2,2,2,4,322,276,734,584,1.2696,0,0
025040107410003168d2a000a00000e2,2,2,5,322,276,734,584,1.2696,0,0
025040107410003168d2a000a00000e2,2,2,6,322,276,734,584,1.2696,0,0
025040107410003168d2a000a00000e2,2,2,7,322,276,734,584,1.2696,0,0
025040107410003168d2a000a00000e2,2,2,8,322,276,734,584,1.2696,0,0
025040107410003168d2a000a00000e2,2,2,9,322,276,734,584,1.2696,0,0
025040107410003168d2a000a00000e2,2,2,10,322,276,734,584,1.2696,0,0
025040107410003168d2a000a00000e2,2,2,11,322,276,734,584,1.2696,0,0
025040107410003168d2a000a00000e2,2,2,12,322,276,734,584,1.2696,0,0
025040107410003168d2a000a00000e2,2,2,13,322,276,734,584,1.2696,0,0
025040107410003168d2a000a00000e2,2,2,14,322,276,734,584,1.2696,0,0
025040107410003168d2a000a00000e2,2,2,15,322,276,734,584,1.2696,0,0
025040107410003168d2a000a00000e2,2,2,16,322,276,734,584,1.2696,0,0
025040107410003168d2a000a00000e2,2,2,17,322,276,734,584,1.2696,0,0
025040107410003168d2a000a00000e2,2,2,18,322,276,734,584,1.2696,0,0
025040107410003168d2a000a00000e2,2,2,19,322,276,734,584,1.2696,0,0
025040107410003168d2a000a00000e2,2,2,20,322,276,734,584,1.2696,0,0
025040107410003168d2a000a00000e2,2,2,21,322,276,734,584,1.2696,0,0
025040107410003168d2a000a00000e2,2,2,22,322,276,734,584,1.2696,0,0
025040107410003168d2a000a00000e2,2,2,23,322,276,734,584,1.2696,0,0
025040107410003168d2a000a00000e2,2,2,24,322,276,734,584,1.2696,0,0
025040107410003168d2a000a00000e2,2,2,25,322,276,734,584,1.2696,0,0
025040107410003168d2a000a00000e2,2,2,26,322,276,734,584,1.2696,0,0
025040107410003168d2a000a00000e2,2,2,27,322,276,734,584,1.2696,0,0
025040107410003168d2a000a00000e2,2,2,28,322,276,734,584,1.2696,0,0
025040107410003168d2a000a00000e2,2,2,29,322,276,734,584,1.2696,0,0
025040107410003168d2a000a00000e2,2,2,30,322,276,734,584,1.2696,0,0
025040107410003168d2a000a00000e2,2,2,31,322,276,734,584,1.2696,0,0
025040107410003168d2a000a00000e2,2,2,32,322,276,734,584,1.2696,0,0
025040107410003168d2a000a00000e2,2,2,33,322,276,734,584,1.2696,0,0
025040107410003168d2a000a00000e2,2,2,34,322,276,734,584,1.2696,0,0
025040107410003168d2a000a00000e2,2,2,35,322,276,734,584,1.2696,0,0
025040107410003168d2a000a00000e2,2,2,36,322,276,734,584,1.2696,0,0
025040107410003168d2a000a00000e2,2,2,37,322,276,734,584,1.2696,0,0
025040107410003168d2a000a00000e2,2,2,38,322,276,734,584,1.2696,0,0
025040107410003168d2a000a00000e2,2,2,39,322,276,734,584,1.2696,0,0
025040107410003168d2a000a00000e2,2,2,40,322,276,734,584,1.2696,0,0
025040107410003168d2a000a00000e2,2,2,41,322,276,734,584,1.2696,0,0
025040107410003168d2a000a00000e2,2,2,42,322,276,734,584,1.2696,0,0
025040107410003168d2a000a00000e2,2,2,43,322,276,734,584,1.2696,0,0
025040107410003168d2a000a00000e2,2,2,44,322,276,734,584,1.2696,0,0
025040107410003168d2a000a00000e2,2,2,45,322,276,734,584,1.2696,0,0
025040107410003168d2a000a00000e2,2,2,46,322,276,734,584,1.2696,0,0
025040107410003168d2a000a00000e2,2,2,47,322,276,734,584,1.2696,0,0
025040107410003168d2a000a00000e2,2,2,48,322,276,734,584,1.2696,0,0
025040107410003168d2a000a00000e2,2,2,49,322,276,734,584,1.2696,0,0
025040107410003168d2a000a00000e2,2,2,50,322,276,734,584,1.2696,0,0
025040107410003168d2a000a00000e2,2,2,51,322,276,734,584,1.2696,0,0
025040107410003168d2a000a00000e2,2,2,52,322,276,734,584,1.2696,0,0
025040107410003168d2a000a00000e2,2,2,53,322,276,734,584,1.2696,0,0
025040107410003168d2a000a00000e2,2,2,54,322,276,734,584,1.2696,0,0
025040107410003168d2a000a00000e2,2,2,55,322,276,734,584,1.2696,0,0
025040107410003168d2a000a00000e2,2,2,56,322,276,734,584,1.2696,0,0
025040107410003168d2a000a00000e2,2,2,57,322,276,734,584,1.2696,0,0
025040107410003168d2a000a00000e2,2,2,58,322,276,734,584,1.2696,0,0
025040107410003168d2a000a00000e2,2,2,59,322,276,734,584,1.2696,0,0
025040107410003168d2a000a00000e2,2,2,60,322,276,734,584,1.2696,0,0
025040107410003168d2a000a00000e2,2,2,61,322,276,734,584,1.2696,0,0
025040107410003168d2a000a00000e2,2,2,62,322,276,734,584,1.2696,0,0
025040107410003168d2a000a00000e2,2,2,63,322,276,734,584,1.2696,0,0
025040107410003168d2a000a00000e2,2,2,0,322,276,735,584,1.76652,0,0
025040107410003168d2a000a00000e2,2,2,1,322,276,735,584,1.76652,0,0
025040107410003168d2a000a00000e2,2,2,2,322,276,735,584,1.76652,0,0
025040107410003168d2a000a00000e2,2,2,3,322,276,735,584,1.76652,1,0.000566084
025040107410003168d2a000a00000e2,2,2,4,322,276,735,584,1.76652,1,0.000566084
025040107410003168d2a000a00000e2,2,2,5,322,276,735,584,1.76652,0,0
025040107410003168d2a000a00000e2,2,2,6,322,276,735,584,1.76652,1,0.000566084
025040107410003168d2a000a00000e2,2,2,7,322,276,735,584,1.76652,0,0
025040107410003168d2a000a00000e2,2,2,8,322,276,735,584,1.76652,0,0
025040107410003168d2a000a00000e2,2,2,9,322,276,735,584,1.76652,2,0.00113217
025040107410003168d2a000a00000e2,2,2,10,322,276,735,584,1.76652,5,0.00283042
025040107410003168d2a000a00000e2,2,2,11,322,276,735,584,1.76652,4,0.00226434
025040107410003168d2a000a00000e2,2,2,12,322,276,735,584,1.76652,2,0.00113217
025040107410003168d2a000a00000e2,2,2,13,322,276,735,584,1.76652,1,0.000566084
025040107410003168d2a000a00000e2,2,2,14,322,276,735,584,1.76652,11,0.00622692
025040107410003168d2a000a00000e2,2,2,15,322,276,735,584,1.76652,1,0.000566084
025040107410003168d2a000a00000e2,2,2,16,322,276,735,584,1.76652,7,0.00396259
025040107410003168d2a000a00000e2,2,2,17,322,276,735,584,1.76652,1,0.000566084
025040107410003168d2a000a00000e2,2,2,18,322,276,735,584,1.76652,5,0.00283042
025040107410003168d2a000a00000e2,2,2,19,322,276,735,584,1.76652,1,0.000566084
025040107410003168d2a000a00000e2,2,2,20,322,276,735,584,1.76652,7,0.00396259
025040107410003168d2a000a00000e2,2,2,21,322,276,735,584,1.76652,5,0.00283042
025040107410003168d2a000a00000e2,2,2,22,322,276,735,584,1.76652,10,0.00566084
025040107410003168d2a000a00000e2,2,2,23,322,276,735,584,1.76652,12,0.00679301
025040107410003168d2a000a00000e2,2,2,24,322,276,735,584,1.76652,7,0.00396259
025040107410003168d2a000a00000e2,2,2,25,322,276,735,584,1.76652,1,0.000566084
025040107410003168d2a000a00000e2,2,2,26,322,276,735,584,1.76652,7,0.00396259
025040107410003168d2a000a00000e2,2,2,27,322,276,735,584,1.76652,7,0.00396259
025040107410003168d2a000a00000e2,2,2,28,322,276,735,584,1.76652,9,0.00509475
025040107410003168d2a000a00000e2,2,2,29,322,276,735,584,1.76652,7,0.00396259
025040107410003168d2a000a00000e2,2,2,30,322,276,735,584,1.76652,7,0.00396259
025040107410003168d2a000a00000e2,2,2,31,322,276,735,584,1.76652,13,0.00735909
025040107410003168d2a000a00000e2,2,2,32,322,276,735,584,1.76652,9,0.00509475
025040107410003168d2a000a00000e2,2,2,33,322,276,735,584,1.76652,5,0.00283042
025040107410003168d2a000a00000e2,2,2,34,322,276,735,584,1.76652,5,0.00283042
025040107410003168d2a000a00000e2,2,2,35,322,276,735,584,1.76652,7,0.00396259
025040107410003168d2a000a00000e2,2,2,36,322,276,735,584,1.76652,11,0.00622692
025040107410003168d2a000a00000e2,2,2,37,322,276,735,584,1.76652,6,0.0033965
025040107410003168d2a000a00000e2,2,2,38,322,276,735,584,1.76652,12,0.00679301
025040107410003168d2a000a00000e2,2,2,39,322,276,735,584,1.76652,10,0.00566084
025040107410003168d2a000a00000e2,2,2,40,322,276,735,584,1.76652,13,0.00735909
025040107410003168d2a000a00000e2,2,2,41,322,276,735,584,1.76652,4,0.00226434
025040107410003168d2a000a00000e2,2,2,42,322,276,735,584,1.76652,13,0.00735909
025040107410003168d2a000a00000e2,2,2,43,322,276,735,584,1.76652,7,0.00396259
025040107410003168d2a000a00000e2,2,2,44,322,276,735,584,1.76652,6,0.0033965
025040107410003168d2a000a00000e2,2,2,45,322,276,735,584,1.76652,1,0.000566084
025040107410003168d2a000a00000e2,2,2,46,322,276,735,584,1.76652,6,0.0033965
025040107410003168d2a000a00000e2,2,2,47,322,276,735,584,1.76652,0,0
025040107410003168d2a000a00000e2,2,2,48,322,276,735,584,1.76652,10,0.00566084
025040107410003168d2a000a00000e2,2,2,49,322,276,735,584,1.76652,1,0.000566084
025040107410003168d2a000a00000e2,2,2,50,322,276,735,584,1.76652,8,0.00452867
025040107410003168d2a000a00000e2,2,2,51,322,276,735,584,1.76652,1,0.000566084
025040107410003168d2a000a00000e2,2,2,52,322,276,735,584,1.76652,6,0.0033965
025040107410003168d2a000a00000e2,2,2,53,322,276,735,584,1.76652,1,0.000566084
025040107410003168d2a000a00000e2,2,2,54,322,276,735,584,1.76652,5,0.00283042
025040107410003168d2a000a00000e2,2,2,55,322,276,735,584,1.76652,1,0.000566084
025040107410003168d2a000a00000e2,2,2,56,322,276,735,584,1.76652,7,0.00396259
025040107410003168d2a000a00000e2,2,2,57,322,276,735,584,1.76652,0,0
025040107410003168d2a000a00000e2,2,2,58,322,276,735,584,1.76652,1,0.000566084
025040107410003168d2a000a00000e2,2,2,59,322,276,735,584,1.76652,0,0
025040107410003168d2a000a00000e2,2,2,60,322,276,735,584,1.76652,1,0.000566084
025040107410003168d2a000a00000e2,2,2,61,322,276,735,584,1.76652,0,0
025040107410003168d2a000a00000e2,2,2,62,322,276,735,584,1.76652,1,0.000566084
025040107410003168d2a000a00000e2,2,2,63,322,276,735,584,1.76652,0,0
025040107410003168d2a000a00000e2,2,2,0,322,276,736,585,1.29024,0,0
025040107410003168d2a000a00000e2,2,2,1,322,276,736,585,1.29024,0,0
025040107410003168d2a000a00000e2,2,2,2,322,276,736,585,1.29024,0,0
025040107410003168d2a000a00000e2,2,2,3,322,276,736,585,1.29024,0,0
025040107410003168d2a000a00000e2,2,2,4,322,276,736,585,1.29024,0,0
025040107410003168d2a000a00000e2,2,2,5,322,276,736,585,1.29024,0,0
025040107410003168d2a000a00000e2,2,2,6,322,276,736,585,1.29024,0,0
025040107410003168d2a000a00000e2,2,2,7,322,276,736,585,1.29024,0,0
025040107410003168d2a000a00000e2,2,2,8,322,276,736,585,1.29024,0,0
025040107410003168d2a000a00000e2,2,2,9,322,276,736,585,1.29024,0,0
025040107410003168d2a000a00000e2,2,2,10,322,276,736,585,1.29024,0,0
025040107410003168d2a000a00000e2,2,2,11,322,276,736,585,1.29024,0,0
025040107410003168d2a000a00000e2,2,2,12,322,276,736,585,1.29024,0,0
025040107410003168d2a000a00000e2,2,2,13,322,276,736,585,1.29024,0,0
025040107410003168d2a000a00000e2,2,2,14,322,276,736,585,1.29024,0,0
025040107410003168d2a000a00000e2,2,2,15,322,276,736,585,1.29024,0,0
025040107410003168d2a000a00000e2,2,2,16,322,276,736,585,1.29024,0,0
025040107410003168d2a000a00000e2,2,2,17,322,276,736,585,1.29024,0,0
025040107410003168d2a000a00000e2,2,2,18,322,276,736,585,1.29024,0,0
025040107410003168d2a000a00000e2,2,2,19,322,276,736,585,1.29024,0,0
025040107410003168d2a000a00000e2,2,2,20,322,276,736,585,1.29024,0,0
025040107410003168d2a000a00000e2,2,2,21,322,276,736,585,1.29024,0,0
025040107410003168d2a000a00000e2,2,2,22,322,276,736,585,1.29024,0,0
025040107410003168d2a000a00000e2,2,2,23,322,276,736,585,1.29024,0,0
025040107410003168d2a000a00000e2,2,2,24,322,276,736,585,1.29024,0,0
025040107410003168d2a000a00000e2,2,2,25,322,276,736,585,1.29024,0,0
025040107410003168d2a000a00000e2,2,2,26,322,276,736,585,1.29024,0,0
025040107410003168d2a000a00000e2,2,2,27,322,276,736,585,1.29024,0,0
025040107410003168d2a000a00000e2,2,2,28,322,276,736,585,1.29024,0,0
025040107410003168d2a000a00000e2,2,2,29,322,276,736,585,1.29024,0,0
025040107410003168d2a000a00000e2,2,2,30,322,276,736,585,1.29024,0,0
025040107410003168d2a000a00000e2,2,2,31,322,276,736,585,1.29024,0,0
025040107410003168d2a000a00000e2,2,2,32,322,276,736,585,1.29024,0,0
025040107410003168d2a000a00000e2,2,2,33,322,276,736,585,1.29024,0,0
025040107410003168d2a000a00000e2,2,2,34,322,276,736,585,1.29024,0,0
025040107410003168d2a000a00000e2,2,2,35,322,276,736,585,1.29024,0,0
025040107410003168d2a000a00000e2,2,2,36,322,276,736,585,1.29024,0,0
025040107410003168d2a000a00000e2,2,2,37,322,276,736,585,1.29024,0,0
025040107410003168d2a000a00000e2,2,2,38,322,276,736,585,1.29024,0,0
025040107410003168d2a000a00000e2,2,2,39,322,276,736,585,1.29024,0,0
025040107410003168d2a000a00000e2,2,2,40,322,276,736,585,1.29024,0,0
025040107410003168d2a000a00000e2,2,2,41,322,276,736,585,1.29024,0,0
025040107410003168d2a000a00000e2,2,2,42,322,276,736,585,1.29024,0,0
025040107410003168d2a000a00000e2,2,2,43,322,276,736,585,1.29024,0,0
025040107410003168d2a000a00000e2,2,2,44,322,276,736,585,1.29024,0,0
025040107410003168d2a000a00000e2,2,2,45,322,276,736,585,1.29024,0,0
025040107410003168d2a000a00000e2,2,2,46,322,276,736,585,1.29024,0,0
025040107410003168d2a000a00000e2,2,2,47,322,276,736,585,1.29024,0,0
025040107410003168d2a000a00000e2,2,2,48,322,276,736,585,1.29024,0,0
025040107410003168d2a000a00000e2,2,2,49,322,276,736,585,1.29024,0,0
025040107410003168d2a000a00000e2,2,2,50,322,276,736,585,1.29024,0,0
025040107410003168d2a000a00000e2,2,2,51,322,276,736,585,1.29024,0,0
025040107410003168d2a000a00000e2,2,2,52,322,276,736,585,1.29024,0,0
025040107410003168d2a000a00000e2,2,2,53,322,276,736,585,1.29024,0,0
025040107410003168d2a000a00000e2,2,2,54,322,276,736,585,1.29024,0,0
025040107410003168d2a000a00000e2,2,2,55,322,276,736,585,1.29024,0,0
025040107410003168d2a000a00000e2,2,2,56,322,276,736,585,1.29024,0,0
025040107410003168d2a000a00000e2,2,2,57,322,276,736,585,1.29024,0,0
025040107410003168d2a000a00000e2,2,2,58,322,276,736,585,1.29024,0,0
025040107410003168d2a000a00000e2,2,2,59,322,276,736,585,1.29024,0,0
025040107410003168d2a000a00000e2,2,2,60,322,276,736,585,1.29024,0,0
025040107410003168d2a000a00000e2,2,2,61,322,276,736,585,1.29024,0,0
025040107410003168d2a000a00000e2,2,2,62,322,276,736,585,1.29024,0,0
025040107410003168d2a000a00000e2,2,2,63,322,276,736,585,1.29024,0,0
025040107410003168d2a000a00000e2,2,2,0,322,276,737,586,1.45834,0,0
025040107410003168d2a000a00000e2,2,2,1,322,276,737,586,1.45834,0,0
025040107410003168d2a000a00000e2,2,2,2,322,276,737,586,1.45834,0,0
025040107410003168d2a000a00000e2,2,2,3,322,276,737,586,1.45834,1,0.000685711
025040107410003168d2a000a00000e2,2,2,4,322,276,737,586,1.45834,0,0
025040107410003168d2a000a00000e2,2,2,5,322,276,737,586,1.45834,0,0
025040107410003168d2a000a00000e2,2,2,6,322,276,737,586,1.45834,1,0.000685711
025040107410003168d2a000a00000e2,2,2,7,322,276,737,586,1.45834,0,0
025040107410003168d2a000a00000e2,2,2,8,322,276,737,586,1.45834,0,0
025040107410003168d2a000a00000e2,2,2,9,322,276,737,586,1.45834,1,0.000685711
025040107410003168d2a000a00000e2,2,2,10,322,276,737,586,1.45834,1,0.000685711
025040107410003168d2a000a00000e2,2,2,11,322,276,737,586,1.45834,1,0.000685711
025040107410003168d2a000a00000e2,2,2,12,322,276,737,586,1.45834,1,0.000685711
025040107410003168d2a000a00000e2,2,2,13,322,276,737,586,1.45834,1,0.000685711
025040107410003168d2a000a00000e2,2,2,14,322,276,737,586,1.45834,3,0.00205713
025040107410003168d2a000a00000e2,2,2,15,322,276,737,586,1.45834,1,0.000685711
025040107410003168d2a000a00000e2,2,2,16,322,276,737,586,1.45834,3,0.00205713
025040107410003168d2a000a00000e2,2,2,17,322,276,737,586,1.45834,1,0.000685711
025040107410003168d2a000a00000e2,2,2,18,322,276,737,586,1.45834,1,0.000685711
025040107410003168d2a000a00000e2,2,2,19,322,276,737,586,1.45834,1,0.000685711
025040107410003168d2a000a00000e2,2,2,20,322,276,737,586,1.45834,3,0.00205713
025040107410003168d2a000a00000e2,2,2,21,322,276,737,586,1.45834,1,0.000685711
025040107410003168d2a000a00000e2,2,2,22,322,276,737,586,1.45834,3,0.00205713
025040107410003168d2a000a00000e2,2,2,23,322,276,737,586,1.45834,4,0.00274284
025040107410003168d2a000a00000e2,2,2,24,322,276,737,586,1.45834,3,0.00205713
025040107410003168d2a000a00000e2,2,2,25,322,276,737,586,1.45834,0,0
025040107410003168d2a000a00000e2,2,2,26,322,276,737,586,1.45834,3,0.00205713
025040107410003168d2a000a00000e2,2,2,27,322,276,737,586,1.45834,3,0.00205713
025040107410003168d2a000a00000e2,2,2,28,322,276,737,586,1.45834,3,0.00205713
025040107410003168d2a000a00000e2,2,2,29,322,276,737,586,1.45834,3,0.00205713
025040107410003168d2a000a00000e2,2,2,30,322,276,737,586,1.45834,3,0.00205713
025040107410003168d2a000a00000e2,2,2,31,322,276,737,586,1.45834,5,0.00342856
025040107410003168d2a000a00000e2,2,2,32,322,276,737,586,1.45834,4,0.00274284
025040107410003168d2a000a00000e2,2,2,33,322,276,737,586,1.45834,2,0.00137142
025040107410003168d2a000a00000e2,2,2,34,322,276,737,586,1.45834,2,0.00137142
025040107410003168d2a000a00000e2,2,2,35,322,276,737,586,1.45834,3,0.00205713
025040107410003168d2a000a00000e2,2,2,36,322,276,737,586,1.45834,5,0.00342856
025040107410003168d2a000a00000e2,2,2,37,322,276,737,586,1.45834,2,0.00137142
025040107410003168d2a000a00000e2,2,2,38,322,276,737,586,1.45834,5,0.00342856
025040107410003168d2a000a00000e2,2,2,39,322,276,737,586,1.45834,4,0.00274284
025040107410003168d2a000a00000e2,2,2,40,322,276,737,586,1.45834,5,0.00342856
025040107410003168d2a000a00000e2,2,2,41,322,276,737,586,1.45834,1,0.000685711
025040107410003168d2a000a00000e2,2,2,42,322,276,737,586,1.45834,5,0.00342856
025040107410003168d2a000a00000e2,2,2,43,322,276,737,586,1.45834,3,0.00205713
025040107410003168d2a000a00000e2,2,2,44,322,276,737,586,1.45834,2,0.00137142
025040107410003168d2a000a00000e2,2,2,45,322,276,737,586,1.45834,0,0
025040107410003168d2a000a00000e2,2,2,46,322,276,737,586,1.45834,2,0.00137142
025040107410003168d2a000a00000e2,2,2,47,322,276,737,586,1.45834,0,0
025040107410003168d2a000a00000e2,2,2,48,322,276,737,586,1.45834,4,0.00274284
025040107410003168d2a000a00000e2,2,2,49,322,276,737,586,1.45834,0,0
025040107410003168d2a000a00000e2,2,2,50,322,276,737,586,1.45834,3,0.00205713
025040107410003168d2a000a00000e2,2,2,51,322,276,737,586,1.45834,1,0.000685711
025040107410003168d2a000a00000e2,2,2,52,322,276,737,586,1.45834,2,0.00137142
025040107410003168d2a000a00000e2,2,2,53,322,276,737,586,1.45834,0,0
025040107410003168d2a000a00000e2,2,2,54,322,276,737,586,1.45834,1,0.000685711
025040107410003168d2a000a00000e2,2,2,55,322,276,737,586,1.45834,1,0.000685711
025040107410003168d2a000a00000e2,2,2,56,322,276,737,586,1.45834,4,0.00274284
025040107410003168d2a000a00000e2,2,2,57,322,276,737,586,1.45834,0,0
025040107410003168d2a000a00000e2,2,2,58,322,276,737,586,1.45834,1,0.000685711
025040107410003168d2a000a00000e2,2,2,59,322,276,737,586,1.45834,0,0
025040107410003168d2a000a00000e2,2,2,60,322,276,737,586,1.45834,1,0.000685711
025040107410003168d2a000a00000e2,2,2,61,322,276,737,586,1.45834,0,0
025040107410003168d2a000a00000e2,2,2,62,322,276,737,586,1.45834,1,0.000685711
025040107410003168d2a000a00000e2,2,2,63,322,276,737,586,1.45834,0,0
025040107410003168d2a000a00000e2,2,2,0,322,276,738,587,1.37134,0,0
025040107410003168d2a000a00000e2,2,2,1,322,276,738,587,1.37134,0,0
025040107410003168d2a000a00000e2,2,2,2,322,276,738,587,1.37134,0,0
025040107410003168d2a000a00000e2,2,2,3,322,276,738,587,1.37134,1,0.000729213
025040107410003168d2a000a00000e2,2,2,4,322,276,738,587,1.37134,0,0
025040107410003168d2a000a00000e2,2,2,5,322,276,738,587,1.37134,0,0
025040107410003168d2a000a00000e2,2,2,6,322,276,738,587,1.37134,1,0.000729213
025040107410003168d2a000a00000e2,2,2,7,322,276,738,587,1.37134,0,0
025040107410003168d2a000a00000e2,2,2,8,322,276,738,587,1.37134,0,0
025040107410003168d2a000a00000e2,2,2,9,322,276,738,587,1.37134,1,0.000729213
025040107410003168d2a000a00000e2,2,2,10,322,276,738,587,1.37134,3,0.00218764
025040107410003168d2a000a00000e2,2,2,11,322,276,738,587,1.37134,1,0.000729213
025040107410003168d2a000a00000e2,2,2,12,322,276,738,587,1.37134,1,0.000729213
025040107410003168d2a000a00000e2,2,2,13,322,276,738,587,1.37134,1,0.000729213
025040107410003168d2a000a00000e2,2,2,14,322,276,738,587,1.37134,9,0.00656292
025040107410003168d2a000a00000e2,2,2,15,322,276,738,587,1.37134,1,0.000729213
025040107410003168d2a000a00000e2,2,2,16,322,276,738,587,1.37134,6,0.00437528
025040107410003168d2a000a00000e2,2,2,17,322,276,738,587,1.37134,1,0.000729213
025040107410003168d2a000a00000e2,2,2,18,322,276,738,587,1.37134,2,0.00145843
025040107410003168d2a000a00000e2,2,2,19,322,276,738,587,1.37134,1,0.000729213
025040107410003168d2a000a00000e2,2,2,20,322,276,738,587,1.37134,8,0.00583371
025040107410003168d2a000a00000e2,2,2,21,322,276,738,587,1.37134,3,0.00218764
025040107410003168d2a000a00000e2,2,2,22,322,276,738,587,1.37134,8,0.00583371
025040107410003168d2a000a00000e2,2,2,23,322,276,738,587,1.37134,9,0.00656292
025040107410003168d2a000a00000e2,2,2,24,322,276,738,587,1.37134,6,0.00437528
025040107410003168d2a000a00000e2,2,2,25,322,276,738,587,1.37134,0,0
025040107410003168d2a000a00000e2,2,2,26,322,276,738,587,1.37134,6,0.00437528
025040107410003168d2a000a00000e2,2,2,27,322,276,738,587,1.37134,6,0.00437528
025040107410003168d2a000a00000e2,2,2,28,322,276,738,587,1.37134,7,0.00510449
025040107410003168d2a000a00000e2,2,2,29,322,276,738,587,1.37134,7,0.00510449
025040107410003168d2a000a00000e2,2,2,30,322,276,738,587,1.37134,7,0.00510449
025040107410003168d2a000a00000e2,2,2,31,322,276,738,587,1.37134,8,0.00583371
025040107410003168d2a000a00000e2,2,2,32,322,276,738,587,1.37134,8,0.00583371
025040107410003168d2a000a00000e2,2,2,33,322,276,738,587,1.37134,3,0.00218764
025040107410003168d2a000a00000e2,2,2,34,322,276,738,587,1.37134,4,0.00291685
025040107410003168d2a000a00000e2,2,2,35,322,276,738,587,1.37134,5,0.00364607
025040107410003168d2a000a00000e2,2,2,36,322,276,738,587,1.37134,8,0.00583371
025040107410003168d2a000a00000e2,2,2,37,322,276,738,587,1.37134,3,0.00218764
025040107410003168d2a000a00000e2,2,2,38,322,276,738,587,1.37134,8,0.00583371
025040107410003168d2a000a00000e2,2,2,39,322,276,738,587,1.37134,8,0.00583371
025040107410003168d2a000a00000e2,2,2,40,322,276,738,587,1.37134,10,0.00729213
025040107410003168d2a000a00000e2,2,2,41,322,276,738,587,1.37134,1,0.000729213
025040107410003168d2a000a00000e2,2,2,42,322,276,738,587,1.37134,9,0.00656292
025040107410003168d2a000a00000e2,2,2,43,322,276,738,587,1.37134,4,0.00291685
025040107410003168d2a000a00000e2,2,2,44,322,276,738,587,1.37134,4,0.00291685
025040107410003168d2a000a00000e2,2,2,45,322,276,738,587,1.37134,0,0
025040107410003168d2a000a00000e2,2,2,46,322,276,738,587,1.37134,5,0.00364607
025040107410003168d2a000a00000e2,2,2,47,322,276,738,587,1.37134,0,0
025040107410003168d2a000a00000e2,2,2,48,322,276,738,587,1.37134,8,0.00583371
025040107410003168d2a000a00000e2,2,2,49,322,276,738,587,1.37134,0,0
025040107410003168d2a000a00000e2,2,2,50,322,276,738,587,1.37134,7,0.00510449
025040107410003168d2a000a00000e2,2,2,51,322,276,738,587,1.37134,0,0
025040107410003168d2a000a00000e2,2,2,52,322,276,738,587,1.37134,4,0.00291685
025040107410003168d2a000a00000e2,2,2,53,322,276,738,587,1.37134,0,0
025040107410003168d2a000a00000e2,2,2,54,322,276,738,587,1.37134,2,0.00145843
025040107410003168d2a000a00000e2,2,2,55,322,276,738,587,1.37134,1,0.000729213
025040107410003168d2a000a00000e2,2,2,56,322,276,738,587,1.37134,6,0.00437528
025040107410003168d2a000a00000e2,2,2,57,322,276,738,587,1.37134,0,0
025040107410003168d2a000a00000e2,2,2,58,322,276,738,587,1.37134,1,0.000729213
025040107410003168d2a000a00000e2,2,2,59,322,276,738,587,1.37134,0,0
025040107410003168d2a000a00000e2,2,2,60,322,276,738,587,1.37134,0,0
025040107410003168d2a000a00000e2,2,2,61,322,276,738,587,1.37134,0,0
025040107410003168d2a000a00000e2,2,2,62,322,276,738,587,1.37134,0,0
025040107410003168d2a000a00000e2,2,2,63,322,276,738,587,1.37134,0,0
025040107410003168d2a000a00000e2,2,2,0,322,276,739,588,1.333,0,0
025040107410003168d2a000a00000e2,2,2,1,322,276,739,588,1.333,0,0
025040107410003168d2a000a00000e2,2,2,2,322,276,739,588,1.333,0,0
025040107410003168d2a000a00000e2,2,2,3,322,276,739,588,1.333,0,0
025040107410003168d2a000a00000e2,2,2,4,322,276,739,588,1.333,0,0
025040107410003168d2a000a00000e2,2,2,5,322,276,739,588,1.333,0,0
025040107410003168d2a000a00000e2,2,2,6,322,276,739,588,1.333,0,0
025040107410003168d2a000a00000e2,2,2,7,322,276,739,588,1.333,0,0
025040107410003168d2a000a00000e2,2,2,8,322,276,739,588,1.333,0,0
025040107410003168d2a000a00000e2,2,2,9,322,276,739,588,1.333,0,0
025040107410003168d2a000a00000e2,2,2,10,322,276,739,588,1.333,0,0
025040107410003168d2a000a00000e2,2,2,11,322,276,739,588,1.333,0,0
025040107410003168d2a000a00000e2,2,2,12,322,276,739,588,1.333,0,0
025040107410003168d2a000a00000e2,2,2,13,322,276,739,588,1.333,0,0
025040107410003168d2a000a00000e2,2,2,14,322,276,739,588,1.333,0,0
025040107410003168d2a000a00000e2,2,2,15,322,276,739,588,1.333,0,0
025040107410003168d2a000a00000e2,2,2,16,322,276,739,588,1.333,0,0
025040107410003168d2a000a00000e2,2,2,17,322,276,739,588,1.333,0,0
025040107410003168d2a000a00000e2,2,2,18,322,276,739,588,1.333,0,0
025040107410003168d2a000a00000e2,2,2,19,322,276,739,588,1.333,0,0
025040107410003168d2a000a00000e2,2,2,20,322,276,739,588,1.333,0,0
025040107410003168d2a000a00000e2,2,2,21,322,276,739,588,1.333,0,0
025040107410003168d2a000a00000e2,2,2,22,322,276,739,588,1.333,0,0
025040107410003168d2a000a00000e2,2,2,23,322,276,739,588,1.333,0,0
025040107410003168d2a000a00000e2,2,2,24,322,276,739,588,1.333,0,0
025040107410003168d2a000a00000e2,2,2,25,322,276,739,588,1.333,0,0
025040107410003168d2a000a00000e2,2,2,26,322,276,739,588,1.333,0,0
025040107410003168d2a000a00000e2,2,2,27,322,276,739,588,1.333,0,0
025040107410003168d2a000a00000e2,2,2,28,322,276,739,588,1.333,0,0
025040107410003168d2a000a00000e2,2,2,29,322,276,739,588,1.333,0,0
025040107410003168d2a000a00000e2,2,2,30,322,276,739,588,1.333,0,0
025040107410003168d2a000a00000e2,2,2,31,322,276,739,588,1.333,0,0
025040107410003168d2a000a00000e2,2,2,32,322,276,739,588,1.333,0,0
025040107410003168d2a000a00000e2,2,2,33,322,276,739,588,1.333,0,0
025040107410003168d2a000a00000e2,2,2,34,322,276,739,588,1.333,0,0
025040107410003168d2a000a00000e2,2,2,35,322,276,739,588,1.333,0,0
025040107410003168d2a000a00000e2,2,2,36,322,276,739,588,1.333,0,0
025040107410003168d2a000a00000e2,2,2,37,322,276,739,588,1.333,0,0
025040107410003168d2a000a00000e2,2,2,38,322,276,739,588,1.333,0,0
025040107410003168d2a000a00000e2,2,2,39,322,276,739,588,1.333,0,0
025040107410003168d2a000a00000e2,2,2,40,322,276,739,588,1.333,0,0
025040107410003168d2a000a00000e2,2,2,41,322,276,739,588,1.333,0,0
025040107410003168d2a000a00000e2,2,2,42,322,276,739,588,1.333,0,0
025040107410003168d2a000a00000e2,2,2,43,322,276,739,588,1.333,0,0
025040107410003168d2a000a00000e2,2,2,44,322,276,739,588,1.333,0,0
025040107410003168d2a000a00000e2,2,2,45,322,276,739,588,1.333,0,0
025040107410003168d2a000a00000e2,2,2,46,322,276,739,588,1.333,0,0
025040107410003168d2a000a00000e2,2,2,47,322,276,739,588,1.333,0,0
025040107410003168d2a000a00000e2,2,2,48,322,276,739,588,1.333,0,0
025040107410003168d2a000a00000e2,2,2,49,322,276,739,588,1.333,0,0
025040107410003168d2a000a00000e2,2,2,50,322,276,739,588,1.333,0,0
025040107410003168d2a000a00000e2,2,2,51,322,276,739,588,1.333,0,0
025040107410003168d2a000a00000e2,2,2,52,322,276,739,588,1.333,0,0
025040107410003168d2a000a00000e2,2,2,53,322,276,739,588,1.333,0,0
025040107410003168d2a000a00000e2,2,2,54,322,276,739,588,1.333,0,0
025040107410003168d2a000a00000e2,2,2,55,322,276,739,588,1.333,0,0
025040107410003168d2a000a00000e2,2,2,56,322,276,739,588,1.333,0,0
025040107410003168d2a000a00000e2,2,2,57,322,276,739,588,1.333,0,0
025040107410003168d2a000a00000e2,2,2,58,322,276,739,588,1.333,0,0
025040107410003168d2a000a00000e2,2,2,59,322,276,739,588,1.333,0,0
025040107410003168d2a000a00000e2,2,2,60,322,276,739,588,1.333,0,0
025040107410003168d2a000a00000e2,2,2,61,322,276,739,588,1.333,0,0
025040107410003168d2a000a00000e2,2,2,62,322,276,739,588,1.333,0,0
025040107410003168d2a000a00000e2,2,2,63,322,276,739,588,1.333,0,0
025040107410003168d2a000a00000e2,2,2,0,322,276,740,588,1.88301,0,0
025040107410003168d2a000a00000e2,2,2,1,322,276,740,588,1.88301,0,0
025040107410003168d2a000a00000e2,2,2,2,322,276,740,588,1.88301,0,0
025040107410003168d2a000a00000e2,2,2,3,322,276,740,588,1.88301,0,0
025040107410003168d2a000a00000e2,2,2,4,322,276,740,588,1.88301,0,0
025040107410003168d2a000a00000e2,2,2,5,322,276,740,588,1.88301,0,0
025040107410003168d2a000a00000e2,2,2,6,322,276,740,588,1.88301,0,0
025040107410003168d2a000a00000e2,2,2,7,322,276,740,588,1.88301,0,0
025040107410003168d2a000a00000e2,2,2,8,322,276,740,588,1.88301,0,0
025040107410003168d2a000a00000e2,2,2,9,322,276,740,588,1.88301,0,0
025040107410003168d2a000a00000e2,2,2,10,322,276,740,588,1.88301,1,0.000531064
025040107410003168d2a000a00000e2,2,2,11,322,276,740,588,1.88301,0,0
025040107410003168d2a000a00000e2,2,2,12,322,276,740,588,1.88301,0,0
025040107410003168d2a000a00000e2,2,2,13,322,276,740,588,1.88301,0,0
025040107410003168d2a000a00000e2,2,2,14,322,276,740,588,1.88301,7,0.00371745
025040107410003168d2a000a00000e2,2,2,15,322,276,740,588,1.88301,0,0
025040107410003168d2a000a00000e2,2,2,16,322,276,740,588,1.88301,5,0.00265532
025040107410003168d2a000a00000e2,2,2,17,322,276,740,588,1.88301,0,0
025040107410003168d2a000a00000e2,2,2,18,322,276,740,588,1.88301,1,0.000531064
025040107410003168d2a000a00000e2,2,2,19,322,276,740,588,1.88301,0,0
025040107410003168d2a000a00000e2,2,2,20,322,276,740,588,1.88301,5,0.00265532
025040107410003168d2a000a00000e2,2,2,21,322,276,740,588,1.88301,2,0.00106213
025040107410003168d2a000a00000e2,2,2,22,322,276,740,588,1.88301,7,0.00371745
025040107410003168d2a000a00000e2,2,2,23,322,276,740,588,1.88301,8,0.00424851
025040107410003168d2a000a00000e2,2,2,24,322,276,740,588,1.88301,3,0.00159319
025040107410003168d2a000a00000e2,2,2,25,322,276,740,588,1.88301,0,0
025040107410003168d2a000a00000e2,2,2,26,322,276,740,588,1.88301,4,0.00212425
025040107410003168d2a000a00000e2,2,2,27,322,276,740,588,1.88301,3,0.00159319
025040107410003168d2a000a00000e2,2,2,28,322,276,740,588,1.88301,6,0.00318638
025040107410003168d2a000a00000e2,2,2,29,322,276,740,588,1.88301,5,0.00265532
025040107410003168d2a000a00000e2,2,2,30,322,276,740,588,1.88301,5,0.00265532
025040107410003168d2a000a00000e2,2,2,31,322,276,740,588,1.88301,11,0.0058417
025040107410003168d2a000a00000e2,2,2,32,322,276,740,588,1.88301,8,0.00424851
025040107410003168d2a000a00000e2,2,2,33,322,276,740,588,1.88301,2,0.00106213
025040107410003168d2a000a00000e2,2,2,34,322,276,740,588,1.88301,2,0.00106213
025040107410003168d2a000a00000e2,2,2,35,322,276,740,588,1.88301,5,0.00265532
025040107410003168d2a000a00000e2,2,2,36,322,276,740,588,1.88301,10,0.00531064
025040107410003168d2a000a00000e2,2,2,37,322,276,740,588,1.88301,2,0.00106213
025040107410003168d2a000a00000e2,2,2,38,322,276,740,588,1.88301,11,0.0058417
025040107410003168d2a000a00000e2,2,2,39,322,276,740,588,1.88301,7,0.00371745
025040107410003168d2a000a00000e2,2,2,40,322,276,740,588,1.88301,13,0.00690383
025040107410003168d2a000a00000e2,2,2,41,322,276,740,588,1.88301,0,0
025040107410003168d2a000a00000e2,2,2,42,322,276,740,588,1.88301,10,0.00531064
025040107410003168d2a000a00000e2,2,2,43,322,276,740,588,1.88301,3,0.00159319
025040107410003168d2a000a00000e2,2,2,44,322,276,740,588,1.88301,2,0.00106213
025040107410003168d2a000a00000e2,2,2,45,322,276,740,588,1.88301,0,0
025040107410003168d2a000a00000e2,2,2,46,322,276,740,588,1.88301,3,0.00159319
025040107410003168d2a000a00000e2,2,2,47,322,276,740,588,1.88301,0,0
025040107410003168d2a000a00000e2,2,2,48,322,276,740,588,1.88301,7,0.00371745
025040107410003168d2a000a00000e2,2,2,49,322,276,740,588,1.88301,0,0
025040107410003168d2a000a00000e2,2,2,50,322,276,740,588,1.88301,5,0.00265532
025040107410003168d2a000a00000e2,2,2,51,322,276,740,588,1.88301,0,0
025040107410003168d2a000a00000e2,2,2,52,322,276,740,588,1.88301,3,0.00159319
025040107410003168d2a000a00000e2,2,2,53,322,276,740,588,1.88301,0,0
025040107410003168d2a000a00000e2,2,2,54,322,276,740,588,1.88301,1,0.000531064
025040107410003168d2a000a00000e2,2,2,55,322,276,740,588,1.88301,0,0
025040107410003168d2a000a00000e2,2,2,56,322,276,740,588,1.88301,5,0.00265532
025040107410003168d2a000a00000e2,2,2,57,322,276,740,588,1.88301,0,0
025040107410003168d2a000a00000e2,2,2,58,322,276,740,588,1.88301,0,0
025040107410003168d2a000a00000e2,2,2,59,322,276,740,588,1.88301,0,0
025040107410003168d2a000a00000e2,2,2,60,322,276,740,588,1.88301,0,0
025040107410003168d2a000a00000e2,2,2,61,322,276,740,588,1.88301,0,0
025040107410003168d2a000a00000e2,2,2,62,322,276,740,588,1.88301,0,0
025040107410003168d2a000a00000e2,2,2,63,322,276,740,588,1.88301,0,0
025040107410003168d2a000a00000e2,2,2,0,322,276,741,589,1.39051,0,0
025040107410003168d2a000a00000e2,2,2,1,322,276,741,589,1.39051,0,0
025040107410003168d2a000a00000e2,2,2,2,322,276,741,589,1.39051,0,0
025040107410003168d2a000a00000e2,2,2,3,322,276,741,589,1.39051,0,0
025040107410003168d2a000a00000e2,2,2,4,322,276,741,589,1.39051,0,0
025040107410003168d2a000a00000e2,2,2,5,322,276,741,589,1.39051,0,0
025040107410003168d2a000a00000e2,2,2,6,322,276,741,589,1.39051,0,0
025040107410003168d2a000a00000e2,2,2,7,322,276,741,589,1.39051,0,0
025040107410003168d2a000a00000e2,2,2,8,322,276,741,589,1.39051,0,0
025040107410003168d2a000a00000e2,2,2,9,322,276,741,589,1.39051,0,0
025040107410003168d2a000a00000e2,2,2,10,322,276,741,589,1.39051,0,0
025040107410003168d2a000a00000e2,2,2,11,322,276,741,589,1.39051,0,0
025040107410003168d2a000a00000e2,2,2,12,322,276,741,589,1.39051,0,0
025040107410003168d2a000a00000e2,2,2,13,322,276,741,589,1.39051,0,0
025040107410003168d2a000a00000e2,2,2,14,322,276,741,589,1.39051,0,0
025040107410003168d2a000a00000e2,2,2,15,322,276,741,589,1.39051,0,0
025040107410003168d2a000a00000e2,2,2,16,322,276,741,589,1.39051,0,0
025040107410003168d2a000a00000e2,2,2,17,322,276,741,589,1.39051,0,0
025040107410003168d2a000a00000e2,2,2,18,322,276,741,589,1.39051,0,0
025040107410003168d2a000a00000e2,2,2,19,322,276,741,589,1.39051,0,0
025040107410003168d2a000a00000e2,2,2,20,322,276,741,589,1.39051,0,0
025040107410003168d2a000a00000e2,2,2,21,322,276,741,589,1.39051,0,0
025040107410003168d2a000a00000e2,2,2,22,322,276,741,589,1.39051,0,0
025040107410003168d2a000a00000e2,2,2,23,322,276,741,589,1.39051,0,0
025040107410003168d2a000a00000e2,2,2,24,322,276,741,589,1.39051,0,0
025040107410003168d2a000a00000e2,2,2,25,322,276,741,589,1.39051,0,0
025040107410003168d2a000a00000e2,2,2,26,322,276,741,589,1.39051,0,0
025040107410003168d2a000a00000e2,2,2,27,322,276,741,589,1.39051,0,0
025040107410003168d2a000a00000e2,2,2,28,322,276,741,589,1.39051,0,0
025040107410003168d2a000a00000e2,2,2,29,322,276,741,589,1.39051,0,0
025040107410003168d2a000a00000e2,2,2,30,322,276,741,589,1.39051,0,0
025040107410003168d2a000a00000e2,2,2,31,322,276,741,589,1.39051,0,0
025040107410003168d2a000a00000e2,2,2,32,322,276,741,589,1.39051,0,0
025040107410003168d2a000a00000e2,2,2,33,322,276,741,589,1.39051,0,0
025040107410003168d2a000a00000e2,2,2,34,322,276,741,589,1.39051,0,0
025040107410003168d2a000a00000e2,2,2,35,322,276,741,589,1.39051,0,0
025040107410003168d2a000a00000e2,2,2,36,322,276,741,589,1.39051,0,0
025040107410003168d2a000a00000e2,2,2,37,322,276,741,589,1.39051,0,0
025040107410003168d2a000a00000e2,2,2,38,322,276,741,589,1.39051,0,0
025040107410003168d2a000a00000e2,2,2,39,322,276,741,589,1.39051,0,0
025040107410003168d2a000a00000e2,2,2,40,322,276,741,589,1.39051,0,0
025040107410003168d2a000a00000e2,2,2,41,322,276,741,589,1.39051,0,0
025040107410003168d2a000a00000e2,2,2,42,322,276,741,589,1.39051,0,0
025040107410003168d2a000a00000e2,2,2,43,322,276,741,589,1.39051,0,0
025040107410003168d2a000a00000e2,2,2,44,322,276,741,589,1.39051,0,0
025040107410003168d2a000a00000e2,2,2,45,322,276,741,589,1.39051,0,0
025040107410003168d2a000a00000e2,2,2,46,322,276,741,589,1.39051,0,0
025040107410003168d2a000a00000e2,2,2,47,322,276,741,589,1.39051,0,0
025040107410003168d2a000a00000e2,2,2,48,322,276,741,589,1.39051,0,0
025040107410003168d2a000a00000e2,2,2,49,322,276,741,589,1.39051,0,0
025040107410003168d2a000a00000e2,2,2,50,322,276,741,589,1.39051,0,0
025040107410003168d2a000a00000e2,2,2,51,322,276,741,589,1.39051,0,0
025040107410003168d2a000a00000e2,2,2,52,322,276,741,589,1.39051,0,0
025040107410003168d2a000a00000e2,2,2,53,322,276,741,589,1.39051,0,0
025040107410003168d2a000a00000e2,2,2,54,322,276,741,589,1.39051,0,0
025040107410003168d2a000a00000e2,2,2,55,322,276,741,589,1.39051,0,0
025040107410003168d2a000a00000e2,2,2,56,322,276,741,589,1.39051,0,0
025040107410003168d2a000a00000e2,2,2,57,322,276,741,589,1.39051,0,0
025040107410003168d2a000a00000e2,2,2,58,322,276,741,589,1.39051,0,0
025040107410003168d2a000a00000e2,2,2,59,322,276,741,589,1.39051,0,0
025040107410003168d2a000a00000e2,2,2,60,322,276,741,589,1.39051,0,0
025040107410003168d2a000a00000e2,2,2,61,322,276,741,589,1.39051,0,0
025040107410003168d2a000a00000e2,2,2,62,322,276,741,589,1.39051,0,0
025040107410003168d2a000a00000e2,2,2,63,322,276,741,589,1.39051,0,0
025040107410003168d2a000a00000e2,2,2,0,322,276,742,590,1.50258,0,0
025040107410003168d2a000a00000e2,2,2,1,322,276,742,590,1.50258,0,0
025040107410003168d2a000a00000e2,2,2,2,322,276,742,590,1.50258,0,0
025040107410003168d2a000a00000e2,2,2,3,322,276,742,590,1.50258,0,0
025040107410003168d2a000a00000e2,2,2,4,322,276,742,590,1.50258,0,0
025040107410003168d2a000a00000e2,2,2,5,322,276,742,590,1.50258,0,0
025040107410003168d2a000a00000e2,2,2,6,322,276,742,590,1.50258,0,0
025040107410003168d2a000a00000e2,2,2,7,322,276,742,590,1.50258,0,0
025040107410003168d2a000a00000e2,2,2,8,322,276,742,590,1.50258,0,0
025040107410003168d2a000a00000e2,2,2,9,322,276,742,590,1.50258,0,0
025040107410003168d2a000a00000e2,2,2,10,322,276,742,590,1.50258,0,0
025040107410003168d2a000a00000e2,2,2,11,322,276,742,590,1.50258,0,0
025040107410003168d2a000a00000e2,2,2,12,322,276,742,590,1.50258,0,0
025040107410003168d2a000a00000e2,2,2,13,322,276,742,590,1.50258,0,0
025040107410003168d2a000a00000e2,2,2,14,322,276,742,590,1.50258,0,0
025040107410003168d2a000a00000e2,2,2,15,322,276,742,590,1.50258,0,0
025040107410003168d2a000a00000e2,2,2,16,322,276,742,590,1.50258,0,0
025040107410003168d2a000a00000e2,2,2,17,322,276,742,590,1.50258,0,0
025040107410003168d2a000a00000e2,2,2,18,322,276,742,590,1.50258,0,0
025040107410003168d2a000a00000e2,2,2,19,322,276,742,590,1.50258,0,0
025040107410003168d2a000a00000e2,2,2,20,322,276,742,590,1.50258,0,0
025040107410003168d2a000a00000e2,2,2,21,322,276,742,590,1.50258,0,0
025040107410003168d2a000a00000e2,2,2,22,322,276,742,590,1.50258,0,0
025040107410003168d2a000a00000e2,2,2,23,322,276,742,590,1.50258,0,0
025040107410003168d2a000a00000e2,2,2,24,322,276,742,590,1.50258,0,0
025040107410003168d2a000a00000e2,2,2,25,322,276,742,590,1.50258,0,0
025040107410003168d2a000a00000e2,2,2,26,322,276,742,590,1.50258,0,0
025040107410003168d2a000a00000e2,2,2,27,322,276,742,590,1.50258,0,0
025040107410003168d2a000a00000e2,2,2,28,322,276,742,590,1.50258,0,0
025040107410003168d2a000a00000e2,2,2,29,322,276,742,590,1.50258,0,0
025040107410003168d2a000a00000e2,2,2,30,322,276,742,590,1.50258,0,0
025040107410003168d2a000a00000e2,2,2,31,322,276,742,590,1.50258,0,0
025040107410003168d2a000a00000e2,2,2,32,322,276,742,590,1.50258,0,0
025040107410003168d2a000a00000e2,2,2,33,322,276,742,590,1.50258,0,0
025040107410003168d2a000a00000e2,2,2,34,322,276,742,590,1.50258,0,0
025040107410003168d2a000a00000e2,2,2,35,322,276,742,590,1.50258,0,0
025040107410003168d2a000a00000e2,2,2,36,322,276,742,590,1.50258,0,0
025040107410003168d2a000a00000e2,2,2,37,322,276,742,590,1.50258,0,0
025040107410003168d2a000a00000e2,2,2,38,322,276,742,590,1.50258,0,0
025040107410003168d2a000a00000e2,2,2,39,322,276,742,590,1.50258,0,0
025040107410003168d2a000a00000e2,2,2,40,322,276,742,590,1.50258,0,0
025040107410003168d2a000a00000e2,2,2,41,322,276,742,590,1.50258,0,0
025040107410003168d2a000a00000e2,2,2,42,322,276,742,590,1.50258,0,0
025040107410003168d2a000a00000e2,2,2,43,322,276,742,590,1.50258,0,0
025040107410003168d2a000a00000e2,2,2,44,322,276,742,590,1.50258,0,0
025040107410003168d2a000a00000e2,2,2,45,322,276,742,590,1.50258,0,0
025040107410003168d2a000a00000e2,2,2,46,322,276,742,590,1.50258,0,0
025040107410003168d2a000a00000e2,2,2,47,322,276,742,590,1.50258,0,0
025040107410003168d2a000a00000e2,2,2,48,322,276,742,590,1.50258,0,0
025040107410003168d2a000a00000e2,2,2,49,322,276,742,590,1.50258,0,0
025040107410003168d2a000a00000e2,2,2,50,322,276,742,590,1.50258,0,0
025040107410003168d2a000a00000e2,2,2,51,322,276,742,590,1.50258,0,0
025040107410003168d2a000a00000e2,2,2,52,322,276,742,590,1.50258,0,0
025040107410003168d2a000a00000e2,2,2,53,322,276,742,590,1.50258,0,0
025040107410003168d2a000a00000e2,2,2,54,322,276,742,590,1.50258,0,0
025040107410003168d2a000a00000e2,2,2,55,322,276,742,590,1.50258,0,0
025040107410003168d2a000a00000e2,2,2,56,322,276,742,590,1.50258,0,0
025040107410003168d2a000a00000e2,2,2,57,322,276,742,590,1.50258,0,0
025040107410003168d2a000a00000e2,2,2,58,322,276,742,590,1.50258,0,0
025040107410003168d2a000a00000e2,2,2,59,322,276,742,590,1.50258,0,0
025040107410003168d2a000a00000e2,2,2,60,322,276,742,590,1.50258,0,0
025040107410003168d2a000a00000e2,2,2,61,322,276,742,590,1.50258,0,0
025040107410003168d2a000a00000e2,2,2,62,322,276,742,590,1.50258,0,0
025040107410003168d2a000a00000e2,2,2,63,322,276,742,590,1.50258,0,0
025040107410003168d2a000a00000e2,2,2,0,322,276,743,591,1.41115,0,0
025040107410003168d2a000a00000e2,2,2,1,322,276,743,591,1.41115,0,0
025040107410003168d2a000a00000e2,2,2,2,322,276,743,591,1.41115,0,0
025040107410003168d2a000a00000e2,2,2,3,322,276,743,591,1.41115,0,0
025040107410003168d2a000a00000e2,2,2,4,322,276,743,591,1.41115,0,0
025040107410003168d2a000a00000e2,2,2,5,322,276,743,591,1.41115,0,0
025040107410003168d2a000a00000e2,2,2,6,322,276,743,591,1.41115,0,0
025040107410003168d2a000a00000e2,2,2,7,322,276,743,591,1.41115,0,0
025040107410003168d2a000a00000e2,2,2,8,322,276,743,591,1.41115,0,0
025040107410003168d2a000a00000e2,2,2,9,322,276,743,591,1.41115,0,0
025040107410003168d2a000a00000e2,2,2,10,322,276,743,591,1.41115,0,0
025040107410003168d2a000a00000e2,2,2,11,322,276,743,591,1.41115,0,0
025040107410003168d2a000a00000e2,2,2,12,322,276,743,591,1.41115,0,0
025040107410003168d2a000a00000e2,2,2,13,322,276,743,591,1.41115,0,0
025040107410003168d2a000a00000e2,2,2,14,322,276,743,591,1.41115,0,0
025040107410003168d2a000a00000e2,2,2,15,322,276,743,591,1.41115,0,0
025040107410003168d2a000a00000e2,2,2,16,322,276,743,591,1.41115,0,0
025040107410003168d2a000a00000e2,2,2,17,322,276,743,591,1.41115,0,0
025040107410003168d2a000a00000e2,2,2,18,322,276,743,591,1.41115,0,0
025040107410003168d2a000a00000e2,2,2,19,322,276,743,591,1.41115,0,0
025040107410003168d2a000a00000e2,2,2,20,322,276,743,591,1.41115,0,0
025040107410003168d2a000a00000e2,2,2,21,322,276,743,591,1.41115,0,0
025040107410003168d2a000a00000e2,2,2,22,322,276,743,591,1.41115,0,0
025040107410003168d2a000a00000e2,2,2,23,322,276,743,591,1.41115,0,0
025040107410003168d2a000a00000e2,2,2,24,322,276,743,591,1.41115,0,0
025040107410003168d2a000a00000e2,2,2,25,322,276,743,591,1.41115,0,0
025040107410003168d2a000a00000e2,2,2,26,322,276,743,591,1.41115,0,0
025040107410003168d2a000a00000e2,2,2,27,322,276,743,591,1.41115,0,0
025040107410003168d2a000a00000e2,2,2,28,322,276,743,591,1.41115,0,0
025040107410003168d2a000a00000e2,2,2,29,322,276,743,591,1.41115,0,0
025040107410003168d2a000a00000e2,2,2,30,322,276,743,591,1.41115,0,0
025040107410003168d2a000a00000e2,2,2,31,322,276,743,591,1.41115,0,0
025040107410003168d2a000a00000e2,2,2,32,322,276,743,591,1.41115,0,0
025040107410003168d2a000a00000e2,2,2,33,322,276,743,591,1.41115,0,0
025040107410003168d2a000a00000e2,2,2,34,322,276,743,591,1.41115,0,0
025040107410003168d2a000a00000e2,2,2,35,322,276,743,591,1.41115,0,0
025040107410003168d2a000a00000e2,2,2,36,322,276,743,591,1.41115,0,0
025040107410003168d2a000a00000e2,2,2,37,322,276,743,591,1.41115,0,0
025040107410003168d2a000a00000e2,2,2,38,322,276,743,591,1.41115,0,0
025040107410003168d2a000a00000e2,2,2,39,322,276,743,591,1.41115,0,0
025040107410003168d2a000a00000e2,2,2,40,322,276,743,591,1.41115,0,0
025040107410003168d2a000a00000e2,2,2,41,322,276,743,591,1.41115,0,0
025040107410003168d2a000a00000e2,2,2,42,322,276,743,591,1.41115,0,0
025040107410003168d2a000a00000e2,2,2,43,322,276,743,591,1.41115,0,0
025040107410003168d2a000a00000e2,2,2,44,322,276,743,591,1.41115,0,0
025040107410003168d2a000a00000e2,2,2,45,322,276,743,591,1.41115,0,0
025040107410003168d2a000a00000e2,2,2,46,322,276,743,591,1.41115,0,0
025040107410003168d2a000a00000e2,2,2,47,322,276,743,591,1.41115,0,0
025040107410003168d2a000a00000e2,2,2,48,322,276,743,591,1.41115,0,0
025040107410003168d2a000a00000e2,2,2,49,322,276,743,591,1.41115,0,0
025040107410003168d2a000a00000e2,2,2,50,322,276,743,591,1.41115,0,0
025040107410003168d2a000a00000e2,2,2,51,322,276,743,591,1.41115,0,0
025040107410003168d2a000a00000e2,2,2,52,322,276,743,591,1.41115,0,0
025040107410003168d2a000a00000e2,2,2,53,322,276,743,591,1.41115,0,0
025040107410003168d2a000a00000e2,2,2,54,322,276,743,591,1.41115,0,0
025040107410003168d2a000a00000e2,2,2,55,322,276,743,591,1.41115,0,0
025040107410003168d2a000a00000e2,2,2,56,322,276,743,591,1.41115,0,0
025040107410003168d2a000a00000e2,2,2,57,322,276,743,591,1.41115,0,0
025040107410003168d2a000a00000e2,2,2,58,322,276,743,591,1.41115,0,0
025040107410003168d2a000a00000e2,2,2,59,322,276,743,591,1.41115,0,0
025040107410003168d2a000a00000e2,2,2,60,322,276,743,591,1.41115,0,0
025040107410003168d2a000a00000e2,2,2,61,322,276,743,591,1.41115,0,0
025040107410003168d2a000a00000e2,2,2,62,322,276,743,591,1.41115,0,0
025040107410003168d2a000a00000e2,2,2,63,322,276,743,591,1.41115,0,0
025040107410003168d2a000a00000e2,2,2,0,322,276,744,592,1.03367,0,0
025040107410003168d2a000a00000e2,2,2,1,322,276,744,592,1.03367,0,0
025040107410003168d2a000a00000e2,2,2,2,322,276,744,592,1.03367,0,0
025040107410003168d2a000a00000e2,2,2,3,322,276,744,592,1.03367,0,0
025040107410003168d2a000a00000e2,2,2,4,322,276,744,592,1.03367,0,0
025040107410003168d2a000a00000e2,2,2,5,322,276,744,592,1.03367,0,0
025040107410003168d2a000a00000e2,2,2,6,322,276,744,592,1.03367,0,0
025040107410003168d2a000a00000e2,2,2,7,322,276,744,592,1.03367,0,0
025040107410003168d2a000a00000e2,2,2,8,322,276,744,592,1.03367,0,0
025040107410003168d2a000a00000e2,2,2,9,322,276,744,592,1.03367,0,0
025040107410003168d2a000a00000e2,2,2,10,322,276,744,592,1.03367,0,0
025040107410003168d2a000a00000e2,2,2,11,322,276,744,592,1.03367,0,0
025040107410003168d2a000a00000e2,2,2,12,322,276,744,592,1.03367,0,0
025040107410003168d2a000a00000e2,2,2,13,322,276,744,592,1.03367,0,0
025040107410003168d2a000a00000e2,2,2,14,322,276,744,592,1.03367,0,0
025040107410003168d2a000a00000e2,2,2,15,322,276,744,592,1.03367,0,0
025040107410003168d2a000a00000e2,2,2,16,322,276,744,592,1.03367,0,0
025040107410003168d2a000a00000e2,2,2,17,322,276,744,592,1.03367,0,0
025040107410003168d2a000a00000e2,2,2,18,322,276,744,592,1.03367,0,0
025040107410003168d2a000a00000e2,2,2,19,322,276,744,592,1.03367,0,0
025040107410003168d2a000a00000e2,2,2,20,322,276,744,592,1.03367,0,0
025040107410003168d2a000a00000e2,2,2,21,322,276,744,592,1.03367,0,0
025040107410003168d2a000a00000e2,2,2,22,322,276,744,592,1.03367,0,0
025040107410003168d2a000a00000e2,2,2,23,322,276,744,592,1.03367,0,0
025040107410003168d2a000a00000e2,2,2,24,322,276,744,592,1.03367,0,0
025040107410003168d2a000a00000e2,2,2,25,322,276,744,592,1.03367,0,0
025040107410003168d2a000a00000e2,2,2,26,322,276,744,592,1.03367,0,0
025040107410003168d2a000a00000e2,2,2,27,322,276,744,592,1.03367,0,0
025040107410003168d2a000a00000e2,2,2,28,322,276,744,592,1.03367,0,0
025040107410003168d2a000a00000e2,2,2,29,322,276,744,592,1.03367,0,0
025040107410003168d2a000a00000e2,2,2,30,322,276,744,592,1.03367,0,0
025040107410003168d2a000a00000e2,2,2,31,322,276,744,592,1.03367,0,0
025040107410003168d2a000a00000e2,2,2,32,322,276,744,592,1.03367,0,0
025040107410003168d2a000a00000e2,2,2,33,322,276,744,592,1.03367,0,0
025040107410003168d2a000a00000e2,2,2,34,322,276,744,592,1.03367,0,0
025040107410003168d2a000a00000e2,2,2,35,322,276,744,592,1.03367,0,0
025040107410003168d2a000a00000e2,2,2,36,322,276,744,592,1.03367,0,0
025040107410003168d2a000a00000e2,2,2,37,322,276,744,592,1.03367,0,0
025040107410003168d2a000a00000e2,2,2,38,322,276,744,592,1.03367,0,0
025040107410003168d2a000a00000e2,2,2,39,322,276,744,592,1.03367,0,0
025040107410003168d2a000a00000e2,2,2,40,322,276,744,592,1.03367,0,0
025040107410003168d2a000a00000e2,2,2,41,322,276,744,592,1.03367,0,0
025040107410003168d2a000a00000e2,2,2,42,322,276,744,592,1.03367,0,0
025040107410003168d2a000a00000e2,2,2,43,322,276,744,592,1.03367,0,0
025040107410003168d2a000a00000e2,2,2,44,322,276,744,592,1.03367,0,0
025040107410003168d2a000a00000e2,2,2,45,322,276,744,592,1.03367,0,0
025040107410003168d2a000a00000e2,2,2,46,322,276,744,592,1.03367,0,0
025040107410003168d2a000a00000e2,2,2,47,322,276,744,592,1.03367,0,0
025040107410003168d2a000a00000e2,2,2,48,322,276,744,592,1.03367,0,0
025040107410003168d2a000a00000e2,2,2,49,322,276,744,592,1.03367,0,0
025040107410003168d2a000a00000e2,2,2,50,322,276,744,592,1.03367,0,0
025040107410003168d2a000a00000e2,2,2,51,322,276,744,592,1.03367,0,0
025040107410003168d2a000a00000e2,2,2,52,322,276,744,592,1.03367,0,0
025040107410003168d2a000a00000e2,2,2,53,322,276,744,592,1.03367,0,0
025040107410003168d2a000a00000e2,2,2,54,322,276,744,592,1.03367,0,0
025040107410003168d2a000a00000e2,2,2,55,322,276,744,592,1.03367,0,0
025040107410003168d2a000a00000e2,2,2,56,322,276,744,592,1.03367,0,0
025040107410003168d2a000a00000e2,2,2,57,322,276,744,592,1.03367,0,0
025040107410003168d2a000a00000e2,2,2,58,322,276,744,592,1.03367,0,0
025040107410003168d2a000a00000e2,2,2,59,322,276,744,592,1.03367,0,0
025040107410003168d2a000a00000e2,2,2,60,322,276,744,592,1.03367,0,0
025040107410003168d2a000a00000e2,2,2,61,322,276,744,592,1.03367,0,0
025040107410003168d2a000a00000e2,2,2,62,322,276,744,592,1.03367,0,0
025040107410003168d2a000a00000e2,2,2,63,322,276,744,592,1.03367,0,0
025040107410003168d2a000a00000e2,2,2,0,322,276,745,592,1.01007,0,0
025040107410003168d2a000a00000e2,2,2,1,322,276,745,592,1.01007,0,0
025040107410003168d2a000a00000e2,2,2,2,322,276,745,592,1.01007,0,0
025040107410003168d2a000a00000e2,2,2,3,322,276,745,592,1.01007,0,0
025040107410003168d2a000a00000e2,2,2,4,322,276,745,592,1.01007,0,0
025040107410003168d2a000a00000e2,2,2,5,322,276,745,592,1.01007,0,0
025040107410003168d2a000a00000e2,2,2,6,322,276,745,592,1.01007,0,0
025040107410003168d2a000a00000e2,2,2,7,322,276,745,592,1.01007,0,0
025040107410003168d2a000a00000e2,2,2,8,322,276,745,592,1.01007,0,0
025040107410003168d2a000a00000e2,2,2,9,322,276,745,592,1.01007,0,0
025040107410003168d2a000a00000e2,2,2,10,322,276,745,592,1.01007,0,0
025040107410003168d2a000a00000e2,2,2,11,322,276,745,592,1.01007,0,0
025040107410003168d2a000a00000e2,2,2,12,322,276,745,592,1.01007,0,0
025040107410003168d2a000a00000e2,2,2,13,322,276,745,592,1.01007,0,0
025040107410003168d2a000a00000e2,2,2,14,322,276,745,592,1.01007,0,0
025040107410003168d2a000a00000e2,2,2,15,322,276,745,592,1.01007,0,0
025040107410003168d2a000a00000e2,2,2,16,322,276,745,592,1.01007,0,0
025040107410003168d2a000a00000e2,2,2,17,322,276,745,592,1.01007,0,0
025040107410003168d2a000a00000e2,2,2,18,322,276,745,592,1.01007,0,0
025040107410003168d2a000a00000e2,2,2,19,322,276,745,592,1.01007,0,0
025040107410003168d2a000a00000e2,2,2,20,322,276,745,592,1.01007,0,0
025040107410003168d2a000a00000e2,2,2,21,322,276,745,592,1.01007,0,0
025040107410003168d2a000a00000e2,2,2,22,322,276,745,592,1.01007,0,0
025040107410003168d2a000a00000e2,2,2,23,322,276,745,592,1.01007,0,0
025040107410003168d2a000a00000e2,2,2,24,322,276,745,592,1.01007,0,0
025040107410003168d2a000a00000e2,2,2,25,322,276,745,592,1.01007,0,0
025040107410003168d2a000a00000e2,2,2,26,322,276,745,592,1.01007,0,0
025040107410003168d2a000a00000e2,2,2,27,322,276,745,592,1.01007,0,0
025040107410003168d2a000a00000e2,2,2,28,322,276,745,592,1.01007,0,0
025040107410003168d2a000a00000e2,2,2,29,322,276,745,592,1.01007,0,0
025040107410003168d2a000a00000e2,2,2,30,322,276,745,592,1.01007,0,0
025040107410003168d2a000a00000e2,2,2,31,322,276,745,592,1.01007,0,0
025040107410003168d2a000a00000e2,2,2,32,322,276,745,592,1.01007,0,0
025040107410003168d2a000a00000e2,2,2,33,322,276,745,592,1.01007,0,0
025040107410003168d2a000a00000e2,2,2,34,322,276,745,592,1.01007,0,0
025040107410003168d2a000a00000e2,2,2,35,322,276,745,592,1.01007,0,0
025040107410003168d2a000a00000e2,2,2,36,322,276,745,592,1.01007,0,0
025040107410003168d2a000a00000e2,2,2,37,322,276,745,592,1.01007,0,0
025040107410003168d2a000a00000e2,2,2,38,322,276,745,592,1.01007,0,0
025040107410003168d2a000a00000e2,2,2,39,322,276,745,592,1.01007,0,0
025040107410003168d2a000a00000e2,2,2,40,322,276,745,592,1.01007,0,0
025040107410003168d2a000a00000e2,2,2,41,322,276,745,592,1.01007,0,0
025040107410003168d2a000a00000e2,2,2,42,322,276,745,592,1.01007,0,0
025040107410003168d2a000a00000e2,2,2,43,322,276,745,592,1.01007,0,0
025040107410003168d2a000a00000e2,2,2,44,322,276,745,592,1.01007,0,0
025040107410003168d2a000a00000e2,2,2,45,322,276,745,592,1.01007,0,0
025040107410003168d2a000a00000e2,2,2,46,322,276,745,592,1.01007,0,0
025040107410003168d2a000a00000e2,2,2,47,322,276,745,592,1.01007,0,0
025040107410003168d2a000a00000e2,2,2,48,322,276,745,592,1.01007,0,0
025040107410003168d2a000a00000e2,2,2,49,322,276,745,592,1.01007,0,0
025040107410003168d2a000a00000e2,2,2,50,322,276,745,592,1.01007,0,0
025040107410003168d2a000a00000e2,2,2,51,322,276,745,592,1.01007,0,0
025040107410003168d2a000a00000e2,2,2,52,322,276,745,592,1.01007,0,0
025040107410003168d2a000a00000e2,2,2,53,322,276,745,592,1.01007,0,0
025040107410003168d2a000a00000e2,2,2,54,322,276,745,592,1.01007,0,0
025040107410003168d2a000a00000e2,2,2,55,322,276,745,592,1.01007,0,0
025040107410003168d2a000a00000e2,2,2,56,322,276,745,592,1.01007,0,0
025040107410003168d2a000a00000e2,2,2,57,322,276,745,592,1.01007,0,0
025040107410003168d2a000a00000e2,2,2,58,322,276,745,592,1.01007,0,0
025040107410003168d2a000a00000e2,2,2,59,322,276,745,592,1.01007,0,0
025040107410003168d2a000a00000e2,2,2,60,322,276,745,592,1.01007,0,0
025040107410003168d2a000a00000e2,2,2,61,322,276,745,592,1.01007,0,0
025040107410003168d2a000a00000e2,2,2,62,322,276,745,592,1.01007,0,0
025040107410003168d2a000a00000e2,2,2,63,322,276,745,592,1.01007,0,0
025040107410003168d2a000a00000e2,2,2,0,322,276,746,593,1.49963,0,0
025040107410003168d2a000a00000e2,2,2,1,322,276,746,593,1.49963,0,0
025040107410003168d2a000a00000e2,2,2,2,322,276,746,593,1.49963,0,0
025040107410003168d2a000a00000e2,2,2,3,322,276,746,593,1.49963,0,0
025040107410003168d2a000a00000e2,2,2,4,322,276,746,593,1.49963,0,0
025040107410003168d2a000a00000e2,2,2,5,322,276,746,593,1.49963,0,0
025040107410003168d2a000a00000e2,2,2,6,322,276,746,593,1.49963,0,0
025040107410003168d2a000a00000e2,2,2,7,322,276,746,593,1.49963,0,0
025040107410003168d2a000a00000e2,2,2,8,322,276,746,593,1.49963,0,0
025040107410003168d2a000a00000e2,2,2,9,322,276,746,593,1.49963,0,0
025040107410003168d2a000a00000e2,2,2,10,322,276,746,593,1.49963,0,0
025040107410003168d2a000a00000e2,2,2,11,322,276,746,593,1.49963,0,0
025040107410003168d2a000a00000e2,2,2,12,322,276,746,593,1.49963,0,0
025040107410003168d2a000a00000e2,2,2,13,322,276,746,593,1.49963,0,0
025040107410003168d2a000a00000e2,2,2,14,322,276,746,593,1.49963,0,0
025040107410003168d2a000a00000e2,2,2,15,322,276,746,593,1.49963,0,0
025040107410003168d2a000a00000e2,2,2,16,322,276,746,593,1.49963,0,0
025040107410003168d2a000a00000e2,2,2,17,322,276,746,593,1.49963,0,0
025040107410003168d2a000a00000e2,2,2,18,322,276,746,593,1.49963,0,0
025040107410003168d2a000a00000e2,2,2,19,322,276,746,593,1.49963,0,0
025040107410003168d2a000a00000e2,2,2,20,322,276,746,593,1.49963,0,0
025040107410003168d2a000a00000e2,2,2,21,322,276,746,593,1.49963,0,0
025040107410003168d2a000a00000e2,2,2,22,322,276,746,593,1.49963,0,0
025040107410003168d2a000a00000e2,2,2,23,322,276,746,593,1.49963,0,0
025040107410003168d2a000a00000e2,2,2,24,322,276,746,593,1.49963,0,0
025040107410003168d2a000a00000e2,2,2,25,322,276,746,593,1.49963,0,0
025040107410003168d2a000a00000e2,2,2,26,322,276,746,593,1.49963,0,0
025040107410003168d2a000a00000e2,2,2,27,322,276,746,593,1.49963,0,0
025040107410003168d2a000a00000e2,2,2,28,322,276,746,593,1.49963,0,0
025040107410003168d2a000a00000e2,2,2,29,322,276,746,593,1.49963,0,0
025040107410003168d2a000a00000e2,2,2,30,322,276,746,593,1.49963,0,0
025040107410003168d2a000a00000e2,2,2,31,322,276,746,593,1.49963,0,0
025040107410003168d2a000a00000e2,2,2,32,322,276,746,593,1.49963,0,0
025040107410003168d2a000a00000e2,2,2,33,322,276,746,593,1.49963,0,0
025040107410003168d2a000a00000e2,2,2,34,322,276,746,593,1.49963,0,0
025040107410003168d2a000a00000e2,2,2,35,322,276,746,593,1.49963,0,0
025040107410003168d2a000a00000e2,2,2,36,322,276,746,593,1.49963,0,0
025040107410003168d2a000a00000e2,2,2,37,322,276,746,593,1.49963,0,0
025040107410003168d2a000a00000e2,2,2,38,322,276,746,593,1.49963,0,0
025040107410003168d2a000a00000e2,2,2,39,322,276,746,593,1.49963,0,0
025040107410003168d2a000a00000e2,2,2,40,322,276,746,593,1.49963,0,0
025040107410003168d2a000a00000e2,2,2,41,322,276,746,593,1.49963,0,0
025040107410003168d2a000a00000e2,2,2,42,322,276,746,593,1.49963,0,0
025040107410003168d2a000a00000e2,2,2,43,322,276,746,593,1.49963,0,0
025040107410003168d2a000a00000e2,2,2,44,322,276,746,593,1.49963,0,0
025040107410003168d2a000a00000e2,2,2,45,322,276,746,593,1.49963,0,0
025040107410003168d2a000a00000e2,2,2,46,322,276,746,593,1.49963,0,0
025040107410003168d2a000a00000e2,2,2,47,322,276,746,593,1.49963,0,0
025040107410003168d2a000a00000e2,2,2,48,322,276,746,593,1.49963,0,0
025040107410003168d2a000a00000e2,2,2,49,322,276,746,593,1.49963,0,0
025040107410003168d2a000a00000e2,2,2,50,322,276,746,593,1.49963,0,0
025040107410003168d2a000a00000e2,2,2,51,322,276,746,593,1.49963,0,0
025040107410003168d2a000a00000e2,2,2,52,322,276,746,593,1.49963,0,0
025040107410003168d2a000a00000e2,2,2,53,322,276,746,593,1.49963,0,0
025040107410003168d2a000a00000e2,2,2,54,322,276,746,593,1.49963,0,0
025040107410003168d2a000a00000e2,2,2,55,322,276,746,593,1.49963,0,0
025040107410003168d2a000a00000e2,2,2,56,322,276,746,593,1.49963,0,0
025040107410003168d2a000a00000e2,2,2,57,322,276,746,593,1.49963,0,0
025040107410003168d2a000a00000e2,2,2,58,322,276,746,593,1.49963,0,0
025040107410003168d2a000a00000e2,2,2,59,322,276,746,593,1.49963,0,0
025040107410003168d2a000a00000e2,2,2,60,322,276,746,593,1.49963,0,0
025040107410003168d2a000a00000e2,2,2,61,322,276,746,593,1.49963,0,0
025040107410003168d2a000a00000e2,2,2,62,322,276,746,593,1.49963,0,0
025040107410003168d2a000a00000e2,2,2,63,322,276,746,593,1.49963,0,0
025040107410003168d2a000a00000e2,2,2,0,322,276,747,594,1.02482,0,0
025040107410003168d2a000a00000e2,2,2,1,322,276,747,594,1.02482,0,0
025040107410003168d2a000a00000e2,2,2,2,322,276,747,594,1.02482,0,0
025040107410003168d2a000a00000e2,2,2,3,322,276,747,594,1.02482,0,0
025040107410003168d2a000a00000e2,2,2,4,322,276,747,594,1.02482,0,0
025040107410003168d2a000a00000e2,2,2,5,322,276,747,594,1.02482,0,0
025040107410003168d2a000a00000e2,2,2,6,322,276,747,594,1.02482,0,0
025040107410003168d2a000a00000e2,2,2,7,322,276,747,594,1.02482,0,0
025040107410003168d2a000a00000e2,2,2,8,322,276,747,594,1.02482,0,0
025040107410003168d2a000a00000e2,2,2,9,322,276,747,594,1.02482,0,0
025040107410003168d2a000a00000e2,2,2,10,322,276,747,594,1.02482,0,0
025040107410003168d2a000a00000e2,2,2,11,322,276,747,594,1.02482,0,0
025040107410003168d2a000a00000e2,2,2,12,322,276,747,594,1.02482,0,0
025040107410003168d2a000a00000e2,2,2,13,322,276,747,594,1.02482,0,0
025040107410003168d2a000a00000e2,2,2,14,322,276,747,594,1.02482,0,0
025040107410003168d2a000a00000e2,2,2,15,322,276,747,594,1.02482,0,0
025040107410003168d2a000a00000e2,2,2,16,322,276,747,594,1.02482,0,0
025040107410003168d2a000a00000e2,2,2,17,322,276,747,594,1.02482,0,0
025040107410003168d2a000a00000e2,2,2,18,322,276,747,594,1.02482,0,0
025040107410003168d2a000a00000e2,2,2,19,322,276,747,594,1.02482,0,0
025040107410003168d2a000a00000e2,2,2,20,322,276,747,594,1.02482,0,0
025040107410003168d2a000a00000e2,2,2,21,322,276,747,594,1.02482,0,0
025040107410003168d2a000a00000e2,2,2,22,322,276,747,594,1.02482,0,0
025040107410003168d2a000a00000e2,2,2,23,322,276,747,594,1.02482,0,0
025040107410003168d2a000a00000e2,2,2,24,322,276,747,594,1.02482,0,0
025040107410003168d2a000a00000e2,2,2,25,322,276,747,594,1.02482,0,0
025040107410003168d2a000a00000e2,2,2,26,322,276,747,594,1.02482,0,0
025040107410003168d2a000a00000e2,2,2,27,322,276,747,594,1.02482,0,0
025040107410003168d2a000a00000e2,2,2,28,322,276,747,594,1.02482,0,0
025040107410003168d2a000a00000e2,2,2,29,322,276,747,594,1.02482,0,0
025040107410003168d2a000a00000e2,2,2,30,322,276,747,594,1.02482,0,0
025040107410003168d2a000a00000e2,2,2,31,322,276,747,594,1.02482,0,0
025040107410003168d2a000a00000e2,2,2,32,322,276,747,594,1.02482,0,0
025040107410003168d2a000a00000e2,2,2,33,322,276,747,594,1.02482,0,0
025040107410003168d2a000a00000e2,2,2,34,322,276,747,594,1.02482,0,0
025040107410003168d2a000a00000e2,2,2,35,322,276,747,594,1.02482,0,0
025040107410003168d2a000a00000e2,2,2,36,322,276,747,594,1.02482,0,0
025040107410003168d2a000a00000e2,2,2,37,322,276,747,594,1.02482,0,0
025040107410003168d2a000a00000e2,2,2,38,322,276,747,594,1.02482,0,0
025040107410003168d2a000a00000e2,2,2,39,322,276,747,594,1.02482,0,0
025040107410003168d2a000a00000e2,2,2,40,322,276,747,594,1.02482,0,0
025040107410003168d2a000a00000e2,2,2,41,322,276,747,594,1.02482,0,0
025040107410003168d2a000a00000e2,2,2,42,322,276,747,594,1.02482,0,0
025040107410003168d2a000a00000e2,2,2,43,322,276,747,594,1.02482,0,0
025040107410003168d2a000a00000e2,2,2,44,322,276,747,594,1.02482,0,0
025040107410003168d2a000a00000e2,2,2,45,322,276,747,594,1.02482,0,0
025040107410003168d2a000a00000e2,2,2,46,322,276,747,594,1.02482,0,0
025040107410003168d2a000a00000e2,2,2,47,322,276,747,594,1.02482,0,0
025040107410003168d2a000a00000e2,2,2,48,322,276,747,594,1.02482,0,0
025040107410003168d2a000a00000e2,2,2,49,322,276,747,594,1.02482,0,0
025040107410003168d2a000a00000e2,2,2,50,322,276,747,594,1.02482,0,0
025040107410003168d2a000a00000e2,2,2,51,322,276,747,594,1.02482,0,0
025040107410003168d2a000a00000e2,2,2,52,322,276,747,594,1.02482,0,0
025040107410003168d2a000a00000e2,2,2,53,322,276,747,594,1.02482,0,0
025040107410003168d2a000a00000e2,2,2,54,322,276,747,594,1.02482,0,0
025040107410003168d2a000a00000e2,2,2,55,322,276,747,594,1.02482,0,0
025040107410003168d2a000a00000e2,2,2,56,322,276,747,594,1.02482,0,0
025040107410003168d2a000a00000e2,2,2,57,322,276,747,594,1.02482,0,0
025040107410003168d2a000a00000e2,2,2,58,322,276,747,594,1.02482,0,0
025040107410003168d2a000a00000e2,2,2,59,322,276,747,594,1.02482,0,0
025040107410003168d2a000a00000e2,2,2,60,322,276,747,594,1.02482,0,0
025040107410003168d2a000a00000e2,2,2,61,322,276,747,594,1.02482,0,0
025040107410003168d2a000a00000e2,2,2,62,322,276,747,594,1.02482,0,0
025040107410003168d2a000a00000e2,2,2,63,322,276,747,594,1.02482,0,0
025040107410003168d2a000a00000e2,2,2,0,322,276,748,595,1.03514,0,0
025040107410003168d2a000a00000e2,2,2,1,322,276,748,595,1.03514,0,0
025040107410003168d2a000a00000e2,2,2,2,322,276,748,595,1.03514,0,0
025040107410003168d2a000a00000e2,2,2,3,322,276,748,595,1.03514,0,0
025040107410003168d2a000a00000e2,2,2,4,322,276,748,595,1.03514,0,0
025040107410003168d2a000a00000e2,2,2,5,322,276,748,595,1.03514,0,0
025040107410003168d2a000a00000e2,2,2,6,322,276,748,595,1.03514,0,0
025040107410003168d2a000a00000e2,2,2,7,322,276,748,595,1.03514,0,0
025040107410003168d2a000a00000e2,2,2,8,322,276,748,595,1.03514,0,0
025040107410003168d2a000a00000e2,2,2,9,322,276,748,595,1.03514,0,0
025040107410003168d2a000a00000e2,2,2,10,322,276,748,595,1.03514,0,0
025040107410003168d2a000a00000e2,2,2,11,322,276,748,595,1.03514,0,0
025040107410003168d2a000a00000e2,2,2,12,322,276,748,595,1.03514,0,0
025040107410003168d2a000a00000e2,2,2,13,322,276,748,595,1.03514,0,0
025040107410003168d2a000a00000e2,2,2,14,322,276,748,595,1.03514,0,0
025040107410003168d2a000a00000e2,2,2,15,322,276,748,595,1.03514,0,0
025040107410003168d2a000a00000e2,2,2,16,322,276,748,595,1.03514,0,0
025040107410003168d2a000a00000e2,2,2,17,322,276,748,595,1.03514,0,0
025040107410003168d2a000a00000e2,2,2,18,322,276,748,595,1.03514,0,0
025040107410003168d2a000a00000e2,2,2,19,322,276,748,595,1.03514,0,0
025040107410003168d2a000a00000e2,2,2,20,322,276,748,595,1.03514,0,0
025040107410003168d2a000a00000e2,2,2,21,322,276,748,595,1.03514,0,0
025040107410003168d2a000a00000e2,2,2,22,322,276,748,595,1.03514,0,0
025040107410003168d2a000a00000e2,2,2,23,322,276,748,595,1.03514,0,0
025040107410003168d2a000a00000e2,2,2,24,322,276,748,595,1.03514,0,0
025040107410003168d2a000a00000e2,2,2,25,322,276,748,595,1.03514,0,0
025040107410003168d2a000a00000e2,2,2,26,322,276,748,595,1.03514,0,0
025040107410003168d2a000a00000e2,2,2,27,322,276,748,595,1.03514,0,0
025040107410003168d2a000a00000e2,2,2,28,322,276,748,595,1.03514,0,0
025040107410003168d2a000a00000e2,2,2,29,322,276,748,595,1.03514,0,0
025040107410003168d2a000a00000e2,2,2,30,322,276,748,595,1.03514,0,0
025040107410003168d2a000a00000e2,2,2,31,322,276,748,595,1.03514,0,0
025040107410003168d2a000a00000e2,2,2,32,322,276,748,595,1.03514,0,0
025040107410003168d2a000a00000e2,2,2,33,322,276,748,595,1.03514,0,0
025040107410003168d2a000a00000e2,2,2,34,322,276,748,595,1.03514,0,0
025040107410003168d2a000a00000e2,2,2,35,322,276,748,595,1.03514,0,0
025040107410003168d2a000a00000e2,2,2,36,322,276,748,595,1.03514,0,0
025040107410003168d2a000a00000e2,2,2,37,322,276,748,595,1.03514,0,0
025040107410003168d2a000a00000e2,2,2,38,322,276,748,595,1.03514,0,0
025040107410003168d2a000a00000e2,2,2,39,322,276,748,595,1.03514,0,0
025040107410003168d2a000a00000e2,2,2,40,322,276,748,595,1.03514,0,0
025040107410003168d2a000a00000e2,2,2,41,322,276,748,595,1.03514,0,0
025040107410003168d2a000a00000e2,2,2,42,322,276,748,595,1.03514,0,0
025040107410003168d2a000a00000e2,2,2,43,322,276,748,595,1.03514,0,0
025040107410003168d2a000a00000e2,2,2,44,322,276,748,595,1.03514,0,0
025040107410003168d2a000a00000e2,2,2,45,322,276,748,595,1.03514,0,0
025040107410003168d2a000a00000e2,2,2,46,322,276,748,595,1.03514,0,0
025040107410003168d2a000a00000e2,2,2,47,322,276,748,595,1.03514,0,0
025040107410003168d2a000a00000e2,2,2,48,322,276,748,595,1.03514,0,0
025040107410003168d2a000a00000e2,2,2,49,322,276,748,595,1.03514,0,0
025040107410003168d2a000a00000e2,2,2,50,322,276,748,595,1.03514,0,0
025040107410003168d2a000a00000e2,2,2,51,322,276,748,595,1.03514,0,0
025040107410003168d2a000a00000e2,2,2,52,322,276,748,595,1.03514,0,0
025040107410003168d2a000a00000e2,2,2,53,322,276,748,595,1.03514,0,0
025040107410003168d2a000a00000e2,2,2,54,322,276,748,595,1.03514,0,0
025040107410003168d2a000a00000e2,2,2,55,322,276,748,595,1.03514,0,0
025040107410003168d2a000a00000e2,2,2,56,322,276,748,595,1.03514,0,0
025040107410003168d2a000a00000e2,2,2,57,322,276,748,595,1.03514,0,0
025040107410003168d2a000a00000e2,2,2,58,322,276,748,595,1.03514,0,0
025040107410003168d2a000a00000e2,2,2,59,322,276,748,595,1.03514,0,0
025040107410003168d2a000a00000e2,2,2,60,322,276,748,595,1.03514,0,0
025040107410003168d2a000a00000e2,2,2,61,322,276,748,595,1.03514,0,0
025040107410003168d2a000a00000e2,2,2,62,322,276,748,595,1.03514,0,0
025040107410003168d2a000a00000e2,2,2,63,322,276,748,595,1.03514,0,0
025040107410003168d2a000a00000e2,2,2,0,322,276,749,595,1.53649,0,0
025040107410003168d2a000a00000e2,2,2,1,322,276,749,595,1.53649,0,0
025040107410003168d2a000a00000e2,2,2,2,322,276,749,595,1.53649,0,0
025040107410003168d2a000a00000e2,2,2,3,322,276,749,595,1.53649,0,0
025040107410003168d2a000a00000e2,2,2,4,322,276,749,595,1.53649,0,0
025040107410003168d2a000a00000e2,2,2,5,322,276,749,595,1.53649,0,0
025040107410003168d2a000a00000e2,2,2,6,322,276,749,595,1.53649,0,0
025040107410003168d2a000a00000e2,2,2,7,322,276,749,595,1.53649,0,0
025040107410003168d2a000a00000e2,2,2,8,322,276,749,595,1.53649,0,0
025040107410003168d2a000a00000e2,2,2,9,322,276,749,595,1.53649,0,0
025040107410003168d2a000a00000e2,2,2,10,322,276,749,595,1.53649,1,0.000650833
025040107410003168d2a000a00000e2,2,2,11,322,276,749,595,1.53649,0,0
025040107410003168d2a000a00000e2,2,2,12,322,276,749,595,1.53649,0,0
025040107410003168d2a000a00000e2,2,2,13,322,276,749,595,1.53649,0,0
025040107410003168d2a000a00000e2,2,2,14,322,276,749,595,1.53649,7,0.00455583
025040107410003168d2a000a00000e2,2,2,15,322,276,749,595,1.53649,0,0
025040107410003168d2a000a00000e2,2,2,16,322,276,749,595,1.53649,3,0.0019525
025040107410003168d2a000a00000e2,2,2,17,322,276,749,595,1.53649,0,0
025040107410003168d2a000a00000e2,2,2,18,322,276,749,595,1.53649,0,0
025040107410003168d2a000a00000e2,2,2,19,322,276,749,595,1.53649,0,0
025040107410003168d2a000a00000e2,2,2,20,322,276,749,595,1.53649,6,0.003905
025040107410003168d2a000a00000e2,2,2,21,322,276,749,595,1.53649,1,0.000650833
025040107410003168d2a000a00000e2,2,2,22,322,276,749,595,1.53649,7,0.00455583
025040107410003168d2a000a00000e2,2,2,23,322,276,749,595,1.53649,8,0.00520667
025040107410003168d2a000a00000e2,2,2,24,322,276,749,595,1.53649,3,0.0019525
025040107410003168d2a000a00000e2,2,2,25,322,276,749,595,1.53649,0,0
025040107410003168d2a000a00000e2,2,2,26,322,276,749,595,1.53649,4,0.00260333
025040107410003168d2a000a00000e2,2,2,27,322,276,749,595,1.53649,3,0.0019525
025040107410003168d2a000a00000e2,2,2,28,322,276,749,595,1.53649,7,0.00455583
025040107410003168d2a000a00000e2,2,2,29,322,276,749,595,1.53649,5,0.00325417
025040107410003168d2a000a00000e2,2,2,30,322,276,749,595,1.53649,6,0.003905
025040107410003168d2a000a00000e2,2,2,31,322,276,749,595,1.53649,10,0.00650833
025040107410003168d2a000a00000e2,2,2,32,322,276,749,595,1.53649,7,0.00455583
025040107410003168d2a000a00000e2,2,2,33,322,276,749,595,1.53649,1,0.000650833
025040107410003168d2a000a00000e2,2,2,34,322,276,749,595,1.53649,2,0.00130167
025040107410003168d2a000a00000e2,2,2,35,322,276,749,595,1.53649,4,0.00260333
025040107410003168d2a000a00000e2,2,2,36,322,276,749,595,1.53649,11,0.00715917
025040107410003168d2a000a00000e2,2,2,37,322,276,749,595,1.53649,1,0.000650833
025040107410003168d2a000a00000e2,2,2,38,322,276,749,595,1.53649,10,0.00650833
025040107410003168d2a000a00000e2,2,2,39,322,276,749,595,1.53649,7,0.00455583
025040107410003168d2a000a00000e2,2,2,40,322,276,749,595,1.53649,13,0.00846083
025040107410003168d2a000a00000e2,2,2,41,322,276,749,595,1.53649,0,0
025040107410003168d2a000a00000e2,2,2,42,322,276,749,595,1.53649,11,0.00715917
025040107410003168d2a000a00000e2,2,2,43,322,276,749,595,1.53649,2,0.00130167
025040107410003168d2a000a00000e2,2,2,44,322,276,749,595,1.53649,3,0.0019525
025040107410003168d2a000a00000e2,2,2,45,322,276,749,595,1.53649,0,0
025040107410003168d2a000a00000e2,2,2,46,322,276,749,595,1.53649,3,0.0019525
025040107410003168d2a000a00000e2,2,2,47,322,276,749,595,1.53649,0,0
025040107410003168d2a000a00000e2,2,2,48,322,276,749,595,1.53649,7,0.00455583
025040107410003168d2a000a00000e2,2,2,49,322,276,749,595,1.53649,0,0
025040107410003168d2a000a00000e2,2,2,50,322,276,749,595,1.53649,7,0.00455583
025040107410003168d2a000a00000e2,2,2,51,322,276,749,595,1.53649,0,0
025040107410003168d2a000a00000e2,2,2,52,322,276,749,595,1.53649,5,0.00325417
025040107410003168d2a000a00000e2,2,2,53,322,276,749,595,1.53649,0,0
025040107410003168d2a000a00000e2,2,2,54,322,276,749,595,1.53649,0,0
025040107410003168d2a000a00000e2,2,2,55,322,276,749,595,1.53649,0,0
025040107410003168d2a000a00000e2,2,2,56,322,276,749,595,1.53649,6,0.003905
025040107410003168d2a000a00000e2,2,2,57,322,276,749,595,1.53649,0,0
025040107410003168d2a000a00000e2,2,2,58,322,276,749,595,1.53649,0,0
025040107410003168d2a000a00000e2,2,2,59,322,276,749,595,1.53649,0,0
025040107410003168d2a000a00000e2,2,2,60,322,276,749,595,1.53649,0,0
025040107410003168d2a000a00000e2,2,2,61,322,276,749,595,1.53649,0,0
025040107410003168d2a000a00000e2,2,2,62,322,276,749,595,1.53649,0,0
025040107410003168d2a000a00000e2,2,2,63,322,276,749,595,1.53649,0,0
025040107410003168d2a000a00000e2,2,2,0,322,276,750,596,1.04399,0,0
025040107410003168d2a000a00000e2,2,2,1,322,276,750,596,1.04399,0,0
025040107410003168d2a000a00000e2,2,2,2,322,276,750,596,1.04399,0,0
025040107410003168d2a000a00000e2,2,2,3,322,276,750,596,1.04399,0,0
025040107410003168d2a000a00000e2,2,2,4,322,276,750,596,1.04399,0,0
025040107410003168d2a000a00000e2,2,2,5,322,276,750,596,1.04399,0,0
025040107410003168d2a000a00000e2,2,2,6,322,276,750,596,1.04399,0,0
025040107410003168d2a000a00000e2,2,2,7,322,276,750,596,1.04399,0,0
025040107410003168d2a000a00000e2,2,2,8,322,276,750,596,1.04399,0,0
025040107410003168d2a000a00000e2,2,2,9,322,276,750,596,1.04399,0,0
025040107410003168d2a000a00000e2,2,2,10,322,276,750,596,1.04399,0,0
025040107410003168d2a000a00000e2,2,2,11,322,276,750,596,1.04399,0,0
025040107410003168d2a000a00000e2,2,2,12,322,276,750,596,1.04399,0,0
025040107410003168d2a000a00000e2,2,2,13,322,276,750,596,1.04399,0,0
025040107410003168d2a000a00000e2,2,2,14,322,276,750,596,1.04399,0,0
025040107410003168d2a000a00000e2,2,2,15,322,276,750,596,1.04399,0,0
025040107410003168d2a000a00000e2,2,2,16,322,276,750,596,1.04399,0,0
025040107410003168d2a000a00000e2,2,2,17,322,276,750,596,1.04399,0,0
025040107410003168d2a000a00000e2,2,2,18,322,276,750,596,1.04399,0,0
025040107410003168d2a000a00000e2,2,2,19,322,276,750,596,1.04399,0,0
025040107410003168d2a000a00000e2,2,2,20,322,276,750,596,1.04399,0,0
025040107410003168d2a000a00000e2,2,2,21,322,276,750,596,1.04399,0,0
025040107410003168d2a000a00000e2,2,2,22,322,276,750,596,1.04399,0,0
025040107410003168d2a000a00000e2,2,2,23,322,276,750,596,1.04399,0,0
025040107410003168d2a000a00000e2,2,2,24,322,276,750,596,1.04399,0,0
025040107410003168d2a000a00000e2,2,2,25,322,276,750,596,1.04399,0,0
025040107410003168d2a000a00000e2,2,2,26,322,276,750,596,1.04399,0,0
025040107410003168d2a000a00000e2,2,2,27,322,276,750,596,1.04399,0,0
025040107410003168d2a000a00000e2,2,2,28,322,276,750,596,1.04399,0,0
025040107410003168d2a000a00000e2,2,2,29,322,276,750,596,1.04399,0,0
025040107410003168d2a000a00000e2,2,2,30,322,276,750,596,1.04399,0,0
025040107410003168d2a000a00000e2,2,2,31,322,276,750,596,1.04399,0,0
025040107410003168d2a000a00000e2,2,2,32,322,276,750,596,1.04399,0,0
025040107410003168d2a000a00000e2,2,2,33,322,276,750,596,1.04399,0,0
025040107410003168d2a000a00000e2,2,2,34,322,276,750,596,1.04399,0,0
025040107410003168d2a000a00000e2,2,2,35,322,276,750,596,1.04399,0,0
025040107410003168d2a000a00000e2,2,2,36,322,276,750,596,1.04399,0,0
025040107410003168d2a000a00000e2,2,2,37,322,276,750,596,1.04399,0,0
025040107410003168d2a000a00000e2,2,2,38,322,276,750,596,1.04399,0,0
025040107410003168d2a000a00000e2,2,2,39,322,276,750,596,1.04399,0,0
025040107410003168d2a000a00000e2,2,2,40,322,276,750,596,1.04399,0,0
025040107410003168d2a000a00000e2,2,2,41,322,276,750,596,1.04399,0,0
025040107410003168d2a000a00000e2,2,2,42,322,276,750,596,1.04399,0,0
025040107410003168d2a000a00000e2,2,2,43,322,276,750,596,1.04399,0,0
025040107410003168d2a000a00000e2,2,2,44,322,276,750,596,1.04399,0,0
025040107410003168d2a000a00000e2,2,2,45,322,276,750,596,1.04399,0,0
025040107410003168d2a000a00000e2,2,2,46,322,276,750,596,1.04399,0,0
025040107410003168d2a000a00000e2,2,2,47,322,276,750,596,1.04399,0,0
025040107410003168d2a000a00000e2,2,2,48,322,276,750,596,1.04399,0,0
025040107410003168d2a000a00000e2,2,2,49,322,276,750,596,1.04399,0,0
025040107410003168d2a000a00000e2,2,2,50,322,276,750,596,1.04399,0,0
025040107410003168d2a000a00000e2,2,2,51,322,276,750,596,1.04399,0,0
025040107410003168d2a000a00000e2,2,2,52,322,276,750,596,1.04399,0,0
025040107410003168d2a000a00000e2,2,2,53,322,276,750,596,1.04399,0,0
025040107410003168d2a000a00000e2,2,2,54,322,276,750,596,1.04399,0,0
025040107410003168d2a000a00000e2,2,2,55,322,276,750,596,1.04399,0,0
025040107410003168d2a000a00000e2,2,2,56,322,276,750,596,1.04399,0,0
025040107410003168d2a000a00000e2,2,2,57,322,276,750,596,1.04399,0,0
025040107410003168d2a000a00000e2,2,2,58,322,276,750,596,1.04399,0,0
025040107410003168d2a000a00000e2,2,2,59,322,276,750,596,1.04399,0,0
025040107410003168d2a000a00000e2,2,2,60,322,276,750,596,1.04399,0,0
025040107410003168d2a000a00000e2,2,2,61,322,276,750,596,1.04399,0,0
025040107410003168d2a000a00000e2,2,2,62,322,276,750,596,1.04399,0,0
025040107410003168d2a000a00000e2,2,2,63,322,276,750,596,1.04399,0,0
025040107410003168d2a000a00000e2,2,2,0,322,276,751,597,1.00712,0,0
025040107410003168d2a000a00000e2,2,2,1,322,276,751,597,1.00712,0,0
025040107410003168d2a000a00000e2,2,2,2,322,276,751,597,1.00712,0,0
025040107410003168d2a000a00000e2,2,2,3,322,276,751,597,1.00712,0,0
025040107410003168d2a000a00000e2,2,2,4,322,276,751,597,1.00712,0,0
025040107410003168d2a000a00000e2,2,2,5,322,276,751,597,1.00712,0,0
025040107410003168d2a000a00000e2,2,2,6,322,276,751,597,1.00712,0,0
025040107410003168d2a000a00000e2,2,2,7,322,276,751,597,1.00712,0,0
025040107410003168d2a000a00000e2,2,2,8,322,276,751,597,1.00712,0,0
025040107410003168d2a000a00000e2,2,2,9,322,276,751,597,1.00712,0,0
025040107410003168d2a000a00000e2,2,2,10,322,276,751,597,1.00712,0,0
025040107410003168d2a000a00000e2,2,2,11,322,276,751,597,1.00712,0,0
025040107410003168d2a000a00000e2,2,2,12,322,276,751,597,1.00712,0,0
025040107410003168d2a000a00000e2,2,2,13,322,276,751,597,1.00712,0,0
025040107410003168d2a000a00000e2,2,2,14,322,276,751,597,1.00712,0,0
025040107410003168d2a000a00000e2,2,2,15,322,276,751,597,1.00712,0,0
025040107410003168d2a000a00000e2,2,2,16,322,276,751,597,1.00712,0,0
025040107410003168d2a000a00000e2,2,2,17,322,276,751,597,1.00712,0,0
025040107410003168d2a000a00000e2,2,2,18,322,276,751,597,1.00712,0,0
025040107410003168d2a000a00000e2,2,2,19,322,276,751,597,1.00712,0,0
025040107410003168d2a000a00000e2,2,2,20,322,276,751,597,1.00712,0,0
025040107410003168d2a000a00000e2,2,2,21,322,276,751,597,1.00712,0,0
025040107410003168d2a000a00000e2,2,2,22,322,276,751,597,1.00712,0,0
025040107410003168d2a000a00000e2,2,2,23,322,276,751,597,1.00712,0,0
025040107410003168d2a000a00000e2,2,2,24,322,276,751,597,1.00712,0,0
025040107410003168d2a000a00000e2,2,2,25,322,276,751,597,1.00712,0,0
025040107410003168d2a000a00000e2,2,2,26,322,276,751,597,1.00712,0,0
025040107410003168d2a000a00000e2,2,2,27,322,276,751,597,1.00712,0,0
025040107410003168d2a000a00000e2,2,2,28,322,276,751,597,1.00712,0,0
025040107410003168d2a000a00000e2,2,2,29,322,276,751,597,1.00712,0,0
025040107410003168d2a000a00000e2,2,2,30,322,276,751,597,1.00712,0,0
025040107410003168d2a000a00000e2,2,2,31,322,276,751,597,1.00712,0,0
025040107410003168d2a000a00000e2,2,2,32,322,276,751,597,1.00712,0,0
025040107410003168d2a000a00000e2,2,2,33,322,276,751,597,1.00712,0,0
025040107410003168d2a000a00000e2,2,2,34,322,276,751,597,1.00712,0,0
025040107410003168d2a000a00000e2,2,2,35,322,276,751,597,1.00712,0,0
025040107410003168d2a000a00000e2,2,2,36,322,276,751,597,1.00712,0,0
025040107410003168d2a000a00000e2,2,2,37,322,276,751,597,1.00712,0,0
025040107410003168d2a000a00000e2,2,2,38,322,276,751,597,1.00712,0,0
025040107410003168d2a000a00000e2,2,2,39,322,276,751,597,1.00712,0,0
025040107410003168d2a000a00000e2,2,2,40,322,276,751,597,1.00712,0,0
025040107410003168d2a000a00000e2,2,2,41,322,276,751,597,1.00712,0,0
025040107410003168d2a000a00000e2,2,2,42,322,276,751,597,1.00712,0,0
025040107410003168d2a000a00000e2,2,2,43,322,276,751,597,1.00712,0,0
025040107410003168d2a000a00000e2,2,2,44,322,276,751,597,1.00712,0,0
025040107410003168d2a000a00000e2,2,2,45,322,276,751,597,1.00712,0,0
025040107410003168d2a000a00000e2,2,2,46,322,276,751,597,1.00712,0,0
025040107410003168d2a000a00000e2,2,2,47,322,276,751,597,1.00712,0,0
025040107410003168d2a000a00000e2,2,2,48,322,276,751,597,1.00712,0,0
025040107410003168d2a000a00000e2,2,2,49,322,276,751,597,1.00712,0,0
025040107410003168d2a000a00000e2,2,2,50,322,276,751,597,1.00712,0,0
025040107410003168d2a000a00000e2,2,2,51,322,276,751,597,1.00712,0,0
025040107410003168d2a000a00000e2,2,2,52,322,276,751,597,1.00712,0,0
025040107410003168d2a000a00000e2,2,2,53,322,276,751,597,1.00712,0,0
025040107410003168d2a000a00000e2,2,2,54,322,276,751,597,1.00712,0,0
025040107410003168d2a000a00000e2,2,2,55,322,276,751,597,1.00712,0,0
025040107410003168d2a000a00000e2,2,2,56,322,276,751,597,1.00712,0,0
025040107410003168d2a000a00000e2,2,2,57,322,276,751,597,1.00712,0,0
025040107410003168d2a000a00000e2,2,2,58,322,276,751,597,1.00712,0,0
025040107410003168d2a000a00000e2,2,2,59,322,276,751,597,1.00712,0,0
025040107410003168d2a000a00000e2,2,2,60,322,276,751,597,1.00712,0,0
025040107410003168d2a000a00000e2,2,2,61,322,276,751,597,1.00712,0,0
025040107410003168d2a000a00000e2,2,2,62,322,276,751,597,1.00712,0,0
025040107410003168d2a000a00000e2,2,2,63,322,276,751,597,1.00712,0,0
025040107410003168d2a000a00000e2,2,2,0,322,276,752,598,1.0204,0,0
025040107410003168d2a000a00000e2,2,2,1,322,276,752,598,1.0204,0,0
025040107410003168d2a000a00000e2,2,2,2,322,276,752,598,1.0204,0,0
025040107410003168d2a000a00000e2,2,2,3,322,276,752,598,1.0204,0,0
025040107410003168d2a000a00000e2,2,2,4,322,276,752,598,1.0204,0,0
025040107410003168d2a000a00000e2,2,2,5,322,276,752,598,1.0204,0,0
025040107410003168d2a000a00000e2,2,2,6,322,276,752,598,1.0204,0,0
025040107410003168d2a000a00000e2,2,2,7,322,276,752,598,1.0204,0,0
025040107410003168d2a000a00000e2,2,2,8,322,276,752,598,1.0204,0,0
025040107410003168d2a000a00000e2,2,2,9,322,276,752,598,1.0204,0,0
025040107410003168d2a000a00000e2,2,2,10,322,276,752,598,1.0204,0,0
025040107410003168d2a000a00000e2,2,2,11,322,276,752,598,1.0204,0,0
025040107410003168d2a000a00000e2,2,2,12,322,276,752,598,1.0204,0,0
025040107410003168d2a000a00000e2,2,2,13,322,276,752,598,1.0204,0,0
025040107410003168d2a000a00000e2,2,2,14,322,276,752,598,1.0204,0,0
025040107410003168d2a000a00000e2,2,2,15,322,276,752,598,1.0204,0,0
025040107410003168d2a000a00000e2,2,2,16,322,276,752,598,1.0204,0,0
025040107410003168d2a000a00000e2,2,2,17,322,276,752,598,1.0204,0,0
025040107410003168d2a000a00000e2,2,2,18,322,276,752,598,1.0204,0,0
025040107410003168d2a000a00000e2,2,2,19,322,276,752,598,1.0204,0,0
025040107410003168d2a000a00000e2,2,2,20,322,276,752,598,1.0204,0,0
025040107410003168d2a000a00000e2,2,2,21,322,276,752,598,1.0204,0,0
025040107410003168d2a000a00000e2,2,2,22,322,276,752,598,1.0204,0,0
025040107410003168d2a000a00000e2,2,2,23,322,276,752,598,1.0204,0,0
025040107410003168d2a000a00000e2,2,2,24,322,276,752,598,1.0204,0,0
025040107410003168d2a000a00000e2,2,2,25,322,276,752,598,1.0204,0,0
025040107410003168d2a000a00000e2,2,2,26,322,276,752,598,1.0204,0,0
025040107410003168d2a000a00000e2,2,2,27,322,276,752,598,1.0204,0,0
025040107410003168d2a000a00000e2,2,2,28,322,276,752,598,1.0204,0,0
025040107410003168d2a000a00000e2,2,2,29,322,276,752,598,1.0204,0,0
025040107410003168d2a000a00000e2,2,2,30,322,276,752,598,1.0204,0,0
025040107410003168d2a000a00000e2,2,2,31,322,276,752,598,1.0204,0,0
025040107410003168d2a000a00000e2,2,2,32,322,276,752,598,1.0204,0,0
025040107410003168d2a000a00000e2,2,2,33,322,276,752,598,1.0204,0,0
025040107410003168d2a000a00000e2,2,2,34,322,276,752,598,1.0204,0,0
025040107410003168d2a000a00000e2,2,2,35,322,276,752,598,1.0204,0,0
025040107410003168d2a000a00000e2,2,2,36,322,276,752,598,1.0204,0,0
025040107410003168d2a000a00000e2,2,2,37,322,276,752,598,1.0204,0,0
025040107410003168d2a000a00000e2,2,2,38,322,276,752,598,1.0204,0,0
025040107410003168d2a000a00000e2,2,2,39,322,276,752,598,1.0204,0,0
025040107410003168d2a000a00000e2,2,2,40,322,276,752,598,1.0204,0,0
025040107410003168d2a000a00000e2,2,2,41,322,276,752,598,1.0204,0,0
025040107410003168d2a000a00000e2,2,2,42,322,276,752,598,1.0204,0,0
025040107410003168d2a000a00000e2,2,2,43,322,276,752,598,1.0204,0,0
025040107410003168d2a000a00000e2,2,2,44,322,276,752,598,1.0204,0,0
025040107410003168d2a000a00000e2,2,2,45,322,276,752,598,1.0204,0,0
025040107410003168d2a000a00000e2,2,2,46,322,276,752,598,1.0204,0,0
025040107410003168d2a000a00000e2,2,2,47,322,276,752,598,1.0204,0,0
025040107410003168d2a000a00000e2,2,2,48,322,276,752,598,1.0204,0,0
025040107410003168d2a000a00000e2,2,2,49,322,276,752,598,1.0204,0,0
025040107410003168d2a000a00000e2,2,2,50,322,276,752,598,1.0204,0,0
025040107410003168d2a000a00000e2,2,2,51,322,276,752,598,1.0204,0,0
025040107410003168d2a000a00000e2,2,2,52,322,276,752,598,1.0204,0,0
025040107410003168d2a000a00000e2,2,2,53,322,276,752,598,1.0204,0,0
025040107410003168d2a000a00000e2,2,2,54,322,276,752,598,1.0204,0,0
025040107410003168d2a000a00000e2,2,2,55,322,276,752,598,1.0204,0,0
025040107410003168d2a000a00000e2,2,2,56,322,276,752,598,1.0204,0,0
025040107410003168d2a000a00000e2,2,2,57,322,276,752,598,1.0204,0,0
025040107410003168d2a000a00000e2,2,2,58,322,276,752,598,1.0204,0,0
025040107410003168d2a000a00000e2,2,2,59,322,276,752,598,1.0204,0,0
025040107410003168d2a000a00000e2,2,2,60,322,276,752,598,1.0204,0,0
025040107410003168d2a000a00000e2,2,2,61,322,276,752,598,1.0204,0,0
025040107410003168d2a000a00000e2,2,2,62,322,276,752,598,1.0204,0,0
025040107410003168d2a000a00000e2,2,2,63,322,276,752,598,1.0204,0,0
025040107410003168d2a000a00000e2,2,2,0,322,276,753,599,1.07938,0,0
025040107410003168d2a000a00000e2,2,2,1,322,276,753,599,1.07938,0,0
025040107410003168d2a000a00000e2,2,2,2,322,276,753,599,1.07938,0,0
025040107410003168d2a000a00000e2,2,2,3,322,276,753,599,1.07938,0,0
025040107410003168d2a000a00000e2,2,2,4,322,276,753,599,1.07938,0,0
025040107410003168d2a000a00000e2,2,2,5,322,276,753,599,1.07938,0,0
025040107410003168d2a000a00000e2,2,2,6,322,276,753,599,1.07938,0,0
025040107410003168d2a000a00000e2,2,2,7,322,276,753,599,1.07938,0,0
025040107410003168d2a000a00000e2,2,2,8,322,276,753,599,1.07938,0,0
025040107410003168d2a000a00000e2,2,2,9,322,276,753,599,1.07938,0,0
025040107410003168d2a000a00000e2,2,2,10,322,276,753,599,1.07938,0,0
025040107410003168d2a000a00000e2,2,2,11,322,276,753,599,1.07938,0,0
025040107410003168d2a000a00000e2,2,2,12,322,276,753,599,1.07938,0,0
025040107410003168d2a000a00000e2,2,2,13,322,276,753,599,1.07938,0,0
025040107410003168d2a000a00000e2,2,2,14,322,276,753,599,1.07938,0,0
025040107410003168d2a000a00000e2,2,2,15,322,276,753,599,1.07938,0,0
025040107410003168d2a000a00000e2,2,2,16,322,276,753,599,1.07938,0,0
025040107410003168d2a000a00000e2,2,2,17,322,276,753,599,1.07938,0,0
025040107410003168d2a000a00000e2,2,2,18,322,276,753,599,1.07938,0,0
025040107410003168d2a000a00000e2,2,2,19,322,276,753,599,1.07938,0,0
025040107410003168d2a000a00000e2,2,2,20,322,276,753,599,1.07938,0,0
025040107410003168d2a000a00000e2,2,2,21,322,276,753,599,1.07938,0,0
025040107410003168d2a000a00000e2,2,2,22,322,276,753,599,1.07938,0,0
025040107410003168d2a000a00000e2,2,2,23,322,276,753,599,1.07938,0,0
025040107410003168d2a000a00000e2,2,2,24,322,276,753,599,1.07938,0,0
025040107410003168d2a000a00000e2,2,2,25,322,276,753,599,1.07938,0,0
025040107410003168d2a000a00000e2,2,2,26,322,276,753,599,1.07938,0,0
025040107410003168d2a000a00000e2,2,2,27,322,276,753,599,1.07938,0,0
025040107410003168d2a000a00000e2,2,2,28,322,276,753,599,1.07938,0,0
025040107410003168d2a000a00000e2,2,2,29,322,276,753,599,1.07938,0,0
025040107410003168d2a000a00000e2,2,2,30,322,276,753,599,1.07938,0,0
025040107410003168d2a000a00000e2,2,2,31,322,276,753,599,1.07938,0,0
025040107410003168d2a000a00000e2,2,2,32,322,276,753,599,1.07938,0,0
025040107410003168d2a000a00000e2,2,2,33,322,276,753,599,1.07938,0,0
025040107410003168d2a000a00000e2,2,2,34,322,276,753,599,1.07938,0,0
025040107410003168d2a000a00000e2,2,2,35,322,276,753,599,1.07938,0,0
025040107410003168d2a000a00000e2,2,2,36,322,276,753,599,1.07938,0,0
025040107410003168d2a000a00000e2,2,2,37,322,276,753,599,1.07938,0,0
025040107410003168d2a000a00000e2,2,2,38,322,276,753,599,1.07938,0,0
025040107410003168d2a000a00000e2,2,2,39,322,276,753,599,1.07938,0,0
025040107410003168d2a000a00000e2,2,2,40,322,276,753,599,1.07938,0,0
025040107410003168d2a000a00000e2,2,2,41,322,276,753,599,1.07938,0,0
025040107410003168d2a000a00000e2,2,2,42,322,276,753,599,1.07938,0,0
025040107410003168d2a000a00000e2,2,2,43,322,276,753,599,1.07938,0,0
025040107410003168d2a000a00000e2,2,2,44,322,276,753,599,1.07938,0,0
025040107410003168d2a000a00000e2,2,2,45,322,276,753,599,1.07938,0,0
025040107410003168d2a000a00000e2,2,2,46,322,276,753,599,1.07938,0,0
025040107410003168d2a000a00000e2,2,2,47,322,276,753,599,1.07938,0,0
025040107410003168d2a000a00000e2,2,2,48,322,276,753,599,1.07938,0,0
025040107410003168d2a000a00000e2,2,2,49,322,276,753,599,1.07938,0,0
025040107410003168d2a000a00000e2,2,2,50,322,276,753,599,1.07938,0,0
025040107410003168d2a000a00000e2,2,2,51,322,276,753,599,1.07938,0,0
025040107410003168d2a000a00000e2,2,2,52,322,276,753,599,1.07938,0,0
025040107410003168d2a000a00000e2,2,2,53,322,276,753,599,1.07938,0,0
025040107410003168d2a000a00000e2,2,2,54,322,276,753,599,1.07938,0,0
025040107410003168d2a000a00000e2,2,2,55,322,276,753,599,1.07938,0,0
025040107410003168d2a000a00000e2,2,2,56,322,276,753,599,1.07938,0,0
025040107410003168d2a000a00000e2,2,2,57,322,276,753,599,1.07938,0,0
025040107410003168d2a000a00000e2,2,2,58,322,276,753,599,1.07938,0,0
025040107410003168d2a000a00000e2,2,2,59,322,276,753,599,1.07938,0,0
025040107410003168d2a000a00000e2,2,2,60,322,276,753,599,1.07938,0,0
025040107410003168d2a000a00000e2,2,2,61,322,276,753,599,1.07938,0,0
025040107410003168d2a000a00000e2,2,2,62,322,276,753,599,1.07938,0,0
025040107410003168d2a000a00000e2,2,2,63,322,276,753,599,1.07938,0,0
025040107410003168d2a000a00000e2,2,2,0,322,276,754,600,1.07053,0,0
025040107410003168d2a000a00000e2,2,2,1,322,276,754,600,1.07053,0,0
025040107410003168d2a000a00000e2,2,2,2,322,276,754,600,1.07053,0,0
025040107410003168d2a000a00000e2,2,2,3,322,276,754,600,1.07053,0,0
025040107410003168d2a000a00000e2,2,2,4,322,276,754,600,1.07053,0,0
025040107410003168d2a000a00000e2,2,2,5,322,276,754,600,1.07053,0,0
025040107410003168d2a000a00000e2,2,2,6,322,276,754,600,1.07053,0,0
025040107410003168d2a000a00000e2,2,2,7,322,276,754,600,1.07053,0,0
025040107410003168d2a000a00000e2,2,2,8,322,276,754,600,1.07053,0,0
025040107410003168d2a000a00000e2,2,2,9,322,276,754,600,1.07053,0,0
025040107410003168d2a000a00000e2,2,2,10,322,276,754,600,1.07053,0,0
025040107410003168d2a000a00000e2,2,2,11,322,276,754,600,1.07053,0,0
025040107410003168d2a000a00000e2,2,2,12,322,276,754,600,1.07053,0,0
025040107410003168d2a000a00000e2,2,2,13,322,276,754,600,1.07053,0,0
025040107410003168d2a000a00000e2,2,2,14,322,276,754,600,1.07053,0,0
025040107410003168d2a000a00000e2,2,2,15,322,276,754,600,1.07053,0,0
025040107410003168d2a000a00000e2,2,2,16,322,276,754,600,1.07053,0,0
025040107410003168d2a000a00000e2,2,2,17,322,276,754,600,1.07053,0,0
025040107410003168d2a000a00000e2,2,2,18,322,276,754,600,1.07053,0,0
025040107410003168d2a000a00000e2,2,2,19,322,276,754,600,1.07053,0,0
025040107410003168d2a000a00000e2,2,2,20,322,276,754,600,1.07053,0,0
025040107410003168d2a000a00000e2,2,2,21,322,276,754,600,1.07053,0,0
025040107410003168d2a000a00000e2,2,2,22,322,276,754,600,1.07053,0,0
025040107410003168d2a000a00000e2,2,2,23,322,276,754,600,1.07053,0,0
025040107410003168d2a000a00000e2,2,2,24,322,276,754,600,1.07053,0,0
025040107410003168d2a000a00000e2,2,2,25,322,276,754,600,1.07053,0,0
025040107410003168d2a000a00000e2,2,2,26,322,276,754,600,1.07053,0,0
025040107410003168d2a000a00000e2,2,2,27,322,276,754,600,1.07053,0,0
025040107410003168d2a000a00000e2,2,2,28,322,276,754,600,1.07053,0,0
025040107410003168d2a000a00000e2,2,2,29,322,276,754,600,1.07053,0,0
025040107410003168d2a000a00000e2,2,2,30,322,276,754,600,1.07053,0,0
025040107410003168d2a000a00000e2,2,2,31,322,276,754,600,1.07053,0,0
025040107410003168d2a000a00000e2,2,2,32,322,276,754,600,1.07053,0,0
025040107410003168d2a000a00000e2,2,2,33,322,276,754,600,1.07053,0,0
025040107410003168d2a000a00000e2,2,2,34,322,276,754,600,1.07053,0,0
025040107410003168d2a000a00000e2,2,2,35,322,276,754,600,1.07053,0,0
025040107410003168d2a000a00000e2,2,2,36,322,276,754,600,1.07053,0,0
025040107410003168d2a000a00000e2,2,2,37,322,276,754,600,1.07053,0,0
025040107410003168d2a000a00000e2,2,2,38,322,276,754,600,1.07053,0,0
025040107410003168d2a000a00000e2,2,2,39,322,276,754,600,1.07053,0,0
025040107410003168d2a000a00000e2,2,2,40,322,276,754,600,1.07053,0,0
025040107410003168d2a000a00000e2,2,2,41,322,276,754,600,1.07053,0,0
025040107410003168d2a000a00000e2,2,2,42,322,276,754,600,1.07053,0,0
025040107410003168d2a000a00000e2,2,2,43,322,276,754,600,1.07053,0,0
025040107410003168d2a000a00000e2,2,2,44,322,276,754,600,1.07053,0,0
025040107410003168d2a000a00000e2,2,2,45,322,276,754,600,1.07053,0,0
025040107410003168d2a000a00000e2,2,2,46,322,276,754,600,1.07053,0,0
025040107410003168d2a000a00000e2,2,2,47,322,276,754,600,1.07053,0,0
025040107410003168d2a000a00000e2,2,2,48,322,276,754,600,1.07053,0,0
025040107410003168d2a000a00000e2,2,2,49,322,276,754,600,1.07053,0,0
025040107410003168d2a000a00000e2,2,2,50,322,276,754,600,1.07053,0,0
025040107410003168d2a000a00000e2,2,2,51,322,276,754,600,1.07053,0,0
025040107410003168d2a000a00000e2,2,2,52,322,276,754,600,1.07053,0,0
025040107410003168d2a000a00000e2,2,2,53,322,276,754,600,1.07053,0,0
025040107410003168d2a000a00000e2,2,2,54,322,276,754,600,1.07053,0,0
025040107410003168d2a000a00000e2,2,2,55,322,276,754,600,1.07053,0,0
025040107410003168d2a000a00000e2,2,2,56,322,276,754,600,1.07053,0,0
025040107410003168d2a000a00000e2,2,2,57,322,276,754,600,1.07053,0,0
025040107410003168d2a000a00000e2,2,2,58,322,276,754,600,1.07053,0,0
025040107410003168d2a000a00000e2,2,2,59,322,276,754,600,1.07053,0,0
025040107410003168d2a000a00000e2,2,2,60,322,276,754,600,1.07053,0,0
025040107410003168d2a000a00000e2,2,2,61,322,276,754,600,1.07053,0,0
025040107410003168d2a000a00000e2,2,2,62,322,276,754,600,1.07053,0,0
025040107410003168d2a000a00000e2,2,2,63,322,276,754,600,1.07053,0,0
025040107410003168d2a000a00000e2,2,2,0,322,276,755,600,1.05873,0,0
025040107410003168d2a000a00000e2,2,2,1,322,276,755,600,1.05873,0,0
025040107410003168d2a000a00000e2,2,2,2,322,276,755,600,1.05873,0,0
025040107410003168d2a000a00000e2,2,2,3,322,276,755,600,1.05873,0,0
025040107410003168d2a000a00000e2,2,2,4,322,276,755,600,1.05873,0,0
025040107410003168d2a000a00000e2,2,2,5,322,276,755,600,1.05873,0,0
025040107410003168d2a000a00000e2,2,2,6,322,276,755,600,1.05873,0,0
025040107410003168d2a000a00000e2,2,2,7,322,276,755,600,1.05873,0,0
025040107410003168d2a000a00000e2,2,2,8,322,276,755,600,1.05873,0,0
025040107410003168d2a000a00000e2,2,2,9,322,276,755,600,1.05873,0,0
025040107410003168d2a000a00000e2,2,2,10,322,276,755,600,1.05873,0,0
025040107410003168d2a000a00000e2,2,2,11,322,276,755,600,1.05873,0,0
025040107410003168d2a000a00000e2,2,2,12,322,276,755,600,1.05873,0,0
025040107410003168d2a000a00000e2,2,2,13,322,276,755,600,1.05873,0,0
025040107410003168d2a000a00000e2,2,2,14,322,276,755,600,1.05873,0,0
025040107410003168d2a000a00000e2,2,2,15,322,276,755,600,1.05873,0,0
025040107410003168d2a000a00000e2,2,2,16,322,276,755,600,1.05873,0,0
025040107410003168d2a000a00000e2,2,2,17,322,276,755,600,1.05873,0,0
025040107410003168d2a000a00000e2,2,2,18,322,276,755,600,1.05873,0,0
025040107410003168d2a000a00000e2,2,2,19,322,276,755,600,1.05873,0,0
025040107410003168d2a000a00000e2,2,2,20,322,276,755,600,1.05873,0,0
025040107410003168d2a000a00000e2,2,2,21,322,276,755,600,1.05873,0,0
025040107410003168d2a000a00000e2,2,2,22,322,276,755,600,1.05873,0,0
025040107410003168d2a000a00000e2,2,2,23,322,276,755,600,1.05873,0,0
025040107410003168d2a000a00000e2,2,2,24,322,276,755,600,1.05873,0,0
025040107410003168d2a000a00000e2,2,2,25,322,276,755,600,1.05873,0,0
025040107410003168d2a000a00000e2,2,2,26,322,276,755,600,1.05873,0,0
025040107410003168d2a000a00000e2,2,2,27,322,276,755,600,1.05873,0,0
025040107410003168d2a000a00000e2,2,2,28,322,276,755,600,1.05873,0,0
025040107410003168d2a000a00000e2,2,2,29,322,276,755,600,1.05873,0,0
025040107410003168d2a000a00000e2,2,2,30,322,276,755,600,1.05873,0,0
025040107410003168d2a000a00000e2,2,2,31,322,276,755,600,1.05873,0,0
025040107410003168d2a000a00000e2,2,2,32,322,276,755,600,1.05873,0,0
025040107410003168d2a000a00000e2,2,2,33,322,276,755,600,1.05873,0,0
025040107410003168d2a000a00000e2,2,2,34,322,276,755,600,1.05873,0,0
025040107410003168d2a000a00000e2,2,2,35,322,276,755,600,1.05873,0,0
025040107410003168d2a000a00000e2,2,2,36,322,276,755,600,1.05873,0,0
025040107410003168d2a000a00000e2,2,2,37,322,276,755,600,1.05873,0,0
025040107410003168d2a000a00000e2,2,2,38,322,276,755,600,1.05873,0,0
025040107410003168d2a000a00000e2,2,2,39,322,276,755,600,1.05873,0,0
025040107410003168d2a000a00000e2,2,2,40,322,276,755,600,1.05873,0,0
025040107410003168d2a000a00000e2,2,2,41,322,276,755,600,1.05873,0,0
025040107410003168d2a000a00000e2,2,2,42,322,276,755,600,1.05873,0,0
025040107410003168d2a000a00000e2,2,2,43,322,276,755,600,1.05873,0,0
025040107410003168d2a000a00000e2,2,2,44,322,276,755,600,1.05873,0,0
025040107410003168d2a000a00000e2,2,2,45,322,276,755,600,1.05873,0,0
025040107410003168d2a000a00000e2,2,2,46,322,276,755,600,1.05873,0,0
025040107410003168d2a000a00000e2,2,2,47,322,276,755,600,1.05873,0,0
025040107410003168d2a000a00000e2,2,2,48,322,276,755,600,1.05873,0,0
025040107410003168d2a000a00000e2,2,2,49,322,276,755,600,1.05873,0,0
025040107410003168d2a000a00000e2,2,2,50,322,276,755,600,1.05873,0,0
025040107410003168d2a000a00000e2,2,2,51,322,276,755,600,1.05873,0,0
025040107410003168d2a000a00000e2,2,2,52,322,276,755,600,1.05873,0,0
025040107410003168d2a000a00000e2,2,2,53,322,276,755,600,1.05873,0,0
025040107410003168d2a000a00000e2,2,2,54,322,276,755,600,1.05873,0,0
025040107410003168d2a000a00000e2,2,2,55,322,276,755,600,1.05873,0,0
025040107410003168d2a000a00000e2,2,2,56,322,276,755,600,1.05873,0,0
025040107410003168d2a000a00000e2,2,2,57,322,276,755,600,1.05873,0,0
025040107410003168d2a000a00000e2,2,2,58,322,276,755,600,1.05873,0,0
025040107410003168d2a000a00000e2,2,2,59,322,276,755,600,1.05873,0,0
025040107410003168d2a000a00000e2,2,2,60,322,276,755,600,1.05873,0,0
025040107410003168d2a000a00000e2,2,2,61,322,276,755,600,1.05873,0,0
025040107410003168d2a000a00000e2,2,2,62,322,276,755,600,1.05873,0,0
025040107410003168d2a000a00000e2,2,2,63,322,276,755,600,1.05873,0,0
025040107410003168d2a000a00000e2,2,2,0,322,276,756,601,1.07643,0,0
025040107410003168d2a000a00000e2,2,2,1,322,276,756,601,1.07643,0,0
025040107410003168d2a000a00000e2,2,2,2,322,276,756,601,1.07643,0,0
025040107410003168d2a000a00000e2,2,2,3,322,276,756,601,1.07643,0,0
025040107410003168d2a000a00000e2,2,2,4,322,276,756,601,1.07643,0,0
025040107410003168d2a000a00000e2,2,2,5,322,276,756,601,1.07643,0,0
025040107410003168d2a000a00000e2,2,2,6,322,276,756,601,1.07643,0,0
025040107410003168d2a000a00000e2,2,2,7,322,276,756,601,1.07643,0,0
025040107410003168d2a000a00000e2,2,2,8,322,276,756,601,1.07643,0,0
025040107410003168d2a000a00000e2,2,2,9,322,276,756,601,1.07643,0,0
025040107410003168d2a000a00000e2,2,2,10,322,276,756,601,1.07643,0,0
025040107410003168d2a000a00000e2,2,2,11,322,276,756,601,1.07643,0,0
025040107410003168d2a000a00000e2,2,2,12,322,276,756,601,1.07643,0,0
025040107410003168d2a000a00000e2,2,2,13,322,276,756,601,1.07643,0,0
025040107410003168d2a000a00000e2,2,2,14,322,276,756,601,1.07643,0,0
025040107410003168d2a000a00000e2,2,2,15,322,276,756,601,1.07643,0,0
025040107410003168d2a000a00000e2,2,2,16,322,276,756,601,1.07643,0,0
025040107410003168d2a000a00000e2,2,2,17,322,276,756,601,1.07643,0,0
025040107410003168d2a000a00000e2,2,2,18,322,276,756,601,1.07643,0,0
025040107410003168d2a000a00000e2,2,2,19,322,276,756,601,1.07643,0,0
025040107410003168d2a000a00000e2,2,2,20,322,276,756,601,1.07643,0,0
025040107410003168d2a000a00000e2,2,2,21,322,276,756,601,1.07643,0,0
025040107410003168d2a000a00000e2,2,2,22,322,276,756,601,1.07643,0,0
025040107410003168d2a000a00000e2,2,2,23,322,276,756,601,1.07643,0,0
025040107410003168d2a000a00000e2,2,2,24,322,276,756,601,1.07643,0,0
025040107410003168d2a000a00000e2,2,2,25,322,276,756,601,1.07643,0,0
025040107410003168d2a000a00000e2,2,2,26,322,276,756,601,1.07643,0,0
025040107410003168d2a000a00000e2,2,2,27,322,276,756,601,1.07643,0,0
025040107410003168d2a000a00000e2,2,2,28,322,276,756,601,1.07643,0,0
025040107410003168d2a000a00000e2,2,2,29,322,276,756,601,1.07643,0,0
025040107410003168d2a000a00000e2,2,2,30,322,276,756,601,1.07643,0,0
025040107410003168d2a000a00000e2,2,2,31,322,276,756,601,1.07643,0,0
025040107410003168d2a000a00000e2,2,2,32,322,276,756,601,1.07643,0,0
025040107410003168d2a000a00000e2,2,2,33,322,276,756,601,1.07643,0,0
025040107410003168d2a000a00000e2,2,2,34,322,276,756,601,1.07643,0,0
025040107410003168d2a000a00000e2,2,2,35,322,276,756,601,1.07643,0,0
025040107410003168d2a000a00000e2,2,2,36,322,276,756,601,1.07643,0,0
025040107410003168d2a000a00000e2,2,2,37,322,276,756,601,1.07643,0,0
025040107410003168d2a000a00000e2,2,2,38,322,276,756,601,1.07643,0,0
025040107410003168d2a000a00000e2,2,2,39,322,276,756,601,1.07643,0,0
025040107410003168d2a000a00000e2,2,2,40,322,276,756,601,1.07643,0,0
025040107410003168d2a000a00000e2,2,2,41,322,276,756,601,1.07643,0,0
025040107410003168d2a000a00000e2,2,2,42,322,276,756,601,1.07643,0,0
025040107410003168d2a000a00000e2,2,2,43,322,276,756,601,1.07643,0,0
025040107410003168d2a000a00000e2,2,2,44,322,276,756,601,1.07643,0,0
025040107410003168d2a000a00000e2,2,2,45,322,276,756,601,1.07643,0,0
025040107410003168d2a000a00000e2,2,2,46,322,276,756,601,1.07643,0,0
025040107410003168d2a000a00000e2,2,2,47,322,276,756,601,1.07643,0,0
025040107410003168d2a000a00000e2,2,2,48,322,276,756,601,1.07643,0,0
025040107410003168d2a000a00000e2,2,2,49,322,276,756,601,1.07643,0,0
025040107410003168d2a000a00000e2,2,2,50,322,276,756,601,1.07643,0,0
025040107410003168d2a000a00000e2,2,2,51,322,276,756,601,1.07643,0,0
025040107410003168d2a000a00000e2,2,2,52,322,276,756,601,1.07643,0,0
025040107410003168d2a000a00000e2,2,2,53,322,276,756,601,1.07643,0,0
025040107410003168d2a000a00000e2,2,2,54,322,276,756,601,1.07643,0,0
025040107410003168d2a000a00000e2,2,2,55,322,276,756,601,1.07643,0,0
025040107410003168d2a000a00000e2,2,2,56,322,276,756,601,1.07643,0,0
025040107410003168d2a000a00000e2,2,2,57,322,276,756,601,1.07643,0,0
025040107410003168d2a000a00000e2,2,2,58,322,276,756,601,1.07643,0,0
025040107410003168d2a000a00000e2,2,2,59,322,276,756,601,1.07643,0,0
025040107410003168d2a000a00000e2,2,2,60,322,276,756,601,1.07643,0,0
025040107410003168d2a000a00000e2,2,2,61,322,276,756,601,1.07643,0,0
025040107410003168d2a000a00000e2,2,2,62,322,276,756,601,1.07643,0,0
025040107410003168d2a000a00000e2,2,2,63,322,276,756,601,1.07643,0,0
025040107410003168d2a000a00000e2,2,2,0,322,276,757,602,1.0897,0,0
025040107410003168d2a000a00000e2,2,2,1,322,276,757,602,1.0897,0,0
025040107410003168d2a000a00000e2,2,2,2,322,276,757,602,1.0897,0,0
025040107410003168d2a000a00000e2,2,2,3,322,276,757,602,1.0897,0,0
025040107410003168d2a000a00000e2,2,2,4,322,276,757,602,1.0897,0,0
025040107410003168d2a000a00000e2,2,2,5,322,276,757,602,1.0897,0,0
025040107410003168d2a000a00000e2,2,2,6,322,276,757,602,1.0897,0,0
025040107410003168d2a000a00000e2,2,2,7,322,276,757,602,1.0897,0,0
025040107410003168d2a000a00000e2,2,2,8,322,276,757,602,1.0897,0,0
025040107410003168d2a000a00000e2,2,2,9,322,276,757,602,1.0897,0,0
025040107410003168d2a000a00000e2,2,2,10,322,276,757,602,1.0897,0,0
025040107410003168d2a000a00000e2,2,2,11,322,276,757,602,1.0897,0,0
025040107410003168d2a000a00000e2,2,2,12,322,276,757,602,1.0897,0,0
025040107410003168d2a000a00000e2,2,2,13,322,276,757,602,1.0897,0,0
025040107410003168d2a000a00000e2,2,2,14,322,276,757,602,1.0897,0,0
025040107410003168d2a000a00000e2,2,2,15,322,276,757,602,1.0897,0,0
025040107410003168d2a000a00000e2,2,2,16,322,276,757,602,1.0897,0,0
025040107410003168d2a000a00000e2,2,2,17,322,276,757,602,1.0897,0,0
025040107410003168d2a000a00000e2,2,2,18,322,276,757,602,1.0897,0,0
025040107410003168d2a000a00000e2,2,2,19,322,276,757,602,1.0897,0,0
025040107410003168d2a000a00000e2,2,2,20,322,276,757,602,1.0897,0,0
025040107410003168d2a000a00000e2,2,2,21,322,276,757,602,1.0897,0,0
025040107410003168d2a000a00000e2,2,2,22,322,276,757,602,1.0897,0,0
025040107410003168d2a000a00000e2,2,2,23,322,276,757,602,1.0897,0,0
025040107410003168d2a000a00000e2,2,2,24,322,276,757,602,1.0897,0,0
025040107410003168d2a000a00000e2,2,2,25,322,276,757,602,1.0897,0,0
025040107410003168d2a000a00000e2,2,2,26,322,276,757,602,1.0897,0,0
025040107410003168d2a000a00000e2,2,2,27,322,276,757,602,1.0897,0,0
025040107410003168d2a000a00000e2,2,2,28,322,276,757,602,1.0897,0,0
025040107410003168d2a000a00000e2,2,2,29,322,276,757,602,1.0897,0,0
025040107410003168d2a000a00000e2,2,2,30,322,276,757,602,1.0897,0,0
025040107410003168d2a000a00000e2,2,2,31,322,276,757,602,1.0897,0,0
025040107410003168d2a000a00000e2,2,2,32,322,276,757,602,1.0897,0,0
025040107410003168d2a000a00000e2,2,2,33,322,276,757,602,1.0897,0,0
025040107410003168d2a000a00000e2,2,2,34,322,276,757,602,1.0897,0,0
025040107410003168d2a000a00000e2,2,2,35,322,276,757,602,1.0897,0,0
025040107410003168d2a000a00000e2,2,2,36,322,276,757,602,1.0897,0,0
025040107410003168d2a000a00000e2,2,2,37,322,276,757,602,1.0897,0,0
025040107410003168d2a000a00000e2,2,2,38,322,276,757,602,1.0897,0,0
025040107410003168d2a000a00000e2,2,2,39,322,276,757,602,1.0897,0,0
025040107410003168d2a000a00000e2,2,2,40,322,276,757,602,1.0897,0,0
025040107410003168d2a000a00000e2,2,2,41,322,276,757,602,1.0897,0,0
025040107410003168d2a000a00000e2,2,2,42,322,276,757,602,1.0897,0,0
025040107410003168d2a000a00000e2,2,2,43,322,276,757,602,1.0897,0,0
025040107410003168d2a000a00000e2,2,2,44,322,276,757,602,1.0897,0,0
025040107410003168d2a000a00000e2,2,2,45,322,276,757,602,1.0897,0,0
025040107410003168d2a000a00000e2,2,2,46,322,276,757,602,1.0897,0,0
025040107410003168d2a000a00000e2,2,2,47,322,276,757,602,1.0897,0,0
025040107410003168d2a000a00000e2,2,2,48,322,276,757,602,1.0897,0,0
025040107410003168d2a000a00000e2,2,2,49,322,276,757,602,1.0897,0,0
025040107410003168d2a000a00000e2,2,2,50,322,276,757,602,1.0897,0,0
025040107410003168d2a000a00000e2,2,2,51,322,276,757,602,1.0897,0,0
025040107410003168d2a000a00000e2,2,2,52,322,276,757,602,1.0897,0,0
025040107410003168d2a000a00000e2,2,2,53,322,276,757,602,1.0897,0,0
025040107410003168d2a000a00000e2,2,2,54,322,276,757,602,1.0897,0,0
025040107410003168d2a000a00000e2,2,2,55,322,276,757,602,1.0897,0,0
025040107410003168d2a000a00000e2,2,2,56,322,276,757,602,1.0897,0,0
025040107410003168d2a000a00000e2,2,2,57,322,276,757,602,1.0897,0,0
025040107410003168d2a000a00000e2,2,2,58,322,276,757,602,1.0897,0,0
025040107410003168d2a000a00000e2,2,2,59,322,276,757,602,1.0897,0,0
025040107410003168d2a000a00000e2,2,2,60,322,276,757,602,1.0897,0,0
025040107410003168d2a000a00000e2,2,2,61,322,276,757,602,1.0897,0,0
025040107410003168d2a000a00000e2,2,2,62,322,276,757,602,1.0897,0,0
025040107410003168d2a000a00000e2,2,2,63,322,276,757,602,1.0897,0,0
025040107410003168d2a000a00000e2,2,2,0,322,276,758,603,1.08528,0,0
025040107410003168d2a000a00000e2,2,2,1,322,276,758,603,1.08528,0,0
025040107410003168d2a000a00000e2,2,2,2,322,276,758,603,1.08528,0,0
025040107410003168d2a000a00000e2,2,2,3,322,276,758,603,1.08528,0,0
025040107410003168d2a000a00000e2,2,2,4,322,276,758,603,1.08528,0,0
025040107410003168d2a000a00000e2,2,2,5,322,276,758,603,1.08528,0,0
025040107410003168d2a000a00000e2,2,2,6,322,276,758,603,1.08528,0,0
025040107410003168d2a000a00000e2,2,2,7,322,276,758,603,1.08528,0,0
025040107410003168d2a000a00000e2,2,2,8,322,276,758,603,1.08528,0,0
025040107410003168d2a000a00000e2,2,2,9,322,276,758,603,1.08528,0,0
025040107410003168d2a000a00000e2,2,2,10,322,276,758,603,1.08528,0,0
025040107410003168d2a000a00000e2,2,2,11,322,276,758,603,1.08528,0,0
025040107410003168d2a000a00000e2,2,2,12,322,276,758,603,1.08528,0,0
025040107410003168d2a000a00000e2,2,2,13,322,276,758,603,1.08528,0,0
025040107410003168d2a000a00000e2,2,2,14,322,276,758,603,1.08528,0,0
025040107410003168d2a000a00000e2,2,2,15,322,276,758,603,1.08528,0,0
025040107410003168d2a000a00000e2,2,2,16,322,276,758,603,1.08528,0,0
025040107410003168d2a000a00000e2,2,2,17,322,276,758,603,1.08528,0,0
025040107410003168d2a000a00000e2,2,2,18,322,276,758,603,1.08528,0,0
025040107410003168d2a000a00000e2,2,2,19,322,276,758,603,1.08528,0,0
025040107410003168d2a000a00000e2,2,2,20,322,276,758,603,1.08528,0,0
025040107410003168d2a000a00000e2,2,2,21,322,276,758,603,1.08528,0,0
025040107410003168d2a000a00000e2,2,2,22,322,276,758,603,1.08528,0,0
025040107410003168d2a000a00000e2,2,2,23,322,276,758,603,1.08528,0,0
025040107410003168d2a000a00000e2,2,2,24,322,276,758,603,1.08528,0,0
025040107410003168d2a000a00000e2,2,2,25,322,276,758,603,1.08528,0,0
025040107410003168d2a000a00000e2,2,2,26,322,276,758,603,1.08528,0,0
025040107410003168d2a000a00000e2,2,2,27,322,276,758,603,1.08528,0,0
025040107410003168d2a000a00000e2,2,2,28,322,276,758,603,1.08528,0,0
025040107410003168d2a000a00000e2,2,2,29,322,276,758,603,1.08528,0,0
025040107410003168d2a000a00000e2,2,2,30,322,276,758,603,1.08528,0,0
025040107410003168d2a000a00000e2,2,2,31,322,276,758,603,1.08528,0,0
025040107410003168d2a000a00000e2,2,2,32,322,276,758,603,1.08528,0,0
025040107410003168d2a000a00000e2,2,2,33,322,276,758,603,1.08528,0,0
025040107410003168d2a000a00000e2,2,2,34,322,276,758,603,1.08528,0,0
025040107410003168d2a000a00000e2,2,2,35,322,276,758,603,1.08528,0,0
025040107410003168d2a000a00000e2,2,2,36,322,276,758,603,1.08528,0,0
025040107410003168d2a000a00000e2,2,2,37,322,276,758,603,1.08528,0,0
025040107410003168d2a000a00000e2,2,2,38,322,276,758,603,1.08528,0,0
025040107410003168d2a000a00000e2,2,2,39,322,276,758,603,1.08528,0,0
025040107410003168d2a000a00000e2,2,2,40,322,276,758,603,1.08528,0,0
025040107410003168d2a000a00000e2,2,2,41,322,276,758,603,1.08528,0,0
025040107410003168d2a000a00000e2,2,2,42,322,276,758,603,1.08528,0,0
025040107410003168d2a000a00000e2,2,2,43,322,276,758,603,1.08528,0,0
025040107410003168d2a000a00000e2,2,2,44,322,276,758,603,1.08528,0,0
025040107410003168d2a000a00000e2,2,2,45,322,276,758,603,1.08528,0,0
025040107410003168d2a000a00000e2,2,2,46,322,276,758,603,1.08528,0,0
025040107410003168d2a000a00000e2,2,2,47,322,276,758,603,1.08528,0,0
025040107410003168d2a000a00000e2,2,2,48,322,276,758,603,1.08528,0,0
025040107410003168d2a000a00000e2,2,2,49,322,276,758,603,1.08528,0,0
025040107410003168d2a000a00000e2,2,2,50,322,276,758,603,1.08528,0,0
025040107410003168d2a000a00000e2,2,2,51,322,276,758,603,1.08528,0,0
025040107410003168d2a000a00000e2,2,2,52,322,276,758,603,1.08528,0,0
025040107410003168d2a000a00000e2,2,2,53,322,276,758,603,1.08528,0,0
025040107410003168d2a000a00000e2,2,2,54,322,276,758,603,1.08528,0,0
025040107410003168d2a000a00000e2,2,2,55,322,276,758,603,1.08528,0,0
025040107410003168d2a000a00000e2,2,2,56,322,276,758,603,1.08528,0,0
025040107410003168d2a000a00000e2,2,2,57,322,276,758,603,1.08528,0,0
025040107410003168d2a000a00000e2,2,2,58,322,276,758,603,1.08528,0,0
025040107410003168d2a000a00000e2,2,2,59,322,276,758,603,1.08528,0,0
025040107410003168d2a000a00000e2,2,2,60,322,276,758,603,1.08528,0,0
025040107410003168d2a000a00000e2,2,2,61,322,276,758,603,1.08528,0,0
025040107410003168d2a000a00000e2,2,2,62,322,276,758,603,1.08528,0,0
025040107410003168d2a000a00000e2,2,2,63,322,276,758,603,1.08528,0,0
025040107410003168d2a000a00000e2,2,2,0,322,276,759,603,1.08823,0,0
025040107410003168d2a000a00000e2,2,2,1,322,276,759,603,1.08823,0,0
025040107410003168d2a000a00000e2,2,2,2,322,276,759,603,1.08823,0,0
025040107410003168d2a000a00000e2,2,2,3,322,276,759,603,1.08823,0,0
025040107410003168d2a000a00000e2,2,2,4,322,276,759,603,1.08823,0,0
025040107410003168d2a000a00000e2,2,2,5,322,276,759,603,1.08823,0,0
025040107410003168d2a000a00000e2,2,2,6,322,276,759,603,1.08823,0,0
025040107410003168d2a000a00000e2,2,2,7,322,276,759,603,1.08823,0,0
025040107410003168d2a000a00000e2,2,2,8,322,276,759,603,1.08823,0,0
025040107410003168d2a000a00000e2,2,2,9,322,276,759,603,1.08823,0,0
025040107410003168d2a000a00000e2,2,2,10,322,276,759,603,1.08823,0,0
025040107410003168d2a000a00000e2,2,2,11,322,276,759,603,1.08823,0,0
025040107410003168d2a000a00000e2,2,2,12,322,276,759,603,1.08823,0,0
025040107410003168d2a000a00000e2,2,2,13,322,276,759,603,1.08823,0,0
025040107410003168d2a000a00000e2,2,2,14,322,276,759,603,1.08823,0,0
025040107410003168d2a000a00000e2,2,2,15,322,276,759,603,1.08823,0,0
025040107410003168d2a000a00000e2,2,2,16,322,276,759,603,1.08823,0,0
025040107410003168d2a000a00000e2,2,2,17,322,276,759,603,1.08823,0,0
025040107410003168d2a000a00000e2,2,2,18,322,276,759,603,1.08823,0,0
025040107410003168d2a000a00000e2,2,2,19,322,276,759,603,1.08823,0,0
025040107410003168d2a000a00000e2,2,2,20,322,276,759,603,1.08823,0,0
025040107410003168d2a000a00000e2,2,2,21,322,276,759,603,1.08823,0,0
025040107410003168d2a000a00000e2,2,2,22,322,276,759,603,1.08823,0,0
025040107410003168d2a000a00000e2,2,2,23,322,276,759,603,1.08823,0,0
025040107410003168d2a000a00000e2,2,2,24,322,276,759,603,1.08823,0,0
025040107410003168d2a000a00000e2,2,2,25,322,276,759,603,1.08823,0,0
025040107410003168d2a000a00000e2,2,2,26,322,276,759,603,1.08823,0,0
025040107410003168d2a000a00000e2,2,2,27,322,276,759,603,1.08823,0,0
025040107410003168d2a000a00000e2,2,2,28,322,276,759,603,1.08823,0,0
025040107410003168d2a000a00000e2,2,2,29,322,276,759,603,1.08823,0,0
025040107410003168d2a000a00000e2,2,2,30,322,276,759,603,1.08823,0,0
025040107410003168d2a000a00000e2,2,2,31,322,276,759,603,1.08823,0,0
025040107410003168d2a000a00000e2,2,2,32,322,276,759,603,1.08823,0,0
025040107410003168d2a000a00000e2,2,2,33,322,276,759,603,1.08823,0,0
025040107410003168d2a000a00000e2,2,2,34,322,276,759,603,1.08823,0,0
025040107410003168d2a000a00000e2,2,2,35,322,276,759,603,1.08823,0,0
025040107410003168d2a000a00000e2,2,2,36,322,276,759,603,1.08823,0,0
025040107410003168d2a000a00000e2,2,2,37,322,276,759,603,1.08823,0,0
025040107410003168d2a000a00000e2,2,2,38,322,276,759,603,1.08823,0,0
025040107410003168d2a000a00000e2,2,2,39,322,276,759,603,1.08823,0,0
025040107410003168d2a000a00000e2,2,2,40,322,276,759,603,1.08823,0,0
025040107410003168d2a000a00000e2,2,2,41,322,276,759,603,1.08823,0,0
025040107410003168d2a000a00000e2,2,2,42,322,276,759,603,1.08823,0,0
025040107410003168d2a000a00000e2,2,2,43,322,276,759,603,1.08823,0,0
025040107410003168d2a000a00000e2,2,2,44,322,276,759,603,1.08823,0,0
025040107410003168d2a000a00000e2,2,2,45,322,276,759,603,1.08823,0,0
025040107410003168d2a000a00000e2,2,2,46,322,276,759,603,1.08823,0,0
025040107410003168d2a000a00000e2,2,2,47,322,276,759,603,1.08823,0,0
025040107410003168d2a000a00000e2,2,2,48,322,276,759,603,1.08823,0,0
025040107410003168d2a000a00000e2,2,2,49,322,276,759,603,1.08823,0,0
025040107410003168d2a000a00000e2,2,2,50,322,276,759,603,1.08823,0,0
025040107410003168d2a000a00000e2,2,2,51,322,276,759,603,1.08823,0,0
025040107410003168d2a000a00000e2,2,2,52,322,276,759,603,1.08823,0,0
025040107410003168d2a000a00000e2,2,2,53,322,276,759,603,1.08823,0,0
025040107410003168d2a000a00000e2,2,2,54,322,276,759,603,1.08823,0,0
025040107410003168d2a000a00000e2,2,2,55,322,276,759,603,1.08823,0,0
025040107410003168d2a000a00000e2,2,2,56,322,276,759,603,1.08823,0,0
025040107410003168d2a000a00000e2,2,2,57,322,276,759,603,1.08823,0,0
025040107410003168d2a000a00000e2,2,2,58,322,276,759,603,1.08823,0,0
025040107410003168d2a000a00000e2,2,2,59,322,276,759,603,1.08823,0,0
025040107410003168d2a000a00000e2,2,2,60,322,276,759,603,1.08823,0,0
025040107410003168d2a000a00000e2,2,2,61,322,276,759,603,1.08823,0,0
025040107410003168d2a000a00000e2,2,2,62,322,276,759,603,1.08823,0,0
025040107410003168d2a000a00000e2,2,2,63,322,276,759,603,1.08823,0,0
025040107410003168d2a000a00000e2,2,2,0,322,276,760,604,1.09265,0,0
025040107410003168d2a000a00000e2,2,2,1,322,276,760,604,1.09265,0,0
025040107410003168d2a000a00000e2,2,2,2,322,276,760,604,1.09265,0,0
025040107410003168d2a000a00000e2,2,2,3,322,276,760,604,1.09265,0,0
025040107410003168d2a000a00000e2,2,2,4,322,276,760,604,1.09265,0,0
025040107410003168d2a000a00000e2,2,2,5,322,276,760,604,1.09265,0,0
025040107410003168d2a000a00000e2,2,2,6,322,276,760,604,1.09265,0,0
025040107410003168d2a000a00000e2,2,2,7,322,276,760,604,1.09265,0,0
025040107410003168d2a000a00000e2,2,2,8,322,276,760,604,1.09265,0,0
025040107410003168d2a000a00000e2,2,2,9,322,276,760,604,1.09265,0,0
025040107410003168d2a000a00000e2,2,2,10,322,276,760,604,1.09265,0,0
025040107410003168d2a000a00000e2,2,2,11,322,276,760,604,1.09265,0,0
025040107410003168d2a000a00000e2,2,2,12,322,276,760,604,1.09265,0,0
025040107410003168d2a000a00000e2,2,2,13,322,276,760,604,1.09265,0,0
025040107410003168d2a000a00000e2,2,2,14,322,276,760,604,1.09265,0,0
025040107410003168d2a000a00000e2,2,2,15,322,276,760,604,1.09265,0,0
025040107410003168d2a000a00000e2,2,2,16,322,276,760,604,1.09265,0,0
025040107410003168d2a000a00000e2,2,2,17,322,276,760,604,1.09265,0,0
025040107410003168d2a000a00000e2,2,2,18,322,276,760,604,1.09265,0,0
025040107410003168d2a000a00000e2,2,2,19,322,276,760,604,1.09265,0,0
025040107410003168d2a000a00000e2,2,2,20,322,276,760,604,1.09265,0,0
025040107410003168d2a000a00000e2,2,2,21,322,276,760,604,1.09265,0,0
025040107410003168d2a000a00000e2,2,2,22,322,276,760,604,1.09265,0,0
025040107410003168d2a000a00000e2,2,2,23,322,276,760,604,1.09265,0,0
025040107410003168d2a000a00000e2,2,2,24,322,276,760,604,1.09265,0,0
025040107410003168d2a000a00000e2,2,2,25,322,276,760,604,1.09265,0,0
025040107410003168d2a000a00000e2,2,2,26,322,276,760,604,1.09265,0,0
025040107410003168d2a000a00000e2,2,2,27,322,276,760,604,1.09265,0,0
025040107410003168d2a000a00000e2,2,2,28,322,276,760,604,1.09265,0,0
025040107410003168d2a000a00000e2,2,2,29,322,276,760,604,1.09265,0,0
025040107410003168d2a000a00000e2,2,2,30,322,276,760,604,1.09265,0,0
025040107410003168d2a000a00000e2,2,2,31,322,276,760,604,1.09265,0,0
025040107410003168d2a000a00000e2,2,2,32,322,276,760,604,1.09265,0,0
025040107410003168d2a000a00000e2,2,2,33,322,276,760,604,1.09265,0,0
025040107410003168d2a000a00000e2,2,2,34,322,276,760,604,1.09265,0,0
025040107410003168d2a000a00000e2,2,2,35,322,276,760,604,1.09265,0,0
025040107410003168d2a000a00000e2,2,2,36,322,276,760,604,1.09265,0,0
025040107410003168d2a000a00000e2,2,2,37,322,276,760,604,1.09265,0,0
025040107410003168d2a000a00000e2,2,2,38,322,276,760,604,1.09265,0,0
025040107410003168d2a000a00000e2,2,2,39,322,276,760,604,1.09265,0,0
025040107410003168d2a000a00000e2,2,2,40,322,276,760,604,1.09265,0,0
025040107410003168d2a000a00000e2,2,2,41,322,276,760,604,1.09265,0,0
025040107410003168d2a000a00000e2,2,2,42,322,276,760,604,1.09265,0,0
025040107410003168d2a000a00000e2,2,2,43,322,276,760,604,1.09265,0,0
025040107410003168d2a000a00000e2,2,2,44,322,276,760,604,1.09265,0,0
025040107410003168d2a000a00000e2,2,2,45,322,276,760,604,1.09265,0,0
025040107410003168d2a000a00000e2,2,2,46,322,276,760,604,1.09265,0,0
025040107410003168d2a000a00000e2,2,2,47,322,276,760,604,1.09265,0,0
025040107410003168d2a000a00000e2,2,2,48,322,276,760,604,1.09265,0,0
025040107410003168d2a000a00000e2,2,2,49,322,276,760,604,1.09265,0,0
025040107410003168d2a000a00000e2,2,2,50,322,276,760,604,1.09265,0,0
025040107410003168d2a000a00000e2,2,2,51,322,276,760,604,1.09265,0,0
025040107410003168d2a000a00000e2,2,2,52,322,276,760,604,1.09265,0,0
025040107410003168d2a000a00000e2,2,2,53,322,276,760,604,1.09265,0,0
025040107410003168d2a000a00000e2,2,2,54,322,276,760,604,1.09265,0,0
025040107410003168d2a000a00000e2,2,2,55,322,276,760,604,1.09265,0,0
025040107410003168d2a000a00000e2,2,2,56,322,276,760,604,1.09265,0,0
025040107410003168d2a000a00000e2,2,2,57,322,276,760,604,1.09265,0,0
025040107410003168d2a000a00000e2,2,2,58,322,276,760,604,1.09265,0,0
025040107410003168d2a000a00000e2,2,2,59,322,276,760,604,1.09265,0,0
025040107410003168d2a000a00000e2,2,2,60,322,276,760,604,1.09265,0,0
025040107410003168d2a000a00000e2,2,2,61,322,276,760,604,1.09265,0,0
025040107410003168d2a000a00000e2,2,2,62,322,276,760,604,1.09265,0,0
025040107410003168d2a000a00000e2,2,2,63,322,276,760,604,1.09265,0,0
025040107410003168d2a000a00000e2,2,2,0,322,276,761,605,1.07643,0,0
025040107410003168d2a000a00000e2,2,2,1,322,276,761,605,1.07643,0,0
025040107410003168d2a000a00000e2,2,2,2,322,276,761,605,1.07643,0,0
025040107410003168d2a000a00000e2,2,2,3,322,276,761,605,1.07643,0,0
025040107410003168d2a000a00000e2,2,2,4,322,276,761,605,1.07643,0,0
025040107410003168d2a000a00000e2,2,2,5,322,276,761,605,1.07643,0,0
025040107410003168d2a000a00000e2,2,2,6,322,276,761,605,1.07643,0,0
025040107410003168d2a000a00000e2,2,2,7,322,276,761,605,1.07643,0,0
025040107410003168d2a000a00000e2,2,2,8,322,276,761,605,1.07643,0,0
025040107410003168d2a000a00000e2,2,2,9,322,276,761,605,1.07643,0,0
025040107410003168d2a000a00000e2,2,2,10,322,276,761,605,1.07643,0,0
025040107410003168d2a000a00000e2,2,2,11,322,276,761,605,1.07643,0,0
025040107410003168d2a000a00000e2,2,2,12,322,276,761,605,1.07643,0,0
025040107410003168d2a000a00000e2,2,2,13,322,276,761,605,1.07643,0,0
025040107410003168d2a000a00000e2,2,2,14,322,276,761,605,1.07643,0,0
025040107410003168d2a000a00000e2,2,2,15,322,276,761,605,1.07643,0,0
025040107410003168d2a000a00000e2,2,2,16,322,276,761,605,1.07643,0,0
025040107410003168d2a000a00000e2,2,2,17,322,276,761,605,1.07643,0,0
025040107410003168d2a000a00000e2,2,2,18,322,276,761,605,1.07643,0,0
025040107410003168d2a000a00000e2,2,2,19,322,276,761,605,1.07643,0,0
025040107410003168d2a000a00000e2,2,2,20,322,276,761,605,1.07643,0,0
025040107410003168d2a000a00000e2,2,2,21,322,276,761,605,1.07643,0,0
025040107410003168d2a000a00000e2,2,2,22,322,276,761,605,1.07643,0,0
025040107410003168d2a000a00000e2,2,2,23,322,276,761,605,1.07643,0,0
025040107410003168d2a000a00000e2,2,2,24,322,276,761,605,1.07643,0,0
025040107410003168d2a000a00000e2,2,2,25,322,276,761,605,1.07643,0,0
025040107410003168d2a000a00000e2,2,2,26,322,276,761,605,1.07643,0,0
025040107410003168d2a000a00000e2,2,2,27,322,276,761,605,1.07643,0,0
025040107410003168d2a000a00000e2,2,2,28,322,276,761,605,1.07643,0,0
025040107410003168d2a000a00000e2,2,2,29,322,276,761,605,1.07643,0,0
025040107410003168d2a000a00000e2,2,2,30,322,276,761,605,1.07643,0,0
025040107410003168d2a000a00000e2,2,2,31,322,276,761,605,1.07643,0,0
025040107410003168d2a000a00000e2,2,2,32,322,276,761,605,1.07643,0,0
025040107410003168d2a000a00000e2,2,2,33,322,276,761,605,1.07643,0,0
025040107410003168d2a000a00000e2,2,2,34,322,276,761,605,1.07643,0,0
025040107410003168d2a000a00000e2,2,2,35,322,276,761,605,1.07643,0,0
025040107410003168d2a000a00000e2,2,2,36,322,276,761,605,1.07643,0,0
025040107410003168d2a000a00000e2,2,2,37,322,276,761,605,1.07643,0,0
025040107410003168d2a000a00000e2,2,2,38,322,276,761,605,1.07643,0,0
025040107410003168d2a000a00000e2,2,2,39,322,276,761,605,1.07643,0,0
025040107410003168d2a000a00000e2,2,2,40,322,276,761,605,1.07643,0,0
025040107410003168d2a000a00000e2,2,2,41,322,276,761,605,1.07643,0,0
025040107410003168d2a000a00000e2,2,2,42,322,276,761,605,1.07643,0,0
025040107410003168d2a000a00000e2,2,2,43,322,276,761,605,1.07643,0,0
025040107410003168d2a000a00000e2,2,2,44,322,276,761,605,1.07643,0,0
025040107410003168d2a000a00000e2,2,2,45,322,276,761,605,1.07643,0,0
025040107410003168d2a000a00000e2,2,2,46,322,276,761,605,1.07643,0,0
025040107410003168d2a000a00000e2,2,2,47,322,276,761,605,1.07643,0,0
025040107410003168d2a000a00000e2,2,2,48,322,276,761,605,1.07643,0,0
025040107410003168d2a000a00000e2,2,2,49,322,276,761,605,1.07643,0,0
025040107410003168d2a000a00000e2,2,2,50,322,276,761,605,1.07643,0,0
025040107410003168d2a000a00000e2,2,2,51,322,276,761,605,1.07643,0,0
025040107410003168d2a000a00000e2,2,2,52,322,276,761,605,1.07643,0,0
025040107410003168d2a000a00000e2,2,2,53,322,276,761,605,1.07643,0,0
025040107410003168d2a000a00000e2,2,2,54,322,276,761,605,1.07643,0,0
025040107410003168d2a000a00000e2,2,2,55,322,276,761,605,1.07643,0,0
025040107410003168d2a000a00000e2,2,2,56,322,276,761,605,1.07643,0,0
025040107410003168d2a000a00000e2,2,2,57,322,276,761,605,1.07643,0,0
025040107410003168d2a000a00000e2,2,2,58,322,276,761,605,1.07643,0,0
025040107410003168d2a000a00000e2,2,2,59,322,276,761,605,1.07643,0,0
025040107410003168d2a000a00000e2,2,2,60,322,276,761,605,1.07643,0,0
025040107410003168d2a000a00000e2,2,2,61,322,276,761,605,1.07643,0,0
025040107410003168d2a000a00000e2,2,2,62,322,276,761,605,1.07643,0,0
025040107410003168d2a000a00000e2,2,2,63,322,276,761,605,1.07643,0,0
025040107410003168d2a000a00000e2,2,2,0,322,276,762,606,1.0956,0,0
025040107410003168d2a000a00000e2,2,2,1,322,276,762,606,1.0956,0,0
025040107410003168d2a000a00000e2,2,2,2,322,276,762,606,1.0956,0,0
025040107410003168d2a000a00000e2,2,2,3,322,276,762,606,1.0956,0,0
025040107410003168d2a000a00000e2,2,2,4,322,276,762,606,1.0956,0,0
025040107410003168d2a000a00000e2,2,2,5,322,276,762,606,1.0956,0,0
025040107410003168d2a000a00000e2,2,2,6,322,276,762,606,1.0956,0,0
025040107410003168d2a000a00000e2,2,2,7,322,276,762,606,1.0956,0,0
025040107410003168d2a000a00000e2,2,2,8,322,276,762,606,1.0956,0,0
025040107410003168d2a000a00000e2,2,2,9,322,276,762,606,1.0956,0,0
025040107410003168d2a000a00000e2,2,2,10,322,276,762,606,1.0956,0,0
025040107410003168d2a000a00000e2,2,2,11,322,276,762,606,1.0956,0,0
025040107410003168d2a000a00000e2,2,2,12,322,276,762,606,1.0956,0,0
025040107410003168d2a000a00000e2,2,2,13,322,276,762,606,1.0956,0,0
025040107410003168d2a000a00000e2,2,2,14,322,276,762,606,1.0956,0,0
025040107410003168d2a000a00000e2,2,2,15,322,276,762,606,1.0956,0,0
025040107410003168d2a000a00000e2,2,2,16,322,276,762,606,1.0956,0,0
025040107410003168d2a000a00000e2,2,2,17,322,276,762,606,1.0956,0,0
025040107410003168d2a000a00000e2,2,2,18,322,276,762,606,1.0956,0,0
025040107410003168d2a000a00000e2,2,2,19,322,276,762,606,1.0956,0,0
025040107410003168d2a000a00000e2,2,2,20,322,276,762,606,1.0956,0,0
025040107410003168d2a000a00000e2,2,2,21,322,276,762,606,1.0956,0,0
025040107410003168d2a000a00000e2,2,2,22,322,276,762,606,1.0956,0,0
025040107410003168d2a000a00000e2,2,2,23,322,276,762,606,1.0956,0,0
025040107410003168d2a000a00000e2,2,2,24,322,276,762,606,1.0956,0,0
025040107410003168d2a000a00000e2,2,2,25,322,276,762,606,1.0956,0,0
025040107410003168d2a000a00000e2,2,2,26,322,276,762,606,1.0956,0,0
025040107410003168d2a000a00000e2,2,2,27,322,276,762,606,1.0956,0,0
025040107410003168d2a000a00000e2,2,2,28,322,276,762,606,1.0956,0,0
025040107410003168d2a000a00000e2,2,2,29,322,276,762,606,1.0956,0,0
025040107410003168d2a000a00000e2,2,2,30,322,276,762,606,1.0956,0,0
025040107410003168d2a000a00000e2,2,2,31,322,276,762,606,1.0956,0,0
025040107410003168d2a000a00000e2,2,2,32,322,276,762,606,1.0956,0,0
025040107410003168d2a000a00000e2,2,2,33,322,276,762,606,1.0956,0,0
025040107410003168d2a000a00000e2,2,2,34,322,276,762,606,1.0956,0,0
025040107410003168d2a000a00000e2,2,2,35,322,276,762,606,1.0956,0,0
025040107410003168d2a000a00000e2,2,2,36,322,276,762,606,1.0956,0,0
025040107410003168d2a000a00000e2,2,2,37,322,276,762,606,1.0956,0,0
025040107410003168d2a000a00000e2,2,2,38,322,276,762,606,1.0956,0,0
025040107410003168d2a000a00000e2,2,2,39,322,276,762,606,1.0956,0,0
025040107410003168d2a000a00000e2,2,2,40,322,276,762,606,1.0956,0,0
025040107410003168d2a000a00000e2,2,2,41,322,276,762,606,1.0956,0,0
025040107410003168d2a000a00000e2,2,2,42,322,276,762,606,1.0956,0,0
025040107410003168d2a000a00000e2,2,2,43,322,276,762,606,1.0956,0,0
025040107410003168d2a000a00000e2,2,2,44,322,276,762,606,1.0956,0,0
025040107410003168d2a000a00000e2,2,2,45,322,276,762,606,1.0956,0,0
025040107410003168d2a000a00000e2,2,2,46,322,276,762,606,1.0956,0,0
025040107410003168d2a000a00000e2,2,2,47,322,276,762,606,1.0956,0,0
025040107410003168d2a000a00000e2,2,2,48,322,276,762,606,1.0956,0,0
025040107410003168d2a000a00000e2,2,2,49,322,276,762,606,1.0956,0,0
025040107410003168d2a000a00000e2,2,2,50,322,276,762,606,1.0956,0,0
025040107410003168d2a000a00000e2,2,2,51,322,276,762,606,1.0956,0,0
025040107410003168d2a000a00000e2,2,2,52,322,276,762,606,1.0956,0,0
025040107410003168d2a000a00000e2,2,2,53,322,276,762,606,1.0956,0,0
025040107410003168d2a000a00000e2,2,2,54,322,276,762,606,1.0956,0,0
025040107410003168d2a000a00000e2,2,2,55,322,276,762,606,1.0956,0,0
025040107410003168d2a000a00000e2,2,2,56,322,276,762,606,1.0956,0,0
025040107410003168d2a000a00000e2,2,2,57,322,276,762,606,1.0956,0,0
025040107410003168d2a000a00000e2,2,2,58,322,276,762,606,1.0956,0,0
025040107410003168d2a000a00000e2,2,2,59,322,276,762,606,1.0956,0,0
025040107410003168d2a000a00000e2,2,2,60,322,276,762,606,1.0956,0,0
025040107410003168d2a000a00000e2,2,2,61,322,276,762,606,1.0956,0,0
025040107410003168d2a000a00000e2,2,2,62,322,276,762,606,1.0956,0,0
025040107410003168d2a000a00000e2,2,2,63,322,276,762,606,1.0956,0,0
025040107410003168d2a000a00000e2,2,2,0,322,276,763,607,1.09117,0,0
025040107410003168d2a000a00000e2,2,2,1,322,276,763,607,1.09117,0,0
025040107410003168d2a000a00000e2,2,2,2,322,276,763,607,1.09117,0,0
025040107410003168d2a000a00000e2,2,2,3,322,276,763,607,1.09117,0,0
025040107410003168d2a000a00000e2,2,2,4,322,276,763,607,1.09117,0,0
025040107410003168d2a000a00000e2,2,2,5,322,276,763,607,1.09117,0,0
025040107410003168d2a000a00000e2,2,2,6,322,276,763,607,1.09117,0,0
025040107410003168d2a000a00000e2,2,2,7,322,276,763,607,1.09117,0,0
025040107410003168d2a000a00000e2,2,2,8,322,276,763,607,1.09117,0,0
025040107410003168d2a000a00000e2,2,2,9,322,276,763,607,1.09117,0,0
025040107410003168d2a000a00000e2,2,2,10,322,276,763,607,1.09117,0,0
025040107410003168d2a000a00000e2,2,2,11,322,276,763,607,1.09117,0,0
025040107410003168d2a000a00000e2,2,2,12,322,276,763,607,1.09117,0,0
025040107410003168d2a000a00000e2,2,2,13,322,276,763,607,1.09117,0,0
025040107410003168d2a000a00000e2,2,2,14,322,276,763,607,1.09117,0,0
025040107410003168d2a000a00000e2,2,2,15,322,276,763,607,1.09117,0,0
025040107410003168d2a000a00000e2,2,2,16,322,276,763,607,1.09117,0,0
025040107410003168d2a000a00000e2,2,2,17,322,276,763,607,1.09117,0,0
025040107410003168d2a000a00000e2,2,2,18,322,276,763,607,1.09117,0,0
025040107410003168d2a000a00000e2,2,2,19,322,276,763,607,1.09117,0,0
025040107410003168d2a000a00000e2,2,2,20,322,276,763,607,1.09117,0,0
025040107410003168d2a000a00000e2,2,2,21,322,276,763,607,1.09117,0,0
025040107410003168d2a000a00000e2,2,2,22,322,276,763,607,1.09117,0,0
025040107410003168d2a000a00000e2,2,2,23,322,276,763,607,1.09117,0,0
025040107410003168d2a000a00000e2,2,2,24,322,276,763,607,1.09117,0,0
025040107410003168d2a000a00000e2,2,2,25,322,276,763,607,1.09117,0,0
025040107410003168d2a000a00000e2,2,2,26,322,276,763,607,1.09117,0,0
025040107410003168d2a000a00000e2,2,2,27,322,276,763,607,1.09117,0,0
025040107410003168d2a000a00000e2,2,2,28,322,276,763,607,1.09117,0,0
025040107410003168d2a000a00000e2,2,2,29,322,276,763,607,1.09117,0,0
025040107410003168d2a000a00000e2,2,2,30,322,276,763,607,1.09117,0,0
025040107410003168d2a000a00000e2,2,2,31,322,276,763,607,1.09117,0,0
025040107410003168d2a000a00000e2,2,2,32,322,276,763,607,1.09117,0,0
025040107410003168d2a000a00000e2,2,2,33,322,276,763,607,1.09117,0,0
025040107410003168d2a000a00000e2,2,2,34,322,276,763,607,1.09117,0,0
025040107410003168d2a000a00000e2,2,2,35,322,276,763,607,1.09117,0,0
025040107410003168d2a000a00000e2,2,2,36,322,276,763,607,1.09117,0,0
025040107410003168d2a000a00000e2,2,2,37,322,276,763,607,1.09117,0,0
025040107410003168d2a000a00000e2,2,2,38,322,276,763,607,1.09117,0,0
025040107410003168d2a000a00000e2,2,2,39,322,276,763,607,1.09117,0,0
025040107410003168d2a000a00000e2,2,2,40,322,276,763,607,1.09117,0,0
025040107410003168d2a000a00000e2,2,2,41,322,276,763,607,1.09117,0,0
025040107410003168d2a000a00000e2,2,2,42,322,276,763,607,1.09117,0,0
025040107410003168d2a000a00000e2,2,2,43,322,276,763,607,1.09117,0,0
025040107410003168d2a000a00000e2,2,2,44,322,276,763,607,1.09117,0,0
025040107410003168d2a000a00000e2,2,2,45,322,276,763,607,1.09117,0,0
025040107410003168d2a000a00000e2,2,2,46,322,276,763,607,1.09117,0,0
025040107410003168d2a000a00000e2,2,2,47,322,276,763,607,1.09117,0,0
025040107410003168d2a000a00000e2,2,2,48,322,276,763,607,1.09117,0,0
025040107410003168d2a000a00000e2,2,2,49,322,276,763,607,1.09117,0,0
025040107410003168d2a000a00000e2,2,2,50,322,276,763,607,1.09117,0,0
025040107410003168d2a000a00000e2,2,2,51,322,276,763,607,1.09117,0,0
025040107410003168d2a000a00000e2,2,2,52,322,276,763,607,1.09117,0,0
025040107410003168d2a000a00000e2,2,2,53,322,276,763,607,1.09117,0,0
025040107410003168d2a000a00000e2,2,2,54,322,276,763,607,1.09117,0,0
025040107410003168d2a000a00000e2,2,2,55,322,276,763,607,1.09117,0,0
025040107410003168d2a000a00000e2,2,2,56,322,276,763,607,1.09117,0,0
025040107410003168d2a000a00000e2,2,2,57,322,276,763,607,1.09117,0,0
025040107410003168d2a000a00000e2,2,2,58,322,276,763,607,1.09117,0,0
025040107410003168d2a000a00000e2,2,2,59,322,276,763,607,1.09117,0,0
025040107410003168d2a000a00000e2,2,2,60,322,276,763,607,1.09117,0,0
025040107410003168d2a000a00000e2,2,2,61,322,276,763,607,1.09117,0,0
025040107410003168d2a000a00000e2,2,2,62,322,276,763,607,1.09117,0,0
025040107410003168d2a000a00000e2,2,2,63,322,276,763,607,1.09117,0,0
025040107410003168d2a000a00000e2,2,2,0,322,276,764,608,1.09707,0,0
025040107410003168d2a000a00000e2,2,2,1,322,276,764,608,1.09707,0,0
025040107410003168d2a000a00000e2,2,2,2,322,276,764,608,1.09707,0,0
025040107410003168d2a000a00000e2,2,2,3,322,276,764,608,1.09707,0,0
025040107410003168d2a000a00000e2,2,2,4,322,276,764,608,1.09707,0,0
025040107410003168d2a000a00000e2,2,2,5,322,276,764,608,1.09707,0,0
025040107410003168d2a000a00000e2,2,2,6,322,276,764,608,1.09707,0,0
025040107410003168d2a000a00000e2,2,2,7,322,276,764,608,1.09707,0,0
025040107410003168d2a000a00000e2,2,2,8,322,276,764,608,1.09707,0,0
025040107410003168d2a000a00000e2,2,2,9,322,276,764,608,1.09707,0,0
025040107410003168d2a000a00000e2,2,2,10,322,276,764,608,1.09707,0,0
025040107410003168d2a000a00000e2,2,2,11,322,276,764,608,1.09707,0,0
025040107410003168d2a000a00000e2,2,2,12,322,276,764,608,1.09707,0,0
025040107410003168d2a000a00000e2,2,2,13,322,276,764,608,1.09707,0,0
025040107410003168d2a000a00000e2,2,2,14,322,276,764,608,1.09707,0,0
025040107410003168d2a000a00000e2,2,2,15,322,276,764,608,1.09707,0,0
025040107410003168d2a000a00000e2,2,2,16,322,276,764,608,1.09707,0,0
025040107410003168d2a000a00000e2,2,2,17,322,276,764,608,1.09707,0,0
025040107410003168d2a000a00000e2,2,2,18,322,276,764,608,1.09707,0,0
025040107410003168d2a000a00000e2,2,2,19,322,276,764,608,1.09707,0,0
025040107410003168d2a000a00000e2,2,2,20,322,276,764,608,1.09707,0,0
025040107410003168d2a000a00000e2,2,2,21,322,276,764,608,1.09707,0,0
025040107410003168d2a000a00000e2,2,2,22,322,276,764,608,1.09707,0,0
025040107410003168d2a000a00000e2,2,2,23,322,276,764,608,1.09707,0,0
025040107410003168d2a000a00000e2,2,2,24,322,276,764,608,1.09707,0,0
025040107410003168d2a000a00000e2,2,2,25,322,276,764,608,1.09707,0,0
025040107410003168d2a000a00000e2,2,2,26,322,276,764,608,1.09707,0,0
025040107410003168d2a000a00000e2,2,2,27,322,276,764,608,1.09707,0,0
025040107410003168d2a000a00000e2,2,2,28,322,276,764,608,1.09707,0,0
025040107410003168d2a000a00000e2,2,2,29,322,276,764,608,1.09707,0,0
025040107410003168d2a000a00000e2,2,2,30,322,276,764,608,1.09707,0,0
025040107410003168d2a000a00000e2,2,2,31,322,276,764,608,1.09707,0,0
025040107410003168d2a000a00000e2,2,2,32,322,276,764,608,1.09707,0,0
025040107410003168d2a000a00000e2,2,2,33,322,276,764,608,1.09707,0,0
025040107410003168d2a000a00000e2,2,2,34,322,276,764,608,1.09707,0,0
025040107410003168d2a000a00000e2,2,2,35,322,276,764,608,1.09707,0,0
025040107410003168d2a000a00000e2,2,2,36,322,276,764,608,1.09707,0,0
025040107410003168d2a000a00000e2,2,2,37,322,276,764,608,1.09707,0,0
025040107410003168d2a000a00000e2,2,2,38,322,276,764,608,1.09707,0,0
025040107410003168d2a000a00000e2,2,2,39,322,276,764,608,1.09707,0,0
025040107410003168d2a000a00000e2,2,2,40,322,276,764,608,1.09707,0,0
025040107410003168d2a000a00000e2,2,2,41,322,276,764,608,1.09707,0,0
025040107410003168d2a000a00000e2,2,2,42,322,276,764,608,1.09707,0,0
025040107410003168d2a000a00000e2,2,2,43,322,276,764,608,1.09707,0,0
025040107410003168d2a000a00000e2,2,2,44,322,276,764,608,1.09707,0,0
025040107410003168d2a000a00000e2,2,2,45,322,276,764,608,1.09707,0,0
025040107410003168d2a000a00000e2,2,2,46,322,276,764,608,1.09707,0,0
025040107410003168d2a000a00000e2,2,2,47,322,276,764,608,1.09707,0,0
025040107410003168d2a000a00000e2,2,2,48,322,276,764,608,1.09707,0,0
025040107410003168d2a000a00000e2,2,2,49,322,276,764,608,1.09707,0,0
025040107410003168d2a000a00000e2,2,2,50,322,276,764,608,1.09707,0,0
025040107410003168d2a000a00000e2,2,2,51,322,276,764,608,1.09707,0,0
025040107410003168d2a000a00000e2,2,2,52,322,276,764,608,1.09707,0,0
025040107410003168d2a000a00000e2,2,2,53,322,276,764,608,1.09707,0,0
025040107410003168d2a000a00000e2,2,2,54,322,276,764,608,1.09707,0,0
025040107410003168d2a000a00000e2,2,2,55,322,276,764,608,1.09707,0,0
025040107410003168d2a000a00000e2,2,2,56,322,276,764,608,1.09707,0,0
025040107410003168d2a000a00000e2,2,2,57,322,276,764,608,1.09707,0,0
025040107410003168d2a000a00000e2,2,2,58,322,276,764,608,1.09707,0,0
025040107410003168d2a000a00000e2,2,2,59,322,276,764,608,1.09707,0,0
025040107410003168d2a000a00000e2,2,2,60,322,276,764,608,1.09707,0,0
025040107410003168d2a000a00000e2,2,2,61,322,276,764,608,1.09707,0,0
025040107410003168d2a000a00000e2,2,2,62,322,276,764,608,1.09707,0,0
025040107410003168d2a000a00000e2,2,2,63,322,276,764,608,1.09707,0,0
025040107410003168d2a000a00000e2,2,2,0,322,276,765,608,1.09707,0,0
025040107410003168d2a000a00000e2,2,2,1,322,276,765,608,1.09707,0,0
025040107410003168d2a000a00000e2,2,2,2,322,276,765,608,1.09707,0,0
025040107410003168d2a000a00000e2,2,2,3,322,276,765,608,1.09707,0,0
025040107410003168d2a000a00000e2,2,2,4,322,276,765,608,1.09707,0,0
025040107410003168d2a000a00000e2,2,2,5,322,276,765,608,1.09707,0,0
025040107410003168d2a000a00000e2,2,2,6,322,276,765,608,1.09707,0,0
025040107410003168d2a000a00000e2,2,2,7,322,276,765,608,1.09707,0,0
025040107410003168d2a000a00000e2,2,2,8,322,276,765,608,1.09707,0,0
025040107410003168d2a000a00000e2,2,2,9,322,276,765,608,1.09707,0,0
025040107410003168d2a000a00000e2,2,2,10,322,276,765,608,1.09707,0,0
025040107410003168d2a000a00000e2,2,2,11,322,276,765,608,1.09707,0,0
025040107410003168d2a000a00000e2,2,2,12,322,276,765,608,1.09707,0,0
025040107410003168d2a000a00000e2,2,2,13,322,276,765,608,1.09707,0,0
025040107410003168d2a000a00000e2,2,2,14,322,276,765,608,1.09707,0,0
025040107410003168d2a000a00000e2,2,2,15,322,276,765,608,1.09707,0,0
025040107410003168d2a000a00000e2,2,2,16,322,276,765,608,1.09707,0,0
025040107410003168d2a000a00000e2,2,2,17,322,276,765,608,1.09707,0,0
025040107410003168d2a000a00000e2,2,2,18,322,276,765,608,1.09707,0,0
025040107410003168d2a000a00000e2,2,2,19,322,276,765,608,1.09707,0,0
025040107410003168d2a000a00000e2,2,2,20,322,276,765,608,1.09707,0,0
025040107410003168d2a000a00000e2,2,2,21,322,276,765,608,1.09707,0,0
025040107410003168d2a000a00000e2,2,2,22,322,276,765,608,1.09707,0,0
025040107410003168d2a000a00000e2,2,2,23,322,276,765,608,1.09707,0,0
025040107410003168d2a000a00000e2,2,2,24,322,276,765,608,1.09707,0,0
025040107410003168d2a000a00000e2,2,2,25,322,276,765,608,1.09707,0,0
025040107410003168d2a000a00000e2,2,2,26,322,276,765,608,1.09707,0,0
025040107410003168d2a000a00000e2,2,2,27,322,276,765,608,1.09707,0,0
025040107410003168d2a000a00000e2,2,2,28,322,276,765,608,1.09707,0,0
025040107410003168d2a000a00000e2,2,2,29,322,276,765,608,1.09707,0,0
025040107410003168d2a000a00000e2,2,2,30,322,276,765,608,1.09707,0,0
025040107410003168d2a000a00000e2,2,2,31,322,276,765,608,1.09707,0,0
025040107410003168d2a000a00000e2,2,2,32,322,276,765,608,1.09707,0,0
025040107410003168d2a000a00000e2,2,2,33,322,276,765,608,1.09707,0,0
025040107410003168d2a000a00000e2,2,2,34,322,276,765,608,1.09707,0,0
025040107410003168d2a000a00000e2,2,2,35,322,276,765,608,1.09707,0,0
025040107410003168d2a000a00000e2,2,2,36,322,276,765,608,1.09707,0,0
025040107410003168d2a000a00000e2,2,2,37,322,276,765,608,1.09707,0,0
025040107410003168d2a000a00000e2,2,2,38,322,276,765,608,1.09707,0,0
025040107410003168d2a000a00000e2,2,2,39,322,276,765,608,1.09707,0,0
025040107410003168d2a000a00000e2,2,2,40,322,276,765,608,1.09707,0,0
025040107410003168d2a000a00000e2,2,2,41,322,276,765,608,1.09707,0,0
025040107410003168d2a000a00000e2,2,2,42,322,276,765,608,1.09707,0,0
025040107410003168d2a000a00000e2,2,2,43,322,276,765,608,1.09707,0,0
025040107410003168d2a000a00000e2,2,2,44,322,276,765,608,1.09707,0,0
025040107410003168d2a000a00000e2,2,2,45,322,276,765,608,1.09707,0,0
025040107410003168d2a000a00000e2,2,2,46,322,276,765,608,1.09707,0,0
025040107410003168d2a000a00000e2,2,2,47,322,276,765,608,1.09707,0,0
025040107410003168d2a000a00000e2,2,2,48,322,276,765,608,1.09707,0,0
025040107410003168d2a000a00000e2,2,2,49,322,276,765,608,1.09707,0,0
025040107410003168d2a000a00000e2,2,2,50,322,276,765,608,1.09707,0,0
025040107410003168d2a000a00000e2,2,2,51,322,276,765,608,1.09707,0,0
025040107410003168d2a000a00000e2,2,2,52,322,276,765,608,1.09707,0,0
025040107410003168d2a000a00000e2,2,2,53,322,276,765,608,1.09707,0,0
025040107410003168d2a000a00000e2,2,2,54,322,276,765,608,1.09707,0,0
025040107410003168d2a000a00000e2,2,2,55,322,276,765,608,1.09707,0,0
025040107410003168d2a000a00000e2,2,2,56,322,276,765,608,1.09707,0,0
025040107410003168d2a000a00000e2,2,2,57,322,276,765,608,1.09707,0,0
025040107410003168d2a000a00000e2,2,2,58,322,276,765,608,1.09707,0,0
025040107410003168d2a000a00000e2,2,2,59,322,276,765,608,1.09707,0,0
025040107410003168d2a000a00000e2,2,2,60,322,276,765,608,1.09707,0,0
025040107410003168d2a000a00000e2,2,2,61,322,276,765,608,1.09707,0,0
025040107410003168d2a000a00000e2,2,2,62,322,276,765,608,1.09707,0,0
025040107410003168d2a000a00000e2,2,2,63,322,276,765,608,1.09707,0,0
025040107410003168d2a000a00000e2,2,2,0,322,276,766,609,1.0956,0,0
025040107410003168d2a000a00000e2,2,2,1,322,276,766,609,1.0956,0,0
025040107410003168d2a000a00000e2,2,2,2,322,276,766,609,1.0956,0,0
025040107410003168d2a000a00000e2,2,2,3,322,276,766,609,1.0956,0,0
025040107410003168d2a000a00000e2,2,2,4,322,276,766,609,1.0956,0,0
025040107410003168d2a000a00000e2,2,2,5,322,276,766,609,1.0956,0,0
025040107410003168d2a000a00000e2,2,2,6,322,276,766,609,1.0956,0,0
025040107410003168d2a000a00000e2,2,2,7,322,276,766,609,1.0956,0,0
025040107410003168d2a000a00000e2,2,2,8,322,276,766,609,1.0956,0,0
025040107410003168d2a000a00000e2,2,2,9,322,276,766,609,1.0956,0,0
025040107410003168d2a000a00000e2,2,2,10,322,276,766,609,1.0956,0,0
025040107410003168d2a000a00000e2,2,2,11,322,276,766,609,1.0956,0,0
025040107410003168d2a000a00000e2,2,2,12,322,276,766,609,1.0956,0,0
025040107410003168d2a000a00000e2,2,2,13,322,276,766,609,1.0956,0,0
025040107410003168d2a000a00000e2,2,2,14,322,276,766,609,1.0956,0,0
025040107410003168d2a000a00000e2,2,2,15,322,276,766,609,1.0956,0,0
025040107410003168d2a000a00000e2,2,2,16,322,276,766,609,1.0956,0,0
025040107410003168d2a000a00000e2,2,2,17,322,276,766,609,1.0956,0,0
025040107410003168d2a000a00000e2,2,2,18,322,276,766,609,1.0956,0,0
025040107410003168d2a000a00000e2,2,2,19,322,276,766,609,1.0956,0,0
025040107410003168d2a000a00000e2,2,2,20,322,276,766,609,1.0956,0,0
025040107410003168d2a000a00000e2,2,2,21,322,276,766,609,1.0956,0,0
025040107410003168d2a000a00000e2,2,2,22,322,276,766,609,1.0956,0,0
025040107410003168d2a000a00000e2,2,2,23,322,276,766,609,1.0956,0,0
025040107410003168d2a000a00000e2,2,2,24,322,276,766,609,1.0956,0,0
025040107410003168d2a000a00000e2,2,2,25,322,276,766,609,1.0956,0,0
025040107410003168d2a000a00000e2,2,2,26,322,276,766,609,1.0956,0,0
025040107410003168d2a000a00000e2,2,2,27,322,276,766,609,1.0956,0,0
025040107410003168d2a000a00000e2,2,2,28,322,276,766,609,1.0956,0,0
025040107410003168d2a000a00000e2,2,2,29,322,276,766,609,1.0956,0,0
025040107410003168d2a000a00000e2,2,2,30,322,276,766,609,1.0956,0,0
025040107410003168d2a000a00000e2,2,2,31,322,276,766,609,1.0956,0,0
025040107410003168d2a000a00000e2,2,2,32,322,276,766,609,1.0956,0,0
025040107410003168d2a000a00000e2,2,2,33,322,276,766,609,1.0956,0,0
025040107410003168d2a000a00000e2,2,2,34,322,276,766,609,1.0956,0,0
025040107410003168d2a000a00000e2,2,2,35,322,276,766,609,1.0956,0,0
025040107410003168d2a000a00000e2,2,2,36,322,276,766,609,1.0956,0,0
025040107410003168d2a000a00000e2,2,2,37,322,276,766,609,1.0956,0,0
025040107410003168d2a000a00000e2,2,2,38,322,276,766,609,1.0956,0,0
025040107410003168d2a000a00000e2,2,2,39,322,276,766,609,1.0956,0,0
025040107410003168d2a000a00000e2,2,2,40,322,276,766,609,1.0956,0,0
025040107410003168d2a000a00000e2,2,2,41,322,276,766,609,1.0956,0,0
025040107410003168d2a000a00000e2,2,2,42,322,276,766,609,1.0956,0,0
025040107410003168d2a000a00000e2,2,2,43,322,276,766,609,1.0956,0,0
025040107410003168d2a000a00000e2,2,2,44,322,276,766,609,1.0956,0,0
025040107410003168d2a000a00000e2,2,2,45,322,276,766,609,1.0956,0,0
025040107410003168d2a000a00000e2,2,2,46,322,276,766,609,1.0956,0,0
025040107410003168d2a000a00000e2,2,2,47,322,276,766,609,1.0956,0,0
025040107410003168d2a000a00000e2,2,2,48,322,276,766,609,1.0956,0,0
025040107410003168d2a000a00000e2,2,2,49,322,276,766,609,1.0956,0,0
025040107410003168d2a000a00000e2,2,2,50,322,276,766,609,1.0956,0,0
025040107410003168d2a000a00000e2,2,2,51,322,276,766,609,1.0956,0,0
025040107410003168d2a000a00000e2,2,2,52,322,276,766,609,1.0956,0,0
025040107410003168d2a000a00000e2,2,2,53,322,276,766,609,1.0956,0,0
025040107410003168d2a000a00000e2,2,2,54,322,276,766,609,1.0956,0,0
025040107410003168d2a000a00000e2,2,2,55,322,276,766,609,1.0956,0,0
025040107410003168d2a000a00000e2,2,2,56,322,276,766,609,1.0956,0,0
025040107410003168d2a000a00000e2,2,2,57,322,276,766,609,1.0956,0,0
025040107410003168d2a000a00000e2,2,2,58,322,276,766,609,1.0956,0,0
025040107410003168d2a000a00000e2,2,2,59,322,276,766,609,1.0956,0,0
025040107410003168d2a000a00000e2,2,2,60,322,276,766,609,1.0956,0,0
025040107410003168d2a000a00000e2,2,2,61,322,276,766,609,1.0956,0,0
025040107410003168d2a000a00000e2,2,2,62,322,276,766,609,1.0956,0,0
025040107410003168d2a000a00000e2,2,2,63,322,276,766,609,1.0956,0,0
025040107410003168d2a000a00000e2,2,2,0,322,276,767,610,1.09855,0,0
025040107410003168d2a000a00000e2,2,2,1,322,276,767,610,1.09855,0,0
025040107410003168d2a000a00000e2,2,2,2,322,276,767,610,1.09855,0,0
025040107410003168d2a000a00000e2,2,2,3,322,276,767,610,1.09855,0,0
025040107410003168d2a000a00000e2,2,2,4,322,276,767,610,1.09855,0,0
025040107410003168d2a000a00000e2,2,2,5,322,276,767,610,1.09855,0,0
025040107410003168d2a000a00000e2,2,2,6,322,276,767,610,1.09855,0,0
025040107410003168d2a000a00000e2,2,2,7,322,276,767,610,1.09855,0,0
025040107410003168d2a000a00000e2,2,2,8,322,276,767,610,1.09855,0,0
025040107410003168d2a000a00000e2,2,2,9,322,276,767,610,1.09855,0,0
025040107410003168d2a000a00000e2,2,2,10,322,276,767,610,1.09855,0,0
025040107410003168d2a000a00000e2,2,2,11,322,276,767,610,1.09855,0,0
025040107410003168d2a000a00000e2,2,2,12,322,276,767,610,1.09855,0,0
025040107410003168d2a000a00000e2,2,2,13,322,276,767,610,1.09855,0,0
025040107410003168d2a000a00000e2,2,2,14,322,276,767,610,1.09855,0,0
025040107410003168d2a000a00000e2,2,2,15,322,276,767,610,1.09855,0,0
025040107410003168d2a000a00000e2,2,2,16,322,276,767,610,1.09855,0,0
025040107410003168d2a000a00000e2,2,2,17,322,276,767,610,1.09855,0,0
025040107410003168d2a000a00000e2,2,2,18,322,276,767,610,1.09855,0,0
025040107410003168d2a000a00000e2,2,2,19,322,276,767,610,1.09855,0,0
025040107410003168d2a000a00000e2,2,2,20,322,276,767,610,1.09855,0,0
025040107410003168d2a000a00000e2,2,2,21,322,276,767,610,1.09855,0,0
025040107410003168d2a000a00000e2,2,2,22,322,276,767,610,1.09855,0,0
025040107410003168d2a000a00000e2,2,2,23,322,276,767,610,1.09855,0,0
025040107410003168d2a000a00000e2,2,2,24,322,276,767,610,1.09855,0,0
025040107410003168d2a000a00000e2,2,2,25,322,276,767,610,1.09855,0,0
025040107410003168d2a000a00000e2,2,2,26,322,276,767,610,1.09855,0,0
025040107410003168d2a000a00000e2,2,2,27,322,276,767,610,1.09855,0,0
025040107410003168d2a000a00000e2,2,2,28,322,276,767,610,1.09855,0,0
025040107410003168d2a000a00000e2,2,2,29,322,276,767,610,1.09855,0,0
025040107410003168d2a000a00000e2,2,2,30,322,276,767,610,1.09855,0,0
025040107410003168d2a000a00000e2,2,2,31,322,276,767,610,1.09855,0,0
025040107410003168d2a000a00000e2,2,2,32,322,276,767,610,1.09855,0,0
025040107410003168d2a000a00000e2,2,2,33,322,276,767,610,1.09855,0,0
025040107410003168d2a000a00000e2,2,2,34,322,276,767,610,1.09855,0,0
025040107410003168d2a000a00000e2,2,2,35,322,276,767,610,1.09855,0,0
025040107410003168d2a000a00000e2,2,2,36,322,276,767,610,1.09855,0,0
025040107410003168d2a000a00000e2,2,2,37,322,276,767,610,1.09855,0,0
025040107410003168d2a000a00000e2,2,2,38,322,276,767,610,1.09855,0,0
025040107410003168d2a000a00000e2,2,2,39,322,276,767,610,1.09855,0,0
025040107410003168d2a000a00000e2,2,2,40,322,276,767,610,1.09855,0,0
025040107410003168d2a000a00000e2,2,2,41,322,276,767,610,1.09855,0,0
025040107410003168d2a000a00000e2,2,2,42,322,276,767,610,1.09855,0,0
025040107410003168d2a000a00000e2,2,2,43,322,276,767,610,1.09855,0,0
025040107410003168d2a000a00000e2,2,2,44,322,276,767,610,1.09855,0,0
025040107410003168d2a000a00000e2,2,2,45,322,276,767,610,1.09855,0,0
025040107410003168d2a000a00000e2,2,2,46,322,276,767,610,1.09855,0,0
025040107410003168d2a000a00000e2,2,2,47,322,276,767,610,1.09855,0,0
025040107410003168d2a000a00000e2,2,2,48,322,276,767,610,1.09855,0,0
025040107410003168d2a000a00000e2,2,2,49,322,276,767,610,1.09855,0,0
025040107410003168d2a000a00000e2,2,2,50,322,276,767,610,1.09855,0,0
025040107410003168d2a000a00000e2,2,2,51,322,276,767,610,1.09855,0,0
025040107410003168d2a000a00000e2,2,2,52,322,276,767,610,1.09855,0,0
025040107410003168d2a000a00000e2,2,2,53,322,276,767,610,1.09855,0,0
025040107410003168d2a000a00000e2,2,2,54,322,276,767,610,1.09855,0,0
025040107410003168d2a000a00000e2,2,2,55,322,276,767,610,1.09855,0,0
025040107410003168d2a000a00000e2,2,2,56,322,276,767,610,1.09855,0,0
025040107410003168d2a000a00000e2,2,2,57,322,276,767,610,1.09855,0,0
025040107410003168d2a000a00000e2,2,2,58,322,276,767,610,1.09855,0,0
025040107410003168d2a000a00000e2,2,2,59,322,276,767,610,1.09855,0,0
025040107410003168d2a000a00000e2,2,2,60,322,276,767,610,1.09855,0,0
025040107410003168d2a000a00000e2,2,2,61,322,276,767,610,1.09855,0,0
025040107410003168d2a000a00000e2,2,2,62,322,276,767,610,1.09855,0,0
025040107410003168d2a000a00000e2,2,2,63,322,276,767,610,1.09855,0,0
025040107410003168d2a000a00000e2,2,2,0,322,276,768,611,1.09855,0,0
025040107410003168d2a000a00000e2,2,2,1,322,276,768,611,1.09855,0,0
025040107410003168d2a000a00000e2,2,2,2,322,276,768,611,1.09855,0,0
025040107410003168d2a000a00000e2,2,2,3,322,276,768,611,1.09855,0,0
025040107410003168d2a000a00000e2,2,2,4,322,276,768,611,1.09855,0,0
025040107410003168d2a000a00000e2,2,2,5,322,276,768,611,1.09855,0,0
025040107410003168d2a000a00000e2,2,2,6,322,276,768,611,1.09855,0,0
025040107410003168d2a000a00000e2,2,2,7,322,276,768,611,1.09855,0,0
025040107410003168d2a000a00000e2,2,2,8,322,276,768,611,1.09855,0,0
025040107410003168d2a000a00000e2,2,2,9,322,276,768,611,1.09855,0,0
025040107410003168d2a000a00000e2,2,2,10,322,276,768,611,1.09855,0,0
025040107410003168d2a000a00000e2,2,2,11,322,276,768,611,1.09855,0,0
025040107410003168d2a000a00000e2,2,2,12,322,276,768,611,1.09855,0,0
025040107410003168d2a000a00000e2,2,2,13,322,276,768,611,1.09855,0,0
025040107410003168d2a000a00000e2,2,2,14,322,276,768,611,1.09855,0,0
025040107410003168d2a000a00000e2,2,2,15,322,276,768,611,1.09855,0,0
025040107410003168d2a000a00000e2,2,2,16,322,276,768,611,1.09855,0,0
025040107410003168d2a000a00000e2,2,2,17,322,276,768,611,1.09855,0,0
025040107410003168d2a000a00000e2,2,2,18,322,276,768,611,1.09855,0,0
025040107410003168d2a000a00000e2,2,2,19,322,276,768,611,1.09855,0,0
025040107410003168d2a000a00000e2,2,2,20,322,276,768,611,1.09855,0,0
025040107410003168d2a000a00000e2,2,2,21,322,276,768,611,1.09855,0,0
025040107410003168d2a000a00000e2,2,2,22,322,276,768,611,1.09855,0,0
025040107410003168d2a000a00000e2,2,2,23,322,276,768,611,1.09855,0,0
025040107410003168d2a000a00000e2,2,2,24,322,276,768,611,1.09855,0,0
025040107410003168d2a000a00000e2,2,2,25,322,276,768,611,1.09855,0,0
025040107410003168d2a000a00000e2,2,2,26,322,276,768,611,1.09855,0,0
025040107410003168d2a000a00000e2,2,2,27,322,276,768,611,1.09855,0,0
025040107410003168d2a000a00000e2,2,2,28,322,276,768,611,1.09855,0,0
025040107410003168d2a000a00000e2,2,2,29,322,276,768,611,1.09855,0,0
025040107410003168d2a000a00000e2,2,2,30,322,276,768,611,1.09855,0,0
025040107410003168d2a000a00000e2,2,2,31,322,276,768,611,1.09855,0,0
025040107410003168d2a000a00000e2,2,2,32,322,276,768,611,1.09855,0,0
025040107410003168d2a000a00000e2,2,2,33,322,276,768,611,1.09855,0,0
025040107410003168d2a000a00000e2,2,2,34,322,276,768,611,1.09855,0,0
025040107410003168d2a000a00000e2,2,2,35,322,276,768,611,1.09855,0,0
025040107410003168d2a000a00000e2,2,2,36,322,276,768,611,1.09855,0,0
025040107410003168d2a000a00000e2,2,2,37,322,276,768,611,1.09855,0,0
025040107410003168d2a000a00000e2,2,2,38,322,276,768,611,1.09855,0,0
025040107410003168d2a000a00000e2,2,2,39,322,276,768,611,1.09855,0,0
025040107410003168d2a000a00000e2,2,2,40,322,276,768,611,1.09855,0,0
025040107410003168d2a000a00000e2,2,2,41,322,276,768,611,1.09855,0,0
025040107410003168d2a000a00000e2,2,2,42,322,276,768,611,1.09855,0,0
025040107410003168d2a000a00000e2,2,2,43,322,276,768,611,1.09855,0,0
025040107410003168d2a000a00000e2,2,2,44,322,276,768,611,1.09855,0,0
025040107410003168d2a000a00000e2,2,2,45,322,276,768,611,1.09855,0,0
025040107410003168d2a000a00000e2,2,2,46,322,276,768,611,1.09855,0,0
025040107410003168d2a000a00000e2,2,2,47,322,276,768,611,1.09855,0,0
025040107410003168d2a000a00000e2,2,2,48,322,276,768,611,1.09855,0,0
025040107410003168d2a000a00000e2,2,2,49,322,276,768,611,1.09855,0,0
025040107410003168d2a000a00000e2,2,2,50,322,276,768,611,1.09855,0,0
025040107410003168d2a000a00000e2,2,2,51,322,276,768,611,1.09855,0,0
025040107410003168d2a000a00000e2,2,2,52,322,276,768,611,1.09855,0,0
025040107410003168d2a000a00000e2,2,2,53,322,276,768,611,1.09855,0,0
025040107410003168d2a000a00000e2,2,2,54,322,276,768,611,1.09855,0,0
025040107410003168d2a000a00000e2,2,2,55,322,276,768,611,1.09855,0,0
025040107410003168d2a000a00000e2,2,2,56,322,276,768,611,1.09855,0,0
025040107410003168d2a000a00000e2,2,2,57,322,276,768,611,1.09855,0,0
025040107410003168d2a000a00000e2,2,2,58,322,276,768,611,1.09855,0,0
025040107410003168d2a000a00000e2,2,2,59,322,276,768,611,1.09855,0,0
025040107410003168d2a000a00000e2,2,2,60,322,276,768,611,1.09855,0,0
025040107410003168d2a000a00000e2,2,2,61,322,276,768,611,1.09855,0,0
025040107410003168d2a000a00000e2,2,2,62,322,276,768,611,1.09855,0,0
025040107410003168d2a000a00000e2,2,2,63,322,276,768,611,1.09855,0,0
025040107410003168d2a000a00000e2,2,2,0,322,276,769,611,1.09707,0,0
025040107410003168d2a000a00000e2,2,2,1,322,276,769,611,1.09707,0,0
025040107410003168d2a000a00000e2,2,2,2,322,276,769,611,1.09707,0,0
025040107410003168d2a000a00000e2,2,2,3,322,276,769,611,1.09707,0,0
025040107410003168d2a000a00000e2,2,2,4,322,276,769,611,1.09707,0,0
025040107410003168d2a000a00000e2,2,2,5,322,276,769,611,1.09707,0,0
025040107410003168d2a000a00000e2,2,2,6,322,276,769,611,1.09707,0,0
025040107410003168d2a000a00000e2,2,2,7,322,276,769,611,1.09707,0,0
025040107410003168d2a000a00000e2,2,2,8,322,276,769,611,1.09707,0,0
025040107410003168d2a000a00000e2,2,2,9,322,276,769,611,1.09707,0,0
025040107410003168d2a000a00000e2,2,2,10,322,276,769,611,1.09707,0,0
025040107410003168d2a000a00000e2,2,2,11,322,276,769,611,1.09707,0,0
025040107410003168d2a000a00000e2,2,2,12,322,276,769,611,1.09707,0,0
025040107410003168d2a000a00000e2,2,2,13,322,276,769,611,1.09707,0,0
025040107410003168d2a000a00000e2,2,2,14,322,276,769,611,1.09707,0,0
025040107410003168d2a000a00000e2,2,2,15,322,276,769,611,1.09707,0,0
025040107410003168d2a000a00000e2,2,2,16,322,276,769,611,1.09707,0,0
025040107410003168d2a000a00000e2,2,2,17,322,276,769,611,1.09707,0,0
025040107410003168d2a000a00000e2,2,2,18,322,276,769,611,1.09707,0,0
025040107410003168d2a000a00000e2,2,2,19,322,276,769,611,1.09707,0,0
025040107410003168d2a000a00000e2,2,2,20,322,276,769,611,1.09707,0,0
025040107410003168d2a000a00000e2,2,2,21,322,276,769,611,1.09707,0,0
025040107410003168d2a000a00000e2,2,2,22,322,276,769,611,1.09707,0,0
025040107410003168d2a000a00000e2,2,2,23,322,276,769,611,1.09707,0,0
025040107410003168d2a000a00000e2,2,2,24,322,276,769,611,1.09707,0,0
025040107410003168d2a000a00000e2,2,2,25,322,276,769,611,1.09707,0,0
025040107410003168d2a000a00000e2,2,2,26,322,276,769,611,1.09707,0,0
025040107410003168d2a000a00000e2,2,2,27,322,276,769,611,1.09707,0,0
025040107410003168d2a000a00000e2,2,2,28,322,276,769,611,1.09707,0,0
025040107410003168d2a000a00000e2,2,2,29,322,276,769,611,1.09707,0,0
025040107410003168d2a000a00000e2,2,2,30,322,276,769,611,1.09707,0,0
025040107410003168d2a000a00000e2,2,2,31,322,276,769,611,1.09707,0,0
025040107410003168d2a000a00000e2,2,2,32,322,276,769,611,1.09707,0,0
025040107410003168d2a000a00000e2,2,2,33,322,276,769,611,1.09707,0,0
025040107410003168d2a000a00000e2,2,2,34,322,276,769,611,1.09707,0,0
025040107410003168d2a000a00000e2,2,2,35,322,276,769,611,1.09707,0,0
025040107410003168d2a000a00000e2,2,2,36,322,276,769,611,1.09707,0,0
025040107410003168d2a000a00000e2,2,2,37,322,276,769,611,1.09707,0,0
025040107410003168d2a000a00000e2,2,2,38,322,276,769,611,1.09707,0,0
025040107410003168d2a000a00000e2,2,2,39,322,276,769,611,1.09707,0,0
025040107410003168d2a000a00000e2,2,2,40,322,276,769,611,1.09707,0,0
025040107410003168d2a000a00000e2,2,2,41,322,276,769,611,1.09707,0,0
025040107410003168d2a000a00000e2,2,2,42,322,276,769,611,1.09707,0,0
025040107410003168d2a000a00000e2,2,2,43,322,276,769,611,1.09707,0,0
025040107410003168d2a000a00000e2,2,2,44,322,276,769,611,1.09707,0,0
025040107410003168d2a000a00000e2,2,2,45,322,276,769,611,1.09707,0,0
025040107410003168d2a000a00000e2,2,2,46,322,276,769,611,1.09707,0,0
025040107410003168d2a000a00000e2,2,2,47,322,276,769,611,1.09707,0,0
025040107410003168d2a000a00000e2,2,2,48,322,276,769,611,1.09707,0,0
025040107410003168d2a000a00000e2,2,2,49,322,276,769,611,1.09707,0,0
025040107410003168d2a000a00000e2,2,2,50,322,276,769,611,1.09707,0,0
025040107410003168d2a000a00000e2,2,2,51,322,276,769,611,1.09707,0,0
025040107410003168d2a000a00000e2,2,2,52,322,276,769,611,1.09707,0,0
025040107410003168d2a000a00000e2,2,2,53,322,276,769,611,1.09707,0,0
025040107410003168d2a000a00000e2,2,2,54,322,276,769,611,1.09707,0,0
025040107410003168d2a000a00000e2,2,2,55,322,276,769,611,1.09707,0,0
025040107410003168d2a000a00000e2,2,2,56,322,276,769,611,1.09707,0,0
025040107410003168d2a000a00000e2,2,2,57,322,276,769,611,1.09707,0,0
025040107410003168d2a000a00000e2,2,2,58,322,276,769,611,1.09707,0,0
025040107410003168d2a000a00000e2,2,2,59,322,276,769,611,1.09707,0,0
025040107410003168d2a000a00000e2,2,2,60,322,276,769,611,1.09707,0,0
025040107410003168d2a000a00000e2,2,2,61,322,276,769,611,1.09707,0,0
025040107410003168d2a000a00000e2,2,2,62,322,276,769,611,1.09707,0,0
025040107410003168d2a000a00000e2,2,2,63,322,276,769,611,1.09707,0,0
025040107410003168d2a000a00000e2,2,2,0,322,276,770,612,1.0956,0,0
025040107410003168d2a000a00000e2,2,2,1,322,276,770,612,1.0956,0,0
025040107410003168d2a000a00000e2,2,2,2,322,276,770,612,1.0956,0,0
025040107410003168d2a000a00000e2,2,2,3,322,276,770,612,1.0956,0,0
025040107410003168d2a000a00000e2,2,2,4,322,276,770,612,1.0956,0,0
025040107410003168d2a000a00000e2,2,2,5,322,276,770,612,1.0956,0,0
025040107410003168d2a000a00000e2,2,2,6,322,276,770,612,1.0956,0,0
025040107410003168d2a000a00000e2,2,2,7,322,276,770,612,1.0956,0,0
025040107410003168d2a000a00000e2,2,2,8,322,276,770,612,1.0956,0,0
025040107410003168d2a000a00000e2,2,2,9,322,276,770,612,1.0956,0,0
025040107410003168d2a000a00000e2,2,2,10,322,276,770,612,1.0956,0,0
025040107410003168d2a000a00000e2,2,2,11,322,276,770,612,1.0956,0,0
025040107410003168d2a000a00000e2,2,2,12,322,276,770,612,1.0956,0,0
025040107410003168d2a000a00000e2,2,2,13,322,276,770,612,1.0956,0,0
025040107410003168d2a000a00000e2,2,2,14,322,276,770,612,1.0956,0,0
025040107410003168d2a000a00000e2,2,2,15,322,276,770,612,1.0956,0,0
025040107410003168d2a000a00000e2,2,2,16,322,276,770,612,1.0956,0,0
025040107410003168d2a000a00000e2,2,2,17,322,276,770,612,1.0956,0,0
025040107410003168d2a000a00000e2,2,2,18,322,276,770,612,1.0956,0,0
025040107410003168d2a000a00000e2,2,2,19,322,276,770,612,1.0956,0,0
025040107410003168d2a000a00000e2,2,2,20,322,276,770,612,1.0956,0,0
025040107410003168d2a000a00000e2,2,2,21,322,276,770,612,1.0956,0,0
025040107410003168d2a000a00000e2,2,2,22,322,276,770,612,1.0956,0,0
025040107410003168d2a000a00000e2,2,2,23,322,276,770,612,1.0956,0,0
025040107410003168d2a000a00000e2,2,2,24,322,276,770,612,1.0956,0,0
025040107410003168d2a000a00000e2,2,2,25,322,276,770,612,1.0956,0,0
025040107410003168d2a000a00000e2,2,2,26,322,276,770,612,1.0956,0,0
025040107410003168d2a000a00000e2,2,2,27,322,276,770,612,1.0956,0,0
025040107410003168d2a000a00000e2,2,2,28,322,276,770,612,1.0956,0,0
025040107410003168d2a000a00000e2,2,2,29,322,276,770,612,1.0956,0,0
025040107410003168d2a000a00000e2,2,2,30,322,276,770,612,1.0956,0,0
025040107410003168d2a000a00000e2,2,2,31,322,276,770,612,1.0956,0,0
025040107410003168d2a000a00000e2,2,2,32,322,276,770,612,1.0956,0,0
025040107410003168d2a000a00000e2,2,2,33,322,276,770,612,1.0956,0,0
025040107410003168d2a000a00000e2,2,2,34,322,276,770,612,1.0956,0,0
025040107410003168d2a000a00000e2,2,2,35,322,276,770,612,1.0956,0,0
025040107410003168d2a000a00000e2,2,2,36,322,276,770,612,1.0956,0,0
025040107410003168d2a000a00000e2,2,2,37,322,276,770,612,1.0956,0,0
025040107410003168d2a000a00000e2,2,2,38,322,276,770,612,1.0956,0,0
025040107410003168d2a000a00000e2,2,2,39,322,276,770,612,1.0956,0,0
025040107410003168d2a000a00000e2,2,2,40,322,276,770,612,1.0956,0,0
025040107410003168d2a000a00000e2,2,2,41,322,276,770,612,1.0956,0,0
025040107410003168d2a000a00000e2,2,2,42,322,276,770,612,1.0956,0,0
025040107410003168d2a000a00000e2,2,2,43,322,276,770,612,1.0956,0,0
025040107410003168d2a000a00000e2,2,2,44,322,276,770,612,1.0956,0,0
025040107410003168d2a000a00000e2,2,2,45,322,276,770,612,1.0956,0,0
025040107410003168d2a000a00000e2,2,2,46,322,276,770,612,1.0956,0,0
025040107410003168d2a000a00000e2,2,2,47,322,276,770,612,1.0956,0,0
025040107410003168d2a000a00000e2,2,2,48,322,276,770,612,1.0956,0,0
025040107410003168d2a000a00000e2,2,2,49,322,276,770,612,1.0956,0,0
025040107410003168d2a000a00000e2,2,2,50,322,276,770,612,1.0956,0,0
025040107410003168d2a000a00000e2,2,2,51,322,276,770,612,1.0956,0,0
025040107410003168d2a000a00000e2,2,2,52,322,276,770,612,1.0956,0,0
025040107410003168d2a000a00000e2,2,2,53,322,276,770,612,1.0956,0,0
025040107410003168d2a000a00000e2,2,2,54,322,276,770,612,1.0956,0,0
025040107410003168d2a000a00000e2,2,2,55,322,276,770,612,1.0956,0,0
025040107410003168d2a000a00000e2,2,2,56,322,276,770,612,1.0956,0,0
025040107410003168d2a000a00000e2,2,2,57,322,276,770,612,1.0956,0,0
025040107410003168d2a000a00000e2,2,2,58,322,276,770,612,1.0956,0,0
025040107410003168d2a000a00000e2,2,2,59,322,276,770,612,1.0956,0,0
025040107410003168d2a000a00000e2,2,2,60,322,276,770,612,1.0956,0,0
025040107410003168d2a000a00000e2,2,2,61,322,276,770,612,1.0956,0,0
025040107410003168d2a000a00000e2,2,2,62,322,276,770,612,1.0956,0,0
025040107410003168d2a000a00000e2,2,2,63,322,276,770,612,1.0956,0,0
025040107410003168d2a000a00000e2,2,2,0,322,276,771,613,1.10002,0,0
025040107410003168d2a000a00000e2,2,2,1,322,276,771,613,1.10002,0,0
025040107410003168d2a000a00000e2,2,2,2,322,276,771,613,1.10002,0,0
025040107410003168d2a000a00000e2,2,2,3,322,276,771,613,1.10002,0,0
025040107410003168d2a000a00000e2,2,2,4,322,276,771,613,1.10002,0,0
025040107410003168d2a000a00000e2,2,2,5,322,276,771,613,1.10002,0,0
025040107410003168d2a000a00000e2,2,2,6,322,276,771,613,1.10002,0,0
025040107410003168d2a000a00000e2,2,2,7,322,276,771,613,1.10002,0,0
025040107410003168d2a000a00000e2,2,2,8,322,276,771,613,1.10002,0,0
025040107410003168d2a000a00000e2,2,2,9,322,276,771,613,1.10002,0,0
025040107410003168d2a000a00000e2,2,2,10,322,276,771,613,1.10002,0,0
025040107410003168d2a000a00000e2,2,2,11,322,276,771,613,1.10002,0,0
025040107410003168d2a000a00000e2,2,2,12,322,276,771,613,1.10002,0,0
025040107410003168d2a000a00000e2,2,2,13,322,276,771,613,1.10002,0,0
025040107410003168d2a000a00000e2,2,2,14,322,276,771,613,1.10002,0,0
025040107410003168d2a000a00000e2,2,2,15,322,276,771,613,1.10002,0,0
025040107410003168d2a000a00000e2,2,2,16,322,276,771,613,1.10002,0,0
025040107410003168d2a000a00000e2,2,2,17,322,276,771,613,1.10002,0,0
025040107410003168d2a000a00000e2,2,2,18,322,276,771,613,1.10002,0,0
025040107410003168d2a000a00000e2,2,2,19,322,276,771,613,1.10002,0,0
025040107410003168d2a000a00000e2,2,2,20,322,276,771,613,1.10002,0,0
025040107410003168d2a000a00000e2,2,2,21,322,276,771,613,1.10002,0,0
025040107410003168d2a000a00000e2,2,2,22,322,276,771,613,1.10002,0,0
025040107410003168d2a000a00000e2,2,2,23,322,276,771,613,1.10002,0,0
025040107410003168d2a000a00000e2,2,2,24,322,276,771,613,1.10002,0,0
025040107410003168d2a000a00000e2,2,2,25,322,276,771,613,1.10002,0,0
025040107410003168d2a000a00000e2,2,2,26,322,276,771,613,1.10002,0,0
025040107410003168d2a000a00000e2,2,2,27,322,276,771,613,1.10002,0,0
025040107410003168d2a000a00000e2,2,2,28,322,276,771,613,1.10002,0,0
025040107410003168d2a000a00000e2,2,2,29,322,276,771,613,1.10002,0,0
025040107410003168d2a000a00000e2,2,2,30,322,276,771,613,1.10002,0,0
025040107410003168d2a000a00000e2,2,2,31,322,276,771,613,1.10002,0,0
025040107410003168d2a000a00000e2,2,2,32,322,276,771,613,1.10002,0,0
025040107410003168d2a000a00000e2,2,2,33,322,276,771,613,1.10002,0,0
025040107410003168d2a000a00000e2,2,2,34,322,276,771,613,1.10002,0,0
025040107410003168d2a000a00000e2,2,2,35,322,276,771,613,1.10002,0,0
025040107410003168d2a000a00000e2,2,2,36,322,276,771,613,1.10002,0,0
025040107410003168d2a000a00000e2,2,2,37,322,276,771,613,1.10002,0,0
025040107410003168d2a000a00000e2,2,2,38,322,276,771,613,1.10002,0,0
025040107410003168d2a000a00000e2,2,2,39,322,276,771,613,1.10002,0,0
025040107410003168d2a000a00000e2,2,2,40,322,276,771,613,1.10002,0,0
025040107410003168d2a000a00000e2,2,2,41,322,276,771,613,1.10002,0,0
025040107410003168d2a000a00000e2,2,2,42,322,276,771,613,1.10002,0,0
025040107410003168d2a000a00000e2,2,2,43,322,276,771,613,1.10002,0,0
025040107410003168d2a000a00000e2,2,2,44,322,276,771,613,1.10002,0,0
025040107410003168d2a000a00000e2,2,2,45,322,276,771,613,1.10002,0,0
025040107410003168d2a000a00000e2,2,2,46,322,276,771,613,1.10002,0,0
025040107410003168d2a000a00000e2,2,2,47,322,276,771,613,1.10002,0,0
025040107410003168d2a000a00000e2,2,2,48,322,276,771,613,1.10002,0,0
025040107410003168d2a000a00000e2,2,2,49,322,276,771,613,1.10002,0,0
025040107410003168d2a000a00000e2,2,2,50,322,276,771,613,1.10002,0,0
025040107410003168d2a000a00000e2,2,2,51,322,276,771,613,1.10002,0,0
025040107410003168d2a000a00000e2,2,2,52,322,276,771,613,1.10002,0,0
025040107410003168d2a000a00000e2,2,2,53,322,276,771,613,1.10002,0,0
025040107410003168d2a000a00000e2,2,2,54,322,276,771,613,1.10002,0,0
025040107410003168d2a000a00000e2,2,2,55,322,276,771,613,1.10002,0,0
025040107410003168d2a000a00000e2,2,2,56,322,276,771,613,1.10002,0,0
025040107410003168d2a000a00000e2,2,2,57,322,276,771,613,1.10002,0,0
025040107410003168d2a000a00000e2,2,2,58,322,276,771,613,1.10002,0,0
025040107410003168d2a000a00000e2,2,2,59,322,276,771,613,1.10002,0,0
025040107410003168d2a000a00000e2,2,2,60,322,276,771,613,1.10002,0,0
025040107410003168d2a000a00000e2,2,2,61,322,276,771,613,1.10002,0,0
025040107410003168d2a000a00000e2,2,2,62,322,276,771,613,1.10002,0,0
025040107410003168d2a000a00000e2,2,2,63,322,276,771,613,1.10002,0,0
025040107410003168d2a000a00000e2,2,2,0,322,276,772,614,1.09855,0,0
025040107410003168d2a000a00000e2,2,2,1,322,276,772,614,1.09855,0,0
025040107410003168d2a000a00000e2,2,2,2,322,276,772,614,1.09855,0,0
025040107410003168d2a000a00000e2,2,2,3,322,276,772,614,1.09855,0,0
025040107410003168d2a000a00000e2,2,2,4,322,276,772,614,1.09855,0,0
025040107410003168d2a000a00000e2,2,2,5,322,276,772,614,1.09855,0,0
025040107410003168d2a000a00000e2,2,2,6,322,276,772,614,1.09855,0,0
025040107410003168d2a000a00000e2,2,2,7,322,276,772,614,1.09855,0,0
025040107410003168d2a000a00000e2,2,2,8,322,276,772,614,1.09855,0,0
025040107410003168d2a000a00000e2,2,2,9,322,276,772,614,1.09855,0,0
025040107410003168d2a000a00000e2,2,2,10,322,276,772,614,1.09855,0,0
025040107410003168d2a000a00000e2,2,2,11,322,276,772,614,1.09855,0,0
025040107410003168d2a000a00000e2,2,2,12,322,276,772,614,1.09855,0,0
025040107410003168d2a000a00000e2,2,2,13,322,276,772,614,1.09855,0,0
025040107410003168d2a000a00000e2,2,2,14,322,276,772,614,1.09855,0,0
025040107410003168d2a000a00000e2,2,2,15,322,276,772,614,1.09855,0,0
025040107410003168d2a000a00000e2,2,2,16,322,276,772,614,1.09855,0,0
025040107410003168d2a000a00000e2,2,2,17,322,276,772,614,1.09855,0,0
025040107410003168d2a000a00000e2,2,2,18,322,276,772,614,1.09855,0,0
025040107410003168d2a000a00000e2,2,2,19,322,276,772,614,1.09855,0,0
025040107410003168d2a000a00000e2,2,2,20,322,276,772,614,1.09855,0,0
025040107410003168d2a000a00000e2,2,2,21,322,276,772,614,1.09855,0,0
025040107410003168d2a000a00000e2,2,2,22,322,276,772,614,1.09855,0,0
025040107410003168d2a000a00000e2,2,2,23,322,276,772,614,1.09855,0,0
025040107410003168d2a000a00000e2,2,2,24,322,276,772,614,1.09855,0,0
025040107410003168d2a000a00000e2,2,2,25,322,276,772,614,1.09855,0,0
025040107410003168d2a000a00000e2,2,2,26,322,276,772,614,1.09855,0,0
025040107410003168d2a000a00000e2,2,2,27,322,276,772,614,1.09855,0,0
025040107410003168d2a000a00000e2,2,2,28,322,276,772,614,1.09855,0,0
025040107410003168d2a000a00000e2,2,2,29,322,276,772,614,1.09855,0,0
025040107410003168d2a000a00000e2,2,2,30,322,276,772,614,1.09855,0,0
025040107410003168d2a000a00000e2,2,2,31,322,276,772,614,1.09855,0,0
025040107410003168d2a000a00000e2,2,2,32,322,276,772,614,1.09855,0,0
025040107410003168d2a000a00000e2,2,2,33,322,276,772,614,1.09855,0,0
025040107410003168d2a000a00000e2,2,2,34,322,276,772,614,1.09855,0,0
025040107410003168d2a000a00000e2,2,2,35,322,276,772,614,1.09855,0,0
025040107410003168d2a000a00000e2,2,2,36,322,276,772,614,1.09855,0,0
025040107410003168d2a000a00000e2,2,2,37,322,276,772,614,1.09855,0,0
025040107410003168d2a000a00000e2,2,2,38,322,276,772,614,1.09855,0,0
025040107410003168d2a000a00000e2,2,2,39,322,276,772,614,1.09855,0,0
025040107410003168d2a000a00000e2,2,2,40,322,276,772,614,1.09855,0,0
025040107410003168d2a000a00000e2,2,2,41,322,276,772,614,1.09855,0,0
025040107410003168d2a000a00000e2,2,2,42,322,276,772,614,1.09855,0,0
025040107410003168d2a000a00000e2,2,2,43,322,276,772,614,1.09855,0,0
025040107410003168d2a000a00000e2,2,2,44,322,276,772,614,1.09855,0,0
025040107410003168d2a000a00000e2,2,2,45,322,276,772,614,1.09855,0,0
025040107410003168d2a000a00000e2,2,2,46,322,276,772,614,1.09855,0,0
025040107410003168d2a000a00000e2,2,2,47,322,276,772,614,1.09855,0,0
025040107410003168d2a000a00000e2,2,2,48,322,276,772,614,1.09855,0,0
025040107410003168d2a000a00000e2,2,2,49,322,276,772,614,1.09855,0,0
025040107410003168d2a000a00000e2,2,2,50,322,276,772,614,1.09855,0,0
025040107410003168d2a000a00000e2,2,2,51,322,276,772,614,1.09855,0,0
025040107410003168d2a000a00000e2,2,2,52,322,276,772,614,1.09855,0,0
025040107410003168d2a000a00000e2,2,2,53,322,276,772,614,1.09855,0,0
025040107410003168d2a000a00000e2,2,2,54,322,276,772,614,1.09855,0,0
025040107410003168d2a000a00000e2,2,2,55,322,276,772,614,1.09855,0,0
025040107410003168d2a000a00000e2,2,2,56,322,276,772,614,1.09855,0,0
025040107410003168d2a000a00000e2,2,2,57,322,276,772,614,1.09855,0,0
025040107410003168d2a000a00000e2,2,2,58,322,276,772,614,1.09855,0,0
025040107410003168d2a000a00000e2,2,2,59,322,276,772,614,1.09855,0,0
025040107410003168d2a000a00000e2,2,2,60,322,276,772,614,1.09855,0,0
025040107410003168d2a000a00000e2,2,2,61,322,276,772,614,1.09855,0,0
025040107410003168d2a000a00000e2,2,2,62,322,276,772,614,1.09855,0,0
025040107410003168d2a000a00000e2,2,2,63,322,276,772,614,1.09855,0,0
025040107410003168d2a000a00000e2,2,2,0,322,276,773,614,1.09855,0,0
025040107410003168d2a000a00000e2,2,2,1,322,276,773,614,1.09855,0,0
025040107410003168d2a000a00000e2,2,2,2,322,276,773,614,1.09855,0,0
025040107410003168d2a000a00000e2,2,2,3,322,276,773,614,1.09855,0,0
025040107410003168d2a000a00000e2,2,2,4,322,276,773,614,1.09855,0,0
025040107410003168d2a000a00000e2,2,2,5,322,276,773,614,1.09855,0,0
025040107410003168d2a000a00000e2,2,2,6,322,276,773,614,1.09855,0,0
025040107410003168d2a000a00000e2,2,2,7,322,276,773,614,1.09855,0,0
025040107410003168d2a000a00000e2,2,2,8,322,276,773,614,1.09855,0,0
025040107410003168d2a000a00000e2,2,2,9,322,276,773,614,1.09855,0,0
025040107410003168d2a000a00000e2,2,2,10,322,276,773,614,1.09855,0,0
025040107410003168d2a000a00000e2,2,2,11,322,276,773,614,1.09855,0,0
025040107410003168d2a000a00000e2,2,2,12,322,276,773,614,1.09855,0,0
025040107410003168d2a000a00000e2,2,2,13,322,276,773,614,1.09855,0,0
025040107410003168d2a000a00000e2,2,2,14,322,276,773,614,1.09855,0,0
025040107410003168d2a000a00000e2,2,2,15,322,276,773,614,1.09855,0,0
025040107410003168d2a000a00000e2,2,2,16,322,276,773,614,1.09855,0,0
025040107410003168d2a000a00000e2,2,2,17,322,276,773,614,1.09855,0,0
025040107410003168d2a000a00000e2,2,2,18,322,276,773,614,1.09855,0,0
025040107410003168d2a000a00000e2,2,2,19,322,276,773,614,1.09855,0,0
025040107410003168d2a000a00000e2,2,2,20,322,276,773,614,1.09855,0,0
025040107410003168d2a000a00000e2,2,2,21,322,276,773,614,1.09855,0,0
025040107410003168d2a000a00000e2,2,2,22,322,276,773,614,1.09855,0,0
025040107410003168d2a000a00000e2,2,2,23,322,276,773,614,1.09855,0,0
025040107410003168d2a000a00000e2,2,2,24,322,276,773,614,1.09855,0,0
025040107410003168d2a000a00000e2,2,2,25,322,276,773,614,1.09855,0,0
025040107410003168d2a000a00000e2,2,2,26,322,276,773,614,1.09855,0,0
025040107410003168d2a000a00000e2,2,2,27,322,276,773,614,1.09855,0,0
025040107410003168d2a000a00000e2,2,2,28,322,276,773,614,1.09855,0,0
025040107410003168d2a000a00000e2,2,2,29,322,276,773,614,1.09855,0,0
025040107410003168d2a000a00000e2,2,2,30,322,276,773,614,1.09855,0,0
025040107410003168d2a000a00000e2,2,2,31,322,276,773,614,1.09855,0,0
025040107410003168d2a000a00000e2,2,2,32,322,276,773,614,1.09855,0,0
025040107410003168d2a000a00000e2,2,2,33,322,276,773,614,1.09855,0,0
025040107410003168d2a000a00000e2,2,2,34,322,276,773,614,1.09855,0,0
025040107410003168d2a000a00000e2,2,2,35,322,276,773,614,1.09855,0,0
025040107410003168d2a000a00000e2,2,2,36,322,276,773,614,1.09855,0,0
025040107410003168d2a000a00000e2,2,2,37,322,276,773,614,1.09855,0,0
025040107410003168d2a000a00000e2,2,2,38,322,276,773,614,1.09855,0,0
025040107410003168d2a000a00000e2,2,2,39,322,276,773,614,1.09855,0,0
025040107410003168d2a000a00000e2,2,2,40,322,276,773,614,1.09855,0,0
025040107410003168d2a000a00000e2,2,2,41,322,276,773,614,1.09855,0,0
025040107410003168d2a000a00000e2,2,2,42,322,276,773,614,1.09855,0,0
025040107410003168d2a000a00000e2,2,2,43,322,276,773,614,1.09855,0,0
025040107410003168d2a000a00000e2,2,2,44,322,276,773,614,1.09855,0,0
025040107410003168d2a000a00000e2,2,2,45,322,276,773,614,1.09855,0,0
025040107410003168d2a000a00000e2,2,2,46,322,276,773,614,1.09855,0,0
025040107410003168d2a000a00000e2,2,2,47,322,276,773,614,1.09855,0,0
025040107410003168d2a000a00000e2,2,2,48,322,276,773,614,1.09855,0,0
025040107410003168d2a000a00000e2,2,2,49,322,276,773,614,1.09855,0,0
025040107410003168d2a000a00000e2,2,2,50,322,276,773,614,1.09855,0,0
025040107410003168d2a000a00000e2,2,2,51,322,276,773,614,1.09855,0,0
025040107410003168d2a000a00000e2,2,2,52,322,276,773,614,1.09855,0,0
025040107410003168d2a000a00000e2,2,2,53,322,276,773,614,1.09855,0,0
025040107410003168d2a000a00000e2,2,2,54,322,276,773,614,1.09855,0,0
025040107410003168d2a000a00000e2,2,2,55,322,276,773,614,1.09855,0,0
025040107410003168d2a000a00000e2,2,2,56,322,276,773,614,1.09855,0,0
025040107410003168d2a000a00000e2,2,2,57,322,276,773,614,1.09855,0,0
025040107410003168d2a000a00000e2,2,2,58,322,276,773,614,1.09855,0,0
025040107410003168d2a000a00000e2,2,2,59,322,276,773,614,1.09855,0,0
025040107410003168d2a000a00000e2,2,2,60,322,276,773,614,1.09855,0,0
025040107410003168d2a000a00000e2,2,2,61,322,276,773,614,1.09855,0,0
025040107410003168d2a000a00000e2,2,2,62,322,276,773,614,1.09855,0,0
025040107410003168d2a000a00000e2,2,2,63,322,276,773,614,1.09855,0,0
025040107410003168d2a000a00000e2,2,2,0,322,276,774,615,1.10002,0,0
025040107410003168d2a000a00000e2,2,2,1,322,276,774,615,1.10002,0,0
025040107410003168d2a000a00000e2,2,2,2,322,276,774,615,1.10002,0,0
025040107410003168d2a000a00000e2,2,2,3,322,276,774,615,1.10002,0,0
025040107410003168d2a000a00000e2,2,2,4,322,276,774,615,1.10002,0,0
025040107410003168d2a000a00000e2,2,2,5,322,276,774,615,1.10002,0,0
025040107410003168d2a000a00000e2,2,2,6,322,276,774,615,1.10002,0,0
025040107410003168d2a000a00000e2,2,2,7,322,276,774,615,1.10002,0,0
025040107410003168d2a000a00000e2,2,2,8,322,276,774,615,1.10002,0,0
025040107410003168d2a000a00000e2,2,2,9,322,276,774,615,1.10002,0,0
025040107410003168d2a000a00000e2,2,2,10,322,276,774,615,1.10002,0,0
025040107410003168d2a000a00000e2,2,2,11,322,276,774,615,1.10002,0,0
025040107410003168d2a000a00000e2,2,2,12,322,276,774,615,1.10002,0,0
025040107410003168d2a000a00000e2,2,2,13,322,276,774,615,1.10002,0,0
025040107410003168d2a000a00000e2,2,2,14,322,276,774,615,1.10002,0,0
025040107410003168d2a000a00000e2,2,2,15,322,276,774,615,1.10002,0,0
025040107410003168d2a000a00000e2,2,2,16,322,276,774,615,1.10002,0,0
025040107410003168d2a000a00000e2,2,2,17,322,276,774,615,1.10002,0,0
025040107410003168d2a000a00000e2,2,2,18,322,276,774,615,1.10002,0,0
025040107410003168d2a000a00000e2,2,2,19,322,276,774,615,1.10002,0,0
025040107410003168d2a000a00000e2,2,2,20,322,276,774,615,1.10002,0,0
025040107410003168d2a000a00000e2,2,2,21,322,276,774,615,1.10002,0,0
025040107410003168d2a000a00000e2,2,2,22,322,276,774,615,1.10002,0,0
025040107410003168d2a000a00000e2,2,2,23,322,276,774,615,1.10002,0,0
025040107410003168d2a000a00000e2,2,2,24,322,276,774,615,1.10002,0,0
025040107410003168d2a000a00000e2,2,2,25,322,276,774,615,1.10002,0,0
025040107410003168d2a000a00000e2,2,2,26,322,276,774,615,1.10002,0,0
025040107410003168d2a000a00000e2,2,2,27,322,276,774,615,1.10002,0,0
025040107410003168d2a000a00000e2,2,2,28,322,276,774,615,1.10002,0,0
025040107410003168d2a000a00000e2,2,2,29,322,276,774,615,1.10002,0,0
025040107410003168d2a000a00000e2,2,2,30,322,276,774,615,1.10002,0,0
025040107410003168d2a000a00000e2,2,2,31,322,276,774,615,1.10002,0,0
025040107410003168d2a000a00000e2,2,2,32,322,276,774,615,1.10002,0,0
025040107410003168d2a000a00000e2,2,2,33,322,276,774,615,1.10002,0,0
025040107410003168d2a000a00000e2,2,2,34,322,276,774,615,1.10002,0,0
025040107410003168d2a000a00000e2,2,2,35,322,276,774,615,1.10002,0,0
025040107410003168d2a000a00000e2,2,2,36,322,276,774,615,1.10002,0,0
025040107410003168d2a000a00000e2,2,2,37,322,276,774,615,1.10002,0,0
025040107410003168d2a000a00000e2,2,2,38,322,276,774,615,1.10002,0,0
025040107410003168d2a000a00000e2,2,2,39,322,276,774,615,1.10002,0,0
025040107410003168d2a000a00000e2,2,2,40,322,276,774,615,1.10002,0,0
025040107410003168d2a000a00000e2,2,2,41,322,276,774,615,1.10002,0,0
025040107410003168d2a000a00000e2,2,2,42,322,276,774,615,1.10002,0,0
025040107410003168d2a000a00000e2,2,2,43,322,276,774,615,1.10002,0,0
025040107410003168d2a000a00000e2,2,2,44,322,276,774,615,1.10002,0,0
025040107410003168d2a000a00000e2,2,2,45,322,276,774,615,1.10002,0,0
025040107410003168d2a000a00000e2,2,2,46,322,276,774,615,1.10002,0,0
025040107410003168d2a000a00000e2,2,2,47,322,276,774,615,1.10002,0,0
025040107410003168d2a000a00000e2,2,2,48,322,276,774,615,1.10002,0,0
025040107410003168d2a000a00000e2,2,2,49,322,276,774,615,1.10002,0,0
025040107410003168d2a000a00000e2,2,2,50,322,276,774,615,1.10002,0,0
025040107410003168d2a000a00000e2,2,2,51,322,276,774,615,1.10002,0,0
025040107410003168d2a000a00000e2,2,2,52,322,276,774,615,1.10002,0,0
025040107410003168d2a000a00000e2,2,2,53,322,276,774,615,1.10002,0,0
025040107410003168d2a000a00000e2,2,2,54,322,276,774,615,1.10002,0,0
025040107410003168d2a000a00000e2,2,2,55,322,276,774,615,1.10002,0,0
025040107410003168d2a000a00000e2,2,2,56,322,276,774,615,1.10002,0,0
025040107410003168d2a000a00000e2,2,2,57,322,276,774,615,1.10002,0,0
025040107410003168d2a000a00000e2,2,2,58,322,276,774,615,1.10002,0,0
025040107410003168d2a000a00000e2,2,2,59,322,276,774,615,1.10002,0,0
025040107410003168d2a000a00000e2,2,2,60,322,276,774,615,1.10002,0,0
025040107410003168d2a000a00000e2,2,2,61,322,276,774,615,1.10002,0,0
025040107410003168d2a000a00000e2,2,2,62,322,276,774,615,1.10002,0,0
025040107410003168d2a000a00000e2,2,2,63,322,276,774,615,1.10002,0,0
025040107410003168d2a000a00000e2,2,2,0,322,276,775,616,1.10002,0,0
025040107410003168d2a000a00000e2,2,2,1,322,276,775,616,1.10002,0,0
025040107410003168d2a000a00000e2,2,2,2,322,276,775,616,1.10002,0,0
025040107410003168d2a000a00000e2,2,2,3,322,276,775,616,1.10002,0,0
025040107410003168d2a000a00000e2,2,2,4,322,276,775,616,1.10002,0,0
025040107410003168d2a000a00000e2,2,2,5,322,276,775,616,1.10002,0,0
025040107410003168d2a000a00000e2,2,2,6,322,276,775,616,1.10002,0,0
025040107410003168d2a000a00000e2,2,2,7,322,276,775,616,1.10002,0,0
025040107410003168d2a000a00000e2,2,2,8,322,276,775,616,1.10002,0,0
025040107410003168d2a000a00000e2,2,2,9,322,276,775,616,1.10002,0,0
025040107410003168d2a000a00000e2,2,2,10,322,276,775,616,1.10002,0,0
025040107410003168d2a000a00000e2,2,2,11,322,276,775,616,1.10002,0,0
025040107410003168d2a000a00000e2,2,2,12,322,276,775,616,1.10002,0,0
025040107410003168d2a000a00000e2,2,2,13,322,276,775,616,1.10002,0,0
025040107410003168d2a000a00000e2,2,2,14,322,276,775,616,1.10002,0,0
025040107410003168d2a000a00000e2,2,2,15,322,276,775,616,1.10002,0,0
025040107410003168d2a000a00000e2,2,2,16,322,276,775,616,1.10002,0,0
025040107410003168d2a000a00000e2,2,2,17,322,276,775,616,1.10002,0,0
025040107410003168d2a000a00000e2,2,2,18,322,276,775,616,1.10002,0,0
025040107410003168d2a000a00000e2,2,2,19,322,276,775,616,1.10002,0,0
025040107410003168d2a000a00000e2,2,2,20,322,276,775,616,1.10002,0,0
025040107410003168d2a000a00000e2,2,2,21,322,276,775,616,1.10002,0,0
025040107410003168d2a000a00000e2,2,2,22,322,276,775,616,1.10002,0,0
025040107410003168d2a000a00000e2,2,2,23,322,276,775,616,1.10002,0,0
025040107410003168d2a000a00000e2,2,2,24,322,276,775,616,1.10002,0,0
025040107410003168d2a000a00000e2,2,2,25,322,276,775,616,1.10002,0,0
025040107410003168d2a000a00000e2,2,2,26,322,276,775,616,1.10002,0,0
025040107410003168d2a000a00000e2,2,2,27,322,276,775,616,1.10002,0,0
025040107410003168d2a000a00000e2,2,2,28,322,276,775,616,1.10002,0,0
025040107410003168d2a000a00000e2,2,2,29,322,276,775,616,1.10002,0,0
025040107410003168d2a000a00000e2,2,2,30,322,276,775,616,1.10002,0,0
025040107410003168d2a000a00000e2,2,2,31,322,276,775,616,1.10002,0,0
025040107410003168d2a000a00000e2,2,2,32,322,276,775,616,1.10002,0,0
025040107410003168d2a000a00000e2,2,2,33,322,276,775,616,1.10002,0,0
025040107410003168d2a000a00000e2,2,2,34,322,276,775,616,1.10002,0,0
025040107410003168d2a000a00000e2,2,2,35,322,276,775,616,1.10002,0,0
025040107410003168d2a000a00000e2,2,2,36,322,276,775,616,1.10002,0,0
025040107410003168d2a000a00000e2,2,2,37,322,276,775,616,1.10002,0,0
025040107410003168d2a000a00000e2,2,2,38,322,276,775,616,1.10002,0,0
025040107410003168d2a000a00000e2,2,2,39,322,276,775,616,1.10002,0,0
025040107410003168d2a000a00000e2,2,2,40,322,276,775,616,1.10002,0,0
025040107410003168d2a000a00000e2,2,2,41,322,276,775,616,1.10002,0,0
025040107410003168d2a000a00000e2,2,2,42,322,276,775,616,1.10002,0,0
025040107410003168d2a000a00000e2,2,2,43,322,276,775,616,1.10002,0,0
025040107410003168d2a000a00000e2,2,2,44,322,276,775,616,1.10002,0,0
025040107410003168d2a000a00000e2,2,2,45,322,276,775,616,1.10002,0,0
025040107410003168d2a000a00000e2,2,2,46,322,276,775,616,1.10002,0,0
025040107410003168d2a000a00000e2,2,2,47,322,276,775,616,1.10002,0,0
025040107410003168d2a000a00000e2,2,2,48,322,276,775,616,1.10002,0,0
025040107410003168d2a000a00000e2,2,2,49,322,276,775,616,1.10002,0,0
025040107410003168d2a000a00000e2,2,2,50,322,276,775,616,1.10002,0,0
025040107410003168d2a000a00000e2,2,2,51,322,276,775,616,1.10002,0,0
025040107410003168d2a000a00000e2,2,2,52,322,276,775,616,1.10002,0,0
025040107410003168d2a000a00000e2,2,2,53,322,276,775,616,1.10002,0,0
025040107410003168d2a000a00000e2,2,2,54,322,276,775,616,1.10002,0,0
025040107410003168d2a000a00000e2,2,2,55,322,276,775,616,1.10002,0,0
025040107410003168d2a000a00000e2,2,2,56,322,276,775,616,1.10002,0,0
025040107410003168d2a000a00000e2,2,2,57,322,276,775,616,1.10002,0,0
025040107410003168d2a000a00000e2,2,2,58,322,276,775,616,1.10002,0,0
025040107410003168d2a000a00000e2,2,2,59,322,276,775,616,1.10002,0,0
025040107410003168d2a000a00000e2,2,2,60,322,276,775,616,1.10002,0,0
025040107410003168d2a000a00000e2,2,2,61,322,276,775,616,1.10002,0,0
025040107410003168d2a000a00000e2,2,2,62,322,276,775,616,1.10002,0,0
025040107410003168d2a000a00000e2,2,2,63,322,276,775,616,1.10002,0,0
025040107410003168d2a000a00000e2,2,2,0,322,276,776,617,1.10002,0,0
025040107410003168d2a000a00000e2,2,2,1,322,276,776,617,1.10002,0,0
025040107410003168d2a000a00000e2,2,2,2,322,276,776,617,1.10002,0,0
025040107410003168d2a000a00000e2,2,2,3,322,276,776,617,1.10002,0,0
025040107410003168d2a000a00000e2,2,2,4,322,276,776,617,1.10002,0,0
025040107410003168d2a000a00000e2,2,2,5,322,276,776,617,1.10002,0,0
025040107410003168d2a000a00000e2,2,2,6,322,276,776,617,1.10002,0,0
025040107410003168d2a000a00000e2,2,2,7,322,276,776,617,1.10002,0,0
025040107410003168d2a000a00000e2,2,2,8,322,276,776,617,1.10002,0,0
025040107410003168d2a000a00000e2,2,2,9,322,276,776,617,1.10002,0,0
025040107410003168d2a000a00000e2,2,2,10,322,276,776,617,1.10002,0,0
025040107410003168d2a000a00000e2,2,2,11,322,276,776,617,1.10002,0,0
025040107410003168d2a000a00000e2,2,2,12,322,276,776,617,1.10002,0,0
025040107410003168d2a000a00000e2,2,2,13,322,276,776,617,1.10002,0,0
025040107410003168d2a000a00000e2,2,2,14,322,276,776,617,1.10002,0,0
025040107410003168d2a000a00000e2,2,2,15,322,276,776,617,1.10002,0,0
025040107410003168d2a000a00000e2,2,2,16,322,276,776,617,1.10002,0,0
025040107410003168d2a000a00000e2,2,2,17,322,276,776,617,1.10002,0,0
025040107410003168d2a000a00000e2,2,2,18,322,276,776,617,1.10002,0,0
025040107410003168d2a000a00000e2,2,2,19,322,276,776,617,1.10002,0,0
025040107410003168d2a000a00000e2,2,2,20,322,276,776,617,1.10002,0,0
025040107410003168d2a000a00000e2,2,2,21,322,276,776,617,1.10002,0,0
025040107410003168d2a000a00000e2,2,2,22,322,276,776,617,1.10002,0,0
025040107410003168d2a000a00000e2,2,2,23,322,276,776,617,1.10002,0,0
025040107410003168d2a000a00000e2,2,2,24,322,276,776,617,1.10002,0,0
025040107410003168d2a000a00000e2,2,2,25,322,276,776,617,1.10002,0,0
025040107410003168d2a000a00000e2,2,2,26,322,276,776,617,1.10002,0,0
025040107410003168d2a000a00000e2,2,2,27,322,276,776,617,1.10002,0,0
025040107410003168d2a000a00000e2,2,2,28,322,276,776,617,1.10002,0,0
025040107410003168d2a000a00000e2,2,2,29,322,276,776,617,1.10002,0,0
025040107410003168d2a000a00000e2,2,2,30,322,276,776,617,1.10002,0,0
025040107410003168d2a000a00000e2,2,2,31,322,276,776,617,1.10002,0,0
025040107410003168d2a000a00000e2,2,2,32,322,276,776,617,1.10002,0,0
025040107410003168d2a000a00000e2,2,2,33,322,276,776,617,1.10002,0,0
025040107410003168d2a000a00000e2,2,2,34,322,276,776,617,1.10002,0,0
025040107410003168d2a000a00000e2,2,2,35,322,276,776,617,1.10002,0,0
025040107410003168d2a000a00000e2,2,2,36,322,276,776,617,1.10002,0,0
025040107410003168d2a000a00000e2,2,2,37,322,276,776,617,1.10002,0,0
025040107410003168d2a000a00000e2,2,2,38,322,276,776,617,1.10002,0,0
025040107410003168d2a000a00000e2,2,2,39,322,276,776,617,1.10002,0,0
025040107410003168d2a000a00000e2,2,2,40,322,276,776,617,1.10002,0,0
025040107410003168d2a000a00000e2,2,2,41,322,276,776,617,1.10002,0,0
025040107410003168d2a000a00000e2,2,2,42,322,276,776,617,1.10002,0,0
025040107410003168d2a000a00000e2,2,2,43,322,276,776,617,1.10002,0,0
025040107410003168d2a000a00000e2,2,2,44,322,276,776,617,1.10002,0,0
025040107410003168d2a000a00000e2,2,2,45,322,276,776,617,1.10002,0,0
025040107410003168d2a000a00000e2,2,2,46,322,276,776,617,1.10002,0,0
025040107410003168d2a000a00000e2,2,2,47,322,276,776,617,1.10002,0,0
025040107410003168d2a000a00000e2,2,2,48,322,276,776,617,1.10002,0,0
025040107410003168d2a000a00000e2,2,2,49,322,276,776,617,1.10002,0,0
025040107410003168d2a000a00000e2,2,2,50,322,276,776,617,1.10002,0,0
025040107410003168d2a000a00000e2,2,2,51,322,276,776,617,1.10002,0,0
025040107410003168d2a000a00000e2,2,2,52,322,276,776,617,1.10002,0,0
025040107410003168d2a000a00000e2,2,2,53,322,276,776,617,1.10002,0,0
025040107410003168d2a000a00000e2,2,2,54,322,276,776,617,1.10002,0,0
025040107410003168d2a000a00000e2,2,2,55,322,276,776,617,1.10002,0,0
025040107410003168d2a000a00000e2,2,2,56,322,276,776,617,1.10002,0,0
025040107410003168d2a000a00000e2,2,2,57,322,276,776,617,1.10002,0,0
025040107410003168d2a000a00000e2,2,2,58,322,276,776,617,1.10002,0,0
025040107410003168d2a000a00000e2,2,2,59,322,276,776,617,1.10002,0,0
025040107410003168d2a000a00000e2,2,2,60,322,276,776,617,1.10002,0,0
025040107410003168d2a000a00000e2,2,2,61,322,276,776,617,1.10002,0,0
025040107410003168d2a000a00000e2,2,2,62,322,276,776,617,1.10002,0,0
025040107410003168d2a000a00000e2,2,2,63,322,276,776,617,1.10002,0,0
025040107410003168d2a000a00000e2,2,2,0,322,276,777,618,1.10002,0,0
025040107410003168d2a000a00000e2,2,2,1,322,276,777,618,1.10002,0,0
025040107410003168d2a000a00000e2,2,2,2,322,276,777,618,1.10002,0,0
025040107410003168d2a000a00000e2,2,2,3,322,276,777,618,1.10002,0,0
025040107410003168d2a000a00000e2,2,2,4,322,276,777,618,1.10002,0,0
025040107410003168d2a000a00000e2,2,2,5,322,276,777,618,1.10002,0,0
025040107410003168d2a000a00000e2,2,2,6,322,276,777,618,1.10002,0,0
025040107410003168d2a000a00000e2,2,2,7,322,276,777,618,1.10002,0,0
025040107410003168d2a000a00000e2,2,2,8,322,276,777,618,1.10002,0,0
025040107410003168d2a000a00000e2,2,2,9,322,276,777,618,1.10002,0,0
025040107410003168d2a000a00000e2,2,2,10,322,276,777,618,1.10002,0,0
025040107410003168d2a000a00000e2,2,2,11,322,276,777,618,1.10002,0,0
025040107410003168d2a000a00000e2,2,2,12,322,276,777,618,1.10002,0,0
025040107410003168d2a000a00000e2,2,2,13,322,276,777,618,1.10002,0,0
025040107410003168d2a000a00000e2,2,2,14,322,276,777,618,1.10002,0,0
025040107410003168d2a000a00000e2,2,2,15,322,276,777,618,1.10002,0,0
025040107410003168d2a000a00000e2,2,2,16,322,276,777,618,1.10002,0,0
025040107410003168d2a000a00000e2,2,2,17,322,276,777,618,1.10002,0,0
025040107410003168d2a000a00000e2,2,2,18,322,276,777,618,1.10002,0,0
025040107410003168d2a000a00000e2,2,2,19,322,276,777,618,1.10002,0,0
025040107410003168d2a000a00000e2,2,2,20,322,276,777,618,1.10002,0,0
025040107410003168d2a000a00000e2,2,2,21,322,276,777,618,1.10002,0,0
025040107410003168d2a000a00000e2,2,2,22,322,276,777,618,1.10002,0,0
025040107410003168d2a000a00000e2,2,2,23,322,276,777,618,1.10002,0,0
025040107410003168d2a000a00000e2,2,2,24,322,276,777,618,1.10002,0,0
025040107410003168d2a000a00000e2,2,2,25,322,276,777,618,1.10002,0,0
025040107410003168d2a000a00000e2,2,2,26,322,276,777,618,1.10002,0,0
025040107410003168d2a000a00000e2,2,2,27,322,276,777,618,1.10002,0,0
025040107410003168d2a000a00000e2,2,2,28,322,276,777,618,1.10002,0,0
025040107410003168d2a000a00000e2,2,2,29,322,276,777,618,1.10002,0,0
025040107410003168d2a000a00000e2,2,2,30,322,276,777,618,1.10002,0,0
025040107410003168d2a000a00000e2,2,2,31,322,276,777,618,1.10002,0,0
025040107410003168d2a000a00000e2,2,2,32,322,276,777,618,1.10002,0,0
025040107410003168d2a000a00000e2,2,2,33,322,276,777,618,1.10002,0,0
025040107410003168d2a000a00000e2,2,2,34,322,276,777,618,1.10002,0,0
025040107410003168d2a000a00000e2,2,2,35,322,276,777,618,1.10002,0,0
025040107410003168d2a000a00000e2,2,2,36,322,276,777,618,1.10002,0,0
025040107410003168d2a000a00000e2,2,2,37,322,276,777,618,1.10002,0,0
025040107410003168d2a000a00000e2,2,2,38,322,276,777,618,1.10002,0,0
025040107410003168d2a000a00000e2,2,2,39,322,276,777,618,1.10002,0,0
025040107410003168d2a000a00000e2,2,2,40,322,276,777,618,1.10002,0,0
025040107410003168d2a000a00000e2,2,2,41,322,276,777,618,1.10002,0,0
025040107410003168d2a000a00000e2,2,2,42,322,276,777,618,1.10002,0,0
025040107410003168d2a000a00000e2,2,2,43,322,276,777,618,1.10002,0,0
025040107410003168d2a000a00000e2,2,2,44,322,276,777,618,1.10002,0,0
025040107410003168d2a000a00000e2,2,2,45,322,276,777,618,1.10002,0,0
025040107410003168d2a000a00000e2,2,2,46,322,276,777,618,1.10002,0,0
025040107410003168d2a000a00000e2,2,2,47,322,276,777,618,1.10002,0,0
025040107410003168d2a000a00000e2,2,2,48,322,276,777,618,1.10002,0,0
025040107410003168d2a000a00000e2,2,2,49,322,276,777,618,1.10002,0,0
025040107410003168d2a000a00000e2,2,2,50,322,276,777,618,1.10002,0,0
025040107410003168d2a000a00000e2,2,2,51,322,276,777,618,1.10002,0,0
025040107410003168d2a000a00000e2,2,2,52,322,276,777,618,1.10002,0,0
025040107410003168d2a000a00000e2,2,2,53,322,276,777,618,1.10002,0,0
025040107410003168d2a000a00000e2,2,2,54,322,276,777,618,1.10002,0,0
025040107410003168d2a000a00000e2,2,2,55,322,276,777,618,1.10002,0,0
025040107410003168d2a000a00000e2,2,2,56,322,276,777,618,1.10002,0,0
025040107410003168d2a000a00000e2,2,2,57,322,276,777,618,1.10002,0,0
025040107410003168d2a000a00000e2,2,2,58,322,276,777,618,1.10002,0,0
025040107410003168d2a000a00000e2,2,2,59,322,276,777,618,1.10002,0,0
025040107410003168d2a000a00000e2,2,2,60,322,276,777,618,1.10002,0,0
025040107410003168d2a000a00000e2,2,2,61,322,276,777,618,1.10002,0,0
025040107410003168d2a000a00000e2,2,2,62,322,276,777,618,1.10002,0,0
025040107410003168d2a000a00000e2,2,2,63,322,276,777,618,1.10002,0,0
025040107410003168d2a000a00000e2,2,2,0,322,276,778,618,1.0956,0,0
025040107410003168d2a000a00000e2,2,2,1,322,276,778,618,1.0956,0,0
025040107410003168d2a000a00000e2,2,2,2,322,276,778,618,1.0956,0,0
025040107410003168d2a000a00000e2,2,2,3,322,276,778,618,1.0956,0,0
025040107410003168d2a000a00000e2,2,2,4,322,276,778,618,1.0956,0,0
025040107410003168d2a000a00000e2,2,2,5,322,276,778,618,1.0956,0,0
025040107410003168d2a000a00000e2,2,2,6,322,276,778,618,1.0956,0,0
025040107410003168d2a000a00000e2,2,2,7,322,276,778,618,1.0956,0,0
025040107410003168d2a000a00000e2,2,2,8,322,276,778,618,1.0956,0,0
025040107410003168d2a000a00000e2,2,2,9,322,276,778,618,1.0956,0,0
025040107410003168d2a000a00000e2,2,2,10,322,276,778,618,1.0956,0,0
025040107410003168d2a000a00000e2,2,2,11,322,276,778,618,1.0956,0,0
025040107410003168d2a000a00000e2,2,2,12,322,276,778,618,1.0956,0,0
025040107410003168d2a000a00000e2,2,2,13,322,276,778,618,1.0956,0,0
025040107410003168d2a000a00000e2,2,2,14,322,276,778,618,1.0956,0,0
025040107410003168d2a000a00000e2,2,2,15,322,276,778,618,1.0956,0,0
025040107410003168d2a000a00000e2,2,2,16,322,276,778,618,1.0956,0,0
025040107410003168d2a000a00000e2,2,2,17,322,276,778,618,1.0956,0,0
025040107410003168d2a000a00000e2,2,2,18,322,276,778,618,1.0956,0,0
025040107410003168d2a000a00000e2,2,2,19,322,276,778,618,1.0956,0,0
025040107410003168d2a000a00000e2,2,2,20,322,276,778,618,1.0956,0,0
025040107410003168d2a000a00000e2,2,2,21,322,276,778,618,1.0956,0,0
025040107410003168d2a000a00000e2,2,2,22,322,276,778,618,1.0956,0,0
025040107410003168d2a000a00000e2,2,2,23,322,276,778,618,1.0956,0,0
025040107410003168d2a000a00000e2,2,2,24,322,276,778,618,1.0956,0,0
025040107410003168d2a000a00000e2,2,2,25,322,276,778,618,1.0956,0,0
025040107410003168d2a000a00000e2,2,2,26,322,276,778,618,1.0956,0,0
025040107410003168d2a000a00000e2,2,2,27,322,276,778,618,1.0956,0,0
025040107410003168d2a000a00000e2,2,2,28,322,276,778,618,1.0956,0,0
025040107410003168d2a000a00000e2,2,2,29,322,276,778,618,1.0956,0,0
025040107410003168d2a000a00000e2,2,2,30,322,276,778,618,1.0956,0,0
025040107410003168d2a000a00000e2,2,2,31,322,276,778,618,1.0956,0,0
025040107410003168d2a000a00000e2,2,2,32,322,276,778,618,1.0956,0,0
025040107410003168d2a000a00000e2,2,2,33,322,276,778,618,1.0956,0,0
025040107410003168d2a000a00000e2,2,2,34,322,276,778,618,1.0956,0,0
025040107410003168d2a000a00000e2,2,2,35,322,276,778,618,1.0956,0,0
025040107410003168d2a000a00000e2,2,2,36,322,276,778,618,1.0956,0,0
025040107410003168d2a000a00000e2,2,2,37,322,276,778,618,1.0956,0,0
025040107410003168d2a000a00000e2,2,2,38,322,276,778,618,1.0956,0,0
025040107410003168d2a000a00000e2,2,2,39,322,276,778,618,1.0956,0,0
025040107410003168d2a000a00000e2,2,2,40,322,276,778,618,1.0956,0,0
025040107410003168d2a000a00000e2,2,2,41,322,276,778,618,1.0956,0,0
025040107410003168d2a000a00000e2,2,2,42,322,276,778,618,1.0956,0,0
025040107410003168d2a000a00000e2,2,2,43,322,276,778,618,1.0956,0,0
025040107410003168d2a000a00000e2,2,2,44,322,276,778,618,1.0956,0,0
025040107410003168d2a000a00000e2,2,2,45,322,276,778,618,1.0956,0,0
025040107410003168d2a000a00000e2,2,2,46,322,276,778,618,1.0956,0,0
025040107410003168d2a000a00000e2,2,2,47,322,276,778,618,1.0956,0,0
025040107410003168d2a000a00000e2,2,2,48,322,276,778,618,1.0956,0,0
025040107410003168d2a000a00000e2,2,2,49,322,276,778,618,1.0956,0,0
025040107410003168d2a000a00000e2,2,2,50,322,276,778,618,1.0956,0,0
025040107410003168d2a000a00000e2,2,2,51,322,276,778,618,1.0956,0,0
025040107410003168d2a000a00000e2,2,2,52,322,276,778,618,1.0956,0,0
025040107410003168d2a000a00000e2,2,2,53,322,276,778,618,1.0956,0,0
025040107410003168d2a000a00000e2,2,2,54,322,276,778,618,1.0956,0,0
025040107410003168d2a000a00000e2,2,2,55,322,276,778,618,1.0956,0,0
025040107410003168d2a000a00000e2,2,2,56,322,276,778,618,1.0956,0,0
025040107410003168d2a000a00000e2,2,2,57,322,276,778,618,1.0956,0,0
025040107410003168d2a000a00000e2,2,2,58,322,276,778,618,1.0956,0,0
025040107410003168d2a000a00000e2,2,2,59,322,276,778,618,1.0956,0,0
025040107410003168d2a000a00000e2,2,2,60,322,276,778,618,1.0956,0,0
025040107410003168d2a000a00000e2,2,2,61,322,276,778,618,1.0956,0,0
025040107410003168d2a000a00000e2,2,2,62,322,276,778,618,1.0956,0,0
025040107410003168d2a000a00000e2,2,2,63,322,276,778,618,1.0956,0,0
025040107410003168d2a000a00000e2,2,2,0,322,276,779,619,1.10002,0,0
025040107410003168d2a000a00000e2,2,2,1,322,276,779,619,1.10002,0,0
025040107410003168d2a000a00000e2,2,2,2,322,276,779,619,1.10002,0,0
025040107410003168d2a000a00000e2,2,2,3,322,276,779,619,1.10002,0,0
025040107410003168d2a000a00000e2,2,2,4,322,276,779,619,1.10002,0,0
025040107410003168d2a000a00000e2,2,2,5,322,276,779,619,1.10002,0,0
025040107410003168d2a000a00000e2,2,2,6,322,276,779,619,1.10002,0,0
025040107410003168d2a000a00000e2,2,2,7,322,276,779,619,1.10002,0,0
025040107410003168d2a000a00000e2,2,2,8,322,276,779,619,1.10002,0,0
025040107410003168d2a000a00000e2,2,2,9,322,276,779,619,1.10002,0,0
025040107410003168d2a000a00000e2,2,2,10,322,276,779,619,1.10002,0,0
025040107410003168d2a000a00000e2,2,2,11,322,276,779,619,1.10002,0,0
025040107410003168d2a000a00000e2,2,2,12,322,276,779,619,1.10002,0,0
025040107410003168d2a000a00000e2,2,2,13,322,276,779,619,1.10002,0,0
025040107410003168d2a000a00000e2,2,2,14,322,276,779,619,1.10002,0,0
025040107410003168d2a000a00000e2,2,2,15,322,276,779,619,1.10002,0,0
025040107410003168d2a000a00000e2,2,2,16,322,276,779,619,1.10002,0,0
025040107410003168d2a000a00000e2,2,2,17,322,276,779,619,1.10002,0,0
025040107410003168d2a000a00000e2,2,2,18,322,276,779,619,1.10002,0,0
025040107410003168d2a000a00000e2,2,2,19,322,276,779,619,1.10002,0,0
025040107410003168d2a000a00000e2,2,2,20,322,276,779,619,1.10002,0,0
025040107410003168d2a000a00000e2,2,2,21,322,276,779,619,1.10002,0,0
025040107410003168d2a000a00000e2,2,2,22,322,276,779,619,1.10002,0,0
025040107410003168d2a000a00000e2,2,2,23,322,276,779,619,1.10002,0,0
025040107410003168d2a000a00000e2,2,2,24,322,276,779,619,1.10002,0,0
025040107410003168d2a000a00000e2,2,2,25,322,276,779,619,1.10002,0,0
025040107410003168d2a000a00000e2,2,2,26,322,276,779,619,1.10002,0,0
025040107410003168d2a000a00000e2,2,2,27,322,276,779,619,1.10002,0,0
025040107410003168d2a000a00000e2,2,2,28,322,276,779,619,1.10002,0,0
025040107410003168d2a000a00000e2,2,2,29,322,276,779,619,1.10002,0,0
025040107410003168d2a000a00000e2,2,2,30,322,276,779,619,1.10002,0,0
025040107410003168d2a000a00000e2,2,2,31,322,276,779,619,1.10002,0,0
025040107410003168d2a000a00000e2,2,2,32,322,276,779,619,1.10002,0,0
025040107410003168d2a000a00000e2,2,2,33,322,276,779,619,1.10002,0,0
025040107410003168d2a000a00000e2,2,2,34,322,276,779,619,1.10002,0,0
025040107410003168d2a000a00000e2,2,2,35,322,276,779,619,1.10002,0,0
025040107410003168d2a000a00000e2,2,2,36,322,276,779,619,1.10002,0,0
025040107410003168d2a000a00000e2,2,2,37,322,276,779,619,1.10002,0,0
025040107410003168d2a000a00000e2,2,2,38,322,276,779,619,1.10002,0,0
025040107410003168d2a000a00000e2,2,2,39,322,276,779,619,1.10002,0,0
025040107410003168d2a000a00000e2,2,2,40,322,276,779,619,1.10002,0,0
025040107410003168d2a000a00000e2,2,2,41,322,276,779,619,1.10002,0,0
025040107410003168d2a000a00000e2,2,2,42,322,276,779,619,1.10002,0,0
025040107410003168d2a000a00000e2,2,2,43,322,276,779,619,1.10002,0,0
025040107410003168d2a000a00000e2,2,2,44,322,276,779,619,1.10002,0,0
025040107410003168d2a000a00000e2,2,2,45,322,276,779,619,1.10002,0,0
025040107410003168d2a000a00000e2,2,2,46,322,276,779,619,1.10002,0,0
025040107410003168d2a000a00000e2,2,2,47,322,276,779,619,1.10002,0,0
025040107410003168d2a000a00000e2,2,2,48,322,276,779,619,1.10002,0,0
025040107410003168d2a000a00000e2,2,2,49,322,276,779,619,1.10002,0,0
025040107410003168d2a000a00000e2,2,2,50,322,276,779,619,1.10002,0,0
025040107410003168d2a000a00000e2,2,2,51,322,276,779,619,1.10002,0,0
025040107410003168d2a000a00000e2,2,2,52,322,276,779,619,1.10002,0,0
025040107410003168d2a000a00000e2,2,2,53,322,276,779,619,1.10002,0,0
025040107410003168d2a000a00000e2,2,2,54,322,276,779,619,1.10002,0,0
025040107410003168d2a000a00000e2,2,2,55,322,276,779,619,1.10002,0,0
025040107410003168d2a000a00000e2,2,2,56,322,276,779,619,1.10002,0,0
025040107410003168d2a000a00000e2,2,2,57,322,276,779,619,1.10002,0,0
025040107410003168d2a000a00000e2,2,2,58,322,276,779,619,1.10002,0,0
025040107410003168d2a000a00000e2,2,2,59,322,276,779,619,1.10002,0,0
025040107410003168d2a000a00000e2,2,2,60,322,276,779,619,1.10002,0,0
025040107410003168d2a000a00000e2,2,2,61,322,276,779,619,1.10002,0,0
025040107410003168d2a000a00000e2,2,2,62,322,276,779,619,1.10002,0,0
025040107410003168d2a000a00000e2,2,2,63,322,276,779,619,1.10002,0,0
025040107410003168d2a000a00000e2,2,2,0,322,276,780,620,1.10002,0,0
025040107410003168d2a000a00000e2,2,2,1,322,276,780,620,1.10002,0,0
025040107410003168d2a000a00000e2,2,2,2,322,276,780,620,1.10002,0,0
025040107410003168d2a000a00000e2,2,2,3,322,276,780,620,1.10002,0,0
025040107410003168d2a000a00000e2,2,2,4,322,276,780,620,1.10002,0,0
025040107410003168d2a000a00000e2,2,2,5,322,276,780,620,1.10002,0,0
025040107410003168d2a000a00000e2,2,2,6,322,276,780,620,1.10002,0,0
025040107410003168d2a000a00000e2,2,2,7,322,276,780,620,1.10002,0,0
025040107410003168d2a000a00000e2,2,2,8,322,276,780,620,1.10002,0,0
025040107410003168d2a000a00000e2,2,2,9,322,276,780,620,1.10002,0,0
025040107410003168d2a000a00000e2,2,2,10,322,276,780,620,1.10002,0,0
025040107410003168d2a000a00000e2,2,2,11,322,276,780,620,1.10002,0,0
025040107410003168d2a000a00000e2,2,2,12,322,276,780,620,1.10002,0,0
025040107410003168d2a000a00000e2,2,2,13,322,276,780,620,1.10002,0,0
025040107410003168d2a000a00000e2,2,2,14,322,276,780,620,1.10002,0,0
025040107410003168d2a000a00000e2,2,2,15,322,276,780,620,1.10002,0,0
025040107410003168d2a000a00000e2,2,2,16,322,276,780,620,1.10002,0,0
025040107410003168d2a000a00000e2,2,2,17,322,276,780,620,1.10002,0,0
025040107410003168d2a000a00000e2,2,2,18,322,276,780,620,1.10002,0,0
025040107410003168d2a000a00000e2,2,2,19,322,276,780,620,1.10002,0,0
025040107410003168d2a000a00000e2,2,2,20,322,276,780,620,1.10002,0,0
025040107410003168d2a000a00000e2,2,2,21,322,276,780,620,1.10002,0,0
025040107410003168d2a000a00000e2,2,2,22,322,276,780,620,1.10002,0,0
025040107410003168d2a000a00000e2,2,2,23,322,276,780,620,1.10002,0,0
025040107410003168d2a000a00000e2,2,2,24,322,276,780,620,1.10002,0,0
025040107410003168d2a000a00000e2,2,2,25,322,276,780,620,1.10002,0,0
025040107410003168d2a000a00000e2,2,2,26,322,276,780,620,1.10002,0,0
025040107410003168d2a000a00000e2,2,2,27,322,276,780,620,1.10002,0,0
025040107410003168d2a000a00000e2,2,2,28,322,276,780,620,1.10002,0,0
025040107410003168d2a000a00000e2,2,2,29,322,276,780,620,1.10002,0,0
025040107410003168d2a000a00000e2,2,2,30,322,276,780,620,1.10002,0,0
025040107410003168d2a000a00000e2,2,2,31,322,276,780,620,1.10002,0,0
025040107410003168d2a000a00000e2,2,2,32,322,276,780,620,1.10002,0,0
025040107410003168d2a000a00000e2,2,2,33,322,276,780,620,1.10002,0,0
025040107410003168d2a000a00000e2,2,2,34,322,276,780,620,1.10002,0,0
025040107410003168d2a000a00000e2,2,2,35,322,276,780,620,1.10002,0,0
025040107410003168d2a000a00000e2,2,2,36,322,276,780,620,1.10002,0,0
025040107410003168d2a000a00000e2,2,2,37,322,276,780,620,1.10002,0,0
025040107410003168d2a000a00000e2,2,2,38,322,276,780,620,1.10002,0,0
025040107410003168d2a000a00000e2,2,2,39,322,276,780,620,1.10002,0,0
025040107410003168d2a000a00000e2,2,2,40,322,276,780,620,1.10002,0,0
025040107410003168d2a000a00000e2,2,2,41,322,276,780,620,1.10002,0,0
025040107410003168d2a000a00000e2,2,2,42,322,276,780,620,1.10002,0,0
025040107410003168d2a000a00000e2,2,2,43,322,276,780,620,1.10002,0,0
025040107410003168d2a000a00000e2,2,2,44,322,276,780,620,1.10002,0,0
025040107410003168d2a000a00000e2,2,2,45,322,276,780,620,1.10002,0,0
025040107410003168d2a000a00000e2,2,2,46,322,276,780,620,1.10002,0,0
025040107410003168d2a000a00000e2,2,2,47,322,276,780,620,1.10002,0,0
025040107410003168d2a000a00000e2,2,2,48,322,276,780,620,1.10002,0,0
025040107410003168d2a000a00000e2,2,2,49,322,276,780,620,1.10002,0,0
025040107410003168d2a000a00000e2,2,2,50,322,276,780,620,1.10002,0,0
025040107410003168d2a000a00000e2,2,2,51,322,276,780,620,1.10002,0,0
025040107410003168d2a000a00000e2,2,2,52,322,276,780,620,1.10002,0,0
025040107410003168d2a000a00000e2,2,2,53,322,276,780,620,1.10002,0,0
025040107410003168d2a000a00000e2,2,2,54,322,276,780,620,1.10002,0,0
025040107410003168d2a000a00000e2,2,2,55,322,276,780,620,1.10002,0,0
025040107410003168d2a000a00000e2,2,2,56,322,276,780,620,1.10002,0,0
025040107410003168d2a000a00000e2,2,2,57,322,276,780,620,1.10002,0,0
025040107410003168d2a000a00000e2,2,2,58,322,276,780,620,1.10002,0,0
025040107410003168d2a000a00000e2,2,2,59,322,276,780,620,1.10002,0,0
025040107410003168d2a000a00000e2,2,2,60,322,276,780,620,1.10002,0,0
025040107410003168d2a000a00000e2,2,2,61,322,276,780,620,1.10002,0,0
025040107410003168d2a000a00000e2,2,2,62,322,276,780,620,1.10002,0,0
025040107410003168d2a000a00000e2,2,2,63,322,276,780,620,1.10002,0,0
025040107410003168d2a000a00000e2,2,2,0,322,276,781,621,1.10002,0,0
025040107410003168d2a000a00000e2,2,2,1,322,276,781,621,1.10002,0,0
025040107410003168d2a000a00000e2,2,2,2,322,276,781,621,1.10002,0,0
025040107410003168d2a000a00000e2,2,2,3,322,276,781,621,1.10002,0,0
025040107410003168d2a000a00000e2,2,2,4,322,276,781,621,1.10002,0,0
025040107410003168d2a000a00000e2,2,2,5,322,276,781,621,1.10002,0,0
025040107410003168d2a000a00000e2,2,2,6,322,276,781,621,1.10002,0,0
025040107410003168d2a000a00000e2,2,2,7,322,276,781,621,1.10002,0,0
025040107410003168d2a000a00000e2,2,2,8,322,276,781,621,1.10002,0,0
025040107410003168d2a000a00000e2,2,2,9,322,276,781,621,1.10002,0,0
025040107410003168d2a000a00000e2,2,2,10,322,276,781,621,1.10002,0,0
025040107410003168d2a000a00000e2,2,2,11,322,276,781,621,1.10002,0,0
025040107410003168d2a000a00000e2,2,2,12,322,276,781,621,1.10002,0,0
025040107410003168d2a000a00000e2,2,2,13,322,276,781,621,1.10002,0,0
025040107410003168d2a000a00000e2,2,2,14,322,276,781,621,1.10002,0,0
025040107410003168d2a000a00000e2,2,2,15,322,276,781,621,1.10002,0,0
025040107410003168d2a000a00000e2,2,2,16,322,276,781,621,1.10002,0,0
025040107410003168d2a000a00000e2,2,2,17,322,276,781,621,1.10002,0,0
025040107410003168d2a000a00000e2,2,2,18,322,276,781,621,1.10002,0,0
025040107410003168d2a000a00000e2,2,2,19,322,276,781,621,1.10002,0,0
025040107410003168d2a000a00000e2,2,2,20,322,276,781,621,1.10002,0,0
025040107410003168d2a000a00000e2,2,2,21,322,276,781,621,1.10002,0,0
025040107410003168d2a000a00000e2,2,2,22,322,276,781,621,1.10002,0,0
025040107410003168d2a000a00000e2,2,2,23,322,276,781,621,1.10002,0,0
025040107410003168d2a000a00000e2,2,2,24,322,276,781,621,1.10002,0,0
025040107410003168d2a000a00000e2,2,2,25,322,276,781,621,1.10002,0,0
025040107410003168d2a000a00000e2,2,2,26,322,276,781,621,1.10002,0,0
025040107410003168d2a000a00000e2,2,2,27,322,276,781,621,1.10002,0,0
025040107410003168d2a000a00000e2,2,2,28,322,276,781,621,1.10002,0,0
025040107410003168d2a000a00000e2,2,2,29,322,276,781,621,1.10002,0,0
025040107410003168d2a000a00000e2,2,2,30,322,276,781,621,1.10002,0,0
025040107410003168d2a000a00000e2,2,2,31,322,276,781,621,1.10002,0,0
025040107410003168d2a000a00000e2,2,2,32,322,276,781,621,1.10002,0,0
025040107410003168d2a000a00000e2,2,2,33,322,276,781,621,1.10002,0,0
025040107410003168d2a000a00000e2,2,2,34,322,276,781,621,1.10002,0,0
025040107410003168d2a000a00000e2,2,2,35,322,276,781,621,1.10002,0,0
025040107410003168d2a000a00000e2,2,2,36,322,276,781,621,1.10002,0,0
025040107410003168d2a000a00000e2,2,2,37,322,276,781,621,1.10002,0,0
025040107410003168d2a000a00000e2,2,2,38,322,276,781,621,1.10002,0,0
025040107410003168d2a000a00000e2,2,2,39,322,276,781,621,1.10002,0,0
025040107410003168d2a000a00000e2,2,2,40,322,276,781,621,1.10002,0,0
025040107410003168d2a000a00000e2,2,2,41,322,276,781,621,1.10002,0,0
025040107410003168d2a000a00000e2,2,2,42,322,276,781,621,1.10002,0,0
025040107410003168d2a000a00000e2,2,2,43,322,276,781,621,1.10002,0,0
025040107410003168d2a000a00000e2,2,2,44,322,276,781,621,1.10002,0,0
025040107410003168d2a000a00000e2,2,2,45,322,276,781,621,1.10002,0,0
025040107410003168d2a000a00000e2,2,2,46,322,276,781,621,1.10002,0,0
025040107410003168d2a000a00000e2,2,2,47,322,276,781,621,1.10002,0,0
025040107410003168d2a000a00000e2,2,2,48,322,276,781,621,1.10002,0,0
025040107410003168d2a000a00000e2,2,2,49,322,276,781,621,1.10002,0,0
025040107410003168d2a000a00000e2,2,2,50,322,276,781,621,1.10002,0,0
025040107410003168d2a000a00000e2,2,2,51,322,276,781,621,1.10002,0,0
025040107410003168d2a000a00000e2,2,2,52,322,276,781,621,1.10002,0,0
025040107410003168d2a000a00000e2,2,2,53,322,276,781,621,1.10002,0,0
025040107410003168d2a000a00000e2,2,2,54,322,276,781,621,1.10002,0,0
025040107410003168d2a000a00000e2,2,2,55,322,276,781,621,1.10002,0,0
025040107410003168d2a000a00000e2,2,2,56,322,276,781,621,1.10002,0,0
025040107410003168d2a000a00000e2,2,2,57,322,276,781,621,1.10002,0,0
025040107410003168d2a000a00000e2,2,2,58,322,276,781,621,1.10002,0,0
025040107410003168d2a000a00000e2,2,2,59,322,276,781,621,1.10002,0,0
025040107410003168d2a000a00000e2,2,2,60,322,276,781,621,1.10002,0,0
025040107410003168d2a000a00000e2,2,2,61,322,276,781,621,1.10002,0,0
025040107410003168d2a000a00000e2,2,2,62,322,276,781,621,1.10002,0,0
025040107410003168d2a000a00000e2,2,2,63,322,276,781,621,1.10002,0,0
025040107410003168d2a000a00000e2,2,2,0,322,276,782,622,1.10002,0,0
025040107410003168d2a000a00000e2,2,2,1,322,276,782,622,1.10002,0,0
025040107410003168d2a000a00000e2,2,2,2,322,276,782,622,1.10002,0,0
025040107410003168d2a000a00000e2,2,2,3,322,276,782,622,1.10002,0,0
025040107410003168d2a000a00000e2,2,2,4,322,276,782,622,1.10002,0,0
025040107410003168d2a000a00000e2,2,2,5,322,276,782,622,1.10002,0,0
025040107410003168d2a000a00000e2,2,2,6,322,276,782,622,1.10002,0,0
025040107410003168d2a000a00000e2,2,2,7,322,276,782,622,1.10002,0,0
025040107410003168d2a000a00000e2,2,2,8,322,276,782,622,1.10002,0,0
025040107410003168d2a000a00000e2,2,2,9,322,276,782,622,1.10002,0,0
025040107410003168d2a000a00000e2,2,2,10,322,276,782,622,1.10002,0,0
025040107410003168d2a000a00000e2,2,2,11,322,276,782,622,1.10002,0,0
025040107410003168d2a000a00000e2,2,2,12,322,276,782,622,1.10002,0,0
025040107410003168d2a000a00000e2,2,2,13,322,276,782,622,1.10002,0,0
025040107410003168d2a000a00000e2,2,2,14,322,276,782,622,1.10002,0,0
025040107410003168d2a000a00000e2,2,2,15,322,276,782,622,1.10002,0,0
025040107410003168d2a000a00000e2,2,2,16,322,276,782,622,1.10002,0,0
025040107410003168d2a000a00000e2,2,2,17,322,276,782,622,1.10002,0,0
025040107410003168d2a000a00000e2,2,2,18,322,276,782,622,1.10002,0,0
025040107410003168d2a000a00000e2,2,2,19,322,276,782,622,1.10002,0,0
025040107410003168d2a000a00000e2,2,2,20,322,276,782,622,1.10002,0,0
025040107410003168d2a000a00000e2,2,2,21,322,276,782,622,1.10002,0,0
025040107410003168d2a000a00000e2,2,2,22,322,276,782,622,1.10002,0,0
025040107410003168d2a000a00000e2,2,2,23,322,276,782,622,1.10002,0,0
025040107410003168d2a000a00000e2,2,2,24,322,276,782,622,1.10002,0,0
025040107410003168d2a000a00000e2,2,2,25,322,276,782,622,1.10002,0,0
025040107410003168d2a000a00000e2,2,2,26,322,276,782,622,1.10002,0,0
025040107410003168d2a000a00000e2,2,2,27,322,276,782,622,1.10002,0,0
025040107410003168d2a000a00000e2,2,2,28,322,276,782,622,1.10002,0,0
025040107410003168d2a000a00000e2,2,2,29,322,276,782,622,1.10002,0,0
025040107410003168d2a000a00000e2,2,2,30,322,276,782,622,1.10002,0,0
025040107410003168d2a000a00000e2,2,2,31,322,276,782,622,1.10002,0,0
025040107410003168d2a000a00000e2,2,2,32,322,276,782,622,1.10002,0,0
025040107410003168d2a000a00000e2,2,2,33,322,276,782,622,1.10002,0,0
025040107410003168d2a000a00000e2,2,2,34,322,276,782,622,1.10002,0,0
025040107410003168d2a000a00000e2,2,2,35,322,276,782,622,1.10002,0,0
025040107410003168d2a000a00000e2,2,2,36,322,276,782,622,1.10002,0,0
025040107410003168d2a000a00000e2,2,2,37,322,276,782,622,1.10002,0,0
025040107410003168d2a000a00000e2,2,2,38,322,276,782,622,1.10002,0,0
025040107410003168d2a000a00000e2,2,2,39,322,276,782,622,1.10002,0,0
025040107410003168d2a000a00000e2,2,2,40,322,276,782,622,1.10002,0,0
025040107410003168d2a000a00000e2,2,2,41,322,276,782,622,1.10002,0,0
025040107410003168d2a000a00000e2,2,2,42,322,276,782,622,1.10002,0,0
025040107410003168d2a000a00000e2,2,2,43,322,276,782,622,1.10002,0,0
025040107410003168d2a000a00000e2,2,2,44,322,276,782,622,1.10002,0,0
025040107410003168d2a000a00000e2,2,2,45,322,276,782,622,1.10002,0,0
025040107410003168d2a000a00000e2,2,2,46,322,276,782,622,1.10002,0,0
025040107410003168d2a000a00000e2,2,2,47,322,276,782,622,1.10002,0,0
025040107410003168d2a000a00000e2,2,2,48,322,276,782,622,1.10002,0,0
025040107410003168d2a000a00000e2,2,2,49,322,276,782,622,1.10002,0,0
025040107410003168d2a000a00000e2,2,2,50,322,276,782,622,1.10002,0,0
025040107410003168d2a000a00000e2,2,2,51,322,276,782,622,1.10002,0,0
025040107410003168d2a000a00000e2,2,2,52,322,276,782,622,1.10002,0,0
025040107410003168d2a000a00000e2,2,2,53,322,276,782,622,1.10002,0,0
025040107410003168d2a000a00000e2,2,2,54,322,276,782,622,1.10002,0,0
025040107410003168d2a000a00000e2,2,2,55,322,276,782,622,1.10002,0,0
025040107410003168d2a000a00000e2,2,2,56,322,276,782,622,1.10002,0,0
025040107410003168d2a000a00000e2,2,2,57,322,276,782,622,1.10002,0,0
025040107410003168d2a000a00000e2,2,2,58,322,276,782,622,1.10002,0,0
025040107410003168d2a000a00000e2,2,2,59,322,276,782,622,1.10002,0,0
025040107410003168d2a000a00000e2,2,2,60,322,276,782,622,1.10002,0,0
025040107410003168d2a000a00000e2,2,2,61,322,276,782,622,1.10002,0,0
025040107410003168d2a000a00000e2,2,2,62,322,276,782,622,1.10002,0,0
025040107410003168d2a000a00000e2,2,2,63,322,276,782,622,1.10002,0,0
025040107410003168d2a000a00000e2,2,2,0,322,276,783,623,1.10002,0,0
025040107410003168d2a000a00000e2,2,2,1,322,276,783,623,1.10002,0,0
025040107410003168d2a000a00000e2,2,2,2,322,276,783,623,1.10002,0,0
025040107410003168d2a000a00000e2,2,2,3,322,276,783,623,1.10002,0,0
025040107410003168d2a000a00000e2,2,2,4,322,276,783,623,1.10002,0,0
025040107410003168d2a000a00000e2,2,2,5,322,276,783,623,1.10002,0,0
025040107410003168d2a000a00000e2,2,2,6,322,276,783,623,1.10002,0,0
025040107410003168d2a000a00000e2,2,2,7,322,276,783,623,1.10002,0,0
025040107410003168d2a000a00000e2,2,2,8,322,276,783,623,1.10002,0,0
025040107410003168d2a000a00000e2,2,2,9,322,276,783,623,1.10002,0,0
025040107410003168d2a000a00000e2,2,2,10,322,276,783,623,1.10002,0,0
025040107410003168d2a000a00000e2,2,2,11,322,276,783,623,1.10002,0,0
025040107410003168d2a000a00000e2,2,2,12,322,276,783,623,1.10002,0,0
025040107410003168d2a000a00000e2,2,2,13,322,276,783,623,1.10002,0,0
025040107410003168d2a000a00000e2,2,2,14,322,276,783,623,1.10002,0,0
025040107410003168d2a000a00000e2,2,2,15,322,276,783,623,1.10002,0,0
025040107410003168d2a000a00000e2,2,2,16,322,276,783,623,1.10002,0,0
025040107410003168d2a000a00000e2,2,2,17,322,276,783,623,1.10002,0,0
025040107410003168d2a000a00000e2,2,2,18,322,276,783,623,1.10002,0,0
025040107410003168d2a000a00000e2,2,2,19,322,276,783,623,1.10002,0,0
025040107410003168d2a000a00000e2,2,2,20,322,276,783,623,1.10002,0,0
025040107410003168d2a000a00000e2,2,2,21,322,276,783,623,1.10002,0,0
025040107410003168d2a000a00000e2,2,2,22,322,276,783,623,1.10002,0,0
025040107410003168d2a000a00000e2,2,2,23,322,276,783,623,1.10002,0,0
025040107410003168d2a000a00000e2,2,2,24,322,276,783,623,1.10002,0,0
025040107410003168d2a000a00000e2,2,2,25,322,276,783,623,1.10002,0,0
025040107410003168d2a000a00000e2,2,2,26,322,276,783,623,1.10002,0,0
025040107410003168d2a000a00000e2,2,2,27,322,276,783,623,1.10002,0,0
025040107410003168d2a000a00000e2,2,2,28,322,276,783,623,1.10002,0,0
025040107410003168d2a000a00000e2,2,2,29,322,276,783,623,1.10002,0,0
025040107410003168d2a000a00000e2,2,2,30,322,276,783,623,1.10002,0,0
025040107410003168d2a000a00000e2,2,2,31,322,276,783,623,1.10002,0,0
025040107410003168d2a000a00000e2,2,2,32,322,276,783,623,1.10002,0,0
025040107410003168d2a000a00000e2,2,2,33,322,276,783,623,1.10002,0,0
025040107410003168d2a000a00000e2,2,2,34,322,276,783,623,1.10002,0,0
025040107410003168d2a000a00000e2,2,2,35,322,276,783,623,1.10002,0,0
025040107410003168d2a000a00000e2,2,2,36,322,276,783,623,1.10002,0,0
025040107410003168d2a000a00000e2,2,2,37,322,276,783,623,1.10002,0,0
025040107410003168d2a000a00000e2,2,2,38,322,276,783,623,1.10002,0,0
025040107410003168d2a000a00000e2,2,2,39,322,276,783,623,1.10002,0,0
025040107410003168d2a000a00000e2,2,2,40,322,276,783,623,1.10002,0,0
025040107410003168d2a000a00000e2,2,2,41,322,276,783,623,1.10002,0,0
025040107410003168d2a000a00000e2,2,2,42,322,276,783,623,1.10002,0,0
025040107410003168d2a000a00000e2,2,2,43,322,276,783,623,1.10002,0,0
025040107410003168d2a000a00000e2,2,2,44,322,276,783,623,1.10002,0,0
025040107410003168d2a000a00000e2,2,2,45,322,276,783,623,1.10002,0,0
025040107410003168d2a000a00000e2,2,2,46,322,276,783,623,1.10002,0,0
025040107410003168d2a000a00000e2,2,2,47,322,276,783,623,1.10002,0,0
025040107410003168d2a000a00000e2,2,2,48,322,276,783,623,1.10002,0,0
025040107410003168d2a000a00000e2,2,2,49,322,276,783,623,1.10002,0,0
025040107410003168d2a000a00000e2,2,2,50,322,276,783,623,1.10002,0,0
025040107410003168d2a000a00000e2,2,2,51,322,276,783,623,1.10002,0,0
025040107410003168d2a000a00000e2,2,2,52,322,276,783,623,1.10002,0,0
025040107410003168d2a000a00000e2,2,2,53,322,276,783,623,1.10002,0,0
025040107410003168d2a000a00000e2,2,2,54,322,276,783,623,1.10002,0,0
025040107410003168d2a000a00000e2,2,2,55,322,276,783,623,1.10002,0,0
025040107410003168d2a000a00000e2,2,2,56,322,276,783,623,1.10002,0,0
025040107410003168d2a000a00000e2,2,2,57,322,276,783,623,1.10002,0,0
025040107410003168d2a000a00000e2,2,2,58,322,276,783,623,1.10002,0,0
025040107410003168d2a000a00000e2,2,2,59,322,276,783,623,1.10002,0,0
025040107410003168d2a000a00000e2,2,2,60,322,276,783,623,1.10002,0,0
025040107410003168d2a000a00000e2,2,2,61,322,276,783,623,1.10002,0,0
025040107410003168d2a000a00000e2,2,2,62,322,276,783,623,1.10002,0,0
025040107410003168d2a000a00000e2,2,2,63,322,276,783,623,1.10002,0,0
025040107410003168d2a000a00000e2,2,2,0,322,276,784,623,1.10002,0,0
025040107410003168d2a000a00000e2,2,2,1,322,276,784,623,1.10002,0,0
025040107410003168d2a000a00000e2,2,2,2,322,276,784,623,1.10002,0,0
025040107410003168d2a000a00000e2,2,2,3,322,276,784,623,1.10002,0,0
025040107410003168d2a000a00000e2,2,2,4,322,276,784,623,1.10002,0,0
025040107410003168d2a000a00000e2,2,2,5,322,276,784,623,1.10002,0,0
025040107410003168d2a000a00000e2,2,2,6,322,276,784,623,1.10002,0,0
025040107410003168d2a000a00000e2,2,2,7,322,276,784,623,1.10002,0,0
025040107410003168d2a000a00000e2,2,2,8,322,276,784,623,1.10002,0,0
025040107410003168d2a000a00000e2,2,2,9,322,276,784,623,1.10002,0,0
025040107410003168d2a000a00000e2,2,2,10,322,276,784,623,1.10002,0,0
025040107410003168d2a000a00000e2,2,2,11,322,276,784,623,1.10002,0,0
025040107410003168d2a000a00000e2,2,2,12,322,276,784,623,1.10002,0,0
025040107410003168d2a000a00000e2,2,2,13,322,276,784,623,1.10002,0,0
025040107410003168d2a000a00000e2,2,2,14,322,276,784,623,1.10002,0,0
025040107410003168d2a000a00000e2,2,2,15,322,276,784,623,1.10002,0,0
025040107410003168d2a000a00000e2,2,2,16,322,276,784,623,1.10002,0,0
025040107410003168d2a000a00000e2,2,2,17,322,276,784,623,1.10002,0,0
025040107410003168d2a000a00000e2,2,2,18,322,276,784,623,1.10002,0,0
025040107410003168d2a000a00000e2,2,2,19,322,276,784,623,1.10002,0,0
025040107410003168d2a000a00000e2,2,2,20,322,276,784,623,1.10002,0,0
025040107410003168d2a000a00000e2,2,2,21,322,276,784,623,1.10002,0,0
025040107410003168d2a000a00000e2,2,2,22,322,276,784,623,1.10002,0,0
025040107410003168d2a000a00000e2,2,2,23,322,276,784,623,1.10002,0,0
025040107410003168d2a000a00000e2,2,2,24,322,276,784,623,1.10002,0,0
025040107410003168d2a000a00000e2,2,2,25,322,276,784,623,1.10002,0,0
025040107410003168d2a000a00000e2,2,2,26,322,276,784,623,1.10002,0,0
025040107410003168d2a000a00000e2,2,2,27,322,276,784,623,1.10002,0,0
025040107410003168d2a000a00000e2,2,2,28,322,276,784,623,1.10002,0,0
025040107410003168d2a000a00000e2,2,2,29,322,276,784,623,1.10002,0,0
025040107410003168d2a000a00000e2,2,2,30,322,276,784,623,1.10002,0,0
025040107410003168d2a000a00000e2,2,2,31,322,276,784,623,1.10002,0,0
025040107410003168d2a000a00000e2,2,2,32,322,276,784,623,1.10002,0,0
025040107410003168d2a000a00000e2,2,2,33,322,276,784,623,1.10002,0,0
025040107410003168d2a000a00000e2,2,2,34,322,276,784,623,1.10002,0,0
025040107410003168d2a000a00000e2,2,2,35,322,276,784,623,1.10002,0,0
025040107410003168d2a000a00000e2,2,2,36,322,276,784,623,1.10002,0,0
025040107410003168d2a000a00000e2,2,2,37,322,276,784,623,1.10002,0,0
025040107410003168d2a000a00000e2,2,2,38,322,276,784,623,1.10002,0,0
025040107410003168d2a000a00000e2,2,2,39,322,276,784,623,1.10002,0,0
025040107410003168d2a000a00000e2,2,2,40,322,276,784,623,1.10002,0,0
025040107410003168d2a000a00000e2,2,2,41,322,276,784,623,1.10002,0,0
025040107410003168d2a000a00000e2,2,2,42,322,276,784,623,1.10002,0,0
025040107410003168d2a000a00000e2,2,2,43,322,276,784,623,1.10002,0,0
025040107410003168d2a000a00000e2,2,2,44,322,276,784,623,1.10002,0,0
025040107410003168d2a000a00000e2,2,2,45,322,276,784,623,1.10002,0,0
025040107410003168d2a000a00000e2,2,2,46,322,276,784,623,1.10002,0,0
025040107410003168d2a000a00000e2,2,2,47,322,276,784,623,1.10002,0,0
025040107410003168d2a000a00000e2,2,2,48,322,276,784,623,1.10002,0,0
025040107410003168d2a000a00000e2,2,2,49,322,276,784,623,1.10002,0,0
025040107410003168d2a000a00000e2,2,2,50,322,276,784,623,1.10002,0,0
025040107410003168d2a000a00000e2,2,2,51,322,276,784,623,1.10002,0,0
025040107410003168d2a000a00000e2,2,2,52,322,276,784,623,1.10002,0,0
025040107410003168d2a000a00000e2,2,2,53,322,276,784,623,1.10002,0,0
025040107410003168d2a000a00000e2,2,2,54,322,276,784,623,1.10002,0,0
025040107410003168d2a000a00000e2,2,2,55,322,276,784,623,1.10002,0,0
025040107410003168d2a000a00000e2,2,2,56,322,276,784,623,1.10002,0,0
025040107410003168d2a000a00000e2,2,2,57,322,276,784,623,1.10002,0,0
025040107410003168d2a000a00000e2,2,2,58,322,276,784,623,1.10002,0,0
025040107410003168d2a000a00000e2,2,2,59,322,276,784,623,1.10002,0,0
025040107410003168d2a000a00000e2,2,2,60,322,276,784,623,1.10002,0,0
025040107410003168d2a000a00000e2,2,2,61,322,276,784,623,1.10002,0,0
025040107410003168d2a000a00000e2,2,2,62,322,276,784,623,1.10002,0,0
025040107410003168d2a000a00000e2,2,2,63,322,276,784,623,1.10002,0,0
025040107410003168d2a000a00000e2,2,2,0,322,276,785,624,1.10002,0,0
025040107410003168d2a000a00000e2,2,2,1,322,276,785,624,1.10002,0,0
025040107410003168d2a000a00000e2,2,2,2,322,276,785,624,1.10002,0,0
025040107410003168d2a000a00000e2,2,2,3,322,276,785,624,1.10002,0,0
025040107410003168d2a000a00000e2,2,2,4,322,276,785,624,1.10002,0,0
025040107410003168d2a000a00000e2,2,2,5,322,276,785,624,1.10002,0,0
025040107410003168d2a000a00000e2,2,2,6,322,276,785,624,1.10002,0,0
025040107410003168d2a000a00000e2,2,2,7,322,276,785,624,1.10002,0,0
025040107410003168d2a000a00000e2,2,2,8,322,276,785,624,1.10002,0,0
025040107410003168d2a000a00000e2,2,2,9,322,276,785,624,1.10002,0,0
025040107410003168d2a000a00000e2,2,2,10,322,276,785,624,1.10002,0,0
025040107410003168d2a000a00000e2,2,2,11,322,276,785,624,1.10002,0,0
025040107410003168d2a000a00000e2,2,2,12,322,276,785,624,1.10002,0,0
025040107410003168d2a000a00000e2,2,2,13,322,276,785,624,1.10002,0,0
025040107410003168d2a000a00000e2,2,2,14,322,276,785,624,1.10002,0,0
025040107410003168d2a000a00000e2,2,2,15,322,276,785,624,1.10002,0,0
025040107410003168d2a000a00000e2,2,2,16,322,276,785,624,1.10002,0,0
025040107410003168d2a000a00000e2,2,2,17,322,276,785,624,1.10002,0,0
025040107410003168d2a000a00000e2,2,2,18,322,276,785,624,1.10002,0,0
025040107410003168d2a000a00000e2,2,2,19,322,276,785,624,1.10002,0,0
025040107410003168d2a000a00000e2,2,2,20,322,276,785,624,1.10002,0,0
025040107410003168d2a000a00000e2,2,2,21,322,276,785,624,1.10002,0,0
025040107410003168d2a000a00000e2,2,2,22,322,276,785,624,1.10002,0,0
025040107410003168d2a000a00000e2,2,2,23,322,276,785,624,1.10002,0,0
025040107410003168d2a000a00000e2,2,2,24,322,276,785,624,1.10002,0,0
025040107410003168d2a000a00000e2,2,2,25,322,276,785,624,1.10002,0,0
025040107410003168d2a000a00000e2,2,2,26,322,276,785,624,1.10002,0,0
025040107410003168d2a000a00000e2,2,2,27,322,276,785,624,1.10002,0,0
025040107410003168d2a000a00000e2,2,2,28,322,276,785,624,1.10002,0,0
025040107410003168d2a000a00000e2,2,2,29,322,276,785,624,1.10002,0,0
025040107410003168d2a000a00000e2,2,2,30,322,276,785,624,1.10002,0,0
025040107410003168d2a000a00000e2,2,2,31,322,276,785,624,1.10002,0,0
025040107410003168d2a000a00000e2,2,2,32,322,276,785,624,1.10002,0,0
025040107410003168d2a000a00000e2,2,2,33,322,276,785,624,1.10002,0,0
025040107410003168d2a000a00000e2,2,2,34,322,276,785,624,1.10002,0,0
025040107410003168d2a000a00000e2,2,2,35,322,276,785,624,1.10002,0,0
025040107410003168d2a000a00000e2,2,2,36,322,276,785,624,1.10002,0,0
025040107410003168d2a000a00000e2,2,2,37,322,276,785,624,1.10002,0,0
025040107410003168d2a000a00000e2,2,2,38,322,276,785,624,1.10002,0,0
025040107410003168d2a000a00000e2,2,2,39,322,276,785,624,1.10002,0,0
025040107410003168d2a000a00000e2,2,2,40,322,276,785,624,1.10002,0,0
025040107410003168d2a000a00000e2,2,2,41,322,276,785,624,1.10002,0,0
025040107410003168d2a000a00000e2,2,2,42,322,276,785,624,1.10002,0,0
025040107410003168d2a000a00000e2,2,2,43,322,276,785,624,1.10002,0,0
025040107410003168d2a000a00000e2,2,2,44,322,276,785,624,1.10002,0,0
025040107410003168d2a000a00000e2,2,2,45,322,276,785,624,1.10002,0,0
025040107410003168d2a000a00000e2,2,2,46,322,276,785,624,1.10002,0,0
025040107410003168d2a000a00000e2,2,2,47,322,276,785,624,1.10002,0,0
025040107410003168d2a000a00000e2,2,2,48,322,276,785,624,1.10002,0,0
025040107410003168d2a000a00000e2,2,2,49,322,276,785,624,1.10002,0,0
025040107410003168d2a000a00000e2,2,2,50,322,276,785,624,1.10002,0,0
025040107410003168d2a000a00000e2,2,2,51,322,276,785,624,1.10002,0,0
025040107410003168d2a000a00000e2,2,2,52,322,276,785,624,1.10002,0,0
025040107410003168d2a000a00000e2,2,2,53,322,276,785,624,1.10002,0,0
025040107410003168d2a000a00000e2,2,2,54,322,276,785,624,1.10002,0,0
025040107410003168d2a000a00000e2,2,2,55,322,276,785,624,1.10002,0,0
025040107410003168d2a000a00000e2,2,2,56,322,276,785,624,1.10002,0,0
025040107410003168d2a000a00000e2,2,2,57,322,276,785,624,1.10002,0,0
025040107410003168d2a000a00000e2,2,2,58,322,276,785,624,1.10002,0,0
025040107410003168d2a000a00000e2,2,2,59,322,276,785,624,1.10002,0,0
025040107410003168d2a000a00000e2,2,2,60,322,276,785,624,1.10002,0,0
025040107410003168d2a000a00000e2,2,2,61,322,276,785,624,1.10002,0,0
025040107410003168d2a000a00000e2,2,2,62,322,276,785,624,1.10002,0,0
025040107410003168d2a000a00000e2,2,2,63,322,276,785,624,1.10002,0,0
025040107410003168d2a000a00000e2,2,2,0,322,276,786,625,1.10002,0,0
025040107410003168d2a000a00000e2,2,2,1,322,276,786,625,1.10002,0,0
025040107410003168d2a000a00000e2,2,2,2,322,276,786,625,1.10002,0,0
025040107410003168d2a000a00000e2,2,2,3,322,276,786,625,1.10002,0,0
025040107410003168d2a000a00000e2,2,2,4,322,276,786,625,1.10002,0,0
025040107410003168d2a000a00000e2,2,2,5,322,276,786,625,1.10002,0,0
025040107410003168d2a000a00000e2,2,2,6,322,276,786,625,1.10002,0,0
025040107410003168d2a000a00000e2,2,2,7,322,276,786,625,1.10002,0,0
025040107410003168d2a000a00000e2,2,2,8,322,276,786,625,1.10002,0,0
025040107410003168d2a000a00000e2,2,2,9,322,276,786,625,1.10002,0,0
025040107410003168d2a000a00000e2,2,2,10,322,276,786,625,1.10002,0,0
025040107410003168d2a000a00000e2,2,2,11,322,276,786,625,1.10002,0,0
025040107410003168d2a000a00000e2,2,2,12,322,276,786,625,1.10002,0,0
025040107410003168d2a000a00000e2,2,2,13,322,276,786,625,1.10002,0,0
025040107410003168d2a000a00000e2,2,2,14,322,276,786,625,1.10002,0,0
025040107410003168d2a000a00000e2,2,2,15,322,276,786,625,1.10002,0,0
025040107410003168d2a000a00000e2,2,2,16,322,276,786,625,1.10002,0,0
025040107410003168d2a000a00000e2,2,2,17,322,276,786,625,1.10002,0,0
025040107410003168d2a000a00000e2,2,2,18,322,276,786,625,1.10002,0,0
025040107410003168d2a000a00000e2,2,2,19,322,276,786,625,1.10002,0,0
025040107410003168d2a000a00000e2,2,2,20,322,276,786,625,1.10002,0,0
025040107410003168d2a000a00000e2,2,2,21,322,276,786,625,1.10002,0,0
025040107410003168d2a000a00000e2,2,2,22,322,276,786,625,1.10002,0,0
025040107410003168d2a000a00000e2,2,2,23,322,276,786,625,1.10002,0,0
025040107410003168d2a000a00000e2,2,2,24,322,276,786,625,1.10002,0,0
025040107410003168d2a000a00000e2,2,2,25,322,276,786,625,1.10002,0,0
025040107410003168d2a000a00000e2,2,2,26,322,276,786,625,1.10002,0,0
025040107410003168d2a000a00000e2,2,2,27,322,276,786,625,1.10002,0,0
025040107410003168d2a000a00000e2,2,2,28,322,276,786,625,1.10002,0,0
025040107410003168d2a000a00000e2,2,2,29,322,276,786,625,1.10002,0,0
025040107410003168d2a000a00000e2,2,2,30,322,276,786,625,1.10002,0,0
025040107410003168d2a000a00000e2,2,2,31,322,276,786,625,1.10002,0,0
025040107410003168d2a000a00000e2,2,2,32,322,276,786,625,1.10002,0,0
025040107410003168d2a000a00000e2,2,2,33,322,276,786,625,1.10002,0,0
025040107410003168d2a000a00000e2,2,2,34,322,276,786,625,1.10002,0,0
025040107410003168d2a000a00000e2,2,2,35,322,276,786,625,1.10002,0,0
025040107410003168d2a000a00000e2,2,2,36,322,276,786,625,1.10002,0,0
025040107410003168d2a000a00000e2,2,2,37,322,276,786,625,1.10002,0,0
025040107410003168d2a000a00000e2,2,2,38,322,276,786,625,1.10002,0,0
025040107410003168d2a000a00000e2,2,2,39,322,276,786,625,1.10002,0,0
025040107410003168d2a000a00000e2,2,2,40,322,276,786,625,1.10002,0,0
025040107410003168d2a000a00000e2,2,2,41,322,276,786,625,1.10002,0,0
025040107410003168d2a000a00000e2,2,2,42,322,276,786,625,1.10002,0,0
025040107410003168d2a000a00000e2,2,2,43,322,276,786,625,1.10002,0,0
025040107410003168d2a000a00000e2,2,2,44,322,276,786,625,1.10002,0,0
025040107410003168d2a000a00000e2,2,2,45,322,276,786,625,1.10002,0,0
025040107410003168d2a000a00000e2,2,2,46,322,276,786,625,1.10002,0,0
025040107410003168d2a000a00000e2,2,2,47,322,276,786,625,1.10002,0,0
025040107410003168d2a000a00000e2,2,2,48,322,276,786,625,1.10002,0,0
025040107410003168d2a000a00000e2,2,2,49,322,276,786,625,1.10002,0,0
025040107410003168d2a000a00000e2,2,2,50,322,276,786,625,1.10002,0,0
025040107410003168d2a000a00000e2,2,2,51,322,276,786,625,1.10002,0,0
025040107410003168d2a000a00000e2,2,2,52,322,276,786,625,1.10002,0,0
025040107410003168d2a000a00000e2,2,2,53,322,276,786,625,1.10002,0,0
025040107410003168d2a000a00000e2,2,2,54,322,276,786,625,1.10002,0,0
025040107410003168d2a000a00000e2,2,2,55,322,276,786,625,1.10002,0,0
025040107410003168d2a000a00000e2,2,2,56,322,276,786,625,1.10002,0,0
025040107410003168d2a000a00000e2,2,2,57,322,276,786,625,1.10002,0,0
025040107410003168d2a000a00000e2,2,2,58,322,276,786,625,1.10002,0,0
025040107410003168d2a000a00000e2,2,2,59,322,276,786,625,1.10002,0,0
025040107410003168d2a000a00000e2,2,2,60,322,276,786,625,1.10002,0,0
025040107410003168d2a000a00000e2,2,2,61,322,276,786,625,1.10002,0,0
025040107410003168d2a000a00000e2,2,2,62,322,276,786,625,1.10002,0,0
025040107410003168d2a000a00000e2,2,2,63,322,276,786,625,1.10002,0,0
025040107410003168d2a000a00000e2,2,2,0,322,276,787,626,1.10002,0,0
025040107410003168d2a000a00000e2,2,2,1,322,276,787,626,1.10002,0,0
025040107410003168d2a000a00000e2,2,2,2,322,276,787,626,1.10002,0,0
025040107410003168d2a000a00000e2,2,2,3,322,276,787,626,1.10002,0,0
025040107410003168d2a000a00000e2,2,2,4,322,276,787,626,1.10002,0,0
025040107410003168d2a000a00000e2,2,2,5,322,276,787,626,1.10002,0,0
025040107410003168d2a000a00000e2,2,2,6,322,276,787,626,1.10002,0,0
025040107410003168d2a000a00000e2,2,2,7,322,276,787,626,1.10002,0,0
025040107410003168d2a000a00000e2,2,2,8,322,276,787,626,1.10002,0,0
025040107410003168d2a000a00000e2,2,2,9,322,276,787,626,1.10002,0,0
025040107410003168d2a000a00000e2,2,2,10,322,276,787,626,1.10002,0,0
025040107410003168d2a000a00000e2,2,2,11,322,276,787,626,1.10002,0,0
025040107410003168d2a000a00000e2,2,2,12,322,276,787,626,1.10002,0,0
025040107410003168d2a000a00000e2,2,2,13,322,276,787,626,1.10002,0,0
025040107410003168d2a000a00000e2,2,2,14,322,276,787,626,1.10002,0,0
025040107410003168d2a000a00000e2,2,2,15,322,276,787,626,1.10002,0,0
025040107410003168d2a000a00000e2,2,2,16,322,276,787,626,1.10002,0,0
025040107410003168d2a000a00000e2,2,2,17,322,276,787,626,1.10002,0,0
025040107410003168d2a000a00000e2,2,2,18,322,276,787,626,1.10002,0,0
025040107410003168d2a000a00000e2,2,2,19,322,276,787,626,1.10002,0,0
025040107410003168d2a000a00000e2,2,2,20,322,276,787,626,1.10002,0,0
025040107410003168d2a000a00000e2,2,2,21,322,276,787,626,1.10002,0,0
025040107410003168d2a000a00000e2,2,2,22,322,276,787,626,1.10002,0,0
025040107410003168d2a000a00000e2,2,2,23,322,276,787,626,1.10002,0,0
025040107410003168d2a000a00000e2,2,2,24,322,276,787,626,1.10002,0,0
025040107410003168d2a000a00000e2,2,2,25,322,276,787,626,1.10002,0,0
025040107410003168d2a000a00000e2,2,2,26,322,276,787,626,1.10002,0,0
025040107410003168d2a000a00000e2,2,2,27,322,276,787,626,1.10002,0,0
025040107410003168d2a000a00000e2,2,2,28,322,276,787,626,1.10002,0,0
025040107410003168d2a000a00000e2,2,2,29,322,276,787,626,1.10002,0,0
025040107410003168d2a000a00000e2,2,2,30,322,276,787,626,1.10002,0,0
025040107410003168d2a000a00000e2,2,2,31,322,276,787,626,1.10002,0,0
025040107410003168d2a000a00000e2,2,2,32,322,276,787,626,1.10002,0,0
025040107410003168d2a000a00000e2,2,2,33,322,276,787,626,1.10002,0,0
025040107410003168d2a000a00000e2,2,2,34,322,276,787,626,1.10002,0,0
025040107410003168d2a000a00000e2,2,2,35,322,276,787,626,1.10002,0,0
025040107410003168d2a000a00000e2,2,2,36,322,276,787,626,1.10002,0,0
025040107410003168d2a000a00000e2,2,2,37,322,276,787,626,1.10002,0,0
025040107410003168d2a000a00000e2,2,2,38,322,276,787,626,1.10002,0,0
025040107410003168d2a000a00000e2,2,2,39,322,276,787,626,1.10002,0,0
025040107410003168d2a000a00000e2,2,2,40,322,276,787,626,1.10002,0,0
025040107410003168d2a000a00000e2,2,2,41,322,276,787,626,1.10002,0,0
025040107410003168d2a000a00000e2,2,2,42,322,276,787,626,1.10002,0,0
025040107410003168d2a000a00000e2,2,2,43,322,276,787,626,1.10002,0,0
025040107410003168d2a000a00000e2,2,2,44,322,276,787,626,1.10002,0,0
025040107410003168d2a000a00000e2,2,2,45,322,276,787,626,1.10002,0,0
025040107410003168d2a000a00000e2,2,2,46,322,276,787,626,1.10002,0,0
025040107410003168d2a000a00000e2,2,2,47,322,276,787,626,1.10002,0,0
025040107410003168d2a000a00000e2,2,2,48,322,276,787,626,1.10002,0,0
025040107410003168d2a000a00000e2,2,2,49,322,276,787,626,1.10002,0,0
025040107410003168d2a000a00000e2,2,2,50,322,276,787,626,1.10002,0,0
025040107410003168d2a000a00000e2,2,2,51,322,276,787,626,1.10002,0,0
025040107410003168d2a000a00000e2,2,2,52,322,276,787,626,1.10002,0,0
025040107410003168d2a000a00000e2,2,2,53,322,276,787,626,1.10002,0,0
025040107410003168d2a000a00000e2,2,2,54,322,276,787,626,1.10002,0,0
025040107410003168d2a000a00000e2,2,2,55,322,276,787,626,1.10002,0,0
025040107410003168d2a000a00000e2,2,2,56,322,276,787,626,1.10002,0,0
025040107410003168d2a000a00000e2,2,2,57,322,276,787,626,1.10002,0,0
025040107410003168d2a000a00000e2,2,2,58,322,276,787,626,1.10002,0,0
025040107410003168d2a000a00000e2,2,2,59,322,276,787,626,1.10002,0,0
025040107410003168d2a000a00000e2,2,2,60,322,276,787,626,1.10002,0,0
025040107410003168d2a000a00000e2,2,2,61,322,276,787,626,1.10002,0,0
025040107410003168d2a000a00000e2,2,2,62,322,276,787,626,1.10002,0,0
025040107410003168d2a000a00000e2,2,2,63,322,276,787,626,1.10002,0,0
025040107410003168d2a000a00000e2,2,2,0,322,276,788,626,1.10002,0,0
025040107410003168d2a000a00000e2,2,2,1,322,276,788,626,1.10002,0,0
025040107410003168d2a000a00000e2,2,2,2,322,276,788,626,1.10002,0,0
025040107410003168d2a000a00000e2,2,2,3,322,276,788,626,1.10002,0,0
025040107410003168d2a000a00000e2,2,2,4,322,276,788,626,1.10002,0,0
025040107410003168d2a000a00000e2,2,2,5,322,276,788,626,1.10002,0,0
025040107410003168d2a000a00000e2,2,2,6,322,276,788,626,1.10002,0,0
025040107410003168d2a000a00000e2,2,2,7,322,276,788,626,1.10002,0,0
025040107410003168d2a000a00000e2,2,2,8,322,276,788,626,1.10002,0,0
025040107410003168d2a000a00000e2,2,2,9,322,276,788,626,1.10002,0,0
025040107410003168d2a000a00000e2,2,2,10,322,276,788,626,1.10002,0,0
025040107410003168d2a000a00000e2,2,2,11,322,276,788,626,1.10002,0,0
025040107410003168d2a000a00000e2,2,2,12,322,276,788,626,1.10002,0,0
025040107410003168d2a000a00000e2,2,2,13,322,276,788,626,1.10002,0,0
025040107410003168d2a000a00000e2,2,2,14,322,276,788,626,1.10002,0,0
025040107410003168d2a000a00000e2,2,2,15,322,276,788,626,1.10002,0,0
025040107410003168d2a000a00000e2,2,2,16,322,276,788,626,1.10002,0,0
025040107410003168d2a000a00000e2,2,2,17,322,276,788,626,1.10002,0,0
025040107410003168d2a000a00000e2,2,2,18,322,276,788,626,1.10002,0,0
025040107410003168d2a000a00000e2,2,2,19,322,276,788,626,1.10002,0,0
025040107410003168d2a000a00000e2,2,2,20,322,276,788,626,1.10002,0,0
025040107410003168d2a000a00000e2,2,2,21,322,276,788,626,1.10002,0,0
025040107410003168d2a000a00000e2,2,2,22,322,276,788,626,1.10002,0,0
025040107410003168d2a000a00000e2,2,2,23,322,276,788,626,1.10002,0,0
025040107410003168d2a000a00000e2,2,2,24,322,276,788,626,1.10002,0,0
025040107410003168d2a000a00000e2,2,2,25,322,276,788,626,1.10002,0,0
025040107410003168d2a000a00000e2,2,2,26,322,276,788,626,1.10002,0,0
025040107410003168d2a000a00000e2,2,2,27,322,276,788,626,1.10002,0,0
025040107410003168d2a000a00000e2,2,2,28,322,276,788,626,1.10002,0,0
025040107410003168d2a000a00000e2,2,2,29,322,276,788,626,1.10002,0,0
025040107410003168d2a000a00000e2,2,2,30,322,276,788,626,1.10002,0,0
025040107410003168d2a000a00000e2,2,2,31,322,276,788,626,1.10002,0,0
025040107410003168d2a000a00000e2,2,2,32,322,276,788,626,1.10002,0,0
025040107410003168d2a000a00000e2,2,2,33,322,276,788,626,1.10002,0,0
025040107410003168d2a000a00000e2,2,2,34,322,276,788,626,1.10002,0,0
025040107410003168d2a000a00000e2,2,2,35,322,276,788,626,1.10002,0,0
025040107410003168d2a000a00000e2,2,2,36,322,276,788,626,1.10002,0,0
025040107410003168d2a000a00000e2,2,2,37,322,276,788,626,1.10002,0,0
025040107410003168d2a000a00000e2,2,2,38,322,276,788,626,1.10002,0,0
025040107410003168d2a000a00000e2,2,2,39,322,276,788,626,1.10002,0,0
025040107410003168d2a000a00000e2,2,2,40,322,276,788,626,1.10002,0,0
025040107410003168d2a000a00000e2,2,2,41,322,276,788,626,1.10002,0,0
025040107410003168d2a000a00000e2,2,2,42,322,276,788,626,1.10002,0,0
025040107410003168d2a000a00000e2,2,2,43,322,276,788,626,1.10002,0,0
025040107410003168d2a000a00000e2,2,2,44,322,276,788,626,1.10002,0,0
025040107410003168d2a000a00000e2,2,2,45,322,276,788,626,1.10002,0,0
025040107410003168d2a000a00000e2,2,2,46,322,276,788,626,1.10002,0,0
025040107410003168d2a000a00000e2,2,2,47,322,276,788,626,1.10002,0,0
025040107410003168d2a000a00000e2,2,2,48,322,276,788,626,1.10002,0,0
025040107410003168d2a000a00000e2,2,2,49,322,276,788,626,1.10002,0,0
025040107410003168d2a000a00000e2,2,2,50,322,276,788,626,1.10002,0,0
025040107410003168d2a000a00000e2,2,2,51,322,276,788,626,1.10002,0,0
025040107410003168d2a000a00000e2,2,2,52,322,276,788,626,1.10002,0,0
025040107410003168d2a000a00000e2,2,2,53,322,276,788,626,1.10002,0,0
025040107410003168d2a000a00000e2,2,2,54,322,276,788,626,1.10002,0,0
025040107410003168d2a000a00000e2,2,2,55,322,276,788,626,1.10002,0,0
025040107410003168d2a000a00000e2,2,2,56,322,276,788,626,1.10002,0,0
025040107410003168d2a000a00000e2,2,2,57,322,276,788,626,1.10002,0,0
025040107410003168d2a000a00000e2,2,2,58,322,276,788,626,1.10002,0,0
025040107410003168d2a000a00000e2,2,2,59,322,276,788,626,1.10002,0,0
025040107410003168d2a000a00000e2,2,2,60,322,276,788,626,1.10002,0,0
025040107410003168d2a000a00000e2,2,2,61,322,276,788,626,1.10002,0,0
025040107410003168d2a000a00000e2,2,2,62,322,276,788,626,1.10002,0,0
025040107410003168d2a000a00000e2,2,2,63,322,276,788,626,1.10002,0,0
025040107410003168d2a000a00000e2,2,2,0,322,276,789,627,1.10002,0,0
025040107410003168d2a000a00000e2,2,2,1,322,276,789,627,1.10002,0,0
025040107410003168d2a000a00000e2,2,2,2,322,276,789,627,1.10002,0,0
025040107410003168d2a000a00000e2,2,2,3,322,276,789,627,1.10002,0,0
025040107410003168d2a000a00000e2,2,2,4,322,276,789,627,1.10002,0,0
025040107410003168d2a000a00000e2,2,2,5,322,276,789,627,1.10002,0,0
025040107410003168d2a000a00000e2,2,2,6,322,276,789,627,1.10002,0,0
025040107410003168d2a000a00000e2,2,2,7,322,276,789,627,1.10002,0,0
025040107410003168d2a000a00000e2,2,2,8,322,276,789,627,1.10002,0,0
025040107410003168d2a000a00000e2,2,2,9,322,276,789,627,1.10002,0,0
025040107410003168d2a000a00000e2,2,2,10,322,276,789,627,1.10002,0,0
025040107410003168d2a000a00000e2,2,2,11,322,276,789,627,1.10002,0,0
025040107410003168d2a000a00000e2,2,2,12,322,276,789,627,1.10002,0,0
025040107410003168d2a000a00000e2,2,2,13,322,276,789,627,1.10002,0,0
025040107410003168d2a000a00000e2,2,2,14,322,276,789,627,1.10002,0,0
025040107410003168d2a000a00000e2,2,2,15,322,276,789,627,1.10002,0,0
025040107410003168d2a000a00000e2,2,2,16,322,276,789,627,1.10002,0,0
025040107410003168d2a000a00000e2,2,2,17,322,276,789,627,1.10002,0,0
025040107410003168d2a000a00000e2,2,2,18,322,276,789,627,1.10002,0,0
025040107410003168d2a000a00000e2,2,2,19,322,276,789,627,1.10002,0,0
025040107410003168d2a000a00000e2,2,2,20,322,276,789,627,1.10002,0,0
025040107410003168d2a000a00000e2,2,2,21,322,276,789,627,1.10002,0,0
025040107410003168d2a000a00000e2,2,2,22,322,276,789,627,1.10002,0,0
025040107410003168d2a000a00000e2,2,2,23,322,276,789,627,1.10002,0,0
025040107410003168d2a000a00000e2,2,2,24,322,276,789,627,1.10002,0,0
025040107410003168d2a000a00000e2,2,2,25,322,276,789,627,1.10002,0,0
025040107410003168d2a000a00000e2,2,2,26,322,276,789,627,1.10002,0,0
025040107410003168d2a000a00000e2,2,2,27,322,276,789,627,1.10002,0,0
025040107410003168d2a000a00000e2,2,2,28,322,276,789,627,1.10002,0,0
025040107410003168d2a000a00000e2,2,2,29,322,276,789,627,1.10002,0,0
025040107410003168d2a000a00000e2,2,2,30,322,276,789,627,1.10002,0,0
025040107410003168d2a000a00000e2,2,2,31,322,276,789,627,1.10002,0,0
025040107410003168d2a000a00000e2,2,2,32,322,276,789,627,1.10002,0,0
025040107410003168d2a000a00000e2,2,2,33,322,276,789,627,1.10002,0,0
025040107410003168d2a000a00000e2,2,2,34,322,276,789,627,1.10002,0,0
025040107410003168d2a000a00000e2,2,2,35,322,276,789,627,1.10002,0,0
025040107410003168d2a000a00000e2,2,2,36,322,276,789,627,1.10002,0,0
025040107410003168d2a000a00000e2,2,2,37,322,276,789,627,1.10002,0,0
025040107410003168d2a000a00000e2,2,2,38,322,276,789,627,1.10002,0,0
025040107410003168d2a000a00000e2,2,2,39,322,276,789,627,1.10002,0,0
025040107410003168d2a000a00000e2,2,2,40,322,276,789,627,1.10002,0,0
025040107410003168d2a000a00000e2,2,2,41,322,276,789,627,1.10002,0,0
025040107410003168d2a000a00000e2,2,2,42,322,276,789,627,1.10002,0,0
025040107410003168d2a000a00000e2,2,2,43,322,276,789,627,1.10002,0,0
025040107410003168d2a000a00000e2,2,2,44,322,276,789,627,1.10002,0,0
025040107410003168d2a000a00000e2,2,2,45,322,276,789,627,1.10002,0,0
025040107410003168d2a000a00000e2,2,2,46,322,276,789,627,1.10002,0,0
025040107410003168d2a000a00000e2,2,2,47,322,276,789,627,1.10002,0,0
025040107410003168d2a000a00000e2,2,2,48,322,276,789,627,1.10002,0,0
025040107410003168d2a000a00000e2,2,2,49,322,276,789,627,1.10002,0,0
025040107410003168d2a000a00000e2,2,2,50,322,276,789,627,1.10002,0,0
025040107410003168d2a000a00000e2,2,2,51,322,276,789,627,1.10002,0,0
025040107410003168d2a000a00000e2,2,2,52,322,276,789,627,1.10002,0,0
025040107410003168d2a000a00000e2,2,2,53,322,276,789,627,1.10002,0,0
025040107410003168d2a000a00000e2,2,2,54,322,276,789,627,1.10002,0,0
025040107410003168d2a000a00000e2,2,2,55,322,276,789,627,1.10002,0,0
025040107410003168d2a000a00000e2,2,2,56,322,276,789,627,1.10002,0,0
025040107410003168d2a000a00000e2,2,2,57,322,276,789,627,1.10002,0,0
025040107410003168d2a000a00000e2,2,2,58,322,276,789,627,1.10002,0,0
025040107410003168d2a000a00000e2,2,2,59,322,276,789,627,1.10002,0,0
025040107410003168d2a000a00000e2,2,2,60,322,276,789,627,1.10002,0,0
025040107410003168d2a000a00000e2,2,2,61,322,276,789,627,1.10002,0,0
025040107410003168d2a000a00000e2,2,2,62,322,276,789,627,1.10002,0,0
025040107410003168d2a000a00000e2,2,2,63,322,276,789,627,1.10002,0,0
025040107410003168d2a000a00000e2,2,2,0,322,276,790,628,1.10002,0,0
025040107410003168d2a000a00000e2,2,2,1,322,276,790,628,1.10002,0,0
025040107410003168d2a000a00000e2,2,2,2,322,276,790,628,1.10002,0,0
025040107410003168d2a000a00000e2,2,2,3,322,276,790,628,1.10002,0,0
025040107410003168d2a000a00000e2,2,2,4,322,276,790,628,1.10002,0,0
025040107410003168d2a000a00000e2,2,2,5,322,276,790,628,1.10002,0,0
025040107410003168d2a000a00000e2,2,2,6,322,276,790,628,1.10002,0,0
025040107410003168d2a000a00000e2,2,2,7,322,276,790,628,1.10002,0,0
025040107410003168d2a000a00000e2,2,2,8,322,276,790,628,1.10002,0,0
025040107410003168d2a000a00000e2,2,2,9,322,276,790,628,1.10002,0,0
025040107410003168d2a000a00000e2,2,2,10,322,276,790,628,1.10002,0,0
025040107410003168d2a000a00000e2,2,2,11,322,276,790,628,1.10002,0,0
025040107410003168d2a000a00000e2,2,2,12,322,276,790,628,1.10002,0,0
025040107410003168d2a000a00000e2,2,2,13,322,276,790,628,1.10002,0,0
025040107410003168d2a000a00000e2,2,2,14,322,276,790,628,1.10002,0,0
025040107410003168d2a000a00000e2,2,2,15,322,276,790,628,1.10002,0,0
025040107410003168d2a000a00000e2,2,2,16,322,276,790,628,1.10002,0,0
025040107410003168d2a000a00000e2,2,2,17,322,276,790,628,1.10002,0,0
025040107410003168d2a000a00000e2,2,2,18,322,276,790,628,1.10002,0,0
025040107410003168d2a000a00000e2,2,2,19,322,276,790,628,1.10002,0,0
025040107410003168d2a000a00000e2,2,2,20,322,276,790,628,1.10002,0,0
025040107410003168d2a000a00000e2,2,2,21,322,276,790,628,1.10002,0,0
025040107410003168d2a000a00000e2,2,2,22,322,276,790,628,1.10002,0,0
025040107410003168d2a000a00000e2,2,2,23,322,276,790,628,1.10002,0,0
025040107410003168d2a000a00000e2,2,2,24,322,276,790,628,1.10002,0,0
025040107410003168d2a000a00000e2,2,2,25,322,276,790,628,1.10002,0,0
025040107410003168d2a000a00000e2,2,2,26,322,276,790,628,1.10002,0,0
025040107410003168d2a000a00000e2,2,2,27,322,276,790,628,1.10002,0,0
025040107410003168d2a000a00000e2,2,2,28,322,276,790,628,1.10002,0,0
025040107410003168d2a000a00000e2,2,2,29,322,276,790,628,1.10002,0,0
025040107410003168d2a000a00000e2,2,2,30,322,276,790,628,1.10002,0,0
025040107410003168d2a000a00000e2,2,2,31,322,276,790,628,1.10002,0,0
025040107410003168d2a000a00000e2,2,2,32,322,276,790,628,1.10002,0,0
025040107410003168d2a000a00000e2,2,2,33,322,276,790,628,1.10002,0,0
025040107410003168d2a000a00000e2,2,2,34,322,276,790,628,1.10002,0,0
025040107410003168d2a000a00000e2,2,2,35,322,276,790,628,1.10002,0,0
025040107410003168d2a000a00000e2,2,2,36,322,276,790,628,1.10002,0,0
025040107410003168d2a000a00000e2,2,2,37,322,276,790,628,1.10002,0,0
025040107410003168d2a000a00000e2,2,2,38,322,276,790,628,1.10002,0,0
025040107410003168d2a000a00000e2,2,2,39,322,276,790,628,1.10002,0,0
025040107410003168d2a000a00000e2,2,2,40,322,276,790,628,1.10002,0,0
025040107410003168d2a000a00000e2,2,2,41,322,276,790,628,1.10002,0,0
025040107410003168d2a000a00000e2,2,2,42,322,276,790,628,1.10002,0,0
025040107410003168d2a000a00000e2,2,2,43,322,276,790,628,1.10002,0,0
025040107410003168d2a000a00000e2,2,2,44,322,276,790,628,1.10002,0,0
025040107410003168d2a000a00000e2,2,2,45,322,276,790,628,1.10002,0,0
025040107410003168d2a000a00000e2,2,2,46,322,276,790,628,1.10002,0,0
025040107410003168d2a000a00000e2,2,2,47,322,276,790,628,1.10002,0,0
025040107410003168d2a000a00000e2,2,2,48,322,276,790,628,1.10002,0,0
025040107410003168d2a000a00000e2,2,2,49,322,276,790,628,1.10002,0,0
025040107410003168d2a000a00000e2,2,2,50,322,276,790,628,1.10002,0,0
025040107410003168d2a000a00000e2,2,2,51,322,276,790,628,1.10002,0,0
025040107410003168d2a000a00000e2,2,2,52,322,276,790,628,1.10002,0,0
025040107410003168d2a000a00000e2,2,2,53,322,276,790,628,1.10002,0,0
025040107410003168d2a000a00000e2,2,2,54,322,276,790,628,1.10002,0,0
025040107410003168d2a000a00000e2,2,2,55,322,276,790,628,1.10002,0,0
025040107410003168d2a000a00000e2,2,2,56,322,276,790,628,1.10002,0,0
025040107410003168d2a000a00000e2,2,2,57,322,276,790,628,1.10002,0,0
025040107410003168d2a000a00000e2,2,2,58,322,276,790,628,1.10002,0,0
025040107410003168d2a000a00000e2,2,2,59,322,276,790,628,1.10002,0,0
025040107410003168d2a000a00000e2,2,2,60,322,276,790,628,1.10002,0,0
025040107410003168d2a000a00000e2,2,2,61,322,276,790,628,1.10002,0,0
025040107410003168d2a000a00000e2,2,2,62,322,276,790,628,1.10002,0,0
025040107410003168d2a000a00000e2,2,2,63,322,276,790,628,1.10002,0,0
025040107410003168d2a000a00000e2,2,2,0,322,276,791,629,1.10002,0,0
025040107410003168d2a000a00000e2,2,2,1,322,276,791,629,1.10002,0,0
025040107410003168d2a000a00000e2,2,2,2,322,276,791,629,1.10002,0,0
025040107410003168d2a000a00000e2,2,2,3,322,276,791,629,1.10002,0,0
025040107410003168d2a000a00000e2,2,2,4,322,276,791,629,1.10002,0,0
025040107410003168d2a000a00000e2,2,2,5,322,276,791,629,1.10002,0,0
025040107410003168d2a000a00000e2,2,2,6,322,276,791,629,1.10002,0,0
025040107410003168d2a000a00000e2,2,2,7,322,276,791,629,1.10002,0,0
025040107410003168d2a000a00000e2,2,2,8,322,276,791,629,1.10002,0,0
025040107410003168d2a000a00000e2,2,2,9,322,276,791,629,1.10002,0,0
025040107410003168d2a000a00000e2,2,2,10,322,276,791,629,1.10002,0,0
025040107410003168d2a000a00000e2,2,2,11,322,276,791,629,1.10002,0,0
025040107410003168d2a000a00000e2,2,2,12,322,276,791,629,1.10002,0,0
025040107410003168d2a000a00000e2,2,2,13,322,276,791,629,1.10002,0,0
025040107410003168d2a000a00000e2,2,2,14,322,276,791,629,1.10002,0,0
025040107410003168d2a000a00000e2,2,2,15,322,276,791,629,1.10002,0,0
025040107410003168d2a000a00000e2,2,2,16,322,276,791,629,1.10002,0,0
025040107410003168d2a000a00000e2,2,2,17,322,276,791,629,1.10002,0,0
025040107410003168d2a000a00000e2,2,2,18,322,276,791,629,1.10002,0,0
025040107410003168d2a000a00000e2,2,2,19,322,276,791,629,1.10002,0,0
025040107410003168d2a000a00000e2,2,2,20,322,276,791,629,1.10002,0,0
025040107410003168d2a000a00000e2,2,2,21,322,276,791,629,1.10002,0,0
025040107410003168d2a000a00000e2,2,2,22,322,276,791,629,1.10002,0,0
025040107410003168d2a000a00000e2,2,2,23,322,276,791,629,1.10002,0,0
025040107410003168d2a000a00000e2,2,2,24,322,276,791,629,1.10002,0,0
025040107410003168d2a000a00000e2,2,2,25,322,276,791,629,1.10002,0,0
025040107410003168d2a000a00000e2,2,2,26,322,276,791,629,1.10002,0,0
025040107410003168d2a000a00000e2,2,2,27,322,276,791,629,1.10002,0,0
025040107410003168d2a000a00000e2,2,2,28,322,276,791,629,1.10002,0,0
025040107410003168d2a000a00000e2,2,2,29,322,276,791,629,1.10002,0,0
025040107410003168d2a000a00000e2,2,2,30,322,276,791,629,1.10002,0,0
025040107410003168d2a000a00000e2,2,2,31,322,276,791,629,1.10002,0,0
025040107410003168d2a000a00000e2,2,2,32,322,276,791,629,1.10002,0,0
025040107410003168d2a000a00000e2,2,2,33,322,276,791,629,1.10002,0,0
025040107410003168d2a000a00000e2,2,2,34,322,276,791,629,1.10002,0,0
025040107410003168d2a000a00000e2,2,2,35,322,276,791,629,1.10002,0,0
025040107410003168d2a000a00000e2,2,2,36,322,276,791,629,1.10002,0,0
025040107410003168d2a000a00000e2,2,2,37,322,276,791,629,1.10002,0,0
025040107410003168d2a000a00000e2,2,2,38,322,276,791,629,1.10002,0,0
025040107410003168d2a000a00000e2,2,2,39,322,276,791,629,1.10002,0,0
025040107410003168d2a000a00000e2,2,2,40,322,276,791,629,1.10002,0,0
025040107410003168d2a000a00000e2,2,2,41,322,276,791,629,1.10002,0,0
025040107410003168d2a000a00000e2,2,2,42,322,276,791,629,1.10002,0,0
025040107410003168d2a000a00000e2,2,2,43,322,276,791,629,1.10002,0,0
025040107410003168d2a000a00000e2,2,2,44,322,276,791,629,1.10002,0,0
025040107410003168d2a000a00000e2,2,2,45,322,276,791,629,1.10002,0,0
025040107410003168d2a000a00000e2,2,2,46,322,276,791,629,1.10002,0,0
025040107410003168d2a000a00000e2,2,2,47,322,276,791,629,1.10002,0,0
025040107410003168d2a000a00000e2,2,2,48,322,276,791,629,1.10002,0,0
025040107410003168d2a000a00000e2,2,2,49,322,276,791,629,1.10002,0,0
025040107410003168d2a000a00000e2,2,2,50,322,276,791,629,1.10002,0,0
025040107410003168d2a000a00000e2,2,2,51,322,276,791,629,1.10002,0,0
025040107410003168d2a000a00000e2,2,2,52,322,276,791,629,1.10002,0,0
025040107410003168d2a000a00000e2,2,2,53,322,276,791,629,1.10002,0,0
025040107410003168d2a000a00000e2,2,2,54,322,276,791,629,1.10002,0,0
025040107410003168d2a000a00000e2,2,2,55,322,276,791,629,1.10002,0,0
025040107410003168d2a000a00000e2,2,2,56,322,276,791,629,1.10002,0,0
025040107410003168d2a000a00000e2,2,2,57,322,276,791,629,1.10002,0,0
025040107410003168d2a000a00000e2,2,2,58,322,276,791,629,1.10002,0,0
025040107410003168d2a000a00000e2,2,2,59,322,276,791,629,1.10002,0,0
025040107410003168d2a000a00000e2,2,2,60,322,276,791,629,1.10002,0,0
025040107410003168d2a000a00000e2,2,2,61,322,276,791,629,1.10002,0,0
025040107410003168d2a000a00000e2,2,2,62,322,276,791,629,1.10002,0,0
025040107410003168d2a000a00000e2,2,2,63,322,276,791,629,1.10002,0,0
025040107410003168d2a000a00000e2,2,2,0,322,276,792,630,1.10002,0,0
025040107410003168d2a000a00000e2,2,2,1,322,276,792,630,1.10002,0,0
025040107410003168d2a000a00000e2,2,2,2,322,276,792,630,1.10002,0,0
025040107410003168d2a000a00000e2,2,2,3,322,276,792,630,1.10002,0,0
025040107410003168d2a000a00000e2,2,2,4,322,276,792,630,1.10002,0,0
025040107410003168d2a000a00000e2,2,2,5,322,276,792,630,1.10002,0,0
025040107410003168d2a000a00000e2,2,2,6,322,276,792,630,1.10002,0,0
025040107410003168d2a000a00000e2,2,2,7,322,276,792,630,1.10002,0,0
025040107410003168d2a000a00000e2,2,2,8,322,276,792,630,1.10002,0,0
025040107410003168d2a000a00000e2,2,2,9,322,276,792,630,1.10002,0,0
025040107410003168d2a000a00000e2,2,2,10,322,276,792,630,1.10002,0,0
025040107410003168d2a000a00000e2,2,2,11,322,276,792,630,1.10002,0,0
025040107410003168d2a000a00000e2,2,2,12,322,276,792,630,1.10002,0,0
025040107410003168d2a000a00000e2,2,2,13,322,276,792,630,1.10002,0,0
025040107410003168d2a000a00000e2,2,2,14,322,276,792,630,1.10002,0,0
025040107410003168d2a000a00000e2,2,2,15,322,276,792,630,1.10002,0,0
025040107410003168d2a000a00000e2,2,2,16,322,276,792,630,1.10002,0,0
025040107410003168d2a000a00000e2,2,2,17,322,276,792,630,1.10002,0,0
025040107410003168d2a000a00000e2,2,2,18,322,276,792,630,1.10002,0,0
025040107410003168d2a000a00000e2,2,2,19,322,276,792,630,1.10002,0,0
025040107410003168d2a000a00000e2,2,2,20,322,276,792,630,1.10002,0,0
025040107410003168d2a000a00000e2,2,2,21,322,276,792,630,1.10002,0,0
025040107410003168d2a000a00000e2,2,2,22,322,276,792,630,1.10002,0,0
025040107410003168d2a000a00000e2,2,2,23,322,276,792,630,1.10002,0,0
025040107410003168d2a000a00000e2,2,2,24,322,276,792,630,1.10002,0,0
025040107410003168d2a000a00000e2,2,2,25,322,276,792,630,1.10002,0,0
025040107410003168d2a000a00000e2,2,2,26,322,276,792,630,1.10002,0,0
025040107410003168d2a000a00000e2,2,2,27,322,276,792,630,1.10002,0,0
025040107410003168d2a000a00000e2,2,2,28,322,276,792,630,1.10002,0,0
025040107410003168d2a000a00000e2,2,2,29,322,276,792,630,1.10002,0,0
025040107410003168d2a000a00000e2,2,2,30,322,276,792,630,1.10002,0,0
025040107410003168d2a000a00000e2,2,2,31,322,276,792,630,1.10002,0,0
025040107410003168d2a000a00000e2,2,2,32,322,276,792,630,1.10002,0,0
025040107410003168d2a000a00000e2,2,2,33,322,276,792,630,1.10002,0,0
025040107410003168d2a000a00000e2,2,2,34,322,276,792,630,1.10002,0,0
025040107410003168d2a000a00000e2,2,2,35,322,276,792,630,1.10002,0,0
025040107410003168d2a000a00000e2,2,2,36,322,276,792,630,1.10002,0,0
025040107410003168d2a000a00000e2,2,2,37,322,276,792,630,1.10002,0,0
025040107410003168d2a000a00000e2,2,2,38,322,276,792,630,1.10002,0,0
025040107410003168d2a000a00000e2,2,2,39,322,276,792,630,1.10002,0,0
025040107410003168d2a000a00000e2,2,2,40,322,276,792,630,1.10002,0,0
025040107410003168d2a000a00000e2,2,2,41,322,276,792,630,1.10002,0,0
025040107410003168d2a000a00000e2,2,2,42,322,276,792,630,1.10002,0,0
025040107410003168d2a000a00000e2,2,2,43,322,276,792,630,1.10002,0,0
025040107410003168d2a000a00000e2,2,2,44,322,276,792,630,1.10002,0,0
025040107410003168d2a000a00000e2,2,2,45,322,276,792,630,1.10002,0,0
025040107410003168d2a000a00000e2,2,2,46,322,276,792,630,1.10002,0,0
025040107410003168d2a000a00000e2,2,2,47,322,276,792,630,1.10002,0,0
025040107410003168d2a000a00000e2,2,2,48,322,276,792,630,1.10002,0,0
025040107410003168d2a000a00000e2,2,2,49,322,276,792,630,1.10002,0,0
025040107410003168d2a000a00000e2,2,2,50,322,276,792,630,1.10002,0,0
025040107410003168d2a000a00000e2,2,2,51,322,276,792,630,1.10002,0,0
025040107410003168d2a000a00000e2,2,2,52,322,276,792,630,1.10002,0,0
025040107410003168d2a000a00000e2,2,2,53,322,276,792,630,1.10002,0,0
025040107410003168d2a000a00000e2,2,2,54,322,276,792,630,1.10002,0,0
025040107410003168d2a000a00000e2,2,2,55,322,276,792,630,1.10002,0,0
025040107410003168d2a000a00000e2,2,2,56,322,276,792,630,1.10002,0,0
025040107410003168d2a000a00000e2,2,2,57,322,276,792,630,1.10002,0,0
025040107410003168d2a000a00000e2,2,2,58,322,276,792,630,1.10002,0,0
025040107410003168d2a000a00000e2,2,2,59,322,276,792,630,1.10002,0,0
025040107410003168d2a000a00000e2,2,2,60,322,276,792,630,1.10002,0,0
025040107410003168d2a000a00000e2,2,2,61,322,276,792,630,1.10002,0,0
025040107410003168d2a000a00000e2,2,2,62,322,276,792,630,1.10002,0,0
025040107410003168d2a000a00000e2,2,2,63,322,276,792,630,1.10002,0,0
025040107410003168d2a000a00000e2,2,2,0,322,276,793,631,1.10002,0,0
025040107410003168d2a000a00000e2,2,2,1,322,276,793,631,1.10002,0,0
025040107410003168d2a000a00000e2,2,2,2,322,276,793,631,1.10002,0,0
025040107410003168d2a000a00000e2,2,2,3,322,276,793,631,1.10002,0,0
025040107410003168d2a000a00000e2,2,2,4,322,276,793,631,1.10002,0,0
025040107410003168d2a000a00000e2,2,2,5,322,276,793,631,1.10002,0,0
025040107410003168d2a000a00000e2,2,2,6,322,276,793,631,1.10002,0,0
025040107410003168d2a000a00000e2,2,2,7,322,276,793,631,1.10002,0,0
025040107410003168d2a000a00000e2,2,2,8,322,276,793,631,1.10002,0,0
025040107410003168d2a000a00000e2,2,2,9,322,276,793,631,1.10002,0,0
025040107410003168d2a000a00000e2,2,2,10,322,276,793,631,1.10002,0,0
025040107410003168d2a000a00000e2,2,2,11,322,276,793,631,1.10002,0,0
025040107410003168d2a000a00000e2,2,2,12,322,276,793,631,1.10002,0,0
025040107410003168d2a000a00000e2,2,2,13,322,276,793,631,1.10002,0,0
025040107410003168d2a000a00000e2,2,2,14,322,276,793,631,1.10002,0,0
025040107410003168d2a000a00000e2,2,2,15,322,276,793,631,1.10002,0,0
025040107410003168d2a000a00000e2,2,2,16,322,276,793,631,1.10002,0,0
025040107410003168d2a000a00000e2,2,2,17,322,276,793,631,1.10002,0,0
025040107410003168d2a000a00000e2,2,2,18,322,276,793,631,1.10002,0,0
025040107410003168d2a000a00000e2,2,2,19,322,276,793,631,1.10002,0,0
025040107410003168d2a000a00000e2,2,2,20,322,276,793,631,1.10002,0,0
025040107410003168d2a000a00000e2,2,2,21,322,276,793,631,1.10002,0,0
025040107410003168d2a000a00000e2,2,2,22,322,276,793,631,1.10002,0,0
025040107410003168d2a000a00000e2,2,2,23,322,276,793,631,1.10002,0,0
025040107410003168d2a000a00000e2,2,2,24,322,276,793,631,1.10002,0,0
025040107410003168d2a000a00000e2,2,2,25,322,276,793,631,1.10002,0,0
025040107410003168d2a000a00000e2,2,2,26,322,276,793,631,1.10002,0,0
025040107410003168d2a000a00000e2,2,2,27,322,276,793,631,1.10002,0,0
025040107410003168d2a000a00000e2,2,2,28,322,276,793,631,1.10002,0,0
025040107410003168d2a000a00000e2,2,2,29,322,276,793,631,1.10002,0,0
025040107410003168d2a000a00000e2,2,2,30,322,276,793,631,1.10002,0,0
025040107410003168d2a000a00000e2,2,2,31,322,276,793,631,1.10002,0,0
025040107410003168d2a000a00000e2,2,2,32,322,276,793,631,1.10002,0,0
025040107410003168d2a000a00000e2,2,2,33,322,276,793,631,1.10002,0,0
025040107410003168d2a000a00000e2,2,2,34,322,276,793,631,1.10002,0,0
025040107410003168d2a000a00000e2,2,2,35,322,276,793,631,1.10002,0,0
025040107410003168d2a000a00000e2,2,2,36,322,276,793,631,1.10002,0,0
025040107410003168d2a000a00000e2,2,2,37,322,276,793,631,1.10002,0,0
025040107410003168d2a000a00000e2,2,2,38,322,276,793,631,1.10002,0,0
025040107410003168d2a000a00000e2,2,2,39,322,276,793,631,1.10002,0,0
025040107410003168d2a000a00000e2,2,2,40,322,276,793,631,1.10002,0,0
025040107410003168d2a000a00000e2,2,2,41,322,276,793,631,1.10002,0,0
025040107410003168d2a000a00000e2,2,2,42,322,276,793,631,1.10002,0,0
025040107410003168d2a000a00000e2,2,2,43,322,276,793,631,1.10002,0,0
025040107410003168d2a000a00000e2,2,2,44,322,276,793,631,1.10002,0,0
025040107410003168d2a000a00000e2,2,2,45,322,276,793,631,1.10002,0,0
025040107410003168d2a000a00000e2,2,2,46,322,276,793,631,1.10002,0,0
025040107410003168d2a000a00000e2,2,2,47,322,276,793,631,1.10002,0,0
025040107410003168d2a000a00000e2,2,2,48,322,276,793,631,1.10002,0,0
025040107410003168d2a000a00000e2,2,2,49,322,276,793,631,1.10002,0,0
025040107410003168d2a000a00000e2,2,2,50,322,276,793,631,1.10002,0,0
025040107410003168d2a000a00000e2,2,2,51,322,276,793,631,1.10002,0,0
025040107410003168d2a000a00000e2,2,2,52,322,276,793,631,1.10002,0,0
025040107410003168d2a000a00000e2,2,2,53,322,276,793,631,1.10002,0,0
025040107410003168d2a000a00000e2,2,2,54,322,276,793,631,1.10002,0,0
025040107410003168d2a000a00000e2,2,2,55,322,276,793,631,1.10002,0,0
025040107410003168d2a000a00000e2,2,2,56,322,276,793,631,1.10002,0,0
025040107410003168d2a000a00000e2,2,2,57,322,276,793,631,1.10002,0,0
025040107410003168d2a000a00000e2,2,2,58,322,276,793,631,1.10002,0,0
025040107410003168d2a000a00000e2,2,2,59,322,276,793,631,1.10002,0,0
025040107410003168d2a000a00000e2,2,2,60,322,276,793,631,1.10002,0,0
025040107410003168d2a000a00000e2,2,2,61,322,276,793,631,1.10002,0,0
025040107410003168d2a000a00000e2,2,2,62,322,276,793,631,1.10002,0,0
025040107410003168d2a000a00000e2,2,2,63,322,276,793,631,1.10002,0,0
025040107410003168d2a000a00000e2,2,2,0,322,276,794,631,1.10002,0,0
025040107410003168d2a000a00000e2,2,2,1,322,276,794,631,1.10002,0,0
025040107410003168d2a000a00000e2,2,2,2,322,276,794,631,1.10002,0,0
025040107410003168d2a000a00000e2,2,2,3,322,276,794,631,1.10002,0,0
025040107410003168d2a000a00000e2,2,2,4,322,276,794,631,1.10002,0,0
025040107410003168d2a000a00000e2,2,2,5,322,276,794,631,1.10002,0,0
025040107410003168d2a000a00000e2,2,2,6,322,276,794,631,1.10002,0,0
025040107410003168d2a000a00000e2,2,2,7,322,276,794,631,1.10002,0,0
025040107410003168d2a000a00000e2,2,2,8,322,276,794,631,1.10002,0,0
025040107410003168d2a000a00000e2,2,2,9,322,276,794,631,1.10002,0,0
025040107410003168d2a000a00000e2,2,2,10,322,276,794,631,1.10002,0,0
025040107410003168d2a000a00000e2,2,2,11,322,276,794,631,1.10002,0,0
025040107410003168d2a000a00000e2,2,2,12,322,276,794,631,1.10002,0,0
025040107410003168d2a000a00000e2,2,2,13,322,276,794,631,1.10002,0,0
025040107410003168d2a000a00000e2,2,2,14,322,276,794,631,1.10002,0,0
025040107410003168d2a000a00000e2,2,2,15,322,276,794,631,1.10002,0,0
025040107410003168d2a000a00000e2,2,2,16,322,276,794,631,1.10002,0,0
025040107410003168d2a000a00000e2,2,2,17,322,276,794,631,1.10002,0,0
025040107410003168d2a000a00000e2,2,2,18,322,276,794,631,1.10002,0,0
025040107410003168d2a000a00000e2,2,2,19,322,276,794,631,1.10002,0,0
025040107410003168d2a000a00000e2,2,2,20,322,276,794,631,1.10002,0,0
025040107410003168d2a000a00000e2,2,2,21,322,276,794,631,1.10002,0,0
025040107410003168d2a000a00000e2,2,2,22,322,276,794,631,1.10002,0,0
025040107410003168d2a000a00000e2,2,2,23,322,276,794,631,1.10002,0,0
025040107410003168d2a000a00000e2,2,2,24,322,276,794,631,1.10002,0,0
025040107410003168d2a000a00000e2,2,2,25,322,276,794,631,1.10002,0,0
025040107410003168d2a000a00000e2,2,2,26,322,276,794,631,1.10002,0,0
025040107410003168d2a000a00000e2,2,2,27,322,276,794,631,1.10002,0,0
025040107410003168d2a000a00000e2,2,2,28,322,276,794,631,1.10002,0,0
025040107410003168d2a000a00000e2,2,2,29,322,276,794,631,1.10002,0,0
025040107410003168d2a000a00000e2,2,2,30,322,276,794,631,1.10002,0,0
025040107410003168d2a000a00000e2,2,2,31,322,276,794,631,1.10002,0,0
025040107410003168d2a000a00000e2,2,2,32,322,276,794,631,1.10002,0,0
025040107410003168d2a000a00000e2,2,2,33,322,276,794,631,1.10002,0,0
025040107410003168d2a000a00000e2,2,2,34,322,276,794,631,1.10002,0,0
025040107410003168d2a000a00000e2,2,2,35,322,276,794,631,1.10002,0,0
025040107410003168d2a000a00000e2,2,2,36,322,276,794,631,1.10002,0,0
025040107410003168d2a000a00000e2,2,2,37,322,276,794,631,1.10002,0,0
025040107410003168d2a000a00000e2,2,2,38,322,276,794,631,1.10002,0,0
025040107410003168d2a000a00000e2,2,2,39,322,276,794,631,1.10002,0,0
025040107410003168d2a000a00000e2,2,2,40,322,276,794,631,1.10002,0,0
025040107410003168d2a000a00000e2,2,2,41,322,276,794,631,1.10002,0,0
025040107410003168d2a000a00000e2,2,2,42,322,276,794,631,1.10002,0,0
025040107410003168d2a000a00000e2,2,2,43,322,276,794,631,1.10002,0,0
025040107410003168d2a000a00000e2,2,2,44,322,276,794,631,1.10002,0,0
025040107410003168d2a000a00000e2,2,2,45,322,276,794,631,1.10002,0,0
025040107410003168d2a000a00000e2,2,2,46,322,276,794,631,1.10002,0,0
025040107410003168d2a000a00000e2,2,2,47,322,276,794,631,1.10002,0,0
025040107410003168d2a000a00000e2,2,2,48,322,276,794,631,1.10002,0,0
025040107410003168d2a000a00000e2,2,2,49,322,276,794,631,1.10002,0,0
025040107410003168d2a000a00000e2,2,2,50,322,276,794,631,1.10002,0,0
025040107410003168d2a000a00000e2,2,2,51,322,276,794,631,1.10002,0,0
025040107410003168d2a000a00000e2,2,2,52,322,276,794,631,1.10002,0,0
025040107410003168d2a000a00000e2,2,2,53,322,276,794,631,1.10002,0,0
025040107410003168d2a000a00000e2,2,2,54,322,276,794,631,1.10002,0,0
025040107410003168d2a000a00000e2,2,2,55,322,276,794,631,1.10002,0,0
025040107410003168d2a000a00000e2,2,2,56,322,276,794,631,1.10002,0,0
025040107410003168d2a000a00000e2,2,2,57,322,276,794,631,1.10002,0,0
025040107410003168d2a000a00000e2,2,2,58,322,276,794,631,1.10002,0,0
025040107410003168d2a000a00000e2,2,2,59,322,276,794,631,1.10002,0,0
025040107410003168d2a000a00000e2,2,2,60,322,276,794,631,1.10002,0,0
025040107410003168d2a000a00000e2,2,2,61,322,276,794,631,1.10002,0,0
025040107410003168d2a000a00000e2,2,2,62,322,276,794,631,1.10002,0,0
025040107410003168d2a000a00000e2,2,2,63,322,276,794,631,1.10002,0,0
025040107410003168d2a000a00000e2,2,2,0,322,276,795,632,1.10002,0,0
025040107410003168d2a000a00000e2,2,2,1,322,276,795,632,1.10002,0,0
025040107410003168d2a000a00000e2,2,2,2,322,276,795,632,1.10002,0,0
025040107410003168d2a000a00000e2,2,2,3,322,276,795,632,1.10002,0,0
025040107410003168d2a000a00000e2,2,2,4,322,276,795,632,1.10002,0,0
025040107410003168d2a000a00000e2,2,2,5,322,276,795,632,1.10002,0,0
025040107410003168d2a000a00000e2,2,2,6,322,276,795,632,1.10002,0,0
025040107410003168d2a000a00000e2,2,2,7,322,276,795,632,1.10002,0,0
025040107410003168d2a000a00000e2,2,2,8,322,276,795,632,1.10002,0,0
025040107410003168d2a000a00000e2,2,2,9,322,276,795,632,1.10002,0,0
025040107410003168d2a000a00000e2,2,2,10,322,276,795,632,1.10002,0,0
025040107410003168d2a000a00000e2,2,2,11,322,276,795,632,1.10002,0,0
025040107410003168d2a000a00000e2,2,2,12,322,276,795,632,1.10002,0,0
025040107410003168d2a000a00000e2,2,2,13,322,276,795,632,1.10002,0,0
025040107410003168d2a000a00000e2,2,2,14,322,276,795,632,1.10002,0,0
025040107410003168d2a000a00000e2,2,2,15,322,276,795,632,1.10002,0,0
025040107410003168d2a000a00000e2,2,2,16,322,276,795,632,1.10002,0,0
025040107410003168d2a000a00000e2,2,2,17,322,276,795,632,1.10002,0,0
025040107410003168d2a000a00000e2,2,2,18,322,276,795,632,1.10002,0,0
025040107410003168d2a000a00000e2,2,2,19,322,276,795,632,1.10002,0,0
025040107410003168d2a000a00000e2,2,2,20,322,276,795,632,1.10002,0,0
025040107410003168d2a000a00000e2,2,2,21,322,276,795,632,1.10002,0,0
025040107410003168d2a000a00000e2,2,2,22,322,276,795,632,1.10002,0,0
025040107410003168d2a000a00000e2,2,2,23,322,276,795,632,1.10002,0,0
025040107410003168d2a000a00000e2,2,2,24,322,276,795,632,1.10002,0,0
025040107410003168d2a000a00000e2,2,2,25,322,276,795,632,1.10002,0,0
025040107410003168d2a000a00000e2,2,2,26,322,276,795,632,1.10002,0,0
025040107410003168d2a000a00000e2,2,2,27,322,276,795,632,1.10002,0,0
025040107410003168d2a000a00000e2,2,2,28,322,276,795,632,1.10002,0,0
025040107410003168d2a000a00000e2,2,2,29,322,276,795,632,1.10002,0,0
025040107410003168d2a000a00000e2,2,2,30,322,276,795,632,1.10002,0,0
025040107410003168d2a000a00000e2,2,2,31,322,276,795,632,1.10002,0,0
025040107410003168d2a000a00000e2,2,2,32,322,276,795,632,1.10002,0,0
025040107410003168d2a000a00000e2,2,2,33,322,276,795,632,1.10002,0,0
025040107410003168d2a000a00000e2,2,2,34,322,276,795,632,1.10002,0,0
025040107410003168d2a000a00000e2,2,2,35,322,276,795,632,1.10002,0,0
025040107410003168d2a000a00000e2,2,2,36,322,276,795,632,1.10002,0,0
025040107410003168d2a000a00000e2,2,2,37,322,276,795,632,1.10002,0,0
025040107410003168d2a000a00000e2,2,2,38,322,276,795,632,1.10002,0,0
025040107410003168d2a000a00000e2,2,2,39,322,276,795,632,1.10002,0,0
025040107410003168d2a000a00000e2,2,2,40,322,276,795,632,1.10002,0,0
025040107410003168d2a000a00000e2,2,2,41,322,276,795,632,1.10002,0,0
025040107410003168d2a000a00000e2,2,2,42,322,276,795,632,1.10002,0,0
025040107410003168d2a000a00000e2,2,2,43,322,276,795,632,1.10002,0,0
025040107410003168d2a000a00000e2,2,2,44,322,276,795,632,1.10002,0,0
025040107410003168d2a000a00000e2,2,2,45,322,276,795,632,1.10002,0,0
025040107410003168d2a000a00000e2,2,2,46,322,276,795,632,1.10002,0,0
025040107410003168d2a000a00000e2,2,2,47,322,276,795,632,1.10002,0,0
025040107410003168d2a000a00000e2,2,2,48,322,276,795,632,1.10002,0,0
025040107410003168d2a000a00000e2,2,2,49,322,276,795,632,1.10002,0,0
025040107410003168d2a000a00000e2,2,2,50,322,276,795,632,1.10002,0,0
025040107410003168d2a000a00000e2,2,2,51,322,276,795,632,1.10002,0,0
025040107410003168d2a000a00000e2,2,2,52,322,276,795,632,1.10002,0,0
025040107410003168d2a000a00000e2,2,2,53,322,276,795,632,1.10002,0,0
025040107410003168d2a000a00000e2,2,2,54,322,276,795,632,1.10002,0,0
025040107410003168d2a000a00000e2,2,2,55,322,276,795,632,1.10002,0,0
025040107410003168d2a000a00000e2,2,2,56,322,276,795,632,1.10002,0,0
025040107410003168d2a000a00000e2,2,2,57,322,276,795,632,1.10002,0,0
025040107410003168d2a000a00000e2,2,2,58,322,276,795,632,1.10002,0,0
025040107410003168d2a000a00000e2,2,2,59,322,276,795,632,1.10002,0,0
025040107410003168d2a000a00000e2,2,2,60,322,276,795,632,1.10002,0,0
025040107410003168d2a000a00000e2,2,2,61,322,276,795,632,1.10002,0,0
025040107410003168d2a000a00000e2,2,2,62,322,276,795,632,1.10002,0,0
025040107410003168d2a000a00000e2,2,2,63,322,276,795,632,1.10002,0,0
025040107410003168d2a000a00000e2,2,2,0,322,276,796,633,1.10002,0,0
025040107410003168d2a000a00000e2,2,2,1,322,276,796,633,1.10002,0,0
025040107410003168d2a000a00000e2,2,2,2,322,276,796,633,1.10002,0,0
025040107410003168d2a000a00000e2,2,2,3,322,276,796,633,1.10002,0,0
025040107410003168d2a000a00000e2,2,2,4,322,276,796,633,1.10002,0,0
025040107410003168d2a000a00000e2,2,2,5,322,276,796,633,1.10002,0,0
025040107410003168d2a000a00000e2,2,2,6,322,276,796,633,1.10002,0,0
025040107410003168d2a000a00000e2,2,2,7,322,276,796,633,1.10002,0,0
025040107410003168d2a000a00000e2,2,2,8,322,276,796,633,1.10002,0,0
025040107410003168d2a000a00000e2,2,2,9,322,276,796,633,1.10002,0,0
025040107410003168d2a000a00000e2,2,2,10,322,276,796,633,1.10002,0,0
025040107410003168d2a000a00000e2,2,2,11,322,276,796,633,1.10002,0,0
025040107410003168d2a000a00000e2,2,2,12,322,276,796,633,1.10002,0,0
025040107410003168d2a000a00000e2,2,2,13,322,276,796,633,1.10002,0,0
025040107410003168d2a000a00000e2,2,2,14,322,276,796,633,1.10002,0,0
025040107410003168d2a000a00000e2,2,2,15,322,276,796,633,1.10002,0,0
025040107410003168d2a000a00000e2,2,2,16,322,276,796,633,1.10002,0,0
025040107410003168d2a000a00000e2,2,2,17,322,276,796,633,1.10002,0,0
025040107410003168d2a000a00000e2,2,2,18,322,276,796,633,1.10002,0,0
025040107410003168d2a000a00000e2,2,2,19,322,276,796,633,1.10002,0,0
025040107410003168d2a000a00000e2,2,2,20,322,276,796,633,1.10002,0,0
025040107410003168d2a000a00000e2,2,2,21,322,276,796,633,1.10002,0,0
025040107410003168d2a000a00000e2,2,2,22,322,276,796,633,1.10002,0,0
025040107410003168d2a000a00000e2,2,2,23,322,276,796,633,1.10002,0,0
025040107410003168d2a000a00000e2,2,2,24,322,276,796,633,1.10002,0,0
025040107410003168d2a000a00000e2,2,2,25,322,276,796,633,1.10002,0,0
025040107410003168d2a000a00000e2,2,2,26,322,276,796,633,1.10002,0,0
025040107410003168d2a000a00000e2,2,2,27,322,276,796,633,1.10002,0,0
025040107410003168d2a000a00000e2,2,2,28,322,276,796,633,1.10002,0,0
025040107410003168d2a000a00000e2,2,2,29,322,276,796,633,1.10002,0,0
025040107410003168d2a000a00000e2,2,2,30,322,276,796,633,1.10002,0,0
025040107410003168d2a000a00000e2,2,2,31,322,276,796,633,1.10002,0,0
025040107410003168d2a000a00000e2,2,2,32,322,276,796,633,1.10002,0,0
025040107410003168d2a000a00000e2,2,2,33,322,276,796,633,1.10002,0,0
025040107410003168d2a000a00000e2,2,2,34,322,276,796,633,1.10002,0,0
025040107410003168d2a000a00000e2,2,2,35,322,276,796,633,1.10002,0,0
025040107410003168d2a000a00000e2,2,2,36,322,276,796,633,1.10002,0,0
025040107410003168d2a000a00000e2,2,2,37,322,276,796,633,1.10002,0,0
025040107410003168d2a000a00000e2,2,2,38,322,276,796,633,1.10002,0,0
025040107410003168d2a000a00000e2,2,2,39,322,276,796,633,1.10002,0,0
025040107410003168d2a000a00000e2,2,2,40,322,276,796,633,1.10002,0,0
025040107410003168d2a000a00000e2,2,2,41,322,276,796,633,1.10002,0,0
025040107410003168d2a000a00000e2,2,2,42,322,276,796,633,1.10002,0,0
025040107410003168d2a000a00000e2,2,2,43,322,276,796,633,1.10002,0,0
025040107410003168d2a000a00000e2,2,2,44,322,276,796,633,1.10002,0,0
025040107410003168d2a000a00000e2,2,2,45,322,276,796,633,1.10002,0,0
025040107410003168d2a000a00000e2,2,2,46,322,276,796,633,1.10002,0,0
025040107410003168d2a000a00000e2,2,2,47,322,276,796,633,1.10002,0,0
025040107410003168d2a000a00000e2,2,2,48,322,276,796,633,1.10002,0,0
025040107410003168d2a000a00000e2,2,2,49,322,276,796,633,1.10002,0,0
025040107410003168d2a000a00000e2,2,2,50,322,276,796,633,1.10002,0,0
025040107410003168d2a000a00000e2,2,2,51,322,276,796,633,1.10002,0,0
025040107410003168d2a000a00000e2,2,2,52,322,276,796,633,1.10002,0,0
025040107410003168d2a000a00000e2,2,2,53,322,276,796,633,1.10002,0,0
025040107410003168d2a000a00000e2,2,2,54,322,276,796,633,1.10002,0,0
025040107410003168d2a000a00000e2,2,2,55,322,276,796,633,1.10002,0,0
025040107410003168d2a000a00000e2,2,2,56,322,276,796,633,1.10002,0,0
025040107410003168d2a000a00000e2,2,2,57,322,276,796,633,1.10002,0,0
025040107410003168d2a000a00000e2,2,2,58,322,276,796,633,1.10002,0,0
025040107410003168d2a000a00000e2,2,2,59,322,276,796,633,1.10002,0,0
025040107410003168d2a000a00000e2,2,2,60,322,276,796,633,1.10002,0,0
025040107410003168d2a000a00000e2,2,2,61,322,276,796,633,1.10002,0,0
025040107410003168d2a000a00000e2,2,2,62,322,276,796,633,1.10002,0,0
025040107410003168d2a000a00000e2,2,2,63,322,276,796,633,1.10002,0,0
025040107410003168d2a000a00000e2,2,2,0,322,276,797,634,1.10002,0,0
025040107410003168d2a000a00000e2,2,2,1,322,276,797,634,1.10002,0,0
025040107410003168d2a000a00000e2,2,2,2,322,276,797,634,1.10002,0,0
025040107410003168d2a000a00000e2,2,2,3,322,276,797,634,1.10002,0,0
025040107410003168d2a000a00000e2,2,2,4,322,276,797,634,1.10002,0,0
025040107410003168d2a000a00000e2,2,2,5,322,276,797,634,1.10002,0,0
025040107410003168d2a000a00000e2,2,2,6,322,276,797,634,1.10002,0,0
025040107410003168d2a000a00000e2,2,2,7,322,276,797,634,1.10002,0,0
025040107410003168d2a000a00000e2,2,2,8,322,276,797,634,1.10002,0,0
025040107410003168d2a000a00000e2,2,2,9,322,276,797,634,1.10002,0,0
025040107410003168d2a000a00000e2,2,2,10,322,276,797,634,1.10002,0,0
025040107410003168d2a000a00000e2,2,2,11,322,276,797,634,1.10002,0,0
025040107410003168d2a000a00000e2,2,2,12,322,276,797,634,1.10002,0,0
025040107410003168d2a000a00000e2,2,2,13,322,276,797,634,1.10002,0,0
025040107410003168d2a000a00000e2,2,2,14,322,276,797,634,1.10002,0,0
025040107410003168d2a000a00000e2,2,2,15,322,276,797,634,1.10002,0,0
025040107410003168d2a000a00000e2,2,2,16,322,276,797,634,1.10002,0,0
025040107410003168d2a000a00000e2,2,2,17,322,276,797,634,1.10002,0,0
025040107410003168d2a000a00000e2,2,2,18,322,276,797,634,1.10002,0,0
025040107410003168d2a000a00000e2,2,2,19,322,276,797,634,1.10002,0,0
025040107410003168d2a000a00000e2,2,2,20,322,276,797,634,1.10002,0,0
025040107410003168d2a000a00000e2,2,2,21,322,276,797,634,1.10002,0,0
025040107410003168d2a000a00000e2,2,2,22,322,276,797,634,1.10002,0,0
025040107410003168d2a000a00000e2,2,2,23,322,276,797,634,1.10002,0,0
025040107410003168d2a000a00000e2,2,2,24,322,276,797,634,1.10002,0,0
025040107410003168d2a000a00000e2,2,2,25,322,276,797,634,1.10002,0,0
025040107410003168d2a000a00000e2,2,2,26,322,276,797,634,1.10002,0,0
025040107410003168d2a000a00000e2,2,2,27,322,276,797,634,1.10002,0,0
025040107410003168d2a000a00000e2,2,2,28,322,276,797,634,1.10002,0,0
025040107410003168d2a000a00000e2,2,2,29,322,276,797,634,1.10002,0,0
025040107410003168d2a000a00000e2,2,2,30,322,276,797,634,1.10002,0,0
025040107410003168d2a000a00000e2,2,2,31,322,276,797,634,1.10002,0,0
025040107410003168d2a000a00000e2,2,2,32,322,276,797,634,1.10002,0,0
025040107410003168d2a000a00000e2,2,2,33,322,276,797,634,1.10002,0,0
025040107410003168d2a000a00000e2,2,2,34,322,276,797,634,1.10002,0,0
025040107410003168d2a000a00000e2,2,2,35,322,276,797,634,1.10002,0,0
025040107410003168d2a000a00000e2,2,2,36,322,276,797,634,1.10002,0,0
025040107410003168d2a000a00000e2,2,2,37,322,276,797,634,1.10002,0,0
025040107410003168d2a000a00000e2,2,2,38,322,276,797,634,1.10002,0,0
025040107410003168d2a000a00000e2,2,2,39,322,276,797,634,1.10002,0,0
025040107410003168d2a000a00000e2,2,2,40,322,276,797,634,1.10002,0,0
025040107410003168d2a000a00000e2,2,2,41,322,276,797,634,1.10002,0,0
025040107410003168d2a000a00000e2,2,2,42,322,276,797,634,1.10002,0,0
025040107410003168d2a000a00000e2,2,2,43,322,276,797,634,1.10002,0,0
025040107410003168d2a000a00000e2,2,2,44,322,276,797,634,1.10002,0,0
025040107410003168d2a000a00000e2,2,2,45,322,276,797,634,1.10002,0,0
025040107410003168d2a000a00000e2,2,2,46,322,276,797,634,1.10002,0,0
025040107410003168d2a000a00000e2,2,2,47,322,276,797,634,1.10002,0,0
025040107410003168d2a000a00000e2,2,2,48,322,276,797,634,1.10002,0,0
025040107410003168d2a000a00000e2,2,2,49,322,276,797,634,1.10002,0,0
025040107410003168d2a000a00000e2,2,2,50,322,276,797,634,1.10002,0,0
025040107410003168d2a000a00000e2,2,2,51,322,276,797,634,1.10002,0,0
025040107410003168d2a000a00000e2,2,2,52,322,276,797,634,1.10002,0,0
025040107410003168d2a000a00000e2,2,2,53,322,276,797,634,1.10002,0,0
025040107410003168d2a000a00000e2,2,2,54,322,276,797,634,1.10002,0,0
025040107410003168d2a000a00000e2,2,2,55,322,276,797,634,1.10002,0,0
025040107410003168d2a000a00000e2,2,2,56,322,276,797,634,1.10002,0,0
025040107410003168d2a000a00000e2,2,2,57,322,276,797,634,1.10002,0,0
025040107410003168d2a000a00000e2,2,2,58,322,276,797,634,1.10002,0,0
025040107410003168d2a000a00000e2,2,2,59,322,276,797,634,1.10002,0,0
025040107410003168d2a000a00000e2,2,2,60,322,276,797,634,1.10002,0,0
025040107410003168d2a000a00000e2,2,2,61,322,276,797,634,1.10002,0,0
025040107410003168d2a000a00000e2,2,2,62,322,276,797,634,1.10002,0,0
025040107410003168d2a000a00000e2,2,2,63,322,276,797,634,1.10002,0,0
025040107410003168d2a000a00000e2,2,2,0,322,276,798,635,1.10002,0,0
025040107410003168d2a000a00000e2,2,2,1,322,276,798,635,1.10002,0,0
025040107410003168d2a000a00000e2,2,2,2,322,276,798,635,1.10002,0,0
025040107410003168d2a000a00000e2,2,2,3,322,276,798,635,1.10002,0,0
025040107410003168d2a000a00000e2,2,2,4,322,276,798,635,1.10002,0,0
025040107410003168d2a000a00000e2,2,2,5,322,276,798,635,1.10002,0,0
025040107410003168d2a000a00000e2,2,2,6,322,276,798,635,1.10002,0,0
025040107410003168d2a000a00000e2,2,2,7,322,276,798,635,1.10002,0,0
025040107410003168d2a000a00000e2,2,2,8,322,276,798,635,1.10002,0,0
025040107410003168d2a000a00000e2,2,2,9,322,276,798,635,1.10002,0,0
025040107410003168d2a000a00000e2,2,2,10,322,276,798,635,1.10002,0,0
025040107410003168d2a000a00000e2,2,2,11,322,276,798,635,1.10002,0,0
025040107410003168d2a000a00000e2,2,2,12,322,276,798,635,1.10002,0,0
025040107410003168d2a000a00000e2,2,2,13,322,276,798,635,1.10002,0,0
025040107410003168d2a000a00000e2,2,2,14,322,276,798,635,1.10002,0,0
025040107410003168d2a000a00000e2,2,2,15,322,276,798,635,1.10002,0,0
025040107410003168d2a000a00000e2,2,2,16,322,276,798,635,1.10002,0,0
025040107410003168d2a000a00000e2,2,2,17,322,276,798,635,1.10002,0,0
025040107410003168d2a000a00000e2,2,2,18,322,276,798,635,1.10002,0,0
025040107410003168d2a000a00000e2,2,2,19,322,276,798,635,1.10002,0,0
025040107410003168d2a000a00000e2,2,2,20,322,276,798,635,1.10002,0,0
025040107410003168d2a000a00000e2,2,2,21,322,276,798,635,1.10002,0,0
025040107410003168d2a000a00000e2,2,2,22,322,276,798,635,1.10002,0,0
025040107410003168d2a000a00000e2,2,2,23,322,276,798,635,1.10002,0,0
025040107410003168d2a000a00000e2,2,2,24,322,276,798,635,1.10002,0,0
025040107410003168d2a000a00000e2,2,2,25,322,276,798,635,1.10002,0,0
025040107410003168d2a000a00000e2,2,2,26,322,276,798,635,1.10002,0,0
025040107410003168d2a000a00000e2,2,2,27,322,276,798,635,1.10002,0,0
025040107410003168d2a000a00000e2,2,2,28,322,276,798,635,1.10002,0,0
025040107410003168d2a000a00000e2,2,2,29,322,276,798,635,1.10002,0,0
025040107410003168d2a000a00000e2,2,2,30,322,276,798,635,1.10002,0,0
025040107410003168d2a000a00000e2,2,2,31,322,276,798,635,1.10002,0,0
025040107410003168d2a000a00000e2,2,2,32,322,276,798,635,1.10002,0,0
025040107410003168d2a000a00000e2,2,2,33,322,276,798,635,1.10002,0,0
025040107410003168d2a000a00000e2,2,2,34,322,276,798,635,1.10002,0,0
025040107410003168d2a000a00000e2,2,2,35,322,276,798,635,1.10002,0,0
025040107410003168d2a000a00000e2,2,2,36,322,276,798,635,1.10002,0,0
025040107410003168d2a000a00000e2,2,2,37,322,276,798,635,1.10002,0,0
025040107410003168d2a000a00000e2,2,2,38,322,276,798,635,1.10002,0,0
025040107410003168d2a000a00000e2,2,2,39,322,276,798,635,1.10002,0,0
025040107410003168d2a000a00000e2,2,2,40,322,276,798,635,1.10002,0,0
025040107410003168d2a000a00000e2,2,2,41,322,276,798,635,1.10002,0,0
025040107410003168d2a000a00000e2,2,2,42,322,276,798,635,1.10002,0,0
025040107410003168d2a000a00000e2,2,2,43,322,276,798,635,1.10002,0,0
025040107410003168d2a000a00000e2,2,2,44,322,276,798,635,1.10002,0,0
025040107410003168d2a000a00000e2,2,2,45,322,276,798,635,1.10002,0,0
025040107410003168d2a000a00000e2,2,2,46,322,276,798,635,1.10002,0,0
025040107410003168d2a000a00000e2,2,2,47,322,276,798,635,1.10002,0,0
025040107410003168d2a000a00000e2,2,2,48,322,276,798,635,1.10002,0,0
025040107410003168d2a000a00000e2,2,2,49,322,276,798,635,1.10002,0,0
025040107410003168d2a000a00000e2,2,2,50,322,276,798,635,1.10002,0,0
025040107410003168d2a000a00000e2,2,2,51,322,276,798,635,1.10002,0,0
025040107410003168d2a000a00000e2,2,2,52,322,276,798,635,1.10002,0,0
025040107410003168d2a000a00000e2,2,2,53,322,276,798,635,1.10002,0,0
025040107410003168d2a000a00000e2,2,2,54,322,276,798,635,1.10002,0,0
025040107410003168d2a000a00000e2,2,2,55,322,276,798,635,1.10002,0,0
025040107410003168d2a000a00000e2,2,2,56,322,276,798,635,1.10002,0,0
025040107410003168d2a000a00000e2,2,2,57,322,276,798,635,1.10002,0,0
025040107410003168d2a000a00000e2,2,2,58,322,276,798,635,1.10002,0,0
025040107410003168d2a000a00000e2,2,2,59,322,276,798,635,1.10002,0,0
025040107410003168d2a000a00000e2,2,2,60,322,276,798,635,1.10002,0,0
025040107410003168d2a000a00000e2,2,2,61,322,276,798,635,1.10002,0,0
025040107410003168d2a000a00000e2,2,2,62,322,276,798,635,1.10002,0,0
025040107410003168d2a000a00000e2,2,2,63,322,276,798,635,1.10002,0,0
025040107410003168d2a000a00000e2,2,2,0,322,276,799,635,1.10002,0,0
025040107410003168d2a000a00000e2,2,2,1,322,276,799,635,1.10002,0,0
025040107410003168d2a000a00000e2,2,2,2,322,276,799,635,1.10002,0,0
025040107410003168d2a000a00000e2,2,2,3,322,276,799,635,1.10002,0,0
025040107410003168d2a000a00000e2,2,2,4,322,276,799,635,1.10002,0,0
025040107410003168d2a000a00000e2,2,2,5,322,276,799,635,1.10002,0,0
025040107410003168d2a000a00000e2,2,2,6,322,276,799,635,1.10002,0,0
025040107410003168d2a000a00000e2,2,2,7,322,276,799,635,1.10002,0,0
025040107410003168d2a000a00000e2,2,2,8,322,276,799,635,1.10002,0,0
025040107410003168d2a000a00000e2,2,2,9,322,276,799,635,1.10002,0,0
025040107410003168d2a000a00000e2,2,2,10,322,276,799,635,1.10002,0,0
025040107410003168d2a000a00000e2,2,2,11,322,276,799,635,1.10002,0,0
025040107410003168d2a000a00000e2,2,2,12,322,276,799,635,1.10002,0,0
025040107410003168d2a000a00000e2,2,2,13,322,276,799,635,1.10002,0,0
025040107410003168d2a000a00000e2,2,2,14,322,276,799,635,1.10002,0,0
025040107410003168d2a000a00000e2,2,2,15,322,276,799,635,1.10002,0,0
025040107410003168d2a000a00000e2,2,2,16,322,276,799,635,1.10002,0,0
025040107410003168d2a000a00000e2,2,2,17,322,276,799,635,1.10002,0,0
025040107410003168d2a000a00000e2,2,2,18,322,276,799,635,1.10002,0,0
025040107410003168d2a000a00000e2,2,2,19,322,276,799,635,1.10002,0,0
025040107410003168d2a000a00000e2,2,2,20,322,276,799,635,1.10002,0,0
025040107410003168d2a000a00000e2,2,2,21,322,276,799,635,1.10002,0,0
025040107410003168d2a000a00000e2,2,2,22,322,276,799,635,1.10002,0,0
025040107410003168d2a000a00000e2,2,2,23,322,276,799,635,1.10002,0,0
025040107410003168d2a000a00000e2,2,2,24,322,276,799,635,1.10002,0,0
025040107410003168d2a000a00000e2,2,2,25,322,276,799,635,1.10002,0,0
025040107410003168d2a000a00000e2,2,2,26,322,276,799,635,1.10002,0,0
025040107410003168d2a000a00000e2,2,2,27,322,276,799,635,1.10002,0,0
025040107410003168d2a000a00000e2,2,2,28,322,276,799,635,1.10002,0,0
025040107410003168d2a000a00000e2,2,2,29,322,276,799,635,1.10002,0,0
025040107410003168d2a000a00000e2,2,2,30,322,276,799,635,1.10002,0,0
025040107410003168d2a000a00000e2,2,2,31,322,276,799,635,1.10002,0,0
025040107410003168d2a000a00000e2,2,2,32,322,276,799,635,1.10002,0,0
025040107410003168d2a000a00000e2,2,2,33,322,276,799,635,1.10002,0,0
025040107410003168d2a000a00000e2,2,2,34,322,276,799,635,1.10002,0,0
025040107410003168d2a000a00000e2,2,2,35,322,276,799,635,1.10002,0,0
025040107410003168d2a000a00000e2,2,2,36,322,276,799,635,1.10002,0,0
025040107410003168d2a000a00000e2,2,2,37,322,276,799,635,1.10002,0,0
025040107410003168d2a000a00000e2,2,2,38,322,276,799,635,1.10002,0,0
025040107410003168d2a000a00000e2,2,2,39,322,276,799,635,1.10002,0,0
025040107410003168d2a000a00000e2,2,2,40,322,276,799,635,1.10002,0,0
025040107410003168d2a000a00000e2,2,2,41,322,276,799,635,1.10002,0,0
025040107410003168d2a000a00000e2,2,2,42,322,276,799,635,1.10002,0,0
025040107410003168d2a000a00000e2,2,2,43,322,276,799,635,1.10002,0,0
025040107410003168d2a000a00000e2,2,2,44,322,276,799,635,1.10002,0,0
025040107410003168d2a000a00000e2,2,2,45,322,276,799,635,1.10002,0,0
025040107410003168d2a000a00000e2,2,2,46,322,276,799,635,1.10002,0,0
025040107410003168d2a000a00000e2,2,2,47,322,276,799,635,1.10002,0,0
025040107410003168d2a000a00000e2,2,2,48,322,276,799,635,1.10002,0,0
025040107410003168d2a000a00000e2,2,2,49,322,276,799,635,1.10002,0,0
025040107410003168d2a000a00000e2,2,2,50,322,276,799,635,1.10002,0,0
025040107410003168d2a000a00000e2,2,2,51,322,276,799,635,1.10002,0,0
025040107410003168d2a000a00000e2,2,2,52,322,276,799,635,1.10002,0,0
025040107410003168d2a000a00000e2,2,2,53,322,276,799,635,1.10002,0,0
025040107410003168d2a000a00000e2,2,2,54,322,276,799,635,1.10002,0,0
025040107410003168d2a000a00000e2,2,2,55,322,276,799,635,1.10002,0,0
025040107410003168d2a000a00000e2,2,2,56,322,276,799,635,1.10002,0,0
025040107410003168d2a000a00000e2,2,2,57,322,276,799,635,1.10002,0,0
025040107410003168d2a000a00000e2,2,2,58,322,276,799,635,1.10002,0,0
025040107410003168d2a000a00000e2,2,2,59,322,276,799,635,1.10002,0,0
025040107410003168d2a000a00000e2,2,2,60,322,276,799,635,1.10002,0,0
025040107410003168d2a000a00000e2,2,2,61,322,276,799,635,1.10002,0,0
025040107410003168d2a000a00000e2,2,2,62,322,276,799,635,1.10002,0,0
025040107410003168d2a000a00000e2,2,2,63,322,276,799,635,1.10002,0,0
025040107410003168d2a000a00000e2,2,2,0,322,276,800,636,1.10002,0,0
025040107410003168d2a000a00000e2,2,2,1,322,276,800,636,1.10002,0,0
025040107410003168d2a000a00000e2,2,2,2,322,276,800,636,1.10002,0,0
025040107410003168d2a000a00000e2,2,2,3,322,276,800,636,1.10002,0,0
025040107410003168d2a000a00000e2,2,2,4,322,276,800,636,1.10002,0,0
025040107410003168d2a000a00000e2,2,2,5,322,276,800,636,1.10002,0,0
025040107410003168d2a000a00000e2,2,2,6,322,276,800,636,1.10002,0,0
025040107410003168d2a000a00000e2,2,2,7,322,276,800,636,1.10002,0,0
025040107410003168d2a000a00000e2,2,2,8,322,276,800,636,1.10002,0,0
025040107410003168d2a000a00000e2,2,2,9,322,276,800,636,1.10002,0,0
025040107410003168d2a000a00000e2,2,2,10,322,276,800,636,1.10002,0,0
025040107410003168d2a000a00000e2,2,2,11,322,276,800,636,1.10002,0,0
025040107410003168d2a000a00000e2,2,2,12,322,276,800,636,1.10002,0,0
025040107410003168d2a000a00000e2,2,2,13,322,276,800,636,1.10002,0,0
025040107410003168d2a000a00000e2,2,2,14,322,276,800,636,1.10002,0,0
025040107410003168d2a000a00000e2,2,2,15,322,276,800,636,1.10002,0,0
025040107410003168d2a000a00000e2,2,2,16,322,276,800,636,1.10002,0,0
025040107410003168d2a000a00000e2,2,2,17,322,276,800,636,1.10002,0,0
025040107410003168d2a000a00000e2,2,2,18,322,276,800,636,1.10002,0,0
025040107410003168d2a000a00000e2,2,2,19,322,276,800,636,1.10002,0,0
025040107410003168d2a000a00000e2,2,2,20,322,276,800,636,1.10002,0,0
025040107410003168d2a000a00000e2,2,2,21,322,276,800,636,1.10002,0,0
025040107410003168d2a000a00000e2,2,2,22,322,276,800,636,1.10002,0,0
025040107410003168d2a000a00000e2,2,2,23,322,276,800,636,1.10002,0,0
025040107410003168d2a000a00000e2,2,2,24,322,276,800,636,1.10002,0,0
025040107410003168d2a000a00000e2,2,2,25,322,276,800,636,1.10002,0,0
025040107410003168d2a000a00000e2,2,2,26,322,276,800,636,1.10002,0,0
025040107410003168d2a000a00000e2,2,2,27,322,276,800,636,1.10002,0,0
025040107410003168d2a000a00000e2,2,2,28,322,276,800,636,1.10002,0,0
025040107410003168d2a000a00000e2,2,2,29,322,276,800,636,1.10002,0,0
025040107410003168d2a000a00000e2,2,2,30,322,276,800,636,1.10002,0,0
025040107410003168d2a000a00000e2,2,2,31,322,276,800,636,1.10002,0,0
025040107410003168d2a000a00000e2,2,2,32,322,276,800,636,1.10002,0,0
025040107410003168d2a000a00000e2,2,2,33,322,276,800,636,1.10002,0,0
025040107410003168d2a000a00000e2,2,2,34,322,276,800,636,1.10002,0,0
025040107410003168d2a000a00000e2,2,2,35,322,276,800,636,1.10002,0,0
025040107410003168d2a000a00000e2,2,2,36,322,276,800,636,1.10002,0,0
025040107410003168d2a000a00000e2,2,2,37,322,276,800,636,1.10002,0,0
025040107410003168d2a000a00000e2,2,2,38,322,276,800,636,1.10002,0,0
025040107410003168d2a000a00000e2,2,2,39,322,276,800,636,1.10002,0,0
025040107410003168d2a000a00000e2,2,2,40,322,276,800,636,1.10002,0,0
025040107410003168d2a000a00000e2,2,2,41,322,276,800,636,1.10002,0,0
025040107410003168d2a000a00000e2,2,2,42,322,276,800,636,1.10002,0,0
025040107410003168d2a000a00000e2,2,2,43,322,276,800,636,1.10002,0,0
025040107410003168d2a000a00000e2,2,2,44,322,276,800,636,1.10002,0,0
025040107410003168d2a000a00000e2,2,2,45,322,276,800,636,1.10002,0,0
025040107410003168d2a000a00000e2,2,2,46,322,276,800,636,1.10002,0,0
025040107410003168d2a000a00000e2,2,2,47,322,276,800,636,1.10002,0,0
025040107410003168d2a000a00000e2,2,2,48,322,276,800,636,1.10002,0,0
025040107410003168d2a000a00000e2,2,2,49,322,276,800,636,1.10002,0,0
025040107410003168d2a000a00000e2,2,2,50,322,276,800,636,1.10002,0,0
025040107410003168d2a000a00000e2,2,2,51,322,276,800,636,1.10002,0,0
025040107410003168d2a000a00000e2,2,2,52,322,276,800,636,1.10002,0,0
025040107410003168d2a000a00000e2,2,2,53,322,276,800,636,1.10002,0,0
025040107410003168d2a000a00000e2,2,2,54,322,276,800,636,1.10002,0,0
025040107410003168d2a000a00000e2,2,2,55,322,276,800,636,1.10002,0,0
025040107410003168d2a000a00000e2,2,2,56,322,276,800,636,1.10002,0,0
025040107410003168d2a000a00000e2,2,2,57,322,276,800,636,1.10002,0,0
025040107410003168d2a000a00000e2,2,2,58,322,276,800,636,1.10002,0,0
025040107410003168d2a000a00000e2,2,2,59,322,276,800,636,1.10002,0,0
025040107410003168d2a000a00000e2,2,2,60,322,276,800,636,1.10002,0,0
025040107410003168d2a000a00000e2,2,2,61,322,276,800,636,1.10002,0,0
025040107410003168d2a000a00000e2,2,2,62,322,276,800,636,1.10002,0,0
025040107410003168d2a000a00000e2,2,2,63,322,276,800,636,1.10002,0,0
