hybrid_id, fec,vmm,ch,pulser_dac,pulser_mV,threshold_dac,threshold_mV,time,counts,rate
0250401074100030c043a000a00000c7,2,1,0,164,141,600,472,1.00123,10749,10.7358
0250401074100030c043a000a00000c7,2,1,1,164,141,600,472,1.00123,10774,10.7608
0250401074100030c043a000a00000c7,2,1,2,164,141,600,472,1.00123,10760,10.7468
0250401074100030c043a000a00000c7,2,1,3,164,141,600,472,1.00123,10773,10.7598
0250401074100030c043a000a00000c7,2,1,4,164,141,600,472,1.00123,10754,10.7408
0250401074100030c043a000a00000c7,2,1,5,164,141,600,472,1.00123,10773,10.7598
0250401074100030c043a000a00000c7,2,1,6,164,141,600,472,1.00123,10761,10.7478
0250401074100030c043a000a00000c7,2,1,7,164,141,600,472,1.00123,10771,10.7578
0250401074100030c043a000a00000c7,2,1,8,164,141,600,472,1.00123,10761,10.7478
0250401074100030c043a000a00000c7,2,1,9,164,141,600,472,1.00123,10773,10.7598
0250401074100030c043a000a00000c7,2,1,10,164,141,600,472,1.00123,10760,10.7468
0250401074100030c043a000a00000c7,2,1,11,164,141,600,472,1.00123,10773,10.7598
0250401074100030c043a000a00000c7,2,1,12,164,141,600,472,1.00123,10758,10.7448
0250401074100030c043a000a00000c7,2,1,13,164,141,600,472,1.00123,10773,10.7598
0250401074100030c043a000a00000c7,2,1,14,164,141,600,472,1.00123,10773,10.7598
0250401074100030c043a000a00000c7,2,1,15,164,141,600,472,1.00123,10773,10.7598
0250401074100030c043a000a00000c7,2,1,16,164,141,600,472,1.00123,10756,10.7428
0250401074100030c043a000a00000c7,2,1,17,164,141,600,472,1.00123,10773,10.7598
0250401074100030c043a000a00000c7,2,1,18,164,141,600,472,1.00123,10772,10.7588
0250401074100030c043a000a00000c7,2,1,19,164,141,600,472,1.00123,10773,10.7598
0250401074100030c043a000a00000c7,2,1,20,164,141,600,472,1.00123,10772,10.7588
0250401074100030c043a000a00000c7,2,1,21,164,141,600,472,1.00123,10773,10.7598
0250401074100030c043a000a00000c7,2,1,22,164,141,600,472,1.00123,10773,10.7598
0250401074100030c043a000a00000c7,2,1,23,164,141,600,472,1.00123,10773,10.7598
0250401074100030c043a000a00000c7,2,1,24,164,141,600,472,1.00123,10773,10.7598
0250401074100030c043a000a00000c7,2,1,25,164,141,600,472,1.00123,10773,10.7598
0250401074100030c043a000a00000c7,2,1,26,164,141,600,472,1.00123,10773,10.7598
0250401074100030c043a000a00000c7,2,1,27,164,141,600,472,1.00123,10773,10.7598
0250401074100030c043a000a00000c7,2,1,28,164,141,600,472,1.00123,0,0
0250401074100030c043a000a00000c7,2,1,29,164,141,600,472,1.00123,10773,10.7598
0250401074100030c043a000a00000c7,2,1,30,164,141,600,472,1.00123,10768,10.7548
0250401074100030c043a000a00000c7,2,1,31,164,141,600,472,1.00123,10773,10.7598
0250401074100030c043a000a00000c7,2,1,32,164,141,600,472,1.00123,10760,10.7468
0250401074100030c043a000a00000c7,2,1,33,164,141,600,472,1.00123,10773,10.7598
0250401074100030c043a000a00000c7,2,1,34,164,141,600,472,1.00123,10773,10.7598
0250401074100030c043a000a00000c7,2,1,35,164,141,600,472,1.00123,10773,10.7598
0250401074100030c043a000a00000c7,2,1,36,164,141,600,472,1.00123,10773,10.7598
0250401074100030c043a000a00000c7,2,1,37,164,141,600,472,1.00123,10773,10.7598
0250401074100030c043a000a00000c7,2,1,38,164,141,600,472,1.00123,10773,10.7598
0250401074100030c043a000a00000c7,2,1,39,164,141,600,472,1.00123,10776,10.7628
0250401074100030c043a000a00000c7,2,1,40,164,141,600,472,1.00123,10776,10.7628
0250401074100030c043a000a00000c7,2,1,41,164,141,600,472,1.00123,10776,10.7628
0250401074100030c043a000a00000c7,2,1,42,164,141,600,472,1.00123,10776,10.7628
0250401074100030c043a000a00000c7,2,1,43,164,141,600,472,1.00123,10776,10.7628
0250401074100030c043a000a00000c7,2,1,44,164,141,600,472,1.00123,10766,10.7528
0250401074100030c043a000a00000c7,2,1,45,164,141,600,472,1.00123,10776,10.7628
0250401074100030c043a000a00000c7,2,1,46,164,141,600,472,1.00123,10776,10.7628
0250401074100030c043a000a00000c7,2,1,47,164,141,600,472,1.00123,10776,10.7628
0250401074100030c043a000a00000c7,2,1,48,164,141,600,472,1.00123,10776,10.7628
0250401074100030c043a000a00000c7,2,1,49,164,141,600,472,1.00123,10776,10.7628
0250401074100030c043a000a00000c7,2,1,50,164,141,600,472,1.00123,10776,10.7628
0250401074100030c043a000a00000c7,2,1,51,164,141,600,472,1.00123,10776,10.7628
0250401074100030c043a000a00000c7,2,1,52,164,141,600,472,1.00123,10776,10.7628
0250401074100030c043a000a00000c7,2,1,53,164,141,600,472,1.00123,10776,10.7628
0250401074100030c043a000a00000c7,2,1,54,164,141,600,472,1.00123,10776,10.7628
0250401074100030c043a000a00000c7,2,1,55,164,141,600,472,1.00123,10775,10.7618
0250401074100030c043a000a00000c7,2,1,56,164,141,600,472,1.00123,10776,10.7628
0250401074100030c043a000a00000c7,2,1,57,164,141,600,472,1.00123,10776,10.7628
0250401074100030c043a000a00000c7,2,1,58,164,141,600,472,1.00123,10776,10.7628
0250401074100030c043a000a00000c7,2,1,59,164,141,600,472,1.00123,10775,10.7618
0250401074100030c043a000a00000c7,2,1,60,164,141,600,472,1.00123,10776,10.7628
0250401074100030c043a000a00000c7,2,1,61,164,141,600,472,1.00123,10776,10.7628
0250401074100030c043a000a00000c7,2,1,62,164,141,600,472,1.00123,10776,10.7628
0250401074100030c043a000a00000c7,2,1,63,164,141,600,472,1.00123,10776,10.7628
0250401074100030c043a000a00000c7,2,1,0,164,141,601,473,1.00123,10824,10.8107
0250401074100030c043a000a00000c7,2,1,1,164,141,601,473,1.00123,10845,10.8317
0250401074100030c043a000a00000c7,2,1,2,164,141,601,473,1.00123,10837,10.8237
0250401074100030c043a000a00000c7,2,1,3,164,141,601,473,1.00123,10845,10.8317
0250401074100030c043a000a00000c7,2,1,4,164,141,601,473,1.00123,10832,10.8187
0250401074100030c043a000a00000c7,2,1,5,164,141,601,473,1.00123,10845,10.8317
0250401074100030c043a000a00000c7,2,1,6,164,141,601,473,1.00123,10837,10.8237
0250401074100030c043a000a00000c7,2,1,7,164,141,601,473,1.00123,10840,10.8267
0250401074100030c043a000a00000c7,2,1,8,164,141,601,473,1.00123,10839,10.8257
0250401074100030c043a000a00000c7,2,1,9,164,141,601,473,1.00123,10845,10.8317
0250401074100030c043a000a00000c7,2,1,10,164,141,601,473,1.00123,10838,10.8247
0250401074100030c043a000a00000c7,2,1,11,164,141,601,473,1.00123,10845,10.8317
0250401074100030c043a000a00000c7,2,1,12,164,141,601,473,1.00123,10835,10.8217
0250401074100030c043a000a00000c7,2,1,13,164,141,601,473,1.00123,10845,10.8317
0250401074100030c043a000a00000c7,2,1,14,164,141,601,473,1.00123,10845,10.8317
0250401074100030c043a000a00000c7,2,1,15,164,141,601,473,1.00123,10844,10.8307
0250401074100030c043a000a00000c7,2,1,16,164,141,601,473,1.00123,10834,10.8207
0250401074100030c043a000a00000c7,2,1,17,164,141,601,473,1.00123,10844,10.8307
0250401074100030c043a000a00000c7,2,1,18,164,141,601,473,1.00123,10844,10.8307
0250401074100030c043a000a00000c7,2,1,19,164,141,601,473,1.00123,10844,10.8307
0250401074100030c043a000a00000c7,2,1,20,164,141,601,473,1.00123,10842,10.8287
0250401074100030c043a000a00000c7,2,1,21,164,141,601,473,1.00123,10844,10.8307
0250401074100030c043a000a00000c7,2,1,22,164,141,601,473,1.00123,10844,10.8307
0250401074100030c043a000a00000c7,2,1,23,164,141,601,473,1.00123,10844,10.8307
0250401074100030c043a000a00000c7,2,1,24,164,141,601,473,1.00123,10844,10.8307
0250401074100030c043a000a00000c7,2,1,25,164,141,601,473,1.00123,10844,10.8307
0250401074100030c043a000a00000c7,2,1,26,164,141,601,473,1.00123,10844,10.8307
0250401074100030c043a000a00000c7,2,1,27,164,141,601,473,1.00123,10844,10.8307
0250401074100030c043a000a00000c7,2,1,28,164,141,601,473,1.00123,0,0
0250401074100030c043a000a00000c7,2,1,29,164,141,601,473,1.00123,10844,10.8307
0250401074100030c043a000a00000c7,2,1,30,164,141,601,473,1.00123,10840,10.8267
0250401074100030c043a000a00000c7,2,1,31,164,141,601,473,1.00123,10844,10.8307
0250401074100030c043a000a00000c7,2,1,32,164,141,601,473,1.00123,10836,10.8227
0250401074100030c043a000a00000c7,2,1,33,164,141,601,473,1.00123,10844,10.8307
0250401074100030c043a000a00000c7,2,1,34,164,141,601,473,1.00123,10844,10.8307
0250401074100030c043a000a00000c7,2,1,35,164,141,601,473,1.00123,10844,10.8307
0250401074100030c043a000a00000c7,2,1,36,164,141,601,473,1.00123,10844,10.8307
0250401074100030c043a000a00000c7,2,1,37,164,141,601,473,1.00123,10844,10.8307
0250401074100030c043a000a00000c7,2,1,38,164,141,601,473,1.00123,10844,10.8307
0250401074100030c043a000a00000c7,2,1,39,164,141,601,473,1.00123,10844,10.8307
0250401074100030c043a000a00000c7,2,1,40,164,141,601,473,1.00123,10844,10.8307
0250401074100030c043a000a00000c7,2,1,41,164,141,601,473,1.00123,10844,10.8307
0250401074100030c043a000a00000c7,2,1,42,164,141,601,473,1.00123,10843,10.8297
0250401074100030c043a000a00000c7,2,1,43,164,141,601,473,1.00123,10844,10.8307
0250401074100030c043a000a00000c7,2,1,44,164,141,601,473,1.00123,10838,10.8247
0250401074100030c043a000a00000c7,2,1,45,164,141,601,473,1.00123,10844,10.8307
0250401074100030c043a000a00000c7,2,1,46,164,141,601,473,1.00123,10844,10.8307
0250401074100030c043a000a00000c7,2,1,47,164,141,601,473,1.00123,10844,10.8307
0250401074100030c043a000a00000c7,2,1,48,164,141,601,473,1.00123,10844,10.8307
0250401074100030c043a000a00000c7,2,1,49,164,141,601,473,1.00123,10844,10.8307
0250401074100030c043a000a00000c7,2,1,50,164,141,601,473,1.00123,10844,10.8307
0250401074100030c043a000a00000c7,2,1,51,164,141,601,473,1.00123,10844,10.8307
0250401074100030c043a000a00000c7,2,1,52,164,141,601,473,1.00123,10844,10.8307
0250401074100030c043a000a00000c7,2,1,53,164,141,601,473,1.00123,10844,10.8307
0250401074100030c043a000a00000c7,2,1,54,164,141,601,473,1.00123,10844,10.8307
0250401074100030c043a000a00000c7,2,1,55,164,141,601,473,1.00123,10844,10.8307
0250401074100030c043a000a00000c7,2,1,56,164,141,601,473,1.00123,10844,10.8307
0250401074100030c043a000a00000c7,2,1,57,164,141,601,473,1.00123,10844,10.8307
0250401074100030c043a000a00000c7,2,1,58,164,141,601,473,1.00123,10844,10.8307
0250401074100030c043a000a00000c7,2,1,59,164,141,601,473,1.00123,10842,10.8287
0250401074100030c043a000a00000c7,2,1,60,164,141,601,473,1.00123,10844,10.8307
0250401074100030c043a000a00000c7,2,1,61,164,141,601,473,1.00123,10844,10.8307
0250401074100030c043a000a00000c7,2,1,62,164,141,601,473,1.00123,10844,10.8307
0250401074100030c043a000a00000c7,2,1,63,164,141,601,473,1.00123,10844,10.8307
0250401074100030c043a000a00000c7,2,1,0,164,141,602,473,1.00123,10751,10.7378
0250401074100030c043a000a00000c7,2,1,1,164,141,602,473,1.00123,10772,10.7588
0250401074100030c043a000a00000c7,2,1,2,164,141,602,473,1.00123,10764,10.7508
0250401074100030c043a000a00000c7,2,1,3,164,141,602,473,1.00123,10772,10.7588
0250401074100030c043a000a00000c7,2,1,4,164,141,602,473,1.00123,10762,10.7488
0250401074100030c043a000a00000c7,2,1,5,164,141,602,473,1.00123,10772,10.7588
0250401074100030c043a000a00000c7,2,1,6,164,141,602,473,1.00123,10767,10.7538
0250401074100030c043a000a00000c7,2,1,7,164,141,602,473,1.00123,10769,10.7558
0250401074100030c043a000a00000c7,2,1,8,164,141,602,473,1.00123,10767,10.7538
0250401074100030c043a000a00000c7,2,1,9,164,141,602,473,1.00123,10772,10.7588
0250401074100030c043a000a00000c7,2,1,10,164,141,602,473,1.00123,10766,10.7528
0250401074100030c043a000a00000c7,2,1,11,164,141,602,473,1.00123,10772,10.7588
0250401074100030c043a000a00000c7,2,1,12,164,141,602,473,1.00123,10765,10.7518
0250401074100030c043a000a00000c7,2,1,13,164,141,602,473,1.00123,10772,10.7588
0250401074100030c043a000a00000c7,2,1,14,164,141,602,473,1.00123,10772,10.7588
0250401074100030c043a000a00000c7,2,1,15,164,141,602,473,1.00123,10772,10.7588
0250401074100030c043a000a00000c7,2,1,16,164,141,602,473,1.00123,10762,10.7488
0250401074100030c043a000a00000c7,2,1,17,164,141,602,473,1.00123,10772,10.7588
0250401074100030c043a000a00000c7,2,1,18,164,141,602,473,1.00123,10771,10.7578
0250401074100030c043a000a00000c7,2,1,19,164,141,602,473,1.00123,10772,10.7588
0250401074100030c043a000a00000c7,2,1,20,164,141,602,473,1.00123,10770,10.7568
0250401074100030c043a000a00000c7,2,1,21,164,141,602,473,1.00123,10772,10.7588
0250401074100030c043a000a00000c7,2,1,22,164,141,602,473,1.00123,10772,10.7588
0250401074100030c043a000a00000c7,2,1,23,164,141,602,473,1.00123,10772,10.7588
0250401074100030c043a000a00000c7,2,1,24,164,141,602,473,1.00123,10772,10.7588
0250401074100030c043a000a00000c7,2,1,25,164,141,602,473,1.00123,10772,10.7588
0250401074100030c043a000a00000c7,2,1,26,164,141,602,473,1.00123,10772,10.7588
0250401074100030c043a000a00000c7,2,1,27,164,141,602,473,1.00123,10772,10.7588
0250401074100030c043a000a00000c7,2,1,28,164,141,602,473,1.00123,0,0
0250401074100030c043a000a00000c7,2,1,29,164,141,602,473,1.00123,10772,10.7588
0250401074100030c043a000a00000c7,2,1,30,164,141,602,473,1.00123,10769,10.7558
0250401074100030c043a000a00000c7,2,1,31,164,141,602,473,1.00123,10772,10.7588
0250401074100030c043a000a00000c7,2,1,32,164,141,602,473,1.00123,10766,10.7528
0250401074100030c043a000a00000c7,2,1,33,164,141,602,473,1.00123,10772,10.7588
0250401074100030c043a000a00000c7,2,1,34,164,141,602,473,1.00123,10772,10.7588
0250401074100030c043a000a00000c7,2,1,35,164,141,602,473,1.00123,10772,10.7588
0250401074100030c043a000a00000c7,2,1,36,164,141,602,473,1.00123,10772,10.7588
0250401074100030c043a000a00000c7,2,1,37,164,141,602,473,1.00123,10773,10.7598
0250401074100030c043a000a00000c7,2,1,38,164,141,602,473,1.00123,10773,10.7598
0250401074100030c043a000a00000c7,2,1,39,164,141,602,473,1.00123,10775,10.7618
0250401074100030c043a000a00000c7,2,1,40,164,141,602,473,1.00123,10775,10.7618
0250401074100030c043a000a00000c7,2,1,41,164,141,602,473,1.00123,10775,10.7618
0250401074100030c043a000a00000c7,2,1,42,164,141,602,473,1.00123,10774,10.7608
0250401074100030c043a000a00000c7,2,1,43,164,141,602,473,1.00123,10775,10.7618
0250401074100030c043a000a00000c7,2,1,44,164,141,602,473,1.00123,10771,10.7578
0250401074100030c043a000a00000c7,2,1,45,164,141,602,473,1.00123,10775,10.7618
0250401074100030c043a000a00000c7,2,1,46,164,141,602,473,1.00123,10775,10.7618
0250401074100030c043a000a00000c7,2,1,47,164,141,602,473,1.00123,10775,10.7618
0250401074100030c043a000a00000c7,2,1,48,164,141,602,473,1.00123,10775,10.7618
0250401074100030c043a000a00000c7,2,1,49,164,141,602,473,1.00123,10775,10.7618
0250401074100030c043a000a00000c7,2,1,50,164,141,602,473,1.00123,10775,10.7618
0250401074100030c043a000a00000c7,2,1,51,164,141,602,473,1.00123,10775,10.7618
0250401074100030c043a000a00000c7,2,1,52,164,141,602,473,1.00123,10775,10.7618
0250401074100030c043a000a00000c7,2,1,53,164,141,602,473,1.00123,10775,10.7618
0250401074100030c043a000a00000c7,2,1,54,164,141,602,473,1.00123,10775,10.7618
0250401074100030c043a000a00000c7,2,1,55,164,141,602,473,1.00123,10774,10.7608
0250401074100030c043a000a00000c7,2,1,56,164,141,602,473,1.00123,10775,10.7618
0250401074100030c043a000a00000c7,2,1,57,164,141,602,473,1.00123,10775,10.7618
0250401074100030c043a000a00000c7,2,1,58,164,141,602,473,1.00123,10775,10.7618
0250401074100030c043a000a00000c7,2,1,59,164,141,602,473,1.00123,10774,10.7608
0250401074100030c043a000a00000c7,2,1,60,164,141,602,473,1.00123,10775,10.7618
0250401074100030c043a000a00000c7,2,1,61,164,141,602,473,1.00123,10775,10.7618
0250401074100030c043a000a00000c7,2,1,62,164,141,602,473,1.00123,10775,10.7618
0250401074100030c043a000a00000c7,2,1,63,164,141,602,473,1.00123,10774,10.7608
0250401074100030c043a000a00000c7,2,1,0,164,141,603,474,1.00123,10753,10.7398
0250401074100030c043a000a00000c7,2,1,1,164,141,603,474,1.00123,10773,10.7598
0250401074100030c043a000a00000c7,2,1,2,164,141,603,474,1.00123,10762,10.7488
0250401074100030c043a000a00000c7,2,1,3,164,141,603,474,1.00123,10773,10.7598
0250401074100030c043a000a00000c7,2,1,4,164,141,603,474,1.00123,10758,10.7448
0250401074100030c043a000a00000c7,2,1,5,164,141,603,474,1.00123,10773,10.7598
0250401074100030c043a000a00000c7,2,1,6,164,141,603,474,1.00123,10765,10.7518
0250401074100030c043a000a00000c7,2,1,7,164,141,603,474,1.00123,10766,10.7528
0250401074100030c043a000a00000c7,2,1,8,164,141,603,474,1.00123,10763,10.7498
0250401074100030c043a000a00000c7,2,1,9,164,141,603,474,1.00123,10773,10.7598
0250401074100030c043a000a00000c7,2,1,10,164,141,603,474,1.00123,10764,10.7508
0250401074100030c043a000a00000c7,2,1,11,164,141,603,474,1.00123,10773,10.7598
0250401074100030c043a000a00000c7,2,1,12,164,141,603,474,1.00123,10763,10.7498
0250401074100030c043a000a00000c7,2,1,13,164,141,603,474,1.00123,10773,10.7598
0250401074100030c043a000a00000c7,2,1,14,164,141,603,474,1.00123,10773,10.7598
0250401074100030c043a000a00000c7,2,1,15,164,141,603,474,1.00123,10773,10.7598
0250401074100030c043a000a00000c7,2,1,16,164,141,603,474,1.00123,10761,10.7478
0250401074100030c043a000a00000c7,2,1,17,164,141,603,474,1.00123,10773,10.7598
0250401074100030c043a000a00000c7,2,1,18,164,141,603,474,1.00123,10772,10.7588
0250401074100030c043a000a00000c7,2,1,19,164,141,603,474,1.00123,10773,10.7598
0250401074100030c043a000a00000c7,2,1,20,164,141,603,474,1.00123,10769,10.7558
0250401074100030c043a000a00000c7,2,1,21,164,141,603,474,1.00123,10773,10.7598
0250401074100030c043a000a00000c7,2,1,22,164,141,603,474,1.00123,10773,10.7598
0250401074100030c043a000a00000c7,2,1,23,164,141,603,474,1.00123,10773,10.7598
0250401074100030c043a000a00000c7,2,1,24,164,141,603,474,1.00123,10773,10.7598
0250401074100030c043a000a00000c7,2,1,25,164,141,603,474,1.00123,10773,10.7598
0250401074100030c043a000a00000c7,2,1,26,164,141,603,474,1.00123,10773,10.7598
0250401074100030c043a000a00000c7,2,1,27,164,141,603,474,1.00123,10773,10.7598
0250401074100030c043a000a00000c7,2,1,28,164,141,603,474,1.00123,0,0
0250401074100030c043a000a00000c7,2,1,29,164,141,603,474,1.00123,10773,10.7598
0250401074100030c043a000a00000c7,2,1,30,164,141,603,474,1.00123,10767,10.7538
0250401074100030c043a000a00000c7,2,1,31,164,141,603,474,1.00123,10773,10.7598
0250401074100030c043a000a00000c7,2,1,32,164,141,603,474,1.00123,10762,10.7488
0250401074100030c043a000a00000c7,2,1,33,164,141,603,474,1.00123,10773,10.7598
0250401074100030c043a000a00000c7,2,1,34,164,141,603,474,1.00123,10772,10.7588
0250401074100030c043a000a00000c7,2,1,35,164,141,603,474,1.00123,10773,10.7598
0250401074100030c043a000a00000c7,2,1,36,164,141,603,474,1.00123,10772,10.7588
0250401074100030c043a000a00000c7,2,1,37,164,141,603,474,1.00123,10775,10.7618
0250401074100030c043a000a00000c7,2,1,38,164,141,603,474,1.00123,10774,10.7608
0250401074100030c043a000a00000c7,2,1,39,164,141,603,474,1.00123,10776,10.7628
0250401074100030c043a000a00000c7,2,1,40,164,141,603,474,1.00123,10776,10.7628
0250401074100030c043a000a00000c7,2,1,41,164,141,603,474,1.00123,10776,10.7628
0250401074100030c043a000a00000c7,2,1,42,164,141,603,474,1.00123,10776,10.7628
0250401074100030c043a000a00000c7,2,1,43,164,141,603,474,1.00123,10776,10.7628
0250401074100030c043a000a00000c7,2,1,44,164,141,603,474,1.00123,10768,10.7548
0250401074100030c043a000a00000c7,2,1,45,164,141,603,474,1.00123,10775,10.7618
0250401074100030c043a000a00000c7,2,1,46,164,141,603,474,1.00123,10775,10.7618
0250401074100030c043a000a00000c7,2,1,47,164,141,603,474,1.00123,10775,10.7618
0250401074100030c043a000a00000c7,2,1,48,164,141,603,474,1.00123,10775,10.7618
0250401074100030c043a000a00000c7,2,1,49,164,141,603,474,1.00123,10775,10.7618
0250401074100030c043a000a00000c7,2,1,50,164,141,603,474,1.00123,10775,10.7618
0250401074100030c043a000a00000c7,2,1,51,164,141,603,474,1.00123,10775,10.7618
0250401074100030c043a000a00000c7,2,1,52,164,141,603,474,1.00123,10775,10.7618
0250401074100030c043a000a00000c7,2,1,53,164,141,603,474,1.00123,10775,10.7618
0250401074100030c043a000a00000c7,2,1,54,164,141,603,474,1.00123,10775,10.7618
0250401074100030c043a000a00000c7,2,1,55,164,141,603,474,1.00123,10772,10.7588
0250401074100030c043a000a00000c7,2,1,56,164,141,603,474,1.00123,10775,10.7618
0250401074100030c043a000a00000c7,2,1,57,164,141,603,474,1.00123,10775,10.7618
0250401074100030c043a000a00000c7,2,1,58,164,141,603,474,1.00123,10775,10.7618
0250401074100030c043a000a00000c7,2,1,59,164,141,603,474,1.00123,10774,10.7608
0250401074100030c043a000a00000c7,2,1,60,164,141,603,474,1.00123,10775,10.7618
0250401074100030c043a000a00000c7,2,1,61,164,141,603,474,1.00123,10775,10.7618
0250401074100030c043a000a00000c7,2,1,62,164,141,603,474,1.00123,10775,10.7618
0250401074100030c043a000a00000c7,2,1,63,164,141,603,474,1.00123,10775,10.7618
0250401074100030c043a000a00000c7,2,1,0,164,141,604,475,1.00123,10753,10.7398
0250401074100030c043a000a00000c7,2,1,1,164,141,604,475,1.00123,10772,10.7588
0250401074100030c043a000a00000c7,2,1,2,164,141,604,475,1.00123,10766,10.7528
0250401074100030c043a000a00000c7,2,1,3,164,141,604,475,1.00123,10772,10.7588
0250401074100030c043a000a00000c7,2,1,4,164,141,604,475,1.00123,10762,10.7488
0250401074100030c043a000a00000c7,2,1,5,164,141,604,475,1.00123,10772,10.7588
0250401074100030c043a000a00000c7,2,1,6,164,141,604,475,1.00123,10769,10.7558
0250401074100030c043a000a00000c7,2,1,7,164,141,604,475,1.00123,10771,10.7578
0250401074100030c043a000a00000c7,2,1,8,164,141,604,475,1.00123,10769,10.7558
0250401074100030c043a000a00000c7,2,1,9,164,141,604,475,1.00123,10772,10.7588
0250401074100030c043a000a00000c7,2,1,10,164,141,604,475,1.00123,10766,10.7528
0250401074100030c043a000a00000c7,2,1,11,164,141,604,475,1.00123,10772,10.7588
0250401074100030c043a000a00000c7,2,1,12,164,141,604,475,1.00123,10767,10.7538
0250401074100030c043a000a00000c7,2,1,13,164,141,604,475,1.00123,10772,10.7588
0250401074100030c043a000a00000c7,2,1,14,164,141,604,475,1.00123,10772,10.7588
0250401074100030c043a000a00000c7,2,1,15,164,141,604,475,1.00123,10772,10.7588
0250401074100030c043a000a00000c7,2,1,16,164,141,604,475,1.00123,10765,10.7518
0250401074100030c043a000a00000c7,2,1,17,164,141,604,475,1.00123,10772,10.7588
0250401074100030c043a000a00000c7,2,1,18,164,141,604,475,1.00123,10771,10.7578
0250401074100030c043a000a00000c7,2,1,19,164,141,604,475,1.00123,10772,10.7588
0250401074100030c043a000a00000c7,2,1,20,164,141,604,475,1.00123,10771,10.7578
0250401074100030c043a000a00000c7,2,1,21,164,141,604,475,1.00123,10772,10.7588
0250401074100030c043a000a00000c7,2,1,22,164,141,604,475,1.00123,10772,10.7588
0250401074100030c043a000a00000c7,2,1,23,164,141,604,475,1.00123,10772,10.7588
0250401074100030c043a000a00000c7,2,1,24,164,141,604,475,1.00123,10772,10.7588
0250401074100030c043a000a00000c7,2,1,25,164,141,604,475,1.00123,10772,10.7588
0250401074100030c043a000a00000c7,2,1,26,164,141,604,475,1.00123,10772,10.7588
0250401074100030c043a000a00000c7,2,1,27,164,141,604,475,1.00123,10772,10.7588
0250401074100030c043a000a00000c7,2,1,28,164,141,604,475,1.00123,0,0
0250401074100030c043a000a00000c7,2,1,29,164,141,604,475,1.00123,10772,10.7588
0250401074100030c043a000a00000c7,2,1,30,164,141,604,475,1.00123,10771,10.7578
0250401074100030c043a000a00000c7,2,1,31,164,141,604,475,1.00123,10772,10.7588
0250401074100030c043a000a00000c7,2,1,32,164,141,604,475,1.00123,10767,10.7538
0250401074100030c043a000a00000c7,2,1,33,164,141,604,475,1.00123,10772,10.7588
0250401074100030c043a000a00000c7,2,1,34,164,141,604,475,1.00123,10772,10.7588
0250401074100030c043a000a00000c7,2,1,35,164,141,604,475,1.00123,10772,10.7588
0250401074100030c043a000a00000c7,2,1,36,164,141,604,475,1.00123,10771,10.7578
0250401074100030c043a000a00000c7,2,1,37,164,141,604,475,1.00123,10772,10.7588
0250401074100030c043a000a00000c7,2,1,38,164,141,604,475,1.00123,10774,10.7608
0250401074100030c043a000a00000c7,2,1,39,164,141,604,475,1.00123,10775,10.7618
0250401074100030c043a000a00000c7,2,1,40,164,141,604,475,1.00123,10775,10.7618
0250401074100030c043a000a00000c7,2,1,41,164,141,604,475,1.00123,10775,10.7618
0250401074100030c043a000a00000c7,2,1,42,164,141,604,475,1.00123,10774,10.7608
0250401074100030c043a000a00000c7,2,1,43,164,141,604,475,1.00123,10774,10.7608
0250401074100030c043a000a00000c7,2,1,44,164,141,604,475,1.00123,10772,10.7588
0250401074100030c043a000a00000c7,2,1,45,164,141,604,475,1.00123,10774,10.7608
0250401074100030c043a000a00000c7,2,1,46,164,141,604,475,1.00123,10774,10.7608
0250401074100030c043a000a00000c7,2,1,47,164,141,604,475,1.00123,10774,10.7608
0250401074100030c043a000a00000c7,2,1,48,164,141,604,475,1.00123,10774,10.7608
0250401074100030c043a000a00000c7,2,1,49,164,141,604,475,1.00123,10774,10.7608
0250401074100030c043a000a00000c7,2,1,50,164,141,604,475,1.00123,10774,10.7608
0250401074100030c043a000a00000c7,2,1,51,164,141,604,475,1.00123,10774,10.7608
0250401074100030c043a000a00000c7,2,1,52,164,141,604,475,1.00123,10774,10.7608
0250401074100030c043a000a00000c7,2,1,53,164,141,604,475,1.00123,10774,10.7608
0250401074100030c043a000a00000c7,2,1,54,164,141,604,475,1.00123,10774,10.7608
0250401074100030c043a000a00000c7,2,1,55,164,141,604,475,1.00123,10773,10.7598
0250401074100030c043a000a00000c7,2,1,56,164,141,604,475,1.00123,10774,10.7608
0250401074100030c043a000a00000c7,2,1,57,164,141,604,475,1.00123,10774,10.7608
0250401074100030c043a000a00000c7,2,1,58,164,141,604,475,1.00123,10774,10.7608
0250401074100030c043a000a00000c7,2,1,59,164,141,604,475,1.00123,10773,10.7598
0250401074100030c043a000a00000c7,2,1,60,164,141,604,475,1.00123,10773,10.7598
0250401074100030c043a000a00000c7,2,1,61,164,141,604,475,1.00123,10774,10.7608
0250401074100030c043a000a00000c7,2,1,62,164,141,604,475,1.00123,10774,10.7608
0250401074100030c043a000a00000c7,2,1,63,164,141,604,475,1.00123,10774,10.7608
0250401074100030c043a000a00000c7,2,1,0,164,141,605,476,1.00123,10766,10.7528
0250401074100030c043a000a00000c7,2,1,1,164,141,605,476,1.00123,10798,10.7848
0250401074100030c043a000a00000c7,2,1,2,164,141,605,476,1.00123,10784,10.7708
0250401074100030c043a000a00000c7,2,1,3,164,141,605,476,1.00123,10798,10.7848
0250401074100030c043a000a00000c7,2,1,4,164,141,605,476,1.00123,10774,10.7608
0250401074100030c043a000a00000c7,2,1,5,164,141,605,476,1.00123,10797,10.7838
0250401074100030c043a000a00000c7,2,1,6,164,141,605,476,1.00123,10787,10.7738
0250401074100030c043a000a00000c7,2,1,7,164,141,605,476,1.00123,10792,10.7788
0250401074100030c043a000a00000c7,2,1,8,164,141,605,476,1.00123,10787,10.7738
0250401074100030c043a000a00000c7,2,1,9,164,141,605,476,1.00123,10798,10.7848
0250401074100030c043a000a00000c7,2,1,10,164,141,605,476,1.00123,10786,10.7728
0250401074100030c043a000a00000c7,2,1,11,164,141,605,476,1.00123,10798,10.7848
0250401074100030c043a000a00000c7,2,1,12,164,141,605,476,1.00123,10783,10.7698
0250401074100030c043a000a00000c7,2,1,13,164,141,605,476,1.00123,10799,10.7858
0250401074100030c043a000a00000c7,2,1,14,164,141,605,476,1.00123,10797,10.7838
0250401074100030c043a000a00000c7,2,1,15,164,141,605,476,1.00123,10798,10.7848
0250401074100030c043a000a00000c7,2,1,16,164,141,605,476,1.00123,10779,10.7658
0250401074100030c043a000a00000c7,2,1,17,164,141,605,476,1.00123,10798,10.7848
0250401074100030c043a000a00000c7,2,1,18,164,141,605,476,1.00123,10796,10.7828
0250401074100030c043a000a00000c7,2,1,19,164,141,605,476,1.00123,10798,10.7848
0250401074100030c043a000a00000c7,2,1,20,164,141,605,476,1.00123,10795,10.7818
0250401074100030c043a000a00000c7,2,1,21,164,141,605,476,1.00123,10799,10.7858
0250401074100030c043a000a00000c7,2,1,22,164,141,605,476,1.00123,10798,10.7848
0250401074100030c043a000a00000c7,2,1,23,164,141,605,476,1.00123,10799,10.7858
0250401074100030c043a000a00000c7,2,1,24,164,141,605,476,1.00123,10798,10.7848
0250401074100030c043a000a00000c7,2,1,25,164,141,605,476,1.00123,10799,10.7858
0250401074100030c043a000a00000c7,2,1,26,164,141,605,476,1.00123,10798,10.7848
0250401074100030c043a000a00000c7,2,1,27,164,141,605,476,1.00123,10798,10.7848
0250401074100030c043a000a00000c7,2,1,28,164,141,605,476,1.00123,0,0
0250401074100030c043a000a00000c7,2,1,29,164,141,605,476,1.00123,10799,10.7858
0250401074100030c043a000a00000c7,2,1,30,164,141,605,476,1.00123,10791,10.7778
0250401074100030c043a000a00000c7,2,1,31,164,141,605,476,1.00123,10798,10.7848
0250401074100030c043a000a00000c7,2,1,32,164,141,605,476,1.00123,10784,10.7708
0250401074100030c043a000a00000c7,2,1,33,164,141,605,476,1.00123,10799,10.7858
0250401074100030c043a000a00000c7,2,1,34,164,141,605,476,1.00123,10796,10.7828
0250401074100030c043a000a00000c7,2,1,35,164,141,605,476,1.00123,10797,10.7838
0250401074100030c043a000a00000c7,2,1,36,164,141,605,476,1.00123,10794,10.7808
0250401074100030c043a000a00000c7,2,1,37,164,141,605,476,1.00123,10798,10.7848
0250401074100030c043a000a00000c7,2,1,38,164,141,605,476,1.00123,10798,10.7848
0250401074100030c043a000a00000c7,2,1,39,164,141,605,476,1.00123,10799,10.7858
0250401074100030c043a000a00000c7,2,1,40,164,141,605,476,1.00123,10798,10.7848
0250401074100030c043a000a00000c7,2,1,41,164,141,605,476,1.00123,10800,10.7868
0250401074100030c043a000a00000c7,2,1,42,164,141,605,476,1.00123,10796,10.7828
0250401074100030c043a000a00000c7,2,1,43,164,141,605,476,1.00123,10799,10.7858
0250401074100030c043a000a00000c7,2,1,44,164,141,605,476,1.00123,10791,10.7778
0250401074100030c043a000a00000c7,2,1,45,164,141,605,476,1.00123,10800,10.7868
0250401074100030c043a000a00000c7,2,1,46,164,141,605,476,1.00123,10800,10.7868
0250401074100030c043a000a00000c7,2,1,47,164,141,605,476,1.00123,10800,10.7868
0250401074100030c043a000a00000c7,2,1,48,164,141,605,476,1.00123,10797,10.7838
0250401074100030c043a000a00000c7,2,1,49,164,141,605,476,1.00123,10800,10.7868
0250401074100030c043a000a00000c7,2,1,50,164,141,605,476,1.00123,10798,10.7848
0250401074100030c043a000a00000c7,2,1,51,164,141,605,476,1.00123,10799,10.7858
0250401074100030c043a000a00000c7,2,1,52,164,141,605,476,1.00123,10799,10.7858
0250401074100030c043a000a00000c7,2,1,53,164,141,605,476,1.00123,10798,10.7848
0250401074100030c043a000a00000c7,2,1,54,164,141,605,476,1.00123,10799,10.7858
0250401074100030c043a000a00000c7,2,1,55,164,141,605,476,1.00123,10793,10.7798
0250401074100030c043a000a00000c7,2,1,56,164,141,605,476,1.00123,10799,10.7858
0250401074100030c043a000a00000c7,2,1,57,164,141,605,476,1.00123,10799,10.7858
0250401074100030c043a000a00000c7,2,1,58,164,141,605,476,1.00123,10799,10.7858
0250401074100030c043a000a00000c7,2,1,59,164,141,605,476,1.00123,10796,10.7828
0250401074100030c043a000a00000c7,2,1,60,164,141,605,476,1.00123,10797,10.7838
0250401074100030c043a000a00000c7,2,1,61,164,141,605,476,1.00123,10799,10.7858
0250401074100030c043a000a00000c7,2,1,62,164,141,605,476,1.00123,10799,10.7858
0250401074100030c043a000a00000c7,2,1,63,164,141,605,476,1.00123,10800,10.7868
0250401074100030c043a000a00000c7,2,1,0,164,141,606,476,1.00123,10797,10.7838
0250401074100030c043a000a00000c7,2,1,1,164,141,606,476,1.00123,10820,10.8067
0250401074100030c043a000a00000c7,2,1,2,164,141,606,476,1.00123,10805,10.7918
0250401074100030c043a000a00000c7,2,1,3,164,141,606,476,1.00123,10821,10.8077
0250401074100030c043a000a00000c7,2,1,4,164,141,606,476,1.00123,10803,10.7898
0250401074100030c043a000a00000c7,2,1,5,164,141,606,476,1.00123,10820,10.8067
0250401074100030c043a000a00000c7,2,1,6,164,141,606,476,1.00123,10810,10.7968
0250401074100030c043a000a00000c7,2,1,7,164,141,606,476,1.00123,10813,10.7998
0250401074100030c043a000a00000c7,2,1,8,164,141,606,476,1.00123,10808,10.7948
0250401074100030c043a000a00000c7,2,1,9,164,141,606,476,1.00123,10820,10.8067
0250401074100030c043a000a00000c7,2,1,10,164,141,606,476,1.00123,10811,10.7978
0250401074100030c043a000a00000c7,2,1,11,164,141,606,476,1.00123,10821,10.8077
0250401074100030c043a000a00000c7,2,1,12,164,141,606,476,1.00123,10806,10.7928
0250401074100030c043a000a00000c7,2,1,13,164,141,606,476,1.00123,10823,10.8097
0250401074100030c043a000a00000c7,2,1,14,164,141,606,476,1.00123,10821,10.8077
0250401074100030c043a000a00000c7,2,1,15,164,141,606,476,1.00123,10821,10.8077
0250401074100030c043a000a00000c7,2,1,16,164,141,606,476,1.00123,10807,10.7938
0250401074100030c043a000a00000c7,2,1,17,164,141,606,476,1.00123,10822,10.8087
0250401074100030c043a000a00000c7,2,1,18,164,141,606,476,1.00123,10821,10.8077
0250401074100030c043a000a00000c7,2,1,19,164,141,606,476,1.00123,10822,10.8087
0250401074100030c043a000a00000c7,2,1,20,164,141,606,476,1.00123,10817,10.8038
0250401074100030c043a000a00000c7,2,1,21,164,141,606,476,1.00123,10823,10.8097
0250401074100030c043a000a00000c7,2,1,22,164,141,606,476,1.00123,10821,10.8077
0250401074100030c043a000a00000c7,2,1,23,164,141,606,476,1.00123,10823,10.8097
0250401074100030c043a000a00000c7,2,1,24,164,141,606,476,1.00123,10821,10.8077
0250401074100030c043a000a00000c7,2,1,25,164,141,606,476,1.00123,10823,10.8097
0250401074100030c043a000a00000c7,2,1,26,164,141,606,476,1.00123,10821,10.8077
0250401074100030c043a000a00000c7,2,1,27,164,141,606,476,1.00123,10822,10.8087
0250401074100030c043a000a00000c7,2,1,28,164,141,606,476,1.00123,0,0
0250401074100030c043a000a00000c7,2,1,29,164,141,606,476,1.00123,10823,10.8097
0250401074100030c043a000a00000c7,2,1,30,164,141,606,476,1.00123,10815,10.8018
0250401074100030c043a000a00000c7,2,1,31,164,141,606,476,1.00123,10821,10.8077
0250401074100030c043a000a00000c7,2,1,32,164,141,606,476,1.00123,10809,10.7958
0250401074100030c043a000a00000c7,2,1,33,164,141,606,476,1.00123,10823,10.8097
0250401074100030c043a000a00000c7,2,1,34,164,141,606,476,1.00123,10821,10.8077
0250401074100030c043a000a00000c7,2,1,35,164,141,606,476,1.00123,10822,10.8087
0250401074100030c043a000a00000c7,2,1,36,164,141,606,476,1.00123,10820,10.8067
0250401074100030c043a000a00000c7,2,1,37,164,141,606,476,1.00123,10823,10.8097
0250401074100030c043a000a00000c7,2,1,38,164,141,606,476,1.00123,10821,10.8077
0250401074100030c043a000a00000c7,2,1,39,164,141,606,476,1.00123,10823,10.8097
0250401074100030c043a000a00000c7,2,1,40,164,141,606,476,1.00123,10822,10.8087
0250401074100030c043a000a00000c7,2,1,41,164,141,606,476,1.00123,10824,10.8107
0250401074100030c043a000a00000c7,2,1,42,164,141,606,476,1.00123,10821,10.8077
0250401074100030c043a000a00000c7,2,1,43,164,141,606,476,1.00123,10823,10.8097
0250401074100030c043a000a00000c7,2,1,44,164,141,606,476,1.00123,10813,10.7998
0250401074100030c043a000a00000c7,2,1,45,164,141,606,476,1.00123,10823,10.8097
0250401074100030c043a000a00000c7,2,1,46,164,141,606,476,1.00123,10824,10.8107
0250401074100030c043a000a00000c7,2,1,47,164,141,606,476,1.00123,10823,10.8097
0250401074100030c043a000a00000c7,2,1,48,164,141,606,476,1.00123,10820,10.8067
0250401074100030c043a000a00000c7,2,1,49,164,141,606,476,1.00123,10823,10.8097
0250401074100030c043a000a00000c7,2,1,50,164,141,606,476,1.00123,10820,10.8067
0250401074100030c043a000a00000c7,2,1,51,164,141,606,476,1.00123,10822,10.8087
0250401074100030c043a000a00000c7,2,1,52,164,141,606,476,1.00123,10821,10.8077
0250401074100030c043a000a00000c7,2,1,53,164,141,606,476,1.00123,10822,10.8087
0250401074100030c043a000a00000c7,2,1,54,164,141,606,476,1.00123,10820,10.8067
0250401074100030c043a000a00000c7,2,1,55,164,141,606,476,1.00123,10817,10.8038
0250401074100030c043a000a00000c7,2,1,56,164,141,606,476,1.00123,10821,10.8077
0250401074100030c043a000a00000c7,2,1,57,164,141,606,476,1.00123,10820,10.8067
0250401074100030c043a000a00000c7,2,1,58,164,141,606,476,1.00123,10821,10.8077
0250401074100030c043a000a00000c7,2,1,59,164,141,606,476,1.00123,10820,10.8067
0250401074100030c043a000a00000c7,2,1,60,164,141,606,476,1.00123,10820,10.8067
0250401074100030c043a000a00000c7,2,1,61,164,141,606,476,1.00123,10822,10.8087
0250401074100030c043a000a00000c7,2,1,62,164,141,606,476,1.00123,10822,10.8087
0250401074100030c043a000a00000c7,2,1,63,164,141,606,476,1.00123,10823,10.8097
0250401074100030c043a000a00000c7,2,1,0,164,141,607,477,1.00123,10747,10.7338
0250401074100030c043a000a00000c7,2,1,1,164,141,607,477,1.00123,10773,10.7598
0250401074100030c043a000a00000c7,2,1,2,164,141,607,477,1.00123,10766,10.7528
0250401074100030c043a000a00000c7,2,1,3,164,141,607,477,1.00123,10773,10.7598
0250401074100030c043a000a00000c7,2,1,4,164,141,607,477,1.00123,10760,10.7468
0250401074100030c043a000a00000c7,2,1,5,164,141,607,477,1.00123,10772,10.7588
0250401074100030c043a000a00000c7,2,1,6,164,141,607,477,1.00123,10767,10.7538
0250401074100030c043a000a00000c7,2,1,7,164,141,607,477,1.00123,10770,10.7568
0250401074100030c043a000a00000c7,2,1,8,164,141,607,477,1.00123,10767,10.7538
0250401074100030c043a000a00000c7,2,1,9,164,141,607,477,1.00123,10773,10.7598
0250401074100030c043a000a00000c7,2,1,10,164,141,607,477,1.00123,10767,10.7538
0250401074100030c043a000a00000c7,2,1,11,164,141,607,477,1.00123,10773,10.7598
0250401074100030c043a000a00000c7,2,1,12,164,141,607,477,1.00123,10765,10.7518
0250401074100030c043a000a00000c7,2,1,13,164,141,607,477,1.00123,10773,10.7598
0250401074100030c043a000a00000c7,2,1,14,164,141,607,477,1.00123,10773,10.7598
0250401074100030c043a000a00000c7,2,1,15,164,141,607,477,1.00123,10772,10.7588
0250401074100030c043a000a00000c7,2,1,16,164,141,607,477,1.00123,10763,10.7498
0250401074100030c043a000a00000c7,2,1,17,164,141,607,477,1.00123,10773,10.7598
0250401074100030c043a000a00000c7,2,1,18,164,141,607,477,1.00123,10772,10.7588
0250401074100030c043a000a00000c7,2,1,19,164,141,607,477,1.00123,10773,10.7598
0250401074100030c043a000a00000c7,2,1,20,164,141,607,477,1.00123,10771,10.7578
0250401074100030c043a000a00000c7,2,1,21,164,141,607,477,1.00123,10773,10.7598
0250401074100030c043a000a00000c7,2,1,22,164,141,607,477,1.00123,10771,10.7578
0250401074100030c043a000a00000c7,2,1,23,164,141,607,477,1.00123,10772,10.7588
0250401074100030c043a000a00000c7,2,1,24,164,141,607,477,1.00123,10772,10.7588
0250401074100030c043a000a00000c7,2,1,25,164,141,607,477,1.00123,10772,10.7588
0250401074100030c043a000a00000c7,2,1,26,164,141,607,477,1.00123,10772,10.7588
0250401074100030c043a000a00000c7,2,1,27,164,141,607,477,1.00123,10772,10.7588
0250401074100030c043a000a00000c7,2,1,28,164,141,607,477,1.00123,0,0
0250401074100030c043a000a00000c7,2,1,29,164,141,607,477,1.00123,10772,10.7588
0250401074100030c043a000a00000c7,2,1,30,164,141,607,477,1.00123,10769,10.7558
0250401074100030c043a000a00000c7,2,1,31,164,141,607,477,1.00123,10772,10.7588
0250401074100030c043a000a00000c7,2,1,32,164,141,607,477,1.00123,10766,10.7528
0250401074100030c043a000a00000c7,2,1,33,164,141,607,477,1.00123,10772,10.7588
0250401074100030c043a000a00000c7,2,1,34,164,141,607,477,1.00123,10771,10.7578
0250401074100030c043a000a00000c7,2,1,35,164,141,607,477,1.00123,10772,10.7588
0250401074100030c043a000a00000c7,2,1,36,164,141,607,477,1.00123,10771,10.7578
0250401074100030c043a000a00000c7,2,1,37,164,141,607,477,1.00123,10773,10.7598
0250401074100030c043a000a00000c7,2,1,38,164,141,607,477,1.00123,10772,10.7588
0250401074100030c043a000a00000c7,2,1,39,164,141,607,477,1.00123,10775,10.7618
0250401074100030c043a000a00000c7,2,1,40,164,141,607,477,1.00123,10774,10.7608
0250401074100030c043a000a00000c7,2,1,41,164,141,607,477,1.00123,10775,10.7618
0250401074100030c043a000a00000c7,2,1,42,164,141,607,477,1.00123,10773,10.7598
0250401074100030c043a000a00000c7,2,1,43,164,141,607,477,1.00123,10775,10.7618
0250401074100030c043a000a00000c7,2,1,44,164,141,607,477,1.00123,10770,10.7568
0250401074100030c043a000a00000c7,2,1,45,164,141,607,477,1.00123,10775,10.7618
0250401074100030c043a000a00000c7,2,1,46,164,141,607,477,1.00123,10775,10.7618
0250401074100030c043a000a00000c7,2,1,47,164,141,607,477,1.00123,10775,10.7618
0250401074100030c043a000a00000c7,2,1,48,164,141,607,477,1.00123,10774,10.7608
0250401074100030c043a000a00000c7,2,1,49,164,141,607,477,1.00123,10775,10.7618
0250401074100030c043a000a00000c7,2,1,50,164,141,607,477,1.00123,10775,10.7618
0250401074100030c043a000a00000c7,2,1,51,164,141,607,477,1.00123,10775,10.7618
0250401074100030c043a000a00000c7,2,1,52,164,141,607,477,1.00123,10775,10.7618
0250401074100030c043a000a00000c7,2,1,53,164,141,607,477,1.00123,10775,10.7618
0250401074100030c043a000a00000c7,2,1,54,164,141,607,477,1.00123,10774,10.7608
0250401074100030c043a000a00000c7,2,1,55,164,141,607,477,1.00123,10773,10.7598
0250401074100030c043a000a00000c7,2,1,56,164,141,607,477,1.00123,10775,10.7618
0250401074100030c043a000a00000c7,2,1,57,164,141,607,477,1.00123,10775,10.7618
0250401074100030c043a000a00000c7,2,1,58,164,141,607,477,1.00123,10775,10.7618
0250401074100030c043a000a00000c7,2,1,59,164,141,607,477,1.00123,10773,10.7598
0250401074100030c043a000a00000c7,2,1,60,164,141,607,477,1.00123,10774,10.7608
0250401074100030c043a000a00000c7,2,1,61,164,141,607,477,1.00123,10775,10.7618
0250401074100030c043a000a00000c7,2,1,62,164,141,607,477,1.00123,10775,10.7618
0250401074100030c043a000a00000c7,2,1,63,164,141,607,477,1.00123,10775,10.7618
0250401074100030c043a000a00000c7,2,1,0,164,141,608,478,1.00123,10717,10.7039
0250401074100030c043a000a00000c7,2,1,1,164,141,608,478,1.00123,10750,10.7368
0250401074100030c043a000a00000c7,2,1,2,164,141,608,478,1.00123,10733,10.7199
0250401074100030c043a000a00000c7,2,1,3,164,141,608,478,1.00123,10750,10.7368
0250401074100030c043a000a00000c7,2,1,4,164,141,608,478,1.00123,10726,10.7129
0250401074100030c043a000a00000c7,2,1,5,164,141,608,478,1.00123,10750,10.7368
0250401074100030c043a000a00000c7,2,1,6,164,141,608,478,1.00123,10740,10.7268
0250401074100030c043a000a00000c7,2,1,7,164,141,608,478,1.00123,10744,10.7308
0250401074100030c043a000a00000c7,2,1,8,164,141,608,478,1.00123,10740,10.7268
0250401074100030c043a000a00000c7,2,1,9,164,141,608,478,1.00123,10750,10.7368
0250401074100030c043a000a00000c7,2,1,10,164,141,608,478,1.00123,10739,10.7258
0250401074100030c043a000a00000c7,2,1,11,164,141,608,478,1.00123,10750,10.7368
0250401074100030c043a000a00000c7,2,1,12,164,141,608,478,1.00123,10733,10.7199
0250401074100030c043a000a00000c7,2,1,13,164,141,608,478,1.00123,10750,10.7368
0250401074100030c043a000a00000c7,2,1,14,164,141,608,478,1.00123,10750,10.7368
0250401074100030c043a000a00000c7,2,1,15,164,141,608,478,1.00123,10749,10.7358
0250401074100030c043a000a00000c7,2,1,16,164,141,608,478,1.00123,10734,10.7209
0250401074100030c043a000a00000c7,2,1,17,164,141,608,478,1.00123,10750,10.7368
0250401074100030c043a000a00000c7,2,1,18,164,141,608,478,1.00123,10748,10.7348
0250401074100030c043a000a00000c7,2,1,19,164,141,608,478,1.00123,10750,10.7368
0250401074100030c043a000a00000c7,2,1,20,164,141,608,478,1.00123,10748,10.7348
0250401074100030c043a000a00000c7,2,1,21,164,141,608,478,1.00123,10750,10.7368
0250401074100030c043a000a00000c7,2,1,22,164,141,608,478,1.00123,10750,10.7368
0250401074100030c043a000a00000c7,2,1,23,164,141,608,478,1.00123,10750,10.7368
0250401074100030c043a000a00000c7,2,1,24,164,141,608,478,1.00123,10750,10.7368
0250401074100030c043a000a00000c7,2,1,25,164,141,608,478,1.00123,10749,10.7358
0250401074100030c043a000a00000c7,2,1,26,164,141,608,478,1.00123,10749,10.7358
0250401074100030c043a000a00000c7,2,1,27,164,141,608,478,1.00123,10749,10.7358
0250401074100030c043a000a00000c7,2,1,28,164,141,608,478,1.00123,0,0
0250401074100030c043a000a00000c7,2,1,29,164,141,608,478,1.00123,10749,10.7358
0250401074100030c043a000a00000c7,2,1,30,164,141,608,478,1.00123,10747,10.7338
0250401074100030c043a000a00000c7,2,1,31,164,141,608,478,1.00123,10749,10.7358
0250401074100030c043a000a00000c7,2,1,32,164,141,608,478,1.00123,10738,10.7248
0250401074100030c043a000a00000c7,2,1,33,164,141,608,478,1.00123,10749,10.7358
0250401074100030c043a000a00000c7,2,1,34,164,141,608,478,1.00123,10748,10.7348
0250401074100030c043a000a00000c7,2,1,35,164,141,608,478,1.00123,10749,10.7358
0250401074100030c043a000a00000c7,2,1,36,164,141,608,478,1.00123,10746,10.7328
0250401074100030c043a000a00000c7,2,1,37,164,141,608,478,1.00123,10749,10.7358
0250401074100030c043a000a00000c7,2,1,38,164,141,608,478,1.00123,10749,10.7358
0250401074100030c043a000a00000c7,2,1,39,164,141,608,478,1.00123,10753,10.7398
0250401074100030c043a000a00000c7,2,1,40,164,141,608,478,1.00123,10753,10.7398
0250401074100030c043a000a00000c7,2,1,41,164,141,608,478,1.00123,10753,10.7398
0250401074100030c043a000a00000c7,2,1,42,164,141,608,478,1.00123,10750,10.7368
0250401074100030c043a000a00000c7,2,1,43,164,141,608,478,1.00123,10753,10.7398
0250401074100030c043a000a00000c7,2,1,44,164,141,608,478,1.00123,10747,10.7338
0250401074100030c043a000a00000c7,2,1,45,164,141,608,478,1.00123,10753,10.7398
0250401074100030c043a000a00000c7,2,1,46,164,141,608,478,1.00123,10753,10.7398
0250401074100030c043a000a00000c7,2,1,47,164,141,608,478,1.00123,10753,10.7398
0250401074100030c043a000a00000c7,2,1,48,164,141,608,478,1.00123,10753,10.7398
0250401074100030c043a000a00000c7,2,1,49,164,141,608,478,1.00123,10753,10.7398
0250401074100030c043a000a00000c7,2,1,50,164,141,608,478,1.00123,10753,10.7398
0250401074100030c043a000a00000c7,2,1,51,164,141,608,478,1.00123,10753,10.7398
0250401074100030c043a000a00000c7,2,1,52,164,141,608,478,1.00123,10753,10.7398
0250401074100030c043a000a00000c7,2,1,53,164,141,608,478,1.00123,10753,10.7398
0250401074100030c043a000a00000c7,2,1,54,164,141,608,478,1.00123,10752,10.7388
0250401074100030c043a000a00000c7,2,1,55,164,141,608,478,1.00123,10749,10.7358
0250401074100030c043a000a00000c7,2,1,56,164,141,608,478,1.00123,10753,10.7398
0250401074100030c043a000a00000c7,2,1,57,164,141,608,478,1.00123,10753,10.7398
0250401074100030c043a000a00000c7,2,1,58,164,141,608,478,1.00123,10753,10.7398
0250401074100030c043a000a00000c7,2,1,59,164,141,608,478,1.00123,10751,10.7378
0250401074100030c043a000a00000c7,2,1,60,164,141,608,478,1.00123,10753,10.7398
0250401074100030c043a000a00000c7,2,1,61,164,141,608,478,1.00123,10753,10.7398
0250401074100030c043a000a00000c7,2,1,62,164,141,608,478,1.00123,10753,10.7398
0250401074100030c043a000a00000c7,2,1,63,164,141,608,478,1.00123,10754,10.7408
0250401074100030c043a000a00000c7,2,1,0,164,141,609,479,1.00123,10805,10.7918
0250401074100030c043a000a00000c7,2,1,1,164,141,609,479,1.00123,10847,10.8337
0250401074100030c043a000a00000c7,2,1,2,164,141,609,479,1.00123,10825,10.8117
0250401074100030c043a000a00000c7,2,1,3,164,141,609,479,1.00123,10847,10.8337
0250401074100030c043a000a00000c7,2,1,4,164,141,609,479,1.00123,10816,10.8028
0250401074100030c043a000a00000c7,2,1,5,164,141,609,479,1.00123,10846,10.8327
0250401074100030c043a000a00000c7,2,1,6,164,141,609,479,1.00123,10834,10.8207
0250401074100030c043a000a00000c7,2,1,7,164,141,609,479,1.00123,10839,10.8257
0250401074100030c043a000a00000c7,2,1,8,164,141,609,479,1.00123,10834,10.8207
0250401074100030c043a000a00000c7,2,1,9,164,141,609,479,1.00123,10847,10.8337
0250401074100030c043a000a00000c7,2,1,10,164,141,609,479,1.00123,10834,10.8207
0250401074100030c043a000a00000c7,2,1,11,164,141,609,479,1.00123,10847,10.8337
0250401074100030c043a000a00000c7,2,1,12,164,141,609,479,1.00123,10828,10.8147
0250401074100030c043a000a00000c7,2,1,13,164,141,609,479,1.00123,10847,10.8337
0250401074100030c043a000a00000c7,2,1,14,164,141,609,479,1.00123,10846,10.8327
0250401074100030c043a000a00000c7,2,1,15,164,141,609,479,1.00123,10846,10.8327
0250401074100030c043a000a00000c7,2,1,16,164,141,609,479,1.00123,10828,10.8147
0250401074100030c043a000a00000c7,2,1,17,164,141,609,479,1.00123,10847,10.8337
0250401074100030c043a000a00000c7,2,1,18,164,141,609,479,1.00123,10845,10.8317
0250401074100030c043a000a00000c7,2,1,19,164,141,609,479,1.00123,10847,10.8337
0250401074100030c043a000a00000c7,2,1,20,164,141,609,479,1.00123,10841,10.8277
0250401074100030c043a000a00000c7,2,1,21,164,141,609,479,1.00123,10847,10.8337
0250401074100030c043a000a00000c7,2,1,22,164,141,609,479,1.00123,10847,10.8337
0250401074100030c043a000a00000c7,2,1,23,164,141,609,479,1.00123,10847,10.8337
0250401074100030c043a000a00000c7,2,1,24,164,141,609,479,1.00123,10846,10.8327
0250401074100030c043a000a00000c7,2,1,25,164,141,609,479,1.00123,10847,10.8337
0250401074100030c043a000a00000c7,2,1,26,164,141,609,479,1.00123,10847,10.8337
0250401074100030c043a000a00000c7,2,1,27,164,141,609,479,1.00123,10847,10.8337
0250401074100030c043a000a00000c7,2,1,28,164,141,609,479,1.00123,0,0
0250401074100030c043a000a00000c7,2,1,29,164,141,609,479,1.00123,10847,10.8337
0250401074100030c043a000a00000c7,2,1,30,164,141,609,479,1.00123,10837,10.8237
0250401074100030c043a000a00000c7,2,1,31,164,141,609,479,1.00123,10847,10.8337
0250401074100030c043a000a00000c7,2,1,32,164,141,609,479,1.00123,10831,10.8177
0250401074100030c043a000a00000c7,2,1,33,164,141,609,479,1.00123,10847,10.8337
0250401074100030c043a000a00000c7,2,1,34,164,141,609,479,1.00123,10846,10.8327
0250401074100030c043a000a00000c7,2,1,35,164,141,609,479,1.00123,10847,10.8337
0250401074100030c043a000a00000c7,2,1,36,164,141,609,479,1.00123,10844,10.8307
0250401074100030c043a000a00000c7,2,1,37,164,141,609,479,1.00123,10847,10.8337
0250401074100030c043a000a00000c7,2,1,38,164,141,609,479,1.00123,10846,10.8327
0250401074100030c043a000a00000c7,2,1,39,164,141,609,479,1.00123,10847,10.8337
0250401074100030c043a000a00000c7,2,1,40,164,141,609,479,1.00123,10846,10.8327
0250401074100030c043a000a00000c7,2,1,41,164,141,609,479,1.00123,10847,10.8337
0250401074100030c043a000a00000c7,2,1,42,164,141,609,479,1.00123,10842,10.8287
0250401074100030c043a000a00000c7,2,1,43,164,141,609,479,1.00123,10847,10.8337
0250401074100030c043a000a00000c7,2,1,44,164,141,609,479,1.00123,10836,10.8227
0250401074100030c043a000a00000c7,2,1,45,164,141,609,479,1.00123,10847,10.8337
0250401074100030c043a000a00000c7,2,1,46,164,141,609,479,1.00123,10847,10.8337
0250401074100030c043a000a00000c7,2,1,47,164,141,609,479,1.00123,10846,10.8327
0250401074100030c043a000a00000c7,2,1,48,164,141,609,479,1.00123,10845,10.8317
0250401074100030c043a000a00000c7,2,1,49,164,141,609,479,1.00123,10846,10.8327
0250401074100030c043a000a00000c7,2,1,50,164,141,609,479,1.00123,10846,10.8327
0250401074100030c043a000a00000c7,2,1,51,164,141,609,479,1.00123,10846,10.8327
0250401074100030c043a000a00000c7,2,1,52,164,141,609,479,1.00123,10846,10.8327
0250401074100030c043a000a00000c7,2,1,53,164,141,609,479,1.00123,10846,10.8327
0250401074100030c043a000a00000c7,2,1,54,164,141,609,479,1.00123,10844,10.8307
0250401074100030c043a000a00000c7,2,1,55,164,141,609,479,1.00123,10840,10.8267
0250401074100030c043a000a00000c7,2,1,56,164,141,609,479,1.00123,10846,10.8327
0250401074100030c043a000a00000c7,2,1,57,164,141,609,479,1.00123,10845,10.8317
0250401074100030c043a000a00000c7,2,1,58,164,141,609,479,1.00123,10846,10.8327
0250401074100030c043a000a00000c7,2,1,59,164,141,609,479,1.00123,10843,10.8297
0250401074100030c043a000a00000c7,2,1,60,164,141,609,479,1.00123,10843,10.8297
0250401074100030c043a000a00000c7,2,1,61,164,141,609,479,1.00123,10846,10.8327
0250401074100030c043a000a00000c7,2,1,62,164,141,609,479,1.00123,10846,10.8327
0250401074100030c043a000a00000c7,2,1,63,164,141,609,479,1.00123,10846,10.8327
0250401074100030c043a000a00000c7,2,1,0,164,141,610,479,1.0027,10736,10.7071
0250401074100030c043a000a00000c7,2,1,1,164,141,610,479,1.0027,10777,10.748
0250401074100030c043a000a00000c7,2,1,2,164,141,610,479,1.0027,10748,10.719
0250401074100030c043a000a00000c7,2,1,3,164,141,610,479,1.0027,10777,10.748
0250401074100030c043a000a00000c7,2,1,4,164,141,610,479,1.0027,10745,10.7161
0250401074100030c043a000a00000c7,2,1,5,164,141,610,479,1.0027,10771,10.742
0250401074100030c043a000a00000c7,2,1,6,164,141,610,479,1.0027,10757,10.728
0250401074100030c043a000a00000c7,2,1,7,164,141,610,479,1.0027,10761,10.732
0250401074100030c043a000a00000c7,2,1,8,164,141,610,479,1.0027,10753,10.724
0250401074100030c043a000a00000c7,2,1,9,164,141,610,479,1.0027,10774,10.745
0250401074100030c043a000a00000c7,2,1,10,164,141,610,479,1.0027,10754,10.725
0250401074100030c043a000a00000c7,2,1,11,164,141,610,479,1.0027,10776,10.747
0250401074100030c043a000a00000c7,2,1,12,164,141,610,479,1.0027,10751,10.722
0250401074100030c043a000a00000c7,2,1,13,164,141,610,479,1.0027,10780,10.751
0250401074100030c043a000a00000c7,2,1,14,164,141,610,479,1.0027,10774,10.745
0250401074100030c043a000a00000c7,2,1,15,164,141,610,479,1.0027,10774,10.745
0250401074100030c043a000a00000c7,2,1,16,164,141,610,479,1.0027,10750,10.721
0250401074100030c043a000a00000c7,2,1,17,164,141,610,479,1.0027,10780,10.751
0250401074100030c043a000a00000c7,2,1,18,164,141,610,479,1.0027,10766,10.737
0250401074100030c043a000a00000c7,2,1,19,164,141,610,479,1.0027,10780,10.751
0250401074100030c043a000a00000c7,2,1,20,164,141,610,479,1.0027,10764,10.735
0250401074100030c043a000a00000c7,2,1,21,164,141,610,479,1.0027,10780,10.751
0250401074100030c043a000a00000c7,2,1,22,164,141,610,479,1.0027,10775,10.746
0250401074100030c043a000a00000c7,2,1,23,164,141,610,479,1.0027,10779,10.75
0250401074100030c043a000a00000c7,2,1,24,164,141,610,479,1.0027,10774,10.745
0250401074100030c043a000a00000c7,2,1,25,164,141,610,479,1.0027,10779,10.75
0250401074100030c043a000a00000c7,2,1,26,164,141,610,479,1.0027,10777,10.748
0250401074100030c043a000a00000c7,2,1,27,164,141,610,479,1.0027,10779,10.75
0250401074100030c043a000a00000c7,2,1,28,164,141,610,479,1.0027,0,0
0250401074100030c043a000a00000c7,2,1,29,164,141,610,479,1.0027,10779,10.75
0250401074100030c043a000a00000c7,2,1,30,164,141,610,479,1.0027,10761,10.732
0250401074100030c043a000a00000c7,2,1,31,164,141,610,479,1.0027,10777,10.748
0250401074100030c043a000a00000c7,2,1,32,164,141,610,479,1.0027,10752,10.723
0250401074100030c043a000a00000c7,2,1,33,164,141,610,479,1.0027,10779,10.75
0250401074100030c043a000a00000c7,2,1,34,164,141,610,479,1.0027,10770,10.741
0250401074100030c043a000a00000c7,2,1,35,164,141,610,479,1.0027,10776,10.747
0250401074100030c043a000a00000c7,2,1,36,164,141,610,479,1.0027,10767,10.738
0250401074100030c043a000a00000c7,2,1,37,164,141,610,479,1.0027,10781,10.752
0250401074100030c043a000a00000c7,2,1,38,164,141,610,479,1.0027,10772,10.743
0250401074100030c043a000a00000c7,2,1,39,164,141,610,479,1.0027,10782,10.753
0250401074100030c043a000a00000c7,2,1,40,164,141,610,479,1.0027,10775,10.746
0250401074100030c043a000a00000c7,2,1,41,164,141,610,479,1.0027,10782,10.753
0250401074100030c043a000a00000c7,2,1,42,164,141,610,479,1.0027,10767,10.738
0250401074100030c043a000a00000c7,2,1,43,164,141,610,479,1.0027,10779,10.75
0250401074100030c043a000a00000c7,2,1,44,164,141,610,479,1.0027,10762,10.733
0250401074100030c043a000a00000c7,2,1,45,164,141,610,479,1.0027,10782,10.753
0250401074100030c043a000a00000c7,2,1,46,164,141,610,479,1.0027,10782,10.753
0250401074100030c043a000a00000c7,2,1,47,164,141,610,479,1.0027,10782,10.753
0250401074100030c043a000a00000c7,2,1,48,164,141,610,479,1.0027,10772,10.743
0250401074100030c043a000a00000c7,2,1,49,164,141,610,479,1.0027,10782,10.753
0250401074100030c043a000a00000c7,2,1,50,164,141,610,479,1.0027,10777,10.748
0250401074100030c043a000a00000c7,2,1,51,164,141,610,479,1.0027,10782,10.753
0250401074100030c043a000a00000c7,2,1,52,164,141,610,479,1.0027,10779,10.75
0250401074100030c043a000a00000c7,2,1,53,164,141,610,479,1.0027,10776,10.747
0250401074100030c043a000a00000c7,2,1,54,164,141,610,479,1.0027,10774,10.745
0250401074100030c043a000a00000c7,2,1,55,164,141,610,479,1.0027,10764,10.735
0250401074100030c043a000a00000c7,2,1,56,164,141,610,479,1.0027,10776,10.747
0250401074100030c043a000a00000c7,2,1,57,164,141,610,479,1.0027,10777,10.748
0250401074100030c043a000a00000c7,2,1,58,164,141,610,479,1.0027,10781,10.752
0250401074100030c043a000a00000c7,2,1,59,164,141,610,479,1.0027,10765,10.736
0250401074100030c043a000a00000c7,2,1,60,164,141,610,479,1.0027,10769,10.74
0250401074100030c043a000a00000c7,2,1,61,164,141,610,479,1.0027,10781,10.752
0250401074100030c043a000a00000c7,2,1,62,164,141,610,479,1.0027,10782,10.753
0250401074100030c043a000a00000c7,2,1,63,164,141,610,479,1.0027,10782,10.753
0250401074100030c043a000a00000c7,2,1,0,164,141,611,480,1.0027,10762,10.733
0250401074100030c043a000a00000c7,2,1,1,164,141,611,480,1.0027,10799,10.7699
0250401074100030c043a000a00000c7,2,1,2,164,141,611,480,1.0027,10777,10.748
0250401074100030c043a000a00000c7,2,1,3,164,141,611,480,1.0027,10797,10.7679
0250401074100030c043a000a00000c7,2,1,4,164,141,611,480,1.0027,10772,10.743
0250401074100030c043a000a00000c7,2,1,5,164,141,611,480,1.0027,10793,10.7639
0250401074100030c043a000a00000c7,2,1,6,164,141,611,480,1.0027,10786,10.7569
0250401074100030c043a000a00000c7,2,1,7,164,141,611,480,1.0027,10786,10.7569
0250401074100030c043a000a00000c7,2,1,8,164,141,611,480,1.0027,10787,10.7579
0250401074100030c043a000a00000c7,2,1,9,164,141,611,480,1.0027,10796,10.7669
0250401074100030c043a000a00000c7,2,1,10,164,141,611,480,1.0027,10783,10.754
0250401074100030c043a000a00000c7,2,1,11,164,141,611,480,1.0027,10798,10.7689
0250401074100030c043a000a00000c7,2,1,12,164,141,611,480,1.0027,10782,10.753
0250401074100030c043a000a00000c7,2,1,13,164,141,611,480,1.0027,10801,10.7719
0250401074100030c043a000a00000c7,2,1,14,164,141,611,480,1.0027,10794,10.7649
0250401074100030c043a000a00000c7,2,1,15,164,141,611,480,1.0027,10795,10.7659
0250401074100030c043a000a00000c7,2,1,16,164,141,611,480,1.0027,10779,10.75
0250401074100030c043a000a00000c7,2,1,17,164,141,611,480,1.0027,10801,10.7719
0250401074100030c043a000a00000c7,2,1,18,164,141,611,480,1.0027,10792,10.7629
0250401074100030c043a000a00000c7,2,1,19,164,141,611,480,1.0027,10801,10.7719
0250401074100030c043a000a00000c7,2,1,20,164,141,611,480,1.0027,10790,10.7609
0250401074100030c043a000a00000c7,2,1,21,164,141,611,480,1.0027,10801,10.7719
0250401074100030c043a000a00000c7,2,1,22,164,141,611,480,1.0027,10798,10.7689
0250401074100030c043a000a00000c7,2,1,23,164,141,611,480,1.0027,10801,10.7719
0250401074100030c043a000a00000c7,2,1,24,164,141,611,480,1.0027,10797,10.7679
0250401074100030c043a000a00000c7,2,1,25,164,141,611,480,1.0027,10801,10.7719
0250401074100030c043a000a00000c7,2,1,26,164,141,611,480,1.0027,10798,10.7689
0250401074100030c043a000a00000c7,2,1,27,164,141,611,480,1.0027,10798,10.7689
0250401074100030c043a000a00000c7,2,1,28,164,141,611,480,1.0027,0,0
0250401074100030c043a000a00000c7,2,1,29,164,141,611,480,1.0027,10801,10.7719
0250401074100030c043a000a00000c7,2,1,30,164,141,611,480,1.0027,10790,10.7609
0250401074100030c043a000a00000c7,2,1,31,164,141,611,480,1.0027,10798,10.7689
0250401074100030c043a000a00000c7,2,1,32,164,141,611,480,1.0027,10783,10.754
0250401074100030c043a000a00000c7,2,1,33,164,141,611,480,1.0027,10801,10.7719
0250401074100030c043a000a00000c7,2,1,34,164,141,611,480,1.0027,10795,10.7659
0250401074100030c043a000a00000c7,2,1,35,164,141,611,480,1.0027,10799,10.7699
0250401074100030c043a000a00000c7,2,1,36,164,141,611,480,1.0027,10794,10.7649
0250401074100030c043a000a00000c7,2,1,37,164,141,611,480,1.0027,10803,10.7739
0250401074100030c043a000a00000c7,2,1,38,164,141,611,480,1.0027,10798,10.7689
0250401074100030c043a000a00000c7,2,1,39,164,141,611,480,1.0027,10803,10.7739
0250401074100030c043a000a00000c7,2,1,40,164,141,611,480,1.0027,10798,10.7689
0250401074100030c043a000a00000c7,2,1,41,164,141,611,480,1.0027,10803,10.7739
0250401074100030c043a000a00000c7,2,1,42,164,141,611,480,1.0027,10793,10.7639
0250401074100030c043a000a00000c7,2,1,43,164,141,611,480,1.0027,10799,10.7699
0250401074100030c043a000a00000c7,2,1,44,164,141,611,480,1.0027,10788,10.7589
0250401074100030c043a000a00000c7,2,1,45,164,141,611,480,1.0027,10803,10.7739
0250401074100030c043a000a00000c7,2,1,46,164,141,611,480,1.0027,10803,10.7739
0250401074100030c043a000a00000c7,2,1,47,164,141,611,480,1.0027,10803,10.7739
0250401074100030c043a000a00000c7,2,1,48,164,141,611,480,1.0027,10797,10.7679
0250401074100030c043a000a00000c7,2,1,49,164,141,611,480,1.0027,10803,10.7739
0250401074100030c043a000a00000c7,2,1,50,164,141,611,480,1.0027,10799,10.7699
0250401074100030c043a000a00000c7,2,1,51,164,141,611,480,1.0027,10803,10.7739
0250401074100030c043a000a00000c7,2,1,52,164,141,611,480,1.0027,10801,10.7719
0250401074100030c043a000a00000c7,2,1,53,164,141,611,480,1.0027,10796,10.7669
0250401074100030c043a000a00000c7,2,1,54,164,141,611,480,1.0027,10796,10.7669
0250401074100030c043a000a00000c7,2,1,55,164,141,611,480,1.0027,10790,10.7609
0250401074100030c043a000a00000c7,2,1,56,164,141,611,480,1.0027,10801,10.7719
0250401074100030c043a000a00000c7,2,1,57,164,141,611,480,1.0027,10799,10.7699
0250401074100030c043a000a00000c7,2,1,58,164,141,611,480,1.0027,10803,10.7739
0250401074100030c043a000a00000c7,2,1,59,164,141,611,480,1.0027,10793,10.7639
0250401074100030c043a000a00000c7,2,1,60,164,141,611,480,1.0027,10797,10.7679
0250401074100030c043a000a00000c7,2,1,61,164,141,611,480,1.0027,10802,10.7729
0250401074100030c043a000a00000c7,2,1,62,164,141,611,480,1.0027,10802,10.7729
0250401074100030c043a000a00000c7,2,1,63,164,141,611,480,1.0027,10802,10.7729
0250401074100030c043a000a00000c7,2,1,0,164,141,612,481,1.0027,10735,10.7061
0250401074100030c043a000a00000c7,2,1,1,164,141,612,481,1.0027,10775,10.746
0250401074100030c043a000a00000c7,2,1,2,164,141,612,481,1.0027,10756,10.727
0250401074100030c043a000a00000c7,2,1,3,164,141,612,481,1.0027,10774,10.745
0250401074100030c043a000a00000c7,2,1,4,164,141,612,481,1.0027,10749,10.72
0250401074100030c043a000a00000c7,2,1,5,164,141,612,481,1.0027,10773,10.744
0250401074100030c043a000a00000c7,2,1,6,164,141,612,481,1.0027,10762,10.733
0250401074100030c043a000a00000c7,2,1,7,164,141,612,481,1.0027,10765,10.736
0250401074100030c043a000a00000c7,2,1,8,164,141,612,481,1.0027,10761,10.732
0250401074100030c043a000a00000c7,2,1,9,164,141,612,481,1.0027,10774,10.745
0250401074100030c043a000a00000c7,2,1,10,164,141,612,481,1.0027,10759,10.73
0250401074100030c043a000a00000c7,2,1,11,164,141,612,481,1.0027,10774,10.745
0250401074100030c043a000a00000c7,2,1,12,164,141,612,481,1.0027,10757,10.728
0250401074100030c043a000a00000c7,2,1,13,164,141,612,481,1.0027,10776,10.747
0250401074100030c043a000a00000c7,2,1,14,164,141,612,481,1.0027,10774,10.745
0250401074100030c043a000a00000c7,2,1,15,164,141,612,481,1.0027,10773,10.744
0250401074100030c043a000a00000c7,2,1,16,164,141,612,481,1.0027,10753,10.724
0250401074100030c043a000a00000c7,2,1,17,164,141,612,481,1.0027,10775,10.746
0250401074100030c043a000a00000c7,2,1,18,164,141,612,481,1.0027,10770,10.741
0250401074100030c043a000a00000c7,2,1,19,164,141,612,481,1.0027,10775,10.746
0250401074100030c043a000a00000c7,2,1,20,164,141,612,481,1.0027,10769,10.74
0250401074100030c043a000a00000c7,2,1,21,164,141,612,481,1.0027,10776,10.747
0250401074100030c043a000a00000c7,2,1,22,164,141,612,481,1.0027,10774,10.745
0250401074100030c043a000a00000c7,2,1,23,164,141,612,481,1.0027,10776,10.747
0250401074100030c043a000a00000c7,2,1,24,164,141,612,481,1.0027,10774,10.745
0250401074100030c043a000a00000c7,2,1,25,164,141,612,481,1.0027,10776,10.747
0250401074100030c043a000a00000c7,2,1,26,164,141,612,481,1.0027,10775,10.746
0250401074100030c043a000a00000c7,2,1,27,164,141,612,481,1.0027,10775,10.746
0250401074100030c043a000a00000c7,2,1,28,164,141,612,481,1.0027,0,0
0250401074100030c043a000a00000c7,2,1,29,164,141,612,481,1.0027,10776,10.747
0250401074100030c043a000a00000c7,2,1,30,164,141,612,481,1.0027,10767,10.738
0250401074100030c043a000a00000c7,2,1,31,164,141,612,481,1.0027,10774,10.745
0250401074100030c043a000a00000c7,2,1,32,164,141,612,481,1.0027,10758,10.729
0250401074100030c043a000a00000c7,2,1,33,164,141,612,481,1.0027,10776,10.747
0250401074100030c043a000a00000c7,2,1,34,164,141,612,481,1.0027,10772,10.743
0250401074100030c043a000a00000c7,2,1,35,164,141,612,481,1.0027,10775,10.746
0250401074100030c043a000a00000c7,2,1,36,164,141,612,481,1.0027,10770,10.741
0250401074100030c043a000a00000c7,2,1,37,164,141,612,481,1.0027,10777,10.748
0250401074100030c043a000a00000c7,2,1,38,164,141,612,481,1.0027,10773,10.744
0250401074100030c043a000a00000c7,2,1,39,164,141,612,481,1.0027,10778,10.749
0250401074100030c043a000a00000c7,2,1,40,164,141,612,481,1.0027,10777,10.748
0250401074100030c043a000a00000c7,2,1,41,164,141,612,481,1.0027,10778,10.749
0250401074100030c043a000a00000c7,2,1,42,164,141,612,481,1.0027,10773,10.744
0250401074100030c043a000a00000c7,2,1,43,164,141,612,481,1.0027,10777,10.748
0250401074100030c043a000a00000c7,2,1,44,164,141,612,481,1.0027,10768,10.739
0250401074100030c043a000a00000c7,2,1,45,164,141,612,481,1.0027,10777,10.748
0250401074100030c043a000a00000c7,2,1,46,164,141,612,481,1.0027,10777,10.748
0250401074100030c043a000a00000c7,2,1,47,164,141,612,481,1.0027,10778,10.749
0250401074100030c043a000a00000c7,2,1,48,164,141,612,481,1.0027,10776,10.747
0250401074100030c043a000a00000c7,2,1,49,164,141,612,481,1.0027,10778,10.749
0250401074100030c043a000a00000c7,2,1,50,164,141,612,481,1.0027,10775,10.746
0250401074100030c043a000a00000c7,2,1,51,164,141,612,481,1.0027,10777,10.748
0250401074100030c043a000a00000c7,2,1,52,164,141,612,481,1.0027,10777,10.748
0250401074100030c043a000a00000c7,2,1,53,164,141,612,481,1.0027,10775,10.746
0250401074100030c043a000a00000c7,2,1,54,164,141,612,481,1.0027,10774,10.745
0250401074100030c043a000a00000c7,2,1,55,164,141,612,481,1.0027,10768,10.739
0250401074100030c043a000a00000c7,2,1,56,164,141,612,481,1.0027,10776,10.747
0250401074100030c043a000a00000c7,2,1,57,164,141,612,481,1.0027,10776,10.747
0250401074100030c043a000a00000c7,2,1,58,164,141,612,481,1.0027,10777,10.748
0250401074100030c043a000a00000c7,2,1,59,164,141,612,481,1.0027,10772,10.743
0250401074100030c043a000a00000c7,2,1,60,164,141,612,481,1.0027,10774,10.745
0250401074100030c043a000a00000c7,2,1,61,164,141,612,481,1.0027,10777,10.748
0250401074100030c043a000a00000c7,2,1,62,164,141,612,481,1.0027,10776,10.747
0250401074100030c043a000a00000c7,2,1,63,164,141,612,481,1.0027,10781,10.752
0250401074100030c043a000a00000c7,2,1,0,164,141,613,482,1.0027,10780,10.751
0250401074100030c043a000a00000c7,2,1,1,164,141,613,482,1.0027,10826,10.7968
0250401074100030c043a000a00000c7,2,1,2,164,141,613,482,1.0027,10797,10.7679
0250401074100030c043a000a00000c7,2,1,3,164,141,613,482,1.0027,10826,10.7968
0250401074100030c043a000a00000c7,2,1,4,164,141,613,482,1.0027,10790,10.7609
0250401074100030c043a000a00000c7,2,1,5,164,141,613,482,1.0027,10821,10.7919
0250401074100030c043a000a00000c7,2,1,6,164,141,613,482,1.0027,10801,10.7719
0250401074100030c043a000a00000c7,2,1,7,164,141,613,482,1.0027,10803,10.7739
0250401074100030c043a000a00000c7,2,1,8,164,141,613,482,1.0027,10801,10.7719
0250401074100030c043a000a00000c7,2,1,9,164,141,613,482,1.0027,10824,10.7948
0250401074100030c043a000a00000c7,2,1,10,164,141,613,482,1.0027,10800,10.7709
0250401074100030c043a000a00000c7,2,1,11,164,141,613,482,1.0027,10825,10.7958
0250401074100030c043a000a00000c7,2,1,12,164,141,613,482,1.0027,10798,10.7689
0250401074100030c043a000a00000c7,2,1,13,164,141,613,482,1.0027,10828,10.7988
0250401074100030c043a000a00000c7,2,1,14,164,141,613,482,1.0027,10823,10.7938
0250401074100030c043a000a00000c7,2,1,15,164,141,613,482,1.0027,10823,10.7938
0250401074100030c043a000a00000c7,2,1,16,164,141,613,482,1.0027,10798,10.7689
0250401074100030c043a000a00000c7,2,1,17,164,141,613,482,1.0027,10827,10.7978
0250401074100030c043a000a00000c7,2,1,18,164,141,613,482,1.0027,10816,10.7869
0250401074100030c043a000a00000c7,2,1,19,164,141,613,482,1.0027,10827,10.7978
0250401074100030c043a000a00000c7,2,1,20,164,141,613,482,1.0027,10809,10.7799
0250401074100030c043a000a00000c7,2,1,21,164,141,613,482,1.0027,10828,10.7988
0250401074100030c043a000a00000c7,2,1,22,164,141,613,482,1.0027,10824,10.7948
0250401074100030c043a000a00000c7,2,1,23,164,141,613,482,1.0027,10827,10.7978
0250401074100030c043a000a00000c7,2,1,24,164,141,613,482,1.0027,10824,10.7948
0250401074100030c043a000a00000c7,2,1,25,164,141,613,482,1.0027,10827,10.7978
0250401074100030c043a000a00000c7,2,1,26,164,141,613,482,1.0027,10826,10.7968
0250401074100030c043a000a00000c7,2,1,27,164,141,613,482,1.0027,10827,10.7978
0250401074100030c043a000a00000c7,2,1,28,164,141,613,482,1.0027,0,0
0250401074100030c043a000a00000c7,2,1,29,164,141,613,482,1.0027,10827,10.7978
0250401074100030c043a000a00000c7,2,1,30,164,141,613,482,1.0027,10806,10.7769
0250401074100030c043a000a00000c7,2,1,31,164,141,613,482,1.0027,10824,10.7948
0250401074100030c043a000a00000c7,2,1,32,164,141,613,482,1.0027,10800,10.7709
0250401074100030c043a000a00000c7,2,1,33,164,141,613,482,1.0027,10828,10.7988
0250401074100030c043a000a00000c7,2,1,34,164,141,613,482,1.0027,10821,10.7919
0250401074100030c043a000a00000c7,2,1,35,164,141,613,482,1.0027,10825,10.7958
0250401074100030c043a000a00000c7,2,1,36,164,141,613,482,1.0027,10814,10.7849
0250401074100030c043a000a00000c7,2,1,37,164,141,613,482,1.0027,10828,10.7988
0250401074100030c043a000a00000c7,2,1,38,164,141,613,482,1.0027,10823,10.7938
0250401074100030c043a000a00000c7,2,1,39,164,141,613,482,1.0027,10828,10.7988
0250401074100030c043a000a00000c7,2,1,40,164,141,613,482,1.0027,10824,10.7948
0250401074100030c043a000a00000c7,2,1,41,164,141,613,482,1.0027,10828,10.7988
0250401074100030c043a000a00000c7,2,1,42,164,141,613,482,1.0027,10819,10.7899
0250401074100030c043a000a00000c7,2,1,43,164,141,613,482,1.0027,10825,10.7958
0250401074100030c043a000a00000c7,2,1,44,164,141,613,482,1.0027,10804,10.7749
0250401074100030c043a000a00000c7,2,1,45,164,141,613,482,1.0027,10828,10.7988
0250401074100030c043a000a00000c7,2,1,46,164,141,613,482,1.0027,10828,10.7988
0250401074100030c043a000a00000c7,2,1,47,164,141,613,482,1.0027,10828,10.7988
0250401074100030c043a000a00000c7,2,1,48,164,141,613,482,1.0027,10822,10.7929
0250401074100030c043a000a00000c7,2,1,49,164,141,613,482,1.0027,10828,10.7988
0250401074100030c043a000a00000c7,2,1,50,164,141,613,482,1.0027,10822,10.7929
0250401074100030c043a000a00000c7,2,1,51,164,141,613,482,1.0027,10828,10.7988
0250401074100030c043a000a00000c7,2,1,52,164,141,613,482,1.0027,10824,10.7948
0250401074100030c043a000a00000c7,2,1,53,164,141,613,482,1.0027,10822,10.7929
0250401074100030c043a000a00000c7,2,1,54,164,141,613,482,1.0027,10822,10.7929
0250401074100030c043a000a00000c7,2,1,55,164,141,613,482,1.0027,10807,10.7779
0250401074100030c043a000a00000c7,2,1,56,164,141,613,482,1.0027,10822,10.7929
0250401074100030c043a000a00000c7,2,1,57,164,141,613,482,1.0027,10821,10.7919
0250401074100030c043a000a00000c7,2,1,58,164,141,613,482,1.0027,10826,10.7968
0250401074100030c043a000a00000c7,2,1,59,164,141,613,482,1.0027,10810,10.7809
0250401074100030c043a000a00000c7,2,1,60,164,141,613,482,1.0027,10819,10.7899
0250401074100030c043a000a00000c7,2,1,61,164,141,613,482,1.0027,10827,10.7978
0250401074100030c043a000a00000c7,2,1,62,164,141,613,482,1.0027,10825,10.7958
0250401074100030c043a000a00000c7,2,1,63,164,141,613,482,1.0027,10829,10.7998
0250401074100030c043a000a00000c7,2,1,0,164,141,614,483,1.0027,10776,10.747
0250401074100030c043a000a00000c7,2,1,1,164,141,614,483,1.0027,10824,10.7948
0250401074100030c043a000a00000c7,2,1,2,164,141,614,483,1.0027,10795,10.7659
0250401074100030c043a000a00000c7,2,1,3,164,141,614,483,1.0027,10823,10.7938
0250401074100030c043a000a00000c7,2,1,4,164,141,614,483,1.0027,10792,10.7629
0250401074100030c043a000a00000c7,2,1,5,164,141,614,483,1.0027,10820,10.7909
0250401074100030c043a000a00000c7,2,1,6,164,141,614,483,1.0027,10808,10.7789
0250401074100030c043a000a00000c7,2,1,7,164,141,614,483,1.0027,10813,10.7839
0250401074100030c043a000a00000c7,2,1,8,164,141,614,483,1.0027,10806,10.7769
0250401074100030c043a000a00000c7,2,1,9,164,141,614,483,1.0027,10821,10.7919
0250401074100030c043a000a00000c7,2,1,10,164,141,614,483,1.0027,10807,10.7779
0250401074100030c043a000a00000c7,2,1,11,164,141,614,483,1.0027,10821,10.7919
0250401074100030c043a000a00000c7,2,1,12,164,141,614,483,1.0027,10797,10.7679
0250401074100030c043a000a00000c7,2,1,13,164,141,614,483,1.0027,10827,10.7978
0250401074100030c043a000a00000c7,2,1,14,164,141,614,483,1.0027,10819,10.7899
0250401074100030c043a000a00000c7,2,1,15,164,141,614,483,1.0027,10819,10.7899
0250401074100030c043a000a00000c7,2,1,16,164,141,614,483,1.0027,10799,10.7699
0250401074100030c043a000a00000c7,2,1,17,164,141,614,483,1.0027,10826,10.7968
0250401074100030c043a000a00000c7,2,1,18,164,141,614,483,1.0027,10817,10.7879
0250401074100030c043a000a00000c7,2,1,19,164,141,614,483,1.0027,10826,10.7968
0250401074100030c043a000a00000c7,2,1,20,164,141,614,483,1.0027,10818,10.7889
0250401074100030c043a000a00000c7,2,1,21,164,141,614,483,1.0027,10827,10.7978
0250401074100030c043a000a00000c7,2,1,22,164,141,614,483,1.0027,10819,10.7899
0250401074100030c043a000a00000c7,2,1,23,164,141,614,483,1.0027,10827,10.7978
0250401074100030c043a000a00000c7,2,1,24,164,141,614,483,1.0027,10821,10.7919
0250401074100030c043a000a00000c7,2,1,25,164,141,614,483,1.0027,10827,10.7978
0250401074100030c043a000a00000c7,2,1,26,164,141,614,483,1.0027,10823,10.7938
0250401074100030c043a000a00000c7,2,1,27,164,141,614,483,1.0027,10825,10.7958
0250401074100030c043a000a00000c7,2,1,28,164,141,614,483,1.0027,0,0
0250401074100030c043a000a00000c7,2,1,29,164,141,614,483,1.0027,10827,10.7978
0250401074100030c043a000a00000c7,2,1,30,164,141,614,483,1.0027,10817,10.7879
0250401074100030c043a000a00000c7,2,1,31,164,141,614,483,1.0027,10821,10.7919
0250401074100030c043a000a00000c7,2,1,32,164,141,614,483,1.0027,10805,10.7759
0250401074100030c043a000a00000c7,2,1,33,164,141,614,483,1.0027,10827,10.7978
0250401074100030c043a000a00000c7,2,1,34,164,141,614,483,1.0027,10819,10.7899
0250401074100030c043a000a00000c7,2,1,35,164,141,614,483,1.0027,10822,10.7929
0250401074100030c043a000a00000c7,2,1,36,164,141,614,483,1.0027,10818,10.7889
0250401074100030c043a000a00000c7,2,1,37,164,141,614,483,1.0027,10826,10.7968
0250401074100030c043a000a00000c7,2,1,38,164,141,614,483,1.0027,10818,10.7889
0250401074100030c043a000a00000c7,2,1,39,164,141,614,483,1.0027,10825,10.7958
0250401074100030c043a000a00000c7,2,1,40,164,141,614,483,1.0027,10819,10.7899
0250401074100030c043a000a00000c7,2,1,41,164,141,614,483,1.0027,10828,10.7988
0250401074100030c043a000a00000c7,2,1,42,164,141,614,483,1.0027,10818,10.7889
0250401074100030c043a000a00000c7,2,1,43,164,141,614,483,1.0027,10822,10.7929
0250401074100030c043a000a00000c7,2,1,44,164,141,614,483,1.0027,10813,10.7839
0250401074100030c043a000a00000c7,2,1,45,164,141,614,483,1.0027,10828,10.7988
0250401074100030c043a000a00000c7,2,1,46,164,141,614,483,1.0027,10828,10.7988
0250401074100030c043a000a00000c7,2,1,47,164,141,614,483,1.0027,10828,10.7988
0250401074100030c043a000a00000c7,2,1,48,164,141,614,483,1.0027,10819,10.7899
0250401074100030c043a000a00000c7,2,1,49,164,141,614,483,1.0027,10828,10.7988
0250401074100030c043a000a00000c7,2,1,50,164,141,614,483,1.0027,10821,10.7919
0250401074100030c043a000a00000c7,2,1,51,164,141,614,483,1.0027,10828,10.7988
0250401074100030c043a000a00000c7,2,1,52,164,141,614,483,1.0027,10823,10.7938
0250401074100030c043a000a00000c7,2,1,53,164,141,614,483,1.0027,10820,10.7909
0250401074100030c043a000a00000c7,2,1,54,164,141,614,483,1.0027,10819,10.7899
0250401074100030c043a000a00000c7,2,1,55,164,141,614,483,1.0027,10815,10.7859
0250401074100030c043a000a00000c7,2,1,56,164,141,614,483,1.0027,10820,10.7909
0250401074100030c043a000a00000c7,2,1,57,164,141,614,483,1.0027,10819,10.7899
0250401074100030c043a000a00000c7,2,1,58,164,141,614,483,1.0027,10827,10.7978
0250401074100030c043a000a00000c7,2,1,59,164,141,614,483,1.0027,10817,10.7879
0250401074100030c043a000a00000c7,2,1,60,164,141,614,483,1.0027,10819,10.7899
0250401074100030c043a000a00000c7,2,1,61,164,141,614,483,1.0027,10825,10.7958
0250401074100030c043a000a00000c7,2,1,62,164,141,614,483,1.0027,10825,10.7958
0250401074100030c043a000a00000c7,2,1,63,164,141,614,483,1.0027,10828,10.7988
0250401074100030c043a000a00000c7,2,1,0,164,141,615,483,1.0027,10746,10.7171
0250401074100030c043a000a00000c7,2,1,1,164,141,615,483,1.0027,10801,10.7719
0250401074100030c043a000a00000c7,2,1,2,164,141,615,483,1.0027,10765,10.736
0250401074100030c043a000a00000c7,2,1,3,164,141,615,483,1.0027,10802,10.7729
0250401074100030c043a000a00000c7,2,1,4,164,141,615,483,1.0027,10758,10.729
0250401074100030c043a000a00000c7,2,1,5,164,141,615,483,1.0027,10795,10.7659
0250401074100030c043a000a00000c7,2,1,6,164,141,615,483,1.0027,10776,10.747
0250401074100030c043a000a00000c7,2,1,7,164,141,615,483,1.0027,10778,10.749
0250401074100030c043a000a00000c7,2,1,8,164,141,615,483,1.0027,10777,10.748
0250401074100030c043a000a00000c7,2,1,9,164,141,615,483,1.0027,10798,10.7689
0250401074100030c043a000a00000c7,2,1,10,164,141,615,483,1.0027,10773,10.744
0250401074100030c043a000a00000c7,2,1,11,164,141,615,483,1.0027,10803,10.7739
0250401074100030c043a000a00000c7,2,1,12,164,141,615,483,1.0027,10773,10.744
0250401074100030c043a000a00000c7,2,1,13,164,141,615,483,1.0027,10805,10.7759
0250401074100030c043a000a00000c7,2,1,14,164,141,615,483,1.0027,10798,10.7689
0250401074100030c043a000a00000c7,2,1,15,164,141,615,483,1.0027,10797,10.7679
0250401074100030c043a000a00000c7,2,1,16,164,141,615,483,1.0027,10770,10.741
0250401074100030c043a000a00000c7,2,1,17,164,141,615,483,1.0027,10805,10.7759
0250401074100030c043a000a00000c7,2,1,18,164,141,615,483,1.0027,10794,10.7649
0250401074100030c043a000a00000c7,2,1,19,164,141,615,483,1.0027,10804,10.7749
0250401074100030c043a000a00000c7,2,1,20,164,141,615,483,1.0027,10793,10.7639
0250401074100030c043a000a00000c7,2,1,21,164,141,615,483,1.0027,10805,10.7759
0250401074100030c043a000a00000c7,2,1,22,164,141,615,483,1.0027,10801,10.7719
0250401074100030c043a000a00000c7,2,1,23,164,141,615,483,1.0027,10805,10.7759
0250401074100030c043a000a00000c7,2,1,24,164,141,615,483,1.0027,10798,10.7689
0250401074100030c043a000a00000c7,2,1,25,164,141,615,483,1.0027,10805,10.7759
0250401074100030c043a000a00000c7,2,1,26,164,141,615,483,1.0027,10803,10.7739
0250401074100030c043a000a00000c7,2,1,27,164,141,615,483,1.0027,10805,10.7759
0250401074100030c043a000a00000c7,2,1,28,164,141,615,483,1.0027,0,0
0250401074100030c043a000a00000c7,2,1,29,164,141,615,483,1.0027,10805,10.7759
0250401074100030c043a000a00000c7,2,1,30,164,141,615,483,1.0027,10788,10.7589
0250401074100030c043a000a00000c7,2,1,31,164,141,615,483,1.0027,10802,10.7729
0250401074100030c043a000a00000c7,2,1,32,164,141,615,483,1.0027,10774,10.745
0250401074100030c043a000a00000c7,2,1,33,164,141,615,483,1.0027,10805,10.7759
0250401074100030c043a000a00000c7,2,1,34,164,141,615,483,1.0027,10797,10.7679
0250401074100030c043a000a00000c7,2,1,35,164,141,615,483,1.0027,10802,10.7729
0250401074100030c043a000a00000c7,2,1,36,164,141,615,483,1.0027,10794,10.7649
0250401074100030c043a000a00000c7,2,1,37,164,141,615,483,1.0027,10806,10.7769
0250401074100030c043a000a00000c7,2,1,38,164,141,615,483,1.0027,10798,10.7689
0250401074100030c043a000a00000c7,2,1,39,164,141,615,483,1.0027,10806,10.7769
0250401074100030c043a000a00000c7,2,1,40,164,141,615,483,1.0027,10800,10.7709
0250401074100030c043a000a00000c7,2,1,41,164,141,615,483,1.0027,10806,10.7769
0250401074100030c043a000a00000c7,2,1,42,164,141,615,483,1.0027,10794,10.7649
0250401074100030c043a000a00000c7,2,1,43,164,141,615,483,1.0027,10802,10.7729
0250401074100030c043a000a00000c7,2,1,44,164,141,615,483,1.0027,10782,10.753
0250401074100030c043a000a00000c7,2,1,45,164,141,615,483,1.0027,10806,10.7769
0250401074100030c043a000a00000c7,2,1,46,164,141,615,483,1.0027,10806,10.7769
0250401074100030c043a000a00000c7,2,1,47,164,141,615,483,1.0027,10806,10.7769
0250401074100030c043a000a00000c7,2,1,48,164,141,615,483,1.0027,10800,10.7709
0250401074100030c043a000a00000c7,2,1,49,164,141,615,483,1.0027,10806,10.7769
0250401074100030c043a000a00000c7,2,1,50,164,141,615,483,1.0027,10800,10.7709
0250401074100030c043a000a00000c7,2,1,51,164,141,615,483,1.0027,10806,10.7769
0250401074100030c043a000a00000c7,2,1,52,164,141,615,483,1.0027,10802,10.7729
0250401074100030c043a000a00000c7,2,1,53,164,141,615,483,1.0027,10797,10.7679
0250401074100030c043a000a00000c7,2,1,54,164,141,615,483,1.0027,10797,10.7679
0250401074100030c043a000a00000c7,2,1,55,164,141,615,483,1.0027,10784,10.755
0250401074100030c043a000a00000c7,2,1,56,164,141,615,483,1.0027,10800,10.7709
0250401074100030c043a000a00000c7,2,1,57,164,141,615,483,1.0027,10800,10.7709
0250401074100030c043a000a00000c7,2,1,58,164,141,615,483,1.0027,10803,10.7739
0250401074100030c043a000a00000c7,2,1,59,164,141,615,483,1.0027,10790,10.7609
0250401074100030c043a000a00000c7,2,1,60,164,141,615,483,1.0027,10794,10.7649
0250401074100030c043a000a00000c7,2,1,61,164,141,615,483,1.0027,10803,10.7739
0250401074100030c043a000a00000c7,2,1,62,164,141,615,483,1.0027,10803,10.7739
0250401074100030c043a000a00000c7,2,1,63,164,141,615,483,1.0027,10805,10.7759
0250401074100030c043a000a00000c7,2,1,0,164,141,616,484,1.0027,10748,10.719
0250401074100030c043a000a00000c7,2,1,1,164,141,616,484,1.0027,10802,10.7729
0250401074100030c043a000a00000c7,2,1,2,164,141,616,484,1.0027,10765,10.736
0250401074100030c043a000a00000c7,2,1,3,164,141,616,484,1.0027,10802,10.7729
0250401074100030c043a000a00000c7,2,1,4,164,141,616,484,1.0027,10764,10.735
0250401074100030c043a000a00000c7,2,1,5,164,141,616,484,1.0027,10798,10.7689
0250401074100030c043a000a00000c7,2,1,6,164,141,616,484,1.0027,10776,10.747
0250401074100030c043a000a00000c7,2,1,7,164,141,616,484,1.0027,10785,10.756
0250401074100030c043a000a00000c7,2,1,8,164,141,616,484,1.0027,10778,10.749
0250401074100030c043a000a00000c7,2,1,9,164,141,616,484,1.0027,10798,10.7689
0250401074100030c043a000a00000c7,2,1,10,164,141,616,484,1.0027,10777,10.748
0250401074100030c043a000a00000c7,2,1,11,164,141,616,484,1.0027,10801,10.7719
0250401074100030c043a000a00000c7,2,1,12,164,141,616,484,1.0027,10770,10.741
0250401074100030c043a000a00000c7,2,1,13,164,141,616,484,1.0027,10805,10.7759
0250401074100030c043a000a00000c7,2,1,14,164,141,616,484,1.0027,10799,10.7699
0250401074100030c043a000a00000c7,2,1,15,164,141,616,484,1.0027,10799,10.7699
0250401074100030c043a000a00000c7,2,1,16,164,141,616,484,1.0027,10770,10.741
0250401074100030c043a000a00000c7,2,1,17,164,141,616,484,1.0027,10803,10.7739
0250401074100030c043a000a00000c7,2,1,18,164,141,616,484,1.0027,10794,10.7649
0250401074100030c043a000a00000c7,2,1,19,164,141,616,484,1.0027,10803,10.7739
0250401074100030c043a000a00000c7,2,1,20,164,141,616,484,1.0027,10789,10.7599
0250401074100030c043a000a00000c7,2,1,21,164,141,616,484,1.0027,10804,10.7749
0250401074100030c043a000a00000c7,2,1,22,164,141,616,484,1.0027,10801,10.7719
0250401074100030c043a000a00000c7,2,1,23,164,141,616,484,1.0027,10804,10.7749
0250401074100030c043a000a00000c7,2,1,24,164,141,616,484,1.0027,10797,10.7679
0250401074100030c043a000a00000c7,2,1,25,164,141,616,484,1.0027,10804,10.7749
0250401074100030c043a000a00000c7,2,1,26,164,141,616,484,1.0027,10801,10.7719
0250401074100030c043a000a00000c7,2,1,27,164,141,616,484,1.0027,10802,10.7729
0250401074100030c043a000a00000c7,2,1,28,164,141,616,484,1.0027,0,0
0250401074100030c043a000a00000c7,2,1,29,164,141,616,484,1.0027,10804,10.7749
0250401074100030c043a000a00000c7,2,1,30,164,141,616,484,1.0027,10788,10.7589
0250401074100030c043a000a00000c7,2,1,31,164,141,616,484,1.0027,10800,10.7709
0250401074100030c043a000a00000c7,2,1,32,164,141,616,484,1.0027,10773,10.744
0250401074100030c043a000a00000c7,2,1,33,164,141,616,484,1.0027,10804,10.7749
0250401074100030c043a000a00000c7,2,1,34,164,141,616,484,1.0027,10797,10.7679
0250401074100030c043a000a00000c7,2,1,35,164,141,616,484,1.0027,10801,10.7719
0250401074100030c043a000a00000c7,2,1,36,164,141,616,484,1.0027,10794,10.7649
0250401074100030c043a000a00000c7,2,1,37,164,141,616,484,1.0027,10803,10.7739
0250401074100030c043a000a00000c7,2,1,38,164,141,616,484,1.0027,10800,10.7709
0250401074100030c043a000a00000c7,2,1,39,164,141,616,484,1.0027,10804,10.7749
0250401074100030c043a000a00000c7,2,1,40,164,141,616,484,1.0027,10800,10.7709
0250401074100030c043a000a00000c7,2,1,41,164,141,616,484,1.0027,10806,10.7769
0250401074100030c043a000a00000c7,2,1,42,164,141,616,484,1.0027,10792,10.7629
0250401074100030c043a000a00000c7,2,1,43,164,141,616,484,1.0027,10801,10.7719
0250401074100030c043a000a00000c7,2,1,44,164,141,616,484,1.0027,10782,10.753
0250401074100030c043a000a00000c7,2,1,45,164,141,616,484,1.0027,10805,10.7759
0250401074100030c043a000a00000c7,2,1,46,164,141,616,484,1.0027,10806,10.7769
0250401074100030c043a000a00000c7,2,1,47,164,141,616,484,1.0027,10806,10.7769
0250401074100030c043a000a00000c7,2,1,48,164,141,616,484,1.0027,10798,10.7689
0250401074100030c043a000a00000c7,2,1,49,164,141,616,484,1.0027,10806,10.7769
0250401074100030c043a000a00000c7,2,1,50,164,141,616,484,1.0027,10799,10.7699
0250401074100030c043a000a00000c7,2,1,51,164,141,616,484,1.0027,10805,10.7759
0250401074100030c043a000a00000c7,2,1,52,164,141,616,484,1.0027,10803,10.7739
0250401074100030c043a000a00000c7,2,1,53,164,141,616,484,1.0027,10798,10.7689
0250401074100030c043a000a00000c7,2,1,54,164,141,616,484,1.0027,10797,10.7679
0250401074100030c043a000a00000c7,2,1,55,164,141,616,484,1.0027,10789,10.7599
0250401074100030c043a000a00000c7,2,1,56,164,141,616,484,1.0027,10801,10.7719
0250401074100030c043a000a00000c7,2,1,57,164,141,616,484,1.0027,10801,10.7719
0250401074100030c043a000a00000c7,2,1,58,164,141,616,484,1.0027,10804,10.7749
0250401074100030c043a000a00000c7,2,1,59,164,141,616,484,1.0027,10794,10.7649
0250401074100030c043a000a00000c7,2,1,60,164,141,616,484,1.0027,10795,10.7659
0250401074100030c043a000a00000c7,2,1,61,164,141,616,484,1.0027,10802,10.7729
0250401074100030c043a000a00000c7,2,1,62,164,141,616,484,1.0027,10803,10.7739
0250401074100030c043a000a00000c7,2,1,63,164,141,616,484,1.0027,10806,10.7769
0250401074100030c043a000a00000c7,2,1,0,164,141,617,485,1.0027,10779,10.75
0250401074100030c043a000a00000c7,2,1,1,164,141,617,485,1.0027,10822,10.7929
0250401074100030c043a000a00000c7,2,1,2,164,141,617,485,1.0027,10793,10.7639
0250401074100030c043a000a00000c7,2,1,3,164,141,617,485,1.0027,10822,10.7929
0250401074100030c043a000a00000c7,2,1,4,164,141,617,485,1.0027,10789,10.7599
0250401074100030c043a000a00000c7,2,1,5,164,141,617,485,1.0027,10820,10.7909
0250401074100030c043a000a00000c7,2,1,6,164,141,617,485,1.0027,10807,10.7779
0250401074100030c043a000a00000c7,2,1,7,164,141,617,485,1.0027,10812,10.7829
0250401074100030c043a000a00000c7,2,1,8,164,141,617,485,1.0027,10804,10.7749
0250401074100030c043a000a00000c7,2,1,9,164,141,617,485,1.0027,10821,10.7919
0250401074100030c043a000a00000c7,2,1,10,164,141,617,485,1.0027,10804,10.7749
0250401074100030c043a000a00000c7,2,1,11,164,141,617,485,1.0027,10821,10.7919
0250401074100030c043a000a00000c7,2,1,12,164,141,617,485,1.0027,10800,10.7709
0250401074100030c043a000a00000c7,2,1,13,164,141,617,485,1.0027,10829,10.7998
0250401074100030c043a000a00000c7,2,1,14,164,141,617,485,1.0027,10820,10.7909
0250401074100030c043a000a00000c7,2,1,15,164,141,617,485,1.0027,10820,10.7909
0250401074100030c043a000a00000c7,2,1,16,164,141,617,485,1.0027,10798,10.7689
0250401074100030c043a000a00000c7,2,1,17,164,141,617,485,1.0027,10823,10.7938
0250401074100030c043a000a00000c7,2,1,18,164,141,617,485,1.0027,10820,10.7909
0250401074100030c043a000a00000c7,2,1,19,164,141,617,485,1.0027,10825,10.7958
0250401074100030c043a000a00000c7,2,1,20,164,141,617,485,1.0027,10817,10.7879
0250401074100030c043a000a00000c7,2,1,21,164,141,617,485,1.0027,10829,10.7998
0250401074100030c043a000a00000c7,2,1,22,164,141,617,485,1.0027,10821,10.7919
0250401074100030c043a000a00000c7,2,1,23,164,141,617,485,1.0027,10828,10.7988
0250401074100030c043a000a00000c7,2,1,24,164,141,617,485,1.0027,10821,10.7919
0250401074100030c043a000a00000c7,2,1,25,164,141,617,485,1.0027,10829,10.7998
0250401074100030c043a000a00000c7,2,1,26,164,141,617,485,1.0027,10824,10.7948
0250401074100030c043a000a00000c7,2,1,27,164,141,617,485,1.0027,10824,10.7948
0250401074100030c043a000a00000c7,2,1,28,164,141,617,485,1.0027,0,0
0250401074100030c043a000a00000c7,2,1,29,164,141,617,485,1.0027,10829,10.7998
0250401074100030c043a000a00000c7,2,1,30,164,141,617,485,1.0027,10814,10.7849
0250401074100030c043a000a00000c7,2,1,31,164,141,617,485,1.0027,10821,10.7919
0250401074100030c043a000a00000c7,2,1,32,164,141,617,485,1.0027,10800,10.7709
0250401074100030c043a000a00000c7,2,1,33,164,141,617,485,1.0027,10829,10.7998
0250401074100030c043a000a00000c7,2,1,34,164,141,617,485,1.0027,10820,10.7909
0250401074100030c043a000a00000c7,2,1,35,164,141,617,485,1.0027,10823,10.7938
0250401074100030c043a000a00000c7,2,1,36,164,141,617,485,1.0027,10820,10.7909
0250401074100030c043a000a00000c7,2,1,37,164,141,617,485,1.0027,10825,10.7958
0250401074100030c043a000a00000c7,2,1,38,164,141,617,485,1.0027,10819,10.7899
0250401074100030c043a000a00000c7,2,1,39,164,141,617,485,1.0027,10825,10.7958
0250401074100030c043a000a00000c7,2,1,40,164,141,617,485,1.0027,10822,10.7929
0250401074100030c043a000a00000c7,2,1,41,164,141,617,485,1.0027,10829,10.7998
0250401074100030c043a000a00000c7,2,1,42,164,141,617,485,1.0027,10820,10.7909
0250401074100030c043a000a00000c7,2,1,43,164,141,617,485,1.0027,10821,10.7919
0250401074100030c043a000a00000c7,2,1,44,164,141,617,485,1.0027,10813,10.7839
0250401074100030c043a000a00000c7,2,1,45,164,141,617,485,1.0027,10826,10.7968
0250401074100030c043a000a00000c7,2,1,46,164,141,617,485,1.0027,10828,10.7988
0250401074100030c043a000a00000c7,2,1,47,164,141,617,485,1.0027,10830,10.8008
0250401074100030c043a000a00000c7,2,1,48,164,141,617,485,1.0027,10821,10.7919
0250401074100030c043a000a00000c7,2,1,49,164,141,617,485,1.0027,10827,10.7978
0250401074100030c043a000a00000c7,2,1,50,164,141,617,485,1.0027,10820,10.7909
0250401074100030c043a000a00000c7,2,1,51,164,141,617,485,1.0027,10827,10.7978
0250401074100030c043a000a00000c7,2,1,52,164,141,617,485,1.0027,10822,10.7929
0250401074100030c043a000a00000c7,2,1,53,164,141,617,485,1.0027,10820,10.7909
0250401074100030c043a000a00000c7,2,1,54,164,141,617,485,1.0027,10821,10.7919
0250401074100030c043a000a00000c7,2,1,55,164,141,617,485,1.0027,10813,10.7839
0250401074100030c043a000a00000c7,2,1,56,164,141,617,485,1.0027,10821,10.7919
0250401074100030c043a000a00000c7,2,1,57,164,141,617,485,1.0027,10821,10.7919
0250401074100030c043a000a00000c7,2,1,58,164,141,617,485,1.0027,10823,10.7938
0250401074100030c043a000a00000c7,2,1,59,164,141,617,485,1.0027,10818,10.7889
0250401074100030c043a000a00000c7,2,1,60,164,141,617,485,1.0027,10819,10.7899
0250401074100030c043a000a00000c7,2,1,61,164,141,617,485,1.0027,10824,10.7948
0250401074100030c043a000a00000c7,2,1,62,164,141,617,485,1.0027,10822,10.7929
0250401074100030c043a000a00000c7,2,1,63,164,141,617,485,1.0027,10830,10.8008
0250401074100030c043a000a00000c7,2,1,0,164,141,618,486,1.00123,10751,10.7378
0250401074100030c043a000a00000c7,2,1,1,164,141,618,486,1.00123,10800,10.7868
0250401074100030c043a000a00000c7,2,1,2,164,141,618,486,1.00123,10768,10.7548
0250401074100030c043a000a00000c7,2,1,3,164,141,618,486,1.00123,10802,10.7888
0250401074100030c043a000a00000c7,2,1,4,164,141,618,486,1.00123,10762,10.7488
0250401074100030c043a000a00000c7,2,1,5,164,141,618,486,1.00123,10792,10.7788
0250401074100030c043a000a00000c7,2,1,6,164,141,618,486,1.00123,10781,10.7678
0250401074100030c043a000a00000c7,2,1,7,164,141,618,486,1.00123,10777,10.7638
0250401074100030c043a000a00000c7,2,1,8,164,141,618,486,1.00123,10778,10.7648
0250401074100030c043a000a00000c7,2,1,9,164,141,618,486,1.00123,10798,10.7848
0250401074100030c043a000a00000c7,2,1,10,164,141,618,486,1.00123,10771,10.7578
0250401074100030c043a000a00000c7,2,1,11,164,141,618,486,1.00123,10803,10.7898
0250401074100030c043a000a00000c7,2,1,12,164,141,618,486,1.00123,10771,10.7578
0250401074100030c043a000a00000c7,2,1,13,164,141,618,486,1.00123,10810,10.7968
0250401074100030c043a000a00000c7,2,1,14,164,141,618,486,1.00123,10797,10.7838
0250401074100030c043a000a00000c7,2,1,15,164,141,618,486,1.00123,10796,10.7828
0250401074100030c043a000a00000c7,2,1,16,164,141,618,486,1.00123,10771,10.7578
0250401074100030c043a000a00000c7,2,1,17,164,141,618,486,1.00123,10803,10.7898
0250401074100030c043a000a00000c7,2,1,18,164,141,618,486,1.00123,10793,10.7798
0250401074100030c043a000a00000c7,2,1,19,164,141,618,486,1.00123,10805,10.7918
0250401074100030c043a000a00000c7,2,1,20,164,141,618,486,1.00123,10789,10.7758
0250401074100030c043a000a00000c7,2,1,21,164,141,618,486,1.00123,10808,10.7948
0250401074100030c043a000a00000c7,2,1,22,164,141,618,486,1.00123,10800,10.7868
0250401074100030c043a000a00000c7,2,1,23,164,141,618,486,1.00123,10807,10.7938
0250401074100030c043a000a00000c7,2,1,24,164,141,618,486,1.00123,10798,10.7848
0250401074100030c043a000a00000c7,2,1,25,164,141,618,486,1.00123,10808,10.7948
0250401074100030c043a000a00000c7,2,1,26,164,141,618,486,1.00123,10802,10.7888
0250401074100030c043a000a00000c7,2,1,27,164,141,618,486,1.00123,10805,10.7918
0250401074100030c043a000a00000c7,2,1,28,164,141,618,486,1.00123,0,0
0250401074100030c043a000a00000c7,2,1,29,164,141,618,486,1.00123,10807,10.7938
0250401074100030c043a000a00000c7,2,1,30,164,141,618,486,1.00123,10788,10.7748
0250401074100030c043a000a00000c7,2,1,31,164,141,618,486,1.00123,10800,10.7868
0250401074100030c043a000a00000c7,2,1,32,164,141,618,486,1.00123,10775,10.7618
0250401074100030c043a000a00000c7,2,1,33,164,141,618,486,1.00123,10809,10.7958
0250401074100030c043a000a00000c7,2,1,34,164,141,618,486,1.00123,10795,10.7818
0250401074100030c043a000a00000c7,2,1,35,164,141,618,486,1.00123,10801,10.7878
0250401074100030c043a000a00000c7,2,1,36,164,141,618,486,1.00123,10792,10.7788
0250401074100030c043a000a00000c7,2,1,37,164,141,618,486,1.00123,10806,10.7928
0250401074100030c043a000a00000c7,2,1,38,164,141,618,486,1.00123,10796,10.7828
0250401074100030c043a000a00000c7,2,1,39,164,141,618,486,1.00123,10804,10.7908
0250401074100030c043a000a00000c7,2,1,40,164,141,618,486,1.00123,10797,10.7838
0250401074100030c043a000a00000c7,2,1,41,164,141,618,486,1.00123,10808,10.7948
0250401074100030c043a000a00000c7,2,1,42,164,141,618,486,1.00123,10791,10.7778
0250401074100030c043a000a00000c7,2,1,43,164,141,618,486,1.00123,10800,10.7868
0250401074100030c043a000a00000c7,2,1,44,164,141,618,486,1.00123,10785,10.7718
0250401074100030c043a000a00000c7,2,1,45,164,141,618,486,1.00123,10807,10.7938
0250401074100030c043a000a00000c7,2,1,46,164,141,618,486,1.00123,10808,10.7948
0250401074100030c043a000a00000c7,2,1,47,164,141,618,486,1.00123,10808,10.7948
0250401074100030c043a000a00000c7,2,1,48,164,141,618,486,1.00123,10795,10.7818
0250401074100030c043a000a00000c7,2,1,49,164,141,618,486,1.00123,10808,10.7948
0250401074100030c043a000a00000c7,2,1,50,164,141,618,486,1.00123,10799,10.7858
0250401074100030c043a000a00000c7,2,1,51,164,141,618,486,1.00123,10807,10.7938
0250401074100030c043a000a00000c7,2,1,52,164,141,618,486,1.00123,10801,10.7878
0250401074100030c043a000a00000c7,2,1,53,164,141,618,486,1.00123,10795,10.7818
0250401074100030c043a000a00000c7,2,1,54,164,141,618,486,1.00123,10793,10.7798
0250401074100030c043a000a00000c7,2,1,55,164,141,618,486,1.00123,10783,10.7698
0250401074100030c043a000a00000c7,2,1,56,164,141,618,486,1.00123,10800,10.7868
0250401074100030c043a000a00000c7,2,1,57,164,141,618,486,1.00123,10800,10.7868
0250401074100030c043a000a00000c7,2,1,58,164,141,618,486,1.00123,10804,10.7908
0250401074100030c043a000a00000c7,2,1,59,164,141,618,486,1.00123,10790,10.7768
0250401074100030c043a000a00000c7,2,1,60,164,141,618,486,1.00123,10788,10.7748
0250401074100030c043a000a00000c7,2,1,61,164,141,618,486,1.00123,10802,10.7888
0250401074100030c043a000a00000c7,2,1,62,164,141,618,486,1.00123,10802,10.7888
0250401074100030c043a000a00000c7,2,1,63,164,141,618,486,1.00123,10810,10.7968
0250401074100030c043a000a00000c7,2,1,0,164,141,619,486,1.0027,10780,10.751
0250401074100030c043a000a00000c7,2,1,1,164,141,619,486,1.0027,10824,10.7948
0250401074100030c043a000a00000c7,2,1,2,164,141,619,486,1.0027,10787,10.7579
0250401074100030c043a000a00000c7,2,1,3,164,141,619,486,1.0027,10824,10.7948
0250401074100030c043a000a00000c7,2,1,4,164,141,619,486,1.0027,10789,10.7599
0250401074100030c043a000a00000c7,2,1,5,164,141,619,486,1.0027,10821,10.7919
0250401074100030c043a000a00000c7,2,1,6,164,141,619,486,1.0027,10803,10.7739
0250401074100030c043a000a00000c7,2,1,7,164,141,619,486,1.0027,10806,10.7769
0250401074100030c043a000a00000c7,2,1,8,164,141,619,486,1.0027,10804,10.7749
0250401074100030c043a000a00000c7,2,1,9,164,141,619,486,1.0027,10822,10.7929
0250401074100030c043a000a00000c7,2,1,10,164,141,619,486,1.0027,10798,10.7689
0250401074100030c043a000a00000c7,2,1,11,164,141,619,486,1.0027,10824,10.7948
0250401074100030c043a000a00000c7,2,1,12,164,141,619,486,1.0027,10796,10.7669
0250401074100030c043a000a00000c7,2,1,13,164,141,619,486,1.0027,10830,10.8008
0250401074100030c043a000a00000c7,2,1,14,164,141,619,486,1.0027,10823,10.7938
0250401074100030c043a000a00000c7,2,1,15,164,141,619,486,1.0027,10822,10.7929
0250401074100030c043a000a00000c7,2,1,16,164,141,619,486,1.0027,10797,10.7679
0250401074100030c043a000a00000c7,2,1,17,164,141,619,486,1.0027,10824,10.7948
0250401074100030c043a000a00000c7,2,1,18,164,141,619,486,1.0027,10820,10.7909
0250401074100030c043a000a00000c7,2,1,19,164,141,619,486,1.0027,10827,10.7978
0250401074100030c043a000a00000c7,2,1,20,164,141,619,486,1.0027,10816,10.7869
0250401074100030c043a000a00000c7,2,1,21,164,141,619,486,1.0027,10830,10.8008
0250401074100030c043a000a00000c7,2,1,22,164,141,619,486,1.0027,10824,10.7948
0250401074100030c043a000a00000c7,2,1,23,164,141,619,486,1.0027,10828,10.7988
0250401074100030c043a000a00000c7,2,1,24,164,141,619,486,1.0027,10823,10.7938
0250401074100030c043a000a00000c7,2,1,25,164,141,619,486,1.0027,10829,10.7998
0250401074100030c043a000a00000c7,2,1,26,164,141,619,486,1.0027,10824,10.7948
0250401074100030c043a000a00000c7,2,1,27,164,141,619,486,1.0027,10826,10.7968
0250401074100030c043a000a00000c7,2,1,28,164,141,619,486,1.0027,0,0
0250401074100030c043a000a00000c7,2,1,29,164,141,619,486,1.0027,10828,10.7988
0250401074100030c043a000a00000c7,2,1,30,164,141,619,486,1.0027,10814,10.7849
0250401074100030c043a000a00000c7,2,1,31,164,141,619,486,1.0027,10823,10.7938
0250401074100030c043a000a00000c7,2,1,32,164,141,619,486,1.0027,10799,10.7699
0250401074100030c043a000a00000c7,2,1,33,164,141,619,486,1.0027,10829,10.7998
0250401074100030c043a000a00000c7,2,1,34,164,141,619,486,1.0027,10821,10.7919
0250401074100030c043a000a00000c7,2,1,35,164,141,619,486,1.0027,10823,10.7938
0250401074100030c043a000a00000c7,2,1,36,164,141,619,486,1.0027,10817,10.7879
0250401074100030c043a000a00000c7,2,1,37,164,141,619,486,1.0027,10827,10.7978
0250401074100030c043a000a00000c7,2,1,38,164,141,619,486,1.0027,10821,10.7919
0250401074100030c043a000a00000c7,2,1,39,164,141,619,486,1.0027,10825,10.7958
0250401074100030c043a000a00000c7,2,1,40,164,141,619,486,1.0027,10824,10.7948
0250401074100030c043a000a00000c7,2,1,41,164,141,619,486,1.0027,10827,10.7978
0250401074100030c043a000a00000c7,2,1,42,164,141,619,486,1.0027,10819,10.7899
0250401074100030c043a000a00000c7,2,1,43,164,141,619,486,1.0027,10823,10.7938
0250401074100030c043a000a00000c7,2,1,44,164,141,619,486,1.0027,10809,10.7799
0250401074100030c043a000a00000c7,2,1,45,164,141,619,486,1.0027,10828,10.7988
0250401074100030c043a000a00000c7,2,1,46,164,141,619,486,1.0027,10828,10.7988
0250401074100030c043a000a00000c7,2,1,47,164,141,619,486,1.0027,10830,10.8008
0250401074100030c043a000a00000c7,2,1,48,164,141,619,486,1.0027,10823,10.7938
0250401074100030c043a000a00000c7,2,1,49,164,141,619,486,1.0027,10828,10.7988
0250401074100030c043a000a00000c7,2,1,50,164,141,619,486,1.0027,10822,10.7929
0250401074100030c043a000a00000c7,2,1,51,164,141,619,486,1.0027,10827,10.7978
0250401074100030c043a000a00000c7,2,1,52,164,141,619,486,1.0027,10824,10.7948
0250401074100030c043a000a00000c7,2,1,53,164,141,619,486,1.0027,10821,10.7919
0250401074100030c043a000a00000c7,2,1,54,164,141,619,486,1.0027,10822,10.7929
0250401074100030c043a000a00000c7,2,1,55,164,141,619,486,1.0027,10806,10.7769
0250401074100030c043a000a00000c7,2,1,56,164,141,619,486,1.0027,10823,10.7938
0250401074100030c043a000a00000c7,2,1,57,164,141,619,486,1.0027,10824,10.7948
0250401074100030c043a000a00000c7,2,1,58,164,141,619,486,1.0027,10824,10.7948
0250401074100030c043a000a00000c7,2,1,59,164,141,619,486,1.0027,10814,10.7849
0250401074100030c043a000a00000c7,2,1,60,164,141,619,486,1.0027,10816,10.7869
0250401074100030c043a000a00000c7,2,1,61,164,141,619,486,1.0027,10824,10.7948
0250401074100030c043a000a00000c7,2,1,62,164,141,619,486,1.0027,10824,10.7948
0250401074100030c043a000a00000c7,2,1,63,164,141,619,486,1.0027,10830,10.8008
0250401074100030c043a000a00000c7,2,1,0,164,141,620,487,1.00123,10747,10.7338
0250401074100030c043a000a00000c7,2,1,1,164,141,620,487,1.00123,10802,10.7888
0250401074100030c043a000a00000c7,2,1,2,164,141,620,487,1.00123,10767,10.7538
0250401074100030c043a000a00000c7,2,1,3,164,141,620,487,1.00123,10801,10.7878
0250401074100030c043a000a00000c7,2,1,4,164,141,620,487,1.00123,10760,10.7468
0250401074100030c043a000a00000c7,2,1,5,164,141,620,487,1.00123,10796,10.7828
0250401074100030c043a000a00000c7,2,1,6,164,141,620,487,1.00123,10775,10.7618
0250401074100030c043a000a00000c7,2,1,7,164,141,620,487,1.00123,10778,10.7648
0250401074100030c043a000a00000c7,2,1,8,164,141,620,487,1.00123,10775,10.7618
0250401074100030c043a000a00000c7,2,1,9,164,141,620,487,1.00123,10800,10.7868
0250401074100030c043a000a00000c7,2,1,10,164,141,620,487,1.00123,10774,10.7608
0250401074100030c043a000a00000c7,2,1,11,164,141,620,487,1.00123,10800,10.7868
0250401074100030c043a000a00000c7,2,1,12,164,141,620,487,1.00123,10770,10.7568
0250401074100030c043a000a00000c7,2,1,13,164,141,620,487,1.00123,10810,10.7968
0250401074100030c043a000a00000c7,2,1,14,164,141,620,487,1.00123,10798,10.7848
0250401074100030c043a000a00000c7,2,1,15,164,141,620,487,1.00123,10797,10.7838
0250401074100030c043a000a00000c7,2,1,16,164,141,620,487,1.00123,10773,10.7598
0250401074100030c043a000a00000c7,2,1,17,164,141,620,487,1.00123,10801,10.7878
0250401074100030c043a000a00000c7,2,1,18,164,141,620,487,1.00123,10796,10.7828
0250401074100030c043a000a00000c7,2,1,19,164,141,620,487,1.00123,10801,10.7878
0250401074100030c043a000a00000c7,2,1,20,164,141,620,487,1.00123,10790,10.7768
0250401074100030c043a000a00000c7,2,1,21,164,141,620,487,1.00123,10810,10.7968
0250401074100030c043a000a00000c7,2,1,22,164,141,620,487,1.00123,10799,10.7858
0250401074100030c043a000a00000c7,2,1,23,164,141,620,487,1.00123,10807,10.7938
0250401074100030c043a000a00000c7,2,1,24,164,141,620,487,1.00123,10800,10.7868
0250401074100030c043a000a00000c7,2,1,25,164,141,620,487,1.00123,10810,10.7968
0250401074100030c043a000a00000c7,2,1,26,164,141,620,487,1.00123,10800,10.7868
0250401074100030c043a000a00000c7,2,1,27,164,141,620,487,1.00123,10804,10.7908
0250401074100030c043a000a00000c7,2,1,28,164,141,620,487,1.00123,0,0
0250401074100030c043a000a00000c7,2,1,29,164,141,620,487,1.00123,10808,10.7948
0250401074100030c043a000a00000c7,2,1,30,164,141,620,487,1.00123,10789,10.7758
0250401074100030c043a000a00000c7,2,1,31,164,141,620,487,1.00123,10800,10.7868
0250401074100030c043a000a00000c7,2,1,32,164,141,620,487,1.00123,10777,10.7638
0250401074100030c043a000a00000c7,2,1,33,164,141,620,487,1.00123,10810,10.7968
0250401074100030c043a000a00000c7,2,1,34,164,141,620,487,1.00123,10799,10.7858
0250401074100030c043a000a00000c7,2,1,35,164,141,620,487,1.00123,10801,10.7878
0250401074100030c043a000a00000c7,2,1,36,164,141,620,487,1.00123,10795,10.7818
0250401074100030c043a000a00000c7,2,1,37,164,141,620,487,1.00123,10801,10.7878
0250401074100030c043a000a00000c7,2,1,38,164,141,620,487,1.00123,10799,10.7858
0250401074100030c043a000a00000c7,2,1,39,164,141,620,487,1.00123,10803,10.7898
0250401074100030c043a000a00000c7,2,1,40,164,141,620,487,1.00123,10800,10.7868
0250401074100030c043a000a00000c7,2,1,41,164,141,620,487,1.00123,10810,10.7968
0250401074100030c043a000a00000c7,2,1,42,164,141,620,487,1.00123,10796,10.7828
0250401074100030c043a000a00000c7,2,1,43,164,141,620,487,1.00123,10800,10.7868
0250401074100030c043a000a00000c7,2,1,44,164,141,620,487,1.00123,10781,10.7678
0250401074100030c043a000a00000c7,2,1,45,164,141,620,487,1.00123,10807,10.7938
0250401074100030c043a000a00000c7,2,1,46,164,141,620,487,1.00123,10806,10.7928
0250401074100030c043a000a00000c7,2,1,47,164,141,620,487,1.00123,10809,10.7958
0250401074100030c043a000a00000c7,2,1,48,164,141,620,487,1.00123,10796,10.7828
0250401074100030c043a000a00000c7,2,1,49,164,141,620,487,1.00123,10807,10.7938
0250401074100030c043a000a00000c7,2,1,50,164,141,620,487,1.00123,10799,10.7858
0250401074100030c043a000a00000c7,2,1,51,164,141,620,487,1.00123,10807,10.7938
0250401074100030c043a000a00000c7,2,1,52,164,141,620,487,1.00123,10799,10.7858
0250401074100030c043a000a00000c7,2,1,53,164,141,620,487,1.00123,10800,10.7868
0250401074100030c043a000a00000c7,2,1,54,164,141,620,487,1.00123,10797,10.7838
0250401074100030c043a000a00000c7,2,1,55,164,141,620,487,1.00123,10777,10.7638
0250401074100030c043a000a00000c7,2,1,56,164,141,620,487,1.00123,10800,10.7868
0250401074100030c043a000a00000c7,2,1,57,164,141,620,487,1.00123,10799,10.7858
0250401074100030c043a000a00000c7,2,1,58,164,141,620,487,1.00123,10800,10.7868
0250401074100030c043a000a00000c7,2,1,59,164,141,620,487,1.00123,10786,10.7728
0250401074100030c043a000a00000c7,2,1,60,164,141,620,487,1.00123,10788,10.7748
0250401074100030c043a000a00000c7,2,1,61,164,141,620,487,1.00123,10801,10.7878
0250401074100030c043a000a00000c7,2,1,62,164,141,620,487,1.00123,10800,10.7868
0250401074100030c043a000a00000c7,2,1,63,164,141,620,487,1.00123,10810,10.7968
0250401074100030c043a000a00000c7,2,1,0,164,141,621,488,1.00123,10746,10.7328
0250401074100030c043a000a00000c7,2,1,1,164,141,621,488,1.00123,10800,10.7868
0250401074100030c043a000a00000c7,2,1,2,164,141,621,488,1.00123,10762,10.7488
0250401074100030c043a000a00000c7,2,1,3,164,141,621,488,1.00123,10801,10.7878
0250401074100030c043a000a00000c7,2,1,4,164,141,621,488,1.00123,10759,10.7458
0250401074100030c043a000a00000c7,2,1,5,164,141,621,488,1.00123,10792,10.7788
0250401074100030c043a000a00000c7,2,1,6,164,141,621,488,1.00123,10777,10.7638
0250401074100030c043a000a00000c7,2,1,7,164,141,621,488,1.00123,10775,10.7618
0250401074100030c043a000a00000c7,2,1,8,164,141,621,488,1.00123,10777,10.7638
0250401074100030c043a000a00000c7,2,1,9,164,141,621,488,1.00123,10799,10.7858
0250401074100030c043a000a00000c7,2,1,10,164,141,621,488,1.00123,10774,10.7608
0250401074100030c043a000a00000c7,2,1,11,164,141,621,488,1.00123,10803,10.7898
0250401074100030c043a000a00000c7,2,1,12,164,141,621,488,1.00123,10769,10.7558
0250401074100030c043a000a00000c7,2,1,13,164,141,621,488,1.00123,10813,10.7998
0250401074100030c043a000a00000c7,2,1,14,164,141,621,488,1.00123,10800,10.7868
0250401074100030c043a000a00000c7,2,1,15,164,141,621,488,1.00123,10794,10.7808
0250401074100030c043a000a00000c7,2,1,16,164,141,621,488,1.00123,10769,10.7558
0250401074100030c043a000a00000c7,2,1,17,164,141,621,488,1.00123,10804,10.7908
0250401074100030c043a000a00000c7,2,1,18,164,141,621,488,1.00123,10792,10.7788
0250401074100030c043a000a00000c7,2,1,19,164,141,621,488,1.00123,10805,10.7918
0250401074100030c043a000a00000c7,2,1,20,164,141,621,488,1.00123,10788,10.7748
0250401074100030c043a000a00000c7,2,1,21,164,141,621,488,1.00123,10813,10.7998
0250401074100030c043a000a00000c7,2,1,22,164,141,621,488,1.00123,10801,10.7878
0250401074100030c043a000a00000c7,2,1,23,164,141,621,488,1.00123,10810,10.7968
0250401074100030c043a000a00000c7,2,1,24,164,141,621,488,1.00123,10801,10.7878
0250401074100030c043a000a00000c7,2,1,25,164,141,621,488,1.00123,10813,10.7998
0250401074100030c043a000a00000c7,2,1,26,164,141,621,488,1.00123,10803,10.7898
0250401074100030c043a000a00000c7,2,1,27,164,141,621,488,1.00123,10805,10.7918
0250401074100030c043a000a00000c7,2,1,28,164,141,621,488,1.00123,0,0
0250401074100030c043a000a00000c7,2,1,29,164,141,621,488,1.00123,10810,10.7968
0250401074100030c043a000a00000c7,2,1,30,164,141,621,488,1.00123,10785,10.7718
0250401074100030c043a000a00000c7,2,1,31,164,141,621,488,1.00123,10802,10.7888
0250401074100030c043a000a00000c7,2,1,32,164,141,621,488,1.00123,10775,10.7618
0250401074100030c043a000a00000c7,2,1,33,164,141,621,488,1.00123,10813,10.7998
0250401074100030c043a000a00000c7,2,1,34,164,141,621,488,1.00123,10800,10.7868
0250401074100030c043a000a00000c7,2,1,35,164,141,621,488,1.00123,10802,10.7888
0250401074100030c043a000a00000c7,2,1,36,164,141,621,488,1.00123,10790,10.7768
0250401074100030c043a000a00000c7,2,1,37,164,141,621,488,1.00123,10804,10.7908
0250401074100030c043a000a00000c7,2,1,38,164,141,621,488,1.00123,10797,10.7838
0250401074100030c043a000a00000c7,2,1,39,164,141,621,488,1.00123,10805,10.7918
0250401074100030c043a000a00000c7,2,1,40,164,141,621,488,1.00123,10800,10.7868
0250401074100030c043a000a00000c7,2,1,41,164,141,621,488,1.00123,10812,10.7988
0250401074100030c043a000a00000c7,2,1,42,164,141,621,488,1.00123,10789,10.7758
0250401074100030c043a000a00000c7,2,1,43,164,141,621,488,1.00123,10802,10.7888
0250401074100030c043a000a00000c7,2,1,44,164,141,621,488,1.00123,10782,10.7688
0250401074100030c043a000a00000c7,2,1,45,164,141,621,488,1.00123,10805,10.7918
0250401074100030c043a000a00000c7,2,1,46,164,141,621,488,1.00123,10809,10.7958
0250401074100030c043a000a00000c7,2,1,47,164,141,621,488,1.00123,10813,10.7998
0250401074100030c043a000a00000c7,2,1,48,164,141,621,488,1.00123,10794,10.7808
0250401074100030c043a000a00000c7,2,1,49,164,141,621,488,1.00123,10810,10.7968
0250401074100030c043a000a00000c7,2,1,50,164,141,621,488,1.00123,10798,10.7848
0250401074100030c043a000a00000c7,2,1,51,164,141,621,488,1.00123,10806,10.7928
0250401074100030c043a000a00000c7,2,1,52,164,141,621,488,1.00123,10800,10.7868
0250401074100030c043a000a00000c7,2,1,53,164,141,621,488,1.00123,10793,10.7798
0250401074100030c043a000a00000c7,2,1,54,164,141,621,488,1.00123,10795,10.7818
0250401074100030c043a000a00000c7,2,1,55,164,141,621,488,1.00123,10776,10.7628
0250401074100030c043a000a00000c7,2,1,56,164,141,621,488,1.00123,10800,10.7868
0250401074100030c043a000a00000c7,2,1,57,164,141,621,488,1.00123,10800,10.7868
0250401074100030c043a000a00000c7,2,1,58,164,141,621,488,1.00123,10802,10.7888
0250401074100030c043a000a00000c7,2,1,59,164,141,621,488,1.00123,10787,10.7738
0250401074100030c043a000a00000c7,2,1,60,164,141,621,488,1.00123,10783,10.7698
0250401074100030c043a000a00000c7,2,1,61,164,141,621,488,1.00123,10803,10.7898
0250401074100030c043a000a00000c7,2,1,62,164,141,621,488,1.00123,10799,10.7858
0250401074100030c043a000a00000c7,2,1,63,164,141,621,488,1.00123,10813,10.7998
0250401074100030c043a000a00000c7,2,1,0,164,141,622,489,1.00123,10753,10.7398
0250401074100030c043a000a00000c7,2,1,1,164,141,622,489,1.00123,10797,10.7838
0250401074100030c043a000a00000c7,2,1,2,164,141,622,489,1.00123,10769,10.7558
0250401074100030c043a000a00000c7,2,1,3,164,141,622,489,1.00123,10799,10.7858
0250401074100030c043a000a00000c7,2,1,4,164,141,622,489,1.00123,10766,10.7528
0250401074100030c043a000a00000c7,2,1,5,164,141,622,489,1.00123,10791,10.7778
0250401074100030c043a000a00000c7,2,1,6,164,141,622,489,1.00123,10779,10.7658
0250401074100030c043a000a00000c7,2,1,7,164,141,622,489,1.00123,10779,10.7658
0250401074100030c043a000a00000c7,2,1,8,164,141,622,489,1.00123,10776,10.7628
0250401074100030c043a000a00000c7,2,1,9,164,141,622,489,1.00123,10794,10.7808
0250401074100030c043a000a00000c7,2,1,10,164,141,622,489,1.00123,10775,10.7618
0250401074100030c043a000a00000c7,2,1,11,164,141,622,489,1.00123,10799,10.7858
0250401074100030c043a000a00000c7,2,1,12,164,141,622,489,1.00123,10774,10.7608
0250401074100030c043a000a00000c7,2,1,13,164,141,622,489,1.00123,10812,10.7988
0250401074100030c043a000a00000c7,2,1,14,164,141,622,489,1.00123,10798,10.7848
0250401074100030c043a000a00000c7,2,1,15,164,141,622,489,1.00123,10793,10.7798
0250401074100030c043a000a00000c7,2,1,16,164,141,622,489,1.00123,10774,10.7608
0250401074100030c043a000a00000c7,2,1,17,164,141,622,489,1.00123,10805,10.7918
0250401074100030c043a000a00000c7,2,1,18,164,141,622,489,1.00123,10793,10.7798
0250401074100030c043a000a00000c7,2,1,19,164,141,622,489,1.00123,10807,10.7938
0250401074100030c043a000a00000c7,2,1,20,164,141,622,489,1.00123,10789,10.7758
0250401074100030c043a000a00000c7,2,1,21,164,141,622,489,1.00123,10812,10.7988
0250401074100030c043a000a00000c7,2,1,22,164,141,622,489,1.00123,10799,10.7858
0250401074100030c043a000a00000c7,2,1,23,164,141,622,489,1.00123,10811,10.7978
0250401074100030c043a000a00000c7,2,1,24,164,141,622,489,1.00123,10798,10.7848
0250401074100030c043a000a00000c7,2,1,25,164,141,622,489,1.00123,10811,10.7978
0250401074100030c043a000a00000c7,2,1,26,164,141,622,489,1.00123,10805,10.7918
0250401074100030c043a000a00000c7,2,1,27,164,141,622,489,1.00123,10808,10.7948
0250401074100030c043a000a00000c7,2,1,28,164,141,622,489,1.00123,0,0
0250401074100030c043a000a00000c7,2,1,29,164,141,622,489,1.00123,10811,10.7978
0250401074100030c043a000a00000c7,2,1,30,164,141,622,489,1.00123,10786,10.7728
0250401074100030c043a000a00000c7,2,1,31,164,141,622,489,1.00123,10803,10.7898
0250401074100030c043a000a00000c7,2,1,32,164,141,622,489,1.00123,10777,10.7638
0250401074100030c043a000a00000c7,2,1,33,164,141,622,489,1.00123,10812,10.7988
0250401074100030c043a000a00000c7,2,1,34,164,141,622,489,1.00123,10797,10.7838
0250401074100030c043a000a00000c7,2,1,35,164,141,622,489,1.00123,10802,10.7888
0250401074100030c043a000a00000c7,2,1,36,164,141,622,489,1.00123,10792,10.7788
0250401074100030c043a000a00000c7,2,1,37,164,141,622,489,1.00123,10807,10.7938
0250401074100030c043a000a00000c7,2,1,38,164,141,622,489,1.00123,10796,10.7828
0250401074100030c043a000a00000c7,2,1,39,164,141,622,489,1.00123,10805,10.7918
0250401074100030c043a000a00000c7,2,1,40,164,141,622,489,1.00123,10799,10.7858
0250401074100030c043a000a00000c7,2,1,41,164,141,622,489,1.00123,10811,10.7978
0250401074100030c043a000a00000c7,2,1,42,164,141,622,489,1.00123,10790,10.7768
0250401074100030c043a000a00000c7,2,1,43,164,141,622,489,1.00123,10797,10.7838
0250401074100030c043a000a00000c7,2,1,44,164,141,622,489,1.00123,10783,10.7698
0250401074100030c043a000a00000c7,2,1,45,164,141,622,489,1.00123,10809,10.7958
0250401074100030c043a000a00000c7,2,1,46,164,141,622,489,1.00123,10809,10.7958
0250401074100030c043a000a00000c7,2,1,47,164,141,622,489,1.00123,10811,10.7978
0250401074100030c043a000a00000c7,2,1,48,164,141,622,489,1.00123,10793,10.7798
0250401074100030c043a000a00000c7,2,1,49,164,141,622,489,1.00123,10810,10.7968
0250401074100030c043a000a00000c7,2,1,50,164,141,622,489,1.00123,10795,10.7818
0250401074100030c043a000a00000c7,2,1,51,164,141,622,489,1.00123,10809,10.7958
0250401074100030c043a000a00000c7,2,1,52,164,141,622,489,1.00123,10794,10.7808
0250401074100030c043a000a00000c7,2,1,53,164,141,622,489,1.00123,10792,10.7788
0250401074100030c043a000a00000c7,2,1,54,164,141,622,489,1.00123,10791,10.7778
0250401074100030c043a000a00000c7,2,1,55,164,141,622,489,1.00123,10777,10.7638
0250401074100030c043a000a00000c7,2,1,56,164,141,622,489,1.00123,10796,10.7828
0250401074100030c043a000a00000c7,2,1,57,164,141,622,489,1.00123,10794,10.7808
0250401074100030c043a000a00000c7,2,1,58,164,141,622,489,1.00123,10803,10.7898
0250401074100030c043a000a00000c7,2,1,59,164,141,622,489,1.00123,10784,10.7708
0250401074100030c043a000a00000c7,2,1,60,164,141,622,489,1.00123,10786,10.7728
0250401074100030c043a000a00000c7,2,1,61,164,141,622,489,1.00123,10798,10.7848
0250401074100030c043a000a00000c7,2,1,62,164,141,622,489,1.00123,10800,10.7868
0250401074100030c043a000a00000c7,2,1,63,164,141,622,489,1.00123,10813,10.7998
0250401074100030c043a000a00000c7,2,1,0,164,141,623,489,1.00123,10709,10.6959
0250401074100030c043a000a00000c7,2,1,1,164,141,623,489,1.00123,10752,10.7388
0250401074100030c043a000a00000c7,2,1,2,164,141,623,489,1.00123,10719,10.7059
0250401074100030c043a000a00000c7,2,1,3,164,141,623,489,1.00123,10753,10.7398
0250401074100030c043a000a00000c7,2,1,4,164,141,623,489,1.00123,10720,10.7069
0250401074100030c043a000a00000c7,2,1,5,164,141,623,489,1.00123,10743,10.7298
0250401074100030c043a000a00000c7,2,1,6,164,141,623,489,1.00123,10725,10.7119
0250401074100030c043a000a00000c7,2,1,7,164,141,623,489,1.00123,10726,10.7129
0250401074100030c043a000a00000c7,2,1,8,164,141,623,489,1.00123,10726,10.7129
0250401074100030c043a000a00000c7,2,1,9,164,141,623,489,1.00123,10749,10.7358
0250401074100030c043a000a00000c7,2,1,10,164,141,623,489,1.00123,10724,10.7109
0250401074100030c043a000a00000c7,2,1,11,164,141,623,489,1.00123,10754,10.7408
0250401074100030c043a000a00000c7,2,1,12,164,141,623,489,1.00123,10724,10.7109
0250401074100030c043a000a00000c7,2,1,13,164,141,623,489,1.00123,10762,10.7488
0250401074100030c043a000a00000c7,2,1,14,164,141,623,489,1.00123,10752,10.7388
0250401074100030c043a000a00000c7,2,1,15,164,141,623,489,1.00123,10749,10.7358
0250401074100030c043a000a00000c7,2,1,16,164,141,623,489,1.00123,10726,10.7129
0250401074100030c043a000a00000c7,2,1,17,164,141,623,489,1.00123,10757,10.7438
0250401074100030c043a000a00000c7,2,1,18,164,141,623,489,1.00123,10747,10.7338
0250401074100030c043a000a00000c7,2,1,19,164,141,623,489,1.00123,10756,10.7428
0250401074100030c043a000a00000c7,2,1,20,164,141,623,489,1.00123,10741,10.7278
0250401074100030c043a000a00000c7,2,1,21,164,141,623,489,1.00123,10761,10.7478
0250401074100030c043a000a00000c7,2,1,22,164,141,623,489,1.00123,10756,10.7428
0250401074100030c043a000a00000c7,2,1,23,164,141,623,489,1.00123,10760,10.7468
0250401074100030c043a000a00000c7,2,1,24,164,141,623,489,1.00123,10753,10.7398
0250401074100030c043a000a00000c7,2,1,25,164,141,623,489,1.00123,10761,10.7478
0250401074100030c043a000a00000c7,2,1,26,164,141,623,489,1.00123,10756,10.7428
0250401074100030c043a000a00000c7,2,1,27,164,141,623,489,1.00123,10756,10.7428
0250401074100030c043a000a00000c7,2,1,28,164,141,623,489,1.00123,0,0
0250401074100030c043a000a00000c7,2,1,29,164,141,623,489,1.00123,10759,10.7458
0250401074100030c043a000a00000c7,2,1,30,164,141,623,489,1.00123,10740,10.7268
0250401074100030c043a000a00000c7,2,1,31,164,141,623,489,1.00123,10755,10.7418
0250401074100030c043a000a00000c7,2,1,32,164,141,623,489,1.00123,10726,10.7129
0250401074100030c043a000a00000c7,2,1,33,164,141,623,489,1.00123,10762,10.7488
0250401074100030c043a000a00000c7,2,1,34,164,141,623,489,1.00123,10750,10.7368
0250401074100030c043a000a00000c7,2,1,35,164,141,623,489,1.00123,10755,10.7418
0250401074100030c043a000a00000c7,2,1,36,164,141,623,489,1.00123,10747,10.7338
0250401074100030c043a000a00000c7,2,1,37,164,141,623,489,1.00123,10757,10.7438
0250401074100030c043a000a00000c7,2,1,38,164,141,623,489,1.00123,10752,10.7388
0250401074100030c043a000a00000c7,2,1,39,164,141,623,489,1.00123,10756,10.7428
0250401074100030c043a000a00000c7,2,1,40,164,141,623,489,1.00123,10753,10.7398
0250401074100030c043a000a00000c7,2,1,41,164,141,623,489,1.00123,10761,10.7478
0250401074100030c043a000a00000c7,2,1,42,164,141,623,489,1.00123,10750,10.7368
0250401074100030c043a000a00000c7,2,1,43,164,141,623,489,1.00123,10756,10.7428
0250401074100030c043a000a00000c7,2,1,44,164,141,623,489,1.00123,10732,10.7189
0250401074100030c043a000a00000c7,2,1,45,164,141,623,489,1.00123,10759,10.7458
0250401074100030c043a000a00000c7,2,1,46,164,141,623,489,1.00123,10761,10.7478
0250401074100030c043a000a00000c7,2,1,47,164,141,623,489,1.00123,10762,10.7488
0250401074100030c043a000a00000c7,2,1,48,164,141,623,489,1.00123,10751,10.7378
0250401074100030c043a000a00000c7,2,1,49,164,141,623,489,1.00123,10760,10.7468
0250401074100030c043a000a00000c7,2,1,50,164,141,623,489,1.00123,10753,10.7398
0250401074100030c043a000a00000c7,2,1,51,164,141,623,489,1.00123,10759,10.7458
0250401074100030c043a000a00000c7,2,1,52,164,141,623,489,1.00123,10753,10.7398
0250401074100030c043a000a00000c7,2,1,53,164,141,623,489,1.00123,10748,10.7348
0250401074100030c043a000a00000c7,2,1,54,164,141,623,489,1.00123,10751,10.7378
0250401074100030c043a000a00000c7,2,1,55,164,141,623,489,1.00123,10727,10.7139
0250401074100030c043a000a00000c7,2,1,56,164,141,623,489,1.00123,10752,10.7388
0250401074100030c043a000a00000c7,2,1,57,164,141,623,489,1.00123,10753,10.7398
0250401074100030c043a000a00000c7,2,1,58,164,141,623,489,1.00123,10759,10.7458
0250401074100030c043a000a00000c7,2,1,59,164,141,623,489,1.00123,10740,10.7268
0250401074100030c043a000a00000c7,2,1,60,164,141,623,489,1.00123,10740,10.7268
0250401074100030c043a000a00000c7,2,1,61,164,141,623,489,1.00123,10755,10.7418
0250401074100030c043a000a00000c7,2,1,62,164,141,623,489,1.00123,10753,10.7398
0250401074100030c043a000a00000c7,2,1,63,164,141,623,489,1.00123,10764,10.7508
0250401074100030c043a000a00000c7,2,1,0,164,141,624,490,1.00123,10774,10.7608
0250401074100030c043a000a00000c7,2,1,1,164,141,624,490,1.00123,10824,10.8107
0250401074100030c043a000a00000c7,2,1,2,164,141,624,490,1.00123,10792,10.7788
0250401074100030c043a000a00000c7,2,1,3,164,141,624,490,1.00123,10823,10.8097
0250401074100030c043a000a00000c7,2,1,4,164,141,624,490,1.00123,10791,10.7778
0250401074100030c043a000a00000c7,2,1,5,164,141,624,490,1.00123,10817,10.8038
0250401074100030c043a000a00000c7,2,1,6,164,141,624,490,1.00123,10803,10.7898
0250401074100030c043a000a00000c7,2,1,7,164,141,624,490,1.00123,10798,10.7848
0250401074100030c043a000a00000c7,2,1,8,164,141,624,490,1.00123,10802,10.7888
0250401074100030c043a000a00000c7,2,1,9,164,141,624,490,1.00123,10821,10.8077
0250401074100030c043a000a00000c7,2,1,10,164,141,624,490,1.00123,10799,10.7858
0250401074100030c043a000a00000c7,2,1,11,164,141,624,490,1.00123,10823,10.8097
0250401074100030c043a000a00000c7,2,1,12,164,141,624,490,1.00123,10798,10.7848
0250401074100030c043a000a00000c7,2,1,13,164,141,624,490,1.00123,10838,10.8247
0250401074100030c043a000a00000c7,2,1,14,164,141,624,490,1.00123,10824,10.8107
0250401074100030c043a000a00000c7,2,1,15,164,141,624,490,1.00123,10820,10.8067
0250401074100030c043a000a00000c7,2,1,16,164,141,624,490,1.00123,10799,10.7858
0250401074100030c043a000a00000c7,2,1,17,164,141,624,490,1.00123,10826,10.8127
0250401074100030c043a000a00000c7,2,1,18,164,141,624,490,1.00123,10816,10.8028
0250401074100030c043a000a00000c7,2,1,19,164,141,624,490,1.00123,10827,10.8137
0250401074100030c043a000a00000c7,2,1,20,164,141,624,490,1.00123,10815,10.8018
0250401074100030c043a000a00000c7,2,1,21,164,141,624,490,1.00123,10837,10.8237
0250401074100030c043a000a00000c7,2,1,22,164,141,624,490,1.00123,10826,10.8127
0250401074100030c043a000a00000c7,2,1,23,164,141,624,490,1.00123,10835,10.8217
0250401074100030c043a000a00000c7,2,1,24,164,141,624,490,1.00123,10822,10.8087
0250401074100030c043a000a00000c7,2,1,25,164,141,624,490,1.00123,10837,10.8237
0250401074100030c043a000a00000c7,2,1,26,164,141,624,490,1.00123,10826,10.8127
0250401074100030c043a000a00000c7,2,1,27,164,141,624,490,1.00123,10827,10.8137
0250401074100030c043a000a00000c7,2,1,28,164,141,624,490,1.00123,0,0
0250401074100030c043a000a00000c7,2,1,29,164,141,624,490,1.00123,10833,10.8197
0250401074100030c043a000a00000c7,2,1,30,164,141,624,490,1.00123,10811,10.7978
0250401074100030c043a000a00000c7,2,1,31,164,141,624,490,1.00123,10824,10.8107
0250401074100030c043a000a00000c7,2,1,32,164,141,624,490,1.00123,10802,10.7888
0250401074100030c043a000a00000c7,2,1,33,164,141,624,490,1.00123,10838,10.8247
0250401074100030c043a000a00000c7,2,1,34,164,141,624,490,1.00123,10820,10.8067
0250401074100030c043a000a00000c7,2,1,35,164,141,624,490,1.00123,10826,10.8127
0250401074100030c043a000a00000c7,2,1,36,164,141,624,490,1.00123,10817,10.8038
0250401074100030c043a000a00000c7,2,1,37,164,141,624,490,1.00123,10827,10.8137
0250401074100030c043a000a00000c7,2,1,38,164,141,624,490,1.00123,10822,10.8087
0250401074100030c043a000a00000c7,2,1,39,164,141,624,490,1.00123,10826,10.8127
0250401074100030c043a000a00000c7,2,1,40,164,141,624,490,1.00123,10823,10.8097
0250401074100030c043a000a00000c7,2,1,41,164,141,624,490,1.00123,10832,10.8187
0250401074100030c043a000a00000c7,2,1,42,164,141,624,490,1.00123,10816,10.8028
0250401074100030c043a000a00000c7,2,1,43,164,141,624,490,1.00123,10823,10.8097
0250401074100030c043a000a00000c7,2,1,44,164,141,624,490,1.00123,10804,10.7908
0250401074100030c043a000a00000c7,2,1,45,164,141,624,490,1.00123,10826,10.8127
0250401074100030c043a000a00000c7,2,1,46,164,141,624,490,1.00123,10829,10.8157
0250401074100030c043a000a00000c7,2,1,47,164,141,624,490,1.00123,10836,10.8227
0250401074100030c043a000a00000c7,2,1,48,164,141,624,490,1.00123,10819,10.8057
0250401074100030c043a000a00000c7,2,1,49,164,141,624,490,1.00123,10831,10.8177
0250401074100030c043a000a00000c7,2,1,50,164,141,624,490,1.00123,10818,10.8048
0250401074100030c043a000a00000c7,2,1,51,164,141,624,490,1.00123,10827,10.8137
0250401074100030c043a000a00000c7,2,1,52,164,141,624,490,1.00123,10821,10.8077
0250401074100030c043a000a00000c7,2,1,53,164,141,624,490,1.00123,10816,10.8028
0250401074100030c043a000a00000c7,2,1,54,164,141,624,490,1.00123,10818,10.8048
0250401074100030c043a000a00000c7,2,1,55,164,141,624,490,1.00123,10799,10.7858
0250401074100030c043a000a00000c7,2,1,56,164,141,624,490,1.00123,10818,10.8048
0250401074100030c043a000a00000c7,2,1,57,164,141,624,490,1.00123,10820,10.8067
0250401074100030c043a000a00000c7,2,1,58,164,141,624,490,1.00123,10823,10.8097
0250401074100030c043a000a00000c7,2,1,59,164,141,624,490,1.00123,10807,10.7938
0250401074100030c043a000a00000c7,2,1,60,164,141,624,490,1.00123,10810,10.7968
0250401074100030c043a000a00000c7,2,1,61,164,141,624,490,1.00123,10823,10.8097
0250401074100030c043a000a00000c7,2,1,62,164,141,624,490,1.00123,10822,10.8087
0250401074100030c043a000a00000c7,2,1,63,164,141,624,490,1.00123,10837,10.8237
0250401074100030c043a000a00000c7,2,1,0,164,141,625,491,1.00123,10736,10.7229
0250401074100030c043a000a00000c7,2,1,1,164,141,625,491,1.00123,10773,10.7598
0250401074100030c043a000a00000c7,2,1,2,164,141,625,491,1.00123,10745,10.7318
0250401074100030c043a000a00000c7,2,1,3,164,141,625,491,1.00123,10776,10.7628
0250401074100030c043a000a00000c7,2,1,4,164,141,625,491,1.00123,10745,10.7318
0250401074100030c043a000a00000c7,2,1,5,164,141,625,491,1.00123,10765,10.7518
0250401074100030c043a000a00000c7,2,1,6,164,141,625,491,1.00123,10753,10.7398
0250401074100030c043a000a00000c7,2,1,7,164,141,625,491,1.00123,10749,10.7358
0250401074100030c043a000a00000c7,2,1,8,164,141,625,491,1.00123,10752,10.7388
0250401074100030c043a000a00000c7,2,1,9,164,141,625,491,1.00123,10772,10.7588
0250401074100030c043a000a00000c7,2,1,10,164,141,625,491,1.00123,10752,10.7388
0250401074100030c043a000a00000c7,2,1,11,164,141,625,491,1.00123,10774,10.7608
0250401074100030c043a000a00000c7,2,1,12,164,141,625,491,1.00123,10750,10.7368
0250401074100030c043a000a00000c7,2,1,13,164,141,625,491,1.00123,10791,10.7778
0250401074100030c043a000a00000c7,2,1,14,164,141,625,491,1.00123,10775,10.7618
0250401074100030c043a000a00000c7,2,1,15,164,141,625,491,1.00123,10770,10.7568
0250401074100030c043a000a00000c7,2,1,16,164,141,625,491,1.00123,10753,10.7398
0250401074100030c043a000a00000c7,2,1,17,164,141,625,491,1.00123,10781,10.7678
0250401074100030c043a000a00000c7,2,1,18,164,141,625,491,1.00123,10771,10.7578
0250401074100030c043a000a00000c7,2,1,19,164,141,625,491,1.00123,10780,10.7668
0250401074100030c043a000a00000c7,2,1,20,164,141,625,491,1.00123,10764,10.7508
0250401074100030c043a000a00000c7,2,1,21,164,141,625,491,1.00123,10791,10.7778
0250401074100030c043a000a00000c7,2,1,22,164,141,625,491,1.00123,10776,10.7628
0250401074100030c043a000a00000c7,2,1,23,164,141,625,491,1.00123,10789,10.7758
0250401074100030c043a000a00000c7,2,1,24,164,141,625,491,1.00123,10774,10.7608
0250401074100030c043a000a00000c7,2,1,25,164,141,625,491,1.00123,10788,10.7748
0250401074100030c043a000a00000c7,2,1,26,164,141,625,491,1.00123,10779,10.7658
0250401074100030c043a000a00000c7,2,1,27,164,141,625,491,1.00123,10784,10.7708
0250401074100030c043a000a00000c7,2,1,28,164,141,625,491,1.00123,0,0
0250401074100030c043a000a00000c7,2,1,29,164,141,625,491,1.00123,10788,10.7748
0250401074100030c043a000a00000c7,2,1,30,164,141,625,491,1.00123,10764,10.7508
0250401074100030c043a000a00000c7,2,1,31,164,141,625,491,1.00123,10778,10.7648
0250401074100030c043a000a00000c7,2,1,32,164,141,625,491,1.00123,10752,10.7388
0250401074100030c043a000a00000c7,2,1,33,164,141,625,491,1.00123,10791,10.7778
0250401074100030c043a000a00000c7,2,1,34,164,141,625,491,1.00123,10773,10.7598
0250401074100030c043a000a00000c7,2,1,35,164,141,625,491,1.00123,10777,10.7638
0250401074100030c043a000a00000c7,2,1,36,164,141,625,491,1.00123,10767,10.7538
0250401074100030c043a000a00000c7,2,1,37,164,141,625,491,1.00123,10782,10.7688
0250401074100030c043a000a00000c7,2,1,38,164,141,625,491,1.00123,10774,10.7608
0250401074100030c043a000a00000c7,2,1,39,164,141,625,491,1.00123,10780,10.7668
0250401074100030c043a000a00000c7,2,1,40,164,141,625,491,1.00123,10774,10.7608
0250401074100030c043a000a00000c7,2,1,41,164,141,625,491,1.00123,10790,10.7768
0250401074100030c043a000a00000c7,2,1,42,164,141,625,491,1.00123,10768,10.7548
0250401074100030c043a000a00000c7,2,1,43,164,141,625,491,1.00123,10773,10.7598
0250401074100030c043a000a00000c7,2,1,44,164,141,625,491,1.00123,10756,10.7428
0250401074100030c043a000a00000c7,2,1,45,164,141,625,491,1.00123,10781,10.7678
0250401074100030c043a000a00000c7,2,1,46,164,141,625,491,1.00123,10789,10.7758
0250401074100030c043a000a00000c7,2,1,47,164,141,625,491,1.00123,10790,10.7768
0250401074100030c043a000a00000c7,2,1,48,164,141,625,491,1.00123,10769,10.7558
0250401074100030c043a000a00000c7,2,1,49,164,141,625,491,1.00123,10790,10.7768
0250401074100030c043a000a00000c7,2,1,50,164,141,625,491,1.00123,10775,10.7618
0250401074100030c043a000a00000c7,2,1,51,164,141,625,491,1.00123,10783,10.7698
0250401074100030c043a000a00000c7,2,1,52,164,141,625,491,1.00123,10775,10.7618
0250401074100030c043a000a00000c7,2,1,53,164,141,625,491,1.00123,10765,10.7518
0250401074100030c043a000a00000c7,2,1,54,164,141,625,491,1.00123,10771,10.7578
0250401074100030c043a000a00000c7,2,1,55,164,141,625,491,1.00123,10752,10.7388
0250401074100030c043a000a00000c7,2,1,56,164,141,625,491,1.00123,10769,10.7558
0250401074100030c043a000a00000c7,2,1,57,164,141,625,491,1.00123,10769,10.7558
0250401074100030c043a000a00000c7,2,1,58,164,141,625,491,1.00123,10776,10.7628
0250401074100030c043a000a00000c7,2,1,59,164,141,625,491,1.00123,10762,10.7488
0250401074100030c043a000a00000c7,2,1,60,164,141,625,491,1.00123,10760,10.7468
0250401074100030c043a000a00000c7,2,1,61,164,141,625,491,1.00123,10775,10.7618
0250401074100030c043a000a00000c7,2,1,62,164,141,625,491,1.00123,10773,10.7598
0250401074100030c043a000a00000c7,2,1,63,164,141,625,491,1.00123,10793,10.7798
0250401074100030c043a000a00000c7,2,1,0,164,141,626,492,1.00123,10779,10.7658
0250401074100030c043a000a00000c7,2,1,1,164,141,626,492,1.00123,10822,10.8087
0250401074100030c043a000a00000c7,2,1,2,164,141,626,492,1.00123,10790,10.7768
0250401074100030c043a000a00000c7,2,1,3,164,141,626,492,1.00123,10823,10.8097
0250401074100030c043a000a00000c7,2,1,4,164,141,626,492,1.00123,10788,10.7748
0250401074100030c043a000a00000c7,2,1,5,164,141,626,492,1.00123,10812,10.7988
0250401074100030c043a000a00000c7,2,1,6,164,141,626,492,1.00123,10797,10.7838
0250401074100030c043a000a00000c7,2,1,7,164,141,626,492,1.00123,10794,10.7808
0250401074100030c043a000a00000c7,2,1,8,164,141,626,492,1.00123,10796,10.7828
0250401074100030c043a000a00000c7,2,1,9,164,141,626,492,1.00123,10818,10.8048
0250401074100030c043a000a00000c7,2,1,10,164,141,626,492,1.00123,10796,10.7828
0250401074100030c043a000a00000c7,2,1,11,164,141,626,492,1.00123,10824,10.8107
0250401074100030c043a000a00000c7,2,1,12,164,141,626,492,1.00123,10795,10.7818
0250401074100030c043a000a00000c7,2,1,13,164,141,626,492,1.00123,10845,10.8317
0250401074100030c043a000a00000c7,2,1,14,164,141,626,492,1.00123,10822,10.8087
0250401074100030c043a000a00000c7,2,1,15,164,141,626,492,1.00123,10816,10.8028
0250401074100030c043a000a00000c7,2,1,16,164,141,626,492,1.00123,10796,10.7828
0250401074100030c043a000a00000c7,2,1,17,164,141,626,492,1.00123,10832,10.8187
0250401074100030c043a000a00000c7,2,1,18,164,141,626,492,1.00123,10815,10.8018
0250401074100030c043a000a00000c7,2,1,19,164,141,626,492,1.00123,10835,10.8217
0250401074100030c043a000a00000c7,2,1,20,164,141,626,492,1.00123,10809,10.7958
0250401074100030c043a000a00000c7,2,1,21,164,141,626,492,1.00123,10843,10.8297
0250401074100030c043a000a00000c7,2,1,22,164,141,626,492,1.00123,10829,10.8157
0250401074100030c043a000a00000c7,2,1,23,164,141,626,492,1.00123,10837,10.8237
0250401074100030c043a000a00000c7,2,1,24,164,141,626,492,1.00123,10827,10.8137
0250401074100030c043a000a00000c7,2,1,25,164,141,626,492,1.00123,10837,10.8237
0250401074100030c043a000a00000c7,2,1,26,164,141,626,492,1.00123,10831,10.8177
0250401074100030c043a000a00000c7,2,1,27,164,141,626,492,1.00123,10835,10.8217
0250401074100030c043a000a00000c7,2,1,28,164,141,626,492,1.00123,0,0
0250401074100030c043a000a00000c7,2,1,29,164,141,626,492,1.00123,10837,10.8237
0250401074100030c043a000a00000c7,2,1,30,164,141,626,492,1.00123,10807,10.7938
0250401074100030c043a000a00000c7,2,1,31,164,141,626,492,1.00123,10827,10.8137
0250401074100030c043a000a00000c7,2,1,32,164,141,626,492,1.00123,10796,10.7828
0250401074100030c043a000a00000c7,2,1,33,164,141,626,492,1.00123,10845,10.8317
0250401074100030c043a000a00000c7,2,1,34,164,141,626,492,1.00123,10818,10.8048
0250401074100030c043a000a00000c7,2,1,35,164,141,626,492,1.00123,10831,10.8177
0250401074100030c043a000a00000c7,2,1,36,164,141,626,492,1.00123,10813,10.7998
0250401074100030c043a000a00000c7,2,1,37,164,141,626,492,1.00123,10833,10.8197
0250401074100030c043a000a00000c7,2,1,38,164,141,626,492,1.00123,10820,10.8067
0250401074100030c043a000a00000c7,2,1,39,164,141,626,492,1.00123,10834,10.8207
0250401074100030c043a000a00000c7,2,1,40,164,141,626,492,1.00123,10822,10.8087
0250401074100030c043a000a00000c7,2,1,41,164,141,626,492,1.00123,10837,10.8237
0250401074100030c043a000a00000c7,2,1,42,164,141,626,492,1.00123,10811,10.7978
0250401074100030c043a000a00000c7,2,1,43,164,141,626,492,1.00123,10822,10.8087
0250401074100030c043a000a00000c7,2,1,44,164,141,626,492,1.00123,10799,10.7858
0250401074100030c043a000a00000c7,2,1,45,164,141,626,492,1.00123,10834,10.8207
0250401074100030c043a000a00000c7,2,1,46,164,141,626,492,1.00123,10835,10.8217
0250401074100030c043a000a00000c7,2,1,47,164,141,626,492,1.00123,10837,10.8237
0250401074100030c043a000a00000c7,2,1,48,164,141,626,492,1.00123,10816,10.8028
0250401074100030c043a000a00000c7,2,1,49,164,141,626,492,1.00123,10836,10.8227
0250401074100030c043a000a00000c7,2,1,50,164,141,626,492,1.00123,10819,10.8057
0250401074100030c043a000a00000c7,2,1,51,164,141,626,492,1.00123,10834,10.8207
0250401074100030c043a000a00000c7,2,1,52,164,141,626,492,1.00123,10818,10.8048
0250401074100030c043a000a00000c7,2,1,53,164,141,626,492,1.00123,10810,10.7968
0250401074100030c043a000a00000c7,2,1,54,164,141,626,492,1.00123,10811,10.7978
0250401074100030c043a000a00000c7,2,1,55,164,141,626,492,1.00123,10796,10.7828
0250401074100030c043a000a00000c7,2,1,56,164,141,626,492,1.00123,10818,10.8048
0250401074100030c043a000a00000c7,2,1,57,164,141,626,492,1.00123,10816,10.8028
0250401074100030c043a000a00000c7,2,1,58,164,141,626,492,1.00123,10825,10.8117
0250401074100030c043a000a00000c7,2,1,59,164,141,626,492,1.00123,10801,10.7878
0250401074100030c043a000a00000c7,2,1,60,164,141,626,492,1.00123,10803,10.7898
0250401074100030c043a000a00000c7,2,1,61,164,141,626,492,1.00123,10818,10.8048
0250401074100030c043a000a00000c7,2,1,62,164,141,626,492,1.00123,10815,10.8018
0250401074100030c043a000a00000c7,2,1,63,164,141,626,492,1.00123,10847,10.8337
0250401074100030c043a000a00000c7,2,1,0,164,141,627,493,1.0027,10746,10.7171
0250401074100030c043a000a00000c7,2,1,1,164,141,627,493,1.0027,10797,10.7679
0250401074100030c043a000a00000c7,2,1,2,164,141,627,493,1.0027,10760,10.731
0250401074100030c043a000a00000c7,2,1,3,164,141,627,493,1.0027,10800,10.7709
0250401074100030c043a000a00000c7,2,1,4,164,141,627,493,1.0027,10761,10.732
0250401074100030c043a000a00000c7,2,1,5,164,141,627,493,1.0027,10790,10.7609
0250401074100030c043a000a00000c7,2,1,6,164,141,627,493,1.0027,10776,10.747
0250401074100030c043a000a00000c7,2,1,7,164,141,627,493,1.0027,10773,10.744
0250401074100030c043a000a00000c7,2,1,8,164,141,627,493,1.0027,10776,10.747
0250401074100030c043a000a00000c7,2,1,9,164,141,627,493,1.0027,10795,10.7659
0250401074100030c043a000a00000c7,2,1,10,164,141,627,493,1.0027,10771,10.742
0250401074100030c043a000a00000c7,2,1,11,164,141,627,493,1.0027,10801,10.7719
0250401074100030c043a000a00000c7,2,1,12,164,141,627,493,1.0027,10767,10.738
0250401074100030c043a000a00000c7,2,1,13,164,141,627,493,1.0027,10815,10.7859
0250401074100030c043a000a00000c7,2,1,14,164,141,627,493,1.0027,10799,10.7699
0250401074100030c043a000a00000c7,2,1,15,164,141,627,493,1.0027,10792,10.7629
0250401074100030c043a000a00000c7,2,1,16,164,141,627,493,1.0027,10769,10.74
0250401074100030c043a000a00000c7,2,1,17,164,141,627,493,1.0027,10808,10.7789
0250401074100030c043a000a00000c7,2,1,18,164,141,627,493,1.0027,10793,10.7639
0250401074100030c043a000a00000c7,2,1,19,164,141,627,493,1.0027,10808,10.7789
0250401074100030c043a000a00000c7,2,1,20,164,141,627,493,1.0027,10790,10.7609
0250401074100030c043a000a00000c7,2,1,21,164,141,627,493,1.0027,10812,10.7829
0250401074100030c043a000a00000c7,2,1,22,164,141,627,493,1.0027,10802,10.7729
0250401074100030c043a000a00000c7,2,1,23,164,141,627,493,1.0027,10811,10.7819
0250401074100030c043a000a00000c7,2,1,24,164,141,627,493,1.0027,10799,10.7699
0250401074100030c043a000a00000c7,2,1,25,164,141,627,493,1.0027,10811,10.7819
0250401074100030c043a000a00000c7,2,1,26,164,141,627,493,1.0027,10805,10.7759
0250401074100030c043a000a00000c7,2,1,27,164,141,627,493,1.0027,10808,10.7789
0250401074100030c043a000a00000c7,2,1,28,164,141,627,493,1.0027,0,0
0250401074100030c043a000a00000c7,2,1,29,164,141,627,493,1.0027,10811,10.7819
0250401074100030c043a000a00000c7,2,1,30,164,141,627,493,1.0027,10787,10.7579
0250401074100030c043a000a00000c7,2,1,31,164,141,627,493,1.0027,10805,10.7759
0250401074100030c043a000a00000c7,2,1,32,164,141,627,493,1.0027,10774,10.745
0250401074100030c043a000a00000c7,2,1,33,164,141,627,493,1.0027,10815,10.7859
0250401074100030c043a000a00000c7,2,1,34,164,141,627,493,1.0027,10797,10.7679
0250401074100030c043a000a00000c7,2,1,35,164,141,627,493,1.0027,10804,10.7749
0250401074100030c043a000a00000c7,2,1,36,164,141,627,493,1.0027,10791,10.7619
0250401074100030c043a000a00000c7,2,1,37,164,141,627,493,1.0027,10807,10.7779
0250401074100030c043a000a00000c7,2,1,38,164,141,627,493,1.0027,10799,10.7699
0250401074100030c043a000a00000c7,2,1,39,164,141,627,493,1.0027,10808,10.7789
0250401074100030c043a000a00000c7,2,1,40,164,141,627,493,1.0027,10803,10.7739
0250401074100030c043a000a00000c7,2,1,41,164,141,627,493,1.0027,10813,10.7839
0250401074100030c043a000a00000c7,2,1,42,164,141,627,493,1.0027,10791,10.7619
0250401074100030c043a000a00000c7,2,1,43,164,141,627,493,1.0027,10803,10.7739
0250401074100030c043a000a00000c7,2,1,44,164,141,627,493,1.0027,10780,10.751
0250401074100030c043a000a00000c7,2,1,45,164,141,627,493,1.0027,10810,10.7809
0250401074100030c043a000a00000c7,2,1,46,164,141,627,493,1.0027,10812,10.7829
0250401074100030c043a000a00000c7,2,1,47,164,141,627,493,1.0027,10813,10.7839
0250401074100030c043a000a00000c7,2,1,48,164,141,627,493,1.0027,10796,10.7669
0250401074100030c043a000a00000c7,2,1,49,164,141,627,493,1.0027,10812,10.7829
0250401074100030c043a000a00000c7,2,1,50,164,141,627,493,1.0027,10797,10.7679
0250401074100030c043a000a00000c7,2,1,51,164,141,627,493,1.0027,10811,10.7819
0250401074100030c043a000a00000c7,2,1,52,164,141,627,493,1.0027,10800,10.7709
0250401074100030c043a000a00000c7,2,1,53,164,141,627,493,1.0027,10789,10.7599
0250401074100030c043a000a00000c7,2,1,54,164,141,627,493,1.0027,10792,10.7629
0250401074100030c043a000a00000c7,2,1,55,164,141,627,493,1.0027,10772,10.743
0250401074100030c043a000a00000c7,2,1,56,164,141,627,493,1.0027,10797,10.7679
0250401074100030c043a000a00000c7,2,1,57,164,141,627,493,1.0027,10798,10.7689
0250401074100030c043a000a00000c7,2,1,58,164,141,627,493,1.0027,10801,10.7719
0250401074100030c043a000a00000c7,2,1,59,164,141,627,493,1.0027,10784,10.755
0250401074100030c043a000a00000c7,2,1,60,164,141,627,493,1.0027,10784,10.755
0250401074100030c043a000a00000c7,2,1,61,164,141,627,493,1.0027,10798,10.7689
0250401074100030c043a000a00000c7,2,1,62,164,141,627,493,1.0027,10797,10.7679
0250401074100030c043a000a00000c7,2,1,63,164,141,627,493,1.0027,10817,10.7879
0250401074100030c043a000a00000c7,2,1,0,164,141,628,493,1.0027,10743,10.7141
0250401074100030c043a000a00000c7,2,1,1,164,141,628,493,1.0027,10792,10.7629
0250401074100030c043a000a00000c7,2,1,2,164,141,628,493,1.0027,10760,10.731
0250401074100030c043a000a00000c7,2,1,3,164,141,628,493,1.0027,10799,10.7699
0250401074100030c043a000a00000c7,2,1,4,164,141,628,493,1.0027,10758,10.729
0250401074100030c043a000a00000c7,2,1,5,164,141,628,493,1.0027,10784,10.755
0250401074100030c043a000a00000c7,2,1,6,164,141,628,493,1.0027,10774,10.745
0250401074100030c043a000a00000c7,2,1,7,164,141,628,493,1.0027,10766,10.737
0250401074100030c043a000a00000c7,2,1,8,164,141,628,493,1.0027,10775,10.746
0250401074100030c043a000a00000c7,2,1,9,164,141,628,493,1.0027,10789,10.7599
0250401074100030c043a000a00000c7,2,1,10,164,141,628,493,1.0027,10770,10.741
0250401074100030c043a000a00000c7,2,1,11,164,141,628,493,1.0027,10799,10.7699
0250401074100030c043a000a00000c7,2,1,12,164,141,628,493,1.0027,10770,10.741
0250401074100030c043a000a00000c7,2,1,13,164,141,628,493,1.0027,10829,10.7998
0250401074100030c043a000a00000c7,2,1,14,164,141,628,493,1.0027,10798,10.7689
0250401074100030c043a000a00000c7,2,1,15,164,141,628,493,1.0027,10792,10.7629
0250401074100030c043a000a00000c7,2,1,16,164,141,628,493,1.0027,10772,10.743
0250401074100030c043a000a00000c7,2,1,17,164,141,628,493,1.0027,10809,10.7799
0250401074100030c043a000a00000c7,2,1,18,164,141,628,493,1.0027,10793,10.7639
0250401074100030c043a000a00000c7,2,1,19,164,141,628,493,1.0027,10813,10.7839
0250401074100030c043a000a00000c7,2,1,20,164,141,628,493,1.0027,10787,10.7579
0250401074100030c043a000a00000c7,2,1,21,164,141,628,493,1.0027,10821,10.7919
0250401074100030c043a000a00000c7,2,1,22,164,141,628,493,1.0027,10806,10.7769
0250401074100030c043a000a00000c7,2,1,23,164,141,628,493,1.0027,10819,10.7899
0250401074100030c043a000a00000c7,2,1,24,164,141,628,493,1.0027,10802,10.7729
0250401074100030c043a000a00000c7,2,1,25,164,141,628,493,1.0027,10819,10.7899
0250401074100030c043a000a00000c7,2,1,26,164,141,628,493,1.0027,10811,10.7819
0250401074100030c043a000a00000c7,2,1,27,164,141,628,493,1.0027,10814,10.7849
0250401074100030c043a000a00000c7,2,1,28,164,141,628,493,1.0027,0,0
0250401074100030c043a000a00000c7,2,1,29,164,141,628,493,1.0027,10817,10.7879
0250401074100030c043a000a00000c7,2,1,30,164,141,628,493,1.0027,10783,10.754
0250401074100030c043a000a00000c7,2,1,31,164,141,628,493,1.0027,10804,10.7749
0250401074100030c043a000a00000c7,2,1,32,164,141,628,493,1.0027,10772,10.743
0250401074100030c043a000a00000c7,2,1,33,164,141,628,493,1.0027,10827,10.7978
0250401074100030c043a000a00000c7,2,1,34,164,141,628,493,1.0027,10796,10.7669
0250401074100030c043a000a00000c7,2,1,35,164,141,628,493,1.0027,10806,10.7769
0250401074100030c043a000a00000c7,2,1,36,164,141,628,493,1.0027,10790,10.7609
0250401074100030c043a000a00000c7,2,1,37,164,141,628,493,1.0027,10812,10.7829
0250401074100030c043a000a00000c7,2,1,38,164,141,628,493,1.0027,10796,10.7669
0250401074100030c043a000a00000c7,2,1,39,164,141,628,493,1.0027,10809,10.7799
0250401074100030c043a000a00000c7,2,1,40,164,141,628,493,1.0027,10797,10.7679
0250401074100030c043a000a00000c7,2,1,41,164,141,628,493,1.0027,10815,10.7859
0250401074100030c043a000a00000c7,2,1,42,164,141,628,493,1.0027,10788,10.7589
0250401074100030c043a000a00000c7,2,1,43,164,141,628,493,1.0027,10798,10.7689
0250401074100030c043a000a00000c7,2,1,44,164,141,628,493,1.0027,10779,10.75
0250401074100030c043a000a00000c7,2,1,45,164,141,628,493,1.0027,10812,10.7829
0250401074100030c043a000a00000c7,2,1,46,164,141,628,493,1.0027,10817,10.7879
0250401074100030c043a000a00000c7,2,1,47,164,141,628,493,1.0027,10819,10.7899
0250401074100030c043a000a00000c7,2,1,48,164,141,628,493,1.0027,10792,10.7629
0250401074100030c043a000a00000c7,2,1,49,164,141,628,493,1.0027,10814,10.7849
0250401074100030c043a000a00000c7,2,1,50,164,141,628,493,1.0027,10792,10.7629
0250401074100030c043a000a00000c7,2,1,51,164,141,628,493,1.0027,10814,10.7849
0250401074100030c043a000a00000c7,2,1,52,164,141,628,493,1.0027,10792,10.7629
0250401074100030c043a000a00000c7,2,1,53,164,141,628,493,1.0027,10785,10.756
0250401074100030c043a000a00000c7,2,1,54,164,141,628,493,1.0027,10788,10.7589
0250401074100030c043a000a00000c7,2,1,55,164,141,628,493,1.0027,10763,10.734
0250401074100030c043a000a00000c7,2,1,56,164,141,628,493,1.0027,10793,10.7639
0250401074100030c043a000a00000c7,2,1,57,164,141,628,493,1.0027,10793,10.7639
0250401074100030c043a000a00000c7,2,1,58,164,141,628,493,1.0027,10799,10.7699
0250401074100030c043a000a00000c7,2,1,59,164,141,628,493,1.0027,10777,10.748
0250401074100030c043a000a00000c7,2,1,60,164,141,628,493,1.0027,10774,10.745
0250401074100030c043a000a00000c7,2,1,61,164,141,628,493,1.0027,10795,10.7659
0250401074100030c043a000a00000c7,2,1,62,164,141,628,493,1.0027,10793,10.7639
0250401074100030c043a000a00000c7,2,1,63,164,141,628,493,1.0027,10829,10.7998
0250401074100030c043a000a00000c7,2,1,0,164,141,629,494,1.0027,10722,10.6931
0250401074100030c043a000a00000c7,2,1,1,164,141,629,494,1.0027,10766,10.737
0250401074100030c043a000a00000c7,2,1,2,164,141,629,494,1.0027,10738,10.7091
0250401074100030c043a000a00000c7,2,1,3,164,141,629,494,1.0027,10775,10.746
0250401074100030c043a000a00000c7,2,1,4,164,141,629,494,1.0027,10738,10.7091
0250401074100030c043a000a00000c7,2,1,5,164,141,629,494,1.0027,10762,10.733
0250401074100030c043a000a00000c7,2,1,6,164,141,629,494,1.0027,10752,10.723
0250401074100030c043a000a00000c7,2,1,7,164,141,629,494,1.0027,10745,10.7161
0250401074100030c043a000a00000c7,2,1,8,164,141,629,494,1.0027,10752,10.723
0250401074100030c043a000a00000c7,2,1,9,164,141,629,494,1.0027,10767,10.738
0250401074100030c043a000a00000c7,2,1,10,164,141,629,494,1.0027,10747,10.7181
0250401074100030c043a000a00000c7,2,1,11,164,141,629,494,1.0027,10773,10.744
0250401074100030c043a000a00000c7,2,1,12,164,141,629,494,1.0027,10748,10.719
0250401074100030c043a000a00000c7,2,1,13,164,141,629,494,1.0027,10801,10.7719
0250401074100030c043a000a00000c7,2,1,14,164,141,629,494,1.0027,10772,10.743
0250401074100030c043a000a00000c7,2,1,15,164,141,629,494,1.0027,10767,10.738
0250401074100030c043a000a00000c7,2,1,16,164,141,629,494,1.0027,10751,10.722
0250401074100030c043a000a00000c7,2,1,17,164,141,629,494,1.0027,10784,10.755
0250401074100030c043a000a00000c7,2,1,18,164,141,629,494,1.0027,10767,10.738
0250401074100030c043a000a00000c7,2,1,19,164,141,629,494,1.0027,10789,10.7599
0250401074100030c043a000a00000c7,2,1,20,164,141,629,494,1.0027,10765,10.736
0250401074100030c043a000a00000c7,2,1,21,164,141,629,494,1.0027,10797,10.7679
0250401074100030c043a000a00000c7,2,1,22,164,141,629,494,1.0027,10779,10.75
0250401074100030c043a000a00000c7,2,1,23,164,141,629,494,1.0027,10793,10.7639
0250401074100030c043a000a00000c7,2,1,24,164,141,629,494,1.0027,10775,10.746
0250401074100030c043a000a00000c7,2,1,25,164,141,629,494,1.0027,10794,10.7649
0250401074100030c043a000a00000c7,2,1,26,164,141,629,494,1.0027,10786,10.7569
0250401074100030c043a000a00000c7,2,1,27,164,141,629,494,1.0027,10790,10.7609
0250401074100030c043a000a00000c7,2,1,28,164,141,629,494,1.0027,0,0
0250401074100030c043a000a00000c7,2,1,29,164,141,629,494,1.0027,10794,10.7649
0250401074100030c043a000a00000c7,2,1,30,164,141,629,494,1.0027,10762,10.733
0250401074100030c043a000a00000c7,2,1,31,164,141,629,494,1.0027,10780,10.751
0250401074100030c043a000a00000c7,2,1,32,164,141,629,494,1.0027,10750,10.721
0250401074100030c043a000a00000c7,2,1,33,164,141,629,494,1.0027,10800,10.7709
0250401074100030c043a000a00000c7,2,1,34,164,141,629,494,1.0027,10768,10.739
0250401074100030c043a000a00000c7,2,1,35,164,141,629,494,1.0027,10781,10.752
0250401074100030c043a000a00000c7,2,1,36,164,141,629,494,1.0027,10766,10.737
0250401074100030c043a000a00000c7,2,1,37,164,141,629,494,1.0027,10788,10.7589
0250401074100030c043a000a00000c7,2,1,38,164,141,629,494,1.0027,10771,10.742
0250401074100030c043a000a00000c7,2,1,39,164,141,629,494,1.0027,10785,10.756
0250401074100030c043a000a00000c7,2,1,40,164,141,629,494,1.0027,10772,10.743
0250401074100030c043a000a00000c7,2,1,41,164,141,629,494,1.0027,10794,10.7649
0250401074100030c043a000a00000c7,2,1,42,164,141,629,494,1.0027,10767,10.738
0250401074100030c043a000a00000c7,2,1,43,164,141,629,494,1.0027,10771,10.742
0250401074100030c043a000a00000c7,2,1,44,164,141,629,494,1.0027,10760,10.731
0250401074100030c043a000a00000c7,2,1,45,164,141,629,494,1.0027,10787,10.7579
0250401074100030c043a000a00000c7,2,1,46,164,141,629,494,1.0027,10792,10.7629
0250401074100030c043a000a00000c7,2,1,47,164,141,629,494,1.0027,10797,10.7679
0250401074100030c043a000a00000c7,2,1,48,164,141,629,494,1.0027,10766,10.737
0250401074100030c043a000a00000c7,2,1,49,164,141,629,494,1.0027,10793,10.7639
0250401074100030c043a000a00000c7,2,1,50,164,141,629,494,1.0027,10768,10.739
0250401074100030c043a000a00000c7,2,1,51,164,141,629,494,1.0027,10789,10.7599
0250401074100030c043a000a00000c7,2,1,52,164,141,629,494,1.0027,10771,10.742
0250401074100030c043a000a00000c7,2,1,53,164,141,629,494,1.0027,10765,10.736
0250401074100030c043a000a00000c7,2,1,54,164,141,629,494,1.0027,10764,10.735
0250401074100030c043a000a00000c7,2,1,55,164,141,629,494,1.0027,10745,10.7161
0250401074100030c043a000a00000c7,2,1,56,164,141,629,494,1.0027,10768,10.739
0250401074100030c043a000a00000c7,2,1,57,164,141,629,494,1.0027,10769,10.74
0250401074100030c043a000a00000c7,2,1,58,164,141,629,494,1.0027,10775,10.746
0250401074100030c043a000a00000c7,2,1,59,164,141,629,494,1.0027,10759,10.73
0250401074100030c043a000a00000c7,2,1,60,164,141,629,494,1.0027,10759,10.73
0250401074100030c043a000a00000c7,2,1,61,164,141,629,494,1.0027,10771,10.742
0250401074100030c043a000a00000c7,2,1,62,164,141,629,494,1.0027,10766,10.737
0250401074100030c043a000a00000c7,2,1,63,164,141,629,494,1.0027,10802,10.7729
0250401074100030c043a000a00000c7,2,1,0,164,141,630,495,1.0027,10708,10.6792
0250401074100030c043a000a00000c7,2,1,1,164,141,630,495,1.0027,10768,10.739
0250401074100030c043a000a00000c7,2,1,2,164,141,630,495,1.0027,10725,10.6961
0250401074100030c043a000a00000c7,2,1,3,164,141,630,495,1.0027,10774,10.745
0250401074100030c043a000a00000c7,2,1,4,164,141,630,495,1.0027,10730,10.7011
0250401074100030c043a000a00000c7,2,1,5,164,141,630,495,1.0027,10763,10.734
0250401074100030c043a000a00000c7,2,1,6,164,141,630,495,1.0027,10749,10.72
0250401074100030c043a000a00000c7,2,1,7,164,141,630,495,1.0027,10740,10.7111
0250401074100030c043a000a00000c7,2,1,8,164,141,630,495,1.0027,10751,10.722
0250401074100030c043a000a00000c7,2,1,9,164,141,630,495,1.0027,10769,10.74
0250401074100030c043a000a00000c7,2,1,10,164,141,630,495,1.0027,10744,10.7151
0250401074100030c043a000a00000c7,2,1,11,164,141,630,495,1.0027,10776,10.747
0250401074100030c043a000a00000c7,2,1,12,164,141,630,495,1.0027,10744,10.7151
0250401074100030c043a000a00000c7,2,1,13,164,141,630,495,1.0027,10802,10.7729
0250401074100030c043a000a00000c7,2,1,14,164,141,630,495,1.0027,10779,10.75
0250401074100030c043a000a00000c7,2,1,15,164,141,630,495,1.0027,10773,10.744
0250401074100030c043a000a00000c7,2,1,16,164,141,630,495,1.0027,10749,10.72
0250401074100030c043a000a00000c7,2,1,17,164,141,630,495,1.0027,10783,10.754
0250401074100030c043a000a00000c7,2,1,18,164,141,630,495,1.0027,10772,10.743
0250401074100030c043a000a00000c7,2,1,19,164,141,630,495,1.0027,10786,10.7569
0250401074100030c043a000a00000c7,2,1,20,164,141,630,495,1.0027,10764,10.735
0250401074100030c043a000a00000c7,2,1,21,164,141,630,495,1.0027,10799,10.7699
0250401074100030c043a000a00000c7,2,1,22,164,141,630,495,1.0027,10782,10.753
0250401074100030c043a000a00000c7,2,1,23,164,141,630,495,1.0027,10793,10.7639
0250401074100030c043a000a00000c7,2,1,24,164,141,630,495,1.0027,10779,10.75
0250401074100030c043a000a00000c7,2,1,25,164,141,630,495,1.0027,10793,10.7639
0250401074100030c043a000a00000c7,2,1,26,164,141,630,495,1.0027,10786,10.7569
0250401074100030c043a000a00000c7,2,1,27,164,141,630,495,1.0027,10785,10.756
0250401074100030c043a000a00000c7,2,1,28,164,141,630,495,1.0027,0,0
0250401074100030c043a000a00000c7,2,1,29,164,141,630,495,1.0027,10790,10.7609
0250401074100030c043a000a00000c7,2,1,30,164,141,630,495,1.0027,10766,10.737
0250401074100030c043a000a00000c7,2,1,31,164,141,630,495,1.0027,10782,10.753
0250401074100030c043a000a00000c7,2,1,32,164,141,630,495,1.0027,10749,10.72
0250401074100030c043a000a00000c7,2,1,33,164,141,630,495,1.0027,10802,10.7729
0250401074100030c043a000a00000c7,2,1,34,164,141,630,495,1.0027,10777,10.748
0250401074100030c043a000a00000c7,2,1,35,164,141,630,495,1.0027,10783,10.754
0250401074100030c043a000a00000c7,2,1,36,164,141,630,495,1.0027,10768,10.739
0250401074100030c043a000a00000c7,2,1,37,164,141,630,495,1.0027,10785,10.756
0250401074100030c043a000a00000c7,2,1,38,164,141,630,495,1.0027,10776,10.747
0250401074100030c043a000a00000c7,2,1,39,164,141,630,495,1.0027,10785,10.756
0250401074100030c043a000a00000c7,2,1,40,164,141,630,495,1.0027,10778,10.749
0250401074100030c043a000a00000c7,2,1,41,164,141,630,495,1.0027,10791,10.7619
0250401074100030c043a000a00000c7,2,1,42,164,141,630,495,1.0027,10769,10.74
0250401074100030c043a000a00000c7,2,1,43,164,141,630,495,1.0027,10777,10.748
0250401074100030c043a000a00000c7,2,1,44,164,141,630,495,1.0027,10756,10.727
0250401074100030c043a000a00000c7,2,1,45,164,141,630,495,1.0027,10785,10.756
0250401074100030c043a000a00000c7,2,1,46,164,141,630,495,1.0027,10790,10.7609
0250401074100030c043a000a00000c7,2,1,47,164,141,630,495,1.0027,10793,10.7639
0250401074100030c043a000a00000c7,2,1,48,164,141,630,495,1.0027,10772,10.743
0250401074100030c043a000a00000c7,2,1,49,164,141,630,495,1.0027,10789,10.7599
0250401074100030c043a000a00000c7,2,1,50,164,141,630,495,1.0027,10773,10.744
0250401074100030c043a000a00000c7,2,1,51,164,141,630,495,1.0027,10786,10.7569
0250401074100030c043a000a00000c7,2,1,52,164,141,630,495,1.0027,10775,10.746
0250401074100030c043a000a00000c7,2,1,53,164,141,630,495,1.0027,10763,10.734
0250401074100030c043a000a00000c7,2,1,54,164,141,630,495,1.0027,10768,10.739
0250401074100030c043a000a00000c7,2,1,55,164,141,630,495,1.0027,10743,10.7141
0250401074100030c043a000a00000c7,2,1,56,164,141,630,495,1.0027,10771,10.742
0250401074100030c043a000a00000c7,2,1,57,164,141,630,495,1.0027,10770,10.741
0250401074100030c043a000a00000c7,2,1,58,164,141,630,495,1.0027,10775,10.746
0250401074100030c043a000a00000c7,2,1,59,164,141,630,495,1.0027,10756,10.727
0250401074100030c043a000a00000c7,2,1,60,164,141,630,495,1.0027,10754,10.725
0250401074100030c043a000a00000c7,2,1,61,164,141,630,495,1.0027,10773,10.744
0250401074100030c043a000a00000c7,2,1,62,164,141,630,495,1.0027,10770,10.741
0250401074100030c043a000a00000c7,2,1,63,164,141,630,495,1.0027,10802,10.7729
0250401074100030c043a000a00000c7,2,1,0,164,141,631,496,1.0027,10724,10.6951
0250401074100030c043a000a00000c7,2,1,1,164,141,631,496,1.0027,10770,10.741
0250401074100030c043a000a00000c7,2,1,2,164,141,631,496,1.0027,10735,10.7061
0250401074100030c043a000a00000c7,2,1,3,164,141,631,496,1.0027,10777,10.748
0250401074100030c043a000a00000c7,2,1,4,164,141,631,496,1.0027,10734,10.7051
0250401074100030c043a000a00000c7,2,1,5,164,141,631,496,1.0027,10763,10.734
0250401074100030c043a000a00000c7,2,1,6,164,141,631,496,1.0027,10750,10.721
0250401074100030c043a000a00000c7,2,1,7,164,141,631,496,1.0027,10740,10.7111
0250401074100030c043a000a00000c7,2,1,8,164,141,631,496,1.0027,10747,10.7181
0250401074100030c043a000a00000c7,2,1,9,164,141,631,496,1.0027,10766,10.737
0250401074100030c043a000a00000c7,2,1,10,164,141,631,496,1.0027,10746,10.7171
0250401074100030c043a000a00000c7,2,1,11,164,141,631,496,1.0027,10776,10.747
0250401074100030c043a000a00000c7,2,1,12,164,141,631,496,1.0027,10746,10.7171
0250401074100030c043a000a00000c7,2,1,13,164,141,631,496,1.0027,10801,10.7719
0250401074100030c043a000a00000c7,2,1,14,164,141,631,496,1.0027,10777,10.748
0250401074100030c043a000a00000c7,2,1,15,164,141,631,496,1.0027,10767,10.738
0250401074100030c043a000a00000c7,2,1,16,164,141,631,496,1.0027,10747,10.7181
0250401074100030c043a000a00000c7,2,1,17,164,141,631,496,1.0027,10783,10.754
0250401074100030c043a000a00000c7,2,1,18,164,141,631,496,1.0027,10769,10.74
0250401074100030c043a000a00000c7,2,1,19,164,141,631,496,1.0027,10785,10.756
0250401074100030c043a000a00000c7,2,1,20,164,141,631,496,1.0027,10761,10.732
0250401074100030c043a000a00000c7,2,1,21,164,141,631,496,1.0027,10796,10.7669
0250401074100030c043a000a00000c7,2,1,22,164,141,631,496,1.0027,10783,10.754
0250401074100030c043a000a00000c7,2,1,23,164,141,631,496,1.0027,10791,10.7619
0250401074100030c043a000a00000c7,2,1,24,164,141,631,496,1.0027,10776,10.747
0250401074100030c043a000a00000c7,2,1,25,164,141,631,496,1.0027,10793,10.7639
0250401074100030c043a000a00000c7,2,1,26,164,141,631,496,1.0027,10788,10.7589
0250401074100030c043a000a00000c7,2,1,27,164,141,631,496,1.0027,10789,10.7599
0250401074100030c043a000a00000c7,2,1,28,164,141,631,496,1.0027,0,0
0250401074100030c043a000a00000c7,2,1,29,164,141,631,496,1.0027,10793,10.7639
0250401074100030c043a000a00000c7,2,1,30,164,141,631,496,1.0027,10762,10.733
0250401074100030c043a000a00000c7,2,1,31,164,141,631,496,1.0027,10782,10.753
0250401074100030c043a000a00000c7,2,1,32,164,141,631,496,1.0027,10749,10.72
0250401074100030c043a000a00000c7,2,1,33,164,141,631,496,1.0027,10802,10.7729
0250401074100030c043a000a00000c7,2,1,34,164,141,631,496,1.0027,10775,10.746
0250401074100030c043a000a00000c7,2,1,35,164,141,631,496,1.0027,10781,10.752
0250401074100030c043a000a00000c7,2,1,36,164,141,631,496,1.0027,10767,10.738
0250401074100030c043a000a00000c7,2,1,37,164,141,631,496,1.0027,10789,10.7599
0250401074100030c043a000a00000c7,2,1,38,164,141,631,496,1.0027,10778,10.749
0250401074100030c043a000a00000c7,2,1,39,164,141,631,496,1.0027,10787,10.7579
0250401074100030c043a000a00000c7,2,1,40,164,141,631,496,1.0027,10779,10.75
0250401074100030c043a000a00000c7,2,1,41,164,141,631,496,1.0027,10793,10.7639
0250401074100030c043a000a00000c7,2,1,42,164,141,631,496,1.0027,10766,10.737
0250401074100030c043a000a00000c7,2,1,43,164,141,631,496,1.0027,10777,10.748
0250401074100030c043a000a00000c7,2,1,44,164,141,631,496,1.0027,10753,10.724
0250401074100030c043a000a00000c7,2,1,45,164,141,631,496,1.0027,10789,10.7599
0250401074100030c043a000a00000c7,2,1,46,164,141,631,496,1.0027,10793,10.7639
0250401074100030c043a000a00000c7,2,1,47,164,141,631,496,1.0027,10796,10.7669
0250401074100030c043a000a00000c7,2,1,48,164,141,631,496,1.0027,10773,10.744
0250401074100030c043a000a00000c7,2,1,49,164,141,631,496,1.0027,10791,10.7619
0250401074100030c043a000a00000c7,2,1,50,164,141,631,496,1.0027,10775,10.746
0250401074100030c043a000a00000c7,2,1,51,164,141,631,496,1.0027,10789,10.7599
0250401074100030c043a000a00000c7,2,1,52,164,141,631,496,1.0027,10773,10.744
0250401074100030c043a000a00000c7,2,1,53,164,141,631,496,1.0027,10760,10.731
0250401074100030c043a000a00000c7,2,1,54,164,141,631,496,1.0027,10765,10.736
0250401074100030c043a000a00000c7,2,1,55,164,141,631,496,1.0027,10742,10.7131
0250401074100030c043a000a00000c7,2,1,56,164,141,631,496,1.0027,10769,10.74
0250401074100030c043a000a00000c7,2,1,57,164,141,631,496,1.0027,10770,10.741
0250401074100030c043a000a00000c7,2,1,58,164,141,631,496,1.0027,10774,10.745
0250401074100030c043a000a00000c7,2,1,59,164,141,631,496,1.0027,10752,10.723
0250401074100030c043a000a00000c7,2,1,60,164,141,631,496,1.0027,10749,10.72
0250401074100030c043a000a00000c7,2,1,61,164,141,631,496,1.0027,10774,10.745
0250401074100030c043a000a00000c7,2,1,62,164,141,631,496,1.0027,10768,10.739
0250401074100030c043a000a00000c7,2,1,63,164,141,631,496,1.0027,10802,10.7729
0250401074100030c043a000a00000c7,2,1,0,164,141,632,496,1.0027,10735,10.7061
0250401074100030c043a000a00000c7,2,1,1,164,141,632,496,1.0027,10768,10.739
0250401074100030c043a000a00000c7,2,1,2,164,141,632,496,1.0027,10745,10.7161
0250401074100030c043a000a00000c7,2,1,3,164,141,632,496,1.0027,10772,10.743
0250401074100030c043a000a00000c7,2,1,4,164,141,632,496,1.0027,10742,10.7131
0250401074100030c043a000a00000c7,2,1,5,164,141,632,496,1.0027,10764,10.735
0250401074100030c043a000a00000c7,2,1,6,164,141,632,496,1.0027,10753,10.724
0250401074100030c043a000a00000c7,2,1,7,164,141,632,496,1.0027,10746,10.7171
0250401074100030c043a000a00000c7,2,1,8,164,141,632,496,1.0027,10753,10.724
0250401074100030c043a000a00000c7,2,1,9,164,141,632,496,1.0027,10768,10.739
0250401074100030c043a000a00000c7,2,1,10,164,141,632,496,1.0027,10748,10.719
0250401074100030c043a000a00000c7,2,1,11,164,141,632,496,1.0027,10777,10.748
0250401074100030c043a000a00000c7,2,1,12,164,141,632,496,1.0027,10749,10.72
0250401074100030c043a000a00000c7,2,1,13,164,141,632,496,1.0027,10802,10.7729
0250401074100030c043a000a00000c7,2,1,14,164,141,632,496,1.0027,10777,10.748
0250401074100030c043a000a00000c7,2,1,15,164,141,632,496,1.0027,10765,10.736
0250401074100030c043a000a00000c7,2,1,16,164,141,632,496,1.0027,10751,10.722
0250401074100030c043a000a00000c7,2,1,17,164,141,632,496,1.0027,10781,10.752
0250401074100030c043a000a00000c7,2,1,18,164,141,632,496,1.0027,10772,10.743
0250401074100030c043a000a00000c7,2,1,19,164,141,632,496,1.0027,10785,10.756
0250401074100030c043a000a00000c7,2,1,20,164,141,632,496,1.0027,10765,10.736
0250401074100030c043a000a00000c7,2,1,21,164,141,632,496,1.0027,10794,10.7649
0250401074100030c043a000a00000c7,2,1,22,164,141,632,496,1.0027,10780,10.751
0250401074100030c043a000a00000c7,2,1,23,164,141,632,496,1.0027,10790,10.7609
0250401074100030c043a000a00000c7,2,1,24,164,141,632,496,1.0027,10781,10.752
0250401074100030c043a000a00000c7,2,1,25,164,141,632,496,1.0027,10791,10.7619
0250401074100030c043a000a00000c7,2,1,26,164,141,632,496,1.0027,10785,10.756
0250401074100030c043a000a00000c7,2,1,27,164,141,632,496,1.0027,10785,10.756
0250401074100030c043a000a00000c7,2,1,28,164,141,632,496,1.0027,0,0
0250401074100030c043a000a00000c7,2,1,29,164,141,632,496,1.0027,10791,10.7619
0250401074100030c043a000a00000c7,2,1,30,164,141,632,496,1.0027,10762,10.733
0250401074100030c043a000a00000c7,2,1,31,164,141,632,496,1.0027,10783,10.754
0250401074100030c043a000a00000c7,2,1,32,164,141,632,496,1.0027,10751,10.722
0250401074100030c043a000a00000c7,2,1,33,164,141,632,496,1.0027,10799,10.7699
0250401074100030c043a000a00000c7,2,1,34,164,141,632,496,1.0027,10776,10.747
0250401074100030c043a000a00000c7,2,1,35,164,141,632,496,1.0027,10782,10.753
0250401074100030c043a000a00000c7,2,1,36,164,141,632,496,1.0027,10767,10.738
0250401074100030c043a000a00000c7,2,1,37,164,141,632,496,1.0027,10785,10.756
0250401074100030c043a000a00000c7,2,1,38,164,141,632,496,1.0027,10774,10.745
0250401074100030c043a000a00000c7,2,1,39,164,141,632,496,1.0027,10784,10.755
0250401074100030c043a000a00000c7,2,1,40,164,141,632,496,1.0027,10778,10.749
0250401074100030c043a000a00000c7,2,1,41,164,141,632,496,1.0027,10790,10.7609
0250401074100030c043a000a00000c7,2,1,42,164,141,632,496,1.0027,10764,10.735
0250401074100030c043a000a00000c7,2,1,43,164,141,632,496,1.0027,10773,10.744
0250401074100030c043a000a00000c7,2,1,44,164,141,632,496,1.0027,10753,10.724
0250401074100030c043a000a00000c7,2,1,45,164,141,632,496,1.0027,10783,10.754
0250401074100030c043a000a00000c7,2,1,46,164,141,632,496,1.0027,10791,10.7619
0250401074100030c043a000a00000c7,2,1,47,164,141,632,496,1.0027,10791,10.7619
0250401074100030c043a000a00000c7,2,1,48,164,141,632,496,1.0027,10770,10.741
0250401074100030c043a000a00000c7,2,1,49,164,141,632,496,1.0027,10788,10.7589
0250401074100030c043a000a00000c7,2,1,50,164,141,632,496,1.0027,10772,10.743
0250401074100030c043a000a00000c7,2,1,51,164,141,632,496,1.0027,10785,10.756
0250401074100030c043a000a00000c7,2,1,52,164,141,632,496,1.0027,10771,10.742
0250401074100030c043a000a00000c7,2,1,53,164,141,632,496,1.0027,10763,10.734
0250401074100030c043a000a00000c7,2,1,54,164,141,632,496,1.0027,10764,10.735
0250401074100030c043a000a00000c7,2,1,55,164,141,632,496,1.0027,10748,10.719
0250401074100030c043a000a00000c7,2,1,56,164,141,632,496,1.0027,10771,10.742
0250401074100030c043a000a00000c7,2,1,57,164,141,632,496,1.0027,10770,10.741
0250401074100030c043a000a00000c7,2,1,58,164,141,632,496,1.0027,10773,10.744
0250401074100030c043a000a00000c7,2,1,59,164,141,632,496,1.0027,10754,10.725
0250401074100030c043a000a00000c7,2,1,60,164,141,632,496,1.0027,10754,10.725
0250401074100030c043a000a00000c7,2,1,61,164,141,632,496,1.0027,10768,10.739
0250401074100030c043a000a00000c7,2,1,62,164,141,632,496,1.0027,10765,10.736
0250401074100030c043a000a00000c7,2,1,63,164,141,632,496,1.0027,10805,10.7759
0250401074100030c043a000a00000c7,2,1,0,164,141,633,497,1.00123,10718,10.7049
0250401074100030c043a000a00000c7,2,1,1,164,141,633,497,1.00123,10767,10.7538
0250401074100030c043a000a00000c7,2,1,2,164,141,633,497,1.00123,10736,10.7229
0250401074100030c043a000a00000c7,2,1,3,164,141,633,497,1.00123,10772,10.7588
0250401074100030c043a000a00000c7,2,1,4,164,141,633,497,1.00123,10739,10.7258
0250401074100030c043a000a00000c7,2,1,5,164,141,633,497,1.00123,10760,10.7468
0250401074100030c043a000a00000c7,2,1,6,164,141,633,497,1.00123,10749,10.7358
0250401074100030c043a000a00000c7,2,1,7,164,141,633,497,1.00123,10747,10.7338
0250401074100030c043a000a00000c7,2,1,8,164,141,633,497,1.00123,10750,10.7368
0250401074100030c043a000a00000c7,2,1,9,164,141,633,497,1.00123,10764,10.7508
0250401074100030c043a000a00000c7,2,1,10,164,141,633,497,1.00123,10747,10.7338
0250401074100030c043a000a00000c7,2,1,11,164,141,633,497,1.00123,10773,10.7598
0250401074100030c043a000a00000c7,2,1,12,164,141,633,497,1.00123,10745,10.7318
0250401074100030c043a000a00000c7,2,1,13,164,141,633,497,1.00123,10809,10.7958
0250401074100030c043a000a00000c7,2,1,14,164,141,633,497,1.00123,10777,10.7638
0250401074100030c043a000a00000c7,2,1,15,164,141,633,497,1.00123,10766,10.7528
0250401074100030c043a000a00000c7,2,1,16,164,141,633,497,1.00123,10750,10.7368
0250401074100030c043a000a00000c7,2,1,17,164,141,633,497,1.00123,10782,10.7688
0250401074100030c043a000a00000c7,2,1,18,164,141,633,497,1.00123,10770,10.7568
0250401074100030c043a000a00000c7,2,1,19,164,141,633,497,1.00123,10785,10.7718
0250401074100030c043a000a00000c7,2,1,20,164,141,633,497,1.00123,10760,10.7468
0250401074100030c043a000a00000c7,2,1,21,164,141,633,497,1.00123,10805,10.7918
0250401074100030c043a000a00000c7,2,1,22,164,141,633,497,1.00123,10784,10.7708
0250401074100030c043a000a00000c7,2,1,23,164,141,633,497,1.00123,10798,10.7848
0250401074100030c043a000a00000c7,2,1,24,164,141,633,497,1.00123,10779,10.7658
0250401074100030c043a000a00000c7,2,1,25,164,141,633,497,1.00123,10800,10.7868
0250401074100030c043a000a00000c7,2,1,26,164,141,633,497,1.00123,10787,10.7738
0250401074100030c043a000a00000c7,2,1,27,164,141,633,497,1.00123,10787,10.7738
0250401074100030c043a000a00000c7,2,1,28,164,141,633,497,1.00123,0,0
0250401074100030c043a000a00000c7,2,1,29,164,141,633,497,1.00123,10798,10.7848
0250401074100030c043a000a00000c7,2,1,30,164,141,633,497,1.00123,10761,10.7478
0250401074100030c043a000a00000c7,2,1,31,164,141,633,497,1.00123,10781,10.7678
0250401074100030c043a000a00000c7,2,1,32,164,141,633,497,1.00123,10751,10.7378
0250401074100030c043a000a00000c7,2,1,33,164,141,633,497,1.00123,10808,10.7948
0250401074100030c043a000a00000c7,2,1,34,164,141,633,497,1.00123,10775,10.7618
0250401074100030c043a000a00000c7,2,1,35,164,141,633,497,1.00123,10782,10.7688
0250401074100030c043a000a00000c7,2,1,36,164,141,633,497,1.00123,10765,10.7518
0250401074100030c043a000a00000c7,2,1,37,164,141,633,497,1.00123,10787,10.7738
0250401074100030c043a000a00000c7,2,1,38,164,141,633,497,1.00123,10773,10.7598
0250401074100030c043a000a00000c7,2,1,39,164,141,633,497,1.00123,10785,10.7718
0250401074100030c043a000a00000c7,2,1,40,164,141,633,497,1.00123,10776,10.7628
0250401074100030c043a000a00000c7,2,1,41,164,141,633,497,1.00123,10794,10.7808
0250401074100030c043a000a00000c7,2,1,42,164,141,633,497,1.00123,10761,10.7478
0250401074100030c043a000a00000c7,2,1,43,164,141,633,497,1.00123,10773,10.7598
0250401074100030c043a000a00000c7,2,1,44,164,141,633,497,1.00123,10754,10.7408
0250401074100030c043a000a00000c7,2,1,45,164,141,633,497,1.00123,10784,10.7708
0250401074100030c043a000a00000c7,2,1,46,164,141,633,497,1.00123,10796,10.7828
0250401074100030c043a000a00000c7,2,1,47,164,141,633,497,1.00123,10800,10.7868
0250401074100030c043a000a00000c7,2,1,48,164,141,633,497,1.00123,10768,10.7548
0250401074100030c043a000a00000c7,2,1,49,164,141,633,497,1.00123,10794,10.7808
0250401074100030c043a000a00000c7,2,1,50,164,141,633,497,1.00123,10770,10.7568
0250401074100030c043a000a00000c7,2,1,51,164,141,633,497,1.00123,10785,10.7718
0250401074100030c043a000a00000c7,2,1,52,164,141,633,497,1.00123,10766,10.7528
0250401074100030c043a000a00000c7,2,1,53,164,141,633,497,1.00123,10759,10.7458
0250401074100030c043a000a00000c7,2,1,54,164,141,633,497,1.00123,10765,10.7518
0250401074100030c043a000a00000c7,2,1,55,164,141,633,497,1.00123,10742,10.7288
0250401074100030c043a000a00000c7,2,1,56,164,141,633,497,1.00123,10764,10.7508
0250401074100030c043a000a00000c7,2,1,57,164,141,633,497,1.00123,10769,10.7558
0250401074100030c043a000a00000c7,2,1,58,164,141,633,497,1.00123,10773,10.7598
0250401074100030c043a000a00000c7,2,1,59,164,141,633,497,1.00123,10753,10.7398
0250401074100030c043a000a00000c7,2,1,60,164,141,633,497,1.00123,10748,10.7348
0250401074100030c043a000a00000c7,2,1,61,164,141,633,497,1.00123,10766,10.7528
0250401074100030c043a000a00000c7,2,1,62,164,141,633,497,1.00123,10763,10.7498
0250401074100030c043a000a00000c7,2,1,63,164,141,633,497,1.00123,10812,10.7988
0250401074100030c043a000a00000c7,2,1,0,164,141,634,498,1.0027,10760,10.731
0250401074100030c043a000a00000c7,2,1,1,164,141,634,498,1.0027,10816,10.7869
0250401074100030c043a000a00000c7,2,1,2,164,141,634,498,1.0027,10779,10.75
0250401074100030c043a000a00000c7,2,1,3,164,141,634,498,1.0027,10821,10.7919
0250401074100030c043a000a00000c7,2,1,4,164,141,634,498,1.0027,10783,10.754
0250401074100030c043a000a00000c7,2,1,5,164,141,634,498,1.0027,10812,10.7829
0250401074100030c043a000a00000c7,2,1,6,164,141,634,498,1.0027,10801,10.7719
0250401074100030c043a000a00000c7,2,1,7,164,141,634,498,1.0027,10791,10.7619
0250401074100030c043a000a00000c7,2,1,8,164,141,634,498,1.0027,10801,10.7719
0250401074100030c043a000a00000c7,2,1,9,164,141,634,498,1.0027,10814,10.7849
0250401074100030c043a000a00000c7,2,1,10,164,141,634,498,1.0027,10797,10.7679
0250401074100030c043a000a00000c7,2,1,11,164,141,634,498,1.0027,10822,10.7929
0250401074100030c043a000a00000c7,2,1,12,164,141,634,498,1.0027,10794,10.7649
0250401074100030c043a000a00000c7,2,1,13,164,141,634,498,1.0027,10853,10.8238
0250401074100030c043a000a00000c7,2,1,14,164,141,634,498,1.0027,10822,10.7929
0250401074100030c043a000a00000c7,2,1,15,164,141,634,498,1.0027,10817,10.7879
0250401074100030c043a000a00000c7,2,1,16,164,141,634,498,1.0027,10801,10.7719
0250401074100030c043a000a00000c7,2,1,17,164,141,634,498,1.0027,10831,10.8018
0250401074100030c043a000a00000c7,2,1,18,164,141,634,498,1.0027,10820,10.7909
0250401074100030c043a000a00000c7,2,1,19,164,141,634,498,1.0027,10834,10.8048
0250401074100030c043a000a00000c7,2,1,20,164,141,634,498,1.0027,10812,10.7829
0250401074100030c043a000a00000c7,2,1,21,164,141,634,498,1.0027,10849,10.8198
0250401074100030c043a000a00000c7,2,1,22,164,141,634,498,1.0027,10830,10.8008
0250401074100030c043a000a00000c7,2,1,23,164,141,634,498,1.0027,10842,10.8128
0250401074100030c043a000a00000c7,2,1,24,164,141,634,498,1.0027,10826,10.7968
0250401074100030c043a000a00000c7,2,1,25,164,141,634,498,1.0027,10845,10.8158
0250401074100030c043a000a00000c7,2,1,26,164,141,634,498,1.0027,10835,10.8058
0250401074100030c043a000a00000c7,2,1,27,164,141,634,498,1.0027,10835,10.8058
0250401074100030c043a000a00000c7,2,1,28,164,141,634,498,1.0027,0,0
0250401074100030c043a000a00000c7,2,1,29,164,141,634,498,1.0027,10842,10.8128
0250401074100030c043a000a00000c7,2,1,30,164,141,634,498,1.0027,10812,10.7829
0250401074100030c043a000a00000c7,2,1,31,164,141,634,498,1.0027,10825,10.7958
0250401074100030c043a000a00000c7,2,1,32,164,141,634,498,1.0027,10797,10.7679
0250401074100030c043a000a00000c7,2,1,33,164,141,634,498,1.0027,10853,10.8238
0250401074100030c043a000a00000c7,2,1,34,164,141,634,498,1.0027,10821,10.7919
0250401074100030c043a000a00000c7,2,1,35,164,141,634,498,1.0027,10830,10.8008
0250401074100030c043a000a00000c7,2,1,36,164,141,634,498,1.0027,10813,10.7839
0250401074100030c043a000a00000c7,2,1,37,164,141,634,498,1.0027,10832,10.8028
0250401074100030c043a000a00000c7,2,1,38,164,141,634,498,1.0027,10820,10.7909
0250401074100030c043a000a00000c7,2,1,39,164,141,634,498,1.0027,10831,10.8018
0250401074100030c043a000a00000c7,2,1,40,164,141,634,498,1.0027,10821,10.7919
0250401074100030c043a000a00000c7,2,1,41,164,141,634,498,1.0027,10841,10.8118
0250401074100030c043a000a00000c7,2,1,42,164,141,634,498,1.0027,10809,10.7799
0250401074100030c043a000a00000c7,2,1,43,164,141,634,498,1.0027,10820,10.7909
0250401074100030c043a000a00000c7,2,1,44,164,141,634,498,1.0027,10805,10.7759
0250401074100030c043a000a00000c7,2,1,45,164,141,634,498,1.0027,10830,10.8008
0250401074100030c043a000a00000c7,2,1,46,164,141,634,498,1.0027,10837,10.8078
0250401074100030c043a000a00000c7,2,1,47,164,141,634,498,1.0027,10841,10.8118
0250401074100030c043a000a00000c7,2,1,48,164,141,634,498,1.0027,10815,10.7859
0250401074100030c043a000a00000c7,2,1,49,164,141,634,498,1.0027,10837,10.8078
0250401074100030c043a000a00000c7,2,1,50,164,141,634,498,1.0027,10815,10.7859
0250401074100030c043a000a00000c7,2,1,51,164,141,634,498,1.0027,10832,10.8028
0250401074100030c043a000a00000c7,2,1,52,164,141,634,498,1.0027,10815,10.7859
0250401074100030c043a000a00000c7,2,1,53,164,141,634,498,1.0027,10808,10.7789
0250401074100030c043a000a00000c7,2,1,54,164,141,634,498,1.0027,10812,10.7829
0250401074100030c043a000a00000c7,2,1,55,164,141,634,498,1.0027,10789,10.7599
0250401074100030c043a000a00000c7,2,1,56,164,141,634,498,1.0027,10816,10.7869
0250401074100030c043a000a00000c7,2,1,57,164,141,634,498,1.0027,10814,10.7849
0250401074100030c043a000a00000c7,2,1,58,164,141,634,498,1.0027,10817,10.7879
0250401074100030c043a000a00000c7,2,1,59,164,141,634,498,1.0027,10805,10.7759
0250401074100030c043a000a00000c7,2,1,60,164,141,634,498,1.0027,10802,10.7729
0250401074100030c043a000a00000c7,2,1,61,164,141,634,498,1.0027,10813,10.7839
0250401074100030c043a000a00000c7,2,1,62,164,141,634,498,1.0027,10812,10.7829
0250401074100030c043a000a00000c7,2,1,63,164,141,634,498,1.0027,10855,10.8258
0250401074100030c043a000a00000c7,2,1,0,164,141,635,499,1.00123,10745,10.7318
0250401074100030c043a000a00000c7,2,1,1,164,141,635,499,1.00123,10790,10.7768
0250401074100030c043a000a00000c7,2,1,2,164,141,635,499,1.00123,10760,10.7468
0250401074100030c043a000a00000c7,2,1,3,164,141,635,499,1.00123,10798,10.7848
0250401074100030c043a000a00000c7,2,1,4,164,141,635,499,1.00123,10760,10.7468
0250401074100030c043a000a00000c7,2,1,5,164,141,635,499,1.00123,10780,10.7668
0250401074100030c043a000a00000c7,2,1,6,164,141,635,499,1.00123,10773,10.7598
0250401074100030c043a000a00000c7,2,1,7,164,141,635,499,1.00123,10766,10.7528
0250401074100030c043a000a00000c7,2,1,8,164,141,635,499,1.00123,10773,10.7598
0250401074100030c043a000a00000c7,2,1,9,164,141,635,499,1.00123,10791,10.7778
0250401074100030c043a000a00000c7,2,1,10,164,141,635,499,1.00123,10769,10.7558
0250401074100030c043a000a00000c7,2,1,11,164,141,635,499,1.00123,10801,10.7878
0250401074100030c043a000a00000c7,2,1,12,164,141,635,499,1.00123,10768,10.7548
0250401074100030c043a000a00000c7,2,1,13,164,141,635,499,1.00123,10836,10.8227
0250401074100030c043a000a00000c7,2,1,14,164,141,635,499,1.00123,10803,10.7898
0250401074100030c043a000a00000c7,2,1,15,164,141,635,499,1.00123,10786,10.7728
0250401074100030c043a000a00000c7,2,1,16,164,141,635,499,1.00123,10772,10.7588
0250401074100030c043a000a00000c7,2,1,17,164,141,635,499,1.00123,10807,10.7938
0250401074100030c043a000a00000c7,2,1,18,164,141,635,499,1.00123,10794,10.7808
0250401074100030c043a000a00000c7,2,1,19,164,141,635,499,1.00123,10811,10.7978
0250401074100030c043a000a00000c7,2,1,20,164,141,635,499,1.00123,10784,10.7708
0250401074100030c043a000a00000c7,2,1,21,164,141,635,499,1.00123,10826,10.8127
0250401074100030c043a000a00000c7,2,1,22,164,141,635,499,1.00123,10807,10.7938
0250401074100030c043a000a00000c7,2,1,23,164,141,635,499,1.00123,10818,10.8048
0250401074100030c043a000a00000c7,2,1,24,164,141,635,499,1.00123,10805,10.7918
0250401074100030c043a000a00000c7,2,1,25,164,141,635,499,1.00123,10821,10.8077
0250401074100030c043a000a00000c7,2,1,26,164,141,635,499,1.00123,10811,10.7978
0250401074100030c043a000a00000c7,2,1,27,164,141,635,499,1.00123,10811,10.7978
0250401074100030c043a000a00000c7,2,1,28,164,141,635,499,1.00123,0,0
0250401074100030c043a000a00000c7,2,1,29,164,141,635,499,1.00123,10818,10.8048
0250401074100030c043a000a00000c7,2,1,30,164,141,635,499,1.00123,10783,10.7698
0250401074100030c043a000a00000c7,2,1,31,164,141,635,499,1.00123,10807,10.7938
0250401074100030c043a000a00000c7,2,1,32,164,141,635,499,1.00123,10773,10.7598
0250401074100030c043a000a00000c7,2,1,33,164,141,635,499,1.00123,10833,10.8197
0250401074100030c043a000a00000c7,2,1,34,164,141,635,499,1.00123,10799,10.7858
0250401074100030c043a000a00000c7,2,1,35,164,141,635,499,1.00123,10808,10.7948
0250401074100030c043a000a00000c7,2,1,36,164,141,635,499,1.00123,10788,10.7748
0250401074100030c043a000a00000c7,2,1,37,164,141,635,499,1.00123,10811,10.7978
0250401074100030c043a000a00000c7,2,1,38,164,141,635,499,1.00123,10801,10.7878
0250401074100030c043a000a00000c7,2,1,39,164,141,635,499,1.00123,10810,10.7968
0250401074100030c043a000a00000c7,2,1,40,164,141,635,499,1.00123,10804,10.7908
0250401074100030c043a000a00000c7,2,1,41,164,141,635,499,1.00123,10815,10.8018
0250401074100030c043a000a00000c7,2,1,42,164,141,635,499,1.00123,10788,10.7748
0250401074100030c043a000a00000c7,2,1,43,164,141,635,499,1.00123,10802,10.7888
0250401074100030c043a000a00000c7,2,1,44,164,141,635,499,1.00123,10777,10.7638
0250401074100030c043a000a00000c7,2,1,45,164,141,635,499,1.00123,10810,10.7968
0250401074100030c043a000a00000c7,2,1,46,164,141,635,499,1.00123,10813,10.7998
0250401074100030c043a000a00000c7,2,1,47,164,141,635,499,1.00123,10818,10.8048
0250401074100030c043a000a00000c7,2,1,48,164,141,635,499,1.00123,10794,10.7808
0250401074100030c043a000a00000c7,2,1,49,164,141,635,499,1.00123,10813,10.7998
0250401074100030c043a000a00000c7,2,1,50,164,141,635,499,1.00123,10793,10.7798
0250401074100030c043a000a00000c7,2,1,51,164,141,635,499,1.00123,10808,10.7948
0250401074100030c043a000a00000c7,2,1,52,164,141,635,499,1.00123,10793,10.7798
0250401074100030c043a000a00000c7,2,1,53,164,141,635,499,1.00123,10781,10.7678
0250401074100030c043a000a00000c7,2,1,54,164,141,635,499,1.00123,10786,10.7728
0250401074100030c043a000a00000c7,2,1,55,164,141,635,499,1.00123,10760,10.7468
0250401074100030c043a000a00000c7,2,1,56,164,141,635,499,1.00123,10792,10.7788
0250401074100030c043a000a00000c7,2,1,57,164,141,635,499,1.00123,10789,10.7758
0250401074100030c043a000a00000c7,2,1,58,164,141,635,499,1.00123,10795,10.7818
0250401074100030c043a000a00000c7,2,1,59,164,141,635,499,1.00123,10774,10.7608
0250401074100030c043a000a00000c7,2,1,60,164,141,635,499,1.00123,10771,10.7578
0250401074100030c043a000a00000c7,2,1,61,164,141,635,499,1.00123,10790,10.7768
0250401074100030c043a000a00000c7,2,1,62,164,141,635,499,1.00123,10788,10.7748
0250401074100030c043a000a00000c7,2,1,63,164,141,635,499,1.00123,10841,10.8277
0250401074100030c043a000a00000c7,2,1,0,164,141,636,500,1.00123,10688,10.6749
0250401074100030c043a000a00000c7,2,1,1,164,141,636,500,1.00123,10742,10.7288
0250401074100030c043a000a00000c7,2,1,2,164,141,636,500,1.00123,10704,10.6909
0250401074100030c043a000a00000c7,2,1,3,164,141,636,500,1.00123,10750,10.7368
0250401074100030c043a000a00000c7,2,1,4,164,141,636,500,1.00123,10707,10.6939
0250401074100030c043a000a00000c7,2,1,5,164,141,636,500,1.00123,10737,10.7238
0250401074100030c043a000a00000c7,2,1,6,164,141,636,500,1.00123,10728,10.7149
0250401074100030c043a000a00000c7,2,1,7,164,141,636,500,1.00123,10718,10.7049
0250401074100030c043a000a00000c7,2,1,8,164,141,636,500,1.00123,10728,10.7149
0250401074100030c043a000a00000c7,2,1,9,164,141,636,500,1.00123,10742,10.7288
0250401074100030c043a000a00000c7,2,1,10,164,141,636,500,1.00123,10721,10.7079
0250401074100030c043a000a00000c7,2,1,11,164,141,636,500,1.00123,10753,10.7398
0250401074100030c043a000a00000c7,2,1,12,164,141,636,500,1.00123,10723,10.7099
0250401074100030c043a000a00000c7,2,1,13,164,141,636,500,1.00123,10782,10.7688
0250401074100030c043a000a00000c7,2,1,14,164,141,636,500,1.00123,10755,10.7418
0250401074100030c043a000a00000c7,2,1,15,164,141,636,500,1.00123,10745,10.7318
0250401074100030c043a000a00000c7,2,1,16,164,141,636,500,1.00123,10729,10.7159
0250401074100030c043a000a00000c7,2,1,17,164,141,636,500,1.00123,10758,10.7448
0250401074100030c043a000a00000c7,2,1,18,164,141,636,500,1.00123,10749,10.7358
0250401074100030c043a000a00000c7,2,1,19,164,141,636,500,1.00123,10765,10.7518
0250401074100030c043a000a00000c7,2,1,20,164,141,636,500,1.00123,10739,10.7258
0250401074100030c043a000a00000c7,2,1,21,164,141,636,500,1.00123,10776,10.7628
0250401074100030c043a000a00000c7,2,1,22,164,141,636,500,1.00123,10759,10.7458
0250401074100030c043a000a00000c7,2,1,23,164,141,636,500,1.00123,10772,10.7588
0250401074100030c043a000a00000c7,2,1,24,164,141,636,500,1.00123,10754,10.7408
0250401074100030c043a000a00000c7,2,1,25,164,141,636,500,1.00123,10774,10.7608
0250401074100030c043a000a00000c7,2,1,26,164,141,636,500,1.00123,10765,10.7518
0250401074100030c043a000a00000c7,2,1,27,164,141,636,500,1.00123,10766,10.7528
0250401074100030c043a000a00000c7,2,1,28,164,141,636,500,1.00123,0,0
0250401074100030c043a000a00000c7,2,1,29,164,141,636,500,1.00123,10769,10.7558
0250401074100030c043a000a00000c7,2,1,30,164,141,636,500,1.00123,10739,10.7258
0250401074100030c043a000a00000c7,2,1,31,164,141,636,500,1.00123,10758,10.7448
0250401074100030c043a000a00000c7,2,1,32,164,141,636,500,1.00123,10725,10.7119
0250401074100030c043a000a00000c7,2,1,33,164,141,636,500,1.00123,10778,10.7648
0250401074100030c043a000a00000c7,2,1,34,164,141,636,500,1.00123,10752,10.7388
0250401074100030c043a000a00000c7,2,1,35,164,141,636,500,1.00123,10760,10.7468
0250401074100030c043a000a00000c7,2,1,36,164,141,636,500,1.00123,10743,10.7298
0250401074100030c043a000a00000c7,2,1,37,164,141,636,500,1.00123,10763,10.7498
0250401074100030c043a000a00000c7,2,1,38,164,141,636,500,1.00123,10753,10.7398
0250401074100030c043a000a00000c7,2,1,39,164,141,636,500,1.00123,10763,10.7498
0250401074100030c043a000a00000c7,2,1,40,164,141,636,500,1.00123,10754,10.7408
0250401074100030c043a000a00000c7,2,1,41,164,141,636,500,1.00123,10771,10.7578
0250401074100030c043a000a00000c7,2,1,42,164,141,636,500,1.00123,10742,10.7288
0250401074100030c043a000a00000c7,2,1,43,164,141,636,500,1.00123,10751,10.7378
0250401074100030c043a000a00000c7,2,1,44,164,141,636,500,1.00123,10732,10.7189
0250401074100030c043a000a00000c7,2,1,45,164,141,636,500,1.00123,10764,10.7508
0250401074100030c043a000a00000c7,2,1,46,164,141,636,500,1.00123,10770,10.7568
0250401074100030c043a000a00000c7,2,1,47,164,141,636,500,1.00123,10774,10.7608
0250401074100030c043a000a00000c7,2,1,48,164,141,636,500,1.00123,10747,10.7338
0250401074100030c043a000a00000c7,2,1,49,164,141,636,500,1.00123,10769,10.7558
0250401074100030c043a000a00000c7,2,1,50,164,141,636,500,1.00123,10746,10.7328
0250401074100030c043a000a00000c7,2,1,51,164,141,636,500,1.00123,10768,10.7548
0250401074100030c043a000a00000c7,2,1,52,164,141,636,500,1.00123,10746,10.7328
0250401074100030c043a000a00000c7,2,1,53,164,141,636,500,1.00123,10737,10.7238
0250401074100030c043a000a00000c7,2,1,54,164,141,636,500,1.00123,10743,10.7298
0250401074100030c043a000a00000c7,2,1,55,164,141,636,500,1.00123,10711,10.6979
0250401074100030c043a000a00000c7,2,1,56,164,141,636,500,1.00123,10743,10.7298
0250401074100030c043a000a00000c7,2,1,57,164,141,636,500,1.00123,10744,10.7308
0250401074100030c043a000a00000c7,2,1,58,164,141,636,500,1.00123,10750,10.7368
0250401074100030c043a000a00000c7,2,1,59,164,141,636,500,1.00123,10729,10.7159
0250401074100030c043a000a00000c7,2,1,60,164,141,636,500,1.00123,10726,10.7129
0250401074100030c043a000a00000c7,2,1,61,164,141,636,500,1.00123,10745,10.7318
0250401074100030c043a000a00000c7,2,1,62,164,141,636,500,1.00123,10741,10.7278
0250401074100030c043a000a00000c7,2,1,63,164,141,636,500,1.00123,10786,10.7728
0250401074100030c043a000a00000c7,2,1,0,164,141,637,500,1.0027,10768,10.739
0250401074100030c043a000a00000c7,2,1,1,164,141,637,500,1.0027,10815,10.7859
0250401074100030c043a000a00000c7,2,1,2,164,141,637,500,1.0027,10783,10.754
0250401074100030c043a000a00000c7,2,1,3,164,141,637,500,1.0027,10821,10.7919
0250401074100030c043a000a00000c7,2,1,4,164,141,637,500,1.0027,10783,10.754
0250401074100030c043a000a00000c7,2,1,5,164,141,637,500,1.0027,10810,10.7809
0250401074100030c043a000a00000c7,2,1,6,164,141,637,500,1.0027,10801,10.7719
0250401074100030c043a000a00000c7,2,1,7,164,141,637,500,1.0027,10790,10.7609
0250401074100030c043a000a00000c7,2,1,8,164,141,637,500,1.0027,10799,10.7699
0250401074100030c043a000a00000c7,2,1,9,164,141,637,500,1.0027,10814,10.7849
0250401074100030c043a000a00000c7,2,1,10,164,141,637,500,1.0027,10797,10.7679
0250401074100030c043a000a00000c7,2,1,11,164,141,637,500,1.0027,10824,10.7948
0250401074100030c043a000a00000c7,2,1,12,164,141,637,500,1.0027,10796,10.7669
0250401074100030c043a000a00000c7,2,1,13,164,141,637,500,1.0027,10845,10.8158
0250401074100030c043a000a00000c7,2,1,14,164,141,637,500,1.0027,10827,10.7978
0250401074100030c043a000a00000c7,2,1,15,164,141,637,500,1.0027,10817,10.7879
0250401074100030c043a000a00000c7,2,1,16,164,141,637,500,1.0027,10798,10.7689
0250401074100030c043a000a00000c7,2,1,17,164,141,637,500,1.0027,10830,10.8008
0250401074100030c043a000a00000c7,2,1,18,164,141,637,500,1.0027,10821,10.7919
0250401074100030c043a000a00000c7,2,1,19,164,141,637,500,1.0027,10831,10.8018
0250401074100030c043a000a00000c7,2,1,20,164,141,637,500,1.0027,10814,10.7849
0250401074100030c043a000a00000c7,2,1,21,164,141,637,500,1.0027,10844,10.8148
0250401074100030c043a000a00000c7,2,1,22,164,141,637,500,1.0027,10829,10.7998
0250401074100030c043a000a00000c7,2,1,23,164,141,637,500,1.0027,10839,10.8098
0250401074100030c043a000a00000c7,2,1,24,164,141,637,500,1.0027,10827,10.7978
0250401074100030c043a000a00000c7,2,1,25,164,141,637,500,1.0027,10843,10.8138
0250401074100030c043a000a00000c7,2,1,26,164,141,637,500,1.0027,10833,10.8038
0250401074100030c043a000a00000c7,2,1,27,164,141,637,500,1.0027,10832,10.8028
0250401074100030c043a000a00000c7,2,1,28,164,141,637,500,1.0027,0,0
0250401074100030c043a000a00000c7,2,1,29,164,141,637,500,1.0027,10838,10.8088
0250401074100030c043a000a00000c7,2,1,30,164,141,637,500,1.0027,10813,10.7839
0250401074100030c043a000a00000c7,2,1,31,164,141,637,500,1.0027,10830,10.8008
0250401074100030c043a000a00000c7,2,1,32,164,141,637,500,1.0027,10803,10.7739
0250401074100030c043a000a00000c7,2,1,33,164,141,637,500,1.0027,10844,10.8148
0250401074100030c043a000a00000c7,2,1,34,164,141,637,500,1.0027,10825,10.7958
0250401074100030c043a000a00000c7,2,1,35,164,141,637,500,1.0027,10829,10.7998
0250401074100030c043a000a00000c7,2,1,36,164,141,637,500,1.0027,10816,10.7869
0250401074100030c043a000a00000c7,2,1,37,164,141,637,500,1.0027,10831,10.8018
0250401074100030c043a000a00000c7,2,1,38,164,141,637,500,1.0027,10827,10.7978
0250401074100030c043a000a00000c7,2,1,39,164,141,637,500,1.0027,10830,10.8008
0250401074100030c043a000a00000c7,2,1,40,164,141,637,500,1.0027,10826,10.7968
0250401074100030c043a000a00000c7,2,1,41,164,141,637,500,1.0027,10838,10.8088
0250401074100030c043a000a00000c7,2,1,42,164,141,637,500,1.0027,10814,10.7849
0250401074100030c043a000a00000c7,2,1,43,164,141,637,500,1.0027,10822,10.7929
0250401074100030c043a000a00000c7,2,1,44,164,141,637,500,1.0027,10804,10.7749
0250401074100030c043a000a00000c7,2,1,45,164,141,637,500,1.0027,10829,10.7998
0250401074100030c043a000a00000c7,2,1,46,164,141,637,500,1.0027,10837,10.8078
0250401074100030c043a000a00000c7,2,1,47,164,141,637,500,1.0027,10839,10.8098
0250401074100030c043a000a00000c7,2,1,48,164,141,637,500,1.0027,10821,10.7919
0250401074100030c043a000a00000c7,2,1,49,164,141,637,500,1.0027,10833,10.8038
0250401074100030c043a000a00000c7,2,1,50,164,141,637,500,1.0027,10818,10.7889
0250401074100030c043a000a00000c7,2,1,51,164,141,637,500,1.0027,10831,10.8018
0250401074100030c043a000a00000c7,2,1,52,164,141,637,500,1.0027,10819,10.7899
0250401074100030c043a000a00000c7,2,1,53,164,141,637,500,1.0027,10806,10.7769
0250401074100030c043a000a00000c7,2,1,54,164,141,637,500,1.0027,10810,10.7809
0250401074100030c043a000a00000c7,2,1,55,164,141,637,500,1.0027,10785,10.756
0250401074100030c043a000a00000c7,2,1,56,164,141,637,500,1.0027,10817,10.7879
0250401074100030c043a000a00000c7,2,1,57,164,141,637,500,1.0027,10815,10.7859
0250401074100030c043a000a00000c7,2,1,58,164,141,637,500,1.0027,10819,10.7899
0250401074100030c043a000a00000c7,2,1,59,164,141,637,500,1.0027,10799,10.7699
0250401074100030c043a000a00000c7,2,1,60,164,141,637,500,1.0027,10800,10.7709
0250401074100030c043a000a00000c7,2,1,61,164,141,637,500,1.0027,10815,10.7859
0250401074100030c043a000a00000c7,2,1,62,164,141,637,500,1.0027,10814,10.7849
0250401074100030c043a000a00000c7,2,1,63,164,141,637,500,1.0027,10852,10.8228
0250401074100030c043a000a00000c7,2,1,0,164,141,638,501,1.00123,10673,10.6599
0250401074100030c043a000a00000c7,2,1,1,164,141,638,501,1.00123,10718,10.7049
0250401074100030c043a000a00000c7,2,1,2,164,141,638,501,1.00123,10685,10.6719
0250401074100030c043a000a00000c7,2,1,3,164,141,638,501,1.00123,10725,10.7119
0250401074100030c043a000a00000c7,2,1,4,164,141,638,501,1.00123,10690,10.6769
0250401074100030c043a000a00000c7,2,1,5,164,141,638,501,1.00123,10713,10.6999
0250401074100030c043a000a00000c7,2,1,6,164,141,638,501,1.00123,10704,10.6909
0250401074100030c043a000a00000c7,2,1,7,164,141,638,501,1.00123,10692,10.6789
0250401074100030c043a000a00000c7,2,1,8,164,141,638,501,1.00123,10701,10.6879
0250401074100030c043a000a00000c7,2,1,9,164,141,638,501,1.00123,10715,10.7019
0250401074100030c043a000a00000c7,2,1,10,164,141,638,501,1.00123,10700,10.6869
0250401074100030c043a000a00000c7,2,1,11,164,141,638,501,1.00123,10730,10.7169
0250401074100030c043a000a00000c7,2,1,12,164,141,638,501,1.00123,10698,10.6849
0250401074100030c043a000a00000c7,2,1,13,164,141,638,501,1.00123,10759,10.7458
0250401074100030c043a000a00000c7,2,1,14,164,141,638,501,1.00123,10730,10.7169
0250401074100030c043a000a00000c7,2,1,15,164,141,638,501,1.00123,10718,10.7049
0250401074100030c043a000a00000c7,2,1,16,164,141,638,501,1.00123,10702,10.6889
0250401074100030c043a000a00000c7,2,1,17,164,141,638,501,1.00123,10732,10.7189
0250401074100030c043a000a00000c7,2,1,18,164,141,638,501,1.00123,10724,10.7109
0250401074100030c043a000a00000c7,2,1,19,164,141,638,501,1.00123,10735,10.7219
0250401074100030c043a000a00000c7,2,1,20,164,141,638,501,1.00123,10720,10.7069
0250401074100030c043a000a00000c7,2,1,21,164,141,638,501,1.00123,10753,10.7398
0250401074100030c043a000a00000c7,2,1,22,164,141,638,501,1.00123,10734,10.7209
0250401074100030c043a000a00000c7,2,1,23,164,141,638,501,1.00123,10750,10.7368
0250401074100030c043a000a00000c7,2,1,24,164,141,638,501,1.00123,10731,10.7179
0250401074100030c043a000a00000c7,2,1,25,164,141,638,501,1.00123,10752,10.7388
0250401074100030c043a000a00000c7,2,1,26,164,141,638,501,1.00123,10739,10.7258
0250401074100030c043a000a00000c7,2,1,27,164,141,638,501,1.00123,10739,10.7258
0250401074100030c043a000a00000c7,2,1,28,164,141,638,501,1.00123,0,0
0250401074100030c043a000a00000c7,2,1,29,164,141,638,501,1.00123,10747,10.7338
0250401074100030c043a000a00000c7,2,1,30,164,141,638,501,1.00123,10719,10.7059
0250401074100030c043a000a00000c7,2,1,31,164,141,638,501,1.00123,10732,10.7189
0250401074100030c043a000a00000c7,2,1,32,164,141,638,501,1.00123,10702,10.6889
0250401074100030c043a000a00000c7,2,1,33,164,141,638,501,1.00123,10759,10.7458
0250401074100030c043a000a00000c7,2,1,34,164,141,638,501,1.00123,10729,10.7159
0250401074100030c043a000a00000c7,2,1,35,164,141,638,501,1.00123,10733,10.7199
0250401074100030c043a000a00000c7,2,1,36,164,141,638,501,1.00123,10720,10.7069
0250401074100030c043a000a00000c7,2,1,37,164,141,638,501,1.00123,10736,10.7229
0250401074100030c043a000a00000c7,2,1,38,164,141,638,501,1.00123,10730,10.7169
0250401074100030c043a000a00000c7,2,1,39,164,141,638,501,1.00123,10737,10.7238
0250401074100030c043a000a00000c7,2,1,40,164,141,638,501,1.00123,10733,10.7199
0250401074100030c043a000a00000c7,2,1,41,164,141,638,501,1.00123,10746,10.7328
0250401074100030c043a000a00000c7,2,1,42,164,141,638,501,1.00123,10722,10.7089
0250401074100030c043a000a00000c7,2,1,43,164,141,638,501,1.00123,10729,10.7159
0250401074100030c043a000a00000c7,2,1,44,164,141,638,501,1.00123,10708,10.6949
0250401074100030c043a000a00000c7,2,1,45,164,141,638,501,1.00123,10737,10.7238
0250401074100030c043a000a00000c7,2,1,46,164,141,638,501,1.00123,10747,10.7338
0250401074100030c043a000a00000c7,2,1,47,164,141,638,501,1.00123,10754,10.7408
0250401074100030c043a000a00000c7,2,1,48,164,141,638,501,1.00123,10726,10.7129
0250401074100030c043a000a00000c7,2,1,49,164,141,638,501,1.00123,10750,10.7368
0250401074100030c043a000a00000c7,2,1,50,164,141,638,501,1.00123,10726,10.7129
0250401074100030c043a000a00000c7,2,1,51,164,141,638,501,1.00123,10737,10.7238
0250401074100030c043a000a00000c7,2,1,52,164,141,638,501,1.00123,10724,10.7109
0250401074100030c043a000a00000c7,2,1,53,164,141,638,501,1.00123,10712,10.6989
0250401074100030c043a000a00000c7,2,1,54,164,141,638,501,1.00123,10716,10.7029
0250401074100030c043a000a00000c7,2,1,55,164,141,638,501,1.00123,10689,10.6759
0250401074100030c043a000a00000c7,2,1,56,164,141,638,501,1.00123,10721,10.7079
0250401074100030c043a000a00000c7,2,1,57,164,141,638,501,1.00123,10718,10.7049
0250401074100030c043a000a00000c7,2,1,58,164,141,638,501,1.00123,10726,10.7129
0250401074100030c043a000a00000c7,2,1,59,164,141,638,501,1.00123,10706,10.6929
0250401074100030c043a000a00000c7,2,1,60,164,141,638,501,1.00123,10703,10.6899
0250401074100030c043a000a00000c7,2,1,61,164,141,638,501,1.00123,10717,10.7039
0250401074100030c043a000a00000c7,2,1,62,164,141,638,501,1.00123,10716,10.7029
0250401074100030c043a000a00000c7,2,1,63,164,141,638,501,1.00123,10765,10.7518
0250401074100030c043a000a00000c7,2,1,0,164,141,639,502,1.00123,10705,10.6919
0250401074100030c043a000a00000c7,2,1,1,164,141,639,502,1.00123,10745,10.7318
0250401074100030c043a000a00000c7,2,1,2,164,141,639,502,1.00123,10718,10.7049
0250401074100030c043a000a00000c7,2,1,3,164,141,639,502,1.00123,10750,10.7368
0250401074100030c043a000a00000c7,2,1,4,164,141,639,502,1.00123,10718,10.7049
0250401074100030c043a000a00000c7,2,1,5,164,141,639,502,1.00123,10735,10.7219
0250401074100030c043a000a00000c7,2,1,6,164,141,639,502,1.00123,10734,10.7209
0250401074100030c043a000a00000c7,2,1,7,164,141,639,502,1.00123,10724,10.7109
0250401074100030c043a000a00000c7,2,1,8,164,141,639,502,1.00123,10734,10.7209
0250401074100030c043a000a00000c7,2,1,9,164,141,639,502,1.00123,10741,10.7278
0250401074100030c043a000a00000c7,2,1,10,164,141,639,502,1.00123,10730,10.7169
0250401074100030c043a000a00000c7,2,1,11,164,141,639,502,1.00123,10752,10.7388
0250401074100030c043a000a00000c7,2,1,12,164,141,639,502,1.00123,10727,10.7139
0250401074100030c043a000a00000c7,2,1,13,164,141,639,502,1.00123,10783,10.7698
0250401074100030c043a000a00000c7,2,1,14,164,141,639,502,1.00123,10752,10.7388
0250401074100030c043a000a00000c7,2,1,15,164,141,639,502,1.00123,10744,10.7308
0250401074100030c043a000a00000c7,2,1,16,164,141,639,502,1.00123,10732,10.7189
0250401074100030c043a000a00000c7,2,1,17,164,141,639,502,1.00123,10755,10.7418
0250401074100030c043a000a00000c7,2,1,18,164,141,639,502,1.00123,10751,10.7378
0250401074100030c043a000a00000c7,2,1,19,164,141,639,502,1.00123,10758,10.7448
0250401074100030c043a000a00000c7,2,1,20,164,141,639,502,1.00123,10738,10.7248
0250401074100030c043a000a00000c7,2,1,21,164,141,639,502,1.00123,10770,10.7568
0250401074100030c043a000a00000c7,2,1,22,164,141,639,502,1.00123,10756,10.7428
0250401074100030c043a000a00000c7,2,1,23,164,141,639,502,1.00123,10761,10.7478
0250401074100030c043a000a00000c7,2,1,24,164,141,639,502,1.00123,10756,10.7428
0250401074100030c043a000a00000c7,2,1,25,164,141,639,502,1.00123,10763,10.7498
0250401074100030c043a000a00000c7,2,1,26,164,141,639,502,1.00123,10758,10.7448
0250401074100030c043a000a00000c7,2,1,27,164,141,639,502,1.00123,10759,10.7458
0250401074100030c043a000a00000c7,2,1,28,164,141,639,502,1.00123,0,0
0250401074100030c043a000a00000c7,2,1,29,164,141,639,502,1.00123,10762,10.7488
0250401074100030c043a000a00000c7,2,1,30,164,141,639,502,1.00123,10744,10.7308
0250401074100030c043a000a00000c7,2,1,31,164,141,639,502,1.00123,10755,10.7418
0250401074100030c043a000a00000c7,2,1,32,164,141,639,502,1.00123,10732,10.7189
0250401074100030c043a000a00000c7,2,1,33,164,141,639,502,1.00123,10780,10.7668
0250401074100030c043a000a00000c7,2,1,34,164,141,639,502,1.00123,10753,10.7398
0250401074100030c043a000a00000c7,2,1,35,164,141,639,502,1.00123,10756,10.7428
0250401074100030c043a000a00000c7,2,1,36,164,141,639,502,1.00123,10747,10.7338
0250401074100030c043a000a00000c7,2,1,37,164,141,639,502,1.00123,10758,10.7448
0250401074100030c043a000a00000c7,2,1,38,164,141,639,502,1.00123,10753,10.7398
0250401074100030c043a000a00000c7,2,1,39,164,141,639,502,1.00123,10757,10.7438
0250401074100030c043a000a00000c7,2,1,40,164,141,639,502,1.00123,10755,10.7418
0250401074100030c043a000a00000c7,2,1,41,164,141,639,502,1.00123,10764,10.7508
0250401074100030c043a000a00000c7,2,1,42,164,141,639,502,1.00123,10743,10.7298
0250401074100030c043a000a00000c7,2,1,43,164,141,639,502,1.00123,10754,10.7408
0250401074100030c043a000a00000c7,2,1,44,164,141,639,502,1.00123,10738,10.7248
0250401074100030c043a000a00000c7,2,1,45,164,141,639,502,1.00123,10759,10.7458
0250401074100030c043a000a00000c7,2,1,46,164,141,639,502,1.00123,10762,10.7488
0250401074100030c043a000a00000c7,2,1,47,164,141,639,502,1.00123,10764,10.7508
0250401074100030c043a000a00000c7,2,1,48,164,141,639,502,1.00123,10748,10.7348
0250401074100030c043a000a00000c7,2,1,49,164,141,639,502,1.00123,10763,10.7498
0250401074100030c043a000a00000c7,2,1,50,164,141,639,502,1.00123,10750,10.7368
0250401074100030c043a000a00000c7,2,1,51,164,141,639,502,1.00123,10758,10.7448
0250401074100030c043a000a00000c7,2,1,52,164,141,639,502,1.00123,10745,10.7318
0250401074100030c043a000a00000c7,2,1,53,164,141,639,502,1.00123,10738,10.7248
0250401074100030c043a000a00000c7,2,1,54,164,141,639,502,1.00123,10740,10.7268
0250401074100030c043a000a00000c7,2,1,55,164,141,639,502,1.00123,10723,10.7099
0250401074100030c043a000a00000c7,2,1,56,164,141,639,502,1.00123,10743,10.7298
0250401074100030c043a000a00000c7,2,1,57,164,141,639,502,1.00123,10743,10.7298
0250401074100030c043a000a00000c7,2,1,58,164,141,639,502,1.00123,10748,10.7348
0250401074100030c043a000a00000c7,2,1,59,164,141,639,502,1.00123,10733,10.7199
0250401074100030c043a000a00000c7,2,1,60,164,141,639,502,1.00123,10729,10.7159
0250401074100030c043a000a00000c7,2,1,61,164,141,639,502,1.00123,10742,10.7288
0250401074100030c043a000a00000c7,2,1,62,164,141,639,502,1.00123,10739,10.7258
0250401074100030c043a000a00000c7,2,1,63,164,141,639,502,1.00123,10792,10.7788
0250401074100030c043a000a00000c7,2,1,0,164,141,640,503,1.00123,10724,10.7109
0250401074100030c043a000a00000c7,2,1,1,164,141,640,503,1.00123,10765,10.7518
0250401074100030c043a000a00000c7,2,1,2,164,141,640,503,1.00123,10740,10.7268
0250401074100030c043a000a00000c7,2,1,3,164,141,640,503,1.00123,10769,10.7558
0250401074100030c043a000a00000c7,2,1,4,164,141,640,503,1.00123,10741,10.7278
0250401074100030c043a000a00000c7,2,1,5,164,141,640,503,1.00123,10763,10.7498
0250401074100030c043a000a00000c7,2,1,6,164,141,640,503,1.00123,10756,10.7428
0250401074100030c043a000a00000c7,2,1,7,164,141,640,503,1.00123,10745,10.7318
0250401074100030c043a000a00000c7,2,1,8,164,141,640,503,1.00123,10755,10.7418
0250401074100030c043a000a00000c7,2,1,9,164,141,640,503,1.00123,10765,10.7518
0250401074100030c043a000a00000c7,2,1,10,164,141,640,503,1.00123,10752,10.7388
0250401074100030c043a000a00000c7,2,1,11,164,141,640,503,1.00123,10772,10.7588
0250401074100030c043a000a00000c7,2,1,12,164,141,640,503,1.00123,10754,10.7408
0250401074100030c043a000a00000c7,2,1,13,164,141,640,503,1.00123,10808,10.7948
0250401074100030c043a000a00000c7,2,1,14,164,141,640,503,1.00123,10773,10.7598
0250401074100030c043a000a00000c7,2,1,15,164,141,640,503,1.00123,10768,10.7548
0250401074100030c043a000a00000c7,2,1,16,164,141,640,503,1.00123,10756,10.7428
0250401074100030c043a000a00000c7,2,1,17,164,141,640,503,1.00123,10777,10.7638
0250401074100030c043a000a00000c7,2,1,18,164,141,640,503,1.00123,10769,10.7558
0250401074100030c043a000a00000c7,2,1,19,164,141,640,503,1.00123,10782,10.7688
0250401074100030c043a000a00000c7,2,1,20,164,141,640,503,1.00123,10766,10.7528
0250401074100030c043a000a00000c7,2,1,21,164,141,640,503,1.00123,10802,10.7888
0250401074100030c043a000a00000c7,2,1,22,164,141,640,503,1.00123,10781,10.7678
0250401074100030c043a000a00000c7,2,1,23,164,141,640,503,1.00123,10795,10.7818
0250401074100030c043a000a00000c7,2,1,24,164,141,640,503,1.00123,10776,10.7628
0250401074100030c043a000a00000c7,2,1,25,164,141,640,503,1.00123,10799,10.7858
0250401074100030c043a000a00000c7,2,1,26,164,141,640,503,1.00123,10789,10.7758
0250401074100030c043a000a00000c7,2,1,27,164,141,640,503,1.00123,10786,10.7728
0250401074100030c043a000a00000c7,2,1,28,164,141,640,503,1.00123,0,0
0250401074100030c043a000a00000c7,2,1,29,164,141,640,503,1.00123,10794,10.7808
0250401074100030c043a000a00000c7,2,1,30,164,141,640,503,1.00123,10767,10.7538
0250401074100030c043a000a00000c7,2,1,31,164,141,640,503,1.00123,10778,10.7648
0250401074100030c043a000a00000c7,2,1,32,164,141,640,503,1.00123,10756,10.7428
0250401074100030c043a000a00000c7,2,1,33,164,141,640,503,1.00123,10807,10.7938
0250401074100030c043a000a00000c7,2,1,34,164,141,640,503,1.00123,10773,10.7598
0250401074100030c043a000a00000c7,2,1,35,164,141,640,503,1.00123,10778,10.7648
0250401074100030c043a000a00000c7,2,1,36,164,141,640,503,1.00123,10767,10.7538
0250401074100030c043a000a00000c7,2,1,37,164,141,640,503,1.00123,10781,10.7678
0250401074100030c043a000a00000c7,2,1,38,164,141,640,503,1.00123,10776,10.7628
0250401074100030c043a000a00000c7,2,1,39,164,141,640,503,1.00123,10780,10.7668
0250401074100030c043a000a00000c7,2,1,40,164,141,640,503,1.00123,10774,10.7608
0250401074100030c043a000a00000c7,2,1,41,164,141,640,503,1.00123,10791,10.7778
0250401074100030c043a000a00000c7,2,1,42,164,141,640,503,1.00123,10766,10.7528
0250401074100030c043a000a00000c7,2,1,43,164,141,640,503,1.00123,10773,10.7598
0250401074100030c043a000a00000c7,2,1,44,164,141,640,503,1.00123,10760,10.7468
0250401074100030c043a000a00000c7,2,1,45,164,141,640,503,1.00123,10781,10.7678
0250401074100030c043a000a00000c7,2,1,46,164,141,640,503,1.00123,10793,10.7798
0250401074100030c043a000a00000c7,2,1,47,164,141,640,503,1.00123,10796,10.7828
0250401074100030c043a000a00000c7,2,1,48,164,141,640,503,1.00123,10770,10.7568
0250401074100030c043a000a00000c7,2,1,49,164,141,640,503,1.00123,10786,10.7728
0250401074100030c043a000a00000c7,2,1,50,164,141,640,503,1.00123,10769,10.7558
0250401074100030c043a000a00000c7,2,1,51,164,141,640,503,1.00123,10783,10.7698
0250401074100030c043a000a00000c7,2,1,52,164,141,640,503,1.00123,10768,10.7548
0250401074100030c043a000a00000c7,2,1,53,164,141,640,503,1.00123,10760,10.7468
0250401074100030c043a000a00000c7,2,1,54,164,141,640,503,1.00123,10764,10.7508
0250401074100030c043a000a00000c7,2,1,55,164,141,640,503,1.00123,10735,10.7219
0250401074100030c043a000a00000c7,2,1,56,164,141,640,503,1.00123,10765,10.7518
0250401074100030c043a000a00000c7,2,1,57,164,141,640,503,1.00123,10765,10.7518
0250401074100030c043a000a00000c7,2,1,58,164,141,640,503,1.00123,10770,10.7568
0250401074100030c043a000a00000c7,2,1,59,164,141,640,503,1.00123,10755,10.7418
0250401074100030c043a000a00000c7,2,1,60,164,141,640,503,1.00123,10751,10.7378
0250401074100030c043a000a00000c7,2,1,61,164,141,640,503,1.00123,10764,10.7508
0250401074100030c043a000a00000c7,2,1,62,164,141,640,503,1.00123,10764,10.7508
0250401074100030c043a000a00000c7,2,1,63,164,141,640,503,1.00123,10819,10.8057
0250401074100030c043a000a00000c7,2,1,0,164,141,641,503,1.0027,10738,10.7091
0250401074100030c043a000a00000c7,2,1,1,164,141,641,503,1.0027,10788,10.7589
0250401074100030c043a000a00000c7,2,1,2,164,141,641,503,1.0027,10747,10.7181
0250401074100030c043a000a00000c7,2,1,3,164,141,641,503,1.0027,10798,10.7689
0250401074100030c043a000a00000c7,2,1,4,164,141,641,503,1.0027,10755,10.726
0250401074100030c043a000a00000c7,2,1,5,164,141,641,503,1.0027,10782,10.753
0250401074100030c043a000a00000c7,2,1,6,164,141,641,503,1.0027,10778,10.749
0250401074100030c043a000a00000c7,2,1,7,164,141,641,503,1.0027,10759,10.73
0250401074100030c043a000a00000c7,2,1,8,164,141,641,503,1.0027,10775,10.746
0250401074100030c043a000a00000c7,2,1,9,164,141,641,503,1.0027,10788,10.7589
0250401074100030c043a000a00000c7,2,1,10,164,141,641,503,1.0027,10765,10.736
0250401074100030c043a000a00000c7,2,1,11,164,141,641,503,1.0027,10797,10.7679
0250401074100030c043a000a00000c7,2,1,12,164,141,641,503,1.0027,10769,10.74
0250401074100030c043a000a00000c7,2,1,13,164,141,641,503,1.0027,10840,10.8108
0250401074100030c043a000a00000c7,2,1,14,164,141,641,503,1.0027,10805,10.7759
0250401074100030c043a000a00000c7,2,1,15,164,141,641,503,1.0027,10791,10.7619
0250401074100030c043a000a00000c7,2,1,16,164,141,641,503,1.0027,10774,10.745
0250401074100030c043a000a00000c7,2,1,17,164,141,641,503,1.0027,10806,10.7769
0250401074100030c043a000a00000c7,2,1,18,164,141,641,503,1.0027,10797,10.7679
0250401074100030c043a000a00000c7,2,1,19,164,141,641,503,1.0027,10812,10.7829
0250401074100030c043a000a00000c7,2,1,20,164,141,641,503,1.0027,10788,10.7589
0250401074100030c043a000a00000c7,2,1,21,164,141,641,503,1.0027,10826,10.7968
0250401074100030c043a000a00000c7,2,1,22,164,141,641,503,1.0027,10813,10.7839
0250401074100030c043a000a00000c7,2,1,23,164,141,641,503,1.0027,10821,10.7919
0250401074100030c043a000a00000c7,2,1,24,164,141,641,503,1.0027,10807,10.7779
0250401074100030c043a000a00000c7,2,1,25,164,141,641,503,1.0027,10823,10.7938
0250401074100030c043a000a00000c7,2,1,26,164,141,641,503,1.0027,10815,10.7859
0250401074100030c043a000a00000c7,2,1,27,164,141,641,503,1.0027,10812,10.7829
0250401074100030c043a000a00000c7,2,1,28,164,141,641,503,1.0027,0,0
0250401074100030c043a000a00000c7,2,1,29,164,141,641,503,1.0027,10820,10.7909
0250401074100030c043a000a00000c7,2,1,30,164,141,641,503,1.0027,10791,10.7619
0250401074100030c043a000a00000c7,2,1,31,164,141,641,503,1.0027,10806,10.7769
0250401074100030c043a000a00000c7,2,1,32,164,141,641,503,1.0027,10773,10.744
0250401074100030c043a000a00000c7,2,1,33,164,141,641,503,1.0027,10840,10.8108
0250401074100030c043a000a00000c7,2,1,34,164,141,641,503,1.0027,10804,10.7749
0250401074100030c043a000a00000c7,2,1,35,164,141,641,503,1.0027,10809,10.7799
0250401074100030c043a000a00000c7,2,1,36,164,141,641,503,1.0027,10793,10.7639
0250401074100030c043a000a00000c7,2,1,37,164,141,641,503,1.0027,10807,10.7779
0250401074100030c043a000a00000c7,2,1,38,164,141,641,503,1.0027,10802,10.7729
0250401074100030c043a000a00000c7,2,1,39,164,141,641,503,1.0027,10808,10.7789
0250401074100030c043a000a00000c7,2,1,40,164,141,641,503,1.0027,10805,10.7759
0250401074100030c043a000a00000c7,2,1,41,164,141,641,503,1.0027,10817,10.7879
0250401074100030c043a000a00000c7,2,1,42,164,141,641,503,1.0027,10790,10.7609
0250401074100030c043a000a00000c7,2,1,43,164,141,641,503,1.0027,10798,10.7689
0250401074100030c043a000a00000c7,2,1,44,164,141,641,503,1.0027,10781,10.752
0250401074100030c043a000a00000c7,2,1,45,164,141,641,503,1.0027,10805,10.7759
0250401074100030c043a000a00000c7,2,1,46,164,141,641,503,1.0027,10816,10.7869
0250401074100030c043a000a00000c7,2,1,47,164,141,641,503,1.0027,10819,10.7899
0250401074100030c043a000a00000c7,2,1,48,164,141,641,503,1.0027,10798,10.7689
0250401074100030c043a000a00000c7,2,1,49,164,141,641,503,1.0027,10811,10.7819
0250401074100030c043a000a00000c7,2,1,50,164,141,641,503,1.0027,10795,10.7659
0250401074100030c043a000a00000c7,2,1,51,164,141,641,503,1.0027,10806,10.7769
0250401074100030c043a000a00000c7,2,1,52,164,141,641,503,1.0027,10793,10.7639
0250401074100030c043a000a00000c7,2,1,53,164,141,641,503,1.0027,10776,10.747
0250401074100030c043a000a00000c7,2,1,54,164,141,641,503,1.0027,10782,10.753
0250401074100030c043a000a00000c7,2,1,55,164,141,641,503,1.0027,10750,10.721
0250401074100030c043a000a00000c7,2,1,56,164,141,641,503,1.0027,10784,10.755
0250401074100030c043a000a00000c7,2,1,57,164,141,641,503,1.0027,10789,10.7599
0250401074100030c043a000a00000c7,2,1,58,164,141,641,503,1.0027,10793,10.7639
0250401074100030c043a000a00000c7,2,1,59,164,141,641,503,1.0027,10774,10.745
0250401074100030c043a000a00000c7,2,1,60,164,141,641,503,1.0027,10769,10.74
0250401074100030c043a000a00000c7,2,1,61,164,141,641,503,1.0027,10785,10.756
0250401074100030c043a000a00000c7,2,1,62,164,141,641,503,1.0027,10783,10.754
0250401074100030c043a000a00000c7,2,1,63,164,141,641,503,1.0027,10847,10.8178
0250401074100030c043a000a00000c7,2,1,0,164,141,642,504,1.0027,10665,10.6363
0250401074100030c043a000a00000c7,2,1,1,164,141,642,504,1.0027,10716,10.6871
0250401074100030c043a000a00000c7,2,1,2,164,141,642,504,1.0027,10677,10.6482
0250401074100030c043a000a00000c7,2,1,3,164,141,642,504,1.0027,10723,10.6941
0250401074100030c043a000a00000c7,2,1,4,164,141,642,504,1.0027,10687,10.6582
0250401074100030c043a000a00000c7,2,1,5,164,141,642,504,1.0027,10711,10.6821
0250401074100030c043a000a00000c7,2,1,6,164,141,642,504,1.0027,10707,10.6782
0250401074100030c043a000a00000c7,2,1,7,164,141,642,504,1.0027,10694,10.6652
0250401074100030c043a000a00000c7,2,1,8,164,141,642,504,1.0027,10708,10.6792
0250401074100030c043a000a00000c7,2,1,9,164,141,642,504,1.0027,10717,10.6881
0250401074100030c043a000a00000c7,2,1,10,164,141,642,504,1.0027,10700,10.6712
0250401074100030c043a000a00000c7,2,1,11,164,141,642,504,1.0027,10728,10.6991
0250401074100030c043a000a00000c7,2,1,12,164,141,642,504,1.0027,10702,10.6732
0250401074100030c043a000a00000c7,2,1,13,164,141,642,504,1.0027,10765,10.736
0250401074100030c043a000a00000c7,2,1,14,164,141,642,504,1.0027,10734,10.7051
0250401074100030c043a000a00000c7,2,1,15,164,141,642,504,1.0027,10721,10.6921
0250401074100030c043a000a00000c7,2,1,16,164,141,642,504,1.0027,10710,10.6812
0250401074100030c043a000a00000c7,2,1,17,164,141,642,504,1.0027,10733,10.7041
0250401074100030c043a000a00000c7,2,1,18,164,141,642,504,1.0027,10731,10.7021
0250401074100030c043a000a00000c7,2,1,19,164,141,642,504,1.0027,10740,10.7111
0250401074100030c043a000a00000c7,2,1,20,164,141,642,504,1.0027,10720,10.6911
0250401074100030c043a000a00000c7,2,1,21,164,141,642,504,1.0027,10760,10.731
0250401074100030c043a000a00000c7,2,1,22,164,141,642,504,1.0027,10738,10.7091
0250401074100030c043a000a00000c7,2,1,23,164,141,642,504,1.0027,10747,10.7181
0250401074100030c043a000a00000c7,2,1,24,164,141,642,504,1.0027,10733,10.7041
0250401074100030c043a000a00000c7,2,1,25,164,141,642,504,1.0027,10753,10.724
0250401074100030c043a000a00000c7,2,1,26,164,141,642,504,1.0027,10742,10.7131
0250401074100030c043a000a00000c7,2,1,27,164,141,642,504,1.0027,10740,10.7111
0250401074100030c043a000a00000c7,2,1,28,164,141,642,504,1.0027,0,0
0250401074100030c043a000a00000c7,2,1,29,164,141,642,504,1.0027,10749,10.72
0250401074100030c043a000a00000c7,2,1,30,164,141,642,504,1.0027,10720,10.6911
0250401074100030c043a000a00000c7,2,1,31,164,141,642,504,1.0027,10738,10.7091
0250401074100030c043a000a00000c7,2,1,32,164,141,642,504,1.0027,10709,10.6802
0250401074100030c043a000a00000c7,2,1,33,164,141,642,504,1.0027,10764,10.735
0250401074100030c043a000a00000c7,2,1,34,164,141,642,504,1.0027,10735,10.7061
0250401074100030c043a000a00000c7,2,1,35,164,141,642,504,1.0027,10737,10.7081
0250401074100030c043a000a00000c7,2,1,36,164,141,642,504,1.0027,10724,10.6951
0250401074100030c043a000a00000c7,2,1,37,164,141,642,504,1.0027,10739,10.7101
0250401074100030c043a000a00000c7,2,1,38,164,141,642,504,1.0027,10735,10.7061
0250401074100030c043a000a00000c7,2,1,39,164,141,642,504,1.0027,10740,10.7111
0250401074100030c043a000a00000c7,2,1,40,164,141,642,504,1.0027,10736,10.7071
0250401074100030c043a000a00000c7,2,1,41,164,141,642,504,1.0027,10746,10.7171
0250401074100030c043a000a00000c7,2,1,42,164,141,642,504,1.0027,10723,10.6941
0250401074100030c043a000a00000c7,2,1,43,164,141,642,504,1.0027,10727,10.6981
0250401074100030c043a000a00000c7,2,1,44,164,141,642,504,1.0027,10713,10.6841
0250401074100030c043a000a00000c7,2,1,45,164,141,642,504,1.0027,10738,10.7091
0250401074100030c043a000a00000c7,2,1,46,164,141,642,504,1.0027,10748,10.719
0250401074100030c043a000a00000c7,2,1,47,164,141,642,504,1.0027,10747,10.7181
0250401074100030c043a000a00000c7,2,1,48,164,141,642,504,1.0027,10724,10.6951
0250401074100030c043a000a00000c7,2,1,49,164,141,642,504,1.0027,10744,10.7151
0250401074100030c043a000a00000c7,2,1,50,164,141,642,504,1.0027,10721,10.6921
0250401074100030c043a000a00000c7,2,1,51,164,141,642,504,1.0027,10740,10.7111
0250401074100030c043a000a00000c7,2,1,52,164,141,642,504,1.0027,10724,10.6951
0250401074100030c043a000a00000c7,2,1,53,164,141,642,504,1.0027,10710,10.6812
0250401074100030c043a000a00000c7,2,1,54,164,141,642,504,1.0027,10717,10.6881
0250401074100030c043a000a00000c7,2,1,55,164,141,642,504,1.0027,10681,10.6522
0250401074100030c043a000a00000c7,2,1,56,164,141,642,504,1.0027,10718,10.6891
0250401074100030c043a000a00000c7,2,1,57,164,141,642,504,1.0027,10719,10.6901
0250401074100030c043a000a00000c7,2,1,58,164,141,642,504,1.0027,10722,10.6931
0250401074100030c043a000a00000c7,2,1,59,164,141,642,504,1.0027,10707,10.6782
0250401074100030c043a000a00000c7,2,1,60,164,141,642,504,1.0027,10701,10.6722
0250401074100030c043a000a00000c7,2,1,61,164,141,642,504,1.0027,10716,10.6871
0250401074100030c043a000a00000c7,2,1,62,164,141,642,504,1.0027,10710,10.6812
0250401074100030c043a000a00000c7,2,1,63,164,141,642,504,1.0027,10779,10.75
0250401074100030c043a000a00000c7,2,1,0,164,141,643,505,1.0027,10723,10.6941
0250401074100030c043a000a00000c7,2,1,1,164,141,643,505,1.0027,10769,10.74
0250401074100030c043a000a00000c7,2,1,2,164,141,643,505,1.0027,10733,10.7041
0250401074100030c043a000a00000c7,2,1,3,164,141,643,505,1.0027,10771,10.742
0250401074100030c043a000a00000c7,2,1,4,164,141,643,505,1.0027,10740,10.7111
0250401074100030c043a000a00000c7,2,1,5,164,141,643,505,1.0027,10761,10.732
0250401074100030c043a000a00000c7,2,1,6,164,141,643,505,1.0027,10755,10.726
0250401074100030c043a000a00000c7,2,1,7,164,141,643,505,1.0027,10742,10.7131
0250401074100030c043a000a00000c7,2,1,8,164,141,643,505,1.0027,10755,10.726
0250401074100030c043a000a00000c7,2,1,9,164,141,643,505,1.0027,10768,10.739
0250401074100030c043a000a00000c7,2,1,10,164,141,643,505,1.0027,10748,10.719
0250401074100030c043a000a00000c7,2,1,11,164,141,643,505,1.0027,10774,10.745
0250401074100030c043a000a00000c7,2,1,12,164,141,643,505,1.0027,10750,10.721
0250401074100030c043a000a00000c7,2,1,13,164,141,643,505,1.0027,10813,10.7839
0250401074100030c043a000a00000c7,2,1,14,164,141,643,505,1.0027,10778,10.749
0250401074100030c043a000a00000c7,2,1,15,164,141,643,505,1.0027,10768,10.739
0250401074100030c043a000a00000c7,2,1,16,164,141,643,505,1.0027,10755,10.726
0250401074100030c043a000a00000c7,2,1,17,164,141,643,505,1.0027,10777,10.748
0250401074100030c043a000a00000c7,2,1,18,164,141,643,505,1.0027,10775,10.746
0250401074100030c043a000a00000c7,2,1,19,164,141,643,505,1.0027,10780,10.751
0250401074100030c043a000a00000c7,2,1,20,164,141,643,505,1.0027,10767,10.738
0250401074100030c043a000a00000c7,2,1,21,164,141,643,505,1.0027,10801,10.7719
0250401074100030c043a000a00000c7,2,1,22,164,141,643,505,1.0027,10781,10.752
0250401074100030c043a000a00000c7,2,1,23,164,141,643,505,1.0027,10788,10.7589
0250401074100030c043a000a00000c7,2,1,24,164,141,643,505,1.0027,10780,10.751
0250401074100030c043a000a00000c7,2,1,25,164,141,643,505,1.0027,10791,10.7619
0250401074100030c043a000a00000c7,2,1,26,164,141,643,505,1.0027,10782,10.753
0250401074100030c043a000a00000c7,2,1,27,164,141,643,505,1.0027,10784,10.755
0250401074100030c043a000a00000c7,2,1,28,164,141,643,505,1.0027,0,0
0250401074100030c043a000a00000c7,2,1,29,164,141,643,505,1.0027,10788,10.7589
0250401074100030c043a000a00000c7,2,1,30,164,141,643,505,1.0027,10769,10.74
0250401074100030c043a000a00000c7,2,1,31,164,141,643,505,1.0027,10779,10.75
0250401074100030c043a000a00000c7,2,1,32,164,141,643,505,1.0027,10754,10.725
0250401074100030c043a000a00000c7,2,1,33,164,141,643,505,1.0027,10812,10.7829
0250401074100030c043a000a00000c7,2,1,34,164,141,643,505,1.0027,10776,10.747
0250401074100030c043a000a00000c7,2,1,35,164,141,643,505,1.0027,10779,10.75
0250401074100030c043a000a00000c7,2,1,36,164,141,643,505,1.0027,10770,10.741
0250401074100030c043a000a00000c7,2,1,37,164,141,643,505,1.0027,10779,10.75
0250401074100030c043a000a00000c7,2,1,38,164,141,643,505,1.0027,10774,10.745
0250401074100030c043a000a00000c7,2,1,39,164,141,643,505,1.0027,10781,10.752
0250401074100030c043a000a00000c7,2,1,40,164,141,643,505,1.0027,10779,10.75
0250401074100030c043a000a00000c7,2,1,41,164,141,643,505,1.0027,10788,10.7589
0250401074100030c043a000a00000c7,2,1,42,164,141,643,505,1.0027,10768,10.739
0250401074100030c043a000a00000c7,2,1,43,164,141,643,505,1.0027,10774,10.745
0250401074100030c043a000a00000c7,2,1,44,164,141,643,505,1.0027,10762,10.733
0250401074100030c043a000a00000c7,2,1,45,164,141,643,505,1.0027,10779,10.75
0250401074100030c043a000a00000c7,2,1,46,164,141,643,505,1.0027,10787,10.7579
0250401074100030c043a000a00000c7,2,1,47,164,141,643,505,1.0027,10788,10.7589
0250401074100030c043a000a00000c7,2,1,48,164,141,643,505,1.0027,10770,10.741
0250401074100030c043a000a00000c7,2,1,49,164,141,643,505,1.0027,10788,10.7589
0250401074100030c043a000a00000c7,2,1,50,164,141,643,505,1.0027,10772,10.743
0250401074100030c043a000a00000c7,2,1,51,164,141,643,505,1.0027,10780,10.751
0250401074100030c043a000a00000c7,2,1,52,164,141,643,505,1.0027,10771,10.742
0250401074100030c043a000a00000c7,2,1,53,164,141,643,505,1.0027,10759,10.73
0250401074100030c043a000a00000c7,2,1,54,164,141,643,505,1.0027,10768,10.739
0250401074100030c043a000a00000c7,2,1,55,164,141,643,505,1.0027,10734,10.7051
0250401074100030c043a000a00000c7,2,1,56,164,141,643,505,1.0027,10767,10.738
0250401074100030c043a000a00000c7,2,1,57,164,141,643,505,1.0027,10771,10.742
0250401074100030c043a000a00000c7,2,1,58,164,141,643,505,1.0027,10771,10.742
0250401074100030c043a000a00000c7,2,1,59,164,141,643,505,1.0027,10755,10.726
0250401074100030c043a000a00000c7,2,1,60,164,141,643,505,1.0027,10750,10.721
0250401074100030c043a000a00000c7,2,1,61,164,141,643,505,1.0027,10766,10.737
0250401074100030c043a000a00000c7,2,1,62,164,141,643,505,1.0027,10760,10.731
0250401074100030c043a000a00000c7,2,1,63,164,141,643,505,1.0027,10824,10.7948
0250401074100030c043a000a00000c7,2,1,0,164,141,644,506,1.00123,10724,10.7109
0250401074100030c043a000a00000c7,2,1,1,164,141,644,506,1.00123,10765,10.7518
0250401074100030c043a000a00000c7,2,1,2,164,141,644,506,1.00123,10743,10.7298
0250401074100030c043a000a00000c7,2,1,3,164,141,644,506,1.00123,10772,10.7588
0250401074100030c043a000a00000c7,2,1,4,164,141,644,506,1.00123,10749,10.7358
0250401074100030c043a000a00000c7,2,1,5,164,141,644,506,1.00123,10761,10.7478
0250401074100030c043a000a00000c7,2,1,6,164,141,644,506,1.00123,10758,10.7448
0250401074100030c043a000a00000c7,2,1,7,164,141,644,506,1.00123,10747,10.7338
0250401074100030c043a000a00000c7,2,1,8,164,141,644,506,1.00123,10759,10.7458
0250401074100030c043a000a00000c7,2,1,9,164,141,644,506,1.00123,10765,10.7518
0250401074100030c043a000a00000c7,2,1,10,164,141,644,506,1.00123,10755,10.7418
0250401074100030c043a000a00000c7,2,1,11,164,141,644,506,1.00123,10772,10.7588
0250401074100030c043a000a00000c7,2,1,12,164,141,644,506,1.00123,10755,10.7418
0250401074100030c043a000a00000c7,2,1,13,164,141,644,506,1.00123,10805,10.7918
0250401074100030c043a000a00000c7,2,1,14,164,141,644,506,1.00123,10780,10.7668
0250401074100030c043a000a00000c7,2,1,15,164,141,644,506,1.00123,10766,10.7528
0250401074100030c043a000a00000c7,2,1,16,164,141,644,506,1.00123,10758,10.7448
0250401074100030c043a000a00000c7,2,1,17,164,141,644,506,1.00123,10777,10.7638
0250401074100030c043a000a00000c7,2,1,18,164,141,644,506,1.00123,10774,10.7608
0250401074100030c043a000a00000c7,2,1,19,164,141,644,506,1.00123,10783,10.7698
0250401074100030c043a000a00000c7,2,1,20,164,141,644,506,1.00123,10766,10.7528
0250401074100030c043a000a00000c7,2,1,21,164,141,644,506,1.00123,10797,10.7838
0250401074100030c043a000a00000c7,2,1,22,164,141,644,506,1.00123,10781,10.7678
0250401074100030c043a000a00000c7,2,1,23,164,141,644,506,1.00123,10788,10.7748
0250401074100030c043a000a00000c7,2,1,24,164,141,644,506,1.00123,10780,10.7668
0250401074100030c043a000a00000c7,2,1,25,164,141,644,506,1.00123,10792,10.7788
0250401074100030c043a000a00000c7,2,1,26,164,141,644,506,1.00123,10786,10.7728
0250401074100030c043a000a00000c7,2,1,27,164,141,644,506,1.00123,10785,10.7718
0250401074100030c043a000a00000c7,2,1,28,164,141,644,506,1.00123,0,0
0250401074100030c043a000a00000c7,2,1,29,164,141,644,506,1.00123,10788,10.7748
0250401074100030c043a000a00000c7,2,1,30,164,141,644,506,1.00123,10771,10.7578
0250401074100030c043a000a00000c7,2,1,31,164,141,644,506,1.00123,10782,10.7688
0250401074100030c043a000a00000c7,2,1,32,164,141,644,506,1.00123,10757,10.7438
0250401074100030c043a000a00000c7,2,1,33,164,141,644,506,1.00123,10802,10.7888
0250401074100030c043a000a00000c7,2,1,34,164,141,644,506,1.00123,10778,10.7648
0250401074100030c043a000a00000c7,2,1,35,164,141,644,506,1.00123,10781,10.7678
0250401074100030c043a000a00000c7,2,1,36,164,141,644,506,1.00123,10771,10.7578
0250401074100030c043a000a00000c7,2,1,37,164,141,644,506,1.00123,10781,10.7678
0250401074100030c043a000a00000c7,2,1,38,164,141,644,506,1.00123,10779,10.7658
0250401074100030c043a000a00000c7,2,1,39,164,141,644,506,1.00123,10783,10.7698
0250401074100030c043a000a00000c7,2,1,40,164,141,644,506,1.00123,10778,10.7648
0250401074100030c043a000a00000c7,2,1,41,164,141,644,506,1.00123,10786,10.7728
0250401074100030c043a000a00000c7,2,1,42,164,141,644,506,1.00123,10767,10.7538
0250401074100030c043a000a00000c7,2,1,43,164,141,644,506,1.00123,10774,10.7608
0250401074100030c043a000a00000c7,2,1,44,164,141,644,506,1.00123,10760,10.7468
0250401074100030c043a000a00000c7,2,1,45,164,141,644,506,1.00123,10782,10.7688
0250401074100030c043a000a00000c7,2,1,46,164,141,644,506,1.00123,10786,10.7728
0250401074100030c043a000a00000c7,2,1,47,164,141,644,506,1.00123,10790,10.7768
0250401074100030c043a000a00000c7,2,1,48,164,141,644,506,1.00123,10772,10.7588
0250401074100030c043a000a00000c7,2,1,49,164,141,644,506,1.00123,10784,10.7708
0250401074100030c043a000a00000c7,2,1,50,164,141,644,506,1.00123,10768,10.7548
0250401074100030c043a000a00000c7,2,1,51,164,141,644,506,1.00123,10781,10.7678
0250401074100030c043a000a00000c7,2,1,52,164,141,644,506,1.00123,10769,10.7558
0250401074100030c043a000a00000c7,2,1,53,164,141,644,506,1.00123,10760,10.7468
0250401074100030c043a000a00000c7,2,1,54,164,141,644,506,1.00123,10765,10.7518
0250401074100030c043a000a00000c7,2,1,55,164,141,644,506,1.00123,10733,10.7199
0250401074100030c043a000a00000c7,2,1,56,164,141,644,506,1.00123,10763,10.7498
0250401074100030c043a000a00000c7,2,1,57,164,141,644,506,1.00123,10765,10.7518
0250401074100030c043a000a00000c7,2,1,58,164,141,644,506,1.00123,10770,10.7568
0250401074100030c043a000a00000c7,2,1,59,164,141,644,506,1.00123,10754,10.7408
0250401074100030c043a000a00000c7,2,1,60,164,141,644,506,1.00123,10748,10.7348
0250401074100030c043a000a00000c7,2,1,61,164,141,644,506,1.00123,10763,10.7498
0250401074100030c043a000a00000c7,2,1,62,164,141,644,506,1.00123,10758,10.7448
0250401074100030c043a000a00000c7,2,1,63,164,141,644,506,1.00123,10814,10.8008
0250401074100030c043a000a00000c7,2,1,0,164,141,645,507,1.0027,10622,10.5934
0250401074100030c043a000a00000c7,2,1,1,164,141,645,507,1.0027,10693,10.6642
0250401074100030c043a000a00000c7,2,1,2,164,141,645,507,1.0027,10657,10.6283
0250401074100030c043a000a00000c7,2,1,3,164,141,645,507,1.0027,10700,10.6712
0250401074100030c043a000a00000c7,2,1,4,164,141,645,507,1.0027,10662,10.6333
0250401074100030c043a000a00000c7,2,1,5,164,141,645,507,1.0027,10688,10.6592
0250401074100030c043a000a00000c7,2,1,6,164,141,645,507,1.0027,10683,10.6542
0250401074100030c043a000a00000c7,2,1,7,164,141,645,507,1.0027,10669,10.6403
0250401074100030c043a000a00000c7,2,1,8,164,141,645,507,1.0027,10683,10.6542
0250401074100030c043a000a00000c7,2,1,9,164,141,645,507,1.0027,10695,10.6662
0250401074100030c043a000a00000c7,2,1,10,164,141,645,507,1.0027,10675,10.6462
0250401074100030c043a000a00000c7,2,1,11,164,141,645,507,1.0027,10702,10.6732
0250401074100030c043a000a00000c7,2,1,12,164,141,645,507,1.0027,10675,10.6462
0250401074100030c043a000a00000c7,2,1,13,164,141,645,507,1.0027,10733,10.7041
0250401074100030c043a000a00000c7,2,1,14,164,141,645,507,1.0027,10707,10.6782
0250401074100030c043a000a00000c7,2,1,15,164,141,645,507,1.0027,10698,10.6692
0250401074100030c043a000a00000c7,2,1,16,164,141,645,507,1.0027,10682,10.6532
0250401074100030c043a000a00000c7,2,1,17,164,141,645,507,1.0027,10709,10.6802
0250401074100030c043a000a00000c7,2,1,18,164,141,645,507,1.0027,10704,10.6752
0250401074100030c043a000a00000c7,2,1,19,164,141,645,507,1.0027,10714,10.6851
0250401074100030c043a000a00000c7,2,1,20,164,141,645,507,1.0027,10695,10.6662
0250401074100030c043a000a00000c7,2,1,21,164,141,645,507,1.0027,10725,10.6961
0250401074100030c043a000a00000c7,2,1,22,164,141,645,507,1.0027,10712,10.6831
0250401074100030c043a000a00000c7,2,1,23,164,141,645,507,1.0027,10722,10.6931
0250401074100030c043a000a00000c7,2,1,24,164,141,645,507,1.0027,10710,10.6812
0250401074100030c043a000a00000c7,2,1,25,164,141,645,507,1.0027,10723,10.6941
0250401074100030c043a000a00000c7,2,1,26,164,141,645,507,1.0027,10718,10.6891
0250401074100030c043a000a00000c7,2,1,27,164,141,645,507,1.0027,10715,10.6861
0250401074100030c043a000a00000c7,2,1,28,164,141,645,507,1.0027,0,0
0250401074100030c043a000a00000c7,2,1,29,164,141,645,507,1.0027,10722,10.6931
0250401074100030c043a000a00000c7,2,1,30,164,141,645,507,1.0027,10701,10.6722
0250401074100030c043a000a00000c7,2,1,31,164,141,645,507,1.0027,10709,10.6802
0250401074100030c043a000a00000c7,2,1,32,164,141,645,507,1.0027,10682,10.6532
0250401074100030c043a000a00000c7,2,1,33,164,141,645,507,1.0027,10731,10.7021
0250401074100030c043a000a00000c7,2,1,34,164,141,645,507,1.0027,10710,10.6812
0250401074100030c043a000a00000c7,2,1,35,164,141,645,507,1.0027,10714,10.6851
0250401074100030c043a000a00000c7,2,1,36,164,141,645,507,1.0027,10703,10.6742
0250401074100030c043a000a00000c7,2,1,37,164,141,645,507,1.0027,10713,10.6841
0250401074100030c043a000a00000c7,2,1,38,164,141,645,507,1.0027,10709,10.6802
0250401074100030c043a000a00000c7,2,1,39,164,141,645,507,1.0027,10715,10.6861
0250401074100030c043a000a00000c7,2,1,40,164,141,645,507,1.0027,10713,10.6841
0250401074100030c043a000a00000c7,2,1,41,164,141,645,507,1.0027,10721,10.6921
0250401074100030c043a000a00000c7,2,1,42,164,141,645,507,1.0027,10703,10.6742
0250401074100030c043a000a00000c7,2,1,43,164,141,645,507,1.0027,10708,10.6792
0250401074100030c043a000a00000c7,2,1,44,164,141,645,507,1.0027,10690,10.6612
0250401074100030c043a000a00000c7,2,1,45,164,141,645,507,1.0027,10714,10.6851
0250401074100030c043a000a00000c7,2,1,46,164,141,645,507,1.0027,10721,10.6921
0250401074100030c043a000a00000c7,2,1,47,164,141,645,507,1.0027,10723,10.6941
0250401074100030c043a000a00000c7,2,1,48,164,141,645,507,1.0027,10701,10.6722
0250401074100030c043a000a00000c7,2,1,49,164,141,645,507,1.0027,10721,10.6921
0250401074100030c043a000a00000c7,2,1,50,164,141,645,507,1.0027,10700,10.6712
0250401074100030c043a000a00000c7,2,1,51,164,141,645,507,1.0027,10715,10.6861
0250401074100030c043a000a00000c7,2,1,52,164,141,645,507,1.0027,10701,10.6722
0250401074100030c043a000a00000c7,2,1,53,164,141,645,507,1.0027,10686,10.6572
0250401074100030c043a000a00000c7,2,1,54,164,141,645,507,1.0027,10695,10.6662
0250401074100030c043a000a00000c7,2,1,55,164,141,645,507,1.0027,10654,10.6253
0250401074100030c043a000a00000c7,2,1,56,164,141,645,507,1.0027,10695,10.6662
0250401074100030c043a000a00000c7,2,1,57,164,141,645,507,1.0027,10698,10.6692
0250401074100030c043a000a00000c7,2,1,58,164,141,645,507,1.0027,10702,10.6732
0250401074100030c043a000a00000c7,2,1,59,164,141,645,507,1.0027,10684,10.6552
0250401074100030c043a000a00000c7,2,1,60,164,141,645,507,1.0027,10678,10.6492
0250401074100030c043a000a00000c7,2,1,61,164,141,645,507,1.0027,10691,10.6622
0250401074100030c043a000a00000c7,2,1,62,164,141,645,507,1.0027,10689,10.6602
0250401074100030c043a000a00000c7,2,1,63,164,141,645,507,1.0027,10763,10.734
0250401074100030c043a000a00000c7,2,1,0,164,141,646,507,1.0027,10697,10.6682
0250401074100030c043a000a00000c7,2,1,1,164,141,646,507,1.0027,10763,10.734
0250401074100030c043a000a00000c7,2,1,2,164,141,646,507,1.0027,10731,10.7021
0250401074100030c043a000a00000c7,2,1,3,164,141,646,507,1.0027,10771,10.742
0250401074100030c043a000a00000c7,2,1,4,164,141,646,507,1.0027,10739,10.7101
0250401074100030c043a000a00000c7,2,1,5,164,141,646,507,1.0027,10759,10.73
0250401074100030c043a000a00000c7,2,1,6,164,141,646,507,1.0027,10755,10.726
0250401074100030c043a000a00000c7,2,1,7,164,141,646,507,1.0027,10739,10.7101
0250401074100030c043a000a00000c7,2,1,8,164,141,646,507,1.0027,10758,10.729
0250401074100030c043a000a00000c7,2,1,9,164,141,646,507,1.0027,10765,10.736
0250401074100030c043a000a00000c7,2,1,10,164,141,646,507,1.0027,10751,10.722
0250401074100030c043a000a00000c7,2,1,11,164,141,646,507,1.0027,10776,10.747
0250401074100030c043a000a00000c7,2,1,12,164,141,646,507,1.0027,10752,10.723
0250401074100030c043a000a00000c7,2,1,13,164,141,646,507,1.0027,10813,10.7839
0250401074100030c043a000a00000c7,2,1,14,164,141,646,507,1.0027,10782,10.753
0250401074100030c043a000a00000c7,2,1,15,164,141,646,507,1.0027,10766,10.737
0250401074100030c043a000a00000c7,2,1,16,164,141,646,507,1.0027,10758,10.729
0250401074100030c043a000a00000c7,2,1,17,164,141,646,507,1.0027,10778,10.749
0250401074100030c043a000a00000c7,2,1,18,164,141,646,507,1.0027,10778,10.749
0250401074100030c043a000a00000c7,2,1,19,164,141,646,507,1.0027,10784,10.755
0250401074100030c043a000a00000c7,2,1,20,164,141,646,507,1.0027,10769,10.74
0250401074100030c043a000a00000c7,2,1,21,164,141,646,507,1.0027,10800,10.7709
0250401074100030c043a000a00000c7,2,1,22,164,141,646,507,1.0027,10786,10.7569
0250401074100030c043a000a00000c7,2,1,23,164,141,646,507,1.0027,10794,10.7649
0250401074100030c043a000a00000c7,2,1,24,164,141,646,507,1.0027,10782,10.753
0250401074100030c043a000a00000c7,2,1,25,164,141,646,507,1.0027,10796,10.7669
0250401074100030c043a000a00000c7,2,1,26,164,141,646,507,1.0027,10789,10.7599
0250401074100030c043a000a00000c7,2,1,27,164,141,646,507,1.0027,10790,10.7609
0250401074100030c043a000a00000c7,2,1,28,164,141,646,507,1.0027,0,0
0250401074100030c043a000a00000c7,2,1,29,164,141,646,507,1.0027,10795,10.7659
0250401074100030c043a000a00000c7,2,1,30,164,141,646,507,1.0027,10772,10.743
0250401074100030c043a000a00000c7,2,1,31,164,141,646,507,1.0027,10782,10.753
0250401074100030c043a000a00000c7,2,1,32,164,141,646,507,1.0027,10753,10.724
0250401074100030c043a000a00000c7,2,1,33,164,141,646,507,1.0027,10810,10.7809
0250401074100030c043a000a00000c7,2,1,34,164,141,646,507,1.0027,10780,10.751
0250401074100030c043a000a00000c7,2,1,35,164,141,646,507,1.0027,10782,10.753
0250401074100030c043a000a00000c7,2,1,36,164,141,646,507,1.0027,10772,10.743
0250401074100030c043a000a00000c7,2,1,37,164,141,646,507,1.0027,10781,10.752
0250401074100030c043a000a00000c7,2,1,38,164,141,646,507,1.0027,10780,10.751
0250401074100030c043a000a00000c7,2,1,39,164,141,646,507,1.0027,10786,10.7569
0250401074100030c043a000a00000c7,2,1,40,164,141,646,507,1.0027,10778,10.749
0250401074100030c043a000a00000c7,2,1,41,164,141,646,507,1.0027,10793,10.7639
0250401074100030c043a000a00000c7,2,1,42,164,141,646,507,1.0027,10769,10.74
0250401074100030c043a000a00000c7,2,1,43,164,141,646,507,1.0027,10776,10.747
0250401074100030c043a000a00000c7,2,1,44,164,141,646,507,1.0027,10762,10.733
0250401074100030c043a000a00000c7,2,1,45,164,141,646,507,1.0027,10780,10.751
0250401074100030c043a000a00000c7,2,1,46,164,141,646,507,1.0027,10790,10.7609
0250401074100030c043a000a00000c7,2,1,47,164,141,646,507,1.0027,10790,10.7609
0250401074100030c043a000a00000c7,2,1,48,164,141,646,507,1.0027,10774,10.745
0250401074100030c043a000a00000c7,2,1,49,164,141,646,507,1.0027,10787,10.7579
0250401074100030c043a000a00000c7,2,1,50,164,141,646,507,1.0027,10769,10.74
0250401074100030c043a000a00000c7,2,1,51,164,141,646,507,1.0027,10784,10.755
0250401074100030c043a000a00000c7,2,1,52,164,141,646,507,1.0027,10767,10.738
0250401074100030c043a000a00000c7,2,1,53,164,141,646,507,1.0027,10751,10.722
0250401074100030c043a000a00000c7,2,1,54,164,141,646,507,1.0027,10763,10.734
0250401074100030c043a000a00000c7,2,1,55,164,141,646,507,1.0027,10716,10.6871
0250401074100030c043a000a00000c7,2,1,56,164,141,646,507,1.0027,10765,10.736
0250401074100030c043a000a00000c7,2,1,57,164,141,646,507,1.0027,10763,10.734
0250401074100030c043a000a00000c7,2,1,58,164,141,646,507,1.0027,10768,10.739
0250401074100030c043a000a00000c7,2,1,59,164,141,646,507,1.0027,10753,10.724
0250401074100030c043a000a00000c7,2,1,60,164,141,646,507,1.0027,10744,10.7151
0250401074100030c043a000a00000c7,2,1,61,164,141,646,507,1.0027,10756,10.727
0250401074100030c043a000a00000c7,2,1,62,164,141,646,507,1.0027,10758,10.729
0250401074100030c043a000a00000c7,2,1,63,164,141,646,507,1.0027,10831,10.8018
0250401074100030c043a000a00000c7,2,1,0,164,141,647,508,1.00123,10661,10.6479
0250401074100030c043a000a00000c7,2,1,1,164,141,647,508,1.00123,10739,10.7258
0250401074100030c043a000a00000c7,2,1,2,164,141,647,508,1.00123,10697,10.6839
0250401074100030c043a000a00000c7,2,1,3,164,141,647,508,1.00123,10747,10.7338
0250401074100030c043a000a00000c7,2,1,4,164,141,647,508,1.00123,10707,10.6939
0250401074100030c043a000a00000c7,2,1,5,164,141,647,508,1.00123,10734,10.7209
0250401074100030c043a000a00000c7,2,1,6,164,141,647,508,1.00123,10730,10.7169
0250401074100030c043a000a00000c7,2,1,7,164,141,647,508,1.00123,10712,10.6989
0250401074100030c043a000a00000c7,2,1,8,164,141,647,508,1.00123,10735,10.7219
0250401074100030c043a000a00000c7,2,1,9,164,141,647,508,1.00123,10739,10.7258
0250401074100030c043a000a00000c7,2,1,10,164,141,647,508,1.00123,10726,10.7129
0250401074100030c043a000a00000c7,2,1,11,164,141,647,508,1.00123,10751,10.7378
0250401074100030c043a000a00000c7,2,1,12,164,141,647,508,1.00123,10725,10.7119
0250401074100030c043a000a00000c7,2,1,13,164,141,647,508,1.00123,10794,10.7808
0250401074100030c043a000a00000c7,2,1,14,164,141,647,508,1.00123,10757,10.7438
0250401074100030c043a000a00000c7,2,1,15,164,141,647,508,1.00123,10744,10.7308
0250401074100030c043a000a00000c7,2,1,16,164,141,647,508,1.00123,10730,10.7169
0250401074100030c043a000a00000c7,2,1,17,164,141,647,508,1.00123,10757,10.7438
0250401074100030c043a000a00000c7,2,1,18,164,141,647,508,1.00123,10753,10.7398
0250401074100030c043a000a00000c7,2,1,19,164,141,647,508,1.00123,10763,10.7498
0250401074100030c043a000a00000c7,2,1,20,164,141,647,508,1.00123,10743,10.7298
0250401074100030c043a000a00000c7,2,1,21,164,141,647,508,1.00123,10779,10.7658
0250401074100030c043a000a00000c7,2,1,22,164,141,647,508,1.00123,10763,10.7498
0250401074100030c043a000a00000c7,2,1,23,164,141,647,508,1.00123,10772,10.7588
0250401074100030c043a000a00000c7,2,1,24,164,141,647,508,1.00123,10761,10.7478
0250401074100030c043a000a00000c7,2,1,25,164,141,647,508,1.00123,10776,10.7628
0250401074100030c043a000a00000c7,2,1,26,164,141,647,508,1.00123,10768,10.7548
0250401074100030c043a000a00000c7,2,1,27,164,141,647,508,1.00123,10768,10.7548
0250401074100030c043a000a00000c7,2,1,28,164,141,647,508,1.00123,0,0
0250401074100030c043a000a00000c7,2,1,29,164,141,647,508,1.00123,10774,10.7608
0250401074100030c043a000a00000c7,2,1,30,164,141,647,508,1.00123,10747,10.7338
0250401074100030c043a000a00000c7,2,1,31,164,141,647,508,1.00123,10762,10.7488
0250401074100030c043a000a00000c7,2,1,32,164,141,647,508,1.00123,10732,10.7189
0250401074100030c043a000a00000c7,2,1,33,164,141,647,508,1.00123,10790,10.7768
0250401074100030c043a000a00000c7,2,1,34,164,141,647,508,1.00123,10761,10.7478
0250401074100030c043a000a00000c7,2,1,35,164,141,647,508,1.00123,10760,10.7468
0250401074100030c043a000a00000c7,2,1,36,164,141,647,508,1.00123,10747,10.7338
0250401074100030c043a000a00000c7,2,1,37,164,141,647,508,1.00123,10760,10.7468
0250401074100030c043a000a00000c7,2,1,38,164,141,647,508,1.00123,10758,10.7448
0250401074100030c043a000a00000c7,2,1,39,164,141,647,508,1.00123,10765,10.7518
0250401074100030c043a000a00000c7,2,1,40,164,141,647,508,1.00123,10758,10.7448
0250401074100030c043a000a00000c7,2,1,41,164,141,647,508,1.00123,10768,10.7548
0250401074100030c043a000a00000c7,2,1,42,164,141,647,508,1.00123,10745,10.7318
0250401074100030c043a000a00000c7,2,1,43,164,141,647,508,1.00123,10753,10.7398
0250401074100030c043a000a00000c7,2,1,44,164,141,647,508,1.00123,10736,10.7229
0250401074100030c043a000a00000c7,2,1,45,164,141,647,508,1.00123,10759,10.7458
0250401074100030c043a000a00000c7,2,1,46,164,141,647,508,1.00123,10769,10.7558
0250401074100030c043a000a00000c7,2,1,47,164,141,647,508,1.00123,10773,10.7598
0250401074100030c043a000a00000c7,2,1,48,164,141,647,508,1.00123,10746,10.7328
0250401074100030c043a000a00000c7,2,1,49,164,141,647,508,1.00123,10767,10.7538
0250401074100030c043a000a00000c7,2,1,50,164,141,647,508,1.00123,10750,10.7368
0250401074100030c043a000a00000c7,2,1,51,164,141,647,508,1.00123,10763,10.7498
0250401074100030c043a000a00000c7,2,1,52,164,141,647,508,1.00123,10741,10.7278
0250401074100030c043a000a00000c7,2,1,53,164,141,647,508,1.00123,10728,10.7149
0250401074100030c043a000a00000c7,2,1,54,164,141,647,508,1.00123,10735,10.7219
0250401074100030c043a000a00000c7,2,1,55,164,141,647,508,1.00123,10689,10.6759
0250401074100030c043a000a00000c7,2,1,56,164,141,647,508,1.00123,10739,10.7258
0250401074100030c043a000a00000c7,2,1,57,164,141,647,508,1.00123,10740,10.7268
0250401074100030c043a000a00000c7,2,1,58,164,141,647,508,1.00123,10744,10.7308
0250401074100030c043a000a00000c7,2,1,59,164,141,647,508,1.00123,10730,10.7169
0250401074100030c043a000a00000c7,2,1,60,164,141,647,508,1.00123,10720,10.7069
0250401074100030c043a000a00000c7,2,1,61,164,141,647,508,1.00123,10737,10.7238
0250401074100030c043a000a00000c7,2,1,62,164,141,647,508,1.00123,10728,10.7149
0250401074100030c043a000a00000c7,2,1,63,164,141,647,508,1.00123,10811,10.7978
0250401074100030c043a000a00000c7,2,1,0,164,141,648,509,1.00123,10575,10.562
0250401074100030c043a000a00000c7,2,1,1,164,141,648,509,1.00123,10664,10.6509
0250401074100030c043a000a00000c7,2,1,2,164,141,648,509,1.00123,10624,10.611
0250401074100030c043a000a00000c7,2,1,3,164,141,648,509,1.00123,10672,10.6589
0250401074100030c043a000a00000c7,2,1,4,164,141,648,509,1.00123,10644,10.631
0250401074100030c043a000a00000c7,2,1,5,164,141,648,509,1.00123,10670,10.6569
0250401074100030c043a000a00000c7,2,1,6,164,141,648,509,1.00123,10663,10.6499
0250401074100030c043a000a00000c7,2,1,7,164,141,648,509,1.00123,10642,10.629
0250401074100030c043a000a00000c7,2,1,8,164,141,648,509,1.00123,10662,10.6489
0250401074100030c043a000a00000c7,2,1,9,164,141,648,509,1.00123,10669,10.6559
0250401074100030c043a000a00000c7,2,1,10,164,141,648,509,1.00123,10657,10.6439
0250401074100030c043a000a00000c7,2,1,11,164,141,648,509,1.00123,10683,10.6699
0250401074100030c043a000a00000c7,2,1,12,164,141,648,509,1.00123,10659,10.6459
0250401074100030c043a000a00000c7,2,1,13,164,141,648,509,1.00123,10721,10.7079
0250401074100030c043a000a00000c7,2,1,14,164,141,648,509,1.00123,10686,10.6729
0250401074100030c043a000a00000c7,2,1,15,164,141,648,509,1.00123,10676,10.6629
0250401074100030c043a000a00000c7,2,1,16,164,141,648,509,1.00123,10666,10.6529
0250401074100030c043a000a00000c7,2,1,17,164,141,648,509,1.00123,10686,10.6729
0250401074100030c043a000a00000c7,2,1,18,164,141,648,509,1.00123,10682,10.6689
0250401074100030c043a000a00000c7,2,1,19,164,141,648,509,1.00123,10690,10.6769
0250401074100030c043a000a00000c7,2,1,20,164,141,648,509,1.00123,10676,10.6629
0250401074100030c043a000a00000c7,2,1,21,164,141,648,509,1.00123,10705,10.6919
0250401074100030c043a000a00000c7,2,1,22,164,141,648,509,1.00123,10690,10.6769
0250401074100030c043a000a00000c7,2,1,23,164,141,648,509,1.00123,10699,10.6859
0250401074100030c043a000a00000c7,2,1,24,164,141,648,509,1.00123,10690,10.6769
0250401074100030c043a000a00000c7,2,1,25,164,141,648,509,1.00123,10702,10.6889
0250401074100030c043a000a00000c7,2,1,26,164,141,648,509,1.00123,10696,10.6829
0250401074100030c043a000a00000c7,2,1,27,164,141,648,509,1.00123,10694,10.6809
0250401074100030c043a000a00000c7,2,1,28,164,141,648,509,1.00123,0,0
0250401074100030c043a000a00000c7,2,1,29,164,141,648,509,1.00123,10698,10.6849
0250401074100030c043a000a00000c7,2,1,30,164,141,648,509,1.00123,10676,10.6629
0250401074100030c043a000a00000c7,2,1,31,164,141,648,509,1.00123,10691,10.6779
0250401074100030c043a000a00000c7,2,1,32,164,141,648,509,1.00123,10663,10.6499
0250401074100030c043a000a00000c7,2,1,33,164,141,648,509,1.00123,10716,10.7029
0250401074100030c043a000a00000c7,2,1,34,164,141,648,509,1.00123,10686,10.6729
0250401074100030c043a000a00000c7,2,1,35,164,141,648,509,1.00123,10689,10.6759
0250401074100030c043a000a00000c7,2,1,36,164,141,648,509,1.00123,10677,10.6639
0250401074100030c043a000a00000c7,2,1,37,164,141,648,509,1.00123,10688,10.6749
0250401074100030c043a000a00000c7,2,1,38,164,141,648,509,1.00123,10689,10.6759
0250401074100030c043a000a00000c7,2,1,39,164,141,648,509,1.00123,10696,10.6829
0250401074100030c043a000a00000c7,2,1,40,164,141,648,509,1.00123,10688,10.6749
0250401074100030c043a000a00000c7,2,1,41,164,141,648,509,1.00123,10699,10.6859
0250401074100030c043a000a00000c7,2,1,42,164,141,648,509,1.00123,10678,10.6649
0250401074100030c043a000a00000c7,2,1,43,164,141,648,509,1.00123,10682,10.6689
0250401074100030c043a000a00000c7,2,1,44,164,141,648,509,1.00123,10673,10.6599
0250401074100030c043a000a00000c7,2,1,45,164,141,648,509,1.00123,10690,10.6769
0250401074100030c043a000a00000c7,2,1,46,164,141,648,509,1.00123,10698,10.6849
0250401074100030c043a000a00000c7,2,1,47,164,141,648,509,1.00123,10699,10.6859
0250401074100030c043a000a00000c7,2,1,48,164,141,648,509,1.00123,10680,10.6669
0250401074100030c043a000a00000c7,2,1,49,164,141,648,509,1.00123,10698,10.6849
0250401074100030c043a000a00000c7,2,1,50,164,141,648,509,1.00123,10679,10.6659
0250401074100030c043a000a00000c7,2,1,51,164,141,648,509,1.00123,10692,10.6789
0250401074100030c043a000a00000c7,2,1,52,164,141,648,509,1.00123,10677,10.6639
0250401074100030c043a000a00000c7,2,1,53,164,141,648,509,1.00123,10659,10.6459
0250401074100030c043a000a00000c7,2,1,54,164,141,648,509,1.00123,10669,10.6559
0250401074100030c043a000a00000c7,2,1,55,164,141,648,509,1.00123,10608,10.595
0250401074100030c043a000a00000c7,2,1,56,164,141,648,509,1.00123,10675,10.6619
0250401074100030c043a000a00000c7,2,1,57,164,141,648,509,1.00123,10670,10.6569
0250401074100030c043a000a00000c7,2,1,58,164,141,648,509,1.00123,10676,10.6629
0250401074100030c043a000a00000c7,2,1,59,164,141,648,509,1.00123,10660,10.6469
0250401074100030c043a000a00000c7,2,1,60,164,141,648,509,1.00123,10650,10.637
0250401074100030c043a000a00000c7,2,1,61,164,141,648,509,1.00123,10667,10.6539
0250401074100030c043a000a00000c7,2,1,62,164,141,648,509,1.00123,10660,10.6469
0250401074100030c043a000a00000c7,2,1,63,164,141,648,509,1.00123,10736,10.7229
0250401074100030c043a000a00000c7,2,1,0,164,141,649,510,1.00123,10656,10.6429
0250401074100030c043a000a00000c7,2,1,1,164,141,649,510,1.00123,10737,10.7238
0250401074100030c043a000a00000c7,2,1,2,164,141,649,510,1.00123,10697,10.6839
0250401074100030c043a000a00000c7,2,1,3,164,141,649,510,1.00123,10747,10.7338
0250401074100030c043a000a00000c7,2,1,4,164,141,649,510,1.00123,10718,10.7049
0250401074100030c043a000a00000c7,2,1,5,164,141,649,510,1.00123,10738,10.7248
0250401074100030c043a000a00000c7,2,1,6,164,141,649,510,1.00123,10737,10.7238
0250401074100030c043a000a00000c7,2,1,7,164,141,649,510,1.00123,10718,10.7049
0250401074100030c043a000a00000c7,2,1,8,164,141,649,510,1.00123,10739,10.7258
0250401074100030c043a000a00000c7,2,1,9,164,141,649,510,1.00123,10742,10.7288
0250401074100030c043a000a00000c7,2,1,10,164,141,649,510,1.00123,10733,10.7199
0250401074100030c043a000a00000c7,2,1,11,164,141,649,510,1.00123,10752,10.7388
0250401074100030c043a000a00000c7,2,1,12,164,141,649,510,1.00123,10731,10.7179
0250401074100030c043a000a00000c7,2,1,13,164,141,649,510,1.00123,10795,10.7818
0250401074100030c043a000a00000c7,2,1,14,164,141,649,510,1.00123,10759,10.7458
0250401074100030c043a000a00000c7,2,1,15,164,141,649,510,1.00123,10747,10.7338
0250401074100030c043a000a00000c7,2,1,16,164,141,649,510,1.00123,10737,10.7238
0250401074100030c043a000a00000c7,2,1,17,164,141,649,510,1.00123,10757,10.7438
0250401074100030c043a000a00000c7,2,1,18,164,141,649,510,1.00123,10754,10.7408
0250401074100030c043a000a00000c7,2,1,19,164,141,649,510,1.00123,10762,10.7488
0250401074100030c043a000a00000c7,2,1,20,164,141,649,510,1.00123,10746,10.7328
0250401074100030c043a000a00000c7,2,1,21,164,141,649,510,1.00123,10783,10.7698
0250401074100030c043a000a00000c7,2,1,22,164,141,649,510,1.00123,10760,10.7468
0250401074100030c043a000a00000c7,2,1,23,164,141,649,510,1.00123,10770,10.7568
0250401074100030c043a000a00000c7,2,1,24,164,141,649,510,1.00123,10759,10.7458
0250401074100030c043a000a00000c7,2,1,25,164,141,649,510,1.00123,10776,10.7628
0250401074100030c043a000a00000c7,2,1,26,164,141,649,510,1.00123,10767,10.7538
0250401074100030c043a000a00000c7,2,1,27,164,141,649,510,1.00123,10764,10.7508
0250401074100030c043a000a00000c7,2,1,28,164,141,649,510,1.00123,0,0
0250401074100030c043a000a00000c7,2,1,29,164,141,649,510,1.00123,10769,10.7558
0250401074100030c043a000a00000c7,2,1,30,164,141,649,510,1.00123,10749,10.7358
0250401074100030c043a000a00000c7,2,1,31,164,141,649,510,1.00123,10759,10.7458
0250401074100030c043a000a00000c7,2,1,32,164,141,649,510,1.00123,10740,10.7268
0250401074100030c043a000a00000c7,2,1,33,164,141,649,510,1.00123,10792,10.7788
0250401074100030c043a000a00000c7,2,1,34,164,141,649,510,1.00123,10755,10.7418
0250401074100030c043a000a00000c7,2,1,35,164,141,649,510,1.00123,10759,10.7458
0250401074100030c043a000a00000c7,2,1,36,164,141,649,510,1.00123,10751,10.7378
0250401074100030c043a000a00000c7,2,1,37,164,141,649,510,1.00123,10758,10.7448
0250401074100030c043a000a00000c7,2,1,38,164,141,649,510,1.00123,10759,10.7458
0250401074100030c043a000a00000c7,2,1,39,164,141,649,510,1.00123,10762,10.7488
0250401074100030c043a000a00000c7,2,1,40,164,141,649,510,1.00123,10756,10.7428
0250401074100030c043a000a00000c7,2,1,41,164,141,649,510,1.00123,10764,10.7508
0250401074100030c043a000a00000c7,2,1,42,164,141,649,510,1.00123,10747,10.7338
0250401074100030c043a000a00000c7,2,1,43,164,141,649,510,1.00123,10751,10.7378
0250401074100030c043a000a00000c7,2,1,44,164,141,649,510,1.00123,10743,10.7298
0250401074100030c043a000a00000c7,2,1,45,164,141,649,510,1.00123,10755,10.7418
0250401074100030c043a000a00000c7,2,1,46,164,141,649,510,1.00123,10761,10.7478
0250401074100030c043a000a00000c7,2,1,47,164,141,649,510,1.00123,10766,10.7528
0250401074100030c043a000a00000c7,2,1,48,164,141,649,510,1.00123,10750,10.7368
0250401074100030c043a000a00000c7,2,1,49,164,141,649,510,1.00123,10762,10.7488
0250401074100030c043a000a00000c7,2,1,50,164,141,649,510,1.00123,10748,10.7348
0250401074100030c043a000a00000c7,2,1,51,164,141,649,510,1.00123,10755,10.7418
0250401074100030c043a000a00000c7,2,1,52,164,141,649,510,1.00123,10743,10.7298
0250401074100030c043a000a00000c7,2,1,53,164,141,649,510,1.00123,10727,10.7139
0250401074100030c043a000a00000c7,2,1,54,164,141,649,510,1.00123,10740,10.7268
0250401074100030c043a000a00000c7,2,1,55,164,141,649,510,1.00123,10673,10.6599
0250401074100030c043a000a00000c7,2,1,56,164,141,649,510,1.00123,10744,10.7308
0250401074100030c043a000a00000c7,2,1,57,164,141,649,510,1.00123,10741,10.7278
0250401074100030c043a000a00000c7,2,1,58,164,141,649,510,1.00123,10742,10.7288
0250401074100030c043a000a00000c7,2,1,59,164,141,649,510,1.00123,10729,10.7159
0250401074100030c043a000a00000c7,2,1,60,164,141,649,510,1.00123,10719,10.7059
0250401074100030c043a000a00000c7,2,1,61,164,141,649,510,1.00123,10735,10.7219
0250401074100030c043a000a00000c7,2,1,62,164,141,649,510,1.00123,10725,10.7119
0250401074100030c043a000a00000c7,2,1,63,164,141,649,510,1.00123,10806,10.7928
0250401074100030c043a000a00000c7,2,1,0,164,141,650,510,1.00123,10630,10.617
0250401074100030c043a000a00000c7,2,1,1,164,141,650,510,1.00123,10737,10.7238
0250401074100030c043a000a00000c7,2,1,2,164,141,650,510,1.00123,10697,10.6839
0250401074100030c043a000a00000c7,2,1,3,164,141,650,510,1.00123,10749,10.7358
0250401074100030c043a000a00000c7,2,1,4,164,141,650,510,1.00123,10718,10.7049
0250401074100030c043a000a00000c7,2,1,5,164,141,650,510,1.00123,10735,10.7219
0250401074100030c043a000a00000c7,2,1,6,164,141,650,510,1.00123,10735,10.7219
0250401074100030c043a000a00000c7,2,1,7,164,141,650,510,1.00123,10716,10.7029
0250401074100030c043a000a00000c7,2,1,8,164,141,650,510,1.00123,10737,10.7238
0250401074100030c043a000a00000c7,2,1,9,164,141,650,510,1.00123,10740,10.7268
0250401074100030c043a000a00000c7,2,1,10,164,141,650,510,1.00123,10730,10.7169
0250401074100030c043a000a00000c7,2,1,11,164,141,650,510,1.00123,10752,10.7388
0250401074100030c043a000a00000c7,2,1,12,164,141,650,510,1.00123,10733,10.7199
0250401074100030c043a000a00000c7,2,1,13,164,141,650,510,1.00123,10790,10.7768
0250401074100030c043a000a00000c7,2,1,14,164,141,650,510,1.00123,10760,10.7468
0250401074100030c043a000a00000c7,2,1,15,164,141,650,510,1.00123,10744,10.7308
0250401074100030c043a000a00000c7,2,1,16,164,141,650,510,1.00123,10742,10.7288
0250401074100030c043a000a00000c7,2,1,17,164,141,650,510,1.00123,10758,10.7448
0250401074100030c043a000a00000c7,2,1,18,164,141,650,510,1.00123,10755,10.7418
0250401074100030c043a000a00000c7,2,1,19,164,141,650,510,1.00123,10769,10.7558
0250401074100030c043a000a00000c7,2,1,20,164,141,650,510,1.00123,10745,10.7318
0250401074100030c043a000a00000c7,2,1,21,164,141,650,510,1.00123,10783,10.7698
0250401074100030c043a000a00000c7,2,1,22,164,141,650,510,1.00123,10769,10.7558
0250401074100030c043a000a00000c7,2,1,23,164,141,650,510,1.00123,10774,10.7608
0250401074100030c043a000a00000c7,2,1,24,164,141,650,510,1.00123,10764,10.7508
0250401074100030c043a000a00000c7,2,1,25,164,141,650,510,1.00123,10777,10.7638
0250401074100030c043a000a00000c7,2,1,26,164,141,650,510,1.00123,10774,10.7608
0250401074100030c043a000a00000c7,2,1,27,164,141,650,510,1.00123,10772,10.7588
0250401074100030c043a000a00000c7,2,1,28,164,141,650,510,1.00123,0,0
0250401074100030c043a000a00000c7,2,1,29,164,141,650,510,1.00123,10773,10.7598
0250401074100030c043a000a00000c7,2,1,30,164,141,650,510,1.00123,10748,10.7348
0250401074100030c043a000a00000c7,2,1,31,164,141,650,510,1.00123,10761,10.7478
0250401074100030c043a000a00000c7,2,1,32,164,141,650,510,1.00123,10738,10.7248
0250401074100030c043a000a00000c7,2,1,33,164,141,650,510,1.00123,10787,10.7738
0250401074100030c043a000a00000c7,2,1,34,164,141,650,510,1.00123,10759,10.7458
0250401074100030c043a000a00000c7,2,1,35,164,141,650,510,1.00123,10760,10.7468
0250401074100030c043a000a00000c7,2,1,36,164,141,650,510,1.00123,10747,10.7338
0250401074100030c043a000a00000c7,2,1,37,164,141,650,510,1.00123,10759,10.7458
0250401074100030c043a000a00000c7,2,1,38,164,141,650,510,1.00123,10757,10.7438
0250401074100030c043a000a00000c7,2,1,39,164,141,650,510,1.00123,10764,10.7508
0250401074100030c043a000a00000c7,2,1,40,164,141,650,510,1.00123,10759,10.7458
0250401074100030c043a000a00000c7,2,1,41,164,141,650,510,1.00123,10773,10.7598
0250401074100030c043a000a00000c7,2,1,42,164,141,650,510,1.00123,10747,10.7338
0250401074100030c043a000a00000c7,2,1,43,164,141,650,510,1.00123,10751,10.7378
0250401074100030c043a000a00000c7,2,1,44,164,141,650,510,1.00123,10741,10.7278
0250401074100030c043a000a00000c7,2,1,45,164,141,650,510,1.00123,10763,10.7498
0250401074100030c043a000a00000c7,2,1,46,164,141,650,510,1.00123,10770,10.7568
0250401074100030c043a000a00000c7,2,1,47,164,141,650,510,1.00123,10771,10.7578
0250401074100030c043a000a00000c7,2,1,48,164,141,650,510,1.00123,10750,10.7368
0250401074100030c043a000a00000c7,2,1,49,164,141,650,510,1.00123,10768,10.7548
0250401074100030c043a000a00000c7,2,1,50,164,141,650,510,1.00123,10747,10.7338
0250401074100030c043a000a00000c7,2,1,51,164,141,650,510,1.00123,10762,10.7488
0250401074100030c043a000a00000c7,2,1,52,164,141,650,510,1.00123,10740,10.7268
0250401074100030c043a000a00000c7,2,1,53,164,141,650,510,1.00123,10725,10.7119
0250401074100030c043a000a00000c7,2,1,54,164,141,650,510,1.00123,10736,10.7229
0250401074100030c043a000a00000c7,2,1,55,164,141,650,510,1.00123,10647,10.634
0250401074100030c043a000a00000c7,2,1,56,164,141,650,510,1.00123,10737,10.7238
0250401074100030c043a000a00000c7,2,1,57,164,141,650,510,1.00123,10741,10.7278
0250401074100030c043a000a00000c7,2,1,58,164,141,650,510,1.00123,10740,10.7268
0250401074100030c043a000a00000c7,2,1,59,164,141,650,510,1.00123,10730,10.7169
0250401074100030c043a000a00000c7,2,1,60,164,141,650,510,1.00123,10721,10.7079
0250401074100030c043a000a00000c7,2,1,61,164,141,650,510,1.00123,10733,10.7199
0250401074100030c043a000a00000c7,2,1,62,164,141,650,510,1.00123,10726,10.7129
0250401074100030c043a000a00000c7,2,1,63,164,141,650,510,1.00123,10801,10.7878
0250401074100030c043a000a00000c7,2,1,0,164,141,651,511,1.00123,10567,10.5541
0250401074100030c043a000a00000c7,2,1,1,164,141,651,511,1.00123,10710,10.6969
0250401074100030c043a000a00000c7,2,1,2,164,141,651,511,1.00123,10658,10.6449
0250401074100030c043a000a00000c7,2,1,3,164,141,651,511,1.00123,10724,10.7109
0250401074100030c043a000a00000c7,2,1,4,164,141,651,511,1.00123,10693,10.6799
0250401074100030c043a000a00000c7,2,1,5,164,141,651,511,1.00123,10711,10.6979
0250401074100030c043a000a00000c7,2,1,6,164,141,651,511,1.00123,10715,10.7019
0250401074100030c043a000a00000c7,2,1,7,164,141,651,511,1.00123,10687,10.6739
0250401074100030c043a000a00000c7,2,1,8,164,141,651,511,1.00123,10713,10.6999
0250401074100030c043a000a00000c7,2,1,9,164,141,651,511,1.00123,10715,10.7019
0250401074100030c043a000a00000c7,2,1,10,164,141,651,511,1.00123,10709,10.6959
0250401074100030c043a000a00000c7,2,1,11,164,141,651,511,1.00123,10732,10.7189
0250401074100030c043a000a00000c7,2,1,12,164,141,651,511,1.00123,10711,10.6979
0250401074100030c043a000a00000c7,2,1,13,164,141,651,511,1.00123,10773,10.7598
0250401074100030c043a000a00000c7,2,1,14,164,141,651,511,1.00123,10741,10.7278
0250401074100030c043a000a00000c7,2,1,15,164,141,651,511,1.00123,10721,10.7079
0250401074100030c043a000a00000c7,2,1,16,164,141,651,511,1.00123,10717,10.7039
0250401074100030c043a000a00000c7,2,1,17,164,141,651,511,1.00123,10735,10.7219
0250401074100030c043a000a00000c7,2,1,18,164,141,651,511,1.00123,10732,10.7189
0250401074100030c043a000a00000c7,2,1,19,164,141,651,511,1.00123,10744,10.7308
0250401074100030c043a000a00000c7,2,1,20,164,141,651,511,1.00123,10726,10.7129
0250401074100030c043a000a00000c7,2,1,21,164,141,651,511,1.00123,10765,10.7518
0250401074100030c043a000a00000c7,2,1,22,164,141,651,511,1.00123,10747,10.7338
0250401074100030c043a000a00000c7,2,1,23,164,141,651,511,1.00123,10756,10.7428
0250401074100030c043a000a00000c7,2,1,24,164,141,651,511,1.00123,10738,10.7248
0250401074100030c043a000a00000c7,2,1,25,164,141,651,511,1.00123,10762,10.7488
0250401074100030c043a000a00000c7,2,1,26,164,141,651,511,1.00123,10755,10.7418
0250401074100030c043a000a00000c7,2,1,27,164,141,651,511,1.00123,10752,10.7388
0250401074100030c043a000a00000c7,2,1,28,164,141,651,511,1.00123,0,0
0250401074100030c043a000a00000c7,2,1,29,164,141,651,511,1.00123,10757,10.7438
0250401074100030c043a000a00000c7,2,1,30,164,141,651,511,1.00123,10727,10.7139
0250401074100030c043a000a00000c7,2,1,31,164,141,651,511,1.00123,10742,10.7288
0250401074100030c043a000a00000c7,2,1,32,164,141,651,511,1.00123,10717,10.7039
0250401074100030c043a000a00000c7,2,1,33,164,141,651,511,1.00123,10774,10.7608
0250401074100030c043a000a00000c7,2,1,34,164,141,651,511,1.00123,10741,10.7278
0250401074100030c043a000a00000c7,2,1,35,164,141,651,511,1.00123,10740,10.7268
0250401074100030c043a000a00000c7,2,1,36,164,141,651,511,1.00123,10728,10.7149
0250401074100030c043a000a00000c7,2,1,37,164,141,651,511,1.00123,10742,10.7288
0250401074100030c043a000a00000c7,2,1,38,164,141,651,511,1.00123,10739,10.7258
0250401074100030c043a000a00000c7,2,1,39,164,141,651,511,1.00123,10743,10.7298
0250401074100030c043a000a00000c7,2,1,40,164,141,651,511,1.00123,10739,10.7258
0250401074100030c043a000a00000c7,2,1,41,164,141,651,511,1.00123,10754,10.7408
0250401074100030c043a000a00000c7,2,1,42,164,141,651,511,1.00123,10725,10.7119
0250401074100030c043a000a00000c7,2,1,43,164,141,651,511,1.00123,10728,10.7149
0250401074100030c043a000a00000c7,2,1,44,164,141,651,511,1.00123,10715,10.7019
0250401074100030c043a000a00000c7,2,1,45,164,141,651,511,1.00123,10739,10.7258
0250401074100030c043a000a00000c7,2,1,46,164,141,651,511,1.00123,10754,10.7408
0250401074100030c043a000a00000c7,2,1,47,164,141,651,511,1.00123,10755,10.7418
0250401074100030c043a000a00000c7,2,1,48,164,141,651,511,1.00123,10730,10.7169
0250401074100030c043a000a00000c7,2,1,49,164,141,651,511,1.00123,10749,10.7358
0250401074100030c043a000a00000c7,2,1,50,164,141,651,511,1.00123,10722,10.7089
0250401074100030c043a000a00000c7,2,1,51,164,141,651,511,1.00123,10740,10.7268
0250401074100030c043a000a00000c7,2,1,52,164,141,651,511,1.00123,10719,10.7059
0250401074100030c043a000a00000c7,2,1,53,164,141,651,511,1.00123,10706,10.6929
0250401074100030c043a000a00000c7,2,1,54,164,141,651,511,1.00123,10713,10.6999
0250401074100030c043a000a00000c7,2,1,55,164,141,651,511,1.00123,10591,10.578
0250401074100030c043a000a00000c7,2,1,56,164,141,651,511,1.00123,10713,10.6999
0250401074100030c043a000a00000c7,2,1,57,164,141,651,511,1.00123,10716,10.7029
0250401074100030c043a000a00000c7,2,1,58,164,141,651,511,1.00123,10714,10.7009
0250401074100030c043a000a00000c7,2,1,59,164,141,651,511,1.00123,10704,10.6909
0250401074100030c043a000a00000c7,2,1,60,164,141,651,511,1.00123,10696,10.6829
0250401074100030c043a000a00000c7,2,1,61,164,141,651,511,1.00123,10710,10.6969
0250401074100030c043a000a00000c7,2,1,62,164,141,651,511,1.00123,10697,10.6839
0250401074100030c043a000a00000c7,2,1,63,164,141,651,511,1.00123,10788,10.7748
0250401074100030c043a000a00000c7,2,1,0,164,141,652,512,1.0027,10452,10.4238
0250401074100030c043a000a00000c7,2,1,1,164,141,652,512,1.0027,10666,10.6373
0250401074100030c043a000a00000c7,2,1,2,164,141,652,512,1.0027,10579,10.5505
0250401074100030c043a000a00000c7,2,1,3,164,141,652,512,1.0027,10680,10.6512
0250401074100030c043a000a00000c7,2,1,4,164,141,652,512,1.0027,10631,10.6024
0250401074100030c043a000a00000c7,2,1,5,164,141,652,512,1.0027,10664,10.6353
0250401074100030c043a000a00000c7,2,1,6,164,141,652,512,1.0027,10671,10.6423
0250401074100030c043a000a00000c7,2,1,7,164,141,652,512,1.0027,10630,10.6014
0250401074100030c043a000a00000c7,2,1,8,164,141,652,512,1.0027,10672,10.6433
0250401074100030c043a000a00000c7,2,1,9,164,141,652,512,1.0027,10678,10.6492
0250401074100030c043a000a00000c7,2,1,10,164,141,652,512,1.0027,10660,10.6313
0250401074100030c043a000a00000c7,2,1,11,164,141,652,512,1.0027,10691,10.6622
0250401074100030c043a000a00000c7,2,1,12,164,141,652,512,1.0027,10665,10.6363
0250401074100030c043a000a00000c7,2,1,13,164,141,652,512,1.0027,10727,10.6981
0250401074100030c043a000a00000c7,2,1,14,164,141,652,512,1.0027,10695,10.6662
0250401074100030c043a000a00000c7,2,1,15,164,141,652,512,1.0027,10681,10.6522
0250401074100030c043a000a00000c7,2,1,16,164,141,652,512,1.0027,10673,10.6443
0250401074100030c043a000a00000c7,2,1,17,164,141,652,512,1.0027,10691,10.6622
0250401074100030c043a000a00000c7,2,1,18,164,141,652,512,1.0027,10688,10.6592
0250401074100030c043a000a00000c7,2,1,19,164,141,652,512,1.0027,10699,10.6702
0250401074100030c043a000a00000c7,2,1,20,164,141,652,512,1.0027,10682,10.6532
0250401074100030c043a000a00000c7,2,1,21,164,141,652,512,1.0027,10717,10.6881
0250401074100030c043a000a00000c7,2,1,22,164,141,652,512,1.0027,10699,10.6702
0250401074100030c043a000a00000c7,2,1,23,164,141,652,512,1.0027,10709,10.6802
0250401074100030c043a000a00000c7,2,1,24,164,141,652,512,1.0027,10696,10.6672
0250401074100030c043a000a00000c7,2,1,25,164,141,652,512,1.0027,10713,10.6841
0250401074100030c043a000a00000c7,2,1,26,164,141,652,512,1.0027,10707,10.6782
0250401074100030c043a000a00000c7,2,1,27,164,141,652,512,1.0027,10700,10.6712
0250401074100030c043a000a00000c7,2,1,28,164,141,652,512,1.0027,0,0
0250401074100030c043a000a00000c7,2,1,29,164,141,652,512,1.0027,10706,10.6772
0250401074100030c043a000a00000c7,2,1,30,164,141,652,512,1.0027,10683,10.6542
0250401074100030c043a000a00000c7,2,1,31,164,141,652,512,1.0027,10695,10.6662
0250401074100030c043a000a00000c7,2,1,32,164,141,652,512,1.0027,10672,10.6433
0250401074100030c043a000a00000c7,2,1,33,164,141,652,512,1.0027,10724,10.6951
0250401074100030c043a000a00000c7,2,1,34,164,141,652,512,1.0027,10697,10.6682
0250401074100030c043a000a00000c7,2,1,35,164,141,652,512,1.0027,10697,10.6682
0250401074100030c043a000a00000c7,2,1,36,164,141,652,512,1.0027,10686,10.6572
0250401074100030c043a000a00000c7,2,1,37,164,141,652,512,1.0027,10697,10.6682
0250401074100030c043a000a00000c7,2,1,38,164,141,652,512,1.0027,10696,10.6672
0250401074100030c043a000a00000c7,2,1,39,164,141,652,512,1.0027,10700,10.6712
0250401074100030c043a000a00000c7,2,1,40,164,141,652,512,1.0027,10695,10.6662
0250401074100030c043a000a00000c7,2,1,41,164,141,652,512,1.0027,10706,10.6772
0250401074100030c043a000a00000c7,2,1,42,164,141,652,512,1.0027,10687,10.6582
0250401074100030c043a000a00000c7,2,1,43,164,141,652,512,1.0027,10692,10.6632
0250401074100030c043a000a00000c7,2,1,44,164,141,652,512,1.0027,10679,10.6502
0250401074100030c043a000a00000c7,2,1,45,164,141,652,512,1.0027,10697,10.6682
0250401074100030c043a000a00000c7,2,1,46,164,141,652,512,1.0027,10706,10.6772
0250401074100030c043a000a00000c7,2,1,47,164,141,652,512,1.0027,10711,10.6821
0250401074100030c043a000a00000c7,2,1,48,164,141,652,512,1.0027,10688,10.6592
0250401074100030c043a000a00000c7,2,1,49,164,141,652,512,1.0027,10702,10.6732
0250401074100030c043a000a00000c7,2,1,50,164,141,652,512,1.0027,10689,10.6602
0250401074100030c043a000a00000c7,2,1,51,164,141,652,512,1.0027,10698,10.6692
0250401074100030c043a000a00000c7,2,1,52,164,141,652,512,1.0027,10683,10.6542
0250401074100030c043a000a00000c7,2,1,53,164,141,652,512,1.0027,10654,10.6253
0250401074100030c043a000a00000c7,2,1,54,164,141,652,512,1.0027,10673,10.6443
0250401074100030c043a000a00000c7,2,1,55,164,141,652,512,1.0027,10481,10.4528
0250401074100030c043a000a00000c7,2,1,56,164,141,652,512,1.0027,10673,10.6443
0250401074100030c043a000a00000c7,2,1,57,164,141,652,512,1.0027,10674,10.6452
0250401074100030c043a000a00000c7,2,1,58,164,141,652,512,1.0027,10673,10.6443
0250401074100030c043a000a00000c7,2,1,59,164,141,652,512,1.0027,10657,10.6283
0250401074100030c043a000a00000c7,2,1,60,164,141,652,512,1.0027,10635,10.6064
0250401074100030c043a000a00000c7,2,1,61,164,141,652,512,1.0027,10659,10.6303
0250401074100030c043a000a00000c7,2,1,62,164,141,652,512,1.0027,10642,10.6133
0250401074100030c043a000a00000c7,2,1,63,164,141,652,512,1.0027,10730,10.7011
0250401074100030c043a000a00000c7,2,1,0,164,141,653,513,1.00123,10421,10.4082
0250401074100030c043a000a00000c7,2,1,1,164,141,653,513,1.00123,10737,10.7238
0250401074100030c043a000a00000c7,2,1,2,164,141,653,513,1.00123,10646,10.633
0250401074100030c043a000a00000c7,2,1,3,164,141,653,513,1.00123,10758,10.7448
0250401074100030c043a000a00000c7,2,1,4,164,141,653,513,1.00123,10721,10.7079
0250401074100030c043a000a00000c7,2,1,5,164,141,653,513,1.00123,10737,10.7238
0250401074100030c043a000a00000c7,2,1,6,164,141,653,513,1.00123,10748,10.7348
0250401074100030c043a000a00000c7,2,1,7,164,141,653,513,1.00123,10707,10.6939
0250401074100030c043a000a00000c7,2,1,8,164,141,653,513,1.00123,10746,10.7328
0250401074100030c043a000a00000c7,2,1,9,164,141,653,513,1.00123,10747,10.7338
0250401074100030c043a000a00000c7,2,1,10,164,141,653,513,1.00123,10735,10.7219
0250401074100030c043a000a00000c7,2,1,11,164,141,653,513,1.00123,10766,10.7528
0250401074100030c043a000a00000c7,2,1,12,164,141,653,513,1.00123,10739,10.7258
0250401074100030c043a000a00000c7,2,1,13,164,141,653,513,1.00123,10807,10.7938
0250401074100030c043a000a00000c7,2,1,14,164,141,653,513,1.00123,10771,10.7578
0250401074100030c043a000a00000c7,2,1,15,164,141,653,513,1.00123,10756,10.7428
0250401074100030c043a000a00000c7,2,1,16,164,141,653,513,1.00123,10750,10.7368
0250401074100030c043a000a00000c7,2,1,17,164,141,653,513,1.00123,10768,10.7548
0250401074100030c043a000a00000c7,2,1,18,164,141,653,513,1.00123,10766,10.7528
0250401074100030c043a000a00000c7,2,1,19,164,141,653,513,1.00123,10773,10.7598
0250401074100030c043a000a00000c7,2,1,20,164,141,653,513,1.00123,10756,10.7428
0250401074100030c043a000a00000c7,2,1,21,164,141,653,513,1.00123,10795,10.7818
0250401074100030c043a000a00000c7,2,1,22,164,141,653,513,1.00123,10777,10.7638
0250401074100030c043a000a00000c7,2,1,23,164,141,653,513,1.00123,10783,10.7698
0250401074100030c043a000a00000c7,2,1,24,164,141,653,513,1.00123,10770,10.7568
0250401074100030c043a000a00000c7,2,1,25,164,141,653,513,1.00123,10791,10.7778
0250401074100030c043a000a00000c7,2,1,26,164,141,653,513,1.00123,10782,10.7688
0250401074100030c043a000a00000c7,2,1,27,164,141,653,513,1.00123,10780,10.7668
0250401074100030c043a000a00000c7,2,1,28,164,141,653,513,1.00123,0,0
0250401074100030c043a000a00000c7,2,1,29,164,141,653,513,1.00123,10787,10.7738
0250401074100030c043a000a00000c7,2,1,30,164,141,653,513,1.00123,10762,10.7488
0250401074100030c043a000a00000c7,2,1,31,164,141,653,513,1.00123,10771,10.7578
0250401074100030c043a000a00000c7,2,1,32,164,141,653,513,1.00123,10749,10.7358
0250401074100030c043a000a00000c7,2,1,33,164,141,653,513,1.00123,10804,10.7908
0250401074100030c043a000a00000c7,2,1,34,164,141,653,513,1.00123,10772,10.7588
0250401074100030c043a000a00000c7,2,1,35,164,141,653,513,1.00123,10773,10.7598
0250401074100030c043a000a00000c7,2,1,36,164,141,653,513,1.00123,10761,10.7478
0250401074100030c043a000a00000c7,2,1,37,164,141,653,513,1.00123,10770,10.7568
0250401074100030c043a000a00000c7,2,1,38,164,141,653,513,1.00123,10772,10.7588
0250401074100030c043a000a00000c7,2,1,39,164,141,653,513,1.00123,10774,10.7608
0250401074100030c043a000a00000c7,2,1,40,164,141,653,513,1.00123,10768,10.7548
0250401074100030c043a000a00000c7,2,1,41,164,141,653,513,1.00123,10781,10.7678
0250401074100030c043a000a00000c7,2,1,42,164,141,653,513,1.00123,10758,10.7448
0250401074100030c043a000a00000c7,2,1,43,164,141,653,513,1.00123,10764,10.7508
0250401074100030c043a000a00000c7,2,1,44,164,141,653,513,1.00123,10750,10.7368
0250401074100030c043a000a00000c7,2,1,45,164,141,653,513,1.00123,10771,10.7578
0250401074100030c043a000a00000c7,2,1,46,164,141,653,513,1.00123,10780,10.7668
0250401074100030c043a000a00000c7,2,1,47,164,141,653,513,1.00123,10781,10.7678
0250401074100030c043a000a00000c7,2,1,48,164,141,653,513,1.00123,10759,10.7458
0250401074100030c043a000a00000c7,2,1,49,164,141,653,513,1.00123,10778,10.7648
0250401074100030c043a000a00000c7,2,1,50,164,141,653,513,1.00123,10758,10.7448
0250401074100030c043a000a00000c7,2,1,51,164,141,653,513,1.00123,10774,10.7608
0250401074100030c043a000a00000c7,2,1,52,164,141,653,513,1.00123,10753,10.7398
0250401074100030c043a000a00000c7,2,1,53,164,141,653,513,1.00123,10722,10.7089
0250401074100030c043a000a00000c7,2,1,54,164,141,653,513,1.00123,10747,10.7338
0250401074100030c043a000a00000c7,2,1,55,164,141,653,513,1.00123,10453,10.4402
0250401074100030c043a000a00000c7,2,1,56,164,141,653,513,1.00123,10745,10.7318
0250401074100030c043a000a00000c7,2,1,57,164,141,653,513,1.00123,10747,10.7338
0250401074100030c043a000a00000c7,2,1,58,164,141,653,513,1.00123,10745,10.7318
0250401074100030c043a000a00000c7,2,1,59,164,141,653,513,1.00123,10731,10.7179
0250401074100030c043a000a00000c7,2,1,60,164,141,653,513,1.00123,10702,10.6889
0250401074100030c043a000a00000c7,2,1,61,164,141,653,513,1.00123,10724,10.7109
0250401074100030c043a000a00000c7,2,1,62,164,141,653,513,1.00123,10710,10.6969
0250401074100030c043a000a00000c7,2,1,63,164,141,653,513,1.00123,10779,10.7658
0250401074100030c043a000a00000c7,2,1,0,164,141,654,513,1.0027,10165,10.1376
0250401074100030c043a000a00000c7,2,1,1,164,141,654,513,1.0027,10647,10.6183
0250401074100030c043a000a00000c7,2,1,2,164,141,654,513,1.0027,10520,10.4917
0250401074100030c043a000a00000c7,2,1,3,164,141,654,513,1.0027,10664,10.6353
0250401074100030c043a000a00000c7,2,1,4,164,141,654,513,1.0027,10617,10.5884
0250401074100030c043a000a00000c7,2,1,5,164,141,654,513,1.0027,10646,10.6173
0250401074100030c043a000a00000c7,2,1,6,164,141,654,513,1.0027,10652,10.6233
0250401074100030c043a000a00000c7,2,1,7,164,141,654,513,1.0027,10588,10.5595
0250401074100030c043a000a00000c7,2,1,8,164,141,654,513,1.0027,10649,10.6203
0250401074100030c043a000a00000c7,2,1,9,164,141,654,513,1.0027,10660,10.6313
0250401074100030c043a000a00000c7,2,1,10,164,141,654,513,1.0027,10638,10.6093
0250401074100030c043a000a00000c7,2,1,11,164,141,654,513,1.0027,10678,10.6492
0250401074100030c043a000a00000c7,2,1,12,164,141,654,513,1.0027,10646,10.6173
0250401074100030c043a000a00000c7,2,1,13,164,141,654,513,1.0027,10720,10.6911
0250401074100030c043a000a00000c7,2,1,14,164,141,654,513,1.0027,10688,10.6592
0250401074100030c043a000a00000c7,2,1,15,164,141,654,513,1.0027,10669,10.6403
0250401074100030c043a000a00000c7,2,1,16,164,141,654,513,1.0027,10657,10.6283
0250401074100030c043a000a00000c7,2,1,17,164,141,654,513,1.0027,10685,10.6562
0250401074100030c043a000a00000c7,2,1,18,164,141,654,513,1.0027,10682,10.6532
0250401074100030c043a000a00000c7,2,1,19,164,141,654,513,1.0027,10695,10.6662
0250401074100030c043a000a00000c7,2,1,20,164,141,654,513,1.0027,10672,10.6433
0250401074100030c043a000a00000c7,2,1,21,164,141,654,513,1.0027,10709,10.6802
0250401074100030c043a000a00000c7,2,1,22,164,141,654,513,1.0027,10693,10.6642
0250401074100030c043a000a00000c7,2,1,23,164,141,654,513,1.0027,10698,10.6692
0250401074100030c043a000a00000c7,2,1,24,164,141,654,513,1.0027,10692,10.6632
0250401074100030c043a000a00000c7,2,1,25,164,141,654,513,1.0027,10703,10.6742
0250401074100030c043a000a00000c7,2,1,26,164,141,654,513,1.0027,10699,10.6702
0250401074100030c043a000a00000c7,2,1,27,164,141,654,513,1.0027,10697,10.6682
0250401074100030c043a000a00000c7,2,1,28,164,141,654,513,1.0027,0,0
0250401074100030c043a000a00000c7,2,1,29,164,141,654,513,1.0027,10699,10.6702
0250401074100030c043a000a00000c7,2,1,30,164,141,654,513,1.0027,10678,10.6492
0250401074100030c043a000a00000c7,2,1,31,164,141,654,513,1.0027,10694,10.6652
0250401074100030c043a000a00000c7,2,1,32,164,141,654,513,1.0027,10656,10.6273
0250401074100030c043a000a00000c7,2,1,33,164,141,654,513,1.0027,10719,10.6901
0250401074100030c043a000a00000c7,2,1,34,164,141,654,513,1.0027,10689,10.6602
0250401074100030c043a000a00000c7,2,1,35,164,141,654,513,1.0027,10693,10.6642
0250401074100030c043a000a00000c7,2,1,36,164,141,654,513,1.0027,10675,10.6462
0250401074100030c043a000a00000c7,2,1,37,164,141,654,513,1.0027,10691,10.6622
0250401074100030c043a000a00000c7,2,1,38,164,141,654,513,1.0027,10690,10.6612
0250401074100030c043a000a00000c7,2,1,39,164,141,654,513,1.0027,10695,10.6662
0250401074100030c043a000a00000c7,2,1,40,164,141,654,513,1.0027,10691,10.6622
0250401074100030c043a000a00000c7,2,1,41,164,141,654,513,1.0027,10699,10.6702
0250401074100030c043a000a00000c7,2,1,42,164,141,654,513,1.0027,10672,10.6433
0250401074100030c043a000a00000c7,2,1,43,164,141,654,513,1.0027,10683,10.6542
0250401074100030c043a000a00000c7,2,1,44,164,141,654,513,1.0027,10659,10.6303
0250401074100030c043a000a00000c7,2,1,45,164,141,654,513,1.0027,10691,10.6622
0250401074100030c043a000a00000c7,2,1,46,164,141,654,513,1.0027,10701,10.6722
0250401074100030c043a000a00000c7,2,1,47,164,141,654,513,1.0027,10701,10.6722
0250401074100030c043a000a00000c7,2,1,48,164,141,654,513,1.0027,10676,10.6472
0250401074100030c043a000a00000c7,2,1,49,164,141,654,513,1.0027,10697,10.6682
0250401074100030c043a000a00000c7,2,1,50,164,141,654,513,1.0027,10668,10.6393
0250401074100030c043a000a00000c7,2,1,51,164,141,654,513,1.0027,10693,10.6642
0250401074100030c043a000a00000c7,2,1,52,164,141,654,513,1.0027,10666,10.6373
0250401074100030c043a000a00000c7,2,1,53,164,141,654,513,1.0027,10629,10.6004
0250401074100030c043a000a00000c7,2,1,54,164,141,654,513,1.0027,10654,10.6253
0250401074100030c043a000a00000c7,2,1,55,164,141,654,513,1.0027,10200,10.1725
0250401074100030c043a000a00000c7,2,1,56,164,141,654,513,1.0027,10660,10.6313
0250401074100030c043a000a00000c7,2,1,57,164,141,654,513,1.0027,10659,10.6303
0250401074100030c043a000a00000c7,2,1,58,164,141,654,513,1.0027,10661,10.6323
0250401074100030c043a000a00000c7,2,1,59,164,141,654,513,1.0027,10635,10.6064
0250401074100030c043a000a00000c7,2,1,60,164,141,654,513,1.0027,10600,10.5714
0250401074100030c043a000a00000c7,2,1,61,164,141,654,513,1.0027,10634,10.6054
0250401074100030c043a000a00000c7,2,1,62,164,141,654,513,1.0027,10608,10.5794
0250401074100030c043a000a00000c7,2,1,63,164,141,654,513,1.0027,10675,10.6462
0250401074100030c043a000a00000c7,2,1,0,164,141,655,515,1.00123,9818,9.80598
0250401074100030c043a000a00000c7,2,1,1,164,141,655,515,1.00123,10655,10.642
0250401074100030c043a000a00000c7,2,1,2,164,141,655,515,1.00123,10482,10.4692
0250401074100030c043a000a00000c7,2,1,3,164,141,655,515,1.00123,10679,10.6659
0250401074100030c043a000a00000c7,2,1,4,164,141,655,515,1.00123,10635,10.622
0250401074100030c043a000a00000c7,2,1,5,164,141,655,515,1.00123,10660,10.6469
0250401074100030c043a000a00000c7,2,1,6,164,141,655,515,1.00123,10674,10.6609
0250401074100030c043a000a00000c7,2,1,7,164,141,655,515,1.00123,10613,10.6
0250401074100030c043a000a00000c7,2,1,8,164,141,655,515,1.00123,10675,10.6619
0250401074100030c043a000a00000c7,2,1,9,164,141,655,515,1.00123,10673,10.6599
0250401074100030c043a000a00000c7,2,1,10,164,141,655,515,1.00123,10662,10.6489
0250401074100030c043a000a00000c7,2,1,11,164,141,655,515,1.00123,10686,10.6729
0250401074100030c043a000a00000c7,2,1,12,164,141,655,515,1.00123,10671,10.6579
0250401074100030c043a000a00000c7,2,1,13,164,141,655,515,1.00123,10719,10.7059
0250401074100030c043a000a00000c7,2,1,14,164,141,655,515,1.00123,10698,10.6849
0250401074100030c043a000a00000c7,2,1,15,164,141,655,515,1.00123,10681,10.6679
0250401074100030c043a000a00000c7,2,1,16,164,141,655,515,1.00123,10680,10.6669
0250401074100030c043a000a00000c7,2,1,17,164,141,655,515,1.00123,10689,10.6759
0250401074100030c043a000a00000c7,2,1,18,164,141,655,515,1.00123,10695,10.6819
0250401074100030c043a000a00000c7,2,1,19,164,141,655,515,1.00123,10699,10.6859
0250401074100030c043a000a00000c7,2,1,20,164,141,655,515,1.00123,10684,10.6709
0250401074100030c043a000a00000c7,2,1,21,164,141,655,515,1.00123,10711,10.6979
0250401074100030c043a000a00000c7,2,1,22,164,141,655,515,1.00123,10702,10.6889
0250401074100030c043a000a00000c7,2,1,23,164,141,655,515,1.00123,10707,10.6939
0250401074100030c043a000a00000c7,2,1,24,164,141,655,515,1.00123,10697,10.6839
0250401074100030c043a000a00000c7,2,1,25,164,141,655,515,1.00123,10709,10.6959
0250401074100030c043a000a00000c7,2,1,26,164,141,655,515,1.00123,10704,10.6909
0250401074100030c043a000a00000c7,2,1,27,164,141,655,515,1.00123,10704,10.6909
0250401074100030c043a000a00000c7,2,1,28,164,141,655,515,1.00123,0,0
0250401074100030c043a000a00000c7,2,1,29,164,141,655,515,1.00123,10707,10.6939
0250401074100030c043a000a00000c7,2,1,30,164,141,655,515,1.00123,10691,10.6779
0250401074100030c043a000a00000c7,2,1,31,164,141,655,515,1.00123,10700,10.6869
0250401074100030c043a000a00000c7,2,1,32,164,141,655,515,1.00123,10677,10.6639
0250401074100030c043a000a00000c7,2,1,33,164,141,655,515,1.00123,10724,10.7109
0250401074100030c043a000a00000c7,2,1,34,164,141,655,515,1.00123,10699,10.6859
0250401074100030c043a000a00000c7,2,1,35,164,141,655,515,1.00123,10699,10.6859
0250401074100030c043a000a00000c7,2,1,36,164,141,655,515,1.00123,10685,10.6719
0250401074100030c043a000a00000c7,2,1,37,164,141,655,515,1.00123,10694,10.6809
0250401074100030c043a000a00000c7,2,1,38,164,141,655,515,1.00123,10697,10.6839
0250401074100030c043a000a00000c7,2,1,39,164,141,655,515,1.00123,10699,10.6859
0250401074100030c043a000a00000c7,2,1,40,164,141,655,515,1.00123,10696,10.6829
0250401074100030c043a000a00000c7,2,1,41,164,141,655,515,1.00123,10703,10.6899
0250401074100030c043a000a00000c7,2,1,42,164,141,655,515,1.00123,10686,10.6729
0250401074100030c043a000a00000c7,2,1,43,164,141,655,515,1.00123,10688,10.6749
0250401074100030c043a000a00000c7,2,1,44,164,141,655,515,1.00123,10678,10.6649
0250401074100030c043a000a00000c7,2,1,45,164,141,655,515,1.00123,10694,10.6809
0250401074100030c043a000a00000c7,2,1,46,164,141,655,515,1.00123,10706,10.6929
0250401074100030c043a000a00000c7,2,1,47,164,141,655,515,1.00123,10705,10.6919
0250401074100030c043a000a00000c7,2,1,48,164,141,655,515,1.00123,10685,10.6719
0250401074100030c043a000a00000c7,2,1,49,164,141,655,515,1.00123,10705,10.6919
0250401074100030c043a000a00000c7,2,1,50,164,141,655,515,1.00123,10685,10.6719
0250401074100030c043a000a00000c7,2,1,51,164,141,655,515,1.00123,10698,10.6849
0250401074100030c043a000a00000c7,2,1,52,164,141,655,515,1.00123,10677,10.6639
0250401074100030c043a000a00000c7,2,1,53,164,141,655,515,1.00123,10644,10.631
0250401074100030c043a000a00000c7,2,1,54,164,141,655,515,1.00123,10672,10.6589
0250401074100030c043a000a00000c7,2,1,55,164,141,655,515,1.00123,9910,9.89786
0250401074100030c043a000a00000c7,2,1,56,164,141,655,515,1.00123,10672,10.6589
0250401074100030c043a000a00000c7,2,1,57,164,141,655,515,1.00123,10675,10.6619
0250401074100030c043a000a00000c7,2,1,58,164,141,655,515,1.00123,10671,10.6579
0250401074100030c043a000a00000c7,2,1,59,164,141,655,515,1.00123,10651,10.638
0250401074100030c043a000a00000c7,2,1,60,164,141,655,515,1.00123,10608,10.595
0250401074100030c043a000a00000c7,2,1,61,164,141,655,515,1.00123,10641,10.628
0250401074100030c043a000a00000c7,2,1,62,164,141,655,515,1.00123,10613,10.6
0250401074100030c043a000a00000c7,2,1,63,164,141,655,515,1.00123,10667,10.6539
0250401074100030c043a000a00000c7,2,1,0,164,141,656,515,1.0027,9351,9.32581
0250401074100030c043a000a00000c7,2,1,1,164,141,656,515,1.0027,10747,10.7181
0250401074100030c043a000a00000c7,2,1,2,164,141,656,515,1.0027,10494,10.4657
0250401074100030c043a000a00000c7,2,1,3,164,141,656,515,1.0027,10779,10.75
0250401074100030c043a000a00000c7,2,1,4,164,141,656,515,1.0027,10718,10.6891
0250401074100030c043a000a00000c7,2,1,5,164,141,656,515,1.0027,10756,10.727
0250401074100030c043a000a00000c7,2,1,6,164,141,656,515,1.0027,10767,10.738
0250401074100030c043a000a00000c7,2,1,7,164,141,656,515,1.0027,10679,10.6502
0250401074100030c043a000a00000c7,2,1,8,164,141,656,515,1.0027,10771,10.742
0250401074100030c043a000a00000c7,2,1,9,164,141,656,515,1.0027,10770,10.741
0250401074100030c043a000a00000c7,2,1,10,164,141,656,515,1.0027,10756,10.727
0250401074100030c043a000a00000c7,2,1,11,164,141,656,515,1.0027,10782,10.753
0250401074100030c043a000a00000c7,2,1,12,164,141,656,515,1.0027,10766,10.737
0250401074100030c043a000a00000c7,2,1,13,164,141,656,515,1.0027,10820,10.7909
0250401074100030c043a000a00000c7,2,1,14,164,141,656,515,1.0027,10790,10.7609
0250401074100030c043a000a00000c7,2,1,15,164,141,656,515,1.0027,10778,10.749
0250401074100030c043a000a00000c7,2,1,16,164,141,656,515,1.0027,10771,10.742
0250401074100030c043a000a00000c7,2,1,17,164,141,656,515,1.0027,10784,10.755
0250401074100030c043a000a00000c7,2,1,18,164,141,656,515,1.0027,10788,10.7589
0250401074100030c043a000a00000c7,2,1,19,164,141,656,515,1.0027,10791,10.7619
0250401074100030c043a000a00000c7,2,1,20,164,141,656,515,1.0027,10777,10.748
0250401074100030c043a000a00000c7,2,1,21,164,141,656,515,1.0027,10811,10.7819
0250401074100030c043a000a00000c7,2,1,22,164,141,656,515,1.0027,10793,10.7639
0250401074100030c043a000a00000c7,2,1,23,164,141,656,515,1.0027,10798,10.7689
0250401074100030c043a000a00000c7,2,1,24,164,141,656,515,1.0027,10789,10.7599
0250401074100030c043a000a00000c7,2,1,25,164,141,656,515,1.0027,10804,10.7749
0250401074100030c043a000a00000c7,2,1,26,164,141,656,515,1.0027,10800,10.7709
0250401074100030c043a000a00000c7,2,1,27,164,141,656,515,1.0027,10797,10.7679
0250401074100030c043a000a00000c7,2,1,28,164,141,656,515,1.0027,0,0
0250401074100030c043a000a00000c7,2,1,29,164,141,656,515,1.0027,10797,10.7679
0250401074100030c043a000a00000c7,2,1,30,164,141,656,515,1.0027,10784,10.755
0250401074100030c043a000a00000c7,2,1,31,164,141,656,515,1.0027,10792,10.7629
0250401074100030c043a000a00000c7,2,1,32,164,141,656,515,1.0027,10768,10.739
0250401074100030c043a000a00000c7,2,1,33,164,141,656,515,1.0027,10815,10.7859
0250401074100030c043a000a00000c7,2,1,34,164,141,656,515,1.0027,10789,10.7599
0250401074100030c043a000a00000c7,2,1,35,164,141,656,515,1.0027,10789,10.7599
0250401074100030c043a000a00000c7,2,1,36,164,141,656,515,1.0027,10782,10.753
0250401074100030c043a000a00000c7,2,1,37,164,141,656,515,1.0027,10785,10.756
0250401074100030c043a000a00000c7,2,1,38,164,141,656,515,1.0027,10789,10.7599
0250401074100030c043a000a00000c7,2,1,39,164,141,656,515,1.0027,10792,10.7629
0250401074100030c043a000a00000c7,2,1,40,164,141,656,515,1.0027,10787,10.7579
0250401074100030c043a000a00000c7,2,1,41,164,141,656,515,1.0027,10795,10.7659
0250401074100030c043a000a00000c7,2,1,42,164,141,656,515,1.0027,10779,10.75
0250401074100030c043a000a00000c7,2,1,43,164,141,656,515,1.0027,10783,10.754
0250401074100030c043a000a00000c7,2,1,44,164,141,656,515,1.0027,10773,10.744
0250401074100030c043a000a00000c7,2,1,45,164,141,656,515,1.0027,10784,10.755
0250401074100030c043a000a00000c7,2,1,46,164,141,656,515,1.0027,10795,10.7659
0250401074100030c043a000a00000c7,2,1,47,164,141,656,515,1.0027,10796,10.7669
0250401074100030c043a000a00000c7,2,1,48,164,141,656,515,1.0027,10780,10.751
0250401074100030c043a000a00000c7,2,1,49,164,141,656,515,1.0027,10793,10.7639
0250401074100030c043a000a00000c7,2,1,50,164,141,656,515,1.0027,10777,10.748
0250401074100030c043a000a00000c7,2,1,51,164,141,656,515,1.0027,10786,10.7569
0250401074100030c043a000a00000c7,2,1,52,164,141,656,515,1.0027,10769,10.74
0250401074100030c043a000a00000c7,2,1,53,164,141,656,515,1.0027,10718,10.6891
0250401074100030c043a000a00000c7,2,1,54,164,141,656,515,1.0027,10765,10.736
0250401074100030c043a000a00000c7,2,1,55,164,141,656,515,1.0027,9446,9.42056
0250401074100030c043a000a00000c7,2,1,56,164,141,656,515,1.0027,10763,10.734
0250401074100030c043a000a00000c7,2,1,57,164,141,656,515,1.0027,10768,10.739
0250401074100030c043a000a00000c7,2,1,58,164,141,656,515,1.0027,10760,10.731
0250401074100030c043a000a00000c7,2,1,59,164,141,656,515,1.0027,10739,10.7101
0250401074100030c043a000a00000c7,2,1,60,164,141,656,515,1.0027,10632,10.6034
0250401074100030c043a000a00000c7,2,1,61,164,141,656,515,1.0027,10730,10.7011
0250401074100030c043a000a00000c7,2,1,62,164,141,656,515,1.0027,10671,10.6423
0250401074100030c043a000a00000c7,2,1,63,164,141,656,515,1.0027,10720,10.6911
0250401074100030c043a000a00000c7,2,1,0,164,141,657,516,1.0027,8181,8.15896
0250401074100030c043a000a00000c7,2,1,1,164,141,657,516,1.0027,10633,10.6044
0250401074100030c043a000a00000c7,2,1,2,164,141,657,516,1.0027,10221,10.1935
0250401074100030c043a000a00000c7,2,1,3,164,141,657,516,1.0027,10669,10.6403
0250401074100030c043a000a00000c7,2,1,4,164,141,657,516,1.0027,10604,10.5754
0250401074100030c043a000a00000c7,2,1,5,164,141,657,516,1.0027,10646,10.6173
0250401074100030c043a000a00000c7,2,1,6,164,141,657,516,1.0027,10664,10.6353
0250401074100030c043a000a00000c7,2,1,7,164,141,657,516,1.0027,10551,10.5226
0250401074100030c043a000a00000c7,2,1,8,164,141,657,516,1.0027,10661,10.6323
0250401074100030c043a000a00000c7,2,1,9,164,141,657,516,1.0027,10663,10.6343
0250401074100030c043a000a00000c7,2,1,10,164,141,657,516,1.0027,10651,10.6223
0250401074100030c043a000a00000c7,2,1,11,164,141,657,516,1.0027,10680,10.6512
0250401074100030c043a000a00000c7,2,1,12,164,141,657,516,1.0027,10658,10.6293
0250401074100030c043a000a00000c7,2,1,13,164,141,657,516,1.0027,10719,10.6901
0250401074100030c043a000a00000c7,2,1,14,164,141,657,516,1.0027,10685,10.6562
0250401074100030c043a000a00000c7,2,1,15,164,141,657,516,1.0027,10671,10.6423
0250401074100030c043a000a00000c7,2,1,16,164,141,657,516,1.0027,10668,10.6393
0250401074100030c043a000a00000c7,2,1,17,164,141,657,516,1.0027,10679,10.6502
0250401074100030c043a000a00000c7,2,1,18,164,141,657,516,1.0027,10683,10.6542
0250401074100030c043a000a00000c7,2,1,19,164,141,657,516,1.0027,10689,10.6602
0250401074100030c043a000a00000c7,2,1,20,164,141,657,516,1.0027,10673,10.6443
0250401074100030c043a000a00000c7,2,1,21,164,141,657,516,1.0027,10708,10.6792
0250401074100030c043a000a00000c7,2,1,22,164,141,657,516,1.0027,10692,10.6632
0250401074100030c043a000a00000c7,2,1,23,164,141,657,516,1.0027,10695,10.6662
0250401074100030c043a000a00000c7,2,1,24,164,141,657,516,1.0027,10690,10.6612
0250401074100030c043a000a00000c7,2,1,25,164,141,657,516,1.0027,10706,10.6772
0250401074100030c043a000a00000c7,2,1,26,164,141,657,516,1.0027,10697,10.6682
0250401074100030c043a000a00000c7,2,1,27,164,141,657,516,1.0027,10693,10.6642
0250401074100030c043a000a00000c7,2,1,28,164,141,657,516,1.0027,0,0
0250401074100030c043a000a00000c7,2,1,29,164,141,657,516,1.0027,10696,10.6672
0250401074100030c043a000a00000c7,2,1,30,164,141,657,516,1.0027,10681,10.6522
0250401074100030c043a000a00000c7,2,1,31,164,141,657,516,1.0027,10688,10.6592
0250401074100030c043a000a00000c7,2,1,32,164,141,657,516,1.0027,10668,10.6393
0250401074100030c043a000a00000c7,2,1,33,164,141,657,516,1.0027,10720,10.6911
0250401074100030c043a000a00000c7,2,1,34,164,141,657,516,1.0027,10690,10.6612
0250401074100030c043a000a00000c7,2,1,35,164,141,657,516,1.0027,10688,10.6592
0250401074100030c043a000a00000c7,2,1,36,164,141,657,516,1.0027,10677,10.6482
0250401074100030c043a000a00000c7,2,1,37,164,141,657,516,1.0027,10683,10.6542
0250401074100030c043a000a00000c7,2,1,38,164,141,657,516,1.0027,10687,10.6582
0250401074100030c043a000a00000c7,2,1,39,164,141,657,516,1.0027,10688,10.6592
0250401074100030c043a000a00000c7,2,1,40,164,141,657,516,1.0027,10685,10.6562
0250401074100030c043a000a00000c7,2,1,41,164,141,657,516,1.0027,10692,10.6632
0250401074100030c043a000a00000c7,2,1,42,164,141,657,516,1.0027,10674,10.6452
0250401074100030c043a000a00000c7,2,1,43,164,141,657,516,1.0027,10680,10.6512
0250401074100030c043a000a00000c7,2,1,44,164,141,657,516,1.0027,10669,10.6403
0250401074100030c043a000a00000c7,2,1,45,164,141,657,516,1.0027,10684,10.6552
0250401074100030c043a000a00000c7,2,1,46,164,141,657,516,1.0027,10692,10.6632
0250401074100030c043a000a00000c7,2,1,47,164,141,657,516,1.0027,10693,10.6642
0250401074100030c043a000a00000c7,2,1,48,164,141,657,516,1.0027,10677,10.6482
0250401074100030c043a000a00000c7,2,1,49,164,141,657,516,1.0027,10692,10.6632
0250401074100030c043a000a00000c7,2,1,50,164,141,657,516,1.0027,10676,10.6472
0250401074100030c043a000a00000c7,2,1,51,164,141,657,516,1.0027,10684,10.6552
0250401074100030c043a000a00000c7,2,1,52,164,141,657,516,1.0027,10666,10.6373
0250401074100030c043a000a00000c7,2,1,53,164,141,657,516,1.0027,10612,10.5834
0250401074100030c043a000a00000c7,2,1,54,164,141,657,516,1.0027,10662,10.6333
0250401074100030c043a000a00000c7,2,1,55,164,141,657,516,1.0027,8284,8.26169
0250401074100030c043a000a00000c7,2,1,56,164,141,657,516,1.0027,10657,10.6283
0250401074100030c043a000a00000c7,2,1,57,164,141,657,516,1.0027,10664,10.6353
0250401074100030c043a000a00000c7,2,1,58,164,141,657,516,1.0027,10650,10.6213
0250401074100030c043a000a00000c7,2,1,59,164,141,657,516,1.0027,10634,10.6054
0250401074100030c043a000a00000c7,2,1,60,164,141,657,516,1.0027,10524,10.4957
0250401074100030c043a000a00000c7,2,1,61,164,141,657,516,1.0027,10616,10.5874
0250401074100030c043a000a00000c7,2,1,62,164,141,657,516,1.0027,10539,10.5106
0250401074100030c043a000a00000c7,2,1,63,164,141,657,516,1.0027,10605,10.5764
0250401074100030c043a000a00000c7,2,1,0,164,141,658,517,1.00123,6750,6.74173
0250401074100030c043a000a00000c7,2,1,1,164,141,658,517,1.00123,10664,10.6509
0250401074100030c043a000a00000c7,2,1,2,164,141,658,517,1.00123,9926,9.91384
0250401074100030c043a000a00000c7,2,1,3,164,141,658,517,1.00123,10705,10.6919
0250401074100030c043a000a00000c7,2,1,4,164,141,658,517,1.00123,10629,10.616
0250401074100030c043a000a00000c7,2,1,5,164,141,658,517,1.00123,10671,10.6579
0250401074100030c043a000a00000c7,2,1,6,164,141,658,517,1.00123,10695,10.6819
0250401074100030c043a000a00000c7,2,1,7,164,141,658,517,1.00123,10538,10.5251
0250401074100030c043a000a00000c7,2,1,8,164,141,658,517,1.00123,10696,10.6829
0250401074100030c043a000a00000c7,2,1,9,164,141,658,517,1.00123,10687,10.6739
0250401074100030c043a000a00000c7,2,1,10,164,141,658,517,1.00123,10676,10.6629
0250401074100030c043a000a00000c7,2,1,11,164,141,658,517,1.00123,10716,10.7029
0250401074100030c043a000a00000c7,2,1,12,164,141,658,517,1.00123,10689,10.6759
0250401074100030c043a000a00000c7,2,1,13,164,141,658,517,1.00123,10745,10.7318
0250401074100030c043a000a00000c7,2,1,14,164,141,658,517,1.00123,10725,10.7119
0250401074100030c043a000a00000c7,2,1,15,164,141,658,517,1.00123,10707,10.6939
0250401074100030c043a000a00000c7,2,1,16,164,141,658,517,1.00123,10700,10.6869
0250401074100030c043a000a00000c7,2,1,17,164,141,658,517,1.00123,10721,10.7079
0250401074100030c043a000a00000c7,2,1,18,164,141,658,517,1.00123,10721,10.7079
0250401074100030c043a000a00000c7,2,1,19,164,141,658,517,1.00123,10727,10.7139
0250401074100030c043a000a00000c7,2,1,20,164,141,658,517,1.00123,10714,10.7009
0250401074100030c043a000a00000c7,2,1,21,164,141,658,517,1.00123,10740,10.7268
0250401074100030c043a000a00000c7,2,1,22,164,141,658,517,1.00123,10733,10.7199
0250401074100030c043a000a00000c7,2,1,23,164,141,658,517,1.00123,10737,10.7238
0250401074100030c043a000a00000c7,2,1,24,164,141,658,517,1.00123,10726,10.7129
0250401074100030c043a000a00000c7,2,1,25,164,141,658,517,1.00123,10738,10.7248
0250401074100030c043a000a00000c7,2,1,26,164,141,658,517,1.00123,10735,10.7219
0250401074100030c043a000a00000c7,2,1,27,164,141,658,517,1.00123,10732,10.7189
0250401074100030c043a000a00000c7,2,1,28,164,141,658,517,1.00123,0,0
0250401074100030c043a000a00000c7,2,1,29,164,141,658,517,1.00123,10735,10.7219
0250401074100030c043a000a00000c7,2,1,30,164,141,658,517,1.00123,10717,10.7039
0250401074100030c043a000a00000c7,2,1,31,164,141,658,517,1.00123,10729,10.7159
0250401074100030c043a000a00000c7,2,1,32,164,141,658,517,1.00123,10702,10.6889
0250401074100030c043a000a00000c7,2,1,33,164,141,658,517,1.00123,10746,10.7328
0250401074100030c043a000a00000c7,2,1,34,164,141,658,517,1.00123,10726,10.7129
0250401074100030c043a000a00000c7,2,1,35,164,141,658,517,1.00123,10726,10.7129
0250401074100030c043a000a00000c7,2,1,36,164,141,658,517,1.00123,10717,10.7039
0250401074100030c043a000a00000c7,2,1,37,164,141,658,517,1.00123,10725,10.7119
0250401074100030c043a000a00000c7,2,1,38,164,141,658,517,1.00123,10724,10.7109
0250401074100030c043a000a00000c7,2,1,39,164,141,658,517,1.00123,10727,10.7139
0250401074100030c043a000a00000c7,2,1,40,164,141,658,517,1.00123,10722,10.7089
0250401074100030c043a000a00000c7,2,1,41,164,141,658,517,1.00123,10730,10.7169
0250401074100030c043a000a00000c7,2,1,42,164,141,658,517,1.00123,10713,10.6999
0250401074100030c043a000a00000c7,2,1,43,164,141,658,517,1.00123,10718,10.7049
0250401074100030c043a000a00000c7,2,1,44,164,141,658,517,1.00123,10701,10.6879
0250401074100030c043a000a00000c7,2,1,45,164,141,658,517,1.00123,10717,10.7039
0250401074100030c043a000a00000c7,2,1,46,164,141,658,517,1.00123,10731,10.7179
0250401074100030c043a000a00000c7,2,1,47,164,141,658,517,1.00123,10731,10.7179
0250401074100030c043a000a00000c7,2,1,48,164,141,658,517,1.00123,10714,10.7009
0250401074100030c043a000a00000c7,2,1,49,164,141,658,517,1.00123,10729,10.7159
0250401074100030c043a000a00000c7,2,1,50,164,141,658,517,1.00123,10710,10.6969
0250401074100030c043a000a00000c7,2,1,51,164,141,658,517,1.00123,10725,10.7119
0250401074100030c043a000a00000c7,2,1,52,164,141,658,517,1.00123,10699,10.6859
0250401074100030c043a000a00000c7,2,1,53,164,141,658,517,1.00123,10613,10.6
0250401074100030c043a000a00000c7,2,1,54,164,141,658,517,1.00123,10689,10.6759
0250401074100030c043a000a00000c7,2,1,55,164,141,658,517,1.00123,6867,6.85859
0250401074100030c043a000a00000c7,2,1,56,164,141,658,517,1.00123,10688,10.6749
0250401074100030c043a000a00000c7,2,1,57,164,141,658,517,1.00123,10687,10.6739
0250401074100030c043a000a00000c7,2,1,58,164,141,658,517,1.00123,10676,10.6629
0250401074100030c043a000a00000c7,2,1,59,164,141,658,517,1.00123,10653,10.64
0250401074100030c043a000a00000c7,2,1,60,164,141,658,517,1.00123,10490,10.4772
0250401074100030c043a000a00000c7,2,1,61,164,141,658,517,1.00123,10619,10.606
0250401074100030c043a000a00000c7,2,1,62,164,141,658,517,1.00123,10516,10.5031
0250401074100030c043a000a00000c7,2,1,63,164,141,658,517,1.00123,10481,10.4682
0250401074100030c043a000a00000c7,2,1,0,164,141,659,517,1.00123,4749,4.74318
0250401074100030c043a000a00000c7,2,1,1,164,141,659,517,1.00123,10644,10.631
0250401074100030c043a000a00000c7,2,1,2,164,141,659,517,1.00123,9260,9.24866
0250401074100030c043a000a00000c7,2,1,3,164,141,659,517,1.00123,10701,10.6879
0250401074100030c043a000a00000c7,2,1,4,164,141,659,517,1.00123,10600,10.587
0250401074100030c043a000a00000c7,2,1,5,164,141,659,517,1.00123,10661,10.6479
0250401074100030c043a000a00000c7,2,1,6,164,141,659,517,1.00123,10695,10.6819
0250401074100030c043a000a00000c7,2,1,7,164,141,659,517,1.00123,10454,10.4412
0250401074100030c043a000a00000c7,2,1,8,164,141,659,517,1.00123,10691,10.6779
0250401074100030c043a000a00000c7,2,1,9,164,141,659,517,1.00123,10682,10.6689
0250401074100030c043a000a00000c7,2,1,10,164,141,659,517,1.00123,10676,10.6629
0250401074100030c043a000a00000c7,2,1,11,164,141,659,517,1.00123,10711,10.6979
0250401074100030c043a000a00000c7,2,1,12,164,141,659,517,1.00123,10688,10.6749
0250401074100030c043a000a00000c7,2,1,13,164,141,659,517,1.00123,10765,10.7518
0250401074100030c043a000a00000c7,2,1,14,164,141,659,517,1.00123,10722,10.7089
0250401074100030c043a000a00000c7,2,1,15,164,141,659,517,1.00123,10703,10.6899
0250401074100030c043a000a00000c7,2,1,16,164,141,659,517,1.00123,10700,10.6869
0250401074100030c043a000a00000c7,2,1,17,164,141,659,517,1.00123,10712,10.6989
0250401074100030c043a000a00000c7,2,1,18,164,141,659,517,1.00123,10716,10.7029
0250401074100030c043a000a00000c7,2,1,19,164,141,659,517,1.00123,10725,10.7119
0250401074100030c043a000a00000c7,2,1,20,164,141,659,517,1.00123,10705,10.6919
0250401074100030c043a000a00000c7,2,1,21,164,141,659,517,1.00123,10750,10.7368
0250401074100030c043a000a00000c7,2,1,22,164,141,659,517,1.00123,10731,10.7179
0250401074100030c043a000a00000c7,2,1,23,164,141,659,517,1.00123,10737,10.7238
0250401074100030c043a000a00000c7,2,1,24,164,141,659,517,1.00123,10724,10.7109
0250401074100030c043a000a00000c7,2,1,25,164,141,659,517,1.00123,10744,10.7308
0250401074100030c043a000a00000c7,2,1,26,164,141,659,517,1.00123,10740,10.7268
0250401074100030c043a000a00000c7,2,1,27,164,141,659,517,1.00123,10733,10.7199
0250401074100030c043a000a00000c7,2,1,28,164,141,659,517,1.00123,0,0
0250401074100030c043a000a00000c7,2,1,29,164,141,659,517,1.00123,10738,10.7248
0250401074100030c043a000a00000c7,2,1,30,164,141,659,517,1.00123,10712,10.6989
0250401074100030c043a000a00000c7,2,1,31,164,141,659,517,1.00123,10724,10.7109
0250401074100030c043a000a00000c7,2,1,32,164,141,659,517,1.00123,10697,10.6839
0250401074100030c043a000a00000c7,2,1,33,164,141,659,517,1.00123,10763,10.7498
0250401074100030c043a000a00000c7,2,1,34,164,141,659,517,1.00123,10720,10.7069
0250401074100030c043a000a00000c7,2,1,35,164,141,659,517,1.00123,10723,10.7099
0250401074100030c043a000a00000c7,2,1,36,164,141,659,517,1.00123,10709,10.6959
0250401074100030c043a000a00000c7,2,1,37,164,141,659,517,1.00123,10717,10.7039
0250401074100030c043a000a00000c7,2,1,38,164,141,659,517,1.00123,10723,10.7099
0250401074100030c043a000a00000c7,2,1,39,164,141,659,517,1.00123,10728,10.7149
0250401074100030c043a000a00000c7,2,1,40,164,141,659,517,1.00123,10719,10.7059
0250401074100030c043a000a00000c7,2,1,41,164,141,659,517,1.00123,10734,10.7209
0250401074100030c043a000a00000c7,2,1,42,164,141,659,517,1.00123,10710,10.6969
0250401074100030c043a000a00000c7,2,1,43,164,141,659,517,1.00123,10707,10.6939
0250401074100030c043a000a00000c7,2,1,44,164,141,659,517,1.00123,10699,10.6859
0250401074100030c043a000a00000c7,2,1,45,164,141,659,517,1.00123,10715,10.7019
0250401074100030c043a000a00000c7,2,1,46,164,141,659,517,1.00123,10735,10.7219
0250401074100030c043a000a00000c7,2,1,47,164,141,659,517,1.00123,10731,10.7179
0250401074100030c043a000a00000c7,2,1,48,164,141,659,517,1.00123,10709,10.6959
0250401074100030c043a000a00000c7,2,1,49,164,141,659,517,1.00123,10727,10.7139
0250401074100030c043a000a00000c7,2,1,50,164,141,659,517,1.00123,10704,10.6909
0250401074100030c043a000a00000c7,2,1,51,164,141,659,517,1.00123,10716,10.7029
0250401074100030c043a000a00000c7,2,1,52,164,141,659,517,1.00123,10689,10.6759
0250401074100030c043a000a00000c7,2,1,53,164,141,659,517,1.00123,10564,10.5511
0250401074100030c043a000a00000c7,2,1,54,164,141,659,517,1.00123,10682,10.6689
0250401074100030c043a000a00000c7,2,1,55,164,141,659,517,1.00123,5003,4.99687
0250401074100030c043a000a00000c7,2,1,56,164,141,659,517,1.00123,10670,10.6569
0250401074100030c043a000a00000c7,2,1,57,164,141,659,517,1.00123,10679,10.6659
0250401074100030c043a000a00000c7,2,1,58,164,141,659,517,1.00123,10673,10.6599
0250401074100030c043a000a00000c7,2,1,59,164,141,659,517,1.00123,10632,10.619
0250401074100030c043a000a00000c7,2,1,60,164,141,659,517,1.00123,10310,10.2974
0250401074100030c043a000a00000c7,2,1,61,164,141,659,517,1.00123,10574,10.561
0250401074100030c043a000a00000c7,2,1,62,164,141,659,517,1.00123,10374,10.3613
0250401074100030c043a000a00000c7,2,1,63,164,141,659,517,1.00123,9783,9.77102
0250401074100030c043a000a00000c7,2,1,0,164,141,660,518,1.00123,3186,3.1821
0250401074100030c043a000a00000c7,2,1,1,164,141,660,518,1.00123,10590,10.577
0250401074100030c043a000a00000c7,2,1,2,164,141,660,518,1.00123,8121,8.11105
0250401074100030c043a000a00000c7,2,1,3,164,141,660,518,1.00123,10668,10.6549
0250401074100030c043a000a00000c7,2,1,4,164,141,660,518,1.00123,10519,10.5061
0250401074100030c043a000a00000c7,2,1,5,164,141,660,518,1.00123,10620,10.607
0250401074100030c043a000a00000c7,2,1,6,164,141,660,518,1.00123,10665,10.6519
0250401074100030c043a000a00000c7,2,1,7,164,141,660,518,1.00123,10290,10.2774
0250401074100030c043a000a00000c7,2,1,8,164,141,660,518,1.00123,10660,10.6469
0250401074100030c043a000a00000c7,2,1,9,164,141,660,518,1.00123,10655,10.642
0250401074100030c043a000a00000c7,2,1,10,164,141,660,518,1.00123,10638,10.625
0250401074100030c043a000a00000c7,2,1,11,164,141,660,518,1.00123,10680,10.6669
0250401074100030c043a000a00000c7,2,1,12,164,141,660,518,1.00123,10658,10.6449
0250401074100030c043a000a00000c7,2,1,13,164,141,660,518,1.00123,10727,10.7139
0250401074100030c043a000a00000c7,2,1,14,164,141,660,518,1.00123,10696,10.6829
0250401074100030c043a000a00000c7,2,1,15,164,141,660,518,1.00123,10669,10.6559
0250401074100030c043a000a00000c7,2,1,16,164,141,660,518,1.00123,10672,10.6589
0250401074100030c043a000a00000c7,2,1,17,164,141,660,518,1.00123,10684,10.6709
0250401074100030c043a000a00000c7,2,1,18,164,141,660,518,1.00123,10693,10.6799
0250401074100030c043a000a00000c7,2,1,19,164,141,660,518,1.00123,10698,10.6849
0250401074100030c043a000a00000c7,2,1,20,164,141,660,518,1.00123,10679,10.6659
0250401074100030c043a000a00000c7,2,1,21,164,141,660,518,1.00123,10717,10.7039
0250401074100030c043a000a00000c7,2,1,22,164,141,660,518,1.00123,10702,10.6889
0250401074100030c043a000a00000c7,2,1,23,164,141,660,518,1.00123,10707,10.6939
0250401074100030c043a000a00000c7,2,1,24,164,141,660,518,1.00123,10697,10.6839
0250401074100030c043a000a00000c7,2,1,25,164,141,660,518,1.00123,10709,10.6959
0250401074100030c043a000a00000c7,2,1,26,164,141,660,518,1.00123,10709,10.6959
0250401074100030c043a000a00000c7,2,1,27,164,141,660,518,1.00123,10705,10.6919
0250401074100030c043a000a00000c7,2,1,28,164,141,660,518,1.00123,0,0
0250401074100030c043a000a00000c7,2,1,29,164,141,660,518,1.00123,10708,10.6949
0250401074100030c043a000a00000c7,2,1,30,164,141,660,518,1.00123,10690,10.6769
0250401074100030c043a000a00000c7,2,1,31,164,141,660,518,1.00123,10698,10.6849
0250401074100030c043a000a00000c7,2,1,32,164,141,660,518,1.00123,10671,10.6579
0250401074100030c043a000a00000c7,2,1,33,164,141,660,518,1.00123,10729,10.7159
0250401074100030c043a000a00000c7,2,1,34,164,141,660,518,1.00123,10699,10.6859
0250401074100030c043a000a00000c7,2,1,35,164,141,660,518,1.00123,10696,10.6829
0250401074100030c043a000a00000c7,2,1,36,164,141,660,518,1.00123,10686,10.6729
0250401074100030c043a000a00000c7,2,1,37,164,141,660,518,1.00123,10694,10.6809
0250401074100030c043a000a00000c7,2,1,38,164,141,660,518,1.00123,10700,10.6869
0250401074100030c043a000a00000c7,2,1,39,164,141,660,518,1.00123,10700,10.6869
0250401074100030c043a000a00000c7,2,1,40,164,141,660,518,1.00123,10696,10.6829
0250401074100030c043a000a00000c7,2,1,41,164,141,660,518,1.00123,10703,10.6899
0250401074100030c043a000a00000c7,2,1,42,164,141,660,518,1.00123,10682,10.6689
0250401074100030c043a000a00000c7,2,1,43,164,141,660,518,1.00123,10684,10.6709
0250401074100030c043a000a00000c7,2,1,44,164,141,660,518,1.00123,10671,10.6579
0250401074100030c043a000a00000c7,2,1,45,164,141,660,518,1.00123,10690,10.6769
0250401074100030c043a000a00000c7,2,1,46,164,141,660,518,1.00123,10702,10.6889
0250401074100030c043a000a00000c7,2,1,47,164,141,660,518,1.00123,10701,10.6879
0250401074100030c043a000a00000c7,2,1,48,164,141,660,518,1.00123,10683,10.6699
0250401074100030c043a000a00000c7,2,1,49,164,141,660,518,1.00123,10699,10.6859
0250401074100030c043a000a00000c7,2,1,50,164,141,660,518,1.00123,10678,10.6649
0250401074100030c043a000a00000c7,2,1,51,164,141,660,518,1.00123,10690,10.6769
0250401074100030c043a000a00000c7,2,1,52,164,141,660,518,1.00123,10661,10.6479
0250401074100030c043a000a00000c7,2,1,53,164,141,660,518,1.00123,10475,10.4622
0250401074100030c043a000a00000c7,2,1,54,164,141,660,518,1.00123,10656,10.6429
0250401074100030c043a000a00000c7,2,1,55,164,141,660,518,1.00123,3229,3.22505
0250401074100030c043a000a00000c7,2,1,56,164,141,660,518,1.00123,10648,10.635
0250401074100030c043a000a00000c7,2,1,57,164,141,660,518,1.00123,10650,10.637
0250401074100030c043a000a00000c7,2,1,58,164,141,660,518,1.00123,10637,10.624
0250401074100030c043a000a00000c7,2,1,59,164,141,660,518,1.00123,10585,10.572
0250401074100030c043a000a00000c7,2,1,60,164,141,660,518,1.00123,9960,9.9478
0250401074100030c043a000a00000c7,2,1,61,164,141,660,518,1.00123,10494,10.4811
0250401074100030c043a000a00000c7,2,1,62,164,141,660,518,1.00123,10091,10.0786
0250401074100030c043a000a00000c7,2,1,63,164,141,660,518,1.00123,7887,7.87734
0250401074100030c043a000a00000c7,2,1,0,164,141,661,519,1.0027,1907,1.90186
0250401074100030c043a000a00000c7,2,1,1,164,141,661,519,1.0027,10575,10.5465
0250401074100030c043a000a00000c7,2,1,2,164,141,661,519,1.0027,6705,6.68694
0250401074100030c043a000a00000c7,2,1,3,164,141,661,519,1.0027,10690,10.6612
0250401074100030c043a000a00000c7,2,1,4,164,141,661,519,1.0027,10485,10.4568
0250401074100030c043a000a00000c7,2,1,5,164,141,661,519,1.0027,10612,10.5834
0250401074100030c043a000a00000c7,2,1,6,164,141,661,519,1.0027,10688,10.6592
0250401074100030c043a000a00000c7,2,1,7,164,141,661,519,1.0027,10063,10.0359
0250401074100030c043a000a00000c7,2,1,8,164,141,661,519,1.0027,10688,10.6592
0250401074100030c043a000a00000c7,2,1,9,164,141,661,519,1.0027,10658,10.6293
0250401074100030c043a000a00000c7,2,1,10,164,141,661,519,1.0027,10642,10.6133
0250401074100030c043a000a00000c7,2,1,11,164,141,661,519,1.0027,10709,10.6802
0250401074100030c043a000a00000c7,2,1,12,164,141,661,519,1.0027,10680,10.6512
0250401074100030c043a000a00000c7,2,1,13,164,141,661,519,1.0027,10756,10.727
0250401074100030c043a000a00000c7,2,1,14,164,141,661,519,1.0027,10723,10.6941
0250401074100030c043a000a00000c7,2,1,15,164,141,661,519,1.0027,10698,10.6692
0250401074100030c043a000a00000c7,2,1,16,164,141,661,519,1.0027,10698,10.6692
0250401074100030c043a000a00000c7,2,1,17,164,141,661,519,1.0027,10712,10.6831
0250401074100030c043a000a00000c7,2,1,18,164,141,661,519,1.0027,10721,10.6921
0250401074100030c043a000a00000c7,2,1,19,164,141,661,519,1.0027,10725,10.6961
0250401074100030c043a000a00000c7,2,1,20,164,141,661,519,1.0027,10707,10.6782
0250401074100030c043a000a00000c7,2,1,21,164,141,661,519,1.0027,10747,10.7181
0250401074100030c043a000a00000c7,2,1,22,164,141,661,519,1.0027,10729,10.7001
0250401074100030c043a000a00000c7,2,1,23,164,141,661,519,1.0027,10735,10.7061
0250401074100030c043a000a00000c7,2,1,24,164,141,661,519,1.0027,10723,10.6941
0250401074100030c043a000a00000c7,2,1,25,164,141,661,519,1.0027,10739,10.7101
0250401074100030c043a000a00000c7,2,1,26,164,141,661,519,1.0027,10738,10.7091
0250401074100030c043a000a00000c7,2,1,27,164,141,661,519,1.0027,10735,10.7061
0250401074100030c043a000a00000c7,2,1,28,164,141,661,519,1.0027,0,0
0250401074100030c043a000a00000c7,2,1,29,164,141,661,519,1.0027,10732,10.7031
0250401074100030c043a000a00000c7,2,1,30,164,141,661,519,1.0027,10716,10.6871
0250401074100030c043a000a00000c7,2,1,31,164,141,661,519,1.0027,10724,10.6951
0250401074100030c043a000a00000c7,2,1,32,164,141,661,519,1.0027,10692,10.6632
0250401074100030c043a000a00000c7,2,1,33,164,141,661,519,1.0027,10754,10.725
0250401074100030c043a000a00000c7,2,1,34,164,141,661,519,1.0027,10725,10.6961
0250401074100030c043a000a00000c7,2,1,35,164,141,661,519,1.0027,10726,10.6971
0250401074100030c043a000a00000c7,2,1,36,164,141,661,519,1.0027,10710,10.6812
0250401074100030c043a000a00000c7,2,1,37,164,141,661,519,1.0027,10723,10.6941
0250401074100030c043a000a00000c7,2,1,38,164,141,661,519,1.0027,10723,10.6941
0250401074100030c043a000a00000c7,2,1,39,164,141,661,519,1.0027,10724,10.6951
0250401074100030c043a000a00000c7,2,1,40,164,141,661,519,1.0027,10725,10.6961
0250401074100030c043a000a00000c7,2,1,41,164,141,661,519,1.0027,10732,10.7031
0250401074100030c043a000a00000c7,2,1,42,164,141,661,519,1.0027,10710,10.6812
0250401074100030c043a000a00000c7,2,1,43,164,141,661,519,1.0027,10714,10.6851
0250401074100030c043a000a00000c7,2,1,44,164,141,661,519,1.0027,10694,10.6652
0250401074100030c043a000a00000c7,2,1,45,164,141,661,519,1.0027,10716,10.6871
0250401074100030c043a000a00000c7,2,1,46,164,141,661,519,1.0027,10733,10.7041
0250401074100030c043a000a00000c7,2,1,47,164,141,661,519,1.0027,10729,10.7001
0250401074100030c043a000a00000c7,2,1,48,164,141,661,519,1.0027,10709,10.6802
0250401074100030c043a000a00000c7,2,1,49,164,141,661,519,1.0027,10730,10.7011
0250401074100030c043a000a00000c7,2,1,50,164,141,661,519,1.0027,10695,10.6662
0250401074100030c043a000a00000c7,2,1,51,164,141,661,519,1.0027,10717,10.6881
0250401074100030c043a000a00000c7,2,1,52,164,141,661,519,1.0027,10666,10.6373
0250401074100030c043a000a00000c7,2,1,53,164,141,661,519,1.0027,10399,10.371
0250401074100030c043a000a00000c7,2,1,54,164,141,661,519,1.0027,10657,10.6283
0250401074100030c043a000a00000c7,2,1,55,164,141,661,519,1.0027,1936,1.93079
0250401074100030c043a000a00000c7,2,1,56,164,141,661,519,1.0027,10649,10.6203
0250401074100030c043a000a00000c7,2,1,57,164,141,661,519,1.0027,10657,10.6283
0250401074100030c043a000a00000c7,2,1,58,164,141,661,519,1.0027,10639,10.6103
0250401074100030c043a000a00000c7,2,1,59,164,141,661,519,1.0027,10569,10.5405
0250401074100030c043a000a00000c7,2,1,60,164,141,661,519,1.0027,9439,9.41358
0250401074100030c043a000a00000c7,2,1,61,164,141,661,519,1.0027,10403,10.375
0250401074100030c043a000a00000c7,2,1,62,164,141,661,519,1.0027,9628,9.60207
0250401074100030c043a000a00000c7,2,1,63,164,141,661,519,1.0027,4716,4.7033
0250401074100030c043a000a00000c7,2,1,0,164,141,662,520,1.00123,1203,1.20153
0250401074100030c043a000a00000c7,2,1,1,164,141,662,520,1.00123,10545,10.5321
0250401074100030c043a000a00000c7,2,1,2,164,141,662,520,1.00123,5240,5.23358
0250401074100030c043a000a00000c7,2,1,3,164,141,662,520,1.00123,10676,10.6629
0250401074100030c043a000a00000c7,2,1,4,164,141,662,520,1.00123,10418,10.4052
0250401074100030c043a000a00000c7,2,1,5,164,141,662,520,1.00123,10592,10.579
0250401074100030c043a000a00000c7,2,1,6,164,141,662,520,1.00123,10668,10.6549
0250401074100030c043a000a00000c7,2,1,7,164,141,662,520,1.00123,9648,9.63618
0250401074100030c043a000a00000c7,2,1,8,164,141,662,520,1.00123,10673,10.6599
0250401074100030c043a000a00000c7,2,1,9,164,141,662,520,1.00123,10647,10.634
0250401074100030c043a000a00000c7,2,1,10,164,141,662,520,1.00123,10638,10.625
0250401074100030c043a000a00000c7,2,1,11,164,141,662,520,1.00123,10692,10.6789
0250401074100030c043a000a00000c7,2,1,12,164,141,662,520,1.00123,10665,10.6519
0250401074100030c043a000a00000c7,2,1,13,164,141,662,520,1.00123,10728,10.7149
0250401074100030c043a000a00000c7,2,1,14,164,141,662,520,1.00123,10711,10.6979
0250401074100030c043a000a00000c7,2,1,15,164,141,662,520,1.00123,10685,10.6719
0250401074100030c043a000a00000c7,2,1,16,164,141,662,520,1.00123,10686,10.6729
0250401074100030c043a000a00000c7,2,1,17,164,141,662,520,1.00123,10701,10.6879
0250401074100030c043a000a00000c7,2,1,18,164,141,662,520,1.00123,10706,10.6929
0250401074100030c043a000a00000c7,2,1,19,164,141,662,520,1.00123,10714,10.7009
0250401074100030c043a000a00000c7,2,1,20,164,141,662,520,1.00123,10694,10.6809
0250401074100030c043a000a00000c7,2,1,21,164,141,662,520,1.00123,10723,10.7099
0250401074100030c043a000a00000c7,2,1,22,164,141,662,520,1.00123,10720,10.7069
0250401074100030c043a000a00000c7,2,1,23,164,141,662,520,1.00123,10720,10.7069
0250401074100030c043a000a00000c7,2,1,24,164,141,662,520,1.00123,10715,10.7019
0250401074100030c043a000a00000c7,2,1,25,164,141,662,520,1.00123,10724,10.7109
0250401074100030c043a000a00000c7,2,1,26,164,141,662,520,1.00123,10722,10.7089
0250401074100030c043a000a00000c7,2,1,27,164,141,662,520,1.00123,10719,10.7059
0250401074100030c043a000a00000c7,2,1,28,164,141,662,520,1.00123,0,0
0250401074100030c043a000a00000c7,2,1,29,164,141,662,520,1.00123,10722,10.7089
0250401074100030c043a000a00000c7,2,1,30,164,141,662,520,1.00123,10702,10.6889
0250401074100030c043a000a00000c7,2,1,31,164,141,662,520,1.00123,10711,10.6979
0250401074100030c043a000a00000c7,2,1,32,164,141,662,520,1.00123,10679,10.6659
0250401074100030c043a000a00000c7,2,1,33,164,141,662,520,1.00123,10729,10.7159
0250401074100030c043a000a00000c7,2,1,34,164,141,662,520,1.00123,10712,10.6989
0250401074100030c043a000a00000c7,2,1,35,164,141,662,520,1.00123,10712,10.6989
0250401074100030c043a000a00000c7,2,1,36,164,141,662,520,1.00123,10700,10.6869
0250401074100030c043a000a00000c7,2,1,37,164,141,662,520,1.00123,10708,10.6949
0250401074100030c043a000a00000c7,2,1,38,164,141,662,520,1.00123,10710,10.6969
0250401074100030c043a000a00000c7,2,1,39,164,141,662,520,1.00123,10710,10.6969
0250401074100030c043a000a00000c7,2,1,40,164,141,662,520,1.00123,10709,10.6959
0250401074100030c043a000a00000c7,2,1,41,164,141,662,520,1.00123,10720,10.7069
0250401074100030c043a000a00000c7,2,1,42,164,141,662,520,1.00123,10696,10.6829
0250401074100030c043a000a00000c7,2,1,43,164,141,662,520,1.00123,10696,10.6829
0250401074100030c043a000a00000c7,2,1,44,164,141,662,520,1.00123,10683,10.6699
0250401074100030c043a000a00000c7,2,1,45,164,141,662,520,1.00123,10701,10.6879
0250401074100030c043a000a00000c7,2,1,46,164,141,662,520,1.00123,10716,10.7029
0250401074100030c043a000a00000c7,2,1,47,164,141,662,520,1.00123,10714,10.7009
0250401074100030c043a000a00000c7,2,1,48,164,141,662,520,1.00123,10693,10.6799
0250401074100030c043a000a00000c7,2,1,49,164,141,662,520,1.00123,10714,10.7009
0250401074100030c043a000a00000c7,2,1,50,164,141,662,520,1.00123,10683,10.6699
0250401074100030c043a000a00000c7,2,1,51,164,141,662,520,1.00123,10707,10.6939
0250401074100030c043a000a00000c7,2,1,52,164,141,662,520,1.00123,10655,10.642
0250401074100030c043a000a00000c7,2,1,53,164,141,662,520,1.00123,10264,10.2514
0250401074100030c043a000a00000c7,2,1,54,164,141,662,520,1.00123,10639,10.626
0250401074100030c043a000a00000c7,2,1,55,164,141,662,520,1.00123,1150,1.14859
0250401074100030c043a000a00000c7,2,1,56,164,141,662,520,1.00123,10629,10.616
0250401074100030c043a000a00000c7,2,1,57,164,141,662,520,1.00123,10634,10.621
0250401074100030c043a000a00000c7,2,1,58,164,141,662,520,1.00123,10612,10.599
0250401074100030c043a000a00000c7,2,1,59,164,141,662,520,1.00123,10528,10.5151
0250401074100030c043a000a00000c7,2,1,60,164,141,662,520,1.00123,8440,8.42966
0250401074100030c043a000a00000c7,2,1,61,164,141,662,520,1.00123,10246,10.2335
0250401074100030c043a000a00000c7,2,1,62,164,141,662,520,1.00123,8864,8.85314
0250401074100030c043a000a00000c7,2,1,63,164,141,662,520,1.00123,2106,2.10342
0250401074100030c043a000a00000c7,2,1,0,164,141,663,520,1.0027,594,0.5924
0250401074100030c043a000a00000c7,2,1,1,164,141,663,520,1.0027,10452,10.4238
0250401074100030c043a000a00000c7,2,1,2,164,141,663,520,1.0027,3350,3.34098
0250401074100030c043a000a00000c7,2,1,3,164,141,663,520,1.0027,10719,10.6901
0250401074100030c043a000a00000c7,2,1,4,164,141,663,520,1.0027,10296,10.2683
0250401074100030c043a000a00000c7,2,1,5,164,141,663,520,1.0027,10582,10.5535
0250401074100030c043a000a00000c7,2,1,6,164,141,663,520,1.0027,10715,10.6861
0250401074100030c043a000a00000c7,2,1,7,164,141,663,520,1.0027,8696,8.67258
0250401074100030c043a000a00000c7,2,1,8,164,141,663,520,1.0027,10710,10.6812
0250401074100030c043a000a00000c7,2,1,9,164,141,663,520,1.0027,10681,10.6522
0250401074100030c043a000a00000c7,2,1,10,164,141,663,520,1.0027,10667,10.6383
0250401074100030c043a000a00000c7,2,1,11,164,141,663,520,1.0027,10738,10.7091
0250401074100030c043a000a00000c7,2,1,12,164,141,663,520,1.0027,10709,10.6802
0250401074100030c043a000a00000c7,2,1,13,164,141,663,520,1.0027,10784,10.755
0250401074100030c043a000a00000c7,2,1,14,164,141,663,520,1.0027,10753,10.724
0250401074100030c043a000a00000c7,2,1,15,164,141,663,520,1.0027,10725,10.6961
0250401074100030c043a000a00000c7,2,1,16,164,141,663,520,1.0027,10727,10.6981
0250401074100030c043a000a00000c7,2,1,17,164,141,663,520,1.0027,10744,10.7151
0250401074100030c043a000a00000c7,2,1,18,164,141,663,520,1.0027,10752,10.723
0250401074100030c043a000a00000c7,2,1,19,164,141,663,520,1.0027,10758,10.729
0250401074100030c043a000a00000c7,2,1,20,164,141,663,520,1.0027,10735,10.7061
0250401074100030c043a000a00000c7,2,1,21,164,141,663,520,1.0027,10777,10.748
0250401074100030c043a000a00000c7,2,1,22,164,141,663,520,1.0027,10766,10.737
0250401074100030c043a000a00000c7,2,1,23,164,141,663,520,1.0027,10766,10.737
0250401074100030c043a000a00000c7,2,1,24,164,141,663,520,1.0027,10755,10.726
0250401074100030c043a000a00000c7,2,1,25,164,141,663,520,1.0027,10776,10.747
0250401074100030c043a000a00000c7,2,1,26,164,141,663,520,1.0027,10772,10.743
0250401074100030c043a000a00000c7,2,1,27,164,141,663,520,1.0027,10769,10.74
0250401074100030c043a000a00000c7,2,1,28,164,141,663,520,1.0027,0,0
0250401074100030c043a000a00000c7,2,1,29,164,141,663,520,1.0027,10771,10.742
0250401074100030c043a000a00000c7,2,1,30,164,141,663,520,1.0027,10745,10.7161
0250401074100030c043a000a00000c7,2,1,31,164,141,663,520,1.0027,10757,10.728
0250401074100030c043a000a00000c7,2,1,32,164,141,663,520,1.0027,10725,10.6961
0250401074100030c043a000a00000c7,2,1,33,164,141,663,520,1.0027,10784,10.755
0250401074100030c043a000a00000c7,2,1,34,164,141,663,520,1.0027,10756,10.727
0250401074100030c043a000a00000c7,2,1,35,164,141,663,520,1.0027,10758,10.729
0250401074100030c043a000a00000c7,2,1,36,164,141,663,520,1.0027,10740,10.7111
0250401074100030c043a000a00000c7,2,1,37,164,141,663,520,1.0027,10748,10.719
0250401074100030c043a000a00000c7,2,1,38,164,141,663,520,1.0027,10758,10.729
0250401074100030c043a000a00000c7,2,1,39,164,141,663,520,1.0027,10758,10.729
0250401074100030c043a000a00000c7,2,1,40,164,141,663,520,1.0027,10753,10.724
0250401074100030c043a000a00000c7,2,1,41,164,141,663,520,1.0027,10760,10.731
0250401074100030c043a000a00000c7,2,1,42,164,141,663,520,1.0027,10734,10.7051
0250401074100030c043a000a00000c7,2,1,43,164,141,663,520,1.0027,10739,10.7101
0250401074100030c043a000a00000c7,2,1,44,164,141,663,520,1.0027,10719,10.6901
0250401074100030c043a000a00000c7,2,1,45,164,141,663,520,1.0027,10746,10.7171
0250401074100030c043a000a00000c7,2,1,46,164,141,663,520,1.0027,10761,10.732
0250401074100030c043a000a00000c7,2,1,47,164,141,663,520,1.0027,10761,10.732
0250401074100030c043a000a00000c7,2,1,48,164,141,663,520,1.0027,10737,10.7081
0250401074100030c043a000a00000c7,2,1,49,164,141,663,520,1.0027,10756,10.727
0250401074100030c043a000a00000c7,2,1,50,164,141,663,520,1.0027,10726,10.6971
0250401074100030c043a000a00000c7,2,1,51,164,141,663,520,1.0027,10744,10.7151
0250401074100030c043a000a00000c7,2,1,52,164,141,663,520,1.0027,10686,10.6572
0250401074100030c043a000a00000c7,2,1,53,164,141,663,520,1.0027,9904,9.87732
0250401074100030c043a000a00000c7,2,1,54,164,141,663,520,1.0027,10669,10.6403
0250401074100030c043a000a00000c7,2,1,55,164,141,663,520,1.0027,615,0.613343
0250401074100030c043a000a00000c7,2,1,56,164,141,663,520,1.0027,10647,10.6183
0250401074100030c043a000a00000c7,2,1,57,164,141,663,520,1.0027,10650,10.6213
0250401074100030c043a000a00000c7,2,1,58,164,141,663,520,1.0027,10617,10.5884
0250401074100030c043a000a00000c7,2,1,59,164,141,663,520,1.0027,10463,10.4348
0250401074100030c043a000a00000c7,2,1,60,164,141,663,520,1.0027,6891,6.87244
0250401074100030c043a000a00000c7,2,1,61,164,141,663,520,1.0027,9834,9.80751
0250401074100030c043a000a00000c7,2,1,62,164,141,663,520,1.0027,7531,7.51072
0250401074100030c043a000a00000c7,2,1,63,164,141,663,520,1.0027,589,0.587414
0250401074100030c043a000a00000c7,2,1,0,164,141,664,522,1.0027,419,0.417871
0250401074100030c043a000a00000c7,2,1,1,164,141,664,522,1.0027,10296,10.2683
0250401074100030c043a000a00000c7,2,1,2,164,141,664,522,1.0027,2194,2.18809
0250401074100030c043a000a00000c7,2,1,3,164,141,664,522,1.0027,10712,10.6831
0250401074100030c043a000a00000c7,2,1,4,164,141,664,522,1.0027,10021,9.99401
0250401074100030c043a000a00000c7,2,1,5,164,141,664,522,1.0027,10520,10.4917
0250401074100030c043a000a00000c7,2,1,6,164,141,664,522,1.0027,10714,10.6851
0250401074100030c043a000a00000c7,2,1,7,164,141,664,522,1.0027,7516,7.49576
0250401074100030c043a000a00000c7,2,1,8,164,141,664,522,1.0027,10705,10.6762
0250401074100030c043a000a00000c7,2,1,9,164,141,664,522,1.0027,10664,10.6353
0250401074100030c043a000a00000c7,2,1,10,164,141,664,522,1.0027,10641,10.6123
0250401074100030c043a000a00000c7,2,1,11,164,141,664,522,1.0027,10733,10.7041
0250401074100030c043a000a00000c7,2,1,12,164,141,664,522,1.0027,10702,10.6732
0250401074100030c043a000a00000c7,2,1,13,164,141,664,522,1.0027,10787,10.7579
0250401074100030c043a000a00000c7,2,1,14,164,141,664,522,1.0027,10755,10.726
0250401074100030c043a000a00000c7,2,1,15,164,141,664,522,1.0027,10719,10.6901
0250401074100030c043a000a00000c7,2,1,16,164,141,664,522,1.0027,10731,10.7021
0250401074100030c043a000a00000c7,2,1,17,164,141,664,522,1.0027,10741,10.7121
0250401074100030c043a000a00000c7,2,1,18,164,141,664,522,1.0027,10751,10.722
0250401074100030c043a000a00000c7,2,1,19,164,141,664,522,1.0027,10761,10.732
0250401074100030c043a000a00000c7,2,1,20,164,141,664,522,1.0027,10735,10.7061
0250401074100030c043a000a00000c7,2,1,21,164,141,664,522,1.0027,10778,10.749
0250401074100030c043a000a00000c7,2,1,22,164,141,664,522,1.0027,10762,10.733
0250401074100030c043a000a00000c7,2,1,23,164,141,664,522,1.0027,10766,10.737
0250401074100030c043a000a00000c7,2,1,24,164,141,664,522,1.0027,10760,10.731
0250401074100030c043a000a00000c7,2,1,25,164,141,664,522,1.0027,10774,10.745
0250401074100030c043a000a00000c7,2,1,26,164,141,664,522,1.0027,10770,10.741
0250401074100030c043a000a00000c7,2,1,27,164,141,664,522,1.0027,10764,10.735
0250401074100030c043a000a00000c7,2,1,28,164,141,664,522,1.0027,0,0
0250401074100030c043a000a00000c7,2,1,29,164,141,664,522,1.0027,10769,10.74
0250401074100030c043a000a00000c7,2,1,30,164,141,664,522,1.0027,10746,10.7171
0250401074100030c043a000a00000c7,2,1,31,164,141,664,522,1.0027,10760,10.731
0250401074100030c043a000a00000c7,2,1,32,164,141,664,522,1.0027,10724,10.6951
0250401074100030c043a000a00000c7,2,1,33,164,141,664,522,1.0027,10785,10.756
0250401074100030c043a000a00000c7,2,1,34,164,141,664,522,1.0027,10757,10.728
0250401074100030c043a000a00000c7,2,1,35,164,141,664,522,1.0027,10758,10.729
0250401074100030c043a000a00000c7,2,1,36,164,141,664,522,1.0027,10739,10.7101
0250401074100030c043a000a00000c7,2,1,37,164,141,664,522,1.0027,10746,10.7171
0250401074100030c043a000a00000c7,2,1,38,164,141,664,522,1.0027,10759,10.73
0250401074100030c043a000a00000c7,2,1,39,164,141,664,522,1.0027,10756,10.727
0250401074100030c043a000a00000c7,2,1,40,164,141,664,522,1.0027,10754,10.725
0250401074100030c043a000a00000c7,2,1,41,164,141,664,522,1.0027,10765,10.736
0250401074100030c043a000a00000c7,2,1,42,164,141,664,522,1.0027,10734,10.7051
0250401074100030c043a000a00000c7,2,1,43,164,141,664,522,1.0027,10732,10.7031
0250401074100030c043a000a00000c7,2,1,44,164,141,664,522,1.0027,10718,10.6891
0250401074100030c043a000a00000c7,2,1,45,164,141,664,522,1.0027,10738,10.7091
0250401074100030c043a000a00000c7,2,1,46,164,141,664,522,1.0027,10763,10.734
0250401074100030c043a000a00000c7,2,1,47,164,141,664,522,1.0027,10759,10.73
0250401074100030c043a000a00000c7,2,1,48,164,141,664,522,1.0027,10732,10.7031
0250401074100030c043a000a00000c7,2,1,49,164,141,664,522,1.0027,10755,10.726
0250401074100030c043a000a00000c7,2,1,50,164,141,664,522,1.0027,10717,10.6881
0250401074100030c043a000a00000c7,2,1,51,164,141,664,522,1.0027,10740,10.7111
0250401074100030c043a000a00000c7,2,1,52,164,141,664,522,1.0027,10667,10.6383
0250401074100030c043a000a00000c7,2,1,53,164,141,664,522,1.0027,9256,9.23107
0250401074100030c043a000a00000c7,2,1,54,164,141,664,522,1.0027,10650,10.6213
0250401074100030c043a000a00000c7,2,1,55,164,141,664,522,1.0027,414,0.412885
0250401074100030c043a000a00000c7,2,1,56,164,141,664,522,1.0027,10607,10.5784
0250401074100030c043a000a00000c7,2,1,57,164,141,664,522,1.0027,10624,10.5954
0250401074100030c043a000a00000c7,2,1,58,164,141,664,522,1.0027,10565,10.5365
0250401074100030c043a000a00000c7,2,1,59,164,141,664,522,1.0027,10287,10.2593
0250401074100030c043a000a00000c7,2,1,60,164,141,664,522,1.0027,5129,5.11518
0250401074100030c043a000a00000c7,2,1,61,164,141,664,522,1.0027,9102,9.07748
0250401074100030c043a000a00000c7,2,1,62,164,141,664,522,1.0027,5768,5.75246
0250401074100030c043a000a00000c7,2,1,63,164,141,664,522,1.0027,178,0.177521
0250401074100030c043a000a00000c7,2,1,0,164,141,665,522,1.0027,317,0.316146
0250401074100030c043a000a00000c7,2,1,1,164,141,665,522,1.0027,9891,9.86436
0250401074100030c043a000a00000c7,2,1,2,164,141,665,522,1.0027,1157,1.15388
0250401074100030c043a000a00000c7,2,1,3,164,141,665,522,1.0027,10655,10.6263
0250401074100030c043a000a00000c7,2,1,4,164,141,665,522,1.0027,9414,9.38864
0250401074100030c043a000a00000c7,2,1,5,164,141,665,522,1.0027,10337,10.3092
0250401074100030c043a000a00000c7,2,1,6,164,141,665,522,1.0027,10662,10.6333
0250401074100030c043a000a00000c7,2,1,7,164,141,665,522,1.0027,5883,5.86715
0250401074100030c043a000a00000c7,2,1,8,164,141,665,522,1.0027,10651,10.6223
0250401074100030c043a000a00000c7,2,1,9,164,141,665,522,1.0027,10580,10.5515
0250401074100030c043a000a00000c7,2,1,10,164,141,665,522,1.0027,10559,10.5306
0250401074100030c043a000a00000c7,2,1,11,164,141,665,522,1.0027,10688,10.6592
0250401074100030c043a000a00000c7,2,1,12,164,141,665,522,1.0027,10640,10.6113
0250401074100030c043a000a00000c7,2,1,13,164,141,665,522,1.0027,10733,10.7041
0250401074100030c043a000a00000c7,2,1,14,164,141,665,522,1.0027,10703,10.6742
0250401074100030c043a000a00000c7,2,1,15,164,141,665,522,1.0027,10671,10.6423
0250401074100030c043a000a00000c7,2,1,16,164,141,665,522,1.0027,10678,10.6492
0250401074100030c043a000a00000c7,2,1,17,164,141,665,522,1.0027,10695,10.6662
0250401074100030c043a000a00000c7,2,1,18,164,141,665,522,1.0027,10705,10.6762
0250401074100030c043a000a00000c7,2,1,19,164,141,665,522,1.0027,10707,10.6782
0250401074100030c043a000a00000c7,2,1,20,164,141,665,522,1.0027,10689,10.6602
0250401074100030c043a000a00000c7,2,1,21,164,141,665,522,1.0027,10723,10.6941
0250401074100030c043a000a00000c7,2,1,22,164,141,665,522,1.0027,10716,10.6871
0250401074100030c043a000a00000c7,2,1,23,164,141,665,522,1.0027,10721,10.6921
0250401074100030c043a000a00000c7,2,1,24,164,141,665,522,1.0027,10713,10.6841
0250401074100030c043a000a00000c7,2,1,25,164,141,665,522,1.0027,10722,10.6931
0250401074100030c043a000a00000c7,2,1,26,164,141,665,522,1.0027,10720,10.6911
0250401074100030c043a000a00000c7,2,1,27,164,141,665,522,1.0027,10720,10.6911
0250401074100030c043a000a00000c7,2,1,28,164,141,665,522,1.0027,0,0
0250401074100030c043a000a00000c7,2,1,29,164,141,665,522,1.0027,10718,10.6891
0250401074100030c043a000a00000c7,2,1,30,164,141,665,522,1.0027,10699,10.6702
0250401074100030c043a000a00000c7,2,1,31,164,141,665,522,1.0027,10711,10.6821
0250401074100030c043a000a00000c7,2,1,32,164,141,665,522,1.0027,10674,10.6452
0250401074100030c043a000a00000c7,2,1,33,164,141,665,522,1.0027,10733,10.7041
0250401074100030c043a000a00000c7,2,1,34,164,141,665,522,1.0027,10712,10.6831
0250401074100030c043a000a00000c7,2,1,35,164,141,665,522,1.0027,10711,10.6821
0250401074100030c043a000a00000c7,2,1,36,164,141,665,522,1.0027,10694,10.6652
0250401074100030c043a000a00000c7,2,1,37,164,141,665,522,1.0027,10700,10.6712
0250401074100030c043a000a00000c7,2,1,38,164,141,665,522,1.0027,10708,10.6792
0250401074100030c043a000a00000c7,2,1,39,164,141,665,522,1.0027,10714,10.6851
0250401074100030c043a000a00000c7,2,1,40,164,141,665,522,1.0027,10706,10.6772
0250401074100030c043a000a00000c7,2,1,41,164,141,665,522,1.0027,10714,10.6851
0250401074100030c043a000a00000c7,2,1,42,164,141,665,522,1.0027,10691,10.6622
0250401074100030c043a000a00000c7,2,1,43,164,141,665,522,1.0027,10692,10.6632
0250401074100030c043a000a00000c7,2,1,44,164,141,665,522,1.0027,10669,10.6403
0250401074100030c043a000a00000c7,2,1,45,164,141,665,522,1.0027,10692,10.6632
0250401074100030c043a000a00000c7,2,1,46,164,141,665,522,1.0027,10715,10.6861
0250401074100030c043a000a00000c7,2,1,47,164,141,665,522,1.0027,10710,10.6812
0250401074100030c043a000a00000c7,2,1,48,164,141,665,522,1.0027,10690,10.6612
0250401074100030c043a000a00000c7,2,1,49,164,141,665,522,1.0027,10707,10.6782
0250401074100030c043a000a00000c7,2,1,50,164,141,665,522,1.0027,10672,10.6433
0250401074100030c043a000a00000c7,2,1,51,164,141,665,522,1.0027,10696,10.6672
0250401074100030c043a000a00000c7,2,1,52,164,141,665,522,1.0027,10590,10.5615
0250401074100030c043a000a00000c7,2,1,53,164,141,665,522,1.0027,8115,8.09314
0250401074100030c043a000a00000c7,2,1,54,164,141,665,522,1.0027,10566,10.5375
0250401074100030c043a000a00000c7,2,1,55,164,141,665,522,1.0027,282,0.28124
0250401074100030c043a000a00000c7,2,1,56,164,141,665,522,1.0027,10498,10.4697
0250401074100030c043a000a00000c7,2,1,57,164,141,665,522,1.0027,10516,10.4877
0250401074100030c043a000a00000c7,2,1,58,164,141,665,522,1.0027,10424,10.3959
0250401074100030c043a000a00000c7,2,1,59,164,141,665,522,1.0027,9973,9.94614
0250401074100030c043a000a00000c7,2,1,60,164,141,665,522,1.0027,3232,3.22329
0250401074100030c043a000a00000c7,2,1,61,164,141,665,522,1.0027,7855,7.83384
0250401074100030c043a000a00000c7,2,1,62,164,141,665,522,1.0027,3858,3.84761
0250401074100030c043a000a00000c7,2,1,63,164,141,665,522,1.0027,109,0.108706
0250401074100030c043a000a00000c7,2,1,0,164,141,666,523,1.00123,252,0.251691
0250401074100030c043a000a00000c7,2,1,1,164,141,666,523,1.00123,9239,9.22768
0250401074100030c043a000a00000c7,2,1,2,164,141,666,523,1.00123,689,0.688156
0250401074100030c043a000a00000c7,2,1,3,164,141,666,523,1.00123,10596,10.583
0250401074100030c043a000a00000c7,2,1,4,164,141,666,523,1.00123,8420,8.40969
0250401074100030c043a000a00000c7,2,1,5,164,141,666,523,1.00123,10106,10.0936
0250401074100030c043a000a00000c7,2,1,6,164,141,666,523,1.00123,10599,10.586
0250401074100030c043a000a00000c7,2,1,7,164,141,666,523,1.00123,4200,4.19486
0250401074100030c043a000a00000c7,2,1,8,164,141,666,523,1.00123,10598,10.585
0250401074100030c043a000a00000c7,2,1,9,164,141,666,523,1.00123,10513,10.5001
0250401074100030c043a000a00000c7,2,1,10,164,141,666,523,1.00123,10473,10.4602
0250401074100030c043a000a00000c7,2,1,11,164,141,666,523,1.00123,10635,10.622
0250401074100030c043a000a00000c7,2,1,12,164,141,666,523,1.00123,10585,10.572
0250401074100030c043a000a00000c7,2,1,13,164,141,666,523,1.00123,10690,10.6769
0250401074100030c043a000a00000c7,2,1,14,164,141,666,523,1.00123,10656,10.6429
0250401074100030c043a000a00000c7,2,1,15,164,141,666,523,1.00123,10615,10.602
0250401074100030c043a000a00000c7,2,1,16,164,141,666,523,1.00123,10632,10.619
0250401074100030c043a000a00000c7,2,1,17,164,141,666,523,1.00123,10641,10.628
0250401074100030c043a000a00000c7,2,1,18,164,141,666,523,1.00123,10650,10.637
0250401074100030c043a000a00000c7,2,1,19,164,141,666,523,1.00123,10659,10.6459
0250401074100030c043a000a00000c7,2,1,20,164,141,666,523,1.00123,10637,10.624
0250401074100030c043a000a00000c7,2,1,21,164,141,666,523,1.00123,10683,10.6699
0250401074100030c043a000a00000c7,2,1,22,164,141,666,523,1.00123,10671,10.6579
0250401074100030c043a000a00000c7,2,1,23,164,141,666,523,1.00123,10676,10.6629
0250401074100030c043a000a00000c7,2,1,24,164,141,666,523,1.00123,10660,10.6469
0250401074100030c043a000a00000c7,2,1,25,164,141,666,523,1.00123,10683,10.6699
0250401074100030c043a000a00000c7,2,1,26,164,141,666,523,1.00123,10680,10.6669
0250401074100030c043a000a00000c7,2,1,27,164,141,666,523,1.00123,10677,10.6639
0250401074100030c043a000a00000c7,2,1,28,164,141,666,523,1.00123,0,0
0250401074100030c043a000a00000c7,2,1,29,164,141,666,523,1.00123,10676,10.6629
0250401074100030c043a000a00000c7,2,1,30,164,141,666,523,1.00123,10650,10.637
0250401074100030c043a000a00000c7,2,1,31,164,141,666,523,1.00123,10664,10.6509
0250401074100030c043a000a00000c7,2,1,32,164,141,666,523,1.00123,10619,10.606
0250401074100030c043a000a00000c7,2,1,33,164,141,666,523,1.00123,10692,10.6789
0250401074100030c043a000a00000c7,2,1,34,164,141,666,523,1.00123,10663,10.6499
0250401074100030c043a000a00000c7,2,1,35,164,141,666,523,1.00123,10659,10.6459
0250401074100030c043a000a00000c7,2,1,36,164,141,666,523,1.00123,10641,10.628
0250401074100030c043a000a00000c7,2,1,37,164,141,666,523,1.00123,10649,10.636
0250401074100030c043a000a00000c7,2,1,38,164,141,666,523,1.00123,10659,10.6459
0250401074100030c043a000a00000c7,2,1,39,164,141,666,523,1.00123,10663,10.6499
0250401074100030c043a000a00000c7,2,1,40,164,141,666,523,1.00123,10656,10.6429
0250401074100030c043a000a00000c7,2,1,41,164,141,666,523,1.00123,10672,10.6589
0250401074100030c043a000a00000c7,2,1,42,164,141,666,523,1.00123,10639,10.626
0250401074100030c043a000a00000c7,2,1,43,164,141,666,523,1.00123,10638,10.625
0250401074100030c043a000a00000c7,2,1,44,164,141,666,523,1.00123,10620,10.607
0250401074100030c043a000a00000c7,2,1,45,164,141,666,523,1.00123,10642,10.629
0250401074100030c043a000a00000c7,2,1,46,164,141,666,523,1.00123,10670,10.6569
0250401074100030c043a000a00000c7,2,1,47,164,141,666,523,1.00123,10660,10.6469
0250401074100030c043a000a00000c7,2,1,48,164,141,666,523,1.00123,10634,10.621
0250401074100030c043a000a00000c7,2,1,49,164,141,666,523,1.00123,10662,10.6489
0250401074100030c043a000a00000c7,2,1,50,164,141,666,523,1.00123,10621,10.608
0250401074100030c043a000a00000c7,2,1,51,164,141,666,523,1.00123,10642,10.629
0250401074100030c043a000a00000c7,2,1,52,164,141,666,523,1.00123,10516,10.5031
0250401074100030c043a000a00000c7,2,1,53,164,141,666,523,1.00123,6759,6.75072
0250401074100030c043a000a00000c7,2,1,54,164,141,666,523,1.00123,10472,10.4592
0250401074100030c043a000a00000c7,2,1,55,164,141,666,523,1.00123,240,0.239706
0250401074100030c043a000a00000c7,2,1,56,164,141,666,523,1.00123,10372,10.3593
0250401074100030c043a000a00000c7,2,1,57,164,141,666,523,1.00123,10414,10.4012
0250401074100030c043a000a00000c7,2,1,58,164,141,666,523,1.00123,10249,10.2364
0250401074100030c043a000a00000c7,2,1,59,164,141,666,523,1.00123,9479,9.46739
0250401074100030c043a000a00000c7,2,1,60,164,141,666,523,1.00123,1985,1.98257
0250401074100030c043a000a00000c7,2,1,61,164,141,666,523,1.00123,6249,6.24135
0250401074100030c043a000a00000c7,2,1,62,164,141,666,523,1.00123,2299,2.29618
0250401074100030c043a000a00000c7,2,1,63,164,141,666,523,1.00123,70,0.0699143
0250401074100030c043a000a00000c7,2,1,0,164,141,667,524,1.00123,179,0.178781
0250401074100030c043a000a00000c7,2,1,1,164,141,667,524,1.00123,8194,8.18396
0250401074100030c043a000a00000c7,2,1,2,164,141,667,524,1.00123,399,0.398511
0250401074100030c043a000a00000c7,2,1,3,164,141,667,524,1.00123,10579,10.566
0250401074100030c043a000a00000c7,2,1,4,164,141,667,524,1.00123,6882,6.87357
0250401074100030c043a000a00000c7,2,1,5,164,141,667,524,1.00123,9657,9.64517
0250401074100030c043a000a00000c7,2,1,6,164,141,667,524,1.00123,10598,10.585
0250401074100030c043a000a00000c7,2,1,7,164,141,667,524,1.00123,2448,2.445
0250401074100030c043a000a00000c7,2,1,8,164,141,667,524,1.00123,10589,10.576
0250401074100030c043a000a00000c7,2,1,9,164,141,667,524,1.00123,10439,10.4262
0250401074100030c043a000a00000c7,2,1,10,164,141,667,524,1.00123,10421,10.4082
0250401074100030c043a000a00000c7,2,1,11,164,141,667,524,1.00123,10633,10.62
0250401074100030c043a000a00000c7,2,1,12,164,141,667,524,1.00123,10569,10.5561
0250401074100030c043a000a00000c7,2,1,13,164,141,667,524,1.00123,10686,10.6729
0250401074100030c043a000a00000c7,2,1,14,164,141,667,524,1.00123,10654,10.641
0250401074100030c043a000a00000c7,2,1,15,164,141,667,524,1.00123,10610,10.597
0250401074100030c043a000a00000c7,2,1,16,164,141,667,524,1.00123,10630,10.617
0250401074100030c043a000a00000c7,2,1,17,164,141,667,524,1.00123,10635,10.622
0250401074100030c043a000a00000c7,2,1,18,164,141,667,524,1.00123,10650,10.637
0250401074100030c043a000a00000c7,2,1,19,164,141,667,524,1.00123,10652,10.639
0250401074100030c043a000a00000c7,2,1,20,164,141,667,524,1.00123,10638,10.625
0250401074100030c043a000a00000c7,2,1,21,164,141,667,524,1.00123,10677,10.6639
0250401074100030c043a000a00000c7,2,1,22,164,141,667,524,1.00123,10663,10.6499
0250401074100030c043a000a00000c7,2,1,23,164,141,667,524,1.00123,10666,10.6529
0250401074100030c043a000a00000c7,2,1,24,164,141,667,524,1.00123,10659,10.6459
0250401074100030c043a000a00000c7,2,1,25,164,141,667,524,1.00123,10671,10.6579
0250401074100030c043a000a00000c7,2,1,26,164,141,667,524,1.00123,10672,10.6589
0250401074100030c043a000a00000c7,2,1,27,164,141,667,524,1.00123,10665,10.6519
0250401074100030c043a000a00000c7,2,1,28,164,141,667,524,1.00123,0,0
0250401074100030c043a000a00000c7,2,1,29,164,141,667,524,1.00123,10668,10.6549
0250401074100030c043a000a00000c7,2,1,30,164,141,667,524,1.00123,10649,10.636
0250401074100030c043a000a00000c7,2,1,31,164,141,667,524,1.00123,10659,10.6459
0250401074100030c043a000a00000c7,2,1,32,164,141,667,524,1.00123,10619,10.606
0250401074100030c043a000a00000c7,2,1,33,164,141,667,524,1.00123,10687,10.6739
0250401074100030c043a000a00000c7,2,1,34,164,141,667,524,1.00123,10660,10.6469
0250401074100030c043a000a00000c7,2,1,35,164,141,667,524,1.00123,10656,10.6429
0250401074100030c043a000a00000c7,2,1,36,164,141,667,524,1.00123,10638,10.625
0250401074100030c043a000a00000c7,2,1,37,164,141,667,524,1.00123,10643,10.63
0250401074100030c043a000a00000c7,2,1,38,164,141,667,524,1.00123,10660,10.6469
0250401074100030c043a000a00000c7,2,1,39,164,141,667,524,1.00123,10655,10.642
0250401074100030c043a000a00000c7,2,1,40,164,141,667,524,1.00123,10654,10.641
0250401074100030c043a000a00000c7,2,1,41,164,141,667,524,1.00123,10664,10.6509
0250401074100030c043a000a00000c7,2,1,42,164,141,667,524,1.00123,10635,10.622
0250401074100030c043a000a00000c7,2,1,43,164,141,667,524,1.00123,10635,10.622
0250401074100030c043a000a00000c7,2,1,44,164,141,667,524,1.00123,10619,10.606
0250401074100030c043a000a00000c7,2,1,45,164,141,667,524,1.00123,10633,10.62
0250401074100030c043a000a00000c7,2,1,46,164,141,667,524,1.00123,10656,10.6429
0250401074100030c043a000a00000c7,2,1,47,164,141,667,524,1.00123,10654,10.641
0250401074100030c043a000a00000c7,2,1,48,164,141,667,524,1.00123,10636,10.623
0250401074100030c043a000a00000c7,2,1,49,164,141,667,524,1.00123,10655,10.642
0250401074100030c043a000a00000c7,2,1,50,164,141,667,524,1.00123,10607,10.594
0250401074100030c043a000a00000c7,2,1,51,164,141,667,524,1.00123,10644,10.631
0250401074100030c043a000a00000c7,2,1,52,164,141,667,524,1.00123,10465,10.4522
0250401074100030c043a000a00000c7,2,1,53,164,141,667,524,1.00123,4714,4.70823
0250401074100030c043a000a00000c7,2,1,54,164,141,667,524,1.00123,10389,10.3763
0250401074100030c043a000a00000c7,2,1,55,164,141,667,524,1.00123,171,0.170791
0250401074100030c043a000a00000c7,2,1,56,164,141,667,524,1.00123,10214,10.2015
0250401074100030c043a000a00000c7,2,1,57,164,141,667,524,1.00123,10277,10.2644
0250401074100030c043a000a00000c7,2,1,58,164,141,667,524,1.00123,9931,9.91884
0250401074100030c043a000a00000c7,2,1,59,164,141,667,524,1.00123,8383,8.37273
0250401074100030c043a000a00000c7,2,1,60,164,141,667,524,1.00123,1011,1.00976
0250401074100030c043a000a00000c7,2,1,61,164,141,667,524,1.00123,4358,4.35266
0250401074100030c043a000a00000c7,2,1,62,164,141,667,524,1.00123,1197,1.19553
0250401074100030c043a000a00000c7,2,1,63,164,141,667,524,1.00123,54,0.0539339
0250401074100030c043a000a00000c7,2,1,0,164,141,668,524,1.00123,166,0.165797
0250401074100030c043a000a00000c7,2,1,1,164,141,668,524,1.00123,6893,6.88456
0250401074100030c043a000a00000c7,2,1,2,164,141,668,524,1.00123,286,0.28565
0250401074100030c043a000a00000c7,2,1,3,164,141,668,524,1.00123,10605,10.592
0250401074100030c043a000a00000c7,2,1,4,164,141,668,524,1.00123,5571,5.56418
0250401074100030c043a000a00000c7,2,1,5,164,141,668,524,1.00123,9042,9.03093
0250401074100030c043a000a00000c7,2,1,6,164,141,668,524,1.00123,10635,10.622
0250401074100030c043a000a00000c7,2,1,7,164,141,668,524,1.00123,1441,1.43924
0250401074100030c043a000a00000c7,2,1,8,164,141,668,524,1.00123,10615,10.602
0250401074100030c043a000a00000c7,2,1,9,164,141,668,524,1.00123,10379,10.3663
0250401074100030c043a000a00000c7,2,1,10,164,141,668,524,1.00123,10323,10.3104
0250401074100030c043a000a00000c7,2,1,11,164,141,668,524,1.00123,10679,10.6659
0250401074100030c043a000a00000c7,2,1,12,164,141,668,524,1.00123,10596,10.583
0250401074100030c043a000a00000c7,2,1,13,164,141,668,524,1.00123,10746,10.7328
0250401074100030c043a000a00000c7,2,1,14,164,141,668,524,1.00123,10710,10.6969
0250401074100030c043a000a00000c7,2,1,15,164,141,668,524,1.00123,10644,10.631
0250401074100030c043a000a00000c7,2,1,16,164,141,668,524,1.00123,10682,10.6689
0250401074100030c043a000a00000c7,2,1,17,164,141,668,524,1.00123,10687,10.6739
0250401074100030c043a000a00000c7,2,1,18,164,141,668,524,1.00123,10707,10.6939
0250401074100030c043a000a00000c7,2,1,19,164,141,668,524,1.00123,10712,10.6989
0250401074100030c043a000a00000c7,2,1,20,164,141,668,524,1.00123,10686,10.6729
0250401074100030c043a000a00000c7,2,1,21,164,141,668,524,1.00123,10730,10.7169
0250401074100030c043a000a00000c7,2,1,22,164,141,668,524,1.00123,10721,10.7079
0250401074100030c043a000a00000c7,2,1,23,164,141,668,524,1.00123,10720,10.7069
0250401074100030c043a000a00000c7,2,1,24,164,141,668,524,1.00123,10715,10.7019
0250401074100030c043a000a00000c7,2,1,25,164,141,668,524,1.00123,10730,10.7169
0250401074100030c043a000a00000c7,2,1,26,164,141,668,524,1.00123,10727,10.7139
0250401074100030c043a000a00000c7,2,1,27,164,141,668,524,1.00123,10723,10.7099
0250401074100030c043a000a00000c7,2,1,28,164,141,668,524,1.00123,0,0
0250401074100030c043a000a00000c7,2,1,29,164,141,668,524,1.00123,10724,10.7109
0250401074100030c043a000a00000c7,2,1,30,164,141,668,524,1.00123,10701,10.6879
0250401074100030c043a000a00000c7,2,1,31,164,141,668,524,1.00123,10713,10.6999
0250401074100030c043a000a00000c7,2,1,32,164,141,668,524,1.00123,10664,10.6509
0250401074100030c043a000a00000c7,2,1,33,164,141,668,524,1.00123,10750,10.7368
0250401074100030c043a000a00000c7,2,1,34,164,141,668,524,1.00123,10715,10.7019
0250401074100030c043a000a00000c7,2,1,35,164,141,668,524,1.00123,10712,10.6989
0250401074100030c043a000a00000c7,2,1,36,164,141,668,524,1.00123,10692,10.6789
0250401074100030c043a000a00000c7,2,1,37,164,141,668,524,1.00123,10694,10.6809
0250401074100030c043a000a00000c7,2,1,38,164,141,668,524,1.00123,10715,10.7019
0250401074100030c043a000a00000c7,2,1,39,164,141,668,524,1.00123,10712,10.6989
0250401074100030c043a000a00000c7,2,1,40,164,141,668,524,1.00123,10712,10.6989
0250401074100030c043a000a00000c7,2,1,41,164,141,668,524,1.00123,10721,10.7079
0250401074100030c043a000a00000c7,2,1,42,164,141,668,524,1.00123,10683,10.6699
0250401074100030c043a000a00000c7,2,1,43,164,141,668,524,1.00123,10681,10.6679
0250401074100030c043a000a00000c7,2,1,44,164,141,668,524,1.00123,10652,10.639
0250401074100030c043a000a00000c7,2,1,45,164,141,668,524,1.00123,10680,10.6669
0250401074100030c043a000a00000c7,2,1,46,164,141,668,524,1.00123,10718,10.7049
0250401074100030c043a000a00000c7,2,1,47,164,141,668,524,1.00123,10708,10.6949
0250401074100030c043a000a00000c7,2,1,48,164,141,668,524,1.00123,10679,10.6659
0250401074100030c043a000a00000c7,2,1,49,164,141,668,524,1.00123,10707,10.6939
0250401074100030c043a000a00000c7,2,1,50,164,141,668,524,1.00123,10649,10.636
0250401074100030c043a000a00000c7,2,1,51,164,141,668,524,1.00123,10691,10.6779
0250401074100030c043a000a00000c7,2,1,52,164,141,668,524,1.00123,10383,10.3703
0250401074100030c043a000a00000c7,2,1,53,164,141,668,524,1.00123,3165,3.16112
0250401074100030c043a000a00000c7,2,1,54,164,141,668,524,1.00123,10287,10.2744
0250401074100030c043a000a00000c7,2,1,55,164,141,668,524,1.00123,143,0.142825
0250401074100030c043a000a00000c7,2,1,56,164,141,668,524,1.00123,9943,9.93082
0250401074100030c043a000a00000c7,2,1,57,164,141,668,524,1.00123,10064,10.0517
0250401074100030c043a000a00000c7,2,1,58,164,141,668,524,1.00123,9371,9.35952
0250401074100030c043a000a00000c7,2,1,59,164,141,668,524,1.00123,7073,7.06434
0250401074100030c043a000a00000c7,2,1,60,164,141,668,524,1.00123,564,0.563309
0250401074100030c043a000a00000c7,2,1,61,164,141,668,524,1.00123,2821,2.81755
0250401074100030c043a000a00000c7,2,1,62,164,141,668,524,1.00123,700,0.699143
0250401074100030c043a000a00000c7,2,1,63,164,141,668,524,1.00123,58,0.057929
0250401074100030c043a000a00000c7,2,1,0,164,141,669,525,1.00123,137,0.136832
0250401074100030c043a000a00000c7,2,1,1,164,141,669,525,1.00123,5263,5.25655
0250401074100030c043a000a00000c7,2,1,2,164,141,669,525,1.00123,211,0.210742
0250401074100030c043a000a00000c7,2,1,3,164,141,669,525,1.00123,10567,10.5541
0250401074100030c043a000a00000c7,2,1,4,164,141,669,525,1.00123,3688,3.68348
0250401074100030c043a000a00000c7,2,1,5,164,141,669,525,1.00123,7825,7.81542
0250401074100030c043a000a00000c7,2,1,6,164,141,669,525,1.00123,10618,10.605
0250401074100030c043a000a00000c7,2,1,7,164,141,669,525,1.00123,837,0.835975
0250401074100030c043a000a00000c7,2,1,8,164,141,669,525,1.00123,10615,10.602
0250401074100030c043a000a00000c7,2,1,9,164,141,669,525,1.00123,10239,10.2265
0250401074100030c043a000a00000c7,2,1,10,164,141,669,525,1.00123,10131,10.1186
0250401074100030c043a000a00000c7,2,1,11,164,141,669,525,1.00123,10679,10.6659
0250401074100030c043a000a00000c7,2,1,12,164,141,669,525,1.00123,10574,10.561
0250401074100030c043a000a00000c7,2,1,13,164,141,669,525,1.00123,10747,10.7338
0250401074100030c043a000a00000c7,2,1,14,164,141,669,525,1.00123,10709,10.6959
0250401074100030c043a000a00000c7,2,1,15,164,141,669,525,1.00123,10642,10.629
0250401074100030c043a000a00000c7,2,1,16,164,141,669,525,1.00123,10678,10.6649
0250401074100030c043a000a00000c7,2,1,17,164,141,669,525,1.00123,10687,10.6739
0250401074100030c043a000a00000c7,2,1,18,164,141,669,525,1.00123,10709,10.6959
0250401074100030c043a000a00000c7,2,1,19,164,141,669,525,1.00123,10712,10.6989
0250401074100030c043a000a00000c7,2,1,20,164,141,669,525,1.00123,10690,10.6769
0250401074100030c043a000a00000c7,2,1,21,164,141,669,525,1.00123,10739,10.7258
0250401074100030c043a000a00000c7,2,1,22,164,141,669,525,1.00123,10725,10.7119
0250401074100030c043a000a00000c7,2,1,23,164,141,669,525,1.00123,10723,10.7099
0250401074100030c043a000a00000c7,2,1,24,164,141,669,525,1.00123,10715,10.7019
0250401074100030c043a000a00000c7,2,1,25,164,141,669,525,1.00123,10733,10.7199
0250401074100030c043a000a00000c7,2,1,26,164,141,669,525,1.00123,10732,10.7189
0250401074100030c043a000a00000c7,2,1,27,164,141,669,525,1.00123,10723,10.7099
0250401074100030c043a000a00000c7,2,1,28,164,141,669,525,1.00123,0,0
0250401074100030c043a000a00000c7,2,1,29,164,141,669,525,1.00123,10727,10.7139
0250401074100030c043a000a00000c7,2,1,30,164,141,669,525,1.00123,10701,10.6879
0250401074100030c043a000a00000c7,2,1,31,164,141,669,525,1.00123,10714,10.7009
0250401074100030c043a000a00000c7,2,1,32,164,141,669,525,1.00123,10653,10.64
0250401074100030c043a000a00000c7,2,1,33,164,141,669,525,1.00123,10751,10.7378
0250401074100030c043a000a00000c7,2,1,34,164,141,669,525,1.00123,10713,10.6999
0250401074100030c043a000a00000c7,2,1,35,164,141,669,525,1.00123,10713,10.6999
0250401074100030c043a000a00000c7,2,1,36,164,141,669,525,1.00123,10695,10.6819
0250401074100030c043a000a00000c7,2,1,37,164,141,669,525,1.00123,10697,10.6839
0250401074100030c043a000a00000c7,2,1,38,164,141,669,525,1.00123,10714,10.7009
0250401074100030c043a000a00000c7,2,1,39,164,141,669,525,1.00123,10712,10.6989
0250401074100030c043a000a00000c7,2,1,40,164,141,669,525,1.00123,10711,10.6979
0250401074100030c043a000a00000c7,2,1,41,164,141,669,525,1.00123,10718,10.7049
0250401074100030c043a000a00000c7,2,1,42,164,141,669,525,1.00123,10682,10.6689
0250401074100030c043a000a00000c7,2,1,43,164,141,669,525,1.00123,10675,10.6619
0250401074100030c043a000a00000c7,2,1,44,164,141,669,525,1.00123,10653,10.64
0250401074100030c043a000a00000c7,2,1,45,164,141,669,525,1.00123,10683,10.6699
0250401074100030c043a000a00000c7,2,1,46,164,141,669,525,1.00123,10715,10.7019
0250401074100030c043a000a00000c7,2,1,47,164,141,669,525,1.00123,10709,10.6959
0250401074100030c043a000a00000c7,2,1,48,164,141,669,525,1.00123,10678,10.6649
0250401074100030c043a000a00000c7,2,1,49,164,141,669,525,1.00123,10710,10.6969
0250401074100030c043a000a00000c7,2,1,50,164,141,669,525,1.00123,10640,10.627
0250401074100030c043a000a00000c7,2,1,51,164,141,669,525,1.00123,10692,10.6789
0250401074100030c043a000a00000c7,2,1,52,164,141,669,525,1.00123,10206,10.1935
0250401074100030c043a000a00000c7,2,1,53,164,141,669,525,1.00123,1765,1.76284
0250401074100030c043a000a00000c7,2,1,54,164,141,669,525,1.00123,10020,10.0077
0250401074100030c043a000a00000c7,2,1,55,164,141,669,525,1.00123,120,0.119853
0250401074100030c043a000a00000c7,2,1,56,164,141,669,525,1.00123,9350,9.33855
0250401074100030c043a000a00000c7,2,1,57,164,141,669,525,1.00123,9598,9.58624
0250401074100030c043a000a00000c7,2,1,58,164,141,669,525,1.00123,8348,8.33778
0250401074100030c043a000a00000c7,2,1,59,164,141,669,525,1.00123,5210,5.20362
0250401074100030c043a000a00000c7,2,1,60,164,141,669,525,1.00123,356,0.355564
0250401074100030c043a000a00000c7,2,1,61,164,141,669,525,1.00123,1604,1.60204
0250401074100030c043a000a00000c7,2,1,62,164,141,669,525,1.00123,418,0.417488
0250401074100030c043a000a00000c7,2,1,63,164,141,669,525,1.00123,54,0.0539339
0250401074100030c043a000a00000c7,2,1,0,164,141,670,526,1.00123,126,0.125846
0250401074100030c043a000a00000c7,2,1,1,164,141,670,526,1.00123,3626,3.62156
0250401074100030c043a000a00000c7,2,1,2,164,141,670,526,1.00123,186,0.185772
0250401074100030c043a000a00000c7,2,1,3,164,141,670,526,1.00123,10482,10.4692
0250401074100030c043a000a00000c7,2,1,4,164,141,670,526,1.00123,2237,2.23426
0250401074100030c043a000a00000c7,2,1,5,164,141,670,526,1.00123,6353,6.34522
0250401074100030c043a000a00000c7,2,1,6,164,141,670,526,1.00123,10580,10.567
0250401074100030c043a000a00000c7,2,1,7,164,141,670,526,1.00123,496,0.495393
0250401074100030c043a000a00000c7,2,1,8,164,141,670,526,1.00123,10552,10.5391
0250401074100030c043a000a00000c7,2,1,9,164,141,670,526,1.00123,9824,9.81197
0250401074100030c043a000a00000c7,2,1,10,164,141,670,526,1.00123,9555,9.5433
0250401074100030c043a000a00000c7,2,1,11,164,141,670,526,1.00123,10663,10.6499
0250401074100030c043a000a00000c7,2,1,12,164,141,670,526,1.00123,10507,10.4941
0250401074100030c043a000a00000c7,2,1,13,164,141,670,526,1.00123,10744,10.7308
0250401074100030c043a000a00000c7,2,1,14,164,141,670,526,1.00123,10708,10.6949
0250401074100030c043a000a00000c7,2,1,15,164,141,670,526,1.00123,10605,10.592
0250401074100030c043a000a00000c7,2,1,16,164,141,670,526,1.00123,10673,10.6599
0250401074100030c043a000a00000c7,2,1,17,164,141,670,526,1.00123,10676,10.6629
0250401074100030c043a000a00000c7,2,1,18,164,141,670,526,1.00123,10706,10.6929
0250401074100030c043a000a00000c7,2,1,19,164,141,670,526,1.00123,10708,10.6949
0250401074100030c043a000a00000c7,2,1,20,164,141,670,526,1.00123,10675,10.6619
0250401074100030c043a000a00000c7,2,1,21,164,141,670,526,1.00123,10732,10.7189
0250401074100030c043a000a00000c7,2,1,22,164,141,670,526,1.00123,10718,10.7049
0250401074100030c043a000a00000c7,2,1,23,164,141,670,526,1.00123,10719,10.7059
0250401074100030c043a000a00000c7,2,1,24,164,141,670,526,1.00123,10715,10.7019
0250401074100030c043a000a00000c7,2,1,25,164,141,670,526,1.00123,10729,10.7159
0250401074100030c043a000a00000c7,2,1,26,164,141,670,526,1.00123,10729,10.7159
0250401074100030c043a000a00000c7,2,1,27,164,141,670,526,1.00123,10720,10.7069
0250401074100030c043a000a00000c7,2,1,28,164,141,670,526,1.00123,0,0
0250401074100030c043a000a00000c7,2,1,29,164,141,670,526,1.00123,10723,10.7099
0250401074100030c043a000a00000c7,2,1,30,164,141,670,526,1.00123,10697,10.6839
0250401074100030c043a000a00000c7,2,1,31,164,141,670,526,1.00123,10717,10.7039
0250401074100030c043a000a00000c7,2,1,32,164,141,670,526,1.00123,10643,10.63
0250401074100030c043a000a00000c7,2,1,33,164,141,670,526,1.00123,10747,10.7338
0250401074100030c043a000a00000c7,2,1,34,164,141,670,526,1.00123,10714,10.7009
0250401074100030c043a000a00000c7,2,1,35,164,141,670,526,1.00123,10710,10.6969
0250401074100030c043a000a00000c7,2,1,36,164,141,670,526,1.00123,10685,10.6719
0250401074100030c043a000a00000c7,2,1,37,164,141,670,526,1.00123,10685,10.6719
0250401074100030c043a000a00000c7,2,1,38,164,141,670,526,1.00123,10714,10.7009
0250401074100030c043a000a00000c7,2,1,39,164,141,670,526,1.00123,10710,10.6969
0250401074100030c043a000a00000c7,2,1,40,164,141,670,526,1.00123,10707,10.6939
0250401074100030c043a000a00000c7,2,1,41,164,141,670,526,1.00123,10713,10.6999
0250401074100030c043a000a00000c7,2,1,42,164,141,670,526,1.00123,10671,10.6579
0250401074100030c043a000a00000c7,2,1,43,164,141,670,526,1.00123,10667,10.6539
0250401074100030c043a000a00000c7,2,1,44,164,141,670,526,1.00123,10625,10.612
0250401074100030c043a000a00000c7,2,1,45,164,141,670,526,1.00123,10670,10.6569
0250401074100030c043a000a00000c7,2,1,46,164,141,670,526,1.00123,10716,10.7029
0250401074100030c043a000a00000c7,2,1,47,164,141,670,526,1.00123,10706,10.6929
0250401074100030c043a000a00000c7,2,1,48,164,141,670,526,1.00123,10664,10.6509
0250401074100030c043a000a00000c7,2,1,49,164,141,670,526,1.00123,10704,10.6909
0250401074100030c043a000a00000c7,2,1,50,164,141,670,526,1.00123,10595,10.582
0250401074100030c043a000a00000c7,2,1,51,164,141,670,526,1.00123,10679,10.6659
0250401074100030c043a000a00000c7,2,1,52,164,141,670,526,1.00123,9761,9.74905
0250401074100030c043a000a00000c7,2,1,53,164,141,670,526,1.00123,999,0.997776
0250401074100030c043a000a00000c7,2,1,54,164,141,670,526,1.00123,9430,9.41845
0250401074100030c043a000a00000c7,2,1,55,164,141,670,526,1.00123,100,0.0998775
0250401074100030c043a000a00000c7,2,1,56,164,141,670,526,1.00123,8194,8.18396
0250401074100030c043a000a00000c7,2,1,57,164,141,670,526,1.00123,8641,8.63042
0250401074100030c043a000a00000c7,2,1,58,164,141,670,526,1.00123,6741,6.73274
0250401074100030c043a000a00000c7,2,1,59,164,141,670,526,1.00123,3357,3.35289
0250401074100030c043a000a00000c7,2,1,60,164,141,670,526,1.00123,264,0.263677
0250401074100030c043a000a00000c7,2,1,61,164,141,670,526,1.00123,900,0.898898
0250401074100030c043a000a00000c7,2,1,62,164,141,670,526,1.00123,285,0.284651
0250401074100030c043a000a00000c7,2,1,63,164,141,670,526,1.00123,29,0.0289645
0250401074100030c043a000a00000c7,2,1,0,164,141,671,527,1.00123,119,0.118854
0250401074100030c043a000a00000c7,2,1,1,164,141,671,527,1.00123,2065,2.06247
0250401074100030c043a000a00000c7,2,1,2,164,141,671,527,1.00123,169,0.168793
0250401074100030c043a000a00000c7,2,1,3,164,141,671,527,1.00123,10282,10.2694
0250401074100030c043a000a00000c7,2,1,4,164,141,671,527,1.00123,1212,1.21052
0250401074100030c043a000a00000c7,2,1,5,164,141,671,527,1.00123,4604,4.59836
0250401074100030c043a000a00000c7,2,1,6,164,141,671,527,1.00123,10456,10.4432
0250401074100030c043a000a00000c7,2,1,7,164,141,671,527,1.00123,332,0.331593
0250401074100030c043a000a00000c7,2,1,8,164,141,671,527,1.00123,10422,10.4092
0250401074100030c043a000a00000c7,2,1,9,164,141,671,527,1.00123,9072,9.06089
0250401074100030c043a000a00000c7,2,1,10,164,141,671,527,1.00123,8702,8.69134
0250401074100030c043a000a00000c7,2,1,11,164,141,671,527,1.00123,10581,10.568
0250401074100030c043a000a00000c7,2,1,12,164,141,671,527,1.00123,10331,10.3183
0250401074100030c043a000a00000c7,2,1,13,164,141,671,527,1.00123,10664,10.6509
0250401074100030c043a000a00000c7,2,1,14,164,141,671,527,1.00123,10625,10.612
0250401074100030c043a000a00000c7,2,1,15,164,141,671,527,1.00123,10493,10.4801
0250401074100030c043a000a00000c7,2,1,16,164,141,671,527,1.00123,10583,10.57
0250401074100030c043a000a00000c7,2,1,17,164,141,671,527,1.00123,10589,10.576
0250401074100030c043a000a00000c7,2,1,18,164,141,671,527,1.00123,10627,10.614
0250401074100030c043a000a00000c7,2,1,19,164,141,671,527,1.00123,10628,10.615
0250401074100030c043a000a00000c7,2,1,20,164,141,671,527,1.00123,10593,10.58
0250401074100030c043a000a00000c7,2,1,21,164,141,671,527,1.00123,10658,10.6449
0250401074100030c043a000a00000c7,2,1,22,164,141,671,527,1.00123,10642,10.629
0250401074100030c043a000a00000c7,2,1,23,164,141,671,527,1.00123,10641,10.628
0250401074100030c043a000a00000c7,2,1,24,164,141,671,527,1.00123,10637,10.624
0250401074100030c043a000a00000c7,2,1,25,164,141,671,527,1.00123,10651,10.638
0250401074100030c043a000a00000c7,2,1,26,164,141,671,527,1.00123,10649,10.636
0250401074100030c043a000a00000c7,2,1,27,164,141,671,527,1.00123,10643,10.63
0250401074100030c043a000a00000c7,2,1,28,164,141,671,527,1.00123,0,0
0250401074100030c043a000a00000c7,2,1,29,164,141,671,527,1.00123,10642,10.629
0250401074100030c043a000a00000c7,2,1,30,164,141,671,527,1.00123,10623,10.61
0250401074100030c043a000a00000c7,2,1,31,164,141,671,527,1.00123,10639,10.626
0250401074100030c043a000a00000c7,2,1,32,164,141,671,527,1.00123,10551,10.5381
0250401074100030c043a000a00000c7,2,1,33,164,141,671,527,1.00123,10670,10.6569
0250401074100030c043a000a00000c7,2,1,34,164,141,671,527,1.00123,10637,10.624
0250401074100030c043a000a00000c7,2,1,35,164,141,671,527,1.00123,10631,10.618
0250401074100030c043a000a00000c7,2,1,36,164,141,671,527,1.00123,10603,10.59
0250401074100030c043a000a00000c7,2,1,37,164,141,671,527,1.00123,10606,10.593
0250401074100030c043a000a00000c7,2,1,38,164,141,671,527,1.00123,10635,10.622
0250401074100030c043a000a00000c7,2,1,39,164,141,671,527,1.00123,10633,10.62
0250401074100030c043a000a00000c7,2,1,40,164,141,671,527,1.00123,10628,10.615
0250401074100030c043a000a00000c7,2,1,41,164,141,671,527,1.00123,10638,10.625
0250401074100030c043a000a00000c7,2,1,42,164,141,671,527,1.00123,10585,10.572
0250401074100030c043a000a00000c7,2,1,43,164,141,671,527,1.00123,10578,10.565
0250401074100030c043a000a00000c7,2,1,44,164,141,671,527,1.00123,10536,10.5231
0250401074100030c043a000a00000c7,2,1,45,164,141,671,527,1.00123,10582,10.569
0250401074100030c043a000a00000c7,2,1,46,164,141,671,527,1.00123,10637,10.624
0250401074100030c043a000a00000c7,2,1,47,164,141,671,527,1.00123,10626,10.613
0250401074100030c043a000a00000c7,2,1,48,164,141,671,527,1.00123,10575,10.562
0250401074100030c043a000a00000c7,2,1,49,164,141,671,527,1.00123,10626,10.613
0250401074100030c043a000a00000c7,2,1,50,164,141,671,527,1.00123,10490,10.4772
0250401074100030c043a000a00000c7,2,1,51,164,141,671,527,1.00123,10598,10.585
0250401074100030c043a000a00000c7,2,1,52,164,141,671,527,1.00123,8874,8.86313
0250401074100030c043a000a00000c7,2,1,53,164,141,671,527,1.00123,586,0.585282
0250401074100030c043a000a00000c7,2,1,54,164,141,671,527,1.00123,8295,8.28484
0250401074100030c043a000a00000c7,2,1,55,164,141,671,527,1.00123,95,0.0948836
0250401074100030c043a000a00000c7,2,1,56,164,141,671,527,1.00123,6603,6.59491
0250401074100030c043a000a00000c7,2,1,57,164,141,671,527,1.00123,7131,7.12227
0250401074100030c043a000a00000c7,2,1,58,164,141,671,527,1.00123,4733,4.7272
0250401074100030c043a000a00000c7,2,1,59,164,141,671,527,1.00123,2041,2.0385
0250401074100030c043a000a00000c7,2,1,60,164,141,671,527,1.00123,226,0.225723
0250401074100030c043a000a00000c7,2,1,61,164,141,671,527,1.00123,515,0.514369
0250401074100030c043a000a00000c7,2,1,62,164,141,671,527,1.00123,230,0.229718
0250401074100030c043a000a00000c7,2,1,63,164,141,671,527,1.00123,23,0.0229718
0250401074100030c043a000a00000c7,2,1,0,164,141,672,528,1.0027,121,0.120674
0250401074100030c043a000a00000c7,2,1,1,164,141,672,528,1.0027,1462,1.45806
0250401074100030c043a000a00000c7,2,1,2,164,141,672,528,1.0027,165,0.164556
0250401074100030c043a000a00000c7,2,1,3,164,141,672,528,1.0027,10222,10.1945
0250401074100030c043a000a00000c7,2,1,4,164,141,672,528,1.0027,853,0.850702
0250401074100030c043a000a00000c7,2,1,5,164,141,672,528,1.0027,3464,3.45467
0250401074100030c043a000a00000c7,2,1,6,164,141,672,528,1.0027,10473,10.4448
0250401074100030c043a000a00000c7,2,1,7,164,141,672,528,1.0027,279,0.278249
0250401074100030c043a000a00000c7,2,1,8,164,141,672,528,1.0027,10401,10.373
0250401074100030c043a000a00000c7,2,1,9,164,141,672,528,1.0027,8460,8.43721
0250401074100030c043a000a00000c7,2,1,10,164,141,672,528,1.0027,7866,7.84481
0250401074100030c043a000a00000c7,2,1,11,164,141,672,528,1.0027,10625,10.5964
0250401074100030c043a000a00000c7,2,1,12,164,141,672,528,1.0027,10305,10.2772
0250401074100030c043a000a00000c7,2,1,13,164,141,672,528,1.0027,10752,10.723
0250401074100030c043a000a00000c7,2,1,14,164,141,672,528,1.0027,10702,10.6732
0250401074100030c043a000a00000c7,2,1,15,164,141,672,528,1.0027,10519,10.4907
0250401074100030c043a000a00000c7,2,1,16,164,141,672,528,1.0027,10658,10.6293
0250401074100030c043a000a00000c7,2,1,17,164,141,672,528,1.0027,10645,10.6163
0250401074100030c043a000a00000c7,2,1,18,164,141,672,528,1.0027,10698,10.6692
0250401074100030c043a000a00000c7,2,1,19,164,141,672,528,1.0027,10704,10.6752
0250401074100030c043a000a00000c7,2,1,20,164,141,672,528,1.0027,10657,10.6283
0250401074100030c043a000a00000c7,2,1,21,164,141,672,528,1.0027,10739,10.7101
0250401074100030c043a000a00000c7,2,1,22,164,141,672,528,1.0027,10718,10.6891
0250401074100030c043a000a00000c7,2,1,23,164,141,672,528,1.0027,10718,10.6891
0250401074100030c043a000a00000c7,2,1,24,164,141,672,528,1.0027,10711,10.6821
0250401074100030c043a000a00000c7,2,1,25,164,141,672,528,1.0027,10731,10.7021
0250401074100030c043a000a00000c7,2,1,26,164,141,672,528,1.0027,10731,10.7021
0250401074100030c043a000a00000c7,2,1,27,164,141,672,528,1.0027,10723,10.6941
0250401074100030c043a000a00000c7,2,1,28,164,141,672,528,1.0027,0,0
0250401074100030c043a000a00000c7,2,1,29,164,141,672,528,1.0027,10725,10.6961
0250401074100030c043a000a00000c7,2,1,30,164,141,672,528,1.0027,10697,10.6682
0250401074100030c043a000a00000c7,2,1,31,164,141,672,528,1.0027,10706,10.6772
0250401074100030c043a000a00000c7,2,1,32,164,141,672,528,1.0027,10597,10.5685
0250401074100030c043a000a00000c7,2,1,33,164,141,672,528,1.0027,10753,10.724
0250401074100030c043a000a00000c7,2,1,34,164,141,672,528,1.0027,10713,10.6841
0250401074100030c043a000a00000c7,2,1,35,164,141,672,528,1.0027,10705,10.6762
0250401074100030c043a000a00000c7,2,1,36,164,141,672,528,1.0027,10672,10.6433
0250401074100030c043a000a00000c7,2,1,37,164,141,672,528,1.0027,10672,10.6433
0250401074100030c043a000a00000c7,2,1,38,164,141,672,528,1.0027,10712,10.6831
0250401074100030c043a000a00000c7,2,1,39,164,141,672,528,1.0027,10703,10.6742
0250401074100030c043a000a00000c7,2,1,40,164,141,672,528,1.0027,10702,10.6732
0250401074100030c043a000a00000c7,2,1,41,164,141,672,528,1.0027,10714,10.6851
0250401074100030c043a000a00000c7,2,1,42,164,141,672,528,1.0027,10653,10.6243
0250401074100030c043a000a00000c7,2,1,43,164,141,672,528,1.0027,10648,10.6193
0250401074100030c043a000a00000c7,2,1,44,164,141,672,528,1.0027,10590,10.5615
0250401074100030c043a000a00000c7,2,1,45,164,141,672,528,1.0027,10631,10.6024
0250401074100030c043a000a00000c7,2,1,46,164,141,672,528,1.0027,10710,10.6812
0250401074100030c043a000a00000c7,2,1,47,164,141,672,528,1.0027,10697,10.6682
0250401074100030c043a000a00000c7,2,1,48,164,141,672,528,1.0027,10635,10.6064
0250401074100030c043a000a00000c7,2,1,49,164,141,672,528,1.0027,10694,10.6652
0250401074100030c043a000a00000c7,2,1,50,164,141,672,528,1.0027,10516,10.4877
0250401074100030c043a000a00000c7,2,1,51,164,141,672,528,1.0027,10651,10.6223
0250401074100030c043a000a00000c7,2,1,52,164,141,672,528,1.0027,8148,8.12605
0250401074100030c043a000a00000c7,2,1,53,164,141,672,528,1.0027,411,0.409893
0250401074100030c043a000a00000c7,2,1,54,164,141,672,528,1.0027,7411,7.39104
0250401074100030c043a000a00000c7,2,1,55,164,141,672,528,1.0027,94,0.0937468
0250401074100030c043a000a00000c7,2,1,56,164,141,672,528,1.0027,5330,5.31564
0250401074100030c043a000a00000c7,2,1,57,164,141,672,528,1.0027,5825,5.80931
0250401074100030c043a000a00000c7,2,1,58,164,141,672,528,1.0027,3600,3.5903
0250401074100030c043a000a00000c7,2,1,59,164,141,672,528,1.0027,1275,1.27157
0250401074100030c043a000a00000c7,2,1,60,164,141,672,528,1.0027,201,0.200459
0250401074100030c043a000a00000c7,2,1,61,164,141,672,528,1.0027,371,0.370001
0250401074100030c043a000a00000c7,2,1,62,164,141,672,528,1.0027,195,0.194475
0250401074100030c043a000a00000c7,2,1,63,164,141,672,528,1.0027,13,0.012965
0250401074100030c043a000a00000c7,2,1,0,164,141,673,528,1.00123,92,0.0918873
0250401074100030c043a000a00000c7,2,1,1,164,141,673,528,1.00123,834,0.832979
0250401074100030c043a000a00000c7,2,1,2,164,141,673,528,1.00123,119,0.118854
0250401074100030c043a000a00000c7,2,1,3,164,141,673,528,1.00123,9774,9.76203
0250401074100030c043a000a00000c7,2,1,4,164,141,673,528,1.00123,511,0.510374
0250401074100030c043a000a00000c7,2,1,5,164,141,673,528,1.00123,2082,2.07945
0250401074100030c043a000a00000c7,2,1,6,164,141,673,528,1.00123,10250,10.2374
0250401074100030c043a000a00000c7,2,1,7,164,141,673,528,1.00123,190,0.189767
0250401074100030c043a000a00000c7,2,1,8,164,141,673,528,1.00123,10114,10.1016
0250401074100030c043a000a00000c7,2,1,9,164,141,673,528,1.00123,7148,7.13925
0250401074100030c043a000a00000c7,2,1,10,164,141,673,528,1.00123,6192,6.18442
0250401074100030c043a000a00000c7,2,1,11,164,141,673,528,1.00123,10471,10.4582
0250401074100030c043a000a00000c7,2,1,12,164,141,673,528,1.00123,9963,9.9508
0250401074100030c043a000a00000c7,2,1,13,164,141,673,528,1.00123,10611,10.598
0250401074100030c043a000a00000c7,2,1,14,164,141,673,528,1.00123,10571,10.5581
0250401074100030c043a000a00000c7,2,1,15,164,141,673,528,1.00123,10325,10.3124
0250401074100030c043a000a00000c7,2,1,16,164,141,673,528,1.00123,10527,10.5141
0250401074100030c043a000a00000c7,2,1,17,164,141,673,528,1.00123,10502,10.4891
0250401074100030c043a000a00000c7,2,1,18,164,141,673,528,1.00123,10572,10.5591
0250401074100030c043a000a00000c7,2,1,19,164,141,673,528,1.00123,10567,10.5541
0250401074100030c043a000a00000c7,2,1,20,164,141,673,528,1.00123,10532,10.5191
0250401074100030c043a000a00000c7,2,1,21,164,141,673,528,1.00123,10604,10.591
0250401074100030c043a000a00000c7,2,1,22,164,141,673,528,1.00123,10589,10.576
0250401074100030c043a000a00000c7,2,1,23,164,141,673,528,1.00123,10591,10.578
0250401074100030c043a000a00000c7,2,1,24,164,141,673,528,1.00123,10581,10.568
0250401074100030c043a000a00000c7,2,1,25,164,141,673,528,1.00123,10599,10.586
0250401074100030c043a000a00000c7,2,1,26,164,141,673,528,1.00123,10602,10.589
0250401074100030c043a000a00000c7,2,1,27,164,141,673,528,1.00123,10590,10.577
0250401074100030c043a000a00000c7,2,1,28,164,141,673,528,1.00123,0,0
0250401074100030c043a000a00000c7,2,1,29,164,141,673,528,1.00123,10593,10.58
0250401074100030c043a000a00000c7,2,1,30,164,141,673,528,1.00123,10558,10.5451
0250401074100030c043a000a00000c7,2,1,31,164,141,673,528,1.00123,10581,10.568
0250401074100030c043a000a00000c7,2,1,32,164,141,673,528,1.00123,10465,10.4522
0250401074100030c043a000a00000c7,2,1,33,164,141,673,528,1.00123,10618,10.605
0250401074100030c043a000a00000c7,2,1,34,164,141,673,528,1.00123,10586,10.573
0250401074100030c043a000a00000c7,2,1,35,164,141,673,528,1.00123,10574,10.561
0250401074100030c043a000a00000c7,2,1,36,164,141,673,528,1.00123,10545,10.5321
0250401074100030c043a000a00000c7,2,1,37,164,141,673,528,1.00123,10531,10.5181
0250401074100030c043a000a00000c7,2,1,38,164,141,673,528,1.00123,10583,10.57
0250401074100030c043a000a00000c7,2,1,39,164,141,673,528,1.00123,10572,10.5591
0250401074100030c043a000a00000c7,2,1,40,164,141,673,528,1.00123,10574,10.561
0250401074100030c043a000a00000c7,2,1,41,164,141,673,528,1.00123,10582,10.569
0250401074100030c043a000a00000c7,2,1,42,164,141,673,528,1.00123,10513,10.5001
0250401074100030c043a000a00000c7,2,1,43,164,141,673,528,1.00123,10501,10.4881
0250401074100030c043a000a00000c7,2,1,44,164,141,673,528,1.00123,10432,10.4192
0250401074100030c043a000a00000c7,2,1,45,164,141,673,528,1.00123,10492,10.4792
0250401074100030c043a000a00000c7,2,1,46,164,141,673,528,1.00123,10576,10.563
0250401074100030c043a000a00000c7,2,1,47,164,141,673,528,1.00123,10559,10.5461
0250401074100030c043a000a00000c7,2,1,48,164,141,673,528,1.00123,10494,10.4811
0250401074100030c043a000a00000c7,2,1,49,164,141,673,528,1.00123,10568,10.5551
0250401074100030c043a000a00000c7,2,1,50,164,141,673,528,1.00123,10311,10.2984
0250401074100030c043a000a00000c7,2,1,51,164,141,673,528,1.00123,10511,10.4981
0250401074100030c043a000a00000c7,2,1,52,164,141,673,528,1.00123,6593,6.58493
0250401074100030c043a000a00000c7,2,1,53,164,141,673,528,1.00123,286,0.28565
0250401074100030c043a000a00000c7,2,1,54,164,141,673,528,1.00123,5624,5.61711
0250401074100030c043a000a00000c7,2,1,55,164,141,673,528,1.00123,81,0.0809008
0250401074100030c043a000a00000c7,2,1,56,164,141,673,528,1.00123,3578,3.57362
0250401074100030c043a000a00000c7,2,1,57,164,141,673,528,1.00123,4001,3.9961
0250401074100030c043a000a00000c7,2,1,58,164,141,673,528,1.00123,2123,2.1204
0250401074100030c043a000a00000c7,2,1,59,164,141,673,528,1.00123,693,0.692151
0250401074100030c043a000a00000c7,2,1,60,164,141,673,528,1.00123,144,0.143824
0250401074100030c043a000a00000c7,2,1,61,164,141,673,528,1.00123,246,0.245699
0250401074100030c043a000a00000c7,2,1,62,164,141,673,528,1.00123,129,0.128842
0250401074100030c043a000a00000c7,2,1,63,164,141,673,528,1.00123,12,0.0119853
0250401074100030c043a000a00000c7,2,1,0,164,141,674,529,1.0027,106,0.105714
0250401074100030c043a000a00000c7,2,1,1,164,141,674,529,1.0027,516,0.51461
0250401074100030c043a000a00000c7,2,1,2,164,141,674,529,1.0027,121,0.120674
0250401074100030c043a000a00000c7,2,1,3,164,141,674,529,1.0027,9150,9.12535
0250401074100030c043a000a00000c7,2,1,4,164,141,674,529,1.0027,377,0.375985
0250401074100030c043a000a00000c7,2,1,5,164,141,674,529,1.0027,1274,1.27057
0250401074100030c043a000a00000c7,2,1,6,164,141,674,529,1.0027,10100,10.0728
0250401074100030c043a000a00000c7,2,1,7,164,141,674,529,1.0027,186,0.185499
0250401074100030c043a000a00000c7,2,1,8,164,141,674,529,1.0027,9824,9.79754
0250401074100030c043a000a00000c7,2,1,9,164,141,674,529,1.0027,5554,5.53904
0250401074100030c043a000a00000c7,2,1,10,164,141,674,529,1.0027,4601,4.58861
0250401074100030c043a000a00000c7,2,1,11,164,141,674,529,1.0027,10486,10.4578
0250401074100030c043a000a00000c7,2,1,12,164,141,674,529,1.0027,9557,9.53126
0250401074100030c043a000a00000c7,2,1,13,164,141,674,529,1.0027,10667,10.6383
0250401074100030c043a000a00000c7,2,1,14,164,141,674,529,1.0027,10632,10.6034
0250401074100030c043a000a00000c7,2,1,15,164,141,674,529,1.0027,10238,10.2104
0250401074100030c043a000a00000c7,2,1,16,164,141,674,529,1.0027,10571,10.5425
0250401074100030c043a000a00000c7,2,1,17,164,141,674,529,1.0027,10533,10.5046
0250401074100030c043a000a00000c7,2,1,18,164,141,674,529,1.0027,10627,10.5984
0250401074100030c043a000a00000c7,2,1,19,164,141,674,529,1.0027,10630,10.6014
0250401074100030c043a000a00000c7,2,1,20,164,141,674,529,1.0027,10554,10.5256
0250401074100030c043a000a00000c7,2,1,21,164,141,674,529,1.0027,10659,10.6303
0250401074100030c043a000a00000c7,2,1,22,164,141,674,529,1.0027,10652,10.6233
0250401074100030c043a000a00000c7,2,1,23,164,141,674,529,1.0027,10647,10.6183
0250401074100030c043a000a00000c7,2,1,24,164,141,674,529,1.0027,10639,10.6103
0250401074100030c043a000a00000c7,2,1,25,164,141,674,529,1.0027,10656,10.6273
0250401074100030c043a000a00000c7,2,1,26,164,141,674,529,1.0027,10661,10.6323
0250401074100030c043a000a00000c7,2,1,27,164,141,674,529,1.0027,10651,10.6223
0250401074100030c043a000a00000c7,2,1,28,164,141,674,529,1.0027,0,0
0250401074100030c043a000a00000c7,2,1,29,164,141,674,529,1.0027,10648,10.6193
0250401074100030c043a000a00000c7,2,1,30,164,141,674,529,1.0027,10621,10.5924
0250401074100030c043a000a00000c7,2,1,31,164,141,674,529,1.0027,10640,10.6113
0250401074100030c043a000a00000c7,2,1,32,164,141,674,529,1.0027,10459,10.4308
0250401074100030c043a000a00000c7,2,1,33,164,141,674,529,1.0027,10670,10.6413
0250401074100030c043a000a00000c7,2,1,34,164,141,674,529,1.0027,10642,10.6133
0250401074100030c043a000a00000c7,2,1,35,164,141,674,529,1.0027,10637,10.6083
0250401074100030c043a000a00000c7,2,1,36,164,141,674,529,1.0027,10580,10.5515
0250401074100030c043a000a00000c7,2,1,37,164,141,674,529,1.0027,10575,10.5465
0250401074100030c043a000a00000c7,2,1,38,164,141,674,529,1.0027,10643,10.6143
0250401074100030c043a000a00000c7,2,1,39,164,141,674,529,1.0027,10631,10.6024
0250401074100030c043a000a00000c7,2,1,40,164,141,674,529,1.0027,10635,10.6064
0250401074100030c043a000a00000c7,2,1,41,164,141,674,529,1.0027,10643,10.6143
0250401074100030c043a000a00000c7,2,1,42,164,141,674,529,1.0027,10552,10.5236
0250401074100030c043a000a00000c7,2,1,43,164,141,674,529,1.0027,10522,10.4937
0250401074100030c043a000a00000c7,2,1,44,164,141,674,529,1.0027,10412,10.384
0250401074100030c043a000a00000c7,2,1,45,164,141,674,529,1.0027,10503,10.4747
0250401074100030c043a000a00000c7,2,1,46,164,141,674,529,1.0027,10642,10.6133
0250401074100030c043a000a00000c7,2,1,47,164,141,674,529,1.0027,10616,10.5874
0250401074100030c043a000a00000c7,2,1,48,164,141,674,529,1.0027,10518,10.4897
0250401074100030c043a000a00000c7,2,1,49,164,141,674,529,1.0027,10620,10.5914
0250401074100030c043a000a00000c7,2,1,50,164,141,674,529,1.0027,10197,10.1695
0250401074100030c043a000a00000c7,2,1,51,164,141,674,529,1.0027,10540,10.5116
0250401074100030c043a000a00000c7,2,1,52,164,141,674,529,1.0027,4830,4.81699
0250401074100030c043a000a00000c7,2,1,53,164,141,674,529,1.0027,237,0.236362
0250401074100030c043a000a00000c7,2,1,54,164,141,674,529,1.0027,3954,3.94335
0250401074100030c043a000a00000c7,2,1,55,164,141,674,529,1.0027,89,0.0887603
0250401074100030c043a000a00000c7,2,1,56,164,141,674,529,1.0027,2206,2.20006
0250401074100030c043a000a00000c7,2,1,57,164,141,674,529,1.0027,2517,2.51022
0250401074100030c043a000a00000c7,2,1,58,164,141,674,529,1.0027,1220,1.21671
0250401074100030c043a000a00000c7,2,1,59,164,141,674,529,1.0027,463,0.461753
0250401074100030c043a000a00000c7,2,1,60,164,141,674,529,1.0027,135,0.134636
0250401074100030c043a000a00000c7,2,1,61,164,141,674,529,1.0027,220,0.219407
0250401074100030c043a000a00000c7,2,1,62,164,141,674,529,1.0027,140,0.139623
0250401074100030c043a000a00000c7,2,1,63,164,141,674,529,1.0027,5,0.00498653
0250401074100030c043a000a00000c7,2,1,0,164,141,675,530,1.0027,95,0.0947441
0250401074100030c043a000a00000c7,2,1,1,164,141,675,530,1.0027,329,0.328114
0250401074100030c043a000a00000c7,2,1,2,164,141,675,530,1.0027,105,0.104717
0250401074100030c043a000a00000c7,2,1,3,164,141,675,530,1.0027,8047,8.02533
0250401074100030c043a000a00000c7,2,1,4,164,141,675,530,1.0027,258,0.257305
0250401074100030c043a000a00000c7,2,1,5,164,141,675,530,1.0027,737,0.735015
0250401074100030c043a000a00000c7,2,1,6,164,141,675,530,1.0027,9724,9.69781
0250401074100030c043a000a00000c7,2,1,7,164,141,675,530,1.0027,150,0.149596
0250401074100030c043a000a00000c7,2,1,8,164,141,675,530,1.0027,9324,9.29889
0250401074100030c043a000a00000c7,2,1,9,164,141,675,530,1.0027,3649,3.63917
0250401074100030c043a000a00000c7,2,1,10,164,141,675,530,1.0027,2977,2.96898
0250401074100030c043a000a00000c7,2,1,11,164,141,675,530,1.0027,10462,10.4338
0250401074100030c043a000a00000c7,2,1,12,164,141,675,530,1.0027,8779,8.75535
0250401074100030c043a000a00000c7,2,1,13,164,141,675,530,1.0027,10721,10.6921
0250401074100030c043a000a00000c7,2,1,14,164,141,675,530,1.0027,10662,10.6333
0250401074100030c043a000a00000c7,2,1,15,164,141,675,530,1.0027,9997,9.97007
0250401074100030c043a000a00000c7,2,1,16,164,141,675,530,1.0027,10568,10.5395
0250401074100030c043a000a00000c7,2,1,17,164,141,675,530,1.0027,10510,10.4817
0250401074100030c043a000a00000c7,2,1,18,164,141,675,530,1.0027,10669,10.6403
0250401074100030c043a000a00000c7,2,1,19,164,141,675,530,1.0027,10656,10.6273
0250401074100030c043a000a00000c7,2,1,20,164,141,675,530,1.0027,10565,10.5365
0250401074100030c043a000a00000c7,2,1,21,164,141,675,530,1.0027,10712,10.6831
0250401074100030c043a000a00000c7,2,1,22,164,141,675,530,1.0027,10692,10.6632
0250401074100030c043a000a00000c7,2,1,23,164,141,675,530,1.0027,10683,10.6542
0250401074100030c043a000a00000c7,2,1,24,164,141,675,530,1.0027,10682,10.6532
0250401074100030c043a000a00000c7,2,1,25,164,141,675,530,1.0027,10703,10.6742
0250401074100030c043a000a00000c7,2,1,26,164,141,675,530,1.0027,10705,10.6762
0250401074100030c043a000a00000c7,2,1,27,164,141,675,530,1.0027,10695,10.6662
0250401074100030c043a000a00000c7,2,1,28,164,141,675,530,1.0027,0,0
0250401074100030c043a000a00000c7,2,1,29,164,141,675,530,1.0027,10692,10.6632
0250401074100030c043a000a00000c7,2,1,30,164,141,675,530,1.0027,10647,10.6183
0250401074100030c043a000a00000c7,2,1,31,164,141,675,530,1.0027,10678,10.6492
0250401074100030c043a000a00000c7,2,1,32,164,141,675,530,1.0027,10430,10.4019
0250401074100030c043a000a00000c7,2,1,33,164,141,675,530,1.0027,10727,10.6981
0250401074100030c043a000a00000c7,2,1,34,164,141,675,530,1.0027,10686,10.6572
0250401074100030c043a000a00000c7,2,1,35,164,141,675,530,1.0027,10675,10.6462
0250401074100030c043a000a00000c7,2,1,36,164,141,675,530,1.0027,10609,10.5804
0250401074100030c043a000a00000c7,2,1,37,164,141,675,530,1.0027,10587,10.5585
0250401074100030c043a000a00000c7,2,1,38,164,141,675,530,1.0027,10687,10.6582
0250401074100030c043a000a00000c7,2,1,39,164,141,675,530,1.0027,10671,10.6423
0250401074100030c043a000a00000c7,2,1,40,164,141,675,530,1.0027,10666,10.6373
0250401074100030c043a000a00000c7,2,1,41,164,141,675,530,1.0027,10678,10.6492
0250401074100030c043a000a00000c7,2,1,42,164,141,675,530,1.0027,10556,10.5276
0250401074100030c043a000a00000c7,2,1,43,164,141,675,530,1.0027,10496,10.4677
0250401074100030c043a000a00000c7,2,1,44,164,141,675,530,1.0027,10322,10.2942
0250401074100030c043a000a00000c7,2,1,45,164,141,675,530,1.0027,10443,10.4149
0250401074100030c043a000a00000c7,2,1,46,164,141,675,530,1.0027,10674,10.6452
0250401074100030c043a000a00000c7,2,1,47,164,141,675,530,1.0027,10635,10.6064
0250401074100030c043a000a00000c7,2,1,48,164,141,675,530,1.0027,10508,10.4797
0250401074100030c043a000a00000c7,2,1,49,164,141,675,530,1.0027,10645,10.6163
0250401074100030c043a000a00000c7,2,1,50,164,141,675,530,1.0027,9835,9.80851
0250401074100030c043a000a00000c7,2,1,51,164,141,675,530,1.0027,10535,10.5066
0250401074100030c043a000a00000c7,2,1,52,164,141,675,530,1.0027,3091,3.08267
0250401074100030c043a000a00000c7,2,1,53,164,141,675,530,1.0027,186,0.185499
0250401074100030c043a000a00000c7,2,1,54,164,141,675,530,1.0027,2393,2.38655
0250401074100030c043a000a00000c7,2,1,55,164,141,675,530,1.0027,82,0.0817791
0250401074100030c043a000a00000c7,2,1,56,164,141,675,530,1.0027,1196,1.19278
0250401074100030c043a000a00000c7,2,1,57,164,141,675,530,1.0027,1438,1.43413
0250401074100030c043a000a00000c7,2,1,58,164,141,675,530,1.0027,649,0.647252
0250401074100030c043a000a00000c7,2,1,59,164,141,675,530,1.0027,292,0.291213
0250401074100030c043a000a00000c7,2,1,60,164,141,675,530,1.0027,110,0.109704
0250401074100030c043a000a00000c7,2,1,61,164,141,675,530,1.0027,169,0.168545
0250401074100030c043a000a00000c7,2,1,62,164,141,675,530,1.0027,114,0.113693
0250401074100030c043a000a00000c7,2,1,63,164,141,675,530,1.0027,1,0.000997306
0250401074100030c043a000a00000c7,2,1,0,164,141,676,531,1.00123,80,0.079902
0250401074100030c043a000a00000c7,2,1,1,164,141,676,531,1.00123,234,0.233713
0250401074100030c043a000a00000c7,2,1,2,164,141,676,531,1.00123,89,0.088891
0250401074100030c043a000a00000c7,2,1,3,164,141,676,531,1.00123,6523,6.51501
0250401074100030c043a000a00000c7,2,1,4,164,141,676,531,1.00123,205,0.204749
0250401074100030c043a000a00000c7,2,1,5,164,141,676,531,1.00123,413,0.412494
0250401074100030c043a000a00000c7,2,1,6,164,141,676,531,1.00123,8946,8.93504
0250401074100030c043a000a00000c7,2,1,7,164,141,676,531,1.00123,131,0.13084
0250401074100030c043a000a00000c7,2,1,8,164,141,676,531,1.00123,8159,8.14901
0250401074100030c043a000a00000c7,2,1,9,164,141,676,531,1.00123,2361,2.35811
0250401074100030c043a000a00000c7,2,1,10,164,141,676,531,1.00123,1751,1.74886
0250401074100030c043a000a00000c7,2,1,11,164,141,676,531,1.00123,10203,10.1905
0250401074100030c043a000a00000c7,2,1,12,164,141,676,531,1.00123,7428,7.4189
0250401074100030c043a000a00000c7,2,1,13,164,141,676,531,1.00123,10563,10.5501
0250401074100030c043a000a00000c7,2,1,14,164,141,676,531,1.00123,10521,10.5081
0250401074100030c043a000a00000c7,2,1,15,164,141,676,531,1.00123,9383,9.37151
0250401074100030c043a000a00000c7,2,1,16,164,141,676,531,1.00123,10430,10.4172
0250401074100030c043a000a00000c7,2,1,17,164,141,676,531,1.00123,10310,10.2974
0250401074100030c043a000a00000c7,2,1,18,164,141,676,531,1.00123,10521,10.5081
0250401074100030c043a000a00000c7,2,1,19,164,141,676,531,1.00123,10506,10.4931
0250401074100030c043a000a00000c7,2,1,20,164,141,676,531,1.00123,10405,10.3923
0250401074100030c043a000a00000c7,2,1,21,164,141,676,531,1.00123,10560,10.5471
0250401074100030c043a000a00000c7,2,1,22,164,141,676,531,1.00123,10549,10.5361
0250401074100030c043a000a00000c7,2,1,23,164,141,676,531,1.00123,10538,10.5251
0250401074100030c043a000a00000c7,2,1,24,164,141,676,531,1.00123,10536,10.5231
0250401074100030c043a000a00000c7,2,1,25,164,141,676,531,1.00123,10550,10.5371
0250401074100030c043a000a00000c7,2,1,26,164,141,676,531,1.00123,10560,10.5471
0250401074100030c043a000a00000c7,2,1,27,164,141,676,531,1.00123,10553,10.5401
0250401074100030c043a000a00000c7,2,1,28,164,141,676,531,1.00123,0,0
0250401074100030c043a000a00000c7,2,1,29,164,141,676,531,1.00123,10545,10.5321
0250401074100030c043a000a00000c7,2,1,30,164,141,676,531,1.00123,10520,10.5071
0250401074100030c043a000a00000c7,2,1,31,164,141,676,531,1.00123,10534,10.5211
0250401074100030c043a000a00000c7,2,1,32,164,141,676,531,1.00123,10193,10.1805
0250401074100030c043a000a00000c7,2,1,33,164,141,676,531,1.00123,10574,10.561
0250401074100030c043a000a00000c7,2,1,34,164,141,676,531,1.00123,10547,10.5341
0250401074100030c043a000a00000c7,2,1,35,164,141,676,531,1.00123,10530,10.5171
0250401074100030c043a000a00000c7,2,1,36,164,141,676,531,1.00123,10459,10.4462
0250401074100030c043a000a00000c7,2,1,37,164,141,676,531,1.00123,10419,10.4062
0250401074100030c043a000a00000c7,2,1,38,164,141,676,531,1.00123,10544,10.5311
0250401074100030c043a000a00000c7,2,1,39,164,141,676,531,1.00123,10517,10.5041
0250401074100030c043a000a00000c7,2,1,40,164,141,676,531,1.00123,10525,10.5121
0250401074100030c043a000a00000c7,2,1,41,164,141,676,531,1.00123,10526,10.5131
0250401074100030c043a000a00000c7,2,1,42,164,141,676,531,1.00123,10391,10.3783
0250401074100030c043a000a00000c7,2,1,43,164,141,676,531,1.00123,10305,10.2924
0250401074100030c043a000a00000c7,2,1,44,164,141,676,531,1.00123,10011,9.99874
0250401074100030c043a000a00000c7,2,1,45,164,141,676,531,1.00123,10225,10.2125
0250401074100030c043a000a00000c7,2,1,46,164,141,676,531,1.00123,10526,10.5131
0250401074100030c043a000a00000c7,2,1,47,164,141,676,531,1.00123,10479,10.4662
0250401074100030c043a000a00000c7,2,1,48,164,141,676,531,1.00123,10327,10.3144
0250401074100030c043a000a00000c7,2,1,49,164,141,676,531,1.00123,10500,10.4871
0250401074100030c043a000a00000c7,2,1,50,164,141,676,531,1.00123,9094,9.08286
0250401074100030c043a000a00000c7,2,1,51,164,141,676,531,1.00123,10347,10.3343
0250401074100030c043a000a00000c7,2,1,52,164,141,676,531,1.00123,1780,1.77782
0250401074100030c043a000a00000c7,2,1,53,164,141,676,531,1.00123,142,0.141826
0250401074100030c043a000a00000c7,2,1,54,164,141,676,531,1.00123,1480,1.47819
0250401074100030c043a000a00000c7,2,1,55,164,141,676,531,1.00123,64,0.0639216
0250401074100030c043a000a00000c7,2,1,56,164,141,676,531,1.00123,658,0.657194
0250401074100030c043a000a00000c7,2,1,57,164,141,676,531,1.00123,784,0.78304
0250401074100030c043a000a00000c7,2,1,58,164,141,676,531,1.00123,385,0.384528
0250401074100030c043a000a00000c7,2,1,59,164,141,676,531,1.00123,222,0.221728
0250401074100030c043a000a00000c7,2,1,60,164,141,676,531,1.00123,97,0.0968812
0250401074100030c043a000a00000c7,2,1,61,164,141,676,531,1.00123,140,0.139829
0250401074100030c043a000a00000c7,2,1,62,164,141,676,531,1.00123,96,0.0958824
0250401074100030c043a000a00000c7,2,1,63,164,141,676,531,1.00123,0,0
0250401074100030c043a000a00000c7,2,1,0,164,141,677,531,1.0027,79,0.0787872
0250401074100030c043a000a00000c7,2,1,1,164,141,677,531,1.0027,172,0.171537
0250401074100030c043a000a00000c7,2,1,2,164,141,677,531,1.0027,81,0.0807818
0250401074100030c043a000a00000c7,2,1,3,164,141,677,531,1.0027,4540,4.52777
0250401074100030c043a000a00000c7,2,1,4,164,141,677,531,1.0027,162,0.161564
0250401074100030c043a000a00000c7,2,1,5,164,141,677,531,1.0027,268,0.267278
0250401074100030c043a000a00000c7,2,1,6,164,141,677,531,1.0027,7827,7.80592
0250401074100030c043a000a00000c7,2,1,7,164,141,677,531,1.0027,108,0.107709
0250401074100030c043a000a00000c7,2,1,8,164,141,677,531,1.0027,6588,6.57026
0250401074100030c043a000a00000c7,2,1,9,164,141,677,531,1.0027,1188,1.1848
0250401074100030c043a000a00000c7,2,1,10,164,141,677,531,1.0027,848,0.845716
0250401074100030c043a000a00000c7,2,1,11,164,141,677,531,1.0027,10132,10.1047
0250401074100030c043a000a00000c7,2,1,12,164,141,677,531,1.0027,5739,5.72354
0250401074100030c043a000a00000c7,2,1,13,164,141,677,531,1.0027,10715,10.6861
0250401074100030c043a000a00000c7,2,1,14,164,141,677,531,1.0027,10648,10.6193
0250401074100030c043a000a00000c7,2,1,15,164,141,677,531,1.0027,8438,8.41527
0250401074100030c043a000a00000c7,2,1,16,164,141,677,531,1.0027,10529,10.5006
0250401074100030c043a000a00000c7,2,1,17,164,141,677,531,1.0027,10301,10.2733
0250401074100030c043a000a00000c7,2,1,18,164,141,677,531,1.0027,10653,10.6243
0250401074100030c043a000a00000c7,2,1,19,164,141,677,531,1.0027,10643,10.6143
0250401074100030c043a000a00000c7,2,1,20,164,141,677,531,1.0027,10472,10.4438
0250401074100030c043a000a00000c7,2,1,21,164,141,677,531,1.0027,10701,10.6722
0250401074100030c043a000a00000c7,2,1,22,164,141,677,531,1.0027,10684,10.6552
0250401074100030c043a000a00000c7,2,1,23,164,141,677,531,1.0027,10676,10.6472
0250401074100030c043a000a00000c7,2,1,24,164,141,677,531,1.0027,10674,10.6452
0250401074100030c043a000a00000c7,2,1,25,164,141,677,531,1.0027,10696,10.6672
0250401074100030c043a000a00000c7,2,1,26,164,141,677,531,1.0027,10704,10.6752
0250401074100030c043a000a00000c7,2,1,27,164,141,677,531,1.0027,10690,10.6612
0250401074100030c043a000a00000c7,2,1,28,164,141,677,531,1.0027,0,0
0250401074100030c043a000a00000c7,2,1,29,164,141,677,531,1.0027,10682,10.6532
0250401074100030c043a000a00000c7,2,1,30,164,141,677,531,1.0027,10648,10.6193
0250401074100030c043a000a00000c7,2,1,31,164,141,677,531,1.0027,10663,10.6343
0250401074100030c043a000a00000c7,2,1,32,164,141,677,531,1.0027,10077,10.0499
0250401074100030c043a000a00000c7,2,1,33,164,141,677,531,1.0027,10722,10.6931
0250401074100030c043a000a00000c7,2,1,34,164,141,677,531,1.0027,10677,10.6482
0250401074100030c043a000a00000c7,2,1,35,164,141,677,531,1.0027,10659,10.6303
0250401074100030c043a000a00000c7,2,1,36,164,141,677,531,1.0027,10559,10.5306
0250401074100030c043a000a00000c7,2,1,37,164,141,677,531,1.0027,10493,10.4647
0250401074100030c043a000a00000c7,2,1,38,164,141,677,531,1.0027,10671,10.6423
0250401074100030c043a000a00000c7,2,1,39,164,141,677,531,1.0027,10648,10.6193
0250401074100030c043a000a00000c7,2,1,40,164,141,677,531,1.0027,10653,10.6243
0250401074100030c043a000a00000c7,2,1,41,164,141,677,531,1.0027,10665,10.6363
0250401074100030c043a000a00000c7,2,1,42,164,141,677,531,1.0027,10443,10.4149
0250401074100030c043a000a00000c7,2,1,43,164,141,677,531,1.0027,10250,10.2224
0250401074100030c043a000a00000c7,2,1,44,164,141,677,531,1.0027,9687,9.66091
0250401074100030c043a000a00000c7,2,1,45,164,141,677,531,1.0027,10114,10.0868
0250401074100030c043a000a00000c7,2,1,46,164,141,677,531,1.0027,10658,10.6293
0250401074100030c043a000a00000c7,2,1,47,164,141,677,531,1.0027,10589,10.5605
0250401074100030c043a000a00000c7,2,1,48,164,141,677,531,1.0027,10307,10.2792
0250401074100030c043a000a00000c7,2,1,49,164,141,677,531,1.0027,10616,10.5874
0250401074100030c043a000a00000c7,2,1,50,164,141,677,531,1.0027,7916,7.89468
0250401074100030c043a000a00000c7,2,1,51,164,141,677,531,1.0027,10350,10.3221
0250401074100030c043a000a00000c7,2,1,52,164,141,677,531,1.0027,889,0.886605
0250401074100030c043a000a00000c7,2,1,53,164,141,677,531,1.0027,115,0.11469
0250401074100030c043a000a00000c7,2,1,54,164,141,677,531,1.0027,685,0.683155
0250401074100030c043a000a00000c7,2,1,55,164,141,677,531,1.0027,62,0.061833
0250401074100030c043a000a00000c7,2,1,56,164,141,677,531,1.0027,377,0.375985
0250401074100030c043a000a00000c7,2,1,57,164,141,677,531,1.0027,409,0.407898
0250401074100030c043a000a00000c7,2,1,58,164,141,677,531,1.0027,245,0.24434
0250401074100030c043a000a00000c7,2,1,59,164,141,677,531,1.0027,178,0.177521
0250401074100030c043a000a00000c7,2,1,60,164,141,677,531,1.0027,84,0.0837737
0250401074100030c043a000a00000c7,2,1,61,164,141,677,531,1.0027,110,0.109704
0250401074100030c043a000a00000c7,2,1,62,164,141,677,531,1.0027,77,0.0767926
0250401074100030c043a000a00000c7,2,1,63,164,141,677,531,1.0027,0,0
0250401074100030c043a000a00000c7,2,1,0,164,141,678,532,1.00123,83,0.0828983
0250401074100030c043a000a00000c7,2,1,1,164,141,678,532,1.00123,158,0.157806
0250401074100030c043a000a00000c7,2,1,2,164,141,678,532,1.00123,88,0.0878922
0250401074100030c043a000a00000c7,2,1,3,164,141,678,532,1.00123,3248,3.24402
0250401074100030c043a000a00000c7,2,1,4,164,141,678,532,1.00123,159,0.158805
0250401074100030c043a000a00000c7,2,1,5,164,141,678,532,1.00123,231,0.230717
0250401074100030c043a000a00000c7,2,1,6,164,141,678,532,1.00123,6603,6.59491
0250401074100030c043a000a00000c7,2,1,7,164,141,678,532,1.00123,103,0.102874
0250401074100030c043a000a00000c7,2,1,8,164,141,678,532,1.00123,5318,5.31149
0250401074100030c043a000a00000c7,2,1,9,164,141,678,532,1.00123,826,0.824988
0250401074100030c043a000a00000c7,2,1,10,164,141,678,532,1.00123,620,0.619241
0250401074100030c043a000a00000c7,2,1,11,164,141,678,532,1.00123,9858,9.84593
0250401074100030c043a000a00000c7,2,1,12,164,141,678,532,1.00123,4256,4.25079
0250401074100030c043a000a00000c7,2,1,13,164,141,678,532,1.00123,10702,10.6889
0250401074100030c043a000a00000c7,2,1,14,164,141,678,532,1.00123,10636,10.623
0250401074100030c043a000a00000c7,2,1,15,164,141,678,532,1.00123,7357,7.34799
0250401074100030c043a000a00000c7,2,1,16,164,141,678,532,1.00123,10487,10.4742
0250401074100030c043a000a00000c7,2,1,17,164,141,678,532,1.00123,10154,10.1416
0250401074100030c043a000a00000c7,2,1,18,164,141,678,532,1.00123,10624,10.611
0250401074100030c043a000a00000c7,2,1,19,164,141,678,532,1.00123,10616,10.603
0250401074100030c043a000a00000c7,2,1,20,164,141,678,532,1.00123,10398,10.3853
0250401074100030c043a000a00000c7,2,1,21,164,141,678,532,1.00123,10691,10.6779
0250401074100030c043a000a00000c7,2,1,22,164,141,678,532,1.00123,10678,10.6649
0250401074100030c043a000a00000c7,2,1,23,164,141,678,532,1.00123,10664,10.6509
0250401074100030c043a000a00000c7,2,1,24,164,141,678,532,1.00123,10657,10.6439
0250401074100030c043a000a00000c7,2,1,25,164,141,678,532,1.00123,10687,10.6739
0250401074100030c043a000a00000c7,2,1,26,164,141,678,532,1.00123,10693,10.6799
0250401074100030c043a000a00000c7,2,1,27,164,141,678,532,1.00123,10679,10.6659
0250401074100030c043a000a00000c7,2,1,28,164,141,678,532,1.00123,0,0
0250401074100030c043a000a00000c7,2,1,29,164,141,678,532,1.00123,10675,10.6619
0250401074100030c043a000a00000c7,2,1,30,164,141,678,532,1.00123,10614,10.601
0250401074100030c043a000a00000c7,2,1,31,164,141,678,532,1.00123,10649,10.636
0250401074100030c043a000a00000c7,2,1,32,164,141,678,532,1.00123,9735,9.72308
0250401074100030c043a000a00000c7,2,1,33,164,141,678,532,1.00123,10703,10.6899
0250401074100030c043a000a00000c7,2,1,34,164,141,678,532,1.00123,10665,10.6519
0250401074100030c043a000a00000c7,2,1,35,164,141,678,532,1.00123,10642,10.629
0250401074100030c043a000a00000c7,2,1,36,164,141,678,532,1.00123,10497,10.4841
0250401074100030c043a000a00000c7,2,1,37,164,141,678,532,1.00123,10401,10.3883
0250401074100030c043a000a00000c7,2,1,38,164,141,678,532,1.00123,10663,10.6499
0250401074100030c043a000a00000c7,2,1,39,164,141,678,532,1.00123,10632,10.619
0250401074100030c043a000a00000c7,2,1,40,164,141,678,532,1.00123,10621,10.608
0250401074100030c043a000a00000c7,2,1,41,164,141,678,532,1.00123,10655,10.642
0250401074100030c043a000a00000c7,2,1,42,164,141,678,532,1.00123,10347,10.3343
0250401074100030c043a000a00000c7,2,1,43,164,141,678,532,1.00123,9997,9.98476
0250401074100030c043a000a00000c7,2,1,44,164,141,678,532,1.00123,9132,9.12082
0250401074100030c043a000a00000c7,2,1,45,164,141,678,532,1.00123,9848,9.83594
0250401074100030c043a000a00000c7,2,1,46,164,141,678,532,1.00123,10637,10.624
0250401074100030c043a000a00000c7,2,1,47,164,141,678,532,1.00123,10555,10.5421
0250401074100030c043a000a00000c7,2,1,48,164,141,678,532,1.00123,10109,10.0966
0250401074100030c043a000a00000c7,2,1,49,164,141,678,532,1.00123,10587,10.574
0250401074100030c043a000a00000c7,2,1,50,164,141,678,532,1.00123,6745,6.73674
0250401074100030c043a000a00000c7,2,1,51,164,141,678,532,1.00123,10230,10.2175
0250401074100030c043a000a00000c7,2,1,52,164,141,678,532,1.00123,576,0.575295
0250401074100030c043a000a00000c7,2,1,53,164,141,678,532,1.00123,117,0.116857
0250401074100030c043a000a00000c7,2,1,54,164,141,678,532,1.00123,480,0.479412
0250401074100030c043a000a00000c7,2,1,55,164,141,678,532,1.00123,66,0.0659192
0250401074100030c043a000a00000c7,2,1,56,164,141,678,532,1.00123,290,0.289645
0250401074100030c043a000a00000c7,2,1,57,164,141,678,532,1.00123,300,0.299633
0250401074100030c043a000a00000c7,2,1,58,164,141,678,532,1.00123,215,0.214737
0250401074100030c043a000a00000c7,2,1,59,164,141,678,532,1.00123,150,0.149816
0250401074100030c043a000a00000c7,2,1,60,164,141,678,532,1.00123,85,0.0848959
0250401074100030c043a000a00000c7,2,1,61,164,141,678,532,1.00123,108,0.107868
0250401074100030c043a000a00000c7,2,1,62,164,141,678,532,1.00123,77,0.0769057
0250401074100030c043a000a00000c7,2,1,63,164,141,678,532,1.00123,0,0
0250401074100030c043a000a00000c7,2,1,0,164,141,679,533,1.0027,88,0.087763
0250401074100030c043a000a00000c7,2,1,1,164,141,679,533,1.0027,143,0.142615
0250401074100030c043a000a00000c7,2,1,2,164,141,679,533,1.0027,85,0.0847711
0250401074100030c043a000a00000c7,2,1,3,164,141,679,533,1.0027,1802,1.79715
0250401074100030c043a000a00000c7,2,1,4,164,141,679,533,1.0027,147,0.146604
0250401074100030c043a000a00000c7,2,1,5,164,141,679,533,1.0027,196,0.195472
0250401074100030c043a000a00000c7,2,1,6,164,141,679,533,1.0027,4466,4.45397
0250401074100030c043a000a00000c7,2,1,7,164,141,679,533,1.0027,103,0.102723
0250401074100030c043a000a00000c7,2,1,8,164,141,679,533,1.0027,3426,3.41677
0250401074100030c043a000a00000c7,2,1,9,164,141,679,533,1.0027,480,0.478707
0250401074100030c043a000a00000c7,2,1,10,164,141,679,533,1.0027,386,0.38496
0250401074100030c043a000a00000c7,2,1,11,164,141,679,533,1.0027,9067,9.04258
0250401074100030c043a000a00000c7,2,1,12,164,141,679,533,1.0027,2592,2.58502
0250401074100030c043a000a00000c7,2,1,13,164,141,679,533,1.0027,10647,10.6183
0250401074100030c043a000a00000c7,2,1,14,164,141,679,533,1.0027,10581,10.5525
0250401074100030c043a000a00000c7,2,1,15,164,141,679,533,1.0027,5421,5.4064
0250401074100030c043a000a00000c7,2,1,16,164,141,679,533,1.0027,10345,10.3171
0250401074100030c043a000a00000c7,2,1,17,164,141,679,533,1.0027,9574,9.54821
0250401074100030c043a000a00000c7,2,1,18,164,141,679,533,1.0027,10583,10.5545
0250401074100030c043a000a00000c7,2,1,19,164,141,679,533,1.0027,10557,10.5286
0250401074100030c043a000a00000c7,2,1,20,164,141,679,533,1.0027,10195,10.1675
0250401074100030c043a000a00000c7,2,1,21,164,141,679,533,1.0027,10640,10.6113
0250401074100030c043a000a00000c7,2,1,22,164,141,679,533,1.0027,10629,10.6004
0250401074100030c043a000a00000c7,2,1,23,164,141,679,533,1.0027,10612,10.5834
0250401074100030c043a000a00000c7,2,1,24,164,141,679,533,1.0027,10607,10.5784
0250401074100030c043a000a00000c7,2,1,25,164,141,679,533,1.0027,10632,10.6034
0250401074100030c043a000a00000c7,2,1,26,164,141,679,533,1.0027,10648,10.6193
0250401074100030c043a000a00000c7,2,1,27,164,141,679,533,1.0027,10623,10.5944
0250401074100030c043a000a00000c7,2,1,28,164,141,679,533,1.0027,0,0
0250401074100030c043a000a00000c7,2,1,29,164,141,679,533,1.0027,10615,10.5864
0250401074100030c043a000a00000c7,2,1,30,164,141,679,533,1.0027,10577,10.5485
0250401074100030c043a000a00000c7,2,1,31,164,141,679,533,1.0027,10598,10.5695
0250401074100030c043a000a00000c7,2,1,32,164,141,679,533,1.0027,8817,8.79325
0250401074100030c043a000a00000c7,2,1,33,164,141,679,533,1.0027,10658,10.6293
0250401074100030c043a000a00000c7,2,1,34,164,141,679,533,1.0027,10619,10.5904
0250401074100030c043a000a00000c7,2,1,35,164,141,679,533,1.0027,10586,10.5575
0250401074100030c043a000a00000c7,2,1,36,164,141,679,533,1.0027,10380,10.352
0250401074100030c043a000a00000c7,2,1,37,164,141,679,533,1.0027,10164,10.1366
0250401074100030c043a000a00000c7,2,1,38,164,141,679,533,1.0027,10615,10.5864
0250401074100030c043a000a00000c7,2,1,39,164,141,679,533,1.0027,10576,10.5475
0250401074100030c043a000a00000c7,2,1,40,164,141,679,533,1.0027,10584,10.5555
0250401074100030c043a000a00000c7,2,1,41,164,141,679,533,1.0027,10601,10.5724
0250401074100030c043a000a00000c7,2,1,42,164,141,679,533,1.0027,10060,10.0329
0250401074100030c043a000a00000c7,2,1,43,164,141,679,533,1.0027,9302,9.27694
0250401074100030c043a000a00000c7,2,1,44,164,141,679,533,1.0027,7810,7.78896
0250401074100030c043a000a00000c7,2,1,45,164,141,679,533,1.0027,8907,8.88301
0250401074100030c043a000a00000c7,2,1,46,164,141,679,533,1.0027,10586,10.5575
0250401074100030c043a000a00000c7,2,1,47,164,141,679,533,1.0027,10443,10.4149
0250401074100030c043a000a00000c7,2,1,48,164,141,679,533,1.0027,9564,9.53824
0250401074100030c043a000a00000c7,2,1,49,164,141,679,533,1.0027,10506,10.4777
0250401074100030c043a000a00000c7,2,1,50,164,141,679,533,1.0027,4656,4.64346
0250401074100030c043a000a00000c7,2,1,51,164,141,679,533,1.0027,9732,9.70579
0250401074100030c043a000a00000c7,2,1,52,164,141,679,533,1.0027,383,0.381968
0250401074100030c043a000a00000c7,2,1,53,164,141,679,533,1.0027,109,0.108706
0250401074100030c043a000a00000c7,2,1,54,164,141,679,533,1.0027,316,0.315149
0250401074100030c043a000a00000c7,2,1,55,164,141,679,533,1.0027,75,0.074798
0250401074100030c043a000a00000c7,2,1,56,164,141,679,533,1.0027,235,0.234367
0250401074100030c043a000a00000c7,2,1,57,164,141,679,533,1.0027,243,0.242345
0250401074100030c043a000a00000c7,2,1,58,164,141,679,533,1.0027,185,0.184502
0250401074100030c043a000a00000c7,2,1,59,164,141,679,533,1.0027,144,0.143612
0250401074100030c043a000a00000c7,2,1,60,164,141,679,533,1.0027,86,0.0857684
0250401074100030c043a000a00000c7,2,1,61,164,141,679,533,1.0027,101,0.100728
0250401074100030c043a000a00000c7,2,1,62,164,141,679,533,1.0027,81,0.0807818
0250401074100030c043a000a00000c7,2,1,63,164,141,679,533,1.0027,0,0
0250401074100030c043a000a00000c7,2,1,0,164,141,680,534,1.00418,79,0.0786715
0250401074100030c043a000a00000c7,2,1,1,164,141,680,534,1.00418,127,0.126472
0250401074100030c043a000a00000c7,2,1,2,164,141,680,534,1.00418,81,0.0806632
0250401074100030c043a000a00000c7,2,1,3,164,141,680,534,1.00418,1046,1.04165
0250401074100030c043a000a00000c7,2,1,4,164,141,680,534,1.00418,128,0.127468
0250401074100030c043a000a00000c7,2,1,5,164,141,680,534,1.00418,160,0.159335
0250401074100030c043a000a00000c7,2,1,6,164,141,680,534,1.00418,3120,3.10703
0250401074100030c043a000a00000c7,2,1,7,164,141,680,534,1.00418,90,0.0896258
0250401074100030c043a000a00000c7,2,1,8,164,141,680,534,1.00418,2331,2.32131
0250401074100030c043a000a00000c7,2,1,9,164,141,680,534,1.00418,355,0.353524
0250401074100030c043a000a00000c7,2,1,10,164,141,680,534,1.00418,307,0.305723
0250401074100030c043a000a00000c7,2,1,11,164,141,680,534,1.00418,8104,8.0703
0250401074100030c043a000a00000c7,2,1,12,164,141,680,534,1.00418,1578,1.57144
0250401074100030c043a000a00000c7,2,1,13,164,141,680,534,1.00418,10759,10.7143
0250401074100030c043a000a00000c7,2,1,14,164,141,680,534,1.00418,10677,10.6326
0250401074100030c043a000a00000c7,2,1,15,164,141,680,534,1.00418,3979,3.96246
0250401074100030c043a000a00000c7,2,1,16,164,141,680,534,1.00418,10318,10.2751
0250401074100030c043a000a00000c7,2,1,17,164,141,680,534,1.00418,9021,8.98349
0250401074100030c043a000a00000c7,2,1,18,164,141,680,534,1.00418,10681,10.6366
0250401074100030c043a000a00000c7,2,1,19,164,141,680,534,1.00418,10627,10.5828
0250401074100030c043a000a00000c7,2,1,20,164,141,680,534,1.00418,9948,9.90664
0250401074100030c043a000a00000c7,2,1,21,164,141,680,534,1.00418,10757,10.7123
0250401074100030c043a000a00000c7,2,1,22,164,141,680,534,1.00418,10728,10.6834
0250401074100030c043a000a00000c7,2,1,23,164,141,680,534,1.00418,10703,10.6585
0250401074100030c043a000a00000c7,2,1,24,164,141,680,534,1.00418,10711,10.6665
0250401074100030c043a000a00000c7,2,1,25,164,141,680,534,1.00418,10742,10.6973
0250401074100030c043a000a00000c7,2,1,26,164,141,680,534,1.00418,10761,10.7163
0250401074100030c043a000a00000c7,2,1,27,164,141,680,534,1.00418,10731,10.6864
0250401074100030c043a000a00000c7,2,1,28,164,141,680,534,1.00418,0,0
0250401074100030c043a000a00000c7,2,1,29,164,141,680,534,1.00418,10725,10.6804
0250401074100030c043a000a00000c7,2,1,30,164,141,680,534,1.00418,10679,10.6346
0250401074100030c043a000a00000c7,2,1,31,164,141,680,534,1.00418,10704,10.6595
0250401074100030c043a000a00000c7,2,1,32,164,141,680,534,1.00418,7841,7.8084
0250401074100030c043a000a00000c7,2,1,33,164,141,680,534,1.00418,10774,10.7292
0250401074100030c043a000a00000c7,2,1,34,164,141,680,534,1.00418,10723,10.6784
0250401074100030c043a000a00000c7,2,1,35,164,141,680,534,1.00418,10680,10.6356
0250401074100030c043a000a00000c7,2,1,36,164,141,680,534,1.00418,10354,10.3109
0250401074100030c043a000a00000c7,2,1,37,164,141,680,534,1.00418,9958,9.91659
0250401074100030c043a000a00000c7,2,1,38,164,141,680,534,1.00418,10721,10.6764
0250401074100030c043a000a00000c7,2,1,39,164,141,680,534,1.00418,10658,10.6137
0250401074100030c043a000a00000c7,2,1,40,164,141,680,534,1.00418,10672,10.6276
0250401074100030c043a000a00000c7,2,1,41,164,141,680,534,1.00418,10692,10.6475
0250401074100030c043a000a00000c7,2,1,42,164,141,680,534,1.00418,9740,9.6995
0250401074100030c043a000a00000c7,2,1,43,164,141,680,534,1.00418,8547,8.51146
0250401074100030c043a000a00000c7,2,1,44,164,141,680,534,1.00418,6469,6.4421
0250401074100030c043a000a00000c7,2,1,45,164,141,680,534,1.00418,7820,7.78748
0250401074100030c043a000a00000c7,2,1,46,164,141,680,534,1.00418,10673,10.6286
0250401074100030c043a000a00000c7,2,1,47,164,141,680,534,1.00418,10456,10.4125
0250401074100030c043a000a00000c7,2,1,48,164,141,680,534,1.00418,8774,8.73752
0250401074100030c043a000a00000c7,2,1,49,164,141,680,534,1.00418,10562,10.5181
0250401074100030c043a000a00000c7,2,1,50,164,141,680,534,1.00418,3271,3.2574
0250401074100030c043a000a00000c7,2,1,51,164,141,680,534,1.00418,9142,9.10399
0250401074100030c043a000a00000c7,2,1,52,164,141,680,534,1.00418,297,0.295765
0250401074100030c043a000a00000c7,2,1,53,164,141,680,534,1.00418,93,0.0926133
0250401074100030c043a000a00000c7,2,1,54,164,141,680,534,1.00418,250,0.248961
0250401074100030c043a000a00000c7,2,1,55,164,141,680,534,1.00418,68,0.0677173
0250401074100030c043a000a00000c7,2,1,56,164,141,680,534,1.00418,189,0.188214
0250401074100030c043a000a00000c7,2,1,57,164,141,680,534,1.00418,192,0.191202
0250401074100030c043a000a00000c7,2,1,58,164,141,680,534,1.00418,146,0.145393
0250401074100030c043a000a00000c7,2,1,59,164,141,680,534,1.00418,130,0.129459
0250401074100030c043a000a00000c7,2,1,60,164,141,680,534,1.00418,79,0.0786715
0250401074100030c043a000a00000c7,2,1,61,164,141,680,534,1.00418,95,0.094605
0250401074100030c043a000a00000c7,2,1,62,164,141,680,534,1.00418,72,0.0717006
0250401074100030c043a000a00000c7,2,1,63,164,141,680,534,1.00418,0,0
0250401074100030c043a000a00000c7,2,1,0,164,141,681,534,1.0027,80,0.0797845
0250401074100030c043a000a00000c7,2,1,1,164,141,681,534,1.0027,108,0.107709
0250401074100030c043a000a00000c7,2,1,2,164,141,681,534,1.0027,82,0.0817791
0250401074100030c043a000a00000c7,2,1,3,164,141,681,534,1.0027,599,0.597387
0250401074100030c043a000a00000c7,2,1,4,164,141,681,534,1.0027,110,0.109704
0250401074100030c043a000a00000c7,2,1,5,164,141,681,534,1.0027,140,0.139623
0250401074100030c043a000a00000c7,2,1,6,164,141,681,534,1.0027,1767,1.76224
0250401074100030c043a000a00000c7,2,1,7,164,141,681,534,1.0027,89,0.0887603
0250401074100030c043a000a00000c7,2,1,8,164,141,681,534,1.0027,1290,1.28653
0250401074100030c043a000a00000c7,2,1,9,164,141,681,534,1.0027,243,0.242345
0250401074100030c043a000a00000c7,2,1,10,164,141,681,534,1.0027,226,0.225391
0250401074100030c043a000a00000c7,2,1,11,164,141,681,534,1.0027,6401,6.38376
0250401074100030c043a000a00000c7,2,1,12,164,141,681,534,1.0027,818,0.815797
0250401074100030c043a000a00000c7,2,1,13,164,141,681,534,1.0027,10613,10.5844
0250401074100030c043a000a00000c7,2,1,14,164,141,681,534,1.0027,10502,10.4737
0250401074100030c043a000a00000c7,2,1,15,164,141,681,534,1.0027,2308,2.30178
0250401074100030c043a000a00000c7,2,1,16,164,141,681,534,1.0027,9835,9.80851
0250401074100030c043a000a00000c7,2,1,17,164,141,681,534,1.0027,7642,7.62142
0250401074100030c043a000a00000c7,2,1,18,164,141,681,534,1.0027,10500,10.4717
0250401074100030c043a000a00000c7,2,1,19,164,141,681,534,1.0027,10416,10.3879
0250401074100030c043a000a00000c7,2,1,20,164,141,681,534,1.0027,9157,9.13234
0250401074100030c043a000a00000c7,2,1,21,164,141,681,534,1.0027,10597,10.5685
0250401074100030c043a000a00000c7,2,1,22,164,141,681,534,1.0027,10576,10.5475
0250401074100030c043a000a00000c7,2,1,23,164,141,681,534,1.0027,10535,10.5066
0250401074100030c043a000a00000c7,2,1,24,164,141,681,534,1.0027,10550,10.5216
0250401074100030c043a000a00000c7,2,1,25,164,141,681,534,1.0027,10591,10.5625
0250401074100030c043a000a00000c7,2,1,26,164,141,681,534,1.0027,10604,10.5754
0250401074100030c043a000a00000c7,2,1,27,164,141,681,534,1.0027,10582,10.5535
0250401074100030c043a000a00000c7,2,1,28,164,141,681,534,1.0027,0,0
0250401074100030c043a000a00000c7,2,1,29,164,141,681,534,1.0027,10572,10.5435
0250401074100030c043a000a00000c7,2,1,30,164,141,681,534,1.0027,10491,10.4627
0250401074100030c043a000a00000c7,2,1,31,164,141,681,534,1.0027,10541,10.5126
0250401074100030c043a000a00000c7,2,1,32,164,141,681,534,1.0027,5961,5.94494
0250401074100030c043a000a00000c7,2,1,33,164,141,681,534,1.0027,10620,10.5914
0250401074100030c043a000a00000c7,2,1,34,164,141,681,534,1.0027,10566,10.5375
0250401074100030c043a000a00000c7,2,1,35,164,141,681,534,1.0027,10499,10.4707
0250401074100030c043a000a00000c7,2,1,36,164,141,681,534,1.0027,9963,9.93616
0250401074100030c043a000a00000c7,2,1,37,164,141,681,534,1.0027,9153,9.12835
0250401074100030c043a000a00000c7,2,1,38,164,141,681,534,1.0027,10565,10.5365
0250401074100030c043a000a00000c7,2,1,39,164,141,681,534,1.0027,10471,10.4428
0250401074100030c043a000a00000c7,2,1,40,164,141,681,534,1.0027,10494,10.4657
0250401074100030c043a000a00000c7,2,1,41,164,141,681,534,1.0027,10517,10.4887
0250401074100030c043a000a00000c7,2,1,42,164,141,681,534,1.0027,8808,8.78428
0250401074100030c043a000a00000c7,2,1,43,164,141,681,534,1.0027,6926,6.90734
0250401074100030c043a000a00000c7,2,1,44,164,141,681,534,1.0027,4404,4.39214
0250401074100030c043a000a00000c7,2,1,45,164,141,681,534,1.0027,6015,5.9988
0250401074100030c043a000a00000c7,2,1,46,164,141,681,534,1.0027,10484,10.4558
0250401074100030c043a000a00000c7,2,1,47,164,141,681,534,1.0027,10122,10.0947
0250401074100030c043a000a00000c7,2,1,48,164,141,681,534,1.0027,7338,7.31823
0250401074100030c043a000a00000c7,2,1,49,164,141,681,534,1.0027,10285,10.2573
0250401074100030c043a000a00000c7,2,1,50,164,141,681,534,1.0027,1821,1.8161
0250401074100030c043a000a00000c7,2,1,51,164,141,681,534,1.0027,7768,7.74708
0250401074100030c043a000a00000c7,2,1,52,164,141,681,534,1.0027,225,0.224394
0250401074100030c043a000a00000c7,2,1,53,164,141,681,534,1.0027,83,0.0827764
0250401074100030c043a000a00000c7,2,1,54,164,141,681,534,1.0027,188,0.187494
0250401074100030c043a000a00000c7,2,1,55,164,141,681,534,1.0027,66,0.0658222
0250401074100030c043a000a00000c7,2,1,56,164,141,681,534,1.0027,159,0.158572
0250401074100030c043a000a00000c7,2,1,57,164,141,681,534,1.0027,167,0.16655
0250401074100030c043a000a00000c7,2,1,58,164,141,681,534,1.0027,119,0.118679
0250401074100030c043a000a00000c7,2,1,59,164,141,681,534,1.0027,115,0.11469
0250401074100030c043a000a00000c7,2,1,60,164,141,681,534,1.0027,77,0.0767926
0250401074100030c043a000a00000c7,2,1,61,164,141,681,534,1.0027,77,0.0767926
0250401074100030c043a000a00000c7,2,1,62,164,141,681,534,1.0027,72,0.0718061
0250401074100030c043a000a00000c7,2,1,63,164,141,681,534,1.0027,0,0
0250401074100030c043a000a00000c7,2,1,0,164,141,682,535,1.0027,82,0.0817791
0250401074100030c043a000a00000c7,2,1,1,164,141,682,535,1.0027,92,0.0917522
0250401074100030c043a000a00000c7,2,1,2,164,141,682,535,1.0027,78,0.0777899
0250401074100030c043a000a00000c7,2,1,3,164,141,682,535,1.0027,385,0.383963
0250401074100030c043a000a00000c7,2,1,4,164,141,682,535,1.0027,99,0.0987333
0250401074100030c043a000a00000c7,2,1,5,164,141,682,535,1.0027,114,0.113693
0250401074100030c043a000a00000c7,2,1,6,164,141,682,535,1.0027,1000,0.997306
0250401074100030c043a000a00000c7,2,1,7,164,141,682,535,1.0027,85,0.0847711
0250401074100030c043a000a00000c7,2,1,8,164,141,682,535,1.0027,724,0.72205
0250401074100030c043a000a00000c7,2,1,9,164,141,682,535,1.0027,198,0.197467
0250401074100030c043a000a00000c7,2,1,10,164,141,682,535,1.0027,181,0.180512
0250401074100030c043a000a00000c7,2,1,11,164,141,682,535,1.0027,4735,4.72225
0250401074100030c043a000a00000c7,2,1,12,164,141,682,535,1.0027,515,0.513613
0250401074100030c043a000a00000c7,2,1,13,164,141,682,535,1.0027,10631,10.6024
0250401074100030c043a000a00000c7,2,1,14,164,141,682,535,1.0027,10497,10.4687
0250401074100030c043a000a00000c7,2,1,15,164,141,682,535,1.0027,1356,1.35235
0250401074100030c043a000a00000c7,2,1,16,164,141,682,535,1.0027,9386,9.36072
0250401074100030c043a000a00000c7,2,1,17,164,141,682,535,1.0027,6104,6.08756
0250401074100030c043a000a00000c7,2,1,18,164,141,682,535,1.0027,10504,10.4757
0250401074100030c043a000a00000c7,2,1,19,164,141,682,535,1.0027,10375,10.3471
0250401074100030c043a000a00000c7,2,1,20,164,141,682,535,1.0027,8282,8.25969
0250401074100030c043a000a00000c7,2,1,21,164,141,682,535,1.0027,10618,10.5894
0250401074100030c043a000a00000c7,2,1,22,164,141,682,535,1.0027,10604,10.5754
0250401074100030c043a000a00000c7,2,1,23,164,141,682,535,1.0027,10545,10.5166
0250401074100030c043a000a00000c7,2,1,24,164,141,682,535,1.0027,10562,10.5336
0250401074100030c043a000a00000c7,2,1,25,164,141,682,535,1.0027,10602,10.5734
0250401074100030c043a000a00000c7,2,1,26,164,141,682,535,1.0027,10633,10.6044
0250401074100030c043a000a00000c7,2,1,27,164,141,682,535,1.0027,10594,10.5655
0250401074100030c043a000a00000c7,2,1,28,164,141,682,535,1.0027,0,0
0250401074100030c043a000a00000c7,2,1,29,164,141,682,535,1.0027,10578,10.5495
0250401074100030c043a000a00000c7,2,1,30,164,141,682,535,1.0027,10478,10.4498
0250401074100030c043a000a00000c7,2,1,31,164,141,682,535,1.0027,10544,10.5156
0250401074100030c043a000a00000c7,2,1,32,164,141,682,535,1.0027,4339,4.32731
0250401074100030c043a000a00000c7,2,1,33,164,141,682,535,1.0027,10645,10.6163
0250401074100030c043a000a00000c7,2,1,34,164,141,682,535,1.0027,10587,10.5585
0250401074100030c043a000a00000c7,2,1,35,164,141,682,535,1.0027,10502,10.4737
0250401074100030c043a000a00000c7,2,1,36,164,141,682,535,1.0027,9515,9.48937
0250401074100030c043a000a00000c7,2,1,37,164,141,682,535,1.0027,8321,8.29859
0250401074100030c043a000a00000c7,2,1,38,164,141,682,535,1.0027,10582,10.5535
0250401074100030c043a000a00000c7,2,1,39,164,141,682,535,1.0027,10463,10.4348
0250401074100030c043a000a00000c7,2,1,40,164,141,682,535,1.0027,10502,10.4737
0250401074100030c043a000a00000c7,2,1,41,164,141,682,535,1.0027,10507,10.4787
0250401074100030c043a000a00000c7,2,1,42,164,141,682,535,1.0027,7503,7.48279
0250401074100030c043a000a00000c7,2,1,43,164,141,682,535,1.0027,5276,5.26179
0250401074100030c043a000a00000c7,2,1,44,164,141,682,535,1.0027,2929,2.92111
0250401074100030c043a000a00000c7,2,1,45,164,141,682,535,1.0027,4285,4.27346
0250401074100030c043a000a00000c7,2,1,46,164,141,682,535,1.0027,10461,10.4328
0250401074100030c043a000a00000c7,2,1,47,164,141,682,535,1.0027,9802,9.7756
0250401074100030c043a000a00000c7,2,1,48,164,141,682,535,1.0027,5741,5.72554
0250401074100030c043a000a00000c7,2,1,49,164,141,682,535,1.0027,10175,10.1476
0250401074100030c043a000a00000c7,2,1,50,164,141,682,535,1.0027,1004,1.0013
0250401074100030c043a000a00000c7,2,1,51,164,141,682,535,1.0027,6331,6.31395
0250401074100030c043a000a00000c7,2,1,52,164,141,682,535,1.0027,183,0.182507
0250401074100030c043a000a00000c7,2,1,53,164,141,682,535,1.0027,82,0.0817791
0250401074100030c043a000a00000c7,2,1,54,164,141,682,535,1.0027,173,0.172534
0250401074100030c043a000a00000c7,2,1,55,164,141,682,535,1.0027,66,0.0658222
0250401074100030c043a000a00000c7,2,1,56,164,141,682,535,1.0027,136,0.135634
0250401074100030c043a000a00000c7,2,1,57,164,141,682,535,1.0027,142,0.141618
0250401074100030c043a000a00000c7,2,1,58,164,141,682,535,1.0027,106,0.105714
0250401074100030c043a000a00000c7,2,1,59,164,141,682,535,1.0027,99,0.0987333
0250401074100030c043a000a00000c7,2,1,60,164,141,682,535,1.0027,77,0.0767926
0250401074100030c043a000a00000c7,2,1,61,164,141,682,535,1.0027,78,0.0777899
0250401074100030c043a000a00000c7,2,1,62,164,141,682,535,1.0027,71,0.0708088
0250401074100030c043a000a00000c7,2,1,63,164,141,682,535,1.0027,0,0
0250401074100030c043a000a00000c7,2,1,0,164,141,683,536,1.00418,75,0.0746882
0250401074100030c043a000a00000c7,2,1,1,164,141,683,536,1.00418,82,0.081659
0250401074100030c043a000a00000c7,2,1,2,164,141,683,536,1.00418,73,0.0726965
0250401074100030c043a000a00000c7,2,1,3,164,141,683,536,1.00418,267,0.26589
0250401074100030c043a000a00000c7,2,1,4,164,141,683,536,1.00418,93,0.0926133
0250401074100030c043a000a00000c7,2,1,5,164,141,683,536,1.00418,103,0.102572
0250401074100030c043a000a00000c7,2,1,6,164,141,683,536,1.00418,622,0.619414
0250401074100030c043a000a00000c7,2,1,7,164,141,683,536,1.00418,76,0.075684
0250401074100030c043a000a00000c7,2,1,8,164,141,683,536,1.00418,442,0.440162
0250401074100030c043a000a00000c7,2,1,9,164,141,683,536,1.00418,157,0.156347
0250401074100030c043a000a00000c7,2,1,10,164,141,683,536,1.00418,147,0.146389
0250401074100030c043a000a00000c7,2,1,11,164,141,683,536,1.00418,3221,3.20761
0250401074100030c043a000a00000c7,2,1,12,164,141,683,536,1.00418,339,0.33759
0250401074100030c043a000a00000c7,2,1,13,164,141,683,536,1.00418,10683,10.6386
0250401074100030c043a000a00000c7,2,1,14,164,141,683,536,1.00418,10488,10.4444
0250401074100030c043a000a00000c7,2,1,15,164,141,683,536,1.00418,771,0.767794
0250401074100030c043a000a00000c7,2,1,16,164,141,683,536,1.00418,8565,8.52939
0250401074100030c043a000a00000c7,2,1,17,164,141,683,536,1.00418,4462,4.44345
0250401074100030c043a000a00000c7,2,1,18,164,141,683,536,1.00418,10530,10.4862
0250401074100030c043a000a00000c7,2,1,19,164,141,683,536,1.00418,10298,10.2552
0250401074100030c043a000a00000c7,2,1,20,164,141,683,536,1.00418,6861,6.83247
0250401074100030c043a000a00000c7,2,1,21,164,141,683,536,1.00418,10675,10.6306
0250401074100030c043a000a00000c7,2,1,22,164,141,683,536,1.00418,10644,10.5997
0250401074100030c043a000a00000c7,2,1,23,164,141,683,536,1.00418,10580,10.536
0250401074100030c043a000a00000c7,2,1,24,164,141,683,536,1.00418,10596,10.5519
0250401074100030c043a000a00000c7,2,1,25,164,141,683,536,1.00418,10663,10.6187
0250401074100030c043a000a00000c7,2,1,26,164,141,683,536,1.00418,10684,10.6396
0250401074100030c043a000a00000c7,2,1,27,164,141,683,536,1.00418,10643,10.5987
0250401074100030c043a000a00000c7,2,1,28,164,141,683,536,1.00418,0,0
0250401074100030c043a000a00000c7,2,1,29,164,141,683,536,1.00418,10620,10.5758
0250401074100030c043a000a00000c7,2,1,30,164,141,683,536,1.00418,10487,10.4434
0250401074100030c043a000a00000c7,2,1,31,164,141,683,536,1.00418,10582,10.538
0250401074100030c043a000a00000c7,2,1,32,164,141,683,536,1.00418,2725,2.71367
0250401074100030c043a000a00000c7,2,1,33,164,141,683,536,1.00418,10701,10.6565
0250401074100030c043a000a00000c7,2,1,34,164,141,683,536,1.00418,10636,10.5918
0250401074100030c043a000a00000c7,2,1,35,164,141,683,536,1.00418,10529,10.4852
0250401074100030c043a000a00000c7,2,1,36,164,141,683,536,1.00418,8823,8.78631
0250401074100030c043a000a00000c7,2,1,37,164,141,683,536,1.00418,6914,6.88525
0250401074100030c043a000a00000c7,2,1,38,164,141,683,536,1.00418,10628,10.5838
0250401074100030c043a000a00000c7,2,1,39,164,141,683,536,1.00418,10447,10.4036
0250401074100030c043a000a00000c7,2,1,40,164,141,683,536,1.00418,10496,10.4524
0250401074100030c043a000a00000c7,2,1,41,164,141,683,536,1.00418,10537,10.4932
0250401074100030c043a000a00000c7,2,1,42,164,141,683,536,1.00418,5992,5.96709
0250401074100030c043a000a00000c7,2,1,43,164,141,683,536,1.00418,3513,3.49839
0250401074100030c043a000a00000c7,2,1,44,164,141,683,536,1.00418,1727,1.71982
0250401074100030c043a000a00000c7,2,1,45,164,141,683,536,1.00418,2763,2.75151
0250401074100030c043a000a00000c7,2,1,46,164,141,683,536,1.00418,10443,10.3996
0250401074100030c043a000a00000c7,2,1,47,164,141,683,536,1.00418,9201,9.16274
0250401074100030c043a000a00000c7,2,1,48,164,141,683,536,1.00418,3880,3.86387
0250401074100030c043a000a00000c7,2,1,49,164,141,683,536,1.00418,9898,9.85684
0250401074100030c043a000a00000c7,2,1,50,164,141,683,536,1.00418,583,0.580576
0250401074100030c043a000a00000c7,2,1,51,164,141,683,536,1.00418,4657,4.63764
0250401074100030c043a000a00000c7,2,1,52,164,141,683,536,1.00418,146,0.145393
0250401074100030c043a000a00000c7,2,1,53,164,141,683,536,1.00418,76,0.075684
0250401074100030c043a000a00000c7,2,1,54,164,141,683,536,1.00418,134,0.133443
0250401074100030c043a000a00000c7,2,1,55,164,141,683,536,1.00418,59,0.0587547
0250401074100030c043a000a00000c7,2,1,56,164,141,683,536,1.00418,115,0.114522
0250401074100030c043a000a00000c7,2,1,57,164,141,683,536,1.00418,122,0.121493
0250401074100030c043a000a00000c7,2,1,58,164,141,683,536,1.00418,101,0.10058
0250401074100030c043a000a00000c7,2,1,59,164,141,683,536,1.00418,90,0.0896258
0250401074100030c043a000a00000c7,2,1,60,164,141,683,536,1.00418,66,0.0657256
0250401074100030c043a000a00000c7,2,1,61,164,141,683,536,1.00418,69,0.0687131
0250401074100030c043a000a00000c7,2,1,62,164,141,683,536,1.00418,64,0.0637339
0250401074100030c043a000a00000c7,2,1,63,164,141,683,536,1.00418,0,0
0250401074100030c043a000a00000c7,2,1,0,164,141,684,537,1.00123,78,0.0779045
0250401074100030c043a000a00000c7,2,1,1,164,141,684,537,1.00123,79,0.0789032
0250401074100030c043a000a00000c7,2,1,2,164,141,684,537,1.00123,75,0.0749081
0250401074100030c043a000a00000c7,2,1,3,164,141,684,537,1.00123,216,0.215735
0250401074100030c043a000a00000c7,2,1,4,164,141,684,537,1.00123,98,0.09788
0250401074100030c043a000a00000c7,2,1,5,164,141,684,537,1.00123,99,0.0988788
0250401074100030c043a000a00000c7,2,1,6,164,141,684,537,1.00123,385,0.384528
0250401074100030c043a000a00000c7,2,1,7,164,141,684,537,1.00123,81,0.0809008
0250401074100030c043a000a00000c7,2,1,8,164,141,684,537,1.00123,315,0.314614
0250401074100030c043a000a00000c7,2,1,9,164,141,684,537,1.00123,136,0.135833
0250401074100030c043a000a00000c7,2,1,10,164,141,684,537,1.00123,156,0.155809
0250401074100030c043a000a00000c7,2,1,11,164,141,684,537,1.00123,1703,1.70091
0250401074100030c043a000a00000c7,2,1,12,164,141,684,537,1.00123,276,0.275662
0250401074100030c043a000a00000c7,2,1,13,164,141,684,537,1.00123,10538,10.5251
0250401074100030c043a000a00000c7,2,1,14,164,141,684,537,1.00123,10212,10.1995
0250401074100030c043a000a00000c7,2,1,15,164,141,684,537,1.00123,465,0.46443
0250401074100030c043a000a00000c7,2,1,16,164,141,684,537,1.00123,6933,6.92451
0250401074100030c043a000a00000c7,2,1,17,164,141,684,537,1.00123,2640,2.63677
0250401074100030c043a000a00000c7,2,1,18,164,141,684,537,1.00123,10280,10.2674
0250401074100030c043a000a00000c7,2,1,19,164,141,684,537,1.00123,9785,9.77302
0250401074100030c043a000a00000c7,2,1,20,164,141,684,537,1.00123,4737,4.7312
0250401074100030c043a000a00000c7,2,1,21,164,141,684,537,1.00123,10522,10.5091
0250401074100030c043a000a00000c7,2,1,22,164,141,684,537,1.00123,10477,10.4642
0250401074100030c043a000a00000c7,2,1,23,164,141,684,537,1.00123,10352,10.3393
0250401074100030c043a000a00000c7,2,1,24,164,141,684,537,1.00123,10400,10.3873
0250401074100030c043a000a00000c7,2,1,25,164,141,684,537,1.00123,10497,10.4841
0250401074100030c043a000a00000c7,2,1,26,164,141,684,537,1.00123,10544,10.5311
0250401074100030c043a000a00000c7,2,1,27,164,141,684,537,1.00123,10483,10.4702
0250401074100030c043a000a00000c7,2,1,28,164,141,684,537,1.00123,0,0
0250401074100030c043a000a00000c7,2,1,29,164,141,684,537,1.00123,10430,10.4172
0250401074100030c043a000a00000c7,2,1,30,164,141,684,537,1.00123,10202,10.1895
0250401074100030c043a000a00000c7,2,1,31,164,141,684,537,1.00123,10341,10.3283
0250401074100030c043a000a00000c7,2,1,32,164,141,684,537,1.00123,1498,1.49617
0250401074100030c043a000a00000c7,2,1,33,164,141,684,537,1.00123,10558,10.5451
0250401074100030c043a000a00000c7,2,1,34,164,141,684,537,1.00123,10458,10.4452
0250401074100030c043a000a00000c7,2,1,35,164,141,684,537,1.00123,10266,10.2534
0250401074100030c043a000a00000c7,2,1,36,164,141,684,537,1.00123,7264,7.2551
0250401074100030c043a000a00000c7,2,1,37,164,141,684,537,1.00123,4822,4.81609
0250401074100030c043a000a00000c7,2,1,38,164,141,684,537,1.00123,10450,10.4372
0250401074100030c043a000a00000c7,2,1,39,164,141,684,537,1.00123,10102,10.0896
0250401074100030c043a000a00000c7,2,1,40,164,141,684,537,1.00123,10224,10.2115
0250401074100030c043a000a00000c7,2,1,41,164,141,684,537,1.00123,10273,10.2604
0250401074100030c043a000a00000c7,2,1,42,164,141,684,537,1.00123,3966,3.96114
0250401074100030c043a000a00000c7,2,1,43,164,141,684,537,1.00123,1994,1.99156
0250401074100030c043a000a00000c7,2,1,44,164,141,684,537,1.00123,936,0.934854
0250401074100030c043a000a00000c7,2,1,45,164,141,684,537,1.00123,1427,1.42525
0250401074100030c043a000a00000c7,2,1,46,164,141,684,537,1.00123,10124,10.1116
0250401074100030c043a000a00000c7,2,1,47,164,141,684,537,1.00123,7805,7.79544
0250401074100030c043a000a00000c7,2,1,48,164,141,684,537,1.00123,2279,2.27621
0250401074100030c043a000a00000c7,2,1,49,164,141,684,537,1.00123,8987,8.97599
0250401074100030c043a000a00000c7,2,1,50,164,141,684,537,1.00123,372,0.371544
0250401074100030c043a000a00000c7,2,1,51,164,141,684,537,1.00123,2762,2.75862
0250401074100030c043a000a00000c7,2,1,52,164,141,684,537,1.00123,132,0.131838
0250401074100030c043a000a00000c7,2,1,53,164,141,684,537,1.00123,77,0.0769057
0250401074100030c043a000a00000c7,2,1,54,164,141,684,537,1.00123,125,0.124847
0250401074100030c043a000a00000c7,2,1,55,164,141,684,537,1.00123,68,0.0679167
0250401074100030c043a000a00000c7,2,1,56,164,141,684,537,1.00123,103,0.102874
0250401074100030c043a000a00000c7,2,1,57,164,141,684,537,1.00123,103,0.102874
0250401074100030c043a000a00000c7,2,1,58,164,141,684,537,1.00123,87,0.0868934
0250401074100030c043a000a00000c7,2,1,59,164,141,684,537,1.00123,86,0.0858947
0250401074100030c043a000a00000c7,2,1,60,164,141,684,537,1.00123,74,0.0739094
0250401074100030c043a000a00000c7,2,1,61,164,141,684,537,1.00123,75,0.0749081
0250401074100030c043a000a00000c7,2,1,62,164,141,684,537,1.00123,70,0.0699143
0250401074100030c043a000a00000c7,2,1,63,164,141,684,537,1.00123,1,0.000998775
0250401074100030c043a000a00000c7,2,1,0,164,141,685,537,1.00123,77,0.0769057
0250401074100030c043a000a00000c7,2,1,1,164,141,685,537,1.00123,76,0.0759069
0250401074100030c043a000a00000c7,2,1,2,164,141,685,537,1.00123,74,0.0739094
0250401074100030c043a000a00000c7,2,1,3,164,141,685,537,1.00123,178,0.177782
0250401074100030c043a000a00000c7,2,1,4,164,141,685,537,1.00123,89,0.088891
0250401074100030c043a000a00000c7,2,1,5,164,141,685,537,1.00123,92,0.0918873
0250401074100030c043a000a00000c7,2,1,6,164,141,685,537,1.00123,306,0.305625
0250401074100030c043a000a00000c7,2,1,7,164,141,685,537,1.00123,76,0.0759069
0250401074100030c043a000a00000c7,2,1,8,164,141,685,537,1.00123,265,0.264675
0250401074100030c043a000a00000c7,2,1,9,164,141,685,537,1.00123,123,0.122849
0250401074100030c043a000a00000c7,2,1,10,164,141,685,537,1.00123,129,0.128842
0250401074100030c043a000a00000c7,2,1,11,164,141,685,537,1.00123,1102,1.10065
0250401074100030c043a000a00000c7,2,1,12,164,141,685,537,1.00123,228,0.227721
0250401074100030c043a000a00000c7,2,1,13,164,141,685,537,1.00123,10493,10.4801
0250401074100030c043a000a00000c7,2,1,14,164,141,685,537,1.00123,10013,10.0007
0250401074100030c043a000a00000c7,2,1,15,164,141,685,537,1.00123,351,0.35057
0250401074100030c043a000a00000c7,2,1,16,164,141,685,537,1.00123,5526,5.51923
0250401074100030c043a000a00000c7,2,1,17,164,141,685,537,1.00123,1748,1.74586
0250401074100030c043a000a00000c7,2,1,18,164,141,685,537,1.00123,10125,10.1126
0250401074100030c043a000a00000c7,2,1,19,164,141,685,537,1.00123,9266,9.25465
0250401074100030c043a000a00000c7,2,1,20,164,141,685,537,1.00123,3247,3.24302
0250401074100030c043a000a00000c7,2,1,21,164,141,685,537,1.00123,10483,10.4702
0250401074100030c043a000a00000c7,2,1,22,164,141,685,537,1.00123,10433,10.4202
0250401074100030c043a000a00000c7,2,1,23,164,141,685,537,1.00123,10223,10.2105
0250401074100030c043a000a00000c7,2,1,24,164,141,685,537,1.00123,10326,10.3134
0250401074100030c043a000a00000c7,2,1,25,164,141,685,537,1.00123,10459,10.4462
0250401074100030c043a000a00000c7,2,1,26,164,141,685,537,1.00123,10511,10.4981
0250401074100030c043a000a00000c7,2,1,27,164,141,685,537,1.00123,10451,10.4382
0250401074100030c043a000a00000c7,2,1,28,164,141,685,537,1.00123,0,0
0250401074100030c043a000a00000c7,2,1,29,164,141,685,537,1.00123,10393,10.3803
0250401074100030c043a000a00000c7,2,1,30,164,141,685,537,1.00123,10038,10.0257
0250401074100030c043a000a00000c7,2,1,31,164,141,685,537,1.00123,10287,10.2744
0250401074100030c043a000a00000c7,2,1,32,164,141,685,537,1.00123,961,0.959823
0250401074100030c043a000a00000c7,2,1,33,164,141,685,537,1.00123,10525,10.5121
0250401074100030c043a000a00000c7,2,1,34,164,141,685,537,1.00123,10404,10.3913
0250401074100030c043a000a00000c7,2,1,35,164,141,685,537,1.00123,10116,10.1036
0250401074100030c043a000a00000c7,2,1,36,164,141,685,537,1.00123,5838,5.83085
0250401074100030c043a000a00000c7,2,1,37,164,141,685,537,1.00123,3456,3.45177
0250401074100030c043a000a00000c7,2,1,38,164,141,685,537,1.00123,10402,10.3893
0250401074100030c043a000a00000c7,2,1,39,164,141,685,537,1.00123,9844,9.83194
0250401074100030c043a000a00000c7,2,1,40,164,141,685,537,1.00123,10063,10.0507
0250401074100030c043a000a00000c7,2,1,41,164,141,685,537,1.00123,10173,10.1605
0250401074100030c043a000a00000c7,2,1,42,164,141,685,537,1.00123,2645,2.64176
0250401074100030c043a000a00000c7,2,1,43,164,141,685,537,1.00123,1322,1.32038
0250401074100030c043a000a00000c7,2,1,44,164,141,685,537,1.00123,609,0.608254
0250401074100030c043a000a00000c7,2,1,45,164,141,685,537,1.00123,936,0.934854
0250401074100030c043a000a00000c7,2,1,46,164,141,685,537,1.00123,9920,9.90785
0250401074100030c043a000a00000c7,2,1,47,164,141,685,537,1.00123,6488,6.48005
0250401074100030c043a000a00000c7,2,1,48,164,141,685,537,1.00123,1377,1.37531
0250401074100030c043a000a00000c7,2,1,49,164,141,685,537,1.00123,7890,7.88034
0250401074100030c043a000a00000c7,2,1,50,164,141,685,537,1.00123,288,0.287647
0250401074100030c043a000a00000c7,2,1,51,164,141,685,537,1.00123,1796,1.7938
0250401074100030c043a000a00000c7,2,1,52,164,141,685,537,1.00123,111,0.110864
0250401074100030c043a000a00000c7,2,1,53,164,141,685,537,1.00123,73,0.0729106
0250401074100030c043a000a00000c7,2,1,54,164,141,685,537,1.00123,106,0.10587
0250401074100030c043a000a00000c7,2,1,55,164,141,685,537,1.00123,65,0.0649204
0250401074100030c043a000a00000c7,2,1,56,164,141,685,537,1.00123,91,0.0908885
0250401074100030c043a000a00000c7,2,1,57,164,141,685,537,1.00123,96,0.0958824
0250401074100030c043a000a00000c7,2,1,58,164,141,685,537,1.00123,84,0.0838971
0250401074100030c043a000a00000c7,2,1,59,164,141,685,537,1.00123,82,0.0818996
0250401074100030c043a000a00000c7,2,1,60,164,141,685,537,1.00123,69,0.0689155
0250401074100030c043a000a00000c7,2,1,61,164,141,685,537,1.00123,69,0.0689155
0250401074100030c043a000a00000c7,2,1,62,164,141,685,537,1.00123,67,0.0669179
0250401074100030c043a000a00000c7,2,1,63,164,141,685,537,1.00123,0,0
0250401074100030c043a000a00000c7,2,1,0,164,141,686,538,1.00565,75,0.0745786
0250401074100030c043a000a00000c7,2,1,1,164,141,686,538,1.00565,73,0.0725899
0250401074100030c043a000a00000c7,2,1,2,164,141,686,538,1.00565,70,0.0696067
0250401074100030c043a000a00000c7,2,1,3,164,141,686,538,1.00565,149,0.148163
0250401074100030c043a000a00000c7,2,1,4,164,141,686,538,1.00565,89,0.0885
0250401074100030c043a000a00000c7,2,1,5,164,141,686,538,1.00565,90,0.0894944
0250401074100030c043a000a00000c7,2,1,6,164,141,686,538,1.00565,236,0.234674
0250401074100030c043a000a00000c7,2,1,7,164,141,686,538,1.00565,76,0.075573
0250401074100030c043a000a00000c7,2,1,8,164,141,686,538,1.00565,206,0.204843
0250401074100030c043a000a00000c7,2,1,9,164,141,686,538,1.00565,107,0.106399
0250401074100030c043a000a00000c7,2,1,10,164,141,686,538,1.00565,109,0.108388
0250401074100030c043a000a00000c7,2,1,11,164,141,686,538,1.00565,647,0.643365
0250401074100030c043a000a00000c7,2,1,12,164,141,686,538,1.00565,183,0.181972
0250401074100030c043a000a00000c7,2,1,13,164,141,686,538,1.00565,10581,10.5216
0250401074100030c043a000a00000c7,2,1,14,164,141,686,538,1.00565,9726,9.67136
0250401074100030c043a000a00000c7,2,1,15,164,141,686,538,1.00565,250,0.248595
0250401074100030c043a000a00000c7,2,1,16,164,141,686,538,1.00565,3814,3.79257
0250401074100030c043a000a00000c7,2,1,17,164,141,686,538,1.00565,970,0.96455
0250401074100030c043a000a00000c7,2,1,18,164,141,686,538,1.00565,9950,9.8941
0250401074100030c043a000a00000c7,2,1,19,164,141,686,538,1.00565,8363,8.31602
0250401074100030c043a000a00000c7,2,1,20,164,141,686,538,1.00565,1948,1.93706
0250401074100030c043a000a00000c7,2,1,21,164,141,686,538,1.00565,10562,10.5027
0250401074100030c043a000a00000c7,2,1,22,164,141,686,538,1.00565,10508,10.449
0250401074100030c043a000a00000c7,2,1,23,164,141,686,538,1.00565,10101,10.0443
0250401074100030c043a000a00000c7,2,1,24,164,141,686,538,1.00565,10295,10.2372
0250401074100030c043a000a00000c7,2,1,25,164,141,686,538,1.00565,10523,10.4639
0250401074100030c043a000a00000c7,2,1,26,164,141,686,538,1.00565,10605,10.5454
0250401074100030c043a000a00000c7,2,1,27,164,141,686,538,1.00565,10502,10.443
0250401074100030c043a000a00000c7,2,1,28,164,141,686,538,1.00565,0,0
0250401074100030c043a000a00000c7,2,1,29,164,141,686,538,1.00565,10405,10.3465
0250401074100030c043a000a00000c7,2,1,30,164,141,686,538,1.00565,9713,9.65843
0250401074100030c043a000a00000c7,2,1,31,164,141,686,538,1.00565,10244,10.1864
0250401074100030c043a000a00000c7,2,1,32,164,141,686,538,1.00565,594,0.590663
0250401074100030c043a000a00000c7,2,1,33,164,141,686,538,1.00565,10615,10.5554
0250401074100030c043a000a00000c7,2,1,34,164,141,686,538,1.00565,10458,10.3992
0250401074100030c043a000a00000c7,2,1,35,164,141,686,538,1.00565,9922,9.86626
0250401074100030c043a000a00000c7,2,1,36,164,141,686,538,1.00565,4218,4.1943
0250401074100030c043a000a00000c7,2,1,37,164,141,686,538,1.00565,2073,2.06135
0250401074100030c043a000a00000c7,2,1,38,164,141,686,538,1.00565,10446,10.3873
0250401074100030c043a000a00000c7,2,1,39,164,141,686,538,1.00565,9446,9.39293
0250401074100030c043a000a00000c7,2,1,40,164,141,686,538,1.00565,9771,9.7161
0250401074100030c043a000a00000c7,2,1,41,164,141,686,538,1.00565,9948,9.89211
0250401074100030c043a000a00000c7,2,1,42,164,141,686,538,1.00565,1523,1.51444
0250401074100030c043a000a00000c7,2,1,43,164,141,686,538,1.00565,741,0.736837
0250401074100030c043a000a00000c7,2,1,44,164,141,686,538,1.00565,413,0.41068
0250401074100030c043a000a00000c7,2,1,45,164,141,686,538,1.00565,548,0.544921
0250401074100030c043a000a00000c7,2,1,46,164,141,686,538,1.00565,9451,9.3979
0250401074100030c043a000a00000c7,2,1,47,164,141,686,538,1.00565,4794,4.76707
0250401074100030c043a000a00000c7,2,1,48,164,141,686,538,1.00565,799,0.794511
0250401074100030c043a000a00000c7,2,1,49,164,141,686,538,1.00565,6437,6.40084
0250401074100030c043a000a00000c7,2,1,50,164,141,686,538,1.00565,219,0.21777
0250401074100030c043a000a00000c7,2,1,51,164,141,686,538,1.00565,934,0.928753
0250401074100030c043a000a00000c7,2,1,52,164,141,686,538,1.00565,103,0.102421
0250401074100030c043a000a00000c7,2,1,53,164,141,686,538,1.00565,66,0.0656292
0250401074100030c043a000a00000c7,2,1,54,164,141,686,538,1.00565,104,0.103416
0250401074100030c043a000a00000c7,2,1,55,164,141,686,538,1.00565,55,0.054691
0250401074100030c043a000a00000c7,2,1,56,164,141,686,538,1.00565,89,0.0885
0250401074100030c043a000a00000c7,2,1,57,164,141,686,538,1.00565,92,0.0914831
0250401074100030c043a000a00000c7,2,1,58,164,141,686,538,1.00565,84,0.0835281
0250401074100030c043a000a00000c7,2,1,59,164,141,686,538,1.00565,82,0.0815393
0250401074100030c043a000a00000c7,2,1,60,164,141,686,538,1.00565,62,0.0616517
0250401074100030c043a000a00000c7,2,1,61,164,141,686,538,1.00565,63,0.0626461
0250401074100030c043a000a00000c7,2,1,62,164,141,686,538,1.00565,57,0.0566798
0250401074100030c043a000a00000c7,2,1,63,164,141,686,538,1.00565,0,0
0250401074100030c043a000a00000c7,2,1,0,164,141,687,539,1.00565,76,0.075573
0250401074100030c043a000a00000c7,2,1,1,164,141,687,539,1.00565,74,0.0735843
0250401074100030c043a000a00000c7,2,1,2,164,141,687,539,1.00565,72,0.0715955
0250401074100030c043a000a00000c7,2,1,3,164,141,687,539,1.00565,141,0.140208
0250401074100030c043a000a00000c7,2,1,4,164,141,687,539,1.00565,83,0.0825337
0250401074100030c043a000a00000c7,2,1,5,164,141,687,539,1.00565,81,0.0805449
0250401074100030c043a000a00000c7,2,1,6,164,141,687,539,1.00565,204,0.202854
0250401074100030c043a000a00000c7,2,1,7,164,141,687,539,1.00565,75,0.0745786
0250401074100030c043a000a00000c7,2,1,8,164,141,687,539,1.00565,184,0.182966
0250401074100030c043a000a00000c7,2,1,9,164,141,687,539,1.00565,104,0.103416
0250401074100030c043a000a00000c7,2,1,10,164,141,687,539,1.00565,106,0.105404
0250401074100030c043a000a00000c7,2,1,11,164,141,687,539,1.00565,420,0.41764
0250401074100030c043a000a00000c7,2,1,12,164,141,687,539,1.00565,163,0.162084
0250401074100030c043a000a00000c7,2,1,13,164,141,687,539,1.00565,10579,10.5196
0250401074100030c043a000a00000c7,2,1,14,164,141,687,539,1.00565,9116,9.06478
0250401074100030c043a000a00000c7,2,1,15,164,141,687,539,1.00565,220,0.218764
0250401074100030c043a000a00000c7,2,1,16,164,141,687,539,1.00565,2426,2.41237
0250401074100030c043a000a00000c7,2,1,17,164,141,687,539,1.00565,623,0.6195
0250401074100030c043a000a00000c7,2,1,18,164,141,687,539,1.00565,9489,9.43569
0250401074100030c043a000a00000c7,2,1,19,164,141,687,539,1.00565,7123,7.08298
0250401074100030c043a000a00000c7,2,1,20,164,141,687,539,1.00565,1141,1.13459
0250401074100030c043a000a00000c7,2,1,21,164,141,687,539,1.00565,10555,10.4957
0250401074100030c043a000a00000c7,2,1,22,164,141,687,539,1.00565,10459,10.4002
0250401074100030c043a000a00000c7,2,1,23,164,141,687,539,1.00565,9813,9.75787
0250401074100030c043a000a00000c7,2,1,24,164,141,687,539,1.00565,10155,10.0979
0250401074100030c043a000a00000c7,2,1,25,164,141,687,539,1.00565,10497,10.438
0250401074100030c043a000a00000c7,2,1,26,164,141,687,539,1.00565,10607,10.5474
0250401074100030c043a000a00000c7,2,1,27,164,141,687,539,1.00565,10447,10.3883
0250401074100030c043a000a00000c7,2,1,28,164,141,687,539,1.00565,0,0
0250401074100030c043a000a00000c7,2,1,29,164,141,687,539,1.00565,10310,10.2521
0250401074100030c043a000a00000c7,2,1,30,164,141,687,539,1.00565,9116,9.06478
0250401074100030c043a000a00000c7,2,1,31,164,141,687,539,1.00565,10007,9.95078
0250401074100030c043a000a00000c7,2,1,32,164,141,687,539,1.00565,411,0.408691
0250401074100030c043a000a00000c7,2,1,33,164,141,687,539,1.00565,10631,10.5713
0250401074100030c043a000a00000c7,2,1,34,164,141,687,539,1.00565,10395,10.3366
0250401074100030c043a000a00000c7,2,1,35,164,141,687,539,1.00565,9464,9.41083
0250401074100030c043a000a00000c7,2,1,36,164,141,687,539,1.00565,2637,2.62218
0250401074100030c043a000a00000c7,2,1,37,164,141,687,539,1.00565,1223,1.21613
0250401074100030c043a000a00000c7,2,1,38,164,141,687,539,1.00565,10386,10.3276
0250401074100030c043a000a00000c7,2,1,39,164,141,687,539,1.00565,8627,8.57853
0250401074100030c043a000a00000c7,2,1,40,164,141,687,539,1.00565,9136,9.08467
0250401074100030c043a000a00000c7,2,1,41,164,141,687,539,1.00565,9550,9.49635
0250401074100030c043a000a00000c7,2,1,42,164,141,687,539,1.00565,849,0.84423
0250401074100030c043a000a00000c7,2,1,43,164,141,687,539,1.00565,451,0.448466
0250401074100030c043a000a00000c7,2,1,44,164,141,687,539,1.00565,291,0.289365
0250401074100030c043a000a00000c7,2,1,45,164,141,687,539,1.00565,361,0.358972
0250401074100030c043a000a00000c7,2,1,46,164,141,687,539,1.00565,8534,8.48605
0250401074100030c043a000a00000c7,2,1,47,164,141,687,539,1.00565,3075,3.05772
0250401074100030c043a000a00000c7,2,1,48,164,141,687,539,1.00565,501,0.498185
0250401074100030c043a000a00000c7,2,1,49,164,141,687,539,1.00565,4684,4.65768
0250401074100030c043a000a00000c7,2,1,50,164,141,687,539,1.00565,189,0.187938
0250401074100030c043a000a00000c7,2,1,51,164,141,687,539,1.00565,575,0.57177
0250401074100030c043a000a00000c7,2,1,52,164,141,687,539,1.00565,95,0.0944663
0250401074100030c043a000a00000c7,2,1,53,164,141,687,539,1.00565,72,0.0715955
0250401074100030c043a000a00000c7,2,1,54,164,141,687,539,1.00565,99,0.0984438
0250401074100030c043a000a00000c7,2,1,55,164,141,687,539,1.00565,60,0.0596629
0250401074100030c043a000a00000c7,2,1,56,164,141,687,539,1.00565,86,0.0855168
0250401074100030c043a000a00000c7,2,1,57,164,141,687,539,1.00565,87,0.0865112
0250401074100030c043a000a00000c7,2,1,58,164,141,687,539,1.00565,77,0.0765674
0250401074100030c043a000a00000c7,2,1,59,164,141,687,539,1.00565,80,0.0795505
0250401074100030c043a000a00000c7,2,1,60,164,141,687,539,1.00565,68,0.067618
0250401074100030c043a000a00000c7,2,1,61,164,141,687,539,1.00565,68,0.067618
0250401074100030c043a000a00000c7,2,1,62,164,141,687,539,1.00565,62,0.0616517
0250401074100030c043a000a00000c7,2,1,63,164,141,687,539,1.00565,0,0
0250401074100030c043a000a00000c7,2,1,0,164,141,688,540,1.0027,74,0.0738007
0250401074100030c043a000a00000c7,2,1,1,164,141,688,540,1.0027,72,0.0718061
0250401074100030c043a000a00000c7,2,1,2,164,141,688,540,1.0027,70,0.0698115
0250401074100030c043a000a00000c7,2,1,3,164,141,688,540,1.0027,120,0.119677
0250401074100030c043a000a00000c7,2,1,4,164,141,688,540,1.0027,83,0.0827764
0250401074100030c043a000a00000c7,2,1,5,164,141,688,540,1.0027,82,0.0817791
0250401074100030c043a000a00000c7,2,1,6,164,141,688,540,1.0027,157,0.156577
0250401074100030c043a000a00000c7,2,1,7,164,141,688,540,1.0027,75,0.074798
0250401074100030c043a000a00000c7,2,1,8,164,141,688,540,1.0027,138,0.137628
0250401074100030c043a000a00000c7,2,1,9,164,141,688,540,1.0027,86,0.0857684
0250401074100030c043a000a00000c7,2,1,10,164,141,688,540,1.0027,92,0.0917522
0250401074100030c043a000a00000c7,2,1,11,164,141,688,540,1.0027,256,0.25531
0250401074100030c043a000a00000c7,2,1,12,164,141,688,540,1.0027,126,0.125661
0250401074100030c043a000a00000c7,2,1,13,164,141,688,540,1.0027,10440,10.4119
0250401074100030c043a000a00000c7,2,1,14,164,141,688,540,1.0027,7919,7.89767
0250401074100030c043a000a00000c7,2,1,15,164,141,688,540,1.0027,167,0.16655
0250401074100030c043a000a00000c7,2,1,16,164,141,688,540,1.0027,1311,1.30747
0250401074100030c043a000a00000c7,2,1,17,164,141,688,540,1.0027,353,0.352049
0250401074100030c043a000a00000c7,2,1,18,164,141,688,540,1.0027,8525,8.50204
0250401074100030c043a000a00000c7,2,1,19,164,141,688,540,1.0027,5216,5.20195
0250401074100030c043a000a00000c7,2,1,20,164,141,688,540,1.0027,607,0.605365
0250401074100030c043a000a00000c7,2,1,21,164,141,688,540,1.0027,10394,10.366
0250401074100030c043a000a00000c7,2,1,22,164,141,688,540,1.0027,10298,10.2703
0250401074100030c043a000a00000c7,2,1,23,164,141,688,540,1.0027,9117,9.09244
0250401074100030c043a000a00000c7,2,1,24,164,141,688,540,1.0027,9732,9.70579
0250401074100030c043a000a00000c7,2,1,25,164,141,688,540,1.0027,10307,10.2792
0250401074100030c043a000a00000c7,2,1,26,164,141,688,540,1.0027,10498,10.4697
0250401074100030c043a000a00000c7,2,1,27,164,141,688,540,1.0027,10289,10.2613
0250401074100030c043a000a00000c7,2,1,28,164,141,688,540,1.0027,0,0
0250401074100030c043a000a00000c7,2,1,29,164,141,688,540,1.0027,9953,9.92619
0250401074100030c043a000a00000c7,2,1,30,164,141,688,540,1.0027,7959,7.93756
0250401074100030c043a000a00000c7,2,1,31,164,141,688,540,1.0027,9450,9.42455
0250401074100030c043a000a00000c7,2,1,32,164,141,688,540,1.0027,260,0.2593
0250401074100030c043a000a00000c7,2,1,33,164,141,688,540,1.0027,10512,10.4837
0250401074100030c043a000a00000c7,2,1,34,164,141,688,540,1.0027,10185,10.1576
0250401074100030c043a000a00000c7,2,1,35,164,141,688,540,1.0027,8474,8.45118
0250401074100030c043a000a00000c7,2,1,36,164,141,688,540,1.0027,1391,1.38725
0250401074100030c043a000a00000c7,2,1,37,164,141,688,540,1.0027,616,0.614341
0250401074100030c043a000a00000c7,2,1,38,164,141,688,540,1.0027,10183,10.1556
0250401074100030c043a000a00000c7,2,1,39,164,141,688,540,1.0027,7116,7.09683
0250401074100030c043a000a00000c7,2,1,40,164,141,688,540,1.0027,7962,7.94055
0250401074100030c043a000a00000c7,2,1,41,164,141,688,540,1.0027,8496,8.47312
0250401074100030c043a000a00000c7,2,1,42,164,141,688,540,1.0027,463,0.461753
0250401074100030c043a000a00000c7,2,1,43,164,141,688,540,1.0027,277,0.276254
0250401074100030c043a000a00000c7,2,1,44,164,141,688,540,1.0027,223,0.222399
0250401074100030c043a000a00000c7,2,1,45,164,141,688,540,1.0027,223,0.222399
0250401074100030c043a000a00000c7,2,1,46,164,141,688,540,1.0027,7094,7.07489
0250401074100030c043a000a00000c7,2,1,47,164,141,688,540,1.0027,1722,1.71736
0250401074100030c043a000a00000c7,2,1,48,164,141,688,540,1.0027,301,0.300189
0250401074100030c043a000a00000c7,2,1,49,164,141,688,540,1.0027,2843,2.83534
0250401074100030c043a000a00000c7,2,1,50,164,141,688,540,1.0027,149,0.148599
0250401074100030c043a000a00000c7,2,1,51,164,141,688,540,1.0027,332,0.331106
0250401074100030c043a000a00000c7,2,1,52,164,141,688,540,1.0027,89,0.0887603
0250401074100030c043a000a00000c7,2,1,53,164,141,688,540,1.0027,69,0.0688141
0250401074100030c043a000a00000c7,2,1,54,164,141,688,540,1.0027,86,0.0857684
0250401074100030c043a000a00000c7,2,1,55,164,141,688,540,1.0027,60,0.0598384
0250401074100030c043a000a00000c7,2,1,56,164,141,688,540,1.0027,83,0.0827764
0250401074100030c043a000a00000c7,2,1,57,164,141,688,540,1.0027,80,0.0797845
0250401074100030c043a000a00000c7,2,1,58,164,141,688,540,1.0027,77,0.0767926
0250401074100030c043a000a00000c7,2,1,59,164,141,688,540,1.0027,79,0.0787872
0250401074100030c043a000a00000c7,2,1,60,164,141,688,540,1.0027,63,0.0628303
0250401074100030c043a000a00000c7,2,1,61,164,141,688,540,1.0027,61,0.0608357
0250401074100030c043a000a00000c7,2,1,62,164,141,688,540,1.0027,61,0.0608357
0250401074100030c043a000a00000c7,2,1,63,164,141,688,540,1.0027,0,0
0250401074100030c043a000a00000c7,2,1,0,164,141,689,541,1.0027,86,0.0857684
0250401074100030c043a000a00000c7,2,1,1,164,141,689,541,1.0027,80,0.0797845
0250401074100030c043a000a00000c7,2,1,2,164,141,689,541,1.0027,81,0.0807818
0250401074100030c043a000a00000c7,2,1,3,164,141,689,541,1.0027,115,0.11469
0250401074100030c043a000a00000c7,2,1,4,164,141,689,541,1.0027,92,0.0917522
0250401074100030c043a000a00000c7,2,1,5,164,141,689,541,1.0027,89,0.0887603
0250401074100030c043a000a00000c7,2,1,6,164,141,689,541,1.0027,157,0.156577
0250401074100030c043a000a00000c7,2,1,7,164,141,689,541,1.0027,81,0.0807818
0250401074100030c043a000a00000c7,2,1,8,164,141,689,541,1.0027,144,0.143612
0250401074100030c043a000a00000c7,2,1,9,164,141,689,541,1.0027,96,0.0957414
0250401074100030c043a000a00000c7,2,1,10,164,141,689,541,1.0027,101,0.100728
0250401074100030c043a000a00000c7,2,1,11,164,141,689,541,1.0027,218,0.217413
0250401074100030c043a000a00000c7,2,1,12,164,141,689,541,1.0027,139,0.138626
0250401074100030c043a000a00000c7,2,1,13,164,141,689,541,1.0027,10442,10.4139
0250401074100030c043a000a00000c7,2,1,14,164,141,689,541,1.0027,6345,6.32791
0250401074100030c043a000a00000c7,2,1,15,164,141,689,541,1.0027,152,0.151591
0250401074100030c043a000a00000c7,2,1,16,164,141,689,541,1.0027,751,0.748977
0250401074100030c043a000a00000c7,2,1,17,164,141,689,541,1.0027,283,0.282238
0250401074100030c043a000a00000c7,2,1,18,164,141,689,541,1.0027,7175,7.15567
0250401074100030c043a000a00000c7,2,1,19,164,141,689,541,1.0027,3556,3.54642
0250401074100030c043a000a00000c7,2,1,20,164,141,689,541,1.0027,403,0.401915
0250401074100030c043a000a00000c7,2,1,21,164,141,689,541,1.0027,10382,10.354
0250401074100030c043a000a00000c7,2,1,22,164,141,689,541,1.0027,10206,10.1785
0250401074100030c043a000a00000c7,2,1,23,164,141,689,541,1.0027,8112,8.09015
0250401074100030c043a000a00000c7,2,1,24,164,141,689,541,1.0027,9055,9.03061
0250401074100030c043a000a00000c7,2,1,25,164,141,689,541,1.0027,10254,10.2264
0250401074100030c043a000a00000c7,2,1,26,164,141,689,541,1.0027,10535,10.5066
0250401074100030c043a000a00000c7,2,1,27,164,141,689,541,1.0027,10182,10.1546
0250401074100030c043a000a00000c7,2,1,28,164,141,689,541,1.0027,0,0
0250401074100030c043a000a00000c7,2,1,29,164,141,689,541,1.0027,9532,9.50633
0250401074100030c043a000a00000c7,2,1,30,164,141,689,541,1.0027,6488,6.47052
0250401074100030c043a000a00000c7,2,1,31,164,141,689,541,1.0027,8682,8.65861
0250401074100030c043a000a00000c7,2,1,32,164,141,689,541,1.0027,225,0.224394
0250401074100030c043a000a00000c7,2,1,33,164,141,689,541,1.0027,10551,10.5226
0250401074100030c043a000a00000c7,2,1,34,164,141,689,541,1.0027,10041,10.014
0250401074100030c043a000a00000c7,2,1,35,164,141,689,541,1.0027,7138,7.11877
0250401074100030c043a000a00000c7,2,1,36,164,141,689,541,1.0027,795,0.792859
0250401074100030c043a000a00000c7,2,1,37,164,141,689,541,1.0027,424,0.422858
0250401074100030c043a000a00000c7,2,1,38,164,141,689,541,1.0027,10018,9.99102
0250401074100030c043a000a00000c7,2,1,39,164,141,689,541,1.0027,5471,5.45626
0250401074100030c043a000a00000c7,2,1,40,164,141,689,541,1.0027,6408,6.39074
0250401074100030c043a000a00000c7,2,1,41,164,141,689,541,1.0027,7081,7.06193
0250401074100030c043a000a00000c7,2,1,42,164,141,689,541,1.0027,354,0.353046
0250401074100030c043a000a00000c7,2,1,43,164,141,689,541,1.0027,248,0.247332
0250401074100030c043a000a00000c7,2,1,44,164,141,689,541,1.0027,198,0.197467
0250401074100030c043a000a00000c7,2,1,45,164,141,689,541,1.0027,208,0.20744
0250401074100030c043a000a00000c7,2,1,46,164,141,689,541,1.0027,5219,5.20494
0250401074100030c043a000a00000c7,2,1,47,164,141,689,541,1.0027,996,0.993317
0250401074100030c043a000a00000c7,2,1,48,164,141,689,541,1.0027,256,0.25531
0250401074100030c043a000a00000c7,2,1,49,164,141,689,541,1.0027,1582,1.57774
0250401074100030c043a000a00000c7,2,1,50,164,141,689,541,1.0027,136,0.135634
0250401074100030c043a000a00000c7,2,1,51,164,141,689,541,1.0027,257,0.256308
0250401074100030c043a000a00000c7,2,1,52,164,141,689,541,1.0027,91,0.0907549
0250401074100030c043a000a00000c7,2,1,53,164,141,689,541,1.0027,79,0.0787872
0250401074100030c043a000a00000c7,2,1,54,164,141,689,541,1.0027,97,0.0967387
0250401074100030c043a000a00000c7,2,1,55,164,141,689,541,1.0027,65,0.0648249
0250401074100030c043a000a00000c7,2,1,56,164,141,689,541,1.0027,87,0.0867657
0250401074100030c043a000a00000c7,2,1,57,164,141,689,541,1.0027,91,0.0907549
0250401074100030c043a000a00000c7,2,1,58,164,141,689,541,1.0027,85,0.0847711
0250401074100030c043a000a00000c7,2,1,59,164,141,689,541,1.0027,88,0.087763
0250401074100030c043a000a00000c7,2,1,60,164,141,689,541,1.0027,72,0.0718061
0250401074100030c043a000a00000c7,2,1,61,164,141,689,541,1.0027,72,0.0718061
0250401074100030c043a000a00000c7,2,1,62,164,141,689,541,1.0027,65,0.0648249
0250401074100030c043a000a00000c7,2,1,63,164,141,689,541,1.0027,0,0
0250401074100030c043a000a00000c7,2,1,0,164,141,690,541,1.00712,79,0.0784411
0250401074100030c043a000a00000c7,2,1,1,164,141,690,541,1.00712,76,0.0754624
0250401074100030c043a000a00000c7,2,1,2,164,141,690,541,1.00712,77,0.0764553
0250401074100030c043a000a00000c7,2,1,3,164,141,690,541,1.00712,104,0.103264
0250401074100030c043a000a00000c7,2,1,4,164,141,690,541,1.00712,92,0.0913492
0250401074100030c043a000a00000c7,2,1,5,164,141,690,541,1.00712,84,0.0834058
0250401074100030c043a000a00000c7,2,1,6,164,141,690,541,1.00712,138,0.137024
0250401074100030c043a000a00000c7,2,1,7,164,141,690,541,1.00712,79,0.0784411
0250401074100030c043a000a00000c7,2,1,8,164,141,690,541,1.00712,131,0.130073
0250401074100030c043a000a00000c7,2,1,9,164,141,690,541,1.00712,93,0.0923421
0250401074100030c043a000a00000c7,2,1,10,164,141,690,541,1.00712,101,0.100286
0250401074100030c043a000a00000c7,2,1,11,164,141,690,541,1.00712,193,0.191635
0250401074100030c043a000a00000c7,2,1,12,164,141,690,541,1.00712,127,0.126102
0250401074100030c043a000a00000c7,2,1,13,164,141,690,541,1.00712,10362,10.2887
0250401074100030c043a000a00000c7,2,1,14,164,141,690,541,1.00712,4960,4.92491
0250401074100030c043a000a00000c7,2,1,15,164,141,690,541,1.00712,137,0.136031
0250401074100030c043a000a00000c7,2,1,16,164,141,690,541,1.00712,496,0.492491
0250401074100030c043a000a00000c7,2,1,17,164,141,690,541,1.00712,240,0.238302
0250401074100030c043a000a00000c7,2,1,18,164,141,690,541,1.00712,5689,5.64876
0250401074100030c043a000a00000c7,2,1,19,164,141,690,541,1.00712,2146,2.13082
0250401074100030c043a000a00000c7,2,1,20,164,141,690,541,1.00712,320,0.317736
0250401074100030c043a000a00000c7,2,1,21,164,141,690,541,1.00712,10285,10.2122
0250401074100030c043a000a00000c7,2,1,22,164,141,690,541,1.00712,9974,9.90344
0250401074100030c043a000a00000c7,2,1,23,164,141,690,541,1.00712,6677,6.62977
0250401074100030c043a000a00000c7,2,1,24,164,141,690,541,1.00712,8126,8.06852
0250401074100030c043a000a00000c7,2,1,25,164,141,690,541,1.00712,10056,9.98486
0250401074100030c043a000a00000c7,2,1,26,164,141,690,541,1.00712,10481,10.4069
0250401074100030c043a000a00000c7,2,1,27,164,141,690,541,1.00712,9925,9.85479
0250401074100030c043a000a00000c7,2,1,28,164,141,690,541,1.00712,0,0
0250401074100030c043a000a00000c7,2,1,29,164,141,690,541,1.00712,8792,8.7298
0250401074100030c043a000a00000c7,2,1,30,164,141,690,541,1.00712,4795,4.76108
0250401074100030c043a000a00000c7,2,1,31,164,141,690,541,1.00712,7453,7.40028
0250401074100030c043a000a00000c7,2,1,32,164,141,690,541,1.00712,198,0.196599
0250401074100030c043a000a00000c7,2,1,33,164,141,690,541,1.00712,10509,10.4347
0250401074100030c043a000a00000c7,2,1,34,164,141,690,541,1.00712,9656,9.58769
0250401074100030c043a000a00000c7,2,1,35,164,141,690,541,1.00712,5500,5.46109
0250401074100030c043a000a00000c7,2,1,36,164,141,690,541,1.00712,515,0.511357
0250401074100030c043a000a00000c7,2,1,37,164,141,690,541,1.00712,317,0.314758
0250401074100030c043a000a00000c7,2,1,38,164,141,690,541,1.00712,9629,9.56088
0250401074100030c043a000a00000c7,2,1,39,164,141,690,541,1.00712,3901,3.8734
0250401074100030c043a000a00000c7,2,1,40,164,141,690,541,1.00712,4781,4.74718
0250401074100030c043a000a00000c7,2,1,41,164,141,690,541,1.00712,5595,5.55542
0250401074100030c043a000a00000c7,2,1,42,164,141,690,541,1.00712,276,0.274048
0250401074100030c043a000a00000c7,2,1,43,164,141,690,541,1.00712,202,0.200571
0250401074100030c043a000a00000c7,2,1,44,164,141,690,541,1.00712,173,0.171776
0250401074100030c043a000a00000c7,2,1,45,164,141,690,541,1.00712,172,0.170783
0250401074100030c043a000a00000c7,2,1,46,164,141,690,541,1.00712,3647,3.6212
0250401074100030c043a000a00000c7,2,1,47,164,141,690,541,1.00712,599,0.594763
0250401074100030c043a000a00000c7,2,1,48,164,141,690,541,1.00712,216,0.214472
0250401074100030c043a000a00000c7,2,1,49,164,141,690,541,1.00712,968,0.961152
0250401074100030c043a000a00000c7,2,1,50,164,141,690,541,1.00712,130,0.12908
0250401074100030c043a000a00000c7,2,1,51,164,141,690,541,1.00712,213,0.211493
0250401074100030c043a000a00000c7,2,1,52,164,141,690,541,1.00712,88,0.0873775
0250401074100030c043a000a00000c7,2,1,53,164,141,690,541,1.00712,73,0.0724836
0250401074100030c043a000a00000c7,2,1,54,164,141,690,541,1.00712,87,0.0863846
0250401074100030c043a000a00000c7,2,1,55,164,141,690,541,1.00712,63,0.0625543
0250401074100030c043a000a00000c7,2,1,56,164,141,690,541,1.00712,83,0.0824129
0250401074100030c043a000a00000c7,2,1,57,164,141,690,541,1.00712,84,0.0834058
0250401074100030c043a000a00000c7,2,1,58,164,141,690,541,1.00712,77,0.0764553
0250401074100030c043a000a00000c7,2,1,59,164,141,690,541,1.00712,82,0.0814199
0250401074100030c043a000a00000c7,2,1,60,164,141,690,541,1.00712,71,0.0704977
0250401074100030c043a000a00000c7,2,1,61,164,141,690,541,1.00712,70,0.0695048
0250401074100030c043a000a00000c7,2,1,62,164,141,690,541,1.00712,67,0.066526
0250401074100030c043a000a00000c7,2,1,63,164,141,690,541,1.00712,0,0
0250401074100030c043a000a00000c7,2,1,0,164,141,691,542,1.00123,59,0.0589277
0250401074100030c043a000a00000c7,2,1,1,164,141,691,542,1.00123,57,0.0569302
0250401074100030c043a000a00000c7,2,1,2,164,141,691,542,1.00123,57,0.0569302
0250401074100030c043a000a00000c7,2,1,3,164,141,691,542,1.00123,78,0.0779045
0250401074100030c043a000a00000c7,2,1,4,164,141,691,542,1.00123,67,0.0669179
0250401074100030c043a000a00000c7,2,1,5,164,141,691,542,1.00123,61,0.0609253
0250401074100030c043a000a00000c7,2,1,6,164,141,691,542,1.00123,109,0.108867
0250401074100030c043a000a00000c7,2,1,7,164,141,691,542,1.00123,60,0.0599265
0250401074100030c043a000a00000c7,2,1,8,164,141,691,542,1.00123,104,0.103873
0250401074100030c043a000a00000c7,2,1,9,164,141,691,542,1.00123,74,0.0739094
0250401074100030c043a000a00000c7,2,1,10,164,141,691,542,1.00123,72,0.0719118
0250401074100030c043a000a00000c7,2,1,11,164,141,691,542,1.00123,142,0.141826
0250401074100030c043a000a00000c7,2,1,12,164,141,691,542,1.00123,103,0.102874
0250401074100030c043a000a00000c7,2,1,13,164,141,691,542,1.00123,9688,9.67613
0250401074100030c043a000a00000c7,2,1,14,164,141,691,542,1.00123,3103,3.0992
0250401074100030c043a000a00000c7,2,1,15,164,141,691,542,1.00123,109,0.108867
0250401074100030c043a000a00000c7,2,1,16,164,141,691,542,1.00123,352,0.351569
0250401074100030c043a000a00000c7,2,1,17,164,141,691,542,1.00123,180,0.17978
0250401074100030c043a000a00000c7,2,1,18,164,141,691,542,1.00123,3778,3.77337
0250401074100030c043a000a00000c7,2,1,19,164,141,691,542,1.00123,1145,1.1436
0250401074100030c043a000a00000c7,2,1,20,164,141,691,542,1.00123,230,0.229718
0250401074100030c043a000a00000c7,2,1,21,164,141,691,542,1.00123,9572,9.56028
0250401074100030c043a000a00000c7,2,1,22,164,141,691,542,1.00123,9071,9.05989
0250401074100030c043a000a00000c7,2,1,23,164,141,691,542,1.00123,4645,4.63931
0250401074100030c043a000a00000c7,2,1,24,164,141,691,542,1.00123,6378,6.37019
0250401074100030c043a000a00000c7,2,1,25,164,141,691,542,1.00123,9114,9.10284
0250401074100030c043a000a00000c7,2,1,26,164,141,691,542,1.00123,9889,9.87689
0250401074100030c043a000a00000c7,2,1,27,164,141,691,542,1.00123,8915,8.90408
0250401074100030c043a000a00000c7,2,1,28,164,141,691,542,1.00123,0,0
0250401074100030c043a000a00000c7,2,1,29,164,141,691,542,1.00123,7328,7.31903
0250401074100030c043a000a00000c7,2,1,30,164,141,691,542,1.00123,2954,2.95038
0250401074100030c043a000a00000c7,2,1,31,164,141,691,542,1.00123,5407,5.40038
0250401074100030c043a000a00000c7,2,1,32,164,141,691,542,1.00123,165,0.164798
0250401074100030c043a000a00000c7,2,1,33,164,141,691,542,1.00123,9913,9.90086
0250401074100030c043a000a00000c7,2,1,34,164,141,691,542,1.00123,8495,8.4846
0250401074100030c043a000a00000c7,2,1,35,164,141,691,542,1.00123,3715,3.71045
0250401074100030c043a000a00000c7,2,1,36,164,141,691,542,1.00123,345,0.344577
0250401074100030c043a000a00000c7,2,1,37,164,141,691,542,1.00123,227,0.226722
0250401074100030c043a000a00000c7,2,1,38,164,141,691,542,1.00123,8549,8.53853
0250401074100030c043a000a00000c7,2,1,39,164,141,691,542,1.00123,2201,2.1983
0250401074100030c043a000a00000c7,2,1,40,164,141,691,542,1.00123,2872,2.86848
0250401074100030c043a000a00000c7,2,1,41,164,141,691,542,1.00123,3610,3.60558
0250401074100030c043a000a00000c7,2,1,42,164,141,691,542,1.00123,209,0.208744
0250401074100030c043a000a00000c7,2,1,43,164,141,691,542,1.00123,152,0.151814
0250401074100030c043a000a00000c7,2,1,44,164,141,691,542,1.00123,144,0.143824
0250401074100030c043a000a00000c7,2,1,45,164,141,691,542,1.00123,132,0.131838
0250401074100030c043a000a00000c7,2,1,46,164,141,691,542,1.00123,2057,2.05448
0250401074100030c043a000a00000c7,2,1,47,164,141,691,542,1.00123,372,0.371544
0250401074100030c043a000a00000c7,2,1,48,164,141,691,542,1.00123,158,0.157806
0250401074100030c043a000a00000c7,2,1,49,164,141,691,542,1.00123,530,0.529351
0250401074100030c043a000a00000c7,2,1,50,164,141,691,542,1.00123,100,0.0998775
0250401074100030c043a000a00000c7,2,1,51,164,141,691,542,1.00123,165,0.164798
0250401074100030c043a000a00000c7,2,1,52,164,141,691,542,1.00123,68,0.0679167
0250401074100030c043a000a00000c7,2,1,53,164,141,691,542,1.00123,57,0.0569302
0250401074100030c043a000a00000c7,2,1,54,164,141,691,542,1.00123,69,0.0689155
0250401074100030c043a000a00000c7,2,1,55,164,141,691,542,1.00123,52,0.0519363
0250401074100030c043a000a00000c7,2,1,56,164,141,691,542,1.00123,62,0.0619241
0250401074100030c043a000a00000c7,2,1,57,164,141,691,542,1.00123,63,0.0629228
0250401074100030c043a000a00000c7,2,1,58,164,141,691,542,1.00123,59,0.0589277
0250401074100030c043a000a00000c7,2,1,59,164,141,691,542,1.00123,63,0.0629228
0250401074100030c043a000a00000c7,2,1,60,164,141,691,542,1.00123,56,0.0559314
0250401074100030c043a000a00000c7,2,1,61,164,141,691,542,1.00123,54,0.0539339
0250401074100030c043a000a00000c7,2,1,62,164,141,691,542,1.00123,52,0.0519363
0250401074100030c043a000a00000c7,2,1,63,164,141,691,542,1.00123,0,0
0250401074100030c043a000a00000c7,2,1,0,164,141,692,543,1.00712,72,0.0714907
0250401074100030c043a000a00000c7,2,1,1,164,141,692,543,1.00712,71,0.0704977
0250401074100030c043a000a00000c7,2,1,2,164,141,692,543,1.00712,69,0.0685119
0250401074100030c043a000a00000c7,2,1,3,164,141,692,543,1.00712,87,0.0863846
0250401074100030c043a000a00000c7,2,1,4,164,141,692,543,1.00712,83,0.0824129
0250401074100030c043a000a00000c7,2,1,5,164,141,692,543,1.00712,76,0.0754624
0250401074100030c043a000a00000c7,2,1,6,164,141,692,543,1.00712,107,0.106243
0250401074100030c043a000a00000c7,2,1,7,164,141,692,543,1.00712,72,0.0714907
0250401074100030c043a000a00000c7,2,1,8,164,141,692,543,1.00712,114,0.113194
0250401074100030c043a000a00000c7,2,1,9,164,141,692,543,1.00712,84,0.0834058
0250401074100030c043a000a00000c7,2,1,10,164,141,692,543,1.00712,88,0.0873775
0250401074100030c043a000a00000c7,2,1,11,164,141,692,543,1.00712,134,0.133052
0250401074100030c043a000a00000c7,2,1,12,164,141,692,543,1.00712,104,0.103264
0250401074100030c043a000a00000c7,2,1,13,164,141,692,543,1.00712,10049,9.97791
0250401074100030c043a000a00000c7,2,1,14,164,141,692,543,1.00712,2118,2.10302
0250401074100030c043a000a00000c7,2,1,15,164,141,692,543,1.00712,105,0.104257
0250401074100030c043a000a00000c7,2,1,16,164,141,692,543,1.00712,275,0.273055
0250401074100030c043a000a00000c7,2,1,17,164,141,692,543,1.00712,152,0.150925
0250401074100030c043a000a00000c7,2,1,18,164,141,692,543,1.00712,2658,2.6392
0250401074100030c043a000a00000c7,2,1,19,164,141,692,543,1.00712,745,0.73973
0250401074100030c043a000a00000c7,2,1,20,164,141,692,543,1.00712,201,0.199578
0250401074100030c043a000a00000c7,2,1,21,164,141,692,543,1.00712,9781,9.71181
0250401074100030c043a000a00000c7,2,1,22,164,141,692,543,1.00712,8847,8.78442
0250401074100030c043a000a00000c7,2,1,23,164,141,692,543,1.00712,3410,3.38588
0250401074100030c043a000a00000c7,2,1,24,164,141,692,543,1.00712,5175,5.13839
0250401074100030c043a000a00000c7,2,1,25,164,141,692,543,1.00712,8921,8.85789
0250401074100030c043a000a00000c7,2,1,26,164,141,692,543,1.00712,10424,10.3503
0250401074100030c043a000a00000c7,2,1,27,164,141,692,543,1.00712,8631,8.56994
0250401074100030c043a000a00000c7,2,1,28,164,141,692,543,1.00712,0,0
0250401074100030c043a000a00000c7,2,1,29,164,141,692,543,1.00712,6228,6.18394
0250401074100030c043a000a00000c7,2,1,30,164,141,692,543,1.00712,1935,1.92131
0250401074100030c043a000a00000c7,2,1,31,164,141,692,543,1.00712,4248,4.21795
0250401074100030c043a000a00000c7,2,1,32,164,141,692,543,1.00712,149,0.147946
0250401074100030c043a000a00000c7,2,1,33,164,141,692,543,1.00712,10453,10.3791
0250401074100030c043a000a00000c7,2,1,34,164,141,692,543,1.00712,7929,7.87291
0250401074100030c043a000a00000c7,2,1,35,164,141,692,543,1.00712,2525,2.50714
0250401074100030c043a000a00000c7,2,1,36,164,141,692,543,1.00712,264,0.262132
0250401074100030c043a000a00000c7,2,1,37,164,141,692,543,1.00712,195,0.193621
0250401074100030c043a000a00000c7,2,1,38,164,141,692,543,1.00712,8020,7.96327
0250401074100030c043a000a00000c7,2,1,39,164,141,692,543,1.00712,1419,1.40896
0250401074100030c043a000a00000c7,2,1,40,164,141,692,543,1.00712,1867,1.85379
0250401074100030c043a000a00000c7,2,1,41,164,141,692,543,1.00712,2470,2.45253
0250401074100030c043a000a00000c7,2,1,42,164,141,692,543,1.00712,177,0.175748
0250401074100030c043a000a00000c7,2,1,43,164,141,692,543,1.00712,141,0.140003
0250401074100030c043a000a00000c7,2,1,44,164,141,692,543,1.00712,132,0.131066
0250401074100030c043a000a00000c7,2,1,45,164,141,692,543,1.00712,121,0.120144
0250401074100030c043a000a00000c7,2,1,46,164,141,692,543,1.00712,1330,1.32059
0250401074100030c043a000a00000c7,2,1,47,164,141,692,543,1.00712,292,0.289934
0250401074100030c043a000a00000c7,2,1,48,164,141,692,543,1.00712,149,0.147946
0250401074100030c043a000a00000c7,2,1,49,164,141,692,543,1.00712,362,0.359439
0250401074100030c043a000a00000c7,2,1,50,164,141,692,543,1.00712,104,0.103264
0250401074100030c043a000a00000c7,2,1,51,164,141,692,543,1.00712,136,0.135038
0250401074100030c043a000a00000c7,2,1,52,164,141,692,543,1.00712,79,0.0784411
0250401074100030c043a000a00000c7,2,1,53,164,141,692,543,1.00712,68,0.067519
0250401074100030c043a000a00000c7,2,1,54,164,141,692,543,1.00712,81,0.080427
0250401074100030c043a000a00000c7,2,1,55,164,141,692,543,1.00712,52,0.0516321
0250401074100030c043a000a00000c7,2,1,56,164,141,692,543,1.00712,73,0.0724836
0250401074100030c043a000a00000c7,2,1,57,164,141,692,543,1.00712,78,0.0774482
0250401074100030c043a000a00000c7,2,1,58,164,141,692,543,1.00712,71,0.0704977
0250401074100030c043a000a00000c7,2,1,59,164,141,692,543,1.00712,74,0.0734765
0250401074100030c043a000a00000c7,2,1,60,164,141,692,543,1.00712,65,0.0645402
0250401074100030c043a000a00000c7,2,1,61,164,141,692,543,1.00712,61,0.0605685
0250401074100030c043a000a00000c7,2,1,62,164,141,692,543,1.00712,55,0.0546109
0250401074100030c043a000a00000c7,2,1,63,164,141,692,543,1.00712,0,0
0250401074100030c043a000a00000c7,2,1,0,164,141,693,544,1.0145,82,0.0808282
0250401074100030c043a000a00000c7,2,1,1,164,141,693,544,1.0145,79,0.0778711
0250401074100030c043a000a00000c7,2,1,2,164,141,693,544,1.0145,81,0.0798425
0250401074100030c043a000a00000c7,2,1,3,164,141,693,544,1.0145,97,0.0956139
0250401074100030c043a000a00000c7,2,1,4,164,141,693,544,1.0145,90,0.0887139
0250401074100030c043a000a00000c7,2,1,5,164,141,693,544,1.0145,83,0.0818139
0250401074100030c043a000a00000c7,2,1,6,164,141,693,544,1.0145,118,0.116314
0250401074100030c043a000a00000c7,2,1,7,164,141,693,544,1.0145,81,0.0798425
0250401074100030c043a000a00000c7,2,1,8,164,141,693,544,1.0145,115,0.113357
0250401074100030c043a000a00000c7,2,1,9,164,141,693,544,1.0145,88,0.0867425
0250401074100030c043a000a00000c7,2,1,10,164,141,693,544,1.0145,96,0.0946281
0250401074100030c043a000a00000c7,2,1,11,164,141,693,544,1.0145,131,0.129128
0250401074100030c043a000a00000c7,2,1,12,164,141,693,544,1.0145,106,0.104485
0250401074100030c043a000a00000c7,2,1,13,164,141,693,544,1.0145,9775,9.63531
0250401074100030c043a000a00000c7,2,1,14,164,141,693,544,1.0145,1245,1.22721
0250401074100030c043a000a00000c7,2,1,15,164,141,693,544,1.0145,107,0.105471
0250401074100030c043a000a00000c7,2,1,16,164,141,693,544,1.0145,243,0.239528
0250401074100030c043a000a00000c7,2,1,17,164,141,693,544,1.0145,157,0.154756
0250401074100030c043a000a00000c7,2,1,18,164,141,693,544,1.0145,1546,1.52391
0250401074100030c043a000a00000c7,2,1,19,164,141,693,544,1.0145,473,0.466241
0250401074100030c043a000a00000c7,2,1,20,164,141,693,544,1.0145,192,0.189256
0250401074100030c043a000a00000c7,2,1,21,164,141,693,544,1.0145,9236,9.10402
0250401074100030c043a000a00000c7,2,1,22,164,141,693,544,1.0145,7783,7.67178
0250401074100030c043a000a00000c7,2,1,23,164,141,693,544,1.0145,2088,2.05816
0250401074100030c043a000a00000c7,2,1,24,164,141,693,544,1.0145,3442,3.39281
0250401074100030c043a000a00000c7,2,1,25,164,141,693,544,1.0145,7844,7.73191
0250401074100030c043a000a00000c7,2,1,26,164,141,693,544,1.0145,10558,10.4071
0250401074100030c043a000a00000c7,2,1,27,164,141,693,544,1.0145,7379,7.27355
0250401074100030c043a000a00000c7,2,1,28,164,141,693,544,1.0145,0,0
0250401074100030c043a000a00000c7,2,1,29,164,141,693,544,1.0145,4276,4.2149
0250401074100030c043a000a00000c7,2,1,30,164,141,693,544,1.0145,1107,1.09118
0250401074100030c043a000a00000c7,2,1,31,164,141,693,544,1.0145,2630,2.59242
0250401074100030c043a000a00000c7,2,1,32,164,141,693,544,1.0145,142,0.139971
0250401074100030c043a000a00000c7,2,1,33,164,141,693,544,1.0145,10598,10.4466
0250401074100030c043a000a00000c7,2,1,34,164,141,693,544,1.0145,6500,6.40711
0250401074100030c043a000a00000c7,2,1,35,164,141,693,544,1.0145,1409,1.38887
0250401074100030c043a000a00000c7,2,1,36,164,141,693,544,1.0145,242,0.238542
0250401074100030c043a000a00000c7,2,1,37,164,141,693,544,1.0145,177,0.174471
0250401074100030c043a000a00000c7,2,1,38,164,141,693,544,1.0145,6430,6.33811
0250401074100030c043a000a00000c7,2,1,39,164,141,693,544,1.0145,814,0.802368
0250401074100030c043a000a00000c7,2,1,40,164,141,693,544,1.0145,1007,0.99261
0250401074100030c043a000a00000c7,2,1,41,164,141,693,544,1.0145,1424,1.40365
0250401074100030c043a000a00000c7,2,1,42,164,141,693,544,1.0145,171,0.168556
0250401074100030c043a000a00000c7,2,1,43,164,141,693,544,1.0145,144,0.141942
0250401074100030c043a000a00000c7,2,1,44,164,141,693,544,1.0145,134,0.132085
0250401074100030c043a000a00000c7,2,1,45,164,141,693,544,1.0145,121,0.119271
0250401074100030c043a000a00000c7,2,1,46,164,141,693,544,1.0145,731,0.720554
0250401074100030c043a000a00000c7,2,1,47,164,141,693,544,1.0145,231,0.227699
0250401074100030c043a000a00000c7,2,1,48,164,141,693,544,1.0145,155,0.152785
0250401074100030c043a000a00000c7,2,1,49,164,141,693,544,1.0145,286,0.281913
0250401074100030c043a000a00000c7,2,1,50,164,141,693,544,1.0145,109,0.107442
0250401074100030c043a000a00000c7,2,1,51,164,141,693,544,1.0145,148,0.145885
0250401074100030c043a000a00000c7,2,1,52,164,141,693,544,1.0145,83,0.0818139
0250401074100030c043a000a00000c7,2,1,53,164,141,693,544,1.0145,78,0.0768854
0250401074100030c043a000a00000c7,2,1,54,164,141,693,544,1.0145,86,0.0847711
0250401074100030c043a000a00000c7,2,1,55,164,141,693,544,1.0145,70,0.0689997
0250401074100030c043a000a00000c7,2,1,56,164,141,693,544,1.0145,83,0.0818139
0250401074100030c043a000a00000c7,2,1,57,164,141,693,544,1.0145,82,0.0808282
0250401074100030c043a000a00000c7,2,1,58,164,141,693,544,1.0145,80,0.0788568
0250401074100030c043a000a00000c7,2,1,59,164,141,693,544,1.0145,83,0.0818139
0250401074100030c043a000a00000c7,2,1,60,164,141,693,544,1.0145,76,0.074914
0250401074100030c043a000a00000c7,2,1,61,164,141,693,544,1.0145,76,0.074914
0250401074100030c043a000a00000c7,2,1,62,164,141,693,544,1.0145,71,0.0699854
0250401074100030c043a000a00000c7,2,1,63,164,141,693,544,1.0145,0,0
0250401074100030c043a000a00000c7,2,1,0,164,141,694,544,1.0086,62,0.0614714
0250401074100030c043a000a00000c7,2,1,1,164,141,694,544,1.0086,59,0.058497
0250401074100030c043a000a00000c7,2,1,2,164,141,694,544,1.0086,60,0.0594885
0250401074100030c043a000a00000c7,2,1,3,164,141,694,544,1.0086,69,0.0684117
0250401074100030c043a000a00000c7,2,1,4,164,141,694,544,1.0086,67,0.0664288
0250401074100030c043a000a00000c7,2,1,5,164,141,694,544,1.0086,64,0.0634544
0250401074100030c043a000a00000c7,2,1,6,164,141,694,544,1.0086,90,0.0892327
0250401074100030c043a000a00000c7,2,1,7,164,141,694,544,1.0086,64,0.0634544
0250401074100030c043a000a00000c7,2,1,8,164,141,694,544,1.0086,82,0.0813009
0250401074100030c043a000a00000c7,2,1,9,164,141,694,544,1.0086,65,0.0644458
0250401074100030c043a000a00000c7,2,1,10,164,141,694,544,1.0086,68,0.0674203
0250401074100030c043a000a00000c7,2,1,11,164,141,694,544,1.0086,94,0.0931986
0250401074100030c043a000a00000c7,2,1,12,164,141,694,544,1.0086,80,0.0793179
0250401074100030c043a000a00000c7,2,1,13,164,141,694,544,1.0086,8439,8.36705
0250401074100030c043a000a00000c7,2,1,14,164,141,694,544,1.0086,629,0.623637
0250401074100030c043a000a00000c7,2,1,15,164,141,694,544,1.0086,81,0.0803094
0250401074100030c043a000a00000c7,2,1,16,164,141,694,544,1.0086,182,0.180448
0250401074100030c043a000a00000c7,2,1,17,164,141,694,544,1.0086,110,0.109062
0250401074100030c043a000a00000c7,2,1,18,164,141,694,544,1.0086,902,0.89431
0250401074100030c043a000a00000c7,2,1,19,164,141,694,544,1.0086,307,0.304383
0250401074100030c043a000a00000c7,2,1,20,164,141,694,544,1.0086,137,0.135832
0250401074100030c043a000a00000c7,2,1,21,164,141,694,544,1.0086,7684,7.61849
0250401074100030c043a000a00000c7,2,1,22,164,141,694,544,1.0086,5757,5.70792
0250401074100030c043a000a00000c7,2,1,23,164,141,694,544,1.0086,1110,1.10054
0250401074100030c043a000a00000c7,2,1,24,164,141,694,544,1.0086,1970,1.9532
0250401074100030c043a000a00000c7,2,1,25,164,141,694,544,1.0086,5940,5.88936
0250401074100030c043a000a00000c7,2,1,26,164,141,694,544,1.0086,9771,9.6877
0250401074100030c043a000a00000c7,2,1,27,164,141,694,544,1.0086,5354,5.30835
0250401074100030c043a000a00000c7,2,1,28,164,141,694,544,1.0086,0,0
0250401074100030c043a000a00000c7,2,1,29,164,141,694,544,1.0086,2609,2.58676
0250401074100030c043a000a00000c7,2,1,30,164,141,694,544,1.0086,612,0.606782
0250401074100030c043a000a00000c7,2,1,31,164,141,694,544,1.0086,1519,1.50605
0250401074100030c043a000a00000c7,2,1,32,164,141,694,544,1.0086,117,0.116002
0250401074100030c043a000a00000c7,2,1,33,164,141,694,544,1.0086,9853,9.769
0250401074100030c043a000a00000c7,2,1,34,164,141,694,544,1.0086,4566,4.52707
0250401074100030c043a000a00000c7,2,1,35,164,141,694,544,1.0086,744,0.737657
0250401074100030c043a000a00000c7,2,1,36,164,141,694,544,1.0086,172,0.170534
0250401074100030c043a000a00000c7,2,1,37,164,141,694,544,1.0086,131,0.129883
0250401074100030c043a000a00000c7,2,1,38,164,141,694,544,1.0086,4440,4.40215
0250401074100030c043a000a00000c7,2,1,39,164,141,694,544,1.0086,472,0.467976
0250401074100030c043a000a00000c7,2,1,40,164,141,694,544,1.0086,608,0.602816
0250401074100030c043a000a00000c7,2,1,41,164,141,694,544,1.0086,730,0.723776
0250401074100030c043a000a00000c7,2,1,42,164,141,694,544,1.0086,136,0.134841
0250401074100030c043a000a00000c7,2,1,43,164,141,694,544,1.0086,101,0.100139
0250401074100030c043a000a00000c7,2,1,44,164,141,694,544,1.0086,99,0.098156
0250401074100030c043a000a00000c7,2,1,45,164,141,694,544,1.0086,89,0.0882412
0250401074100030c043a000a00000c7,2,1,46,164,141,694,544,1.0086,418,0.414436
0250401074100030c043a000a00000c7,2,1,47,164,141,694,544,1.0086,168,0.166568
0250401074100030c043a000a00000c7,2,1,48,164,141,694,544,1.0086,112,0.111045
0250401074100030c043a000a00000c7,2,1,49,164,141,694,544,1.0086,201,0.199286
0250401074100030c043a000a00000c7,2,1,50,164,141,694,544,1.0086,76,0.075352
0250401074100030c043a000a00000c7,2,1,51,164,141,694,544,1.0086,108,0.107079
0250401074100030c043a000a00000c7,2,1,52,164,141,694,544,1.0086,65,0.0644458
0250401074100030c043a000a00000c7,2,1,53,164,141,694,544,1.0086,56,0.0555226
0250401074100030c043a000a00000c7,2,1,54,164,141,694,544,1.0086,66,0.0654373
0250401074100030c043a000a00000c7,2,1,55,164,141,694,544,1.0086,48,0.0475908
0250401074100030c043a000a00000c7,2,1,56,164,141,694,544,1.0086,64,0.0634544
0250401074100030c043a000a00000c7,2,1,57,164,141,694,544,1.0086,64,0.0634544
0250401074100030c043a000a00000c7,2,1,58,164,141,694,544,1.0086,61,0.0604799
0250401074100030c043a000a00000c7,2,1,59,164,141,694,544,1.0086,64,0.0634544
0250401074100030c043a000a00000c7,2,1,60,164,141,694,544,1.0086,55,0.0545311
0250401074100030c043a000a00000c7,2,1,61,164,141,694,544,1.0086,56,0.0555226
0250401074100030c043a000a00000c7,2,1,62,164,141,694,544,1.0086,49,0.0485822
0250401074100030c043a000a00000c7,2,1,63,164,141,694,544,1.0086,0,0
0250401074100030c043a000a00000c7,2,1,0,164,141,695,545,1.00712,66,0.0655331
0250401074100030c043a000a00000c7,2,1,1,164,141,695,545,1.00712,61,0.0605685
0250401074100030c043a000a00000c7,2,1,2,164,141,695,545,1.00712,63,0.0625543
0250401074100030c043a000a00000c7,2,1,3,164,141,695,545,1.00712,75,0.0744694
0250401074100030c043a000a00000c7,2,1,4,164,141,695,545,1.00712,76,0.0754624
0250401074100030c043a000a00000c7,2,1,5,164,141,695,545,1.00712,70,0.0695048
0250401074100030c043a000a00000c7,2,1,6,164,141,695,545,1.00712,85,0.0843987
0250401074100030c043a000a00000c7,2,1,7,164,141,695,545,1.00712,65,0.0645402
0250401074100030c043a000a00000c7,2,1,8,164,141,695,545,1.00712,83,0.0824129
0250401074100030c043a000a00000c7,2,1,9,164,141,695,545,1.00712,72,0.0714907
0250401074100030c043a000a00000c7,2,1,10,164,141,695,545,1.00712,79,0.0784411
0250401074100030c043a000a00000c7,2,1,11,164,141,695,545,1.00712,95,0.094328
0250401074100030c043a000a00000c7,2,1,12,164,141,695,545,1.00712,85,0.0843987
0250401074100030c043a000a00000c7,2,1,13,164,141,695,545,1.00712,7415,7.36255
0250401074100030c043a000a00000c7,2,1,14,164,141,695,545,1.00712,400,0.39717
0250401074100030c043a000a00000c7,2,1,15,164,141,695,545,1.00712,82,0.0814199
0250401074100030c043a000a00000c7,2,1,16,164,141,695,545,1.00712,150,0.148939
0250401074100030c043a000a00000c7,2,1,17,164,141,695,545,1.00712,98,0.0973067
0250401074100030c043a000a00000c7,2,1,18,164,141,695,545,1.00712,518,0.514336
0250401074100030c043a000a00000c7,2,1,19,164,141,695,545,1.00712,225,0.223408
0250401074100030c043a000a00000c7,2,1,20,164,141,695,545,1.00712,114,0.113194
0250401074100030c043a000a00000c7,2,1,21,164,141,695,545,1.00712,6351,6.30607
0250401074100030c043a000a00000c7,2,1,22,164,141,695,545,1.00712,4148,4.11866
0250401074100030c043a000a00000c7,2,1,23,164,141,695,545,1.00712,627,0.622565
0250401074100030c043a000a00000c7,2,1,24,164,141,695,545,1.00712,1200,1.19151
0250401074100030c043a000a00000c7,2,1,25,164,141,695,545,1.00712,4371,4.34008
0250401074100030c043a000a00000c7,2,1,26,164,141,695,545,1.00712,9864,9.79422
0250401074100030c043a000a00000c7,2,1,27,164,141,695,545,1.00712,3754,3.72744
0250401074100030c043a000a00000c7,2,1,28,164,141,695,545,1.00712,0,0
0250401074100030c043a000a00000c7,2,1,29,164,141,695,545,1.00712,1559,1.54797
0250401074100030c043a000a00000c7,2,1,30,164,141,695,545,1.00712,383,0.380291
0250401074100030c043a000a00000c7,2,1,31,164,141,695,545,1.00712,831,0.825121
0250401074100030c043a000a00000c7,2,1,32,164,141,695,545,1.00712,105,0.104257
0250401074100030c043a000a00000c7,2,1,33,164,141,695,545,1.00712,9992,9.92132
0250401074100030c043a000a00000c7,2,1,34,164,141,695,545,1.00712,3104,3.08204
0250401074100030c043a000a00000c7,2,1,35,164,141,695,545,1.00712,480,0.476604
0250401074100030c043a000a00000c7,2,1,36,164,141,695,545,1.00712,149,0.147946
0250401074100030c043a000a00000c7,2,1,37,164,141,695,545,1.00712,112,0.111208
0250401074100030c043a000a00000c7,2,1,38,164,141,695,545,1.00712,2885,2.86459
0250401074100030c043a000a00000c7,2,1,39,164,141,695,545,1.00712,331,0.328658
0250401074100030c043a000a00000c7,2,1,40,164,141,695,545,1.00712,385,0.382276
0250401074100030c043a000a00000c7,2,1,41,164,141,695,545,1.00712,455,0.451781
0250401074100030c043a000a00000c7,2,1,42,164,141,695,545,1.00712,111,0.110215
0250401074100030c043a000a00000c7,2,1,43,164,141,695,545,1.00712,97,0.0963138
0250401074100030c043a000a00000c7,2,1,44,164,141,695,545,1.00712,100,0.0992926
0250401074100030c043a000a00000c7,2,1,45,164,141,695,545,1.00712,83,0.0824129
0250401074100030c043a000a00000c7,2,1,46,164,141,695,545,1.00712,293,0.290927
0250401074100030c043a000a00000c7,2,1,47,164,141,695,545,1.00712,133,0.132059
0250401074100030c043a000a00000c7,2,1,48,164,141,695,545,1.00712,99,0.0982997
0250401074100030c043a000a00000c7,2,1,49,164,141,695,545,1.00712,170,0.168797
0250401074100030c043a000a00000c7,2,1,50,164,141,695,545,1.00712,78,0.0774482
0250401074100030c043a000a00000c7,2,1,51,164,141,695,545,1.00712,96,0.0953209
0250401074100030c043a000a00000c7,2,1,52,164,141,695,545,1.00712,68,0.067519
0250401074100030c043a000a00000c7,2,1,53,164,141,695,545,1.00712,60,0.0595756
0250401074100030c043a000a00000c7,2,1,54,164,141,695,545,1.00712,74,0.0734765
0250401074100030c043a000a00000c7,2,1,55,164,141,695,545,1.00712,49,0.0486534
0250401074100030c043a000a00000c7,2,1,56,164,141,695,545,1.00712,67,0.066526
0250401074100030c043a000a00000c7,2,1,57,164,141,695,545,1.00712,67,0.066526
0250401074100030c043a000a00000c7,2,1,58,164,141,695,545,1.00712,61,0.0605685
0250401074100030c043a000a00000c7,2,1,59,164,141,695,545,1.00712,67,0.066526
0250401074100030c043a000a00000c7,2,1,60,164,141,695,545,1.00712,54,0.053618
0250401074100030c043a000a00000c7,2,1,61,164,141,695,545,1.00712,52,0.0516321
0250401074100030c043a000a00000c7,2,1,62,164,141,695,545,1.00712,51,0.0506392
0250401074100030c043a000a00000c7,2,1,63,164,141,695,545,1.00712,0,0
0250401074100030c043a000a00000c7,2,1,0,164,141,696,546,1.0145,72,0.0709711
0250401074100030c043a000a00000c7,2,1,1,164,141,696,546,1.0145,68,0.0670283
0250401074100030c043a000a00000c7,2,1,2,164,141,696,546,1.0145,71,0.0699854
0250401074100030c043a000a00000c7,2,1,3,164,141,696,546,1.0145,80,0.0788568
0250401074100030c043a000a00000c7,2,1,4,164,141,696,546,1.0145,83,0.0818139
0250401074100030c043a000a00000c7,2,1,5,164,141,696,546,1.0145,74,0.0729425
0250401074100030c043a000a00000c7,2,1,6,164,141,696,546,1.0145,92,0.0906853
0250401074100030c043a000a00000c7,2,1,7,164,141,696,546,1.0145,72,0.0709711
0250401074100030c043a000a00000c7,2,1,8,164,141,696,546,1.0145,89,0.0877282
0250401074100030c043a000a00000c7,2,1,9,164,141,696,546,1.0145,78,0.0768854
0250401074100030c043a000a00000c7,2,1,10,164,141,696,546,1.0145,86,0.0847711
0250401074100030c043a000a00000c7,2,1,11,164,141,696,546,1.0145,92,0.0906853
0250401074100030c043a000a00000c7,2,1,12,164,141,696,546,1.0145,91,0.0896996
0250401074100030c043a000a00000c7,2,1,13,164,141,696,546,1.0145,5873,5.78907
0250401074100030c043a000a00000c7,2,1,14,164,141,696,546,1.0145,306,0.301627
0250401074100030c043a000a00000c7,2,1,15,164,141,696,546,1.0145,89,0.0877282
0250401074100030c043a000a00000c7,2,1,16,164,141,696,546,1.0145,142,0.139971
0250401074100030c043a000a00000c7,2,1,17,164,141,696,546,1.0145,99,0.0975853
0250401074100030c043a000a00000c7,2,1,18,164,141,696,546,1.0145,360,0.354856
0250401074100030c043a000a00000c7,2,1,19,164,141,696,546,1.0145,202,0.199113
0250401074100030c043a000a00000c7,2,1,20,164,141,696,546,1.0145,112,0.1104
0250401074100030c043a000a00000c7,2,1,21,164,141,696,546,1.0145,4673,4.60622
0250401074100030c043a000a00000c7,2,1,22,164,141,696,546,1.0145,2564,2.52736
0250401074100030c043a000a00000c7,2,1,23,164,141,696,546,1.0145,421,0.414984
0250401074100030c043a000a00000c7,2,1,24,164,141,696,546,1.0145,716,0.705768
0250401074100030c043a000a00000c7,2,1,25,164,141,696,546,1.0145,2707,2.66832
0250401074100030c043a000a00000c7,2,1,26,164,141,696,546,1.0145,9457,9.32186
0250401074100030c043a000a00000c7,2,1,27,164,141,696,546,1.0145,2288,2.2553
0250401074100030c043a000a00000c7,2,1,28,164,141,696,546,1.0145,0,0
0250401074100030c043a000a00000c7,2,1,29,164,141,696,546,1.0145,893,0.880239
0250401074100030c043a000a00000c7,2,1,30,164,141,696,546,1.0145,309,0.304584
0250401074100030c043a000a00000c7,2,1,31,164,141,696,546,1.0145,501,0.493841
0250401074100030c043a000a00000c7,2,1,32,164,141,696,546,1.0145,106,0.104485
0250401074100030c043a000a00000c7,2,1,33,164,141,696,546,1.0145,9750,9.61067
0250401074100030c043a000a00000c7,2,1,34,164,141,696,546,1.0145,1841,1.81469
0250401074100030c043a000a00000c7,2,1,35,164,141,696,546,1.0145,333,0.328241
0250401074100030c043a000a00000c7,2,1,36,164,141,696,546,1.0145,134,0.132085
0250401074100030c043a000a00000c7,2,1,37,164,141,696,546,1.0145,107,0.105471
0250401074100030c043a000a00000c7,2,1,38,164,141,696,546,1.0145,1680,1.65599
0250401074100030c043a000a00000c7,2,1,39,164,141,696,546,1.0145,266,0.262199
0250401074100030c043a000a00000c7,2,1,40,164,141,696,546,1.0145,297,0.292756
0250401074100030c043a000a00000c7,2,1,41,164,141,696,546,1.0145,319,0.314441
0250401074100030c043a000a00000c7,2,1,42,164,141,696,546,1.0145,110,0.108428
0250401074100030c043a000a00000c7,2,1,43,164,141,696,546,1.0145,94,0.0926567
0250401074100030c043a000a00000c7,2,1,44,164,141,696,546,1.0145,100,0.098571
0250401074100030c043a000a00000c7,2,1,45,164,141,696,546,1.0145,89,0.0877282
0250401074100030c043a000a00000c7,2,1,46,164,141,696,546,1.0145,251,0.247413
0250401074100030c043a000a00000c7,2,1,47,164,141,696,546,1.0145,125,0.123214
0250401074100030c043a000a00000c7,2,1,48,164,141,696,546,1.0145,96,0.0946281
0250401074100030c043a000a00000c7,2,1,49,164,141,696,546,1.0145,151,0.148842
0250401074100030c043a000a00000c7,2,1,50,164,141,696,546,1.0145,86,0.0847711
0250401074100030c043a000a00000c7,2,1,51,164,141,696,546,1.0145,95,0.0936424
0250401074100030c043a000a00000c7,2,1,52,164,141,696,546,1.0145,75,0.0739282
0250401074100030c043a000a00000c7,2,1,53,164,141,696,546,1.0145,68,0.0670283
0250401074100030c043a000a00000c7,2,1,54,164,141,696,546,1.0145,76,0.074914
0250401074100030c043a000a00000c7,2,1,55,164,141,696,546,1.0145,58,0.0571712
0250401074100030c043a000a00000c7,2,1,56,164,141,696,546,1.0145,74,0.0729425
0250401074100030c043a000a00000c7,2,1,57,164,141,696,546,1.0145,74,0.0729425
0250401074100030c043a000a00000c7,2,1,58,164,141,696,546,1.0145,73,0.0719568
0250401074100030c043a000a00000c7,2,1,59,164,141,696,546,1.0145,74,0.0729425
0250401074100030c043a000a00000c7,2,1,60,164,141,696,546,1.0145,65,0.0640711
0250401074100030c043a000a00000c7,2,1,61,164,141,696,546,1.0145,65,0.0640711
0250401074100030c043a000a00000c7,2,1,62,164,141,696,546,1.0145,63,0.0620997
0250401074100030c043a000a00000c7,2,1,63,164,141,696,546,1.0145,0,0
0250401074100030c043a000a00000c7,2,1,0,164,141,697,547,1.01745,61,0.059954
0250401074100030c043a000a00000c7,2,1,1,164,141,697,547,1.01745,59,0.0579883
0250401074100030c043a000a00000c7,2,1,2,164,141,697,547,1.01745,59,0.0579883
0250401074100030c043a000a00000c7,2,1,3,164,141,697,547,1.01745,69,0.0678168
0250401074100030c043a000a00000c7,2,1,4,164,141,697,547,1.01745,68,0.066834
0250401074100030c043a000a00000c7,2,1,5,164,141,697,547,1.01745,60,0.0589712
0250401074100030c043a000a00000c7,2,1,6,164,141,697,547,1.01745,79,0.0776454
0250401074100030c043a000a00000c7,2,1,7,164,141,697,547,1.01745,60,0.0589712
0250401074100030c043a000a00000c7,2,1,8,164,141,697,547,1.01745,79,0.0776454
0250401074100030c043a000a00000c7,2,1,9,164,141,697,547,1.01745,64,0.0629026
0250401074100030c043a000a00000c7,2,1,10,164,141,697,547,1.01745,71,0.0697825
0250401074100030c043a000a00000c7,2,1,11,164,141,697,547,1.01745,82,0.0805939
0250401074100030c043a000a00000c7,2,1,12,164,141,697,547,1.01745,76,0.0746968
0250401074100030c043a000a00000c7,2,1,13,164,141,697,547,1.01745,3929,3.86163
0250401074100030c043a000a00000c7,2,1,14,164,141,697,547,1.01745,231,0.227039
0250401074100030c043a000a00000c7,2,1,15,164,141,697,547,1.01745,75,0.073714
0250401074100030c043a000a00000c7,2,1,16,164,141,697,547,1.01745,127,0.124822
0250401074100030c043a000a00000c7,2,1,17,164,141,697,547,1.01745,78,0.0766625
0250401074100030c043a000a00000c7,2,1,18,164,141,697,547,1.01745,273,0.268319
0250401074100030c043a000a00000c7,2,1,19,164,141,697,547,1.01745,161,0.158239
0250401074100030c043a000a00000c7,2,1,20,164,141,697,547,1.01745,99,0.0973024
0250401074100030c043a000a00000c7,2,1,21,164,141,697,547,1.01745,2787,2.73921
0250401074100030c043a000a00000c7,2,1,22,164,141,697,547,1.01745,1516,1.49
0250401074100030c043a000a00000c7,2,1,23,164,141,697,547,1.01745,279,0.274216
0250401074100030c043a000a00000c7,2,1,24,164,141,697,547,1.01745,434,0.426558
0250401074100030c043a000a00000c7,2,1,25,164,141,697,547,1.01745,1557,1.5303
0250401074100030c043a000a00000c7,2,1,26,164,141,697,547,1.01745,8191,8.05055
0250401074100030c043a000a00000c7,2,1,27,164,141,697,547,1.01745,1327,1.30425
0250401074100030c043a000a00000c7,2,1,28,164,141,697,547,1.01745,0,0
0250401074100030c043a000a00000c7,2,1,29,164,141,697,547,1.01745,500,0.491426
0250401074100030c043a000a00000c7,2,1,30,164,141,697,547,1.01745,235,0.23097
0250401074100030c043a000a00000c7,2,1,31,164,141,697,547,1.01745,332,0.326307
0250401074100030c043a000a00000c7,2,1,32,164,141,697,547,1.01745,90,0.0884567
0250401074100030c043a000a00000c7,2,1,33,164,141,697,547,1.01745,8625,8.47711
0250401074100030c043a000a00000c7,2,1,34,164,141,697,547,1.01745,1019,1.00153
0250401074100030c043a000a00000c7,2,1,35,164,141,697,547,1.01745,243,0.238833
0250401074100030c043a000a00000c7,2,1,36,164,141,697,547,1.01745,121,0.118925
0250401074100030c043a000a00000c7,2,1,37,164,141,697,547,1.01745,88,0.086491
0250401074100030c043a000a00000c7,2,1,38,164,141,697,547,1.01745,926,0.910122
0250401074100030c043a000a00000c7,2,1,39,164,141,697,547,1.01745,182,0.178879
0250401074100030c043a000a00000c7,2,1,40,164,141,697,547,1.01745,227,0.223108
0250401074100030c043a000a00000c7,2,1,41,164,141,697,547,1.01745,243,0.238833
0250401074100030c043a000a00000c7,2,1,42,164,141,697,547,1.01745,94,0.0923882
0250401074100030c043a000a00000c7,2,1,43,164,141,697,547,1.01745,82,0.0805939
0250401074100030c043a000a00000c7,2,1,44,164,141,697,547,1.01745,84,0.0825596
0250401074100030c043a000a00000c7,2,1,45,164,141,697,547,1.01745,77,0.0756797
0250401074100030c043a000a00000c7,2,1,46,164,141,697,547,1.01745,191,0.187725
0250401074100030c043a000a00000c7,2,1,47,164,141,697,547,1.01745,109,0.107131
0250401074100030c043a000a00000c7,2,1,48,164,141,697,547,1.01745,83,0.0815768
0250401074100030c043a000a00000c7,2,1,49,164,141,697,547,1.01745,123,0.120891
0250401074100030c043a000a00000c7,2,1,50,164,141,697,547,1.01745,74,0.0727311
0250401074100030c043a000a00000c7,2,1,51,164,141,697,547,1.01745,78,0.0766625
0250401074100030c043a000a00000c7,2,1,52,164,141,697,547,1.01745,62,0.0609369
0250401074100030c043a000a00000c7,2,1,53,164,141,697,547,1.01745,55,0.0540569
0250401074100030c043a000a00000c7,2,1,54,164,141,697,547,1.01745,64,0.0629026
0250401074100030c043a000a00000c7,2,1,55,164,141,697,547,1.01745,45,0.0442284
0250401074100030c043a000a00000c7,2,1,56,164,141,697,547,1.01745,61,0.059954
0250401074100030c043a000a00000c7,2,1,57,164,141,697,547,1.01745,62,0.0609369
0250401074100030c043a000a00000c7,2,1,58,164,141,697,547,1.01745,61,0.059954
0250401074100030c043a000a00000c7,2,1,59,164,141,697,547,1.01745,62,0.0609369
0250401074100030c043a000a00000c7,2,1,60,164,141,697,547,1.01745,54,0.053074
0250401074100030c043a000a00000c7,2,1,61,164,141,697,547,1.01745,50,0.0491426
0250401074100030c043a000a00000c7,2,1,62,164,141,697,547,1.01745,47,0.0461941
0250401074100030c043a000a00000c7,2,1,63,164,141,697,547,1.01745,0,0
0250401074100030c043a000a00000c7,2,1,0,164,141,698,548,1.01597,53,0.0521668
0250401074100030c043a000a00000c7,2,1,1,164,141,698,548,1.01597,49,0.0482297
0250401074100030c043a000a00000c7,2,1,2,164,141,698,548,1.01597,51,0.0501982
0250401074100030c043a000a00000c7,2,1,3,164,141,698,548,1.01597,58,0.0570882
0250401074100030c043a000a00000c7,2,1,4,164,141,698,548,1.01597,57,0.0561039
0250401074100030c043a000a00000c7,2,1,5,164,141,698,548,1.01597,53,0.0521668
0250401074100030c043a000a00000c7,2,1,6,164,141,698,548,1.01597,61,0.060041
0250401074100030c043a000a00000c7,2,1,7,164,141,698,548,1.01597,51,0.0501982
0250401074100030c043a000a00000c7,2,1,8,164,141,698,548,1.01597,61,0.060041
0250401074100030c043a000a00000c7,2,1,9,164,141,698,548,1.01597,56,0.0551196
0250401074100030c043a000a00000c7,2,1,10,164,141,698,548,1.01597,58,0.0570882
0250401074100030c043a000a00000c7,2,1,11,164,141,698,548,1.01597,61,0.060041
0250401074100030c043a000a00000c7,2,1,12,164,141,698,548,1.01597,62,0.0610253
0250401074100030c043a000a00000c7,2,1,13,164,141,698,548,1.01597,2049,2.01679
0250401074100030c043a000a00000c7,2,1,14,164,141,698,548,1.01597,163,0.160438
0250401074100030c043a000a00000c7,2,1,15,164,141,698,548,1.01597,60,0.0590568
0250401074100030c043a000a00000c7,2,1,16,164,141,698,548,1.01597,97,0.0954751
0250401074100030c043a000a00000c7,2,1,17,164,141,698,548,1.01597,65,0.0639782
0250401074100030c043a000a00000c7,2,1,18,164,141,698,548,1.01597,170,0.167327
0250401074100030c043a000a00000c7,2,1,19,164,141,698,548,1.01597,107,0.105318
0250401074100030c043a000a00000c7,2,1,20,164,141,698,548,1.01597,72,0.0708681
0250401074100030c043a000a00000c7,2,1,21,164,141,698,548,1.01597,1321,1.30023
0250401074100030c043a000a00000c7,2,1,22,164,141,698,548,1.01597,752,0.740178
0250401074100030c043a000a00000c7,2,1,23,164,141,698,548,1.01597,187,0.18406
0250401074100030c043a000a00000c7,2,1,24,164,141,698,548,1.01597,254,0.250007
0250401074100030c043a000a00000c7,2,1,25,164,141,698,548,1.01597,705,0.693917
0250401074100030c043a000a00000c7,2,1,26,164,141,698,548,1.01597,5859,5.76689
0250401074100030c043a000a00000c7,2,1,27,164,141,698,548,1.01597,614,0.604347
0250401074100030c043a000a00000c7,2,1,28,164,141,698,548,1.01597,0,0
0250401074100030c043a000a00000c7,2,1,29,164,141,698,548,1.01597,287,0.282488
0250401074100030c043a000a00000c7,2,1,30,164,141,698,548,1.01597,169,0.166343
0250401074100030c043a000a00000c7,2,1,31,164,141,698,548,1.01597,219,0.215557
0250401074100030c043a000a00000c7,2,1,32,164,141,698,548,1.01597,72,0.0708681
0250401074100030c043a000a00000c7,2,1,33,164,141,698,548,1.01597,6478,6.37616
0250401074100030c043a000a00000c7,2,1,34,164,141,698,548,1.01597,491,0.483281
0250401074100030c043a000a00000c7,2,1,35,164,141,698,548,1.01597,162,0.159453
0250401074100030c043a000a00000c7,2,1,36,164,141,698,548,1.01597,85,0.0836637
0250401074100030c043a000a00000c7,2,1,37,164,141,698,548,1.01597,70,0.0688995
0250401074100030c043a000a00000c7,2,1,38,164,141,698,548,1.01597,429,0.422256
0250401074100030c043a000a00000c7,2,1,39,164,141,698,548,1.01597,146,0.143705
0250401074100030c043a000a00000c7,2,1,40,164,141,698,548,1.01597,161,0.158469
0250401074100030c043a000a00000c7,2,1,41,164,141,698,548,1.01597,146,0.143705
0250401074100030c043a000a00000c7,2,1,42,164,141,698,548,1.01597,73,0.0718524
0250401074100030c043a000a00000c7,2,1,43,164,141,698,548,1.01597,65,0.0639782
0250401074100030c043a000a00000c7,2,1,44,164,141,698,548,1.01597,66,0.0649624
0250401074100030c043a000a00000c7,2,1,45,164,141,698,548,1.01597,62,0.0610253
0250401074100030c043a000a00000c7,2,1,46,164,141,698,548,1.01597,135,0.132878
0250401074100030c043a000a00000c7,2,1,47,164,141,698,548,1.01597,79,0.0777581
0250401074100030c043a000a00000c7,2,1,48,164,141,698,548,1.01597,67,0.0659467
0250401074100030c043a000a00000c7,2,1,49,164,141,698,548,1.01597,91,0.0895694
0250401074100030c043a000a00000c7,2,1,50,164,141,698,548,1.01597,60,0.0590568
0250401074100030c043a000a00000c7,2,1,51,164,141,698,548,1.01597,66,0.0649624
0250401074100030c043a000a00000c7,2,1,52,164,141,698,548,1.01597,56,0.0551196
0250401074100030c043a000a00000c7,2,1,53,164,141,698,548,1.01597,49,0.0482297
0250401074100030c043a000a00000c7,2,1,54,164,141,698,548,1.01597,58,0.0570882
0250401074100030c043a000a00000c7,2,1,55,164,141,698,548,1.01597,40,0.0393712
0250401074100030c043a000a00000c7,2,1,56,164,141,698,548,1.01597,53,0.0521668
0250401074100030c043a000a00000c7,2,1,57,164,141,698,548,1.01597,53,0.0521668
0250401074100030c043a000a00000c7,2,1,58,164,141,698,548,1.01597,52,0.0511825
0250401074100030c043a000a00000c7,2,1,59,164,141,698,548,1.01597,56,0.0551196
0250401074100030c043a000a00000c7,2,1,60,164,141,698,548,1.01597,48,0.0472454
0250401074100030c043a000a00000c7,2,1,61,164,141,698,548,1.01597,45,0.0442926
0250401074100030c043a000a00000c7,2,1,62,164,141,698,548,1.01597,42,0.0413397
0250401074100030c043a000a00000c7,2,1,63,164,141,698,548,1.01597,0,0
0250401074100030c043a000a00000c7,2,1,0,164,141,699,548,1.0204,53,0.0519406
0250401074100030c043a000a00000c7,2,1,1,164,141,699,548,1.0204,49,0.0480206
0250401074100030c043a000a00000c7,2,1,2,164,141,699,548,1.0204,51,0.0499806
0250401074100030c043a000a00000c7,2,1,3,164,141,699,548,1.0204,56,0.0548807
0250401074100030c043a000a00000c7,2,1,4,164,141,699,548,1.0204,57,0.0558607
0250401074100030c043a000a00000c7,2,1,5,164,141,699,548,1.0204,53,0.0519406
0250401074100030c043a000a00000c7,2,1,6,164,141,699,548,1.0204,65,0.0637008
0250401074100030c043a000a00000c7,2,1,7,164,141,699,548,1.0204,52,0.0509606
0250401074100030c043a000a00000c7,2,1,8,164,141,699,548,1.0204,65,0.0637008
0250401074100030c043a000a00000c7,2,1,9,164,141,699,548,1.0204,54,0.0529207
0250401074100030c043a000a00000c7,2,1,10,164,141,699,548,1.0204,59,0.0578207
0250401074100030c043a000a00000c7,2,1,11,164,141,699,548,1.0204,60,0.0588007
0250401074100030c043a000a00000c7,2,1,12,164,141,699,548,1.0204,65,0.0637008
0250401074100030c043a000a00000c7,2,1,13,164,141,699,548,1.0204,1415,1.38672
0250401074100030c043a000a00000c7,2,1,14,164,141,699,548,1.0204,137,0.134262
0250401074100030c043a000a00000c7,2,1,15,164,141,699,548,1.0204,59,0.0578207
0250401074100030c043a000a00000c7,2,1,16,164,141,699,548,1.0204,89,0.0872211
0250401074100030c043a000a00000c7,2,1,17,164,141,699,548,1.0204,64,0.0627208
0250401074100030c043a000a00000c7,2,1,18,164,141,699,548,1.0204,160,0.156802
0250401074100030c043a000a00000c7,2,1,19,164,141,699,548,1.0204,110,0.107801
0250401074100030c043a000a00000c7,2,1,20,164,141,699,548,1.0204,75,0.0735009
0250401074100030c043a000a00000c7,2,1,21,164,141,699,548,1.0204,895,0.877111
0250401074100030c043a000a00000c7,2,1,22,164,141,699,548,1.0204,488,0.478246
0250401074100030c043a000a00000c7,2,1,23,164,141,699,548,1.0204,156,0.152882
0250401074100030c043a000a00000c7,2,1,24,164,141,699,548,1.0204,216,0.211683
0250401074100030c043a000a00000c7,2,1,25,164,141,699,548,1.0204,464,0.454726
0250401074100030c043a000a00000c7,2,1,26,164,141,699,548,1.0204,5882,5.76443
0250401074100030c043a000a00000c7,2,1,27,164,141,699,548,1.0204,418,0.409645
0250401074100030c043a000a00000c7,2,1,28,164,141,699,548,1.0204,0,0
0250401074100030c043a000a00000c7,2,1,29,164,141,699,548,1.0204,215,0.210703
0250401074100030c043a000a00000c7,2,1,30,164,141,699,548,1.0204,150,0.147002
0250401074100030c043a000a00000c7,2,1,31,164,141,699,548,1.0204,187,0.183262
0250401074100030c043a000a00000c7,2,1,32,164,141,699,548,1.0204,73,0.0715409
0250401074100030c043a000a00000c7,2,1,33,164,141,699,548,1.0204,6943,6.80422
0250401074100030c043a000a00000c7,2,1,34,164,141,699,548,1.0204,357,0.349864
0250401074100030c043a000a00000c7,2,1,35,164,141,699,548,1.0204,146,0.143082
0250401074100030c043a000a00000c7,2,1,36,164,141,699,548,1.0204,84,0.082321
0250401074100030c043a000a00000c7,2,1,37,164,141,699,548,1.0204,62,0.0607608
0250401074100030c043a000a00000c7,2,1,38,164,141,699,548,1.0204,329,0.322424
0250401074100030c043a000a00000c7,2,1,39,164,141,699,548,1.0204,123,0.120541
0250401074100030c043a000a00000c7,2,1,40,164,141,699,548,1.0204,133,0.130342
0250401074100030c043a000a00000c7,2,1,41,164,141,699,548,1.0204,140,0.137202
0250401074100030c043a000a00000c7,2,1,42,164,141,699,548,1.0204,72,0.0705609
0250401074100030c043a000a00000c7,2,1,43,164,141,699,548,1.0204,60,0.0588007
0250401074100030c043a000a00000c7,2,1,44,164,141,699,548,1.0204,69,0.0676208
0250401074100030c043a000a00000c7,2,1,45,164,141,699,548,1.0204,56,0.0548807
0250401074100030c043a000a00000c7,2,1,46,164,141,699,548,1.0204,113,0.110741
0250401074100030c043a000a00000c7,2,1,47,164,141,699,548,1.0204,71,0.0695809
0250401074100030c043a000a00000c7,2,1,48,164,141,699,548,1.0204,63,0.0617408
0250401074100030c043a000a00000c7,2,1,49,164,141,699,548,1.0204,83,0.081341
0250401074100030c043a000a00000c7,2,1,50,164,141,699,548,1.0204,57,0.0558607
0250401074100030c043a000a00000c7,2,1,51,164,141,699,548,1.0204,60,0.0588007
0250401074100030c043a000a00000c7,2,1,52,164,141,699,548,1.0204,52,0.0509606
0250401074100030c043a000a00000c7,2,1,53,164,141,699,548,1.0204,46,0.0450806
0250401074100030c043a000a00000c7,2,1,54,164,141,699,548,1.0204,53,0.0519406
0250401074100030c043a000a00000c7,2,1,55,164,141,699,548,1.0204,34,0.0333204
0250401074100030c043a000a00000c7,2,1,56,164,141,699,548,1.0204,51,0.0499806
0250401074100030c043a000a00000c7,2,1,57,164,141,699,548,1.0204,51,0.0499806
0250401074100030c043a000a00000c7,2,1,58,164,141,699,548,1.0204,52,0.0509606
0250401074100030c043a000a00000c7,2,1,59,164,141,699,548,1.0204,52,0.0509606
0250401074100030c043a000a00000c7,2,1,60,164,141,699,548,1.0204,43,0.0421405
0250401074100030c043a000a00000c7,2,1,61,164,141,699,548,1.0204,41,0.0401805
0250401074100030c043a000a00000c7,2,1,62,164,141,699,548,1.0204,36,0.0352804
0250401074100030c043a000a00000c7,2,1,63,164,141,699,548,1.0204,0,0
0250401074100030c043a000a00000c7,2,1,0,164,141,700,549,1.01892,74,0.0726258
0250401074100030c043a000a00000c7,2,1,1,164,141,700,549,1.01892,66,0.0647744
0250401074100030c043a000a00000c7,2,1,2,164,141,700,549,1.01892,68,0.0667373
0250401074100030c043a000a00000c7,2,1,3,164,141,700,549,1.01892,79,0.077533
0250401074100030c043a000a00000c7,2,1,4,164,141,700,549,1.01892,78,0.0765516
0250401074100030c043a000a00000c7,2,1,5,164,141,700,549,1.01892,72,0.070663
0250401074100030c043a000a00000c7,2,1,6,164,141,700,549,1.01892,87,0.0853844
0250401074100030c043a000a00000c7,2,1,7,164,141,700,549,1.01892,71,0.0696816
0250401074100030c043a000a00000c7,2,1,8,164,141,700,549,1.01892,83,0.0814587
0250401074100030c043a000a00000c7,2,1,9,164,141,700,549,1.01892,75,0.0736073
0250401074100030c043a000a00000c7,2,1,10,164,141,700,549,1.01892,79,0.077533
0250401074100030c043a000a00000c7,2,1,11,164,141,700,549,1.01892,85,0.0834216
0250401074100030c043a000a00000c7,2,1,12,164,141,700,549,1.01892,86,0.084403
0250401074100030c043a000a00000c7,2,1,13,164,141,700,549,1.01892,836,0.820476
0250401074100030c043a000a00000c7,2,1,14,164,141,700,549,1.01892,145,0.142307
0250401074100030c043a000a00000c7,2,1,15,164,141,700,549,1.01892,83,0.0814587
0250401074100030c043a000a00000c7,2,1,16,164,141,700,549,1.01892,115,0.112864
0250401074100030c043a000a00000c7,2,1,17,164,141,700,549,1.01892,85,0.0834216
0250401074100030c043a000a00000c7,2,1,18,164,141,700,549,1.01892,174,0.170769
0250401074100030c043a000a00000c7,2,1,19,164,141,700,549,1.01892,121,0.118753
0250401074100030c043a000a00000c7,2,1,20,164,141,700,549,1.01892,91,0.0893102
0250401074100030c043a000a00000c7,2,1,21,164,141,700,549,1.01892,581,0.570211
0250401074100030c043a000a00000c7,2,1,22,164,141,700,549,1.01892,348,0.341538
0250401074100030c043a000a00000c7,2,1,23,164,141,700,549,1.01892,158,0.155066
0250401074100030c043a000a00000c7,2,1,24,164,141,700,549,1.01892,200,0.196286
0250401074100030c043a000a00000c7,2,1,25,164,141,700,549,1.01892,349,0.342519
0250401074100030c043a000a00000c7,2,1,26,164,141,700,549,1.01892,4434,4.35166
0250401074100030c043a000a00000c7,2,1,27,164,141,700,549,1.01892,311,0.305225
0250401074100030c043a000a00000c7,2,1,28,164,141,700,549,1.01892,0,0
0250401074100030c043a000a00000c7,2,1,29,164,141,700,549,1.01892,209,0.205119
0250401074100030c043a000a00000c7,2,1,30,164,141,700,549,1.01892,163,0.159973
0250401074100030c043a000a00000c7,2,1,31,164,141,700,549,1.01892,175,0.17175
0250401074100030c043a000a00000c7,2,1,32,164,141,700,549,1.01892,91,0.0893102
0250401074100030c043a000a00000c7,2,1,33,164,141,700,549,1.01892,5812,5.70407
0250401074100030c043a000a00000c7,2,1,34,164,141,700,549,1.01892,291,0.285596
0250401074100030c043a000a00000c7,2,1,35,164,141,700,549,1.01892,160,0.157029
0250401074100030c043a000a00000c7,2,1,36,164,141,700,549,1.01892,96,0.0942173
0250401074100030c043a000a00000c7,2,1,37,164,141,700,549,1.01892,87,0.0853844
0250401074100030c043a000a00000c7,2,1,38,164,141,700,549,1.01892,278,0.272838
0250401074100030c043a000a00000c7,2,1,39,164,141,700,549,1.01892,143,0.140345
0250401074100030c043a000a00000c7,2,1,40,164,141,700,549,1.01892,149,0.146233
0250401074100030c043a000a00000c7,2,1,41,164,141,700,549,1.01892,157,0.154085
0250401074100030c043a000a00000c7,2,1,42,164,141,700,549,1.01892,89,0.0873473
0250401074100030c043a000a00000c7,2,1,43,164,141,700,549,1.01892,84,0.0824402
0250401074100030c043a000a00000c7,2,1,44,164,141,700,549,1.01892,88,0.0863659
0250401074100030c043a000a00000c7,2,1,45,164,141,700,549,1.01892,83,0.0814587
0250401074100030c043a000a00000c7,2,1,46,164,141,700,549,1.01892,117,0.114827
0250401074100030c043a000a00000c7,2,1,47,164,141,700,549,1.01892,96,0.0942173
0250401074100030c043a000a00000c7,2,1,48,164,141,700,549,1.01892,86,0.084403
0250401074100030c043a000a00000c7,2,1,49,164,141,700,549,1.01892,99,0.0971616
0250401074100030c043a000a00000c7,2,1,50,164,141,700,549,1.01892,79,0.077533
0250401074100030c043a000a00000c7,2,1,51,164,141,700,549,1.01892,82,0.0804773
0250401074100030c043a000a00000c7,2,1,52,164,141,700,549,1.01892,75,0.0736073
0250401074100030c043a000a00000c7,2,1,53,164,141,700,549,1.01892,64,0.0628115
0250401074100030c043a000a00000c7,2,1,54,164,141,700,549,1.01892,76,0.0745887
0250401074100030c043a000a00000c7,2,1,55,164,141,700,549,1.01892,50,0.0490715
0250401074100030c043a000a00000c7,2,1,56,164,141,700,549,1.01892,71,0.0696816
0250401074100030c043a000a00000c7,2,1,57,164,141,700,549,1.01892,71,0.0696816
0250401074100030c043a000a00000c7,2,1,58,164,141,700,549,1.01892,69,0.0677187
0250401074100030c043a000a00000c7,2,1,59,164,141,700,549,1.01892,72,0.070663
0250401074100030c043a000a00000c7,2,1,60,164,141,700,549,1.01892,59,0.0579044
0250401074100030c043a000a00000c7,2,1,61,164,141,700,549,1.01892,58,0.056923
0250401074100030c043a000a00000c7,2,1,62,164,141,700,549,1.01892,51,0.050053
0250401074100030c043a000a00000c7,2,1,63,164,141,700,549,1.01892,2,0.00196286
0250401074100030c043a000a00000c7,2,1,0,164,141,701,550,1.0838,55,0.0507473
0250401074100030c043a000a00000c7,2,1,1,164,141,701,550,1.0838,50,0.0461339
0250401074100030c043a000a00000c7,2,1,2,164,141,701,550,1.0838,49,0.0452112
0250401074100030c043a000a00000c7,2,1,3,164,141,701,550,1.0838,61,0.0562834
0250401074100030c043a000a00000c7,2,1,4,164,141,701,550,1.0838,63,0.0581287
0250401074100030c043a000a00000c7,2,1,5,164,141,701,550,1.0838,54,0.0498246
0250401074100030c043a000a00000c7,2,1,6,164,141,701,550,1.0838,76,0.0701235
0250401074100030c043a000a00000c7,2,1,7,164,141,701,550,1.0838,51,0.0470566
0250401074100030c043a000a00000c7,2,1,8,164,141,701,550,1.0838,74,0.0682782
0250401074100030c043a000a00000c7,2,1,9,164,141,701,550,1.0838,58,0.0535153
0250401074100030c043a000a00000c7,2,1,10,164,141,701,550,1.0838,66,0.0608968
0250401074100030c043a000a00000c7,2,1,11,164,141,701,550,1.0838,68,0.0627421
0250401074100030c043a000a00000c7,2,1,12,164,141,701,550,1.0838,76,0.0701235
0250401074100030c043a000a00000c7,2,1,13,164,141,701,550,1.0838,467,0.430891
0250401074100030c043a000a00000c7,2,1,14,164,141,701,550,1.0838,118,0.108876
0250401074100030c043a000a00000c7,2,1,15,164,141,701,550,1.0838,66,0.0608968
0250401074100030c043a000a00000c7,2,1,16,164,141,701,550,1.0838,92,0.0848864
0250401074100030c043a000a00000c7,2,1,17,164,141,701,550,1.0838,68,0.0627421
0250401074100030c043a000a00000c7,2,1,18,164,141,701,550,1.0838,128,0.118103
0250401074100030c043a000a00000c7,2,1,19,164,141,701,550,1.0838,90,0.083041
0250401074100030c043a000a00000c7,2,1,20,164,141,701,550,1.0838,79,0.0728916
0250401074100030c043a000a00000c7,2,1,21,164,141,701,550,1.0838,325,0.29987
0250401074100030c043a000a00000c7,2,1,22,164,141,701,550,1.0838,244,0.225133
0250401074100030c043a000a00000c7,2,1,23,164,141,701,550,1.0838,125,0.115335
0250401074100030c043a000a00000c7,2,1,24,164,141,701,550,1.0838,151,0.139324
0250401074100030c043a000a00000c7,2,1,25,164,141,701,550,1.0838,225,0.207603
0250401074100030c043a000a00000c7,2,1,26,164,141,701,550,1.0838,2759,2.54567
0250401074100030c043a000a00000c7,2,1,27,164,141,701,550,1.0838,218,0.201144
0250401074100030c043a000a00000c7,2,1,28,164,141,701,550,1.0838,0,0
0250401074100030c043a000a00000c7,2,1,29,164,141,701,550,1.0838,154,0.142092
0250401074100030c043a000a00000c7,2,1,30,164,141,701,550,1.0838,126,0.116257
0250401074100030c043a000a00000c7,2,1,31,164,141,701,550,1.0838,133,0.122716
0250401074100030c043a000a00000c7,2,1,32,164,141,701,550,1.0838,81,0.0747369
0250401074100030c043a000a00000c7,2,1,33,164,141,701,550,1.0838,3929,3.6252
0250401074100030c043a000a00000c7,2,1,34,164,141,701,550,1.0838,207,0.190994
0250401074100030c043a000a00000c7,2,1,35,164,141,701,550,1.0838,114,0.105185
0250401074100030c043a000a00000c7,2,1,36,164,141,701,550,1.0838,87,0.080273
0250401074100030c043a000a00000c7,2,1,37,164,141,701,550,1.0838,69,0.0636648
0250401074100030c043a000a00000c7,2,1,38,164,141,701,550,1.0838,194,0.179
0250401074100030c043a000a00000c7,2,1,39,164,141,701,550,1.0838,107,0.0987266
0250401074100030c043a000a00000c7,2,1,40,164,141,701,550,1.0838,113,0.104263
0250401074100030c043a000a00000c7,2,1,41,164,141,701,550,1.0838,108,0.0996492
0250401074100030c043a000a00000c7,2,1,42,164,141,701,550,1.0838,80,0.0738142
0250401074100030c043a000a00000c7,2,1,43,164,141,701,550,1.0838,69,0.0636648
0250401074100030c043a000a00000c7,2,1,44,164,141,701,550,1.0838,76,0.0701235
0250401074100030c043a000a00000c7,2,1,45,164,141,701,550,1.0838,66,0.0608968
0250401074100030c043a000a00000c7,2,1,46,164,141,701,550,1.0838,96,0.0885771
0250401074100030c043a000a00000c7,2,1,47,164,141,701,550,1.0838,70,0.0645875
0250401074100030c043a000a00000c7,2,1,48,164,141,701,550,1.0838,70,0.0645875
0250401074100030c043a000a00000c7,2,1,49,164,141,701,550,1.0838,80,0.0738142
0250401074100030c043a000a00000c7,2,1,50,164,141,701,550,1.0838,65,0.0599741
0250401074100030c043a000a00000c7,2,1,51,164,141,701,550,1.0838,64,0.0590514
0250401074100030c043a000a00000c7,2,1,52,164,141,701,550,1.0838,55,0.0507473
0250401074100030c043a000a00000c7,2,1,53,164,141,701,550,1.0838,46,0.0424432
0250401074100030c043a000a00000c7,2,1,54,164,141,701,550,1.0838,56,0.05167
0250401074100030c043a000a00000c7,2,1,55,164,141,701,550,1.0838,41,0.0378298
0250401074100030c043a000a00000c7,2,1,56,164,141,701,550,1.0838,53,0.0489019
0250401074100030c043a000a00000c7,2,1,57,164,141,701,550,1.0838,55,0.0507473
0250401074100030c043a000a00000c7,2,1,58,164,141,701,550,1.0838,52,0.0479793
0250401074100030c043a000a00000c7,2,1,59,164,141,701,550,1.0838,55,0.0507473
0250401074100030c043a000a00000c7,2,1,60,164,141,701,550,1.0838,44,0.0405978
0250401074100030c043a000a00000c7,2,1,61,164,141,701,550,1.0838,44,0.0405978
0250401074100030c043a000a00000c7,2,1,62,164,141,701,550,1.0838,41,0.0378298
0250401074100030c043a000a00000c7,2,1,63,164,141,701,550,1.0838,0,0
0250401074100030c043a000a00000c7,2,1,0,164,141,702,551,1.06316,34,0.0319802
0250401074100030c043a000a00000c7,2,1,1,164,141,702,551,1.06316,32,0.030099
0250401074100030c043a000a00000c7,2,1,2,164,141,702,551,1.06316,33,0.0310396
0250401074100030c043a000a00000c7,2,1,3,164,141,702,551,1.06316,37,0.034802
0250401074100030c043a000a00000c7,2,1,4,164,141,702,551,1.06316,38,0.0357426
0250401074100030c043a000a00000c7,2,1,5,164,141,702,551,1.06316,34,0.0319802
0250401074100030c043a000a00000c7,2,1,6,164,141,702,551,1.06316,47,0.0442079
0250401074100030c043a000a00000c7,2,1,7,164,141,702,551,1.06316,34,0.0319802
0250401074100030c043a000a00000c7,2,1,8,164,141,702,551,1.06316,45,0.0423267
0250401074100030c043a000a00000c7,2,1,9,164,141,702,551,1.06316,35,0.0329208
0250401074100030c043a000a00000c7,2,1,10,164,141,702,551,1.06316,41,0.0385644
0250401074100030c043a000a00000c7,2,1,11,164,141,702,551,1.06316,43,0.0404455
0250401074100030c043a000a00000c7,2,1,12,164,141,702,551,1.06316,46,0.0432673
0250401074100030c043a000a00000c7,2,1,13,164,141,702,551,1.06316,194,0.182475
0250401074100030c043a000a00000c7,2,1,14,164,141,702,551,1.06316,63,0.0592574
0250401074100030c043a000a00000c7,2,1,15,164,141,702,551,1.06316,44,0.0413861
0250401074100030c043a000a00000c7,2,1,16,164,141,702,551,1.06316,53,0.0498515
0250401074100030c043a000a00000c7,2,1,17,164,141,702,551,1.06316,43,0.0404455
0250401074100030c043a000a00000c7,2,1,18,164,141,702,551,1.06316,66,0.0620792
0250401074100030c043a000a00000c7,2,1,19,164,141,702,551,1.06316,55,0.0517327
0250401074100030c043a000a00000c7,2,1,20,164,141,702,551,1.06316,48,0.0451485
0250401074100030c043a000a00000c7,2,1,21,164,141,702,551,1.06316,150,0.141089
0250401074100030c043a000a00000c7,2,1,22,164,141,702,551,1.06316,116,0.109109
0250401074100030c043a000a00000c7,2,1,23,164,141,702,551,1.06316,65,0.0611386
0250401074100030c043a000a00000c7,2,1,24,164,141,702,551,1.06316,70,0.0658416
0250401074100030c043a000a00000c7,2,1,25,164,141,702,551,1.06316,115,0.108168
0250401074100030c043a000a00000c7,2,1,26,164,141,702,551,1.06316,1082,1.01772
0250401074100030c043a000a00000c7,2,1,27,164,141,702,551,1.06316,114,0.107228
0250401074100030c043a000a00000c7,2,1,28,164,141,702,551,1.06316,0,0
0250401074100030c043a000a00000c7,2,1,29,164,141,702,551,1.06316,75,0.0705446
0250401074100030c043a000a00000c7,2,1,30,164,141,702,551,1.06316,65,0.0611386
0250401074100030c043a000a00000c7,2,1,31,164,141,702,551,1.06316,72,0.0677228
0250401074100030c043a000a00000c7,2,1,32,164,141,702,551,1.06316,48,0.0451485
0250401074100030c043a000a00000c7,2,1,33,164,141,702,551,1.06316,1617,1.52094
0250401074100030c043a000a00000c7,2,1,34,164,141,702,551,1.06316,106,0.099703
0250401074100030c043a000a00000c7,2,1,35,164,141,702,551,1.06316,68,0.0639604
0250401074100030c043a000a00000c7,2,1,36,164,141,702,551,1.06316,49,0.0460891
0250401074100030c043a000a00000c7,2,1,37,164,141,702,551,1.06316,44,0.0413861
0250401074100030c043a000a00000c7,2,1,38,164,141,702,551,1.06316,89,0.0837129
0250401074100030c043a000a00000c7,2,1,39,164,141,702,551,1.06316,58,0.0545545
0250401074100030c043a000a00000c7,2,1,40,164,141,702,551,1.06316,60,0.0564357
0250401074100030c043a000a00000c7,2,1,41,164,141,702,551,1.06316,60,0.0564357
0250401074100030c043a000a00000c7,2,1,42,164,141,702,551,1.06316,48,0.0451485
0250401074100030c043a000a00000c7,2,1,43,164,141,702,551,1.06316,45,0.0423267
0250401074100030c043a000a00000c7,2,1,44,164,141,702,551,1.06316,47,0.0442079
0250401074100030c043a000a00000c7,2,1,45,164,141,702,551,1.06316,41,0.0385644
0250401074100030c043a000a00000c7,2,1,46,164,141,702,551,1.06316,56,0.0526733
0250401074100030c043a000a00000c7,2,1,47,164,141,702,551,1.06316,45,0.0423267
0250401074100030c043a000a00000c7,2,1,48,164,141,702,551,1.06316,47,0.0442079
0250401074100030c043a000a00000c7,2,1,49,164,141,702,551,1.06316,48,0.0451485
0250401074100030c043a000a00000c7,2,1,50,164,141,702,551,1.06316,42,0.039505
0250401074100030c043a000a00000c7,2,1,51,164,141,702,551,1.06316,43,0.0404455
0250401074100030c043a000a00000c7,2,1,52,164,141,702,551,1.06316,34,0.0319802
0250401074100030c043a000a00000c7,2,1,53,164,141,702,551,1.06316,32,0.030099
0250401074100030c043a000a00000c7,2,1,54,164,141,702,551,1.06316,36,0.0338614
0250401074100030c043a000a00000c7,2,1,55,164,141,702,551,1.06316,19,0.0178713
0250401074100030c043a000a00000c7,2,1,56,164,141,702,551,1.06316,34,0.0319802
0250401074100030c043a000a00000c7,2,1,57,164,141,702,551,1.06316,34,0.0319802
0250401074100030c043a000a00000c7,2,1,58,164,141,702,551,1.06316,34,0.0319802
0250401074100030c043a000a00000c7,2,1,59,164,141,702,551,1.06316,34,0.0319802
0250401074100030c043a000a00000c7,2,1,60,164,141,702,551,1.06316,31,0.0291584
0250401074100030c043a000a00000c7,2,1,61,164,141,702,551,1.06316,29,0.0272772
0250401074100030c043a000a00000c7,2,1,62,164,141,702,551,1.06316,24,0.0225743
0250401074100030c043a000a00000c7,2,1,63,164,141,702,551,1.06316,0,0
0250401074100030c043a000a00000c7,2,1,0,164,141,703,552,1.23716,42,0.0339488
0250401074100030c043a000a00000c7,2,1,1,164,141,703,552,1.23716,38,0.0307156
0250401074100030c043a000a00000c7,2,1,2,164,141,703,552,1.23716,41,0.0331405
0250401074100030c043a000a00000c7,2,1,3,164,141,703,552,1.23716,46,0.0371821
0250401074100030c043a000a00000c7,2,1,4,164,141,703,552,1.23716,47,0.0379904
0250401074100030c043a000a00000c7,2,1,5,164,141,703,552,1.23716,41,0.0331405
0250401074100030c043a000a00000c7,2,1,6,164,141,703,552,1.23716,51,0.0412236
0250401074100030c043a000a00000c7,2,1,7,164,141,703,552,1.23716,41,0.0331405
0250401074100030c043a000a00000c7,2,1,8,164,141,703,552,1.23716,53,0.0428402
0250401074100030c043a000a00000c7,2,1,9,164,141,703,552,1.23716,45,0.0363738
0250401074100030c043a000a00000c7,2,1,10,164,141,703,552,1.23716,48,0.0387987
0250401074100030c043a000a00000c7,2,1,11,164,141,703,552,1.23716,50,0.0404153
0250401074100030c043a000a00000c7,2,1,12,164,141,703,552,1.23716,52,0.0420319
0250401074100030c043a000a00000c7,2,1,13,164,141,703,552,1.23716,135,0.109121
0250401074100030c043a000a00000c7,2,1,14,164,141,703,552,1.23716,64,0.0517316
0250401074100030c043a000a00000c7,2,1,15,164,141,703,552,1.23716,50,0.0404153
0250401074100030c043a000a00000c7,2,1,16,164,141,703,552,1.23716,60,0.0484983
0250401074100030c043a000a00000c7,2,1,17,164,141,703,552,1.23716,52,0.0420319
0250401074100030c043a000a00000c7,2,1,18,164,141,703,552,1.23716,69,0.0557731
0250401074100030c043a000a00000c7,2,1,19,164,141,703,552,1.23716,58,0.0468817
0250401074100030c043a000a00000c7,2,1,20,164,141,703,552,1.23716,54,0.0436485
0250401074100030c043a000a00000c7,2,1,21,164,141,703,552,1.23716,111,0.0897219
0250401074100030c043a000a00000c7,2,1,22,164,141,703,552,1.23716,103,0.0832555
0250401074100030c043a000a00000c7,2,1,23,164,141,703,552,1.23716,65,0.0525399
0250401074100030c043a000a00000c7,2,1,24,164,141,703,552,1.23716,73,0.0590063
0250401074100030c043a000a00000c7,2,1,25,164,141,703,552,1.23716,93,0.0751724
0250401074100030c043a000a00000c7,2,1,26,164,141,703,552,1.23716,575,0.464776
0250401074100030c043a000a00000c7,2,1,27,164,141,703,552,1.23716,89,0.0719392
0250401074100030c043a000a00000c7,2,1,28,164,141,703,552,1.23716,0,0
0250401074100030c043a000a00000c7,2,1,29,164,141,703,552,1.23716,74,0.0598146
0250401074100030c043a000a00000c7,2,1,30,164,141,703,552,1.23716,69,0.0557731
0250401074100030c043a000a00000c7,2,1,31,164,141,703,552,1.23716,68,0.0549648
0250401074100030c043a000a00000c7,2,1,32,164,141,703,552,1.23716,58,0.0468817
0250401074100030c043a000a00000c7,2,1,33,164,141,703,552,1.23716,934,0.754957
0250401074100030c043a000a00000c7,2,1,34,164,141,703,552,1.23716,91,0.0735558
0250401074100030c043a000a00000c7,2,1,35,164,141,703,552,1.23716,65,0.0525399
0250401074100030c043a000a00000c7,2,1,36,164,141,703,552,1.23716,58,0.0468817
0250401074100030c043a000a00000c7,2,1,37,164,141,703,552,1.23716,50,0.0404153
0250401074100030c043a000a00000c7,2,1,38,164,141,703,552,1.23716,91,0.0735558
0250401074100030c043a000a00000c7,2,1,39,164,141,703,552,1.23716,60,0.0484983
0250401074100030c043a000a00000c7,2,1,40,164,141,703,552,1.23716,65,0.0525399
0250401074100030c043a000a00000c7,2,1,41,164,141,703,552,1.23716,63,0.0509233
0250401074100030c043a000a00000c7,2,1,42,164,141,703,552,1.23716,54,0.0436485
0250401074100030c043a000a00000c7,2,1,43,164,141,703,552,1.23716,53,0.0428402
0250401074100030c043a000a00000c7,2,1,44,164,141,703,552,1.23716,55,0.0444568
0250401074100030c043a000a00000c7,2,1,45,164,141,703,552,1.23716,50,0.0404153
0250401074100030c043a000a00000c7,2,1,46,164,141,703,552,1.23716,58,0.0468817
0250401074100030c043a000a00000c7,2,1,47,164,141,703,552,1.23716,51,0.0412236
0250401074100030c043a000a00000c7,2,1,48,164,141,703,552,1.23716,53,0.0428402
0250401074100030c043a000a00000c7,2,1,49,164,141,703,552,1.23716,57,0.0460734
0250401074100030c043a000a00000c7,2,1,50,164,141,703,552,1.23716,49,0.039607
0250401074100030c043a000a00000c7,2,1,51,164,141,703,552,1.23716,50,0.0404153
0250401074100030c043a000a00000c7,2,1,52,164,141,703,552,1.23716,42,0.0339488
0250401074100030c043a000a00000c7,2,1,53,164,141,703,552,1.23716,36,0.029099
0250401074100030c043a000a00000c7,2,1,54,164,141,703,552,1.23716,44,0.0355654
0250401074100030c043a000a00000c7,2,1,55,164,141,703,552,1.23716,28,0.0226326
0250401074100030c043a000a00000c7,2,1,56,164,141,703,552,1.23716,40,0.0323322
0250401074100030c043a000a00000c7,2,1,57,164,141,703,552,1.23716,40,0.0323322
0250401074100030c043a000a00000c7,2,1,58,164,141,703,552,1.23716,39,0.0315239
0250401074100030c043a000a00000c7,2,1,59,164,141,703,552,1.23716,42,0.0339488
0250401074100030c043a000a00000c7,2,1,60,164,141,703,552,1.23716,36,0.029099
0250401074100030c043a000a00000c7,2,1,61,164,141,703,552,1.23716,35,0.0282907
0250401074100030c043a000a00000c7,2,1,62,164,141,703,552,1.23716,32,0.0258658
0250401074100030c043a000a00000c7,2,1,63,164,141,703,552,1.23716,0,0
0250401074100030c043a000a00000c7,2,1,0,164,141,704,552,1.02334,40,0.0390875
0250401074100030c043a000a00000c7,2,1,1,164,141,704,552,1.02334,39,0.0381103
0250401074100030c043a000a00000c7,2,1,2,164,141,704,552,1.02334,39,0.0381103
0250401074100030c043a000a00000c7,2,1,3,164,141,704,552,1.02334,46,0.0449506
0250401074100030c043a000a00000c7,2,1,4,164,141,704,552,1.02334,50,0.0488594
0250401074100030c043a000a00000c7,2,1,5,164,141,704,552,1.02334,43,0.0420191
0250401074100030c043a000a00000c7,2,1,6,164,141,704,552,1.02334,58,0.0566769
0250401074100030c043a000a00000c7,2,1,7,164,141,704,552,1.02334,41,0.0400647
0250401074100030c043a000a00000c7,2,1,8,164,141,704,552,1.02334,55,0.0537453
0250401074100030c043a000a00000c7,2,1,9,164,141,704,552,1.02334,45,0.0439735
0250401074100030c043a000a00000c7,2,1,10,164,141,704,552,1.02334,54,0.0527681
0250401074100030c043a000a00000c7,2,1,11,164,141,704,552,1.02334,56,0.0547225
0250401074100030c043a000a00000c7,2,1,12,164,141,704,552,1.02334,58,0.0566769
0250401074100030c043a000a00000c7,2,1,13,164,141,704,552,1.02334,169,0.165145
0250401074100030c043a000a00000c7,2,1,14,164,141,704,552,1.02334,73,0.0713347
0250401074100030c043a000a00000c7,2,1,15,164,141,704,552,1.02334,53,0.051791
0250401074100030c043a000a00000c7,2,1,16,164,141,704,552,1.02334,62,0.0605856
0250401074100030c043a000a00000c7,2,1,17,164,141,704,552,1.02334,56,0.0547225
0250401074100030c043a000a00000c7,2,1,18,164,141,704,552,1.02334,79,0.0771978
0250401074100030c043a000a00000c7,2,1,19,164,141,704,552,1.02334,64,0.06254
0250401074100030c043a000a00000c7,2,1,20,164,141,704,552,1.02334,59,0.0576541
0250401074100030c043a000a00000c7,2,1,21,164,141,704,552,1.02334,163,0.159282
0250401074100030c043a000a00000c7,2,1,22,164,141,704,552,1.02334,129,0.126057
0250401074100030c043a000a00000c7,2,1,23,164,141,704,552,1.02334,70,0.0684032
0250401074100030c043a000a00000c7,2,1,24,164,141,704,552,1.02334,86,0.0840382
0250401074100030c043a000a00000c7,2,1,25,164,141,704,552,1.02334,131,0.128012
0250401074100030c043a000a00000c7,2,1,26,164,141,704,552,1.02334,562,0.54918
0250401074100030c043a000a00000c7,2,1,27,164,141,704,552,1.02334,116,0.113354
0250401074100030c043a000a00000c7,2,1,28,164,141,704,552,1.02334,0,0
0250401074100030c043a000a00000c7,2,1,29,164,141,704,552,1.02334,88,0.0859925
0250401074100030c043a000a00000c7,2,1,30,164,141,704,552,1.02334,76,0.0742663
0250401074100030c043a000a00000c7,2,1,31,164,141,704,552,1.02334,87,0.0850153
0250401074100030c043a000a00000c7,2,1,32,164,141,704,552,1.02334,59,0.0576541
0250401074100030c043a000a00000c7,2,1,33,164,141,704,552,1.02334,946,0.92442
0250401074100030c043a000a00000c7,2,1,34,164,141,704,552,1.02334,117,0.114331
0250401074100030c043a000a00000c7,2,1,35,164,141,704,552,1.02334,79,0.0771978
0250401074100030c043a000a00000c7,2,1,36,164,141,704,552,1.02334,61,0.0596085
0250401074100030c043a000a00000c7,2,1,37,164,141,704,552,1.02334,55,0.0537453
0250401074100030c043a000a00000c7,2,1,38,164,141,704,552,1.02334,111,0.108468
0250401074100030c043a000a00000c7,2,1,39,164,141,704,552,1.02334,67,0.0654716
0250401074100030c043a000a00000c7,2,1,40,164,141,704,552,1.02334,70,0.0684032
0250401074100030c043a000a00000c7,2,1,41,164,141,704,552,1.02334,69,0.067426
0250401074100030c043a000a00000c7,2,1,42,164,141,704,552,1.02334,59,0.0576541
0250401074100030c043a000a00000c7,2,1,43,164,141,704,552,1.02334,55,0.0537453
0250401074100030c043a000a00000c7,2,1,44,164,141,704,552,1.02334,57,0.0556997
0250401074100030c043a000a00000c7,2,1,45,164,141,704,552,1.02334,51,0.0498366
0250401074100030c043a000a00000c7,2,1,46,164,141,704,552,1.02334,64,0.06254
0250401074100030c043a000a00000c7,2,1,47,164,141,704,552,1.02334,55,0.0537453
0250401074100030c043a000a00000c7,2,1,48,164,141,704,552,1.02334,56,0.0547225
0250401074100030c043a000a00000c7,2,1,49,164,141,704,552,1.02334,61,0.0596085
0250401074100030c043a000a00000c7,2,1,50,164,141,704,552,1.02334,50,0.0488594
0250401074100030c043a000a00000c7,2,1,51,164,141,704,552,1.02334,52,0.0508138
0250401074100030c043a000a00000c7,2,1,52,164,141,704,552,1.02334,43,0.0420191
0250401074100030c043a000a00000c7,2,1,53,164,141,704,552,1.02334,37,0.036156
0250401074100030c043a000a00000c7,2,1,54,164,141,704,552,1.02334,43,0.0420191
0250401074100030c043a000a00000c7,2,1,55,164,141,704,552,1.02334,26,0.0254069
0250401074100030c043a000a00000c7,2,1,56,164,141,704,552,1.02334,42,0.0410419
0250401074100030c043a000a00000c7,2,1,57,164,141,704,552,1.02334,43,0.0420191
0250401074100030c043a000a00000c7,2,1,58,164,141,704,552,1.02334,40,0.0390875
0250401074100030c043a000a00000c7,2,1,59,164,141,704,552,1.02334,43,0.0420191
0250401074100030c043a000a00000c7,2,1,60,164,141,704,552,1.02334,37,0.036156
0250401074100030c043a000a00000c7,2,1,61,164,141,704,552,1.02334,32,0.03127
0250401074100030c043a000a00000c7,2,1,62,164,141,704,552,1.02334,30,0.0293156
0250401074100030c043a000a00000c7,2,1,63,164,141,704,552,1.02334,0,0
0250401074100030c043a000a00000c7,2,1,0,164,141,705,553,1.3389,28,0.0209127
0250401074100030c043a000a00000c7,2,1,1,164,141,705,553,1.3389,24,0.0179252
0250401074100030c043a000a00000c7,2,1,2,164,141,705,553,1.3389,25,0.018672
0250401074100030c043a000a00000c7,2,1,3,164,141,705,553,1.3389,32,0.0239002
0250401074100030c043a000a00000c7,2,1,4,164,141,705,553,1.3389,31,0.0231533
0250401074100030c043a000a00000c7,2,1,5,164,141,705,553,1.3389,27,0.0201658
0250401074100030c043a000a00000c7,2,1,6,164,141,705,553,1.3389,33,0.0246471
0250401074100030c043a000a00000c7,2,1,7,164,141,705,553,1.3389,26,0.0194189
0250401074100030c043a000a00000c7,2,1,8,164,141,705,553,1.3389,33,0.0246471
0250401074100030c043a000a00000c7,2,1,9,164,141,705,553,1.3389,30,0.0224064
0250401074100030c043a000a00000c7,2,1,10,164,141,705,553,1.3389,32,0.0239002
0250401074100030c043a000a00000c7,2,1,11,164,141,705,553,1.3389,33,0.0246471
0250401074100030c043a000a00000c7,2,1,12,164,141,705,553,1.3389,34,0.025394
0250401074100030c043a000a00000c7,2,1,13,164,141,705,553,1.3389,87,0.0649787
0250401074100030c043a000a00000c7,2,1,14,164,141,705,553,1.3389,40,0.0298753
0250401074100030c043a000a00000c7,2,1,15,164,141,705,553,1.3389,34,0.025394
0250401074100030c043a000a00000c7,2,1,16,164,141,705,553,1.3389,41,0.0306221
0250401074100030c043a000a00000c7,2,1,17,164,141,705,553,1.3389,34,0.025394
0250401074100030c043a000a00000c7,2,1,18,164,141,705,553,1.3389,47,0.0351034
0250401074100030c043a000a00000c7,2,1,19,164,141,705,553,1.3389,35,0.0261409
0250401074100030c043a000a00000c7,2,1,20,164,141,705,553,1.3389,35,0.0261409
0250401074100030c043a000a00000c7,2,1,21,164,141,705,553,1.3389,77,0.0575099
0250401074100030c043a000a00000c7,2,1,22,164,141,705,553,1.3389,70,0.0522817
0250401074100030c043a000a00000c7,2,1,23,164,141,705,553,1.3389,38,0.0283815
0250401074100030c043a000a00000c7,2,1,24,164,141,705,553,1.3389,51,0.038091
0250401074100030c043a000a00000c7,2,1,25,164,141,705,553,1.3389,69,0.0515348
0250401074100030c043a000a00000c7,2,1,26,164,141,705,553,1.3389,257,0.191949
0250401074100030c043a000a00000c7,2,1,27,164,141,705,553,1.3389,69,0.0515348
0250401074100030c043a000a00000c7,2,1,28,164,141,705,553,1.3389,0,0
0250401074100030c043a000a00000c7,2,1,29,164,141,705,553,1.3389,48,0.0358503
0250401074100030c043a000a00000c7,2,1,30,164,141,705,553,1.3389,45,0.0336097
0250401074100030c043a000a00000c7,2,1,31,164,141,705,553,1.3389,45,0.0336097
0250401074100030c043a000a00000c7,2,1,32,164,141,705,553,1.3389,38,0.0283815
0250401074100030c043a000a00000c7,2,1,33,164,141,705,553,1.3389,435,0.324893
0250401074100030c043a000a00000c7,2,1,34,164,141,705,553,1.3389,68,0.0507879
0250401074100030c043a000a00000c7,2,1,35,164,141,705,553,1.3389,40,0.0298753
0250401074100030c043a000a00000c7,2,1,36,164,141,705,553,1.3389,37,0.0276346
0250401074100030c043a000a00000c7,2,1,37,164,141,705,553,1.3389,34,0.025394
0250401074100030c043a000a00000c7,2,1,38,164,141,705,553,1.3389,69,0.0515348
0250401074100030c043a000a00000c7,2,1,39,164,141,705,553,1.3389,36,0.0268877
0250401074100030c043a000a00000c7,2,1,40,164,141,705,553,1.3389,41,0.0306221
0250401074100030c043a000a00000c7,2,1,41,164,141,705,553,1.3389,37,0.0276346
0250401074100030c043a000a00000c7,2,1,42,164,141,705,553,1.3389,35,0.0261409
0250401074100030c043a000a00000c7,2,1,43,164,141,705,553,1.3389,34,0.025394
0250401074100030c043a000a00000c7,2,1,44,164,141,705,553,1.3389,35,0.0261409
0250401074100030c043a000a00000c7,2,1,45,164,141,705,553,1.3389,33,0.0246471
0250401074100030c043a000a00000c7,2,1,46,164,141,705,553,1.3389,35,0.0261409
0250401074100030c043a000a00000c7,2,1,47,164,141,705,553,1.3389,34,0.025394
0250401074100030c043a000a00000c7,2,1,48,164,141,705,553,1.3389,34,0.025394
0250401074100030c043a000a00000c7,2,1,49,164,141,705,553,1.3389,34,0.025394
0250401074100030c043a000a00000c7,2,1,50,164,141,705,553,1.3389,33,0.0246471
0250401074100030c043a000a00000c7,2,1,51,164,141,705,553,1.3389,33,0.0246471
0250401074100030c043a000a00000c7,2,1,52,164,141,705,553,1.3389,28,0.0209127
0250401074100030c043a000a00000c7,2,1,53,164,141,705,553,1.3389,24,0.0179252
0250401074100030c043a000a00000c7,2,1,54,164,141,705,553,1.3389,31,0.0231533
0250401074100030c043a000a00000c7,2,1,55,164,141,705,553,1.3389,16,0.0119501
0250401074100030c043a000a00000c7,2,1,56,164,141,705,553,1.3389,28,0.0209127
0250401074100030c043a000a00000c7,2,1,57,164,141,705,553,1.3389,29,0.0216596
0250401074100030c043a000a00000c7,2,1,58,164,141,705,553,1.3389,26,0.0194189
0250401074100030c043a000a00000c7,2,1,59,164,141,705,553,1.3389,28,0.0209127
0250401074100030c043a000a00000c7,2,1,60,164,141,705,553,1.3389,21,0.0156845
0250401074100030c043a000a00000c7,2,1,61,164,141,705,553,1.3389,21,0.0156845
0250401074100030c043a000a00000c7,2,1,62,164,141,705,553,1.3389,14,0.0104563
0250401074100030c043a000a00000c7,2,1,63,164,141,705,553,1.3389,0,0
0250401074100030c043a000a00000c7,2,1,0,164,141,706,554,1.08823,43,0.0395139
0250401074100030c043a000a00000c7,2,1,1,164,141,706,554,1.08823,38,0.0349192
0250401074100030c043a000a00000c7,2,1,2,164,141,706,554,1.08823,40,0.0367571
0250401074100030c043a000a00000c7,2,1,3,164,141,706,554,1.08823,45,0.0413517
0250401074100030c043a000a00000c7,2,1,4,164,141,706,554,1.08823,50,0.0459464
0250401074100030c043a000a00000c7,2,1,5,164,141,706,554,1.08823,43,0.0395139
0250401074100030c043a000a00000c7,2,1,6,164,141,706,554,1.08823,58,0.0532978
0250401074100030c043a000a00000c7,2,1,7,164,141,706,554,1.08823,42,0.0385949
0250401074100030c043a000a00000c7,2,1,8,164,141,706,554,1.08823,56,0.0514599
0250401074100030c043a000a00000c7,2,1,9,164,141,706,554,1.08823,43,0.0395139
0250401074100030c043a000a00000c7,2,1,10,164,141,706,554,1.08823,51,0.0468653
0250401074100030c043a000a00000c7,2,1,11,164,141,706,554,1.08823,54,0.0496221
0250401074100030c043a000a00000c7,2,1,12,164,141,706,554,1.08823,55,0.050541
0250401074100030c043a000a00000c7,2,1,13,164,141,706,554,1.08823,107,0.0983252
0250401074100030c043a000a00000c7,2,1,14,164,141,706,554,1.08823,62,0.0569735
0250401074100030c043a000a00000c7,2,1,15,164,141,706,554,1.08823,51,0.0468653
0250401074100030c043a000a00000c7,2,1,16,164,141,706,554,1.08823,65,0.0597303
0250401074100030c043a000a00000c7,2,1,17,164,141,706,554,1.08823,54,0.0496221
0250401074100030c043a000a00000c7,2,1,18,164,141,706,554,1.08823,66,0.0606492
0250401074100030c043a000a00000c7,2,1,19,164,141,706,554,1.08823,59,0.0542167
0250401074100030c043a000a00000c7,2,1,20,164,141,706,554,1.08823,59,0.0542167
0250401074100030c043a000a00000c7,2,1,21,164,141,706,554,1.08823,95,0.0872981
0250401074100030c043a000a00000c7,2,1,22,164,141,706,554,1.08823,92,0.0845413
0250401074100030c043a000a00000c7,2,1,23,164,141,706,554,1.08823,60,0.0551356
0250401074100030c043a000a00000c7,2,1,24,164,141,706,554,1.08823,69,0.063406
0250401074100030c043a000a00000c7,2,1,25,164,141,706,554,1.08823,86,0.0790278
0250401074100030c043a000a00000c7,2,1,26,164,141,706,554,1.08823,259,0.238002
0250401074100030c043a000a00000c7,2,1,27,164,141,706,554,1.08823,76,0.0698385
0250401074100030c043a000a00000c7,2,1,28,164,141,706,554,1.08823,0,0
0250401074100030c043a000a00000c7,2,1,29,164,141,706,554,1.08823,68,0.0624871
0250401074100030c043a000a00000c7,2,1,30,164,141,706,554,1.08823,68,0.0624871
0250401074100030c043a000a00000c7,2,1,31,164,141,706,554,1.08823,66,0.0606492
0250401074100030c043a000a00000c7,2,1,32,164,141,706,554,1.08823,62,0.0569735
0250401074100030c043a000a00000c7,2,1,33,164,141,706,554,1.08823,343,0.315192
0250401074100030c043a000a00000c7,2,1,34,164,141,706,554,1.08823,88,0.0808656
0250401074100030c043a000a00000c7,2,1,35,164,141,706,554,1.08823,63,0.0578924
0250401074100030c043a000a00000c7,2,1,36,164,141,706,554,1.08823,60,0.0551356
0250401074100030c043a000a00000c7,2,1,37,164,141,706,554,1.08823,55,0.050541
0250401074100030c043a000a00000c7,2,1,38,164,141,706,554,1.08823,85,0.0781088
0250401074100030c043a000a00000c7,2,1,39,164,141,706,554,1.08823,60,0.0551356
0250401074100030c043a000a00000c7,2,1,40,164,141,706,554,1.08823,64,0.0588114
0250401074100030c043a000a00000c7,2,1,41,164,141,706,554,1.08823,60,0.0551356
0250401074100030c043a000a00000c7,2,1,42,164,141,706,554,1.08823,57,0.0523789
0250401074100030c043a000a00000c7,2,1,43,164,141,706,554,1.08823,54,0.0496221
0250401074100030c043a000a00000c7,2,1,44,164,141,706,554,1.08823,57,0.0523789
0250401074100030c043a000a00000c7,2,1,45,164,141,706,554,1.08823,48,0.0441085
0250401074100030c043a000a00000c7,2,1,46,164,141,706,554,1.08823,57,0.0523789
0250401074100030c043a000a00000c7,2,1,47,164,141,706,554,1.08823,52,0.0477842
0250401074100030c043a000a00000c7,2,1,48,164,141,706,554,1.08823,57,0.0523789
0250401074100030c043a000a00000c7,2,1,49,164,141,706,554,1.08823,55,0.050541
0250401074100030c043a000a00000c7,2,1,50,164,141,706,554,1.08823,47,0.0431896
0250401074100030c043a000a00000c7,2,1,51,164,141,706,554,1.08823,49,0.0450274
0250401074100030c043a000a00000c7,2,1,52,164,141,706,554,1.08823,42,0.0385949
0250401074100030c043a000a00000c7,2,1,53,164,141,706,554,1.08823,35,0.0321625
0250401074100030c043a000a00000c7,2,1,54,164,141,706,554,1.08823,44,0.0404328
0250401074100030c043a000a00000c7,2,1,55,164,141,706,554,1.08823,27,0.024811
0250401074100030c043a000a00000c7,2,1,56,164,141,706,554,1.08823,40,0.0367571
0250401074100030c043a000a00000c7,2,1,57,164,141,706,554,1.08823,41,0.037676
0250401074100030c043a000a00000c7,2,1,58,164,141,706,554,1.08823,39,0.0358382
0250401074100030c043a000a00000c7,2,1,59,164,141,706,554,1.08823,42,0.0385949
0250401074100030c043a000a00000c7,2,1,60,164,141,706,554,1.08823,35,0.0321625
0250401074100030c043a000a00000c7,2,1,61,164,141,706,554,1.08823,32,0.0294057
0250401074100030c043a000a00000c7,2,1,62,164,141,706,554,1.08823,29,0.0266489
0250401074100030c043a000a00000c7,2,1,63,164,141,706,554,1.08823,0,0
0250401074100030c043a000a00000c7,2,1,0,164,141,707,554,1.08823,33,0.0303246
0250401074100030c043a000a00000c7,2,1,1,164,141,707,554,1.08823,31,0.0284867
0250401074100030c043a000a00000c7,2,1,2,164,141,707,554,1.08823,29,0.0266489
0250401074100030c043a000a00000c7,2,1,3,164,141,707,554,1.08823,34,0.0312435
0250401074100030c043a000a00000c7,2,1,4,164,141,707,554,1.08823,35,0.0321625
0250401074100030c043a000a00000c7,2,1,5,164,141,707,554,1.08823,32,0.0294057
0250401074100030c043a000a00000c7,2,1,6,164,141,707,554,1.08823,45,0.0413517
0250401074100030c043a000a00000c7,2,1,7,164,141,707,554,1.08823,32,0.0294057
0250401074100030c043a000a00000c7,2,1,8,164,141,707,554,1.08823,45,0.0413517
0250401074100030c043a000a00000c7,2,1,9,164,141,707,554,1.08823,33,0.0303246
0250401074100030c043a000a00000c7,2,1,10,164,141,707,554,1.08823,38,0.0349192
0250401074100030c043a000a00000c7,2,1,11,164,141,707,554,1.08823,40,0.0367571
0250401074100030c043a000a00000c7,2,1,12,164,141,707,554,1.08823,45,0.0413517
0250401074100030c043a000a00000c7,2,1,13,164,141,707,554,1.08823,74,0.0680006
0250401074100030c043a000a00000c7,2,1,14,164,141,707,554,1.08823,50,0.0459464
0250401074100030c043a000a00000c7,2,1,15,164,141,707,554,1.08823,35,0.0321625
0250401074100030c043a000a00000c7,2,1,16,164,141,707,554,1.08823,55,0.050541
0250401074100030c043a000a00000c7,2,1,17,164,141,707,554,1.08823,39,0.0358382
0250401074100030c043a000a00000c7,2,1,18,164,141,707,554,1.08823,55,0.050541
0250401074100030c043a000a00000c7,2,1,19,164,141,707,554,1.08823,47,0.0431896
0250401074100030c043a000a00000c7,2,1,20,164,141,707,554,1.08823,47,0.0431896
0250401074100030c043a000a00000c7,2,1,21,164,141,707,554,1.08823,70,0.0643249
0250401074100030c043a000a00000c7,2,1,22,164,141,707,554,1.08823,74,0.0680006
0250401074100030c043a000a00000c7,2,1,23,164,141,707,554,1.08823,47,0.0431896
0250401074100030c043a000a00000c7,2,1,24,164,141,707,554,1.08823,59,0.0542167
0250401074100030c043a000a00000c7,2,1,25,164,141,707,554,1.08823,65,0.0597303
0250401074100030c043a000a00000c7,2,1,26,164,141,707,554,1.08823,158,0.145191
0250401074100030c043a000a00000c7,2,1,27,164,141,707,554,1.08823,65,0.0597303
0250401074100030c043a000a00000c7,2,1,28,164,141,707,554,1.08823,0,0
0250401074100030c043a000a00000c7,2,1,29,164,141,707,554,1.08823,53,0.0487032
0250401074100030c043a000a00000c7,2,1,30,164,141,707,554,1.08823,56,0.0514599
0250401074100030c043a000a00000c7,2,1,31,164,141,707,554,1.08823,54,0.0496221
0250401074100030c043a000a00000c7,2,1,32,164,141,707,554,1.08823,51,0.0468653
0250401074100030c043a000a00000c7,2,1,33,164,141,707,554,1.08823,178,0.163569
0250401074100030c043a000a00000c7,2,1,34,164,141,707,554,1.08823,72,0.0661628
0250401074100030c043a000a00000c7,2,1,35,164,141,707,554,1.08823,51,0.0468653
0250401074100030c043a000a00000c7,2,1,36,164,141,707,554,1.08823,50,0.0459464
0250401074100030c043a000a00000c7,2,1,37,164,141,707,554,1.08823,39,0.0358382
0250401074100030c043a000a00000c7,2,1,38,164,141,707,554,1.08823,66,0.0606492
0250401074100030c043a000a00000c7,2,1,39,164,141,707,554,1.08823,53,0.0487032
0250401074100030c043a000a00000c7,2,1,40,164,141,707,554,1.08823,54,0.0496221
0250401074100030c043a000a00000c7,2,1,41,164,141,707,554,1.08823,51,0.0468653
0250401074100030c043a000a00000c7,2,1,42,164,141,707,554,1.08823,47,0.0431896
0250401074100030c043a000a00000c7,2,1,43,164,141,707,554,1.08823,44,0.0404328
0250401074100030c043a000a00000c7,2,1,44,164,141,707,554,1.08823,49,0.0450274
0250401074100030c043a000a00000c7,2,1,45,164,141,707,554,1.08823,36,0.0330814
0250401074100030c043a000a00000c7,2,1,46,164,141,707,554,1.08823,47,0.0431896
0250401074100030c043a000a00000c7,2,1,47,164,141,707,554,1.08823,38,0.0349192
0250401074100030c043a000a00000c7,2,1,48,164,141,707,554,1.08823,46,0.0422707
0250401074100030c043a000a00000c7,2,1,49,164,141,707,554,1.08823,45,0.0413517
0250401074100030c043a000a00000c7,2,1,50,164,141,707,554,1.08823,36,0.0330814
0250401074100030c043a000a00000c7,2,1,51,164,141,707,554,1.08823,38,0.0349192
0250401074100030c043a000a00000c7,2,1,52,164,141,707,554,1.08823,33,0.0303246
0250401074100030c043a000a00000c7,2,1,53,164,141,707,554,1.08823,29,0.0266489
0250401074100030c043a000a00000c7,2,1,54,164,141,707,554,1.08823,34,0.0312435
0250401074100030c043a000a00000c7,2,1,55,164,141,707,554,1.08823,22,0.0202164
0250401074100030c043a000a00000c7,2,1,56,164,141,707,554,1.08823,33,0.0303246
0250401074100030c043a000a00000c7,2,1,57,164,141,707,554,1.08823,33,0.0303246
0250401074100030c043a000a00000c7,2,1,58,164,141,707,554,1.08823,33,0.0303246
0250401074100030c043a000a00000c7,2,1,59,164,141,707,554,1.08823,34,0.0312435
0250401074100030c043a000a00000c7,2,1,60,164,141,707,554,1.08823,25,0.0229732
0250401074100030c043a000a00000c7,2,1,61,164,141,707,554,1.08823,23,0.0211353
0250401074100030c043a000a00000c7,2,1,62,164,141,707,554,1.08823,23,0.0211353
0250401074100030c043a000a00000c7,2,1,63,164,141,707,554,1.08823,0,0
0250401074100030c043a000a00000c7,2,1,0,164,141,708,555,1.01007,40,0.0396011
0250401074100030c043a000a00000c7,2,1,1,164,141,708,555,1.01007,35,0.0346509
0250401074100030c043a000a00000c7,2,1,2,164,141,708,555,1.01007,37,0.036631
0250401074100030c043a000a00000c7,2,1,3,164,141,708,555,1.01007,50,0.0495013
0250401074100030c043a000a00000c7,2,1,4,164,141,708,555,1.01007,49,0.0485113
0250401074100030c043a000a00000c7,2,1,5,164,141,708,555,1.01007,42,0.0415811
0250401074100030c043a000a00000c7,2,1,6,164,141,708,555,1.01007,57,0.0564315
0250401074100030c043a000a00000c7,2,1,7,164,141,708,555,1.01007,39,0.038611
0250401074100030c043a000a00000c7,2,1,8,164,141,708,555,1.01007,54,0.0534615
0250401074100030c043a000a00000c7,2,1,9,164,141,708,555,1.01007,45,0.0445512
0250401074100030c043a000a00000c7,2,1,10,164,141,708,555,1.01007,51,0.0504914
0250401074100030c043a000a00000c7,2,1,11,164,141,708,555,1.01007,52,0.0514814
0250401074100030c043a000a00000c7,2,1,12,164,141,708,555,1.01007,54,0.0534615
0250401074100030c043a000a00000c7,2,1,13,164,141,708,555,1.01007,102,0.100983
0250401074100030c043a000a00000c7,2,1,14,164,141,708,555,1.01007,69,0.0683119
0250401074100030c043a000a00000c7,2,1,15,164,141,708,555,1.01007,51,0.0504914
0250401074100030c043a000a00000c7,2,1,16,164,141,708,555,1.01007,69,0.0683119
0250401074100030c043a000a00000c7,2,1,17,164,141,708,555,1.01007,52,0.0514814
0250401074100030c043a000a00000c7,2,1,18,164,141,708,555,1.01007,72,0.0712819
0250401074100030c043a000a00000c7,2,1,19,164,141,708,555,1.01007,56,0.0554415
0250401074100030c043a000a00000c7,2,1,20,164,141,708,555,1.01007,58,0.0574216
0250401074100030c043a000a00000c7,2,1,21,164,141,708,555,1.01007,94,0.0930625
0250401074100030c043a000a00000c7,2,1,22,164,141,708,555,1.01007,92,0.0910825
0250401074100030c043a000a00000c7,2,1,23,164,141,708,555,1.01007,61,0.0603916
0250401074100030c043a000a00000c7,2,1,24,164,141,708,555,1.01007,77,0.0762321
0250401074100030c043a000a00000c7,2,1,25,164,141,708,555,1.01007,85,0.0841523
0250401074100030c043a000a00000c7,2,1,26,164,141,708,555,1.01007,195,0.193055
0250401074100030c043a000a00000c7,2,1,27,164,141,708,555,1.01007,91,0.0900924
0250401074100030c043a000a00000c7,2,1,28,164,141,708,555,1.01007,0,0
0250401074100030c043a000a00000c7,2,1,29,164,141,708,555,1.01007,72,0.0712819
0250401074100030c043a000a00000c7,2,1,30,164,141,708,555,1.01007,75,0.074252
0250401074100030c043a000a00000c7,2,1,31,164,141,708,555,1.01007,69,0.0683119
0250401074100030c043a000a00000c7,2,1,32,164,141,708,555,1.01007,61,0.0603916
0250401074100030c043a000a00000c7,2,1,33,164,141,708,555,1.01007,214,0.211866
0250401074100030c043a000a00000c7,2,1,34,164,141,708,555,1.01007,88,0.0871224
0250401074100030c043a000a00000c7,2,1,35,164,141,708,555,1.01007,68,0.0673218
0250401074100030c043a000a00000c7,2,1,36,164,141,708,555,1.01007,60,0.0594016
0250401074100030c043a000a00000c7,2,1,37,164,141,708,555,1.01007,52,0.0514814
0250401074100030c043a000a00000c7,2,1,38,164,141,708,555,1.01007,88,0.0871224
0250401074100030c043a000a00000c7,2,1,39,164,141,708,555,1.01007,62,0.0613817
0250401074100030c043a000a00000c7,2,1,40,164,141,708,555,1.01007,68,0.0673218
0250401074100030c043a000a00000c7,2,1,41,164,141,708,555,1.01007,63,0.0623717
0250401074100030c043a000a00000c7,2,1,42,164,141,708,555,1.01007,57,0.0564315
0250401074100030c043a000a00000c7,2,1,43,164,141,708,555,1.01007,52,0.0514814
0250401074100030c043a000a00000c7,2,1,44,164,141,708,555,1.01007,58,0.0574216
0250401074100030c043a000a00000c7,2,1,45,164,141,708,555,1.01007,50,0.0495013
0250401074100030c043a000a00000c7,2,1,46,164,141,708,555,1.01007,57,0.0564315
0250401074100030c043a000a00000c7,2,1,47,164,141,708,555,1.01007,52,0.0514814
0250401074100030c043a000a00000c7,2,1,48,164,141,708,555,1.01007,52,0.0514814
0250401074100030c043a000a00000c7,2,1,49,164,141,708,555,1.01007,56,0.0554415
0250401074100030c043a000a00000c7,2,1,50,164,141,708,555,1.01007,51,0.0504914
0250401074100030c043a000a00000c7,2,1,51,164,141,708,555,1.01007,52,0.0514814
0250401074100030c043a000a00000c7,2,1,52,164,141,708,555,1.01007,43,0.0425712
0250401074100030c043a000a00000c7,2,1,53,164,141,708,555,1.01007,29,0.0287108
0250401074100030c043a000a00000c7,2,1,54,164,141,708,555,1.01007,47,0.0465313
0250401074100030c043a000a00000c7,2,1,55,164,141,708,555,1.01007,22,0.0217806
0250401074100030c043a000a00000c7,2,1,56,164,141,708,555,1.01007,38,0.037621
0250401074100030c043a000a00000c7,2,1,57,164,141,708,555,1.01007,42,0.0415811
0250401074100030c043a000a00000c7,2,1,58,164,141,708,555,1.01007,35,0.0346509
0250401074100030c043a000a00000c7,2,1,59,164,141,708,555,1.01007,43,0.0425712
0250401074100030c043a000a00000c7,2,1,60,164,141,708,555,1.01007,30,0.0297008
0250401074100030c043a000a00000c7,2,1,61,164,141,708,555,1.01007,26,0.0257407
0250401074100030c043a000a00000c7,2,1,62,164,141,708,555,1.01007,22,0.0217806
0250401074100030c043a000a00000c7,2,1,63,164,141,708,555,1.01007,0,0
0250401074100030c043a000a00000c7,2,1,0,164,141,709,556,1.15016,45,0.0391251
0250401074100030c043a000a00000c7,2,1,1,164,141,709,556,1.15016,41,0.0356473
0250401074100030c043a000a00000c7,2,1,2,164,141,709,556,1.15016,42,0.0365168
0250401074100030c043a000a00000c7,2,1,3,164,141,709,556,1.15016,53,0.0460807
0250401074100030c043a000a00000c7,2,1,4,164,141,709,556,1.15016,54,0.0469501
0250401074100030c043a000a00000c7,2,1,5,164,141,709,556,1.15016,45,0.0391251
0250401074100030c043a000a00000c7,2,1,6,164,141,709,556,1.15016,63,0.0547751
0250401074100030c043a000a00000c7,2,1,7,164,141,709,556,1.15016,43,0.0373862
0250401074100030c043a000a00000c7,2,1,8,164,141,709,556,1.15016,61,0.0530362
0250401074100030c043a000a00000c7,2,1,9,164,141,709,556,1.15016,50,0.0434723
0250401074100030c043a000a00000c7,2,1,10,164,141,709,556,1.15016,59,0.0512974
0250401074100030c043a000a00000c7,2,1,11,164,141,709,556,1.15016,60,0.0521668
0250401074100030c043a000a00000c7,2,1,12,164,141,709,556,1.15016,64,0.0556446
0250401074100030c043a000a00000c7,2,1,13,164,141,709,556,1.15016,90,0.0782502
0250401074100030c043a000a00000c7,2,1,14,164,141,709,556,1.15016,69,0.0599918
0250401074100030c043a000a00000c7,2,1,15,164,141,709,556,1.15016,58,0.0504279
0250401074100030c043a000a00000c7,2,1,16,164,141,709,556,1.15016,74,0.0643391
0250401074100030c043a000a00000c7,2,1,17,164,141,709,556,1.15016,58,0.0504279
0250401074100030c043a000a00000c7,2,1,18,164,141,709,556,1.15016,74,0.0643391
0250401074100030c043a000a00000c7,2,1,19,164,141,709,556,1.15016,63,0.0547751
0250401074100030c043a000a00000c7,2,1,20,164,141,709,556,1.15016,64,0.0556446
0250401074100030c043a000a00000c7,2,1,21,164,141,709,556,1.15016,87,0.0756419
0250401074100030c043a000a00000c7,2,1,22,164,141,709,556,1.15016,84,0.0730335
0250401074100030c043a000a00000c7,2,1,23,164,141,709,556,1.15016,63,0.0547751
0250401074100030c043a000a00000c7,2,1,24,164,141,709,556,1.15016,76,0.0660779
0250401074100030c043a000a00000c7,2,1,25,164,141,709,556,1.15016,81,0.0704252
0250401074100030c043a000a00000c7,2,1,26,164,141,709,556,1.15016,157,0.136503
0250401074100030c043a000a00000c7,2,1,27,164,141,709,556,1.15016,81,0.0704252
0250401074100030c043a000a00000c7,2,1,28,164,141,709,556,1.15016,0,0
0250401074100030c043a000a00000c7,2,1,29,164,141,709,556,1.15016,72,0.0626002
0250401074100030c043a000a00000c7,2,1,30,164,141,709,556,1.15016,77,0.0669474
0250401074100030c043a000a00000c7,2,1,31,164,141,709,556,1.15016,72,0.0626002
0250401074100030c043a000a00000c7,2,1,32,164,141,709,556,1.15016,66,0.0573835
0250401074100030c043a000a00000c7,2,1,33,164,141,709,556,1.15016,181,0.15737
0250401074100030c043a000a00000c7,2,1,34,164,141,709,556,1.15016,84,0.0730335
0250401074100030c043a000a00000c7,2,1,35,164,141,709,556,1.15016,69,0.0599918
0250401074100030c043a000a00000c7,2,1,36,164,141,709,556,1.15016,67,0.0582529
0250401074100030c043a000a00000c7,2,1,37,164,141,709,556,1.15016,58,0.0504279
0250401074100030c043a000a00000c7,2,1,38,164,141,709,556,1.15016,86,0.0747724
0250401074100030c043a000a00000c7,2,1,39,164,141,709,556,1.15016,65,0.056514
0250401074100030c043a000a00000c7,2,1,40,164,141,709,556,1.15016,73,0.0634696
0250401074100030c043a000a00000c7,2,1,41,164,141,709,556,1.15016,67,0.0582529
0250401074100030c043a000a00000c7,2,1,42,164,141,709,556,1.15016,63,0.0547751
0250401074100030c043a000a00000c7,2,1,43,164,141,709,556,1.15016,61,0.0530362
0250401074100030c043a000a00000c7,2,1,44,164,141,709,556,1.15016,63,0.0547751
0250401074100030c043a000a00000c7,2,1,45,164,141,709,556,1.15016,54,0.0469501
0250401074100030c043a000a00000c7,2,1,46,164,141,709,556,1.15016,63,0.0547751
0250401074100030c043a000a00000c7,2,1,47,164,141,709,556,1.15016,58,0.0504279
0250401074100030c043a000a00000c7,2,1,48,164,141,709,556,1.15016,62,0.0539057
0250401074100030c043a000a00000c7,2,1,49,164,141,709,556,1.15016,62,0.0539057
0250401074100030c043a000a00000c7,2,1,50,164,141,709,556,1.15016,56,0.048689
0250401074100030c043a000a00000c7,2,1,51,164,141,709,556,1.15016,56,0.048689
0250401074100030c043a000a00000c7,2,1,52,164,141,709,556,1.15016,48,0.0417334
0250401074100030c043a000a00000c7,2,1,53,164,141,709,556,1.15016,36,0.0313001
0250401074100030c043a000a00000c7,2,1,54,164,141,709,556,1.15016,49,0.0426029
0250401074100030c043a000a00000c7,2,1,55,164,141,709,556,1.15016,30,0.0260834
0250401074100030c043a000a00000c7,2,1,56,164,141,709,556,1.15016,44,0.0382557
0250401074100030c043a000a00000c7,2,1,57,164,141,709,556,1.15016,46,0.0399945
0250401074100030c043a000a00000c7,2,1,58,164,141,709,556,1.15016,42,0.0365168
0250401074100030c043a000a00000c7,2,1,59,164,141,709,556,1.15016,47,0.040864
0250401074100030c043a000a00000c7,2,1,60,164,141,709,556,1.15016,37,0.0321695
0250401074100030c043a000a00000c7,2,1,61,164,141,709,556,1.15016,35,0.0304306
0250401074100030c043a000a00000c7,2,1,62,164,141,709,556,1.15016,32,0.0278223
0250401074100030c043a000a00000c7,2,1,63,164,141,709,556,1.15016,0,0
0250401074100030c043a000a00000c7,2,1,0,164,141,710,557,1.01302,35,0.0345501
0250401074100030c043a000a00000c7,2,1,1,164,141,710,557,1.01302,29,0.0286272
0250401074100030c043a000a00000c7,2,1,2,164,141,710,557,1.01302,29,0.0286272
0250401074100030c043a000a00000c7,2,1,3,164,141,710,557,1.01302,40,0.0394858
0250401074100030c043a000a00000c7,2,1,4,164,141,710,557,1.01302,42,0.0414601
0250401074100030c043a000a00000c7,2,1,5,164,141,710,557,1.01302,32,0.0315886
0250401074100030c043a000a00000c7,2,1,6,164,141,710,557,1.01302,47,0.0463958
0250401074100030c043a000a00000c7,2,1,7,164,141,710,557,1.01302,33,0.0325758
0250401074100030c043a000a00000c7,2,1,8,164,141,710,557,1.01302,46,0.0454087
0250401074100030c043a000a00000c7,2,1,9,164,141,710,557,1.01302,37,0.0365244
0250401074100030c043a000a00000c7,2,1,10,164,141,710,557,1.01302,43,0.0424472
0250401074100030c043a000a00000c7,2,1,11,164,141,710,557,1.01302,43,0.0424472
0250401074100030c043a000a00000c7,2,1,12,164,141,710,557,1.01302,46,0.0454087
0250401074100030c043a000a00000c7,2,1,13,164,141,710,557,1.01302,60,0.0592287
0250401074100030c043a000a00000c7,2,1,14,164,141,710,557,1.01302,52,0.0513315
0250401074100030c043a000a00000c7,2,1,15,164,141,710,557,1.01302,41,0.0404729
0250401074100030c043a000a00000c7,2,1,16,164,141,710,557,1.01302,53,0.0523187
0250401074100030c043a000a00000c7,2,1,17,164,141,710,557,1.01302,42,0.0414601
0250401074100030c043a000a00000c7,2,1,18,164,141,710,557,1.01302,54,0.0533058
0250401074100030c043a000a00000c7,2,1,19,164,141,710,557,1.01302,47,0.0463958
0250401074100030c043a000a00000c7,2,1,20,164,141,710,557,1.01302,48,0.0473829
0250401074100030c043a000a00000c7,2,1,21,164,141,710,557,1.01302,62,0.061203
0250401074100030c043a000a00000c7,2,1,22,164,141,710,557,1.01302,56,0.0552801
0250401074100030c043a000a00000c7,2,1,23,164,141,710,557,1.01302,48,0.0473829
0250401074100030c043a000a00000c7,2,1,24,164,141,710,557,1.01302,55,0.054293
0250401074100030c043a000a00000c7,2,1,25,164,141,710,557,1.01302,59,0.0582415
0250401074100030c043a000a00000c7,2,1,26,164,141,710,557,1.01302,107,0.105624
0250401074100030c043a000a00000c7,2,1,27,164,141,710,557,1.01302,60,0.0592287
0250401074100030c043a000a00000c7,2,1,28,164,141,710,557,1.01302,0,0
0250401074100030c043a000a00000c7,2,1,29,164,141,710,557,1.01302,52,0.0513315
0250401074100030c043a000a00000c7,2,1,30,164,141,710,557,1.01302,53,0.0523187
0250401074100030c043a000a00000c7,2,1,31,164,141,710,557,1.01302,54,0.0533058
0250401074100030c043a000a00000c7,2,1,32,164,141,710,557,1.01302,50,0.0493572
0250401074100030c043a000a00000c7,2,1,33,164,141,710,557,1.01302,104,0.102663
0250401074100030c043a000a00000c7,2,1,34,164,141,710,557,1.01302,58,0.0572544
0250401074100030c043a000a00000c7,2,1,35,164,141,710,557,1.01302,51,0.0503444
0250401074100030c043a000a00000c7,2,1,36,164,141,710,557,1.01302,48,0.0473829
0250401074100030c043a000a00000c7,2,1,37,164,141,710,557,1.01302,43,0.0424472
0250401074100030c043a000a00000c7,2,1,38,164,141,710,557,1.01302,56,0.0552801
0250401074100030c043a000a00000c7,2,1,39,164,141,710,557,1.01302,51,0.0503444
0250401074100030c043a000a00000c7,2,1,40,164,141,710,557,1.01302,51,0.0503444
0250401074100030c043a000a00000c7,2,1,41,164,141,710,557,1.01302,48,0.0473829
0250401074100030c043a000a00000c7,2,1,42,164,141,710,557,1.01302,48,0.0473829
0250401074100030c043a000a00000c7,2,1,43,164,141,710,557,1.01302,44,0.0434344
0250401074100030c043a000a00000c7,2,1,44,164,141,710,557,1.01302,47,0.0463958
0250401074100030c043a000a00000c7,2,1,45,164,141,710,557,1.01302,40,0.0394858
0250401074100030c043a000a00000c7,2,1,46,164,141,710,557,1.01302,46,0.0454087
0250401074100030c043a000a00000c7,2,1,47,164,141,710,557,1.01302,42,0.0414601
0250401074100030c043a000a00000c7,2,1,48,164,141,710,557,1.01302,45,0.0444215
0250401074100030c043a000a00000c7,2,1,49,164,141,710,557,1.01302,46,0.0454087
0250401074100030c043a000a00000c7,2,1,50,164,141,710,557,1.01302,41,0.0404729
0250401074100030c043a000a00000c7,2,1,51,164,141,710,557,1.01302,42,0.0414601
0250401074100030c043a000a00000c7,2,1,52,164,141,710,557,1.01302,36,0.0355372
0250401074100030c043a000a00000c7,2,1,53,164,141,710,557,1.01302,27,0.0266529
0250401074100030c043a000a00000c7,2,1,54,164,141,710,557,1.01302,37,0.0365244
0250401074100030c043a000a00000c7,2,1,55,164,141,710,557,1.01302,24,0.0236915
0250401074100030c043a000a00000c7,2,1,56,164,141,710,557,1.01302,34,0.0335629
0250401074100030c043a000a00000c7,2,1,57,164,141,710,557,1.01302,34,0.0335629
0250401074100030c043a000a00000c7,2,1,58,164,141,710,557,1.01302,31,0.0306015
0250401074100030c043a000a00000c7,2,1,59,164,141,710,557,1.01302,36,0.0355372
0250401074100030c043a000a00000c7,2,1,60,164,141,710,557,1.01302,27,0.0266529
0250401074100030c043a000a00000c7,2,1,61,164,141,710,557,1.01302,26,0.0256658
0250401074100030c043a000a00000c7,2,1,62,164,141,710,557,1.01302,23,0.0227043
0250401074100030c043a000a00000c7,2,1,63,164,141,710,557,1.01302,0,0
0250401074100030c043a000a00000c7,2,1,0,164,141,711,557,1.04546,33,0.031565
0250401074100030c043a000a00000c7,2,1,1,164,141,711,557,1.04546,30,0.0286954
0250401074100030c043a000a00000c7,2,1,2,164,141,711,557,1.04546,30,0.0286954
0250401074100030c043a000a00000c7,2,1,3,164,141,711,557,1.04546,41,0.0392171
0250401074100030c043a000a00000c7,2,1,4,164,141,711,557,1.04546,42,0.0401736
0250401074100030c043a000a00000c7,2,1,5,164,141,711,557,1.04546,34,0.0325215
0250401074100030c043a000a00000c7,2,1,6,164,141,711,557,1.04546,48,0.0459127
0250401074100030c043a000a00000c7,2,1,7,164,141,711,557,1.04546,30,0.0286954
0250401074100030c043a000a00000c7,2,1,8,164,141,711,557,1.04546,48,0.0459127
0250401074100030c043a000a00000c7,2,1,9,164,141,711,557,1.04546,38,0.0363475
0250401074100030c043a000a00000c7,2,1,10,164,141,711,557,1.04546,44,0.0420866
0250401074100030c043a000a00000c7,2,1,11,164,141,711,557,1.04546,45,0.0430431
0250401074100030c043a000a00000c7,2,1,12,164,141,711,557,1.04546,49,0.0468692
0250401074100030c043a000a00000c7,2,1,13,164,141,711,557,1.04546,58,0.0554778
0250401074100030c043a000a00000c7,2,1,14,164,141,711,557,1.04546,51,0.0487822
0250401074100030c043a000a00000c7,2,1,15,164,141,711,557,1.04546,44,0.0420866
0250401074100030c043a000a00000c7,2,1,16,164,141,711,557,1.04546,55,0.0526083
0250401074100030c043a000a00000c7,2,1,17,164,141,711,557,1.04546,45,0.0430431
0250401074100030c043a000a00000c7,2,1,18,164,141,711,557,1.04546,55,0.0526083
0250401074100030c043a000a00000c7,2,1,19,164,141,711,557,1.04546,49,0.0468692
0250401074100030c043a000a00000c7,2,1,20,164,141,711,557,1.04546,49,0.0468692
0250401074100030c043a000a00000c7,2,1,21,164,141,711,557,1.04546,56,0.0535648
0250401074100030c043a000a00000c7,2,1,22,164,141,711,557,1.04546,59,0.0564343
0250401074100030c043a000a00000c7,2,1,23,164,141,711,557,1.04546,47,0.0449562
0250401074100030c043a000a00000c7,2,1,24,164,141,711,557,1.04546,55,0.0526083
0250401074100030c043a000a00000c7,2,1,25,164,141,711,557,1.04546,52,0.0497387
0250401074100030c043a000a00000c7,2,1,26,164,141,711,557,1.04546,89,0.0851297
0250401074100030c043a000a00000c7,2,1,27,164,141,711,557,1.04546,57,0.0545213
0250401074100030c043a000a00000c7,2,1,28,164,141,711,557,1.04546,0,0
0250401074100030c043a000a00000c7,2,1,29,164,141,711,557,1.04546,51,0.0487822
0250401074100030c043a000a00000c7,2,1,30,164,141,711,557,1.04546,57,0.0545213
0250401074100030c043a000a00000c7,2,1,31,164,141,711,557,1.04546,55,0.0526083
0250401074100030c043a000a00000c7,2,1,32,164,141,711,557,1.04546,51,0.0487822
0250401074100030c043a000a00000c7,2,1,33,164,141,711,557,1.04546,84,0.0803472
0250401074100030c043a000a00000c7,2,1,34,164,141,711,557,1.04546,58,0.0554778
0250401074100030c043a000a00000c7,2,1,35,164,141,711,557,1.04546,51,0.0487822
0250401074100030c043a000a00000c7,2,1,36,164,141,711,557,1.04546,49,0.0468692
0250401074100030c043a000a00000c7,2,1,37,164,141,711,557,1.04546,45,0.0430431
0250401074100030c043a000a00000c7,2,1,38,164,141,711,557,1.04546,59,0.0564343
0250401074100030c043a000a00000c7,2,1,39,164,141,711,557,1.04546,48,0.0459127
0250401074100030c043a000a00000c7,2,1,40,164,141,711,557,1.04546,53,0.0506952
0250401074100030c043a000a00000c7,2,1,41,164,141,711,557,1.04546,47,0.0449562
0250401074100030c043a000a00000c7,2,1,42,164,141,711,557,1.04546,48,0.0459127
0250401074100030c043a000a00000c7,2,1,43,164,141,711,557,1.04546,46,0.0439996
0250401074100030c043a000a00000c7,2,1,44,164,141,711,557,1.04546,49,0.0468692
0250401074100030c043a000a00000c7,2,1,45,164,141,711,557,1.04546,43,0.0411301
0250401074100030c043a000a00000c7,2,1,46,164,141,711,557,1.04546,47,0.0449562
0250401074100030c043a000a00000c7,2,1,47,164,141,711,557,1.04546,42,0.0401736
0250401074100030c043a000a00000c7,2,1,48,164,141,711,557,1.04546,47,0.0449562
0250401074100030c043a000a00000c7,2,1,49,164,141,711,557,1.04546,47,0.0449562
0250401074100030c043a000a00000c7,2,1,50,164,141,711,557,1.04546,42,0.0401736
0250401074100030c043a000a00000c7,2,1,51,164,141,711,557,1.04546,43,0.0411301
0250401074100030c043a000a00000c7,2,1,52,164,141,711,557,1.04546,38,0.0363475
0250401074100030c043a000a00000c7,2,1,53,164,141,711,557,1.04546,25,0.0239128
0250401074100030c043a000a00000c7,2,1,54,164,141,711,557,1.04546,40,0.0382606
0250401074100030c043a000a00000c7,2,1,55,164,141,711,557,1.04546,18,0.0172173
0250401074100030c043a000a00000c7,2,1,56,164,141,711,557,1.04546,35,0.033478
0250401074100030c043a000a00000c7,2,1,57,164,141,711,557,1.04546,38,0.0363475
0250401074100030c043a000a00000c7,2,1,58,164,141,711,557,1.04546,30,0.0286954
0250401074100030c043a000a00000c7,2,1,59,164,141,711,557,1.04546,37,0.035391
0250401074100030c043a000a00000c7,2,1,60,164,141,711,557,1.04546,23,0.0219998
0250401074100030c043a000a00000c7,2,1,61,164,141,711,557,1.04546,19,0.0181738
0250401074100030c043a000a00000c7,2,1,62,164,141,711,557,1.04546,19,0.0181738
0250401074100030c043a000a00000c7,2,1,63,164,141,711,557,1.04546,0,0
0250401074100030c043a000a00000c7,2,1,0,164,141,712,558,1.27402,34,0.0266872
0250401074100030c043a000a00000c7,2,1,1,164,141,712,558,1.27402,25,0.0196229
0250401074100030c043a000a00000c7,2,1,2,164,141,712,558,1.27402,26,0.0204078
0250401074100030c043a000a00000c7,2,1,3,164,141,712,558,1.27402,43,0.0337514
0250401074100030c043a000a00000c7,2,1,4,164,141,712,558,1.27402,43,0.0337514
0250401074100030c043a000a00000c7,2,1,5,164,141,712,558,1.27402,30,0.0235475
0250401074100030c043a000a00000c7,2,1,6,164,141,712,558,1.27402,48,0.037676
0250401074100030c043a000a00000c7,2,1,7,164,141,712,558,1.27402,33,0.0259023
0250401074100030c043a000a00000c7,2,1,8,164,141,712,558,1.27402,48,0.037676
0250401074100030c043a000a00000c7,2,1,9,164,141,712,558,1.27402,38,0.0298269
0250401074100030c043a000a00000c7,2,1,10,164,141,712,558,1.27402,46,0.0361062
0250401074100030c043a000a00000c7,2,1,11,164,141,712,558,1.27402,46,0.0361062
0250401074100030c043a000a00000c7,2,1,12,164,141,712,558,1.27402,48,0.037676
0250401074100030c043a000a00000c7,2,1,13,164,141,712,558,1.27402,55,0.0431704
0250401074100030c043a000a00000c7,2,1,14,164,141,712,558,1.27402,48,0.037676
0250401074100030c043a000a00000c7,2,1,15,164,141,712,558,1.27402,45,0.0353213
0250401074100030c043a000a00000c7,2,1,16,164,141,712,558,1.27402,50,0.0392459
0250401074100030c043a000a00000c7,2,1,17,164,141,712,558,1.27402,46,0.0361062
0250401074100030c043a000a00000c7,2,1,18,164,141,712,558,1.27402,50,0.0392459
0250401074100030c043a000a00000c7,2,1,19,164,141,712,558,1.27402,48,0.037676
0250401074100030c043a000a00000c7,2,1,20,164,141,712,558,1.27402,48,0.037676
0250401074100030c043a000a00000c7,2,1,21,164,141,712,558,1.27402,52,0.0408157
0250401074100030c043a000a00000c7,2,1,22,164,141,712,558,1.27402,52,0.0408157
0250401074100030c043a000a00000c7,2,1,23,164,141,712,558,1.27402,48,0.037676
0250401074100030c043a000a00000c7,2,1,24,164,141,712,558,1.27402,50,0.0392459
0250401074100030c043a000a00000c7,2,1,25,164,141,712,558,1.27402,50,0.0392459
0250401074100030c043a000a00000c7,2,1,26,164,141,712,558,1.27402,78,0.0612235
0250401074100030c043a000a00000c7,2,1,27,164,141,712,558,1.27402,53,0.0416006
0250401074100030c043a000a00000c7,2,1,28,164,141,712,558,1.27402,0,0
0250401074100030c043a000a00000c7,2,1,29,164,141,712,558,1.27402,49,0.0384609
0250401074100030c043a000a00000c7,2,1,30,164,141,712,558,1.27402,50,0.0392459
0250401074100030c043a000a00000c7,2,1,31,164,141,712,558,1.27402,49,0.0384609
0250401074100030c043a000a00000c7,2,1,32,164,141,712,558,1.27402,48,0.037676
0250401074100030c043a000a00000c7,2,1,33,164,141,712,558,1.27402,77,0.0604386
0250401074100030c043a000a00000c7,2,1,34,164,141,712,558,1.27402,52,0.0408157
0250401074100030c043a000a00000c7,2,1,35,164,141,712,558,1.27402,49,0.0384609
0250401074100030c043a000a00000c7,2,1,36,164,141,712,558,1.27402,48,0.037676
0250401074100030c043a000a00000c7,2,1,37,164,141,712,558,1.27402,46,0.0361062
0250401074100030c043a000a00000c7,2,1,38,164,141,712,558,1.27402,54,0.0423855
0250401074100030c043a000a00000c7,2,1,39,164,141,712,558,1.27402,48,0.037676
0250401074100030c043a000a00000c7,2,1,40,164,141,712,558,1.27402,49,0.0384609
0250401074100030c043a000a00000c7,2,1,41,164,141,712,558,1.27402,48,0.037676
0250401074100030c043a000a00000c7,2,1,42,164,141,712,558,1.27402,48,0.037676
0250401074100030c043a000a00000c7,2,1,43,164,141,712,558,1.27402,47,0.0368911
0250401074100030c043a000a00000c7,2,1,44,164,141,712,558,1.27402,49,0.0384609
0250401074100030c043a000a00000c7,2,1,45,164,141,712,558,1.27402,47,0.0368911
0250401074100030c043a000a00000c7,2,1,46,164,141,712,558,1.27402,48,0.037676
0250401074100030c043a000a00000c7,2,1,47,164,141,712,558,1.27402,47,0.0368911
0250401074100030c043a000a00000c7,2,1,48,164,141,712,558,1.27402,49,0.0384609
0250401074100030c043a000a00000c7,2,1,49,164,141,712,558,1.27402,48,0.037676
0250401074100030c043a000a00000c7,2,1,50,164,141,712,558,1.27402,45,0.0353213
0250401074100030c043a000a00000c7,2,1,51,164,141,712,558,1.27402,46,0.0361062
0250401074100030c043a000a00000c7,2,1,52,164,141,712,558,1.27402,36,0.028257
0250401074100030c043a000a00000c7,2,1,53,164,141,712,558,1.27402,22,0.0172682
0250401074100030c043a000a00000c7,2,1,54,164,141,712,558,1.27402,39,0.0306118
0250401074100030c043a000a00000c7,2,1,55,164,141,712,558,1.27402,15,0.0117738
0250401074100030c043a000a00000c7,2,1,56,164,141,712,558,1.27402,32,0.0251173
0250401074100030c043a000a00000c7,2,1,57,164,141,712,558,1.27402,35,0.0274721
0250401074100030c043a000a00000c7,2,1,58,164,141,712,558,1.27402,25,0.0196229
0250401074100030c043a000a00000c7,2,1,59,164,141,712,558,1.27402,32,0.0251173
0250401074100030c043a000a00000c7,2,1,60,164,141,712,558,1.27402,21,0.0164833
0250401074100030c043a000a00000c7,2,1,61,164,141,712,558,1.27402,18,0.0141285
0250401074100030c043a000a00000c7,2,1,62,164,141,712,558,1.27402,15,0.0117738
0250401074100030c043a000a00000c7,2,1,63,164,141,712,558,1.27402,0,0
0250401074100030c043a000a00000c7,2,1,0,164,141,713,559,1.21209,50,0.0412511
0250401074100030c043a000a00000c7,2,1,1,164,141,713,559,1.21209,43,0.035476
0250401074100030c043a000a00000c7,2,1,2,164,141,713,559,1.21209,43,0.035476
0250401074100030c043a000a00000c7,2,1,3,164,141,713,559,1.21209,52,0.0429012
0250401074100030c043a000a00000c7,2,1,4,164,141,713,559,1.21209,56,0.0462013
0250401074100030c043a000a00000c7,2,1,5,164,141,713,559,1.21209,49,0.0404261
0250401074100030c043a000a00000c7,2,1,6,164,141,713,559,1.21209,64,0.0528014
0250401074100030c043a000a00000c7,2,1,7,164,141,713,559,1.21209,45,0.037126
0250401074100030c043a000a00000c7,2,1,8,164,141,713,559,1.21209,62,0.0511514
0250401074100030c043a000a00000c7,2,1,9,164,141,713,559,1.21209,48,0.0396011
0250401074100030c043a000a00000c7,2,1,10,164,141,713,559,1.21209,59,0.0486763
0250401074100030c043a000a00000c7,2,1,11,164,141,713,559,1.21209,57,0.0470263
0250401074100030c043a000a00000c7,2,1,12,164,141,713,559,1.21209,63,0.0519764
0250401074100030c043a000a00000c7,2,1,13,164,141,713,559,1.21209,70,0.0577516
0250401074100030c043a000a00000c7,2,1,14,164,141,713,559,1.21209,68,0.0561015
0250401074100030c043a000a00000c7,2,1,15,164,141,713,559,1.21209,56,0.0462013
0250401074100030c043a000a00000c7,2,1,16,164,141,713,559,1.21209,72,0.0594016
0250401074100030c043a000a00000c7,2,1,17,164,141,713,559,1.21209,54,0.0445512
0250401074100030c043a000a00000c7,2,1,18,164,141,713,559,1.21209,72,0.0594016
0250401074100030c043a000a00000c7,2,1,19,164,141,713,559,1.21209,65,0.0536265
0250401074100030c043a000a00000c7,2,1,20,164,141,713,559,1.21209,66,0.0544515
0250401074100030c043a000a00000c7,2,1,21,164,141,713,559,1.21209,71,0.0585766
0250401074100030c043a000a00000c7,2,1,22,164,141,713,559,1.21209,74,0.0610517
0250401074100030c043a000a00000c7,2,1,23,164,141,713,559,1.21209,66,0.0544515
0250401074100030c043a000a00000c7,2,1,24,164,141,713,559,1.21209,71,0.0585766
0250401074100030c043a000a00000c7,2,1,25,164,141,713,559,1.21209,71,0.0585766
0250401074100030c043a000a00000c7,2,1,26,164,141,713,559,1.21209,106,0.0874524
0250401074100030c043a000a00000c7,2,1,27,164,141,713,559,1.21209,73,0.0602266
0250401074100030c043a000a00000c7,2,1,28,164,141,713,559,1.21209,0,0
0250401074100030c043a000a00000c7,2,1,29,164,141,713,559,1.21209,70,0.0577516
0250401074100030c043a000a00000c7,2,1,30,164,141,713,559,1.21209,72,0.0594016
0250401074100030c043a000a00000c7,2,1,31,164,141,713,559,1.21209,72,0.0594016
0250401074100030c043a000a00000c7,2,1,32,164,141,713,559,1.21209,68,0.0561015
0250401074100030c043a000a00000c7,2,1,33,164,141,713,559,1.21209,101,0.0833273
0250401074100030c043a000a00000c7,2,1,34,164,141,713,559,1.21209,74,0.0610517
0250401074100030c043a000a00000c7,2,1,35,164,141,713,559,1.21209,69,0.0569265
0250401074100030c043a000a00000c7,2,1,36,164,141,713,559,1.21209,69,0.0569265
0250401074100030c043a000a00000c7,2,1,37,164,141,713,559,1.21209,57,0.0470263
0250401074100030c043a000a00000c7,2,1,38,164,141,713,559,1.21209,75,0.0618767
0250401074100030c043a000a00000c7,2,1,39,164,141,713,559,1.21209,68,0.0561015
0250401074100030c043a000a00000c7,2,1,40,164,141,713,559,1.21209,69,0.0569265
0250401074100030c043a000a00000c7,2,1,41,164,141,713,559,1.21209,66,0.0544515
0250401074100030c043a000a00000c7,2,1,42,164,141,713,559,1.21209,66,0.0544515
0250401074100030c043a000a00000c7,2,1,43,164,141,713,559,1.21209,59,0.0486763
0250401074100030c043a000a00000c7,2,1,44,164,141,713,559,1.21209,67,0.0552765
0250401074100030c043a000a00000c7,2,1,45,164,141,713,559,1.21209,54,0.0445512
0250401074100030c043a000a00000c7,2,1,46,164,141,713,559,1.21209,65,0.0536265
0250401074100030c043a000a00000c7,2,1,47,164,141,713,559,1.21209,58,0.0478513
0250401074100030c043a000a00000c7,2,1,48,164,141,713,559,1.21209,62,0.0511514
0250401074100030c043a000a00000c7,2,1,49,164,141,713,559,1.21209,59,0.0486763
0250401074100030c043a000a00000c7,2,1,50,164,141,713,559,1.21209,54,0.0445512
0250401074100030c043a000a00000c7,2,1,51,164,141,713,559,1.21209,56,0.0462013
0250401074100030c043a000a00000c7,2,1,52,164,141,713,559,1.21209,49,0.0404261
0250401074100030c043a000a00000c7,2,1,53,164,141,713,559,1.21209,39,0.0321759
0250401074100030c043a000a00000c7,2,1,54,164,141,713,559,1.21209,51,0.0420761
0250401074100030c043a000a00000c7,2,1,55,164,141,713,559,1.21209,31,0.0255757
0250401074100030c043a000a00000c7,2,1,56,164,141,713,559,1.21209,48,0.0396011
0250401074100030c043a000a00000c7,2,1,57,164,141,713,559,1.21209,50,0.0412511
0250401074100030c043a000a00000c7,2,1,58,164,141,713,559,1.21209,44,0.036301
0250401074100030c043a000a00000c7,2,1,59,164,141,713,559,1.21209,50,0.0412511
0250401074100030c043a000a00000c7,2,1,60,164,141,713,559,1.21209,40,0.0330009
0250401074100030c043a000a00000c7,2,1,61,164,141,713,559,1.21209,34,0.0280508
0250401074100030c043a000a00000c7,2,1,62,164,141,713,559,1.21209,30,0.0247507
0250401074100030c043a000a00000c7,2,1,63,164,141,713,559,1.21209,0,0
0250401074100030c043a000a00000c7,2,1,0,164,141,714,560,1.1649,47,0.0403467
0250401074100030c043a000a00000c7,2,1,1,164,141,714,560,1.1649,41,0.0351961
0250401074100030c043a000a00000c7,2,1,2,164,141,714,560,1.1649,44,0.0377714
0250401074100030c043a000a00000c7,2,1,3,164,141,714,560,1.1649,58,0.0497896
0250401074100030c043a000a00000c7,2,1,4,164,141,714,560,1.1649,61,0.0523649
0250401074100030c043a000a00000c7,2,1,5,164,141,714,560,1.1649,49,0.0420636
0250401074100030c043a000a00000c7,2,1,6,164,141,714,560,1.1649,69,0.0592324
0250401074100030c043a000a00000c7,2,1,7,164,141,714,560,1.1649,47,0.0403467
0250401074100030c043a000a00000c7,2,1,8,164,141,714,560,1.1649,66,0.0566571
0250401074100030c043a000a00000c7,2,1,9,164,141,714,560,1.1649,55,0.0472143
0250401074100030c043a000a00000c7,2,1,10,164,141,714,560,1.1649,61,0.0523649
0250401074100030c043a000a00000c7,2,1,11,164,141,714,560,1.1649,63,0.0540818
0250401074100030c043a000a00000c7,2,1,12,164,141,714,560,1.1649,68,0.058374
0250401074100030c043a000a00000c7,2,1,13,164,141,714,560,1.1649,72,0.0618078
0250401074100030c043a000a00000c7,2,1,14,164,141,714,560,1.1649,73,0.0626662
0250401074100030c043a000a00000c7,2,1,15,164,141,714,560,1.1649,64,0.0549402
0250401074100030c043a000a00000c7,2,1,16,164,141,714,560,1.1649,77,0.0661
0250401074100030c043a000a00000c7,2,1,17,164,141,714,560,1.1649,64,0.0549402
0250401074100030c043a000a00000c7,2,1,18,164,141,714,560,1.1649,74,0.0635246
0250401074100030c043a000a00000c7,2,1,19,164,141,714,560,1.1649,67,0.0575155
0250401074100030c043a000a00000c7,2,1,20,164,141,714,560,1.1649,73,0.0626662
0250401074100030c043a000a00000c7,2,1,21,164,141,714,560,1.1649,75,0.0643831
0250401074100030c043a000a00000c7,2,1,22,164,141,714,560,1.1649,76,0.0652415
0250401074100030c043a000a00000c7,2,1,23,164,141,714,560,1.1649,67,0.0575155
0250401074100030c043a000a00000c7,2,1,24,164,141,714,560,1.1649,75,0.0643831
0250401074100030c043a000a00000c7,2,1,25,164,141,714,560,1.1649,73,0.0626662
0250401074100030c043a000a00000c7,2,1,26,164,141,714,560,1.1649,89,0.0764013
0250401074100030c043a000a00000c7,2,1,27,164,141,714,560,1.1649,75,0.0643831
0250401074100030c043a000a00000c7,2,1,28,164,141,714,560,1.1649,0,0
0250401074100030c043a000a00000c7,2,1,29,164,141,714,560,1.1649,72,0.0618078
0250401074100030c043a000a00000c7,2,1,30,164,141,714,560,1.1649,77,0.0661
0250401074100030c043a000a00000c7,2,1,31,164,141,714,560,1.1649,73,0.0626662
0250401074100030c043a000a00000c7,2,1,32,164,141,714,560,1.1649,73,0.0626662
0250401074100030c043a000a00000c7,2,1,33,164,141,714,560,1.1649,86,0.0738259
0250401074100030c043a000a00000c7,2,1,34,164,141,714,560,1.1649,78,0.0669584
0250401074100030c043a000a00000c7,2,1,35,164,141,714,560,1.1649,73,0.0626662
0250401074100030c043a000a00000c7,2,1,36,164,141,714,560,1.1649,72,0.0618078
0250401074100030c043a000a00000c7,2,1,37,164,141,714,560,1.1649,63,0.0540818
0250401074100030c043a000a00000c7,2,1,38,164,141,714,560,1.1649,78,0.0669584
0250401074100030c043a000a00000c7,2,1,39,164,141,714,560,1.1649,72,0.0618078
0250401074100030c043a000a00000c7,2,1,40,164,141,714,560,1.1649,73,0.0626662
0250401074100030c043a000a00000c7,2,1,41,164,141,714,560,1.1649,71,0.0609493
0250401074100030c043a000a00000c7,2,1,42,164,141,714,560,1.1649,70,0.0600909
0250401074100030c043a000a00000c7,2,1,43,164,141,714,560,1.1649,65,0.0557987
0250401074100030c043a000a00000c7,2,1,44,164,141,714,560,1.1649,72,0.0618078
0250401074100030c043a000a00000c7,2,1,45,164,141,714,560,1.1649,60,0.0515065
0250401074100030c043a000a00000c7,2,1,46,164,141,714,560,1.1649,66,0.0566571
0250401074100030c043a000a00000c7,2,1,47,164,141,714,560,1.1649,64,0.0549402
0250401074100030c043a000a00000c7,2,1,48,164,141,714,560,1.1649,67,0.0575155
0250401074100030c043a000a00000c7,2,1,49,164,141,714,560,1.1649,66,0.0566571
0250401074100030c043a000a00000c7,2,1,50,164,141,714,560,1.1649,62,0.0532233
0250401074100030c043a000a00000c7,2,1,51,164,141,714,560,1.1649,63,0.0540818
0250401074100030c043a000a00000c7,2,1,52,164,141,714,560,1.1649,52,0.0446389
0250401074100030c043a000a00000c7,2,1,53,164,141,714,560,1.1649,34,0.029187
0250401074100030c043a000a00000c7,2,1,54,164,141,714,560,1.1649,55,0.0472143
0250401074100030c043a000a00000c7,2,1,55,164,141,714,560,1.1649,28,0.0240363
0250401074100030c043a000a00000c7,2,1,56,164,141,714,560,1.1649,49,0.0420636
0250401074100030c043a000a00000c7,2,1,57,164,141,714,560,1.1649,51,0.0437805
0250401074100030c043a000a00000c7,2,1,58,164,141,714,560,1.1649,44,0.0377714
0250401074100030c043a000a00000c7,2,1,59,164,141,714,560,1.1649,51,0.0437805
0250401074100030c043a000a00000c7,2,1,60,164,141,714,560,1.1649,34,0.029187
0250401074100030c043a000a00000c7,2,1,61,164,141,714,560,1.1649,31,0.0266117
0250401074100030c043a000a00000c7,2,1,62,164,141,714,560,1.1649,27,0.0231779
0250401074100030c043a000a00000c7,2,1,63,164,141,714,560,1.1649,0,0
0250401074100030c043a000a00000c7,2,1,0,164,141,715,561,1.11624,29,0.02598
0250401074100030c043a000a00000c7,2,1,1,164,141,715,561,1.11624,23,0.0206049
0250401074100030c043a000a00000c7,2,1,2,164,141,715,561,1.11624,26,0.0232924
0250401074100030c043a000a00000c7,2,1,3,164,141,715,561,1.11624,35,0.0313552
0250401074100030c043a000a00000c7,2,1,4,164,141,715,561,1.11624,35,0.0313552
0250401074100030c043a000a00000c7,2,1,5,164,141,715,561,1.11624,28,0.0250842
0250401074100030c043a000a00000c7,2,1,6,164,141,715,561,1.11624,43,0.0385221
0250401074100030c043a000a00000c7,2,1,7,164,141,715,561,1.11624,26,0.0232924
0250401074100030c043a000a00000c7,2,1,8,164,141,715,561,1.11624,40,0.0358345
0250401074100030c043a000a00000c7,2,1,9,164,141,715,561,1.11624,31,0.0277718
0250401074100030c043a000a00000c7,2,1,10,164,141,715,561,1.11624,37,0.0331469
0250401074100030c043a000a00000c7,2,1,11,164,141,715,561,1.11624,39,0.0349387
0250401074100030c043a000a00000c7,2,1,12,164,141,715,561,1.11624,43,0.0385221
0250401074100030c043a000a00000c7,2,1,13,164,141,715,561,1.11624,47,0.0421056
0250401074100030c043a000a00000c7,2,1,14,164,141,715,561,1.11624,49,0.0438973
0250401074100030c043a000a00000c7,2,1,15,164,141,715,561,1.11624,37,0.0331469
0250401074100030c043a000a00000c7,2,1,16,164,141,715,561,1.11624,55,0.0492725
0250401074100030c043a000a00000c7,2,1,17,164,141,715,561,1.11624,38,0.0340428
0250401074100030c043a000a00000c7,2,1,18,164,141,715,561,1.11624,54,0.0483766
0250401074100030c043a000a00000c7,2,1,19,164,141,715,561,1.11624,44,0.039418
0250401074100030c043a000a00000c7,2,1,20,164,141,715,561,1.11624,48,0.0430014
0250401074100030c043a000a00000c7,2,1,21,164,141,715,561,1.11624,50,0.0447932
0250401074100030c043a000a00000c7,2,1,22,164,141,715,561,1.11624,53,0.0474807
0250401074100030c043a000a00000c7,2,1,23,164,141,715,561,1.11624,45,0.0403138
0250401074100030c043a000a00000c7,2,1,24,164,141,715,561,1.11624,53,0.0474807
0250401074100030c043a000a00000c7,2,1,25,164,141,715,561,1.11624,49,0.0438973
0250401074100030c043a000a00000c7,2,1,26,164,141,715,561,1.11624,67,0.0600228
0250401074100030c043a000a00000c7,2,1,27,164,141,715,561,1.11624,52,0.0465849
0250401074100030c043a000a00000c7,2,1,28,164,141,715,561,1.11624,0,0
0250401074100030c043a000a00000c7,2,1,29,164,141,715,561,1.11624,48,0.0430014
0250401074100030c043a000a00000c7,2,1,30,164,141,715,561,1.11624,56,0.0501683
0250401074100030c043a000a00000c7,2,1,31,164,141,715,561,1.11624,51,0.045689
0250401074100030c043a000a00000c7,2,1,32,164,141,715,561,1.11624,49,0.0438973
0250401074100030c043a000a00000c7,2,1,33,164,141,715,561,1.11624,58,0.0519601
0250401074100030c043a000a00000c7,2,1,34,164,141,715,561,1.11624,56,0.0501683
0250401074100030c043a000a00000c7,2,1,35,164,141,715,561,1.11624,49,0.0438973
0250401074100030c043a000a00000c7,2,1,36,164,141,715,561,1.11624,48,0.0430014
0250401074100030c043a000a00000c7,2,1,37,164,141,715,561,1.11624,37,0.0331469
0250401074100030c043a000a00000c7,2,1,38,164,141,715,561,1.11624,56,0.0501683
0250401074100030c043a000a00000c7,2,1,39,164,141,715,561,1.11624,48,0.0430014
0250401074100030c043a000a00000c7,2,1,40,164,141,715,561,1.11624,53,0.0474807
0250401074100030c043a000a00000c7,2,1,41,164,141,715,561,1.11624,45,0.0403138
0250401074100030c043a000a00000c7,2,1,42,164,141,715,561,1.11624,45,0.0403138
0250401074100030c043a000a00000c7,2,1,43,164,141,715,561,1.11624,39,0.0349387
0250401074100030c043a000a00000c7,2,1,44,164,141,715,561,1.11624,48,0.0430014
0250401074100030c043a000a00000c7,2,1,45,164,141,715,561,1.11624,36,0.0322511
0250401074100030c043a000a00000c7,2,1,46,164,141,715,561,1.11624,42,0.0376263
0250401074100030c043a000a00000c7,2,1,47,164,141,715,561,1.11624,36,0.0322511
0250401074100030c043a000a00000c7,2,1,48,164,141,715,561,1.11624,41,0.0367304
0250401074100030c043a000a00000c7,2,1,49,164,141,715,561,1.11624,43,0.0385221
0250401074100030c043a000a00000c7,2,1,50,164,141,715,561,1.11624,36,0.0322511
0250401074100030c043a000a00000c7,2,1,51,164,141,715,561,1.11624,37,0.0331469
0250401074100030c043a000a00000c7,2,1,52,164,141,715,561,1.11624,28,0.0250842
0250401074100030c043a000a00000c7,2,1,53,164,141,715,561,1.11624,21,0.0188131
0250401074100030c043a000a00000c7,2,1,54,164,141,715,561,1.11624,32,0.0286676
0250401074100030c043a000a00000c7,2,1,55,164,141,715,561,1.11624,15,0.0134379
0250401074100030c043a000a00000c7,2,1,56,164,141,715,561,1.11624,26,0.0232924
0250401074100030c043a000a00000c7,2,1,57,164,141,715,561,1.11624,27,0.0241883
0250401074100030c043a000a00000c7,2,1,58,164,141,715,561,1.11624,24,0.0215007
0250401074100030c043a000a00000c7,2,1,59,164,141,715,561,1.11624,29,0.02598
0250401074100030c043a000a00000c7,2,1,60,164,141,715,561,1.11624,19,0.0170214
0250401074100030c043a000a00000c7,2,1,61,164,141,715,561,1.11624,17,0.0152297
0250401074100030c043a000a00000c7,2,1,62,164,141,715,561,1.11624,16,0.0143338
0250401074100030c043a000a00000c7,2,1,63,164,141,715,561,1.11624,0,0
0250401074100030c043a000a00000c7,2,1,0,164,141,716,562,1.38461,7,0.00505557
0250401074100030c043a000a00000c7,2,1,1,164,141,716,562,1.38461,7,0.00505557
0250401074100030c043a000a00000c7,2,1,2,164,141,716,562,1.38461,6,0.00433334
0250401074100030c043a000a00000c7,2,1,3,164,141,716,562,1.38461,7,0.00505557
0250401074100030c043a000a00000c7,2,1,4,164,141,716,562,1.38461,7,0.00505557
0250401074100030c043a000a00000c7,2,1,5,164,141,716,562,1.38461,7,0.00505557
0250401074100030c043a000a00000c7,2,1,6,164,141,716,562,1.38461,7,0.00505557
0250401074100030c043a000a00000c7,2,1,7,164,141,716,562,1.38461,7,0.00505557
0250401074100030c043a000a00000c7,2,1,8,164,141,716,562,1.38461,7,0.00505557
0250401074100030c043a000a00000c7,2,1,9,164,141,716,562,1.38461,7,0.00505557
0250401074100030c043a000a00000c7,2,1,10,164,141,716,562,1.38461,7,0.00505557
0250401074100030c043a000a00000c7,2,1,11,164,141,716,562,1.38461,7,0.00505557
0250401074100030c043a000a00000c7,2,1,12,164,141,716,562,1.38461,7,0.00505557
0250401074100030c043a000a00000c7,2,1,13,164,141,716,562,1.38461,7,0.00505557
0250401074100030c043a000a00000c7,2,1,14,164,141,716,562,1.38461,7,0.00505557
0250401074100030c043a000a00000c7,2,1,15,164,141,716,562,1.38461,7,0.00505557
0250401074100030c043a000a00000c7,2,1,16,164,141,716,562,1.38461,8,0.00577779
0250401074100030c043a000a00000c7,2,1,17,164,141,716,562,1.38461,7,0.00505557
0250401074100030c043a000a00000c7,2,1,18,164,141,716,562,1.38461,8,0.00577779
0250401074100030c043a000a00000c7,2,1,19,164,141,716,562,1.38461,7,0.00505557
0250401074100030c043a000a00000c7,2,1,20,164,141,716,562,1.38461,7,0.00505557
0250401074100030c043a000a00000c7,2,1,21,164,141,716,562,1.38461,7,0.00505557
0250401074100030c043a000a00000c7,2,1,22,164,141,716,562,1.38461,8,0.00577779
0250401074100030c043a000a00000c7,2,1,23,164,141,716,562,1.38461,7,0.00505557
0250401074100030c043a000a00000c7,2,1,24,164,141,716,562,1.38461,8,0.00577779
0250401074100030c043a000a00000c7,2,1,25,164,141,716,562,1.38461,7,0.00505557
0250401074100030c043a000a00000c7,2,1,26,164,141,716,562,1.38461,9,0.00650002
0250401074100030c043a000a00000c7,2,1,27,164,141,716,562,1.38461,7,0.00505557
0250401074100030c043a000a00000c7,2,1,28,164,141,716,562,1.38461,0,0
0250401074100030c043a000a00000c7,2,1,29,164,141,716,562,1.38461,7,0.00505557
0250401074100030c043a000a00000c7,2,1,30,164,141,716,562,1.38461,8,0.00577779
0250401074100030c043a000a00000c7,2,1,31,164,141,716,562,1.38461,8,0.00577779
0250401074100030c043a000a00000c7,2,1,32,164,141,716,562,1.38461,8,0.00577779
0250401074100030c043a000a00000c7,2,1,33,164,141,716,562,1.38461,9,0.00650002
0250401074100030c043a000a00000c7,2,1,34,164,141,716,562,1.38461,9,0.00650002
0250401074100030c043a000a00000c7,2,1,35,164,141,716,562,1.38461,7,0.00505557
0250401074100030c043a000a00000c7,2,1,36,164,141,716,562,1.38461,7,0.00505557
0250401074100030c043a000a00000c7,2,1,37,164,141,716,562,1.38461,7,0.00505557
0250401074100030c043a000a00000c7,2,1,38,164,141,716,562,1.38461,9,0.00650002
0250401074100030c043a000a00000c7,2,1,39,164,141,716,562,1.38461,7,0.00505557
0250401074100030c043a000a00000c7,2,1,40,164,141,716,562,1.38461,8,0.00577779
0250401074100030c043a000a00000c7,2,1,41,164,141,716,562,1.38461,7,0.00505557
0250401074100030c043a000a00000c7,2,1,42,164,141,716,562,1.38461,7,0.00505557
0250401074100030c043a000a00000c7,2,1,43,164,141,716,562,1.38461,7,0.00505557
0250401074100030c043a000a00000c7,2,1,44,164,141,716,562,1.38461,7,0.00505557
0250401074100030c043a000a00000c7,2,1,45,164,141,716,562,1.38461,7,0.00505557
0250401074100030c043a000a00000c7,2,1,46,164,141,716,562,1.38461,7,0.00505557
0250401074100030c043a000a00000c7,2,1,47,164,141,716,562,1.38461,7,0.00505557
0250401074100030c043a000a00000c7,2,1,48,164,141,716,562,1.38461,7,0.00505557
0250401074100030c043a000a00000c7,2,1,49,164,141,716,562,1.38461,7,0.00505557
0250401074100030c043a000a00000c7,2,1,50,164,141,716,562,1.38461,7,0.00505557
0250401074100030c043a000a00000c7,2,1,51,164,141,716,562,1.38461,7,0.00505557
0250401074100030c043a000a00000c7,2,1,52,164,141,716,562,1.38461,7,0.00505557
0250401074100030c043a000a00000c7,2,1,53,164,141,716,562,1.38461,7,0.00505557
0250401074100030c043a000a00000c7,2,1,54,164,141,716,562,1.38461,7,0.00505557
0250401074100030c043a000a00000c7,2,1,55,164,141,716,562,1.38461,5,0.00361112
0250401074100030c043a000a00000c7,2,1,56,164,141,716,562,1.38461,7,0.00505557
0250401074100030c043a000a00000c7,2,1,57,164,141,716,562,1.38461,7,0.00505557
0250401074100030c043a000a00000c7,2,1,58,164,141,716,562,1.38461,7,0.00505557
0250401074100030c043a000a00000c7,2,1,59,164,141,716,562,1.38461,8,0.00577779
0250401074100030c043a000a00000c7,2,1,60,164,141,716,562,1.38461,6,0.00433334
0250401074100030c043a000a00000c7,2,1,61,164,141,716,562,1.38461,7,0.00505557
0250401074100030c043a000a00000c7,2,1,62,164,141,716,562,1.38461,5,0.00361112
0250401074100030c043a000a00000c7,2,1,63,164,141,716,562,1.38461,0,0
0250401074100030c043a000a00000c7,2,1,0,164,141,717,562,1.36397,36,0.0263936
0250401074100030c043a000a00000c7,2,1,1,164,141,717,562,1.36397,30,0.0219947
0250401074100030c043a000a00000c7,2,1,2,164,141,717,562,1.36397,32,0.023461
0250401074100030c043a000a00000c7,2,1,3,164,141,717,562,1.36397,39,0.028593
0250401074100030c043a000a00000c7,2,1,4,164,141,717,562,1.36397,44,0.0322588
0250401074100030c043a000a00000c7,2,1,5,164,141,717,562,1.36397,36,0.0263936
0250401074100030c043a000a00000c7,2,1,6,164,141,717,562,1.36397,52,0.0381241
0250401074100030c043a000a00000c7,2,1,7,164,141,717,562,1.36397,35,0.0256604
0250401074100030c043a000a00000c7,2,1,8,164,141,717,562,1.36397,50,0.0366578
0250401074100030c043a000a00000c7,2,1,9,164,141,717,562,1.36397,36,0.0263936
0250401074100030c043a000a00000c7,2,1,10,164,141,717,562,1.36397,44,0.0322588
0250401074100030c043a000a00000c7,2,1,11,164,141,717,562,1.36397,43,0.0315257
0250401074100030c043a000a00000c7,2,1,12,164,141,717,562,1.36397,51,0.0373909
0250401074100030c043a000a00000c7,2,1,13,164,141,717,562,1.36397,56,0.0410567
0250401074100030c043a000a00000c7,2,1,14,164,141,717,562,1.36397,59,0.0432561
0250401074100030c043a000a00000c7,2,1,15,164,141,717,562,1.36397,44,0.0322588
0250401074100030c043a000a00000c7,2,1,16,164,141,717,562,1.36397,61,0.0447225
0250401074100030c043a000a00000c7,2,1,17,164,141,717,562,1.36397,43,0.0315257
0250401074100030c043a000a00000c7,2,1,18,164,141,717,562,1.36397,60,0.0439893
0250401074100030c043a000a00000c7,2,1,19,164,141,717,562,1.36397,54,0.0395904
0250401074100030c043a000a00000c7,2,1,20,164,141,717,562,1.36397,54,0.0395904
0250401074100030c043a000a00000c7,2,1,21,164,141,717,562,1.36397,59,0.0432561
0250401074100030c043a000a00000c7,2,1,22,164,141,717,562,1.36397,62,0.0454556
0250401074100030c043a000a00000c7,2,1,23,164,141,717,562,1.36397,54,0.0395904
0250401074100030c043a000a00000c7,2,1,24,164,141,717,562,1.36397,62,0.0454556
0250401074100030c043a000a00000c7,2,1,25,164,141,717,562,1.36397,58,0.042523
0250401074100030c043a000a00000c7,2,1,26,164,141,717,562,1.36397,66,0.0483882
0250401074100030c043a000a00000c7,2,1,27,164,141,717,562,1.36397,61,0.0447225
0250401074100030c043a000a00000c7,2,1,28,164,141,717,562,1.36397,0,0
0250401074100030c043a000a00000c7,2,1,29,164,141,717,562,1.36397,57,0.0417898
0250401074100030c043a000a00000c7,2,1,30,164,141,717,562,1.36397,62,0.0454556
0250401074100030c043a000a00000c7,2,1,31,164,141,717,562,1.36397,61,0.0447225
0250401074100030c043a000a00000c7,2,1,32,164,141,717,562,1.36397,60,0.0439893
0250401074100030c043a000a00000c7,2,1,33,164,141,717,562,1.36397,62,0.0454556
0250401074100030c043a000a00000c7,2,1,34,164,141,717,562,1.36397,62,0.0454556
0250401074100030c043a000a00000c7,2,1,35,164,141,717,562,1.36397,59,0.0432561
0250401074100030c043a000a00000c7,2,1,36,164,141,717,562,1.36397,58,0.042523
0250401074100030c043a000a00000c7,2,1,37,164,141,717,562,1.36397,44,0.0322588
0250401074100030c043a000a00000c7,2,1,38,164,141,717,562,1.36397,63,0.0461888
0250401074100030c043a000a00000c7,2,1,39,164,141,717,562,1.36397,57,0.0417898
0250401074100030c043a000a00000c7,2,1,40,164,141,717,562,1.36397,60,0.0439893
0250401074100030c043a000a00000c7,2,1,41,164,141,717,562,1.36397,56,0.0410567
0250401074100030c043a000a00000c7,2,1,42,164,141,717,562,1.36397,55,0.0403235
0250401074100030c043a000a00000c7,2,1,43,164,141,717,562,1.36397,45,0.032992
0250401074100030c043a000a00000c7,2,1,44,164,141,717,562,1.36397,57,0.0417898
0250401074100030c043a000a00000c7,2,1,45,164,141,717,562,1.36397,41,0.0300594
0250401074100030c043a000a00000c7,2,1,46,164,141,717,562,1.36397,51,0.0373909
0250401074100030c043a000a00000c7,2,1,47,164,141,717,562,1.36397,43,0.0315257
0250401074100030c043a000a00000c7,2,1,48,164,141,717,562,1.36397,49,0.0359246
0250401074100030c043a000a00000c7,2,1,49,164,141,717,562,1.36397,49,0.0359246
0250401074100030c043a000a00000c7,2,1,50,164,141,717,562,1.36397,43,0.0315257
0250401074100030c043a000a00000c7,2,1,51,164,141,717,562,1.36397,43,0.0315257
0250401074100030c043a000a00000c7,2,1,52,164,141,717,562,1.36397,37,0.0271267
0250401074100030c043a000a00000c7,2,1,53,164,141,717,562,1.36397,27,0.0197952
0250401074100030c043a000a00000c7,2,1,54,164,141,717,562,1.36397,39,0.028593
0250401074100030c043a000a00000c7,2,1,55,164,141,717,562,1.36397,17,0.0124636
0250401074100030c043a000a00000c7,2,1,56,164,141,717,562,1.36397,36,0.0263936
0250401074100030c043a000a00000c7,2,1,57,164,141,717,562,1.36397,37,0.0271267
0250401074100030c043a000a00000c7,2,1,58,164,141,717,562,1.36397,35,0.0256604
0250401074100030c043a000a00000c7,2,1,59,164,141,717,562,1.36397,37,0.0271267
0250401074100030c043a000a00000c7,2,1,60,164,141,717,562,1.36397,28,0.0205283
0250401074100030c043a000a00000c7,2,1,61,164,141,717,562,1.36397,23,0.0168626
0250401074100030c043a000a00000c7,2,1,62,164,141,717,562,1.36397,16,0.0117305
0250401074100030c043a000a00000c7,2,1,63,164,141,717,562,1.36397,0,0
0250401074100030c043a000a00000c7,2,1,0,164,141,718,563,1.32121,16,0.0121102
0250401074100030c043a000a00000c7,2,1,1,164,141,718,563,1.32121,15,0.0113533
0250401074100030c043a000a00000c7,2,1,2,164,141,718,563,1.32121,15,0.0113533
0250401074100030c043a000a00000c7,2,1,3,164,141,718,563,1.32121,20,0.0151377
0250401074100030c043a000a00000c7,2,1,4,164,141,718,563,1.32121,24,0.0181652
0250401074100030c043a000a00000c7,2,1,5,164,141,718,563,1.32121,17,0.012867
0250401074100030c043a000a00000c7,2,1,6,164,141,718,563,1.32121,26,0.019679
0250401074100030c043a000a00000c7,2,1,7,164,141,718,563,1.32121,16,0.0121102
0250401074100030c043a000a00000c7,2,1,8,164,141,718,563,1.32121,26,0.019679
0250401074100030c043a000a00000c7,2,1,9,164,141,718,563,1.32121,18,0.0136239
0250401074100030c043a000a00000c7,2,1,10,164,141,718,563,1.32121,22,0.0166515
0250401074100030c043a000a00000c7,2,1,11,164,141,718,563,1.32121,21,0.0158946
0250401074100030c043a000a00000c7,2,1,12,164,141,718,563,1.32121,26,0.019679
0250401074100030c043a000a00000c7,2,1,13,164,141,718,563,1.32121,25,0.0189221
0250401074100030c043a000a00000c7,2,1,14,164,141,718,563,1.32121,27,0.0204359
0250401074100030c043a000a00000c7,2,1,15,164,141,718,563,1.32121,22,0.0166515
0250401074100030c043a000a00000c7,2,1,16,164,141,718,563,1.32121,30,0.0227065
0250401074100030c043a000a00000c7,2,1,17,164,141,718,563,1.32121,21,0.0158946
0250401074100030c043a000a00000c7,2,1,18,164,141,718,563,1.32121,28,0.0211928
0250401074100030c043a000a00000c7,2,1,19,164,141,718,563,1.32121,24,0.0181652
0250401074100030c043a000a00000c7,2,1,20,164,141,718,563,1.32121,25,0.0189221
0250401074100030c043a000a00000c7,2,1,21,164,141,718,563,1.32121,27,0.0204359
0250401074100030c043a000a00000c7,2,1,22,164,141,718,563,1.32121,29,0.0219496
0250401074100030c043a000a00000c7,2,1,23,164,141,718,563,1.32121,24,0.0181652
0250401074100030c043a000a00000c7,2,1,24,164,141,718,563,1.32121,28,0.0211928
0250401074100030c043a000a00000c7,2,1,25,164,141,718,563,1.32121,26,0.019679
0250401074100030c043a000a00000c7,2,1,26,164,141,718,563,1.32121,33,0.0249772
0250401074100030c043a000a00000c7,2,1,27,164,141,718,563,1.32121,28,0.0211928
0250401074100030c043a000a00000c7,2,1,28,164,141,718,563,1.32121,0,0
0250401074100030c043a000a00000c7,2,1,29,164,141,718,563,1.32121,26,0.019679
0250401074100030c043a000a00000c7,2,1,30,164,141,718,563,1.32121,31,0.0234634
0250401074100030c043a000a00000c7,2,1,31,164,141,718,563,1.32121,29,0.0219496
0250401074100030c043a000a00000c7,2,1,32,164,141,718,563,1.32121,29,0.0219496
0250401074100030c043a000a00000c7,2,1,33,164,141,718,563,1.32121,33,0.0249772
0250401074100030c043a000a00000c7,2,1,34,164,141,718,563,1.32121,32,0.0242203
0250401074100030c043a000a00000c7,2,1,35,164,141,718,563,1.32121,28,0.0211928
0250401074100030c043a000a00000c7,2,1,36,164,141,718,563,1.32121,28,0.0211928
0250401074100030c043a000a00000c7,2,1,37,164,141,718,563,1.32121,22,0.0166515
0250401074100030c043a000a00000c7,2,1,38,164,141,718,563,1.32121,31,0.0234634
0250401074100030c043a000a00000c7,2,1,39,164,141,718,563,1.32121,27,0.0204359
0250401074100030c043a000a00000c7,2,1,40,164,141,718,563,1.32121,28,0.0211928
0250401074100030c043a000a00000c7,2,1,41,164,141,718,563,1.32121,27,0.0204359
0250401074100030c043a000a00000c7,2,1,42,164,141,718,563,1.32121,26,0.019679
0250401074100030c043a000a00000c7,2,1,43,164,141,718,563,1.32121,23,0.0174083
0250401074100030c043a000a00000c7,2,1,44,164,141,718,563,1.32121,26,0.019679
0250401074100030c043a000a00000c7,2,1,45,164,141,718,563,1.32121,21,0.0158946
0250401074100030c043a000a00000c7,2,1,46,164,141,718,563,1.32121,24,0.0181652
0250401074100030c043a000a00000c7,2,1,47,164,141,718,563,1.32121,22,0.0166515
0250401074100030c043a000a00000c7,2,1,48,164,141,718,563,1.32121,25,0.0189221
0250401074100030c043a000a00000c7,2,1,49,164,141,718,563,1.32121,25,0.0189221
0250401074100030c043a000a00000c7,2,1,50,164,141,718,563,1.32121,22,0.0166515
0250401074100030c043a000a00000c7,2,1,51,164,141,718,563,1.32121,22,0.0166515
0250401074100030c043a000a00000c7,2,1,52,164,141,718,563,1.32121,17,0.012867
0250401074100030c043a000a00000c7,2,1,53,164,141,718,563,1.32121,14,0.0105964
0250401074100030c043a000a00000c7,2,1,54,164,141,718,563,1.32121,20,0.0151377
0250401074100030c043a000a00000c7,2,1,55,164,141,718,563,1.32121,8,0.00605508
0250401074100030c043a000a00000c7,2,1,56,164,141,718,563,1.32121,17,0.012867
0250401074100030c043a000a00000c7,2,1,57,164,141,718,563,1.32121,17,0.012867
0250401074100030c043a000a00000c7,2,1,58,164,141,718,563,1.32121,16,0.0121102
0250401074100030c043a000a00000c7,2,1,59,164,141,718,563,1.32121,16,0.0121102
0250401074100030c043a000a00000c7,2,1,60,164,141,718,563,1.32121,15,0.0113533
0250401074100030c043a000a00000c7,2,1,61,164,141,718,563,1.32121,13,0.0098395
0250401074100030c043a000a00000c7,2,1,62,164,141,718,563,1.32121,8,0.00605508
0250401074100030c043a000a00000c7,2,1,63,164,141,718,563,1.32121,0,0
0250401074100030c043a000a00000c7,2,1,0,164,141,719,564,1.20177,9,0.00748898
0250401074100030c043a000a00000c7,2,1,1,164,141,719,564,1.20177,7,0.00582476
0250401074100030c043a000a00000c7,2,1,2,164,141,719,564,1.20177,9,0.00748898
0250401074100030c043a000a00000c7,2,1,3,164,141,719,564,1.20177,12,0.0099853
0250401074100030c043a000a00000c7,2,1,4,164,141,719,564,1.20177,13,0.0108174
0250401074100030c043a000a00000c7,2,1,5,164,141,719,564,1.20177,9,0.00748898
0250401074100030c043a000a00000c7,2,1,6,164,141,719,564,1.20177,19,0.0158101
0250401074100030c043a000a00000c7,2,1,7,164,141,719,564,1.20177,9,0.00748898
0250401074100030c043a000a00000c7,2,1,8,164,141,719,564,1.20177,18,0.014978
0250401074100030c043a000a00000c7,2,1,9,164,141,719,564,1.20177,11,0.00915319
0250401074100030c043a000a00000c7,2,1,10,164,141,719,564,1.20177,13,0.0108174
0250401074100030c043a000a00000c7,2,1,11,164,141,719,564,1.20177,14,0.0116495
0250401074100030c043a000a00000c7,2,1,12,164,141,719,564,1.20177,19,0.0158101
0250401074100030c043a000a00000c7,2,1,13,164,141,719,564,1.20177,19,0.0158101
0250401074100030c043a000a00000c7,2,1,14,164,141,719,564,1.20177,19,0.0158101
0250401074100030c043a000a00000c7,2,1,15,164,141,719,564,1.20177,13,0.0108174
0250401074100030c043a000a00000c7,2,1,16,164,141,719,564,1.20177,20,0.0166422
0250401074100030c043a000a00000c7,2,1,17,164,141,719,564,1.20177,13,0.0108174
0250401074100030c043a000a00000c7,2,1,18,164,141,719,564,1.20177,20,0.0166422
0250401074100030c043a000a00000c7,2,1,19,164,141,719,564,1.20177,19,0.0158101
0250401074100030c043a000a00000c7,2,1,20,164,141,719,564,1.20177,19,0.0158101
0250401074100030c043a000a00000c7,2,1,21,164,141,719,564,1.20177,20,0.0166422
0250401074100030c043a000a00000c7,2,1,22,164,141,719,564,1.20177,20,0.0166422
0250401074100030c043a000a00000c7,2,1,23,164,141,719,564,1.20177,18,0.014978
0250401074100030c043a000a00000c7,2,1,24,164,141,719,564,1.20177,20,0.0166422
0250401074100030c043a000a00000c7,2,1,25,164,141,719,564,1.20177,19,0.0158101
0250401074100030c043a000a00000c7,2,1,26,164,141,719,564,1.20177,20,0.0166422
0250401074100030c043a000a00000c7,2,1,27,164,141,719,564,1.20177,21,0.0174743
0250401074100030c043a000a00000c7,2,1,28,164,141,719,564,1.20177,0,0
0250401074100030c043a000a00000c7,2,1,29,164,141,719,564,1.20177,20,0.0166422
0250401074100030c043a000a00000c7,2,1,30,164,141,719,564,1.20177,21,0.0174743
0250401074100030c043a000a00000c7,2,1,31,164,141,719,564,1.20177,21,0.0174743
0250401074100030c043a000a00000c7,2,1,32,164,141,719,564,1.20177,20,0.0166422
0250401074100030c043a000a00000c7,2,1,33,164,141,719,564,1.20177,21,0.0174743
0250401074100030c043a000a00000c7,2,1,34,164,141,719,564,1.20177,21,0.0174743
0250401074100030c043a000a00000c7,2,1,35,164,141,719,564,1.20177,20,0.0166422
0250401074100030c043a000a00000c7,2,1,36,164,141,719,564,1.20177,20,0.0166422
0250401074100030c043a000a00000c7,2,1,37,164,141,719,564,1.20177,14,0.0116495
0250401074100030c043a000a00000c7,2,1,38,164,141,719,564,1.20177,21,0.0174743
0250401074100030c043a000a00000c7,2,1,39,164,141,719,564,1.20177,20,0.0166422
0250401074100030c043a000a00000c7,2,1,40,164,141,719,564,1.20177,21,0.0174743
0250401074100030c043a000a00000c7,2,1,41,164,141,719,564,1.20177,20,0.0166422
0250401074100030c043a000a00000c7,2,1,42,164,141,719,564,1.20177,20,0.0166422
0250401074100030c043a000a00000c7,2,1,43,164,141,719,564,1.20177,17,0.0141458
0250401074100030c043a000a00000c7,2,1,44,164,141,719,564,1.20177,20,0.0166422
0250401074100030c043a000a00000c7,2,1,45,164,141,719,564,1.20177,12,0.0099853
0250401074100030c043a000a00000c7,2,1,46,164,141,719,564,1.20177,16,0.0133137
0250401074100030c043a000a00000c7,2,1,47,164,141,719,564,1.20177,13,0.0108174
0250401074100030c043a000a00000c7,2,1,48,164,141,719,564,1.20177,14,0.0116495
0250401074100030c043a000a00000c7,2,1,49,164,141,719,564,1.20177,16,0.0133137
0250401074100030c043a000a00000c7,2,1,50,164,141,719,564,1.20177,12,0.0099853
0250401074100030c043a000a00000c7,2,1,51,164,141,719,564,1.20177,13,0.0108174
0250401074100030c043a000a00000c7,2,1,52,164,141,719,564,1.20177,8,0.00665687
0250401074100030c043a000a00000c7,2,1,53,164,141,719,564,1.20177,6,0.00499265
0250401074100030c043a000a00000c7,2,1,54,164,141,719,564,1.20177,9,0.00748898
0250401074100030c043a000a00000c7,2,1,55,164,141,719,564,1.20177,4,0.00332843
0250401074100030c043a000a00000c7,2,1,56,164,141,719,564,1.20177,9,0.00748898
0250401074100030c043a000a00000c7,2,1,57,164,141,719,564,1.20177,8,0.00665687
0250401074100030c043a000a00000c7,2,1,58,164,141,719,564,1.20177,7,0.00582476
0250401074100030c043a000a00000c7,2,1,59,164,141,719,564,1.20177,9,0.00748898
0250401074100030c043a000a00000c7,2,1,60,164,141,719,564,1.20177,6,0.00499265
0250401074100030c043a000a00000c7,2,1,61,164,141,719,564,1.20177,6,0.00499265
0250401074100030c043a000a00000c7,2,1,62,164,141,719,564,1.20177,5,0.00416054
0250401074100030c043a000a00000c7,2,1,63,164,141,719,564,1.20177,0,0
0250401074100030c043a000a00000c7,2,1,0,164,141,720,565,1.23273,24,0.0194689
0250401074100030c043a000a00000c7,2,1,1,164,141,720,565,1.23273,19,0.0154129
0250401074100030c043a000a00000c7,2,1,2,164,141,720,565,1.23273,22,0.0178465
0250401074100030c043a000a00000c7,2,1,3,164,141,720,565,1.23273,27,0.0219026
0250401074100030c043a000a00000c7,2,1,4,164,141,720,565,1.23273,27,0.0219026
0250401074100030c043a000a00000c7,2,1,5,164,141,720,565,1.23273,22,0.0178465
0250401074100030c043a000a00000c7,2,1,6,164,141,720,565,1.23273,31,0.0251474
0250401074100030c043a000a00000c7,2,1,7,164,141,720,565,1.23273,21,0.0170353
0250401074100030c043a000a00000c7,2,1,8,164,141,720,565,1.23273,31,0.0251474
0250401074100030c043a000a00000c7,2,1,9,164,141,720,565,1.23273,25,0.0202802
0250401074100030c043a000a00000c7,2,1,10,164,141,720,565,1.23273,27,0.0219026
0250401074100030c043a000a00000c7,2,1,11,164,141,720,565,1.23273,29,0.023525
0250401074100030c043a000a00000c7,2,1,12,164,141,720,565,1.23273,31,0.0251474
0250401074100030c043a000a00000c7,2,1,13,164,141,720,565,1.23273,30,0.0243362
0250401074100030c043a000a00000c7,2,1,14,164,141,720,565,1.23273,33,0.0267698
0250401074100030c043a000a00000c7,2,1,15,164,141,720,565,1.23273,28,0.0227138
0250401074100030c043a000a00000c7,2,1,16,164,141,720,565,1.23273,36,0.0292034
0250401074100030c043a000a00000c7,2,1,17,164,141,720,565,1.23273,28,0.0227138
0250401074100030c043a000a00000c7,2,1,18,164,141,720,565,1.23273,35,0.0283922
0250401074100030c043a000a00000c7,2,1,19,164,141,720,565,1.23273,31,0.0251474
0250401074100030c043a000a00000c7,2,1,20,164,141,720,565,1.23273,31,0.0251474
0250401074100030c043a000a00000c7,2,1,21,164,141,720,565,1.23273,32,0.0259586
0250401074100030c043a000a00000c7,2,1,22,164,141,720,565,1.23273,36,0.0292034
0250401074100030c043a000a00000c7,2,1,23,164,141,720,565,1.23273,30,0.0243362
0250401074100030c043a000a00000c7,2,1,24,164,141,720,565,1.23273,34,0.027581
0250401074100030c043a000a00000c7,2,1,25,164,141,720,565,1.23273,34,0.027581
0250401074100030c043a000a00000c7,2,1,26,164,141,720,565,1.23273,39,0.031637
0250401074100030c043a000a00000c7,2,1,27,164,141,720,565,1.23273,34,0.027581
0250401074100030c043a000a00000c7,2,1,28,164,141,720,565,1.23273,0,0
0250401074100030c043a000a00000c7,2,1,29,164,141,720,565,1.23273,32,0.0259586
0250401074100030c043a000a00000c7,2,1,30,164,141,720,565,1.23273,37,0.0300146
0250401074100030c043a000a00000c7,2,1,31,164,141,720,565,1.23273,34,0.027581
0250401074100030c043a000a00000c7,2,1,32,164,141,720,565,1.23273,34,0.027581
0250401074100030c043a000a00000c7,2,1,33,164,141,720,565,1.23273,35,0.0283922
0250401074100030c043a000a00000c7,2,1,34,164,141,720,565,1.23273,37,0.0300146
0250401074100030c043a000a00000c7,2,1,35,164,141,720,565,1.23273,32,0.0259586
0250401074100030c043a000a00000c7,2,1,36,164,141,720,565,1.23273,32,0.0259586
0250401074100030c043a000a00000c7,2,1,37,164,141,720,565,1.23273,30,0.0243362
0250401074100030c043a000a00000c7,2,1,38,164,141,720,565,1.23273,37,0.0300146
0250401074100030c043a000a00000c7,2,1,39,164,141,720,565,1.23273,32,0.0259586
0250401074100030c043a000a00000c7,2,1,40,164,141,720,565,1.23273,34,0.027581
0250401074100030c043a000a00000c7,2,1,41,164,141,720,565,1.23273,31,0.0251474
0250401074100030c043a000a00000c7,2,1,42,164,141,720,565,1.23273,32,0.0259586
0250401074100030c043a000a00000c7,2,1,43,164,141,720,565,1.23273,30,0.0243362
0250401074100030c043a000a00000c7,2,1,44,164,141,720,565,1.23273,32,0.0259586
0250401074100030c043a000a00000c7,2,1,45,164,141,720,565,1.23273,27,0.0219026
0250401074100030c043a000a00000c7,2,1,46,164,141,720,565,1.23273,31,0.0251474
0250401074100030c043a000a00000c7,2,1,47,164,141,720,565,1.23273,29,0.023525
0250401074100030c043a000a00000c7,2,1,48,164,141,720,565,1.23273,31,0.0251474
0250401074100030c043a000a00000c7,2,1,49,164,141,720,565,1.23273,30,0.0243362
0250401074100030c043a000a00000c7,2,1,50,164,141,720,565,1.23273,29,0.023525
0250401074100030c043a000a00000c7,2,1,51,164,141,720,565,1.23273,29,0.023525
0250401074100030c043a000a00000c7,2,1,52,164,141,720,565,1.23273,26,0.0210914
0250401074100030c043a000a00000c7,2,1,53,164,141,720,565,1.23273,18,0.0146017
0250401074100030c043a000a00000c7,2,1,54,164,141,720,565,1.23273,27,0.0219026
0250401074100030c043a000a00000c7,2,1,55,164,141,720,565,1.23273,10,0.00811206
0250401074100030c043a000a00000c7,2,1,56,164,141,720,565,1.23273,22,0.0178465
0250401074100030c043a000a00000c7,2,1,57,164,141,720,565,1.23273,23,0.0186577
0250401074100030c043a000a00000c7,2,1,58,164,141,720,565,1.23273,21,0.0170353
0250401074100030c043a000a00000c7,2,1,59,164,141,720,565,1.23273,26,0.0210914
0250401074100030c043a000a00000c7,2,1,60,164,141,720,565,1.23273,17,0.0137905
0250401074100030c043a000a00000c7,2,1,61,164,141,720,565,1.23273,13,0.0105457
0250401074100030c043a000a00000c7,2,1,62,164,141,720,565,1.23273,9,0.00730086
0250401074100030c043a000a00000c7,2,1,63,164,141,720,565,1.23273,0,0
0250401074100030c043a000a00000c7,2,1,0,164,141,721,565,1.17965,17,0.0144111
0250401074100030c043a000a00000c7,2,1,1,164,141,721,565,1.17965,14,0.0118679
0250401074100030c043a000a00000c7,2,1,2,164,141,721,565,1.17965,16,0.0135634
0250401074100030c043a000a00000c7,2,1,3,164,141,721,565,1.17965,21,0.0178019
0250401074100030c043a000a00000c7,2,1,4,164,141,721,565,1.17965,24,0.0203451
0250401074100030c043a000a00000c7,2,1,5,164,141,721,565,1.17965,17,0.0144111
0250401074100030c043a000a00000c7,2,1,6,164,141,721,565,1.17965,31,0.026279
0250401074100030c043a000a00000c7,2,1,7,164,141,721,565,1.17965,17,0.0144111
0250401074100030c043a000a00000c7,2,1,8,164,141,721,565,1.17965,31,0.026279
0250401074100030c043a000a00000c7,2,1,9,164,141,721,565,1.17965,18,0.0152588
0250401074100030c043a000a00000c7,2,1,10,164,141,721,565,1.17965,27,0.0228882
0250401074100030c043a000a00000c7,2,1,11,164,141,721,565,1.17965,25,0.0211928
0250401074100030c043a000a00000c7,2,1,12,164,141,721,565,1.17965,31,0.026279
0250401074100030c043a000a00000c7,2,1,13,164,141,721,565,1.17965,31,0.026279
0250401074100030c043a000a00000c7,2,1,14,164,141,721,565,1.17965,33,0.0279744
0250401074100030c043a000a00000c7,2,1,15,164,141,721,565,1.17965,24,0.0203451
0250401074100030c043a000a00000c7,2,1,16,164,141,721,565,1.17965,40,0.0339084
0250401074100030c043a000a00000c7,2,1,17,164,141,721,565,1.17965,25,0.0211928
0250401074100030c043a000a00000c7,2,1,18,164,141,721,565,1.17965,38,0.032213
0250401074100030c043a000a00000c7,2,1,19,164,141,721,565,1.17965,30,0.0254313
0250401074100030c043a000a00000c7,2,1,20,164,141,721,565,1.17965,32,0.0271267
0250401074100030c043a000a00000c7,2,1,21,164,141,721,565,1.17965,34,0.0288222
0250401074100030c043a000a00000c7,2,1,22,164,141,721,565,1.17965,38,0.032213
0250401074100030c043a000a00000c7,2,1,23,164,141,721,565,1.17965,28,0.0237359
0250401074100030c043a000a00000c7,2,1,24,164,141,721,565,1.17965,36,0.0305176
0250401074100030c043a000a00000c7,2,1,25,164,141,721,565,1.17965,31,0.026279
0250401074100030c043a000a00000c7,2,1,26,164,141,721,565,1.17965,45,0.038147
0250401074100030c043a000a00000c7,2,1,27,164,141,721,565,1.17965,37,0.0313653
0250401074100030c043a000a00000c7,2,1,28,164,141,721,565,1.17965,0,0
0250401074100030c043a000a00000c7,2,1,29,164,141,721,565,1.17965,34,0.0288222
0250401074100030c043a000a00000c7,2,1,30,164,141,721,565,1.17965,43,0.0364516
0250401074100030c043a000a00000c7,2,1,31,164,141,721,565,1.17965,35,0.0296699
0250401074100030c043a000a00000c7,2,1,32,164,141,721,565,1.17965,32,0.0271267
0250401074100030c043a000a00000c7,2,1,33,164,141,721,565,1.17965,38,0.032213
0250401074100030c043a000a00000c7,2,1,34,164,141,721,565,1.17965,42,0.0356038
0250401074100030c043a000a00000c7,2,1,35,164,141,721,565,1.17965,32,0.0271267
0250401074100030c043a000a00000c7,2,1,36,164,141,721,565,1.17965,32,0.0271267
0250401074100030c043a000a00000c7,2,1,37,164,141,721,565,1.17965,24,0.0203451
0250401074100030c043a000a00000c7,2,1,38,164,141,721,565,1.17965,42,0.0356038
0250401074100030c043a000a00000c7,2,1,39,164,141,721,565,1.17965,31,0.026279
0250401074100030c043a000a00000c7,2,1,40,164,141,721,565,1.17965,32,0.0271267
0250401074100030c043a000a00000c7,2,1,41,164,141,721,565,1.17965,31,0.026279
0250401074100030c043a000a00000c7,2,1,42,164,141,721,565,1.17965,31,0.026279
0250401074100030c043a000a00000c7,2,1,43,164,141,721,565,1.17965,25,0.0211928
0250401074100030c043a000a00000c7,2,1,44,164,141,721,565,1.17965,32,0.0271267
0250401074100030c043a000a00000c7,2,1,45,164,141,721,565,1.17965,23,0.0194973
0250401074100030c043a000a00000c7,2,1,46,164,141,721,565,1.17965,28,0.0237359
0250401074100030c043a000a00000c7,2,1,47,164,141,721,565,1.17965,23,0.0194973
0250401074100030c043a000a00000c7,2,1,48,164,141,721,565,1.17965,29,0.0245836
0250401074100030c043a000a00000c7,2,1,49,164,141,721,565,1.17965,28,0.0237359
0250401074100030c043a000a00000c7,2,1,50,164,141,721,565,1.17965,23,0.0194973
0250401074100030c043a000a00000c7,2,1,51,164,141,721,565,1.17965,22,0.0186496
0250401074100030c043a000a00000c7,2,1,52,164,141,721,565,1.17965,17,0.0144111
0250401074100030c043a000a00000c7,2,1,53,164,141,721,565,1.17965,13,0.0110202
0250401074100030c043a000a00000c7,2,1,54,164,141,721,565,1.17965,19,0.0161065
0250401074100030c043a000a00000c7,2,1,55,164,141,721,565,1.17965,8,0.00678168
0250401074100030c043a000a00000c7,2,1,56,164,141,721,565,1.17965,16,0.0135634
0250401074100030c043a000a00000c7,2,1,57,164,141,721,565,1.17965,17,0.0144111
0250401074100030c043a000a00000c7,2,1,58,164,141,721,565,1.17965,15,0.0127157
0250401074100030c043a000a00000c7,2,1,59,164,141,721,565,1.17965,17,0.0144111
0250401074100030c043a000a00000c7,2,1,60,164,141,721,565,1.17965,13,0.0110202
0250401074100030c043a000a00000c7,2,1,61,164,141,721,565,1.17965,11,0.00932482
0250401074100030c043a000a00000c7,2,1,62,164,141,721,565,1.17965,8,0.00678168
0250401074100030c043a000a00000c7,2,1,63,164,141,721,565,1.17965,0,0
0250401074100030c043a000a00000c7,2,1,0,164,141,722,566,1.20472,34,0.0282224
0250401074100030c043a000a00000c7,2,1,1,164,141,722,566,1.20472,26,0.0215819
0250401074100030c043a000a00000c7,2,1,2,164,141,722,566,1.20472,28,0.023242
0250401074100030c043a000a00000c7,2,1,3,164,141,722,566,1.20472,38,0.0315427
0250401074100030c043a000a00000c7,2,1,4,164,141,722,566,1.20472,43,0.0356931
0250401074100030c043a000a00000c7,2,1,5,164,141,722,566,1.20472,28,0.023242
0250401074100030c043a000a00000c7,2,1,6,164,141,722,566,1.20472,48,0.0398434
0250401074100030c043a000a00000c7,2,1,7,164,141,722,566,1.20472,27,0.0224119
0250401074100030c043a000a00000c7,2,1,8,164,141,722,566,1.20472,47,0.0390134
0250401074100030c043a000a00000c7,2,1,9,164,141,722,566,1.20472,30,0.0249021
0250401074100030c043a000a00000c7,2,1,10,164,141,722,566,1.20472,44,0.0365231
0250401074100030c043a000a00000c7,2,1,11,164,141,722,566,1.20472,43,0.0356931
0250401074100030c043a000a00000c7,2,1,12,164,141,722,566,1.20472,48,0.0398434
0250401074100030c043a000a00000c7,2,1,13,164,141,722,566,1.20472,49,0.0406735
0250401074100030c043a000a00000c7,2,1,14,164,141,722,566,1.20472,52,0.0431637
0250401074100030c043a000a00000c7,2,1,15,164,141,722,566,1.20472,43,0.0356931
0250401074100030c043a000a00000c7,2,1,16,164,141,722,566,1.20472,55,0.0456539
0250401074100030c043a000a00000c7,2,1,17,164,141,722,566,1.20472,43,0.0356931
0250401074100030c043a000a00000c7,2,1,18,164,141,722,566,1.20472,54,0.0448239
0250401074100030c043a000a00000c7,2,1,19,164,141,722,566,1.20472,47,0.0390134
0250401074100030c043a000a00000c7,2,1,20,164,141,722,566,1.20472,49,0.0406735
0250401074100030c043a000a00000c7,2,1,21,164,141,722,566,1.20472,49,0.0406735
0250401074100030c043a000a00000c7,2,1,22,164,141,722,566,1.20472,54,0.0448239
0250401074100030c043a000a00000c7,2,1,23,164,141,722,566,1.20472,48,0.0398434
0250401074100030c043a000a00000c7,2,1,24,164,141,722,566,1.20472,53,0.0439938
0250401074100030c043a000a00000c7,2,1,25,164,141,722,566,1.20472,50,0.0415036
0250401074100030c043a000a00000c7,2,1,26,164,141,722,566,1.20472,56,0.046484
0250401074100030c043a000a00000c7,2,1,27,164,141,722,566,1.20472,51,0.0423336
0250401074100030c043a000a00000c7,2,1,28,164,141,722,566,1.20472,0,0
0250401074100030c043a000a00000c7,2,1,29,164,141,722,566,1.20472,48,0.0398434
0250401074100030c043a000a00000c7,2,1,30,164,141,722,566,1.20472,54,0.0448239
0250401074100030c043a000a00000c7,2,1,31,164,141,722,566,1.20472,51,0.0423336
0250401074100030c043a000a00000c7,2,1,32,164,141,722,566,1.20472,51,0.0423336
0250401074100030c043a000a00000c7,2,1,33,164,141,722,566,1.20472,51,0.0423336
0250401074100030c043a000a00000c7,2,1,34,164,141,722,566,1.20472,54,0.0448239
0250401074100030c043a000a00000c7,2,1,35,164,141,722,566,1.20472,49,0.0406735
0250401074100030c043a000a00000c7,2,1,36,164,141,722,566,1.20472,48,0.0398434
0250401074100030c043a000a00000c7,2,1,37,164,141,722,566,1.20472,42,0.034863
0250401074100030c043a000a00000c7,2,1,38,164,141,722,566,1.20472,54,0.0448239
0250401074100030c043a000a00000c7,2,1,39,164,141,722,566,1.20472,48,0.0398434
0250401074100030c043a000a00000c7,2,1,40,164,141,722,566,1.20472,50,0.0415036
0250401074100030c043a000a00000c7,2,1,41,164,141,722,566,1.20472,47,0.0390134
0250401074100030c043a000a00000c7,2,1,42,164,141,722,566,1.20472,46,0.0381833
0250401074100030c043a000a00000c7,2,1,43,164,141,722,566,1.20472,42,0.034863
0250401074100030c043a000a00000c7,2,1,44,164,141,722,566,1.20472,47,0.0390134
0250401074100030c043a000a00000c7,2,1,45,164,141,722,566,1.20472,37,0.0307126
0250401074100030c043a000a00000c7,2,1,46,164,141,722,566,1.20472,45,0.0373532
0250401074100030c043a000a00000c7,2,1,47,164,141,722,566,1.20472,40,0.0332029
0250401074100030c043a000a00000c7,2,1,48,164,141,722,566,1.20472,46,0.0381833
0250401074100030c043a000a00000c7,2,1,49,164,141,722,566,1.20472,43,0.0356931
0250401074100030c043a000a00000c7,2,1,50,164,141,722,566,1.20472,38,0.0315427
0250401074100030c043a000a00000c7,2,1,51,164,141,722,566,1.20472,39,0.0323728
0250401074100030c043a000a00000c7,2,1,52,164,141,722,566,1.20472,30,0.0249021
0250401074100030c043a000a00000c7,2,1,53,164,141,722,566,1.20472,23,0.0190916
0250401074100030c043a000a00000c7,2,1,54,164,141,722,566,1.20472,31,0.0257322
0250401074100030c043a000a00000c7,2,1,55,164,141,722,566,1.20472,17,0.0141112
0250401074100030c043a000a00000c7,2,1,56,164,141,722,566,1.20472,28,0.023242
0250401074100030c043a000a00000c7,2,1,57,164,141,722,566,1.20472,28,0.023242
0250401074100030c043a000a00000c7,2,1,58,164,141,722,566,1.20472,25,0.0207518
0250401074100030c043a000a00000c7,2,1,59,164,141,722,566,1.20472,30,0.0249021
0250401074100030c043a000a00000c7,2,1,60,164,141,722,566,1.20472,24,0.0199217
0250401074100030c043a000a00000c7,2,1,61,164,141,722,566,1.20472,22,0.0182616
0250401074100030c043a000a00000c7,2,1,62,164,141,722,566,1.20472,16,0.0132811
0250401074100030c043a000a00000c7,2,1,63,164,141,722,566,1.20472,0,0
0250401074100030c043a000a00000c7,2,1,0,164,141,723,567,1.22094,15,0.0122857
0250401074100030c043a000a00000c7,2,1,1,164,141,723,567,1.22094,10,0.00819044
0250401074100030c043a000a00000c7,2,1,2,164,141,723,567,1.22094,13,0.0106476
0250401074100030c043a000a00000c7,2,1,3,164,141,723,567,1.22094,23,0.018838
0250401074100030c043a000a00000c7,2,1,4,164,141,723,567,1.22094,26,0.0212951
0250401074100030c043a000a00000c7,2,1,5,164,141,723,567,1.22094,17,0.0139237
0250401074100030c043a000a00000c7,2,1,6,164,141,723,567,1.22094,34,0.0278475
0250401074100030c043a000a00000c7,2,1,7,164,141,723,567,1.22094,17,0.0139237
0250401074100030c043a000a00000c7,2,1,8,164,141,723,567,1.22094,33,0.0270285
0250401074100030c043a000a00000c7,2,1,9,164,141,723,567,1.22094,18,0.0147428
0250401074100030c043a000a00000c7,2,1,10,164,141,723,567,1.22094,27,0.0221142
0250401074100030c043a000a00000c7,2,1,11,164,141,723,567,1.22094,27,0.0221142
0250401074100030c043a000a00000c7,2,1,12,164,141,723,567,1.22094,32,0.0262094
0250401074100030c043a000a00000c7,2,1,13,164,141,723,567,1.22094,33,0.0270285
0250401074100030c043a000a00000c7,2,1,14,164,141,723,567,1.22094,36,0.0294856
0250401074100030c043a000a00000c7,2,1,15,164,141,723,567,1.22094,27,0.0221142
0250401074100030c043a000a00000c7,2,1,16,164,141,723,567,1.22094,40,0.0327618
0250401074100030c043a000a00000c7,2,1,17,164,141,723,567,1.22094,27,0.0221142
0250401074100030c043a000a00000c7,2,1,18,164,141,723,567,1.22094,38,0.0311237
0250401074100030c043a000a00000c7,2,1,19,164,141,723,567,1.22094,33,0.0270285
0250401074100030c043a000a00000c7,2,1,20,164,141,723,567,1.22094,34,0.0278475
0250401074100030c043a000a00000c7,2,1,21,164,141,723,567,1.22094,34,0.0278475
0250401074100030c043a000a00000c7,2,1,22,164,141,723,567,1.22094,38,0.0311237
0250401074100030c043a000a00000c7,2,1,23,164,141,723,567,1.22094,32,0.0262094
0250401074100030c043a000a00000c7,2,1,24,164,141,723,567,1.22094,37,0.0303046
0250401074100030c043a000a00000c7,2,1,25,164,141,723,567,1.22094,36,0.0294856
0250401074100030c043a000a00000c7,2,1,26,164,141,723,567,1.22094,41,0.0335808
0250401074100030c043a000a00000c7,2,1,27,164,141,723,567,1.22094,39,0.0319427
0250401074100030c043a000a00000c7,2,1,28,164,141,723,567,1.22094,0,0
0250401074100030c043a000a00000c7,2,1,29,164,141,723,567,1.22094,34,0.0278475
0250401074100030c043a000a00000c7,2,1,30,164,141,723,567,1.22094,39,0.0319427
0250401074100030c043a000a00000c7,2,1,31,164,141,723,567,1.22094,37,0.0303046
0250401074100030c043a000a00000c7,2,1,32,164,141,723,567,1.22094,36,0.0294856
0250401074100030c043a000a00000c7,2,1,33,164,141,723,567,1.22094,38,0.0311237
0250401074100030c043a000a00000c7,2,1,34,164,141,723,567,1.22094,40,0.0327618
0250401074100030c043a000a00000c7,2,1,35,164,141,723,567,1.22094,34,0.0278475
0250401074100030c043a000a00000c7,2,1,36,164,141,723,567,1.22094,36,0.0294856
0250401074100030c043a000a00000c7,2,1,37,164,141,723,567,1.22094,28,0.0229332
0250401074100030c043a000a00000c7,2,1,38,164,141,723,567,1.22094,40,0.0327618
0250401074100030c043a000a00000c7,2,1,39,164,141,723,567,1.22094,33,0.0270285
0250401074100030c043a000a00000c7,2,1,40,164,141,723,567,1.22094,37,0.0303046
0250401074100030c043a000a00000c7,2,1,41,164,141,723,567,1.22094,33,0.0270285
0250401074100030c043a000a00000c7,2,1,42,164,141,723,567,1.22094,33,0.0270285
0250401074100030c043a000a00000c7,2,1,43,164,141,723,567,1.22094,29,0.0237523
0250401074100030c043a000a00000c7,2,1,44,164,141,723,567,1.22094,33,0.0270285
0250401074100030c043a000a00000c7,2,1,45,164,141,723,567,1.22094,25,0.0204761
0250401074100030c043a000a00000c7,2,1,46,164,141,723,567,1.22094,31,0.0253904
0250401074100030c043a000a00000c7,2,1,47,164,141,723,567,1.22094,26,0.0212951
0250401074100030c043a000a00000c7,2,1,48,164,141,723,567,1.22094,30,0.0245713
0250401074100030c043a000a00000c7,2,1,49,164,141,723,567,1.22094,31,0.0253904
0250401074100030c043a000a00000c7,2,1,50,164,141,723,567,1.22094,27,0.0221142
0250401074100030c043a000a00000c7,2,1,51,164,141,723,567,1.22094,26,0.0212951
0250401074100030c043a000a00000c7,2,1,52,164,141,723,567,1.22094,18,0.0147428
0250401074100030c043a000a00000c7,2,1,53,164,141,723,567,1.22094,10,0.00819044
0250401074100030c043a000a00000c7,2,1,54,164,141,723,567,1.22094,19,0.0155618
0250401074100030c043a000a00000c7,2,1,55,164,141,723,567,1.22094,8,0.00655235
0250401074100030c043a000a00000c7,2,1,56,164,141,723,567,1.22094,17,0.0139237
0250401074100030c043a000a00000c7,2,1,57,164,141,723,567,1.22094,17,0.0139237
0250401074100030c043a000a00000c7,2,1,58,164,141,723,567,1.22094,12,0.00982853
0250401074100030c043a000a00000c7,2,1,59,164,141,723,567,1.22094,19,0.0155618
0250401074100030c043a000a00000c7,2,1,60,164,141,723,567,1.22094,9,0.0073714
0250401074100030c043a000a00000c7,2,1,61,164,141,723,567,1.22094,9,0.0073714
0250401074100030c043a000a00000c7,2,1,62,164,141,723,567,1.22094,8,0.00655235
0250401074100030c043a000a00000c7,2,1,63,164,141,723,567,1.22094,0,0
0250401074100030c043a000a00000c7,2,1,0,164,141,724,568,1.14868,10,0.00870563
0250401074100030c043a000a00000c7,2,1,1,164,141,724,568,1.14868,6,0.00522338
0250401074100030c043a000a00000c7,2,1,2,164,141,724,568,1.14868,7,0.00609394
0250401074100030c043a000a00000c7,2,1,3,164,141,724,568,1.14868,12,0.0104468
0250401074100030c043a000a00000c7,2,1,4,164,141,724,568,1.14868,13,0.0113173
0250401074100030c043a000a00000c7,2,1,5,164,141,724,568,1.14868,7,0.00609394
0250401074100030c043a000a00000c7,2,1,6,164,141,724,568,1.14868,15,0.0130584
0250401074100030c043a000a00000c7,2,1,7,164,141,724,568,1.14868,7,0.00609394
0250401074100030c043a000a00000c7,2,1,8,164,141,724,568,1.14868,15,0.0130584
0250401074100030c043a000a00000c7,2,1,9,164,141,724,568,1.14868,10,0.00870563
0250401074100030c043a000a00000c7,2,1,10,164,141,724,568,1.14868,15,0.0130584
0250401074100030c043a000a00000c7,2,1,11,164,141,724,568,1.14868,13,0.0113173
0250401074100030c043a000a00000c7,2,1,12,164,141,724,568,1.14868,15,0.0130584
0250401074100030c043a000a00000c7,2,1,13,164,141,724,568,1.14868,15,0.0130584
0250401074100030c043a000a00000c7,2,1,14,164,141,724,568,1.14868,17,0.0147996
0250401074100030c043a000a00000c7,2,1,15,164,141,724,568,1.14868,13,0.0113173
0250401074100030c043a000a00000c7,2,1,16,164,141,724,568,1.14868,18,0.0156701
0250401074100030c043a000a00000c7,2,1,17,164,141,724,568,1.14868,14,0.0121879
0250401074100030c043a000a00000c7,2,1,18,164,141,724,568,1.14868,18,0.0156701
0250401074100030c043a000a00000c7,2,1,19,164,141,724,568,1.14868,15,0.0130584
0250401074100030c043a000a00000c7,2,1,20,164,141,724,568,1.14868,15,0.0130584
0250401074100030c043a000a00000c7,2,1,21,164,141,724,568,1.14868,17,0.0147996
0250401074100030c043a000a00000c7,2,1,22,164,141,724,568,1.14868,18,0.0156701
0250401074100030c043a000a00000c7,2,1,23,164,141,724,568,1.14868,14,0.0121879
0250401074100030c043a000a00000c7,2,1,24,164,141,724,568,1.14868,18,0.0156701
0250401074100030c043a000a00000c7,2,1,25,164,141,724,568,1.14868,15,0.0130584
0250401074100030c043a000a00000c7,2,1,26,164,141,724,568,1.14868,18,0.0156701
0250401074100030c043a000a00000c7,2,1,27,164,141,724,568,1.14868,18,0.0156701
0250401074100030c043a000a00000c7,2,1,28,164,141,724,568,1.14868,0,0
0250401074100030c043a000a00000c7,2,1,29,164,141,724,568,1.14868,16,0.013929
0250401074100030c043a000a00000c7,2,1,30,164,141,724,568,1.14868,18,0.0156701
0250401074100030c043a000a00000c7,2,1,31,164,141,724,568,1.14868,18,0.0156701
0250401074100030c043a000a00000c7,2,1,32,164,141,724,568,1.14868,16,0.013929
0250401074100030c043a000a00000c7,2,1,33,164,141,724,568,1.14868,18,0.0156701
0250401074100030c043a000a00000c7,2,1,34,164,141,724,568,1.14868,18,0.0156701
0250401074100030c043a000a00000c7,2,1,35,164,141,724,568,1.14868,16,0.013929
0250401074100030c043a000a00000c7,2,1,36,164,141,724,568,1.14868,17,0.0147996
0250401074100030c043a000a00000c7,2,1,37,164,141,724,568,1.14868,13,0.0113173
0250401074100030c043a000a00000c7,2,1,38,164,141,724,568,1.14868,18,0.0156701
0250401074100030c043a000a00000c7,2,1,39,164,141,724,568,1.14868,16,0.013929
0250401074100030c043a000a00000c7,2,1,40,164,141,724,568,1.14868,17,0.0147996
0250401074100030c043a000a00000c7,2,1,41,164,141,724,568,1.14868,14,0.0121879
0250401074100030c043a000a00000c7,2,1,42,164,141,724,568,1.14868,15,0.0130584
0250401074100030c043a000a00000c7,2,1,43,164,141,724,568,1.14868,15,0.0130584
0250401074100030c043a000a00000c7,2,1,44,164,141,724,568,1.14868,16,0.013929
0250401074100030c043a000a00000c7,2,1,45,164,141,724,568,1.14868,13,0.0113173
0250401074100030c043a000a00000c7,2,1,46,164,141,724,568,1.14868,15,0.0130584
0250401074100030c043a000a00000c7,2,1,47,164,141,724,568,1.14868,14,0.0121879
0250401074100030c043a000a00000c7,2,1,48,164,141,724,568,1.14868,15,0.0130584
0250401074100030c043a000a00000c7,2,1,49,164,141,724,568,1.14868,15,0.0130584
0250401074100030c043a000a00000c7,2,1,50,164,141,724,568,1.14868,14,0.0121879
0250401074100030c043a000a00000c7,2,1,51,164,141,724,568,1.14868,14,0.0121879
0250401074100030c043a000a00000c7,2,1,52,164,141,724,568,1.14868,9,0.00783506
0250401074100030c043a000a00000c7,2,1,53,164,141,724,568,1.14868,6,0.00522338
0250401074100030c043a000a00000c7,2,1,54,164,141,724,568,1.14868,11,0.00957619
0250401074100030c043a000a00000c7,2,1,55,164,141,724,568,1.14868,3,0.00261169
0250401074100030c043a000a00000c7,2,1,56,164,141,724,568,1.14868,7,0.00609394
0250401074100030c043a000a00000c7,2,1,57,164,141,724,568,1.14868,7,0.00609394
0250401074100030c043a000a00000c7,2,1,58,164,141,724,568,1.14868,7,0.00609394
0250401074100030c043a000a00000c7,2,1,59,164,141,724,568,1.14868,8,0.0069645
0250401074100030c043a000a00000c7,2,1,60,164,141,724,568,1.14868,5,0.00435281
0250401074100030c043a000a00000c7,2,1,61,164,141,724,568,1.14868,5,0.00435281
0250401074100030c043a000a00000c7,2,1,62,164,141,724,568,1.14868,3,0.00261169
0250401074100030c043a000a00000c7,2,1,63,164,141,724,568,1.14868,0,0
0250401074100030c043a000a00000c7,2,1,0,164,141,725,569,1.10592,46,0.0415943
0250401074100030c043a000a00000c7,2,1,1,164,141,725,569,1.10592,33,0.0298394
0250401074100030c043a000a00000c7,2,1,2,164,141,725,569,1.10592,40,0.036169
0250401074100030c043a000a00000c7,2,1,3,164,141,725,569,1.10592,52,0.0470197
0250401074100030c043a000a00000c7,2,1,4,164,141,725,569,1.10592,56,0.0506366
0250401074100030c043a000a00000c7,2,1,5,164,141,725,569,1.10592,45,0.0406901
0250401074100030c043a000a00000c7,2,1,6,164,141,725,569,1.10592,64,0.0578704
0250401074100030c043a000a00000c7,2,1,7,164,141,725,569,1.10592,44,0.0397859
0250401074100030c043a000a00000c7,2,1,8,164,141,725,569,1.10592,63,0.0569661
0250401074100030c043a000a00000c7,2,1,9,164,141,725,569,1.10592,49,0.044307
0250401074100030c043a000a00000c7,2,1,10,164,141,725,569,1.10592,55,0.0497323
0250401074100030c043a000a00000c7,2,1,11,164,141,725,569,1.10592,58,0.052445
0250401074100030c043a000a00000c7,2,1,12,164,141,725,569,1.10592,64,0.0578704
0250401074100030c043a000a00000c7,2,1,13,164,141,725,569,1.10592,64,0.0578704
0250401074100030c043a000a00000c7,2,1,14,164,141,725,569,1.10592,68,0.0614873
0250401074100030c043a000a00000c7,2,1,15,164,141,725,569,1.10592,55,0.0497323
0250401074100030c043a000a00000c7,2,1,16,164,141,725,569,1.10592,73,0.0660084
0250401074100030c043a000a00000c7,2,1,17,164,141,725,569,1.10592,54,0.0488281
0250401074100030c043a000a00000c7,2,1,18,164,141,725,569,1.10592,70,0.0632957
0250401074100030c043a000a00000c7,2,1,19,164,141,725,569,1.10592,62,0.0560619
0250401074100030c043a000a00000c7,2,1,20,164,141,725,569,1.10592,66,0.0596788
0250401074100030c043a000a00000c7,2,1,21,164,141,725,569,1.10592,67,0.060583
0250401074100030c043a000a00000c7,2,1,22,164,141,725,569,1.10592,73,0.0660084
0250401074100030c043a000a00000c7,2,1,23,164,141,725,569,1.10592,61,0.0551577
0250401074100030c043a000a00000c7,2,1,24,164,141,725,569,1.10592,69,0.0623915
0250401074100030c043a000a00000c7,2,1,25,164,141,725,569,1.10592,67,0.060583
0250401074100030c043a000a00000c7,2,1,26,164,141,725,569,1.10592,77,0.0696253
0250401074100030c043a000a00000c7,2,1,27,164,141,725,569,1.10592,69,0.0623915
0250401074100030c043a000a00000c7,2,1,28,164,141,725,569,1.10592,0,0
0250401074100030c043a000a00000c7,2,1,29,164,141,725,569,1.10592,64,0.0578704
0250401074100030c043a000a00000c7,2,1,30,164,141,725,569,1.10592,71,0.0641999
0250401074100030c043a000a00000c7,2,1,31,164,141,725,569,1.10592,67,0.060583
0250401074100030c043a000a00000c7,2,1,32,164,141,725,569,1.10592,67,0.060583
0250401074100030c043a000a00000c7,2,1,33,164,141,725,569,1.10592,67,0.060583
0250401074100030c043a000a00000c7,2,1,34,164,141,725,569,1.10592,72,0.0651042
0250401074100030c043a000a00000c7,2,1,35,164,141,725,569,1.10592,65,0.0587746
0250401074100030c043a000a00000c7,2,1,36,164,141,725,569,1.10592,65,0.0587746
0250401074100030c043a000a00000c7,2,1,37,164,141,725,569,1.10592,55,0.0497323
0250401074100030c043a000a00000c7,2,1,38,164,141,725,569,1.10592,72,0.0651042
0250401074100030c043a000a00000c7,2,1,39,164,141,725,569,1.10592,64,0.0578704
0250401074100030c043a000a00000c7,2,1,40,164,141,725,569,1.10592,67,0.060583
0250401074100030c043a000a00000c7,2,1,41,164,141,725,569,1.10592,61,0.0551577
0250401074100030c043a000a00000c7,2,1,42,164,141,725,569,1.10592,62,0.0560619
0250401074100030c043a000a00000c7,2,1,43,164,141,725,569,1.10592,56,0.0506366
0250401074100030c043a000a00000c7,2,1,44,164,141,725,569,1.10592,63,0.0569661
0250401074100030c043a000a00000c7,2,1,45,164,141,725,569,1.10592,53,0.0479239
0250401074100030c043a000a00000c7,2,1,46,164,141,725,569,1.10592,58,0.052445
0250401074100030c043a000a00000c7,2,1,47,164,141,725,569,1.10592,53,0.0479239
0250401074100030c043a000a00000c7,2,1,48,164,141,725,569,1.10592,58,0.052445
0250401074100030c043a000a00000c7,2,1,49,164,141,725,569,1.10592,57,0.0515408
0250401074100030c043a000a00000c7,2,1,50,164,141,725,569,1.10592,53,0.0479239
0250401074100030c043a000a00000c7,2,1,51,164,141,725,569,1.10592,53,0.0479239
0250401074100030c043a000a00000c7,2,1,52,164,141,725,569,1.10592,45,0.0406901
0250401074100030c043a000a00000c7,2,1,53,164,141,725,569,1.10592,30,0.0271267
0250401074100030c043a000a00000c7,2,1,54,164,141,725,569,1.10592,48,0.0434028
0250401074100030c043a000a00000c7,2,1,55,164,141,725,569,1.10592,22,0.0198929
0250401074100030c043a000a00000c7,2,1,56,164,141,725,569,1.10592,45,0.0406901
0250401074100030c043a000a00000c7,2,1,57,164,141,725,569,1.10592,46,0.0415943
0250401074100030c043a000a00000c7,2,1,58,164,141,725,569,1.10592,36,0.0325521
0250401074100030c043a000a00000c7,2,1,59,164,141,725,569,1.10592,48,0.0434028
0250401074100030c043a000a00000c7,2,1,60,164,141,725,569,1.10592,29,0.0262225
0250401074100030c043a000a00000c7,2,1,61,164,141,725,569,1.10592,27,0.0244141
0250401074100030c043a000a00000c7,2,1,62,164,141,725,569,1.10592,21,0.0189887
0250401074100030c043a000a00000c7,2,1,63,164,141,725,569,1.10592,0,0
0250401074100030c043a000a00000c7,2,1,0,164,141,726,569,1.41853,27,0.0190338
0250401074100030c043a000a00000c7,2,1,1,164,141,726,569,1.41853,19,0.0133942
0250401074100030c043a000a00000c7,2,1,2,164,141,726,569,1.41853,22,0.015509
0250401074100030c043a000a00000c7,2,1,3,164,141,726,569,1.41853,34,0.0239685
0250401074100030c043a000a00000c7,2,1,4,164,141,726,569,1.41853,35,0.0246735
0250401074100030c043a000a00000c7,2,1,5,164,141,726,569,1.41853,22,0.015509
0250401074100030c043a000a00000c7,2,1,6,164,141,726,569,1.41853,47,0.033133
0250401074100030c043a000a00000c7,2,1,7,164,141,726,569,1.41853,23,0.016214
0250401074100030c043a000a00000c7,2,1,8,164,141,726,569,1.41853,45,0.0317231
0250401074100030c043a000a00000c7,2,1,9,164,141,726,569,1.41853,24,0.016919
0250401074100030c043a000a00000c7,2,1,10,164,141,726,569,1.41853,37,0.0260834
0250401074100030c043a000a00000c7,2,1,11,164,141,726,569,1.41853,38,0.0267884
0250401074100030c043a000a00000c7,2,1,12,164,141,726,569,1.41853,46,0.032428
0250401074100030c043a000a00000c7,2,1,13,164,141,726,569,1.41853,47,0.033133
0250401074100030c043a000a00000c7,2,1,14,164,141,726,569,1.41853,49,0.0345429
0250401074100030c043a000a00000c7,2,1,15,164,141,726,569,1.41853,37,0.0260834
0250401074100030c043a000a00000c7,2,1,16,164,141,726,569,1.41853,54,0.0380677
0250401074100030c043a000a00000c7,2,1,17,164,141,726,569,1.41853,37,0.0260834
0250401074100030c043a000a00000c7,2,1,18,164,141,726,569,1.41853,51,0.0359528
0250401074100030c043a000a00000c7,2,1,19,164,141,726,569,1.41853,43,0.0303131
0250401074100030c043a000a00000c7,2,1,20,164,141,726,569,1.41853,47,0.033133
0250401074100030c043a000a00000c7,2,1,21,164,141,726,569,1.41853,48,0.0338379
0250401074100030c043a000a00000c7,2,1,22,164,141,726,569,1.41853,53,0.0373627
0250401074100030c043a000a00000c7,2,1,23,164,141,726,569,1.41853,44,0.0310181
0250401074100030c043a000a00000c7,2,1,24,164,141,726,569,1.41853,52,0.0366578
0250401074100030c043a000a00000c7,2,1,25,164,141,726,569,1.41853,50,0.0352478
0250401074100030c043a000a00000c7,2,1,26,164,141,726,569,1.41853,57,0.0401825
0250401074100030c043a000a00000c7,2,1,27,164,141,726,569,1.41853,53,0.0373627
0250401074100030c043a000a00000c7,2,1,28,164,141,726,569,1.41853,0,0
0250401074100030c043a000a00000c7,2,1,29,164,141,726,569,1.41853,48,0.0338379
0250401074100030c043a000a00000c7,2,1,30,164,141,726,569,1.41853,55,0.0387726
0250401074100030c043a000a00000c7,2,1,31,164,141,726,569,1.41853,51,0.0359528
0250401074100030c043a000a00000c7,2,1,32,164,141,726,569,1.41853,49,0.0345429
0250401074100030c043a000a00000c7,2,1,33,164,141,726,569,1.41853,52,0.0366578
0250401074100030c043a000a00000c7,2,1,34,164,141,726,569,1.41853,53,0.0373627
0250401074100030c043a000a00000c7,2,1,35,164,141,726,569,1.41853,49,0.0345429
0250401074100030c043a000a00000c7,2,1,36,164,141,726,569,1.41853,48,0.0338379
0250401074100030c043a000a00000c7,2,1,37,164,141,726,569,1.41853,38,0.0267884
0250401074100030c043a000a00000c7,2,1,38,164,141,726,569,1.41853,54,0.0380677
0250401074100030c043a000a00000c7,2,1,39,164,141,726,569,1.41853,48,0.0338379
0250401074100030c043a000a00000c7,2,1,40,164,141,726,569,1.41853,51,0.0359528
0250401074100030c043a000a00000c7,2,1,41,164,141,726,569,1.41853,46,0.032428
0250401074100030c043a000a00000c7,2,1,42,164,141,726,569,1.41853,48,0.0338379
0250401074100030c043a000a00000c7,2,1,43,164,141,726,569,1.41853,40,0.0281983
0250401074100030c043a000a00000c7,2,1,44,164,141,726,569,1.41853,47,0.033133
0250401074100030c043a000a00000c7,2,1,45,164,141,726,569,1.41853,34,0.0239685
0250401074100030c043a000a00000c7,2,1,46,164,141,726,569,1.41853,40,0.0281983
0250401074100030c043a000a00000c7,2,1,47,164,141,726,569,1.41853,38,0.0267884
0250401074100030c043a000a00000c7,2,1,48,164,141,726,569,1.41853,42,0.0296082
0250401074100030c043a000a00000c7,2,1,49,164,141,726,569,1.41853,40,0.0281983
0250401074100030c043a000a00000c7,2,1,50,164,141,726,569,1.41853,35,0.0246735
0250401074100030c043a000a00000c7,2,1,51,164,141,726,569,1.41853,36,0.0253784
0250401074100030c043a000a00000c7,2,1,52,164,141,726,569,1.41853,24,0.016919
0250401074100030c043a000a00000c7,2,1,53,164,141,726,569,1.41853,17,0.0119843
0250401074100030c043a000a00000c7,2,1,54,164,141,726,569,1.41853,29,0.0204437
0250401074100030c043a000a00000c7,2,1,55,164,141,726,569,1.41853,8,0.00563965
0250401074100030c043a000a00000c7,2,1,56,164,141,726,569,1.41853,23,0.016214
0250401074100030c043a000a00000c7,2,1,57,164,141,726,569,1.41853,24,0.016919
0250401074100030c043a000a00000c7,2,1,58,164,141,726,569,1.41853,21,0.0148041
0250401074100030c043a000a00000c7,2,1,59,164,141,726,569,1.41853,25,0.0176239
0250401074100030c043a000a00000c7,2,1,60,164,141,726,569,1.41853,18,0.0126892
0250401074100030c043a000a00000c7,2,1,61,164,141,726,569,1.41853,13,0.00916444
0250401074100030c043a000a00000c7,2,1,62,164,141,726,569,1.41853,8,0.00563965
0250401074100030c043a000a00000c7,2,1,63,164,141,726,569,1.41853,0,0
0250401074100030c043a000a00000c7,2,1,0,164,141,727,570,1.40083,19,0.0135634
0250401074100030c043a000a00000c7,2,1,1,164,141,727,570,1.40083,16,0.0114218
0250401074100030c043a000a00000c7,2,1,2,164,141,727,570,1.40083,18,0.0128495
0250401074100030c043a000a00000c7,2,1,3,164,141,727,570,1.40083,22,0.015705
0250401074100030c043a000a00000c7,2,1,4,164,141,727,570,1.40083,23,0.0164188
0250401074100030c043a000a00000c7,2,1,5,164,141,727,570,1.40083,18,0.0128495
0250401074100030c043a000a00000c7,2,1,6,164,141,727,570,1.40083,28,0.0199881
0250401074100030c043a000a00000c7,2,1,7,164,141,727,570,1.40083,18,0.0128495
0250401074100030c043a000a00000c7,2,1,8,164,141,727,570,1.40083,28,0.0199881
0250401074100030c043a000a00000c7,2,1,9,164,141,727,570,1.40083,19,0.0135634
0250401074100030c043a000a00000c7,2,1,10,164,141,727,570,1.40083,25,0.0178465
0250401074100030c043a000a00000c7,2,1,11,164,141,727,570,1.40083,25,0.0178465
0250401074100030c043a000a00000c7,2,1,12,164,141,727,570,1.40083,28,0.0199881
0250401074100030c043a000a00000c7,2,1,13,164,141,727,570,1.40083,30,0.0214158
0250401074100030c043a000a00000c7,2,1,14,164,141,727,570,1.40083,29,0.020702
0250401074100030c043a000a00000c7,2,1,15,164,141,727,570,1.40083,25,0.0178465
0250401074100030c043a000a00000c7,2,1,16,164,141,727,570,1.40083,31,0.0221297
0250401074100030c043a000a00000c7,2,1,17,164,141,727,570,1.40083,26,0.0185604
0250401074100030c043a000a00000c7,2,1,18,164,141,727,570,1.40083,31,0.0221297
0250401074100030c043a000a00000c7,2,1,19,164,141,727,570,1.40083,28,0.0199881
0250401074100030c043a000a00000c7,2,1,20,164,141,727,570,1.40083,28,0.0199881
0250401074100030c043a000a00000c7,2,1,21,164,141,727,570,1.40083,31,0.0221297
0250401074100030c043a000a00000c7,2,1,22,164,141,727,570,1.40083,31,0.0221297
0250401074100030c043a000a00000c7,2,1,23,164,141,727,570,1.40083,28,0.0199881
0250401074100030c043a000a00000c7,2,1,24,164,141,727,570,1.40083,31,0.0221297
0250401074100030c043a000a00000c7,2,1,25,164,141,727,570,1.40083,31,0.0221297
0250401074100030c043a000a00000c7,2,1,26,164,141,727,570,1.40083,32,0.0228436
0250401074100030c043a000a00000c7,2,1,27,164,141,727,570,1.40083,31,0.0221297
0250401074100030c043a000a00000c7,2,1,28,164,141,727,570,1.40083,0,0
0250401074100030c043a000a00000c7,2,1,29,164,141,727,570,1.40083,30,0.0214158
0250401074100030c043a000a00000c7,2,1,30,164,141,727,570,1.40083,33,0.0235574
0250401074100030c043a000a00000c7,2,1,31,164,141,727,570,1.40083,32,0.0228436
0250401074100030c043a000a00000c7,2,1,32,164,141,727,570,1.40083,31,0.0221297
0250401074100030c043a000a00000c7,2,1,33,164,141,727,570,1.40083,33,0.0235574
0250401074100030c043a000a00000c7,2,1,34,164,141,727,570,1.40083,33,0.0235574
0250401074100030c043a000a00000c7,2,1,35,164,141,727,570,1.40083,31,0.0221297
0250401074100030c043a000a00000c7,2,1,36,164,141,727,570,1.40083,30,0.0214158
0250401074100030c043a000a00000c7,2,1,37,164,141,727,570,1.40083,26,0.0185604
0250401074100030c043a000a00000c7,2,1,38,164,141,727,570,1.40083,33,0.0235574
0250401074100030c043a000a00000c7,2,1,39,164,141,727,570,1.40083,29,0.020702
0250401074100030c043a000a00000c7,2,1,40,164,141,727,570,1.40083,32,0.0228436
0250401074100030c043a000a00000c7,2,1,41,164,141,727,570,1.40083,29,0.020702
0250401074100030c043a000a00000c7,2,1,42,164,141,727,570,1.40083,29,0.020702
0250401074100030c043a000a00000c7,2,1,43,164,141,727,570,1.40083,28,0.0199881
0250401074100030c043a000a00000c7,2,1,44,164,141,727,570,1.40083,30,0.0214158
0250401074100030c043a000a00000c7,2,1,45,164,141,727,570,1.40083,24,0.0171327
0250401074100030c043a000a00000c7,2,1,46,164,141,727,570,1.40083,29,0.020702
0250401074100030c043a000a00000c7,2,1,47,164,141,727,570,1.40083,25,0.0178465
0250401074100030c043a000a00000c7,2,1,48,164,141,727,570,1.40083,29,0.020702
0250401074100030c043a000a00000c7,2,1,49,164,141,727,570,1.40083,28,0.0199881
0250401074100030c043a000a00000c7,2,1,50,164,141,727,570,1.40083,24,0.0171327
0250401074100030c043a000a00000c7,2,1,51,164,141,727,570,1.40083,25,0.0178465
0250401074100030c043a000a00000c7,2,1,52,164,141,727,570,1.40083,19,0.0135634
0250401074100030c043a000a00000c7,2,1,53,164,141,727,570,1.40083,14,0.00999406
0250401074100030c043a000a00000c7,2,1,54,164,141,727,570,1.40083,21,0.0149911
0250401074100030c043a000a00000c7,2,1,55,164,141,727,570,1.40083,8,0.00571089
0250401074100030c043a000a00000c7,2,1,56,164,141,727,570,1.40083,18,0.0128495
0250401074100030c043a000a00000c7,2,1,57,164,141,727,570,1.40083,19,0.0135634
0250401074100030c043a000a00000c7,2,1,58,164,141,727,570,1.40083,18,0.0128495
0250401074100030c043a000a00000c7,2,1,59,164,141,727,570,1.40083,19,0.0135634
0250401074100030c043a000a00000c7,2,1,60,164,141,727,570,1.40083,14,0.00999406
0250401074100030c043a000a00000c7,2,1,61,164,141,727,570,1.40083,13,0.0092802
0250401074100030c043a000a00000c7,2,1,62,164,141,727,570,1.40083,9,0.00642475
0250401074100030c043a000a00000c7,2,1,63,164,141,727,570,1.40083,0,0
0250401074100030c043a000a00000c7,2,1,0,164,141,728,571,1.2519,28,0.022366
0250401074100030c043a000a00000c7,2,1,1,164,141,728,571,1.2519,19,0.0151769
0250401074100030c043a000a00000c7,2,1,2,164,141,728,571,1.2519,22,0.0175733
0250401074100030c043a000a00000c7,2,1,3,164,141,728,571,1.2519,30,0.0239635
0250401074100030c043a000a00000c7,2,1,4,164,141,728,571,1.2519,36,0.0287563
0250401074100030c043a000a00000c7,2,1,5,164,141,728,571,1.2519,24,0.0191708
0250401074100030c043a000a00000c7,2,1,6,164,141,728,571,1.2519,44,0.0351465
0250401074100030c043a000a00000c7,2,1,7,164,141,728,571,1.2519,23,0.0183721
0250401074100030c043a000a00000c7,2,1,8,164,141,728,571,1.2519,43,0.0343478
0250401074100030c043a000a00000c7,2,1,9,164,141,728,571,1.2519,26,0.0207684
0250401074100030c043a000a00000c7,2,1,10,164,141,728,571,1.2519,37,0.029555
0250401074100030c043a000a00000c7,2,1,11,164,141,728,571,1.2519,40,0.0319514
0250401074100030c043a000a00000c7,2,1,12,164,141,728,571,1.2519,43,0.0343478
0250401074100030c043a000a00000c7,2,1,13,164,141,728,571,1.2519,44,0.0351465
0250401074100030c043a000a00000c7,2,1,14,164,141,728,571,1.2519,46,0.0367441
0250401074100030c043a000a00000c7,2,1,15,164,141,728,571,1.2519,37,0.029555
0250401074100030c043a000a00000c7,2,1,16,164,141,728,571,1.2519,52,0.0415368
0250401074100030c043a000a00000c7,2,1,17,164,141,728,571,1.2519,37,0.029555
0250401074100030c043a000a00000c7,2,1,18,164,141,728,571,1.2519,49,0.0391405
0250401074100030c043a000a00000c7,2,1,19,164,141,728,571,1.2519,43,0.0343478
0250401074100030c043a000a00000c7,2,1,20,164,141,728,571,1.2519,44,0.0351465
0250401074100030c043a000a00000c7,2,1,21,164,141,728,571,1.2519,45,0.0359453
0250401074100030c043a000a00000c7,2,1,22,164,141,728,571,1.2519,50,0.0399392
0250401074100030c043a000a00000c7,2,1,23,164,141,728,571,1.2519,43,0.0343478
0250401074100030c043a000a00000c7,2,1,24,164,141,728,571,1.2519,48,0.0383417
0250401074100030c043a000a00000c7,2,1,25,164,141,728,571,1.2519,45,0.0359453
0250401074100030c043a000a00000c7,2,1,26,164,141,728,571,1.2519,55,0.0439332
0250401074100030c043a000a00000c7,2,1,27,164,141,728,571,1.2519,49,0.0391405
0250401074100030c043a000a00000c7,2,1,28,164,141,728,571,1.2519,0,0
0250401074100030c043a000a00000c7,2,1,29,164,141,728,571,1.2519,45,0.0359453
0250401074100030c043a000a00000c7,2,1,30,164,141,728,571,1.2519,51,0.040738
0250401074100030c043a000a00000c7,2,1,31,164,141,728,571,1.2519,47,0.0375429
0250401074100030c043a000a00000c7,2,1,32,164,141,728,571,1.2519,46,0.0367441
0250401074100030c043a000a00000c7,2,1,33,164,141,728,571,1.2519,47,0.0375429
0250401074100030c043a000a00000c7,2,1,34,164,141,728,571,1.2519,51,0.040738
0250401074100030c043a000a00000c7,2,1,35,164,141,728,571,1.2519,45,0.0359453
0250401074100030c043a000a00000c7,2,1,36,164,141,728,571,1.2519,44,0.0351465
0250401074100030c043a000a00000c7,2,1,37,164,141,728,571,1.2519,36,0.0287563
0250401074100030c043a000a00000c7,2,1,38,164,141,728,571,1.2519,52,0.0415368
0250401074100030c043a000a00000c7,2,1,39,164,141,728,571,1.2519,45,0.0359453
0250401074100030c043a000a00000c7,2,1,40,164,141,728,571,1.2519,48,0.0383417
0250401074100030c043a000a00000c7,2,1,41,164,141,728,571,1.2519,45,0.0359453
0250401074100030c043a000a00000c7,2,1,42,164,141,728,571,1.2519,45,0.0359453
0250401074100030c043a000a00000c7,2,1,43,164,141,728,571,1.2519,41,0.0327502
0250401074100030c043a000a00000c7,2,1,44,164,141,728,571,1.2519,46,0.0367441
0250401074100030c043a000a00000c7,2,1,45,164,141,728,571,1.2519,32,0.0255611
0250401074100030c043a000a00000c7,2,1,46,164,141,728,571,1.2519,43,0.0343478
0250401074100030c043a000a00000c7,2,1,47,164,141,728,571,1.2519,35,0.0279575
0250401074100030c043a000a00000c7,2,1,48,164,141,728,571,1.2519,43,0.0343478
0250401074100030c043a000a00000c7,2,1,49,164,141,728,571,1.2519,43,0.0343478
0250401074100030c043a000a00000c7,2,1,50,164,141,728,571,1.2519,36,0.0287563
0250401074100030c043a000a00000c7,2,1,51,164,141,728,571,1.2519,37,0.029555
0250401074100030c043a000a00000c7,2,1,52,164,141,728,571,1.2519,25,0.0199696
0250401074100030c043a000a00000c7,2,1,53,164,141,728,571,1.2519,19,0.0151769
0250401074100030c043a000a00000c7,2,1,54,164,141,728,571,1.2519,27,0.0215672
0250401074100030c043a000a00000c7,2,1,55,164,141,728,571,1.2519,10,0.00798785
0250401074100030c043a000a00000c7,2,1,56,164,141,728,571,1.2519,25,0.0199696
0250401074100030c043a000a00000c7,2,1,57,164,141,728,571,1.2519,26,0.0207684
0250401074100030c043a000a00000c7,2,1,58,164,141,728,571,1.2519,20,0.0159757
0250401074100030c043a000a00000c7,2,1,59,164,141,728,571,1.2519,25,0.0199696
0250401074100030c043a000a00000c7,2,1,60,164,141,728,571,1.2519,18,0.0143781
0250401074100030c043a000a00000c7,2,1,61,164,141,728,571,1.2519,15,0.0119818
0250401074100030c043a000a00000c7,2,1,62,164,141,728,571,1.2519,11,0.00878663
0250401074100030c043a000a00000c7,2,1,63,164,141,728,571,1.2519,0,0
0250401074100030c043a000a00000c7,2,1,0,164,141,729,572,1.2578,24,0.0190809
0250401074100030c043a000a00000c7,2,1,1,164,141,729,572,1.2578,15,0.0119256
0250401074100030c043a000a00000c7,2,1,2,164,141,729,572,1.2578,19,0.0151057
0250401074100030c043a000a00000c7,2,1,3,164,141,729,572,1.2578,37,0.0294164
0250401074100030c043a000a00000c7,2,1,4,164,141,729,572,1.2578,38,0.0302115
0250401074100030c043a000a00000c7,2,1,5,164,141,729,572,1.2578,21,0.0166958
0250401074100030c043a000a00000c7,2,1,6,164,141,729,572,1.2578,48,0.0381619
0250401074100030c043a000a00000c7,2,1,7,164,141,729,572,1.2578,20,0.0159008
0250401074100030c043a000a00000c7,2,1,8,164,141,729,572,1.2578,45,0.0357768
0250401074100030c043a000a00000c7,2,1,9,164,141,729,572,1.2578,27,0.0214661
0250401074100030c043a000a00000c7,2,1,10,164,141,729,572,1.2578,38,0.0302115
0250401074100030c043a000a00000c7,2,1,11,164,141,729,572,1.2578,41,0.0325966
0250401074100030c043a000a00000c7,2,1,12,164,141,729,572,1.2578,46,0.0365718
0250401074100030c043a000a00000c7,2,1,13,164,141,729,572,1.2578,46,0.0365718
0250401074100030c043a000a00000c7,2,1,14,164,141,729,572,1.2578,51,0.040547
0250401074100030c043a000a00000c7,2,1,15,164,141,729,572,1.2578,40,0.0318016
0250401074100030c043a000a00000c7,2,1,16,164,141,729,572,1.2578,53,0.0421371
0250401074100030c043a000a00000c7,2,1,17,164,141,729,572,1.2578,40,0.0318016
0250401074100030c043a000a00000c7,2,1,18,164,141,729,572,1.2578,52,0.041342
0250401074100030c043a000a00000c7,2,1,19,164,141,729,572,1.2578,44,0.0349817
0250401074100030c043a000a00000c7,2,1,20,164,141,729,572,1.2578,46,0.0365718
0250401074100030c043a000a00000c7,2,1,21,164,141,729,572,1.2578,47,0.0373668
0250401074100030c043a000a00000c7,2,1,22,164,141,729,572,1.2578,54,0.0429321
0250401074100030c043a000a00000c7,2,1,23,164,141,729,572,1.2578,44,0.0349817
0250401074100030c043a000a00000c7,2,1,24,164,141,729,572,1.2578,52,0.041342
0250401074100030c043a000a00000c7,2,1,25,164,141,729,572,1.2578,46,0.0365718
0250401074100030c043a000a00000c7,2,1,26,164,141,729,572,1.2578,60,0.0477023
0250401074100030c043a000a00000c7,2,1,27,164,141,729,572,1.2578,50,0.039752
0250401074100030c043a000a00000c7,2,1,28,164,141,729,572,1.2578,0,0
0250401074100030c043a000a00000c7,2,1,29,164,141,729,572,1.2578,46,0.0365718
0250401074100030c043a000a00000c7,2,1,30,164,141,729,572,1.2578,56,0.0445222
0250401074100030c043a000a00000c7,2,1,31,164,141,729,572,1.2578,48,0.0381619
0250401074100030c043a000a00000c7,2,1,32,164,141,729,572,1.2578,49,0.0389569
0250401074100030c043a000a00000c7,2,1,33,164,141,729,572,1.2578,53,0.0421371
0250401074100030c043a000a00000c7,2,1,34,164,141,729,572,1.2578,56,0.0445222
0250401074100030c043a000a00000c7,2,1,35,164,141,729,572,1.2578,47,0.0373668
0250401074100030c043a000a00000c7,2,1,36,164,141,729,572,1.2578,46,0.0365718
0250401074100030c043a000a00000c7,2,1,37,164,141,729,572,1.2578,39,0.0310065
0250401074100030c043a000a00000c7,2,1,38,164,141,729,572,1.2578,55,0.0437272
0250401074100030c043a000a00000c7,2,1,39,164,141,729,572,1.2578,45,0.0357768
0250401074100030c043a000a00000c7,2,1,40,164,141,729,572,1.2578,47,0.0373668
0250401074100030c043a000a00000c7,2,1,41,164,141,729,572,1.2578,44,0.0349817
0250401074100030c043a000a00000c7,2,1,42,164,141,729,572,1.2578,45,0.0357768
0250401074100030c043a000a00000c7,2,1,43,164,141,729,572,1.2578,41,0.0325966
0250401074100030c043a000a00000c7,2,1,44,164,141,729,572,1.2578,45,0.0357768
0250401074100030c043a000a00000c7,2,1,45,164,141,729,572,1.2578,37,0.0294164
0250401074100030c043a000a00000c7,2,1,46,164,141,729,572,1.2578,45,0.0357768
0250401074100030c043a000a00000c7,2,1,47,164,141,729,572,1.2578,39,0.0310065
0250401074100030c043a000a00000c7,2,1,48,164,141,729,572,1.2578,43,0.0341867
0250401074100030c043a000a00000c7,2,1,49,164,141,729,572,1.2578,43,0.0341867
0250401074100030c043a000a00000c7,2,1,50,164,141,729,572,1.2578,39,0.0310065
0250401074100030c043a000a00000c7,2,1,51,164,141,729,572,1.2578,40,0.0318016
0250401074100030c043a000a00000c7,2,1,52,164,141,729,572,1.2578,25,0.019876
0250401074100030c043a000a00000c7,2,1,53,164,141,729,572,1.2578,16,0.0127206
0250401074100030c043a000a00000c7,2,1,54,164,141,729,572,1.2578,31,0.0246462
0250401074100030c043a000a00000c7,2,1,55,164,141,729,572,1.2578,6,0.00477023
0250401074100030c043a000a00000c7,2,1,56,164,141,729,572,1.2578,24,0.0190809
0250401074100030c043a000a00000c7,2,1,57,164,141,729,572,1.2578,23,0.0182859
0250401074100030c043a000a00000c7,2,1,58,164,141,729,572,1.2578,18,0.0143107
0250401074100030c043a000a00000c7,2,1,59,164,141,729,572,1.2578,25,0.019876
0250401074100030c043a000a00000c7,2,1,60,164,141,729,572,1.2578,16,0.0127206
0250401074100030c043a000a00000c7,2,1,61,164,141,729,572,1.2578,14,0.0111305
0250401074100030c043a000a00000c7,2,1,62,164,141,729,572,1.2578,6,0.00477023
0250401074100030c043a000a00000c7,2,1,63,164,141,729,572,1.2578,0,0
0250401074100030c043a000a00000c7,2,1,0,164,141,730,572,1.17522,39,0.0331852
0250401074100030c043a000a00000c7,2,1,1,164,141,730,572,1.17522,25,0.0212725
0250401074100030c043a000a00000c7,2,1,2,164,141,730,572,1.17522,31,0.0263779
0250401074100030c043a000a00000c7,2,1,3,164,141,730,572,1.17522,47,0.0399924
0250401074100030c043a000a00000c7,2,1,4,164,141,730,572,1.17522,53,0.0450978
0250401074100030c043a000a00000c7,2,1,5,164,141,730,572,1.17522,33,0.0280797
0250401074100030c043a000a00000c7,2,1,6,164,141,730,572,1.17522,65,0.0553086
0250401074100030c043a000a00000c7,2,1,7,164,141,730,572,1.17522,32,0.0272288
0250401074100030c043a000a00000c7,2,1,8,164,141,730,572,1.17522,66,0.0561595
0250401074100030c043a000a00000c7,2,1,9,164,141,730,572,1.17522,40,0.0340361
0250401074100030c043a000a00000c7,2,1,10,164,141,730,572,1.17522,55,0.0467996
0250401074100030c043a000a00000c7,2,1,11,164,141,730,572,1.17522,58,0.0493523
0250401074100030c043a000a00000c7,2,1,12,164,141,730,572,1.17522,66,0.0561595
0250401074100030c043a000a00000c7,2,1,13,164,141,730,572,1.17522,64,0.0544577
0250401074100030c043a000a00000c7,2,1,14,164,141,730,572,1.17522,75,0.0638176
0250401074100030c043a000a00000c7,2,1,15,164,141,730,572,1.17522,56,0.0476505
0250401074100030c043a000a00000c7,2,1,16,164,141,730,572,1.17522,82,0.0697739
0250401074100030c043a000a00000c7,2,1,17,164,141,730,572,1.17522,50,0.0425451
0250401074100030c043a000a00000c7,2,1,18,164,141,730,572,1.17522,82,0.0697739
0250401074100030c043a000a00000c7,2,1,19,164,141,730,572,1.17522,62,0.0527559
0250401074100030c043a000a00000c7,2,1,20,164,141,730,572,1.17522,66,0.0561595
0250401074100030c043a000a00000c7,2,1,21,164,141,730,572,1.17522,67,0.0570104
0250401074100030c043a000a00000c7,2,1,22,164,141,730,572,1.17522,82,0.0697739
0250401074100030c043a000a00000c7,2,1,23,164,141,730,572,1.17522,61,0.051905
0250401074100030c043a000a00000c7,2,1,24,164,141,730,572,1.17522,81,0.068923
0250401074100030c043a000a00000c7,2,1,25,164,141,730,572,1.17522,69,0.0587122
0250401074100030c043a000a00000c7,2,1,26,164,141,730,572,1.17522,84,0.0714757
0250401074100030c043a000a00000c7,2,1,27,164,141,730,572,1.17522,80,0.0680721
0250401074100030c043a000a00000c7,2,1,28,164,141,730,572,1.17522,0,0
0250401074100030c043a000a00000c7,2,1,29,164,141,730,572,1.17522,67,0.0570104
0250401074100030c043a000a00000c7,2,1,30,164,141,730,572,1.17522,83,0.0706248
0250401074100030c043a000a00000c7,2,1,31,164,141,730,572,1.17522,74,0.0629667
0250401074100030c043a000a00000c7,2,1,32,164,141,730,572,1.17522,72,0.0612649
0250401074100030c043a000a00000c7,2,1,33,164,141,730,572,1.17522,79,0.0672212
0250401074100030c043a000a00000c7,2,1,34,164,141,730,572,1.17522,83,0.0706248
0250401074100030c043a000a00000c7,2,1,35,164,141,730,572,1.17522,73,0.0621158
0250401074100030c043a000a00000c7,2,1,36,164,141,730,572,1.17522,67,0.0570104
0250401074100030c043a000a00000c7,2,1,37,164,141,730,572,1.17522,54,0.0459487
0250401074100030c043a000a00000c7,2,1,38,164,141,730,572,1.17522,83,0.0706248
0250401074100030c043a000a00000c7,2,1,39,164,141,730,572,1.17522,66,0.0561595
0250401074100030c043a000a00000c7,2,1,40,164,141,730,572,1.17522,75,0.0638176
0250401074100030c043a000a00000c7,2,1,41,164,141,730,572,1.17522,62,0.0527559
0250401074100030c043a000a00000c7,2,1,42,164,141,730,572,1.17522,62,0.0527559
0250401074100030c043a000a00000c7,2,1,43,164,141,730,572,1.17522,60,0.0510541
0250401074100030c043a000a00000c7,2,1,44,164,141,730,572,1.17522,68,0.0578613
0250401074100030c043a000a00000c7,2,1,45,164,141,730,572,1.17522,49,0.0416942
0250401074100030c043a000a00000c7,2,1,46,164,141,730,572,1.17522,60,0.0510541
0250401074100030c043a000a00000c7,2,1,47,164,141,730,572,1.17522,49,0.0416942
0250401074100030c043a000a00000c7,2,1,48,164,141,730,572,1.17522,60,0.0510541
0250401074100030c043a000a00000c7,2,1,49,164,141,730,572,1.17522,60,0.0510541
0250401074100030c043a000a00000c7,2,1,50,164,141,730,572,1.17522,51,0.043396
0250401074100030c043a000a00000c7,2,1,51,164,141,730,572,1.17522,50,0.0425451
0250401074100030c043a000a00000c7,2,1,52,164,141,730,572,1.17522,36,0.0306324
0250401074100030c043a000a00000c7,2,1,53,164,141,730,572,1.17522,20,0.017018
0250401074100030c043a000a00000c7,2,1,54,164,141,730,572,1.17522,44,0.0374397
0250401074100030c043a000a00000c7,2,1,55,164,141,730,572,1.17522,5,0.00425451
0250401074100030c043a000a00000c7,2,1,56,164,141,730,572,1.17522,30,0.025527
0250401074100030c043a000a00000c7,2,1,57,164,141,730,572,1.17522,34,0.0289306
0250401074100030c043a000a00000c7,2,1,58,164,141,730,572,1.17522,27,0.0229743
0250401074100030c043a000a00000c7,2,1,59,164,141,730,572,1.17522,38,0.0323343
0250401074100030c043a000a00000c7,2,1,60,164,141,730,572,1.17522,21,0.0178689
0250401074100030c043a000a00000c7,2,1,61,164,141,730,572,1.17522,11,0.00935992
0250401074100030c043a000a00000c7,2,1,62,164,141,730,572,1.17522,5,0.00425451
0250401074100030c043a000a00000c7,2,1,63,164,141,730,572,1.17522,0,0
0250401074100030c043a000a00000c7,2,1,0,164,141,731,573,1.54829,31,0.0200221
0250401074100030c043a000a00000c7,2,1,1,164,141,731,573,1.54829,23,0.0148551
0250401074100030c043a000a00000c7,2,1,2,164,141,731,573,1.54829,28,0.0180845
0250401074100030c043a000a00000c7,2,1,3,164,141,731,573,1.54829,32,0.020668
0250401074100030c043a000a00000c7,2,1,4,164,141,731,573,1.54829,35,0.0226056
0250401074100030c043a000a00000c7,2,1,5,164,141,731,573,1.54829,29,0.0187304
0250401074100030c043a000a00000c7,2,1,6,164,141,731,573,1.54829,49,0.0316479
0250401074100030c043a000a00000c7,2,1,7,164,141,731,573,1.54829,28,0.0180845
0250401074100030c043a000a00000c7,2,1,8,164,141,731,573,1.54829,48,0.031002
0250401074100030c043a000a00000c7,2,1,9,164,141,731,573,1.54829,30,0.0193762
0250401074100030c043a000a00000c7,2,1,10,164,141,731,573,1.54829,42,0.0271267
0250401074100030c043a000a00000c7,2,1,11,164,141,731,573,1.54829,40,0.025835
0250401074100030c043a000a00000c7,2,1,12,164,141,731,573,1.54829,50,0.0322937
0250401074100030c043a000a00000c7,2,1,13,164,141,731,573,1.54829,49,0.0316479
0250401074100030c043a000a00000c7,2,1,14,164,141,731,573,1.54829,52,0.0335855
0250401074100030c043a000a00000c7,2,1,15,164,141,731,573,1.54829,42,0.0271267
0250401074100030c043a000a00000c7,2,1,16,164,141,731,573,1.54829,57,0.0368149
0250401074100030c043a000a00000c7,2,1,17,164,141,731,573,1.54829,38,0.0245432
0250401074100030c043a000a00000c7,2,1,18,164,141,731,573,1.54829,55,0.0355231
0250401074100030c043a000a00000c7,2,1,19,164,141,731,573,1.54829,47,0.0303561
0250401074100030c043a000a00000c7,2,1,20,164,141,731,573,1.54829,50,0.0322937
0250401074100030c043a000a00000c7,2,1,21,164,141,731,573,1.54829,49,0.0316479
0250401074100030c043a000a00000c7,2,1,22,164,141,731,573,1.54829,54,0.0348772
0250401074100030c043a000a00000c7,2,1,23,164,141,731,573,1.54829,48,0.031002
0250401074100030c043a000a00000c7,2,1,24,164,141,731,573,1.54829,54,0.0348772
0250401074100030c043a000a00000c7,2,1,25,164,141,731,573,1.54829,50,0.0322937
0250401074100030c043a000a00000c7,2,1,26,164,141,731,573,1.54829,63,0.0406901
0250401074100030c043a000a00000c7,2,1,27,164,141,731,573,1.54829,53,0.0342314
0250401074100030c043a000a00000c7,2,1,28,164,141,731,573,1.54829,0,0
0250401074100030c043a000a00000c7,2,1,29,164,141,731,573,1.54829,49,0.0316479
0250401074100030c043a000a00000c7,2,1,30,164,141,731,573,1.54829,55,0.0355231
0250401074100030c043a000a00000c7,2,1,31,164,141,731,573,1.54829,51,0.0329396
0250401074100030c043a000a00000c7,2,1,32,164,141,731,573,1.54829,50,0.0322937
0250401074100030c043a000a00000c7,2,1,33,164,141,731,573,1.54829,52,0.0335855
0250401074100030c043a000a00000c7,2,1,34,164,141,731,573,1.54829,55,0.0355231
0250401074100030c043a000a00000c7,2,1,35,164,141,731,573,1.54829,50,0.0322937
0250401074100030c043a000a00000c7,2,1,36,164,141,731,573,1.54829,49,0.0316479
0250401074100030c043a000a00000c7,2,1,37,164,141,731,573,1.54829,40,0.025835
0250401074100030c043a000a00000c7,2,1,38,164,141,731,573,1.54829,56,0.036169
0250401074100030c043a000a00000c7,2,1,39,164,141,731,573,1.54829,50,0.0322937
0250401074100030c043a000a00000c7,2,1,40,164,141,731,573,1.54829,51,0.0329396
0250401074100030c043a000a00000c7,2,1,41,164,141,731,573,1.54829,47,0.0303561
0250401074100030c043a000a00000c7,2,1,42,164,141,731,573,1.54829,46,0.0297102
0250401074100030c043a000a00000c7,2,1,43,164,141,731,573,1.54829,42,0.0271267
0250401074100030c043a000a00000c7,2,1,44,164,141,731,573,1.54829,48,0.031002
0250401074100030c043a000a00000c7,2,1,45,164,141,731,573,1.54829,33,0.0213139
0250401074100030c043a000a00000c7,2,1,46,164,141,731,573,1.54829,46,0.0297102
0250401074100030c043a000a00000c7,2,1,47,164,141,731,573,1.54829,36,0.0232515
0250401074100030c043a000a00000c7,2,1,48,164,141,731,573,1.54829,44,0.0284185
0250401074100030c043a000a00000c7,2,1,49,164,141,731,573,1.54829,44,0.0284185
0250401074100030c043a000a00000c7,2,1,50,164,141,731,573,1.54829,34,0.0219597
0250401074100030c043a000a00000c7,2,1,51,164,141,731,573,1.54829,35,0.0226056
0250401074100030c043a000a00000c7,2,1,52,164,141,731,573,1.54829,30,0.0193762
0250401074100030c043a000a00000c7,2,1,53,164,141,731,573,1.54829,20,0.0129175
0250401074100030c043a000a00000c7,2,1,54,164,141,731,573,1.54829,31,0.0200221
0250401074100030c043a000a00000c7,2,1,55,164,141,731,573,1.54829,8,0.005167
0250401074100030c043a000a00000c7,2,1,56,164,141,731,573,1.54829,29,0.0187304
0250401074100030c043a000a00000c7,2,1,57,164,141,731,573,1.54829,30,0.0193762
0250401074100030c043a000a00000c7,2,1,58,164,141,731,573,1.54829,26,0.0167927
0250401074100030c043a000a00000c7,2,1,59,164,141,731,573,1.54829,31,0.0200221
0250401074100030c043a000a00000c7,2,1,60,164,141,731,573,1.54829,21,0.0135634
0250401074100030c043a000a00000c7,2,1,61,164,141,731,573,1.54829,17,0.0109799
0250401074100030c043a000a00000c7,2,1,62,164,141,731,573,1.54829,6,0.00387525
0250401074100030c043a000a00000c7,2,1,63,164,141,731,573,1.54829,0,0
0250401074100030c043a000a00000c7,2,1,0,164,141,732,574,1.28287,14,0.0109131
0250401074100030c043a000a00000c7,2,1,1,164,141,732,574,1.28287,6,0.00467702
0250401074100030c043a000a00000c7,2,1,2,164,141,732,574,1.28287,11,0.00857454
0250401074100030c043a000a00000c7,2,1,3,164,141,732,574,1.28287,18,0.0140311
0250401074100030c043a000a00000c7,2,1,4,164,141,732,574,1.28287,18,0.0140311
0250401074100030c043a000a00000c7,2,1,5,164,141,732,574,1.28287,10,0.00779504
0250401074100030c043a000a00000c7,2,1,6,164,141,732,574,1.28287,29,0.0226056
0250401074100030c043a000a00000c7,2,1,7,164,141,732,574,1.28287,9,0.00701554
0250401074100030c043a000a00000c7,2,1,8,164,141,732,574,1.28287,29,0.0226056
0250401074100030c043a000a00000c7,2,1,9,164,141,732,574,1.28287,14,0.0109131
0250401074100030c043a000a00000c7,2,1,10,164,141,732,574,1.28287,23,0.0179286
0250401074100030c043a000a00000c7,2,1,11,164,141,732,574,1.28287,22,0.0171491
0250401074100030c043a000a00000c7,2,1,12,164,141,732,574,1.28287,30,0.0233851
0250401074100030c043a000a00000c7,2,1,13,164,141,732,574,1.28287,29,0.0226056
0250401074100030c043a000a00000c7,2,1,14,164,141,732,574,1.28287,33,0.0257236
0250401074100030c043a000a00000c7,2,1,15,164,141,732,574,1.28287,24,0.0187081
0250401074100030c043a000a00000c7,2,1,16,164,141,732,574,1.28287,41,0.0319597
0250401074100030c043a000a00000c7,2,1,17,164,141,732,574,1.28287,22,0.0171491
0250401074100030c043a000a00000c7,2,1,18,164,141,732,574,1.28287,38,0.0296211
0250401074100030c043a000a00000c7,2,1,19,164,141,732,574,1.28287,27,0.0210466
0250401074100030c043a000a00000c7,2,1,20,164,141,732,574,1.28287,30,0.0233851
0250401074100030c043a000a00000c7,2,1,21,164,141,732,574,1.28287,31,0.0241646
0250401074100030c043a000a00000c7,2,1,22,164,141,732,574,1.28287,39,0.0304007
0250401074100030c043a000a00000c7,2,1,23,164,141,732,574,1.28287,27,0.0210466
0250401074100030c043a000a00000c7,2,1,24,164,141,732,574,1.28287,36,0.0280621
0250401074100030c043a000a00000c7,2,1,25,164,141,732,574,1.28287,30,0.0233851
0250401074100030c043a000a00000c7,2,1,26,164,141,732,574,1.28287,45,0.0350777
0250401074100030c043a000a00000c7,2,1,27,164,141,732,574,1.28287,37,0.0288416
0250401074100030c043a000a00000c7,2,1,28,164,141,732,574,1.28287,0,0
0250401074100030c043a000a00000c7,2,1,29,164,141,732,574,1.28287,30,0.0233851
0250401074100030c043a000a00000c7,2,1,30,164,141,732,574,1.28287,40,0.0311802
0250401074100030c043a000a00000c7,2,1,31,164,141,732,574,1.28287,35,0.0272826
0250401074100030c043a000a00000c7,2,1,32,164,141,732,574,1.28287,34,0.0265031
0250401074100030c043a000a00000c7,2,1,33,164,141,732,574,1.28287,36,0.0280621
0250401074100030c043a000a00000c7,2,1,34,164,141,732,574,1.28287,40,0.0311802
0250401074100030c043a000a00000c7,2,1,35,164,141,732,574,1.28287,32,0.0249441
0250401074100030c043a000a00000c7,2,1,36,164,141,732,574,1.28287,30,0.0233851
0250401074100030c043a000a00000c7,2,1,37,164,141,732,574,1.28287,23,0.0179286
0250401074100030c043a000a00000c7,2,1,38,164,141,732,574,1.28287,41,0.0319597
0250401074100030c043a000a00000c7,2,1,39,164,141,732,574,1.28287,29,0.0226056
0250401074100030c043a000a00000c7,2,1,40,164,141,732,574,1.28287,34,0.0265031
0250401074100030c043a000a00000c7,2,1,41,164,141,732,574,1.28287,28,0.0218261
0250401074100030c043a000a00000c7,2,1,42,164,141,732,574,1.28287,30,0.0233851
0250401074100030c043a000a00000c7,2,1,43,164,141,732,574,1.28287,24,0.0187081
0250401074100030c043a000a00000c7,2,1,44,164,141,732,574,1.28287,30,0.0233851
0250401074100030c043a000a00000c7,2,1,45,164,141,732,574,1.28287,18,0.0140311
0250401074100030c043a000a00000c7,2,1,46,164,141,732,574,1.28287,27,0.0210466
0250401074100030c043a000a00000c7,2,1,47,164,141,732,574,1.28287,20,0.0155901
0250401074100030c043a000a00000c7,2,1,48,164,141,732,574,1.28287,28,0.0218261
0250401074100030c043a000a00000c7,2,1,49,164,141,732,574,1.28287,26,0.0202671
0250401074100030c043a000a00000c7,2,1,50,164,141,732,574,1.28287,21,0.0163696
0250401074100030c043a000a00000c7,2,1,51,164,141,732,574,1.28287,19,0.0148106
0250401074100030c043a000a00000c7,2,1,52,164,141,732,574,1.28287,12,0.00935405
0250401074100030c043a000a00000c7,2,1,53,164,141,732,574,1.28287,5,0.00389752
0250401074100030c043a000a00000c7,2,1,54,164,141,732,574,1.28287,15,0.0116926
0250401074100030c043a000a00000c7,2,1,55,164,141,732,574,1.28287,2,0.00155901
0250401074100030c043a000a00000c7,2,1,56,164,141,732,574,1.28287,10,0.00779504
0250401074100030c043a000a00000c7,2,1,57,164,141,732,574,1.28287,10,0.00779504
0250401074100030c043a000a00000c7,2,1,58,164,141,732,574,1.28287,7,0.00545653
0250401074100030c043a000a00000c7,2,1,59,164,141,732,574,1.28287,13,0.0101336
0250401074100030c043a000a00000c7,2,1,60,164,141,732,574,1.28287,6,0.00467702
0250401074100030c043a000a00000c7,2,1,61,164,141,732,574,1.28287,3,0.00233851
0250401074100030c043a000a00000c7,2,1,62,164,141,732,574,1.28287,1,0.000779504
0250401074100030c043a000a00000c7,2,1,63,164,141,732,574,1.28287,0,0
0250401074100030c043a000a00000c7,2,1,0,164,141,733,575,1.20619,30,0.0248717
0250401074100030c043a000a00000c7,2,1,1,164,141,733,575,1.20619,19,0.0157521
0250401074100030c043a000a00000c7,2,1,2,164,141,733,575,1.20619,27,0.0223845
0250401074100030c043a000a00000c7,2,1,3,164,141,733,575,1.20619,34,0.0281879
0250401074100030c043a000a00000c7,2,1,4,164,141,733,575,1.20619,38,0.0315042
0250401074100030c043a000a00000c7,2,1,5,164,141,733,575,1.20619,28,0.0232136
0250401074100030c043a000a00000c7,2,1,6,164,141,733,575,1.20619,50,0.0414528
0250401074100030c043a000a00000c7,2,1,7,164,141,733,575,1.20619,27,0.0223845
0250401074100030c043a000a00000c7,2,1,8,164,141,733,575,1.20619,49,0.0406238
0250401074100030c043a000a00000c7,2,1,9,164,141,733,575,1.20619,31,0.0257008
0250401074100030c043a000a00000c7,2,1,10,164,141,733,575,1.20619,39,0.0323332
0250401074100030c043a000a00000c7,2,1,11,164,141,733,575,1.20619,40,0.0331623
0250401074100030c043a000a00000c7,2,1,12,164,141,733,575,1.20619,48,0.0397947
0250401074100030c043a000a00000c7,2,1,13,164,141,733,575,1.20619,48,0.0397947
0250401074100030c043a000a00000c7,2,1,14,164,141,733,575,1.20619,55,0.0455981
0250401074100030c043a000a00000c7,2,1,15,164,141,733,575,1.20619,40,0.0331623
0250401074100030c043a000a00000c7,2,1,16,164,141,733,575,1.20619,61,0.0505725
0250401074100030c043a000a00000c7,2,1,17,164,141,733,575,1.20619,39,0.0323332
0250401074100030c043a000a00000c7,2,1,18,164,141,733,575,1.20619,57,0.0472562
0250401074100030c043a000a00000c7,2,1,19,164,141,733,575,1.20619,47,0.0389657
0250401074100030c043a000a00000c7,2,1,20,164,141,733,575,1.20619,49,0.0406238
0250401074100030c043a000a00000c7,2,1,21,164,141,733,575,1.20619,49,0.0406238
0250401074100030c043a000a00000c7,2,1,22,164,141,733,575,1.20619,58,0.0480853
0250401074100030c043a000a00000c7,2,1,23,164,141,733,575,1.20619,46,0.0381366
0250401074100030c043a000a00000c7,2,1,24,164,141,733,575,1.20619,57,0.0472562
0250401074100030c043a000a00000c7,2,1,25,164,141,733,575,1.20619,51,0.0422819
0250401074100030c043a000a00000c7,2,1,26,164,141,733,575,1.20619,63,0.0522306
0250401074100030c043a000a00000c7,2,1,27,164,141,733,575,1.20619,56,0.0464272
0250401074100030c043a000a00000c7,2,1,28,164,141,733,575,1.20619,0,0
0250401074100030c043a000a00000c7,2,1,29,164,141,733,575,1.20619,49,0.0406238
0250401074100030c043a000a00000c7,2,1,30,164,141,733,575,1.20619,62,0.0514015
0250401074100030c043a000a00000c7,2,1,31,164,141,733,575,1.20619,54,0.0447691
0250401074100030c043a000a00000c7,2,1,32,164,141,733,575,1.20619,54,0.0447691
0250401074100030c043a000a00000c7,2,1,33,164,141,733,575,1.20619,53,0.04394
0250401074100030c043a000a00000c7,2,1,34,164,141,733,575,1.20619,59,0.0489143
0250401074100030c043a000a00000c7,2,1,35,164,141,733,575,1.20619,51,0.0422819
0250401074100030c043a000a00000c7,2,1,36,164,141,733,575,1.20619,48,0.0397947
0250401074100030c043a000a00000c7,2,1,37,164,141,733,575,1.20619,39,0.0323332
0250401074100030c043a000a00000c7,2,1,38,164,141,733,575,1.20619,60,0.0497434
0250401074100030c043a000a00000c7,2,1,39,164,141,733,575,1.20619,48,0.0397947
0250401074100030c043a000a00000c7,2,1,40,164,141,733,575,1.20619,55,0.0455981
0250401074100030c043a000a00000c7,2,1,41,164,141,733,575,1.20619,47,0.0389657
0250401074100030c043a000a00000c7,2,1,42,164,141,733,575,1.20619,48,0.0397947
0250401074100030c043a000a00000c7,2,1,43,164,141,733,575,1.20619,40,0.0331623
0250401074100030c043a000a00000c7,2,1,44,164,141,733,575,1.20619,49,0.0406238
0250401074100030c043a000a00000c7,2,1,45,164,141,733,575,1.20619,35,0.029017
0250401074100030c043a000a00000c7,2,1,46,164,141,733,575,1.20619,45,0.0373076
0250401074100030c043a000a00000c7,2,1,47,164,141,733,575,1.20619,38,0.0315042
0250401074100030c043a000a00000c7,2,1,48,164,141,733,575,1.20619,46,0.0381366
0250401074100030c043a000a00000c7,2,1,49,164,141,733,575,1.20619,43,0.0356494
0250401074100030c043a000a00000c7,2,1,50,164,141,733,575,1.20619,36,0.029846
0250401074100030c043a000a00000c7,2,1,51,164,141,733,575,1.20619,38,0.0315042
0250401074100030c043a000a00000c7,2,1,52,164,141,733,575,1.20619,28,0.0232136
0250401074100030c043a000a00000c7,2,1,53,164,141,733,575,1.20619,14,0.0116068
0250401074100030c043a000a00000c7,2,1,54,164,141,733,575,1.20619,31,0.0257008
0250401074100030c043a000a00000c7,2,1,55,164,141,733,575,1.20619,6,0.00497434
0250401074100030c043a000a00000c7,2,1,56,164,141,733,575,1.20619,26,0.0215555
0250401074100030c043a000a00000c7,2,1,57,164,141,733,575,1.20619,27,0.0223845
0250401074100030c043a000a00000c7,2,1,58,164,141,733,575,1.20619,22,0.0182392
0250401074100030c043a000a00000c7,2,1,59,164,141,733,575,1.20619,30,0.0248717
0250401074100030c043a000a00000c7,2,1,60,164,141,733,575,1.20619,13,0.0107777
0250401074100030c043a000a00000c7,2,1,61,164,141,733,575,1.20619,11,0.00911962
0250401074100030c043a000a00000c7,2,1,62,164,141,733,575,1.20619,4,0.00331623
0250401074100030c043a000a00000c7,2,1,63,164,141,733,575,1.20619,0,0
0250401074100030c043a000a00000c7,2,1,0,164,141,734,576,1.03956,0,0
0250401074100030c043a000a00000c7,2,1,1,164,141,734,576,1.03956,0,0
0250401074100030c043a000a00000c7,2,1,2,164,141,734,576,1.03956,0,0
0250401074100030c043a000a00000c7,2,1,3,164,141,734,576,1.03956,0,0
0250401074100030c043a000a00000c7,2,1,4,164,141,734,576,1.03956,0,0
0250401074100030c043a000a00000c7,2,1,5,164,141,734,576,1.03956,0,0
0250401074100030c043a000a00000c7,2,1,6,164,141,734,576,1.03956,0,0
0250401074100030c043a000a00000c7,2,1,7,164,141,734,576,1.03956,0,0
0250401074100030c043a000a00000c7,2,1,8,164,141,734,576,1.03956,0,0
0250401074100030c043a000a00000c7,2,1,9,164,141,734,576,1.03956,0,0
0250401074100030c043a000a00000c7,2,1,10,164,141,734,576,1.03956,0,0
0250401074100030c043a000a00000c7,2,1,11,164,141,734,576,1.03956,0,0
0250401074100030c043a000a00000c7,2,1,12,164,141,734,576,1.03956,0,0
0250401074100030c043a000a00000c7,2,1,13,164,141,734,576,1.03956,0,0
0250401074100030c043a000a00000c7,2,1,14,164,141,734,576,1.03956,0,0
0250401074100030c043a000a00000c7,2,1,15,164,141,734,576,1.03956,0,0
0250401074100030c043a000a00000c7,2,1,16,164,141,734,576,1.03956,0,0
0250401074100030c043a000a00000c7,2,1,17,164,141,734,576,1.03956,0,0
0250401074100030c043a000a00000c7,2,1,18,164,141,734,576,1.03956,0,0
0250401074100030c043a000a00000c7,2,1,19,164,141,734,576,1.03956,0,0
0250401074100030c043a000a00000c7,2,1,20,164,141,734,576,1.03956,0,0
0250401074100030c043a000a00000c7,2,1,21,164,141,734,576,1.03956,0,0
0250401074100030c043a000a00000c7,2,1,22,164,141,734,576,1.03956,0,0
0250401074100030c043a000a00000c7,2,1,23,164,141,734,576,1.03956,0,0
0250401074100030c043a000a00000c7,2,1,24,164,141,734,576,1.03956,0,0
0250401074100030c043a000a00000c7,2,1,25,164,141,734,576,1.03956,0,0
0250401074100030c043a000a00000c7,2,1,26,164,141,734,576,1.03956,0,0
0250401074100030c043a000a00000c7,2,1,27,164,141,734,576,1.03956,0,0
0250401074100030c043a000a00000c7,2,1,28,164,141,734,576,1.03956,0,0
0250401074100030c043a000a00000c7,2,1,29,164,141,734,576,1.03956,0,0
0250401074100030c043a000a00000c7,2,1,30,164,141,734,576,1.03956,0,0
0250401074100030c043a000a00000c7,2,1,31,164,141,734,576,1.03956,0,0
0250401074100030c043a000a00000c7,2,1,32,164,141,734,576,1.03956,0,0
0250401074100030c043a000a00000c7,2,1,33,164,141,734,576,1.03956,0,0
0250401074100030c043a000a00000c7,2,1,34,164,141,734,576,1.03956,0,0
0250401074100030c043a000a00000c7,2,1,35,164,141,734,576,1.03956,0,0
0250401074100030c043a000a00000c7,2,1,36,164,141,734,576,1.03956,0,0
0250401074100030c043a000a00000c7,2,1,37,164,141,734,576,1.03956,0,0
0250401074100030c043a000a00000c7,2,1,38,164,141,734,576,1.03956,0,0
0250401074100030c043a000a00000c7,2,1,39,164,141,734,576,1.03956,0,0
0250401074100030c043a000a00000c7,2,1,40,164,141,734,576,1.03956,0,0
0250401074100030c043a000a00000c7,2,1,41,164,141,734,576,1.03956,0,0
0250401074100030c043a000a00000c7,2,1,42,164,141,734,576,1.03956,0,0
0250401074100030c043a000a00000c7,2,1,43,164,141,734,576,1.03956,0,0
0250401074100030c043a000a00000c7,2,1,44,164,141,734,576,1.03956,0,0
0250401074100030c043a000a00000c7,2,1,45,164,141,734,576,1.03956,0,0
0250401074100030c043a000a00000c7,2,1,46,164,141,734,576,1.03956,0,0
0250401074100030c043a000a00000c7,2,1,47,164,141,734,576,1.03956,0,0
0250401074100030c043a000a00000c7,2,1,48,164,141,734,576,1.03956,0,0
0250401074100030c043a000a00000c7,2,1,49,164,141,734,576,1.03956,0,0
0250401074100030c043a000a00000c7,2,1,50,164,141,734,576,1.03956,0,0
0250401074100030c043a000a00000c7,2,1,51,164,141,734,576,1.03956,0,0
0250401074100030c043a000a00000c7,2,1,52,164,141,734,576,1.03956,0,0
0250401074100030c043a000a00000c7,2,1,53,164,141,734,576,1.03956,0,0
0250401074100030c043a000a00000c7,2,1,54,164,141,734,576,1.03956,0,0
0250401074100030c043a000a00000c7,2,1,55,164,141,734,576,1.03956,0,0
0250401074100030c043a000a00000c7,2,1,56,164,141,734,576,1.03956,0,0
0250401074100030c043a000a00000c7,2,1,57,164,141,734,576,1.03956,0,0
0250401074100030c043a000a00000c7,2,1,58,164,141,734,576,1.03956,0,0
0250401074100030c043a000a00000c7,2,1,59,164,141,734,576,1.03956,0,0
0250401074100030c043a000a00000c7,2,1,60,164,141,734,576,1.03956,0,0
0250401074100030c043a000a00000c7,2,1,61,164,141,734,576,1.03956,0,0
0250401074100030c043a000a00000c7,2,1,62,164,141,734,576,1.03956,0,0
0250401074100030c043a000a00000c7,2,1,63,164,141,734,576,1.03956,0,0
0250401074100030c043a000a00000c7,2,1,0,164,141,735,576,1.24158,9,0.00724883
0250401074100030c043a000a00000c7,2,1,1,164,141,735,576,1.24158,6,0.00483255
0250401074100030c043a000a00000c7,2,1,2,164,141,735,576,1.24158,6,0.00483255
0250401074100030c043a000a00000c7,2,1,3,164,141,735,576,1.24158,8,0.00644341
0250401074100030c043a000a00000c7,2,1,4,164,141,735,576,1.24158,12,0.00966511
0250401074100030c043a000a00000c7,2,1,5,164,141,735,576,1.24158,7,0.00563798
0250401074100030c043a000a00000c7,2,1,6,164,141,735,576,1.24158,16,0.0128868
0250401074100030c043a000a00000c7,2,1,7,164,141,735,576,1.24158,7,0.00563798
0250401074100030c043a000a00000c7,2,1,8,164,141,735,576,1.24158,16,0.0128868
0250401074100030c043a000a00000c7,2,1,9,164,141,735,576,1.24158,7,0.00563798
0250401074100030c043a000a00000c7,2,1,10,164,141,735,576,1.24158,13,0.0104705
0250401074100030c043a000a00000c7,2,1,11,164,141,735,576,1.24158,14,0.011276
0250401074100030c043a000a00000c7,2,1,12,164,141,735,576,1.24158,16,0.0128868
0250401074100030c043a000a00000c7,2,1,13,164,141,735,576,1.24158,16,0.0128868
0250401074100030c043a000a00000c7,2,1,14,164,141,735,576,1.24158,16,0.0128868
0250401074100030c043a000a00000c7,2,1,15,164,141,735,576,1.24158,12,0.00966511
0250401074100030c043a000a00000c7,2,1,16,164,141,735,576,1.24158,16,0.0128868
0250401074100030c043a000a00000c7,2,1,17,164,141,735,576,1.24158,11,0.00885968
0250401074100030c043a000a00000c7,2,1,18,164,141,735,576,1.24158,16,0.0128868
0250401074100030c043a000a00000c7,2,1,19,164,141,735,576,1.24158,15,0.0120814
0250401074100030c043a000a00000c7,2,1,20,164,141,735,576,1.24158,16,0.0128868
0250401074100030c043a000a00000c7,2,1,21,164,141,735,576,1.24158,16,0.0128868
0250401074100030c043a000a00000c7,2,1,22,164,141,735,576,1.24158,16,0.0128868
0250401074100030c043a000a00000c7,2,1,23,164,141,735,576,1.24158,15,0.0120814
0250401074100030c043a000a00000c7,2,1,24,164,141,735,576,1.24158,16,0.0128868
0250401074100030c043a000a00000c7,2,1,25,164,141,735,576,1.24158,16,0.0128868
0250401074100030c043a000a00000c7,2,1,26,164,141,735,576,1.24158,17,0.0136922
0250401074100030c043a000a00000c7,2,1,27,164,141,735,576,1.24158,16,0.0128868
0250401074100030c043a000a00000c7,2,1,28,164,141,735,576,1.24158,0,0
0250401074100030c043a000a00000c7,2,1,29,164,141,735,576,1.24158,16,0.0128868
0250401074100030c043a000a00000c7,2,1,30,164,141,735,576,1.24158,16,0.0128868
0250401074100030c043a000a00000c7,2,1,31,164,141,735,576,1.24158,16,0.0128868
0250401074100030c043a000a00000c7,2,1,32,164,141,735,576,1.24158,16,0.0128868
0250401074100030c043a000a00000c7,2,1,33,164,141,735,576,1.24158,16,0.0128868
0250401074100030c043a000a00000c7,2,1,34,164,141,735,576,1.24158,16,0.0128868
0250401074100030c043a000a00000c7,2,1,35,164,141,735,576,1.24158,16,0.0128868
0250401074100030c043a000a00000c7,2,1,36,164,141,735,576,1.24158,16,0.0128868
0250401074100030c043a000a00000c7,2,1,37,164,141,735,576,1.24158,11,0.00885968
0250401074100030c043a000a00000c7,2,1,38,164,141,735,576,1.24158,16,0.0128868
0250401074100030c043a000a00000c7,2,1,39,164,141,735,576,1.24158,16,0.0128868
0250401074100030c043a000a00000c7,2,1,40,164,141,735,576,1.24158,16,0.0128868
0250401074100030c043a000a00000c7,2,1,41,164,141,735,576,1.24158,15,0.0120814
0250401074100030c043a000a00000c7,2,1,42,164,141,735,576,1.24158,16,0.0128868
0250401074100030c043a000a00000c7,2,1,43,164,141,735,576,1.24158,15,0.0120814
0250401074100030c043a000a00000c7,2,1,44,164,141,735,576,1.24158,16,0.0128868
0250401074100030c043a000a00000c7,2,1,45,164,141,735,576,1.24158,8,0.00644341
0250401074100030c043a000a00000c7,2,1,46,164,141,735,576,1.24158,15,0.0120814
0250401074100030c043a000a00000c7,2,1,47,164,141,735,576,1.24158,9,0.00724883
0250401074100030c043a000a00000c7,2,1,48,164,141,735,576,1.24158,15,0.0120814
0250401074100030c043a000a00000c7,2,1,49,164,141,735,576,1.24158,15,0.0120814
0250401074100030c043a000a00000c7,2,1,50,164,141,735,576,1.24158,11,0.00885968
0250401074100030c043a000a00000c7,2,1,51,164,141,735,576,1.24158,10,0.00805426
0250401074100030c043a000a00000c7,2,1,52,164,141,735,576,1.24158,7,0.00563798
0250401074100030c043a000a00000c7,2,1,53,164,141,735,576,1.24158,5,0.00402713
0250401074100030c043a000a00000c7,2,1,54,164,141,735,576,1.24158,7,0.00563798
0250401074100030c043a000a00000c7,2,1,55,164,141,735,576,1.24158,3,0.00241628
0250401074100030c043a000a00000c7,2,1,56,164,141,735,576,1.24158,7,0.00563798
0250401074100030c043a000a00000c7,2,1,57,164,141,735,576,1.24158,7,0.00563798
0250401074100030c043a000a00000c7,2,1,58,164,141,735,576,1.24158,6,0.00483255
0250401074100030c043a000a00000c7,2,1,59,164,141,735,576,1.24158,7,0.00563798
0250401074100030c043a000a00000c7,2,1,60,164,141,735,576,1.24158,6,0.00483255
0250401074100030c043a000a00000c7,2,1,61,164,141,735,576,1.24158,3,0.00241628
0250401074100030c043a000a00000c7,2,1,62,164,141,735,576,1.24158,3,0.00241628
0250401074100030c043a000a00000c7,2,1,63,164,141,735,576,1.24158,0,0
0250401074100030c043a000a00000c7,2,1,0,164,141,736,577,1.22978,19,0.0154499
0250401074100030c043a000a00000c7,2,1,1,164,141,736,577,1.22978,11,0.00894467
0250401074100030c043a000a00000c7,2,1,2,164,141,736,577,1.22978,17,0.0138236
0250401074100030c043a000a00000c7,2,1,3,164,141,736,577,1.22978,19,0.0154499
0250401074100030c043a000a00000c7,2,1,4,164,141,736,577,1.22978,23,0.0187025
0250401074100030c043a000a00000c7,2,1,5,164,141,736,577,1.22978,15,0.0121973
0250401074100030c043a000a00000c7,2,1,6,164,141,736,577,1.22978,31,0.0252077
0250401074100030c043a000a00000c7,2,1,7,164,141,736,577,1.22978,17,0.0138236
0250401074100030c043a000a00000c7,2,1,8,164,141,736,577,1.22978,28,0.0227682
0250401074100030c043a000a00000c7,2,1,9,164,141,736,577,1.22978,17,0.0138236
0250401074100030c043a000a00000c7,2,1,10,164,141,736,577,1.22978,24,0.0195156
0250401074100030c043a000a00000c7,2,1,11,164,141,736,577,1.22978,24,0.0195156
0250401074100030c043a000a00000c7,2,1,12,164,141,736,577,1.22978,28,0.0227682
0250401074100030c043a000a00000c7,2,1,13,164,141,736,577,1.22978,28,0.0227682
0250401074100030c043a000a00000c7,2,1,14,164,141,736,577,1.22978,33,0.026834
0250401074100030c043a000a00000c7,2,1,15,164,141,736,577,1.22978,25,0.0203288
0250401074100030c043a000a00000c7,2,1,16,164,141,736,577,1.22978,35,0.0284603
0250401074100030c043a000a00000c7,2,1,17,164,141,736,577,1.22978,23,0.0187025
0250401074100030c043a000a00000c7,2,1,18,164,141,736,577,1.22978,36,0.0292735
0250401074100030c043a000a00000c7,2,1,19,164,141,736,577,1.22978,27,0.0219551
0250401074100030c043a000a00000c7,2,1,20,164,141,736,577,1.22978,29,0.0235814
0250401074100030c043a000a00000c7,2,1,21,164,141,736,577,1.22978,30,0.0243945
0250401074100030c043a000a00000c7,2,1,22,164,141,736,577,1.22978,37,0.0300866
0250401074100030c043a000a00000c7,2,1,23,164,141,736,577,1.22978,28,0.0227682
0250401074100030c043a000a00000c7,2,1,24,164,141,736,577,1.22978,33,0.026834
0250401074100030c043a000a00000c7,2,1,25,164,141,736,577,1.22978,29,0.0235814
0250401074100030c043a000a00000c7,2,1,26,164,141,736,577,1.22978,40,0.0325261
0250401074100030c043a000a00000c7,2,1,27,164,141,736,577,1.22978,34,0.0276472
0250401074100030c043a000a00000c7,2,1,28,164,141,736,577,1.22978,0,0
0250401074100030c043a000a00000c7,2,1,29,164,141,736,577,1.22978,30,0.0243945
0250401074100030c043a000a00000c7,2,1,30,164,141,736,577,1.22978,37,0.0300866
0250401074100030c043a000a00000c7,2,1,31,164,141,736,577,1.22978,32,0.0260208
0250401074100030c043a000a00000c7,2,1,32,164,141,736,577,1.22978,31,0.0252077
0250401074100030c043a000a00000c7,2,1,33,164,141,736,577,1.22978,31,0.0252077
0250401074100030c043a000a00000c7,2,1,34,164,141,736,577,1.22978,39,0.0317129
0250401074100030c043a000a00000c7,2,1,35,164,141,736,577,1.22978,31,0.0252077
0250401074100030c043a000a00000c7,2,1,36,164,141,736,577,1.22978,29,0.0235814
0250401074100030c043a000a00000c7,2,1,37,164,141,736,577,1.22978,23,0.0187025
0250401074100030c043a000a00000c7,2,1,38,164,141,736,577,1.22978,38,0.0308998
0250401074100030c043a000a00000c7,2,1,39,164,141,736,577,1.22978,30,0.0243945
0250401074100030c043a000a00000c7,2,1,40,164,141,736,577,1.22978,34,0.0276472
0250401074100030c043a000a00000c7,2,1,41,164,141,736,577,1.22978,28,0.0227682
0250401074100030c043a000a00000c7,2,1,42,164,141,736,577,1.22978,29,0.0235814
0250401074100030c043a000a00000c7,2,1,43,164,141,736,577,1.22978,25,0.0203288
0250401074100030c043a000a00000c7,2,1,44,164,141,736,577,1.22978,30,0.0243945
0250401074100030c043a000a00000c7,2,1,45,164,141,736,577,1.22978,19,0.0154499
0250401074100030c043a000a00000c7,2,1,46,164,141,736,577,1.22978,25,0.0203288
0250401074100030c043a000a00000c7,2,1,47,164,141,736,577,1.22978,19,0.0154499
0250401074100030c043a000a00000c7,2,1,48,164,141,736,577,1.22978,25,0.0203288
0250401074100030c043a000a00000c7,2,1,49,164,141,736,577,1.22978,25,0.0203288
0250401074100030c043a000a00000c7,2,1,50,164,141,736,577,1.22978,22,0.0178893
0250401074100030c043a000a00000c7,2,1,51,164,141,736,577,1.22978,21,0.0170762
0250401074100030c043a000a00000c7,2,1,52,164,141,736,577,1.22978,17,0.0138236
0250401074100030c043a000a00000c7,2,1,53,164,141,736,577,1.22978,8,0.00650521
0250401074100030c043a000a00000c7,2,1,54,164,141,736,577,1.22978,19,0.0154499
0250401074100030c043a000a00000c7,2,1,55,164,141,736,577,1.22978,3,0.00243945
0250401074100030c043a000a00000c7,2,1,56,164,141,736,577,1.22978,14,0.0113841
0250401074100030c043a000a00000c7,2,1,57,164,141,736,577,1.22978,15,0.0121973
0250401074100030c043a000a00000c7,2,1,58,164,141,736,577,1.22978,12,0.00975782
0250401074100030c043a000a00000c7,2,1,59,164,141,736,577,1.22978,18,0.0146367
0250401074100030c043a000a00000c7,2,1,60,164,141,736,577,1.22978,10,0.00813152
0250401074100030c043a000a00000c7,2,1,61,164,141,736,577,1.22978,3,0.00243945
0250401074100030c043a000a00000c7,2,1,62,164,141,736,577,1.22978,2,0.0016263
0250401074100030c043a000a00000c7,2,1,63,164,141,736,577,1.22978,0,0
0250401074100030c043a000a00000c7,2,1,0,164,141,737,578,1.42295,23,0.0161636
0250401074100030c043a000a00000c7,2,1,1,164,141,737,578,1.42295,10,0.00702765
0250401074100030c043a000a00000c7,2,1,2,164,141,737,578,1.42295,16,0.0112442
0250401074100030c043a000a00000c7,2,1,3,164,141,737,578,1.42295,24,0.0168664
0250401074100030c043a000a00000c7,2,1,4,164,141,737,578,1.42295,26,0.0182719
0250401074100030c043a000a00000c7,2,1,5,164,141,737,578,1.42295,20,0.0140553
0250401074100030c043a000a00000c7,2,1,6,164,141,737,578,1.42295,39,0.0274078
0250401074100030c043a000a00000c7,2,1,7,164,141,737,578,1.42295,18,0.0126498
0250401074100030c043a000a00000c7,2,1,8,164,141,737,578,1.42295,35,0.0245968
0250401074100030c043a000a00000c7,2,1,9,164,141,737,578,1.42295,21,0.0147581
0250401074100030c043a000a00000c7,2,1,10,164,141,737,578,1.42295,28,0.0196774
0250401074100030c043a000a00000c7,2,1,11,164,141,737,578,1.42295,30,0.021083
0250401074100030c043a000a00000c7,2,1,12,164,141,737,578,1.42295,39,0.0274078
0250401074100030c043a000a00000c7,2,1,13,164,141,737,578,1.42295,34,0.023894
0250401074100030c043a000a00000c7,2,1,14,164,141,737,578,1.42295,40,0.0281106
0250401074100030c043a000a00000c7,2,1,15,164,141,737,578,1.42295,29,0.0203802
0250401074100030c043a000a00000c7,2,1,16,164,141,737,578,1.42295,43,0.0302189
0250401074100030c043a000a00000c7,2,1,17,164,141,737,578,1.42295,27,0.0189747
0250401074100030c043a000a00000c7,2,1,18,164,141,737,578,1.42295,42,0.0295161
0250401074100030c043a000a00000c7,2,1,19,164,141,737,578,1.42295,33,0.0231913
0250401074100030c043a000a00000c7,2,1,20,164,141,737,578,1.42295,36,0.0252995
0250401074100030c043a000a00000c7,2,1,21,164,141,737,578,1.42295,37,0.0260023
0250401074100030c043a000a00000c7,2,1,22,164,141,737,578,1.42295,43,0.0302189
0250401074100030c043a000a00000c7,2,1,23,164,141,737,578,1.42295,31,0.0217857
0250401074100030c043a000a00000c7,2,1,24,164,141,737,578,1.42295,40,0.0281106
0250401074100030c043a000a00000c7,2,1,25,164,141,737,578,1.42295,37,0.0260023
0250401074100030c043a000a00000c7,2,1,26,164,141,737,578,1.42295,47,0.03303
0250401074100030c043a000a00000c7,2,1,27,164,141,737,578,1.42295,41,0.0288134
0250401074100030c043a000a00000c7,2,1,28,164,141,737,578,1.42295,0,0
0250401074100030c043a000a00000c7,2,1,29,164,141,737,578,1.42295,36,0.0252995
0250401074100030c043a000a00000c7,2,1,30,164,141,737,578,1.42295,46,0.0323272
0250401074100030c043a000a00000c7,2,1,31,164,141,737,578,1.42295,40,0.0281106
0250401074100030c043a000a00000c7,2,1,32,164,141,737,578,1.42295,40,0.0281106
0250401074100030c043a000a00000c7,2,1,33,164,141,737,578,1.42295,41,0.0288134
0250401074100030c043a000a00000c7,2,1,34,164,141,737,578,1.42295,46,0.0323272
0250401074100030c043a000a00000c7,2,1,35,164,141,737,578,1.42295,39,0.0274078
0250401074100030c043a000a00000c7,2,1,36,164,141,737,578,1.42295,39,0.0274078
0250401074100030c043a000a00000c7,2,1,37,164,141,737,578,1.42295,30,0.021083
0250401074100030c043a000a00000c7,2,1,38,164,141,737,578,1.42295,46,0.0323272
0250401074100030c043a000a00000c7,2,1,39,164,141,737,578,1.42295,37,0.0260023
0250401074100030c043a000a00000c7,2,1,40,164,141,737,578,1.42295,40,0.0281106
0250401074100030c043a000a00000c7,2,1,41,164,141,737,578,1.42295,35,0.0245968
0250401074100030c043a000a00000c7,2,1,42,164,141,737,578,1.42295,37,0.0260023
0250401074100030c043a000a00000c7,2,1,43,164,141,737,578,1.42295,31,0.0217857
0250401074100030c043a000a00000c7,2,1,44,164,141,737,578,1.42295,38,0.0267051
0250401074100030c043a000a00000c7,2,1,45,164,141,737,578,1.42295,26,0.0182719
0250401074100030c043a000a00000c7,2,1,46,164,141,737,578,1.42295,33,0.0231913
0250401074100030c043a000a00000c7,2,1,47,164,141,737,578,1.42295,26,0.0182719
0250401074100030c043a000a00000c7,2,1,48,164,141,737,578,1.42295,33,0.0231913
0250401074100030c043a000a00000c7,2,1,49,164,141,737,578,1.42295,31,0.0217857
0250401074100030c043a000a00000c7,2,1,50,164,141,737,578,1.42295,27,0.0189747
0250401074100030c043a000a00000c7,2,1,51,164,141,737,578,1.42295,28,0.0196774
0250401074100030c043a000a00000c7,2,1,52,164,141,737,578,1.42295,21,0.0147581
0250401074100030c043a000a00000c7,2,1,53,164,141,737,578,1.42295,8,0.00562212
0250401074100030c043a000a00000c7,2,1,54,164,141,737,578,1.42295,23,0.0161636
0250401074100030c043a000a00000c7,2,1,55,164,141,737,578,1.42295,4,0.00281106
0250401074100030c043a000a00000c7,2,1,56,164,141,737,578,1.42295,19,0.0133525
0250401074100030c043a000a00000c7,2,1,57,164,141,737,578,1.42295,21,0.0147581
0250401074100030c043a000a00000c7,2,1,58,164,141,737,578,1.42295,13,0.00913595
0250401074100030c043a000a00000c7,2,1,59,164,141,737,578,1.42295,22,0.0154608
0250401074100030c043a000a00000c7,2,1,60,164,141,737,578,1.42295,9,0.00632489
0250401074100030c043a000a00000c7,2,1,61,164,141,737,578,1.42295,5,0.00351383
0250401074100030c043a000a00000c7,2,1,62,164,141,737,578,1.42295,3,0.0021083
0250401074100030c043a000a00000c7,2,1,63,164,141,737,578,1.42295,0,0
0250401074100030c043a000a00000c7,2,1,0,164,141,738,579,1.18997,8,0.00672286
0250401074100030c043a000a00000c7,2,1,1,164,141,738,579,1.18997,5,0.00420179
0250401074100030c043a000a00000c7,2,1,2,164,141,738,579,1.18997,6,0.00504214
0250401074100030c043a000a00000c7,2,1,3,164,141,738,579,1.18997,10,0.00840357
0250401074100030c043a000a00000c7,2,1,4,164,141,738,579,1.18997,11,0.00924393
0250401074100030c043a000a00000c7,2,1,5,164,141,738,579,1.18997,7,0.0058825
0250401074100030c043a000a00000c7,2,1,6,164,141,738,579,1.18997,14,0.011765
0250401074100030c043a000a00000c7,2,1,7,164,141,738,579,1.18997,6,0.00504214
0250401074100030c043a000a00000c7,2,1,8,164,141,738,579,1.18997,14,0.011765
0250401074100030c043a000a00000c7,2,1,9,164,141,738,579,1.18997,8,0.00672286
0250401074100030c043a000a00000c7,2,1,10,164,141,738,579,1.18997,11,0.00924393
0250401074100030c043a000a00000c7,2,1,11,164,141,738,579,1.18997,12,0.0100843
0250401074100030c043a000a00000c7,2,1,12,164,141,738,579,1.18997,12,0.0100843
0250401074100030c043a000a00000c7,2,1,13,164,141,738,579,1.18997,14,0.011765
0250401074100030c043a000a00000c7,2,1,14,164,141,738,579,1.18997,16,0.0134457
0250401074100030c043a000a00000c7,2,1,15,164,141,738,579,1.18997,11,0.00924393
0250401074100030c043a000a00000c7,2,1,16,164,141,738,579,1.18997,19,0.0159668
0250401074100030c043a000a00000c7,2,1,17,164,141,738,579,1.18997,11,0.00924393
0250401074100030c043a000a00000c7,2,1,18,164,141,738,579,1.18997,17,0.0142861
0250401074100030c043a000a00000c7,2,1,19,164,141,738,579,1.18997,12,0.0100843
0250401074100030c043a000a00000c7,2,1,20,164,141,738,579,1.18997,14,0.011765
0250401074100030c043a000a00000c7,2,1,21,164,141,738,579,1.18997,14,0.011765
0250401074100030c043a000a00000c7,2,1,22,164,141,738,579,1.18997,17,0.0142861
0250401074100030c043a000a00000c7,2,1,23,164,141,738,579,1.18997,12,0.0100843
0250401074100030c043a000a00000c7,2,1,24,164,141,738,579,1.18997,16,0.0134457
0250401074100030c043a000a00000c7,2,1,25,164,141,738,579,1.18997,14,0.011765
0250401074100030c043a000a00000c7,2,1,26,164,141,738,579,1.18997,19,0.0159668
0250401074100030c043a000a00000c7,2,1,27,164,141,738,579,1.18997,16,0.0134457
0250401074100030c043a000a00000c7,2,1,28,164,141,738,579,1.18997,0,0
0250401074100030c043a000a00000c7,2,1,29,164,141,738,579,1.18997,14,0.011765
0250401074100030c043a000a00000c7,2,1,30,164,141,738,579,1.18997,19,0.0159668
0250401074100030c043a000a00000c7,2,1,31,164,141,738,579,1.18997,16,0.0134457
0250401074100030c043a000a00000c7,2,1,32,164,141,738,579,1.18997,15,0.0126054
0250401074100030c043a000a00000c7,2,1,33,164,141,738,579,1.18997,15,0.0126054
0250401074100030c043a000a00000c7,2,1,34,164,141,738,579,1.18997,19,0.0159668
0250401074100030c043a000a00000c7,2,1,35,164,141,738,579,1.18997,14,0.011765
0250401074100030c043a000a00000c7,2,1,36,164,141,738,579,1.18997,15,0.0126054
0250401074100030c043a000a00000c7,2,1,37,164,141,738,579,1.18997,12,0.0100843
0250401074100030c043a000a00000c7,2,1,38,164,141,738,579,1.18997,18,0.0151264
0250401074100030c043a000a00000c7,2,1,39,164,141,738,579,1.18997,14,0.011765
0250401074100030c043a000a00000c7,2,1,40,164,141,738,579,1.18997,16,0.0134457
0250401074100030c043a000a00000c7,2,1,41,164,141,738,579,1.18997,14,0.011765
0250401074100030c043a000a00000c7,2,1,42,164,141,738,579,1.18997,12,0.0100843
0250401074100030c043a000a00000c7,2,1,43,164,141,738,579,1.18997,12,0.0100843
0250401074100030c043a000a00000c7,2,1,44,164,141,738,579,1.18997,14,0.011765
0250401074100030c043a000a00000c7,2,1,45,164,141,738,579,1.18997,10,0.00840357
0250401074100030c043a000a00000c7,2,1,46,164,141,738,579,1.18997,12,0.0100843
0250401074100030c043a000a00000c7,2,1,47,164,141,738,579,1.18997,11,0.00924393
0250401074100030c043a000a00000c7,2,1,48,164,141,738,579,1.18997,12,0.0100843
0250401074100030c043a000a00000c7,2,1,49,164,141,738,579,1.18997,11,0.00924393
0250401074100030c043a000a00000c7,2,1,50,164,141,738,579,1.18997,11,0.00924393
0250401074100030c043a000a00000c7,2,1,51,164,141,738,579,1.18997,10,0.00840357
0250401074100030c043a000a00000c7,2,1,52,164,141,738,579,1.18997,8,0.00672286
0250401074100030c043a000a00000c7,2,1,53,164,141,738,579,1.18997,3,0.00252107
0250401074100030c043a000a00000c7,2,1,54,164,141,738,579,1.18997,8,0.00672286
0250401074100030c043a000a00000c7,2,1,55,164,141,738,579,1.18997,1,0.000840357
0250401074100030c043a000a00000c7,2,1,56,164,141,738,579,1.18997,7,0.0058825
0250401074100030c043a000a00000c7,2,1,57,164,141,738,579,1.18997,7,0.0058825
0250401074100030c043a000a00000c7,2,1,58,164,141,738,579,1.18997,5,0.00420179
0250401074100030c043a000a00000c7,2,1,59,164,141,738,579,1.18997,7,0.0058825
0250401074100030c043a000a00000c7,2,1,60,164,141,738,579,1.18997,4,0.00336143
0250401074100030c043a000a00000c7,2,1,61,164,141,738,579,1.18997,2,0.00168071
0250401074100030c043a000a00000c7,2,1,62,164,141,738,579,1.18997,1,0.000840357
0250401074100030c043a000a00000c7,2,1,63,164,141,738,579,1.18997,0,0
0250401074100030c043a000a00000c7,2,1,0,164,141,739,580,1.21061,8,0.00660822
0250401074100030c043a000a00000c7,2,1,1,164,141,739,580,1.21061,4,0.00330411
0250401074100030c043a000a00000c7,2,1,2,164,141,739,580,1.21061,8,0.00660822
0250401074100030c043a000a00000c7,2,1,3,164,141,739,580,1.21061,8,0.00660822
0250401074100030c043a000a00000c7,2,1,4,164,141,739,580,1.21061,10,0.00826027
0250401074100030c043a000a00000c7,2,1,5,164,141,739,580,1.21061,8,0.00660822
0250401074100030c043a000a00000c7,2,1,6,164,141,739,580,1.21061,15,0.0123904
0250401074100030c043a000a00000c7,2,1,7,164,141,739,580,1.21061,8,0.00660822
0250401074100030c043a000a00000c7,2,1,8,164,141,739,580,1.21061,15,0.0123904
0250401074100030c043a000a00000c7,2,1,9,164,141,739,580,1.21061,8,0.00660822
0250401074100030c043a000a00000c7,2,1,10,164,141,739,580,1.21061,11,0.0090863
0250401074100030c043a000a00000c7,2,1,11,164,141,739,580,1.21061,10,0.00826027
0250401074100030c043a000a00000c7,2,1,12,164,141,739,580,1.21061,15,0.0123904
0250401074100030c043a000a00000c7,2,1,13,164,141,739,580,1.21061,14,0.0115644
0250401074100030c043a000a00000c7,2,1,14,164,141,739,580,1.21061,17,0.0140425
0250401074100030c043a000a00000c7,2,1,15,164,141,739,580,1.21061,10,0.00826027
0250401074100030c043a000a00000c7,2,1,16,164,141,739,580,1.21061,19,0.0156945
0250401074100030c043a000a00000c7,2,1,17,164,141,739,580,1.21061,10,0.00826027
0250401074100030c043a000a00000c7,2,1,18,164,141,739,580,1.21061,17,0.0140425
0250401074100030c043a000a00000c7,2,1,19,164,141,739,580,1.21061,12,0.00991233
0250401074100030c043a000a00000c7,2,1,20,164,141,739,580,1.21061,15,0.0123904
0250401074100030c043a000a00000c7,2,1,21,164,141,739,580,1.21061,15,0.0123904
0250401074100030c043a000a00000c7,2,1,22,164,141,739,580,1.21061,17,0.0140425
0250401074100030c043a000a00000c7,2,1,23,164,141,739,580,1.21061,13,0.0107384
0250401074100030c043a000a00000c7,2,1,24,164,141,739,580,1.21061,17,0.0140425
0250401074100030c043a000a00000c7,2,1,25,164,141,739,580,1.21061,15,0.0123904
0250401074100030c043a000a00000c7,2,1,26,164,141,739,580,1.21061,19,0.0156945
0250401074100030c043a000a00000c7,2,1,27,164,141,739,580,1.21061,16,0.0132164
0250401074100030c043a000a00000c7,2,1,28,164,141,739,580,1.21061,0,0
0250401074100030c043a000a00000c7,2,1,29,164,141,739,580,1.21061,14,0.0115644
0250401074100030c043a000a00000c7,2,1,30,164,141,739,580,1.21061,18,0.0148685
0250401074100030c043a000a00000c7,2,1,31,164,141,739,580,1.21061,15,0.0123904
0250401074100030c043a000a00000c7,2,1,32,164,141,739,580,1.21061,17,0.0140425
0250401074100030c043a000a00000c7,2,1,33,164,141,739,580,1.21061,15,0.0123904
0250401074100030c043a000a00000c7,2,1,34,164,141,739,580,1.21061,18,0.0148685
0250401074100030c043a000a00000c7,2,1,35,164,141,739,580,1.21061,15,0.0123904
0250401074100030c043a000a00000c7,2,1,36,164,141,739,580,1.21061,15,0.0123904
0250401074100030c043a000a00000c7,2,1,37,164,141,739,580,1.21061,9,0.00743425
0250401074100030c043a000a00000c7,2,1,38,164,141,739,580,1.21061,18,0.0148685
0250401074100030c043a000a00000c7,2,1,39,164,141,739,580,1.21061,14,0.0115644
0250401074100030c043a000a00000c7,2,1,40,164,141,739,580,1.21061,16,0.0132164
0250401074100030c043a000a00000c7,2,1,41,164,141,739,580,1.21061,13,0.0107384
0250401074100030c043a000a00000c7,2,1,42,164,141,739,580,1.21061,14,0.0115644
0250401074100030c043a000a00000c7,2,1,43,164,141,739,580,1.21061,11,0.0090863
0250401074100030c043a000a00000c7,2,1,44,164,141,739,580,1.21061,15,0.0123904
0250401074100030c043a000a00000c7,2,1,45,164,141,739,580,1.21061,8,0.00660822
0250401074100030c043a000a00000c7,2,1,46,164,141,739,580,1.21061,12,0.00991233
0250401074100030c043a000a00000c7,2,1,47,164,141,739,580,1.21061,9,0.00743425
0250401074100030c043a000a00000c7,2,1,48,164,141,739,580,1.21061,12,0.00991233
0250401074100030c043a000a00000c7,2,1,49,164,141,739,580,1.21061,10,0.00826027
0250401074100030c043a000a00000c7,2,1,50,164,141,739,580,1.21061,9,0.00743425
0250401074100030c043a000a00000c7,2,1,51,164,141,739,580,1.21061,9,0.00743425
0250401074100030c043a000a00000c7,2,1,52,164,141,739,580,1.21061,8,0.00660822
0250401074100030c043a000a00000c7,2,1,53,164,141,739,580,1.21061,2,0.00165205
0250401074100030c043a000a00000c7,2,1,54,164,141,739,580,1.21061,8,0.00660822
0250401074100030c043a000a00000c7,2,1,55,164,141,739,580,1.21061,0,0
0250401074100030c043a000a00000c7,2,1,56,164,141,739,580,1.21061,8,0.00660822
0250401074100030c043a000a00000c7,2,1,57,164,141,739,580,1.21061,8,0.00660822
0250401074100030c043a000a00000c7,2,1,58,164,141,739,580,1.21061,5,0.00413014
0250401074100030c043a000a00000c7,2,1,59,164,141,739,580,1.21061,8,0.00660822
0250401074100030c043a000a00000c7,2,1,60,164,141,739,580,1.21061,3,0.00247808
0250401074100030c043a000a00000c7,2,1,61,164,141,739,580,1.21061,1,0.000826027
0250401074100030c043a000a00000c7,2,1,62,164,141,739,580,1.21061,0,0
0250401074100030c043a000a00000c7,2,1,63,164,141,739,580,1.21061,0,0
0250401074100030c043a000a00000c7,2,1,0,164,141,740,580,1.37429,17,0.01237
0250401074100030c043a000a00000c7,2,1,1,164,141,740,580,1.37429,9,0.00654884
0250401074100030c043a000a00000c7,2,1,2,164,141,740,580,1.37429,15,0.0109147
0250401074100030c043a000a00000c7,2,1,3,164,141,740,580,1.37429,19,0.0138253
0250401074100030c043a000a00000c7,2,1,4,164,141,740,580,1.37429,26,0.0189189
0250401074100030c043a000a00000c7,2,1,5,164,141,740,580,1.37429,15,0.0109147
0250401074100030c043a000a00000c7,2,1,6,164,141,740,580,1.37429,32,0.0232848
0250401074100030c043a000a00000c7,2,1,7,164,141,740,580,1.37429,15,0.0109147
0250401074100030c043a000a00000c7,2,1,8,164,141,740,580,1.37429,29,0.0211018
0250401074100030c043a000a00000c7,2,1,9,164,141,740,580,1.37429,16,0.0116424
0250401074100030c043a000a00000c7,2,1,10,164,141,740,580,1.37429,25,0.0181912
0250401074100030c043a000a00000c7,2,1,11,164,141,740,580,1.37429,26,0.0189189
0250401074100030c043a000a00000c7,2,1,12,164,141,740,580,1.37429,30,0.0218295
0250401074100030c043a000a00000c7,2,1,13,164,141,740,580,1.37429,30,0.0218295
0250401074100030c043a000a00000c7,2,1,14,164,141,740,580,1.37429,32,0.0232848
0250401074100030c043a000a00000c7,2,1,15,164,141,740,580,1.37429,25,0.0181912
0250401074100030c043a000a00000c7,2,1,16,164,141,740,580,1.37429,35,0.0254677
0250401074100030c043a000a00000c7,2,1,17,164,141,740,580,1.37429,23,0.0167359
0250401074100030c043a000a00000c7,2,1,18,164,141,740,580,1.37429,35,0.0254677
0250401074100030c043a000a00000c7,2,1,19,164,141,740,580,1.37429,29,0.0211018
0250401074100030c043a000a00000c7,2,1,20,164,141,740,580,1.37429,32,0.0232848
0250401074100030c043a000a00000c7,2,1,21,164,141,740,580,1.37429,31,0.0225571
0250401074100030c043a000a00000c7,2,1,22,164,141,740,580,1.37429,34,0.02474
0250401074100030c043a000a00000c7,2,1,23,164,141,740,580,1.37429,28,0.0203742
0250401074100030c043a000a00000c7,2,1,24,164,141,740,580,1.37429,33,0.0240124
0250401074100030c043a000a00000c7,2,1,25,164,141,740,580,1.37429,33,0.0240124
0250401074100030c043a000a00000c7,2,1,26,164,141,740,580,1.37429,38,0.0276506
0250401074100030c043a000a00000c7,2,1,27,164,141,740,580,1.37429,36,0.0261953
0250401074100030c043a000a00000c7,2,1,28,164,141,740,580,1.37429,0,0
0250401074100030c043a000a00000c7,2,1,29,164,141,740,580,1.37429,31,0.0225571
0250401074100030c043a000a00000c7,2,1,30,164,141,740,580,1.37429,37,0.026923
0250401074100030c043a000a00000c7,2,1,31,164,141,740,580,1.37429,34,0.02474
0250401074100030c043a000a00000c7,2,1,32,164,141,740,580,1.37429,33,0.0240124
0250401074100030c043a000a00000c7,2,1,33,164,141,740,580,1.37429,35,0.0254677
0250401074100030c043a000a00000c7,2,1,34,164,141,740,580,1.37429,36,0.0261953
0250401074100030c043a000a00000c7,2,1,35,164,141,740,580,1.37429,33,0.0240124
0250401074100030c043a000a00000c7,2,1,36,164,141,740,580,1.37429,33,0.0240124
0250401074100030c043a000a00000c7,2,1,37,164,141,740,580,1.37429,22,0.0160083
0250401074100030c043a000a00000c7,2,1,38,164,141,740,580,1.37429,36,0.0261953
0250401074100030c043a000a00000c7,2,1,39,164,141,740,580,1.37429,32,0.0232848
0250401074100030c043a000a00000c7,2,1,40,164,141,740,580,1.37429,34,0.02474
0250401074100030c043a000a00000c7,2,1,41,164,141,740,580,1.37429,30,0.0218295
0250401074100030c043a000a00000c7,2,1,42,164,141,740,580,1.37429,30,0.0218295
0250401074100030c043a000a00000c7,2,1,43,164,141,740,580,1.37429,26,0.0189189
0250401074100030c043a000a00000c7,2,1,44,164,141,740,580,1.37429,33,0.0240124
0250401074100030c043a000a00000c7,2,1,45,164,141,740,580,1.37429,19,0.0138253
0250401074100030c043a000a00000c7,2,1,46,164,141,740,580,1.37429,28,0.0203742
0250401074100030c043a000a00000c7,2,1,47,164,141,740,580,1.37429,19,0.0138253
0250401074100030c043a000a00000c7,2,1,48,164,141,740,580,1.37429,28,0.0203742
0250401074100030c043a000a00000c7,2,1,49,164,141,740,580,1.37429,27,0.0196465
0250401074100030c043a000a00000c7,2,1,50,164,141,740,580,1.37429,23,0.0167359
0250401074100030c043a000a00000c7,2,1,51,164,141,740,580,1.37429,23,0.0167359
0250401074100030c043a000a00000c7,2,1,52,164,141,740,580,1.37429,16,0.0116424
0250401074100030c043a000a00000c7,2,1,53,164,141,740,580,1.37429,9,0.00654884
0250401074100030c043a000a00000c7,2,1,54,164,141,740,580,1.37429,16,0.0116424
0250401074100030c043a000a00000c7,2,1,55,164,141,740,580,1.37429,3,0.00218295
0250401074100030c043a000a00000c7,2,1,56,164,141,740,580,1.37429,14,0.0101871
0250401074100030c043a000a00000c7,2,1,57,164,141,740,580,1.37429,14,0.0101871
0250401074100030c043a000a00000c7,2,1,58,164,141,740,580,1.37429,10,0.00727649
0250401074100030c043a000a00000c7,2,1,59,164,141,740,580,1.37429,16,0.0116424
0250401074100030c043a000a00000c7,2,1,60,164,141,740,580,1.37429,7,0.00509354
0250401074100030c043a000a00000c7,2,1,61,164,141,740,580,1.37429,6,0.00436589
0250401074100030c043a000a00000c7,2,1,62,164,141,740,580,1.37429,1,0.000727649
0250401074100030c043a000a00000c7,2,1,63,164,141,740,580,1.37429,0,0
0250401074100030c043a000a00000c7,2,1,0,164,141,741,581,1.45981,8,0.00548015
0250401074100030c043a000a00000c7,2,1,1,164,141,741,581,1.45981,1,0.000685019
0250401074100030c043a000a00000c7,2,1,2,164,141,741,581,1.45981,6,0.00411011
0250401074100030c043a000a00000c7,2,1,3,164,141,741,581,1.45981,10,0.00685019
0250401074100030c043a000a00000c7,2,1,4,164,141,741,581,1.45981,10,0.00685019
0250401074100030c043a000a00000c7,2,1,5,164,141,741,581,1.45981,5,0.00342509
0250401074100030c043a000a00000c7,2,1,6,164,141,741,581,1.45981,16,0.0109603
0250401074100030c043a000a00000c7,2,1,7,164,141,741,581,1.45981,6,0.00411011
0250401074100030c043a000a00000c7,2,1,8,164,141,741,581,1.45981,16,0.0109603
0250401074100030c043a000a00000c7,2,1,9,164,141,741,581,1.45981,7,0.00479513
0250401074100030c043a000a00000c7,2,1,10,164,141,741,581,1.45981,10,0.00685019
0250401074100030c043a000a00000c7,2,1,11,164,141,741,581,1.45981,11,0.0075352
0250401074100030c043a000a00000c7,2,1,12,164,141,741,581,1.45981,16,0.0109603
0250401074100030c043a000a00000c7,2,1,13,164,141,741,581,1.45981,16,0.0109603
0250401074100030c043a000a00000c7,2,1,14,164,141,741,581,1.45981,18,0.0123303
0250401074100030c043a000a00000c7,2,1,15,164,141,741,581,1.45981,11,0.0075352
0250401074100030c043a000a00000c7,2,1,16,164,141,741,581,1.45981,21,0.0143854
0250401074100030c043a000a00000c7,2,1,17,164,141,741,581,1.45981,11,0.0075352
0250401074100030c043a000a00000c7,2,1,18,164,141,741,581,1.45981,19,0.0130154
0250401074100030c043a000a00000c7,2,1,19,164,141,741,581,1.45981,13,0.00890524
0250401074100030c043a000a00000c7,2,1,20,164,141,741,581,1.45981,16,0.0109603
0250401074100030c043a000a00000c7,2,1,21,164,141,741,581,1.45981,17,0.0116453
0250401074100030c043a000a00000c7,2,1,22,164,141,741,581,1.45981,20,0.0137004
0250401074100030c043a000a00000c7,2,1,23,164,141,741,581,1.45981,13,0.00890524
0250401074100030c043a000a00000c7,2,1,24,164,141,741,581,1.45981,20,0.0137004
0250401074100030c043a000a00000c7,2,1,25,164,141,741,581,1.45981,17,0.0116453
0250401074100030c043a000a00000c7,2,1,26,164,141,741,581,1.45981,22,0.0150704
0250401074100030c043a000a00000c7,2,1,27,164,141,741,581,1.45981,19,0.0130154
0250401074100030c043a000a00000c7,2,1,28,164,141,741,581,1.45981,0,0
0250401074100030c043a000a00000c7,2,1,29,164,141,741,581,1.45981,15,0.0102753
0250401074100030c043a000a00000c7,2,1,30,164,141,741,581,1.45981,21,0.0143854
0250401074100030c043a000a00000c7,2,1,31,164,141,741,581,1.45981,19,0.0130154
0250401074100030c043a000a00000c7,2,1,32,164,141,741,581,1.45981,18,0.0123303
0250401074100030c043a000a00000c7,2,1,33,164,141,741,581,1.45981,18,0.0123303
0250401074100030c043a000a00000c7,2,1,34,164,141,741,581,1.45981,21,0.0143854
0250401074100030c043a000a00000c7,2,1,35,164,141,741,581,1.45981,17,0.0116453
0250401074100030c043a000a00000c7,2,1,36,164,141,741,581,1.45981,16,0.0109603
0250401074100030c043a000a00000c7,2,1,37,164,141,741,581,1.45981,11,0.0075352
0250401074100030c043a000a00000c7,2,1,38,164,141,741,581,1.45981,21,0.0143854
0250401074100030c043a000a00000c7,2,1,39,164,141,741,581,1.45981,17,0.0116453
0250401074100030c043a000a00000c7,2,1,40,164,141,741,581,1.45981,18,0.0123303
0250401074100030c043a000a00000c7,2,1,41,164,141,741,581,1.45981,13,0.00890524
0250401074100030c043a000a00000c7,2,1,42,164,141,741,581,1.45981,16,0.0109603
0250401074100030c043a000a00000c7,2,1,43,164,141,741,581,1.45981,12,0.00822022
0250401074100030c043a000a00000c7,2,1,44,164,141,741,581,1.45981,16,0.0109603
0250401074100030c043a000a00000c7,2,1,45,164,141,741,581,1.45981,10,0.00685019
0250401074100030c043a000a00000c7,2,1,46,164,141,741,581,1.45981,13,0.00890524
0250401074100030c043a000a00000c7,2,1,47,164,141,741,581,1.45981,10,0.00685019
0250401074100030c043a000a00000c7,2,1,48,164,141,741,581,1.45981,13,0.00890524
0250401074100030c043a000a00000c7,2,1,49,164,141,741,581,1.45981,11,0.0075352
0250401074100030c043a000a00000c7,2,1,50,164,141,741,581,1.45981,10,0.00685019
0250401074100030c043a000a00000c7,2,1,51,164,141,741,581,1.45981,10,0.00685019
0250401074100030c043a000a00000c7,2,1,52,164,141,741,581,1.45981,7,0.00479513
0250401074100030c043a000a00000c7,2,1,53,164,141,741,581,1.45981,0,0
0250401074100030c043a000a00000c7,2,1,54,164,141,741,581,1.45981,9,0.00616517
0250401074100030c043a000a00000c7,2,1,55,164,141,741,581,1.45981,0,0
0250401074100030c043a000a00000c7,2,1,56,164,141,741,581,1.45981,5,0.00342509
0250401074100030c043a000a00000c7,2,1,57,164,141,741,581,1.45981,5,0.00342509
0250401074100030c043a000a00000c7,2,1,58,164,141,741,581,1.45981,2,0.00137004
0250401074100030c043a000a00000c7,2,1,59,164,141,741,581,1.45981,8,0.00548015
0250401074100030c043a000a00000c7,2,1,60,164,141,741,581,1.45981,1,0.000685019
0250401074100030c043a000a00000c7,2,1,61,164,141,741,581,1.45981,0,0
0250401074100030c043a000a00000c7,2,1,62,164,141,741,581,1.45981,0,0
0250401074100030c043a000a00000c7,2,1,63,164,141,741,581,1.45981,0,0
0250401074100030c043a000a00000c7,2,1,0,164,141,742,582,1.0956,10,0.00912743
0250401074100030c043a000a00000c7,2,1,1,164,141,742,582,1.0956,2,0.00182549
0250401074100030c043a000a00000c7,2,1,2,164,141,742,582,1.0956,6,0.00547646
0250401074100030c043a000a00000c7,2,1,3,164,141,742,582,1.0956,10,0.00912743
0250401074100030c043a000a00000c7,2,1,4,164,141,742,582,1.0956,13,0.0118657
0250401074100030c043a000a00000c7,2,1,5,164,141,742,582,1.0956,5,0.00456372
0250401074100030c043a000a00000c7,2,1,6,164,141,742,582,1.0956,15,0.0136912
0250401074100030c043a000a00000c7,2,1,7,164,141,742,582,1.0956,7,0.0063892
0250401074100030c043a000a00000c7,2,1,8,164,141,742,582,1.0956,14,0.0127784
0250401074100030c043a000a00000c7,2,1,9,164,141,742,582,1.0956,8,0.00730195
0250401074100030c043a000a00000c7,2,1,10,164,141,742,582,1.0956,13,0.0118657
0250401074100030c043a000a00000c7,2,1,11,164,141,742,582,1.0956,13,0.0118657
0250401074100030c043a000a00000c7,2,1,12,164,141,742,582,1.0956,14,0.0127784
0250401074100030c043a000a00000c7,2,1,13,164,141,742,582,1.0956,15,0.0136912
0250401074100030c043a000a00000c7,2,1,14,164,141,742,582,1.0956,16,0.0146039
0250401074100030c043a000a00000c7,2,1,15,164,141,742,582,1.0956,12,0.0109529
0250401074100030c043a000a00000c7,2,1,16,164,141,742,582,1.0956,16,0.0146039
0250401074100030c043a000a00000c7,2,1,17,164,141,742,582,1.0956,12,0.0109529
0250401074100030c043a000a00000c7,2,1,18,164,141,742,582,1.0956,16,0.0146039
0250401074100030c043a000a00000c7,2,1,19,164,141,742,582,1.0956,13,0.0118657
0250401074100030c043a000a00000c7,2,1,20,164,141,742,582,1.0956,16,0.0146039
0250401074100030c043a000a00000c7,2,1,21,164,141,742,582,1.0956,16,0.0146039
0250401074100030c043a000a00000c7,2,1,22,164,141,742,582,1.0956,16,0.0146039
0250401074100030c043a000a00000c7,2,1,23,164,141,742,582,1.0956,14,0.0127784
0250401074100030c043a000a00000c7,2,1,24,164,141,742,582,1.0956,16,0.0146039
0250401074100030c043a000a00000c7,2,1,25,164,141,742,582,1.0956,15,0.0136912
0250401074100030c043a000a00000c7,2,1,26,164,141,742,582,1.0956,17,0.0155166
0250401074100030c043a000a00000c7,2,1,27,164,141,742,582,1.0956,16,0.0146039
0250401074100030c043a000a00000c7,2,1,28,164,141,742,582,1.0956,0,0
0250401074100030c043a000a00000c7,2,1,29,164,141,742,582,1.0956,15,0.0136912
0250401074100030c043a000a00000c7,2,1,30,164,141,742,582,1.0956,16,0.0146039
0250401074100030c043a000a00000c7,2,1,31,164,141,742,582,1.0956,16,0.0146039
0250401074100030c043a000a00000c7,2,1,32,164,141,742,582,1.0956,16,0.0146039
0250401074100030c043a000a00000c7,2,1,33,164,141,742,582,1.0956,16,0.0146039
0250401074100030c043a000a00000c7,2,1,34,164,141,742,582,1.0956,16,0.0146039
0250401074100030c043a000a00000c7,2,1,35,164,141,742,582,1.0956,16,0.0146039
0250401074100030c043a000a00000c7,2,1,36,164,141,742,582,1.0956,15,0.0136912
0250401074100030c043a000a00000c7,2,1,37,164,141,742,582,1.0956,12,0.0109529
0250401074100030c043a000a00000c7,2,1,38,164,141,742,582,1.0956,16,0.0146039
0250401074100030c043a000a00000c7,2,1,39,164,141,742,582,1.0956,15,0.0136912
0250401074100030c043a000a00000c7,2,1,40,164,141,742,582,1.0956,16,0.0146039
0250401074100030c043a000a00000c7,2,1,41,164,141,742,582,1.0956,13,0.0118657
0250401074100030c043a000a00000c7,2,1,42,164,141,742,582,1.0956,15,0.0136912
0250401074100030c043a000a00000c7,2,1,43,164,141,742,582,1.0956,13,0.0118657
0250401074100030c043a000a00000c7,2,1,44,164,141,742,582,1.0956,16,0.0146039
0250401074100030c043a000a00000c7,2,1,45,164,141,742,582,1.0956,11,0.0100402
0250401074100030c043a000a00000c7,2,1,46,164,141,742,582,1.0956,13,0.0118657
0250401074100030c043a000a00000c7,2,1,47,164,141,742,582,1.0956,10,0.00912743
0250401074100030c043a000a00000c7,2,1,48,164,141,742,582,1.0956,13,0.0118657
0250401074100030c043a000a00000c7,2,1,49,164,141,742,582,1.0956,12,0.0109529
0250401074100030c043a000a00000c7,2,1,50,164,141,742,582,1.0956,12,0.0109529
0250401074100030c043a000a00000c7,2,1,51,164,141,742,582,1.0956,12,0.0109529
0250401074100030c043a000a00000c7,2,1,52,164,141,742,582,1.0956,8,0.00730195
0250401074100030c043a000a00000c7,2,1,53,164,141,742,582,1.0956,2,0.00182549
0250401074100030c043a000a00000c7,2,1,54,164,141,742,582,1.0956,8,0.00730195
0250401074100030c043a000a00000c7,2,1,55,164,141,742,582,1.0956,0,0
0250401074100030c043a000a00000c7,2,1,56,164,141,742,582,1.0956,7,0.0063892
0250401074100030c043a000a00000c7,2,1,57,164,141,742,582,1.0956,7,0.0063892
0250401074100030c043a000a00000c7,2,1,58,164,141,742,582,1.0956,4,0.00365097
0250401074100030c043a000a00000c7,2,1,59,164,141,742,582,1.0956,8,0.00730195
0250401074100030c043a000a00000c7,2,1,60,164,141,742,582,1.0956,2,0.00182549
0250401074100030c043a000a00000c7,2,1,61,164,141,742,582,1.0956,0,0
0250401074100030c043a000a00000c7,2,1,62,164,141,742,582,1.0956,0,0
0250401074100030c043a000a00000c7,2,1,63,164,141,742,582,1.0956,0,0
0250401074100030c043a000a00000c7,2,1,0,164,141,743,583,1.16343,6,0.00515717
0250401074100030c043a000a00000c7,2,1,1,164,141,743,583,1.16343,1,0.000859529
0250401074100030c043a000a00000c7,2,1,2,164,141,743,583,1.16343,5,0.00429765
0250401074100030c043a000a00000c7,2,1,3,164,141,743,583,1.16343,7,0.0060167
0250401074100030c043a000a00000c7,2,1,4,164,141,743,583,1.16343,10,0.00859529
0250401074100030c043a000a00000c7,2,1,5,164,141,743,583,1.16343,4,0.00343812
0250401074100030c043a000a00000c7,2,1,6,164,141,743,583,1.16343,14,0.0120334
0250401074100030c043a000a00000c7,2,1,7,164,141,743,583,1.16343,4,0.00343812
0250401074100030c043a000a00000c7,2,1,8,164,141,743,583,1.16343,14,0.0120334
0250401074100030c043a000a00000c7,2,1,9,164,141,743,583,1.16343,6,0.00515717
0250401074100030c043a000a00000c7,2,1,10,164,141,743,583,1.16343,11,0.00945482
0250401074100030c043a000a00000c7,2,1,11,164,141,743,583,1.16343,12,0.0103143
0250401074100030c043a000a00000c7,2,1,12,164,141,743,583,1.16343,14,0.0120334
0250401074100030c043a000a00000c7,2,1,13,164,141,743,583,1.16343,13,0.0111739
0250401074100030c043a000a00000c7,2,1,14,164,141,743,583,1.16343,14,0.0120334
0250401074100030c043a000a00000c7,2,1,15,164,141,743,583,1.16343,11,0.00945482
0250401074100030c043a000a00000c7,2,1,16,164,141,743,583,1.16343,16,0.0137525
0250401074100030c043a000a00000c7,2,1,17,164,141,743,583,1.16343,8,0.00687623
0250401074100030c043a000a00000c7,2,1,18,164,141,743,583,1.16343,16,0.0137525
0250401074100030c043a000a00000c7,2,1,19,164,141,743,583,1.16343,13,0.0111739
0250401074100030c043a000a00000c7,2,1,20,164,141,743,583,1.16343,14,0.0120334
0250401074100030c043a000a00000c7,2,1,21,164,141,743,583,1.16343,14,0.0120334
0250401074100030c043a000a00000c7,2,1,22,164,141,743,583,1.16343,16,0.0137525
0250401074100030c043a000a00000c7,2,1,23,164,141,743,583,1.16343,13,0.0111739
0250401074100030c043a000a00000c7,2,1,24,164,141,743,583,1.16343,15,0.0128929
0250401074100030c043a000a00000c7,2,1,25,164,141,743,583,1.16343,13,0.0111739
0250401074100030c043a000a00000c7,2,1,26,164,141,743,583,1.16343,18,0.0154715
0250401074100030c043a000a00000c7,2,1,27,164,141,743,583,1.16343,15,0.0128929
0250401074100030c043a000a00000c7,2,1,28,164,141,743,583,1.16343,0,0
0250401074100030c043a000a00000c7,2,1,29,164,141,743,583,1.16343,13,0.0111739
0250401074100030c043a000a00000c7,2,1,30,164,141,743,583,1.16343,17,0.014612
0250401074100030c043a000a00000c7,2,1,31,164,141,743,583,1.16343,15,0.0128929
0250401074100030c043a000a00000c7,2,1,32,164,141,743,583,1.16343,14,0.0120334
0250401074100030c043a000a00000c7,2,1,33,164,141,743,583,1.16343,15,0.0128929
0250401074100030c043a000a00000c7,2,1,34,164,141,743,583,1.16343,17,0.014612
0250401074100030c043a000a00000c7,2,1,35,164,141,743,583,1.16343,14,0.0120334
0250401074100030c043a000a00000c7,2,1,36,164,141,743,583,1.16343,14,0.0120334
0250401074100030c043a000a00000c7,2,1,37,164,141,743,583,1.16343,9,0.00773576
0250401074100030c043a000a00000c7,2,1,38,164,141,743,583,1.16343,17,0.014612
0250401074100030c043a000a00000c7,2,1,39,164,141,743,583,1.16343,14,0.0120334
0250401074100030c043a000a00000c7,2,1,40,164,141,743,583,1.16343,14,0.0120334
0250401074100030c043a000a00000c7,2,1,41,164,141,743,583,1.16343,13,0.0111739
0250401074100030c043a000a00000c7,2,1,42,164,141,743,583,1.16343,14,0.0120334
0250401074100030c043a000a00000c7,2,1,43,164,141,743,583,1.16343,11,0.00945482
0250401074100030c043a000a00000c7,2,1,44,164,141,743,583,1.16343,14,0.0120334
0250401074100030c043a000a00000c7,2,1,45,164,141,743,583,1.16343,7,0.0060167
0250401074100030c043a000a00000c7,2,1,46,164,141,743,583,1.16343,12,0.0103143
0250401074100030c043a000a00000c7,2,1,47,164,141,743,583,1.16343,8,0.00687623
0250401074100030c043a000a00000c7,2,1,48,164,141,743,583,1.16343,13,0.0111739
0250401074100030c043a000a00000c7,2,1,49,164,141,743,583,1.16343,12,0.0103143
0250401074100030c043a000a00000c7,2,1,50,164,141,743,583,1.16343,9,0.00773576
0250401074100030c043a000a00000c7,2,1,51,164,141,743,583,1.16343,8,0.00687623
0250401074100030c043a000a00000c7,2,1,52,164,141,743,583,1.16343,5,0.00429765
0250401074100030c043a000a00000c7,2,1,53,164,141,743,583,1.16343,1,0.000859529
0250401074100030c043a000a00000c7,2,1,54,164,141,743,583,1.16343,7,0.0060167
0250401074100030c043a000a00000c7,2,1,55,164,141,743,583,1.16343,0,0
0250401074100030c043a000a00000c7,2,1,56,164,141,743,583,1.16343,4,0.00343812
0250401074100030c043a000a00000c7,2,1,57,164,141,743,583,1.16343,3,0.00257859
0250401074100030c043a000a00000c7,2,1,58,164,141,743,583,1.16343,1,0.000859529
0250401074100030c043a000a00000c7,2,1,59,164,141,743,583,1.16343,5,0.00429765
0250401074100030c043a000a00000c7,2,1,60,164,141,743,583,1.16343,1,0.000859529
0250401074100030c043a000a00000c7,2,1,61,164,141,743,583,1.16343,1,0.000859529
0250401074100030c043a000a00000c7,2,1,62,164,141,743,583,1.16343,0,0
0250401074100030c043a000a00000c7,2,1,63,164,141,743,583,1.16343,0,0
0250401074100030c043a000a00000c7,2,1,0,164,141,744,583,1.04251,17,0.0163067
0250401074100030c043a000a00000c7,2,1,1,164,141,744,583,1.04251,5,0.0047961
0250401074100030c043a000a00000c7,2,1,2,164,141,744,583,1.04251,10,0.0095922
0250401074100030c043a000a00000c7,2,1,3,164,141,744,583,1.04251,16,0.0153475
0250401074100030c043a000a00000c7,2,1,4,164,141,744,583,1.04251,26,0.0249397
0250401074100030c043a000a00000c7,2,1,5,164,141,744,583,1.04251,9,0.00863298
0250401074100030c043a000a00000c7,2,1,6,164,141,744,583,1.04251,35,0.0335727
0250401074100030c043a000a00000c7,2,1,7,164,141,744,583,1.04251,10,0.0095922
0250401074100030c043a000a00000c7,2,1,8,164,141,744,583,1.04251,32,0.030695
0250401074100030c043a000a00000c7,2,1,9,164,141,744,583,1.04251,13,0.0124699
0250401074100030c043a000a00000c7,2,1,10,164,141,744,583,1.04251,29,0.0278174
0250401074100030c043a000a00000c7,2,1,11,164,141,744,583,1.04251,25,0.0239805
0250401074100030c043a000a00000c7,2,1,12,164,141,744,583,1.04251,33,0.0316543
0250401074100030c043a000a00000c7,2,1,13,164,141,744,583,1.04251,30,0.0287766
0250401074100030c043a000a00000c7,2,1,14,164,141,744,583,1.04251,37,0.0354911
0250401074100030c043a000a00000c7,2,1,15,164,141,744,583,1.04251,24,0.0230213
0250401074100030c043a000a00000c7,2,1,16,164,141,744,583,1.04251,41,0.039328
0250401074100030c043a000a00000c7,2,1,17,164,141,744,583,1.04251,24,0.0230213
0250401074100030c043a000a00000c7,2,1,18,164,141,744,583,1.04251,39,0.0374096
0250401074100030c043a000a00000c7,2,1,19,164,141,744,583,1.04251,30,0.0287766
0250401074100030c043a000a00000c7,2,1,20,164,141,744,583,1.04251,34,0.0326135
0250401074100030c043a000a00000c7,2,1,21,164,141,744,583,1.04251,32,0.030695
0250401074100030c043a000a00000c7,2,1,22,164,141,744,583,1.04251,39,0.0374096
0250401074100030c043a000a00000c7,2,1,23,164,141,744,583,1.04251,29,0.0278174
0250401074100030c043a000a00000c7,2,1,24,164,141,744,583,1.04251,39,0.0374096
0250401074100030c043a000a00000c7,2,1,25,164,141,744,583,1.04251,33,0.0316543
0250401074100030c043a000a00000c7,2,1,26,164,141,744,583,1.04251,44,0.0422057
0250401074100030c043a000a00000c7,2,1,27,164,141,744,583,1.04251,39,0.0374096
0250401074100030c043a000a00000c7,2,1,28,164,141,744,583,1.04251,0,0
0250401074100030c043a000a00000c7,2,1,29,164,141,744,583,1.04251,32,0.030695
0250401074100030c043a000a00000c7,2,1,30,164,141,744,583,1.04251,38,0.0364504
0250401074100030c043a000a00000c7,2,1,31,164,141,744,583,1.04251,36,0.0345319
0250401074100030c043a000a00000c7,2,1,32,164,141,744,583,1.04251,37,0.0354911
0250401074100030c043a000a00000c7,2,1,33,164,141,744,583,1.04251,34,0.0326135
0250401074100030c043a000a00000c7,2,1,34,164,141,744,583,1.04251,38,0.0364504
0250401074100030c043a000a00000c7,2,1,35,164,141,744,583,1.04251,34,0.0326135
0250401074100030c043a000a00000c7,2,1,36,164,141,744,583,1.04251,34,0.0326135
0250401074100030c043a000a00000c7,2,1,37,164,141,744,583,1.04251,22,0.0211028
0250401074100030c043a000a00000c7,2,1,38,164,141,744,583,1.04251,38,0.0364504
0250401074100030c043a000a00000c7,2,1,39,164,141,744,583,1.04251,32,0.030695
0250401074100030c043a000a00000c7,2,1,40,164,141,744,583,1.04251,37,0.0354911
0250401074100030c043a000a00000c7,2,1,41,164,141,744,583,1.04251,29,0.0278174
0250401074100030c043a000a00000c7,2,1,42,164,141,744,583,1.04251,32,0.030695
0250401074100030c043a000a00000c7,2,1,43,164,141,744,583,1.04251,24,0.0230213
0250401074100030c043a000a00000c7,2,1,44,164,141,744,583,1.04251,36,0.0345319
0250401074100030c043a000a00000c7,2,1,45,164,141,744,583,1.04251,20,0.0191844
0250401074100030c043a000a00000c7,2,1,46,164,141,744,583,1.04251,29,0.0278174
0250401074100030c043a000a00000c7,2,1,47,164,141,744,583,1.04251,22,0.0211028
0250401074100030c043a000a00000c7,2,1,48,164,141,744,583,1.04251,29,0.0278174
0250401074100030c043a000a00000c7,2,1,49,164,141,744,583,1.04251,27,0.0258989
0250401074100030c043a000a00000c7,2,1,50,164,141,744,583,1.04251,23,0.0220621
0250401074100030c043a000a00000c7,2,1,51,164,141,744,583,1.04251,22,0.0211028
0250401074100030c043a000a00000c7,2,1,52,164,141,744,583,1.04251,10,0.0095922
0250401074100030c043a000a00000c7,2,1,53,164,141,744,583,1.04251,4,0.00383688
0250401074100030c043a000a00000c7,2,1,54,164,141,744,583,1.04251,15,0.0143883
0250401074100030c043a000a00000c7,2,1,55,164,141,744,583,1.04251,0,0
0250401074100030c043a000a00000c7,2,1,56,164,141,744,583,1.04251,10,0.0095922
0250401074100030c043a000a00000c7,2,1,57,164,141,744,583,1.04251,12,0.0115106
0250401074100030c043a000a00000c7,2,1,58,164,141,744,583,1.04251,7,0.00671454
0250401074100030c043a000a00000c7,2,1,59,164,141,744,583,1.04251,14,0.0134291
0250401074100030c043a000a00000c7,2,1,60,164,141,744,583,1.04251,4,0.00383688
0250401074100030c043a000a00000c7,2,1,61,164,141,744,583,1.04251,1,0.00095922
0250401074100030c043a000a00000c7,2,1,62,164,141,744,583,1.04251,0,0
0250401074100030c043a000a00000c7,2,1,63,164,141,744,583,1.04251,0,0
0250401074100030c043a000a00000c7,2,1,0,164,141,745,584,1.0086,0,0
0250401074100030c043a000a00000c7,2,1,1,164,141,745,584,1.0086,0,0
0250401074100030c043a000a00000c7,2,1,2,164,141,745,584,1.0086,0,0
0250401074100030c043a000a00000c7,2,1,3,164,141,745,584,1.0086,0,0
0250401074100030c043a000a00000c7,2,1,4,164,141,745,584,1.0086,0,0
0250401074100030c043a000a00000c7,2,1,5,164,141,745,584,1.0086,0,0
0250401074100030c043a000a00000c7,2,1,6,164,141,745,584,1.0086,0,0
0250401074100030c043a000a00000c7,2,1,7,164,141,745,584,1.0086,0,0
0250401074100030c043a000a00000c7,2,1,8,164,141,745,584,1.0086,0,0
0250401074100030c043a000a00000c7,2,1,9,164,141,745,584,1.0086,0,0
0250401074100030c043a000a00000c7,2,1,10,164,141,745,584,1.0086,0,0
0250401074100030c043a000a00000c7,2,1,11,164,141,745,584,1.0086,0,0
0250401074100030c043a000a00000c7,2,1,12,164,141,745,584,1.0086,0,0
0250401074100030c043a000a00000c7,2,1,13,164,141,745,584,1.0086,0,0
0250401074100030c043a000a00000c7,2,1,14,164,141,745,584,1.0086,0,0
0250401074100030c043a000a00000c7,2,1,15,164,141,745,584,1.0086,0,0
0250401074100030c043a000a00000c7,2,1,16,164,141,745,584,1.0086,0,0
0250401074100030c043a000a00000c7,2,1,17,164,141,745,584,1.0086,0,0
0250401074100030c043a000a00000c7,2,1,18,164,141,745,584,1.0086,0,0
0250401074100030c043a000a00000c7,2,1,19,164,141,745,584,1.0086,0,0
0250401074100030c043a000a00000c7,2,1,20,164,141,745,584,1.0086,0,0
0250401074100030c043a000a00000c7,2,1,21,164,141,745,584,1.0086,0,0
0250401074100030c043a000a00000c7,2,1,22,164,141,745,584,1.0086,0,0
0250401074100030c043a000a00000c7,2,1,23,164,141,745,584,1.0086,0,0
0250401074100030c043a000a00000c7,2,1,24,164,141,745,584,1.0086,0,0
0250401074100030c043a000a00000c7,2,1,25,164,141,745,584,1.0086,0,0
0250401074100030c043a000a00000c7,2,1,26,164,141,745,584,1.0086,0,0
0250401074100030c043a000a00000c7,2,1,27,164,141,745,584,1.0086,0,0
0250401074100030c043a000a00000c7,2,1,28,164,141,745,584,1.0086,0,0
0250401074100030c043a000a00000c7,2,1,29,164,141,745,584,1.0086,0,0
0250401074100030c043a000a00000c7,2,1,30,164,141,745,584,1.0086,0,0
0250401074100030c043a000a00000c7,2,1,31,164,141,745,584,1.0086,0,0
0250401074100030c043a000a00000c7,2,1,32,164,141,745,584,1.0086,0,0
0250401074100030c043a000a00000c7,2,1,33,164,141,745,584,1.0086,0,0
0250401074100030c043a000a00000c7,2,1,34,164,141,745,584,1.0086,0,0
0250401074100030c043a000a00000c7,2,1,35,164,141,745,584,1.0086,0,0
0250401074100030c043a000a00000c7,2,1,36,164,141,745,584,1.0086,0,0
0250401074100030c043a000a00000c7,2,1,37,164,141,745,584,1.0086,0,0
0250401074100030c043a000a00000c7,2,1,38,164,141,745,584,1.0086,0,0
0250401074100030c043a000a00000c7,2,1,39,164,141,745,584,1.0086,0,0
0250401074100030c043a000a00000c7,2,1,40,164,141,745,584,1.0086,0,0
0250401074100030c043a000a00000c7,2,1,41,164,141,745,584,1.0086,0,0
0250401074100030c043a000a00000c7,2,1,42,164,141,745,584,1.0086,0,0
0250401074100030c043a000a00000c7,2,1,43,164,141,745,584,1.0086,0,0
0250401074100030c043a000a00000c7,2,1,44,164,141,745,584,1.0086,0,0
0250401074100030c043a000a00000c7,2,1,45,164,141,745,584,1.0086,0,0
0250401074100030c043a000a00000c7,2,1,46,164,141,745,584,1.0086,0,0
0250401074100030c043a000a00000c7,2,1,47,164,141,745,584,1.0086,0,0
0250401074100030c043a000a00000c7,2,1,48,164,141,745,584,1.0086,0,0
0250401074100030c043a000a00000c7,2,1,49,164,141,745,584,1.0086,0,0
0250401074100030c043a000a00000c7,2,1,50,164,141,745,584,1.0086,0,0
0250401074100030c043a000a00000c7,2,1,51,164,141,745,584,1.0086,0,0
0250401074100030c043a000a00000c7,2,1,52,164,141,745,584,1.0086,0,0
0250401074100030c043a000a00000c7,2,1,53,164,141,745,584,1.0086,0,0
0250401074100030c043a000a00000c7,2,1,54,164,141,745,584,1.0086,0,0
0250401074100030c043a000a00000c7,2,1,55,164,141,745,584,1.0086,0,0
0250401074100030c043a000a00000c7,2,1,56,164,141,745,584,1.0086,0,0
0250401074100030c043a000a00000c7,2,1,57,164,141,745,584,1.0086,0,0
0250401074100030c043a000a00000c7,2,1,58,164,141,745,584,1.0086,0,0
0250401074100030c043a000a00000c7,2,1,59,164,141,745,584,1.0086,0,0
0250401074100030c043a000a00000c7,2,1,60,164,141,745,584,1.0086,0,0
0250401074100030c043a000a00000c7,2,1,61,164,141,745,584,1.0086,0,0
0250401074100030c043a000a00000c7,2,1,62,164,141,745,584,1.0086,0,0
0250401074100030c043a000a00000c7,2,1,63,164,141,745,584,1.0086,0,0
0250401074100030c043a000a00000c7,2,1,0,164,141,746,585,1.31383,0,0
0250401074100030c043a000a00000c7,2,1,1,164,141,746,585,1.31383,0,0
0250401074100030c043a000a00000c7,2,1,2,164,141,746,585,1.31383,0,0
0250401074100030c043a000a00000c7,2,1,3,164,141,746,585,1.31383,0,0
0250401074100030c043a000a00000c7,2,1,4,164,141,746,585,1.31383,0,0
0250401074100030c043a000a00000c7,2,1,5,164,141,746,585,1.31383,0,0
0250401074100030c043a000a00000c7,2,1,6,164,141,746,585,1.31383,0,0
0250401074100030c043a000a00000c7,2,1,7,164,141,746,585,1.31383,0,0
0250401074100030c043a000a00000c7,2,1,8,164,141,746,585,1.31383,0,0
0250401074100030c043a000a00000c7,2,1,9,164,141,746,585,1.31383,0,0
0250401074100030c043a000a00000c7,2,1,10,164,141,746,585,1.31383,0,0
0250401074100030c043a000a00000c7,2,1,11,164,141,746,585,1.31383,0,0
0250401074100030c043a000a00000c7,2,1,12,164,141,746,585,1.31383,0,0
0250401074100030c043a000a00000c7,2,1,13,164,141,746,585,1.31383,0,0
0250401074100030c043a000a00000c7,2,1,14,164,141,746,585,1.31383,0,0
0250401074100030c043a000a00000c7,2,1,15,164,141,746,585,1.31383,0,0
0250401074100030c043a000a00000c7,2,1,16,164,141,746,585,1.31383,0,0
0250401074100030c043a000a00000c7,2,1,17,164,141,746,585,1.31383,0,0
0250401074100030c043a000a00000c7,2,1,18,164,141,746,585,1.31383,0,0
0250401074100030c043a000a00000c7,2,1,19,164,141,746,585,1.31383,0,0
0250401074100030c043a000a00000c7,2,1,20,164,141,746,585,1.31383,0,0
0250401074100030c043a000a00000c7,2,1,21,164,141,746,585,1.31383,0,0
0250401074100030c043a000a00000c7,2,1,22,164,141,746,585,1.31383,0,0
0250401074100030c043a000a00000c7,2,1,23,164,141,746,585,1.31383,0,0
0250401074100030c043a000a00000c7,2,1,24,164,141,746,585,1.31383,0,0
0250401074100030c043a000a00000c7,2,1,25,164,141,746,585,1.31383,0,0
0250401074100030c043a000a00000c7,2,1,26,164,141,746,585,1.31383,0,0
0250401074100030c043a000a00000c7,2,1,27,164,141,746,585,1.31383,0,0
0250401074100030c043a000a00000c7,2,1,28,164,141,746,585,1.31383,0,0
0250401074100030c043a000a00000c7,2,1,29,164,141,746,585,1.31383,0,0
0250401074100030c043a000a00000c7,2,1,30,164,141,746,585,1.31383,0,0
0250401074100030c043a000a00000c7,2,1,31,164,141,746,585,1.31383,0,0
0250401074100030c043a000a00000c7,2,1,32,164,141,746,585,1.31383,0,0
0250401074100030c043a000a00000c7,2,1,33,164,141,746,585,1.31383,0,0
0250401074100030c043a000a00000c7,2,1,34,164,141,746,585,1.31383,0,0
0250401074100030c043a000a00000c7,2,1,35,164,141,746,585,1.31383,0,0
0250401074100030c043a000a00000c7,2,1,36,164,141,746,585,1.31383,0,0
0250401074100030c043a000a00000c7,2,1,37,164,141,746,585,1.31383,0,0
0250401074100030c043a000a00000c7,2,1,38,164,141,746,585,1.31383,0,0
0250401074100030c043a000a00000c7,2,1,39,164,141,746,585,1.31383,0,0
0250401074100030c043a000a00000c7,2,1,40,164,141,746,585,1.31383,0,0
0250401074100030c043a000a00000c7,2,1,41,164,141,746,585,1.31383,0,0
0250401074100030c043a000a00000c7,2,1,42,164,141,746,585,1.31383,0,0
0250401074100030c043a000a00000c7,2,1,43,164,141,746,585,1.31383,0,0
0250401074100030c043a000a00000c7,2,1,44,164,141,746,585,1.31383,0,0
0250401074100030c043a000a00000c7,2,1,45,164,141,746,585,1.31383,0,0
0250401074100030c043a000a00000c7,2,1,46,164,141,746,585,1.31383,0,0
0250401074100030c043a000a00000c7,2,1,47,164,141,746,585,1.31383,0,0
0250401074100030c043a000a00000c7,2,1,48,164,141,746,585,1.31383,0,0
0250401074100030c043a000a00000c7,2,1,49,164,141,746,585,1.31383,0,0
0250401074100030c043a000a00000c7,2,1,50,164,141,746,585,1.31383,0,0
0250401074100030c043a000a00000c7,2,1,51,164,141,746,585,1.31383,0,0
0250401074100030c043a000a00000c7,2,1,52,164,141,746,585,1.31383,0,0
0250401074100030c043a000a00000c7,2,1,53,164,141,746,585,1.31383,0,0
0250401074100030c043a000a00000c7,2,1,54,164,141,746,585,1.31383,0,0
0250401074100030c043a000a00000c7,2,1,55,164,141,746,585,1.31383,0,0
0250401074100030c043a000a00000c7,2,1,56,164,141,746,585,1.31383,0,0
0250401074100030c043a000a00000c7,2,1,57,164,141,746,585,1.31383,0,0
0250401074100030c043a000a00000c7,2,1,58,164,141,746,585,1.31383,0,0
0250401074100030c043a000a00000c7,2,1,59,164,141,746,585,1.31383,0,0
0250401074100030c043a000a00000c7,2,1,60,164,141,746,585,1.31383,0,0
0250401074100030c043a000a00000c7,2,1,61,164,141,746,585,1.31383,0,0
0250401074100030c043a000a00000c7,2,1,62,164,141,746,585,1.31383,0,0
0250401074100030c043a000a00000c7,2,1,63,164,141,746,585,1.31383,0,0
0250401074100030c043a000a00000c7,2,1,0,164,141,747,586,1.5188,9,0.00592574
0250401074100030c043a000a00000c7,2,1,1,164,141,747,586,1.5188,3,0.00197525
0250401074100030c043a000a00000c7,2,1,2,164,141,747,586,1.5188,9,0.00592574
0250401074100030c043a000a00000c7,2,1,3,164,141,747,586,1.5188,10,0.00658416
0250401074100030c043a000a00000c7,2,1,4,164,141,747,586,1.5188,15,0.00987624
0250401074100030c043a000a00000c7,2,1,5,164,141,747,586,1.5188,8,0.00526733
0250401074100030c043a000a00000c7,2,1,6,164,141,747,586,1.5188,16,0.0105347
0250401074100030c043a000a00000c7,2,1,7,164,141,747,586,1.5188,8,0.00526733
0250401074100030c043a000a00000c7,2,1,8,164,141,747,586,1.5188,16,0.0105347
0250401074100030c043a000a00000c7,2,1,9,164,141,747,586,1.5188,8,0.00526733
0250401074100030c043a000a00000c7,2,1,10,164,141,747,586,1.5188,14,0.00921782
0250401074100030c043a000a00000c7,2,1,11,164,141,747,586,1.5188,12,0.00790099
0250401074100030c043a000a00000c7,2,1,12,164,141,747,586,1.5188,16,0.0105347
0250401074100030c043a000a00000c7,2,1,13,164,141,747,586,1.5188,16,0.0105347
0250401074100030c043a000a00000c7,2,1,14,164,141,747,586,1.5188,17,0.0111931
0250401074100030c043a000a00000c7,2,1,15,164,141,747,586,1.5188,12,0.00790099
0250401074100030c043a000a00000c7,2,1,16,164,141,747,586,1.5188,19,0.0125099
0250401074100030c043a000a00000c7,2,1,17,164,141,747,586,1.5188,11,0.00724258
0250401074100030c043a000a00000c7,2,1,18,164,141,747,586,1.5188,18,0.0118515
0250401074100030c043a000a00000c7,2,1,19,164,141,747,586,1.5188,16,0.0105347
0250401074100030c043a000a00000c7,2,1,20,164,141,747,586,1.5188,16,0.0105347
0250401074100030c043a000a00000c7,2,1,21,164,141,747,586,1.5188,16,0.0105347
0250401074100030c043a000a00000c7,2,1,22,164,141,747,586,1.5188,17,0.0111931
0250401074100030c043a000a00000c7,2,1,23,164,141,747,586,1.5188,14,0.00921782
0250401074100030c043a000a00000c7,2,1,24,164,141,747,586,1.5188,16,0.0105347
0250401074100030c043a000a00000c7,2,1,25,164,141,747,586,1.5188,16,0.0105347
0250401074100030c043a000a00000c7,2,1,26,164,141,747,586,1.5188,19,0.0125099
0250401074100030c043a000a00000c7,2,1,27,164,141,747,586,1.5188,16,0.0105347
0250401074100030c043a000a00000c7,2,1,28,164,141,747,586,1.5188,0,0
0250401074100030c043a000a00000c7,2,1,29,164,141,747,586,1.5188,15,0.00987624
0250401074100030c043a000a00000c7,2,1,30,164,141,747,586,1.5188,17,0.0111931
0250401074100030c043a000a00000c7,2,1,31,164,141,747,586,1.5188,16,0.0105347
0250401074100030c043a000a00000c7,2,1,32,164,141,747,586,1.5188,16,0.0105347
0250401074100030c043a000a00000c7,2,1,33,164,141,747,586,1.5188,16,0.0105347
0250401074100030c043a000a00000c7,2,1,34,164,141,747,586,1.5188,18,0.0118515
0250401074100030c043a000a00000c7,2,1,35,164,141,747,586,1.5188,16,0.0105347
0250401074100030c043a000a00000c7,2,1,36,164,141,747,586,1.5188,16,0.0105347
0250401074100030c043a000a00000c7,2,1,37,164,141,747,586,1.5188,12,0.00790099
0250401074100030c043a000a00000c7,2,1,38,164,141,747,586,1.5188,18,0.0118515
0250401074100030c043a000a00000c7,2,1,39,164,141,747,586,1.5188,16,0.0105347
0250401074100030c043a000a00000c7,2,1,40,164,141,747,586,1.5188,16,0.0105347
0250401074100030c043a000a00000c7,2,1,41,164,141,747,586,1.5188,15,0.00987624
0250401074100030c043a000a00000c7,2,1,42,164,141,747,586,1.5188,16,0.0105347
0250401074100030c043a000a00000c7,2,1,43,164,141,747,586,1.5188,14,0.00921782
0250401074100030c043a000a00000c7,2,1,44,164,141,747,586,1.5188,16,0.0105347
0250401074100030c043a000a00000c7,2,1,45,164,141,747,586,1.5188,10,0.00658416
0250401074100030c043a000a00000c7,2,1,46,164,141,747,586,1.5188,15,0.00987624
0250401074100030c043a000a00000c7,2,1,47,164,141,747,586,1.5188,10,0.00658416
0250401074100030c043a000a00000c7,2,1,48,164,141,747,586,1.5188,15,0.00987624
0250401074100030c043a000a00000c7,2,1,49,164,141,747,586,1.5188,13,0.00855941
0250401074100030c043a000a00000c7,2,1,50,164,141,747,586,1.5188,10,0.00658416
0250401074100030c043a000a00000c7,2,1,51,164,141,747,586,1.5188,10,0.00658416
0250401074100030c043a000a00000c7,2,1,52,164,141,747,586,1.5188,8,0.00526733
0250401074100030c043a000a00000c7,2,1,53,164,141,747,586,1.5188,1,0.000658416
0250401074100030c043a000a00000c7,2,1,54,164,141,747,586,1.5188,9,0.00592574
0250401074100030c043a000a00000c7,2,1,55,164,141,747,586,1.5188,0,0
0250401074100030c043a000a00000c7,2,1,56,164,141,747,586,1.5188,7,0.00460891
0250401074100030c043a000a00000c7,2,1,57,164,141,747,586,1.5188,7,0.00460891
0250401074100030c043a000a00000c7,2,1,58,164,141,747,586,1.5188,4,0.00263366
0250401074100030c043a000a00000c7,2,1,59,164,141,747,586,1.5188,8,0.00526733
0250401074100030c043a000a00000c7,2,1,60,164,141,747,586,1.5188,2,0.00131683
0250401074100030c043a000a00000c7,2,1,61,164,141,747,586,1.5188,0,0
0250401074100030c043a000a00000c7,2,1,62,164,141,747,586,1.5188,0,0
0250401074100030c043a000a00000c7,2,1,63,164,141,747,586,1.5188,0,0
0250401074100030c043a000a00000c7,2,1,0,164,141,748,586,1.12214,9,0.00802039
0250401074100030c043a000a00000c7,2,1,1,164,141,748,586,1.12214,1,0.000891154
0250401074100030c043a000a00000c7,2,1,2,164,141,748,586,1.12214,6,0.00534693
0250401074100030c043a000a00000c7,2,1,3,164,141,748,586,1.12214,10,0.00891154
0250401074100030c043a000a00000c7,2,1,4,164,141,748,586,1.12214,14,0.0124762
0250401074100030c043a000a00000c7,2,1,5,164,141,748,586,1.12214,6,0.00534693
0250401074100030c043a000a00000c7,2,1,6,164,141,748,586,1.12214,15,0.0133673
0250401074100030c043a000a00000c7,2,1,7,164,141,748,586,1.12214,4,0.00356462
0250401074100030c043a000a00000c7,2,1,8,164,141,748,586,1.12214,15,0.0133673
0250401074100030c043a000a00000c7,2,1,9,164,141,748,586,1.12214,6,0.00534693
0250401074100030c043a000a00000c7,2,1,10,164,141,748,586,1.12214,14,0.0124762
0250401074100030c043a000a00000c7,2,1,11,164,141,748,586,1.12214,13,0.011585
0250401074100030c043a000a00000c7,2,1,12,164,141,748,586,1.12214,15,0.0133673
0250401074100030c043a000a00000c7,2,1,13,164,141,748,586,1.12214,15,0.0133673
0250401074100030c043a000a00000c7,2,1,14,164,141,748,586,1.12214,17,0.0151496
0250401074100030c043a000a00000c7,2,1,15,164,141,748,586,1.12214,11,0.0098027
0250401074100030c043a000a00000c7,2,1,16,164,141,748,586,1.12214,21,0.0187142
0250401074100030c043a000a00000c7,2,1,17,164,141,748,586,1.12214,11,0.0098027
0250401074100030c043a000a00000c7,2,1,18,164,141,748,586,1.12214,20,0.0178231
0250401074100030c043a000a00000c7,2,1,19,164,141,748,586,1.12214,15,0.0133673
0250401074100030c043a000a00000c7,2,1,20,164,141,748,586,1.12214,15,0.0133673
0250401074100030c043a000a00000c7,2,1,21,164,141,748,586,1.12214,17,0.0151496
0250401074100030c043a000a00000c7,2,1,22,164,141,748,586,1.12214,20,0.0178231
0250401074100030c043a000a00000c7,2,1,23,164,141,748,586,1.12214,14,0.0124762
0250401074100030c043a000a00000c7,2,1,24,164,141,748,586,1.12214,18,0.0160408
0250401074100030c043a000a00000c7,2,1,25,164,141,748,586,1.12214,16,0.0142585
0250401074100030c043a000a00000c7,2,1,26,164,141,748,586,1.12214,21,0.0187142
0250401074100030c043a000a00000c7,2,1,27,164,141,748,586,1.12214,18,0.0160408
0250401074100030c043a000a00000c7,2,1,28,164,141,748,586,1.12214,0,0
0250401074100030c043a000a00000c7,2,1,29,164,141,748,586,1.12214,17,0.0151496
0250401074100030c043a000a00000c7,2,1,30,164,141,748,586,1.12214,21,0.0187142
0250401074100030c043a000a00000c7,2,1,31,164,141,748,586,1.12214,18,0.0160408
0250401074100030c043a000a00000c7,2,1,32,164,141,748,586,1.12214,17,0.0151496
0250401074100030c043a000a00000c7,2,1,33,164,141,748,586,1.12214,17,0.0151496
0250401074100030c043a000a00000c7,2,1,34,164,141,748,586,1.12214,21,0.0187142
0250401074100030c043a000a00000c7,2,1,35,164,141,748,586,1.12214,17,0.0151496
0250401074100030c043a000a00000c7,2,1,36,164,141,748,586,1.12214,15,0.0133673
0250401074100030c043a000a00000c7,2,1,37,164,141,748,586,1.12214,11,0.0098027
0250401074100030c043a000a00000c7,2,1,38,164,141,748,586,1.12214,21,0.0187142
0250401074100030c043a000a00000c7,2,1,39,164,141,748,586,1.12214,16,0.0142585
0250401074100030c043a000a00000c7,2,1,40,164,141,748,586,1.12214,18,0.0160408
0250401074100030c043a000a00000c7,2,1,41,164,141,748,586,1.12214,15,0.0133673
0250401074100030c043a000a00000c7,2,1,42,164,141,748,586,1.12214,15,0.0133673
0250401074100030c043a000a00000c7,2,1,43,164,141,748,586,1.12214,14,0.0124762
0250401074100030c043a000a00000c7,2,1,44,164,141,748,586,1.12214,16,0.0142585
0250401074100030c043a000a00000c7,2,1,45,164,141,748,586,1.12214,11,0.0098027
0250401074100030c043a000a00000c7,2,1,46,164,141,748,586,1.12214,15,0.0133673
0250401074100030c043a000a00000c7,2,1,47,164,141,748,586,1.12214,10,0.00891154
0250401074100030c043a000a00000c7,2,1,48,164,141,748,586,1.12214,15,0.0133673
0250401074100030c043a000a00000c7,2,1,49,164,141,748,586,1.12214,13,0.011585
0250401074100030c043a000a00000c7,2,1,50,164,141,748,586,1.12214,11,0.0098027
0250401074100030c043a000a00000c7,2,1,51,164,141,748,586,1.12214,11,0.0098027
0250401074100030c043a000a00000c7,2,1,52,164,141,748,586,1.12214,5,0.00445577
0250401074100030c043a000a00000c7,2,1,53,164,141,748,586,1.12214,1,0.000891154
0250401074100030c043a000a00000c7,2,1,54,164,141,748,586,1.12214,8,0.00712923
0250401074100030c043a000a00000c7,2,1,55,164,141,748,586,1.12214,0,0
0250401074100030c043a000a00000c7,2,1,56,164,141,748,586,1.12214,4,0.00356462
0250401074100030c043a000a00000c7,2,1,57,164,141,748,586,1.12214,6,0.00534693
0250401074100030c043a000a00000c7,2,1,58,164,141,748,586,1.12214,1,0.000891154
0250401074100030c043a000a00000c7,2,1,59,164,141,748,586,1.12214,7,0.00623808
0250401074100030c043a000a00000c7,2,1,60,164,141,748,586,1.12214,1,0.000891154
0250401074100030c043a000a00000c7,2,1,61,164,141,748,586,1.12214,0,0
0250401074100030c043a000a00000c7,2,1,62,164,141,748,586,1.12214,0,0
0250401074100030c043a000a00000c7,2,1,63,164,141,748,586,1.12214,0,0
0250401074100030c043a000a00000c7,2,1,0,164,141,749,587,1.30056,6,0.00461339
0250401074100030c043a000a00000c7,2,1,1,164,141,749,587,1.30056,2,0.0015378
0250401074100030c043a000a00000c7,2,1,2,164,141,749,587,1.30056,2,0.0015378
0250401074100030c043a000a00000c7,2,1,3,164,141,749,587,1.30056,7,0.00538229
0250401074100030c043a000a00000c7,2,1,4,164,141,749,587,1.30056,9,0.00692009
0250401074100030c043a000a00000c7,2,1,5,164,141,749,587,1.30056,4,0.00307559
0250401074100030c043a000a00000c7,2,1,6,164,141,749,587,1.30056,10,0.00768898
0250401074100030c043a000a00000c7,2,1,7,164,141,749,587,1.30056,4,0.00307559
0250401074100030c043a000a00000c7,2,1,8,164,141,749,587,1.30056,10,0.00768898
0250401074100030c043a000a00000c7,2,1,9,164,141,749,587,1.30056,5,0.00384449
0250401074100030c043a000a00000c7,2,1,10,164,141,749,587,1.30056,10,0.00768898
0250401074100030c043a000a00000c7,2,1,11,164,141,749,587,1.30056,8,0.00615119
0250401074100030c043a000a00000c7,2,1,12,164,141,749,587,1.30056,10,0.00768898
0250401074100030c043a000a00000c7,2,1,13,164,141,749,587,1.30056,9,0.00692009
0250401074100030c043a000a00000c7,2,1,14,164,141,749,587,1.30056,11,0.00845788
0250401074100030c043a000a00000c7,2,1,15,164,141,749,587,1.30056,9,0.00692009
0250401074100030c043a000a00000c7,2,1,16,164,141,749,587,1.30056,17,0.0130713
0250401074100030c043a000a00000c7,2,1,17,164,141,749,587,1.30056,8,0.00615119
0250401074100030c043a000a00000c7,2,1,18,164,141,749,587,1.30056,12,0.00922678
0250401074100030c043a000a00000c7,2,1,19,164,141,749,587,1.30056,9,0.00692009
0250401074100030c043a000a00000c7,2,1,20,164,141,749,587,1.30056,10,0.00768898
0250401074100030c043a000a00000c7,2,1,21,164,141,749,587,1.30056,10,0.00768898
0250401074100030c043a000a00000c7,2,1,22,164,141,749,587,1.30056,12,0.00922678
0250401074100030c043a000a00000c7,2,1,23,164,141,749,587,1.30056,9,0.00692009
0250401074100030c043a000a00000c7,2,1,24,164,141,749,587,1.30056,12,0.00922678
0250401074100030c043a000a00000c7,2,1,25,164,141,749,587,1.30056,10,0.00768898
0250401074100030c043a000a00000c7,2,1,26,164,141,749,587,1.30056,19,0.0146091
0250401074100030c043a000a00000c7,2,1,27,164,141,749,587,1.30056,12,0.00922678
0250401074100030c043a000a00000c7,2,1,28,164,141,749,587,1.30056,0,0
0250401074100030c043a000a00000c7,2,1,29,164,141,749,587,1.30056,10,0.00768898
0250401074100030c043a000a00000c7,2,1,30,164,141,749,587,1.30056,14,0.0107646
0250401074100030c043a000a00000c7,2,1,31,164,141,749,587,1.30056,12,0.00922678
0250401074100030c043a000a00000c7,2,1,32,164,141,749,587,1.30056,12,0.00922678
0250401074100030c043a000a00000c7,2,1,33,164,141,749,587,1.30056,11,0.00845788
0250401074100030c043a000a00000c7,2,1,34,164,141,749,587,1.30056,14,0.0107646
0250401074100030c043a000a00000c7,2,1,35,164,141,749,587,1.30056,11,0.00845788
0250401074100030c043a000a00000c7,2,1,36,164,141,749,587,1.30056,11,0.00845788
0250401074100030c043a000a00000c7,2,1,37,164,141,749,587,1.30056,8,0.00615119
0250401074100030c043a000a00000c7,2,1,38,164,141,749,587,1.30056,13,0.00999568
0250401074100030c043a000a00000c7,2,1,39,164,141,749,587,1.30056,10,0.00768898
0250401074100030c043a000a00000c7,2,1,40,164,141,749,587,1.30056,12,0.00922678
0250401074100030c043a000a00000c7,2,1,41,164,141,749,587,1.30056,10,0.00768898
0250401074100030c043a000a00000c7,2,1,42,164,141,749,587,1.30056,10,0.00768898
0250401074100030c043a000a00000c7,2,1,43,164,141,749,587,1.30056,9,0.00692009
0250401074100030c043a000a00000c7,2,1,44,164,141,749,587,1.30056,11,0.00845788
0250401074100030c043a000a00000c7,2,1,45,164,141,749,587,1.30056,7,0.00538229
0250401074100030c043a000a00000c7,2,1,46,164,141,749,587,1.30056,9,0.00692009
0250401074100030c043a000a00000c7,2,1,47,164,141,749,587,1.30056,7,0.00538229
0250401074100030c043a000a00000c7,2,1,48,164,141,749,587,1.30056,10,0.00768898
0250401074100030c043a000a00000c7,2,1,49,164,141,749,587,1.30056,9,0.00692009
0250401074100030c043a000a00000c7,2,1,50,164,141,749,587,1.30056,8,0.00615119
0250401074100030c043a000a00000c7,2,1,51,164,141,749,587,1.30056,7,0.00538229
0250401074100030c043a000a00000c7,2,1,52,164,141,749,587,1.30056,4,0.00307559
0250401074100030c043a000a00000c7,2,1,53,164,141,749,587,1.30056,1,0.000768898
0250401074100030c043a000a00000c7,2,1,54,164,141,749,587,1.30056,6,0.00461339
0250401074100030c043a000a00000c7,2,1,55,164,141,749,587,1.30056,0,0
0250401074100030c043a000a00000c7,2,1,56,164,141,749,587,1.30056,4,0.00307559
0250401074100030c043a000a00000c7,2,1,57,164,141,749,587,1.30056,4,0.00307559
0250401074100030c043a000a00000c7,2,1,58,164,141,749,587,1.30056,2,0.0015378
0250401074100030c043a000a00000c7,2,1,59,164,141,749,587,1.30056,5,0.00384449
0250401074100030c043a000a00000c7,2,1,60,164,141,749,587,1.30056,2,0.0015378
0250401074100030c043a000a00000c7,2,1,61,164,141,749,587,1.30056,1,0.000768898
0250401074100030c043a000a00000c7,2,1,62,164,141,749,587,1.30056,0,0
0250401074100030c043a000a00000c7,2,1,63,164,141,749,587,1.30056,0,0
0250401074100030c043a000a00000c7,2,1,0,164,141,750,588,1.62791,17,0.0104428
0250401074100030c043a000a00000c7,2,1,1,164,141,750,588,1.62791,0,0
0250401074100030c043a000a00000c7,2,1,2,164,141,750,588,1.62791,3,0.00184285
0250401074100030c043a000a00000c7,2,1,3,164,141,750,588,1.62791,18,0.0110571
0250401074100030c043a000a00000c7,2,1,4,164,141,750,588,1.62791,22,0.0135142
0250401074100030c043a000a00000c7,2,1,5,164,141,750,588,1.62791,3,0.00184285
0250401074100030c043a000a00000c7,2,1,6,164,141,750,588,1.62791,29,0.0178142
0250401074100030c043a000a00000c7,2,1,7,164,141,750,588,1.62791,5,0.00307141
0250401074100030c043a000a00000c7,2,1,8,164,141,750,588,1.62791,26,0.0159714
0250401074100030c043a000a00000c7,2,1,9,164,141,750,588,1.62791,8,0.00491426
0250401074100030c043a000a00000c7,2,1,10,164,141,750,588,1.62791,22,0.0135142
0250401074100030c043a000a00000c7,2,1,11,164,141,750,588,1.62791,21,0.0128999
0250401074100030c043a000a00000c7,2,1,12,164,141,750,588,1.62791,25,0.0153571
0250401074100030c043a000a00000c7,2,1,13,164,141,750,588,1.62791,23,0.0141285
0250401074100030c043a000a00000c7,2,1,14,164,141,750,588,1.62791,33,0.0202713
0250401074100030c043a000a00000c7,2,1,15,164,141,750,588,1.62791,21,0.0128999
0250401074100030c043a000a00000c7,2,1,16,164,141,750,588,1.62791,39,0.023957
0250401074100030c043a000a00000c7,2,1,17,164,141,750,588,1.62791,21,0.0128999
0250401074100030c043a000a00000c7,2,1,18,164,141,750,588,1.62791,38,0.0233428
0250401074100030c043a000a00000c7,2,1,19,164,141,750,588,1.62791,23,0.0141285
0250401074100030c043a000a00000c7,2,1,20,164,141,750,588,1.62791,29,0.0178142
0250401074100030c043a000a00000c7,2,1,21,164,141,750,588,1.62791,28,0.0171999
0250401074100030c043a000a00000c7,2,1,22,164,141,750,588,1.62791,38,0.0233428
0250401074100030c043a000a00000c7,2,1,23,164,141,750,588,1.62791,22,0.0135142
0250401074100030c043a000a00000c7,2,1,24,164,141,750,588,1.62791,35,0.0214999
0250401074100030c043a000a00000c7,2,1,25,164,141,750,588,1.62791,29,0.0178142
0250401074100030c043a000a00000c7,2,1,26,164,141,750,588,1.62791,40,0.0245713
0250401074100030c043a000a00000c7,2,1,27,164,141,750,588,1.62791,36,0.0221142
0250401074100030c043a000a00000c7,2,1,28,164,141,750,588,1.62791,0,0
0250401074100030c043a000a00000c7,2,1,29,164,141,750,588,1.62791,28,0.0171999
0250401074100030c043a000a00000c7,2,1,30,164,141,750,588,1.62791,38,0.0233428
0250401074100030c043a000a00000c7,2,1,31,164,141,750,588,1.62791,35,0.0214999
0250401074100030c043a000a00000c7,2,1,32,164,141,750,588,1.62791,32,0.0196571
0250401074100030c043a000a00000c7,2,1,33,164,141,750,588,1.62791,34,0.0208856
0250401074100030c043a000a00000c7,2,1,34,164,141,750,588,1.62791,39,0.023957
0250401074100030c043a000a00000c7,2,1,35,164,141,750,588,1.62791,32,0.0196571
0250401074100030c043a000a00000c7,2,1,36,164,141,750,588,1.62791,29,0.0178142
0250401074100030c043a000a00000c7,2,1,37,164,141,750,588,1.62791,21,0.0128999
0250401074100030c043a000a00000c7,2,1,38,164,141,750,588,1.62791,39,0.023957
0250401074100030c043a000a00000c7,2,1,39,164,141,750,588,1.62791,28,0.0171999
0250401074100030c043a000a00000c7,2,1,40,164,141,750,588,1.62791,34,0.0208856
0250401074100030c043a000a00000c7,2,1,41,164,141,750,588,1.62791,24,0.0147428
0250401074100030c043a000a00000c7,2,1,42,164,141,750,588,1.62791,26,0.0159714
0250401074100030c043a000a00000c7,2,1,43,164,141,750,588,1.62791,22,0.0135142
0250401074100030c043a000a00000c7,2,1,44,164,141,750,588,1.62791,27,0.0165856
0250401074100030c043a000a00000c7,2,1,45,164,141,750,588,1.62791,20,0.0122857
0250401074100030c043a000a00000c7,2,1,46,164,141,750,588,1.62791,23,0.0141285
0250401074100030c043a000a00000c7,2,1,47,164,141,750,588,1.62791,19,0.0116714
0250401074100030c043a000a00000c7,2,1,48,164,141,750,588,1.62791,23,0.0141285
0250401074100030c043a000a00000c7,2,1,49,164,141,750,588,1.62791,21,0.0128999
0250401074100030c043a000a00000c7,2,1,50,164,141,750,588,1.62791,21,0.0128999
0250401074100030c043a000a00000c7,2,1,51,164,141,750,588,1.62791,20,0.0122857
0250401074100030c043a000a00000c7,2,1,52,164,141,750,588,1.62791,6,0.0036857
0250401074100030c043a000a00000c7,2,1,53,164,141,750,588,1.62791,0,0
0250401074100030c043a000a00000c7,2,1,54,164,141,750,588,1.62791,15,0.00921424
0250401074100030c043a000a00000c7,2,1,55,164,141,750,588,1.62791,0,0
0250401074100030c043a000a00000c7,2,1,56,164,141,750,588,1.62791,3,0.00184285
0250401074100030c043a000a00000c7,2,1,57,164,141,750,588,1.62791,6,0.0036857
0250401074100030c043a000a00000c7,2,1,58,164,141,750,588,1.62791,1,0.000614283
0250401074100030c043a000a00000c7,2,1,59,164,141,750,588,1.62791,11,0.00675711
0250401074100030c043a000a00000c7,2,1,60,164,141,750,588,1.62791,0,0
0250401074100030c043a000a00000c7,2,1,61,164,141,750,588,1.62791,0,0
0250401074100030c043a000a00000c7,2,1,62,164,141,750,588,1.62791,0,0
0250401074100030c043a000a00000c7,2,1,63,164,141,750,588,1.62791,0,0
0250401074100030c043a000a00000c7,2,1,0,164,141,751,589,1.594,10,0.00627353
0250401074100030c043a000a00000c7,2,1,1,164,141,751,589,1.594,1,0.000627353
0250401074100030c043a000a00000c7,2,1,2,164,141,751,589,1.594,2,0.00125471
0250401074100030c043a000a00000c7,2,1,3,164,141,751,589,1.594,9,0.00564618
0250401074100030c043a000a00000c7,2,1,4,164,141,751,589,1.594,11,0.00690088
0250401074100030c043a000a00000c7,2,1,5,164,141,751,589,1.594,2,0.00125471
0250401074100030c043a000a00000c7,2,1,6,164,141,751,589,1.594,13,0.00815559
0250401074100030c043a000a00000c7,2,1,7,164,141,751,589,1.594,2,0.00125471
0250401074100030c043a000a00000c7,2,1,8,164,141,751,589,1.594,13,0.00815559
0250401074100030c043a000a00000c7,2,1,9,164,141,751,589,1.594,4,0.00250941
0250401074100030c043a000a00000c7,2,1,10,164,141,751,589,1.594,11,0.00690088
0250401074100030c043a000a00000c7,2,1,11,164,141,751,589,1.594,11,0.00690088
0250401074100030c043a000a00000c7,2,1,12,164,141,751,589,1.594,12,0.00752823
0250401074100030c043a000a00000c7,2,1,13,164,141,751,589,1.594,13,0.00815559
0250401074100030c043a000a00000c7,2,1,14,164,141,751,589,1.594,17,0.010665
0250401074100030c043a000a00000c7,2,1,15,164,141,751,589,1.594,11,0.00690088
0250401074100030c043a000a00000c7,2,1,16,164,141,751,589,1.594,21,0.0131744
0250401074100030c043a000a00000c7,2,1,17,164,141,751,589,1.594,10,0.00627353
0250401074100030c043a000a00000c7,2,1,18,164,141,751,589,1.594,17,0.010665
0250401074100030c043a000a00000c7,2,1,19,164,141,751,589,1.594,13,0.00815559
0250401074100030c043a000a00000c7,2,1,20,164,141,751,589,1.594,14,0.00878294
0250401074100030c043a000a00000c7,2,1,21,164,141,751,589,1.594,14,0.00878294
0250401074100030c043a000a00000c7,2,1,22,164,141,751,589,1.594,19,0.0119197
0250401074100030c043a000a00000c7,2,1,23,164,141,751,589,1.594,14,0.00878294
0250401074100030c043a000a00000c7,2,1,24,164,141,751,589,1.594,19,0.0119197
0250401074100030c043a000a00000c7,2,1,25,164,141,751,589,1.594,15,0.00941029
0250401074100030c043a000a00000c7,2,1,26,164,141,751,589,1.594,25,0.0156838
0250401074100030c043a000a00000c7,2,1,27,164,141,751,589,1.594,17,0.010665
0250401074100030c043a000a00000c7,2,1,28,164,141,751,589,1.594,0,0
0250401074100030c043a000a00000c7,2,1,29,164,141,751,589,1.594,15,0.00941029
0250401074100030c043a000a00000c7,2,1,30,164,141,751,589,1.594,21,0.0131744
0250401074100030c043a000a00000c7,2,1,31,164,141,751,589,1.594,16,0.0100376
0250401074100030c043a000a00000c7,2,1,32,164,141,751,589,1.594,17,0.010665
0250401074100030c043a000a00000c7,2,1,33,164,141,751,589,1.594,16,0.0100376
0250401074100030c043a000a00000c7,2,1,34,164,141,751,589,1.594,20,0.0125471
0250401074100030c043a000a00000c7,2,1,35,164,141,751,589,1.594,14,0.00878294
0250401074100030c043a000a00000c7,2,1,36,164,141,751,589,1.594,15,0.00941029
0250401074100030c043a000a00000c7,2,1,37,164,141,751,589,1.594,11,0.00690088
0250401074100030c043a000a00000c7,2,1,38,164,141,751,589,1.594,23,0.0144291
0250401074100030c043a000a00000c7,2,1,39,164,141,751,589,1.594,15,0.00941029
0250401074100030c043a000a00000c7,2,1,40,164,141,751,589,1.594,16,0.0100376
0250401074100030c043a000a00000c7,2,1,41,164,141,751,589,1.594,13,0.00815559
0250401074100030c043a000a00000c7,2,1,42,164,141,751,589,1.594,15,0.00941029
0250401074100030c043a000a00000c7,2,1,43,164,141,751,589,1.594,12,0.00752823
0250401074100030c043a000a00000c7,2,1,44,164,141,751,589,1.594,15,0.00941029
0250401074100030c043a000a00000c7,2,1,45,164,141,751,589,1.594,9,0.00564618
0250401074100030c043a000a00000c7,2,1,46,164,141,751,589,1.594,12,0.00752823
0250401074100030c043a000a00000c7,2,1,47,164,141,751,589,1.594,9,0.00564618
0250401074100030c043a000a00000c7,2,1,48,164,141,751,589,1.594,14,0.00878294
0250401074100030c043a000a00000c7,2,1,49,164,141,751,589,1.594,13,0.00815559
0250401074100030c043a000a00000c7,2,1,50,164,141,751,589,1.594,11,0.00690088
0250401074100030c043a000a00000c7,2,1,51,164,141,751,589,1.594,10,0.00627353
0250401074100030c043a000a00000c7,2,1,52,164,141,751,589,1.594,5,0.00313676
0250401074100030c043a000a00000c7,2,1,53,164,141,751,589,1.594,1,0.000627353
0250401074100030c043a000a00000c7,2,1,54,164,141,751,589,1.594,8,0.00501882
0250401074100030c043a000a00000c7,2,1,55,164,141,751,589,1.594,0,0
0250401074100030c043a000a00000c7,2,1,56,164,141,751,589,1.594,2,0.00125471
0250401074100030c043a000a00000c7,2,1,57,164,141,751,589,1.594,3,0.00188206
0250401074100030c043a000a00000c7,2,1,58,164,141,751,589,1.594,2,0.00125471
0250401074100030c043a000a00000c7,2,1,59,164,141,751,589,1.594,6,0.00376412
0250401074100030c043a000a00000c7,2,1,60,164,141,751,589,1.594,1,0.000627353
0250401074100030c043a000a00000c7,2,1,61,164,141,751,589,1.594,0,0
0250401074100030c043a000a00000c7,2,1,62,164,141,751,589,1.594,0,0
0250401074100030c043a000a00000c7,2,1,63,164,141,751,589,1.594,0,0
0250401074100030c043a000a00000c7,2,1,0,164,141,752,590,1.12656,9,0.00798889
0250401074100030c043a000a00000c7,2,1,1,164,141,752,590,1.12656,1,0.000887655
0250401074100030c043a000a00000c7,2,1,2,164,141,752,590,1.12656,4,0.00355062
0250401074100030c043a000a00000c7,2,1,3,164,141,752,590,1.12656,8,0.00710124
0250401074100030c043a000a00000c7,2,1,4,164,141,752,590,1.12656,11,0.0097642
0250401074100030c043a000a00000c7,2,1,5,164,141,752,590,1.12656,4,0.00355062
0250401074100030c043a000a00000c7,2,1,6,164,141,752,590,1.12656,15,0.0133148
0250401074100030c043a000a00000c7,2,1,7,164,141,752,590,1.12656,4,0.00355062
0250401074100030c043a000a00000c7,2,1,8,164,141,752,590,1.12656,13,0.0115395
0250401074100030c043a000a00000c7,2,1,9,164,141,752,590,1.12656,5,0.00443827
0250401074100030c043a000a00000c7,2,1,10,164,141,752,590,1.12656,11,0.0097642
0250401074100030c043a000a00000c7,2,1,11,164,141,752,590,1.12656,11,0.0097642
0250401074100030c043a000a00000c7,2,1,12,164,141,752,590,1.12656,14,0.0124272
0250401074100030c043a000a00000c7,2,1,13,164,141,752,590,1.12656,12,0.0106519
0250401074100030c043a000a00000c7,2,1,14,164,141,752,590,1.12656,18,0.0159778
0250401074100030c043a000a00000c7,2,1,15,164,141,752,590,1.12656,10,0.00887655
0250401074100030c043a000a00000c7,2,1,16,164,141,752,590,1.12656,20,0.0177531
0250401074100030c043a000a00000c7,2,1,17,164,141,752,590,1.12656,8,0.00710124
0250401074100030c043a000a00000c7,2,1,18,164,141,752,590,1.12656,18,0.0159778
0250401074100030c043a000a00000c7,2,1,19,164,141,752,590,1.12656,11,0.0097642
0250401074100030c043a000a00000c7,2,1,20,164,141,752,590,1.12656,15,0.0133148
0250401074100030c043a000a00000c7,2,1,21,164,141,752,590,1.12656,13,0.0115395
0250401074100030c043a000a00000c7,2,1,22,164,141,752,590,1.12656,19,0.0168654
0250401074100030c043a000a00000c7,2,1,23,164,141,752,590,1.12656,13,0.0115395
0250401074100030c043a000a00000c7,2,1,24,164,141,752,590,1.12656,18,0.0159778
0250401074100030c043a000a00000c7,2,1,25,164,141,752,590,1.12656,15,0.0133148
0250401074100030c043a000a00000c7,2,1,26,164,141,752,590,1.12656,22,0.0195284
0250401074100030c043a000a00000c7,2,1,27,164,141,752,590,1.12656,17,0.0150901
0250401074100030c043a000a00000c7,2,1,28,164,141,752,590,1.12656,0,0
0250401074100030c043a000a00000c7,2,1,29,164,141,752,590,1.12656,14,0.0124272
0250401074100030c043a000a00000c7,2,1,30,164,141,752,590,1.12656,19,0.0168654
0250401074100030c043a000a00000c7,2,1,31,164,141,752,590,1.12656,16,0.0142025
0250401074100030c043a000a00000c7,2,1,32,164,141,752,590,1.12656,17,0.0150901
0250401074100030c043a000a00000c7,2,1,33,164,141,752,590,1.12656,16,0.0142025
0250401074100030c043a000a00000c7,2,1,34,164,141,752,590,1.12656,19,0.0168654
0250401074100030c043a000a00000c7,2,1,35,164,141,752,590,1.12656,16,0.0142025
0250401074100030c043a000a00000c7,2,1,36,164,141,752,590,1.12656,15,0.0133148
0250401074100030c043a000a00000c7,2,1,37,164,141,752,590,1.12656,8,0.00710124
0250401074100030c043a000a00000c7,2,1,38,164,141,752,590,1.12656,20,0.0177531
0250401074100030c043a000a00000c7,2,1,39,164,141,752,590,1.12656,15,0.0133148
0250401074100030c043a000a00000c7,2,1,40,164,141,752,590,1.12656,17,0.0150901
0250401074100030c043a000a00000c7,2,1,41,164,141,752,590,1.12656,11,0.0097642
0250401074100030c043a000a00000c7,2,1,42,164,141,752,590,1.12656,14,0.0124272
0250401074100030c043a000a00000c7,2,1,43,164,141,752,590,1.12656,11,0.0097642
0250401074100030c043a000a00000c7,2,1,44,164,141,752,590,1.12656,16,0.0142025
0250401074100030c043a000a00000c7,2,1,45,164,141,752,590,1.12656,8,0.00710124
0250401074100030c043a000a00000c7,2,1,46,164,141,752,590,1.12656,11,0.0097642
0250401074100030c043a000a00000c7,2,1,47,164,141,752,590,1.12656,8,0.00710124
0250401074100030c043a000a00000c7,2,1,48,164,141,752,590,1.12656,11,0.0097642
0250401074100030c043a000a00000c7,2,1,49,164,141,752,590,1.12656,11,0.0097642
0250401074100030c043a000a00000c7,2,1,50,164,141,752,590,1.12656,10,0.00887655
0250401074100030c043a000a00000c7,2,1,51,164,141,752,590,1.12656,8,0.00710124
0250401074100030c043a000a00000c7,2,1,52,164,141,752,590,1.12656,4,0.00355062
0250401074100030c043a000a00000c7,2,1,53,164,141,752,590,1.12656,1,0.000887655
0250401074100030c043a000a00000c7,2,1,54,164,141,752,590,1.12656,7,0.00621358
0250401074100030c043a000a00000c7,2,1,55,164,141,752,590,1.12656,0,0
0250401074100030c043a000a00000c7,2,1,56,164,141,752,590,1.12656,4,0.00355062
0250401074100030c043a000a00000c7,2,1,57,164,141,752,590,1.12656,5,0.00443827
0250401074100030c043a000a00000c7,2,1,58,164,141,752,590,1.12656,2,0.00177531
0250401074100030c043a000a00000c7,2,1,59,164,141,752,590,1.12656,5,0.00443827
0250401074100030c043a000a00000c7,2,1,60,164,141,752,590,1.12656,1,0.000887655
0250401074100030c043a000a00000c7,2,1,61,164,141,752,590,1.12656,1,0.000887655
0250401074100030c043a000a00000c7,2,1,62,164,141,752,590,1.12656,0,0
0250401074100030c043a000a00000c7,2,1,63,164,141,752,590,1.12656,0,0
0250401074100030c043a000a00000c7,2,1,0,164,141,753,590,1.28729,17,0.013206
0250401074100030c043a000a00000c7,2,1,1,164,141,753,590,1.28729,1,0.000776825
0250401074100030c043a000a00000c7,2,1,2,164,141,753,590,1.28729,7,0.00543778
0250401074100030c043a000a00000c7,2,1,3,164,141,753,590,1.28729,14,0.0108756
0250401074100030c043a000a00000c7,2,1,4,164,141,753,590,1.28729,21,0.0163133
0250401074100030c043a000a00000c7,2,1,5,164,141,753,590,1.28729,4,0.0031073
0250401074100030c043a000a00000c7,2,1,6,164,141,753,590,1.28729,21,0.0163133
0250401074100030c043a000a00000c7,2,1,7,164,141,753,590,1.28729,5,0.00388413
0250401074100030c043a000a00000c7,2,1,8,164,141,753,590,1.28729,21,0.0163133
0250401074100030c043a000a00000c7,2,1,9,164,141,753,590,1.28729,8,0.0062146
0250401074100030c043a000a00000c7,2,1,10,164,141,753,590,1.28729,21,0.0163133
0250401074100030c043a000a00000c7,2,1,11,164,141,753,590,1.28729,19,0.0147597
0250401074100030c043a000a00000c7,2,1,12,164,141,753,590,1.28729,21,0.0163133
0250401074100030c043a000a00000c7,2,1,13,164,141,753,590,1.28729,20,0.0155365
0250401074100030c043a000a00000c7,2,1,14,164,141,753,590,1.28729,23,0.017867
0250401074100030c043a000a00000c7,2,1,15,164,141,753,590,1.28729,19,0.0147597
0250401074100030c043a000a00000c7,2,1,16,164,141,753,590,1.28729,27,0.0209743
0250401074100030c043a000a00000c7,2,1,17,164,141,753,590,1.28729,19,0.0147597
0250401074100030c043a000a00000c7,2,1,18,164,141,753,590,1.28729,26,0.0201975
0250401074100030c043a000a00000c7,2,1,19,164,141,753,590,1.28729,20,0.0155365
0250401074100030c043a000a00000c7,2,1,20,164,141,753,590,1.28729,21,0.0163133
0250401074100030c043a000a00000c7,2,1,21,164,141,753,590,1.28729,20,0.0155365
0250401074100030c043a000a00000c7,2,1,22,164,141,753,590,1.28729,27,0.0209743
0250401074100030c043a000a00000c7,2,1,23,164,141,753,590,1.28729,20,0.0155365
0250401074100030c043a000a00000c7,2,1,24,164,141,753,590,1.28729,26,0.0201975
0250401074100030c043a000a00000c7,2,1,25,164,141,753,590,1.28729,21,0.0163133
0250401074100030c043a000a00000c7,2,1,26,164,141,753,590,1.28729,30,0.0233048
0250401074100030c043a000a00000c7,2,1,27,164,141,753,590,1.28729,26,0.0201975
0250401074100030c043a000a00000c7,2,1,28,164,141,753,590,1.28729,0,0
0250401074100030c043a000a00000c7,2,1,29,164,141,753,590,1.28729,21,0.0163133
0250401074100030c043a000a00000c7,2,1,30,164,141,753,590,1.28729,28,0.0217511
0250401074100030c043a000a00000c7,2,1,31,164,141,753,590,1.28729,25,0.0194206
0250401074100030c043a000a00000c7,2,1,32,164,141,753,590,1.28729,26,0.0201975
0250401074100030c043a000a00000c7,2,1,33,164,141,753,590,1.28729,24,0.0186438
0250401074100030c043a000a00000c7,2,1,34,164,141,753,590,1.28729,28,0.0217511
0250401074100030c043a000a00000c7,2,1,35,164,141,753,590,1.28729,22,0.0170902
0250401074100030c043a000a00000c7,2,1,36,164,141,753,590,1.28729,22,0.0170902
0250401074100030c043a000a00000c7,2,1,37,164,141,753,590,1.28729,20,0.0155365
0250401074100030c043a000a00000c7,2,1,38,164,141,753,590,1.28729,28,0.0217511
0250401074100030c043a000a00000c7,2,1,39,164,141,753,590,1.28729,22,0.0170902
0250401074100030c043a000a00000c7,2,1,40,164,141,753,590,1.28729,27,0.0209743
0250401074100030c043a000a00000c7,2,1,41,164,141,753,590,1.28729,21,0.0163133
0250401074100030c043a000a00000c7,2,1,42,164,141,753,590,1.28729,22,0.0170902
0250401074100030c043a000a00000c7,2,1,43,164,141,753,590,1.28729,20,0.0155365
0250401074100030c043a000a00000c7,2,1,44,164,141,753,590,1.28729,22,0.0170902
0250401074100030c043a000a00000c7,2,1,45,164,141,753,590,1.28729,15,0.0116524
0250401074100030c043a000a00000c7,2,1,46,164,141,753,590,1.28729,21,0.0163133
0250401074100030c043a000a00000c7,2,1,47,164,141,753,590,1.28729,16,0.0124292
0250401074100030c043a000a00000c7,2,1,48,164,141,753,590,1.28729,21,0.0163133
0250401074100030c043a000a00000c7,2,1,49,164,141,753,590,1.28729,20,0.0155365
0250401074100030c043a000a00000c7,2,1,50,164,141,753,590,1.28729,18,0.0139829
0250401074100030c043a000a00000c7,2,1,51,164,141,753,590,1.28729,19,0.0147597
0250401074100030c043a000a00000c7,2,1,52,164,141,753,590,1.28729,7,0.00543778
0250401074100030c043a000a00000c7,2,1,53,164,141,753,590,1.28729,0,0
0250401074100030c043a000a00000c7,2,1,54,164,141,753,590,1.28729,12,0.0093219
0250401074100030c043a000a00000c7,2,1,55,164,141,753,590,1.28729,0,0
0250401074100030c043a000a00000c7,2,1,56,164,141,753,590,1.28729,5,0.00388413
0250401074100030c043a000a00000c7,2,1,57,164,141,753,590,1.28729,7,0.00543778
0250401074100030c043a000a00000c7,2,1,58,164,141,753,590,1.28729,1,0.000776825
0250401074100030c043a000a00000c7,2,1,59,164,141,753,590,1.28729,10,0.00776825
0250401074100030c043a000a00000c7,2,1,60,164,141,753,590,1.28729,0,0
0250401074100030c043a000a00000c7,2,1,61,164,141,753,590,1.28729,0,0
0250401074100030c043a000a00000c7,2,1,62,164,141,753,590,1.28729,0,0
0250401074100030c043a000a00000c7,2,1,63,164,141,753,590,1.28729,0,0
0250401074100030c043a000a00000c7,2,1,0,164,141,754,591,1.25043,0,0
0250401074100030c043a000a00000c7,2,1,1,164,141,754,591,1.25043,0,0
0250401074100030c043a000a00000c7,2,1,2,164,141,754,591,1.25043,0,0
0250401074100030c043a000a00000c7,2,1,3,164,141,754,591,1.25043,0,0
0250401074100030c043a000a00000c7,2,1,4,164,141,754,591,1.25043,0,0
0250401074100030c043a000a00000c7,2,1,5,164,141,754,591,1.25043,0,0
0250401074100030c043a000a00000c7,2,1,6,164,141,754,591,1.25043,0,0
0250401074100030c043a000a00000c7,2,1,7,164,141,754,591,1.25043,0,0
0250401074100030c043a000a00000c7,2,1,8,164,141,754,591,1.25043,0,0
0250401074100030c043a000a00000c7,2,1,9,164,141,754,591,1.25043,0,0
0250401074100030c043a000a00000c7,2,1,10,164,141,754,591,1.25043,0,0
0250401074100030c043a000a00000c7,2,1,11,164,141,754,591,1.25043,0,0
0250401074100030c043a000a00000c7,2,1,12,164,141,754,591,1.25043,0,0
0250401074100030c043a000a00000c7,2,1,13,164,141,754,591,1.25043,0,0
0250401074100030c043a000a00000c7,2,1,14,164,141,754,591,1.25043,0,0
0250401074100030c043a000a00000c7,2,1,15,164,141,754,591,1.25043,0,0
0250401074100030c043a000a00000c7,2,1,16,164,141,754,591,1.25043,0,0
0250401074100030c043a000a00000c7,2,1,17,164,141,754,591,1.25043,0,0
0250401074100030c043a000a00000c7,2,1,18,164,141,754,591,1.25043,0,0
0250401074100030c043a000a00000c7,2,1,19,164,141,754,591,1.25043,0,0
0250401074100030c043a000a00000c7,2,1,20,164,141,754,591,1.25043,0,0
0250401074100030c043a000a00000c7,2,1,21,164,141,754,591,1.25043,0,0
0250401074100030c043a000a00000c7,2,1,22,164,141,754,591,1.25043,0,0
0250401074100030c043a000a00000c7,2,1,23,164,141,754,591,1.25043,0,0
0250401074100030c043a000a00000c7,2,1,24,164,141,754,591,1.25043,0,0
0250401074100030c043a000a00000c7,2,1,25,164,141,754,591,1.25043,0,0
0250401074100030c043a000a00000c7,2,1,26,164,141,754,591,1.25043,0,0
0250401074100030c043a000a00000c7,2,1,27,164,141,754,591,1.25043,0,0
0250401074100030c043a000a00000c7,2,1,28,164,141,754,591,1.25043,0,0
0250401074100030c043a000a00000c7,2,1,29,164,141,754,591,1.25043,0,0
0250401074100030c043a000a00000c7,2,1,30,164,141,754,591,1.25043,0,0
0250401074100030c043a000a00000c7,2,1,31,164,141,754,591,1.25043,0,0
0250401074100030c043a000a00000c7,2,1,32,164,141,754,591,1.25043,0,0
0250401074100030c043a000a00000c7,2,1,33,164,141,754,591,1.25043,0,0
0250401074100030c043a000a00000c7,2,1,34,164,141,754,591,1.25043,0,0
0250401074100030c043a000a00000c7,2,1,35,164,141,754,591,1.25043,0,0
0250401074100030c043a000a00000c7,2,1,36,164,141,754,591,1.25043,0,0
0250401074100030c043a000a00000c7,2,1,37,164,141,754,591,1.25043,0,0
0250401074100030c043a000a00000c7,2,1,38,164,141,754,591,1.25043,0,0
0250401074100030c043a000a00000c7,2,1,39,164,141,754,591,1.25043,0,0
0250401074100030c043a000a00000c7,2,1,40,164,141,754,591,1.25043,0,0
0250401074100030c043a000a00000c7,2,1,41,164,141,754,591,1.25043,0,0
0250401074100030c043a000a00000c7,2,1,42,164,141,754,591,1.25043,0,0
0250401074100030c043a000a00000c7,2,1,43,164,141,754,591,1.25043,0,0
0250401074100030c043a000a00000c7,2,1,44,164,141,754,591,1.25043,0,0
0250401074100030c043a000a00000c7,2,1,45,164,141,754,591,1.25043,0,0
0250401074100030c043a000a00000c7,2,1,46,164,141,754,591,1.25043,0,0
0250401074100030c043a000a00000c7,2,1,47,164,141,754,591,1.25043,0,0
0250401074100030c043a000a00000c7,2,1,48,164,141,754,591,1.25043,0,0
0250401074100030c043a000a00000c7,2,1,49,164,141,754,591,1.25043,0,0
0250401074100030c043a000a00000c7,2,1,50,164,141,754,591,1.25043,0,0
0250401074100030c043a000a00000c7,2,1,51,164,141,754,591,1.25043,0,0
0250401074100030c043a000a00000c7,2,1,52,164,141,754,591,1.25043,0,0
0250401074100030c043a000a00000c7,2,1,53,164,141,754,591,1.25043,0,0
0250401074100030c043a000a00000c7,2,1,54,164,141,754,591,1.25043,0,0
0250401074100030c043a000a00000c7,2,1,55,164,141,754,591,1.25043,0,0
0250401074100030c043a000a00000c7,2,1,56,164,141,754,591,1.25043,0,0
0250401074100030c043a000a00000c7,2,1,57,164,141,754,591,1.25043,0,0
0250401074100030c043a000a00000c7,2,1,58,164,141,754,591,1.25043,0,0
0250401074100030c043a000a00000c7,2,1,59,164,141,754,591,1.25043,0,0
0250401074100030c043a000a00000c7,2,1,60,164,141,754,591,1.25043,0,0
0250401074100030c043a000a00000c7,2,1,61,164,141,754,591,1.25043,0,0
0250401074100030c043a000a00000c7,2,1,62,164,141,754,591,1.25043,0,0
0250401074100030c043a000a00000c7,2,1,63,164,141,754,591,1.25043,0,0
0250401074100030c043a000a00000c7,2,1,0,164,141,755,592,1.30941,4,0.00305481
0250401074100030c043a000a00000c7,2,1,1,164,141,755,592,1.30941,0,0
0250401074100030c043a000a00000c7,2,1,2,164,141,755,592,1.30941,0,0
0250401074100030c043a000a00000c7,2,1,3,164,141,755,592,1.30941,5,0.00381852
0250401074100030c043a000a00000c7,2,1,4,164,141,755,592,1.30941,11,0.00840073
0250401074100030c043a000a00000c7,2,1,5,164,141,755,592,1.30941,0,0
0250401074100030c043a000a00000c7,2,1,6,164,141,755,592,1.30941,16,0.0122193
0250401074100030c043a000a00000c7,2,1,7,164,141,755,592,1.30941,0,0
0250401074100030c043a000a00000c7,2,1,8,164,141,755,592,1.30941,13,0.00992814
0250401074100030c043a000a00000c7,2,1,9,164,141,755,592,1.30941,3,0.00229111
0250401074100030c043a000a00000c7,2,1,10,164,141,755,592,1.30941,11,0.00840073
0250401074100030c043a000a00000c7,2,1,11,164,141,755,592,1.30941,11,0.00840073
0250401074100030c043a000a00000c7,2,1,12,164,141,755,592,1.30941,13,0.00992814
0250401074100030c043a000a00000c7,2,1,13,164,141,755,592,1.30941,11,0.00840073
0250401074100030c043a000a00000c7,2,1,14,164,141,755,592,1.30941,17,0.012983
0250401074100030c043a000a00000c7,2,1,15,164,141,755,592,1.30941,10,0.00763703
0250401074100030c043a000a00000c7,2,1,16,164,141,755,592,1.30941,21,0.0160378
0250401074100030c043a000a00000c7,2,1,17,164,141,755,592,1.30941,10,0.00763703
0250401074100030c043a000a00000c7,2,1,18,164,141,755,592,1.30941,20,0.0152741
0250401074100030c043a000a00000c7,2,1,19,164,141,755,592,1.30941,11,0.00840073
0250401074100030c043a000a00000c7,2,1,20,164,141,755,592,1.30941,13,0.00992814
0250401074100030c043a000a00000c7,2,1,21,164,141,755,592,1.30941,12,0.00916444
0250401074100030c043a000a00000c7,2,1,22,164,141,755,592,1.30941,20,0.0152741
0250401074100030c043a000a00000c7,2,1,23,164,141,755,592,1.30941,11,0.00840073
0250401074100030c043a000a00000c7,2,1,24,164,141,755,592,1.30941,18,0.0137467
0250401074100030c043a000a00000c7,2,1,25,164,141,755,592,1.30941,11,0.00840073
0250401074100030c043a000a00000c7,2,1,26,164,141,755,592,1.30941,21,0.0160378
0250401074100030c043a000a00000c7,2,1,27,164,141,755,592,1.30941,19,0.0145104
0250401074100030c043a000a00000c7,2,1,28,164,141,755,592,1.30941,0,0
0250401074100030c043a000a00000c7,2,1,29,164,141,755,592,1.30941,11,0.00840073
0250401074100030c043a000a00000c7,2,1,30,164,141,755,592,1.30941,21,0.0160378
0250401074100030c043a000a00000c7,2,1,31,164,141,755,592,1.30941,16,0.0122193
0250401074100030c043a000a00000c7,2,1,32,164,141,755,592,1.30941,18,0.0137467
0250401074100030c043a000a00000c7,2,1,33,164,141,755,592,1.30941,16,0.0122193
0250401074100030c043a000a00000c7,2,1,34,164,141,755,592,1.30941,20,0.0152741
0250401074100030c043a000a00000c7,2,1,35,164,141,755,592,1.30941,14,0.0106918
0250401074100030c043a000a00000c7,2,1,36,164,141,755,592,1.30941,14,0.0106918
0250401074100030c043a000a00000c7,2,1,37,164,141,755,592,1.30941,8,0.00610963
0250401074100030c043a000a00000c7,2,1,38,164,141,755,592,1.30941,21,0.0160378
0250401074100030c043a000a00000c7,2,1,39,164,141,755,592,1.30941,14,0.0106918
0250401074100030c043a000a00000c7,2,1,40,164,141,755,592,1.30941,17,0.012983
0250401074100030c043a000a00000c7,2,1,41,164,141,755,592,1.30941,11,0.00840073
0250401074100030c043a000a00000c7,2,1,42,164,141,755,592,1.30941,13,0.00992814
0250401074100030c043a000a00000c7,2,1,43,164,141,755,592,1.30941,11,0.00840073
0250401074100030c043a000a00000c7,2,1,44,164,141,755,592,1.30941,15,0.0114555
0250401074100030c043a000a00000c7,2,1,45,164,141,755,592,1.30941,5,0.00381852
0250401074100030c043a000a00000c7,2,1,46,164,141,755,592,1.30941,11,0.00840073
0250401074100030c043a000a00000c7,2,1,47,164,141,755,592,1.30941,6,0.00458222
0250401074100030c043a000a00000c7,2,1,48,164,141,755,592,1.30941,11,0.00840073
0250401074100030c043a000a00000c7,2,1,49,164,141,755,592,1.30941,11,0.00840073
0250401074100030c043a000a00000c7,2,1,50,164,141,755,592,1.30941,10,0.00763703
0250401074100030c043a000a00000c7,2,1,51,164,141,755,592,1.30941,6,0.00458222
0250401074100030c043a000a00000c7,2,1,52,164,141,755,592,1.30941,1,0.000763703
0250401074100030c043a000a00000c7,2,1,53,164,141,755,592,1.30941,0,0
0250401074100030c043a000a00000c7,2,1,54,164,141,755,592,1.30941,4,0.00305481
0250401074100030c043a000a00000c7,2,1,55,164,141,755,592,1.30941,0,0
0250401074100030c043a000a00000c7,2,1,56,164,141,755,592,1.30941,0,0
0250401074100030c043a000a00000c7,2,1,57,164,141,755,592,1.30941,1,0.000763703
0250401074100030c043a000a00000c7,2,1,58,164,141,755,592,1.30941,0,0
0250401074100030c043a000a00000c7,2,1,59,164,141,755,592,1.30941,3,0.00229111
0250401074100030c043a000a00000c7,2,1,60,164,141,755,592,1.30941,0,0
0250401074100030c043a000a00000c7,2,1,61,164,141,755,592,1.30941,0,0
0250401074100030c043a000a00000c7,2,1,62,164,141,755,592,1.30941,0,0
0250401074100030c043a000a00000c7,2,1,63,164,141,755,592,1.30941,0,0
0250401074100030c043a000a00000c7,2,1,0,164,141,756,593,1.30204,14,0.0107524
0250401074100030c043a000a00000c7,2,1,1,164,141,756,593,1.30204,1,0.000768028
0250401074100030c043a000a00000c7,2,1,2,164,141,756,593,1.30204,4,0.00307211
0250401074100030c043a000a00000c7,2,1,3,164,141,756,593,1.30204,14,0.0107524
0250401074100030c043a000a00000c7,2,1,4,164,141,756,593,1.30204,23,0.0176646
0250401074100030c043a000a00000c7,2,1,5,164,141,756,593,1.30204,4,0.00307211
0250401074100030c043a000a00000c7,2,1,6,164,141,756,593,1.30204,30,0.0230408
0250401074100030c043a000a00000c7,2,1,7,164,141,756,593,1.30204,4,0.00307211
0250401074100030c043a000a00000c7,2,1,8,164,141,756,593,1.30204,29,0.0222728
0250401074100030c043a000a00000c7,2,1,9,164,141,756,593,1.30204,5,0.00384014
0250401074100030c043a000a00000c7,2,1,10,164,141,756,593,1.30204,22,0.0168966
0250401074100030c043a000a00000c7,2,1,11,164,141,756,593,1.30204,21,0.0161286
0250401074100030c043a000a00000c7,2,1,12,164,141,756,593,1.30204,28,0.0215048
0250401074100030c043a000a00000c7,2,1,13,164,141,756,593,1.30204,27,0.0207367
0250401074100030c043a000a00000c7,2,1,14,164,141,756,593,1.30204,31,0.0238089
0250401074100030c043a000a00000c7,2,1,15,164,141,756,593,1.30204,21,0.0161286
0250401074100030c043a000a00000c7,2,1,16,164,141,756,593,1.30204,36,0.027649
0250401074100030c043a000a00000c7,2,1,17,164,141,756,593,1.30204,18,0.0138245
0250401074100030c043a000a00000c7,2,1,18,164,141,756,593,1.30204,33,0.0253449
0250401074100030c043a000a00000c7,2,1,19,164,141,756,593,1.30204,26,0.0199687
0250401074100030c043a000a00000c7,2,1,20,164,141,756,593,1.30204,29,0.0222728
0250401074100030c043a000a00000c7,2,1,21,164,141,756,593,1.30204,29,0.0222728
0250401074100030c043a000a00000c7,2,1,22,164,141,756,593,1.30204,33,0.0253449
0250401074100030c043a000a00000c7,2,1,23,164,141,756,593,1.30204,26,0.0199687
0250401074100030c043a000a00000c7,2,1,24,164,141,756,593,1.30204,31,0.0238089
0250401074100030c043a000a00000c7,2,1,25,164,141,756,593,1.30204,30,0.0230408
0250401074100030c043a000a00000c7,2,1,26,164,141,756,593,1.30204,40,0.0307211
0250401074100030c043a000a00000c7,2,1,27,164,141,756,593,1.30204,31,0.0238089
0250401074100030c043a000a00000c7,2,1,28,164,141,756,593,1.30204,0,0
0250401074100030c043a000a00000c7,2,1,29,164,141,756,593,1.30204,26,0.0199687
0250401074100030c043a000a00000c7,2,1,30,164,141,756,593,1.30204,36,0.027649
0250401074100030c043a000a00000c7,2,1,31,164,141,756,593,1.30204,30,0.0230408
0250401074100030c043a000a00000c7,2,1,32,164,141,756,593,1.30204,31,0.0238089
0250401074100030c043a000a00000c7,2,1,33,164,141,756,593,1.30204,30,0.0230408
0250401074100030c043a000a00000c7,2,1,34,164,141,756,593,1.30204,34,0.0261129
0250401074100030c043a000a00000c7,2,1,35,164,141,756,593,1.30204,30,0.0230408
0250401074100030c043a000a00000c7,2,1,36,164,141,756,593,1.30204,29,0.0222728
0250401074100030c043a000a00000c7,2,1,37,164,141,756,593,1.30204,17,0.0130565
0250401074100030c043a000a00000c7,2,1,38,164,141,756,593,1.30204,35,0.026881
0250401074100030c043a000a00000c7,2,1,39,164,141,756,593,1.30204,28,0.0215048
0250401074100030c043a000a00000c7,2,1,40,164,141,756,593,1.30204,31,0.0238089
0250401074100030c043a000a00000c7,2,1,41,164,141,756,593,1.30204,25,0.0192007
0250401074100030c043a000a00000c7,2,1,42,164,141,756,593,1.30204,29,0.0222728
0250401074100030c043a000a00000c7,2,1,43,164,141,756,593,1.30204,24,0.0184327
0250401074100030c043a000a00000c7,2,1,44,164,141,756,593,1.30204,29,0.0222728
0250401074100030c043a000a00000c7,2,1,45,164,141,756,593,1.30204,15,0.0115204
0250401074100030c043a000a00000c7,2,1,46,164,141,756,593,1.30204,25,0.0192007
0250401074100030c043a000a00000c7,2,1,47,164,141,756,593,1.30204,13,0.00998436
0250401074100030c043a000a00000c7,2,1,48,164,141,756,593,1.30204,25,0.0192007
0250401074100030c043a000a00000c7,2,1,49,164,141,756,593,1.30204,25,0.0192007
0250401074100030c043a000a00000c7,2,1,50,164,141,756,593,1.30204,15,0.0115204
0250401074100030c043a000a00000c7,2,1,51,164,141,756,593,1.30204,16,0.0122884
0250401074100030c043a000a00000c7,2,1,52,164,141,756,593,1.30204,4,0.00307211
0250401074100030c043a000a00000c7,2,1,53,164,141,756,593,1.30204,1,0.000768028
0250401074100030c043a000a00000c7,2,1,54,164,141,756,593,1.30204,9,0.00691225
0250401074100030c043a000a00000c7,2,1,55,164,141,756,593,1.30204,0,0
0250401074100030c043a000a00000c7,2,1,56,164,141,756,593,1.30204,4,0.00307211
0250401074100030c043a000a00000c7,2,1,57,164,141,756,593,1.30204,4,0.00307211
0250401074100030c043a000a00000c7,2,1,58,164,141,756,593,1.30204,2,0.00153606
0250401074100030c043a000a00000c7,2,1,59,164,141,756,593,1.30204,7,0.00537619
0250401074100030c043a000a00000c7,2,1,60,164,141,756,593,1.30204,1,0.000768028
0250401074100030c043a000a00000c7,2,1,61,164,141,756,593,1.30204,0,0
0250401074100030c043a000a00000c7,2,1,62,164,141,756,593,1.30204,0,0
0250401074100030c043a000a00000c7,2,1,63,164,141,756,593,1.30204,0,0
0250401074100030c043a000a00000c7,2,1,0,164,141,757,594,1.35365,8,0.00590996
0250401074100030c043a000a00000c7,2,1,1,164,141,757,594,1.35365,0,0
0250401074100030c043a000a00000c7,2,1,2,164,141,757,594,1.35365,2,0.00147749
0250401074100030c043a000a00000c7,2,1,3,164,141,757,594,1.35365,7,0.00517122
0250401074100030c043a000a00000c7,2,1,4,164,141,757,594,1.35365,12,0.00886495
0250401074100030c043a000a00000c7,2,1,5,164,141,757,594,1.35365,1,0.000738746
0250401074100030c043a000a00000c7,2,1,6,164,141,757,594,1.35365,14,0.0103424
0250401074100030c043a000a00000c7,2,1,7,164,141,757,594,1.35365,1,0.000738746
0250401074100030c043a000a00000c7,2,1,8,164,141,757,594,1.35365,12,0.00886495
0250401074100030c043a000a00000c7,2,1,9,164,141,757,594,1.35365,1,0.000738746
0250401074100030c043a000a00000c7,2,1,10,164,141,757,594,1.35365,12,0.00886495
0250401074100030c043a000a00000c7,2,1,11,164,141,757,594,1.35365,11,0.0081262
0250401074100030c043a000a00000c7,2,1,12,164,141,757,594,1.35365,13,0.00960369
0250401074100030c043a000a00000c7,2,1,13,164,141,757,594,1.35365,13,0.00960369
0250401074100030c043a000a00000c7,2,1,14,164,141,757,594,1.35365,14,0.0103424
0250401074100030c043a000a00000c7,2,1,15,164,141,757,594,1.35365,12,0.00886495
0250401074100030c043a000a00000c7,2,1,16,164,141,757,594,1.35365,17,0.0125587
0250401074100030c043a000a00000c7,2,1,17,164,141,757,594,1.35365,11,0.0081262
0250401074100030c043a000a00000c7,2,1,18,164,141,757,594,1.35365,15,0.0110812
0250401074100030c043a000a00000c7,2,1,19,164,141,757,594,1.35365,12,0.00886495
0250401074100030c043a000a00000c7,2,1,20,164,141,757,594,1.35365,13,0.00960369
0250401074100030c043a000a00000c7,2,1,21,164,141,757,594,1.35365,13,0.00960369
0250401074100030c043a000a00000c7,2,1,22,164,141,757,594,1.35365,16,0.0118199
0250401074100030c043a000a00000c7,2,1,23,164,141,757,594,1.35365,12,0.00886495
0250401074100030c043a000a00000c7,2,1,24,164,141,757,594,1.35365,14,0.0103424
0250401074100030c043a000a00000c7,2,1,25,164,141,757,594,1.35365,13,0.00960369
0250401074100030c043a000a00000c7,2,1,26,164,141,757,594,1.35365,19,0.0140362
0250401074100030c043a000a00000c7,2,1,27,164,141,757,594,1.35365,15,0.0110812
0250401074100030c043a000a00000c7,2,1,28,164,141,757,594,1.35365,0,0
0250401074100030c043a000a00000c7,2,1,29,164,141,757,594,1.35365,13,0.00960369
0250401074100030c043a000a00000c7,2,1,30,164,141,757,594,1.35365,17,0.0125587
0250401074100030c043a000a00000c7,2,1,31,164,141,757,594,1.35365,14,0.0103424
0250401074100030c043a000a00000c7,2,1,32,164,141,757,594,1.35365,14,0.0103424
0250401074100030c043a000a00000c7,2,1,33,164,141,757,594,1.35365,13,0.00960369
0250401074100030c043a000a00000c7,2,1,34,164,141,757,594,1.35365,18,0.0132974
0250401074100030c043a000a00000c7,2,1,35,164,141,757,594,1.35365,13,0.00960369
0250401074100030c043a000a00000c7,2,1,36,164,141,757,594,1.35365,13,0.00960369
0250401074100030c043a000a00000c7,2,1,37,164,141,757,594,1.35365,10,0.00738746
0250401074100030c043a000a00000c7,2,1,38,164,141,757,594,1.35365,18,0.0132974
0250401074100030c043a000a00000c7,2,1,39,164,141,757,594,1.35365,12,0.00886495
0250401074100030c043a000a00000c7,2,1,40,164,141,757,594,1.35365,13,0.00960369
0250401074100030c043a000a00000c7,2,1,41,164,141,757,594,1.35365,12,0.00886495
0250401074100030c043a000a00000c7,2,1,42,164,141,757,594,1.35365,12,0.00886495
0250401074100030c043a000a00000c7,2,1,43,164,141,757,594,1.35365,12,0.00886495
0250401074100030c043a000a00000c7,2,1,44,164,141,757,594,1.35365,14,0.0103424
0250401074100030c043a000a00000c7,2,1,45,164,141,757,594,1.35365,8,0.00590996
0250401074100030c043a000a00000c7,2,1,46,164,141,757,594,1.35365,12,0.00886495
0250401074100030c043a000a00000c7,2,1,47,164,141,757,594,1.35365,8,0.00590996
0250401074100030c043a000a00000c7,2,1,48,164,141,757,594,1.35365,12,0.00886495
0250401074100030c043a000a00000c7,2,1,49,164,141,757,594,1.35365,12,0.00886495
0250401074100030c043a000a00000c7,2,1,50,164,141,757,594,1.35365,10,0.00738746
0250401074100030c043a000a00000c7,2,1,51,164,141,757,594,1.35365,11,0.0081262
0250401074100030c043a000a00000c7,2,1,52,164,141,757,594,1.35365,1,0.000738746
0250401074100030c043a000a00000c7,2,1,53,164,141,757,594,1.35365,0,0
0250401074100030c043a000a00000c7,2,1,54,164,141,757,594,1.35365,3,0.00221624
0250401074100030c043a000a00000c7,2,1,55,164,141,757,594,1.35365,0,0
0250401074100030c043a000a00000c7,2,1,56,164,141,757,594,1.35365,1,0.000738746
0250401074100030c043a000a00000c7,2,1,57,164,141,757,594,1.35365,1,0.000738746
0250401074100030c043a000a00000c7,2,1,58,164,141,757,594,1.35365,0,0
0250401074100030c043a000a00000c7,2,1,59,164,141,757,594,1.35365,2,0.00147749
0250401074100030c043a000a00000c7,2,1,60,164,141,757,594,1.35365,0,0
0250401074100030c043a000a00000c7,2,1,61,164,141,757,594,1.35365,0,0
0250401074100030c043a000a00000c7,2,1,62,164,141,757,594,1.35365,0,0
0250401074100030c043a000a00000c7,2,1,63,164,141,757,594,1.35365,0,0
0250401074100030c043a000a00000c7,2,1,0,164,141,758,594,1.03367,0,0
0250401074100030c043a000a00000c7,2,1,1,164,141,758,594,1.03367,0,0
0250401074100030c043a000a00000c7,2,1,2,164,141,758,594,1.03367,0,0
0250401074100030c043a000a00000c7,2,1,3,164,141,758,594,1.03367,0,0
0250401074100030c043a000a00000c7,2,1,4,164,141,758,594,1.03367,0,0
0250401074100030c043a000a00000c7,2,1,5,164,141,758,594,1.03367,0,0
0250401074100030c043a000a00000c7,2,1,6,164,141,758,594,1.03367,0,0
0250401074100030c043a000a00000c7,2,1,7,164,141,758,594,1.03367,0,0
0250401074100030c043a000a00000c7,2,1,8,164,141,758,594,1.03367,0,0
0250401074100030c043a000a00000c7,2,1,9,164,141,758,594,1.03367,0,0
0250401074100030c043a000a00000c7,2,1,10,164,141,758,594,1.03367,0,0
0250401074100030c043a000a00000c7,2,1,11,164,141,758,594,1.03367,0,0
0250401074100030c043a000a00000c7,2,1,12,164,141,758,594,1.03367,0,0
0250401074100030c043a000a00000c7,2,1,13,164,141,758,594,1.03367,0,0
0250401074100030c043a000a00000c7,2,1,14,164,141,758,594,1.03367,0,0
0250401074100030c043a000a00000c7,2,1,15,164,141,758,594,1.03367,0,0
0250401074100030c043a000a00000c7,2,1,16,164,141,758,594,1.03367,0,0
0250401074100030c043a000a00000c7,2,1,17,164,141,758,594,1.03367,0,0
0250401074100030c043a000a00000c7,2,1,18,164,141,758,594,1.03367,0,0
0250401074100030c043a000a00000c7,2,1,19,164,141,758,594,1.03367,0,0
0250401074100030c043a000a00000c7,2,1,20,164,141,758,594,1.03367,0,0
0250401074100030c043a000a00000c7,2,1,21,164,141,758,594,1.03367,0,0
0250401074100030c043a000a00000c7,2,1,22,164,141,758,594,1.03367,0,0
0250401074100030c043a000a00000c7,2,1,23,164,141,758,594,1.03367,0,0
0250401074100030c043a000a00000c7,2,1,24,164,141,758,594,1.03367,0,0
0250401074100030c043a000a00000c7,2,1,25,164,141,758,594,1.03367,0,0
0250401074100030c043a000a00000c7,2,1,26,164,141,758,594,1.03367,0,0
0250401074100030c043a000a00000c7,2,1,27,164,141,758,594,1.03367,0,0
0250401074100030c043a000a00000c7,2,1,28,164,141,758,594,1.03367,0,0
0250401074100030c043a000a00000c7,2,1,29,164,141,758,594,1.03367,0,0
0250401074100030c043a000a00000c7,2,1,30,164,141,758,594,1.03367,0,0
0250401074100030c043a000a00000c7,2,1,31,164,141,758,594,1.03367,0,0
0250401074100030c043a000a00000c7,2,1,32,164,141,758,594,1.03367,0,0
0250401074100030c043a000a00000c7,2,1,33,164,141,758,594,1.03367,0,0
0250401074100030c043a000a00000c7,2,1,34,164,141,758,594,1.03367,0,0
0250401074100030c043a000a00000c7,2,1,35,164,141,758,594,1.03367,0,0
0250401074100030c043a000a00000c7,2,1,36,164,141,758,594,1.03367,0,0
0250401074100030c043a000a00000c7,2,1,37,164,141,758,594,1.03367,0,0
0250401074100030c043a000a00000c7,2,1,38,164,141,758,594,1.03367,0,0
0250401074100030c043a000a00000c7,2,1,39,164,141,758,594,1.03367,0,0
0250401074100030c043a000a00000c7,2,1,40,164,141,758,594,1.03367,0,0
0250401074100030c043a000a00000c7,2,1,41,164,141,758,594,1.03367,0,0
0250401074100030c043a000a00000c7,2,1,42,164,141,758,594,1.03367,0,0
0250401074100030c043a000a00000c7,2,1,43,164,141,758,594,1.03367,0,0
0250401074100030c043a000a00000c7,2,1,44,164,141,758,594,1.03367,0,0
0250401074100030c043a000a00000c7,2,1,45,164,141,758,594,1.03367,0,0
0250401074100030c043a000a00000c7,2,1,46,164,141,758,594,1.03367,0,0
0250401074100030c043a000a00000c7,2,1,47,164,141,758,594,1.03367,0,0
0250401074100030c043a000a00000c7,2,1,48,164,141,758,594,1.03367,0,0
0250401074100030c043a000a00000c7,2,1,49,164,141,758,594,1.03367,0,0
0250401074100030c043a000a00000c7,2,1,50,164,141,758,594,1.03367,0,0
0250401074100030c043a000a00000c7,2,1,51,164,141,758,594,1.03367,0,0
0250401074100030c043a000a00000c7,2,1,52,164,141,758,594,1.03367,0,0
0250401074100030c043a000a00000c7,2,1,53,164,141,758,594,1.03367,0,0
0250401074100030c043a000a00000c7,2,1,54,164,141,758,594,1.03367,0,0
0250401074100030c043a000a00000c7,2,1,55,164,141,758,594,1.03367,0,0
0250401074100030c043a000a00000c7,2,1,56,164,141,758,594,1.03367,0,0
0250401074100030c043a000a00000c7,2,1,57,164,141,758,594,1.03367,0,0
0250401074100030c043a000a00000c7,2,1,58,164,141,758,594,1.03367,0,0
0250401074100030c043a000a00000c7,2,1,59,164,141,758,594,1.03367,0,0
0250401074100030c043a000a00000c7,2,1,60,164,141,758,594,1.03367,0,0
0250401074100030c043a000a00000c7,2,1,61,164,141,758,594,1.03367,0,0
0250401074100030c043a000a00000c7,2,1,62,164,141,758,594,1.03367,0,0
0250401074100030c043a000a00000c7,2,1,63,164,141,758,594,1.03367,0,0
0250401074100030c043a000a00000c7,2,1,0,164,141,759,595,1.28729,5,0.00388413
0250401074100030c043a000a00000c7,2,1,1,164,141,759,595,1.28729,0,0
0250401074100030c043a000a00000c7,2,1,2,164,141,759,595,1.28729,0,0
0250401074100030c043a000a00000c7,2,1,3,164,141,759,595,1.28729,3,0.00233048
0250401074100030c043a000a00000c7,2,1,4,164,141,759,595,1.28729,12,0.0093219
0250401074100030c043a000a00000c7,2,1,5,164,141,759,595,1.28729,0,0
0250401074100030c043a000a00000c7,2,1,6,164,141,759,595,1.28729,14,0.0108756
0250401074100030c043a000a00000c7,2,1,7,164,141,759,595,1.28729,0,0
0250401074100030c043a000a00000c7,2,1,8,164,141,759,595,1.28729,14,0.0108756
0250401074100030c043a000a00000c7,2,1,9,164,141,759,595,1.28729,0,0
0250401074100030c043a000a00000c7,2,1,10,164,141,759,595,1.28729,12,0.0093219
0250401074100030c043a000a00000c7,2,1,11,164,141,759,595,1.28729,10,0.00776825
0250401074100030c043a000a00000c7,2,1,12,164,141,759,595,1.28729,14,0.0108756
0250401074100030c043a000a00000c7,2,1,13,164,141,759,595,1.28729,12,0.0093219
0250401074100030c043a000a00000c7,2,1,14,164,141,759,595,1.28729,14,0.0108756
0250401074100030c043a000a00000c7,2,1,15,164,141,759,595,1.28729,11,0.00854508
0250401074100030c043a000a00000c7,2,1,16,164,141,759,595,1.28729,17,0.013206
0250401074100030c043a000a00000c7,2,1,17,164,141,759,595,1.28729,8,0.0062146
0250401074100030c043a000a00000c7,2,1,18,164,141,759,595,1.28729,16,0.0124292
0250401074100030c043a000a00000c7,2,1,19,164,141,759,595,1.28729,13,0.0100987
0250401074100030c043a000a00000c7,2,1,20,164,141,759,595,1.28729,14,0.0108756
0250401074100030c043a000a00000c7,2,1,21,164,141,759,595,1.28729,14,0.0108756
0250401074100030c043a000a00000c7,2,1,22,164,141,759,595,1.28729,15,0.0116524
0250401074100030c043a000a00000c7,2,1,23,164,141,759,595,1.28729,14,0.0108756
0250401074100030c043a000a00000c7,2,1,24,164,141,759,595,1.28729,15,0.0116524
0250401074100030c043a000a00000c7,2,1,25,164,141,759,595,1.28729,14,0.0108756
0250401074100030c043a000a00000c7,2,1,26,164,141,759,595,1.28729,19,0.0147597
0250401074100030c043a000a00000c7,2,1,27,164,141,759,595,1.28729,15,0.0116524
0250401074100030c043a000a00000c7,2,1,28,164,141,759,595,1.28729,0,0
0250401074100030c043a000a00000c7,2,1,29,164,141,759,595,1.28729,14,0.0108756
0250401074100030c043a000a00000c7,2,1,30,164,141,759,595,1.28729,17,0.013206
0250401074100030c043a000a00000c7,2,1,31,164,141,759,595,1.28729,14,0.0108756
0250401074100030c043a000a00000c7,2,1,32,164,141,759,595,1.28729,14,0.0108756
0250401074100030c043a000a00000c7,2,1,33,164,141,759,595,1.28729,14,0.0108756
0250401074100030c043a000a00000c7,2,1,34,164,141,759,595,1.28729,16,0.0124292
0250401074100030c043a000a00000c7,2,1,35,164,141,759,595,1.28729,14,0.0108756
0250401074100030c043a000a00000c7,2,1,36,164,141,759,595,1.28729,14,0.0108756
0250401074100030c043a000a00000c7,2,1,37,164,141,759,595,1.28729,8,0.0062146
0250401074100030c043a000a00000c7,2,1,38,164,141,759,595,1.28729,17,0.013206
0250401074100030c043a000a00000c7,2,1,39,164,141,759,595,1.28729,14,0.0108756
0250401074100030c043a000a00000c7,2,1,40,164,141,759,595,1.28729,15,0.0116524
0250401074100030c043a000a00000c7,2,1,41,164,141,759,595,1.28729,14,0.0108756
0250401074100030c043a000a00000c7,2,1,42,164,141,759,595,1.28729,14,0.0108756
0250401074100030c043a000a00000c7,2,1,43,164,141,759,595,1.28729,13,0.0100987
0250401074100030c043a000a00000c7,2,1,44,164,141,759,595,1.28729,14,0.0108756
0250401074100030c043a000a00000c7,2,1,45,164,141,759,595,1.28729,3,0.00233048
0250401074100030c043a000a00000c7,2,1,46,164,141,759,595,1.28729,13,0.0100987
0250401074100030c043a000a00000c7,2,1,47,164,141,759,595,1.28729,3,0.00233048
0250401074100030c043a000a00000c7,2,1,48,164,141,759,595,1.28729,14,0.0108756
0250401074100030c043a000a00000c7,2,1,49,164,141,759,595,1.28729,12,0.0093219
0250401074100030c043a000a00000c7,2,1,50,164,141,759,595,1.28729,9,0.00699143
0250401074100030c043a000a00000c7,2,1,51,164,141,759,595,1.28729,4,0.0031073
0250401074100030c043a000a00000c7,2,1,52,164,141,759,595,1.28729,0,0
0250401074100030c043a000a00000c7,2,1,53,164,141,759,595,1.28729,0,0
0250401074100030c043a000a00000c7,2,1,54,164,141,759,595,1.28729,2,0.00155365
0250401074100030c043a000a00000c7,2,1,55,164,141,759,595,1.28729,0,0
0250401074100030c043a000a00000c7,2,1,56,164,141,759,595,1.28729,0,0
0250401074100030c043a000a00000c7,2,1,57,164,141,759,595,1.28729,0,0
0250401074100030c043a000a00000c7,2,1,58,164,141,759,595,1.28729,0,0
0250401074100030c043a000a00000c7,2,1,59,164,141,759,595,1.28729,1,0.000776825
0250401074100030c043a000a00000c7,2,1,60,164,141,759,595,1.28729,0,0
0250401074100030c043a000a00000c7,2,1,61,164,141,759,595,1.28729,0,0
0250401074100030c043a000a00000c7,2,1,62,164,141,759,595,1.28729,0,0
0250401074100030c043a000a00000c7,2,1,63,164,141,759,595,1.28729,0,0
0250401074100030c043a000a00000c7,2,1,0,164,141,760,596,1.65446,5,0.00302214
0250401074100030c043a000a00000c7,2,1,1,164,141,760,596,1.65446,0,0
0250401074100030c043a000a00000c7,2,1,2,164,141,760,596,1.65446,0,0
0250401074100030c043a000a00000c7,2,1,3,164,141,760,596,1.65446,5,0.00302214
0250401074100030c043a000a00000c7,2,1,4,164,141,760,596,1.65446,9,0.00543985
0250401074100030c043a000a00000c7,2,1,5,164,141,760,596,1.65446,0,0
0250401074100030c043a000a00000c7,2,1,6,164,141,760,596,1.65446,14,0.00846199
0250401074100030c043a000a00000c7,2,1,7,164,141,760,596,1.65446,0,0
0250401074100030c043a000a00000c7,2,1,8,164,141,760,596,1.65446,14,0.00846199
0250401074100030c043a000a00000c7,2,1,9,164,141,760,596,1.65446,2,0.00120886
0250401074100030c043a000a00000c7,2,1,10,164,141,760,596,1.65446,8,0.00483543
0250401074100030c043a000a00000c7,2,1,11,164,141,760,596,1.65446,8,0.00483543
0250401074100030c043a000a00000c7,2,1,12,164,141,760,596,1.65446,14,0.00846199
0250401074100030c043a000a00000c7,2,1,13,164,141,760,596,1.65446,11,0.00664871
0250401074100030c043a000a00000c7,2,1,14,164,141,760,596,1.65446,14,0.00846199
0250401074100030c043a000a00000c7,2,1,15,164,141,760,596,1.65446,8,0.00483543
0250401074100030c043a000a00000c7,2,1,16,164,141,760,596,1.65446,18,0.0108797
0250401074100030c043a000a00000c7,2,1,17,164,141,760,596,1.65446,5,0.00302214
0250401074100030c043a000a00000c7,2,1,18,164,141,760,596,1.65446,18,0.0108797
0250401074100030c043a000a00000c7,2,1,19,164,141,760,596,1.65446,11,0.00664871
0250401074100030c043a000a00000c7,2,1,20,164,141,760,596,1.65446,14,0.00846199
0250401074100030c043a000a00000c7,2,1,21,164,141,760,596,1.65446,12,0.00725314
0250401074100030c043a000a00000c7,2,1,22,164,141,760,596,1.65446,18,0.0108797
0250401074100030c043a000a00000c7,2,1,23,164,141,760,596,1.65446,11,0.00664871
0250401074100030c043a000a00000c7,2,1,24,164,141,760,596,1.65446,16,0.00967085
0250401074100030c043a000a00000c7,2,1,25,164,141,760,596,1.65446,11,0.00664871
0250401074100030c043a000a00000c7,2,1,26,164,141,760,596,1.65446,18,0.0108797
0250401074100030c043a000a00000c7,2,1,27,164,141,760,596,1.65446,18,0.0108797
0250401074100030c043a000a00000c7,2,1,28,164,141,760,596,1.65446,0,0
0250401074100030c043a000a00000c7,2,1,29,164,141,760,596,1.65446,11,0.00664871
0250401074100030c043a000a00000c7,2,1,30,164,141,760,596,1.65446,18,0.0108797
0250401074100030c043a000a00000c7,2,1,31,164,141,760,596,1.65446,14,0.00846199
0250401074100030c043a000a00000c7,2,1,32,164,141,760,596,1.65446,16,0.00967085
0250401074100030c043a000a00000c7,2,1,33,164,141,760,596,1.65446,13,0.00785757
0250401074100030c043a000a00000c7,2,1,34,164,141,760,596,1.65446,18,0.0108797
0250401074100030c043a000a00000c7,2,1,35,164,141,760,596,1.65446,14,0.00846199
0250401074100030c043a000a00000c7,2,1,36,164,141,760,596,1.65446,13,0.00785757
0250401074100030c043a000a00000c7,2,1,37,164,141,760,596,1.65446,6,0.00362657
0250401074100030c043a000a00000c7,2,1,38,164,141,760,596,1.65446,18,0.0108797
0250401074100030c043a000a00000c7,2,1,39,164,141,760,596,1.65446,13,0.00785757
0250401074100030c043a000a00000c7,2,1,40,164,141,760,596,1.65446,16,0.00967085
0250401074100030c043a000a00000c7,2,1,41,164,141,760,596,1.65446,11,0.00664871
0250401074100030c043a000a00000c7,2,1,42,164,141,760,596,1.65446,12,0.00725314
0250401074100030c043a000a00000c7,2,1,43,164,141,760,596,1.65446,11,0.00664871
0250401074100030c043a000a00000c7,2,1,44,164,141,760,596,1.65446,14,0.00846199
0250401074100030c043a000a00000c7,2,1,45,164,141,760,596,1.65446,5,0.00302214
0250401074100030c043a000a00000c7,2,1,46,164,141,760,596,1.65446,11,0.00664871
0250401074100030c043a000a00000c7,2,1,47,164,141,760,596,1.65446,5,0.00302214
0250401074100030c043a000a00000c7,2,1,48,164,141,760,596,1.65446,11,0.00664871
0250401074100030c043a000a00000c7,2,1,49,164,141,760,596,1.65446,9,0.00543985
0250401074100030c043a000a00000c7,2,1,50,164,141,760,596,1.65446,6,0.00362657
0250401074100030c043a000a00000c7,2,1,51,164,141,760,596,1.65446,6,0.00362657
0250401074100030c043a000a00000c7,2,1,52,164,141,760,596,1.65446,1,0.000604428
0250401074100030c043a000a00000c7,2,1,53,164,141,760,596,1.65446,0,0
0250401074100030c043a000a00000c7,2,1,54,164,141,760,596,1.65446,5,0.00302214
0250401074100030c043a000a00000c7,2,1,55,164,141,760,596,1.65446,0,0
0250401074100030c043a000a00000c7,2,1,56,164,141,760,596,1.65446,0,0
0250401074100030c043a000a00000c7,2,1,57,164,141,760,596,1.65446,0,0
0250401074100030c043a000a00000c7,2,1,58,164,141,760,596,1.65446,0,0
0250401074100030c043a000a00000c7,2,1,59,164,141,760,596,1.65446,3,0.00181328
0250401074100030c043a000a00000c7,2,1,60,164,141,760,596,1.65446,0,0
0250401074100030c043a000a00000c7,2,1,61,164,141,760,596,1.65446,0,0
0250401074100030c043a000a00000c7,2,1,62,164,141,760,596,1.65446,0,0
0250401074100030c043a000a00000c7,2,1,63,164,141,760,596,1.65446,0,0
0250401074100030c043a000a00000c7,2,1,0,164,141,761,597,1.46866,2,0.00136178
0250401074100030c043a000a00000c7,2,1,1,164,141,761,597,1.46866,0,0
0250401074100030c043a000a00000c7,2,1,2,164,141,761,597,1.46866,2,0.00136178
0250401074100030c043a000a00000c7,2,1,3,164,141,761,597,1.46866,2,0.00136178
0250401074100030c043a000a00000c7,2,1,4,164,141,761,597,1.46866,7,0.00476624
0250401074100030c043a000a00000c7,2,1,5,164,141,761,597,1.46866,0,0
0250401074100030c043a000a00000c7,2,1,6,164,141,761,597,1.46866,10,0.00680892
0250401074100030c043a000a00000c7,2,1,7,164,141,761,597,1.46866,2,0.00136178
0250401074100030c043a000a00000c7,2,1,8,164,141,761,597,1.46866,9,0.00612803
0250401074100030c043a000a00000c7,2,1,9,164,141,761,597,1.46866,2,0.00136178
0250401074100030c043a000a00000c7,2,1,10,164,141,761,597,1.46866,8,0.00544714
0250401074100030c043a000a00000c7,2,1,11,164,141,761,597,1.46866,4,0.00272357
0250401074100030c043a000a00000c7,2,1,12,164,141,761,597,1.46866,10,0.00680892
0250401074100030c043a000a00000c7,2,1,13,164,141,761,597,1.46866,8,0.00544714
0250401074100030c043a000a00000c7,2,1,14,164,141,761,597,1.46866,10,0.00680892
0250401074100030c043a000a00000c7,2,1,15,164,141,761,597,1.46866,5,0.00340446
0250401074100030c043a000a00000c7,2,1,16,164,141,761,597,1.46866,13,0.0088516
0250401074100030c043a000a00000c7,2,1,17,164,141,761,597,1.46866,2,0.00136178
0250401074100030c043a000a00000c7,2,1,18,164,141,761,597,1.46866,11,0.00748981
0250401074100030c043a000a00000c7,2,1,19,164,141,761,597,1.46866,8,0.00544714
0250401074100030c043a000a00000c7,2,1,20,164,141,761,597,1.46866,10,0.00680892
0250401074100030c043a000a00000c7,2,1,21,164,141,761,597,1.46866,10,0.00680892
0250401074100030c043a000a00000c7,2,1,22,164,141,761,597,1.46866,11,0.00748981
0250401074100030c043a000a00000c7,2,1,23,164,141,761,597,1.46866,7,0.00476624
0250401074100030c043a000a00000c7,2,1,24,164,141,761,597,1.46866,10,0.00680892
0250401074100030c043a000a00000c7,2,1,25,164,141,761,597,1.46866,10,0.00680892
0250401074100030c043a000a00000c7,2,1,26,164,141,761,597,1.46866,16,0.0108943
0250401074100030c043a000a00000c7,2,1,27,164,141,761,597,1.46866,10,0.00680892
0250401074100030c043a000a00000c7,2,1,28,164,141,761,597,1.46866,0,0
0250401074100030c043a000a00000c7,2,1,29,164,141,761,597,1.46866,9,0.00612803
0250401074100030c043a000a00000c7,2,1,30,164,141,761,597,1.46866,15,0.0102134
0250401074100030c043a000a00000c7,2,1,31,164,141,761,597,1.46866,10,0.00680892
0250401074100030c043a000a00000c7,2,1,32,164,141,761,597,1.46866,10,0.00680892
0250401074100030c043a000a00000c7,2,1,33,164,141,761,597,1.46866,10,0.00680892
0250401074100030c043a000a00000c7,2,1,34,164,141,761,597,1.46866,15,0.0102134
0250401074100030c043a000a00000c7,2,1,35,164,141,761,597,1.46866,10,0.00680892
0250401074100030c043a000a00000c7,2,1,36,164,141,761,597,1.46866,10,0.00680892
0250401074100030c043a000a00000c7,2,1,37,164,141,761,597,1.46866,4,0.00272357
0250401074100030c043a000a00000c7,2,1,38,164,141,761,597,1.46866,14,0.00953249
0250401074100030c043a000a00000c7,2,1,39,164,141,761,597,1.46866,10,0.00680892
0250401074100030c043a000a00000c7,2,1,40,164,141,761,597,1.46866,10,0.00680892
0250401074100030c043a000a00000c7,2,1,41,164,141,761,597,1.46866,8,0.00544714
0250401074100030c043a000a00000c7,2,1,42,164,141,761,597,1.46866,9,0.00612803
0250401074100030c043a000a00000c7,2,1,43,164,141,761,597,1.46866,6,0.00408535
0250401074100030c043a000a00000c7,2,1,44,164,141,761,597,1.46866,10,0.00680892
0250401074100030c043a000a00000c7,2,1,45,164,141,761,597,1.46866,2,0.00136178
0250401074100030c043a000a00000c7,2,1,46,164,141,761,597,1.46866,7,0.00476624
0250401074100030c043a000a00000c7,2,1,47,164,141,761,597,1.46866,2,0.00136178
0250401074100030c043a000a00000c7,2,1,48,164,141,761,597,1.46866,8,0.00544714
0250401074100030c043a000a00000c7,2,1,49,164,141,761,597,1.46866,6,0.00408535
0250401074100030c043a000a00000c7,2,1,50,164,141,761,597,1.46866,4,0.00272357
0250401074100030c043a000a00000c7,2,1,51,164,141,761,597,1.46866,2,0.00136178
0250401074100030c043a000a00000c7,2,1,52,164,141,761,597,1.46866,2,0.00136178
0250401074100030c043a000a00000c7,2,1,53,164,141,761,597,1.46866,0,0
0250401074100030c043a000a00000c7,2,1,54,164,141,761,597,1.46866,2,0.00136178
0250401074100030c043a000a00000c7,2,1,55,164,141,761,597,1.46866,0,0
0250401074100030c043a000a00000c7,2,1,56,164,141,761,597,1.46866,1,0.000680892
0250401074100030c043a000a00000c7,2,1,57,164,141,761,597,1.46866,1,0.000680892
0250401074100030c043a000a00000c7,2,1,58,164,141,761,597,1.46866,0,0
0250401074100030c043a000a00000c7,2,1,59,164,141,761,597,1.46866,2,0.00136178
0250401074100030c043a000a00000c7,2,1,60,164,141,761,597,1.46866,0,0
0250401074100030c043a000a00000c7,2,1,61,164,141,761,597,1.46866,0,0
0250401074100030c043a000a00000c7,2,1,62,164,141,761,597,1.46866,0,0
0250401074100030c043a000a00000c7,2,1,63,164,141,761,597,1.46866,0,0
0250401074100030c043a000a00000c7,2,1,0,164,141,762,597,1.46571,10,0.00682262
0250401074100030c043a000a00000c7,2,1,1,164,141,762,597,1.46571,0,0
0250401074100030c043a000a00000c7,2,1,2,164,141,762,597,1.46571,2,0.00136452
0250401074100030c043a000a00000c7,2,1,3,164,141,762,597,1.46571,6,0.00409357
0250401074100030c043a000a00000c7,2,1,4,164,141,762,597,1.46571,17,0.0115985
0250401074100030c043a000a00000c7,2,1,5,164,141,762,597,1.46571,1,0.000682262
0250401074100030c043a000a00000c7,2,1,6,164,141,762,597,1.46571,24,0.0163743
0250401074100030c043a000a00000c7,2,1,7,164,141,762,597,1.46571,2,0.00136452
0250401074100030c043a000a00000c7,2,1,8,164,141,762,597,1.46571,23,0.015692
0250401074100030c043a000a00000c7,2,1,9,164,141,762,597,1.46571,2,0.00136452
0250401074100030c043a000a00000c7,2,1,10,164,141,762,597,1.46571,17,0.0115985
0250401074100030c043a000a00000c7,2,1,11,164,141,762,597,1.46571,16,0.0109162
0250401074100030c043a000a00000c7,2,1,12,164,141,762,597,1.46571,23,0.015692
0250401074100030c043a000a00000c7,2,1,13,164,141,762,597,1.46571,19,0.012963
0250401074100030c043a000a00000c7,2,1,14,164,141,762,597,1.46571,26,0.0177388
0250401074100030c043a000a00000c7,2,1,15,164,141,762,597,1.46571,15,0.0102339
0250401074100030c043a000a00000c7,2,1,16,164,141,762,597,1.46571,33,0.0225146
0250401074100030c043a000a00000c7,2,1,17,164,141,762,597,1.46571,10,0.00682262
0250401074100030c043a000a00000c7,2,1,18,164,141,762,597,1.46571,32,0.0218324
0250401074100030c043a000a00000c7,2,1,19,164,141,762,597,1.46571,19,0.012963
0250401074100030c043a000a00000c7,2,1,20,164,141,762,597,1.46571,23,0.015692
0250401074100030c043a000a00000c7,2,1,21,164,141,762,597,1.46571,21,0.0143275
0250401074100030c043a000a00000c7,2,1,22,164,141,762,597,1.46571,32,0.0218324
0250401074100030c043a000a00000c7,2,1,23,164,141,762,597,1.46571,19,0.012963
0250401074100030c043a000a00000c7,2,1,24,164,141,762,597,1.46571,28,0.0191033
0250401074100030c043a000a00000c7,2,1,25,164,141,762,597,1.46571,21,0.0143275
0250401074100030c043a000a00000c7,2,1,26,164,141,762,597,1.46571,37,0.0252437
0250401074100030c043a000a00000c7,2,1,27,164,141,762,597,1.46571,28,0.0191033
0250401074100030c043a000a00000c7,2,1,28,164,141,762,597,1.46571,0,0
0250401074100030c043a000a00000c7,2,1,29,164,141,762,597,1.46571,20,0.0136452
0250401074100030c043a000a00000c7,2,1,30,164,141,762,597,1.46571,35,0.0238792
0250401074100030c043a000a00000c7,2,1,31,164,141,762,597,1.46571,27,0.0184211
0250401074100030c043a000a00000c7,2,1,32,164,141,762,597,1.46571,28,0.0191033
0250401074100030c043a000a00000c7,2,1,33,164,141,762,597,1.46571,25,0.0170565
0250401074100030c043a000a00000c7,2,1,34,164,141,762,597,1.46571,34,0.0231969
0250401074100030c043a000a00000c7,2,1,35,164,141,762,597,1.46571,25,0.0170565
0250401074100030c043a000a00000c7,2,1,36,164,141,762,597,1.46571,24,0.0163743
0250401074100030c043a000a00000c7,2,1,37,164,141,762,597,1.46571,10,0.00682262
0250401074100030c043a000a00000c7,2,1,38,164,141,762,597,1.46571,34,0.0231969
0250401074100030c043a000a00000c7,2,1,39,164,141,762,597,1.46571,23,0.015692
0250401074100030c043a000a00000c7,2,1,40,164,141,762,597,1.46571,29,0.0197856
0250401074100030c043a000a00000c7,2,1,41,164,141,762,597,1.46571,20,0.0136452
0250401074100030c043a000a00000c7,2,1,42,164,141,762,597,1.46571,22,0.0150098
0250401074100030c043a000a00000c7,2,1,43,164,141,762,597,1.46571,18,0.0122807
0250401074100030c043a000a00000c7,2,1,44,164,141,762,597,1.46571,25,0.0170565
0250401074100030c043a000a00000c7,2,1,45,164,141,762,597,1.46571,8,0.0054581
0250401074100030c043a000a00000c7,2,1,46,164,141,762,597,1.46571,18,0.0122807
0250401074100030c043a000a00000c7,2,1,47,164,141,762,597,1.46571,9,0.00614036
0250401074100030c043a000a00000c7,2,1,48,164,141,762,597,1.46571,20,0.0136452
0250401074100030c043a000a00000c7,2,1,49,164,141,762,597,1.46571,16,0.0109162
0250401074100030c043a000a00000c7,2,1,50,164,141,762,597,1.46571,13,0.00886941
0250401074100030c043a000a00000c7,2,1,51,164,141,762,597,1.46571,9,0.00614036
0250401074100030c043a000a00000c7,2,1,52,164,141,762,597,1.46571,2,0.00136452
0250401074100030c043a000a00000c7,2,1,53,164,141,762,597,1.46571,0,0
0250401074100030c043a000a00000c7,2,1,54,164,141,762,597,1.46571,6,0.00409357
0250401074100030c043a000a00000c7,2,1,55,164,141,762,597,1.46571,0,0
0250401074100030c043a000a00000c7,2,1,56,164,141,762,597,1.46571,0,0
0250401074100030c043a000a00000c7,2,1,57,164,141,762,597,1.46571,0,0
0250401074100030c043a000a00000c7,2,1,58,164,141,762,597,1.46571,0,0
0250401074100030c043a000a00000c7,2,1,59,164,141,762,597,1.46571,3,0.00204679
0250401074100030c043a000a00000c7,2,1,60,164,141,762,597,1.46571,0,0
0250401074100030c043a000a00000c7,2,1,61,164,141,762,597,1.46571,0,0
0250401074100030c043a000a00000c7,2,1,62,164,141,762,597,1.46571,0,0
0250401074100030c043a000a00000c7,2,1,63,164,141,762,597,1.46571,0,0
0250401074100030c043a000a00000c7,2,1,0,164,141,763,598,1.38756,10,0.00720689
0250401074100030c043a000a00000c7,2,1,1,164,141,763,598,1.38756,0,0
0250401074100030c043a000a00000c7,2,1,2,164,141,763,598,1.38756,5,0.00360345
0250401074100030c043a000a00000c7,2,1,3,164,141,763,598,1.38756,9,0.0064862
0250401074100030c043a000a00000c7,2,1,4,164,141,763,598,1.38756,18,0.0129724
0250401074100030c043a000a00000c7,2,1,5,164,141,763,598,1.38756,3,0.00216207
0250401074100030c043a000a00000c7,2,1,6,164,141,763,598,1.38756,21,0.0151345
0250401074100030c043a000a00000c7,2,1,7,164,141,763,598,1.38756,4,0.00288276
0250401074100030c043a000a00000c7,2,1,8,164,141,763,598,1.38756,21,0.0151345
0250401074100030c043a000a00000c7,2,1,9,164,141,763,598,1.38756,5,0.00360345
0250401074100030c043a000a00000c7,2,1,10,164,141,763,598,1.38756,18,0.0129724
0250401074100030c043a000a00000c7,2,1,11,164,141,763,598,1.38756,16,0.011531
0250401074100030c043a000a00000c7,2,1,12,164,141,763,598,1.38756,21,0.0151345
0250401074100030c043a000a00000c7,2,1,13,164,141,763,598,1.38756,17,0.0122517
0250401074100030c043a000a00000c7,2,1,14,164,141,763,598,1.38756,25,0.0180172
0250401074100030c043a000a00000c7,2,1,15,164,141,763,598,1.38756,17,0.0122517
0250401074100030c043a000a00000c7,2,1,16,164,141,763,598,1.38756,31,0.0223414
0250401074100030c043a000a00000c7,2,1,17,164,141,763,598,1.38756,12,0.00864827
0250401074100030c043a000a00000c7,2,1,18,164,141,763,598,1.38756,29,0.0209
0250401074100030c043a000a00000c7,2,1,19,164,141,763,598,1.38756,19,0.0136931
0250401074100030c043a000a00000c7,2,1,20,164,141,763,598,1.38756,21,0.0151345
0250401074100030c043a000a00000c7,2,1,21,164,141,763,598,1.38756,19,0.0136931
0250401074100030c043a000a00000c7,2,1,22,164,141,763,598,1.38756,29,0.0209
0250401074100030c043a000a00000c7,2,1,23,164,141,763,598,1.38756,18,0.0129724
0250401074100030c043a000a00000c7,2,1,24,164,141,763,598,1.38756,25,0.0180172
0250401074100030c043a000a00000c7,2,1,25,164,141,763,598,1.38756,20,0.0144138
0250401074100030c043a000a00000c7,2,1,26,164,141,763,598,1.38756,36,0.0259448
0250401074100030c043a000a00000c7,2,1,27,164,141,763,598,1.38756,26,0.0187379
0250401074100030c043a000a00000c7,2,1,28,164,141,763,598,1.38756,0,0
0250401074100030c043a000a00000c7,2,1,29,164,141,763,598,1.38756,19,0.0136931
0250401074100030c043a000a00000c7,2,1,30,164,141,763,598,1.38756,31,0.0223414
0250401074100030c043a000a00000c7,2,1,31,164,141,763,598,1.38756,25,0.0180172
0250401074100030c043a000a00000c7,2,1,32,164,141,763,598,1.38756,25,0.0180172
0250401074100030c043a000a00000c7,2,1,33,164,141,763,598,1.38756,23,0.0165758
0250401074100030c043a000a00000c7,2,1,34,164,141,763,598,1.38756,29,0.0209
0250401074100030c043a000a00000c7,2,1,35,164,141,763,598,1.38756,23,0.0165758
0250401074100030c043a000a00000c7,2,1,36,164,141,763,598,1.38756,23,0.0165758
0250401074100030c043a000a00000c7,2,1,37,164,141,763,598,1.38756,14,0.0100896
0250401074100030c043a000a00000c7,2,1,38,164,141,763,598,1.38756,30,0.0216207
0250401074100030c043a000a00000c7,2,1,39,164,141,763,598,1.38756,20,0.0144138
0250401074100030c043a000a00000c7,2,1,40,164,141,763,598,1.38756,27,0.0194586
0250401074100030c043a000a00000c7,2,1,41,164,141,763,598,1.38756,18,0.0129724
0250401074100030c043a000a00000c7,2,1,42,164,141,763,598,1.38756,21,0.0151345
0250401074100030c043a000a00000c7,2,1,43,164,141,763,598,1.38756,17,0.0122517
0250401074100030c043a000a00000c7,2,1,44,164,141,763,598,1.38756,24,0.0172965
0250401074100030c043a000a00000c7,2,1,45,164,141,763,598,1.38756,9,0.0064862
0250401074100030c043a000a00000c7,2,1,46,164,141,763,598,1.38756,18,0.0129724
0250401074100030c043a000a00000c7,2,1,47,164,141,763,598,1.38756,10,0.00720689
0250401074100030c043a000a00000c7,2,1,48,164,141,763,598,1.38756,19,0.0136931
0250401074100030c043a000a00000c7,2,1,49,164,141,763,598,1.38756,18,0.0129724
0250401074100030c043a000a00000c7,2,1,50,164,141,763,598,1.38756,13,0.00936896
0250401074100030c043a000a00000c7,2,1,51,164,141,763,598,1.38756,11,0.00792758
0250401074100030c043a000a00000c7,2,1,52,164,141,763,598,1.38756,4,0.00288276
0250401074100030c043a000a00000c7,2,1,53,164,141,763,598,1.38756,0,0
0250401074100030c043a000a00000c7,2,1,54,164,141,763,598,1.38756,9,0.0064862
0250401074100030c043a000a00000c7,2,1,55,164,141,763,598,1.38756,0,0
0250401074100030c043a000a00000c7,2,1,56,164,141,763,598,1.38756,3,0.00216207
0250401074100030c043a000a00000c7,2,1,57,164,141,763,598,1.38756,3,0.00216207
0250401074100030c043a000a00000c7,2,1,58,164,141,763,598,1.38756,0,0
0250401074100030c043a000a00000c7,2,1,59,164,141,763,598,1.38756,7,0.00504482
0250401074100030c043a000a00000c7,2,1,60,164,141,763,598,1.38756,0,0
0250401074100030c043a000a00000c7,2,1,61,164,141,763,598,1.38756,0,0
0250401074100030c043a000a00000c7,2,1,62,164,141,763,598,1.38756,0,0
0250401074100030c043a000a00000c7,2,1,63,164,141,763,598,1.38756,0,0
0250401074100030c043a000a00000c7,2,1,0,164,141,764,599,1.06758,8,0.00749357
0250401074100030c043a000a00000c7,2,1,1,164,141,764,599,1.06758,0,0
0250401074100030c043a000a00000c7,2,1,2,164,141,764,599,1.06758,3,0.00281009
0250401074100030c043a000a00000c7,2,1,3,164,141,764,599,1.06758,8,0.00749357
0250401074100030c043a000a00000c7,2,1,4,164,141,764,599,1.06758,15,0.0140505
0250401074100030c043a000a00000c7,2,1,5,164,141,764,599,1.06758,1,0.000936697
0250401074100030c043a000a00000c7,2,1,6,164,141,764,599,1.06758,26,0.0243541
0250401074100030c043a000a00000c7,2,1,7,164,141,764,599,1.06758,2,0.00187339
0250401074100030c043a000a00000c7,2,1,8,164,141,764,599,1.06758,21,0.0196706
0250401074100030c043a000a00000c7,2,1,9,164,141,764,599,1.06758,4,0.00374679
0250401074100030c043a000a00000c7,2,1,10,164,141,764,599,1.06758,15,0.0140505
0250401074100030c043a000a00000c7,2,1,11,164,141,764,599,1.06758,12,0.0112404
0250401074100030c043a000a00000c7,2,1,12,164,141,764,599,1.06758,22,0.0206073
0250401074100030c043a000a00000c7,2,1,13,164,141,764,599,1.06758,17,0.0159238
0250401074100030c043a000a00000c7,2,1,14,164,141,764,599,1.06758,27,0.0252908
0250401074100030c043a000a00000c7,2,1,15,164,141,764,599,1.06758,13,0.0121771
0250401074100030c043a000a00000c7,2,1,16,164,141,764,599,1.06758,37,0.0346578
0250401074100030c043a000a00000c7,2,1,17,164,141,764,599,1.06758,11,0.0103037
0250401074100030c043a000a00000c7,2,1,18,164,141,764,599,1.06758,31,0.0290376
0250401074100030c043a000a00000c7,2,1,19,164,141,764,599,1.06758,17,0.0159238
0250401074100030c043a000a00000c7,2,1,20,164,141,764,599,1.06758,23,0.021544
0250401074100030c043a000a00000c7,2,1,21,164,141,764,599,1.06758,19,0.0177972
0250401074100030c043a000a00000c7,2,1,22,164,141,764,599,1.06758,30,0.0281009
0250401074100030c043a000a00000c7,2,1,23,164,141,764,599,1.06758,16,0.0149871
0250401074100030c043a000a00000c7,2,1,24,164,141,764,599,1.06758,30,0.0281009
0250401074100030c043a000a00000c7,2,1,25,164,141,764,599,1.06758,21,0.0196706
0250401074100030c043a000a00000c7,2,1,26,164,141,764,599,1.06758,37,0.0346578
0250401074100030c043a000a00000c7,2,1,27,164,141,764,599,1.06758,27,0.0252908
0250401074100030c043a000a00000c7,2,1,28,164,141,764,599,1.06758,0,0
0250401074100030c043a000a00000c7,2,1,29,164,141,764,599,1.06758,19,0.0177972
0250401074100030c043a000a00000c7,2,1,30,164,141,764,599,1.06758,34,0.0318477
0250401074100030c043a000a00000c7,2,1,31,164,141,764,599,1.06758,27,0.0252908
0250401074100030c043a000a00000c7,2,1,32,164,141,764,599,1.06758,26,0.0243541
0250401074100030c043a000a00000c7,2,1,33,164,141,764,599,1.06758,22,0.0206073
0250401074100030c043a000a00000c7,2,1,34,164,141,764,599,1.06758,34,0.0318477
0250401074100030c043a000a00000c7,2,1,35,164,141,764,599,1.06758,22,0.0206073
0250401074100030c043a000a00000c7,2,1,36,164,141,764,599,1.06758,22,0.0206073
0250401074100030c043a000a00000c7,2,1,37,164,141,764,599,1.06758,11,0.0103037
0250401074100030c043a000a00000c7,2,1,38,164,141,764,599,1.06758,33,0.030911
0250401074100030c043a000a00000c7,2,1,39,164,141,764,599,1.06758,21,0.0196706
0250401074100030c043a000a00000c7,2,1,40,164,141,764,599,1.06758,26,0.0243541
0250401074100030c043a000a00000c7,2,1,41,164,141,764,599,1.06758,17,0.0159238
0250401074100030c043a000a00000c7,2,1,42,164,141,764,599,1.06758,20,0.0187339
0250401074100030c043a000a00000c7,2,1,43,164,141,764,599,1.06758,13,0.0121771
0250401074100030c043a000a00000c7,2,1,44,164,141,764,599,1.06758,23,0.021544
0250401074100030c043a000a00000c7,2,1,45,164,141,764,599,1.06758,6,0.00562018
0250401074100030c043a000a00000c7,2,1,46,164,141,764,599,1.06758,15,0.0140505
0250401074100030c043a000a00000c7,2,1,47,164,141,764,599,1.06758,6,0.00562018
0250401074100030c043a000a00000c7,2,1,48,164,141,764,599,1.06758,17,0.0159238
0250401074100030c043a000a00000c7,2,1,49,164,141,764,599,1.06758,13,0.0121771
0250401074100030c043a000a00000c7,2,1,50,164,141,764,599,1.06758,10,0.00936697
0250401074100030c043a000a00000c7,2,1,51,164,141,764,599,1.06758,9,0.00843027
0250401074100030c043a000a00000c7,2,1,52,164,141,764,599,1.06758,2,0.00187339
0250401074100030c043a000a00000c7,2,1,53,164,141,764,599,1.06758,0,0
0250401074100030c043a000a00000c7,2,1,54,164,141,764,599,1.06758,4,0.00374679
0250401074100030c043a000a00000c7,2,1,55,164,141,764,599,1.06758,0,0
0250401074100030c043a000a00000c7,2,1,56,164,141,764,599,1.06758,1,0.000936697
0250401074100030c043a000a00000c7,2,1,57,164,141,764,599,1.06758,1,0.000936697
0250401074100030c043a000a00000c7,2,1,58,164,141,764,599,1.06758,0,0
0250401074100030c043a000a00000c7,2,1,59,164,141,764,599,1.06758,3,0.00281009
0250401074100030c043a000a00000c7,2,1,60,164,141,764,599,1.06758,0,0
0250401074100030c043a000a00000c7,2,1,61,164,141,764,599,1.06758,0,0
0250401074100030c043a000a00000c7,2,1,62,164,141,764,599,1.06758,0,0
0250401074100030c043a000a00000c7,2,1,63,164,141,764,599,1.06758,0,0
0250401074100030c043a000a00000c7,2,1,0,164,141,765,600,1.18702,0,0
0250401074100030c043a000a00000c7,2,1,1,164,141,765,600,1.18702,0,0
0250401074100030c043a000a00000c7,2,1,2,164,141,765,600,1.18702,0,0
0250401074100030c043a000a00000c7,2,1,3,164,141,765,600,1.18702,0,0
0250401074100030c043a000a00000c7,2,1,4,164,141,765,600,1.18702,0,0
0250401074100030c043a000a00000c7,2,1,5,164,141,765,600,1.18702,0,0
0250401074100030c043a000a00000c7,2,1,6,164,141,765,600,1.18702,0,0
0250401074100030c043a000a00000c7,2,1,7,164,141,765,600,1.18702,0,0
0250401074100030c043a000a00000c7,2,1,8,164,141,765,600,1.18702,0,0
0250401074100030c043a000a00000c7,2,1,9,164,141,765,600,1.18702,0,0
0250401074100030c043a000a00000c7,2,1,10,164,141,765,600,1.18702,0,0
0250401074100030c043a000a00000c7,2,1,11,164,141,765,600,1.18702,0,0
0250401074100030c043a000a00000c7,2,1,12,164,141,765,600,1.18702,0,0
0250401074100030c043a000a00000c7,2,1,13,164,141,765,600,1.18702,0,0
0250401074100030c043a000a00000c7,2,1,14,164,141,765,600,1.18702,0,0
0250401074100030c043a000a00000c7,2,1,15,164,141,765,600,1.18702,0,0
0250401074100030c043a000a00000c7,2,1,16,164,141,765,600,1.18702,0,0
0250401074100030c043a000a00000c7,2,1,17,164,141,765,600,1.18702,0,0
0250401074100030c043a000a00000c7,2,1,18,164,141,765,600,1.18702,0,0
0250401074100030c043a000a00000c7,2,1,19,164,141,765,600,1.18702,0,0
0250401074100030c043a000a00000c7,2,1,20,164,141,765,600,1.18702,0,0
0250401074100030c043a000a00000c7,2,1,21,164,141,765,600,1.18702,0,0
0250401074100030c043a000a00000c7,2,1,22,164,141,765,600,1.18702,0,0
0250401074100030c043a000a00000c7,2,1,23,164,141,765,600,1.18702,0,0
0250401074100030c043a000a00000c7,2,1,24,164,141,765,600,1.18702,0,0
0250401074100030c043a000a00000c7,2,1,25,164,141,765,600,1.18702,0,0
0250401074100030c043a000a00000c7,2,1,26,164,141,765,600,1.18702,0,0
0250401074100030c043a000a00000c7,2,1,27,164,141,765,600,1.18702,0,0
0250401074100030c043a000a00000c7,2,1,28,164,141,765,600,1.18702,0,0
0250401074100030c043a000a00000c7,2,1,29,164,141,765,600,1.18702,0,0
0250401074100030c043a000a00000c7,2,1,30,164,141,765,600,1.18702,0,0
0250401074100030c043a000a00000c7,2,1,31,164,141,765,600,1.18702,0,0
0250401074100030c043a000a00000c7,2,1,32,164,141,765,600,1.18702,0,0
0250401074100030c043a000a00000c7,2,1,33,164,141,765,600,1.18702,0,0
0250401074100030c043a000a00000c7,2,1,34,164,141,765,600,1.18702,0,0
0250401074100030c043a000a00000c7,2,1,35,164,141,765,600,1.18702,0,0
0250401074100030c043a000a00000c7,2,1,36,164,141,765,600,1.18702,0,0
0250401074100030c043a000a00000c7,2,1,37,164,141,765,600,1.18702,0,0
0250401074100030c043a000a00000c7,2,1,38,164,141,765,600,1.18702,0,0
0250401074100030c043a000a00000c7,2,1,39,164,141,765,600,1.18702,0,0
0250401074100030c043a000a00000c7,2,1,40,164,141,765,600,1.18702,0,0
0250401074100030c043a000a00000c7,2,1,41,164,141,765,600,1.18702,0,0
0250401074100030c043a000a00000c7,2,1,42,164,141,765,600,1.18702,0,0
0250401074100030c043a000a00000c7,2,1,43,164,141,765,600,1.18702,0,0
0250401074100030c043a000a00000c7,2,1,44,164,141,765,600,1.18702,0,0
0250401074100030c043a000a00000c7,2,1,45,164,141,765,600,1.18702,0,0
0250401074100030c043a000a00000c7,2,1,46,164,141,765,600,1.18702,0,0
0250401074100030c043a000a00000c7,2,1,47,164,141,765,600,1.18702,0,0
0250401074100030c043a000a00000c7,2,1,48,164,141,765,600,1.18702,0,0
0250401074100030c043a000a00000c7,2,1,49,164,141,765,600,1.18702,0,0
0250401074100030c043a000a00000c7,2,1,50,164,141,765,600,1.18702,0,0
0250401074100030c043a000a00000c7,2,1,51,164,141,765,600,1.18702,0,0
0250401074100030c043a000a00000c7,2,1,52,164,141,765,600,1.18702,0,0
0250401074100030c043a000a00000c7,2,1,53,164,141,765,600,1.18702,0,0
0250401074100030c043a000a00000c7,2,1,54,164,141,765,600,1.18702,0,0
0250401074100030c043a000a00000c7,2,1,55,164,141,765,600,1.18702,0,0
0250401074100030c043a000a00000c7,2,1,56,164,141,765,600,1.18702,0,0
0250401074100030c043a000a00000c7,2,1,57,164,141,765,600,1.18702,0,0
0250401074100030c043a000a00000c7,2,1,58,164,141,765,600,1.18702,0,0
0250401074100030c043a000a00000c7,2,1,59,164,141,765,600,1.18702,0,0
0250401074100030c043a000a00000c7,2,1,60,164,141,765,600,1.18702,0,0
0250401074100030c043a000a00000c7,2,1,61,164,141,765,600,1.18702,0,0
0250401074100030c043a000a00000c7,2,1,62,164,141,765,600,1.18702,0,0
0250401074100030c043a000a00000c7,2,1,63,164,141,765,600,1.18702,0,0
0250401074100030c043a000a00000c7,2,1,0,164,141,766,600,1.02334,3,0.00293156
0250401074100030c043a000a00000c7,2,1,1,164,141,766,600,1.02334,0,0
0250401074100030c043a000a00000c7,2,1,2,164,141,766,600,1.02334,1,0.000977188
0250401074100030c043a000a00000c7,2,1,3,164,141,766,600,1.02334,3,0.00293156
0250401074100030c043a000a00000c7,2,1,4,164,141,766,600,1.02334,12,0.0117263
0250401074100030c043a000a00000c7,2,1,5,164,141,766,600,1.02334,0,0
0250401074100030c043a000a00000c7,2,1,6,164,141,766,600,1.02334,14,0.0136806
0250401074100030c043a000a00000c7,2,1,7,164,141,766,600,1.02334,0,0
0250401074100030c043a000a00000c7,2,1,8,164,141,766,600,1.02334,14,0.0136806
0250401074100030c043a000a00000c7,2,1,9,164,141,766,600,1.02334,2,0.00195438
0250401074100030c043a000a00000c7,2,1,10,164,141,766,600,1.02334,13,0.0127034
0250401074100030c043a000a00000c7,2,1,11,164,141,766,600,1.02334,9,0.00879469
0250401074100030c043a000a00000c7,2,1,12,164,141,766,600,1.02334,14,0.0136806
0250401074100030c043a000a00000c7,2,1,13,164,141,766,600,1.02334,11,0.0107491
0250401074100030c043a000a00000c7,2,1,14,164,141,766,600,1.02334,14,0.0136806
0250401074100030c043a000a00000c7,2,1,15,164,141,766,600,1.02334,11,0.0107491
0250401074100030c043a000a00000c7,2,1,16,164,141,766,600,1.02334,19,0.0185666
0250401074100030c043a000a00000c7,2,1,17,164,141,766,600,1.02334,4,0.00390875
0250401074100030c043a000a00000c7,2,1,18,164,141,766,600,1.02334,17,0.0166122
0250401074100030c043a000a00000c7,2,1,19,164,141,766,600,1.02334,11,0.0107491
0250401074100030c043a000a00000c7,2,1,20,164,141,766,600,1.02334,14,0.0136806
0250401074100030c043a000a00000c7,2,1,21,164,141,766,600,1.02334,13,0.0127034
0250401074100030c043a000a00000c7,2,1,22,164,141,766,600,1.02334,17,0.0166122
0250401074100030c043a000a00000c7,2,1,23,164,141,766,600,1.02334,11,0.0107491
0250401074100030c043a000a00000c7,2,1,24,164,141,766,600,1.02334,16,0.015635
0250401074100030c043a000a00000c7,2,1,25,164,141,766,600,1.02334,13,0.0127034
0250401074100030c043a000a00000c7,2,1,26,164,141,766,600,1.02334,19,0.0185666
0250401074100030c043a000a00000c7,2,1,27,164,141,766,600,1.02334,16,0.015635
0250401074100030c043a000a00000c7,2,1,28,164,141,766,600,1.02334,0,0
0250401074100030c043a000a00000c7,2,1,29,164,141,766,600,1.02334,13,0.0127034
0250401074100030c043a000a00000c7,2,1,30,164,141,766,600,1.02334,19,0.0185666
0250401074100030c043a000a00000c7,2,1,31,164,141,766,600,1.02334,15,0.0146578
0250401074100030c043a000a00000c7,2,1,32,164,141,766,600,1.02334,15,0.0146578
0250401074100030c043a000a00000c7,2,1,33,164,141,766,600,1.02334,13,0.0127034
0250401074100030c043a000a00000c7,2,1,34,164,141,766,600,1.02334,20,0.0195438
0250401074100030c043a000a00000c7,2,1,35,164,141,766,600,1.02334,14,0.0136806
0250401074100030c043a000a00000c7,2,1,36,164,141,766,600,1.02334,15,0.0146578
0250401074100030c043a000a00000c7,2,1,37,164,141,766,600,1.02334,5,0.00488594
0250401074100030c043a000a00000c7,2,1,38,164,141,766,600,1.02334,19,0.0185666
0250401074100030c043a000a00000c7,2,1,39,164,141,766,600,1.02334,13,0.0127034
0250401074100030c043a000a00000c7,2,1,40,164,141,766,600,1.02334,16,0.015635
0250401074100030c043a000a00000c7,2,1,41,164,141,766,600,1.02334,12,0.0117263
0250401074100030c043a000a00000c7,2,1,42,164,141,766,600,1.02334,13,0.0127034
0250401074100030c043a000a00000c7,2,1,43,164,141,766,600,1.02334,10,0.00977188
0250401074100030c043a000a00000c7,2,1,44,164,141,766,600,1.02334,14,0.0136806
0250401074100030c043a000a00000c7,2,1,45,164,141,766,600,1.02334,2,0.00195438
0250401074100030c043a000a00000c7,2,1,46,164,141,766,600,1.02334,10,0.00977188
0250401074100030c043a000a00000c7,2,1,47,164,141,766,600,1.02334,2,0.00195438
0250401074100030c043a000a00000c7,2,1,48,164,141,766,600,1.02334,12,0.0117263
0250401074100030c043a000a00000c7,2,1,49,164,141,766,600,1.02334,10,0.00977188
0250401074100030c043a000a00000c7,2,1,50,164,141,766,600,1.02334,4,0.00390875
0250401074100030c043a000a00000c7,2,1,51,164,141,766,600,1.02334,2,0.00195438
0250401074100030c043a000a00000c7,2,1,52,164,141,766,600,1.02334,1,0.000977188
0250401074100030c043a000a00000c7,2,1,53,164,141,766,600,1.02334,0,0
0250401074100030c043a000a00000c7,2,1,54,164,141,766,600,1.02334,2,0.00195438
0250401074100030c043a000a00000c7,2,1,55,164,141,766,600,1.02334,0,0
0250401074100030c043a000a00000c7,2,1,56,164,141,766,600,1.02334,1,0.000977188
0250401074100030c043a000a00000c7,2,1,57,164,141,766,600,1.02334,0,0
0250401074100030c043a000a00000c7,2,1,58,164,141,766,600,1.02334,0,0
0250401074100030c043a000a00000c7,2,1,59,164,141,766,600,1.02334,1,0.000977188
0250401074100030c043a000a00000c7,2,1,60,164,141,766,600,1.02334,0,0
0250401074100030c043a000a00000c7,2,1,61,164,141,766,600,1.02334,0,0
0250401074100030c043a000a00000c7,2,1,62,164,141,766,600,1.02334,0,0
0250401074100030c043a000a00000c7,2,1,63,164,141,766,600,1.02334,0,0
0250401074100030c043a000a00000c7,2,1,0,164,141,767,601,1.43327,4,0.00279082
0250401074100030c043a000a00000c7,2,1,1,164,141,767,601,1.43327,0,0
0250401074100030c043a000a00000c7,2,1,2,164,141,767,601,1.43327,0,0
0250401074100030c043a000a00000c7,2,1,3,164,141,767,601,1.43327,4,0.00279082
0250401074100030c043a000a00000c7,2,1,4,164,141,767,601,1.43327,11,0.00767475
0250401074100030c043a000a00000c7,2,1,5,164,141,767,601,1.43327,1,0.000697704
0250401074100030c043a000a00000c7,2,1,6,164,141,767,601,1.43327,16,0.0111633
0250401074100030c043a000a00000c7,2,1,7,164,141,767,601,1.43327,1,0.000697704
0250401074100030c043a000a00000c7,2,1,8,164,141,767,601,1.43327,15,0.0104656
0250401074100030c043a000a00000c7,2,1,9,164,141,767,601,1.43327,2,0.00139541
0250401074100030c043a000a00000c7,2,1,10,164,141,767,601,1.43327,11,0.00767475
0250401074100030c043a000a00000c7,2,1,11,164,141,767,601,1.43327,5,0.00348852
0250401074100030c043a000a00000c7,2,1,12,164,141,767,601,1.43327,15,0.0104656
0250401074100030c043a000a00000c7,2,1,13,164,141,767,601,1.43327,9,0.00627934
0250401074100030c043a000a00000c7,2,1,14,164,141,767,601,1.43327,17,0.011861
0250401074100030c043a000a00000c7,2,1,15,164,141,767,601,1.43327,5,0.00348852
0250401074100030c043a000a00000c7,2,1,16,164,141,767,601,1.43327,20,0.0139541
0250401074100030c043a000a00000c7,2,1,17,164,141,767,601,1.43327,5,0.00348852
0250401074100030c043a000a00000c7,2,1,18,164,141,767,601,1.43327,19,0.0132564
0250401074100030c043a000a00000c7,2,1,19,164,141,767,601,1.43327,11,0.00767475
0250401074100030c043a000a00000c7,2,1,20,164,141,767,601,1.43327,16,0.0111633
0250401074100030c043a000a00000c7,2,1,21,164,141,767,601,1.43327,13,0.00907015
0250401074100030c043a000a00000c7,2,1,22,164,141,767,601,1.43327,19,0.0132564
0250401074100030c043a000a00000c7,2,1,23,164,141,767,601,1.43327,10,0.00697704
0250401074100030c043a000a00000c7,2,1,24,164,141,767,601,1.43327,18,0.0125587
0250401074100030c043a000a00000c7,2,1,25,164,141,767,601,1.43327,15,0.0104656
0250401074100030c043a000a00000c7,2,1,26,164,141,767,601,1.43327,21,0.0146518
0250401074100030c043a000a00000c7,2,1,27,164,141,767,601,1.43327,17,0.011861
0250401074100030c043a000a00000c7,2,1,28,164,141,767,601,1.43327,0,0
0250401074100030c043a000a00000c7,2,1,29,164,141,767,601,1.43327,13,0.00907015
0250401074100030c043a000a00000c7,2,1,30,164,141,767,601,1.43327,20,0.0139541
0250401074100030c043a000a00000c7,2,1,31,164,141,767,601,1.43327,17,0.011861
0250401074100030c043a000a00000c7,2,1,32,164,141,767,601,1.43327,17,0.011861
0250401074100030c043a000a00000c7,2,1,33,164,141,767,601,1.43327,16,0.0111633
0250401074100030c043a000a00000c7,2,1,34,164,141,767,601,1.43327,20,0.0139541
0250401074100030c043a000a00000c7,2,1,35,164,141,767,601,1.43327,17,0.011861
0250401074100030c043a000a00000c7,2,1,36,164,141,767,601,1.43327,15,0.0104656
0250401074100030c043a000a00000c7,2,1,37,164,141,767,601,1.43327,5,0.00348852
0250401074100030c043a000a00000c7,2,1,38,164,141,767,601,1.43327,20,0.0139541
0250401074100030c043a000a00000c7,2,1,39,164,141,767,601,1.43327,15,0.0104656
0250401074100030c043a000a00000c7,2,1,40,164,141,767,601,1.43327,18,0.0125587
0250401074100030c043a000a00000c7,2,1,41,164,141,767,601,1.43327,12,0.00837245
0250401074100030c043a000a00000c7,2,1,42,164,141,767,601,1.43327,15,0.0104656
0250401074100030c043a000a00000c7,2,1,43,164,141,767,601,1.43327,6,0.00418622
0250401074100030c043a000a00000c7,2,1,44,164,141,767,601,1.43327,17,0.011861
0250401074100030c043a000a00000c7,2,1,45,164,141,767,601,1.43327,2,0.00139541
0250401074100030c043a000a00000c7,2,1,46,164,141,767,601,1.43327,10,0.00697704
0250401074100030c043a000a00000c7,2,1,47,164,141,767,601,1.43327,2,0.00139541
0250401074100030c043a000a00000c7,2,1,48,164,141,767,601,1.43327,11,0.00767475
0250401074100030c043a000a00000c7,2,1,49,164,141,767,601,1.43327,6,0.00418622
0250401074100030c043a000a00000c7,2,1,50,164,141,767,601,1.43327,3,0.00209311
0250401074100030c043a000a00000c7,2,1,51,164,141,767,601,1.43327,3,0.00209311
0250401074100030c043a000a00000c7,2,1,52,164,141,767,601,1.43327,1,0.000697704
0250401074100030c043a000a00000c7,2,1,53,164,141,767,601,1.43327,0,0
0250401074100030c043a000a00000c7,2,1,54,164,141,767,601,1.43327,2,0.00139541
0250401074100030c043a000a00000c7,2,1,55,164,141,767,601,1.43327,0,0
0250401074100030c043a000a00000c7,2,1,56,164,141,767,601,1.43327,1,0.000697704
0250401074100030c043a000a00000c7,2,1,57,164,141,767,601,1.43327,0,0
0250401074100030c043a000a00000c7,2,1,58,164,141,767,601,1.43327,0,0
0250401074100030c043a000a00000c7,2,1,59,164,141,767,601,1.43327,2,0.00139541
0250401074100030c043a000a00000c7,2,1,60,164,141,767,601,1.43327,0,0
0250401074100030c043a000a00000c7,2,1,61,164,141,767,601,1.43327,0,0
0250401074100030c043a000a00000c7,2,1,62,164,141,767,601,1.43327,0,0
0250401074100030c043a000a00000c7,2,1,63,164,141,767,601,1.43327,0,0
0250401074100030c043a000a00000c7,2,1,0,164,141,768,602,1.07495,4,0.00372109
0250401074100030c043a000a00000c7,2,1,1,164,141,768,602,1.07495,0,0
0250401074100030c043a000a00000c7,2,1,2,164,141,768,602,1.07495,0,0
0250401074100030c043a000a00000c7,2,1,3,164,141,768,602,1.07495,2,0.00186054
0250401074100030c043a000a00000c7,2,1,4,164,141,768,602,1.07495,10,0.00930272
0250401074100030c043a000a00000c7,2,1,5,164,141,768,602,1.07495,0,0
0250401074100030c043a000a00000c7,2,1,6,164,141,768,602,1.07495,16,0.0148844
0250401074100030c043a000a00000c7,2,1,7,164,141,768,602,1.07495,0,0
0250401074100030c043a000a00000c7,2,1,8,164,141,768,602,1.07495,15,0.0139541
0250401074100030c043a000a00000c7,2,1,9,164,141,768,602,1.07495,0,0
0250401074100030c043a000a00000c7,2,1,10,164,141,768,602,1.07495,8,0.00744218
0250401074100030c043a000a00000c7,2,1,11,164,141,768,602,1.07495,5,0.00465136
0250401074100030c043a000a00000c7,2,1,12,164,141,768,602,1.07495,15,0.0139541
0250401074100030c043a000a00000c7,2,1,13,164,141,768,602,1.07495,8,0.00744218
0250401074100030c043a000a00000c7,2,1,14,164,141,768,602,1.07495,17,0.0158146
0250401074100030c043a000a00000c7,2,1,15,164,141,768,602,1.07495,5,0.00465136
0250401074100030c043a000a00000c7,2,1,16,164,141,768,602,1.07495,18,0.0167449
0250401074100030c043a000a00000c7,2,1,17,164,141,768,602,1.07495,3,0.00279082
0250401074100030c043a000a00000c7,2,1,18,164,141,768,602,1.07495,18,0.0167449
0250401074100030c043a000a00000c7,2,1,19,164,141,768,602,1.07495,9,0.00837245
0250401074100030c043a000a00000c7,2,1,20,164,141,768,602,1.07495,15,0.0139541
0250401074100030c043a000a00000c7,2,1,21,164,141,768,602,1.07495,13,0.0120935
0250401074100030c043a000a00000c7,2,1,22,164,141,768,602,1.07495,18,0.0167449
0250401074100030c043a000a00000c7,2,1,23,164,141,768,602,1.07495,9,0.00837245
0250401074100030c043a000a00000c7,2,1,24,164,141,768,602,1.07495,17,0.0158146
0250401074100030c043a000a00000c7,2,1,25,164,141,768,602,1.07495,14,0.0130238
0250401074100030c043a000a00000c7,2,1,26,164,141,768,602,1.07495,19,0.0176752
0250401074100030c043a000a00000c7,2,1,27,164,141,768,602,1.07495,17,0.0158146
0250401074100030c043a000a00000c7,2,1,28,164,141,768,602,1.07495,0,0
0250401074100030c043a000a00000c7,2,1,29,164,141,768,602,1.07495,12,0.0111633
0250401074100030c043a000a00000c7,2,1,30,164,141,768,602,1.07495,18,0.0167449
0250401074100030c043a000a00000c7,2,1,31,164,141,768,602,1.07495,17,0.0158146
0250401074100030c043a000a00000c7,2,1,32,164,141,768,602,1.07495,17,0.0158146
0250401074100030c043a000a00000c7,2,1,33,164,141,768,602,1.07495,16,0.0148844
0250401074100030c043a000a00000c7,2,1,34,164,141,768,602,1.07495,18,0.0167449
0250401074100030c043a000a00000c7,2,1,35,164,141,768,602,1.07495,16,0.0148844
0250401074100030c043a000a00000c7,2,1,36,164,141,768,602,1.07495,16,0.0148844
0250401074100030c043a000a00000c7,2,1,37,164,141,768,602,1.07495,3,0.00279082
0250401074100030c043a000a00000c7,2,1,38,164,141,768,602,1.07495,18,0.0167449
0250401074100030c043a000a00000c7,2,1,39,164,141,768,602,1.07495,13,0.0120935
0250401074100030c043a000a00000c7,2,1,40,164,141,768,602,1.07495,17,0.0158146
0250401074100030c043a000a00000c7,2,1,41,164,141,768,602,1.07495,9,0.00837245
0250401074100030c043a000a00000c7,2,1,42,164,141,768,602,1.07495,14,0.0130238
0250401074100030c043a000a00000c7,2,1,43,164,141,768,602,1.07495,8,0.00744218
0250401074100030c043a000a00000c7,2,1,44,164,141,768,602,1.07495,15,0.0139541
0250401074100030c043a000a00000c7,2,1,45,164,141,768,602,1.07495,2,0.00186054
0250401074100030c043a000a00000c7,2,1,46,164,141,768,602,1.07495,9,0.00837245
0250401074100030c043a000a00000c7,2,1,47,164,141,768,602,1.07495,1,0.000930272
0250401074100030c043a000a00000c7,2,1,48,164,141,768,602,1.07495,10,0.00930272
0250401074100030c043a000a00000c7,2,1,49,164,141,768,602,1.07495,7,0.00651191
0250401074100030c043a000a00000c7,2,1,50,164,141,768,602,1.07495,5,0.00465136
0250401074100030c043a000a00000c7,2,1,51,164,141,768,602,1.07495,2,0.00186054
0250401074100030c043a000a00000c7,2,1,52,164,141,768,602,1.07495,0,0
0250401074100030c043a000a00000c7,2,1,53,164,141,768,602,1.07495,0,0
0250401074100030c043a000a00000c7,2,1,54,164,141,768,602,1.07495,2,0.00186054
0250401074100030c043a000a00000c7,2,1,55,164,141,768,602,1.07495,0,0
0250401074100030c043a000a00000c7,2,1,56,164,141,768,602,1.07495,0,0
0250401074100030c043a000a00000c7,2,1,57,164,141,768,602,1.07495,0,0
0250401074100030c043a000a00000c7,2,1,58,164,141,768,602,1.07495,0,0
0250401074100030c043a000a00000c7,2,1,59,164,141,768,602,1.07495,1,0.000930272
0250401074100030c043a000a00000c7,2,1,60,164,141,768,602,1.07495,0,0
0250401074100030c043a000a00000c7,2,1,61,164,141,768,602,1.07495,0,0
0250401074100030c043a000a00000c7,2,1,62,164,141,768,602,1.07495,0,0
0250401074100030c043a000a00000c7,2,1,63,164,141,768,602,1.07495,0,0
0250401074100030c043a000a00000c7,2,1,0,164,141,769,603,1.11919,0,0
0250401074100030c043a000a00000c7,2,1,1,164,141,769,603,1.11919,0,0
0250401074100030c043a000a00000c7,2,1,2,164,141,769,603,1.11919,0,0
0250401074100030c043a000a00000c7,2,1,3,164,141,769,603,1.11919,0,0
0250401074100030c043a000a00000c7,2,1,4,164,141,769,603,1.11919,0,0
0250401074100030c043a000a00000c7,2,1,5,164,141,769,603,1.11919,0,0
0250401074100030c043a000a00000c7,2,1,6,164,141,769,603,1.11919,0,0
0250401074100030c043a000a00000c7,2,1,7,164,141,769,603,1.11919,0,0
0250401074100030c043a000a00000c7,2,1,8,164,141,769,603,1.11919,0,0
0250401074100030c043a000a00000c7,2,1,9,164,141,769,603,1.11919,0,0
0250401074100030c043a000a00000c7,2,1,10,164,141,769,603,1.11919,0,0
0250401074100030c043a000a00000c7,2,1,11,164,141,769,603,1.11919,0,0
0250401074100030c043a000a00000c7,2,1,12,164,141,769,603,1.11919,0,0
0250401074100030c043a000a00000c7,2,1,13,164,141,769,603,1.11919,0,0
0250401074100030c043a000a00000c7,2,1,14,164,141,769,603,1.11919,0,0
0250401074100030c043a000a00000c7,2,1,15,164,141,769,603,1.11919,0,0
0250401074100030c043a000a00000c7,2,1,16,164,141,769,603,1.11919,0,0
0250401074100030c043a000a00000c7,2,1,17,164,141,769,603,1.11919,0,0
0250401074100030c043a000a00000c7,2,1,18,164,141,769,603,1.11919,0,0
0250401074100030c043a000a00000c7,2,1,19,164,141,769,603,1.11919,0,0
0250401074100030c043a000a00000c7,2,1,20,164,141,769,603,1.11919,0,0
0250401074100030c043a000a00000c7,2,1,21,164,141,769,603,1.11919,0,0
0250401074100030c043a000a00000c7,2,1,22,164,141,769,603,1.11919,0,0
0250401074100030c043a000a00000c7,2,1,23,164,141,769,603,1.11919,0,0
0250401074100030c043a000a00000c7,2,1,24,164,141,769,603,1.11919,0,0
0250401074100030c043a000a00000c7,2,1,25,164,141,769,603,1.11919,0,0
0250401074100030c043a000a00000c7,2,1,26,164,141,769,603,1.11919,0,0
0250401074100030c043a000a00000c7,2,1,27,164,141,769,603,1.11919,0,0
0250401074100030c043a000a00000c7,2,1,28,164,141,769,603,1.11919,0,0
0250401074100030c043a000a00000c7,2,1,29,164,141,769,603,1.11919,0,0
0250401074100030c043a000a00000c7,2,1,30,164,141,769,603,1.11919,0,0
0250401074100030c043a000a00000c7,2,1,31,164,141,769,603,1.11919,0,0
0250401074100030c043a000a00000c7,2,1,32,164,141,769,603,1.11919,0,0
0250401074100030c043a000a00000c7,2,1,33,164,141,769,603,1.11919,0,0
0250401074100030c043a000a00000c7,2,1,34,164,141,769,603,1.11919,0,0
0250401074100030c043a000a00000c7,2,1,35,164,141,769,603,1.11919,0,0
0250401074100030c043a000a00000c7,2,1,36,164,141,769,603,1.11919,0,0
0250401074100030c043a000a00000c7,2,1,37,164,141,769,603,1.11919,0,0
0250401074100030c043a000a00000c7,2,1,38,164,141,769,603,1.11919,0,0
0250401074100030c043a000a00000c7,2,1,39,164,141,769,603,1.11919,0,0
0250401074100030c043a000a00000c7,2,1,40,164,141,769,603,1.11919,0,0
0250401074100030c043a000a00000c7,2,1,41,164,141,769,603,1.11919,0,0
0250401074100030c043a000a00000c7,2,1,42,164,141,769,603,1.11919,0,0
0250401074100030c043a000a00000c7,2,1,43,164,141,769,603,1.11919,0,0
0250401074100030c043a000a00000c7,2,1,44,164,141,769,603,1.11919,0,0
0250401074100030c043a000a00000c7,2,1,45,164,141,769,603,1.11919,0,0
0250401074100030c043a000a00000c7,2,1,46,164,141,769,603,1.11919,0,0
0250401074100030c043a000a00000c7,2,1,47,164,141,769,603,1.11919,0,0
0250401074100030c043a000a00000c7,2,1,48,164,141,769,603,1.11919,0,0
0250401074100030c043a000a00000c7,2,1,49,164,141,769,603,1.11919,0,0
0250401074100030c043a000a00000c7,2,1,50,164,141,769,603,1.11919,0,0
0250401074100030c043a000a00000c7,2,1,51,164,141,769,603,1.11919,0,0
0250401074100030c043a000a00000c7,2,1,52,164,141,769,603,1.11919,0,0
0250401074100030c043a000a00000c7,2,1,53,164,141,769,603,1.11919,0,0
0250401074100030c043a000a00000c7,2,1,54,164,141,769,603,1.11919,0,0
0250401074100030c043a000a00000c7,2,1,55,164,141,769,603,1.11919,0,0
0250401074100030c043a000a00000c7,2,1,56,164,141,769,603,1.11919,0,0
0250401074100030c043a000a00000c7,2,1,57,164,141,769,603,1.11919,0,0
0250401074100030c043a000a00000c7,2,1,58,164,141,769,603,1.11919,0,0
0250401074100030c043a000a00000c7,2,1,59,164,141,769,603,1.11919,0,0
0250401074100030c043a000a00000c7,2,1,60,164,141,769,603,1.11919,0,0
0250401074100030c043a000a00000c7,2,1,61,164,141,769,603,1.11919,0,0
0250401074100030c043a000a00000c7,2,1,62,164,141,769,603,1.11919,0,0
0250401074100030c043a000a00000c7,2,1,63,164,141,769,603,1.11919,0,0
0250401074100030c043a000a00000c7,2,1,0,164,141,770,604,1.18112,0,0
0250401074100030c043a000a00000c7,2,1,1,164,141,770,604,1.18112,0,0
0250401074100030c043a000a00000c7,2,1,2,164,141,770,604,1.18112,0,0
0250401074100030c043a000a00000c7,2,1,3,164,141,770,604,1.18112,0,0
0250401074100030c043a000a00000c7,2,1,4,164,141,770,604,1.18112,0,0
0250401074100030c043a000a00000c7,2,1,5,164,141,770,604,1.18112,0,0
0250401074100030c043a000a00000c7,2,1,6,164,141,770,604,1.18112,0,0
0250401074100030c043a000a00000c7,2,1,7,164,141,770,604,1.18112,0,0
0250401074100030c043a000a00000c7,2,1,8,164,141,770,604,1.18112,0,0
0250401074100030c043a000a00000c7,2,1,9,164,141,770,604,1.18112,0,0
0250401074100030c043a000a00000c7,2,1,10,164,141,770,604,1.18112,0,0
0250401074100030c043a000a00000c7,2,1,11,164,141,770,604,1.18112,0,0
0250401074100030c043a000a00000c7,2,1,12,164,141,770,604,1.18112,0,0
0250401074100030c043a000a00000c7,2,1,13,164,141,770,604,1.18112,0,0
0250401074100030c043a000a00000c7,2,1,14,164,141,770,604,1.18112,0,0
0250401074100030c043a000a00000c7,2,1,15,164,141,770,604,1.18112,0,0
0250401074100030c043a000a00000c7,2,1,16,164,141,770,604,1.18112,0,0
0250401074100030c043a000a00000c7,2,1,17,164,141,770,604,1.18112,0,0
0250401074100030c043a000a00000c7,2,1,18,164,141,770,604,1.18112,0,0
0250401074100030c043a000a00000c7,2,1,19,164,141,770,604,1.18112,0,0
0250401074100030c043a000a00000c7,2,1,20,164,141,770,604,1.18112,0,0
0250401074100030c043a000a00000c7,2,1,21,164,141,770,604,1.18112,0,0
0250401074100030c043a000a00000c7,2,1,22,164,141,770,604,1.18112,0,0
0250401074100030c043a000a00000c7,2,1,23,164,141,770,604,1.18112,0,0
0250401074100030c043a000a00000c7,2,1,24,164,141,770,604,1.18112,0,0
0250401074100030c043a000a00000c7,2,1,25,164,141,770,604,1.18112,0,0
0250401074100030c043a000a00000c7,2,1,26,164,141,770,604,1.18112,0,0
0250401074100030c043a000a00000c7,2,1,27,164,141,770,604,1.18112,0,0
0250401074100030c043a000a00000c7,2,1,28,164,141,770,604,1.18112,0,0
0250401074100030c043a000a00000c7,2,1,29,164,141,770,604,1.18112,0,0
0250401074100030c043a000a00000c7,2,1,30,164,141,770,604,1.18112,0,0
0250401074100030c043a000a00000c7,2,1,31,164,141,770,604,1.18112,0,0
0250401074100030c043a000a00000c7,2,1,32,164,141,770,604,1.18112,0,0
0250401074100030c043a000a00000c7,2,1,33,164,141,770,604,1.18112,0,0
0250401074100030c043a000a00000c7,2,1,34,164,141,770,604,1.18112,0,0
0250401074100030c043a000a00000c7,2,1,35,164,141,770,604,1.18112,0,0
0250401074100030c043a000a00000c7,2,1,36,164,141,770,604,1.18112,0,0
0250401074100030c043a000a00000c7,2,1,37,164,141,770,604,1.18112,0,0
0250401074100030c043a000a00000c7,2,1,38,164,141,770,604,1.18112,0,0
0250401074100030c043a000a00000c7,2,1,39,164,141,770,604,1.18112,0,0
0250401074100030c043a000a00000c7,2,1,40,164,141,770,604,1.18112,0,0
0250401074100030c043a000a00000c7,2,1,41,164,141,770,604,1.18112,0,0
0250401074100030c043a000a00000c7,2,1,42,164,141,770,604,1.18112,0,0
0250401074100030c043a000a00000c7,2,1,43,164,141,770,604,1.18112,0,0
0250401074100030c043a000a00000c7,2,1,44,164,141,770,604,1.18112,0,0
0250401074100030c043a000a00000c7,2,1,45,164,141,770,604,1.18112,0,0
0250401074100030c043a000a00000c7,2,1,46,164,141,770,604,1.18112,0,0
0250401074100030c043a000a00000c7,2,1,47,164,141,770,604,1.18112,0,0
0250401074100030c043a000a00000c7,2,1,48,164,141,770,604,1.18112,0,0
0250401074100030c043a000a00000c7,2,1,49,164,141,770,604,1.18112,0,0
0250401074100030c043a000a00000c7,2,1,50,164,141,770,604,1.18112,0,0
0250401074100030c043a000a00000c7,2,1,51,164,141,770,604,1.18112,0,0
0250401074100030c043a000a00000c7,2,1,52,164,141,770,604,1.18112,0,0
0250401074100030c043a000a00000c7,2,1,53,164,141,770,604,1.18112,0,0
0250401074100030c043a000a00000c7,2,1,54,164,141,770,604,1.18112,0,0
0250401074100030c043a000a00000c7,2,1,55,164,141,770,604,1.18112,0,0
0250401074100030c043a000a00000c7,2,1,56,164,141,770,604,1.18112,0,0
0250401074100030c043a000a00000c7,2,1,57,164,141,770,604,1.18112,0,0
0250401074100030c043a000a00000c7,2,1,58,164,141,770,604,1.18112,0,0
0250401074100030c043a000a00000c7,2,1,59,164,141,770,604,1.18112,0,0
0250401074100030c043a000a00000c7,2,1,60,164,141,770,604,1.18112,0,0
0250401074100030c043a000a00000c7,2,1,61,164,141,770,604,1.18112,0,0
0250401074100030c043a000a00000c7,2,1,62,164,141,770,604,1.18112,0,0
0250401074100030c043a000a00000c7,2,1,63,164,141,770,604,1.18112,0,0
0250401074100030c043a000a00000c7,2,1,0,164,141,771,605,1.23126,0,0
0250401074100030c043a000a00000c7,2,1,1,164,141,771,605,1.23126,0,0
0250401074100030c043a000a00000c7,2,1,2,164,141,771,605,1.23126,0,0
0250401074100030c043a000a00000c7,2,1,3,164,141,771,605,1.23126,0,0
0250401074100030c043a000a00000c7,2,1,4,164,141,771,605,1.23126,0,0
0250401074100030c043a000a00000c7,2,1,5,164,141,771,605,1.23126,0,0
0250401074100030c043a000a00000c7,2,1,6,164,141,771,605,1.23126,0,0
0250401074100030c043a000a00000c7,2,1,7,164,141,771,605,1.23126,0,0
0250401074100030c043a000a00000c7,2,1,8,164,141,771,605,1.23126,0,0
0250401074100030c043a000a00000c7,2,1,9,164,141,771,605,1.23126,0,0
0250401074100030c043a000a00000c7,2,1,10,164,141,771,605,1.23126,0,0
0250401074100030c043a000a00000c7,2,1,11,164,141,771,605,1.23126,0,0
0250401074100030c043a000a00000c7,2,1,12,164,141,771,605,1.23126,0,0
0250401074100030c043a000a00000c7,2,1,13,164,141,771,605,1.23126,0,0
0250401074100030c043a000a00000c7,2,1,14,164,141,771,605,1.23126,0,0
0250401074100030c043a000a00000c7,2,1,15,164,141,771,605,1.23126,0,0
0250401074100030c043a000a00000c7,2,1,16,164,141,771,605,1.23126,0,0
0250401074100030c043a000a00000c7,2,1,17,164,141,771,605,1.23126,0,0
0250401074100030c043a000a00000c7,2,1,18,164,141,771,605,1.23126,0,0
0250401074100030c043a000a00000c7,2,1,19,164,141,771,605,1.23126,0,0
0250401074100030c043a000a00000c7,2,1,20,164,141,771,605,1.23126,0,0
0250401074100030c043a000a00000c7,2,1,21,164,141,771,605,1.23126,0,0
0250401074100030c043a000a00000c7,2,1,22,164,141,771,605,1.23126,0,0
0250401074100030c043a000a00000c7,2,1,23,164,141,771,605,1.23126,0,0
0250401074100030c043a000a00000c7,2,1,24,164,141,771,605,1.23126,0,0
0250401074100030c043a000a00000c7,2,1,25,164,141,771,605,1.23126,0,0
0250401074100030c043a000a00000c7,2,1,26,164,141,771,605,1.23126,0,0
0250401074100030c043a000a00000c7,2,1,27,164,141,771,605,1.23126,0,0
0250401074100030c043a000a00000c7,2,1,28,164,141,771,605,1.23126,0,0
0250401074100030c043a000a00000c7,2,1,29,164,141,771,605,1.23126,0,0
0250401074100030c043a000a00000c7,2,1,30,164,141,771,605,1.23126,0,0
0250401074100030c043a000a00000c7,2,1,31,164,141,771,605,1.23126,0,0
0250401074100030c043a000a00000c7,2,1,32,164,141,771,605,1.23126,0,0
0250401074100030c043a000a00000c7,2,1,33,164,141,771,605,1.23126,0,0
0250401074100030c043a000a00000c7,2,1,34,164,141,771,605,1.23126,0,0
0250401074100030c043a000a00000c7,2,1,35,164,141,771,605,1.23126,0,0
0250401074100030c043a000a00000c7,2,1,36,164,141,771,605,1.23126,0,0
0250401074100030c043a000a00000c7,2,1,37,164,141,771,605,1.23126,0,0
0250401074100030c043a000a00000c7,2,1,38,164,141,771,605,1.23126,0,0
0250401074100030c043a000a00000c7,2,1,39,164,141,771,605,1.23126,0,0
0250401074100030c043a000a00000c7,2,1,40,164,141,771,605,1.23126,0,0
0250401074100030c043a000a00000c7,2,1,41,164,141,771,605,1.23126,0,0
0250401074100030c043a000a00000c7,2,1,42,164,141,771,605,1.23126,0,0
0250401074100030c043a000a00000c7,2,1,43,164,141,771,605,1.23126,0,0
0250401074100030c043a000a00000c7,2,1,44,164,141,771,605,1.23126,0,0
0250401074100030c043a000a00000c7,2,1,45,164,141,771,605,1.23126,0,0
0250401074100030c043a000a00000c7,2,1,46,164,141,771,605,1.23126,0,0
0250401074100030c043a000a00000c7,2,1,47,164,141,771,605,1.23126,0,0
0250401074100030c043a000a00000c7,2,1,48,164,141,771,605,1.23126,0,0
0250401074100030c043a000a00000c7,2,1,49,164,141,771,605,1.23126,0,0
0250401074100030c043a000a00000c7,2,1,50,164,141,771,605,1.23126,0,0
0250401074100030c043a000a00000c7,2,1,51,164,141,771,605,1.23126,0,0
0250401074100030c043a000a00000c7,2,1,52,164,141,771,605,1.23126,0,0
0250401074100030c043a000a00000c7,2,1,53,164,141,771,605,1.23126,0,0
0250401074100030c043a000a00000c7,2,1,54,164,141,771,605,1.23126,0,0
0250401074100030c043a000a00000c7,2,1,55,164,141,771,605,1.23126,0,0
0250401074100030c043a000a00000c7,2,1,56,164,141,771,605,1.23126,0,0
0250401074100030c043a000a00000c7,2,1,57,164,141,771,605,1.23126,0,0
0250401074100030c043a000a00000c7,2,1,58,164,141,771,605,1.23126,0,0
0250401074100030c043a000a00000c7,2,1,59,164,141,771,605,1.23126,0,0
0250401074100030c043a000a00000c7,2,1,60,164,141,771,605,1.23126,0,0
0250401074100030c043a000a00000c7,2,1,61,164,141,771,605,1.23126,0,0
0250401074100030c043a000a00000c7,2,1,62,164,141,771,605,1.23126,0,0
0250401074100030c043a000a00000c7,2,1,63,164,141,771,605,1.23126,0,0
0250401074100030c043a000a00000c7,2,1,0,164,141,772,605,1.5999,3,0.00187512
0250401074100030c043a000a00000c7,2,1,1,164,141,772,605,1.5999,0,0
0250401074100030c043a000a00000c7,2,1,2,164,141,772,605,1.5999,0,0
0250401074100030c043a000a00000c7,2,1,3,164,141,772,605,1.5999,0,0
0250401074100030c043a000a00000c7,2,1,4,164,141,772,605,1.5999,11,0.00687544
0250401074100030c043a000a00000c7,2,1,5,164,141,772,605,1.5999,0,0
0250401074100030c043a000a00000c7,2,1,6,164,141,772,605,1.5999,18,0.0112507
0250401074100030c043a000a00000c7,2,1,7,164,141,772,605,1.5999,0,0
0250401074100030c043a000a00000c7,2,1,8,164,141,772,605,1.5999,15,0.0093756
0250401074100030c043a000a00000c7,2,1,9,164,141,772,605,1.5999,0,0
0250401074100030c043a000a00000c7,2,1,10,164,141,772,605,1.5999,11,0.00687544
0250401074100030c043a000a00000c7,2,1,11,164,141,772,605,1.5999,8,0.00500032
0250401074100030c043a000a00000c7,2,1,12,164,141,772,605,1.5999,18,0.0112507
0250401074100030c043a000a00000c7,2,1,13,164,141,772,605,1.5999,11,0.00687544
0250401074100030c043a000a00000c7,2,1,14,164,141,772,605,1.5999,19,0.0118758
0250401074100030c043a000a00000c7,2,1,15,164,141,772,605,1.5999,10,0.0062504
0250401074100030c043a000a00000c7,2,1,16,164,141,772,605,1.5999,22,0.0137509
0250401074100030c043a000a00000c7,2,1,17,164,141,772,605,1.5999,3,0.00187512
0250401074100030c043a000a00000c7,2,1,18,164,141,772,605,1.5999,21,0.0131258
0250401074100030c043a000a00000c7,2,1,19,164,141,772,605,1.5999,12,0.00750048
0250401074100030c043a000a00000c7,2,1,20,164,141,772,605,1.5999,17,0.0106257
0250401074100030c043a000a00000c7,2,1,21,164,141,772,605,1.5999,12,0.00750048
0250401074100030c043a000a00000c7,2,1,22,164,141,772,605,1.5999,21,0.0131258
0250401074100030c043a000a00000c7,2,1,23,164,141,772,605,1.5999,10,0.0062504
0250401074100030c043a000a00000c7,2,1,24,164,141,772,605,1.5999,20,0.0125008
0250401074100030c043a000a00000c7,2,1,25,164,141,772,605,1.5999,15,0.0093756
0250401074100030c043a000a00000c7,2,1,26,164,141,772,605,1.5999,22,0.0137509
0250401074100030c043a000a00000c7,2,1,27,164,141,772,605,1.5999,20,0.0125008
0250401074100030c043a000a00000c7,2,1,28,164,141,772,605,1.5999,0,0
0250401074100030c043a000a00000c7,2,1,29,164,141,772,605,1.5999,13,0.00812552
0250401074100030c043a000a00000c7,2,1,30,164,141,772,605,1.5999,22,0.0137509
0250401074100030c043a000a00000c7,2,1,31,164,141,772,605,1.5999,18,0.0112507
0250401074100030c043a000a00000c7,2,1,32,164,141,772,605,1.5999,20,0.0125008
0250401074100030c043a000a00000c7,2,1,33,164,141,772,605,1.5999,17,0.0106257
0250401074100030c043a000a00000c7,2,1,34,164,141,772,605,1.5999,21,0.0131258
0250401074100030c043a000a00000c7,2,1,35,164,141,772,605,1.5999,17,0.0106257
0250401074100030c043a000a00000c7,2,1,36,164,141,772,605,1.5999,17,0.0106257
0250401074100030c043a000a00000c7,2,1,37,164,141,772,605,1.5999,2,0.00125008
0250401074100030c043a000a00000c7,2,1,38,164,141,772,605,1.5999,22,0.0137509
0250401074100030c043a000a00000c7,2,1,39,164,141,772,605,1.5999,14,0.00875056
0250401074100030c043a000a00000c7,2,1,40,164,141,772,605,1.5999,19,0.0118758
0250401074100030c043a000a00000c7,2,1,41,164,141,772,605,1.5999,12,0.00750048
0250401074100030c043a000a00000c7,2,1,42,164,141,772,605,1.5999,17,0.0106257
0250401074100030c043a000a00000c7,2,1,43,164,141,772,605,1.5999,10,0.0062504
0250401074100030c043a000a00000c7,2,1,44,164,141,772,605,1.5999,18,0.0112507
0250401074100030c043a000a00000c7,2,1,45,164,141,772,605,1.5999,0,0
0250401074100030c043a000a00000c7,2,1,46,164,141,772,605,1.5999,11,0.00687544
0250401074100030c043a000a00000c7,2,1,47,164,141,772,605,1.5999,0,0
0250401074100030c043a000a00000c7,2,1,48,164,141,772,605,1.5999,12,0.00750048
0250401074100030c043a000a00000c7,2,1,49,164,141,772,605,1.5999,10,0.0062504
0250401074100030c043a000a00000c7,2,1,50,164,141,772,605,1.5999,5,0.0031252
0250401074100030c043a000a00000c7,2,1,51,164,141,772,605,1.5999,1,0.00062504
0250401074100030c043a000a00000c7,2,1,52,164,141,772,605,1.5999,0,0
0250401074100030c043a000a00000c7,2,1,53,164,141,772,605,1.5999,0,0
0250401074100030c043a000a00000c7,2,1,54,164,141,772,605,1.5999,0,0
0250401074100030c043a000a00000c7,2,1,55,164,141,772,605,1.5999,0,0
0250401074100030c043a000a00000c7,2,1,56,164,141,772,605,1.5999,0,0
0250401074100030c043a000a00000c7,2,1,57,164,141,772,605,1.5999,0,0
0250401074100030c043a000a00000c7,2,1,58,164,141,772,605,1.5999,0,0
0250401074100030c043a000a00000c7,2,1,59,164,141,772,605,1.5999,0,0
0250401074100030c043a000a00000c7,2,1,60,164,141,772,605,1.5999,0,0
0250401074100030c043a000a00000c7,2,1,61,164,141,772,605,1.5999,0,0
0250401074100030c043a000a00000c7,2,1,62,164,141,772,605,1.5999,0,0
0250401074100030c043a000a00000c7,2,1,63,164,141,772,605,1.5999,0,0
0250401074100030c043a000a00000c7,2,1,0,164,141,773,606,1.15016,0,0
0250401074100030c043a000a00000c7,2,1,1,164,141,773,606,1.15016,0,0
0250401074100030c043a000a00000c7,2,1,2,164,141,773,606,1.15016,0,0
0250401074100030c043a000a00000c7,2,1,3,164,141,773,606,1.15016,1,0.000869447
0250401074100030c043a000a00000c7,2,1,4,164,141,773,606,1.15016,7,0.00608613
0250401074100030c043a000a00000c7,2,1,5,164,141,773,606,1.15016,0,0
0250401074100030c043a000a00000c7,2,1,6,164,141,773,606,1.15016,15,0.0130417
0250401074100030c043a000a00000c7,2,1,7,164,141,773,606,1.15016,0,0
0250401074100030c043a000a00000c7,2,1,8,164,141,773,606,1.15016,12,0.0104334
0250401074100030c043a000a00000c7,2,1,9,164,141,773,606,1.15016,0,0
0250401074100030c043a000a00000c7,2,1,10,164,141,773,606,1.15016,7,0.00608613
0250401074100030c043a000a00000c7,2,1,11,164,141,773,606,1.15016,4,0.00347779
0250401074100030c043a000a00000c7,2,1,12,164,141,773,606,1.15016,14,0.0121723
0250401074100030c043a000a00000c7,2,1,13,164,141,773,606,1.15016,8,0.00695557
0250401074100030c043a000a00000c7,2,1,14,164,141,773,606,1.15016,16,0.0139111
0250401074100030c043a000a00000c7,2,1,15,164,141,773,606,1.15016,3,0.00260834
0250401074100030c043a000a00000c7,2,1,16,164,141,773,606,1.15016,19,0.0165195
0250401074100030c043a000a00000c7,2,1,17,164,141,773,606,1.15016,1,0.000869447
0250401074100030c043a000a00000c7,2,1,18,164,141,773,606,1.15016,17,0.0147806
0250401074100030c043a000a00000c7,2,1,19,164,141,773,606,1.15016,10,0.00869447
0250401074100030c043a000a00000c7,2,1,20,164,141,773,606,1.15016,14,0.0121723
0250401074100030c043a000a00000c7,2,1,21,164,141,773,606,1.15016,11,0.00956391
0250401074100030c043a000a00000c7,2,1,22,164,141,773,606,1.15016,17,0.0147806
0250401074100030c043a000a00000c7,2,1,23,164,141,773,606,1.15016,9,0.00782502
0250401074100030c043a000a00000c7,2,1,24,164,141,773,606,1.15016,17,0.0147806
0250401074100030c043a000a00000c7,2,1,25,164,141,773,606,1.15016,12,0.0104334
0250401074100030c043a000a00000c7,2,1,26,164,141,773,606,1.15016,19,0.0165195
0250401074100030c043a000a00000c7,2,1,27,164,141,773,606,1.15016,16,0.0139111
0250401074100030c043a000a00000c7,2,1,28,164,141,773,606,1.15016,0,0
0250401074100030c043a000a00000c7,2,1,29,164,141,773,606,1.15016,12,0.0104334
0250401074100030c043a000a00000c7,2,1,30,164,141,773,606,1.15016,18,0.01565
0250401074100030c043a000a00000c7,2,1,31,164,141,773,606,1.15016,14,0.0121723
0250401074100030c043a000a00000c7,2,1,32,164,141,773,606,1.15016,17,0.0147806
0250401074100030c043a000a00000c7,2,1,33,164,141,773,606,1.15016,13,0.0113028
0250401074100030c043a000a00000c7,2,1,34,164,141,773,606,1.15016,17,0.0147806
0250401074100030c043a000a00000c7,2,1,35,164,141,773,606,1.15016,13,0.0113028
0250401074100030c043a000a00000c7,2,1,36,164,141,773,606,1.15016,13,0.0113028
0250401074100030c043a000a00000c7,2,1,37,164,141,773,606,1.15016,1,0.000869447
0250401074100030c043a000a00000c7,2,1,38,164,141,773,606,1.15016,17,0.0147806
0250401074100030c043a000a00000c7,2,1,39,164,141,773,606,1.15016,12,0.0104334
0250401074100030c043a000a00000c7,2,1,40,164,141,773,606,1.15016,15,0.0130417
0250401074100030c043a000a00000c7,2,1,41,164,141,773,606,1.15016,11,0.00956391
0250401074100030c043a000a00000c7,2,1,42,164,141,773,606,1.15016,12,0.0104334
0250401074100030c043a000a00000c7,2,1,43,164,141,773,606,1.15016,7,0.00608613
0250401074100030c043a000a00000c7,2,1,44,164,141,773,606,1.15016,14,0.0121723
0250401074100030c043a000a00000c7,2,1,45,164,141,773,606,1.15016,0,0
0250401074100030c043a000a00000c7,2,1,46,164,141,773,606,1.15016,9,0.00782502
0250401074100030c043a000a00000c7,2,1,47,164,141,773,606,1.15016,0,0
0250401074100030c043a000a00000c7,2,1,48,164,141,773,606,1.15016,11,0.00956391
0250401074100030c043a000a00000c7,2,1,49,164,141,773,606,1.15016,5,0.00434723
0250401074100030c043a000a00000c7,2,1,50,164,141,773,606,1.15016,1,0.000869447
0250401074100030c043a000a00000c7,2,1,51,164,141,773,606,1.15016,1,0.000869447
0250401074100030c043a000a00000c7,2,1,52,164,141,773,606,1.15016,0,0
0250401074100030c043a000a00000c7,2,1,53,164,141,773,606,1.15016,0,0
0250401074100030c043a000a00000c7,2,1,54,164,141,773,606,1.15016,0,0
0250401074100030c043a000a00000c7,2,1,55,164,141,773,606,1.15016,0,0
0250401074100030c043a000a00000c7,2,1,56,164,141,773,606,1.15016,0,0
0250401074100030c043a000a00000c7,2,1,57,164,141,773,606,1.15016,0,0
0250401074100030c043a000a00000c7,2,1,58,164,141,773,606,1.15016,0,0
0250401074100030c043a000a00000c7,2,1,59,164,141,773,606,1.15016,0,0
0250401074100030c043a000a00000c7,2,1,60,164,141,773,606,1.15016,0,0
0250401074100030c043a000a00000c7,2,1,61,164,141,773,606,1.15016,0,0
0250401074100030c043a000a00000c7,2,1,62,164,141,773,606,1.15016,0,0
0250401074100030c043a000a00000c7,2,1,63,164,141,773,606,1.15016,0,0
0250401074100030c043a000a00000c7,2,1,0,164,141,774,607,1.25633,2,0.00159194
0250401074100030c043a000a00000c7,2,1,1,164,141,774,607,1.25633,0,0
0250401074100030c043a000a00000c7,2,1,2,164,141,774,607,1.25633,0,0
0250401074100030c043a000a00000c7,2,1,3,164,141,774,607,1.25633,1,0.000795972
0250401074100030c043a000a00000c7,2,1,4,164,141,774,607,1.25633,8,0.00636778
0250401074100030c043a000a00000c7,2,1,5,164,141,774,607,1.25633,0,0
0250401074100030c043a000a00000c7,2,1,6,164,141,774,607,1.25633,20,0.0159194
0250401074100030c043a000a00000c7,2,1,7,164,141,774,607,1.25633,0,0
0250401074100030c043a000a00000c7,2,1,8,164,141,774,607,1.25633,14,0.0111436
0250401074100030c043a000a00000c7,2,1,9,164,141,774,607,1.25633,0,0
0250401074100030c043a000a00000c7,2,1,10,164,141,774,607,1.25633,10,0.00795972
0250401074100030c043a000a00000c7,2,1,11,164,141,774,607,1.25633,6,0.00477583
0250401074100030c043a000a00000c7,2,1,12,164,141,774,607,1.25633,17,0.0135315
0250401074100030c043a000a00000c7,2,1,13,164,141,774,607,1.25633,8,0.00636778
0250401074100030c043a000a00000c7,2,1,14,164,141,774,607,1.25633,22,0.0175114
0250401074100030c043a000a00000c7,2,1,15,164,141,774,607,1.25633,5,0.00397986
0250401074100030c043a000a00000c7,2,1,16,164,141,774,607,1.25633,32,0.0254711
0250401074100030c043a000a00000c7,2,1,17,164,141,774,607,1.25633,2,0.00159194
0250401074100030c043a000a00000c7,2,1,18,164,141,774,607,1.25633,29,0.0230832
0250401074100030c043a000a00000c7,2,1,19,164,141,774,607,1.25633,11,0.0087557
0250401074100030c043a000a00000c7,2,1,20,164,141,774,607,1.25633,18,0.0143275
0250401074100030c043a000a00000c7,2,1,21,164,141,774,607,1.25633,14,0.0111436
0250401074100030c043a000a00000c7,2,1,22,164,141,774,607,1.25633,27,0.0214913
0250401074100030c043a000a00000c7,2,1,23,164,141,774,607,1.25633,11,0.0087557
0250401074100030c043a000a00000c7,2,1,24,164,141,774,607,1.25633,25,0.0198993
0250401074100030c043a000a00000c7,2,1,25,164,141,774,607,1.25633,16,0.0127356
0250401074100030c043a000a00000c7,2,1,26,164,141,774,607,1.25633,33,0.0262671
0250401074100030c043a000a00000c7,2,1,27,164,141,774,607,1.25633,23,0.0183074
0250401074100030c043a000a00000c7,2,1,28,164,141,774,607,1.25633,0,0
0250401074100030c043a000a00000c7,2,1,29,164,141,774,607,1.25633,12,0.00955167
0250401074100030c043a000a00000c7,2,1,30,164,141,774,607,1.25633,31,0.0246751
0250401074100030c043a000a00000c7,2,1,31,164,141,774,607,1.25633,22,0.0175114
0250401074100030c043a000a00000c7,2,1,32,164,141,774,607,1.25633,23,0.0183074
0250401074100030c043a000a00000c7,2,1,33,164,141,774,607,1.25633,19,0.0151235
0250401074100030c043a000a00000c7,2,1,34,164,141,774,607,1.25633,29,0.0230832
0250401074100030c043a000a00000c7,2,1,35,164,141,774,607,1.25633,19,0.0151235
0250401074100030c043a000a00000c7,2,1,36,164,141,774,607,1.25633,20,0.0159194
0250401074100030c043a000a00000c7,2,1,37,164,141,774,607,1.25633,2,0.00159194
0250401074100030c043a000a00000c7,2,1,38,164,141,774,607,1.25633,30,0.0238792
0250401074100030c043a000a00000c7,2,1,39,164,141,774,607,1.25633,15,0.0119396
0250401074100030c043a000a00000c7,2,1,40,164,141,774,607,1.25633,22,0.0175114
0250401074100030c043a000a00000c7,2,1,41,164,141,774,607,1.25633,12,0.00955167
0250401074100030c043a000a00000c7,2,1,42,164,141,774,607,1.25633,13,0.0103476
0250401074100030c043a000a00000c7,2,1,43,164,141,774,607,1.25633,9,0.00716375
0250401074100030c043a000a00000c7,2,1,44,164,141,774,607,1.25633,21,0.0167154
0250401074100030c043a000a00000c7,2,1,45,164,141,774,607,1.25633,1,0.000795972
0250401074100030c043a000a00000c7,2,1,46,164,141,774,607,1.25633,10,0.00795972
0250401074100030c043a000a00000c7,2,1,47,164,141,774,607,1.25633,2,0.00159194
0250401074100030c043a000a00000c7,2,1,48,164,141,774,607,1.25633,11,0.0087557
0250401074100030c043a000a00000c7,2,1,49,164,141,774,607,1.25633,6,0.00477583
0250401074100030c043a000a00000c7,2,1,50,164,141,774,607,1.25633,5,0.00397986
0250401074100030c043a000a00000c7,2,1,51,164,141,774,607,1.25633,2,0.00159194
0250401074100030c043a000a00000c7,2,1,52,164,141,774,607,1.25633,0,0
0250401074100030c043a000a00000c7,2,1,53,164,141,774,607,1.25633,0,0
0250401074100030c043a000a00000c7,2,1,54,164,141,774,607,1.25633,1,0.000795972
0250401074100030c043a000a00000c7,2,1,55,164,141,774,607,1.25633,0,0
0250401074100030c043a000a00000c7,2,1,56,164,141,774,607,1.25633,0,0
0250401074100030c043a000a00000c7,2,1,57,164,141,774,607,1.25633,0,0
0250401074100030c043a000a00000c7,2,1,58,164,141,774,607,1.25633,0,0
0250401074100030c043a000a00000c7,2,1,59,164,141,774,607,1.25633,0,0
0250401074100030c043a000a00000c7,2,1,60,164,141,774,607,1.25633,0,0
0250401074100030c043a000a00000c7,2,1,61,164,141,774,607,1.25633,0,0
0250401074100030c043a000a00000c7,2,1,62,164,141,774,607,1.25633,0,0
0250401074100030c043a000a00000c7,2,1,63,164,141,774,607,1.25633,0,0
0250401074100030c043a000a00000c7,2,1,0,164,141,775,608,1.60432,2,0.00124663
0250401074100030c043a000a00000c7,2,1,1,164,141,775,608,1.60432,0,0
0250401074100030c043a000a00000c7,2,1,2,164,141,775,608,1.60432,0,0
0250401074100030c043a000a00000c7,2,1,3,164,141,775,608,1.60432,0,0
0250401074100030c043a000a00000c7,2,1,4,164,141,775,608,1.60432,5,0.00311658
0250401074100030c043a000a00000c7,2,1,5,164,141,775,608,1.60432,0,0
0250401074100030c043a000a00000c7,2,1,6,164,141,775,608,1.60432,9,0.00560985
0250401074100030c043a000a00000c7,2,1,7,164,141,775,608,1.60432,0,0
0250401074100030c043a000a00000c7,2,1,8,164,141,775,608,1.60432,9,0.00560985
0250401074100030c043a000a00000c7,2,1,9,164,141,775,608,1.60432,0,0
0250401074100030c043a000a00000c7,2,1,10,164,141,775,608,1.60432,5,0.00311658
0250401074100030c043a000a00000c7,2,1,11,164,141,775,608,1.60432,3,0.00186995
0250401074100030c043a000a00000c7,2,1,12,164,141,775,608,1.60432,9,0.00560985
0250401074100030c043a000a00000c7,2,1,13,164,141,775,608,1.60432,5,0.00311658
0250401074100030c043a000a00000c7,2,1,14,164,141,775,608,1.60432,10,0.00623317
0250401074100030c043a000a00000c7,2,1,15,164,141,775,608,1.60432,3,0.00186995
0250401074100030c043a000a00000c7,2,1,16,164,141,775,608,1.60432,12,0.0074798
0250401074100030c043a000a00000c7,2,1,17,164,141,775,608,1.60432,1,0.000623317
0250401074100030c043a000a00000c7,2,1,18,164,141,775,608,1.60432,10,0.00623317
0250401074100030c043a000a00000c7,2,1,19,164,141,775,608,1.60432,6,0.0037399
0250401074100030c043a000a00000c7,2,1,20,164,141,775,608,1.60432,9,0.00560985
0250401074100030c043a000a00000c7,2,1,21,164,141,775,608,1.60432,7,0.00436322
0250401074100030c043a000a00000c7,2,1,22,164,141,775,608,1.60432,10,0.00623317
0250401074100030c043a000a00000c7,2,1,23,164,141,775,608,1.60432,5,0.00311658
0250401074100030c043a000a00000c7,2,1,24,164,141,775,608,1.60432,10,0.00623317
0250401074100030c043a000a00000c7,2,1,25,164,141,775,608,1.60432,6,0.0037399
0250401074100030c043a000a00000c7,2,1,26,164,141,775,608,1.60432,13,0.00810312
0250401074100030c043a000a00000c7,2,1,27,164,141,775,608,1.60432,10,0.00623317
0250401074100030c043a000a00000c7,2,1,28,164,141,775,608,1.60432,0,0
0250401074100030c043a000a00000c7,2,1,29,164,141,775,608,1.60432,7,0.00436322
0250401074100030c043a000a00000c7,2,1,30,164,141,775,608,1.60432,12,0.0074798
0250401074100030c043a000a00000c7,2,1,31,164,141,775,608,1.60432,10,0.00623317
0250401074100030c043a000a00000c7,2,1,32,164,141,775,608,1.60432,10,0.00623317
0250401074100030c043a000a00000c7,2,1,33,164,141,775,608,1.60432,9,0.00560985
0250401074100030c043a000a00000c7,2,1,34,164,141,775,608,1.60432,11,0.00685648
0250401074100030c043a000a00000c7,2,1,35,164,141,775,608,1.60432,10,0.00623317
0250401074100030c043a000a00000c7,2,1,36,164,141,775,608,1.60432,9,0.00560985
0250401074100030c043a000a00000c7,2,1,37,164,141,775,608,1.60432,2,0.00124663
0250401074100030c043a000a00000c7,2,1,38,164,141,775,608,1.60432,12,0.0074798
0250401074100030c043a000a00000c7,2,1,39,164,141,775,608,1.60432,7,0.00436322
0250401074100030c043a000a00000c7,2,1,40,164,141,775,608,1.60432,10,0.00623317
0250401074100030c043a000a00000c7,2,1,41,164,141,775,608,1.60432,5,0.00311658
0250401074100030c043a000a00000c7,2,1,42,164,141,775,608,1.60432,9,0.00560985
0250401074100030c043a000a00000c7,2,1,43,164,141,775,608,1.60432,3,0.00186995
0250401074100030c043a000a00000c7,2,1,44,164,141,775,608,1.60432,9,0.00560985
0250401074100030c043a000a00000c7,2,1,45,164,141,775,608,1.60432,0,0
0250401074100030c043a000a00000c7,2,1,46,164,141,775,608,1.60432,6,0.0037399
0250401074100030c043a000a00000c7,2,1,47,164,141,775,608,1.60432,0,0
0250401074100030c043a000a00000c7,2,1,48,164,141,775,608,1.60432,6,0.0037399
0250401074100030c043a000a00000c7,2,1,49,164,141,775,608,1.60432,3,0.00186995
0250401074100030c043a000a00000c7,2,1,50,164,141,775,608,1.60432,3,0.00186995
0250401074100030c043a000a00000c7,2,1,51,164,141,775,608,1.60432,0,0
0250401074100030c043a000a00000c7,2,1,52,164,141,775,608,1.60432,0,0
0250401074100030c043a000a00000c7,2,1,53,164,141,775,608,1.60432,0,0
0250401074100030c043a000a00000c7,2,1,54,164,141,775,608,1.60432,0,0
0250401074100030c043a000a00000c7,2,1,55,164,141,775,608,1.60432,0,0
0250401074100030c043a000a00000c7,2,1,56,164,141,775,608,1.60432,0,0
0250401074100030c043a000a00000c7,2,1,57,164,141,775,608,1.60432,0,0
0250401074100030c043a000a00000c7,2,1,58,164,141,775,608,1.60432,0,0
0250401074100030c043a000a00000c7,2,1,59,164,141,775,608,1.60432,0,0
0250401074100030c043a000a00000c7,2,1,60,164,141,775,608,1.60432,0,0
0250401074100030c043a000a00000c7,2,1,61,164,141,775,608,1.60432,0,0
0250401074100030c043a000a00000c7,2,1,62,164,141,775,608,1.60432,0,0
0250401074100030c043a000a00000c7,2,1,63,164,141,775,608,1.60432,0,0
0250401074100030c043a000a00000c7,2,1,0,164,141,776,608,1.27107,0,0
0250401074100030c043a000a00000c7,2,1,1,164,141,776,608,1.27107,0,0
0250401074100030c043a000a00000c7,2,1,2,164,141,776,608,1.27107,0,0
0250401074100030c043a000a00000c7,2,1,3,164,141,776,608,1.27107,0,0
0250401074100030c043a000a00000c7,2,1,4,164,141,776,608,1.27107,0,0
0250401074100030c043a000a00000c7,2,1,5,164,141,776,608,1.27107,0,0
0250401074100030c043a000a00000c7,2,1,6,164,141,776,608,1.27107,0,0
0250401074100030c043a000a00000c7,2,1,7,164,141,776,608,1.27107,0,0
0250401074100030c043a000a00000c7,2,1,8,164,141,776,608,1.27107,0,0
0250401074100030c043a000a00000c7,2,1,9,164,141,776,608,1.27107,0,0
0250401074100030c043a000a00000c7,2,1,10,164,141,776,608,1.27107,0,0
0250401074100030c043a000a00000c7,2,1,11,164,141,776,608,1.27107,0,0
0250401074100030c043a000a00000c7,2,1,12,164,141,776,608,1.27107,0,0
0250401074100030c043a000a00000c7,2,1,13,164,141,776,608,1.27107,0,0
0250401074100030c043a000a00000c7,2,1,14,164,141,776,608,1.27107,0,0
0250401074100030c043a000a00000c7,2,1,15,164,141,776,608,1.27107,0,0
0250401074100030c043a000a00000c7,2,1,16,164,141,776,608,1.27107,0,0
0250401074100030c043a000a00000c7,2,1,17,164,141,776,608,1.27107,0,0
0250401074100030c043a000a00000c7,2,1,18,164,141,776,608,1.27107,0,0
0250401074100030c043a000a00000c7,2,1,19,164,141,776,608,1.27107,0,0
0250401074100030c043a000a00000c7,2,1,20,164,141,776,608,1.27107,0,0
0250401074100030c043a000a00000c7,2,1,21,164,141,776,608,1.27107,0,0
0250401074100030c043a000a00000c7,2,1,22,164,141,776,608,1.27107,0,0
0250401074100030c043a000a00000c7,2,1,23,164,141,776,608,1.27107,0,0
0250401074100030c043a000a00000c7,2,1,24,164,141,776,608,1.27107,0,0
0250401074100030c043a000a00000c7,2,1,25,164,141,776,608,1.27107,0,0
0250401074100030c043a000a00000c7,2,1,26,164,141,776,608,1.27107,0,0
0250401074100030c043a000a00000c7,2,1,27,164,141,776,608,1.27107,0,0
0250401074100030c043a000a00000c7,2,1,28,164,141,776,608,1.27107,0,0
0250401074100030c043a000a00000c7,2,1,29,164,141,776,608,1.27107,0,0
0250401074100030c043a000a00000c7,2,1,30,164,141,776,608,1.27107,0,0
0250401074100030c043a000a00000c7,2,1,31,164,141,776,608,1.27107,0,0
0250401074100030c043a000a00000c7,2,1,32,164,141,776,608,1.27107,0,0
0250401074100030c043a000a00000c7,2,1,33,164,141,776,608,1.27107,0,0
0250401074100030c043a000a00000c7,2,1,34,164,141,776,608,1.27107,0,0
0250401074100030c043a000a00000c7,2,1,35,164,141,776,608,1.27107,0,0
0250401074100030c043a000a00000c7,2,1,36,164,141,776,608,1.27107,0,0
0250401074100030c043a000a00000c7,2,1,37,164,141,776,608,1.27107,0,0
0250401074100030c043a000a00000c7,2,1,38,164,141,776,608,1.27107,0,0
0250401074100030c043a000a00000c7,2,1,39,164,141,776,608,1.27107,0,0
0250401074100030c043a000a00000c7,2,1,40,164,141,776,608,1.27107,0,0
0250401074100030c043a000a00000c7,2,1,41,164,141,776,608,1.27107,0,0
0250401074100030c043a000a00000c7,2,1,42,164,141,776,608,1.27107,0,0
0250401074100030c043a000a00000c7,2,1,43,164,141,776,608,1.27107,0,0
0250401074100030c043a000a00000c7,2,1,44,164,141,776,608,1.27107,0,0
0250401074100030c043a000a00000c7,2,1,45,164,141,776,608,1.27107,0,0
0250401074100030c043a000a00000c7,2,1,46,164,141,776,608,1.27107,0,0
0250401074100030c043a000a00000c7,2,1,47,164,141,776,608,1.27107,0,0
0250401074100030c043a000a00000c7,2,1,48,164,141,776,608,1.27107,0,0
0250401074100030c043a000a00000c7,2,1,49,164,141,776,608,1.27107,0,0
0250401074100030c043a000a00000c7,2,1,50,164,141,776,608,1.27107,0,0
0250401074100030c043a000a00000c7,2,1,51,164,141,776,608,1.27107,0,0
0250401074100030c043a000a00000c7,2,1,52,164,141,776,608,1.27107,0,0
0250401074100030c043a000a00000c7,2,1,53,164,141,776,608,1.27107,0,0
0250401074100030c043a000a00000c7,2,1,54,164,141,776,608,1.27107,0,0
0250401074100030c043a000a00000c7,2,1,55,164,141,776,608,1.27107,0,0
0250401074100030c043a000a00000c7,2,1,56,164,141,776,608,1.27107,0,0
0250401074100030c043a000a00000c7,2,1,57,164,141,776,608,1.27107,0,0
0250401074100030c043a000a00000c7,2,1,58,164,141,776,608,1.27107,0,0
0250401074100030c043a000a00000c7,2,1,59,164,141,776,608,1.27107,0,0
0250401074100030c043a000a00000c7,2,1,60,164,141,776,608,1.27107,0,0
0250401074100030c043a000a00000c7,2,1,61,164,141,776,608,1.27107,0,0
0250401074100030c043a000a00000c7,2,1,62,164,141,776,608,1.27107,0,0
0250401074100030c043a000a00000c7,2,1,63,164,141,776,608,1.27107,0,0
0250401074100030c043a000a00000c7,2,1,0,164,141,777,609,1.23568,2,0.00161854
0250401074100030c043a000a00000c7,2,1,1,164,141,777,609,1.23568,0,0
0250401074100030c043a000a00000c7,2,1,2,164,141,777,609,1.23568,0,0
0250401074100030c043a000a00000c7,2,1,3,164,141,777,609,1.23568,2,0.00161854
0250401074100030c043a000a00000c7,2,1,4,164,141,777,609,1.23568,8,0.00647416
0250401074100030c043a000a00000c7,2,1,5,164,141,777,609,1.23568,0,0
0250401074100030c043a000a00000c7,2,1,6,164,141,777,609,1.23568,12,0.00971124
0250401074100030c043a000a00000c7,2,1,7,164,141,777,609,1.23568,0,0
0250401074100030c043a000a00000c7,2,1,8,164,141,777,609,1.23568,11,0.00890197
0250401074100030c043a000a00000c7,2,1,9,164,141,777,609,1.23568,0,0
0250401074100030c043a000a00000c7,2,1,10,164,141,777,609,1.23568,8,0.00647416
0250401074100030c043a000a00000c7,2,1,11,164,141,777,609,1.23568,4,0.00323708
0250401074100030c043a000a00000c7,2,1,12,164,141,777,609,1.23568,12,0.00971124
0250401074100030c043a000a00000c7,2,1,13,164,141,777,609,1.23568,6,0.00485562
0250401074100030c043a000a00000c7,2,1,14,164,141,777,609,1.23568,12,0.00971124
0250401074100030c043a000a00000c7,2,1,15,164,141,777,609,1.23568,4,0.00323708
0250401074100030c043a000a00000c7,2,1,16,164,141,777,609,1.23568,16,0.0129483
0250401074100030c043a000a00000c7,2,1,17,164,141,777,609,1.23568,3,0.00242781
0250401074100030c043a000a00000c7,2,1,18,164,141,777,609,1.23568,14,0.0113298
0250401074100030c043a000a00000c7,2,1,19,164,141,777,609,1.23568,8,0.00647416
0250401074100030c043a000a00000c7,2,1,20,164,141,777,609,1.23568,12,0.00971124
0250401074100030c043a000a00000c7,2,1,21,164,141,777,609,1.23568,11,0.00890197
0250401074100030c043a000a00000c7,2,1,22,164,141,777,609,1.23568,15,0.0121391
0250401074100030c043a000a00000c7,2,1,23,164,141,777,609,1.23568,7,0.00566489
0250401074100030c043a000a00000c7,2,1,24,164,141,777,609,1.23568,13,0.0105205
0250401074100030c043a000a00000c7,2,1,25,164,141,777,609,1.23568,11,0.00890197
0250401074100030c043a000a00000c7,2,1,26,164,141,777,609,1.23568,17,0.0137576
0250401074100030c043a000a00000c7,2,1,27,164,141,777,609,1.23568,13,0.0105205
0250401074100030c043a000a00000c7,2,1,28,164,141,777,609,1.23568,0,0
0250401074100030c043a000a00000c7,2,1,29,164,141,777,609,1.23568,8,0.00647416
0250401074100030c043a000a00000c7,2,1,30,164,141,777,609,1.23568,17,0.0137576
0250401074100030c043a000a00000c7,2,1,31,164,141,777,609,1.23568,13,0.0105205
0250401074100030c043a000a00000c7,2,1,32,164,141,777,609,1.23568,13,0.0105205
0250401074100030c043a000a00000c7,2,1,33,164,141,777,609,1.23568,12,0.00971124
0250401074100030c043a000a00000c7,2,1,34,164,141,777,609,1.23568,15,0.0121391
0250401074100030c043a000a00000c7,2,1,35,164,141,777,609,1.23568,12,0.00971124
0250401074100030c043a000a00000c7,2,1,36,164,141,777,609,1.23568,12,0.00971124
0250401074100030c043a000a00000c7,2,1,37,164,141,777,609,1.23568,3,0.00242781
0250401074100030c043a000a00000c7,2,1,38,164,141,777,609,1.23568,15,0.0121391
0250401074100030c043a000a00000c7,2,1,39,164,141,777,609,1.23568,12,0.00971124
0250401074100030c043a000a00000c7,2,1,40,164,141,777,609,1.23568,13,0.0105205
0250401074100030c043a000a00000c7,2,1,41,164,141,777,609,1.23568,9,0.00728343
0250401074100030c043a000a00000c7,2,1,42,164,141,777,609,1.23568,12,0.00971124
0250401074100030c043a000a00000c7,2,1,43,164,141,777,609,1.23568,7,0.00566489
0250401074100030c043a000a00000c7,2,1,44,164,141,777,609,1.23568,12,0.00971124
0250401074100030c043a000a00000c7,2,1,45,164,141,777,609,1.23568,0,0
0250401074100030c043a000a00000c7,2,1,46,164,141,777,609,1.23568,7,0.00566489
0250401074100030c043a000a00000c7,2,1,47,164,141,777,609,1.23568,1,0.00080927
0250401074100030c043a000a00000c7,2,1,48,164,141,777,609,1.23568,9,0.00728343
0250401074100030c043a000a00000c7,2,1,49,164,141,777,609,1.23568,4,0.00323708
0250401074100030c043a000a00000c7,2,1,50,164,141,777,609,1.23568,3,0.00242781
0250401074100030c043a000a00000c7,2,1,51,164,141,777,609,1.23568,2,0.00161854
0250401074100030c043a000a00000c7,2,1,52,164,141,777,609,1.23568,0,0
0250401074100030c043a000a00000c7,2,1,53,164,141,777,609,1.23568,0,0
0250401074100030c043a000a00000c7,2,1,54,164,141,777,609,1.23568,0,0
0250401074100030c043a000a00000c7,2,1,55,164,141,777,609,1.23568,0,0
0250401074100030c043a000a00000c7,2,1,56,164,141,777,609,1.23568,0,0
0250401074100030c043a000a00000c7,2,1,57,164,141,777,609,1.23568,0,0
0250401074100030c043a000a00000c7,2,1,58,164,141,777,609,1.23568,0,0
0250401074100030c043a000a00000c7,2,1,59,164,141,777,609,1.23568,0,0
0250401074100030c043a000a00000c7,2,1,60,164,141,777,609,1.23568,0,0
0250401074100030c043a000a00000c7,2,1,61,164,141,777,609,1.23568,0,0
0250401074100030c043a000a00000c7,2,1,62,164,141,777,609,1.23568,0,0
0250401074100030c043a000a00000c7,2,1,63,164,141,777,609,1.23568,0,0
0250401074100030c043a000a00000c7,2,1,0,164,141,778,610,1.17817,3,0.00254631
0250401074100030c043a000a00000c7,2,1,1,164,141,778,610,1.17817,0,0
0250401074100030c043a000a00000c7,2,1,2,164,141,778,610,1.17817,0,0
0250401074100030c043a000a00000c7,2,1,3,164,141,778,610,1.17817,1,0.000848771
0250401074100030c043a000a00000c7,2,1,4,164,141,778,610,1.17817,7,0.0059414
0250401074100030c043a000a00000c7,2,1,5,164,141,778,610,1.17817,0,0
0250401074100030c043a000a00000c7,2,1,6,164,141,778,610,1.17817,12,0.0101853
0250401074100030c043a000a00000c7,2,1,7,164,141,778,610,1.17817,0,0
0250401074100030c043a000a00000c7,2,1,8,164,141,778,610,1.17817,11,0.00933649
0250401074100030c043a000a00000c7,2,1,9,164,141,778,610,1.17817,0,0
0250401074100030c043a000a00000c7,2,1,10,164,141,778,610,1.17817,8,0.00679017
0250401074100030c043a000a00000c7,2,1,11,164,141,778,610,1.17817,5,0.00424386
0250401074100030c043a000a00000c7,2,1,12,164,141,778,610,1.17817,12,0.0101853
0250401074100030c043a000a00000c7,2,1,13,164,141,778,610,1.17817,8,0.00679017
0250401074100030c043a000a00000c7,2,1,14,164,141,778,610,1.17817,13,0.011034
0250401074100030c043a000a00000c7,2,1,15,164,141,778,610,1.17817,5,0.00424386
0250401074100030c043a000a00000c7,2,1,16,164,141,778,610,1.17817,17,0.0144291
0250401074100030c043a000a00000c7,2,1,17,164,141,778,610,1.17817,2,0.00169754
0250401074100030c043a000a00000c7,2,1,18,164,141,778,610,1.17817,16,0.0135803
0250401074100030c043a000a00000c7,2,1,19,164,141,778,610,1.17817,9,0.00763894
0250401074100030c043a000a00000c7,2,1,20,164,141,778,610,1.17817,11,0.00933649
0250401074100030c043a000a00000c7,2,1,21,164,141,778,610,1.17817,9,0.00763894
0250401074100030c043a000a00000c7,2,1,22,164,141,778,610,1.17817,15,0.0127316
0250401074100030c043a000a00000c7,2,1,23,164,141,778,610,1.17817,8,0.00679017
0250401074100030c043a000a00000c7,2,1,24,164,141,778,610,1.17817,14,0.0118828
0250401074100030c043a000a00000c7,2,1,25,164,141,778,610,1.17817,9,0.00763894
0250401074100030c043a000a00000c7,2,1,26,164,141,778,610,1.17817,17,0.0144291
0250401074100030c043a000a00000c7,2,1,27,164,141,778,610,1.17817,14,0.0118828
0250401074100030c043a000a00000c7,2,1,28,164,141,778,610,1.17817,0,0
0250401074100030c043a000a00000c7,2,1,29,164,141,778,610,1.17817,8,0.00679017
0250401074100030c043a000a00000c7,2,1,30,164,141,778,610,1.17817,16,0.0135803
0250401074100030c043a000a00000c7,2,1,31,164,141,778,610,1.17817,12,0.0101853
0250401074100030c043a000a00000c7,2,1,32,164,141,778,610,1.17817,13,0.011034
0250401074100030c043a000a00000c7,2,1,33,164,141,778,610,1.17817,12,0.0101853
0250401074100030c043a000a00000c7,2,1,34,164,141,778,610,1.17817,16,0.0135803
0250401074100030c043a000a00000c7,2,1,35,164,141,778,610,1.17817,11,0.00933649
0250401074100030c043a000a00000c7,2,1,36,164,141,778,610,1.17817,11,0.00933649
0250401074100030c043a000a00000c7,2,1,37,164,141,778,610,1.17817,3,0.00254631
0250401074100030c043a000a00000c7,2,1,38,164,141,778,610,1.17817,16,0.0135803
0250401074100030c043a000a00000c7,2,1,39,164,141,778,610,1.17817,10,0.00848771
0250401074100030c043a000a00000c7,2,1,40,164,141,778,610,1.17817,13,0.011034
0250401074100030c043a000a00000c7,2,1,41,164,141,778,610,1.17817,8,0.00679017
0250401074100030c043a000a00000c7,2,1,42,164,141,778,610,1.17817,11,0.00933649
0250401074100030c043a000a00000c7,2,1,43,164,141,778,610,1.17817,7,0.0059414
0250401074100030c043a000a00000c7,2,1,44,164,141,778,610,1.17817,11,0.00933649
0250401074100030c043a000a00000c7,2,1,45,164,141,778,610,1.17817,1,0.000848771
0250401074100030c043a000a00000c7,2,1,46,164,141,778,610,1.17817,7,0.0059414
0250401074100030c043a000a00000c7,2,1,47,164,141,778,610,1.17817,1,0.000848771
0250401074100030c043a000a00000c7,2,1,48,164,141,778,610,1.17817,8,0.00679017
0250401074100030c043a000a00000c7,2,1,49,164,141,778,610,1.17817,5,0.00424386
0250401074100030c043a000a00000c7,2,1,50,164,141,778,610,1.17817,4,0.00339509
0250401074100030c043a000a00000c7,2,1,51,164,141,778,610,1.17817,2,0.00169754
0250401074100030c043a000a00000c7,2,1,52,164,141,778,610,1.17817,0,0
0250401074100030c043a000a00000c7,2,1,53,164,141,778,610,1.17817,0,0
0250401074100030c043a000a00000c7,2,1,54,164,141,778,610,1.17817,0,0
0250401074100030c043a000a00000c7,2,1,55,164,141,778,610,1.17817,0,0
0250401074100030c043a000a00000c7,2,1,56,164,141,778,610,1.17817,0,0
0250401074100030c043a000a00000c7,2,1,57,164,141,778,610,1.17817,0,0
0250401074100030c043a000a00000c7,2,1,58,164,141,778,610,1.17817,0,0
0250401074100030c043a000a00000c7,2,1,59,164,141,778,610,1.17817,0,0
0250401074100030c043a000a00000c7,2,1,60,164,141,778,610,1.17817,0,0
0250401074100030c043a000a00000c7,2,1,61,164,141,778,610,1.17817,0,0
0250401074100030c043a000a00000c7,2,1,62,164,141,778,610,1.17817,0,0
0250401074100030c043a000a00000c7,2,1,63,164,141,778,610,1.17817,0,0
0250401074100030c043a000a00000c7,2,1,0,164,141,779,611,1.26517,0,0
0250401074100030c043a000a00000c7,2,1,1,164,141,779,611,1.26517,0,0
0250401074100030c043a000a00000c7,2,1,2,164,141,779,611,1.26517,0,0
0250401074100030c043a000a00000c7,2,1,3,164,141,779,611,1.26517,0,0
0250401074100030c043a000a00000c7,2,1,4,164,141,779,611,1.26517,0,0
0250401074100030c043a000a00000c7,2,1,5,164,141,779,611,1.26517,0,0
0250401074100030c043a000a00000c7,2,1,6,164,141,779,611,1.26517,0,0
0250401074100030c043a000a00000c7,2,1,7,164,141,779,611,1.26517,0,0
0250401074100030c043a000a00000c7,2,1,8,164,141,779,611,1.26517,0,0
0250401074100030c043a000a00000c7,2,1,9,164,141,779,611,1.26517,0,0
0250401074100030c043a000a00000c7,2,1,10,164,141,779,611,1.26517,0,0
0250401074100030c043a000a00000c7,2,1,11,164,141,779,611,1.26517,0,0
0250401074100030c043a000a00000c7,2,1,12,164,141,779,611,1.26517,0,0
0250401074100030c043a000a00000c7,2,1,13,164,141,779,611,1.26517,0,0
0250401074100030c043a000a00000c7,2,1,14,164,141,779,611,1.26517,0,0
0250401074100030c043a000a00000c7,2,1,15,164,141,779,611,1.26517,0,0
0250401074100030c043a000a00000c7,2,1,16,164,141,779,611,1.26517,0,0
0250401074100030c043a000a00000c7,2,1,17,164,141,779,611,1.26517,0,0
0250401074100030c043a000a00000c7,2,1,18,164,141,779,611,1.26517,0,0
0250401074100030c043a000a00000c7,2,1,19,164,141,779,611,1.26517,0,0
0250401074100030c043a000a00000c7,2,1,20,164,141,779,611,1.26517,0,0
0250401074100030c043a000a00000c7,2,1,21,164,141,779,611,1.26517,0,0
0250401074100030c043a000a00000c7,2,1,22,164,141,779,611,1.26517,0,0
0250401074100030c043a000a00000c7,2,1,23,164,141,779,611,1.26517,0,0
0250401074100030c043a000a00000c7,2,1,24,164,141,779,611,1.26517,0,0
0250401074100030c043a000a00000c7,2,1,25,164,141,779,611,1.26517,0,0
0250401074100030c043a000a00000c7,2,1,26,164,141,779,611,1.26517,0,0
0250401074100030c043a000a00000c7,2,1,27,164,141,779,611,1.26517,0,0
0250401074100030c043a000a00000c7,2,1,28,164,141,779,611,1.26517,0,0
0250401074100030c043a000a00000c7,2,1,29,164,141,779,611,1.26517,0,0
0250401074100030c043a000a00000c7,2,1,30,164,141,779,611,1.26517,0,0
0250401074100030c043a000a00000c7,2,1,31,164,141,779,611,1.26517,0,0
0250401074100030c043a000a00000c7,2,1,32,164,141,779,611,1.26517,0,0
0250401074100030c043a000a00000c7,2,1,33,164,141,779,611,1.26517,0,0
0250401074100030c043a000a00000c7,2,1,34,164,141,779,611,1.26517,0,0
0250401074100030c043a000a00000c7,2,1,35,164,141,779,611,1.26517,0,0
0250401074100030c043a000a00000c7,2,1,36,164,141,779,611,1.26517,0,0
0250401074100030c043a000a00000c7,2,1,37,164,141,779,611,1.26517,0,0
0250401074100030c043a000a00000c7,2,1,38,164,141,779,611,1.26517,0,0
0250401074100030c043a000a00000c7,2,1,39,164,141,779,611,1.26517,0,0
0250401074100030c043a000a00000c7,2,1,40,164,141,779,611,1.26517,0,0
0250401074100030c043a000a00000c7,2,1,41,164,141,779,611,1.26517,0,0
0250401074100030c043a000a00000c7,2,1,42,164,141,779,611,1.26517,0,0
0250401074100030c043a000a00000c7,2,1,43,164,141,779,611,1.26517,0,0
0250401074100030c043a000a00000c7,2,1,44,164,141,779,611,1.26517,0,0
0250401074100030c043a000a00000c7,2,1,45,164,141,779,611,1.26517,0,0
0250401074100030c043a000a00000c7,2,1,46,164,141,779,611,1.26517,0,0
0250401074100030c043a000a00000c7,2,1,47,164,141,779,611,1.26517,0,0
0250401074100030c043a000a00000c7,2,1,48,164,141,779,611,1.26517,0,0
0250401074100030c043a000a00000c7,2,1,49,164,141,779,611,1.26517,0,0
0250401074100030c043a000a00000c7,2,1,50,164,141,779,611,1.26517,0,0
0250401074100030c043a000a00000c7,2,1,51,164,141,779,611,1.26517,0,0
0250401074100030c043a000a00000c7,2,1,52,164,141,779,611,1.26517,0,0
0250401074100030c043a000a00000c7,2,1,53,164,141,779,611,1.26517,0,0
0250401074100030c043a000a00000c7,2,1,54,164,141,779,611,1.26517,0,0
0250401074100030c043a000a00000c7,2,1,55,164,141,779,611,1.26517,0,0
0250401074100030c043a000a00000c7,2,1,56,164,141,779,611,1.26517,0,0
0250401074100030c043a000a00000c7,2,1,57,164,141,779,611,1.26517,0,0
0250401074100030c043a000a00000c7,2,1,58,164,141,779,611,1.26517,0,0
0250401074100030c043a000a00000c7,2,1,59,164,141,779,611,1.26517,0,0
0250401074100030c043a000a00000c7,2,1,60,164,141,779,611,1.26517,0,0
0250401074100030c043a000a00000c7,2,1,61,164,141,779,611,1.26517,0,0
0250401074100030c043a000a00000c7,2,1,62,164,141,779,611,1.26517,0,0
0250401074100030c043a000a00000c7,2,1,63,164,141,779,611,1.26517,0,0
0250401074100030c043a000a00000c7,2,1,0,164,141,780,611,1.56746,3,0.00191393
0250401074100030c043a000a00000c7,2,1,1,164,141,780,611,1.56746,0,0
0250401074100030c043a000a00000c7,2,1,2,164,141,780,611,1.56746,0,0
0250401074100030c043a000a00000c7,2,1,3,164,141,780,611,1.56746,0,0
0250401074100030c043a000a00000c7,2,1,4,164,141,780,611,1.56746,8,0.00510381
0250401074100030c043a000a00000c7,2,1,5,164,141,780,611,1.56746,0,0
0250401074100030c043a000a00000c7,2,1,6,164,141,780,611,1.56746,17,0.0108456
0250401074100030c043a000a00000c7,2,1,7,164,141,780,611,1.56746,0,0
0250401074100030c043a000a00000c7,2,1,8,164,141,780,611,1.56746,16,0.0102076
0250401074100030c043a000a00000c7,2,1,9,164,141,780,611,1.56746,0,0
0250401074100030c043a000a00000c7,2,1,10,164,141,780,611,1.56746,8,0.00510381
0250401074100030c043a000a00000c7,2,1,11,164,141,780,611,1.56746,4,0.0025519
0250401074100030c043a000a00000c7,2,1,12,164,141,780,611,1.56746,17,0.0108456
0250401074100030c043a000a00000c7,2,1,13,164,141,780,611,1.56746,7,0.00446583
0250401074100030c043a000a00000c7,2,1,14,164,141,780,611,1.56746,19,0.0121215
0250401074100030c043a000a00000c7,2,1,15,164,141,780,611,1.56746,6,0.00382786
0250401074100030c043a000a00000c7,2,1,16,164,141,780,611,1.56746,26,0.0165874
0250401074100030c043a000a00000c7,2,1,17,164,141,780,611,1.56746,2,0.00127595
0250401074100030c043a000a00000c7,2,1,18,164,141,780,611,1.56746,24,0.0153114
0250401074100030c043a000a00000c7,2,1,19,164,141,780,611,1.56746,9,0.00574178
0250401074100030c043a000a00000c7,2,1,20,164,141,780,611,1.56746,17,0.0108456
0250401074100030c043a000a00000c7,2,1,21,164,141,780,611,1.56746,11,0.00701774
0250401074100030c043a000a00000c7,2,1,22,164,141,780,611,1.56746,22,0.0140355
0250401074100030c043a000a00000c7,2,1,23,164,141,780,611,1.56746,7,0.00446583
0250401074100030c043a000a00000c7,2,1,24,164,141,780,611,1.56746,21,0.0133975
0250401074100030c043a000a00000c7,2,1,25,164,141,780,611,1.56746,12,0.00765571
0250401074100030c043a000a00000c7,2,1,26,164,141,780,611,1.56746,26,0.0165874
0250401074100030c043a000a00000c7,2,1,27,164,141,780,611,1.56746,20,0.0127595
0250401074100030c043a000a00000c7,2,1,28,164,141,780,611,1.56746,0,0
0250401074100030c043a000a00000c7,2,1,29,164,141,780,611,1.56746,12,0.00765571
0250401074100030c043a000a00000c7,2,1,30,164,141,780,611,1.56746,26,0.0165874
0250401074100030c043a000a00000c7,2,1,31,164,141,780,611,1.56746,21,0.0133975
0250401074100030c043a000a00000c7,2,1,32,164,141,780,611,1.56746,22,0.0140355
0250401074100030c043a000a00000c7,2,1,33,164,141,780,611,1.56746,16,0.0102076
0250401074100030c043a000a00000c7,2,1,34,164,141,780,611,1.56746,25,0.0159494
0250401074100030c043a000a00000c7,2,1,35,164,141,780,611,1.56746,16,0.0102076
0250401074100030c043a000a00000c7,2,1,36,164,141,780,611,1.56746,17,0.0108456
0250401074100030c043a000a00000c7,2,1,37,164,141,780,611,1.56746,4,0.0025519
0250401074100030c043a000a00000c7,2,1,38,164,141,780,611,1.56746,25,0.0159494
0250401074100030c043a000a00000c7,2,1,39,164,141,780,611,1.56746,12,0.00765571
0250401074100030c043a000a00000c7,2,1,40,164,141,780,611,1.56746,21,0.0133975
0250401074100030c043a000a00000c7,2,1,41,164,141,780,611,1.56746,10,0.00637976
0250401074100030c043a000a00000c7,2,1,42,164,141,780,611,1.56746,15,0.00956964
0250401074100030c043a000a00000c7,2,1,43,164,141,780,611,1.56746,7,0.00446583
0250401074100030c043a000a00000c7,2,1,44,164,141,780,611,1.56746,18,0.0114836
0250401074100030c043a000a00000c7,2,1,45,164,141,780,611,1.56746,1,0.000637976
0250401074100030c043a000a00000c7,2,1,46,164,141,780,611,1.56746,7,0.00446583
0250401074100030c043a000a00000c7,2,1,47,164,141,780,611,1.56746,0,0
0250401074100030c043a000a00000c7,2,1,48,164,141,780,611,1.56746,10,0.00637976
0250401074100030c043a000a00000c7,2,1,49,164,141,780,611,1.56746,6,0.00382786
0250401074100030c043a000a00000c7,2,1,50,164,141,780,611,1.56746,4,0.0025519
0250401074100030c043a000a00000c7,2,1,51,164,141,780,611,1.56746,1,0.000637976
0250401074100030c043a000a00000c7,2,1,52,164,141,780,611,1.56746,0,0
0250401074100030c043a000a00000c7,2,1,53,164,141,780,611,1.56746,0,0
0250401074100030c043a000a00000c7,2,1,54,164,141,780,611,1.56746,0,0
0250401074100030c043a000a00000c7,2,1,55,164,141,780,611,1.56746,0,0
0250401074100030c043a000a00000c7,2,1,56,164,141,780,611,1.56746,0,0
0250401074100030c043a000a00000c7,2,1,57,164,141,780,611,1.56746,0,0
0250401074100030c043a000a00000c7,2,1,58,164,141,780,611,1.56746,0,0
0250401074100030c043a000a00000c7,2,1,59,164,141,780,611,1.56746,0,0
0250401074100030c043a000a00000c7,2,1,60,164,141,780,611,1.56746,0,0
0250401074100030c043a000a00000c7,2,1,61,164,141,780,611,1.56746,0,0
0250401074100030c043a000a00000c7,2,1,62,164,141,780,611,1.56746,0,0
0250401074100030c043a000a00000c7,2,1,63,164,141,780,611,1.56746,0,0
0250401074100030c043a000a00000c7,2,1,0,164,141,781,613,1.28287,1,0.000779504
0250401074100030c043a000a00000c7,2,1,1,164,141,781,613,1.28287,0,0
0250401074100030c043a000a00000c7,2,1,2,164,141,781,613,1.28287,0,0
0250401074100030c043a000a00000c7,2,1,3,164,141,781,613,1.28287,0,0
0250401074100030c043a000a00000c7,2,1,4,164,141,781,613,1.28287,4,0.00311802
0250401074100030c043a000a00000c7,2,1,5,164,141,781,613,1.28287,0,0
0250401074100030c043a000a00000c7,2,1,6,164,141,781,613,1.28287,8,0.00623603
0250401074100030c043a000a00000c7,2,1,7,164,141,781,613,1.28287,0,0
0250401074100030c043a000a00000c7,2,1,8,164,141,781,613,1.28287,8,0.00623603
0250401074100030c043a000a00000c7,2,1,9,164,141,781,613,1.28287,0,0
0250401074100030c043a000a00000c7,2,1,10,164,141,781,613,1.28287,4,0.00311802
0250401074100030c043a000a00000c7,2,1,11,164,141,781,613,1.28287,2,0.00155901
0250401074100030c043a000a00000c7,2,1,12,164,141,781,613,1.28287,8,0.00623603
0250401074100030c043a000a00000c7,2,1,13,164,141,781,613,1.28287,3,0.00233851
0250401074100030c043a000a00000c7,2,1,14,164,141,781,613,1.28287,9,0.00701554
0250401074100030c043a000a00000c7,2,1,15,164,141,781,613,1.28287,2,0.00155901
0250401074100030c043a000a00000c7,2,1,16,164,141,781,613,1.28287,16,0.0124721
0250401074100030c043a000a00000c7,2,1,17,164,141,781,613,1.28287,1,0.000779504
0250401074100030c043a000a00000c7,2,1,18,164,141,781,613,1.28287,10,0.00779504
0250401074100030c043a000a00000c7,2,1,19,164,141,781,613,1.28287,4,0.00311802
0250401074100030c043a000a00000c7,2,1,20,164,141,781,613,1.28287,7,0.00545653
0250401074100030c043a000a00000c7,2,1,21,164,141,781,613,1.28287,5,0.00389752
0250401074100030c043a000a00000c7,2,1,22,164,141,781,613,1.28287,10,0.00779504
0250401074100030c043a000a00000c7,2,1,23,164,141,781,613,1.28287,2,0.00155901
0250401074100030c043a000a00000c7,2,1,24,164,141,781,613,1.28287,9,0.00701554
0250401074100030c043a000a00000c7,2,1,25,164,141,781,613,1.28287,6,0.00467702
0250401074100030c043a000a00000c7,2,1,26,164,141,781,613,1.28287,17,0.0132516
0250401074100030c043a000a00000c7,2,1,27,164,141,781,613,1.28287,9,0.00701554
0250401074100030c043a000a00000c7,2,1,28,164,141,781,613,1.28287,0,0
0250401074100030c043a000a00000c7,2,1,29,164,141,781,613,1.28287,5,0.00389752
0250401074100030c043a000a00000c7,2,1,30,164,141,781,613,1.28287,15,0.0116926
0250401074100030c043a000a00000c7,2,1,31,164,141,781,613,1.28287,9,0.00701554
0250401074100030c043a000a00000c7,2,1,32,164,141,781,613,1.28287,10,0.00779504
0250401074100030c043a000a00000c7,2,1,33,164,141,781,613,1.28287,7,0.00545653
0250401074100030c043a000a00000c7,2,1,34,164,141,781,613,1.28287,14,0.0109131
0250401074100030c043a000a00000c7,2,1,35,164,141,781,613,1.28287,7,0.00545653
0250401074100030c043a000a00000c7,2,1,36,164,141,781,613,1.28287,8,0.00623603
0250401074100030c043a000a00000c7,2,1,37,164,141,781,613,1.28287,1,0.000779504
0250401074100030c043a000a00000c7,2,1,38,164,141,781,613,1.28287,14,0.0109131
0250401074100030c043a000a00000c7,2,1,39,164,141,781,613,1.28287,6,0.00467702
0250401074100030c043a000a00000c7,2,1,40,164,141,781,613,1.28287,9,0.00701554
0250401074100030c043a000a00000c7,2,1,41,164,141,781,613,1.28287,5,0.00389752
0250401074100030c043a000a00000c7,2,1,42,164,141,781,613,1.28287,6,0.00467702
0250401074100030c043a000a00000c7,2,1,43,164,141,781,613,1.28287,2,0.00155901
0250401074100030c043a000a00000c7,2,1,44,164,141,781,613,1.28287,8,0.00623603
0250401074100030c043a000a00000c7,2,1,45,164,141,781,613,1.28287,0,0
0250401074100030c043a000a00000c7,2,1,46,164,141,781,613,1.28287,3,0.00233851
0250401074100030c043a000a00000c7,2,1,47,164,141,781,613,1.28287,0,0
0250401074100030c043a000a00000c7,2,1,48,164,141,781,613,1.28287,4,0.00311802
0250401074100030c043a000a00000c7,2,1,49,164,141,781,613,1.28287,2,0.00155901
0250401074100030c043a000a00000c7,2,1,50,164,141,781,613,1.28287,2,0.00155901
0250401074100030c043a000a00000c7,2,1,51,164,141,781,613,1.28287,0,0
0250401074100030c043a000a00000c7,2,1,52,164,141,781,613,1.28287,0,0
0250401074100030c043a000a00000c7,2,1,53,164,141,781,613,1.28287,0,0
0250401074100030c043a000a00000c7,2,1,54,164,141,781,613,1.28287,0,0
0250401074100030c043a000a00000c7,2,1,55,164,141,781,613,1.28287,0,0
0250401074100030c043a000a00000c7,2,1,56,164,141,781,613,1.28287,0,0
0250401074100030c043a000a00000c7,2,1,57,164,141,781,613,1.28287,0,0
0250401074100030c043a000a00000c7,2,1,58,164,141,781,613,1.28287,0,0
0250401074100030c043a000a00000c7,2,1,59,164,141,781,613,1.28287,0,0
0250401074100030c043a000a00000c7,2,1,60,164,141,781,613,1.28287,0,0
0250401074100030c043a000a00000c7,2,1,61,164,141,781,613,1.28287,0,0
0250401074100030c043a000a00000c7,2,1,62,164,141,781,613,1.28287,0,0
0250401074100030c043a000a00000c7,2,1,63,164,141,781,613,1.28287,0,0
0250401074100030c043a000a00000c7,2,1,0,164,141,782,613,1.81223,0,0
0250401074100030c043a000a00000c7,2,1,1,164,141,782,613,1.81223,0,0
0250401074100030c043a000a00000c7,2,1,2,164,141,782,613,1.81223,0,0
0250401074100030c043a000a00000c7,2,1,3,164,141,782,613,1.81223,0,0
0250401074100030c043a000a00000c7,2,1,4,164,141,782,613,1.81223,0,0
0250401074100030c043a000a00000c7,2,1,5,164,141,782,613,1.81223,0,0
0250401074100030c043a000a00000c7,2,1,6,164,141,782,613,1.81223,4,0.00220722
0250401074100030c043a000a00000c7,2,1,7,164,141,782,613,1.81223,0,0
0250401074100030c043a000a00000c7,2,1,8,164,141,782,613,1.81223,3,0.00165542
0250401074100030c043a000a00000c7,2,1,9,164,141,782,613,1.81223,0,0
0250401074100030c043a000a00000c7,2,1,10,164,141,782,613,1.81223,0,0
0250401074100030c043a000a00000c7,2,1,11,164,141,782,613,1.81223,0,0
0250401074100030c043a000a00000c7,2,1,12,164,141,782,613,1.81223,3,0.00165542
0250401074100030c043a000a00000c7,2,1,13,164,141,782,613,1.81223,0,0
0250401074100030c043a000a00000c7,2,1,14,164,141,782,613,1.81223,6,0.00331083
0250401074100030c043a000a00000c7,2,1,15,164,141,782,613,1.81223,0,0
0250401074100030c043a000a00000c7,2,1,16,164,141,782,613,1.81223,16,0.00882888
0250401074100030c043a000a00000c7,2,1,17,164,141,782,613,1.81223,0,0
0250401074100030c043a000a00000c7,2,1,18,164,141,782,613,1.81223,12,0.00662166
0250401074100030c043a000a00000c7,2,1,19,164,141,782,613,1.81223,1,0.000551805
0250401074100030c043a000a00000c7,2,1,20,164,141,782,613,1.81223,3,0.00165542
0250401074100030c043a000a00000c7,2,1,21,164,141,782,613,1.81223,1,0.000551805
0250401074100030c043a000a00000c7,2,1,22,164,141,782,613,1.81223,10,0.00551805
0250401074100030c043a000a00000c7,2,1,23,164,141,782,613,1.81223,0,0
0250401074100030c043a000a00000c7,2,1,24,164,141,782,613,1.81223,10,0.00551805
0250401074100030c043a000a00000c7,2,1,25,164,141,782,613,1.81223,1,0.000551805
0250401074100030c043a000a00000c7,2,1,26,164,141,782,613,1.81223,14,0.00772527
0250401074100030c043a000a00000c7,2,1,27,164,141,782,613,1.81223,7,0.00386264
0250401074100030c043a000a00000c7,2,1,28,164,141,782,613,1.81223,0,0
0250401074100030c043a000a00000c7,2,1,29,164,141,782,613,1.81223,1,0.000551805
0250401074100030c043a000a00000c7,2,1,30,164,141,782,613,1.81223,14,0.00772527
0250401074100030c043a000a00000c7,2,1,31,164,141,782,613,1.81223,6,0.00331083
0250401074100030c043a000a00000c7,2,1,32,164,141,782,613,1.81223,9,0.00496625
0250401074100030c043a000a00000c7,2,1,33,164,141,782,613,1.81223,3,0.00165542
0250401074100030c043a000a00000c7,2,1,34,164,141,782,613,1.81223,13,0.00717347
0250401074100030c043a000a00000c7,2,1,35,164,141,782,613,1.81223,4,0.00220722
0250401074100030c043a000a00000c7,2,1,36,164,141,782,613,1.81223,3,0.00165542
0250401074100030c043a000a00000c7,2,1,37,164,141,782,613,1.81223,0,0
0250401074100030c043a000a00000c7,2,1,38,164,141,782,613,1.81223,14,0.00772527
0250401074100030c043a000a00000c7,2,1,39,164,141,782,613,1.81223,2,0.00110361
0250401074100030c043a000a00000c7,2,1,40,164,141,782,613,1.81223,5,0.00275903
0250401074100030c043a000a00000c7,2,1,41,164,141,782,613,1.81223,0,0
0250401074100030c043a000a00000c7,2,1,42,164,141,782,613,1.81223,3,0.00165542
0250401074100030c043a000a00000c7,2,1,43,164,141,782,613,1.81223,0,0
0250401074100030c043a000a00000c7,2,1,44,164,141,782,613,1.81223,4,0.00220722
0250401074100030c043a000a00000c7,2,1,45,164,141,782,613,1.81223,0,0
0250401074100030c043a000a00000c7,2,1,46,164,141,782,613,1.81223,0,0
0250401074100030c043a000a00000c7,2,1,47,164,141,782,613,1.81223,0,0
0250401074100030c043a000a00000c7,2,1,48,164,141,782,613,1.81223,0,0
0250401074100030c043a000a00000c7,2,1,49,164,141,782,613,1.81223,0,0
0250401074100030c043a000a00000c7,2,1,50,164,141,782,613,1.81223,0,0
0250401074100030c043a000a00000c7,2,1,51,164,141,782,613,1.81223,0,0
0250401074100030c043a000a00000c7,2,1,52,164,141,782,613,1.81223,0,0
0250401074100030c043a000a00000c7,2,1,53,164,141,782,613,1.81223,0,0
0250401074100030c043a000a00000c7,2,1,54,164,141,782,613,1.81223,0,0
0250401074100030c043a000a00000c7,2,1,55,164,141,782,613,1.81223,0,0
0250401074100030c043a000a00000c7,2,1,56,164,141,782,613,1.81223,0,0
0250401074100030c043a000a00000c7,2,1,57,164,141,782,613,1.81223,0,0
0250401074100030c043a000a00000c7,2,1,58,164,141,782,613,1.81223,0,0
0250401074100030c043a000a00000c7,2,1,59,164,141,782,613,1.81223,0,0
0250401074100030c043a000a00000c7,2,1,60,164,141,782,613,1.81223,0,0
0250401074100030c043a000a00000c7,2,1,61,164,141,782,613,1.81223,0,0
0250401074100030c043a000a00000c7,2,1,62,164,141,782,613,1.81223,0,0
0250401074100030c043a000a00000c7,2,1,63,164,141,782,613,1.81223,0,0
0250401074100030c043a000a00000c7,2,1,0,164,141,783,614,1.39198,0,0
0250401074100030c043a000a00000c7,2,1,1,164,141,783,614,1.39198,0,0
0250401074100030c043a000a00000c7,2,1,2,164,141,783,614,1.39198,0,0
0250401074100030c043a000a00000c7,2,1,3,164,141,783,614,1.39198,0,0
0250401074100030c043a000a00000c7,2,1,4,164,141,783,614,1.39198,0,0
0250401074100030c043a000a00000c7,2,1,5,164,141,783,614,1.39198,0,0
0250401074100030c043a000a00000c7,2,1,6,164,141,783,614,1.39198,0,0
0250401074100030c043a000a00000c7,2,1,7,164,141,783,614,1.39198,0,0
0250401074100030c043a000a00000c7,2,1,8,164,141,783,614,1.39198,0,0
0250401074100030c043a000a00000c7,2,1,9,164,141,783,614,1.39198,0,0
0250401074100030c043a000a00000c7,2,1,10,164,141,783,614,1.39198,0,0
0250401074100030c043a000a00000c7,2,1,11,164,141,783,614,1.39198,0,0
0250401074100030c043a000a00000c7,2,1,12,164,141,783,614,1.39198,0,0
0250401074100030c043a000a00000c7,2,1,13,164,141,783,614,1.39198,0,0
0250401074100030c043a000a00000c7,2,1,14,164,141,783,614,1.39198,0,0
0250401074100030c043a000a00000c7,2,1,15,164,141,783,614,1.39198,0,0
0250401074100030c043a000a00000c7,2,1,16,164,141,783,614,1.39198,0,0
0250401074100030c043a000a00000c7,2,1,17,164,141,783,614,1.39198,0,0
0250401074100030c043a000a00000c7,2,1,18,164,141,783,614,1.39198,0,0
0250401074100030c043a000a00000c7,2,1,19,164,141,783,614,1.39198,0,0
0250401074100030c043a000a00000c7,2,1,20,164,141,783,614,1.39198,0,0
0250401074100030c043a000a00000c7,2,1,21,164,141,783,614,1.39198,0,0
0250401074100030c043a000a00000c7,2,1,22,164,141,783,614,1.39198,0,0
0250401074100030c043a000a00000c7,2,1,23,164,141,783,614,1.39198,0,0
0250401074100030c043a000a00000c7,2,1,24,164,141,783,614,1.39198,0,0
0250401074100030c043a000a00000c7,2,1,25,164,141,783,614,1.39198,0,0
0250401074100030c043a000a00000c7,2,1,26,164,141,783,614,1.39198,0,0
0250401074100030c043a000a00000c7,2,1,27,164,141,783,614,1.39198,0,0
0250401074100030c043a000a00000c7,2,1,28,164,141,783,614,1.39198,0,0
0250401074100030c043a000a00000c7,2,1,29,164,141,783,614,1.39198,0,0
0250401074100030c043a000a00000c7,2,1,30,164,141,783,614,1.39198,0,0
0250401074100030c043a000a00000c7,2,1,31,164,141,783,614,1.39198,0,0
0250401074100030c043a000a00000c7,2,1,32,164,141,783,614,1.39198,0,0
0250401074100030c043a000a00000c7,2,1,33,164,141,783,614,1.39198,0,0
0250401074100030c043a000a00000c7,2,1,34,164,141,783,614,1.39198,0,0
0250401074100030c043a000a00000c7,2,1,35,164,141,783,614,1.39198,0,0
0250401074100030c043a000a00000c7,2,1,36,164,141,783,614,1.39198,0,0
0250401074100030c043a000a00000c7,2,1,37,164,141,783,614,1.39198,0,0
0250401074100030c043a000a00000c7,2,1,38,164,141,783,614,1.39198,0,0
0250401074100030c043a000a00000c7,2,1,39,164,141,783,614,1.39198,0,0
0250401074100030c043a000a00000c7,2,1,40,164,141,783,614,1.39198,0,0
0250401074100030c043a000a00000c7,2,1,41,164,141,783,614,1.39198,0,0
0250401074100030c043a000a00000c7,2,1,42,164,141,783,614,1.39198,0,0
0250401074100030c043a000a00000c7,2,1,43,164,141,783,614,1.39198,0,0
0250401074100030c043a000a00000c7,2,1,44,164,141,783,614,1.39198,0,0
0250401074100030c043a000a00000c7,2,1,45,164,141,783,614,1.39198,0,0
0250401074100030c043a000a00000c7,2,1,46,164,141,783,614,1.39198,0,0
0250401074100030c043a000a00000c7,2,1,47,164,141,783,614,1.39198,0,0
0250401074100030c043a000a00000c7,2,1,48,164,141,783,614,1.39198,0,0
0250401074100030c043a000a00000c7,2,1,49,164,141,783,614,1.39198,0,0
0250401074100030c043a000a00000c7,2,1,50,164,141,783,614,1.39198,0,0
0250401074100030c043a000a00000c7,2,1,51,164,141,783,614,1.39198,0,0
0250401074100030c043a000a00000c7,2,1,52,164,141,783,614,1.39198,0,0
0250401074100030c043a000a00000c7,2,1,53,164,141,783,614,1.39198,0,0
0250401074100030c043a000a00000c7,2,1,54,164,141,783,614,1.39198,0,0
0250401074100030c043a000a00000c7,2,1,55,164,141,783,614,1.39198,0,0
0250401074100030c043a000a00000c7,2,1,56,164,141,783,614,1.39198,0,0
0250401074100030c043a000a00000c7,2,1,57,164,141,783,614,1.39198,0,0
0250401074100030c043a000a00000c7,2,1,58,164,141,783,614,1.39198,0,0
0250401074100030c043a000a00000c7,2,1,59,164,141,783,614,1.39198,0,0
0250401074100030c043a000a00000c7,2,1,60,164,141,783,614,1.39198,0,0
0250401074100030c043a000a00000c7,2,1,61,164,141,783,614,1.39198,0,0
0250401074100030c043a000a00000c7,2,1,62,164,141,783,614,1.39198,0,0
0250401074100030c043a000a00000c7,2,1,63,164,141,783,614,1.39198,0,0
0250401074100030c043a000a00000c7,2,1,0,164,141,784,615,1.3448,0,0
0250401074100030c043a000a00000c7,2,1,1,164,141,784,615,1.3448,0,0
0250401074100030c043a000a00000c7,2,1,2,164,141,784,615,1.3448,0,0
0250401074100030c043a000a00000c7,2,1,3,164,141,784,615,1.3448,0,0
0250401074100030c043a000a00000c7,2,1,4,164,141,784,615,1.3448,0,0
0250401074100030c043a000a00000c7,2,1,5,164,141,784,615,1.3448,0,0
0250401074100030c043a000a00000c7,2,1,6,164,141,784,615,1.3448,0,0
0250401074100030c043a000a00000c7,2,1,7,164,141,784,615,1.3448,0,0
0250401074100030c043a000a00000c7,2,1,8,164,141,784,615,1.3448,0,0
0250401074100030c043a000a00000c7,2,1,9,164,141,784,615,1.3448,0,0
0250401074100030c043a000a00000c7,2,1,10,164,141,784,615,1.3448,0,0
0250401074100030c043a000a00000c7,2,1,11,164,141,784,615,1.3448,0,0
0250401074100030c043a000a00000c7,2,1,12,164,141,784,615,1.3448,0,0
0250401074100030c043a000a00000c7,2,1,13,164,141,784,615,1.3448,0,0
0250401074100030c043a000a00000c7,2,1,14,164,141,784,615,1.3448,0,0
0250401074100030c043a000a00000c7,2,1,15,164,141,784,615,1.3448,0,0
0250401074100030c043a000a00000c7,2,1,16,164,141,784,615,1.3448,0,0
0250401074100030c043a000a00000c7,2,1,17,164,141,784,615,1.3448,0,0
0250401074100030c043a000a00000c7,2,1,18,164,141,784,615,1.3448,0,0
0250401074100030c043a000a00000c7,2,1,19,164,141,784,615,1.3448,0,0
0250401074100030c043a000a00000c7,2,1,20,164,141,784,615,1.3448,0,0
0250401074100030c043a000a00000c7,2,1,21,164,141,784,615,1.3448,0,0
0250401074100030c043a000a00000c7,2,1,22,164,141,784,615,1.3448,0,0
0250401074100030c043a000a00000c7,2,1,23,164,141,784,615,1.3448,0,0
0250401074100030c043a000a00000c7,2,1,24,164,141,784,615,1.3448,0,0
0250401074100030c043a000a00000c7,2,1,25,164,141,784,615,1.3448,0,0
0250401074100030c043a000a00000c7,2,1,26,164,141,784,615,1.3448,0,0
0250401074100030c043a000a00000c7,2,1,27,164,141,784,615,1.3448,0,0
0250401074100030c043a000a00000c7,2,1,28,164,141,784,615,1.3448,0,0
0250401074100030c043a000a00000c7,2,1,29,164,141,784,615,1.3448,0,0
0250401074100030c043a000a00000c7,2,1,30,164,141,784,615,1.3448,0,0
0250401074100030c043a000a00000c7,2,1,31,164,141,784,615,1.3448,0,0
0250401074100030c043a000a00000c7,2,1,32,164,141,784,615,1.3448,0,0
0250401074100030c043a000a00000c7,2,1,33,164,141,784,615,1.3448,0,0
0250401074100030c043a000a00000c7,2,1,34,164,141,784,615,1.3448,0,0
0250401074100030c043a000a00000c7,2,1,35,164,141,784,615,1.3448,0,0
0250401074100030c043a000a00000c7,2,1,36,164,141,784,615,1.3448,0,0
0250401074100030c043a000a00000c7,2,1,37,164,141,784,615,1.3448,0,0
0250401074100030c043a000a00000c7,2,1,38,164,141,784,615,1.3448,0,0
0250401074100030c043a000a00000c7,2,1,39,164,141,784,615,1.3448,0,0
0250401074100030c043a000a00000c7,2,1,40,164,141,784,615,1.3448,0,0
0250401074100030c043a000a00000c7,2,1,41,164,141,784,615,1.3448,0,0
0250401074100030c043a000a00000c7,2,1,42,164,141,784,615,1.3448,0,0
0250401074100030c043a000a00000c7,2,1,43,164,141,784,615,1.3448,0,0
0250401074100030c043a000a00000c7,2,1,44,164,141,784,615,1.3448,0,0
0250401074100030c043a000a00000c7,2,1,45,164,141,784,615,1.3448,0,0
0250401074100030c043a000a00000c7,2,1,46,164,141,784,615,1.3448,0,0
0250401074100030c043a000a00000c7,2,1,47,164,141,784,615,1.3448,0,0
0250401074100030c043a000a00000c7,2,1,48,164,141,784,615,1.3448,0,0
0250401074100030c043a000a00000c7,2,1,49,164,141,784,615,1.3448,0,0
0250401074100030c043a000a00000c7,2,1,50,164,141,784,615,1.3448,0,0
0250401074100030c043a000a00000c7,2,1,51,164,141,784,615,1.3448,0,0
0250401074100030c043a000a00000c7,2,1,52,164,141,784,615,1.3448,0,0
0250401074100030c043a000a00000c7,2,1,53,164,141,784,615,1.3448,0,0
0250401074100030c043a000a00000c7,2,1,54,164,141,784,615,1.3448,0,0
0250401074100030c043a000a00000c7,2,1,55,164,141,784,615,1.3448,0,0
0250401074100030c043a000a00000c7,2,1,56,164,141,784,615,1.3448,0,0
0250401074100030c043a000a00000c7,2,1,57,164,141,784,615,1.3448,0,0
0250401074100030c043a000a00000c7,2,1,58,164,141,784,615,1.3448,0,0
0250401074100030c043a000a00000c7,2,1,59,164,141,784,615,1.3448,0,0
0250401074100030c043a000a00000c7,2,1,60,164,141,784,615,1.3448,0,0
0250401074100030c043a000a00000c7,2,1,61,164,141,784,615,1.3448,0,0
0250401074100030c043a000a00000c7,2,1,62,164,141,784,615,1.3448,0,0
0250401074100030c043a000a00000c7,2,1,63,164,141,784,615,1.3448,0,0
0250401074100030c043a000a00000c7,2,1,0,164,141,785,616,1.33153,0,0
0250401074100030c043a000a00000c7,2,1,1,164,141,785,616,1.33153,0,0
0250401074100030c043a000a00000c7,2,1,2,164,141,785,616,1.33153,0,0
0250401074100030c043a000a00000c7,2,1,3,164,141,785,616,1.33153,0,0
0250401074100030c043a000a00000c7,2,1,4,164,141,785,616,1.33153,4,0.00300407
0250401074100030c043a000a00000c7,2,1,5,164,141,785,616,1.33153,0,0
0250401074100030c043a000a00000c7,2,1,6,164,141,785,616,1.33153,7,0.00525712
0250401074100030c043a000a00000c7,2,1,7,164,141,785,616,1.33153,0,0
0250401074100030c043a000a00000c7,2,1,8,164,141,785,616,1.33153,7,0.00525712
0250401074100030c043a000a00000c7,2,1,9,164,141,785,616,1.33153,0,0
0250401074100030c043a000a00000c7,2,1,10,164,141,785,616,1.33153,4,0.00300407
0250401074100030c043a000a00000c7,2,1,11,164,141,785,616,1.33153,1,0.000751017
0250401074100030c043a000a00000c7,2,1,12,164,141,785,616,1.33153,8,0.00600814
0250401074100030c043a000a00000c7,2,1,13,164,141,785,616,1.33153,2,0.00150203
0250401074100030c043a000a00000c7,2,1,14,164,141,785,616,1.33153,9,0.00675915
0250401074100030c043a000a00000c7,2,1,15,164,141,785,616,1.33153,2,0.00150203
0250401074100030c043a000a00000c7,2,1,16,164,141,785,616,1.33153,11,0.00826119
0250401074100030c043a000a00000c7,2,1,17,164,141,785,616,1.33153,0,0
0250401074100030c043a000a00000c7,2,1,18,164,141,785,616,1.33153,10,0.00751017
0250401074100030c043a000a00000c7,2,1,19,164,141,785,616,1.33153,5,0.00375509
0250401074100030c043a000a00000c7,2,1,20,164,141,785,616,1.33153,7,0.00525712
0250401074100030c043a000a00000c7,2,1,21,164,141,785,616,1.33153,5,0.00375509
0250401074100030c043a000a00000c7,2,1,22,164,141,785,616,1.33153,9,0.00675915
0250401074100030c043a000a00000c7,2,1,23,164,141,785,616,1.33153,2,0.00150203
0250401074100030c043a000a00000c7,2,1,24,164,141,785,616,1.33153,9,0.00675915
0250401074100030c043a000a00000c7,2,1,25,164,141,785,616,1.33153,6,0.0045061
0250401074100030c043a000a00000c7,2,1,26,164,141,785,616,1.33153,11,0.00826119
0250401074100030c043a000a00000c7,2,1,27,164,141,785,616,1.33153,9,0.00675915
0250401074100030c043a000a00000c7,2,1,28,164,141,785,616,1.33153,0,0
0250401074100030c043a000a00000c7,2,1,29,164,141,785,616,1.33153,5,0.00375509
0250401074100030c043a000a00000c7,2,1,30,164,141,785,616,1.33153,11,0.00826119
0250401074100030c043a000a00000c7,2,1,31,164,141,785,616,1.33153,9,0.00675915
0250401074100030c043a000a00000c7,2,1,32,164,141,785,616,1.33153,9,0.00675915
0250401074100030c043a000a00000c7,2,1,33,164,141,785,616,1.33153,7,0.00525712
0250401074100030c043a000a00000c7,2,1,34,164,141,785,616,1.33153,11,0.00826119
0250401074100030c043a000a00000c7,2,1,35,164,141,785,616,1.33153,7,0.00525712
0250401074100030c043a000a00000c7,2,1,36,164,141,785,616,1.33153,7,0.00525712
0250401074100030c043a000a00000c7,2,1,37,164,141,785,616,1.33153,0,0
0250401074100030c043a000a00000c7,2,1,38,164,141,785,616,1.33153,11,0.00826119
0250401074100030c043a000a00000c7,2,1,39,164,141,785,616,1.33153,6,0.0045061
0250401074100030c043a000a00000c7,2,1,40,164,141,785,616,1.33153,9,0.00675915
0250401074100030c043a000a00000c7,2,1,41,164,141,785,616,1.33153,5,0.00375509
0250401074100030c043a000a00000c7,2,1,42,164,141,785,616,1.33153,7,0.00525712
0250401074100030c043a000a00000c7,2,1,43,164,141,785,616,1.33153,3,0.00225305
0250401074100030c043a000a00000c7,2,1,44,164,141,785,616,1.33153,9,0.00675915
0250401074100030c043a000a00000c7,2,1,45,164,141,785,616,1.33153,0,0
0250401074100030c043a000a00000c7,2,1,46,164,141,785,616,1.33153,4,0.00300407
0250401074100030c043a000a00000c7,2,1,47,164,141,785,616,1.33153,0,0
0250401074100030c043a000a00000c7,2,1,48,164,141,785,616,1.33153,5,0.00375509
0250401074100030c043a000a00000c7,2,1,49,164,141,785,616,1.33153,2,0.00150203
0250401074100030c043a000a00000c7,2,1,50,164,141,785,616,1.33153,1,0.000751017
0250401074100030c043a000a00000c7,2,1,51,164,141,785,616,1.33153,0,0
0250401074100030c043a000a00000c7,2,1,52,164,141,785,616,1.33153,0,0
0250401074100030c043a000a00000c7,2,1,53,164,141,785,616,1.33153,0,0
0250401074100030c043a000a00000c7,2,1,54,164,141,785,616,1.33153,0,0
0250401074100030c043a000a00000c7,2,1,55,164,141,785,616,1.33153,0,0
0250401074100030c043a000a00000c7,2,1,56,164,141,785,616,1.33153,0,0
0250401074100030c043a000a00000c7,2,1,57,164,141,785,616,1.33153,0,0
0250401074100030c043a000a00000c7,2,1,58,164,141,785,616,1.33153,0,0
0250401074100030c043a000a00000c7,2,1,59,164,141,785,616,1.33153,0,0
0250401074100030c043a000a00000c7,2,1,60,164,141,785,616,1.33153,0,0
0250401074100030c043a000a00000c7,2,1,61,164,141,785,616,1.33153,0,0
0250401074100030c043a000a00000c7,2,1,62,164,141,785,616,1.33153,0,0
0250401074100030c043a000a00000c7,2,1,63,164,141,785,616,1.33153,0,0
0250401074100030c043a000a00000c7,2,1,0,164,141,786,616,1.35954,0,0
0250401074100030c043a000a00000c7,2,1,1,164,141,786,616,1.35954,0,0
0250401074100030c043a000a00000c7,2,1,2,164,141,786,616,1.35954,0,0
0250401074100030c043a000a00000c7,2,1,3,164,141,786,616,1.35954,0,0
0250401074100030c043a000a00000c7,2,1,4,164,141,786,616,1.35954,0,0
0250401074100030c043a000a00000c7,2,1,5,164,141,786,616,1.35954,0,0
0250401074100030c043a000a00000c7,2,1,6,164,141,786,616,1.35954,0,0
0250401074100030c043a000a00000c7,2,1,7,164,141,786,616,1.35954,0,0
0250401074100030c043a000a00000c7,2,1,8,164,141,786,616,1.35954,0,0
0250401074100030c043a000a00000c7,2,1,9,164,141,786,616,1.35954,0,0
0250401074100030c043a000a00000c7,2,1,10,164,141,786,616,1.35954,0,0
0250401074100030c043a000a00000c7,2,1,11,164,141,786,616,1.35954,0,0
0250401074100030c043a000a00000c7,2,1,12,164,141,786,616,1.35954,0,0
0250401074100030c043a000a00000c7,2,1,13,164,141,786,616,1.35954,0,0
0250401074100030c043a000a00000c7,2,1,14,164,141,786,616,1.35954,0,0
0250401074100030c043a000a00000c7,2,1,15,164,141,786,616,1.35954,0,0
0250401074100030c043a000a00000c7,2,1,16,164,141,786,616,1.35954,0,0
0250401074100030c043a000a00000c7,2,1,17,164,141,786,616,1.35954,0,0
0250401074100030c043a000a00000c7,2,1,18,164,141,786,616,1.35954,0,0
0250401074100030c043a000a00000c7,2,1,19,164,141,786,616,1.35954,0,0
0250401074100030c043a000a00000c7,2,1,20,164,141,786,616,1.35954,0,0
0250401074100030c043a000a00000c7,2,1,21,164,141,786,616,1.35954,0,0
0250401074100030c043a000a00000c7,2,1,22,164,141,786,616,1.35954,0,0
0250401074100030c043a000a00000c7,2,1,23,164,141,786,616,1.35954,0,0
0250401074100030c043a000a00000c7,2,1,24,164,141,786,616,1.35954,0,0
0250401074100030c043a000a00000c7,2,1,25,164,141,786,616,1.35954,0,0
0250401074100030c043a000a00000c7,2,1,26,164,141,786,616,1.35954,0,0
0250401074100030c043a000a00000c7,2,1,27,164,141,786,616,1.35954,0,0
0250401074100030c043a000a00000c7,2,1,28,164,141,786,616,1.35954,0,0
0250401074100030c043a000a00000c7,2,1,29,164,141,786,616,1.35954,0,0
0250401074100030c043a000a00000c7,2,1,30,164,141,786,616,1.35954,0,0
0250401074100030c043a000a00000c7,2,1,31,164,141,786,616,1.35954,0,0
0250401074100030c043a000a00000c7,2,1,32,164,141,786,616,1.35954,0,0
0250401074100030c043a000a00000c7,2,1,33,164,141,786,616,1.35954,0,0
0250401074100030c043a000a00000c7,2,1,34,164,141,786,616,1.35954,0,0
0250401074100030c043a000a00000c7,2,1,35,164,141,786,616,1.35954,0,0
0250401074100030c043a000a00000c7,2,1,36,164,141,786,616,1.35954,0,0
0250401074100030c043a000a00000c7,2,1,37,164,141,786,616,1.35954,0,0
0250401074100030c043a000a00000c7,2,1,38,164,141,786,616,1.35954,0,0
0250401074100030c043a000a00000c7,2,1,39,164,141,786,616,1.35954,0,0
0250401074100030c043a000a00000c7,2,1,40,164,141,786,616,1.35954,0,0
0250401074100030c043a000a00000c7,2,1,41,164,141,786,616,1.35954,0,0
0250401074100030c043a000a00000c7,2,1,42,164,141,786,616,1.35954,0,0
0250401074100030c043a000a00000c7,2,1,43,164,141,786,616,1.35954,0,0
0250401074100030c043a000a00000c7,2,1,44,164,141,786,616,1.35954,0,0
0250401074100030c043a000a00000c7,2,1,45,164,141,786,616,1.35954,0,0
0250401074100030c043a000a00000c7,2,1,46,164,141,786,616,1.35954,0,0
0250401074100030c043a000a00000c7,2,1,47,164,141,786,616,1.35954,0,0
0250401074100030c043a000a00000c7,2,1,48,164,141,786,616,1.35954,0,0
0250401074100030c043a000a00000c7,2,1,49,164,141,786,616,1.35954,0,0
0250401074100030c043a000a00000c7,2,1,50,164,141,786,616,1.35954,0,0
0250401074100030c043a000a00000c7,2,1,51,164,141,786,616,1.35954,0,0
0250401074100030c043a000a00000c7,2,1,52,164,141,786,616,1.35954,0,0
0250401074100030c043a000a00000c7,2,1,53,164,141,786,616,1.35954,0,0
0250401074100030c043a000a00000c7,2,1,54,164,141,786,616,1.35954,0,0
0250401074100030c043a000a00000c7,2,1,55,164,141,786,616,1.35954,0,0
0250401074100030c043a000a00000c7,2,1,56,164,141,786,616,1.35954,0,0
0250401074100030c043a000a00000c7,2,1,57,164,141,786,616,1.35954,0,0
0250401074100030c043a000a00000c7,2,1,58,164,141,786,616,1.35954,0,0
0250401074100030c043a000a00000c7,2,1,59,164,141,786,616,1.35954,0,0
0250401074100030c043a000a00000c7,2,1,60,164,141,786,616,1.35954,0,0
0250401074100030c043a000a00000c7,2,1,61,164,141,786,616,1.35954,0,0
0250401074100030c043a000a00000c7,2,1,62,164,141,786,616,1.35954,0,0
0250401074100030c043a000a00000c7,2,1,63,164,141,786,616,1.35954,0,0
0250401074100030c043a000a00000c7,2,1,0,164,141,787,617,1.40378,0,0
0250401074100030c043a000a00000c7,2,1,1,164,141,787,617,1.40378,0,0
0250401074100030c043a000a00000c7,2,1,2,164,141,787,617,1.40378,0,0
0250401074100030c043a000a00000c7,2,1,3,164,141,787,617,1.40378,0,0
0250401074100030c043a000a00000c7,2,1,4,164,141,787,617,1.40378,0,0
0250401074100030c043a000a00000c7,2,1,5,164,141,787,617,1.40378,0,0
0250401074100030c043a000a00000c7,2,1,6,164,141,787,617,1.40378,0,0
0250401074100030c043a000a00000c7,2,1,7,164,141,787,617,1.40378,0,0
0250401074100030c043a000a00000c7,2,1,8,164,141,787,617,1.40378,0,0
0250401074100030c043a000a00000c7,2,1,9,164,141,787,617,1.40378,0,0
0250401074100030c043a000a00000c7,2,1,10,164,141,787,617,1.40378,0,0
0250401074100030c043a000a00000c7,2,1,11,164,141,787,617,1.40378,0,0
0250401074100030c043a000a00000c7,2,1,12,164,141,787,617,1.40378,0,0
0250401074100030c043a000a00000c7,2,1,13,164,141,787,617,1.40378,0,0
0250401074100030c043a000a00000c7,2,1,14,164,141,787,617,1.40378,0,0
0250401074100030c043a000a00000c7,2,1,15,164,141,787,617,1.40378,0,0
0250401074100030c043a000a00000c7,2,1,16,164,141,787,617,1.40378,0,0
0250401074100030c043a000a00000c7,2,1,17,164,141,787,617,1.40378,0,0
0250401074100030c043a000a00000c7,2,1,18,164,141,787,617,1.40378,0,0
0250401074100030c043a000a00000c7,2,1,19,164,141,787,617,1.40378,0,0
0250401074100030c043a000a00000c7,2,1,20,164,141,787,617,1.40378,0,0
0250401074100030c043a000a00000c7,2,1,21,164,141,787,617,1.40378,0,0
0250401074100030c043a000a00000c7,2,1,22,164,141,787,617,1.40378,0,0
0250401074100030c043a000a00000c7,2,1,23,164,141,787,617,1.40378,0,0
0250401074100030c043a000a00000c7,2,1,24,164,141,787,617,1.40378,0,0
0250401074100030c043a000a00000c7,2,1,25,164,141,787,617,1.40378,0,0
0250401074100030c043a000a00000c7,2,1,26,164,141,787,617,1.40378,0,0
0250401074100030c043a000a00000c7,2,1,27,164,141,787,617,1.40378,0,0
0250401074100030c043a000a00000c7,2,1,28,164,141,787,617,1.40378,0,0
0250401074100030c043a000a00000c7,2,1,29,164,141,787,617,1.40378,0,0
0250401074100030c043a000a00000c7,2,1,30,164,141,787,617,1.40378,0,0
0250401074100030c043a000a00000c7,2,1,31,164,141,787,617,1.40378,0,0
0250401074100030c043a000a00000c7,2,1,32,164,141,787,617,1.40378,0,0
0250401074100030c043a000a00000c7,2,1,33,164,141,787,617,1.40378,0,0
0250401074100030c043a000a00000c7,2,1,34,164,141,787,617,1.40378,0,0
0250401074100030c043a000a00000c7,2,1,35,164,141,787,617,1.40378,0,0
0250401074100030c043a000a00000c7,2,1,36,164,141,787,617,1.40378,0,0
0250401074100030c043a000a00000c7,2,1,37,164,141,787,617,1.40378,0,0
0250401074100030c043a000a00000c7,2,1,38,164,141,787,617,1.40378,0,0
0250401074100030c043a000a00000c7,2,1,39,164,141,787,617,1.40378,0,0
0250401074100030c043a000a00000c7,2,1,40,164,141,787,617,1.40378,0,0
0250401074100030c043a000a00000c7,2,1,41,164,141,787,617,1.40378,0,0
0250401074100030c043a000a00000c7,2,1,42,164,141,787,617,1.40378,0,0
0250401074100030c043a000a00000c7,2,1,43,164,141,787,617,1.40378,0,0
0250401074100030c043a000a00000c7,2,1,44,164,141,787,617,1.40378,0,0
0250401074100030c043a000a00000c7,2,1,45,164,141,787,617,1.40378,0,0
0250401074100030c043a000a00000c7,2,1,46,164,141,787,617,1.40378,0,0
0250401074100030c043a000a00000c7,2,1,47,164,141,787,617,1.40378,0,0
0250401074100030c043a000a00000c7,2,1,48,164,141,787,617,1.40378,0,0
0250401074100030c043a000a00000c7,2,1,49,164,141,787,617,1.40378,0,0
0250401074100030c043a000a00000c7,2,1,50,164,141,787,617,1.40378,0,0
0250401074100030c043a000a00000c7,2,1,51,164,141,787,617,1.40378,0,0
0250401074100030c043a000a00000c7,2,1,52,164,141,787,617,1.40378,0,0
0250401074100030c043a000a00000c7,2,1,53,164,141,787,617,1.40378,0,0
0250401074100030c043a000a00000c7,2,1,54,164,141,787,617,1.40378,0,0
0250401074100030c043a000a00000c7,2,1,55,164,141,787,617,1.40378,0,0
0250401074100030c043a000a00000c7,2,1,56,164,141,787,617,1.40378,0,0
0250401074100030c043a000a00000c7,2,1,57,164,141,787,617,1.40378,0,0
0250401074100030c043a000a00000c7,2,1,58,164,141,787,617,1.40378,0,0
0250401074100030c043a000a00000c7,2,1,59,164,141,787,617,1.40378,0,0
0250401074100030c043a000a00000c7,2,1,60,164,141,787,617,1.40378,0,0
0250401074100030c043a000a00000c7,2,1,61,164,141,787,617,1.40378,0,0
0250401074100030c043a000a00000c7,2,1,62,164,141,787,617,1.40378,0,0
0250401074100030c043a000a00000c7,2,1,63,164,141,787,617,1.40378,0,0
0250401074100030c043a000a00000c7,2,1,0,164,141,788,618,1.39051,0,0
0250401074100030c043a000a00000c7,2,1,1,164,141,788,618,1.39051,0,0
0250401074100030c043a000a00000c7,2,1,2,164,141,788,618,1.39051,0,0
0250401074100030c043a000a00000c7,2,1,3,164,141,788,618,1.39051,0,0
0250401074100030c043a000a00000c7,2,1,4,164,141,788,618,1.39051,0,0
0250401074100030c043a000a00000c7,2,1,5,164,141,788,618,1.39051,0,0
0250401074100030c043a000a00000c7,2,1,6,164,141,788,618,1.39051,0,0
0250401074100030c043a000a00000c7,2,1,7,164,141,788,618,1.39051,0,0
0250401074100030c043a000a00000c7,2,1,8,164,141,788,618,1.39051,0,0
0250401074100030c043a000a00000c7,2,1,9,164,141,788,618,1.39051,0,0
0250401074100030c043a000a00000c7,2,1,10,164,141,788,618,1.39051,0,0
0250401074100030c043a000a00000c7,2,1,11,164,141,788,618,1.39051,0,0
0250401074100030c043a000a00000c7,2,1,12,164,141,788,618,1.39051,0,0
0250401074100030c043a000a00000c7,2,1,13,164,141,788,618,1.39051,0,0
0250401074100030c043a000a00000c7,2,1,14,164,141,788,618,1.39051,0,0
0250401074100030c043a000a00000c7,2,1,15,164,141,788,618,1.39051,0,0
0250401074100030c043a000a00000c7,2,1,16,164,141,788,618,1.39051,0,0
0250401074100030c043a000a00000c7,2,1,17,164,141,788,618,1.39051,0,0
0250401074100030c043a000a00000c7,2,1,18,164,141,788,618,1.39051,0,0
0250401074100030c043a000a00000c7,2,1,19,164,141,788,618,1.39051,0,0
0250401074100030c043a000a00000c7,2,1,20,164,141,788,618,1.39051,0,0
0250401074100030c043a000a00000c7,2,1,21,164,141,788,618,1.39051,0,0
0250401074100030c043a000a00000c7,2,1,22,164,141,788,618,1.39051,0,0
0250401074100030c043a000a00000c7,2,1,23,164,141,788,618,1.39051,0,0
0250401074100030c043a000a00000c7,2,1,24,164,141,788,618,1.39051,0,0
0250401074100030c043a000a00000c7,2,1,25,164,141,788,618,1.39051,0,0
0250401074100030c043a000a00000c7,2,1,26,164,141,788,618,1.39051,0,0
0250401074100030c043a000a00000c7,2,1,27,164,141,788,618,1.39051,0,0
0250401074100030c043a000a00000c7,2,1,28,164,141,788,618,1.39051,0,0
0250401074100030c043a000a00000c7,2,1,29,164,141,788,618,1.39051,0,0
0250401074100030c043a000a00000c7,2,1,30,164,141,788,618,1.39051,0,0
0250401074100030c043a000a00000c7,2,1,31,164,141,788,618,1.39051,0,0
0250401074100030c043a000a00000c7,2,1,32,164,141,788,618,1.39051,0,0
0250401074100030c043a000a00000c7,2,1,33,164,141,788,618,1.39051,0,0
0250401074100030c043a000a00000c7,2,1,34,164,141,788,618,1.39051,0,0
0250401074100030c043a000a00000c7,2,1,35,164,141,788,618,1.39051,0,0
0250401074100030c043a000a00000c7,2,1,36,164,141,788,618,1.39051,0,0
0250401074100030c043a000a00000c7,2,1,37,164,141,788,618,1.39051,0,0
0250401074100030c043a000a00000c7,2,1,38,164,141,788,618,1.39051,0,0
0250401074100030c043a000a00000c7,2,1,39,164,141,788,618,1.39051,0,0
0250401074100030c043a000a00000c7,2,1,40,164,141,788,618,1.39051,0,0
0250401074100030c043a000a00000c7,2,1,41,164,141,788,618,1.39051,0,0
0250401074100030c043a000a00000c7,2,1,42,164,141,788,618,1.39051,0,0
0250401074100030c043a000a00000c7,2,1,43,164,141,788,618,1.39051,0,0
0250401074100030c043a000a00000c7,2,1,44,164,141,788,618,1.39051,0,0
0250401074100030c043a000a00000c7,2,1,45,164,141,788,618,1.39051,0,0
0250401074100030c043a000a00000c7,2,1,46,164,141,788,618,1.39051,0,0
0250401074100030c043a000a00000c7,2,1,47,164,141,788,618,1.39051,0,0
0250401074100030c043a000a00000c7,2,1,48,164,141,788,618,1.39051,0,0
0250401074100030c043a000a00000c7,2,1,49,164,141,788,618,1.39051,0,0
0250401074100030c043a000a00000c7,2,1,50,164,141,788,618,1.39051,0,0
0250401074100030c043a000a00000c7,2,1,51,164,141,788,618,1.39051,0,0
0250401074100030c043a000a00000c7,2,1,52,164,141,788,618,1.39051,0,0
0250401074100030c043a000a00000c7,2,1,53,164,141,788,618,1.39051,0,0
0250401074100030c043a000a00000c7,2,1,54,164,141,788,618,1.39051,0,0
0250401074100030c043a000a00000c7,2,1,55,164,141,788,618,1.39051,0,0
0250401074100030c043a000a00000c7,2,1,56,164,141,788,618,1.39051,0,0
0250401074100030c043a000a00000c7,2,1,57,164,141,788,618,1.39051,0,0
0250401074100030c043a000a00000c7,2,1,58,164,141,788,618,1.39051,0,0
0250401074100030c043a000a00000c7,2,1,59,164,141,788,618,1.39051,0,0
0250401074100030c043a000a00000c7,2,1,60,164,141,788,618,1.39051,0,0
0250401074100030c043a000a00000c7,2,1,61,164,141,788,618,1.39051,0,0
0250401074100030c043a000a00000c7,2,1,62,164,141,788,618,1.39051,0,0
0250401074100030c043a000a00000c7,2,1,63,164,141,788,618,1.39051,0,0
0250401074100030c043a000a00000c7,2,1,0,164,141,789,619,1.48341,0,0
0250401074100030c043a000a00000c7,2,1,1,164,141,789,619,1.48341,0,0
0250401074100030c043a000a00000c7,2,1,2,164,141,789,619,1.48341,0,0
0250401074100030c043a000a00000c7,2,1,3,164,141,789,619,1.48341,0,0
0250401074100030c043a000a00000c7,2,1,4,164,141,789,619,1.48341,3,0.00202237
0250401074100030c043a000a00000c7,2,1,5,164,141,789,619,1.48341,0,0
0250401074100030c043a000a00000c7,2,1,6,164,141,789,619,1.48341,7,0.00471887
0250401074100030c043a000a00000c7,2,1,7,164,141,789,619,1.48341,0,0
0250401074100030c043a000a00000c7,2,1,8,164,141,789,619,1.48341,4,0.00269649
0250401074100030c043a000a00000c7,2,1,9,164,141,789,619,1.48341,0,0
0250401074100030c043a000a00000c7,2,1,10,164,141,789,619,1.48341,2,0.00134825
0250401074100030c043a000a00000c7,2,1,11,164,141,789,619,1.48341,1,0.000674124
0250401074100030c043a000a00000c7,2,1,12,164,141,789,619,1.48341,4,0.00269649
0250401074100030c043a000a00000c7,2,1,13,164,141,789,619,1.48341,1,0.000674124
0250401074100030c043a000a00000c7,2,1,14,164,141,789,619,1.48341,9,0.00606711
0250401074100030c043a000a00000c7,2,1,15,164,141,789,619,1.48341,1,0.000674124
0250401074100030c043a000a00000c7,2,1,16,164,141,789,619,1.48341,15,0.0101119
0250401074100030c043a000a00000c7,2,1,17,164,141,789,619,1.48341,0,0
0250401074100030c043a000a00000c7,2,1,18,164,141,789,619,1.48341,14,0.00943773
0250401074100030c043a000a00000c7,2,1,19,164,141,789,619,1.48341,2,0.00134825
0250401074100030c043a000a00000c7,2,1,20,164,141,789,619,1.48341,4,0.00269649
0250401074100030c043a000a00000c7,2,1,21,164,141,789,619,1.48341,1,0.000674124
0250401074100030c043a000a00000c7,2,1,22,164,141,789,619,1.48341,14,0.00943773
0250401074100030c043a000a00000c7,2,1,23,164,141,789,619,1.48341,1,0.000674124
0250401074100030c043a000a00000c7,2,1,24,164,141,789,619,1.48341,12,0.00808948
0250401074100030c043a000a00000c7,2,1,25,164,141,789,619,1.48341,3,0.00202237
0250401074100030c043a000a00000c7,2,1,26,164,141,789,619,1.48341,16,0.010786
0250401074100030c043a000a00000c7,2,1,27,164,141,789,619,1.48341,10,0.00674124
0250401074100030c043a000a00000c7,2,1,28,164,141,789,619,1.48341,0,0
0250401074100030c043a000a00000c7,2,1,29,164,141,789,619,1.48341,3,0.00202237
0250401074100030c043a000a00000c7,2,1,30,164,141,789,619,1.48341,15,0.0101119
0250401074100030c043a000a00000c7,2,1,31,164,141,789,619,1.48341,8,0.00539299
0250401074100030c043a000a00000c7,2,1,32,164,141,789,619,1.48341,11,0.00741536
0250401074100030c043a000a00000c7,2,1,33,164,141,789,619,1.48341,4,0.00269649
0250401074100030c043a000a00000c7,2,1,34,164,141,789,619,1.48341,14,0.00943773
0250401074100030c043a000a00000c7,2,1,35,164,141,789,619,1.48341,4,0.00269649
0250401074100030c043a000a00000c7,2,1,36,164,141,789,619,1.48341,5,0.00337062
0250401074100030c043a000a00000c7,2,1,37,164,141,789,619,1.48341,0,0
0250401074100030c043a000a00000c7,2,1,38,164,141,789,619,1.48341,14,0.00943773
0250401074100030c043a000a00000c7,2,1,39,164,141,789,619,1.48341,3,0.00202237
0250401074100030c043a000a00000c7,2,1,40,164,141,789,619,1.48341,9,0.00606711
0250401074100030c043a000a00000c7,2,1,41,164,141,789,619,1.48341,2,0.00134825
0250401074100030c043a000a00000c7,2,1,42,164,141,789,619,1.48341,3,0.00202237
0250401074100030c043a000a00000c7,2,1,43,164,141,789,619,1.48341,2,0.00134825
0250401074100030c043a000a00000c7,2,1,44,164,141,789,619,1.48341,6,0.00404474
0250401074100030c043a000a00000c7,2,1,45,164,141,789,619,1.48341,0,0
0250401074100030c043a000a00000c7,2,1,46,164,141,789,619,1.48341,2,0.00134825
0250401074100030c043a000a00000c7,2,1,47,164,141,789,619,1.48341,0,0
0250401074100030c043a000a00000c7,2,1,48,164,141,789,619,1.48341,3,0.00202237
0250401074100030c043a000a00000c7,2,1,49,164,141,789,619,1.48341,1,0.000674124
0250401074100030c043a000a00000c7,2,1,50,164,141,789,619,1.48341,0,0
0250401074100030c043a000a00000c7,2,1,51,164,141,789,619,1.48341,0,0
0250401074100030c043a000a00000c7,2,1,52,164,141,789,619,1.48341,0,0
0250401074100030c043a000a00000c7,2,1,53,164,141,789,619,1.48341,0,0
0250401074100030c043a000a00000c7,2,1,54,164,141,789,619,1.48341,0,0
0250401074100030c043a000a00000c7,2,1,55,164,141,789,619,1.48341,0,0
0250401074100030c043a000a00000c7,2,1,56,164,141,789,619,1.48341,0,0
0250401074100030c043a000a00000c7,2,1,57,164,141,789,619,1.48341,0,0
0250401074100030c043a000a00000c7,2,1,58,164,141,789,619,1.48341,0,0
0250401074100030c043a000a00000c7,2,1,59,164,141,789,619,1.48341,0,0
0250401074100030c043a000a00000c7,2,1,60,164,141,789,619,1.48341,0,0
0250401074100030c043a000a00000c7,2,1,61,164,141,789,619,1.48341,0,0
0250401074100030c043a000a00000c7,2,1,62,164,141,789,619,1.48341,0,0
0250401074100030c043a000a00000c7,2,1,63,164,141,789,619,1.48341,0,0
0250401074100030c043a000a00000c7,2,1,0,164,141,790,619,1.4318,0,0
0250401074100030c043a000a00000c7,2,1,1,164,141,790,619,1.4318,0,0
0250401074100030c043a000a00000c7,2,1,2,164,141,790,619,1.4318,0,0
0250401074100030c043a000a00000c7,2,1,3,164,141,790,619,1.4318,0,0
0250401074100030c043a000a00000c7,2,1,4,164,141,790,619,1.4318,1,0.000698423
0250401074100030c043a000a00000c7,2,1,5,164,141,790,619,1.4318,0,0
0250401074100030c043a000a00000c7,2,1,6,164,141,790,619,1.4318,7,0.00488896
0250401074100030c043a000a00000c7,2,1,7,164,141,790,619,1.4318,0,0
0250401074100030c043a000a00000c7,2,1,8,164,141,790,619,1.4318,5,0.00349211
0250401074100030c043a000a00000c7,2,1,9,164,141,790,619,1.4318,0,0
0250401074100030c043a000a00000c7,2,1,10,164,141,790,619,1.4318,1,0.000698423
0250401074100030c043a000a00000c7,2,1,11,164,141,790,619,1.4318,0,0
0250401074100030c043a000a00000c7,2,1,12,164,141,790,619,1.4318,4,0.00279369
0250401074100030c043a000a00000c7,2,1,13,164,141,790,619,1.4318,1,0.000698423
0250401074100030c043a000a00000c7,2,1,14,164,141,790,619,1.4318,7,0.00488896
0250401074100030c043a000a00000c7,2,1,15,164,141,790,619,1.4318,0,0
0250401074100030c043a000a00000c7,2,1,16,164,141,790,619,1.4318,16,0.0111748
0250401074100030c043a000a00000c7,2,1,17,164,141,790,619,1.4318,0,0
0250401074100030c043a000a00000c7,2,1,18,164,141,790,619,1.4318,12,0.00838107
0250401074100030c043a000a00000c7,2,1,19,164,141,790,619,1.4318,2,0.00139685
0250401074100030c043a000a00000c7,2,1,20,164,141,790,619,1.4318,6,0.00419054
0250401074100030c043a000a00000c7,2,1,21,164,141,790,619,1.4318,2,0.00139685
0250401074100030c043a000a00000c7,2,1,22,164,141,790,619,1.4318,13,0.00907949
0250401074100030c043a000a00000c7,2,1,23,164,141,790,619,1.4318,1,0.000698423
0250401074100030c043a000a00000c7,2,1,24,164,141,790,619,1.4318,11,0.00768265
0250401074100030c043a000a00000c7,2,1,25,164,141,790,619,1.4318,2,0.00139685
0250401074100030c043a000a00000c7,2,1,26,164,141,790,619,1.4318,17,0.0118732
0250401074100030c043a000a00000c7,2,1,27,164,141,790,619,1.4318,8,0.00558738
0250401074100030c043a000a00000c7,2,1,28,164,141,790,619,1.4318,0,0
0250401074100030c043a000a00000c7,2,1,29,164,141,790,619,1.4318,2,0.00139685
0250401074100030c043a000a00000c7,2,1,30,164,141,790,619,1.4318,14,0.00977792
0250401074100030c043a000a00000c7,2,1,31,164,141,790,619,1.4318,9,0.0062858
0250401074100030c043a000a00000c7,2,1,32,164,141,790,619,1.4318,10,0.00698423
0250401074100030c043a000a00000c7,2,1,33,164,141,790,619,1.4318,3,0.00209527
0250401074100030c043a000a00000c7,2,1,34,164,141,790,619,1.4318,14,0.00977792
0250401074100030c043a000a00000c7,2,1,35,164,141,790,619,1.4318,5,0.00349211
0250401074100030c043a000a00000c7,2,1,36,164,141,790,619,1.4318,5,0.00349211
0250401074100030c043a000a00000c7,2,1,37,164,141,790,619,1.4318,0,0
0250401074100030c043a000a00000c7,2,1,38,164,141,790,619,1.4318,14,0.00977792
0250401074100030c043a000a00000c7,2,1,39,164,141,790,619,1.4318,3,0.00209527
0250401074100030c043a000a00000c7,2,1,40,164,141,790,619,1.4318,10,0.00698423
0250401074100030c043a000a00000c7,2,1,41,164,141,790,619,1.4318,1,0.000698423
0250401074100030c043a000a00000c7,2,1,42,164,141,790,619,1.4318,4,0.00279369
0250401074100030c043a000a00000c7,2,1,43,164,141,790,619,1.4318,1,0.000698423
0250401074100030c043a000a00000c7,2,1,44,164,141,790,619,1.4318,5,0.00349211
0250401074100030c043a000a00000c7,2,1,45,164,141,790,619,1.4318,0,0
0250401074100030c043a000a00000c7,2,1,46,164,141,790,619,1.4318,1,0.000698423
0250401074100030c043a000a00000c7,2,1,47,164,141,790,619,1.4318,0,0
0250401074100030c043a000a00000c7,2,1,48,164,141,790,619,1.4318,2,0.00139685
0250401074100030c043a000a00000c7,2,1,49,164,141,790,619,1.4318,0,0
0250401074100030c043a000a00000c7,2,1,50,164,141,790,619,1.4318,0,0
0250401074100030c043a000a00000c7,2,1,51,164,141,790,619,1.4318,0,0
0250401074100030c043a000a00000c7,2,1,52,164,141,790,619,1.4318,0,0
0250401074100030c043a000a00000c7,2,1,53,164,141,790,619,1.4318,0,0
0250401074100030c043a000a00000c7,2,1,54,164,141,790,619,1.4318,0,0
0250401074100030c043a000a00000c7,2,1,55,164,141,790,619,1.4318,0,0
0250401074100030c043a000a00000c7,2,1,56,164,141,790,619,1.4318,0,0
0250401074100030c043a000a00000c7,2,1,57,164,141,790,619,1.4318,0,0
0250401074100030c043a000a00000c7,2,1,58,164,141,790,619,1.4318,0,0
0250401074100030c043a000a00000c7,2,1,59,164,141,790,619,1.4318,0,0
0250401074100030c043a000a00000c7,2,1,60,164,141,790,619,1.4318,0,0
0250401074100030c043a000a00000c7,2,1,61,164,141,790,619,1.4318,0,0
0250401074100030c043a000a00000c7,2,1,62,164,141,790,619,1.4318,0,0
0250401074100030c043a000a00000c7,2,1,63,164,141,790,619,1.4318,0,0
0250401074100030c043a000a00000c7,2,1,0,164,141,791,620,1.44949,0,0
0250401074100030c043a000a00000c7,2,1,1,164,141,791,620,1.44949,0,0
0250401074100030c043a000a00000c7,2,1,2,164,141,791,620,1.44949,0,0
0250401074100030c043a000a00000c7,2,1,3,164,141,791,620,1.44949,0,0
0250401074100030c043a000a00000c7,2,1,4,164,141,791,620,1.44949,0,0
0250401074100030c043a000a00000c7,2,1,5,164,141,791,620,1.44949,0,0
0250401074100030c043a000a00000c7,2,1,6,164,141,791,620,1.44949,0,0
0250401074100030c043a000a00000c7,2,1,7,164,141,791,620,1.44949,0,0
0250401074100030c043a000a00000c7,2,1,8,164,141,791,620,1.44949,0,0
0250401074100030c043a000a00000c7,2,1,9,164,141,791,620,1.44949,0,0
0250401074100030c043a000a00000c7,2,1,10,164,141,791,620,1.44949,0,0
0250401074100030c043a000a00000c7,2,1,11,164,141,791,620,1.44949,0,0
0250401074100030c043a000a00000c7,2,1,12,164,141,791,620,1.44949,0,0
0250401074100030c043a000a00000c7,2,1,13,164,141,791,620,1.44949,0,0
0250401074100030c043a000a00000c7,2,1,14,164,141,791,620,1.44949,0,0
0250401074100030c043a000a00000c7,2,1,15,164,141,791,620,1.44949,0,0
0250401074100030c043a000a00000c7,2,1,16,164,141,791,620,1.44949,0,0
0250401074100030c043a000a00000c7,2,1,17,164,141,791,620,1.44949,0,0
0250401074100030c043a000a00000c7,2,1,18,164,141,791,620,1.44949,0,0
0250401074100030c043a000a00000c7,2,1,19,164,141,791,620,1.44949,0,0
0250401074100030c043a000a00000c7,2,1,20,164,141,791,620,1.44949,0,0
0250401074100030c043a000a00000c7,2,1,21,164,141,791,620,1.44949,0,0
0250401074100030c043a000a00000c7,2,1,22,164,141,791,620,1.44949,0,0
0250401074100030c043a000a00000c7,2,1,23,164,141,791,620,1.44949,0,0
0250401074100030c043a000a00000c7,2,1,24,164,141,791,620,1.44949,0,0
0250401074100030c043a000a00000c7,2,1,25,164,141,791,620,1.44949,0,0
0250401074100030c043a000a00000c7,2,1,26,164,141,791,620,1.44949,0,0
0250401074100030c043a000a00000c7,2,1,27,164,141,791,620,1.44949,0,0
0250401074100030c043a000a00000c7,2,1,28,164,141,791,620,1.44949,0,0
0250401074100030c043a000a00000c7,2,1,29,164,141,791,620,1.44949,0,0
0250401074100030c043a000a00000c7,2,1,30,164,141,791,620,1.44949,0,0
0250401074100030c043a000a00000c7,2,1,31,164,141,791,620,1.44949,0,0
0250401074100030c043a000a00000c7,2,1,32,164,141,791,620,1.44949,0,0
0250401074100030c043a000a00000c7,2,1,33,164,141,791,620,1.44949,0,0
0250401074100030c043a000a00000c7,2,1,34,164,141,791,620,1.44949,0,0
0250401074100030c043a000a00000c7,2,1,35,164,141,791,620,1.44949,0,0
0250401074100030c043a000a00000c7,2,1,36,164,141,791,620,1.44949,0,0
0250401074100030c043a000a00000c7,2,1,37,164,141,791,620,1.44949,0,0
0250401074100030c043a000a00000c7,2,1,38,164,141,791,620,1.44949,0,0
0250401074100030c043a000a00000c7,2,1,39,164,141,791,620,1.44949,0,0
0250401074100030c043a000a00000c7,2,1,40,164,141,791,620,1.44949,0,0
0250401074100030c043a000a00000c7,2,1,41,164,141,791,620,1.44949,0,0
0250401074100030c043a000a00000c7,2,1,42,164,141,791,620,1.44949,0,0
0250401074100030c043a000a00000c7,2,1,43,164,141,791,620,1.44949,0,0
0250401074100030c043a000a00000c7,2,1,44,164,141,791,620,1.44949,0,0
0250401074100030c043a000a00000c7,2,1,45,164,141,791,620,1.44949,0,0
0250401074100030c043a000a00000c7,2,1,46,164,141,791,620,1.44949,0,0
0250401074100030c043a000a00000c7,2,1,47,164,141,791,620,1.44949,0,0
0250401074100030c043a000a00000c7,2,1,48,164,141,791,620,1.44949,0,0
0250401074100030c043a000a00000c7,2,1,49,164,141,791,620,1.44949,0,0
0250401074100030c043a000a00000c7,2,1,50,164,141,791,620,1.44949,0,0
0250401074100030c043a000a00000c7,2,1,51,164,141,791,620,1.44949,0,0
0250401074100030c043a000a00000c7,2,1,52,164,141,791,620,1.44949,0,0
0250401074100030c043a000a00000c7,2,1,53,164,141,791,620,1.44949,0,0
0250401074100030c043a000a00000c7,2,1,54,164,141,791,620,1.44949,0,0
0250401074100030c043a000a00000c7,2,1,55,164,141,791,620,1.44949,0,0
0250401074100030c043a000a00000c7,2,1,56,164,141,791,620,1.44949,0,0
0250401074100030c043a000a00000c7,2,1,57,164,141,791,620,1.44949,0,0
0250401074100030c043a000a00000c7,2,1,58,164,141,791,620,1.44949,0,0
0250401074100030c043a000a00000c7,2,1,59,164,141,791,620,1.44949,0,0
0250401074100030c043a000a00000c7,2,1,60,164,141,791,620,1.44949,0,0
0250401074100030c043a000a00000c7,2,1,61,164,141,791,620,1.44949,0,0
0250401074100030c043a000a00000c7,2,1,62,164,141,791,620,1.44949,0,0
0250401074100030c043a000a00000c7,2,1,63,164,141,791,620,1.44949,0,0
0250401074100030c043a000a00000c7,2,1,0,164,141,792,621,1.42148,0,0
0250401074100030c043a000a00000c7,2,1,1,164,141,792,621,1.42148,0,0
0250401074100030c043a000a00000c7,2,1,2,164,141,792,621,1.42148,0,0
0250401074100030c043a000a00000c7,2,1,3,164,141,792,621,1.42148,0,0
0250401074100030c043a000a00000c7,2,1,4,164,141,792,621,1.42148,2,0.00140699
0250401074100030c043a000a00000c7,2,1,5,164,141,792,621,1.42148,0,0
0250401074100030c043a000a00000c7,2,1,6,164,141,792,621,1.42148,6,0.00422097
0250401074100030c043a000a00000c7,2,1,7,164,141,792,621,1.42148,0,0
0250401074100030c043a000a00000c7,2,1,8,164,141,792,621,1.42148,5,0.00351747
0250401074100030c043a000a00000c7,2,1,9,164,141,792,621,1.42148,0,0
0250401074100030c043a000a00000c7,2,1,10,164,141,792,621,1.42148,2,0.00140699
0250401074100030c043a000a00000c7,2,1,11,164,141,792,621,1.42148,0,0
0250401074100030c043a000a00000c7,2,1,12,164,141,792,621,1.42148,5,0.00351747
0250401074100030c043a000a00000c7,2,1,13,164,141,792,621,1.42148,1,0.000703494
0250401074100030c043a000a00000c7,2,1,14,164,141,792,621,1.42148,6,0.00422097
0250401074100030c043a000a00000c7,2,1,15,164,141,792,621,1.42148,1,0.000703494
0250401074100030c043a000a00000c7,2,1,16,164,141,792,621,1.42148,15,0.0105524
0250401074100030c043a000a00000c7,2,1,17,164,141,792,621,1.42148,0,0
0250401074100030c043a000a00000c7,2,1,18,164,141,792,621,1.42148,12,0.00844193
0250401074100030c043a000a00000c7,2,1,19,164,141,792,621,1.42148,2,0.00140699
0250401074100030c043a000a00000c7,2,1,20,164,141,792,621,1.42148,5,0.00351747
0250401074100030c043a000a00000c7,2,1,21,164,141,792,621,1.42148,2,0.00140699
0250401074100030c043a000a00000c7,2,1,22,164,141,792,621,1.42148,11,0.00773844
0250401074100030c043a000a00000c7,2,1,23,164,141,792,621,1.42148,2,0.00140699
0250401074100030c043a000a00000c7,2,1,24,164,141,792,621,1.42148,8,0.00562795
0250401074100030c043a000a00000c7,2,1,25,164,141,792,621,1.42148,2,0.00140699
0250401074100030c043a000a00000c7,2,1,26,164,141,792,621,1.42148,16,0.0112559
0250401074100030c043a000a00000c7,2,1,27,164,141,792,621,1.42148,6,0.00422097
0250401074100030c043a000a00000c7,2,1,28,164,141,792,621,1.42148,0,0
0250401074100030c043a000a00000c7,2,1,29,164,141,792,621,1.42148,3,0.00211048
0250401074100030c043a000a00000c7,2,1,30,164,141,792,621,1.42148,14,0.00984892
0250401074100030c043a000a00000c7,2,1,31,164,141,792,621,1.42148,5,0.00351747
0250401074100030c043a000a00000c7,2,1,32,164,141,792,621,1.42148,8,0.00562795
0250401074100030c043a000a00000c7,2,1,33,164,141,792,621,1.42148,3,0.00211048
0250401074100030c043a000a00000c7,2,1,34,164,141,792,621,1.42148,13,0.00914542
0250401074100030c043a000a00000c7,2,1,35,164,141,792,621,1.42148,5,0.00351747
0250401074100030c043a000a00000c7,2,1,36,164,141,792,621,1.42148,5,0.00351747
0250401074100030c043a000a00000c7,2,1,37,164,141,792,621,1.42148,0,0
0250401074100030c043a000a00000c7,2,1,38,164,141,792,621,1.42148,14,0.00984892
0250401074100030c043a000a00000c7,2,1,39,164,141,792,621,1.42148,3,0.00211048
0250401074100030c043a000a00000c7,2,1,40,164,141,792,621,1.42148,6,0.00422097
0250401074100030c043a000a00000c7,2,1,41,164,141,792,621,1.42148,2,0.00140699
0250401074100030c043a000a00000c7,2,1,42,164,141,792,621,1.42148,3,0.00211048
0250401074100030c043a000a00000c7,2,1,43,164,141,792,621,1.42148,1,0.000703494
0250401074100030c043a000a00000c7,2,1,44,164,141,792,621,1.42148,5,0.00351747
0250401074100030c043a000a00000c7,2,1,45,164,141,792,621,1.42148,0,0
0250401074100030c043a000a00000c7,2,1,46,164,141,792,621,1.42148,1,0.000703494
0250401074100030c043a000a00000c7,2,1,47,164,141,792,621,1.42148,0,0
0250401074100030c043a000a00000c7,2,1,48,164,141,792,621,1.42148,2,0.00140699
0250401074100030c043a000a00000c7,2,1,49,164,141,792,621,1.42148,1,0.000703494
0250401074100030c043a000a00000c7,2,1,50,164,141,792,621,1.42148,1,0.000703494
0250401074100030c043a000a00000c7,2,1,51,164,141,792,621,1.42148,0,0
0250401074100030c043a000a00000c7,2,1,52,164,141,792,621,1.42148,0,0
0250401074100030c043a000a00000c7,2,1,53,164,141,792,621,1.42148,0,0
0250401074100030c043a000a00000c7,2,1,54,164,141,792,621,1.42148,0,0
0250401074100030c043a000a00000c7,2,1,55,164,141,792,621,1.42148,0,0
0250401074100030c043a000a00000c7,2,1,56,164,141,792,621,1.42148,0,0
0250401074100030c043a000a00000c7,2,1,57,164,141,792,621,1.42148,0,0
0250401074100030c043a000a00000c7,2,1,58,164,141,792,621,1.42148,0,0
0250401074100030c043a000a00000c7,2,1,59,164,141,792,621,1.42148,0,0
0250401074100030c043a000a00000c7,2,1,60,164,141,792,621,1.42148,0,0
0250401074100030c043a000a00000c7,2,1,61,164,141,792,621,1.42148,0,0
0250401074100030c043a000a00000c7,2,1,62,164,141,792,621,1.42148,0,0
0250401074100030c043a000a00000c7,2,1,63,164,141,792,621,1.42148,0,0
0250401074100030c043a000a00000c7,2,1,0,164,141,793,622,1.00565,0,0
0250401074100030c043a000a00000c7,2,1,1,164,141,793,622,1.00565,0,0
0250401074100030c043a000a00000c7,2,1,2,164,141,793,622,1.00565,0,0
0250401074100030c043a000a00000c7,2,1,3,164,141,793,622,1.00565,0,0
0250401074100030c043a000a00000c7,2,1,4,164,141,793,622,1.00565,0,0
0250401074100030c043a000a00000c7,2,1,5,164,141,793,622,1.00565,0,0
0250401074100030c043a000a00000c7,2,1,6,164,141,793,622,1.00565,0,0
0250401074100030c043a000a00000c7,2,1,7,164,141,793,622,1.00565,0,0
0250401074100030c043a000a00000c7,2,1,8,164,141,793,622,1.00565,0,0
0250401074100030c043a000a00000c7,2,1,9,164,141,793,622,1.00565,0,0
0250401074100030c043a000a00000c7,2,1,10,164,141,793,622,1.00565,0,0
0250401074100030c043a000a00000c7,2,1,11,164,141,793,622,1.00565,0,0
0250401074100030c043a000a00000c7,2,1,12,164,141,793,622,1.00565,0,0
0250401074100030c043a000a00000c7,2,1,13,164,141,793,622,1.00565,0,0
0250401074100030c043a000a00000c7,2,1,14,164,141,793,622,1.00565,0,0
0250401074100030c043a000a00000c7,2,1,15,164,141,793,622,1.00565,0,0
0250401074100030c043a000a00000c7,2,1,16,164,141,793,622,1.00565,0,0
0250401074100030c043a000a00000c7,2,1,17,164,141,793,622,1.00565,0,0
0250401074100030c043a000a00000c7,2,1,18,164,141,793,622,1.00565,0,0
0250401074100030c043a000a00000c7,2,1,19,164,141,793,622,1.00565,0,0
0250401074100030c043a000a00000c7,2,1,20,164,141,793,622,1.00565,0,0
0250401074100030c043a000a00000c7,2,1,21,164,141,793,622,1.00565,0,0
0250401074100030c043a000a00000c7,2,1,22,164,141,793,622,1.00565,0,0
0250401074100030c043a000a00000c7,2,1,23,164,141,793,622,1.00565,0,0
0250401074100030c043a000a00000c7,2,1,24,164,141,793,622,1.00565,0,0
0250401074100030c043a000a00000c7,2,1,25,164,141,793,622,1.00565,0,0
0250401074100030c043a000a00000c7,2,1,26,164,141,793,622,1.00565,0,0
0250401074100030c043a000a00000c7,2,1,27,164,141,793,622,1.00565,0,0
0250401074100030c043a000a00000c7,2,1,28,164,141,793,622,1.00565,0,0
0250401074100030c043a000a00000c7,2,1,29,164,141,793,622,1.00565,0,0
0250401074100030c043a000a00000c7,2,1,30,164,141,793,622,1.00565,0,0
0250401074100030c043a000a00000c7,2,1,31,164,141,793,622,1.00565,0,0
0250401074100030c043a000a00000c7,2,1,32,164,141,793,622,1.00565,0,0
0250401074100030c043a000a00000c7,2,1,33,164,141,793,622,1.00565,0,0
0250401074100030c043a000a00000c7,2,1,34,164,141,793,622,1.00565,0,0
0250401074100030c043a000a00000c7,2,1,35,164,141,793,622,1.00565,0,0
0250401074100030c043a000a00000c7,2,1,36,164,141,793,622,1.00565,0,0
0250401074100030c043a000a00000c7,2,1,37,164,141,793,622,1.00565,0,0
0250401074100030c043a000a00000c7,2,1,38,164,141,793,622,1.00565,0,0
0250401074100030c043a000a00000c7,2,1,39,164,141,793,622,1.00565,0,0
0250401074100030c043a000a00000c7,2,1,40,164,141,793,622,1.00565,0,0
0250401074100030c043a000a00000c7,2,1,41,164,141,793,622,1.00565,0,0
0250401074100030c043a000a00000c7,2,1,42,164,141,793,622,1.00565,0,0
0250401074100030c043a000a00000c7,2,1,43,164,141,793,622,1.00565,0,0
0250401074100030c043a000a00000c7,2,1,44,164,141,793,622,1.00565,0,0
0250401074100030c043a000a00000c7,2,1,45,164,141,793,622,1.00565,0,0
0250401074100030c043a000a00000c7,2,1,46,164,141,793,622,1.00565,0,0
0250401074100030c043a000a00000c7,2,1,47,164,141,793,622,1.00565,0,0
0250401074100030c043a000a00000c7,2,1,48,164,141,793,622,1.00565,0,0
0250401074100030c043a000a00000c7,2,1,49,164,141,793,622,1.00565,0,0
0250401074100030c043a000a00000c7,2,1,50,164,141,793,622,1.00565,0,0
0250401074100030c043a000a00000c7,2,1,51,164,141,793,622,1.00565,0,0
0250401074100030c043a000a00000c7,2,1,52,164,141,793,622,1.00565,0,0
0250401074100030c043a000a00000c7,2,1,53,164,141,793,622,1.00565,0,0
0250401074100030c043a000a00000c7,2,1,54,164,141,793,622,1.00565,0,0
0250401074100030c043a000a00000c7,2,1,55,164,141,793,622,1.00565,0,0
0250401074100030c043a000a00000c7,2,1,56,164,141,793,622,1.00565,0,0
0250401074100030c043a000a00000c7,2,1,57,164,141,793,622,1.00565,0,0
0250401074100030c043a000a00000c7,2,1,58,164,141,793,622,1.00565,0,0
0250401074100030c043a000a00000c7,2,1,59,164,141,793,622,1.00565,0,0
0250401074100030c043a000a00000c7,2,1,60,164,141,793,622,1.00565,0,0
0250401074100030c043a000a00000c7,2,1,61,164,141,793,622,1.00565,0,0
0250401074100030c043a000a00000c7,2,1,62,164,141,793,622,1.00565,0,0
0250401074100030c043a000a00000c7,2,1,63,164,141,793,622,1.00565,0,0
0250401074100030c043a000a00000c7,2,1,0,164,141,794,623,1.49963,0,0
0250401074100030c043a000a00000c7,2,1,1,164,141,794,623,1.49963,0,0
0250401074100030c043a000a00000c7,2,1,2,164,141,794,623,1.49963,0,0
0250401074100030c043a000a00000c7,2,1,3,164,141,794,623,1.49963,0,0
0250401074100030c043a000a00000c7,2,1,4,164,141,794,623,1.49963,0,0
0250401074100030c043a000a00000c7,2,1,5,164,141,794,623,1.49963,0,0
0250401074100030c043a000a00000c7,2,1,6,164,141,794,623,1.49963,0,0
0250401074100030c043a000a00000c7,2,1,7,164,141,794,623,1.49963,0,0
0250401074100030c043a000a00000c7,2,1,8,164,141,794,623,1.49963,0,0
0250401074100030c043a000a00000c7,2,1,9,164,141,794,623,1.49963,0,0
0250401074100030c043a000a00000c7,2,1,10,164,141,794,623,1.49963,0,0
0250401074100030c043a000a00000c7,2,1,11,164,141,794,623,1.49963,0,0
0250401074100030c043a000a00000c7,2,1,12,164,141,794,623,1.49963,0,0
0250401074100030c043a000a00000c7,2,1,13,164,141,794,623,1.49963,0,0
0250401074100030c043a000a00000c7,2,1,14,164,141,794,623,1.49963,0,0
0250401074100030c043a000a00000c7,2,1,15,164,141,794,623,1.49963,0,0
0250401074100030c043a000a00000c7,2,1,16,164,141,794,623,1.49963,0,0
0250401074100030c043a000a00000c7,2,1,17,164,141,794,623,1.49963,0,0
0250401074100030c043a000a00000c7,2,1,18,164,141,794,623,1.49963,0,0
0250401074100030c043a000a00000c7,2,1,19,164,141,794,623,1.49963,0,0
0250401074100030c043a000a00000c7,2,1,20,164,141,794,623,1.49963,0,0
0250401074100030c043a000a00000c7,2,1,21,164,141,794,623,1.49963,0,0
0250401074100030c043a000a00000c7,2,1,22,164,141,794,623,1.49963,0,0
0250401074100030c043a000a00000c7,2,1,23,164,141,794,623,1.49963,0,0
0250401074100030c043a000a00000c7,2,1,24,164,141,794,623,1.49963,0,0
0250401074100030c043a000a00000c7,2,1,25,164,141,794,623,1.49963,0,0
0250401074100030c043a000a00000c7,2,1,26,164,141,794,623,1.49963,0,0
0250401074100030c043a000a00000c7,2,1,27,164,141,794,623,1.49963,0,0
0250401074100030c043a000a00000c7,2,1,28,164,141,794,623,1.49963,0,0
0250401074100030c043a000a00000c7,2,1,29,164,141,794,623,1.49963,0,0
0250401074100030c043a000a00000c7,2,1,30,164,141,794,623,1.49963,0,0
0250401074100030c043a000a00000c7,2,1,31,164,141,794,623,1.49963,0,0
0250401074100030c043a000a00000c7,2,1,32,164,141,794,623,1.49963,0,0
0250401074100030c043a000a00000c7,2,1,33,164,141,794,623,1.49963,0,0
0250401074100030c043a000a00000c7,2,1,34,164,141,794,623,1.49963,0,0
0250401074100030c043a000a00000c7,2,1,35,164,141,794,623,1.49963,0,0
0250401074100030c043a000a00000c7,2,1,36,164,141,794,623,1.49963,0,0
0250401074100030c043a000a00000c7,2,1,37,164,141,794,623,1.49963,0,0
0250401074100030c043a000a00000c7,2,1,38,164,141,794,623,1.49963,0,0
0250401074100030c043a000a00000c7,2,1,39,164,141,794,623,1.49963,0,0
0250401074100030c043a000a00000c7,2,1,40,164,141,794,623,1.49963,0,0
0250401074100030c043a000a00000c7,2,1,41,164,141,794,623,1.49963,0,0
0250401074100030c043a000a00000c7,2,1,42,164,141,794,623,1.49963,0,0
0250401074100030c043a000a00000c7,2,1,43,164,141,794,623,1.49963,0,0
0250401074100030c043a000a00000c7,2,1,44,164,141,794,623,1.49963,0,0
0250401074100030c043a000a00000c7,2,1,45,164,141,794,623,1.49963,0,0
0250401074100030c043a000a00000c7,2,1,46,164,141,794,623,1.49963,0,0
0250401074100030c043a000a00000c7,2,1,47,164,141,794,623,1.49963,0,0
0250401074100030c043a000a00000c7,2,1,48,164,141,794,623,1.49963,0,0
0250401074100030c043a000a00000c7,2,1,49,164,141,794,623,1.49963,0,0
0250401074100030c043a000a00000c7,2,1,50,164,141,794,623,1.49963,0,0
0250401074100030c043a000a00000c7,2,1,51,164,141,794,623,1.49963,0,0
0250401074100030c043a000a00000c7,2,1,52,164,141,794,623,1.49963,0,0
0250401074100030c043a000a00000c7,2,1,53,164,141,794,623,1.49963,0,0
0250401074100030c043a000a00000c7,2,1,54,164,141,794,623,1.49963,0,0
0250401074100030c043a000a00000c7,2,1,55,164,141,794,623,1.49963,0,0
0250401074100030c043a000a00000c7,2,1,56,164,141,794,623,1.49963,0,0
0250401074100030c043a000a00000c7,2,1,57,164,141,794,623,1.49963,0,0
0250401074100030c043a000a00000c7,2,1,58,164,141,794,623,1.49963,0,0
0250401074100030c043a000a00000c7,2,1,59,164,141,794,623,1.49963,0,0
0250401074100030c043a000a00000c7,2,1,60,164,141,794,623,1.49963,0,0
0250401074100030c043a000a00000c7,2,1,61,164,141,794,623,1.49963,0,0
0250401074100030c043a000a00000c7,2,1,62,164,141,794,623,1.49963,0,0
0250401074100030c043a000a00000c7,2,1,63,164,141,794,623,1.49963,0,0
0250401074100030c043a000a00000c7,2,1,0,164,141,795,623,1.46571,0,0
0250401074100030c043a000a00000c7,2,1,1,164,141,795,623,1.46571,0,0
0250401074100030c043a000a00000c7,2,1,2,164,141,795,623,1.46571,0,0
0250401074100030c043a000a00000c7,2,1,3,164,141,795,623,1.46571,0,0
0250401074100030c043a000a00000c7,2,1,4,164,141,795,623,1.46571,0,0
0250401074100030c043a000a00000c7,2,1,5,164,141,795,623,1.46571,0,0
0250401074100030c043a000a00000c7,2,1,6,164,141,795,623,1.46571,0,0
0250401074100030c043a000a00000c7,2,1,7,164,141,795,623,1.46571,0,0
0250401074100030c043a000a00000c7,2,1,8,164,141,795,623,1.46571,0,0
0250401074100030c043a000a00000c7,2,1,9,164,141,795,623,1.46571,0,0
0250401074100030c043a000a00000c7,2,1,10,164,141,795,623,1.46571,0,0
0250401074100030c043a000a00000c7,2,1,11,164,141,795,623,1.46571,0,0
0250401074100030c043a000a00000c7,2,1,12,164,141,795,623,1.46571,0,0
0250401074100030c043a000a00000c7,2,1,13,164,141,795,623,1.46571,0,0
0250401074100030c043a000a00000c7,2,1,14,164,141,795,623,1.46571,0,0
0250401074100030c043a000a00000c7,2,1,15,164,141,795,623,1.46571,0,0
0250401074100030c043a000a00000c7,2,1,16,164,141,795,623,1.46571,0,0
0250401074100030c043a000a00000c7,2,1,17,164,141,795,623,1.46571,0,0
0250401074100030c043a000a00000c7,2,1,18,164,141,795,623,1.46571,0,0
0250401074100030c043a000a00000c7,2,1,19,164,141,795,623,1.46571,0,0
0250401074100030c043a000a00000c7,2,1,20,164,141,795,623,1.46571,0,0
0250401074100030c043a000a00000c7,2,1,21,164,141,795,623,1.46571,0,0
0250401074100030c043a000a00000c7,2,1,22,164,141,795,623,1.46571,0,0
0250401074100030c043a000a00000c7,2,1,23,164,141,795,623,1.46571,0,0
0250401074100030c043a000a00000c7,2,1,24,164,141,795,623,1.46571,0,0
0250401074100030c043a000a00000c7,2,1,25,164,141,795,623,1.46571,0,0
0250401074100030c043a000a00000c7,2,1,26,164,141,795,623,1.46571,0,0
0250401074100030c043a000a00000c7,2,1,27,164,141,795,623,1.46571,0,0
0250401074100030c043a000a00000c7,2,1,28,164,141,795,623,1.46571,0,0
0250401074100030c043a000a00000c7,2,1,29,164,141,795,623,1.46571,0,0
0250401074100030c043a000a00000c7,2,1,30,164,141,795,623,1.46571,0,0
0250401074100030c043a000a00000c7,2,1,31,164,141,795,623,1.46571,0,0
0250401074100030c043a000a00000c7,2,1,32,164,141,795,623,1.46571,0,0
0250401074100030c043a000a00000c7,2,1,33,164,141,795,623,1.46571,0,0
0250401074100030c043a000a00000c7,2,1,34,164,141,795,623,1.46571,0,0
0250401074100030c043a000a00000c7,2,1,35,164,141,795,623,1.46571,0,0
0250401074100030c043a000a00000c7,2,1,36,164,141,795,623,1.46571,0,0
0250401074100030c043a000a00000c7,2,1,37,164,141,795,623,1.46571,0,0
0250401074100030c043a000a00000c7,2,1,38,164,141,795,623,1.46571,0,0
0250401074100030c043a000a00000c7,2,1,39,164,141,795,623,1.46571,0,0
0250401074100030c043a000a00000c7,2,1,40,164,141,795,623,1.46571,0,0
0250401074100030c043a000a00000c7,2,1,41,164,141,795,623,1.46571,0,0
0250401074100030c043a000a00000c7,2,1,42,164,141,795,623,1.46571,0,0
0250401074100030c043a000a00000c7,2,1,43,164,141,795,623,1.46571,0,0
0250401074100030c043a000a00000c7,2,1,44,164,141,795,623,1.46571,0,0
0250401074100030c043a000a00000c7,2,1,45,164,141,795,623,1.46571,0,0
0250401074100030c043a000a00000c7,2,1,46,164,141,795,623,1.46571,0,0
0250401074100030c043a000a00000c7,2,1,47,164,141,795,623,1.46571,0,0
0250401074100030c043a000a00000c7,2,1,48,164,141,795,623,1.46571,0,0
0250401074100030c043a000a00000c7,2,1,49,164,141,795,623,1.46571,0,0
0250401074100030c043a000a00000c7,2,1,50,164,141,795,623,1.46571,0,0
0250401074100030c043a000a00000c7,2,1,51,164,141,795,623,1.46571,0,0
0250401074100030c043a000a00000c7,2,1,52,164,141,795,623,1.46571,0,0
0250401074100030c043a000a00000c7,2,1,53,164,141,795,623,1.46571,0,0
0250401074100030c043a000a00000c7,2,1,54,164,141,795,623,1.46571,0,0
0250401074100030c043a000a00000c7,2,1,55,164,141,795,623,1.46571,0,0
0250401074100030c043a000a00000c7,2,1,56,164,141,795,623,1.46571,0,0
0250401074100030c043a000a00000c7,2,1,57,164,141,795,623,1.46571,0,0
0250401074100030c043a000a00000c7,2,1,58,164,141,795,623,1.46571,0,0
0250401074100030c043a000a00000c7,2,1,59,164,141,795,623,1.46571,0,0
0250401074100030c043a000a00000c7,2,1,60,164,141,795,623,1.46571,0,0
0250401074100030c043a000a00000c7,2,1,61,164,141,795,623,1.46571,0,0
0250401074100030c043a000a00000c7,2,1,62,164,141,795,623,1.46571,0,0
0250401074100030c043a000a00000c7,2,1,63,164,141,795,623,1.46571,0,0
0250401074100030c043a000a00000c7,2,1,0,164,141,796,624,1.00565,0,0
0250401074100030c043a000a00000c7,2,1,1,164,141,796,624,1.00565,0,0
0250401074100030c043a000a00000c7,2,1,2,164,141,796,624,1.00565,0,0
0250401074100030c043a000a00000c7,2,1,3,164,141,796,624,1.00565,0,0
0250401074100030c043a000a00000c7,2,1,4,164,141,796,624,1.00565,0,0
0250401074100030c043a000a00000c7,2,1,5,164,141,796,624,1.00565,0,0
0250401074100030c043a000a00000c7,2,1,6,164,141,796,624,1.00565,0,0
0250401074100030c043a000a00000c7,2,1,7,164,141,796,624,1.00565,0,0
0250401074100030c043a000a00000c7,2,1,8,164,141,796,624,1.00565,0,0
0250401074100030c043a000a00000c7,2,1,9,164,141,796,624,1.00565,0,0
0250401074100030c043a000a00000c7,2,1,10,164,141,796,624,1.00565,0,0
0250401074100030c043a000a00000c7,2,1,11,164,141,796,624,1.00565,0,0
0250401074100030c043a000a00000c7,2,1,12,164,141,796,624,1.00565,0,0
0250401074100030c043a000a00000c7,2,1,13,164,141,796,624,1.00565,0,0
0250401074100030c043a000a00000c7,2,1,14,164,141,796,624,1.00565,0,0
0250401074100030c043a000a00000c7,2,1,15,164,141,796,624,1.00565,0,0
0250401074100030c043a000a00000c7,2,1,16,164,141,796,624,1.00565,0,0
0250401074100030c043a000a00000c7,2,1,17,164,141,796,624,1.00565,0,0
0250401074100030c043a000a00000c7,2,1,18,164,141,796,624,1.00565,0,0
0250401074100030c043a000a00000c7,2,1,19,164,141,796,624,1.00565,0,0
0250401074100030c043a000a00000c7,2,1,20,164,141,796,624,1.00565,0,0
0250401074100030c043a000a00000c7,2,1,21,164,141,796,624,1.00565,0,0
0250401074100030c043a000a00000c7,2,1,22,164,141,796,624,1.00565,0,0
0250401074100030c043a000a00000c7,2,1,23,164,141,796,624,1.00565,0,0
0250401074100030c043a000a00000c7,2,1,24,164,141,796,624,1.00565,0,0
0250401074100030c043a000a00000c7,2,1,25,164,141,796,624,1.00565,0,0
0250401074100030c043a000a00000c7,2,1,26,164,141,796,624,1.00565,0,0
0250401074100030c043a000a00000c7,2,1,27,164,141,796,624,1.00565,0,0
0250401074100030c043a000a00000c7,2,1,28,164,141,796,624,1.00565,0,0
0250401074100030c043a000a00000c7,2,1,29,164,141,796,624,1.00565,0,0
0250401074100030c043a000a00000c7,2,1,30,164,141,796,624,1.00565,0,0
0250401074100030c043a000a00000c7,2,1,31,164,141,796,624,1.00565,0,0
0250401074100030c043a000a00000c7,2,1,32,164,141,796,624,1.00565,0,0
0250401074100030c043a000a00000c7,2,1,33,164,141,796,624,1.00565,0,0
0250401074100030c043a000a00000c7,2,1,34,164,141,796,624,1.00565,0,0
0250401074100030c043a000a00000c7,2,1,35,164,141,796,624,1.00565,0,0
0250401074100030c043a000a00000c7,2,1,36,164,141,796,624,1.00565,0,0
0250401074100030c043a000a00000c7,2,1,37,164,141,796,624,1.00565,0,0
0250401074100030c043a000a00000c7,2,1,38,164,141,796,624,1.00565,0,0
0250401074100030c043a000a00000c7,2,1,39,164,141,796,624,1.00565,0,0
0250401074100030c043a000a00000c7,2,1,40,164,141,796,624,1.00565,0,0
0250401074100030c043a000a00000c7,2,1,41,164,141,796,624,1.00565,0,0
0250401074100030c043a000a00000c7,2,1,42,164,141,796,624,1.00565,0,0
0250401074100030c043a000a00000c7,2,1,43,164,141,796,624,1.00565,0,0
0250401074100030c043a000a00000c7,2,1,44,164,141,796,624,1.00565,0,0
0250401074100030c043a000a00000c7,2,1,45,164,141,796,624,1.00565,0,0
0250401074100030c043a000a00000c7,2,1,46,164,141,796,624,1.00565,0,0
0250401074100030c043a000a00000c7,2,1,47,164,141,796,624,1.00565,0,0
0250401074100030c043a000a00000c7,2,1,48,164,141,796,624,1.00565,0,0
0250401074100030c043a000a00000c7,2,1,49,164,141,796,624,1.00565,0,0
0250401074100030c043a000a00000c7,2,1,50,164,141,796,624,1.00565,0,0
0250401074100030c043a000a00000c7,2,1,51,164,141,796,624,1.00565,0,0
0250401074100030c043a000a00000c7,2,1,52,164,141,796,624,1.00565,0,0
0250401074100030c043a000a00000c7,2,1,53,164,141,796,624,1.00565,0,0
0250401074100030c043a000a00000c7,2,1,54,164,141,796,624,1.00565,0,0
0250401074100030c043a000a00000c7,2,1,55,164,141,796,624,1.00565,0,0
0250401074100030c043a000a00000c7,2,1,56,164,141,796,624,1.00565,0,0
0250401074100030c043a000a00000c7,2,1,57,164,141,796,624,1.00565,0,0
0250401074100030c043a000a00000c7,2,1,58,164,141,796,624,1.00565,0,0
0250401074100030c043a000a00000c7,2,1,59,164,141,796,624,1.00565,0,0
0250401074100030c043a000a00000c7,2,1,60,164,141,796,624,1.00565,0,0
0250401074100030c043a000a00000c7,2,1,61,164,141,796,624,1.00565,0,0
0250401074100030c043a000a00000c7,2,1,62,164,141,796,624,1.00565,0,0
0250401074100030c043a000a00000c7,2,1,63,164,141,796,624,1.00565,0,0
0250401074100030c043a000a00000c7,2,1,0,164,141,797,625,1.00123,0,0
0250401074100030c043a000a00000c7,2,1,1,164,141,797,625,1.00123,0,0
0250401074100030c043a000a00000c7,2,1,2,164,141,797,625,1.00123,0,0
0250401074100030c043a000a00000c7,2,1,3,164,141,797,625,1.00123,0,0
0250401074100030c043a000a00000c7,2,1,4,164,141,797,625,1.00123,0,0
0250401074100030c043a000a00000c7,2,1,5,164,141,797,625,1.00123,0,0
0250401074100030c043a000a00000c7,2,1,6,164,141,797,625,1.00123,0,0
0250401074100030c043a000a00000c7,2,1,7,164,141,797,625,1.00123,0,0
0250401074100030c043a000a00000c7,2,1,8,164,141,797,625,1.00123,0,0
0250401074100030c043a000a00000c7,2,1,9,164,141,797,625,1.00123,0,0
0250401074100030c043a000a00000c7,2,1,10,164,141,797,625,1.00123,0,0
0250401074100030c043a000a00000c7,2,1,11,164,141,797,625,1.00123,0,0
0250401074100030c043a000a00000c7,2,1,12,164,141,797,625,1.00123,0,0
0250401074100030c043a000a00000c7,2,1,13,164,141,797,625,1.00123,0,0
0250401074100030c043a000a00000c7,2,1,14,164,141,797,625,1.00123,0,0
0250401074100030c043a000a00000c7,2,1,15,164,141,797,625,1.00123,0,0
0250401074100030c043a000a00000c7,2,1,16,164,141,797,625,1.00123,0,0
0250401074100030c043a000a00000c7,2,1,17,164,141,797,625,1.00123,0,0
0250401074100030c043a000a00000c7,2,1,18,164,141,797,625,1.00123,0,0
0250401074100030c043a000a00000c7,2,1,19,164,141,797,625,1.00123,0,0
0250401074100030c043a000a00000c7,2,1,20,164,141,797,625,1.00123,0,0
0250401074100030c043a000a00000c7,2,1,21,164,141,797,625,1.00123,0,0
0250401074100030c043a000a00000c7,2,1,22,164,141,797,625,1.00123,0,0
0250401074100030c043a000a00000c7,2,1,23,164,141,797,625,1.00123,0,0
0250401074100030c043a000a00000c7,2,1,24,164,141,797,625,1.00123,0,0
0250401074100030c043a000a00000c7,2,1,25,164,141,797,625,1.00123,0,0
0250401074100030c043a000a00000c7,2,1,26,164,141,797,625,1.00123,0,0
0250401074100030c043a000a00000c7,2,1,27,164,141,797,625,1.00123,0,0
0250401074100030c043a000a00000c7,2,1,28,164,141,797,625,1.00123,0,0
0250401074100030c043a000a00000c7,2,1,29,164,141,797,625,1.00123,0,0
0250401074100030c043a000a00000c7,2,1,30,164,141,797,625,1.00123,0,0
0250401074100030c043a000a00000c7,2,1,31,164,141,797,625,1.00123,0,0
0250401074100030c043a000a00000c7,2,1,32,164,141,797,625,1.00123,0,0
0250401074100030c043a000a00000c7,2,1,33,164,141,797,625,1.00123,0,0
0250401074100030c043a000a00000c7,2,1,34,164,141,797,625,1.00123,0,0
0250401074100030c043a000a00000c7,2,1,35,164,141,797,625,1.00123,0,0
0250401074100030c043a000a00000c7,2,1,36,164,141,797,625,1.00123,0,0
0250401074100030c043a000a00000c7,2,1,37,164,141,797,625,1.00123,0,0
0250401074100030c043a000a00000c7,2,1,38,164,141,797,625,1.00123,0,0
0250401074100030c043a000a00000c7,2,1,39,164,141,797,625,1.00123,0,0
0250401074100030c043a000a00000c7,2,1,40,164,141,797,625,1.00123,0,0
0250401074100030c043a000a00000c7,2,1,41,164,141,797,625,1.00123,0,0
0250401074100030c043a000a00000c7,2,1,42,164,141,797,625,1.00123,0,0
0250401074100030c043a000a00000c7,2,1,43,164,141,797,625,1.00123,0,0
0250401074100030c043a000a00000c7,2,1,44,164,141,797,625,1.00123,0,0
0250401074100030c043a000a00000c7,2,1,45,164,141,797,625,1.00123,0,0
0250401074100030c043a000a00000c7,2,1,46,164,141,797,625,1.00123,0,0
0250401074100030c043a000a00000c7,2,1,47,164,141,797,625,1.00123,0,0
0250401074100030c043a000a00000c7,2,1,48,164,141,797,625,1.00123,0,0
0250401074100030c043a000a00000c7,2,1,49,164,141,797,625,1.00123,0,0
0250401074100030c043a000a00000c7,2,1,50,164,141,797,625,1.00123,0,0
0250401074100030c043a000a00000c7,2,1,51,164,141,797,625,1.00123,0,0
0250401074100030c043a000a00000c7,2,1,52,164,141,797,625,1.00123,0,0
0250401074100030c043a000a00000c7,2,1,53,164,141,797,625,1.00123,0,0
0250401074100030c043a000a00000c7,2,1,54,164,141,797,625,1.00123,0,0
0250401074100030c043a000a00000c7,2,1,55,164,141,797,625,1.00123,0,0
0250401074100030c043a000a00000c7,2,1,56,164,141,797,625,1.00123,0,0
0250401074100030c043a000a00000c7,2,1,57,164,141,797,625,1.00123,0,0
0250401074100030c043a000a00000c7,2,1,58,164,141,797,625,1.00123,0,0
0250401074100030c043a000a00000c7,2,1,59,164,141,797,625,1.00123,0,0
0250401074100030c043a000a00000c7,2,1,60,164,141,797,625,1.00123,0,0
0250401074100030c043a000a00000c7,2,1,61,164,141,797,625,1.00123,0,0
0250401074100030c043a000a00000c7,2,1,62,164,141,797,625,1.00123,0,0
0250401074100030c043a000a00000c7,2,1,63,164,141,797,625,1.00123,0,0
0250401074100030c043a000a00000c7,2,1,0,164,141,798,626,1.48046,0,0
0250401074100030c043a000a00000c7,2,1,1,164,141,798,626,1.48046,0,0
0250401074100030c043a000a00000c7,2,1,2,164,141,798,626,1.48046,0,0
0250401074100030c043a000a00000c7,2,1,3,164,141,798,626,1.48046,0,0
0250401074100030c043a000a00000c7,2,1,4,164,141,798,626,1.48046,0,0
0250401074100030c043a000a00000c7,2,1,5,164,141,798,626,1.48046,0,0
0250401074100030c043a000a00000c7,2,1,6,164,141,798,626,1.48046,0,0
0250401074100030c043a000a00000c7,2,1,7,164,141,798,626,1.48046,0,0
0250401074100030c043a000a00000c7,2,1,8,164,141,798,626,1.48046,0,0
0250401074100030c043a000a00000c7,2,1,9,164,141,798,626,1.48046,0,0
0250401074100030c043a000a00000c7,2,1,10,164,141,798,626,1.48046,0,0
0250401074100030c043a000a00000c7,2,1,11,164,141,798,626,1.48046,0,0
0250401074100030c043a000a00000c7,2,1,12,164,141,798,626,1.48046,0,0
0250401074100030c043a000a00000c7,2,1,13,164,141,798,626,1.48046,0,0
0250401074100030c043a000a00000c7,2,1,14,164,141,798,626,1.48046,0,0
0250401074100030c043a000a00000c7,2,1,15,164,141,798,626,1.48046,0,0
0250401074100030c043a000a00000c7,2,1,16,164,141,798,626,1.48046,0,0
0250401074100030c043a000a00000c7,2,1,17,164,141,798,626,1.48046,0,0
0250401074100030c043a000a00000c7,2,1,18,164,141,798,626,1.48046,0,0
0250401074100030c043a000a00000c7,2,1,19,164,141,798,626,1.48046,0,0
0250401074100030c043a000a00000c7,2,1,20,164,141,798,626,1.48046,0,0
0250401074100030c043a000a00000c7,2,1,21,164,141,798,626,1.48046,0,0
0250401074100030c043a000a00000c7,2,1,22,164,141,798,626,1.48046,0,0
0250401074100030c043a000a00000c7,2,1,23,164,141,798,626,1.48046,0,0
0250401074100030c043a000a00000c7,2,1,24,164,141,798,626,1.48046,0,0
0250401074100030c043a000a00000c7,2,1,25,164,141,798,626,1.48046,0,0
0250401074100030c043a000a00000c7,2,1,26,164,141,798,626,1.48046,0,0
0250401074100030c043a000a00000c7,2,1,27,164,141,798,626,1.48046,0,0
0250401074100030c043a000a00000c7,2,1,28,164,141,798,626,1.48046,0,0
0250401074100030c043a000a00000c7,2,1,29,164,141,798,626,1.48046,0,0
0250401074100030c043a000a00000c7,2,1,30,164,141,798,626,1.48046,0,0
0250401074100030c043a000a00000c7,2,1,31,164,141,798,626,1.48046,0,0
0250401074100030c043a000a00000c7,2,1,32,164,141,798,626,1.48046,0,0
0250401074100030c043a000a00000c7,2,1,33,164,141,798,626,1.48046,0,0
0250401074100030c043a000a00000c7,2,1,34,164,141,798,626,1.48046,0,0
0250401074100030c043a000a00000c7,2,1,35,164,141,798,626,1.48046,0,0
0250401074100030c043a000a00000c7,2,1,36,164,141,798,626,1.48046,0,0
0250401074100030c043a000a00000c7,2,1,37,164,141,798,626,1.48046,0,0
0250401074100030c043a000a00000c7,2,1,38,164,141,798,626,1.48046,0,0
0250401074100030c043a000a00000c7,2,1,39,164,141,798,626,1.48046,0,0
0250401074100030c043a000a00000c7,2,1,40,164,141,798,626,1.48046,0,0
0250401074100030c043a000a00000c7,2,1,41,164,141,798,626,1.48046,0,0
0250401074100030c043a000a00000c7,2,1,42,164,141,798,626,1.48046,0,0
0250401074100030c043a000a00000c7,2,1,43,164,141,798,626,1.48046,0,0
0250401074100030c043a000a00000c7,2,1,44,164,141,798,626,1.48046,0,0
0250401074100030c043a000a00000c7,2,1,45,164,141,798,626,1.48046,0,0
0250401074100030c043a000a00000c7,2,1,46,164,141,798,626,1.48046,0,0
0250401074100030c043a000a00000c7,2,1,47,164,141,798,626,1.48046,0,0
0250401074100030c043a000a00000c7,2,1,48,164,141,798,626,1.48046,0,0
0250401074100030c043a000a00000c7,2,1,49,164,141,798,626,1.48046,0,0
0250401074100030c043a000a00000c7,2,1,50,164,141,798,626,1.48046,0,0
0250401074100030c043a000a00000c7,2,1,51,164,141,798,626,1.48046,0,0
0250401074100030c043a000a00000c7,2,1,52,164,141,798,626,1.48046,0,0
0250401074100030c043a000a00000c7,2,1,53,164,141,798,626,1.48046,0,0
0250401074100030c043a000a00000c7,2,1,54,164,141,798,626,1.48046,0,0
0250401074100030c043a000a00000c7,2,1,55,164,141,798,626,1.48046,0,0
0250401074100030c043a000a00000c7,2,1,56,164,141,798,626,1.48046,0,0
0250401074100030c043a000a00000c7,2,1,57,164,141,798,626,1.48046,0,0
0250401074100030c043a000a00000c7,2,1,58,164,141,798,626,1.48046,0,0
0250401074100030c043a000a00000c7,2,1,59,164,141,798,626,1.48046,0,0
0250401074100030c043a000a00000c7,2,1,60,164,141,798,626,1.48046,0,0
0250401074100030c043a000a00000c7,2,1,61,164,141,798,626,1.48046,0,0
0250401074100030c043a000a00000c7,2,1,62,164,141,798,626,1.48046,0,0
0250401074100030c043a000a00000c7,2,1,63,164,141,798,626,1.48046,0,0
0250401074100030c043a000a00000c7,2,1,0,164,141,799,626,1.03809,0,0
0250401074100030c043a000a00000c7,2,1,1,164,141,799,626,1.03809,0,0
0250401074100030c043a000a00000c7,2,1,2,164,141,799,626,1.03809,0,0
0250401074100030c043a000a00000c7,2,1,3,164,141,799,626,1.03809,0,0
0250401074100030c043a000a00000c7,2,1,4,164,141,799,626,1.03809,0,0
0250401074100030c043a000a00000c7,2,1,5,164,141,799,626,1.03809,0,0
0250401074100030c043a000a00000c7,2,1,6,164,141,799,626,1.03809,0,0
0250401074100030c043a000a00000c7,2,1,7,164,141,799,626,1.03809,0,0
0250401074100030c043a000a00000c7,2,1,8,164,141,799,626,1.03809,0,0
0250401074100030c043a000a00000c7,2,1,9,164,141,799,626,1.03809,0,0
0250401074100030c043a000a00000c7,2,1,10,164,141,799,626,1.03809,0,0
0250401074100030c043a000a00000c7,2,1,11,164,141,799,626,1.03809,0,0
0250401074100030c043a000a00000c7,2,1,12,164,141,799,626,1.03809,0,0
0250401074100030c043a000a00000c7,2,1,13,164,141,799,626,1.03809,0,0
0250401074100030c043a000a00000c7,2,1,14,164,141,799,626,1.03809,0,0
0250401074100030c043a000a00000c7,2,1,15,164,141,799,626,1.03809,0,0
0250401074100030c043a000a00000c7,2,1,16,164,141,799,626,1.03809,0,0
0250401074100030c043a000a00000c7,2,1,17,164,141,799,626,1.03809,0,0
0250401074100030c043a000a00000c7,2,1,18,164,141,799,626,1.03809,0,0
0250401074100030c043a000a00000c7,2,1,19,164,141,799,626,1.03809,0,0
0250401074100030c043a000a00000c7,2,1,20,164,141,799,626,1.03809,0,0
0250401074100030c043a000a00000c7,2,1,21,164,141,799,626,1.03809,0,0
0250401074100030c043a000a00000c7,2,1,22,164,141,799,626,1.03809,0,0
0250401074100030c043a000a00000c7,2,1,23,164,141,799,626,1.03809,0,0
0250401074100030c043a000a00000c7,2,1,24,164,141,799,626,1.03809,0,0
0250401074100030c043a000a00000c7,2,1,25,164,141,799,626,1.03809,0,0
0250401074100030c043a000a00000c7,2,1,26,164,141,799,626,1.03809,0,0
0250401074100030c043a000a00000c7,2,1,27,164,141,799,626,1.03809,0,0
0250401074100030c043a000a00000c7,2,1,28,164,141,799,626,1.03809,0,0
0250401074100030c043a000a00000c7,2,1,29,164,141,799,626,1.03809,0,0
0250401074100030c043a000a00000c7,2,1,30,164,141,799,626,1.03809,0,0
0250401074100030c043a000a00000c7,2,1,31,164,141,799,626,1.03809,0,0
0250401074100030c043a000a00000c7,2,1,32,164,141,799,626,1.03809,0,0
0250401074100030c043a000a00000c7,2,1,33,164,141,799,626,1.03809,0,0
0250401074100030c043a000a00000c7,2,1,34,164,141,799,626,1.03809,0,0
0250401074100030c043a000a00000c7,2,1,35,164,141,799,626,1.03809,0,0
0250401074100030c043a000a00000c7,2,1,36,164,141,799,626,1.03809,0,0
0250401074100030c043a000a00000c7,2,1,37,164,141,799,626,1.03809,0,0
0250401074100030c043a000a00000c7,2,1,38,164,141,799,626,1.03809,0,0
0250401074100030c043a000a00000c7,2,1,39,164,141,799,626,1.03809,0,0
0250401074100030c043a000a00000c7,2,1,40,164,141,799,626,1.03809,0,0
0250401074100030c043a000a00000c7,2,1,41,164,141,799,626,1.03809,0,0
0250401074100030c043a000a00000c7,2,1,42,164,141,799,626,1.03809,0,0
0250401074100030c043a000a00000c7,2,1,43,164,141,799,626,1.03809,0,0
0250401074100030c043a000a00000c7,2,1,44,164,141,799,626,1.03809,0,0
0250401074100030c043a000a00000c7,2,1,45,164,141,799,626,1.03809,0,0
0250401074100030c043a000a00000c7,2,1,46,164,141,799,626,1.03809,0,0
0250401074100030c043a000a00000c7,2,1,47,164,141,799,626,1.03809,0,0
0250401074100030c043a000a00000c7,2,1,48,164,141,799,626,1.03809,0,0
0250401074100030c043a000a00000c7,2,1,49,164,141,799,626,1.03809,0,0
0250401074100030c043a000a00000c7,2,1,50,164,141,799,626,1.03809,0,0
0250401074100030c043a000a00000c7,2,1,51,164,141,799,626,1.03809,0,0
0250401074100030c043a000a00000c7,2,1,52,164,141,799,626,1.03809,0,0
0250401074100030c043a000a00000c7,2,1,53,164,141,799,626,1.03809,0,0
0250401074100030c043a000a00000c7,2,1,54,164,141,799,626,1.03809,0,0
0250401074100030c043a000a00000c7,2,1,55,164,141,799,626,1.03809,0,0
0250401074100030c043a000a00000c7,2,1,56,164,141,799,626,1.03809,0,0
0250401074100030c043a000a00000c7,2,1,57,164,141,799,626,1.03809,0,0
0250401074100030c043a000a00000c7,2,1,58,164,141,799,626,1.03809,0,0
0250401074100030c043a000a00000c7,2,1,59,164,141,799,626,1.03809,0,0
0250401074100030c043a000a00000c7,2,1,60,164,141,799,626,1.03809,0,0
0250401074100030c043a000a00000c7,2,1,61,164,141,799,626,1.03809,0,0
0250401074100030c043a000a00000c7,2,1,62,164,141,799,626,1.03809,0,0
0250401074100030c043a000a00000c7,2,1,63,164,141,799,626,1.03809,0,0
0250401074100030c043a000a00000c7,2,1,0,164,141,800,627,1.04546,0,0
0250401074100030c043a000a00000c7,2,1,1,164,141,800,627,1.04546,0,0
0250401074100030c043a000a00000c7,2,1,2,164,141,800,627,1.04546,0,0
0250401074100030c043a000a00000c7,2,1,3,164,141,800,627,1.04546,0,0
0250401074100030c043a000a00000c7,2,1,4,164,141,800,627,1.04546,0,0
0250401074100030c043a000a00000c7,2,1,5,164,141,800,627,1.04546,0,0
0250401074100030c043a000a00000c7,2,1,6,164,141,800,627,1.04546,0,0
0250401074100030c043a000a00000c7,2,1,7,164,141,800,627,1.04546,0,0
0250401074100030c043a000a00000c7,2,1,8,164,141,800,627,1.04546,0,0
0250401074100030c043a000a00000c7,2,1,9,164,141,800,627,1.04546,0,0
0250401074100030c043a000a00000c7,2,1,10,164,141,800,627,1.04546,0,0
0250401074100030c043a000a00000c7,2,1,11,164,141,800,627,1.04546,0,0
0250401074100030c043a000a00000c7,2,1,12,164,141,800,627,1.04546,0,0
0250401074100030c043a000a00000c7,2,1,13,164,141,800,627,1.04546,0,0
0250401074100030c043a000a00000c7,2,1,14,164,141,800,627,1.04546,0,0
0250401074100030c043a000a00000c7,2,1,15,164,141,800,627,1.04546,0,0
0250401074100030c043a000a00000c7,2,1,16,164,141,800,627,1.04546,0,0
0250401074100030c043a000a00000c7,2,1,17,164,141,800,627,1.04546,0,0
0250401074100030c043a000a00000c7,2,1,18,164,141,800,627,1.04546,0,0
0250401074100030c043a000a00000c7,2,1,19,164,141,800,627,1.04546,0,0
0250401074100030c043a000a00000c7,2,1,20,164,141,800,627,1.04546,0,0
0250401074100030c043a000a00000c7,2,1,21,164,141,800,627,1.04546,0,0
0250401074100030c043a000a00000c7,2,1,22,164,141,800,627,1.04546,0,0
0250401074100030c043a000a00000c7,2,1,23,164,141,800,627,1.04546,0,0
0250401074100030c043a000a00000c7,2,1,24,164,141,800,627,1.04546,0,0
0250401074100030c043a000a00000c7,2,1,25,164,141,800,627,1.04546,0,0
0250401074100030c043a000a00000c7,2,1,26,164,141,800,627,1.04546,0,0
0250401074100030c043a000a00000c7,2,1,27,164,141,800,627,1.04546,0,0
0250401074100030c043a000a00000c7,2,1,28,164,141,800,627,1.04546,0,0
0250401074100030c043a000a00000c7,2,1,29,164,141,800,627,1.04546,0,0
0250401074100030c043a000a00000c7,2,1,30,164,141,800,627,1.04546,0,0
0250401074100030c043a000a00000c7,2,1,31,164,141,800,627,1.04546,0,0
0250401074100030c043a000a00000c7,2,1,32,164,141,800,627,1.04546,0,0
0250401074100030c043a000a00000c7,2,1,33,164,141,800,627,1.04546,0,0
0250401074100030c043a000a00000c7,2,1,34,164,141,800,627,1.04546,0,0
0250401074100030c043a000a00000c7,2,1,35,164,141,800,627,1.04546,0,0
0250401074100030c043a000a00000c7,2,1,36,164,141,800,627,1.04546,0,0
0250401074100030c043a000a00000c7,2,1,37,164,141,800,627,1.04546,0,0
0250401074100030c043a000a00000c7,2,1,38,164,141,800,627,1.04546,0,0
0250401074100030c043a000a00000c7,2,1,39,164,141,800,627,1.04546,0,0
0250401074100030c043a000a00000c7,2,1,40,164,141,800,627,1.04546,0,0
0250401074100030c043a000a00000c7,2,1,41,164,141,800,627,1.04546,0,0
0250401074100030c043a000a00000c7,2,1,42,164,141,800,627,1.04546,0,0
0250401074100030c043a000a00000c7,2,1,43,164,141,800,627,1.04546,0,0
0250401074100030c043a000a00000c7,2,1,44,164,141,800,627,1.04546,0,0
0250401074100030c043a000a00000c7,2,1,45,164,141,800,627,1.04546,0,0
0250401074100030c043a000a00000c7,2,1,46,164,141,800,627,1.04546,0,0
0250401074100030c043a000a00000c7,2,1,47,164,141,800,627,1.04546,0,0
0250401074100030c043a000a00000c7,2,1,48,164,141,800,627,1.04546,0,0
0250401074100030c043a000a00000c7,2,1,49,164,141,800,627,1.04546,0,0
0250401074100030c043a000a00000c7,2,1,50,164,141,800,627,1.04546,0,0
0250401074100030c043a000a00000c7,2,1,51,164,141,800,627,1.04546,0,0
0250401074100030c043a000a00000c7,2,1,52,164,141,800,627,1.04546,0,0
0250401074100030c043a000a00000c7,2,1,53,164,141,800,627,1.04546,0,0
0250401074100030c043a000a00000c7,2,1,54,164,141,800,627,1.04546,0,0
0250401074100030c043a000a00000c7,2,1,55,164,141,800,627,1.04546,0,0
0250401074100030c043a000a00000c7,2,1,56,164,141,800,627,1.04546,0,0
0250401074100030c043a000a00000c7,2,1,57,164,141,800,627,1.04546,0,0
0250401074100030c043a000a00000c7,2,1,58,164,141,800,627,1.04546,0,0
0250401074100030c043a000a00000c7,2,1,59,164,141,800,627,1.04546,0,0
0250401074100030c043a000a00000c7,2,1,60,164,141,800,627,1.04546,0,0
0250401074100030c043a000a00000c7,2,1,61,164,141,800,627,1.04546,0,0
0250401074100030c043a000a00000c7,2,1,62,164,141,800,627,1.04546,0,0
0250401074100030c043a000a00000c7,2,1,63,164,141,800,627,1.04546,0,0
